full_name,age,birthday,birthday_GMT,league,season,position,Current Club,minutes_played_overall,minutes_played_home,minutes_played_away,nationality,appearances_overall,appearances_home,appearances_away,goals_overall,goals_home,goals_away,assists_overall,assists_home,assists_away,penalty_goals,penalty_misses,clean_sheets_overall,clean_sheets_home,clean_sheets_away,conceded_overall,conceded_home,conceded_away,yellow_cards_overall,red_cards_overall,goals_involved_per_90_overall,assists_per_90_overall,goals_per_90_overall,goals_per_90_home,goals_per_90_away,min_per_goal_overall,conceded_per_90_overall,min_per_conceded_overall,min_per_match,min_per_card_overall,min_per_assist_overall,cards_per_90_overall,rank_in_league_top_attackers,rank_in_league_top_midfielders,rank_in_league_top_defenders,rank_in_club_top_scorer,annual_salary_eur,average_rating_overall,assists_per_game_overall,assists_per90_percentile_overall,passes_per_90_overall,passes_per_game_overall,passes_per90_percentile_overall,passes_total_overall,passes_completed_per_game_overall,passes_completed_total_overall,pass_completion_rate_percentile_overall,passes_completed_per_90_overall,passes_completed_per90_percentile_overall,short_passes_per_game_overall,long_passes_per_game_overall,key_passes_per_game_overall,key_passes_total_overall,through_passes_per_game_overall,crosses_per_game_overall,tackles_per_90_overall,tackles_per_game_overall,tackles_total_overall,tackles_successful_per_game_overall,dispossesed_per_game_overall,possession_regained_per_game_overall,pressures_per_game_overall,saves_per_game_overall,interceptions_per_game_overall,dribbles_successful_per_game_overall,shots_faced_per_game_overall,shots_per_goal_scored_overall,shots_per_90_overall,shots_off_target_per_game_overall,dribbles_per_game_overall,distance_travelled_per_game_overall,shots_on_target_per_game_overall,xg_per_game_overall,chances_created_per_game_overall,aerial_duels_won_per_game_overall,aerial_duels_per_game_overall,possession_regained_per_90_overall,possession_regained_total_overall,possession_regained_per90_percentile_overall,additional_info,shots_total_overall,shots_per_game_overall,shots_per90_percentile_overall,shots_on_target_total_overall,shots_on_target_per_90_overall,shots_on_target_per90_percentile_overall,shots_off_target_total_overall,shots_off_target_per_90_overall,shots_off_target_per90_percentile_overall,games_subbed_out,games_subbed_in,games_started,tackles_per90_percentile_overall,tackles_successful_per_90_overall,tackles_successful_per90_percentile_overall,tackles_successful_total_overall,interceptions_total_overall,interceptions_per_90_overall,interceptions_per90_percentile_overall,crosses_total_overall,cross_completion_rate_percentile_overall,crosses_per_90_overall,crosses_per90_percentile_overall,through_passes_total_overall,through_passes_per_90_overall,through_passes_per90_percentile_overall,long_passes_total_overall,long_passes_per_90_overall,long_passes_per90_percentile_overall,short_passes_total_overall,short_passes_per_90_overall,short_passes_per90_percentile_overall,key_passes_per_90_overall,key_passes_per90_percentile_overall,dribbles_total_overall,dribbles_per_90_overall,dribbles_per90_percentile_overall,dribbles_successful_total_overall,dribbles_successful_per_90_overall,dribbles_successful_percentage_overall,chances_created_total_overall,chances_created_per_90_overall,chances_created_per90_percentile_overall,saves_total_overall,save_percentage_percentile_overall,saves_per_90_overall,saves_per90_percentile_overall,shots_faced_total_overall,shots_per_goal_conceded_overall,conceded_per90_percentile_overall,shots_faced_per_90_overall,shots_faced_per90_percentile_overall,xg_faced_per_90_overall,xg_faced_per90_percentile_overall,xg_faced_per_game_overall,xg_faced_total_overall,save_percentage_overall,pressures_total_overall,pressures_per_90_overall,pressures_per90_percentile_overall,xg_total_overall,market_value,market_value_percentile,pass_completion_rate_overall,shot_accuraccy_percentage_overall,shot_accuraccy_percentage_percentile_overall,dribbled_past_per90_percentile_overall,dribbled_past_per_game_overall,dribbled_past_per_90_overall,dribbled_past_total_overall,dribbles_successful_per90_percentile_overall,dribbles_successful_percentage_percentile_overall,pen_scored_total_overall,pen_missed_total_overall,inside_box_saves_total_overall,blocks_per_game_overall,blocks_per_90_overall,blocks_total_overall,blocks_per90_percentile_overall,ratings_total_overall,clearances_per_game_overall,clearances_per_90_overall,clearances_total_overall,pen_committed_total_overall,pen_save_percentage_overall,pen_committed_per_90_overall,pen_committed_per90_percentile_overall,pen_committed_per_game_overall,pens_saved_total_overall,pens_taken_total_overall,hit_woodwork_total_overall,hit_woodwork_per_game_overall,hit_woodwork_per_90_overall,punches_total_overall,punches_per_game_overall,punches_per_90_overall,offsides_per_90_overall,offsides_per_game_overall,offsides_total_overall,penalties_won_total_overall,shot_conversion_rate_overall,shot_conversion_rate_percentile_overall,minutes_played_percentile_overall,matches_played_percentile_overall,min_per_goal_percentile_overall,min_per_conceded_percentile_overall,xa_total_overall,xa_per90_percentile_overall,xa_per_game_overall,xa_per_90_overall,npxg_total_overall,npxg_per90_percentile_overall,npxg_per_game_overall,npxg_per_90_overall,fouls_drawn_per90_percentile_overall,fouls_drawn_total_overall,fouls_drawn_per_game_overall,fouls_drawn_per_90_overall,fouls_committed_per_90_overall,fouls_committed_per_game_overall,fouls_committed_per90_percentile_overall,fouls_committed_total_overall,xg_per_90_overall,xg_per90_percentile_overall,average_rating_percentile_overall,clearances_per90_percentile_overall,hit_woodwork_per90_percentile_overall,punches_per90_percentile_overall,offsides_per90_percentile_overall,aerial_duels_won_per90_percentile_overall,aerial_duels_total_overall,aerial_duels_per_90_overall,aerial_duels_per90_percentile_overall,aerial_duels_won_total_overall,aerial_duels_won_percentage_overall,aerial_duels_won_per_90_overall,duels_per_90_overall,duels_per_game_overall,duels_total_overall,duels_won_total_overall,duels_won_per90_percentile_overall,duels_per90_percentile_overall,duels_won_per_90_overall,duels_won_per_game_overall,duels_won_percentage_overall,dispossesed_total_overall,dispossesed_per_90_overall,dispossesed_per90_percentile_overall,progressive_passes_total_overall,cross_completion_rate_overall,distance_travelled_total_overall,distance_travelled_per_90_overall,distance_travelled_per90_percentile_overall,accurate_crosses_total_overall,accurate_crosses_per_game_overall,accurate_crosses_per_90_overall,accurate_crosses_per90_percentile_overall,games_started_percentile_overall,games_subbed_in_percentile_overall,games_subbed_out_percentile_overall,hattricks_total_overall,two_goals_in_a_game_total_overall,three_goals_in_a_game_total_overall,two_goals_in_a_game_percentage_overall,three_goals_in_a_game_percentage_overall,goals_involved_per90_percentile_overall,goals_per90_percentile_overall,goals_per90_percentile_away,goals_per90_percentile_home,man_of_the_match_total_overall,annual_salary_eur_percentile,clean_sheets_percentage_percentile_overall,min_per_card_percentile_overall,cards_per90_percentile_overall,booked_over05_overall,booked_over05_percentage_overall,booked_over05_percentage_percentile_overall,shirt_number,annual_salary_gbp,annual_salary_usd
,37,615884400,1989/07/08,Bundesliga,2026/2027,Midfielder,Austria Lustenau,0,0,0,China,0,0,0,0,0,0,0,0,0,0,0,0,0,0,0,0,0,0,0,0,0,0,0,0,0,0,0,0,0,0,0,-1,-1,-1,7,N/A,N/A,N/A,N/A,N/A,N/A,N/A,N/A,N/A,N/A,N/A,N/A,N/A,N/A,N/A,N/A,N/A,N/A,N/A,N/A,N/A,N/A,N/A,N/A,N/A,N/A,N/A,N/A,N/A,N/A,N/A,N/A,N/A,N/A,N/A,N/A,N/A,N/A,N/A,N/A,N/A,N/A,N/A,N/A,N/A,N/A,N/A,N/A,N/A,N/A,N/A,N/A,N/A,N/A,N/A,N/A,N/A,N/A,N/A,N/A,N/A,N/A,N/A,N/A,N/A,N/A,N/A,N/A,N/A,N/A,N/A,N/A,N/A,N/A,N/A,N/A,N/A,N/A,N/A,N/A,N/A,N/A,N/A,N/A,N/A,N/A,N/A,N/A,N/A,N/A,N/A,N/A,N/A,N/A,N/A,N/A,N/A,N/A,N/A,N/A,N/A,N/A,N/A,N/A,N/A,N/A,N/A,N/A,N/A,N/A,N/A,N/A,N/A,N/A,N/A,N/A,N/A,N/A,N/A,N/A,N/A,N/A,N/A,N/A,N/A,N/A,N/A,N/A,N/A,N/A,N/A,N/A,N/A,N/A,N/A,N/A,N/A,N/A,N/A,N/A,N/A,N/A,N/A,N/A,N/A,N/A,N/A,N/A,N/A,N/A,N/A,N/A,N/A,N/A,N/A,N/A,N/A,N/A,N/A,N/A,N/A,N/A,N/A,N/A,N/A,N/A,N/A,N/A,N/A,N/A,N/A,N/A,N/A,N/A,N/A,N/A,N/A,N/A,N/A,N/A,N/A,N/A,N/A,N/A,N/A,N/A,N/A,N/A,N/A,N/A,N/A,N/A,N/A,N/A,N/A,N/A,N/A,N/A,N/A,N/A,N/A,N/A,N/A,N/A,N/A,N/A,N/A,N/A,N/A,N/A,N/A,N/A,N/A,N/A,N/A,N/A,N/A,N/A,N/A,N/A,N/A,N/A,N/A,N/A
Aaron Sky Schwarz,22,1079769600,2004/03/20,Bundesliga,2026/2027,Forward,Wolfsberger AC,273,155,118,Austria,5,3,2,1,1,0,0,0,0,0,0,2,1,1,3,1,2,0,0,0.33,0,0.33,0.58,0,273,0.99,91,55,0,0,0,17,101,-1,3,0,6.85,0,74,28.35,17.20,30,86,12.20,61,21,20.11,28,0.00,0.00,0.60,3,0.00,0.80,1.65,1.00,5,0.00,0.00,0.00,0.00,0.00,0.40,0.20,0.60,3.00,0.99,0.40,0.60,0.00,0.20,0.16,0.00,0.40,0.00,0.00,0,0,,3,0.60,48,1,0.33,55,2,0.66,47,1,1,4,62,0.00,99,0,2,0.66,49,4,76,1.32,60,0,0.00,99,0,0.00,0,0,0.00,0,0.99,58,3,0.99,48,1,0.33,33.33,0,0.00,0,0,0,0.00,0,3,0.00,71,0.99,22,N/A,N/A,N/A,N/A,0.00,0,0.00,0,0.80,0.00,0,70.93,33.33,71,63,0.20,0.33,1,42,46,0,0,0,0.20,0.33,1,67,34.26,2.20,3.63,11,0,0.00,0.00,99,0.00,0,0,0,0.00,0.00,0,0.00,0.00,0.00,0.00,0,1,33.33,96,46,93,89,78,0.26,43,0.05,0.09,0.80,74,0.16,0.26,25,1,0.20,0.33,0.33,0.20,23,1,0.26,74,58,76,86,0,75,39,0,0.00,99,2,0.00,0.66,5.27,3.20,16,9,26,16,2.97,1.80,56.25,0,0.00,99,0,25.00,0,0.00,99,1,0.20,0.33,66,65,74,77,0,0,0,0,0,74,84,84,91,0,99,81,58,58,0,0,59,11,0,0
Abdoulaye Kanté,21,1116140400,2005/05/15,Bundesliga,2026/2027,Forward,Austria Wien,0,0,0,Ivory Coast,0,0,0,0,0,0,0,0,0,0,0,0,0,0,0,0,0,0,0,0,0,0,0,0,0,0,0,0,0,0,0,-1,-1,-1,-1,N/A,N/A,N/A,N/A,N/A,N/A,N/A,N/A,N/A,N/A,N/A,N/A,N/A,N/A,N/A,N/A,N/A,N/A,N/A,N/A,N/A,N/A,N/A,N/A,N/A,N/A,N/A,N/A,N/A,N/A,N/A,N/A,N/A,N/A,N/A,N/A,N/A,N/A,N/A,N/A,N/A,N/A,N/A,N/A,N/A,N/A,N/A,N/A,N/A,N/A,N/A,N/A,N/A,N/A,N/A,N/A,N/A,N/A,N/A,N/A,N/A,N/A,N/A,N/A,N/A,N/A,N/A,N/A,N/A,N/A,N/A,N/A,N/A,N/A,N/A,N/A,N/A,N/A,N/A,N/A,N/A,N/A,N/A,N/A,N/A,N/A,N/A,N/A,N/A,N/A,N/A,N/A,N/A,N/A,N/A,N/A,N/A,N/A,N/A,N/A,N/A,N/A,N/A,N/A,N/A,N/A,N/A,N/A,N/A,N/A,N/A,N/A,N/A,N/A,N/A,N/A,N/A,N/A,N/A,N/A,N/A,N/A,N/A,N/A,N/A,N/A,N/A,N/A,N/A,N/A,N/A,N/A,N/A,N/A,N/A,N/A,N/A,N/A,N/A,N/A,N/A,N/A,N/A,N/A,N/A,N/A,N/A,N/A,N/A,N/A,N/A,N/A,N/A,N/A,N/A,N/A,N/A,N/A,N/A,N/A,N/A,N/A,N/A,N/A,N/A,N/A,N/A,N/A,N/A,N/A,N/A,N/A,N/A,N/A,N/A,N/A,N/A,N/A,N/A,N/A,N/A,N/A,N/A,N/A,N/A,N/A,N/A,N/A,N/A,N/A,N/A,N/A,N/A,N/A,N/A,N/A,N/A,N/A,N/A,N/A,N/A,N/A,N/A,N/A,N/A,N/A,N/A,N/A,N/A,N/A,N/A,N/A,N/A,N/A,N/A,N/A,N/A,N/A,N/A,N/A,N/A,N/A,N/A,N/A
Abobkar Bari,26,962521200,2000/07/02,Bundesliga,2026/2027,Midfielder,Salzburg,473,249,224,Gambia,6,3,3,0,0,0,2,1,1,0,0,2,1,1,4,2,2,1,0,0.38,0.38,0,0,0,0,0.76,118,79,473,237,0.19,78,8,-1,20,0,7.11,0.33,93,92.47,81.00,99,486,74.83,449,92,85.43,99,0.00,0.00,0.83,5,0.00,0.67,2.09,1.83,11,0.00,0.33,0.00,0.00,0.00,0.33,1.00,0.67,0.00,0.95,0.83,1.83,0.00,0.00,0.03,0.00,0.33,0.00,0.00,0,0,,5,0.83,46,0,0.00,41,5,0.95,60,2,1,5,75,0.00,99,0,2,0.38,35,4,54,0.76,48,0,0.00,99,0,0.00,0,0,0.00,0,0.95,56,11,2.09,74,6,1.14,54.55,0,0.00,0,0,0,0.00,0,4,0.00,77,0.76,16,N/A,N/A,N/A,N/A,0.00,0,0.00,0,0.21,0.00,0,92.39,0.00,41,18,1.00,1.14,6,78,65,0,0,0,0.67,0.76,4,88,42.64,0.83,0.95,5,0,0.00,0.00,99,0.00,0,0,0,0.00,0.00,0,0.00,0.00,0.00,0.00,0,0,0.00,71,96,99,72,84,2.32,95,0.39,0.44,0.21,35,0.03,0.04,39,3,0.50,0.57,1.33,1.17,76,7,0.04,35,84,34,86,0,75,23,0,0.00,99,2,0.00,0.38,9.13,8.00,48,22,54,56,4.19,3.67,45.83,2,0.38,64,0,0.00,0,0.00,99,0,0.00,0.00,54,97,74,95,0,0,0,0,0,77,72,84,84,0,99,59,99,60,1,17,61,32,0,0
Aboubacar Sidiki Camara,19,1159599600,2006/09/30,Bundesliga,2026/2027,Forward,Salzburg,161,75,86,Burkina Faso,4,2,2,0,0,0,1,1,0,0,0,1,0,1,1,1,0,1,0,0.56,0.56,0,0,0,0,0.56,161,40,161,161,0.56,-1,-1,-1,12,0,6.69,0.25,97,31.86,14.25,44,57,11.25,45,43,25.16,44,0.00,0.00,0.50,2,0.00,1.25,2.24,1.00,4,0.00,0.75,0.00,0.00,0.00,0.25,1.25,0.25,0.00,5.59,1.50,3.00,0.00,1.00,0.23,0.00,0.25,0.00,0.00,0,0,,10,2.50,99,4,2.24,98,6,3.35,98,1,3,1,80,0.00,99,0,1,0.56,44,5,65,2.80,76,0,0.00,99,0,0.00,0,0,0.00,0,1.12,64,12,6.71,98,5,2.80,41.67,0,0.00,0,0,0,0.00,0,1,0.00,84,0.56,10,N/A,N/A,N/A,N/A,0.00,0,0.00,0,0.90,0.00,0,78.95,40.00,77,20,0.50,1.12,2,98,52,0,0,0,0.25,0.56,1,79,26.74,0.00,0.00,0,0,0.00,0.00,99,0.00,0,0,0,0.00,0.00,0,0.00,0.00,0.00,0.00,0,0,0.00,71,20,38,72,91,0.78,95,0.20,0.44,0.90,92,0.23,0.50,38,1,0.25,0.56,0.56,0.25,37,1,0.50,90,39,7,86,0,75,34,0,0.00,99,1,0.00,0.56,12.86,5.75,23,11,81,87,6.15,2.75,47.83,3,1.68,13,0,20.00,0,0.00,99,1,0.25,0.56,75,18,95,77,0,0,0,0,0,85,72,84,84,0,99,51,71,89,1,25,85,33,0,0
Ademola Ola-Adebomi,23,1062572400,2003/09/03,Bundesliga,2026/2027,Forward,Wattens,26,15,11,England,2,1,1,0,0,0,0,0,0,0,0,0,0,0,1,0,1,0,0,0,0,0,0,0,0,3.46,26,13,0,0,0,-1,-1,-1,15,0,6.51,0,74,24.23,3.50,22,7,1.50,3,0,10.38,8,0.00,0.00,0.00,0,0.00,0.00,0.00,0.00,0,0.00,0.00,0.00,0.00,0.00,0.00,0.00,0.50,0.00,0.00,0.00,0.00,0.00,0.00,0.00,0.00,1.00,0.00,0.00,0,0,,0,0.00,18,0,0.00,41,0,0.00,23,0,2,0,16,0.00,99,0,0,0.00,26,0,54,0.00,27,0,0.00,99,0,0.00,0,0,0.00,0,0.00,21,0,0.00,19,0,0.00,0.00,0,0.00,0,0,0,0.00,0,1,0.00,3,3.46,91,N/A,N/A,N/A,N/A,0.00,0,0.00,0,0.00,0.00,0,42.86,0.00,41,99,0.00,0.00,0,33,33,0,0,0,0.00,0.00,0,53,13.01,0.00,0.00,0,0,0.00,0.00,99,0.00,0,0,0,0.00,0.00,0,0.00,0.00,0.00,0.00,0,0,0.00,71,0,11,72,10,0.01,5,0.01,0.03,0.00,19,0.00,0.00,99,1,0.50,3.46,6.92,1.00,99,2,0.00,18,20,7,86,0,75,99,0,0.00,99,2,0.00,6.92,20.77,3.00,6,3,99,99,10.38,1.50,50.00,0,0.00,99,0,0.00,0,0.00,99,0,0.00,0.00,54,4,86,34,0,0,0,0,0,57,72,84,84,0,99,29,58,58,0,0,59,9,0,0
Adrian Magnus Vonbrül,18,1200211200,2008/01/13,Bundesliga,2026/2027,Midfielder,Rheindorf Altach,0,0,0,Austria,0,0,0,0,0,0,0,0,0,0,0,0,0,0,0,0,0,0,0,0,0,0,0,0,0,0,0,0,0,0,0,-1,-1,-1,-1,N/A,N/A,N/A,N/A,N/A,N/A,N/A,N/A,N/A,N/A,N/A,N/A,N/A,N/A,N/A,N/A,N/A,N/A,N/A,N/A,N/A,N/A,N/A,N/A,N/A,N/A,N/A,N/A,N/A,N/A,N/A,N/A,N/A,N/A,N/A,N/A,N/A,N/A,N/A,N/A,N/A,N/A,N/A,N/A,N/A,N/A,N/A,N/A,N/A,N/A,N/A,N/A,N/A,N/A,N/A,N/A,N/A,N/A,N/A,N/A,N/A,N/A,N/A,N/A,N/A,N/A,N/A,N/A,N/A,N/A,N/A,N/A,N/A,N/A,N/A,N/A,N/A,N/A,N/A,N/A,N/A,N/A,N/A,N/A,N/A,N/A,N/A,N/A,N/A,N/A,N/A,N/A,N/A,N/A,N/A,N/A,N/A,N/A,N/A,N/A,N/A,N/A,N/A,N/A,N/A,N/A,N/A,N/A,N/A,N/A,N/A,N/A,N/A,N/A,N/A,N/A,N/A,N/A,N/A,N/A,N/A,N/A,N/A,N/A,N/A,N/A,N/A,N/A,N/A,N/A,N/A,N/A,N/A,N/A,N/A,N/A,N/A,N/A,N/A,N/A,N/A,N/A,N/A,N/A,N/A,N/A,N/A,N/A,N/A,N/A,N/A,N/A,N/A,N/A,N/A,N/A,N/A,N/A,N/A,N/A,N/A,N/A,N/A,N/A,N/A,N/A,N/A,N/A,N/A,N/A,N/A,N/A,N/A,N/A,N/A,N/A,N/A,N/A,N/A,N/A,N/A,N/A,N/A,N/A,N/A,N/A,N/A,N/A,N/A,N/A,N/A,N/A,N/A,N/A,N/A,N/A,N/A,N/A,N/A,N/A,N/A,N/A,N/A,N/A,N/A,N/A,N/A,N/A,N/A,N/A,N/A,N/A,N/A,N/A,N/A,N/A,N/A,N/A,N/A,N/A,N/A,N/A,N/A,N/A
Agustín Urrutia,22,1082703600,2004/04/23,Bundesliga,2026/2027,Forward,Hartberg,53,34,19,Argentina,3,2,1,0,0,0,0,0,0,0,0,0,0,0,3,2,1,0,0,0,0,0,0,0,0,5.09,18,18,0,0,0,-1,-1,-1,11,0,6.53,0,74,27.17,5.33,27,16,3.00,9,4,15.28,19,0.00,0.00,0.00,0,0.00,0.00,1.70,0.33,1,0.00,0.00,0.00,0.00,0.00,0.00,0.00,1.00,0.00,3.40,0.67,0.33,0.00,0.00,0.03,0.00,1.00,0.00,0.00,0,0,,2,0.67,90,0,0.00,41,2,3.40,98,0,3,0,64,0.00,99,0,0,0.00,26,0,54,0.00,27,0,0.00,99,0,0.00,0,0,0.00,0,0.00,21,1,1.70,65,0,0.00,0.00,0,0.00,0,0,0,0.00,0,3,0.00,0,5.09,95,N/A,N/A,N/A,N/A,0.00,0,0.00,0,0.08,0.00,0,56.25,0.00,41,99,0.00,0.00,0,33,33,0,0,0,0.33,1.70,1,98,19.59,0.33,1.70,1,0,0.00,0.00,99,0.00,0,0,0,0.00,0.00,0,0.00,0.00,0.00,0.00,0,0,0.00,71,0,24,72,7,0.02,5,0.01,0.03,0.08,59,0.03,0.14,18,0,0.00,0.00,3.40,0.67,98,2,0.14,59,21,52,86,0,75,99,0,0.00,99,3,0.00,5.09,22.08,4.33,13,4,89,99,6.79,1.33,30.77,0,0.00,99,0,0.00,0,0.00,99,0,0.00,0.00,54,4,95,34,0,0,0,0,0,57,72,84,84,0,99,29,58,58,0,0,59,9,0,0
Albert Vallci,31,804668400,1995/07/02,Bundesliga,2026/2027,Defender,Sturm Graz,450,180,270,Austria,5,2,3,0,0,0,0,0,0,0,0,2,1,1,5,1,4,2,1,0,0,0,0,0,0,1,90,90,150,0,0.6,73,76,14,15,0,7.11,0,74,58.40,58.40,87,292,48.20,241,57,48.20,83,0.00,0.00,0.20,1,0.00,0.00,2.00,2.00,10,0.00,0.00,0.00,0.00,0.00,0.40,1.00,1.00,0.00,1.40,1.20,1.00,0.00,0.20,0.07,0.00,2.20,0.00,0.00,0,0,,7,1.40,60,1,0.20,48,6,1.20,72,0,0,5,74,0.00,99,0,2,0.40,38,0,54,0.00,27,0,0.00,99,0,0.00,0,0,0.00,0,0.20,25,5,1.00,50,5,1.00,100.00,0,0.00,0,0,0,0.00,0,5,0.00,71,1.00,24,N/A,N/A,N/A,N/A,0.00,0,0.00,0,0.37,0.00,0,82.53,14.29,44,35,0.80,0.80,4,75,99,0,0,0,0.60,0.60,3,82,35.55,6.80,6.80,34,0,0.00,0.00,99,0.00,0,0,0,0.00,0.00,0,0.00,0.00,0.20,0.20,1,0,0.00,71,95,93,72,77,0.51,50,0.10,0.10,0.37,48,0.07,0.07,44,3,0.60,0.60,0.20,0.20,19,1,0.07,47,84,94,86,0,77,83,0,0.00,99,11,0.00,2.20,8.20,8.20,41,29,76,44,5.80,5.80,70.73,0,0.00,99,0,0.00,0,0.00,99,0,0.00,0.00,54,97,49,34,0,0,0,0,0,57,72,84,84,0,99,81,69,91,1,20,79,5,0,0
Albin Gashi,29,854092800,1997/01/24,Bundesliga,2026/2027,Forward,Austria Lustenau,219,133,86,Austria,5,3,2,0,0,0,0,0,0,0,0,0,0,0,6,5,1,0,0,0,0,0,0,0,0,2.47,37,44,0,0,0,-1,-1,-1,5,0,5.42,0,74,28.36,13.80,30,69,11.00,55,48,22.60,35,0.00,0.00,0.80,4,0.00,2.60,1.64,0.80,4,0.00,0.40,0.00,0.00,0.00,0.40,0.20,1.20,0.00,2.05,0.80,0.20,0.00,0.20,0.06,0.00,0.60,0.00,0.00,0,0,,5,1.00,74,1,0.41,62,4,1.64,82,1,2,3,61,0.00,99,0,2,0.82,58,13,68,5.34,92,0,0.00,99,0,0.00,0,0,0.00,0,1.64,78,1,0.41,29,1,0.41,100.00,0,0.00,0,0,0,0.00,0,6,0.00,8,2.47,85,N/A,N/A,N/A,N/A,0.00,0,0.00,0,0.28,0.00,0,79.71,20.00,48,12,0.60,1.23,3,48,99,0,0,0,0.00,0.00,0,53,27.08,0.20,0.41,1,0,0.00,0.00,99,0.00,0,0,0,0.00,0.00,0,0.00,0.00,0.00,0.00,0,0,0.00,71,32,93,72,15,0.28,60,0.06,0.12,0.28,57,0.06,0.12,79,3,0.60,1.23,0.00,0.00,19,0,0.12,57,5,15,86,0,75,58,0,0.00,99,3,0.00,1.23,7.40,3.60,18,11,58,36,4.52,2.20,61.11,2,0.82,41,0,23.08,0,0.00,99,3,0.60,1.23,88,50,86,77,0,0,0,0,0,57,72,84,84,0,99,29,58,58,0,0,59,17,0,0
Aleksandar Dragović,35,668246400,1991/03/06,Bundesliga,2026/2027,Defender,Austria Wien,239,171,68,Austria,3,2,1,0,0,0,0,0,0,0,0,0,0,0,6,2,4,2,1,0,0,0,0,0,0,2.26,40,80,80,0,1.13,-1,-1,-1,20,0,6.54,0,74,60.25,53.33,89,160,49.67,149,94,56.11,92,0.00,0.00,0.00,0,0.00,0.00,1.51,1.33,4,0.00,0.33,0.00,0.00,0.00,1.33,0.00,2.00,0.00,0.00,0.00,0.00,0.00,0.00,0.00,0.00,0.67,0.00,0.00,0,0,,0,0.00,18,0,0.00,41,0,0.00,23,2,0,3,56,0.00,99,0,4,1.51,87,0,54,0.00,27,0,0.00,99,0,0.00,0,0,0.00,0,0.00,21,0,0.00,19,0,0.00,0.00,0,0.00,0,0,0,0.00,0,6,0.00,14,2.26,79,N/A,N/A,N/A,N/A,0.00,0,0.00,0,0.00,0.00,0,93.12,0.00,41,59,0.33,0.38,1,33,33,0,0,0,0.67,0.75,2,88,19.61,3.67,4.14,11,1,0.00,0.38,1,0.33,0,0,0,0.00,0.00,0,0.00,0.00,0.00,0.00,0,0,0.00,71,39,24,72,21,0.29,54,0.10,0.11,0.00,19,0.00,0.00,18,0,0.00,0.00,0.75,0.67,50,2,0.00,18,21,82,86,0,75,44,0,0.00,99,2,0.00,0.75,4.14,3.67,11,6,17,10,2.26,2.00,54.55,1,0.38,64,0,0.00,0,0.00,99,0,0.00,0.00,54,50,49,95,0,0,0,0,0,57,72,84,84,0,99,29,61,98,1,33,90,15,0,0
Alessandro Goiginger,17,1231660800,2009/01/11,Bundesliga,2026/2027,Defender,Ried,0,0,0,Austria,0,0,0,0,0,0,0,0,0,0,0,0,0,0,0,0,0,0,0,0,0,0,0,0,0,0,0,0,0,0,0,-1,-1,-1,-1,N/A,N/A,N/A,N/A,N/A,N/A,N/A,N/A,N/A,N/A,N/A,N/A,N/A,N/A,N/A,N/A,N/A,N/A,N/A,N/A,N/A,N/A,N/A,N/A,N/A,N/A,N/A,N/A,N/A,N/A,N/A,N/A,N/A,N/A,N/A,N/A,N/A,N/A,N/A,N/A,N/A,N/A,N/A,N/A,N/A,N/A,N/A,N/A,N/A,N/A,N/A,N/A,N/A,N/A,N/A,N/A,N/A,N/A,N/A,N/A,N/A,N/A,N/A,N/A,N/A,N/A,N/A,N/A,N/A,N/A,N/A,N/A,N/A,N/A,N/A,N/A,N/A,N/A,N/A,N/A,N/A,N/A,N/A,N/A,N/A,N/A,N/A,N/A,N/A,N/A,N/A,N/A,N/A,N/A,N/A,N/A,N/A,N/A,N/A,N/A,N/A,N/A,N/A,N/A,N/A,N/A,N/A,N/A,N/A,N/A,N/A,N/A,N/A,N/A,N/A,N/A,N/A,N/A,N/A,N/A,N/A,N/A,N/A,N/A,N/A,N/A,N/A,N/A,N/A,N/A,N/A,N/A,N/A,N/A,N/A,N/A,N/A,N/A,N/A,N/A,N/A,N/A,N/A,N/A,N/A,N/A,N/A,N/A,N/A,N/A,N/A,N/A,N/A,N/A,N/A,N/A,N/A,N/A,N/A,N/A,N/A,N/A,N/A,N/A,N/A,N/A,N/A,N/A,N/A,N/A,N/A,N/A,N/A,N/A,N/A,N/A,N/A,N/A,N/A,N/A,N/A,N/A,N/A,N/A,N/A,N/A,N/A,N/A,N/A,N/A,N/A,N/A,N/A,N/A,N/A,N/A,N/A,N/A,N/A,N/A,N/A,N/A,N/A,N/A,N/A,N/A,N/A,N/A,N/A,N/A,N/A,N/A,N/A,N/A,N/A,N/A,N/A,N/A,N/A,N/A,N/A,N/A,N/A,N/A
Alessandro Schöpf,32,760608000,1994/02/07,Bundesliga,2026/2027,Midfielder,LASK Linz,205,157,48,Austria,5,3,2,1,0,1,0,0,0,0,0,3,2,1,0,0,0,0,0,0.44,0,0.44,0,1.88,205,0,0,41,0,0,0,-1,-1,-1,8,0,6.99,0,74,61.90,28.20,91,141,25.40,127,87,55.76,91,0.00,0.00,0.80,4,0.00,0.40,1.32,0.60,3,0.00,0.00,0.00,0.00,0.00,0.80,0.40,0.00,4.00,1.76,0.60,0.40,0.00,0.20,0.17,0.00,0.20,0.00,0.00,0,0,,4,0.80,66,1,0.44,64,3,1.32,75,0,4,1,48,0.00,99,0,4,1.76,91,2,54,0.88,52,0,0.00,99,0,0.00,0,0,0.00,0,1.76,80,2,0.88,44,2,0.88,100.00,0,0.00,0,0,0,0.00,0,0,0.00,99,0.00,0,N/A,N/A,N/A,N/A,0.00,0,0.00,0,0.86,0.00,0,90.07,25.00,59,99,0.00,0.00,0,70,99,0,0,0,0.00,0.00,0,53,34.93,0.00,0.00,0,0,0.00,0.00,99,0.00,0,0,0,0.00,0.00,0,0.00,0.00,0.00,0.00,0,0,25.00,92,29,93,84,7,0.44,75,0.09,0.19,0.86,85,0.17,0.38,96,5,1.00,2.20,2.63,1.20,97,6,0.38,84,75,7,86,0,75,28,0,0.00,99,1,0.00,0.44,7.46,3.40,17,11,64,37,4.83,2.20,64.71,0,0.00,99,0,0.00,0,0.00,99,0,0.00,0.00,54,18,99,34,0,0,0,0,0,81,89,99,84,0,99,95,58,58,0,0,59,18,0,0
Alexander Eckmayr,27,931244400,1999/07/06,Bundesliga,2026/2027,Goalkeeper,Wattens,0,0,0,Austria,0,0,0,0,0,0,0,0,0,0,0,0,0,0,0,0,0,0,0,0,0,0,0,0,0,0,0,0,0,0,0,-1,-1,-1,-1,N/A,N/A,N/A,N/A,N/A,N/A,N/A,N/A,N/A,N/A,N/A,N/A,N/A,N/A,N/A,N/A,N/A,N/A,N/A,N/A,N/A,N/A,N/A,N/A,N/A,N/A,N/A,N/A,N/A,N/A,N/A,N/A,N/A,N/A,N/A,N/A,N/A,N/A,N/A,N/A,N/A,N/A,N/A,N/A,N/A,N/A,N/A,N/A,N/A,N/A,N/A,N/A,N/A,N/A,N/A,N/A,N/A,N/A,N/A,N/A,N/A,N/A,N/A,N/A,N/A,N/A,N/A,N/A,N/A,N/A,N/A,N/A,N/A,N/A,N/A,N/A,N/A,N/A,N/A,N/A,N/A,N/A,N/A,N/A,N/A,N/A,N/A,N/A,N/A,N/A,N/A,N/A,N/A,N/A,N/A,N/A,N/A,N/A,N/A,N/A,N/A,N/A,N/A,N/A,N/A,N/A,N/A,N/A,N/A,N/A,N/A,N/A,N/A,N/A,N/A,N/A,N/A,N/A,N/A,N/A,N/A,N/A,N/A,N/A,N/A,N/A,N/A,N/A,N/A,N/A,N/A,N/A,N/A,N/A,N/A,N/A,N/A,N/A,N/A,N/A,N/A,N/A,N/A,N/A,N/A,N/A,N/A,N/A,N/A,N/A,N/A,N/A,N/A,N/A,N/A,N/A,N/A,N/A,N/A,N/A,N/A,N/A,N/A,N/A,N/A,N/A,N/A,N/A,N/A,N/A,N/A,N/A,N/A,N/A,N/A,N/A,N/A,N/A,N/A,N/A,N/A,N/A,N/A,N/A,N/A,N/A,N/A,N/A,N/A,N/A,N/A,N/A,N/A,N/A,N/A,N/A,N/A,N/A,N/A,N/A,N/A,N/A,N/A,N/A,N/A,N/A,N/A,N/A,N/A,N/A,N/A,N/A,N/A,N/A,N/A,N/A,N/A,N/A,N/A,N/A,N/A,N/A,N/A,N/A
Alexander Hofleitner,26,957337200,2000/05/03,Bundesliga,2026/2027,Forward,Grazer AK,378,175,203,Austria,5,2,3,1,1,0,0,0,0,0,0,1,1,0,10,1,9,1,0,0.24,0,0.24,0.51,0,378,2.38,38,76,378,0,0.24,27,85,-1,2,0,6.90,0,74,15.00,12.60,7,63,6.40,32,2,7.62,3,0.00,0.00,0.80,4,0.00,0.20,0.71,0.60,3,0.00,0.60,0.00,0.00,0.00,0.20,0.00,2.00,9.00,2.14,1.00,0.40,0.00,0.80,0.26,0.00,3.60,0.00,0.00,0,0,,9,1.80,75,4,0.95,80,5,1.19,70,2,0,5,27,0.00,99,0,1,0.24,29,1,99,0.24,31,0,0.00,99,0,0.00,0,0,0.00,0,0.95,56,2,0.48,30,0,0.00,0.00,0,0.00,0,0,0,0.00,0,10,0.00,10,2.38,84,N/A,N/A,N/A,N/A,0.00,0,0.00,0,1.32,0.00,0,50.79,44.44,80,99,0.00,0.00,0,33,33,0,0,0,0.20,0.24,1,61,34.49,1.80,2.14,9,0,0.00,0.00,99,0.00,0,0,0,0.00,0.00,0,0.00,0.00,0.24,0.20,1,0,11.11,75,68,93,94,18,0.20,17,0.04,0.05,1.32,79,0.26,0.31,63,4,0.80,0.95,1.90,1.60,89,8,0.31,79,62,61,86,0,80,97,0,0.00,99,18,0.00,4.29,12.14,10.20,51,25,78,82,5.95,5.00,49.02,3,0.71,44,0,100.00,0,0.00,99,1,0.20,0.24,63,97,49,95,0,0,0,0,0,68,79,84,89,0,99,45,90,69,1,20,79,25,0,0
Amane Romeo,23,1057042800,2003/07/01,Bundesliga,2026/2027,Midfielder,Rapid Wien,160,142,18,Ivory Coast,3,2,1,0,0,0,1,1,0,0,0,1,1,0,2,1,1,1,0,0.56,0.56,0,0,0,0,1.13,80,53,160,160,0.56,-1,-1,-1,19,0,6.77,0.33,97,70.88,42.00,96,126,39.00,117,93,65.81,96,0.00,0.00,0.67,2,0.00,0.00,1.69,1.00,3,0.00,1.00,0.00,0.00,0.00,2.33,0.00,0.67,0.00,0.56,0.33,1.00,0.00,0.00,0.02,0.00,0.33,0.00,0.00,0,0,,1,0.33,32,0,0.00,41,1,0.56,41,1,1,2,63,0.00,99,0,7,3.94,99,0,54,0.00,27,0,0.00,99,0,0.00,0,0,0.00,0,1.12,64,3,1.69,64,0,0.00,0.00,0,0.00,0,0,0,0.00,0,2,0.00,64,1.12,29,N/A,N/A,N/A,N/A,0.00,0,0.00,0,0.05,0.00,0,92.86,0.00,41,20,0.67,1.12,2,33,33,0,0,0,0.00,0.00,0,53,20.31,0.33,0.56,1,0,0.00,0.00,99,0.00,0,0,0,0.00,0.00,0,0.00,0.00,0.00,0.00,0,0,0.00,71,19,24,72,71,0.90,96,0.30,0.51,0.05,31,0.02,0.03,89,3,1.00,1.69,0.56,0.33,37,1,0.03,31,48,21,86,0,75,34,0,0.00,99,1,0.00,0.56,10.12,6.00,18,7,50,69,3.94,2.33,38.89,3,1.69,13,0,0.00,0,0.00,99,0,0.00,0.00,54,34,74,77,0,0,0,0,0,85,72,84,84,0,99,59,71,89,1,33,90,29,0,0
Amìn-Elias Gröller,21,1106640000,2005/01/25,Bundesliga,2026/2027,Defender,Rapid Wien,0,0,0,Austria,0,0,0,0,0,0,0,0,0,0,0,0,0,0,0,0,0,0,0,0,0,0,0,0,0,0,0,0,0,0,0,-1,-1,-1,-1,N/A,N/A,N/A,N/A,N/A,N/A,N/A,N/A,N/A,N/A,N/A,N/A,N/A,N/A,N/A,N/A,N/A,N/A,N/A,N/A,N/A,N/A,N/A,N/A,N/A,N/A,N/A,N/A,N/A,N/A,N/A,N/A,N/A,N/A,N/A,N/A,N/A,N/A,N/A,N/A,N/A,N/A,N/A,N/A,N/A,N/A,N/A,N/A,N/A,N/A,N/A,N/A,N/A,N/A,N/A,N/A,N/A,N/A,N/A,N/A,N/A,N/A,N/A,N/A,N/A,N/A,N/A,N/A,N/A,N/A,N/A,N/A,N/A,N/A,N/A,N/A,N/A,N/A,N/A,N/A,N/A,N/A,N/A,N/A,N/A,N/A,N/A,N/A,N/A,N/A,N/A,N/A,N/A,N/A,N/A,N/A,N/A,N/A,N/A,N/A,N/A,N/A,N/A,N/A,N/A,N/A,N/A,N/A,N/A,N/A,N/A,N/A,N/A,N/A,N/A,N/A,N/A,N/A,N/A,N/A,N/A,N/A,N/A,N/A,N/A,N/A,N/A,N/A,N/A,N/A,N/A,N/A,N/A,N/A,N/A,N/A,N/A,N/A,N/A,N/A,N/A,N/A,N/A,N/A,N/A,N/A,N/A,N/A,N/A,N/A,N/A,N/A,N/A,N/A,N/A,N/A,N/A,N/A,N/A,N/A,N/A,N/A,N/A,N/A,N/A,N/A,N/A,N/A,N/A,N/A,N/A,N/A,N/A,N/A,N/A,N/A,N/A,N/A,N/A,N/A,N/A,N/A,N/A,N/A,N/A,N/A,N/A,N/A,N/A,N/A,N/A,N/A,N/A,N/A,N/A,N/A,N/A,N/A,N/A,N/A,N/A,N/A,N/A,N/A,N/A,N/A,N/A,N/A,N/A,N/A,N/A,N/A,N/A,N/A,N/A,N/A,N/A,N/A,N/A,N/A,N/A,N/A,N/A,N/A
Ammar Helac,28,897721200,1998/06/13,Bundesliga,2026/2027,Goalkeeper,Sturm Graz,180,90,90,Austria,2,1,1,0,0,0,0,0,0,0,0,0,0,0,4,1,3,0,0,0,0,0,0,0,0,2,45,90,0,0,0,-1,-1,-1,11,0,6.96,0,74,31.50,31.50,41,63,26.00,52,57,26.00,48,0.00,0.00,0.00,0,0.00,0.00,0.00,0.00,0,0.00,0.00,0.00,0.00,4.00,0.00,0.00,6.00,0.00,0.00,0.00,0.00,0.00,0.00,0.00,0.00,0.00,0.00,0.00,0,0,,0,0.00,18,0,0.00,41,0,0.00,23,0,0,2,16,0.00,99,0,0,0.00,26,0,54,0.00,27,0,0.00,99,0,0.00,0,0,0.00,0,0.00,21,0,0.00,19,0,0.00,0.00,0,0.00,0,8,44,4.00,81,12,0.00,22,6.00,99,N/A,N/A,N/A,N/A,66.67,0,0.00,0,0.00,0.00,0,82.54,0.00,41,99,0.00,0.00,0,33,33,0,0,4,0.00,0.00,0,53,13.91,1.00,1.00,2,0,0.00,0.00,99,0.00,0,0,0,0.00,0.00,1,0.50,0.50,0.00,0.00,0,0,0.00,71,26,11,72,29,0.11,24,0.06,0.06,0.00,19,0.00,0.00,18,0,0.00,0.00,0.00,0.00,19,0,0.00,18,71,37,86,33,75,15,0,0.00,99,0,0.00,0.00,0.00,0.00,0,0,3,2,0.00,0.00,0.00,0,0.00,99,0,0.00,0,0.00,99,0,0.00,0.00,54,34,49,34,0,0,0,0,0,57,72,84,84,0,99,29,58,58,0,0,59,22,0,0
Anderson dos Santos Gomes,28,883814400,1998/01/03,Bundesliga,2026/2027,Defender,Grazer AK,222,136,86,Brazil,4,2,2,0,0,0,0,0,0,0,0,1,1,0,3,1,2,1,0,0,0,0,0,0,0,1.22,74,56,222,0,0.41,-1,-1,-1,9,0,6.77,0,74,28.78,17.75,33,71,14.50,58,53,23.51,40,0.00,0.00,1.25,5,0.00,2.25,0.81,0.50,2,0.00,0.75,0.00,0.00,0.00,0.25,0.00,0.75,0.00,2.84,1.00,0.50,0.00,0.75,0.14,0.00,1.75,0.00,0.00,0,0,,7,1.75,87,3,1.22,89,4,1.62,81,1,1,3,30,0.00,99,0,1,0.41,38,9,96,3.65,84,0,0.00,99,0,0.00,0,0,0.00,0,2.03,86,2,0.81,41,0,0.00,0.00,0,0.00,0,0,0,0.00,0,3,0.00,54,1.22,38,N/A,N/A,N/A,N/A,0.00,0,0.00,0,0.58,0.00,0,81.69,42.86,79,32,0.50,0.81,2,33,33,0,0,0,0.50,0.81,2,89,27.07,1.25,2.03,5,0,0.00,0.00,99,0.00,0,0,0,0.00,0.00,0,0.00,0.00,0.81,0.50,2,0,0.00,71,32,38,72,62,0.34,66,0.09,0.14,0.58,72,0.14,0.24,18,0,0.00,0.00,0.81,0.50,54,2,0.24,72,48,59,86,0,93,90,0,0.00,99,7,0.00,2.84,9.32,5.75,23,9,42,60,3.65,2.25,39.13,3,1.22,25,0,55.56,0,0.00,99,5,1.25,2.03,97,50,74,77,0,0,0,0,0,57,72,84,84,0,99,51,77,82,1,25,85,28,0,0
Andreas Leitner,32,764582400,1994/03/25,Bundesliga,2026/2027,Goalkeeper,Ried,540,270,270,Austria,6,3,3,0,0,0,0,0,0,0,0,1,1,0,11,3,8,0,0,0,0,0,0,0,0,1.83,49,90,0,0,0,51,54,40,20,0,6.76,0,74,33.33,33.33,46,200,24.33,146,28,24.33,43,0.00,0.00,0.00,0,0.00,0.00,0.00,0.00,0,0.00,0.00,0.00,0.00,2.83,0.00,0.17,4.67,0.00,0.00,0.00,0.17,0.00,0.00,0.00,0.00,0.00,0.00,0.00,0,0,,0,0.00,18,0,0.00,41,0,0.00,23,0,0,6,16,0.00,99,0,0,0.00,26,0,54,0.00,27,0,0.00,99,0,0.00,0,0,0.00,0,0.00,21,1,0.17,20,1,0.17,100.00,0,0.00,0,17,31,2.83,44,28,0.00,29,4.67,95,N/A,N/A,N/A,N/A,60.71,0,0.00,0,0.00,0.00,0,73.00,0.00,41,73,0.17,0.17,1,34,99,0,0,11,0.00,0.00,0,53,40.54,0.67,0.67,4,0,0.00,0.00,99,0.00,0,0,0,0.00,0.00,0,0.00,0.00,0.00,0.00,0,0,0.00,71,99,99,72,37,0.36,24,0.06,0.06,0.00,19,0.00,0.00,18,0,0.00,0.00,0.00,0.00,19,0,0.00,18,47,26,86,0,75,15,0,0.00,99,0,0.00,0.00,0.33,0.33,2,1,3,2,0.17,0.17,50.00,0,0.00,99,0,0.00,0,0.00,99,0,0.00,0.00,54,99,49,34,0,0,0,0,0,57,72,84,84,0,99,34,58,58,0,0,59,1,0,0
Andres Andrade Cedeño,27,908521200,1998/10/16,Bundesliga,2026/2027,Defender,LASK Linz,449,270,179,Panama,5,3,2,1,0,1,1,1,0,0,0,3,2,1,2,1,1,0,0,0.4,0.2,0.2,0,0.5,449,0.4,225,90,0,449,0,33,34,4,7,0,7.94,0.2,79,69.55,69.40,95,347,61.00,305,79,61.14,93,0.00,0.00,1.20,6,0.00,3.20,2.20,2.20,11,0.00,0.00,0.00,0.00,0.00,1.40,0.60,0.40,11.00,2.20,1.20,1.00,0.00,1.00,0.32,0.00,2.00,0.00,0.00,0,0,,11,2.20,77,5,1.00,82,6,1.20,72,1,0,5,78,0.00,99,0,7,1.40,83,16,63,3.21,78,0,0.00,99,0,0.00,0,0,0.00,0,1.20,70,5,1.00,50,3,0.60,60.00,0,0.00,0,0,0,0.00,0,2,0.00,90,0.40,4,N/A,N/A,N/A,N/A,0.00,0,0.00,0,1.59,0.00,0,87.90,45.45,82,57,0.40,0.40,2,60,69,0,0,0,0.20,0.20,1,59,39.71,4.00,4.01,20,0,0.00,0.00,99,0.00,0,0,0,0.00,0.00,0,0.00,0.00,0.00,0.00,0,0,9.09,74,84,93,97,97,1.45,85,0.29,0.29,1.59,80,0.32,0.32,44,3,0.60,0.60,0.00,0.00,19,0,0.32,80,99,80,86,0,75,78,0,0.00,99,10,0.00,2.00,7.22,7.20,36,27,71,34,5.41,5.40,75.00,0,0.00,99,0,18.75,0,0.00,99,3,0.60,0.60,77,97,49,77,0,0,0,0,0,78,76,90,84,0,99,95,58,58,0,0,59,16,0,0
Angelo Gattermayer,24,1023346800,2002/06/06,Bundesliga,2026/2027,Forward,Hartberg,356,230,126,Austria,5,3,2,1,0,1,0,0,0,0,0,0,0,0,6,4,2,2,0,0.25,0,0.25,0,0.71,356,1.52,59,71,178,0,0.51,23,105,-1,3,0,6.60,0,74,13.83,11.00,5,55,8.60,43,41,10.81,9,0.00,0.00,0.80,4,0.00,1.40,0.25,0.20,1,0.00,1.40,0.00,0.00,0.00,0.60,1.00,1.20,6.00,1.51,0.80,3.00,0.00,0.40,0.21,0.00,1.60,0.00,0.00,0,0,,6,1.20,62,2,0.50,65,4,1.01,64,1,1,4,16,0.00,99,0,3,0.75,54,7,58,1.76,69,0,0.00,99,0,0.00,0,0,0.00,0,1.01,60,15,3.77,93,5,1.26,33.33,0,0.00,0,0,0,0.00,0,6,0.00,36,1.51,52,N/A,N/A,N/A,N/A,0.00,0,0.00,0,1.03,0.00,0,78.18,33.33,71,50,0.40,0.50,2,82,46,0,0,0,0.20,0.25,1,64,33.01,1.20,1.51,6,0,0.00,0.00,99,0.00,0,0,0,0.00,0.00,0,0.00,0.00,0.25,0.20,1,0,16.67,83,62,93,92,43,0.27,29,0.05,0.07,1.03,74,0.21,0.26,52,3,0.60,0.75,1.26,1.00,75,5,0.26,74,30,49,86,0,81,79,0,0.00,99,8,0.00,2.01,10.81,8.60,43,16,51,77,4.02,3.20,37.21,7,1.76,10,0,14.29,0,0.00,99,1,0.20,0.25,65,65,74,77,0,0,0,0,0,69,80,96,84,0,99,29,73,87,2,40,96,7,0,0
Anilson Dourado Santiado,25,999586800,2001/09/04,Bundesliga,2026/2027,Defender,Austria Lustenau,16,16,0,Brazil,1,1,0,0,0,0,0,0,0,0,0,0,0,0,0,0,0,0,0,0,0,0,0,0,0,0,0,16,0,0,0,-1,-1,-1,22,0,6.41,0,74,56.25,10.00,86,10,7.00,7,20,39.38,73,0.00,0.00,0.00,0,0.00,1.00,0.00,0.00,0,0.00,0.00,0.00,0.00,0.00,0.00,0.00,0.00,0.00,0.00,0.00,0.00,0.00,0.00,0.00,0.00,0.00,0.00,0.00,0,0,,0,0.00,18,0,0.00,41,0,0.00,23,0,1,0,16,0.00,99,0,0,0.00,26,1,54,5.62,93,0,0.00,99,0,0.00,0,0,0.00,0,0.00,21,0,0.00,19,0,0.00,0.00,0,0.00,0,0,0,0.00,0,0,0.00,99,0.00,0,N/A,N/A,N/A,N/A,0.00,0,0.00,0,0.00,0.00,0,70.00,0.00,41,99,0.00,0.00,0,33,33,0,0,0,0.00,0.00,0,53,6.41,0.00,0.00,0,0,0.00,0.00,99,0.00,0,0,0,0.00,0.00,0,0.00,0.00,0.00,0.00,0,0,0.00,71,0,3,72,7,0.01,24,0.01,0.06,0.00,19,0.00,0.00,18,0,0.00,0.00,0.00,0.00,19,0,0.00,18,10,7,86,0,75,15,0,0.00,99,0,0.00,0.00,0.00,0.00,0,0,3,2,0.00,0.00,0.00,0,0.00,99,0,0.00,0,0.00,99,0,0.00,0.00,54,4,74,34,0,0,0,0,0,57,72,84,84,0,99,29,58,58,0,0,59,21,0,0
Ante Bajic,31,809074800,1995/08/22,Bundesliga,2026/2027,Midfielder,Ried,537,267,270,Austria,6,3,3,0,0,0,2,1,1,0,0,1,1,0,11,3,8,0,0,0.34,0.34,0,0,0,0,1.84,49,90,0,269,0,59,9,-1,8,0,6.84,0.33,92,24.47,24.33,23,146,16.67,100,18,16.76,21,0.00,0.00,1.67,10,0.00,2.17,1.34,1.33,8,0.00,0.67,0.00,0.00,0.00,1.00,1.00,1.83,0.00,1.34,1.33,2.33,0.00,0.00,0.06,0.00,1.33,0.00,0.00,0,0,,8,1.33,59,0,0.00,41,8,1.34,77,2,0,6,49,0.00,99,0,6,1.01,69,13,59,2.18,72,0,0.00,99,0,0.00,0,0,0.00,0,1.68,78,14,2.35,77,6,1.01,42.86,0,0.00,0,0,0,0.00,0,11,0.00,27,1.84,65,N/A,N/A,N/A,N/A,0.00,0,0.00,0,0.35,0.00,0,68.49,0.00,41,31,0.83,0.84,5,76,53,0,0,0,0.17,0.17,1,54,41.04,1.50,1.51,9,0,0.00,0.00,99,0.00,0,0,0,0.00,0.00,0,0.00,0.00,0.17,0.17,1,1,0.00,71,98,99,72,37,1.74,85,0.29,0.29,0.35,45,0.06,0.06,56,5,0.83,0.84,1.17,1.17,71,7,0.06,44,57,49,86,0,75,62,0,0.00,99,8,0.00,1.34,10.06,10.00,60,27,59,67,4.53,4.50,45.00,4,0.67,48,0,15.38,0,0.00,99,2,0.33,0.34,67,99,49,95,0,0,0,0,0,74,72,84,84,0,99,34,58,58,0,0,59,12,0,0
Anthony Kevin Smits,21,1116658800,2005/05/21,Bundesliga,2026/2027,Forward,Grazer AK,95,30,65,Netherlands,3,1,2,0,0,0,0,0,0,0,0,0,0,0,6,0,6,0,0,0,0,0,0,0,0,5.68,16,32,0,0,0,-1,-1,-1,3,0,6.35,0,74,15.16,5.33,7,16,3.67,11,19,10.42,8,0.00,0.00,0.33,1,0.00,1.00,2.84,1.00,3,0.00,1.00,0.00,0.00,0.00,0.33,0.67,2.00,0.00,1.89,0.67,1.33,0.00,0.00,0.03,0.00,0.33,0.00,0.00,0,0,,2,0.67,70,0,0.00,41,2,1.89,87,2,2,1,91,0.00,99,0,1,0.95,64,3,88,2.84,77,0,0.00,99,0,0.00,0,0,0.00,0,0.95,56,4,3.79,93,2,1.89,50.00,0,0.00,0,0,0,0.00,0,6,0.00,0,5.68,97,N/A,N/A,N/A,N/A,0.00,0,0.00,0,0.10,0.00,0,68.75,0.00,41,99,0.00,0.00,0,90,63,0,0,0,0.00,0.00,0,53,19.04,0.00,0.00,0,0,0.00,0.00,99,0.00,0,0,0,0.00,0.00,0,0.00,0.00,0.00,0.00,0,0,0.00,71,10,24,72,7,0.07,29,0.02,0.07,0.10,53,0.03,0.09,18,0,0.00,0.00,0.95,0.33,59,1,0.09,53,10,7,86,0,75,49,0,0.00,99,1,0.00,0.95,12.32,4.33,13,6,74,83,5.68,2.00,46.15,3,2.84,1,0,33.33,0,0.00,99,1,0.33,0.95,82,18,86,95,0,0,0,0,0,57,72,84,84,0,99,29,58,58,0,0,59,7,0,0
Antonio Verinac,21,1104134400,2004/12/27,Bundesliga,2026/2027,Forward,Austria Lustenau,305,172,133,Croatia,5,3,2,2,2,0,1,0,1,0,0,0,0,0,7,5,2,2,0,0.89,0.3,0.59,1.05,0,153,2.07,44,61,153,305,0.59,7,13,-1,1,0,6.81,0.2,89,13.87,9.40,5,47,5.80,29,7,8.56,5,0.00,0.00,0.80,4,0.00,0.20,0.30,0.20,1,0.00,1.80,0.00,0.00,0.00,0.00,0.40,1.40,5.00,2.95,1.40,1.40,0.00,0.60,0.38,0.00,3.20,0.00,0.00,0,0,,10,2.00,88,3,0.89,79,7,2.07,89,3,2,3,18,0.00,99,0,0,0.00,26,1,54,0.30,34,0,0.00,99,0,0.00,0,0,0.00,0,1.18,68,7,2.07,72,2,0.59,28.57,0,0.00,0,0,0,0.00,0,7,0.00,18,2.07,74,N/A,N/A,N/A,N/A,0.00,0,0.00,0,1.89,0.00,0,61.70,30.00,64,44,0.40,0.59,2,59,41,0,0,0,0.00,0.00,0,53,34.05,1.20,1.77,6,0,0.00,0.00,99,0.00,0,0,0,0.00,0.00,0,0.00,0.00,0.89,0.60,3,0,20.00,88,52,93,80,25,0.80,79,0.16,0.24,1.89,94,0.38,0.56,40,2,0.40,0.59,1.77,1.20,85,6,0.56,92,54,53,86,0,95,97,0,0.00,99,16,0.00,4.72,17.11,11.60,58,21,83,98,6.20,4.20,36.21,9,2.66,2,0,0.00,0,0.00,99,0,0.00,0.00,54,50,86,99,0,1,0,20,0,93,93,84,96,0,99,29,70,90,2,40,96,39,0,0
Arjan Malic,21,1125212400,2005/08/28,Bundesliga,2026/2027,Defender,Sturm Graz,2,2,0,Slovenia,1,1,0,0,0,0,0,0,0,0,0,1,1,0,0,0,0,0,0,0,0,0,0,0,0,0,0,2,0,0,0,-1,-1,-1,10,0,0.00,0,74,135.00,3.00,99,3,3.00,3,99,135.00,99,0.00,0.00,0.00,0,0.00,1.00,0.00,0.00,0,0.00,0.00,0.00,0.00,0.00,0.00,0.00,0.00,0.00,0.00,0.00,0.00,0.00,0.00,0.00,0.00,0.00,0.00,0.00,0,0,,0,0.00,18,0,0.00,41,0,0.00,23,0,1,0,16,0.00,99,0,0,0.00,26,1,54,45.00,99,0,0.00,99,0,0.00,0,0,0.00,0,0.00,21,0,0.00,19,0,0.00,0.00,0,0.00,0,0,0,0.00,0,0,0.00,99,0.00,0,N/A,N/A,N/A,N/A,0.00,0,0.00,0,0.00,0.00,0,100.00,0.00,41,99,0.00,0.00,0,33,33,0,0,0,0.00,0.00,0,53,0.00,0.00,0.00,0,0,0.00,0.00,99,0.00,0,0,0,0.00,0.00,0,0.00,0.00,0.00,0.00,0,0,0.00,71,0,3,72,7,0.01,95,0.01,0.45,0.00,19,0.00,0.00,18,0,0.00,0.00,0.00,0.00,19,0,0.00,18,0,7,86,0,75,15,0,0.00,99,0,0.00,0.00,0.00,0.00,0,0,3,2,0.00,0.00,0.00,0,0.00,99,0,0.00,0,0.00,99,0,0.00,0.00,54,4,74,34,0,0,0,0,0,57,72,84,84,0,99,99,58,58,0,0,59,23,0,0
Ármin Pécsi,21,1109232000,2005/02/24,Bundesliga,2026/2027,Goalkeeper,Hartberg,450,270,180,Hungary,5,3,2,0,0,0,0,0,0,0,0,0,0,0,8,6,2,0,0,0,0,0,0,0,0,1.6,56,90,0,0,0,103,106,35,14,0,6.93,0,74,40.00,40.00,61,200,28.40,142,22,28.40,52,0.00,0.00,0.00,0,0.00,0.00,0.00,0.00,0,0.00,0.00,0.00,0.00,3.60,0.00,0.00,5.20,0.00,0.00,0.00,0.00,0.00,0.00,0.00,0.00,0.40,0.00,0.00,0,0,,0,0.00,18,0,0.00,41,0,0.00,23,0,0,5,16,0.00,99,0,0,0.00,26,0,54,0.00,27,0,0.00,99,0,0.00,0,0,0.00,0,0.00,21,0,0.00,19,0,0.00,0.00,0,0.00,0,18,50,3.60,62,26,0.00,34,5.20,96,N/A,N/A,N/A,N/A,69.23,0,0.00,0,0.00,0.00,0,71.00,0.00,41,99,0.00,0.00,0,33,33,0,0,11,0.00,0.00,0,53,34.65,1.80,1.80,9,0,0.00,0.00,99,0.00,0,0,0,0.00,0.00,5,1.00,1.00,0.00,0.00,0,0,0.00,71,95,93,72,41,0.35,29,0.07,0.07,0.00,19,0.00,0.00,20,1,0.20,0.20,0.00,0.00,19,0,0.00,18,67,54,86,92,75,26,0,0.00,99,2,0.00,0.40,1.40,1.40,7,3,6,7,0.60,0.60,42.86,0,0.00,99,0,0.00,0,0.00,99,0,0.00,0.00,54,97,49,34,0,0,0,0,0,57,72,84,84,0,99,29,58,58,0,0,59,91,0,0
Art Smakaj,23,1044345600,2003/02/04,Bundesliga,2026/2027,Midfielder,LASK Linz,0,0,0,Kosovo,0,0,0,0,0,0,0,0,0,0,0,0,0,0,0,0,0,0,0,0,0,0,0,0,0,0,0,0,0,0,0,-1,-1,-1,-1,N/A,N/A,N/A,N/A,N/A,N/A,N/A,N/A,N/A,N/A,N/A,N/A,N/A,N/A,N/A,N/A,N/A,N/A,N/A,N/A,N/A,N/A,N/A,N/A,N/A,N/A,N/A,N/A,N/A,N/A,N/A,N/A,N/A,N/A,N/A,N/A,N/A,N/A,N/A,N/A,N/A,N/A,N/A,N/A,N/A,N/A,N/A,N/A,N/A,N/A,N/A,N/A,N/A,N/A,N/A,N/A,N/A,N/A,N/A,N/A,N/A,N/A,N/A,N/A,N/A,N/A,N/A,N/A,N/A,N/A,N/A,N/A,N/A,N/A,N/A,N/A,N/A,N/A,N/A,N/A,N/A,N/A,N/A,N/A,N/A,N/A,N/A,N/A,N/A,N/A,N/A,N/A,N/A,N/A,N/A,N/A,N/A,N/A,N/A,N/A,N/A,N/A,N/A,N/A,N/A,N/A,N/A,N/A,N/A,N/A,N/A,N/A,N/A,N/A,N/A,N/A,N/A,N/A,N/A,N/A,N/A,N/A,N/A,N/A,N/A,N/A,N/A,N/A,N/A,N/A,N/A,N/A,N/A,N/A,N/A,N/A,N/A,N/A,N/A,N/A,N/A,N/A,N/A,N/A,N/A,N/A,N/A,N/A,N/A,N/A,N/A,N/A,N/A,N/A,N/A,N/A,N/A,N/A,N/A,N/A,N/A,N/A,N/A,N/A,N/A,N/A,N/A,N/A,N/A,N/A,N/A,N/A,N/A,N/A,N/A,N/A,N/A,N/A,N/A,N/A,N/A,N/A,N/A,N/A,N/A,N/A,N/A,N/A,N/A,N/A,N/A,N/A,N/A,N/A,N/A,N/A,N/A,N/A,N/A,N/A,N/A,N/A,N/A,N/A,N/A,N/A,N/A,N/A,N/A,N/A,N/A,N/A,N/A,N/A,N/A,N/A,N/A,N/A,N/A,N/A,N/A,N/A,N/A,N/A
Axel Kayombo,20,1140854400,2006/02/25,Bundesliga,2026/2027,Forward,Sturm Graz,87,57,30,France,3,1,2,0,0,0,0,0,0,0,0,2,1,1,0,0,0,0,0,0,0,0,0,0,0,0,0,29,0,0,0,-1,-1,-1,14,0,6.49,0,74,9.42,3.00,0,9,1.67,5,4,5.23,0,0.00,0.00,1.00,3,0.00,0.33,1.05,0.33,1,0.00,1.67,0.00,0.00,0.00,0.00,1.67,0.00,0.00,3.14,1.00,2.33,0.00,0.00,0.05,0.00,0.33,0.00,0.00,0,0,,3,1.00,89,0,0.00,41,3,3.14,97,1,2,1,38,0.00,99,0,0,0.00,26,1,99,1.05,56,0,0.00,99,0,0.00,0,0,0.00,0,3.14,97,7,7.33,99,5,5.23,71.43,0,0.00,0,0,0,0.00,0,0,0.00,99,0.00,0,N/A,N/A,N/A,N/A,0.00,0,0.00,0,0.16,0.00,0,55.56,0.00,41,23,0.33,1.05,1,99,80,0,0,0,0.00,0.00,0,53,19.48,0.00,0.00,0,0,0.00,0.00,99,0.00,0,0,0,0.00,0.00,0,0.00,0.00,0.00,0.00,0,0,0.00,71,5,24,72,7,0.11,60,0.04,0.12,0.16,65,0.05,0.17,72,1,0.33,1.05,0.00,0.00,19,0,0.17,65,17,7,86,0,75,52,0,0.00,99,1,0.00,1.05,17.79,5.67,17,8,97,99,8.37,2.67,47.06,5,5.23,0,0,100.00,0,0.00,99,1,0.33,1.05,85,18,86,77,0,0,0,0,0,57,72,84,84,0,99,99,58,58,0,0,59,11,0,0
Bartosz Mazurek,19,1167811200,2007/01/03,Bundesliga,2026/2027,Midfielder,Salzburg,393,184,209,Poland,6,3,3,1,1,0,2,2,0,0,0,2,1,1,4,2,2,0,0,0.69,0.46,0.23,0.49,0,393,0.92,98,66,0,197,0,29,5,-1,5,0,7.33,0.33,95,68.47,49.83,94,299,44.83,269,86,61.60,94,0.00,0.00,0.67,4,0.00,0.67,2.75,2.00,12,0.00,1.00,0.00,0.00,0.00,0.50,1.83,0.67,10.00,2.29,1.17,2.83,0.00,0.50,0.21,0.00,0.17,0.00,0.00,0,0,,10,1.67,77,3,0.69,73,7,1.60,80,1,2,4,89,0.00,99,0,3,0.69,52,4,76,0.92,52,0,0.00,99,0,0.00,0,0,0.00,0,0.92,54,17,3.89,94,11,2.52,64.71,0,0.00,0,0,0,0.00,0,4,0.00,73,0.92,21,N/A,N/A,N/A,N/A,0.00,0,0.00,0,1.28,0.00,0,89.97,30.00,64,39,0.50,0.69,3,96,71,0,0,0,0.17,0.23,1,61,44.00,0.50,0.69,3,0,0.00,0.00,99,0.00,0,0,0,0.00,0.00,0,0.00,0.00,0.00,0.00,0,0,10.00,75,73,99,95,79,1.87,94,0.31,0.43,1.28,77,0.21,0.29,99,17,2.83,3.89,0.69,0.50,48,3,0.29,77,93,27,86,0,75,19,0,0.00,99,1,0.00,0.23,14.20,10.33,62,40,98,93,9.16,6.67,64.52,6,1.37,19,0,25.00,0,0.00,99,1,0.17,0.23,61,65,86,77,0,0,0,0,0,90,78,84,87,0,99,59,58,58,0,0,59,15,0,0
Belmin Beganovic,22,1094713200,2004/09/09,Bundesliga,2026/2027,Forward,Sturm Graz,135,11,124,Bosnia and Herzegovina,3,1,2,1,0,1,0,0,0,0,0,0,0,0,3,0,3,0,0,0.67,0,0.67,0,0.73,135,2,45,45,0,0,0,-1,-1,-1,4,0,6.72,0,74,18.00,9.00,14,27,5.67,17,10,11.33,11,0.00,0.00,1.33,4,0.00,0.67,0.00,0.00,0,0.00,1.00,0.00,0.00,0.00,0.33,0.67,1.00,4.00,2.67,0.33,1.67,0.00,1.00,0.34,0.00,0.33,0.00,0.00,0,0,,4,1.33,84,3,2.00,97,1,0.67,49,2,1,2,16,0.00,99,0,1,0.67,51,2,54,1.33,61,0,0.00,99,0,0.00,0,0,0.00,0,2.67,93,5,3.33,89,2,1.33,40.00,0,0.00,0,0,0,0.00,0,3,0.00,22,2.00,71,N/A,N/A,N/A,N/A,0.00,0,0.00,0,1.02,0.00,0,62.96,75.00,94,99,0.00,0.00,0,83,50,0,0,0,0.00,0.00,0,53,20.15,0.00,0.00,0,0,0.00,0.00,99,0.00,0,0,0,0.00,0.00,0,0.00,0.00,1.33,0.67,2,0,25.00,92,14,24,77,29,0.18,60,0.06,0.12,1.02,95,0.34,0.68,49,1,0.33,0.67,1.33,0.67,76,2,0.68,94,42,7,86,0,99,41,0,0.00,99,1,0.00,0.67,9.33,4.67,14,4,23,60,2.67,1.33,28.57,3,2.00,7,0,0.00,0,0.00,99,0,0.00,0.00,54,34,74,95,0,0,0,0,0,89,95,97,84,0,99,29,58,58,0,0,59,26,0,0
Bendegúz Bolla,26,943257600,1999/11/22,Bundesliga,2026/2027,Defender,Rapid Wien,450,270,180,Hungary,5,3,2,0,0,0,0,0,0,0,0,2,2,0,6,1,5,1,0,0,0,0,0,0,0,1.2,75,90,450,0,0.2,50,52,20,16,0,6.80,0,74,70.00,70.00,95,350,63.40,317,90,63.40,95,0.00,0.00,1.80,9,0.00,4.20,1.00,1.00,5,0.00,0.40,0.00,0.00,0.00,0.60,0.20,1.40,0.00,0.80,0.80,1.40,0.00,0.00,0.04,0.00,0.20,0.00,0.00,0,0,,4,0.80,41,0,0.00,41,4,0.80,54,0,0,5,35,0.00,99,0,3,0.60,47,21,79,4.20,87,0,0.00,99,0,0.00,0,0,0.00,0,1.80,81,7,1.40,57,1,0.20,14.29,0,0.00,0,0,0,0.00,0,7,0.00,59,1.40,46,N/A,N/A,N/A,N/A,0.00,0,0.00,0,0.21,0.00,0,90.57,0.00,41,57,0.40,0.40,2,38,35,0,0,0,0.00,0.00,0,53,33.99,2.00,2.00,10,0,0.00,0.00,99,0.00,0,0,0,0.00,0.00,0,0.00,0.00,0.00,0.00,0,0,0.00,71,95,93,72,67,1.07,76,0.21,0.21,0.21,35,0.04,0.04,30,2,0.40,0.40,0.60,0.60,41,3,0.04,35,51,58,86,0,75,17,0,0.00,99,1,0.00,0.20,5.40,5.40,27,8,11,17,1.60,1.60,29.63,2,0.40,61,0,28.57,0,0.00,99,6,1.20,1.20,88,97,49,34,0,0,0,0,0,57,72,84,84,0,99,81,99,63,1,20,79,77,0,0
Benedikt Zech,35,657619200,1990/11/03,Bundesliga,2026/2027,Defender,Rheindorf Altach,360,180,180,Austria,4,2,2,0,0,0,0,0,0,0,0,0,0,0,4,2,2,1,0,0,0,0,0,0,0,1,90,90,360,0,0.25,64,58,15,16,0,6.94,0,74,55.75,55.75,84,223,51.75,207,93,51.75,88,0.00,0.00,0.50,2,0.00,0.25,1.50,1.50,6,0.00,0.50,0.00,0.00,0.00,2.00,0.50,1.25,0.00,0.00,0.00,0.50,0.00,0.00,0.00,0.00,1.50,0.00,0.00,0,0,,0,0.00,18,0,0.00,41,0,0.00,23,0,0,4,55,0.00,99,0,8,2.00,94,1,99,0.25,32,0,0.00,99,0,0.00,0,0,0.00,0,0.50,37,2,0.50,31,2,0.50,100.00,0,0.00,0,0,0,0.00,0,5,0.00,71,1.25,40,N/A,N/A,N/A,N/A,0.00,0,0.00,0,0.00,0.00,0,92.83,0.00,41,68,0.25,0.25,1,53,99,0,0,0,0.25,0.25,1,64,27.74,5.50,5.50,22,0,0.00,0.00,99,0.00,0,0,0,0.00,0.00,0,0.00,0.00,0.00,0.00,0,0,0.00,71,64,38,72,77,0.47,60,0.12,0.12,0.00,19,0.00,0.00,18,0,0.00,0.00,0.50,0.50,33,2,0.00,18,69,90,86,0,75,67,0,0.00,99,6,0.00,1.50,6.00,6.00,24,14,37,21,3.50,3.50,58.33,2,0.50,54,0,100.00,0,0.00,99,1,0.25,0.25,65,65,49,34,0,0,0,0,0,57,72,84,84,0,99,29,89,70,1,25,85,23,0,0
Benjamin Böckle,24,1024297200,2002/06/17,Bundesliga,2026/2027,Defender,Rheindorf Altach,442,180,262,Austria,5,2,3,0,0,0,1,1,0,0,0,0,0,0,7,2,5,0,0,0.2,0.2,0,0,0,0,1.43,63,88,0,442,0,54,36,33,13,0,6.79,0.2,79,29.93,29.40,36,147,21.40,107,27,21.79,33,0.00,0.00,0.80,4,0.00,3.20,3.05,3.00,15,0.00,0.40,0.00,0.00,0.00,0.80,0.80,1.60,0.00,0.00,0.00,1.40,0.00,0.00,0.00,0.00,1.60,0.00,0.00,0,0,,0,0.00,18,0,0.00,41,0,0.00,23,1,0,5,93,0.00,99,0,4,0.81,57,16,56,3.26,78,0,0.00,99,0,0.00,0,0,0.00,0,0.81,50,7,1.43,59,4,0.81,57.14,0,0.00,0,0,0,0.00,0,8,0.00,41,1.63,59,N/A,N/A,N/A,N/A,0.00,0,0.00,0,0.00,0.00,0,72.79,0.00,41,13,1.20,1.22,6,67,67,0,0,0,0.60,0.61,3,83,33.94,3.00,3.05,15,0,0.00,0.00,99,0.00,0,0,0,0.00,0.00,0,0.00,0.00,0.00,0.00,0,0,0.00,71,81,93,72,48,0.96,75,0.19,0.20,0.00,19,0.00,0.00,45,3,0.60,0.61,0.81,0.80,54,4,0.00,18,50,71,86,0,75,71,0,0.00,99,8,0.00,1.63,9.37,9.20,46,30,80,61,6.11,6.00,65.22,2,0.41,58,0,12.50,0,0.00,99,2,0.40,0.41,73,97,49,77,0,0,0,0,0,64,72,84,84,0,99,29,58,58,0,0,59,37,0,0
Benjamin Markuš,25,980841600,2001/01/30,Bundesliga,2026/2027,Midfielder,Hartberg,450,270,180,Slovenia,5,3,2,1,0,1,0,0,0,0,0,0,0,0,8,6,2,0,0,0.2,0,0.2,0,0.5,450,1.6,56,90,0,0,0,35,102,-1,2,0,6.91,0,74,44.20,44.20,70,221,34.60,173,41,34.60,66,0.00,0.00,0.80,4,0.00,0.00,2.40,2.40,12,0.00,0.60,0.00,0.00,0.00,0.20,0.60,1.60,3.00,0.60,0.40,0.80,0.00,0.20,0.16,0.00,1.40,0.00,0.00,0,0,,3,0.60,34,1,0.20,48,2,0.40,35,0,0,5,84,0.00,99,0,1,0.20,27,0,54,0.00,27,0,0.00,99,0,0.00,0,0,0.00,0,0.80,50,4,0.80,41,3,0.60,75.00,0,0.00,0,0,0,0.00,0,8,0.00,34,1.60,58,N/A,N/A,N/A,N/A,0.00,0,0.00,0,0.81,0.00,0,78.28,33.33,71,27,1.00,1.00,5,60,83,0,0,0,0.00,0.00,0,53,34.53,3.00,3.00,15,0,0.00,0.00,99,0.00,0,0,0,0.00,0.00,0,0.00,0.00,0.00,0.00,0,0,33.33,96,95,93,99,41,0.51,50,0.10,0.10,0.81,62,0.16,0.16,77,6,1.20,1.20,1.80,1.80,87,9,0.16,62,64,70,86,0,75,64,0,0.00,99,7,0.00,1.40,10.00,10.00,50,27,71,66,5.40,5.40,54.00,3,0.60,50,0,0.00,0,0.00,99,0,0.00,0.00,54,97,49,34,0,0,0,0,0,64,76,90,84,0,99,29,58,58,0,0,59,4,0,0
Beres Owusu,22,1063954800,2003/09/19,Bundesliga,2026/2027,Defender,Grazer AK,450,180,270,France,5,2,3,0,0,0,0,0,0,0,0,1,1,0,13,1,12,1,0,0,0,0,0,0,0,2.6,35,90,450,0,0.2,80,83,51,11,0,6.87,0,74,61.40,61.40,91,307,50.20,251,54,50.20,86,0.00,0.00,0.40,2,0.00,1.20,2.20,2.20,11,0.00,0.20,0.00,0.00,0.00,1.80,0.00,2.60,2.00,0.40,0.40,0.00,0.00,0.00,0.13,0.00,1.00,0.00,0.00,0,0,,2,0.40,26,0,0.00,41,2,0.40,35,0,0,5,78,0.00,99,0,9,1.80,92,6,88,1.20,57,0,0.00,99,0,0.00,0,0,0.00,0,0.40,32,0,0.00,19,0,0.00,0.00,0,0.00,0,0,0,0.00,0,13,0.00,7,2.60,89,N/A,N/A,N/A,N/A,0.00,0,0.00,0,0.67,0.00,0,81.76,0.00,41,57,0.40,0.40,2,33,33,0,0,0,1.00,1.00,5,94,34.35,4.00,4.00,20,0,0.00,0.00,99,0.00,0,0,0,0.00,0.00,0,0.00,0.00,0.00,0.00,0,0,50.00,99,95,93,72,14,0.61,60,0.12,0.12,0.67,59,0.13,0.13,44,3,0.60,0.60,1.00,1.00,64,5,0.13,58,60,79,86,0,75,52,0,0.00,99,5,0.00,1.00,6.60,6.60,33,19,44,27,3.80,3.80,57.58,1,0.20,75,0,33.33,0,0.00,99,2,0.40,0.40,72,97,49,34,0,0,0,0,0,57,72,84,84,0,99,45,99,63,1,20,79,82,0,0
Cheikh Mamadou Diabaté,22,1072944000,2004/01/01,Bundesliga,2026/2027,Defender,Wolfsberger AC,226,180,46,Ivory Coast,3,2,1,0,0,0,0,0,0,0,0,1,1,0,3,1,2,1,0,0,0,0,0,0,0,1.19,75,75,226,0,0.4,-1,-1,-1,19,0,6.50,0,74,37.83,31.67,58,95,30.00,90,99,35.84,67,0.00,0.00,0.33,1,0.00,0.00,2.39,2.00,6,0.00,0.00,0.00,0.00,0.00,1.00,0.33,1.00,0.00,0.40,0.33,0.67,0.00,0.00,0.02,0.00,0.67,0.00,0.00,0,0,,1,0.33,26,0,0.00,41,1,0.40,35,1,0,3,82,0.00,99,0,3,1.19,76,0,54,0.00,27,0,0.00,99,0,0.00,0,0,0.00,0,0.40,32,2,0.80,41,1,0.40,50.00,0,0.00,0,0,0,0.00,0,3,0.00,60,1.19,33,N/A,N/A,N/A,N/A,0.00,0,0.00,0,0.05,0.00,0,94.74,0.00,41,35,0.67,0.80,2,47,63,0,0,0,0.00,0.00,0,53,19.51,1.67,1.99,5,0,0.00,0.00,99,0.00,0,0,0,0.00,0.00,0,0.00,0.00,0.00,0.00,0,0,0.00,71,34,24,72,67,0.23,43,0.08,0.09,0.05,26,0.02,0.02,30,1,0.33,0.40,0.40,0.33,25,1,0.02,26,18,56,86,0,75,46,0,0.00,99,2,0.00,0.80,6.77,5.67,17,10,50,29,3.98,3.33,58.82,0,0.00,99,0,0.00,0,0.00,99,0,0.00,0.00,54,50,49,77,0,0,0,0,0,57,72,84,84,0,99,59,81,81,1,33,90,15,0,0
Cheikne Kébé,20,1132992000,2005/11/26,Bundesliga,2026/2027,Defender,LASK Linz,0,0,0,Mali,0,0,0,0,0,0,0,0,0,0,0,0,0,0,0,0,0,0,0,0,0,0,0,0,0,0,0,0,0,0,0,-1,-1,-1,-1,N/A,N/A,N/A,N/A,N/A,N/A,N/A,N/A,N/A,N/A,N/A,N/A,N/A,N/A,N/A,N/A,N/A,N/A,N/A,N/A,N/A,N/A,N/A,N/A,N/A,N/A,N/A,N/A,N/A,N/A,N/A,N/A,N/A,N/A,N/A,N/A,N/A,N/A,N/A,N/A,N/A,N/A,N/A,N/A,N/A,N/A,N/A,N/A,N/A,N/A,N/A,N/A,N/A,N/A,N/A,N/A,N/A,N/A,N/A,N/A,N/A,N/A,N/A,N/A,N/A,N/A,N/A,N/A,N/A,N/A,N/A,N/A,N/A,N/A,N/A,N/A,N/A,N/A,N/A,N/A,N/A,N/A,N/A,N/A,N/A,N/A,N/A,N/A,N/A,N/A,N/A,N/A,N/A,N/A,N/A,N/A,N/A,N/A,N/A,N/A,N/A,N/A,N/A,N/A,N/A,N/A,N/A,N/A,N/A,N/A,N/A,N/A,N/A,N/A,N/A,N/A,N/A,N/A,N/A,N/A,N/A,N/A,N/A,N/A,N/A,N/A,N/A,N/A,N/A,N/A,N/A,N/A,N/A,N/A,N/A,N/A,N/A,N/A,N/A,N/A,N/A,N/A,N/A,N/A,N/A,N/A,N/A,N/A,N/A,N/A,N/A,N/A,N/A,N/A,N/A,N/A,N/A,N/A,N/A,N/A,N/A,N/A,N/A,N/A,N/A,N/A,N/A,N/A,N/A,N/A,N/A,N/A,N/A,N/A,N/A,N/A,N/A,N/A,N/A,N/A,N/A,N/A,N/A,N/A,N/A,N/A,N/A,N/A,N/A,N/A,N/A,N/A,N/A,N/A,N/A,N/A,N/A,N/A,N/A,N/A,N/A,N/A,N/A,N/A,N/A,N/A,N/A,N/A,N/A,N/A,N/A,N/A,N/A,N/A,N/A,N/A,N/A,N/A,N/A,N/A,N/A,N/A,N/A,N/A
Chilohem Chukwuma Onuoha,21,1115449200,2005/05/07,Bundesliga,2026/2027,Forward,Hartberg,34,34,0,Nigeria,2,2,0,0,0,0,0,0,0,0,0,0,0,0,1,1,0,0,0,0,0,0,0,0,0,2.65,34,17,0,0,0,-1,-1,-1,5,0,6.54,0,74,61.88,11.00,91,22,10.50,21,99,59.06,93,0.00,0.00,0.50,1,0.00,0.00,2.81,0.50,1,0.00,0.50,0.00,0.00,0.00,0.00,1.00,0.50,0.00,2.81,0.50,2.50,0.00,0.00,0.03,0.00,0.00,0.00,0.00,0,0,,1,0.50,86,0,0.00,41,1,2.81,95,0,2,0,90,0.00,99,0,0,0.00,26,0,54,0.00,27,0,0.00,99,0,0.00,0,0,0.00,0,2.81,93,5,14.06,99,2,5.62,40.00,0,0.00,0,0,0,0.00,0,1,0.00,4,2.81,90,N/A,N/A,N/A,N/A,0.00,0,0.00,0,0.05,0.00,0,95.45,0.00,41,99,0.00,0.00,0,99,50,0,0,0,0.00,0.00,0,53,13.08,0.00,0.00,0,0,0.00,0.00,99,0.00,0,0,0,0.00,0.00,0,0.00,0.00,0.00,0.00,0,0,0.00,71,0,11,72,12,0.10,83,0.05,0.28,0.05,59,0.03,0.14,18,0,0.00,0.00,8.44,1.50,99,3,0.14,59,21,7,86,0,75,15,0,0.00,99,0,0.00,0.00,25.31,4.50,9,3,97,99,8.44,1.50,33.33,1,2.81,1,0,0.00,0,0.00,99,0,0.00,0.00,54,4,86,34,0,0,0,0,0,57,72,84,84,0,99,29,58,58,0,0,59,70,0,0
Chris Marco Hoffmann,31,801039600,1995/05/21,Bundesliga,2026/2027,Forward,Hartberg,397,236,161,Germany,5,3,2,2,2,0,1,0,1,0,0,0,0,0,5,4,1,0,0,0.68,0.23,0.45,0.76,0,199,1.13,79,79,0,397,0,13,26,-1,1,0,7.03,0.2,82,19.95,17.60,18,88,14.00,70,48,15.87,20,0.00,0.00,0.80,4,0.00,0.20,1.13,1.00,5,0.00,1.00,0.00,0.00,0.00,0.00,0.40,1.00,5.50,2.49,1.00,0.80,0.00,1.20,0.44,0.00,2.00,0.00,0.00,0,0,,11,2.20,80,6,1.36,92,5,1.13,67,1,0,5,41,0.00,99,0,0,0.00,26,1,99,0.23,31,0,0.00,99,0,0.00,0,0,0.00,0,0.91,54,4,0.91,46,2,0.45,50.00,0,0.00,0,0,0,0.00,0,5,0.00,64,1.13,30,N/A,N/A,N/A,N/A,0.00,0,0.00,0,2.21,0.00,0,79.55,54.55,91,30,0.80,0.91,4,51,63,1,0,0,0.20,0.23,1,61,35.15,0.40,0.45,2,0,0.00,0.00,99,0.00,0,1,0,0.00,0.00,0,0.00,0.00,0.23,0.20,1,0,18.18,84,74,93,83,70,0.86,75,0.17,0.19,1.51,82,0.30,0.34,33,2,0.40,0.45,1.81,1.60,88,8,0.50,90,78,17,86,0,79,84,0,0.00,99,10,0.00,2.27,9.52,8.40,42,19,56,62,4.31,3.80,45.24,5,1.13,29,0,100.00,0,0.00,99,1,0.20,0.23,61,97,49,77,0,0,0,0,0,90,89,84,92,0,99,29,58,58,0,0,59,22,0,0
Christian Früchtl,26,949046400,2000/01/28,Bundesliga,2026/2027,Goalkeeper,Salzburg,0,0,0,Germany,0,0,0,0,0,0,0,0,0,0,0,0,0,0,0,0,0,0,0,0,0,0,0,0,0,0,0,0,0,0,0,-1,-1,-1,-1,N/A,N/A,N/A,N/A,N/A,N/A,N/A,N/A,N/A,N/A,N/A,N/A,N/A,N/A,N/A,N/A,N/A,N/A,N/A,N/A,N/A,N/A,N/A,N/A,N/A,N/A,N/A,N/A,N/A,N/A,N/A,N/A,N/A,N/A,N/A,N/A,N/A,N/A,N/A,N/A,N/A,N/A,N/A,N/A,N/A,N/A,N/A,N/A,N/A,N/A,N/A,N/A,N/A,N/A,N/A,N/A,N/A,N/A,N/A,N/A,N/A,N/A,N/A,N/A,N/A,N/A,N/A,N/A,N/A,N/A,N/A,N/A,N/A,N/A,N/A,N/A,N/A,N/A,N/A,N/A,N/A,N/A,N/A,N/A,N/A,N/A,N/A,N/A,N/A,N/A,N/A,N/A,N/A,N/A,N/A,N/A,N/A,N/A,N/A,N/A,N/A,N/A,N/A,N/A,N/A,N/A,N/A,N/A,N/A,N/A,N/A,N/A,N/A,N/A,N/A,N/A,N/A,N/A,N/A,N/A,N/A,N/A,N/A,N/A,N/A,N/A,N/A,N/A,N/A,N/A,N/A,N/A,N/A,N/A,N/A,N/A,N/A,N/A,N/A,N/A,N/A,N/A,N/A,N/A,N/A,N/A,N/A,N/A,N/A,N/A,N/A,N/A,N/A,N/A,N/A,N/A,N/A,N/A,N/A,N/A,N/A,N/A,N/A,N/A,N/A,N/A,N/A,N/A,N/A,N/A,N/A,N/A,N/A,N/A,N/A,N/A,N/A,N/A,N/A,N/A,N/A,N/A,N/A,N/A,N/A,N/A,N/A,N/A,N/A,N/A,N/A,N/A,N/A,N/A,N/A,N/A,N/A,N/A,N/A,N/A,N/A,N/A,N/A,N/A,N/A,N/A,N/A,N/A,N/A,N/A,N/A,N/A,N/A,N/A,N/A,N/A,N/A,N/A,N/A,N/A,N/A,N/A,N/A,N/A
Christian Lichtenberger,30,818755200,1995/12/12,Bundesliga,2026/2027,Midfielder,Grazer AK,237,84,153,Austria,4,2,2,0,0,0,1,1,0,0,0,1,1,0,5,1,4,0,0,0.38,0.38,0,0,0,0,1.9,47,59,0,237,0,-1,-1,-1,18,0,6.67,0.25,93,30.76,20.25,39,81,18.25,73,88,27.72,51,0.00,0.00,0.75,3,0.00,1.00,1.90,1.25,5,0.00,0.75,0.00,0.00,0.00,0.25,0.50,1.25,0.00,1.52,0.75,2.25,0.00,0.25,0.07,0.00,1.00,0.00,0.00,0,0,,4,1.00,62,1,0.38,57,3,1.14,68,2,1,3,69,0.00,99,0,1,0.38,35,4,76,1.52,64,0,0.00,99,0,0.00,0,0,0.00,0,1.14,65,9,3.42,90,2,0.76,22.22,0,0.00,0,0,0,0.00,0,5,0.00,24,1.90,67,N/A,N/A,N/A,N/A,0.00,0,0.00,0,0.26,0.00,0,90.12,25.00,59,59,0.25,0.38,1,65,37,0,0,0,0.00,0.00,0,53,26.68,0.50,0.76,2,0,0.00,0.00,99,0.00,0,0,1,0.25,0.38,0,0.00,0.00,0.00,0.00,0,0,0.00,71,38,38,72,31,0.83,89,0.21,0.32,0.26,55,0.07,0.10,98,7,1.75,2.66,0.00,0.00,19,0,0.10,54,35,29,97,0,75,67,0,0.00,99,4,0.00,1.52,13.29,8.75,35,18,91,89,6.84,4.50,51.43,3,1.14,28,0,25.00,0,0.00,99,1,0.25,0.38,69,50,74,95,0,0,0,0,0,77,72,84,84,0,99,51,58,58,0,0,59,10,0,0
Christian Zawieschitzky,19,1178089200,2007/05/02,Bundesliga,2026/2027,Goalkeeper,Salzburg,540,270,270,Austria,6,3,3,0,0,0,0,0,0,0,0,2,1,1,4,2,2,0,0,0,0,0,0,0,0,0.67,135,90,0,0,0,110,81,7,16,0,6.80,0,74,31.00,31.00,39,186,27.00,162,76,27.00,50,0.00,0.00,0.00,0,0.00,0.00,0.00,0.00,0,0.00,0.00,0.00,0.00,1.83,0.00,0.00,2.50,0.00,0.00,0.00,0.00,0.00,0.00,0.00,0.00,0.50,0.00,0.00,0,0,,0,0.00,18,0,0.00,41,0,0.00,23,0,0,6,16,0.00,99,0,0,0.00,26,0,54,0.00,27,0,0.00,99,0,0.00,0,0,0.00,0,0.00,21,0,0.00,19,0,0.00,0.00,0,0.00,0,11,62,1.83,19,15,0.00,81,2.50,86,N/A,N/A,N/A,N/A,73.33,0,0.00,0,0.00,0.00,0,87.10,0.00,41,99,0.00,0.00,0,33,33,0,0,7,0.00,0.00,0,53,40.81,0.83,0.83,5,0,0.00,0.00,99,0.00,1,0,0,0.00,0.00,0,0.00,0.00,0.00,0.00,0,0,0.00,71,99,99,72,88,0.34,24,0.06,0.06,0.00,19,0.00,0.00,25,2,0.33,0.33,0.00,0.00,19,0,0.00,18,51,31,86,0,75,30,0,0.00,99,3,0.00,0.50,0.67,0.67,4,4,7,5,0.67,0.67,100.00,0,0.00,99,0,0.00,0,0.00,99,0,0.00,0.00,54,99,49,34,0,0,0,0,0,57,72,84,84,0,99,59,58,58,0,0,59,52,0,0
Christoph Hasenhüttl,16,1266307200,2010/02/16,Bundesliga,2026/2027,Defender,Grazer AK,0,0,0,Austria,0,0,0,0,0,0,0,0,0,0,0,0,0,0,0,0,0,0,0,0,0,0,0,0,0,0,0,0,0,0,0,-1,-1,-1,-1,N/A,N/A,N/A,N/A,N/A,N/A,N/A,N/A,N/A,N/A,N/A,N/A,N/A,N/A,N/A,N/A,N/A,N/A,N/A,N/A,N/A,N/A,N/A,N/A,N/A,N/A,N/A,N/A,N/A,N/A,N/A,N/A,N/A,N/A,N/A,N/A,N/A,N/A,N/A,N/A,N/A,N/A,N/A,N/A,N/A,N/A,N/A,N/A,N/A,N/A,N/A,N/A,N/A,N/A,N/A,N/A,N/A,N/A,N/A,N/A,N/A,N/A,N/A,N/A,N/A,N/A,N/A,N/A,N/A,N/A,N/A,N/A,N/A,N/A,N/A,N/A,N/A,N/A,N/A,N/A,N/A,N/A,N/A,N/A,N/A,N/A,N/A,N/A,N/A,N/A,N/A,N/A,N/A,N/A,N/A,N/A,N/A,N/A,N/A,N/A,N/A,N/A,N/A,N/A,N/A,N/A,N/A,N/A,N/A,N/A,N/A,N/A,N/A,N/A,N/A,N/A,N/A,N/A,N/A,N/A,N/A,N/A,N/A,N/A,N/A,N/A,N/A,N/A,N/A,N/A,N/A,N/A,N/A,N/A,N/A,N/A,N/A,N/A,N/A,N/A,N/A,N/A,N/A,N/A,N/A,N/A,N/A,N/A,N/A,N/A,N/A,N/A,N/A,N/A,N/A,N/A,N/A,N/A,N/A,N/A,N/A,N/A,N/A,N/A,N/A,N/A,N/A,N/A,N/A,N/A,N/A,N/A,N/A,N/A,N/A,N/A,N/A,N/A,N/A,N/A,N/A,N/A,N/A,N/A,N/A,N/A,N/A,N/A,N/A,N/A,N/A,N/A,N/A,N/A,N/A,N/A,N/A,N/A,N/A,N/A,N/A,N/A,N/A,N/A,N/A,N/A,N/A,N/A,N/A,N/A,N/A,N/A,N/A,N/A,N/A,N/A,N/A,N/A,N/A,N/A,N/A,N/A,N/A,N/A
Christoph Lang,24,1010390400,2002/01/07,Bundesliga,2026/2027,Forward,LASK Linz,358,206,152,Austria,5,3,2,4,4,0,0,0,0,0,0,3,2,1,1,0,1,0,0,1.01,0,1.01,1.75,0,90,0.25,358,72,0,0,0,1,88,-1,1,0,7.41,0,74,28.66,22.80,32,114,19.20,96,64,24.13,42,0.00,0.00,1.40,7,0.00,0.40,1.51,1.20,6,0.00,1.20,0.00,0.00,0.00,0.20,1.00,0.20,2.75,2.77,0.40,2.20,0.00,1.80,0.71,0.00,0.40,0.00,0.00,0,0,,11,2.20,85,9,2.26,99,2,0.50,39,1,1,4,56,0.00,99,0,1,0.25,31,2,54,0.50,40,0,0.00,99,0,0.00,0,0,0.00,0,1.76,80,11,2.77,85,5,1.26,45.45,0,0.00,0,0,0,0.00,0,1,0.00,93,0.25,1,N/A,N/A,N/A,N/A,0.00,0,0.00,0,3.57,0.00,0,84.21,81.82,96,50,0.40,0.50,2,82,54,0,0,0,0.00,0.00,0,53,37.03,0.40,0.50,2,0,0.00,0.00,99,0.00,0,0,1,0.20,0.25,0,0.00,0.00,0.50,0.40,2,0,36.36,97,63,93,75,99,0.50,63,0.10,0.13,3.57,98,0.71,0.90,81,5,1.00,1.26,0.75,0.60,50,3,0.90,98,94,19,92,0,90,30,0,0.00,99,2,0.00,0.50,10.31,8.20,41,18,59,72,4.53,3.60,43.90,6,1.51,16,0,0.00,0,0.00,99,0,0.00,0.00,54,65,74,77,0,1,0,20,0,94,98,84,99,0,99,95,58,58,0,0,59,27,0,0
Christoph Nicht,32,757756800,1994/01/05,Bundesliga,2026/2027,Goalkeeper,Grazer AK,0,0,0,Austria,0,0,0,0,0,0,0,0,0,0,0,0,0,0,0,0,0,0,0,0,0,0,0,0,0,0,0,0,0,0,0,-1,-1,-1,-1,N/A,N/A,N/A,N/A,N/A,N/A,N/A,N/A,N/A,N/A,N/A,N/A,N/A,N/A,N/A,N/A,N/A,N/A,N/A,N/A,N/A,N/A,N/A,N/A,N/A,N/A,N/A,N/A,N/A,N/A,N/A,N/A,N/A,N/A,N/A,N/A,N/A,N/A,N/A,N/A,N/A,N/A,N/A,N/A,N/A,N/A,N/A,N/A,N/A,N/A,N/A,N/A,N/A,N/A,N/A,N/A,N/A,N/A,N/A,N/A,N/A,N/A,N/A,N/A,N/A,N/A,N/A,N/A,N/A,N/A,N/A,N/A,N/A,N/A,N/A,N/A,N/A,N/A,N/A,N/A,N/A,N/A,N/A,N/A,N/A,N/A,N/A,N/A,N/A,N/A,N/A,N/A,N/A,N/A,N/A,N/A,N/A,N/A,N/A,N/A,N/A,N/A,N/A,N/A,N/A,N/A,N/A,N/A,N/A,N/A,N/A,N/A,N/A,N/A,N/A,N/A,N/A,N/A,N/A,N/A,N/A,N/A,N/A,N/A,N/A,N/A,N/A,N/A,N/A,N/A,N/A,N/A,N/A,N/A,N/A,N/A,N/A,N/A,N/A,N/A,N/A,N/A,N/A,N/A,N/A,N/A,N/A,N/A,N/A,N/A,N/A,N/A,N/A,N/A,N/A,N/A,N/A,N/A,N/A,N/A,N/A,N/A,N/A,N/A,N/A,N/A,N/A,N/A,N/A,N/A,N/A,N/A,N/A,N/A,N/A,N/A,N/A,N/A,N/A,N/A,N/A,N/A,N/A,N/A,N/A,N/A,N/A,N/A,N/A,N/A,N/A,N/A,N/A,N/A,N/A,N/A,N/A,N/A,N/A,N/A,N/A,N/A,N/A,N/A,N/A,N/A,N/A,N/A,N/A,N/A,N/A,N/A,N/A,N/A,N/A,N/A,N/A,N/A,N/A,N/A,N/A,N/A,N/A,N/A
Christoph Wiener-Pucher,19,1160290800,2006/10/08,Bundesliga,2026/2027,Goalkeeper,Sturm Graz,0,0,0,Austria,0,0,0,0,0,0,0,0,0,0,0,0,0,0,0,0,0,0,0,0,0,0,0,0,0,0,0,0,0,0,0,-1,-1,-1,-1,N/A,N/A,N/A,N/A,N/A,N/A,N/A,N/A,N/A,N/A,N/A,N/A,N/A,N/A,N/A,N/A,N/A,N/A,N/A,N/A,N/A,N/A,N/A,N/A,N/A,N/A,N/A,N/A,N/A,N/A,N/A,N/A,N/A,N/A,N/A,N/A,N/A,N/A,N/A,N/A,N/A,N/A,N/A,N/A,N/A,N/A,N/A,N/A,N/A,N/A,N/A,N/A,N/A,N/A,N/A,N/A,N/A,N/A,N/A,N/A,N/A,N/A,N/A,N/A,N/A,N/A,N/A,N/A,N/A,N/A,N/A,N/A,N/A,N/A,N/A,N/A,N/A,N/A,N/A,N/A,N/A,N/A,N/A,N/A,N/A,N/A,N/A,N/A,N/A,N/A,N/A,N/A,N/A,N/A,N/A,N/A,N/A,N/A,N/A,N/A,N/A,N/A,N/A,N/A,N/A,N/A,N/A,N/A,N/A,N/A,N/A,N/A,N/A,N/A,N/A,N/A,N/A,N/A,N/A,N/A,N/A,N/A,N/A,N/A,N/A,N/A,N/A,N/A,N/A,N/A,N/A,N/A,N/A,N/A,N/A,N/A,N/A,N/A,N/A,N/A,N/A,N/A,N/A,N/A,N/A,N/A,N/A,N/A,N/A,N/A,N/A,N/A,N/A,N/A,N/A,N/A,N/A,N/A,N/A,N/A,N/A,N/A,N/A,N/A,N/A,N/A,N/A,N/A,N/A,N/A,N/A,N/A,N/A,N/A,N/A,N/A,N/A,N/A,N/A,N/A,N/A,N/A,N/A,N/A,N/A,N/A,N/A,N/A,N/A,N/A,N/A,N/A,N/A,N/A,N/A,N/A,N/A,N/A,N/A,N/A,N/A,N/A,N/A,N/A,N/A,N/A,N/A,N/A,N/A,N/A,N/A,N/A,N/A,N/A,N/A,N/A,N/A,N/A,N/A,N/A,N/A,N/A,N/A,N/A
Cican Stankovic,33,720864000,1992/11/04,Bundesliga,2026/2027,Goalkeeper,Grazer AK,450,180,270,Austria,5,2,3,0,0,0,0,0,0,0,0,1,1,0,13,1,12,0,0,0,0,0,0,0,0,2.6,35,90,0,0,0,83,86,49,17,0,7.00,0,74,30.20,30.20,37,151,23.00,115,35,23.00,38,0.00,0.00,0.00,0,0.00,0.00,0.00,0.00,0,0.00,0.00,0.00,0.00,4.00,0.00,0.20,6.60,0.00,0.00,0.00,0.20,0.00,0.00,0.00,0.00,0.40,0.00,0.00,0,0,,0,0.00,18,0,0.00,41,0,0.00,23,0,0,5,16,0.00,99,0,0,0.00,26,0,54,0.00,27,0,0.00,99,0,0.00,0,0,0.00,0,0.00,21,1,0.20,23,1,0.20,100.00,0,0.00,0,20,25,4.00,81,33,0.00,7,6.60,99,N/A,N/A,N/A,N/A,60.61,0,0.00,0,0.00,0.00,0,76.16,0.00,41,99,0.00,0.00,0,38,99,0,0,10,0.00,0.00,0,53,34.99,1.80,1.80,9,0,0.00,0.00,99,0.00,0,0,0,0.00,0.00,5,1.00,1.00,0.00,0.00,0,0,0.00,71,95,93,72,14,0.22,9,0.04,0.04,0.00,19,0.00,0.00,20,1,0.20,0.20,0.00,0.00,19,0,0.00,18,75,54,86,92,75,26,0,0.00,99,2,0.00,0.40,0.80,0.80,4,4,7,6,0.80,0.80,100.00,0,0.00,99,0,0.00,0,0.00,99,0,0.00,0.00,54,97,49,34,0,0,0,0,0,57,72,84,84,0,99,45,58,58,0,0,59,23,0,0
Claudy M'Buyi,27,928393200,1999/06/03,Bundesliga,2026/2027,Forward,Rapid Wien,0,0,0,France,0,0,0,0,0,0,0,0,0,0,0,0,0,0,0,0,0,0,0,0,0,0,0,0,0,0,0,0,0,0,0,-1,-1,-1,-1,N/A,N/A,N/A,N/A,N/A,N/A,N/A,N/A,N/A,N/A,N/A,N/A,N/A,N/A,N/A,N/A,N/A,N/A,N/A,N/A,N/A,N/A,N/A,N/A,N/A,N/A,N/A,N/A,N/A,N/A,N/A,N/A,N/A,N/A,N/A,N/A,N/A,N/A,N/A,N/A,N/A,N/A,N/A,N/A,N/A,N/A,N/A,N/A,N/A,N/A,N/A,N/A,N/A,N/A,N/A,N/A,N/A,N/A,N/A,N/A,N/A,N/A,N/A,N/A,N/A,N/A,N/A,N/A,N/A,N/A,N/A,N/A,N/A,N/A,N/A,N/A,N/A,N/A,N/A,N/A,N/A,N/A,N/A,N/A,N/A,N/A,N/A,N/A,N/A,N/A,N/A,N/A,N/A,N/A,N/A,N/A,N/A,N/A,N/A,N/A,N/A,N/A,N/A,N/A,N/A,N/A,N/A,N/A,N/A,N/A,N/A,N/A,N/A,N/A,N/A,N/A,N/A,N/A,N/A,N/A,N/A,N/A,N/A,N/A,N/A,N/A,N/A,N/A,N/A,N/A,N/A,N/A,N/A,N/A,N/A,N/A,N/A,N/A,N/A,N/A,N/A,N/A,N/A,N/A,N/A,N/A,N/A,N/A,N/A,N/A,N/A,N/A,N/A,N/A,N/A,N/A,N/A,N/A,N/A,N/A,N/A,N/A,N/A,N/A,N/A,N/A,N/A,N/A,N/A,N/A,N/A,N/A,N/A,N/A,N/A,N/A,N/A,N/A,N/A,N/A,N/A,N/A,N/A,N/A,N/A,N/A,N/A,N/A,N/A,N/A,N/A,N/A,N/A,N/A,N/A,N/A,N/A,N/A,N/A,N/A,N/A,N/A,N/A,N/A,N/A,N/A,N/A,N/A,N/A,N/A,N/A,N/A,N/A,N/A,N/A,N/A,N/A,N/A,N/A,N/A,N/A,N/A,N/A,N/A
Damir Redzic,23,1048406400,2003/03/23,Bundesliga,2026/2027,Forward,Salzburg,266,155,111,Hungary,5,2,3,0,0,0,0,0,0,0,0,2,1,1,3,1,2,0,0,0,0,0,0,0,0,1.02,89,53,0,0,0,-1,-1,-1,23,0,6.72,0,74,29.89,17.60,35,88,15.40,77,79,26.15,49,0.00,0.00,0.60,3,0.00,5.60,1.70,1.00,5,0.00,1.40,0.00,0.00,0.00,0.00,1.40,0.60,0.00,1.36,0.20,3.20,0.00,0.60,0.10,0.00,0.20,0.00,0.00,0,0,,4,0.80,59,3,1.02,84,1,0.34,29,2,2,3,64,0.00,99,0,0,0.00,26,28,61,9.51,99,0,0.00,99,0,0.00,0,0,0.00,0,1.02,61,16,5.43,97,7,2.38,43.75,0,0.00,0,0,0,0.00,0,3,0.00,68,1.02,26,N/A,N/A,N/A,N/A,0.00,0,0.00,0,0.52,0.00,0,87.50,75.00,94,99,0.00,0.00,0,94,53,0,0,0,0.00,0.00,0,53,33.61,0.20,0.34,1,0,0.00,0.00,99,0.00,0,0,0,0.00,0.00,0,0.00,0.00,0.34,0.20,1,0,0.00,71,42,93,72,75,0.24,33,0.05,0.08,0.52,66,0.10,0.18,97,7,1.40,2.38,0.68,0.40,47,2,0.18,66,42,12,86,0,85,22,0,0.00,99,1,0.00,0.34,12.91,7.60,38,20,89,87,6.79,4.00,52.63,7,2.38,3,0,17.86,0,0.00,99,5,1.00,1.70,95,50,86,95,0,0,0,0,0,57,72,84,84,0,99,81,58,58,0,0,59,23,0,0
Daniel Antosch,26,952416000,2000/03/07,Bundesliga,2026/2027,Goalkeeper,Rheindorf Altach,0,0,0,Austria,0,0,0,0,0,0,0,0,0,0,0,0,0,0,0,0,0,0,0,0,0,0,0,0,0,0,0,0,0,0,0,-1,-1,-1,-1,N/A,N/A,N/A,N/A,N/A,N/A,N/A,N/A,N/A,N/A,N/A,N/A,N/A,N/A,N/A,N/A,N/A,N/A,N/A,N/A,N/A,N/A,N/A,N/A,N/A,N/A,N/A,N/A,N/A,N/A,N/A,N/A,N/A,N/A,N/A,N/A,N/A,N/A,N/A,N/A,N/A,N/A,N/A,N/A,N/A,N/A,N/A,N/A,N/A,N/A,N/A,N/A,N/A,N/A,N/A,N/A,N/A,N/A,N/A,N/A,N/A,N/A,N/A,N/A,N/A,N/A,N/A,N/A,N/A,N/A,N/A,N/A,N/A,N/A,N/A,N/A,N/A,N/A,N/A,N/A,N/A,N/A,N/A,N/A,N/A,N/A,N/A,N/A,N/A,N/A,N/A,N/A,N/A,N/A,N/A,N/A,N/A,N/A,N/A,N/A,N/A,N/A,N/A,N/A,N/A,N/A,N/A,N/A,N/A,N/A,N/A,N/A,N/A,N/A,N/A,N/A,N/A,N/A,N/A,N/A,N/A,N/A,N/A,N/A,N/A,N/A,N/A,N/A,N/A,N/A,N/A,N/A,N/A,N/A,N/A,N/A,N/A,N/A,N/A,N/A,N/A,N/A,N/A,N/A,N/A,N/A,N/A,N/A,N/A,N/A,N/A,N/A,N/A,N/A,N/A,N/A,N/A,N/A,N/A,N/A,N/A,N/A,N/A,N/A,N/A,N/A,N/A,N/A,N/A,N/A,N/A,N/A,N/A,N/A,N/A,N/A,N/A,N/A,N/A,N/A,N/A,N/A,N/A,N/A,N/A,N/A,N/A,N/A,N/A,N/A,N/A,N/A,N/A,N/A,N/A,N/A,N/A,N/A,N/A,N/A,N/A,N/A,N/A,N/A,N/A,N/A,N/A,N/A,N/A,N/A,N/A,N/A,N/A,N/A,N/A,N/A,N/A,N/A,N/A,N/A,N/A,N/A,N/A,N/A
Daniel Maderner,30,813481200,1995/10/12,Bundesliga,2026/2027,Forward,Grazer AK,209,71,138,Austria,5,2,3,0,0,0,0,0,0,0,0,1,1,0,5,0,5,1,0,0,0,0,0,0,0,2.15,42,42,209,0,0.43,-1,-1,-1,19,0,6.49,0,74,11.63,5.40,2,27,3.00,15,4,6.46,1,0.00,0.00,0.20,1,0.00,0.80,0.86,0.40,2,0.00,0.80,0.00,0.00,0.00,0.20,0.20,1.00,0.00,2.58,1.00,0.40,0.00,0.20,0.09,0.00,1.00,0.00,0.00,0,0,,6,1.20,82,1,0.43,63,5,2.15,91,1,3,2,32,0.00,99,0,1,0.43,39,4,76,1.72,68,0,0.00,99,0,0.00,0,0,0.00,0,0.43,34,2,0.86,43,1,0.43,50.00,0,0.00,0,0,0,0.00,0,5,0.00,16,2.15,77,N/A,N/A,N/A,N/A,0.00,0,0.00,0,0.45,0.00,0,55.56,16.67,46,31,0.40,0.86,2,49,63,0,0,0,0.00,0.00,0,53,32.46,1.00,2.15,5,0,0.00,0.00,99,0.00,0,0,0,0.00,0.00,0,0.00,0.00,0.86,0.40,2,0,0.00,71,30,93,72,23,0.06,5,0.01,0.03,0.45,67,0.09,0.19,58,2,0.40,0.86,5.17,2.40,99,12,0.19,67,17,61,86,0,93,81,0,0.00,99,5,0.00,2.15,12.92,6.00,30,10,56,88,4.31,2.00,33.33,4,1.72,12,0,25.00,0,0.00,99,1,0.20,0.43,73,34,95,77,0,0,0,0,0,57,72,84,84,0,99,45,75,83,1,20,79,9,0,0
Daniel Nnodim,18,1196928000,2007/12/06,Bundesliga,2026/2027,Defender,Austria Wien,178,0,178,Austria,4,1,3,1,0,1,0,0,0,0,0,1,0,1,4,0,4,1,0,0.51,0,0.51,0,0.51,178,2.02,45,45,178,0,0.51,-1,-1,-1,2,0,4.98,0,74,30.34,15.00,38,60,11.25,45,32,22.75,36,0.00,0.00,0.50,2,0.00,1.75,1.01,0.50,2,0.00,0.50,0.00,0.00,0.00,0.00,0.00,1.00,1.00,0.51,0.00,0.00,0.00,0.25,0.18,0.00,0.25,0.00,0.00,0,0,,1,0.25,30,1,0.51,67,0,0.00,23,1,2,2,36,0.00,99,0,0,0.00,26,7,79,3.54,81,0,0.00,99,0,0.00,0,0,0.00,0,1.01,60,0,0.00,19,0,0.00,0.00,0,0.00,0,0,0,0.00,0,4,0.00,19,2.02,72,N/A,N/A,N/A,N/A,0.00,0,0.00,0,0.71,0.00,0,75.00,100.00,99,47,0.25,0.51,1,33,33,0,0,0,0.00,0.00,0,53,19.93,1.00,2.02,4,0,0.00,0.00,99,0.00,0,0,0,0.00,0.00,0,0.00,0.00,0.00,0.00,0,0,100.00,99,23,38,82,29,0.19,50,0.05,0.10,0.71,84,0.18,0.36,69,2,0.50,1.01,1.01,0.50,65,2,0.36,83,2,59,86,0,75,31,0,0.00,99,1,0.00,0.51,6.57,3.25,13,5,20,26,2.53,1.25,38.46,2,1.01,33,0,28.57,0,0.00,99,2,0.50,1.01,84,34,86,77,0,0,0,0,0,82,90,91,84,0,99,51,73,87,1,25,85,40,0,0
Daniil Khudyakov,22,1073635200,2004/01/09,Bundesliga,2026/2027,Goalkeeper,Sturm Graz,270,90,180,Russia,3,1,2,0,0,0,0,0,0,0,0,2,1,1,1,0,1,0,0,0,0,0,0,0,0,0.33,270,90,0,0,0,-1,-1,-1,17,0,6.98,0,74,21.67,21.67,19,65,13.67,41,10,13.67,17,0.00,0.00,0.00,0,0.00,0.00,0.00,0.00,0,0.00,0.00,0.00,0.00,2.00,0.00,0.00,2.33,0.00,0.00,0.00,0.00,0.00,0.00,0.00,0.00,0.00,0.00,0.00,0,0,,0,0.00,18,0,0.00,41,0,0.00,23,0,0,3,16,0.00,99,0,0,0.00,26,0,54,0.00,27,0,0.00,99,0,0.00,0,0,0.00,0,0.00,21,0,0.00,19,0,0.00,0.00,0,0.00,0,6,94,2.00,31,7,0.00,92,2.33,82,N/A,N/A,N/A,N/A,85.71,0,0.00,0,0.00,0.00,0,63.08,0.00,41,99,0.00,0.00,0,33,33,0,0,5,0.00,0.00,0,53,20.94,1.67,1.67,5,0,0.00,0.00,99,0.00,0,0,0,0.00,0.00,2,0.67,0.67,0.00,0.00,0,0,0.00,71,46,24,72,99,0.09,5,0.03,0.03,0.00,19,0.00,0.00,18,0,0.00,0.00,0.00,0.00,19,0,0.00,18,73,51,86,50,75,15,0,0.00,99,0,0.00,0.00,0.00,0.00,0,0,3,2,0.00,0.00,0.00,0,0.00,99,0,0.00,0,0.00,99,0,0.00,0.00,54,50,49,34,0,0,0,0,0,57,72,84,84,0,99,99,58,58,0,0,59,53,0,0
Danilo Soares,34,688723200,1991/10/29,Bundesliga,2026/2027,Defender,Austria Lustenau,423,243,180,Brazil,5,3,2,0,0,0,2,1,1,0,0,0,0,0,9,6,3,1,0,0.43,0.43,0,0,0,0,1.91,47,85,423,212,0.21,67,6,44,4,0,7.15,0.4,94,35.96,33.80,52,169,27.20,136,51,28.94,53,0.00,0.00,1.80,9,0.00,3.40,3.40,3.20,16,0.00,0.00,0.00,0.00,0.00,1.80,0.00,1.80,0.00,0.64,0.60,0.20,0.00,0.00,0.03,0.00,1.80,0.00,0.00,0,0,,3,0.60,37,0,0.00,41,3,0.64,46,1,0,5,96,0.00,99,0,9,1.91,93,17,69,3.62,83,0,0.00,99,0,0.00,0,0,0.00,0,1.91,84,1,0.21,23,0,0.00,0.00,0,0.00,0,0,0,0.00,0,9,0.00,24,1.91,68,N/A,N/A,N/A,N/A,0.00,0,0.00,0,0.15,0.00,0,80.47,0.00,41,41,0.60,0.64,3,33,33,0,0,0,0.40,0.43,2,75,35.73,3.20,3.40,16,0,0.00,0.00,99,0.00,0,0,0,0.00,0.00,0,0.00,0.00,0.00,0.00,0,0,0.00,71,77,93,72,31,1.80,92,0.36,0.38,0.15,31,0.03,0.03,57,4,0.80,0.85,0.85,0.80,56,4,0.03,31,86,73,86,0,75,75,0,0.00,99,9,0.00,1.91,8.09,7.60,38,29,82,42,6.17,5.80,76.32,0,0.00,99,0,23.53,0,0.00,99,4,0.80,0.85,80,97,49,77,0,0,0,0,0,80,72,84,84,0,99,29,94,66,1,20,79,3,0,0
David Falkner,19,1181458800,2007/06/10,Bundesliga,2026/2027,Midfielder,Wattens,1,1,0,Austria,1,1,0,0,0,0,0,0,0,0,0,0,0,0,0,0,0,0,0,0,0,0,0,0,0,0,0,1,0,0,0,-1,-1,-1,7,0,0.00,0,74,0.00,0.00,0,0,0.00,0,0,0.00,0,0.00,0.00,0.00,0,0.00,0.00,0.00,0.00,0,0.00,0.00,0.00,0.00,0.00,0.00,0.00,0.00,0.00,0.00,0.00,0.00,0.00,0.00,0.00,0.00,0.00,0.00,0.00,0,0,,0,0.00,18,0,0.00,41,0,0.00,23,0,1,0,16,0.00,99,0,0,0.00,26,0,54,0.00,27,0,0.00,99,0,0.00,0,0,0.00,0,0.00,21,0,0.00,19,0,0.00,0.00,0,0.00,0,0,0,0.00,0,0,0.00,99,0.00,0,N/A,N/A,N/A,N/A,0.00,0,0.00,0,0.00,0.00,0,0.00,0.00,41,99,0.00,0.00,0,33,33,0,0,0,0.00,0.00,0,53,0.00,0.00,0.00,0,0,0.00,0.00,99,0.00,0,0,0,0.00,0.00,0,0.00,0.00,0.00,0.00,0,0,0.00,71,0,3,72,7,0.00,0,0.00,0.00,0.00,19,0.00,0.00,18,0,0.00,0.00,0.00,0.00,19,0,0.00,18,0,7,86,0,75,15,0,0.00,99,0,0.00,0.00,0.00,0.00,0,0,3,2,0.00,0.00,0.00,0,0.00,99,0,0.00,0,0.00,99,0,0.00,0.00,54,4,74,34,0,0,0,0,0,57,72,84,84,0,99,29,58,58,0,0,59,22,0,0
David Franz Skubl,24,1000796400,2001/09/18,Bundesliga,2026/2027,Goalkeeper,Wolfsberger AC,0,0,0,Austria,0,0,0,0,0,0,0,0,0,0,0,0,0,0,0,0,0,0,0,0,0,0,0,0,0,0,0,0,0,0,0,-1,-1,-1,-1,N/A,N/A,N/A,N/A,N/A,N/A,N/A,N/A,N/A,N/A,N/A,N/A,N/A,N/A,N/A,N/A,N/A,N/A,N/A,N/A,N/A,N/A,N/A,N/A,N/A,N/A,N/A,N/A,N/A,N/A,N/A,N/A,N/A,N/A,N/A,N/A,N/A,N/A,N/A,N/A,N/A,N/A,N/A,N/A,N/A,N/A,N/A,N/A,N/A,N/A,N/A,N/A,N/A,N/A,N/A,N/A,N/A,N/A,N/A,N/A,N/A,N/A,N/A,N/A,N/A,N/A,N/A,N/A,N/A,N/A,N/A,N/A,N/A,N/A,N/A,N/A,N/A,N/A,N/A,N/A,N/A,N/A,N/A,N/A,N/A,N/A,N/A,N/A,N/A,N/A,N/A,N/A,N/A,N/A,N/A,N/A,N/A,N/A,N/A,N/A,N/A,N/A,N/A,N/A,N/A,N/A,N/A,N/A,N/A,N/A,N/A,N/A,N/A,N/A,N/A,N/A,N/A,N/A,N/A,N/A,N/A,N/A,N/A,N/A,N/A,N/A,N/A,N/A,N/A,N/A,N/A,N/A,N/A,N/A,N/A,N/A,N/A,N/A,N/A,N/A,N/A,N/A,N/A,N/A,N/A,N/A,N/A,N/A,N/A,N/A,N/A,N/A,N/A,N/A,N/A,N/A,N/A,N/A,N/A,N/A,N/A,N/A,N/A,N/A,N/A,N/A,N/A,N/A,N/A,N/A,N/A,N/A,N/A,N/A,N/A,N/A,N/A,N/A,N/A,N/A,N/A,N/A,N/A,N/A,N/A,N/A,N/A,N/A,N/A,N/A,N/A,N/A,N/A,N/A,N/A,N/A,N/A,N/A,N/A,N/A,N/A,N/A,N/A,N/A,N/A,N/A,N/A,N/A,N/A,N/A,N/A,N/A,N/A,N/A,N/A,N/A,N/A,N/A,N/A,N/A,N/A,N/A,N/A,N/A
David Gugganig,29,855561600,1997/02/10,Bundesliga,2026/2027,Defender,Wattens,198,13,185,Austria,5,2,3,0,0,0,0,0,0,0,0,2,0,2,1,0,1,0,0,0,0,0,0,0,0,0.45,198,40,0,0,0,-1,-1,-1,13,0,6.74,0,74,66.82,29.40,93,147,23.80,119,52,54.09,90,0.00,0.00,0.20,1,0.00,0.00,0.91,0.40,2,0.00,0.00,0.00,0.00,0.00,0.20,0.40,0.20,0.00,0.91,0.40,0.40,0.00,0.00,0.02,0.00,2.20,0.00,0.00,0,0,,2,0.40,44,0,0.00,41,2,0.91,59,0,3,2,32,0.00,99,0,1,0.45,39,0,54,0.00,27,0,0.00,99,0,0.00,0,0,0.00,0,0.45,35,2,0.91,46,2,0.91,100.00,0,0.00,0,0,0,0.00,0,1,0.00,87,0.45,6,N/A,N/A,N/A,N/A,0.00,0,0.00,0,0.10,0.00,0,80.95,0.00,41,99,0.00,0.00,0,71,99,0,0,0,0.00,0.00,0,53,33.71,5.20,11.82,26,0,0.00,0.00,99,0.00,0,0,0,0.00,0.00,0,0.00,0.00,0.00,0.00,0,0,0.00,71,27,93,72,94,0.32,68,0.06,0.15,0.10,41,0.02,0.05,18,0,0.00,0.00,0.45,0.20,30,1,0.05,41,43,99,86,0,75,99,0,0.00,99,11,0.00,5.00,10.45,4.60,23,15,90,74,6.82,3.00,65.22,0,0.00,99,0,0.00,0,0.00,99,0,0.00,0.00,54,34,95,34,0,0,0,0,0,57,72,84,84,0,99,81,58,58,0,0,59,3,0,0
David Jaunegg,23,1046419200,2003/02/28,Bundesliga,2026/2027,Defender,Wattens,22,19,3,Austria,2,1,1,0,0,0,0,0,0,0,0,1,0,1,0,0,0,0,0,0,0,0,0,0,0,0,0,11,0,0,0,-1,-1,-1,12,0,3.23,0,74,16.36,2.00,9,4,1.00,2,2,8.18,4,0.00,0.00,0.00,0,0.00,0.00,0.00,0.00,0,0.00,0.00,0.00,0.00,0.00,0.50,0.00,0.00,0.00,0.00,0.00,0.00,0.00,0.00,0.00,0.00,0.00,0.00,0.00,0,0,,0,0.00,18,0,0.00,41,0,0.00,23,0,2,0,16,0.00,99,0,1,4.09,99,0,54,0.00,27,0,0.00,99,0,0.00,0,0,0.00,0,0.00,21,0,0.00,19,0,0.00,0.00,0,0.00,0,0,0,0.00,0,0,0.00,99,0.00,0,N/A,N/A,N/A,N/A,0.00,0,0.00,0,0.00,0.00,0,50.00,0.00,41,99,0.00,0.00,0,33,33,0,0,0,0.00,0.00,0,53,6.46,1.00,8.18,2,0,0.00,0.00,99,0.00,0,0,0,0.00,0.00,0,0.00,0.00,0.00,0.00,0,0,0.00,71,0,11,72,7,0.00,0,0.00,0.00,0.00,19,0.00,0.00,18,0,0.00,0.00,0.00,0.00,19,0,0.00,18,0,97,86,0,75,15,0,0.00,99,0,0.00,0.00,4.09,0.50,1,0,3,9,0.00,0.00,0.00,0,0.00,99,0,0.00,0,0.00,99,0,0.00,0.00,54,4,86,34,0,0,0,0,0,57,72,84,84,0,99,89,58,58,0,0,59,27,0,0
David Korherr,24,1024902000,2002/06/24,Bundesliga,2026/2027,Forward,Hartberg,0,0,0,Austria,0,0,0,0,0,0,0,0,0,0,0,0,0,0,0,0,0,0,0,0,0,0,0,0,0,0,0,0,0,0,0,-1,-1,-1,-1,N/A,N/A,N/A,N/A,N/A,N/A,N/A,N/A,N/A,N/A,N/A,N/A,N/A,N/A,N/A,N/A,N/A,N/A,N/A,N/A,N/A,N/A,N/A,N/A,N/A,N/A,N/A,N/A,N/A,N/A,N/A,N/A,N/A,N/A,N/A,N/A,N/A,N/A,N/A,N/A,N/A,N/A,N/A,N/A,N/A,N/A,N/A,N/A,N/A,N/A,N/A,N/A,N/A,N/A,N/A,N/A,N/A,N/A,N/A,N/A,N/A,N/A,N/A,N/A,N/A,N/A,N/A,N/A,N/A,N/A,N/A,N/A,N/A,N/A,N/A,N/A,N/A,N/A,N/A,N/A,N/A,N/A,N/A,N/A,N/A,N/A,N/A,N/A,N/A,N/A,N/A,N/A,N/A,N/A,N/A,N/A,N/A,N/A,N/A,N/A,N/A,N/A,N/A,N/A,N/A,N/A,N/A,N/A,N/A,N/A,N/A,N/A,N/A,N/A,N/A,N/A,N/A,N/A,N/A,N/A,N/A,N/A,N/A,N/A,N/A,N/A,N/A,N/A,N/A,N/A,N/A,N/A,N/A,N/A,N/A,N/A,N/A,N/A,N/A,N/A,N/A,N/A,N/A,N/A,N/A,N/A,N/A,N/A,N/A,N/A,N/A,N/A,N/A,N/A,N/A,N/A,N/A,N/A,N/A,N/A,N/A,N/A,N/A,N/A,N/A,N/A,N/A,N/A,N/A,N/A,N/A,N/A,N/A,N/A,N/A,N/A,N/A,N/A,N/A,N/A,N/A,N/A,N/A,N/A,N/A,N/A,N/A,N/A,N/A,N/A,N/A,N/A,N/A,N/A,N/A,N/A,N/A,N/A,N/A,N/A,N/A,N/A,N/A,N/A,N/A,N/A,N/A,N/A,N/A,N/A,N/A,N/A,N/A,N/A,N/A,N/A,N/A,N/A,N/A,N/A,N/A,N/A,N/A,N/A
David Kubatta,22,1067414400,2003/10/29,Bundesliga,2026/2027,Defender,Wattens,265,175,90,Germany,3,2,1,0,0,0,0,0,0,0,0,0,0,0,7,4,3,0,0,0,0,0,0,0,0,2.38,38,88,0,0,0,-1,-1,-1,20,0,6.23,0,74,46.53,45.67,73,137,34.67,104,34,35.32,67,0.00,0.00,0.00,0,0.00,0.00,1.70,1.67,5,0.00,1.00,0.00,0.00,0.00,2.00,0.00,2.33,0.00,0.68,0.67,0.67,0.00,0.00,0.04,0.00,2.33,0.00,0.00,0,0,,2,0.67,38,0,0.00,41,2,0.68,49,1,0,3,64,0.00,99,0,6,2.04,95,0,54,0.00,27,0,0.00,99,0,0.00,0,0,0.00,0,0.00,21,2,0.68,38,0,0.00,0.00,0,0.00,0,0,0,0.00,0,7,0.00,10,2.38,84,N/A,N/A,N/A,N/A,0.00,0,0.00,0,0.11,0.00,0,75.91,0.00,41,62,0.33,0.34,1,33,33,0,0,0,0.33,0.34,1,69,18.68,6.33,6.45,19,0,0.00,0.00,99,0.00,0,0,0,0.00,0.00,0,0.00,0.00,0.00,0.00,0,0,0.00,71,42,24,72,18,0.19,24,0.06,0.06,0.11,35,0.04,0.04,82,4,1.33,1.36,1.02,1.00,66,3,0.04,35,7,93,86,0,75,86,0,0.00,99,7,0.00,2.38,10.19,10.00,30,15,68,70,5.09,5.00,50.00,3,1.02,32,0,0.00,0,0.00,99,0,0.00,0.00,54,50,49,77,0,0,0,0,0,57,72,84,84,0,99,29,58,58,0,0,59,14,0,0
David Đurić,20,1142755200,2006/03/19,Bundesliga,2026/2027,Defender,Wolfsberger AC,0,0,0,Serbia,0,0,0,0,0,0,0,0,0,0,0,0,0,0,0,0,0,0,0,0,0,0,0,0,0,0,0,0,0,0,0,-1,-1,-1,-1,N/A,N/A,N/A,N/A,N/A,N/A,N/A,N/A,N/A,N/A,N/A,N/A,N/A,N/A,N/A,N/A,N/A,N/A,N/A,N/A,N/A,N/A,N/A,N/A,N/A,N/A,N/A,N/A,N/A,N/A,N/A,N/A,N/A,N/A,N/A,N/A,N/A,N/A,N/A,N/A,N/A,N/A,N/A,N/A,N/A,N/A,N/A,N/A,N/A,N/A,N/A,N/A,N/A,N/A,N/A,N/A,N/A,N/A,N/A,N/A,N/A,N/A,N/A,N/A,N/A,N/A,N/A,N/A,N/A,N/A,N/A,N/A,N/A,N/A,N/A,N/A,N/A,N/A,N/A,N/A,N/A,N/A,N/A,N/A,N/A,N/A,N/A,N/A,N/A,N/A,N/A,N/A,N/A,N/A,N/A,N/A,N/A,N/A,N/A,N/A,N/A,N/A,N/A,N/A,N/A,N/A,N/A,N/A,N/A,N/A,N/A,N/A,N/A,N/A,N/A,N/A,N/A,N/A,N/A,N/A,N/A,N/A,N/A,N/A,N/A,N/A,N/A,N/A,N/A,N/A,N/A,N/A,N/A,N/A,N/A,N/A,N/A,N/A,N/A,N/A,N/A,N/A,N/A,N/A,N/A,N/A,N/A,N/A,N/A,N/A,N/A,N/A,N/A,N/A,N/A,N/A,N/A,N/A,N/A,N/A,N/A,N/A,N/A,N/A,N/A,N/A,N/A,N/A,N/A,N/A,N/A,N/A,N/A,N/A,N/A,N/A,N/A,N/A,N/A,N/A,N/A,N/A,N/A,N/A,N/A,N/A,N/A,N/A,N/A,N/A,N/A,N/A,N/A,N/A,N/A,N/A,N/A,N/A,N/A,N/A,N/A,N/A,N/A,N/A,N/A,N/A,N/A,N/A,N/A,N/A,N/A,N/A,N/A,N/A,N/A,N/A,N/A,N/A,N/A,N/A,N/A,N/A,N/A,N/A
Dejan Radonjic,20,1127631600,2005/09/25,Bundesliga,2026/2027,Defender,Ried,178,93,85,Austria,3,2,1,0,0,0,0,0,0,0,0,1,1,0,5,1,4,0,0,0,0,0,0,0,0,2.53,36,59,0,0,0,-1,-1,-1,18,0,4.37,0,74,23.26,15.33,20,46,13.67,41,83,20.73,30,0.00,0.00,0.00,0,0.00,0.67,1.52,1.00,3,0.00,0.33,0.00,0.00,0.00,1.33,0.00,1.67,0.00,0.51,0.00,0.00,0.00,0.33,0.04,0.00,1.67,0.00,0.00,0,0,,1,0.33,30,1,0.51,67,0,0.00,23,1,1,2,57,0.00,99,0,4,2.02,94,2,54,1.01,55,0,0.00,99,0,0.00,0,0,0.00,0,0.00,21,0,0.00,19,0,0.00,0.00,0,0.00,0,0,0,0.00,0,5,0.00,8,2.53,87,N/A,N/A,N/A,N/A,0.00,0,0.00,0,0.13,0.00,0,89.13,100.00,99,47,0.33,0.51,1,33,33,0,0,0,0.33,0.51,1,77,13.11,3.00,4.55,9,0,0.00,0.00,99,0.00,0,0,0,0.00,0.00,0,0.00,0.00,0.00,0.00,0,0,0.00,71,23,24,72,15,0.09,17,0.03,0.05,0.13,48,0.04,0.07,18,0,0.00,0.00,0.51,0.33,34,1,0.07,47,1,84,86,0,75,87,0,0.00,99,5,0.00,2.53,8.09,5.33,16,8,51,42,4.04,2.67,50.00,1,0.51,53,0,0.00,0,0.00,99,0,0.00,0.00,54,34,74,77,0,0,0,0,0,57,72,84,84,0,99,59,58,58,0,0,59,5,0,0
Dejan Stojanovic,33,743065200,1993/07/19,Bundesliga,2026/2027,Goalkeeper,Rheindorf Altach,450,180,270,Austria,5,2,3,0,0,0,0,0,0,0,0,0,0,0,7,2,5,0,0,0,0,0,0,0,0,1.4,64,90,0,0,0,61,45,31,4,0,6.97,0,74,31.80,31.80,43,159,21.80,109,18,21.80,33,0.00,0.00,0.00,0,0.00,0.00,0.00,0.00,0,0.00,0.00,0.00,0.00,3.00,0.00,0.00,4.60,0.00,0.00,0.00,0.00,0.00,0.00,0.00,0.00,0.20,0.00,0.00,0,0,,0,0.00,18,0,0.00,41,0,0.00,23,0,0,5,16,0.00,99,0,0,0.00,26,0,54,0.00,27,0,0.00,99,0,0.00,0,0,0.00,0,0.00,21,0,0.00,19,0,0.00,0.00,0,0.00,0,15,38,3.00,50,23,0.00,44,4.60,94,N/A,N/A,N/A,N/A,65.22,0,0.00,0,0.00,0.00,0,68.55,0.00,41,99,0.00,0.00,0,33,33,0,0,10,0.00,0.00,0,53,34.84,0.60,0.60,3,0,0.00,0.00,99,0.00,0,0,0,0.00,0.00,1,0.20,0.20,0.00,0.00,0,0,0.00,71,95,93,72,50,0.27,17,0.05,0.05,0.00,19,0.00,0.00,30,2,0.40,0.40,0.00,0.00,19,0,0.00,18,72,22,86,17,75,17,0,0.00,99,1,0.00,0.20,0.60,0.60,3,3,6,4,0.60,0.60,100.00,0,0.00,99,0,0.00,0,0.00,99,0,0.00,0.00,54,97,49,34,0,0,0,0,0,57,72,84,84,0,99,29,58,58,0,0,59,1,0,0
Denizcan Cosgun,24,1013846400,2002/02/16,Bundesliga,2026/2027,Midfielder,Rheindorf Altach,8,0,8,Austria,1,0,1,0,0,0,0,0,0,0,0,0,0,0,0,0,0,0,0,0,0,0,0,0,0,0,0,8,0,0,0,-1,-1,-1,6,0,6.48,0,74,56.25,5.00,86,5,3.00,3,6,33.75,65,0.00,0.00,0.00,0,0.00,0.00,0.00,0.00,0,0.00,0.00,0.00,0.00,0.00,0.00,1.00,0.00,0.00,0.00,0.00,1.00,0.00,0.00,0.00,0.00,0.00,0.00,0.00,0,0,,0,0.00,18,0,0.00,41,0,0.00,23,0,1,0,16,0.00,99,0,0,0.00,26,0,54,0.00,27,0,0.00,99,0,0.00,0,0,0.00,0,0.00,21,1,11.25,99,1,11.25,100.00,0,0.00,0,0,0,0.00,0,0,0.00,99,0.00,0,N/A,N/A,N/A,N/A,0.00,0,0.00,0,0.00,0.00,0,60.00,0.00,41,99,0.00,0.00,0,99,99,0,0,0,0.00,0.00,0,53,6.48,0.00,0.00,0,0,0.00,0.00,99,0.00,0,0,0,0.00,0.00,0,0.00,0.00,0.00,0.00,0,0,0.00,71,0,3,72,7,0.01,54,0.01,0.11,0.00,19,0.00,0.00,18,0,0.00,0.00,11.25,1.00,99,1,0.00,18,14,7,86,0,75,15,0,0.00,99,0,0.00,0.00,33.75,3.00,3,1,99,99,11.25,1.00,33.33,0,0.00,99,0,0.00,0,0.00,99,0,0.00,0.00,54,4,74,34,0,0,0,0,0,57,72,84,84,0,99,29,58,58,0,0,59,7,0,0
Dion Kacuri,22,1076486400,2004/02/11,Bundesliga,2026/2027,Midfielder,Austria Lustenau,440,262,178,Switzerland,5,3,2,1,0,1,0,0,0,0,0,0,0,0,9,6,3,0,0,0.2,0,0.2,0,0.51,440,1.84,49,88,0,0,0,36,71,-1,3,0,7.23,0,74,41.32,40.40,64,202,34.40,172,69,35.18,66,0.00,0.00,0.80,4,0.00,2.00,1.64,1.60,8,0.00,0.20,0.00,0.00,0.00,1.00,1.00,1.80,12.00,2.45,1.40,1.40,0.00,1.00,0.32,0.00,1.80,0.00,0.00,0,0,,12,2.40,79,5,1.02,84,7,1.43,79,1,0,5,61,0.00,99,0,5,1.02,70,10,56,2.05,71,0,0.00,99,0,0.00,0,0,0.00,0,0.82,51,7,1.43,59,5,1.02,71.43,0,0.00,0,0,0,0.00,0,9,0.00,27,1.84,65,N/A,N/A,N/A,N/A,0.00,0,0.00,0,1.58,0.00,0,85.15,41.67,78,12,1.20,1.23,6,77,80,0,0,0,0.20,0.20,1,59,36.14,1.20,1.23,6,0,0.00,0.00,99,0.00,0,0,0,0.00,0.00,0,0.00,0.00,0.00,0.00,0,0,8.33,72,80,93,96,37,0.56,54,0.11,0.11,1.58,80,0.32,0.32,85,7,1.40,1.43,0.41,0.40,27,2,0.32,80,88,44,86,0,75,75,0,0.00,99,9,0.00,1.84,9.20,9.00,45,29,78,58,5.93,5.80,64.44,1,0.20,75,0,10.00,0,0.00,99,1,0.20,0.20,59,97,49,77,0,0,0,0,0,64,76,91,84,0,99,29,58,58,0,0,59,8,0,0
Domenik Schierl,32,774687600,1994/07/20,Bundesliga,2026/2027,Goalkeeper,Austria Lustenau,360,180,180,Austria,4,2,2,0,0,0,0,0,0,0,0,0,0,0,5,2,3,1,1,0,0,0,0,0,0,1.25,72,90,180,0,0.5,46,48,23,17,0,7.10,0,74,34.75,34.75,48,139,18.75,75,3,18.75,25,0.00,0.00,0.00,0,0.00,0.00,0.00,0.00,0,0.00,0.00,0.00,0.00,3.50,0.00,0.00,4.75,0.00,0.00,0.00,0.00,0.00,0.00,0.00,0.00,1.00,0.00,0.00,0,0,,0,0.00,18,0,0.00,41,0,0.00,23,0,0,4,16,0.00,99,0,0,0.00,26,0,54,0.00,27,0,0.00,99,0,0.00,0,0,0.00,0,0.00,21,0,0.00,19,0,0.00,0.00,0,0.00,0,14,69,3.50,56,19,0.00,53,4.75,95,N/A,N/A,N/A,N/A,73.68,0,0.00,0,0.00,0.00,0,53.96,0.00,41,99,0.00,0.00,0,33,33,0,0,10,0.00,0.00,0,53,28.38,1.75,1.75,7,0,0.00,0.00,99,0.00,0,0,0,0.00,0.00,3,0.75,0.75,0.00,0.00,0,0,0.00,71,64,38,72,60,0.15,9,0.04,0.04,0.00,19,0.00,0.00,52,3,0.75,0.75,0.00,0.00,19,0,0.00,18,83,53,86,58,75,52,0,0.00,99,4,0.00,1.00,2.00,2.00,8,6,10,7,1.50,1.50,75.00,0,0.00,99,0,0.00,0,0.00,99,0,0.00,0.00,54,65,49,34,0,0,0,0,0,57,72,84,84,0,99,29,75,85,0,0,59,27,0,0
Dominik Fitz,27,929516400,1999/06/16,Bundesliga,2026/2027,Midfielder,Wolfsberger AC,25,25,0,Austria,1,1,0,0,0,0,0,0,0,0,0,0,0,0,2,2,0,0,0,0,0,0,0,0,0,7.2,13,25,0,0,0,-1,-1,-1,22,0,6.39,0,74,14.40,4.00,5,4,3.00,3,32,10.80,9,0.00,0.00,0.00,0,0.00,1.00,3.60,1.00,1,0.00,0.00,0.00,0.00,0.00,0.00,0.00,2.00,0.00,0.00,0.00,0.00,0.00,0.00,0.00,0.00,0.00,0.00,0.00,0,0,,0,0.00,18,0,0.00,41,0,0.00,23,0,1,0,96,0.00,99,0,0,0.00,26,1,54,3.60,83,0,0.00,99,0,0.00,0,0,0.00,0,0.00,21,0,0.00,19,0,0.00,0.00,0,0.00,0,0,0,0.00,0,2,0.00,0,7.20,99,N/A,N/A,N/A,N/A,0.00,0,0.00,0,0.00,0.00,0,75.00,0.00,41,0,2.00,7.20,2,33,33,0,0,0,0.00,0.00,0,53,6.39,0.00,0.00,0,0,0.00,0.00,99,0.00,0,0,0,0.00,0.00,0,0.00,0.00,0.00,0.00,0,0,0.00,71,0,3,72,7,0.01,9,0.01,0.04,0.00,19,0.00,0.00,99,2,2.00,7.20,0.00,0.00,19,0,0.00,18,10,7,86,0,75,15,0,0.00,99,0,0.00,0.00,25.20,7.00,7,3,99,99,10.80,3.00,42.86,0,0.00,99,0,0.00,0,0.00,99,0,0.00,0.00,54,4,74,34,0,0,0,0,0,57,72,84,84,0,99,29,58,58,0,0,59,36,0,0
Dominik Kirnbauer,30,836377200,1996/07/03,Bundesliga,2026/2027,Defender,Ried,0,0,0,Austria,0,0,0,0,0,0,0,0,0,0,0,0,0,0,0,0,0,0,0,0,0,0,0,0,0,0,0,0,0,0,0,-1,-1,-1,-1,N/A,N/A,N/A,N/A,N/A,N/A,N/A,N/A,N/A,N/A,N/A,N/A,N/A,N/A,N/A,N/A,N/A,N/A,N/A,N/A,N/A,N/A,N/A,N/A,N/A,N/A,N/A,N/A,N/A,N/A,N/A,N/A,N/A,N/A,N/A,N/A,N/A,N/A,N/A,N/A,N/A,N/A,N/A,N/A,N/A,N/A,N/A,N/A,N/A,N/A,N/A,N/A,N/A,N/A,N/A,N/A,N/A,N/A,N/A,N/A,N/A,N/A,N/A,N/A,N/A,N/A,N/A,N/A,N/A,N/A,N/A,N/A,N/A,N/A,N/A,N/A,N/A,N/A,N/A,N/A,N/A,N/A,N/A,N/A,N/A,N/A,N/A,N/A,N/A,N/A,N/A,N/A,N/A,N/A,N/A,N/A,N/A,N/A,N/A,N/A,N/A,N/A,N/A,N/A,N/A,N/A,N/A,N/A,N/A,N/A,N/A,N/A,N/A,N/A,N/A,N/A,N/A,N/A,N/A,N/A,N/A,N/A,N/A,N/A,N/A,N/A,N/A,N/A,N/A,N/A,N/A,N/A,N/A,N/A,N/A,N/A,N/A,N/A,N/A,N/A,N/A,N/A,N/A,N/A,N/A,N/A,N/A,N/A,N/A,N/A,N/A,N/A,N/A,N/A,N/A,N/A,N/A,N/A,N/A,N/A,N/A,N/A,N/A,N/A,N/A,N/A,N/A,N/A,N/A,N/A,N/A,N/A,N/A,N/A,N/A,N/A,N/A,N/A,N/A,N/A,N/A,N/A,N/A,N/A,N/A,N/A,N/A,N/A,N/A,N/A,N/A,N/A,N/A,N/A,N/A,N/A,N/A,N/A,N/A,N/A,N/A,N/A,N/A,N/A,N/A,N/A,N/A,N/A,N/A,N/A,N/A,N/A,N/A,N/A,N/A,N/A,N/A,N/A,N/A,N/A,N/A,N/A,N/A,N/A
Dominik Robin Schmid,28,889516800,1998/03/10,Bundesliga,2026/2027,Defender,Salzburg,382,270,112,Switzerland,5,3,2,0,0,0,1,1,0,0,0,2,1,1,3,2,1,1,0,0.24,0.24,0,0,0,0,0.71,127,76,382,382,0.24,88,23,9,21,0,7.34,0.2,84,82.23,69.80,97,349,64.20,321,92,75.63,97,0.00,0.00,2.40,12,0.00,5.00,1.18,1.00,5,0.00,0.20,0.00,0.00,0.00,0.60,0.00,0.60,0.00,0.47,0.40,0.20,0.00,0.00,0.02,0.00,1.40,0.00,0.00,0,0,,2,0.40,28,0,0.00,41,2,0.47,37,0,1,4,43,0.00,99,0,3,0.71,53,25,91,5.89,94,0,0.00,99,0,0.00,0,0,0.00,0,2.83,94,1,0.24,24,0,0.00,0.00,0,0.00,0,0,0,0.00,0,3,0.00,79,0.71,14,N/A,N/A,N/A,N/A,0.00,0,0.00,0,0.09,0.00,0,91.98,0.00,41,51,0.40,0.47,2,33,33,0,0,0,0.40,0.47,2,76,36.70,2.40,2.83,12,0,0.00,0.00,99,0.00,0,0,0,0.00,0.00,0,0.00,0.00,0.00,0.00,0,0,0.00,71,69,93,72,86,1.81,94,0.36,0.43,0.09,26,0.02,0.02,51,3,0.60,0.71,0.24,0.20,22,1,0.02,26,94,68,86,0,75,71,0,0.00,99,7,0.00,1.65,6.36,5.40,27,15,38,24,3.53,3.00,55.56,1,0.24,70,0,44.00,0,0.00,99,11,2.20,2.59,99,65,74,34,0,0,0,0,0,68,72,84,84,0,99,81,91,69,1,20,79,31,0,0
Dominik Weixelbraun,22,1071648000,2003/12/17,Bundesliga,2026/2027,Forward,Austria Lustenau,407,259,148,Austria,5,3,2,2,1,1,1,1,0,0,0,0,0,0,9,6,3,0,0,0.66,0.22,0.44,0.35,0.61,204,1.99,45,81,0,407,0,15,28,-1,2,0,6.81,0.2,81,12.16,11.00,3,55,5.80,29,3,6.41,1,0.00,0.00,1.00,5,0.00,1.20,1.11,1.00,5,0.00,1.40,0.00,0.00,0.00,0.00,0.00,1.80,4.00,1.77,0.80,0.60,0.00,0.80,0.38,0.00,1.40,0.00,0.00,0,0,,8,1.60,67,4,0.88,78,4,0.88,58,2,0,5,39,0.00,99,0,0,0.00,26,6,88,1.33,61,0,0.00,99,0,0.00,0,0,0.00,0,1.11,62,3,0.66,37,0,0.00,0.00,0,0.00,0,0,0,0.00,0,9,0.00,23,1.99,69,N/A,N/A,N/A,N/A,0.00,0,0.00,0,1.88,0.00,0,52.73,50.00,90,69,0.20,0.22,1,33,33,0,0,0,0.20,0.22,1,60,34.05,2.00,2.21,10,0,0.00,0.00,99,0.00,0,0,0,0.00,0.00,0,0.00,0.00,0.00,0.00,0,0,25.00,92,75,93,83,29,0.84,75,0.17,0.19,1.88,88,0.38,0.42,33,2,0.40,0.44,1.77,1.60,85,8,0.42,86,54,63,86,0,75,69,0,0.00,99,7,0.00,1.55,8.62,7.80,39,13,25,49,2.87,2.60,33.33,7,1.55,16,0,33.33,0,0.00,99,2,0.40,0.44,74,97,49,95,0,0,0,0,0,88,89,94,86,0,99,29,58,58,0,0,59,11,0,0
Donis Avdijaj,30,840956400,1996/08/25,Bundesliga,2026/2027,Forward,Wolfsberger AC,296,209,87,Kosovo,5,3,2,0,0,0,3,2,1,0,0,2,1,1,3,1,2,0,0,0.91,0.91,0,0,0,0,0.91,99,59,0,99,0,100,3,-1,21,0,6.76,0.6,98,15.81,10.40,9,52,7.40,37,23,11.25,10,0.00,0.00,1.60,8,0.00,2.40,1.52,1.00,5,0.00,1.40,0.00,0.00,0.00,0.00,0.00,0.60,0.00,1.22,0.60,1.00,0.00,0.20,0.06,0.00,0.00,0.00,0.00,0,0,,4,0.80,56,1,0.30,54,3,0.91,59,1,0,5,57,0.00,99,0,0,0.00,26,12,76,3.65,84,0,0.00,99,0,0.00,0,0,0.00,0,2.43,91,5,1.52,61,0,0.00,0.00,0,0.00,0,0,0,0.00,0,3,0.00,74,0.91,20,N/A,N/A,N/A,N/A,0.00,0,0.00,0,0.28,0.00,0,71.15,25.00,59,99,0.00,0.00,0,33,33,0,0,0,0.00,0.00,0,53,33.81,0.60,0.91,3,0,0.00,0.00,99,0.00,0,0,0,0.00,0.00,0,0.00,0.00,0.91,0.60,3,0,0.00,71,50,93,72,80,2.13,98,0.43,0.65,0.28,53,0.06,0.09,61,3,0.60,0.91,0.61,0.40,43,2,0.09,53,47,33,86,0,96,15,0,0.00,99,0,0.00,0.00,8.51,5.60,28,8,19,47,2.43,1.60,28.57,7,2.13,6,0,25.00,0,0.00,99,3,0.60,0.91,82,97,49,77,0,0,0,0,0,93,72,84,84,0,99,81,58,58,0,0,59,10,0,0
Donovan Pines,28,889257600,1998/03/07,Bundesliga,2026/2027,Defender,Grazer AK,450,180,270,USA,5,2,3,1,1,0,0,0,0,0,0,1,1,0,13,1,12,3,0,0.2,0,0.2,0.5,0,450,2.6,35,90,150,0,0.6,34,87,48,1,0,6.93,0,74,47.60,47.60,74,238,42.40,212,82,42.40,78,0.00,0.00,0.80,4,0.00,0.00,0.80,0.80,4,0.00,0.00,0.00,0.00,0.00,1.60,0.20,2.60,2.00,0.40,0.20,0.20,0.00,0.20,0.16,0.00,3.40,0.00,0.00,0,0,,2,0.40,26,1,0.20,48,1,0.20,24,0,0,5,29,0.00,99,0,8,1.60,88,0,54,0.00,27,0,0.00,99,0,0.00,0,0,0.00,0,0.80,50,1,0.20,23,1,0.20,100.00,0,0.00,0,0,0,0.00,0,13,0.00,7,2.60,89,N/A,N/A,N/A,N/A,0.00,0,0.00,0,0.78,0.00,0,89.08,50.00,90,99,0.00,0.00,0,38,99,0,0,0,1.00,1.00,5,94,34.67,8.40,8.40,42,1,0.00,0.20,5,0.20,0,0,0,0.00,0.00,0,0.00,0.00,0.00,0.00,0,0,50.00,99,95,93,99,14,0.51,50,0.10,0.10,0.78,62,0.16,0.16,67,5,1.00,1.00,1.60,1.60,81,8,0.16,62,67,98,86,0,75,93,0,0.00,99,17,0.00,3.40,8.40,8.40,42,27,71,46,5.40,5.40,64.29,0,0.00,99,0,0.00,0,0.00,99,0,0.00,0.00,54,97,49,34,0,0,0,0,0,64,76,84,88,0,99,45,69,91,3,60,99,2,0,0
Drew Murray,20,1130396400,2005/10/27,Bundesliga,2026/2027,Defender,Wattens,447,180,267,USA,5,2,3,1,0,1,0,0,0,0,0,2,0,2,7,4,3,2,0,0.2,0,0.2,0,0.34,447,1.41,64,89,224,0,0.4,37,80,32,5,0,6.92,0,74,49.53,49.20,79,246,42.00,210,71,42.28,77,0.00,0.00,0.40,2,0.00,0.80,1.81,1.80,9,0.00,0.00,0.00,0.00,0.00,0.80,0.20,1.40,3.00,0.60,0.40,0.20,0.00,0.20,0.16,0.00,1.20,0.00,0.00,0,0,,3,0.60,34,1,0.20,48,2,0.40,35,1,0,5,66,0.00,99,0,4,0.81,57,4,54,0.81,51,0,0.00,99,0,0.00,0,0,0.00,0,0.40,32,1,0.20,23,1,0.20,100.00,0,0.00,0,0,0,0.00,0,7,0.00,41,1.41,47,N/A,N/A,N/A,N/A,0.00,0,0.00,0,0.78,0.00,0,85.37,33.33,71,44,0.60,0.60,3,38,99,0,0,0,0.20,0.20,1,59,34.62,3.00,3.02,15,0,0.00,0.00,99,0.00,0,0,1,0.20,0.20,0,0.00,0.00,0.00,0.00,0,1,33.33,96,83,93,96,50,0.52,50,0.10,0.10,0.78,62,0.16,0.16,44,3,0.60,0.60,0.60,0.60,41,3,0.16,62,66,71,88,0,75,57,0,0.00,99,6,0.00,1.21,6.24,6.20,31,18,41,23,3.62,3.60,58.06,0,0.00,99,0,0.00,0,0.00,99,0,0.00,0.00,54,97,49,77,0,0,0,0,0,64,76,86,84,0,99,81,78,81,2,40,96,5,0,0
Eaden Roka,19,1188802800,2007/09/03,Bundesliga,2026/2027,Defender,Rapid Wien,88,44,44,Austria,2,1,1,0,0,0,0,0,0,0,0,0,0,0,0,0,0,0,0,0,0,0,0,0,0,0,0,44,0,0,0,-1,-1,-1,15,0,6.60,0,74,37.84,18.50,59,37,18.00,36,99,36.82,70,0.00,0.00,0.50,1,0.00,1.50,1.02,0.50,1,0.00,0.00,0.00,0.00,0.00,0.50,0.00,1.00,0.00,0.00,0.00,0.00,0.00,0.00,0.00,0.00,0.00,0.00,0.00,0,0,,0,0.00,18,0,0.00,41,0,0.00,23,0,2,0,37,0.00,99,0,1,1.02,70,3,88,3.07,77,0,0.00,99,0,0.00,0,0,0.00,0,1.02,61,0,0.00,19,0,0.00,0.00,0,0.00,0,0,0,0.00,0,2,0.00,99,2.05,73,N/A,N/A,N/A,N/A,0.00,0,0.00,0,0.00,0.00,0,97.30,0.00,41,99,0.00,0.00,0,33,33,0,0,0,0.00,0.00,0,53,13.20,2.00,4.09,4,0,0.00,0.00,99,0.00,0,0,0,0.00,0.00,0,0.00,0.00,0.00,0.00,0,0,0.00,71,7,11,72,7,0.13,63,0.07,0.13,0.00,19,0.00,0.00,18,0,0.00,0.00,0.00,0.00,19,0,0.00,18,30,81,86,0,75,15,0,0.00,99,0,0.00,0.00,3.07,1.50,3,1,8,9,1.02,0.50,33.33,0,0.00,99,0,33.33,0,0.00,99,1,0.50,1.02,85,4,86,34,0,0,0,0,0,57,72,84,84,0,99,29,58,58,0,0,59,2,0,0
Edmund Baidoo,20,1138608000,2006/01/30,Bundesliga,2026/2027,Forward,Salzburg,242,108,134,Ghana,4,2,2,1,1,0,0,0,0,0,0,1,0,1,1,1,0,0,0,0.37,0,0.37,0.83,0,242,0.37,242,61,0,0,0,-1,-1,-1,7,0,7.29,0,74,41.11,27.75,63,111,25.00,100,87,37.04,71,0.00,0.00,2.50,10,0.00,2.25,1.85,1.25,5,0.00,0.75,0.00,0.00,0.00,0.25,2.50,0.25,5.00,1.85,0.25,5.00,0.00,1.00,0.29,0.00,0.00,0.00,0.00,0,0,,5,1.25,69,4,1.48,93,1,0.37,30,1,1,3,68,0.00,99,0,1,0.37,34,9,92,3.33,79,0,0.00,99,0,0.00,0,0,0.00,0,3.70,98,20,7.41,99,10,3.70,50.00,0,0.00,0,0,0,0.00,0,1,0.00,91,0.37,2,N/A,N/A,N/A,N/A,0.00,0,0.00,0,1.16,0.00,0,90.09,80.00,95,60,0.25,0.37,1,99,63,0,0,0,0.00,0.00,0,53,29.16,0.25,0.37,1,0,0.00,0.00,99,0.00,0,0,1,0.25,0.37,0,0.00,0.00,0.00,0.00,0,0,20.00,88,40,38,87,98,0.50,75,0.12,0.19,1.16,89,0.29,0.43,26,1,0.25,0.37,1.11,0.75,69,3,0.43,87,91,14,97,0,75,15,0,0.00,99,0,0.00,0.00,12.22,8.25,33,16,78,82,5.93,4.00,48.48,3,1.11,29,0,44.44,0,0.00,99,4,1.00,1.48,93,50,74,77,0,0,0,0,0,76,85,84,93,0,99,51,58,58,0,0,59,20,0,0
Elias Lorenz,20,1143446400,2006/03/27,Bundesliga,2026/2027,Goalkeeper,Sturm Graz,0,0,0,Austria,0,0,0,0,0,0,0,0,0,0,0,0,0,0,0,0,0,0,0,0,0,0,0,0,0,0,0,0,0,0,0,-1,-1,-1,-1,N/A,N/A,N/A,N/A,N/A,N/A,N/A,N/A,N/A,N/A,N/A,N/A,N/A,N/A,N/A,N/A,N/A,N/A,N/A,N/A,N/A,N/A,N/A,N/A,N/A,N/A,N/A,N/A,N/A,N/A,N/A,N/A,N/A,N/A,N/A,N/A,N/A,N/A,N/A,N/A,N/A,N/A,N/A,N/A,N/A,N/A,N/A,N/A,N/A,N/A,N/A,N/A,N/A,N/A,N/A,N/A,N/A,N/A,N/A,N/A,N/A,N/A,N/A,N/A,N/A,N/A,N/A,N/A,N/A,N/A,N/A,N/A,N/A,N/A,N/A,N/A,N/A,N/A,N/A,N/A,N/A,N/A,N/A,N/A,N/A,N/A,N/A,N/A,N/A,N/A,N/A,N/A,N/A,N/A,N/A,N/A,N/A,N/A,N/A,N/A,N/A,N/A,N/A,N/A,N/A,N/A,N/A,N/A,N/A,N/A,N/A,N/A,N/A,N/A,N/A,N/A,N/A,N/A,N/A,N/A,N/A,N/A,N/A,N/A,N/A,N/A,N/A,N/A,N/A,N/A,N/A,N/A,N/A,N/A,N/A,N/A,N/A,N/A,N/A,N/A,N/A,N/A,N/A,N/A,N/A,N/A,N/A,N/A,N/A,N/A,N/A,N/A,N/A,N/A,N/A,N/A,N/A,N/A,N/A,N/A,N/A,N/A,N/A,N/A,N/A,N/A,N/A,N/A,N/A,N/A,N/A,N/A,N/A,N/A,N/A,N/A,N/A,N/A,N/A,N/A,N/A,N/A,N/A,N/A,N/A,N/A,N/A,N/A,N/A,N/A,N/A,N/A,N/A,N/A,N/A,N/A,N/A,N/A,N/A,N/A,N/A,N/A,N/A,N/A,N/A,N/A,N/A,N/A,N/A,N/A,N/A,N/A,N/A,N/A,N/A,N/A,N/A,N/A,N/A,N/A,N/A,N/A,N/A,N/A
Elias Scherf,23,1052636400,2003/05/11,Bundesliga,2026/2027,Goalkeeper,Rheindorf Altach,0,0,0,Austria,0,0,0,0,0,0,0,0,0,0,0,0,0,0,0,0,0,0,0,0,0,0,0,0,0,0,0,0,0,0,0,-1,-1,-1,-1,N/A,N/A,N/A,N/A,N/A,N/A,N/A,N/A,N/A,N/A,N/A,N/A,N/A,N/A,N/A,N/A,N/A,N/A,N/A,N/A,N/A,N/A,N/A,N/A,N/A,N/A,N/A,N/A,N/A,N/A,N/A,N/A,N/A,N/A,N/A,N/A,N/A,N/A,N/A,N/A,N/A,N/A,N/A,N/A,N/A,N/A,N/A,N/A,N/A,N/A,N/A,N/A,N/A,N/A,N/A,N/A,N/A,N/A,N/A,N/A,N/A,N/A,N/A,N/A,N/A,N/A,N/A,N/A,N/A,N/A,N/A,N/A,N/A,N/A,N/A,N/A,N/A,N/A,N/A,N/A,N/A,N/A,N/A,N/A,N/A,N/A,N/A,N/A,N/A,N/A,N/A,N/A,N/A,N/A,N/A,N/A,N/A,N/A,N/A,N/A,N/A,N/A,N/A,N/A,N/A,N/A,N/A,N/A,N/A,N/A,N/A,N/A,N/A,N/A,N/A,N/A,N/A,N/A,N/A,N/A,N/A,N/A,N/A,N/A,N/A,N/A,N/A,N/A,N/A,N/A,N/A,N/A,N/A,N/A,N/A,N/A,N/A,N/A,N/A,N/A,N/A,N/A,N/A,N/A,N/A,N/A,N/A,N/A,N/A,N/A,N/A,N/A,N/A,N/A,N/A,N/A,N/A,N/A,N/A,N/A,N/A,N/A,N/A,N/A,N/A,N/A,N/A,N/A,N/A,N/A,N/A,N/A,N/A,N/A,N/A,N/A,N/A,N/A,N/A,N/A,N/A,N/A,N/A,N/A,N/A,N/A,N/A,N/A,N/A,N/A,N/A,N/A,N/A,N/A,N/A,N/A,N/A,N/A,N/A,N/A,N/A,N/A,N/A,N/A,N/A,N/A,N/A,N/A,N/A,N/A,N/A,N/A,N/A,N/A,N/A,N/A,N/A,N/A,N/A,N/A,N/A,N/A,N/A,N/A
Emmanuel Chukwu,19,1162886400,2006/11/07,Bundesliga,2026/2027,Defender,Austria Lustenau,296,195,101,Nigeria,5,3,2,0,0,0,0,0,0,0,0,0,0,0,6,5,1,1,0,0,0,0,0,0,0,1.82,49,59,296,0,0.3,48,51,38,13,0,6.69,0,74,37.09,24.40,56,122,20.20,101,59,30.71,58,0.00,0.00,0.00,0,0.00,0.00,3.34,2.20,11,0.00,0.20,0.00,0.00,0.00,0.20,0.00,1.20,0.00,0.30,0.20,0.00,0.00,0.00,0.01,0.00,1.80,0.00,0.00,0,0,,1,0.20,21,0,0.00,41,1,0.30,27,0,2,3,95,0.00,99,0,1,0.30,32,0,54,0.00,27,0,0.00,99,0,0.00,0,0,0.00,0,0.00,21,0,0.00,19,0,0.00,0.00,0,0.00,0,0,0,0.00,0,6,0.00,30,1.82,63,N/A,N/A,N/A,N/A,0.00,0,0.00,0,0.05,0.00,0,82.79,0.00,41,42,0.40,0.61,2,33,33,0,0,0,0.60,0.91,3,91,33.46,5.40,8.21,27,0,0.00,0.00,99,0.00,0,0,0,0.00,0.00,0,0.00,0.00,0.00,0.00,0,0,0.00,71,50,93,72,37,0.18,17,0.04,0.05,0.05,26,0.01,0.02,45,2,0.40,0.61,0.91,0.60,57,3,0.02,26,39,97,86,0,75,90,0,0.00,99,9,0.00,2.74,10.03,6.60,33,21,85,66,6.39,4.20,63.64,1,0.30,67,0,0.00,0,0.00,99,0,0.00,0.00,54,50,86,34,0,0,0,0,0,57,72,84,84,0,99,29,85,74,1,20,79,15,0,0
Emmanuel Ofori Agyemang,22,1073116800,2004/01/03,Bundesliga,2026/2027,Midfielder,Wolfsberger AC,164,146,18,Ghana,3,2,1,0,0,0,0,0,0,0,0,2,1,1,0,0,0,0,0,0,0,0,0,0,0,0,0,55,0,0,0,-1,-1,-1,16,0,6.48,0,74,26.73,16.33,26,49,14.67,44,86,24.00,41,0.00,0.00,0.00,0,0.00,0.33,0.00,0.00,0,0.00,0.00,0.00,0.00,0.00,0.33,0.00,0.00,0.00,0.00,0.00,0.00,0.00,0.00,0.00,0.00,0.33,0.00,0.00,0,0,,0,0.00,18,0,0.00,41,0,0.00,23,2,1,2,16,0.00,99,0,1,0.55,43,1,54,0.55,42,0,0.00,99,0,0.00,0,0,0.00,0,0.00,21,0,0.00,19,0,0.00,0.00,0,0.00,0,0,0,0.00,0,0,0.00,99,0.00,0,N/A,N/A,N/A,N/A,0.00,0,0.00,0,0.00,0.00,0,89.80,0.00,41,21,0.67,1.09,2,33,33,0,0,0,0.00,0.00,0,53,19.44,0.00,0.00,0,0,0.00,0.00,99,0.00,0,0,0,0.00,0.00,0,0.00,0.00,0.00,0.00,0,0,0.00,71,20,24,72,7,0.08,9,0.03,0.04,0.00,19,0.00,0.00,73,2,0.67,1.09,0.55,0.33,35,1,0.00,18,14,7,86,0,75,33,0,0.00,99,1,0.00,0.55,4.91,3.00,9,3,11,12,1.64,1.00,33.33,0,0.00,99,0,0.00,0,0.00,99,0,0.00,0.00,54,34,74,95,0,0,0,0,0,57,72,84,84,0,99,99,58,58,0,0,59,34,0,0
Emran Soglo,21,1121065200,2005/07/11,Bundesliga,2026/2027,Defender,Sturm Graz,297,157,140,England,5,2,3,0,0,0,1,0,1,0,0,2,1,1,4,1,3,1,0,0.3,0.3,0,0,0,0,1.21,74,59,297,297,0.3,72,12,21,22,0,7.03,0.2,89,41.21,27.20,64,136,20.60,103,33,31.21,60,0.00,0.00,1.40,7,0.00,5.60,3.64,2.40,12,0.00,0.20,0.00,0.00,0.00,0.80,1.60,0.80,0.00,0.61,0.20,2.80,0.00,0.20,0.04,0.00,1.40,0.00,0.00,0,0,,2,0.40,35,1,0.30,54,1,0.30,27,3,1,4,97,0.00,99,0,4,1.21,78,28,80,8.48,99,0,0.00,99,0,0.00,0,0,0.00,0,2.12,87,14,4.24,95,8,2.42,57.14,0,0.00,0,0,0,0.00,0,4,0.00,56,1.21,37,N/A,N/A,N/A,N/A,0.00,0,0.00,0,0.21,0.00,0,75.74,50.00,90,30,0.60,0.91,3,95,67,0,0,0,0.00,0.00,0,53,35.15,3.20,4.85,16,0,0.00,0.00,99,0.00,0,0,0,0.00,0.00,0,0.00,0.00,0.30,0.20,1,0,0.00,71,51,93,72,62,1.06,89,0.21,0.32,0.21,45,0.04,0.06,61,3,0.60,0.91,0.61,0.40,43,2,0.06,44,78,86,86,0,83,81,0,0.00,99,7,0.00,2.12,13.33,8.80,44,30,97,90,9.09,6.00,68.18,1,0.30,67,0,32.14,0,0.00,99,9,1.80,2.73,99,65,74,99,0,0,0,0,0,72,72,84,84,0,99,81,85,74,1,20,79,18,0,0
Enrique Marlon Aguilar,19,1169884800,2007/01/27,Bundesliga,2026/2027,Forward,Salzburg,77,77,0,Switzerland,2,2,0,0,0,0,1,1,0,0,0,1,1,0,0,0,0,0,0,1.17,1.17,0,0,0,0,0,0,39,0,77,0,-1,-1,-1,19,0,6.65,0.5,99,40.91,17.50,63,35,14.00,28,50,32.73,64,0.00,0.00,0.50,1,0.00,2.00,2.34,1.00,2,0.00,1.00,0.00,0.00,0.00,0.00,0.00,0.00,0.00,3.51,1.50,1.50,0.00,0.00,0.07,0.00,0.00,0.00,0.00,0,0,,3,1.50,92,0,0.00,41,3,3.51,98,2,1,1,80,0.00,99,0,0,0.00,26,4,54,4.68,90,0,0.00,99,0,0.00,0,0,0.00,0,1.17,66,3,3.51,91,0,0.00,0.00,0,0.00,0,0,0,0.00,0,0,0.00,99,0.00,0,N/A,N/A,N/A,N/A,0.00,0,0.00,0,0.13,0.00,0,80.00,0.00,41,99,0.00,0.00,0,33,33,0,0,0,0.00,0.00,0,53,13.30,0.50,1.17,1,0,0.00,0.00,99,0.00,0,0,0,0.00,0.00,0,0.00,0.00,0.00,0.00,0,0,0.00,71,3,11,72,7,0.73,99,0.36,0.85,0.13,61,0.07,0.15,75,1,0.50,1.17,0.00,0.00,19,0,0.15,61,34,43,86,0,75,15,0,0.00,99,0,0.00,0.00,9.35,4.00,8,3,37,61,3.51,1.50,37.50,2,2.34,4,0,0.00,0,0.00,99,0,0.00,0.00,54,18,74,95,0,0,0,0,0,97,72,84,84,0,99,89,58,58,0,0,59,43,0,0
Ercan Kara,30,820656000,1996/01/03,Bundesliga,2026/2027,Forward,Rapid Wien,323,187,136,Austria,5,3,2,2,2,0,0,0,0,0,0,2,2,0,4,0,4,0,0,0.56,0,0.56,0.96,0,162,1.11,81,65,0,0,0,11,68,-1,2,0,6.79,0,74,10.59,7.60,1,38,4.80,24,11,6.69,2,0.00,0.00,0.40,2,0.00,0.00,0.84,0.60,3,0.00,0.60,0.00,0.00,0.00,0.60,0.00,0.80,6.50,3.62,1.60,1.00,0.00,1.00,0.44,0.00,1.00,0.00,0.00,0,0,,13,2.60,92,5,1.39,92,8,2.23,91,2,1,4,31,0.00,99,0,3,0.84,60,0,54,0.00,27,0,0.00,99,0,0.00,0,0,0.00,0,0.56,38,5,1.39,57,0,0.00,0.00,0,0.00,0,0,0,0.00,0,4,0.00,65,1.11,29,N/A,N/A,N/A,N/A,0.00,0,0.00,0,2.18,0.00,0,63.16,38.46,73,65,0.20,0.28,1,33,33,0,0,0,0.00,0.00,0,53,33.93,0.80,1.11,4,0,0.00,0.00,99,0.00,0,0,0,0.00,0.00,0,0.00,0.00,0.28,0.20,1,0,15.38,81,56,93,81,72,0.11,5,0.02,0.03,2.18,94,0.44,0.61,83,5,1.00,1.39,0.56,0.40,37,2,0.61,92,50,39,86,0,82,63,0,0.00,99,5,0.00,1.39,9.20,6.60,33,13,41,58,3.62,2.60,39.39,3,0.84,41,0,0.00,0,0.00,99,0,0.00,0.00,54,65,74,95,0,1,0,20,0,85,91,84,93,0,99,81,58,58,0,0,59,9,0,0
Erkin Yalcin,22,1087196400,2004/06/14,Bundesliga,2026/2027,Forward,Rheindorf Altach,49,18,31,Austria,4,2,2,0,0,0,0,0,0,0,0,0,0,0,1,0,1,0,0,0,0,0,0,0,0,1.84,49,12,0,0,0,-1,-1,-1,9,0,4.81,0,74,41.40,5.75,64,23,3.50,14,6,25.20,44,0.00,0.00,0.25,1,0.00,1.00,0.00,0.00,0,0.00,0.25,0.00,0.00,0.00,0.25,0.25,0.50,0.00,1.80,0.25,0.50,0.00,0.00,0.01,0.00,0.00,0.00,0.00,0,0,,1,0.25,68,0,0.00,41,1,1.80,84,0,4,0,16,0.00,99,0,1,1.80,92,4,76,7.20,97,0,0.00,99,0,0.00,0,0,0.00,0,1.80,81,2,3.60,91,1,1.80,50.00,0,0.00,0,0,0,0.00,0,2,0.00,27,3.60,91,N/A,N/A,N/A,N/A,0.00,0,0.00,0,0.05,0.00,0,60.87,0.00,41,0,0.50,3.60,2,88,63,0,0,0,0.00,0.00,0,53,19.25,0.25,1.80,1,0,0.00,0.00,99,0.00,0,0,0,0.00,0.00,0,0.00,0.00,0.00,0.00,0,0,0.00,71,0,38,72,37,0.06,54,0.01,0.11,0.05,53,0.01,0.09,89,1,0.25,1.80,0.00,0.00,19,0,0.09,53,1,54,86,0,75,15,0,0.00,99,0,0.00,0.00,12.60,1.75,7,2,40,85,3.60,0.50,28.57,1,1.80,9,0,25.00,0,0.00,99,1,0.25,1.80,96,4,99,34,0,0,0,0,0,57,72,84,84,0,99,29,58,58,0,0,59,20,0,0
Evan Eghosa,21,1124521200,2005/08/20,Bundesliga,2026/2027,Midfielder,Ried,349,120,229,England,6,3,3,1,0,1,0,0,0,0,0,1,1,0,9,1,8,0,0,0.26,0,0.26,0,0.39,349,2.32,39,58,0,0,0,19,63,-1,5,0,5.28,0,74,15.21,9.83,8,59,6.67,40,16,10.32,8,0.00,0.00,0.33,2,0.00,0.17,1.03,0.67,4,0.00,1.00,0.00,0.00,0.00,0.00,0.33,1.50,8.00,2.06,0.50,0.83,0.00,0.83,0.23,0.00,0.83,0.00,0.00,0,0,,8,1.33,75,5,1.29,91,3,0.77,51,1,1,5,38,0.00,99,0,0,0.00,26,1,54,0.26,33,0,0.00,99,0,0.00,0,0,0.00,0,0.52,38,5,1.29,55,2,0.52,40.00,0,0.00,0,0,0,0.00,0,9,0.00,12,2.32,80,N/A,N/A,N/A,N/A,0.00,0,0.00,0,1.41,0.00,0,67.80,62.50,93,23,0.67,1.03,4,55,50,0,0,0,0.17,0.26,1,65,31.68,0.33,0.52,2,0,0.00,0.00,99,0.00,0,0,0,0.00,0.00,0,0.00,0.00,1.03,0.67,4,0,12.50,78,60,99,91,20,0.14,9,0.02,0.04,1.41,84,0.23,0.36,37,2,0.33,0.52,1.55,1.00,80,6,0.36,83,4,20,86,0,98,60,0,0.00,99,5,0.00,1.29,10.06,6.50,39,13,33,67,3.35,2.17,33.33,6,1.55,16,0,0.00,0,0.00,99,0,0.00,0.00,54,97,74,77,0,0,0,0,0,70,82,86,84,0,99,34,58,58,0,0,59,47,0,0
Fabian Gmeiner,29,854352000,1997/01/27,Bundesliga,2026/2027,Defender,Austria Lustenau,434,254,180,Austria,5,3,2,0,0,0,0,0,0,0,0,0,0,0,9,6,3,2,0,0,0,0,0,0,0,1.87,48,87,217,0,0.41,63,92,43,14,0,6.51,0,74,22.81,22.00,20,110,17.20,86,41,17.83,22,0.00,0.00,1.00,5,0.00,2.40,0.41,0.40,2,0.00,0.20,0.00,0.00,0.00,0.80,0.60,1.80,0.00,0.83,0.60,0.80,0.00,0.20,0.05,0.00,0.40,0.00,0.00,0,0,,4,0.80,43,1,0.21,50,3,0.62,44,1,0,5,20,0.00,99,0,4,0.83,59,12,54,2.49,74,0,0.00,99,0,0.00,0,0,0.00,0,1.04,61,4,0.83,42,3,0.62,75.00,0,0.00,0,0,0,0.00,0,9,0.00,25,1.87,66,N/A,N/A,N/A,N/A,0.00,0,0.00,0,0.24,0.00,0,78.18,25.00,59,70,0.20,0.21,1,60,83,0,0,0,0.40,0.41,2,73,32.54,3.60,3.73,18,1,0.00,0.21,3,0.20,0,0,1,0.20,0.21,0,0.00,0.00,0.21,0.20,1,0,0.00,71,78,93,72,32,0.36,29,0.07,0.07,0.24,41,0.05,0.05,46,3,0.60,0.62,0.83,0.80,55,4,0.05,41,20,76,89,0,78,26,0,0.00,99,2,0.00,0.41,4.98,4.80,24,10,14,13,2.07,2.00,41.67,1,0.21,72,0,0.00,0,0.00,99,0,0.00,0.00,54,97,49,77,0,0,0,0,0,57,72,84,84,0,99,29,76,82,2,40,96,7,0,0
Fabian Hubert Rossdorfer,20,1131523200,2005/11/09,Bundesliga,2026/2027,Midfielder,Ried,36,0,36,Austria,2,0,2,0,0,0,0,0,0,0,0,0,0,0,0,0,0,1,0,0,0,0,0,0,0,0,0,18,36,0,2.5,-1,-1,-1,15,0,6.62,0,74,70.54,14.50,95,29,12.50,25,73,60.81,93,0.00,0.00,0.50,1,0.00,0.00,0.00,0.00,0,0.00,1.00,0.00,0.00,0.00,0.50,0.50,0.00,0.00,4.86,1.00,1.00,0.00,0.00,0.04,0.00,0.50,0.00,0.00,0,0,,2,1.00,97,0,0.00,41,2,4.86,99,0,2,0,16,0.00,99,0,1,2.43,97,0,54,0.00,27,0,0.00,99,0,0.00,0,0,0.00,0,2.43,91,2,4.86,96,1,2.43,50.00,0,0.00,0,0,0,0.00,0,0,0.00,99,0.00,0,N/A,N/A,N/A,N/A,0.00,0,0.00,0,0.09,0.00,0,86.21,0.00,41,1,0.50,2.43,1,95,63,0,0,0,0.00,0.00,0,53,13.23,0.00,0.00,0,0,0.00,0.00,99,0.00,0,0,0,0.00,0.00,0,0.00,0.00,0.00,0.00,0,0,0.00,71,0,11,72,7,0.08,75,0.04,0.19,0.09,69,0.04,0.22,99,3,1.50,7.30,2.43,0.50,95,1,0.22,69,31,7,86,0,75,86,0,0.00,99,1,0.00,2.43,26.76,5.50,11,5,99,99,12.16,2.50,45.45,2,4.86,0,0,0.00,0,0.00,99,0,0.00,0.00,54,4,86,34,0,0,0,0,0,57,72,84,84,0,99,29,58,99,1,50,97,18,0,0
Fabian Lechner,20,1138262400,2006/01/26,Bundesliga,2026/2027,Midfielder,Ried,0,0,0,Austria,0,0,0,0,0,0,0,0,0,0,0,0,0,0,0,0,0,0,0,0,0,0,0,0,0,0,0,0,0,0,0,-1,-1,-1,-1,N/A,N/A,N/A,N/A,N/A,N/A,N/A,N/A,N/A,N/A,N/A,N/A,N/A,N/A,N/A,N/A,N/A,N/A,N/A,N/A,N/A,N/A,N/A,N/A,N/A,N/A,N/A,N/A,N/A,N/A,N/A,N/A,N/A,N/A,N/A,N/A,N/A,N/A,N/A,N/A,N/A,N/A,N/A,N/A,N/A,N/A,N/A,N/A,N/A,N/A,N/A,N/A,N/A,N/A,N/A,N/A,N/A,N/A,N/A,N/A,N/A,N/A,N/A,N/A,N/A,N/A,N/A,N/A,N/A,N/A,N/A,N/A,N/A,N/A,N/A,N/A,N/A,N/A,N/A,N/A,N/A,N/A,N/A,N/A,N/A,N/A,N/A,N/A,N/A,N/A,N/A,N/A,N/A,N/A,N/A,N/A,N/A,N/A,N/A,N/A,N/A,N/A,N/A,N/A,N/A,N/A,N/A,N/A,N/A,N/A,N/A,N/A,N/A,N/A,N/A,N/A,N/A,N/A,N/A,N/A,N/A,N/A,N/A,N/A,N/A,N/A,N/A,N/A,N/A,N/A,N/A,N/A,N/A,N/A,N/A,N/A,N/A,N/A,N/A,N/A,N/A,N/A,N/A,N/A,N/A,N/A,N/A,N/A,N/A,N/A,N/A,N/A,N/A,N/A,N/A,N/A,N/A,N/A,N/A,N/A,N/A,N/A,N/A,N/A,N/A,N/A,N/A,N/A,N/A,N/A,N/A,N/A,N/A,N/A,N/A,N/A,N/A,N/A,N/A,N/A,N/A,N/A,N/A,N/A,N/A,N/A,N/A,N/A,N/A,N/A,N/A,N/A,N/A,N/A,N/A,N/A,N/A,N/A,N/A,N/A,N/A,N/A,N/A,N/A,N/A,N/A,N/A,N/A,N/A,N/A,N/A,N/A,N/A,N/A,N/A,N/A,N/A,N/A,N/A,N/A,N/A,N/A,N/A,N/A
Fabian Wilfinger,23,1061967600,2003/08/27,Bundesliga,2026/2027,Defender,Hartberg,450,270,180,Austria,5,3,2,0,0,0,1,1,0,0,0,0,0,0,8,6,2,1,0,0.2,0.2,0,0,0,0,1.6,56,90,450,450,0.2,106,37,37,18,0,6.81,0.2,79,35.20,35.20,51,176,29.40,147,61,29.40,55,0.00,0.00,1.20,6,0.00,0.80,2.00,2.00,10,0.00,0.20,0.00,0.00,0.00,0.40,0.20,1.60,0.00,0.80,0.60,0.40,0.00,0.20,0.05,0.00,1.00,0.00,0.00,0,0,,4,0.80,41,1,0.20,48,3,0.60,43,1,0,5,74,0.00,99,0,2,0.40,38,4,76,0.80,50,0,0.00,99,0,0.00,0,0,0.00,0,1.20,70,2,0.40,28,1,0.20,50.00,0,0.00,0,0,0,0.00,0,8,0.00,34,1.60,58,N/A,N/A,N/A,N/A,0.00,0,0.00,0,0.25,0.00,0,83.52,25.00,59,8,1.60,1.60,8,38,63,0,0,0,0.60,0.60,3,82,34.07,5.20,5.20,26,0,0.00,0.00,99,0.00,0,0,0,0.00,0.00,0,0.00,0.00,0.00,0.00,0,0,0.00,71,95,93,72,41,1.10,77,0.22,0.22,0.25,41,0.05,0.05,30,2,0.40,0.40,0.60,0.60,41,3,0.05,41,54,88,86,0,75,52,0,0.00,99,5,0.00,1.00,7.20,7.20,36,18,40,33,3.60,3.60,50.00,1,0.20,75,0,25.00,0,0.00,99,1,0.20,0.20,59,97,49,77,0,0,0,0,0,64,72,84,84,0,99,29,99,63,1,20,79,18,0,0
Fabian Wohlmuth,24,1024988400,2002/06/25,Bundesliga,2026/2027,Defender,Wolfsberger AC,450,270,180,Austria,5,3,2,1,1,0,1,1,0,0,0,2,1,1,6,4,2,1,0,0.4,0.2,0.2,0.33,0,450,1.2,75,90,450,450,0.2,32,35,19,2,0,6.89,0.2,79,26.40,26.40,25,132,16.80,84,12,16.80,21,0.00,0.00,0.80,4,0.00,3.80,2.20,2.20,11,0.00,1.00,0.00,0.00,0.00,0.20,1.00,1.20,5.00,1.00,0.80,2.40,0.00,0.20,0.18,0.00,2.00,0.00,0.00,0,0,,5,1.00,50,1,0.20,48,4,0.80,54,0,0,5,78,0.00,99,0,1,0.20,27,19,66,3.80,85,0,0.00,99,0,0.00,0,0,0.00,0,0.80,50,12,2.40,79,5,1.00,41.67,0,0.00,0,0,0,0.00,0,6,0.00,59,1.20,35,N/A,N/A,N/A,N/A,0.00,0,0.00,0,0.90,0.00,0,63.64,20.00,48,35,0.80,0.80,4,75,52,0,0,0,0.80,0.80,4,89,34.47,2.80,2.80,14,0,0.00,0.00,99,0.00,0,0,0,0.00,0.00,0,0.00,0.00,0.20,0.20,1,0,20.00,88,95,93,99,67,0.92,71,0.18,0.18,0.90,66,0.18,0.18,67,5,1.00,1.00,2.00,2.00,90,10,0.18,66,62,68,86,0,77,78,0,0.00,99,10,0.00,2.00,13.80,13.80,69,30,80,91,6.00,6.00,43.48,5,1.00,34,0,21.05,0,0.00,99,4,0.80,0.80,79,97,49,34,0,0,0,0,0,78,76,84,85,0,99,81,99,63,1,20,79,31,0,0
Felix Wimmer,28,903337200,1998/08/17,Bundesliga,2026/2027,Goalkeeper,Ried,0,0,0,Austria,0,0,0,0,0,0,0,0,0,0,0,0,0,0,0,0,0,0,0,0,0,0,0,0,0,0,0,0,0,0,0,-1,-1,-1,-1,N/A,N/A,N/A,N/A,N/A,N/A,N/A,N/A,N/A,N/A,N/A,N/A,N/A,N/A,N/A,N/A,N/A,N/A,N/A,N/A,N/A,N/A,N/A,N/A,N/A,N/A,N/A,N/A,N/A,N/A,N/A,N/A,N/A,N/A,N/A,N/A,N/A,N/A,N/A,N/A,N/A,N/A,N/A,N/A,N/A,N/A,N/A,N/A,N/A,N/A,N/A,N/A,N/A,N/A,N/A,N/A,N/A,N/A,N/A,N/A,N/A,N/A,N/A,N/A,N/A,N/A,N/A,N/A,N/A,N/A,N/A,N/A,N/A,N/A,N/A,N/A,N/A,N/A,N/A,N/A,N/A,N/A,N/A,N/A,N/A,N/A,N/A,N/A,N/A,N/A,N/A,N/A,N/A,N/A,N/A,N/A,N/A,N/A,N/A,N/A,N/A,N/A,N/A,N/A,N/A,N/A,N/A,N/A,N/A,N/A,N/A,N/A,N/A,N/A,N/A,N/A,N/A,N/A,N/A,N/A,N/A,N/A,N/A,N/A,N/A,N/A,N/A,N/A,N/A,N/A,N/A,N/A,N/A,N/A,N/A,N/A,N/A,N/A,N/A,N/A,N/A,N/A,N/A,N/A,N/A,N/A,N/A,N/A,N/A,N/A,N/A,N/A,N/A,N/A,N/A,N/A,N/A,N/A,N/A,N/A,N/A,N/A,N/A,N/A,N/A,N/A,N/A,N/A,N/A,N/A,N/A,N/A,N/A,N/A,N/A,N/A,N/A,N/A,N/A,N/A,N/A,N/A,N/A,N/A,N/A,N/A,N/A,N/A,N/A,N/A,N/A,N/A,N/A,N/A,N/A,N/A,N/A,N/A,N/A,N/A,N/A,N/A,N/A,N/A,N/A,N/A,N/A,N/A,N/A,N/A,N/A,N/A,N/A,N/A,N/A,N/A,N/A,N/A,N/A,N/A,N/A,N/A,N/A,N/A
Filip Milojevic,21,1107936000,2005/02/09,Bundesliga,2026/2027,Defender,Rheindorf Altach,450,180,270,Austria,5,2,3,0,0,0,0,0,0,0,0,0,0,0,7,2,5,2,0,0,0,0,0,0,0,1.4,64,90,225,0,0.4,62,67,29,15,0,6.78,0,74,47.40,47.40,74,237,40.80,204,72,40.80,75,0.00,0.00,0.20,1,0.00,0.20,2.80,2.80,14,0.00,0.40,0.00,0.00,0.00,1.20,0.40,1.60,0.00,0.80,0.60,0.60,0.00,0.20,0.05,0.00,1.60,0.00,0.00,0,0,,4,0.80,41,1,0.20,48,3,0.60,43,0,0,5,90,0.00,99,0,6,1.20,77,1,54,0.20,29,0,0.00,99,0,0.00,0,0,0.00,0,0.20,25,3,0.60,35,2,0.40,66.67,0,0.00,0,0,0,0.00,0,8,0.00,44,1.60,58,N/A,N/A,N/A,N/A,0.00,0,0.00,0,0.24,0.00,0,86.08,25.00,59,35,0.80,0.80,4,47,78,0,0,0,1.00,1.00,5,94,33.88,3.80,3.80,19,0,0.00,0.00,99,0.00,0,0,0,0.00,0.00,0,0.00,0.00,0.00,0.00,0,0,0.00,71,95,93,72,50,0.49,50,0.10,0.10,0.24,41,0.05,0.05,44,3,0.60,0.60,2.00,2.00,90,10,0.05,41,49,77,86,0,75,70,0,0.00,99,8,0.00,1.60,10.40,10.40,52,27,71,73,5.40,5.40,51.92,2,0.40,61,0,0.00,0,0.00,99,0,0.00,0.00,54,97,49,34,0,0,0,0,0,57,72,84,84,0,99,29,80,81,2,40,96,27,0,0
Florian Flecker,30,814950000,1995/10/29,Bundesliga,2026/2027,Midfielder,LASK Linz,72,53,19,Austria,3,2,1,1,1,0,1,0,1,0,0,1,1,0,0,0,0,0,0,2.5,1.25,1.25,1.7,0,72,0,0,24,0,72,0,-1,-1,-1,6,0,7.15,0.33,99,36.25,9.67,53,29,8.33,25,73,31.25,60,0.00,0.00,1.00,3,0.00,1.33,1.25,0.33,1,0.00,0.67,0.00,0.00,0.00,0.00,0.67,0.00,4.00,5.00,1.00,1.00,0.00,0.33,0.29,0.00,0.00,0.00,0.00,0,0,,4,1.33,98,1,1.25,90,3,3.75,99,0,3,0,45,0.00,99,0,0,0.00,26,4,54,5.00,91,0,0.00,99,0,0.00,0,0,0.00,0,3.75,99,3,3.75,92,2,2.50,66.67,0,0.00,0,0,0,0.00,0,0,0.00,99,0.00,0,N/A,N/A,N/A,N/A,0.00,0,0.00,0,0.86,0.00,0,86.21,25.00,59,99,0.00,0.00,0,96,78,0,0,0,0.00,0.00,0,53,21.45,0.33,1.25,1,0,0.00,0.00,99,0.00,0,0,0,0.00,0.00,0,0.00,0.00,0.00,0.00,0,0,25.00,92,2,24,73,7,0.74,99,0.25,0.93,0.86,99,0.29,1.07,97,2,0.67,2.50,0.00,0.00,19,0,1.07,99,86,45,86,0,75,15,0,0.00,99,0,0.00,0.00,15.00,4.00,12,5,84,95,6.25,1.67,41.67,2,2.50,2,0,0.00,0,0.00,99,0,0.00,0.00,54,4,95,34,0,0,0,0,0,99,99,84,98,0,99,59,58,58,0,0,59,29,0,0
Florian Gerstl,23,1040112000,2002/12/17,Bundesliga,2026/2027,Midfielder,Hartberg,72,26,46,Austria,2,1,1,0,0,0,0,0,0,0,0,0,0,0,1,1,0,0,0,0,0,0,0,0,0,1.25,72,36,0,0,0,-1,-1,-1,15,0,6.47,0,74,15.00,6.00,7,12,3.50,7,5,8.75,6,0.00,0.00,0.00,0,0.00,0.50,3.75,1.50,3,0.00,0.00,0.00,0.00,0.00,1.00,0.00,0.50,0.00,0.00,0.00,0.00,0.00,0.00,0.00,0.00,0.00,0.00,0.00,0,0,,0,0.00,18,0,0.00,41,0,0.00,23,1,1,1,97,0.00,99,0,2,2.50,98,1,54,1.25,58,0,0.00,99,0,0.00,0,0,0.00,0,0.00,21,0,0.00,19,0,0.00,0.00,0,0.00,0,0,0,0.00,0,1,0.00,53,1.25,40,N/A,N/A,N/A,N/A,0.00,0,0.00,0,0.00,0.00,0,58.33,0.00,41,1,1.00,2.50,2,33,33,0,0,0,0.00,0.00,0,53,12.95,1.50,3.75,3,0,0.00,0.00,99,0.00,0,0,0,0.00,0.00,0,0.00,0.00,0.00,0.00,0,0,0.00,71,2,11,72,60,0.02,5,0.01,0.03,0.00,19,0.00,0.00,80,1,0.50,1.25,0.00,0.00,19,0,0.00,18,12,77,86,0,75,15,0,0.00,99,0,0.00,0.00,8.75,3.50,7,4,67,52,5.00,2.00,57.14,0,0.00,99,0,0.00,0,0.00,99,0,0.00,0.00,54,18,74,77,0,0,0,0,0,57,72,84,84,0,99,29,58,58,0,0,59,28,0,0
Florian Wustinger,23,1058770800,2003/07/21,Bundesliga,2026/2027,Midfielder,Austria Wien,307,133,174,Austria,5,2,3,0,0,0,1,0,1,0,0,1,0,1,5,1,4,0,0,0.29,0.29,0,0,0,0,1.47,61,61,0,307,0,93,14,-1,14,0,6.79,0.2,88,25.71,17.60,24,88,15.00,75,69,21.92,34,0.00,0.00,0.20,1,0.00,0.00,3.80,2.60,13,0.00,0.40,0.00,0.00,0.00,1.20,0.40,1.00,0.00,0.00,0.00,0.60,0.00,0.00,0.00,0.00,0.80,0.00,0.00,0,0,,0,0.00,18,0,0.00,41,0,0.00,23,1,1,4,98,0.00,99,0,6,1.75,90,0,54,0.00,27,0,0.00,99,0,0.00,0,0,0.00,0,0.29,28,3,0.88,44,2,0.58,66.67,0,0.00,0,0,0,0.00,0,5,0.00,39,1.46,49,N/A,N/A,N/A,N/A,0.00,0,0.00,0,0.00,0.00,0,85.23,0.00,41,45,0.40,0.58,2,58,78,0,0,0,0.20,0.29,1,66,33.94,0.80,1.17,4,0,0.00,0.00,99,0.00,0,0,0,0.00,0.00,0,0.00,0.00,0.00,0.00,0,0,0.00,71,53,93,72,46,0.74,77,0.15,0.22,0.00,19,0.00,0.00,59,3,0.60,0.88,1.46,1.00,78,5,0.00,18,50,43,86,0,75,54,0,0.00,99,4,0.00,1.17,10.52,7.20,36,22,87,75,6.43,4.40,61.11,2,0.58,51,0,0.00,0,0.00,99,0,0.00,0.00,54,65,74,77,0,0,0,0,0,71,72,84,84,0,99,45,58,58,0,0,59,22,0,0
Frans Krätzig,23,1047628800,2003/03/14,Bundesliga,2026/2027,Defender,Salzburg,168,10,158,Germany,3,1,2,1,0,1,1,0,1,0,0,2,1,1,1,0,1,0,0,1.07,0.54,0.54,0,0.57,168,0.54,168,56,0,168,0,-1,-1,-1,4,0,7.57,0.33,96,50.89,31.67,81,95,30.00,90,99,48.21,84,0.00,0.00,2.33,7,0.00,1.67,1.61,1.00,3,0.00,0.33,0.00,0.00,0.00,0.00,1.00,0.33,2.00,1.07,0.00,1.33,0.00,0.67,0.28,0.00,1.00,0.00,0.00,0,0,,2,0.67,54,2,1.07,84,0,0.00,23,1,1,2,59,0.00,99,0,0,0.00,26,5,65,2.68,76,0,0.00,99,0,0.00,0,0,0.00,0,3.75,99,4,2.14,75,3,1.61,75.00,0,0.00,0,0,0,0.00,0,1,0.00,85,0.54,8,N/A,N/A,N/A,N/A,0.00,0,0.00,0,0.84,0.00,0,94.74,100.00,99,2,1.33,2.14,4,86,83,0,0,0,0.33,0.54,1,78,22.71,2.00,3.21,6,0,0.00,0.00,99,0.00,0,0,0,0.00,0.00,0,0.00,0.00,0.00,0.00,0,0,50.00,99,21,24,82,92,1.03,97,0.34,0.55,0.84,92,0.28,0.45,95,4,1.33,2.14,0.00,0.00,19,0,0.45,89,98,72,86,0,75,70,0,0.00,99,3,0.00,1.61,10.18,6.33,19,12,87,70,6.43,4.00,63.16,1,0.54,52,0,20.00,0,0.00,99,1,0.33,0.54,75,34,74,77,0,0,0,0,0,96,91,93,84,0,99,99,58,58,0,0,59,13,0,0
Furkan Demir,21,1101715200,2004/11/29,Bundesliga,2026/2027,Defender,Rapid Wien,0,0,0,Austria,0,0,0,0,0,0,0,0,0,0,0,0,0,0,0,0,0,0,0,0,0,0,0,0,0,0,0,0,0,0,0,-1,-1,-1,-1,N/A,N/A,N/A,N/A,N/A,N/A,N/A,N/A,N/A,N/A,N/A,N/A,N/A,N/A,N/A,N/A,N/A,N/A,N/A,N/A,N/A,N/A,N/A,N/A,N/A,N/A,N/A,N/A,N/A,N/A,N/A,N/A,N/A,N/A,N/A,N/A,N/A,N/A,N/A,N/A,N/A,N/A,N/A,N/A,N/A,N/A,N/A,N/A,N/A,N/A,N/A,N/A,N/A,N/A,N/A,N/A,N/A,N/A,N/A,N/A,N/A,N/A,N/A,N/A,N/A,N/A,N/A,N/A,N/A,N/A,N/A,N/A,N/A,N/A,N/A,N/A,N/A,N/A,N/A,N/A,N/A,N/A,N/A,N/A,N/A,N/A,N/A,N/A,N/A,N/A,N/A,N/A,N/A,N/A,N/A,N/A,N/A,N/A,N/A,N/A,N/A,N/A,N/A,N/A,N/A,N/A,N/A,N/A,N/A,N/A,N/A,N/A,N/A,N/A,N/A,N/A,N/A,N/A,N/A,N/A,N/A,N/A,N/A,N/A,N/A,N/A,N/A,N/A,N/A,N/A,N/A,N/A,N/A,N/A,N/A,N/A,N/A,N/A,N/A,N/A,N/A,N/A,N/A,N/A,N/A,N/A,N/A,N/A,N/A,N/A,N/A,N/A,N/A,N/A,N/A,N/A,N/A,N/A,N/A,N/A,N/A,N/A,N/A,N/A,N/A,N/A,N/A,N/A,N/A,N/A,N/A,N/A,N/A,N/A,N/A,N/A,N/A,N/A,N/A,N/A,N/A,N/A,N/A,N/A,N/A,N/A,N/A,N/A,N/A,N/A,N/A,N/A,N/A,N/A,N/A,N/A,N/A,N/A,N/A,N/A,N/A,N/A,N/A,N/A,N/A,N/A,N/A,N/A,N/A,N/A,N/A,N/A,N/A,N/A,N/A,N/A,N/A,N/A,N/A,N/A,N/A,N/A,N/A,N/A
Gaoussou Diakité,20,1127718000,2005/09/26,Bundesliga,2026/2027,Forward,Salzburg,80,80,0,Mali,1,1,0,0,0,0,0,0,0,0,0,1,1,0,0,0,0,0,0,0,0,0,0,0,0,0,0,80,0,0,0,-1,-1,-1,22,0,7.53,0,74,50.62,45.00,81,45,41.00,41,90,46.12,81,0.00,0.00,1.00,1,0.00,3.00,1.12,1.00,1,0.00,0.00,0.00,0.00,0.00,1.00,1.00,0.00,0.00,7.87,6.00,1.00,0.00,1.00,0.37,0.00,0.00,0.00,0.00,0,0,,7,7.00,99,1,1.12,85,6,6.75,99,2,0,1,40,0.00,99,0,1,1.12,73,3,54,3.38,80,0,0.00,99,0,0.00,0,0,0.00,0,1.12,64,1,1.12,52,1,1.12,100.00,0,0.00,0,0,0,0.00,0,0,0.00,99,0.00,0,N/A,N/A,N/A,N/A,0.00,0,0.00,0,0.37,0.00,0,91.11,14.29,44,20,1.00,1.12,1,78,99,0,0,0,0.00,0.00,0,53,7.53,0.00,0.00,0,0,0.00,0.00,99,0.00,0,0,0,0.00,0.00,0,0.00,0.00,0.00,0.00,0,0,0.00,71,4,3,72,7,0.13,68,0.13,0.15,0.37,88,0.37,0.42,73,1,1.00,1.12,0.00,0.00,19,0,0.42,86,97,7,86,0,75,15,0,0.00,99,0,0.00,0.00,4.50,4.00,4,2,16,11,2.25,2.00,50.00,0,0.00,99,0,0.00,0,0.00,99,0,0.00,0.00,54,18,49,95,0,0,0,0,0,57,72,84,84,0,99,99,58,58,0,0,59,30,0,0
George Bello,24,1011686400,2002/01/22,Bundesliga,2026/2027,Defender,LASK Linz,383,249,134,USA,5,3,2,0,0,0,0,0,0,0,0,3,2,1,1,1,0,0,0,0,0,0,0,0,0,0.23,383,77,0,0,0,91,93,1,15,0,6.94,0,74,37.36,31.80,56,159,26.80,134,65,31.49,61,0.00,0.00,1.20,6,0.00,3.40,1.41,1.20,6,0.00,0.60,0.00,0.00,0.00,0.40,1.60,0.20,0.00,0.94,0.80,3.20,0.00,0.00,0.04,0.00,0.60,0.00,0.00,0,0,,4,0.80,45,0,0.00,41,4,0.94,59,1,1,4,52,0.00,99,0,2,0.47,40,17,61,3.99,86,0,0.00,99,0,0.00,0,0,0.00,0,1.41,75,16,3.76,92,8,1.88,50.00,0,0.00,0,0,0,0.00,0,1,0.00,93,0.23,1,N/A,N/A,N/A,N/A,0.00,0,0.00,0,0.22,0.00,0,84.28,0.00,41,99,0.00,0.00,0,90,63,0,0,0,0.00,0.00,0,53,34.69,0.80,0.94,4,0,0.00,0.00,99,0.00,0,0,1,0.20,0.23,0,0.00,0.00,0.94,0.80,4,0,0.00,71,70,93,72,99,0.46,54,0.09,0.11,0.22,41,0.04,0.05,92,8,1.60,1.88,0.47,0.40,31,2,0.05,41,69,34,91,0,96,43,0,0.00,99,3,0.00,0.70,10.10,8.60,43,24,73,68,5.64,4.80,55.81,3,0.70,46,0,17.65,0,0.00,99,3,0.60,0.70,78,65,74,77,0,0,0,0,0,57,72,84,84,0,99,95,58,58,0,0,59,2,0,0
Georgi Bedianashvili,19,1169107200,2007/01/18,Bundesliga,2026/2027,Midfielder,Wattens,12,0,12,Georgia,1,0,1,0,0,0,0,0,0,0,0,1,0,1,0,0,0,0,0,0,0,0,0,0,0,0,0,12,0,0,0,-1,-1,-1,9,0,6.48,0,74,22.50,3.00,19,3,1.00,1,0,7.50,2,0.00,0.00,0.00,0,0.00,0.00,0.00,0.00,0,0.00,0.00,0.00,0.00,0.00,0.00,1.00,0.00,0.00,0.00,0.00,1.00,0.00,0.00,0.00,0.00,0.00,0.00,0.00,0,0,,0,0.00,18,0,0.00,41,0,0.00,23,0,1,0,16,0.00,99,0,0,0.00,26,0,54,0.00,27,0,0.00,99,0,0.00,0,0,0.00,0,0.00,21,1,7.50,99,1,7.50,100.00,0,0.00,0,0,0,0.00,0,0,0.00,99,0.00,0,N/A,N/A,N/A,N/A,0.00,0,0.00,0,0.00,0.00,0,33.33,0.00,41,99,0.00,0.00,0,99,99,0,0,0,0.00,0.00,0,53,6.48,0.00,0.00,0,0,0.00,0.00,99,0.00,0,0,0,0.00,0.00,0,0.00,0.00,0.00,0.00,0,0,0.00,71,0,3,72,7,0.00,0,0.00,0.00,0.00,19,0.00,0.00,99,1,1.00,7.50,7.50,1.00,99,1,0.00,18,14,7,86,0,75,15,0,0.00,99,0,0.00,0.00,30.00,4.00,4,2,99,99,15.00,2.00,50.00,0,0.00,99,0,0.00,0,0.00,99,0,0.00,0.00,54,4,74,34,0,0,0,0,0,57,72,84,84,0,99,99,58,58,0,0,59,39,0,0
Giacomo Vrioni,27,908434800,1998/10/15,Bundesliga,2026/2027,Forward,Wolfsberger AC,403,233,170,Italy,5,3,2,4,3,1,0,0,0,0,0,2,1,1,5,3,2,0,0,0.89,0,0.89,1.16,0.53,101,1.12,81,81,0,0,0,3,103,-1,1,0,7.10,0,74,11.14,10.00,2,50,6.80,34,17,7.57,3,0.00,0.00,0.60,3,0.00,0.20,0.45,0.40,2,0.00,0.40,0.00,0.00,0.00,0.00,0.40,1.00,3.00,2.67,1.00,1.60,0.00,1.40,0.68,0.00,1.20,0.00,0.00,0,0,,12,2.40,84,7,1.56,94,5,1.11,67,1,0,5,21,0.00,99,0,0,0.00,26,1,54,0.22,30,0,0.00,99,0,0.00,0,0,0.00,0,0.67,44,8,1.78,66,2,0.45,25.00,0,0.00,0,0,0,0.00,0,5,0.00,64,1.11,29,N/A,N/A,N/A,N/A,0.00,0,0.00,0,3.41,0.00,0,68.00,58.33,92,99,0.00,0.00,0,51,39,2,0,0,0.00,0.00,0,53,35.50,0.40,0.45,2,0,0.00,0.00,99,0.00,0,2,0,0.00,0.00,0,0.00,0.00,0.89,0.80,4,0,33.33,96,75,93,75,72,0.20,9,0.04,0.04,2.01,92,0.40,0.45,60,4,0.80,0.89,0.89,0.80,57,4,0.76,96,83,17,86,0,95,62,0,0.00,99,6,0.00,1.34,8.69,7.80,39,14,29,51,3.12,2.80,35.90,2,0.45,57,0,0.00,0,0.00,99,0,0.00,0.00,54,97,49,77,0,0,0,0,0,93,97,91,97,0,99,81,58,58,0,0,59,9,0,0
Gizo Mamageishvili,23,1042617600,2003/01/15,Bundesliga,2026/2027,Midfielder,Sturm Graz,146,23,123,Georgia,5,2,3,0,0,0,0,0,0,0,0,2,1,1,1,0,1,1,0,0,0,0,0,0,0,0.62,146,29,146,0,0.62,-1,-1,-1,6,0,6.71,0,74,28.58,9.40,31,47,7.20,36,36,21.89,34,0.00,0.00,1.00,5,0.00,2.20,1.82,0.60,3,0.00,0.40,0.00,0.00,0.00,0.00,0.40,0.20,0.00,5.47,1.60,0.60,0.00,0.20,0.09,0.00,0.40,0.00,0.00,0,0,,9,1.80,99,1,0.61,69,8,4.86,99,2,4,1,67,0.00,99,0,0,0.00,26,11,89,6.69,97,0,0.00,99,0,0.00,0,0,0.00,0,3.04,95,3,1.82,67,2,1.22,66.67,0,0.00,0,0,0,0.00,0,1,0.00,82,0.61,11,N/A,N/A,N/A,N/A,0.00,0,0.00,0,0.46,0.00,0,76.60,11.11,41,13,0.40,1.22,2,81,78,0,0,0,0.00,0.00,0,53,33.57,0.00,0.00,0,0,0.00,0.00,99,0.00,0,0,1,0.20,0.61,0,0.00,0.00,0.00,0.00,0,0,0.00,71,17,93,72,89,0.26,70,0.05,0.16,0.46,76,0.09,0.28,78,2,0.40,1.22,2.43,0.80,95,4,0.28,76,40,7,99,0,75,57,0,0.00,99,2,0.00,1.22,11.55,3.80,19,9,72,80,5.47,1.80,47.37,2,1.22,25,0,36.36,0,0.00,99,4,0.80,2.43,98,18,99,95,0,0,0,0,0,57,72,84,84,0,99,81,67,92,1,20,79,15,0,0
Habib Anas Coulibaly,22,1068537600,2003/11/11,Bundesliga,2026/2027,Defender,Hartberg,328,148,180,Spain,5,3,2,0,0,0,0,0,0,0,0,0,0,0,5,3,2,1,0,0,0,0,0,0,0,1.37,66,66,328,0,0.27,108,109,26,21,0,5.10,0,74,34.91,25.60,49,128,18.20,91,22,24.82,43,0.00,0.00,0.20,1,0.00,0.60,2.18,1.60,8,0.00,0.20,0.00,0.00,0.00,0.40,0.40,1.00,0.00,0.27,0.20,0.60,0.00,0.00,0.01,0.00,0.60,0.00,0.00,0,0,,1,0.20,21,0,0.00,41,1,0.27,26,1,1,4,76,0.00,99,0,2,0.55,43,3,88,0.82,51,0,0.00,99,0,0.00,0,0,0.00,0,0.27,26,3,0.82,42,2,0.55,66.67,0,0.00,0,0,0,0.00,0,5,0.00,46,1.36,46,N/A,N/A,N/A,N/A,0.00,0,0.00,0,0.05,0.00,0,71.09,0.00,41,21,0.80,1.09,4,56,78,0,0,0,0.40,0.55,2,78,25.50,3.20,4.36,16,0,0.00,0.00,99,0.00,0,0,0,0.00,0.00,0,0.00,0.00,0.00,0.00,0,0,0.00,71,57,93,72,52,0.20,17,0.04,0.05,0.05,21,0.01,0.01,22,1,0.20,0.27,1.64,1.20,83,6,0.01,20,2,83,86,0,75,47,0,0.00,99,3,0.00,0.82,9.55,7.00,35,14,46,63,3.82,2.80,40.00,1,0.27,68,0,33.33,0,0.00,99,1,0.20,0.27,65,65,74,77,0,0,0,0,0,57,72,84,84,0,99,29,87,72,1,20,79,6,0,0
Halil Başar,18,1203667200,2008/02/22,Bundesliga,2026/2027,Defender,Rheindorf Altach,0,0,0,Turkey,0,0,0,0,0,0,0,0,0,0,0,0,0,0,0,0,0,0,0,0,0,0,0,0,0,0,0,0,0,0,0,-1,-1,-1,-1,N/A,N/A,N/A,N/A,N/A,N/A,N/A,N/A,N/A,N/A,N/A,N/A,N/A,N/A,N/A,N/A,N/A,N/A,N/A,N/A,N/A,N/A,N/A,N/A,N/A,N/A,N/A,N/A,N/A,N/A,N/A,N/A,N/A,N/A,N/A,N/A,N/A,N/A,N/A,N/A,N/A,N/A,N/A,N/A,N/A,N/A,N/A,N/A,N/A,N/A,N/A,N/A,N/A,N/A,N/A,N/A,N/A,N/A,N/A,N/A,N/A,N/A,N/A,N/A,N/A,N/A,N/A,N/A,N/A,N/A,N/A,N/A,N/A,N/A,N/A,N/A,N/A,N/A,N/A,N/A,N/A,N/A,N/A,N/A,N/A,N/A,N/A,N/A,N/A,N/A,N/A,N/A,N/A,N/A,N/A,N/A,N/A,N/A,N/A,N/A,N/A,N/A,N/A,N/A,N/A,N/A,N/A,N/A,N/A,N/A,N/A,N/A,N/A,N/A,N/A,N/A,N/A,N/A,N/A,N/A,N/A,N/A,N/A,N/A,N/A,N/A,N/A,N/A,N/A,N/A,N/A,N/A,N/A,N/A,N/A,N/A,N/A,N/A,N/A,N/A,N/A,N/A,N/A,N/A,N/A,N/A,N/A,N/A,N/A,N/A,N/A,N/A,N/A,N/A,N/A,N/A,N/A,N/A,N/A,N/A,N/A,N/A,N/A,N/A,N/A,N/A,N/A,N/A,N/A,N/A,N/A,N/A,N/A,N/A,N/A,N/A,N/A,N/A,N/A,N/A,N/A,N/A,N/A,N/A,N/A,N/A,N/A,N/A,N/A,N/A,N/A,N/A,N/A,N/A,N/A,N/A,N/A,N/A,N/A,N/A,N/A,N/A,N/A,N/A,N/A,N/A,N/A,N/A,N/A,N/A,N/A,N/A,N/A,N/A,N/A,N/A,N/A,N/A,N/A,N/A,N/A,N/A,N/A,N/A
Haris Ismailcebioglu,22,1063954800,2003/09/19,Bundesliga,2026/2027,Midfielder,Austria Lustenau,13,0,13,Austria,1,0,1,0,0,0,0,0,0,0,0,0,0,0,0,0,0,1,0,0,0,0,0,0,0,0,0,13,13,0,6.92,-1,-1,-1,6,0,6.77,0,74,55.38,8.00,84,8,4.00,4,2,27.69,50,0.00,0.00,2.00,2,0.00,1.00,0.00,0.00,0,0.00,0.00,0.00,0.00,0.00,0.00,1.00,0.00,0.00,6.92,1.00,1.00,0.00,0.00,0.05,0.00,0.00,0.00,0.00,0,0,,1,1.00,99,0,0.00,41,1,6.92,99,0,1,0,16,0.00,99,0,0,0.00,26,1,54,6.92,97,0,0.00,99,0,0.00,0,0,0.00,0,13.85,99,1,6.92,99,1,6.92,100.00,0,0.00,0,0,0,0.00,0,0,0.00,99,0.00,0,N/A,N/A,N/A,N/A,0.00,0,0.00,0,0.05,0.00,0,50.00,0.00,41,99,0.00,0.00,0,99,99,0,0,0,0.00,0.00,0,53,6.77,0.00,0.00,0,0,0.00,0.00,99,0.00,0,0,0,0.00,0.00,0,0.00,0.00,0.00,0.00,0,0,0.00,71,0,3,72,7,0.07,96,0.07,0.48,0.05,83,0.05,0.35,18,0,0.00,0.00,6.92,1.00,99,1,0.35,82,48,7,86,0,75,15,0,0.00,99,0,0.00,0.00,20.77,3.00,3,1,91,99,6.92,1.00,33.33,0,0.00,99,0,0.00,0,0.00,99,0,0.00,0.00,54,4,74,34,0,0,0,0,0,57,72,84,84,0,99,29,58,99,1,100,99,61,0,0
Haris Tabakovic,32,772095600,1994/06/20,Bundesliga,2026/2027,Forward,Salzburg,315,135,180,Switzerland,5,3,2,3,3,0,0,0,0,0,0,1,1,0,3,1,2,0,0,0.86,0,0.86,2,0,105,0.86,105,63,0,0,0,4,91,-1,2,0,7.09,0,74,17.71,12.40,13,62,9.40,47,34,13.43,16,0.00,0.00,0.80,4,0.00,0.00,0.57,0.40,2,0.00,0.20,0.00,0.00,0.00,0.00,0.60,0.60,4.33,3.71,1.40,1.00,0.00,1.20,0.58,0.00,1.00,0.00,0.00,0,0,,13,2.60,93,6,1.71,95,7,2.00,88,2,1,4,23,0.00,99,0,0,0.00,26,0,54,0.00,27,0,0.00,99,0,0.00,0,0,0.00,0,1.14,65,5,1.43,59,3,0.86,60.00,0,0.00,0,0,0,0.00,0,3,0.00,75,0.86,19,N/A,N/A,N/A,N/A,0.00,0,0.00,0,2.89,0.00,0,75.81,46.15,82,99,0.00,0.00,0,69,69,0,0,0,0.00,0.00,0,53,35.45,0.60,0.86,3,0,0.00,0.00,99,0.00,0,0,0,0.00,0.00,0,0.00,0.00,1.43,1.00,5,0,23.08,88,55,93,76,81,0.22,24,0.04,0.06,2.89,98,0.58,0.83,18,0,0.00,0.00,0.29,0.20,22,1,0.83,98,82,32,86,0,99,64,0,0.00,99,5,0.00,1.43,5.14,3.60,18,10,25,15,2.86,2.00,55.56,1,0.29,68,0,0.00,0,0.00,99,0,0.00,0.00,54,65,74,95,0,1,0,20,0,92,96,84,99,0,99,45,58,58,0,0,59,9,0,0
Hasan Deshishku,18,1203753600,2008/02/23,Bundesliga,2026/2027,Forward,Austria Wien,26,16,10,Austria,2,1,1,0,0,0,0,0,0,0,0,0,0,0,1,1,0,0,0,0,0,0,0,0,0,3.46,26,13,0,0,0,-1,-1,-1,6,0,6.54,0,74,20.77,3.00,18,6,1.00,2,0,6.92,2,0.00,0.00,0.00,0,0.00,0.00,10.38,1.50,3,0.00,0.00,0.00,0.00,0.00,0.00,0.00,0.50,0.00,0.00,0.00,1.00,0.00,0.00,0.00,0.00,0.00,0.00,0.00,0,0,,0,0.00,18,0,0.00,41,0,0.00,23,0,2,0,99,0.00,99,0,0,0.00,26,0,54,0.00,27,0,0.00,99,0,0.00,0,0,0.00,0,0.00,21,2,6.92,99,0,0.00,0.00,0,0.00,0,0,0,0.00,0,1,0.00,3,3.46,91,N/A,N/A,N/A,N/A,0.00,0,0.00,0,0.00,0.00,0,33.33,0.00,41,99,0.00,0.00,0,33,33,0,0,0,0.00,0.00,0,53,13.09,0.00,0.00,0,0,0.00,0.00,99,0.00,0,0,0,0.00,0.00,0,0.00,0.00,3.46,0.50,1,0,0.00,71,0,11,72,10,0.00,0,0.00,0.00,0.00,19,0.00,0.00,99,2,1.00,6.92,0.00,0.00,19,0,0.00,18,21,7,86,0,99,15,0,0.00,99,0,0.00,0.00,24.23,3.50,7,5,99,99,17.31,2.50,71.43,0,0.00,99,0,0.00,0,0.00,99,0,0.00,0.00,54,4,86,34,0,0,0,0,0,57,72,84,84,0,99,29,58,58,0,0,59,74,0,0
Henrique Floriani Bell,19,1184050800,2007/07/10,Bundesliga,2026/2027,Defender,Rheindorf Altach,0,0,0,Italy,0,0,0,0,0,0,0,0,0,0,0,0,0,0,0,0,0,0,0,0,0,0,0,0,0,0,0,0,0,0,0,-1,-1,-1,-1,N/A,N/A,N/A,N/A,N/A,N/A,N/A,N/A,N/A,N/A,N/A,N/A,N/A,N/A,N/A,N/A,N/A,N/A,N/A,N/A,N/A,N/A,N/A,N/A,N/A,N/A,N/A,N/A,N/A,N/A,N/A,N/A,N/A,N/A,N/A,N/A,N/A,N/A,N/A,N/A,N/A,N/A,N/A,N/A,N/A,N/A,N/A,N/A,N/A,N/A,N/A,N/A,N/A,N/A,N/A,N/A,N/A,N/A,N/A,N/A,N/A,N/A,N/A,N/A,N/A,N/A,N/A,N/A,N/A,N/A,N/A,N/A,N/A,N/A,N/A,N/A,N/A,N/A,N/A,N/A,N/A,N/A,N/A,N/A,N/A,N/A,N/A,N/A,N/A,N/A,N/A,N/A,N/A,N/A,N/A,N/A,N/A,N/A,N/A,N/A,N/A,N/A,N/A,N/A,N/A,N/A,N/A,N/A,N/A,N/A,N/A,N/A,N/A,N/A,N/A,N/A,N/A,N/A,N/A,N/A,N/A,N/A,N/A,N/A,N/A,N/A,N/A,N/A,N/A,N/A,N/A,N/A,N/A,N/A,N/A,N/A,N/A,N/A,N/A,N/A,N/A,N/A,N/A,N/A,N/A,N/A,N/A,N/A,N/A,N/A,N/A,N/A,N/A,N/A,N/A,N/A,N/A,N/A,N/A,N/A,N/A,N/A,N/A,N/A,N/A,N/A,N/A,N/A,N/A,N/A,N/A,N/A,N/A,N/A,N/A,N/A,N/A,N/A,N/A,N/A,N/A,N/A,N/A,N/A,N/A,N/A,N/A,N/A,N/A,N/A,N/A,N/A,N/A,N/A,N/A,N/A,N/A,N/A,N/A,N/A,N/A,N/A,N/A,N/A,N/A,N/A,N/A,N/A,N/A,N/A,N/A,N/A,N/A,N/A,N/A,N/A,N/A,N/A,N/A,N/A,N/A,N/A,N/A,N/A
Husein Balic,30,824371200,1996/02/15,Bundesliga,2026/2027,Midfielder,Wattens,373,157,216,Austria,5,2,3,1,0,1,1,0,1,0,0,2,0,2,6,4,2,0,0,0.48,0.24,0.24,0,0.42,373,1.45,62,75,0,373,0,25,24,-1,4,0,6.34,0.2,84,17.61,14.60,12,73,11.60,58,47,13.99,18,0.00,0.00,0.20,1,0.00,1.40,0.72,0.60,3,0.00,0.80,0.00,0.00,0.00,0.00,1.80,1.20,4.00,0.97,0.60,4.80,0.00,0.20,0.17,0.00,0.00,0.00,0.00,0,0,,4,0.80,46,1,0.24,51,3,0.72,50,1,0,5,28,0.00,99,0,0,0.00,26,7,54,1.69,67,0,0.00,99,0,0.00,0,0,0.00,0,0.24,25,24,5.79,97,9,2.17,37.50,0,0.00,0,0,0,0.00,0,6,0.00,39,1.45,49,N/A,N/A,N/A,N/A,0.00,0,0.00,0,0.86,0.00,0,79.45,25.00,59,14,1.00,1.21,5,92,48,0,0,0,0.00,0.00,0,53,31.69,1.00,1.21,5,0,0.00,0.00,99,0.00,0,0,0,0.00,0.00,0,0.00,0.00,0.00,0.00,0,0,25.00,92,66,93,93,46,0.77,75,0.15,0.19,0.86,69,0.17,0.21,78,5,1.00,1.21,0.72,0.60,49,3,0.21,69,8,44,86,0,75,15,0,0.00,99,0,0.00,0.00,12.06,10.00,50,16,48,81,3.86,3.20,32.00,4,0.97,36,0,0.00,0,0.00,99,0,0.00,0.00,54,97,49,77,0,0,0,0,0,81,79,87,84,0,99,81,58,58,0,0,59,18,0,0
Ibrahim Buhari,24,1002524400,2001/10/08,Bundesliga,2026/2027,Defender,Austria Wien,270,90,180,Nigeria,3,1,2,0,0,0,0,0,0,0,0,1,0,1,5,2,3,0,0,0,0,0,0,0,0,1.67,54,90,0,0,0,-1,-1,-1,12,0,6.64,0,74,49.00,49.00,77,147,41.67,125,68,41.67,76,0.00,0.00,0.00,0,0.00,0.33,2.67,2.67,8,0.00,0.67,0.00,0.00,0.00,1.33,0.00,1.67,0.00,0.33,0.33,0.00,0.00,0.00,0.02,0.00,2.00,0.00,0.00,0,0,,1,0.33,23,0,0.00,41,1,0.33,28,0,0,3,88,0.00,99,0,4,1.33,82,1,54,0.33,35,0,0.00,99,0,0.00,0,0,0.00,0,0.00,21,0,0.00,19,0,0.00,0.00,0,0.00,0,0,0,0.00,0,5,0.00,31,1.67,61,N/A,N/A,N/A,N/A,0.00,0,0.00,0,0.05,0.00,0,85.03,0.00,41,27,1.00,1.00,3,33,33,0,0,0,1.00,1.00,3,94,19.92,7.67,7.67,23,1,0.00,0.33,2,0.33,0,0,0,0.00,0.00,0,0.00,0.00,0.00,0.00,0,0,0.00,71,46,24,72,38,0.28,43,0.09,0.09,0.05,26,0.02,0.02,25,1,0.33,0.33,0.67,0.67,46,2,0.02,26,33,96,86,0,75,78,0,0.00,99,6,0.00,2.00,8.67,8.67,26,15,67,50,5.00,5.00,57.69,2,0.67,48,0,0.00,0,0.00,99,0,0.00,0.00,54,50,49,34,0,0,0,0,0,57,72,84,84,0,99,59,58,58,0,0,59,3,0,0
Ibrahim Junior Ouattara,22,1088233200,2004/06/26,Bundesliga,2026/2027,Forward,Austria Lustenau,0,0,0,Ivory Coast,0,0,0,0,0,0,0,0,0,0,0,0,0,0,0,0,0,0,0,0,0,0,0,0,0,0,0,0,0,0,0,-1,-1,-1,-1,N/A,N/A,N/A,N/A,N/A,N/A,N/A,N/A,N/A,N/A,N/A,N/A,N/A,N/A,N/A,N/A,N/A,N/A,N/A,N/A,N/A,N/A,N/A,N/A,N/A,N/A,N/A,N/A,N/A,N/A,N/A,N/A,N/A,N/A,N/A,N/A,N/A,N/A,N/A,N/A,N/A,N/A,N/A,N/A,N/A,N/A,N/A,N/A,N/A,N/A,N/A,N/A,N/A,N/A,N/A,N/A,N/A,N/A,N/A,N/A,N/A,N/A,N/A,N/A,N/A,N/A,N/A,N/A,N/A,N/A,N/A,N/A,N/A,N/A,N/A,N/A,N/A,N/A,N/A,N/A,N/A,N/A,N/A,N/A,N/A,N/A,N/A,N/A,N/A,N/A,N/A,N/A,N/A,N/A,N/A,N/A,N/A,N/A,N/A,N/A,N/A,N/A,N/A,N/A,N/A,N/A,N/A,N/A,N/A,N/A,N/A,N/A,N/A,N/A,N/A,N/A,N/A,N/A,N/A,N/A,N/A,N/A,N/A,N/A,N/A,N/A,N/A,N/A,N/A,N/A,N/A,N/A,N/A,N/A,N/A,N/A,N/A,N/A,N/A,N/A,N/A,N/A,N/A,N/A,N/A,N/A,N/A,N/A,N/A,N/A,N/A,N/A,N/A,N/A,N/A,N/A,N/A,N/A,N/A,N/A,N/A,N/A,N/A,N/A,N/A,N/A,N/A,N/A,N/A,N/A,N/A,N/A,N/A,N/A,N/A,N/A,N/A,N/A,N/A,N/A,N/A,N/A,N/A,N/A,N/A,N/A,N/A,N/A,N/A,N/A,N/A,N/A,N/A,N/A,N/A,N/A,N/A,N/A,N/A,N/A,N/A,N/A,N/A,N/A,N/A,N/A,N/A,N/A,N/A,N/A,N/A,N/A,N/A,N/A,N/A,N/A,N/A,N/A,N/A,N/A,N/A,N/A,N/A,N/A
Ismaël Guerti,22,1091170800,2004/07/30,Bundesliga,2026/2027,Midfielder,Grazer AK,210,76,134,Morocco,3,1,2,0,0,0,0,0,0,0,0,1,1,0,4,0,4,0,0,0,0,0,0,0,0,1.71,53,70,0,0,0,-1,-1,-1,4,0,7.13,0,74,28.71,22.33,32,67,17.67,53,44,22.71,36,0.00,0.00,2.00,6,0.00,2.00,1.71,1.33,4,0.00,1.67,0.00,0.00,0.00,1.67,2.00,1.33,0.00,2.57,1.33,3.33,0.00,0.67,0.18,0.00,1.33,0.00,0.00,0,0,,6,2.00,82,2,0.86,77,4,1.71,83,1,1,2,65,0.00,99,0,5,2.14,95,6,88,2.57,75,0,0.00,99,0,0.00,0,0,0.00,0,2.57,92,10,4.29,95,6,2.57,60.00,0,0.00,0,0,0,0.00,0,4,0.00,30,1.71,62,N/A,N/A,N/A,N/A,0.00,0,0.00,0,0.53,0.00,0,79.10,33.33,71,54,0.33,0.43,1,97,69,0,0,0,0.33,0.43,1,75,21.40,0.00,0.00,0,0,0.00,0.00,99,0.00,0,0,0,0.00,0.00,0,0.00,0.00,0.43,0.33,1,0,0.00,71,30,24,72,37,0.30,63,0.10,0.13,0.53,70,0.18,0.23,95,5,1.67,2.14,2.14,1.67,92,5,0.23,70,85,7,86,0,88,72,0,0.00,99,4,0.00,1.71,15.86,12.33,37,19,96,96,8.14,6.33,51.35,5,2.14,5,0,33.33,0,0.00,99,2,0.67,0.86,81,34,74,77,0,0,0,0,0,57,72,84,84,0,99,59,58,58,0,0,59,29,0,0
Jacob Italiano,25,996476400,2001/07/30,Bundesliga,2026/2027,Defender,Grazer AK,14,14,0,Australia,1,1,0,0,0,0,0,0,0,0,0,1,1,0,0,0,0,0,0,0,0,0,0,0,0,0,0,14,0,0,0,-1,-1,-1,20,0,6.58,0,74,64.29,10.00,92,10,9.00,9,86,57.86,93,0.00,0.00,0.00,0,0.00,2.00,0.00,0.00,0,0.00,1.00,0.00,0.00,0.00,0.00,2.00,0.00,0.00,0.00,0.00,2.00,0.00,0.00,0.00,0.00,0.00,0.00,0.00,0,0,,0,0.00,18,0,0.00,41,0,0.00,23,0,1,0,16,0.00,99,0,0,0.00,26,2,54,12.86,99,0,0.00,99,0,0.00,0,0,0.00,0,0.00,21,2,12.86,99,2,12.86,100.00,0,0.00,0,0,0,0.00,0,0,0.00,99,0.00,0,N/A,N/A,N/A,N/A,0.00,0,0.00,0,0.00,0.00,0,90.00,0.00,41,99,0.00,0.00,0,99,99,0,0,0,0.00,0.00,0,53,6.58,0.00,0.00,0,0,0.00,0.00,99,0.00,0,0,0,0.00,0.00,0,0.00,0.00,0.00,0.00,0,0,0.00,71,0,3,72,7,0.02,63,0.02,0.13,0.00,19,0.00,0.00,18,0,0.00,0.00,0.00,0.00,19,0,0.00,18,26,7,86,0,75,15,0,0.00,99,0,0.00,0.00,19.29,3.00,3,2,99,99,12.86,2.00,66.67,1,6.43,0,0,0.00,0,0.00,99,0,0.00,0.00,54,4,74,34,0,0,0,0,0,57,72,84,84,0,99,99,58,58,0,0,59,14,0,0
Jacob Peter Hödl,19,1170230400,2007/01/31,Bundesliga,2026/2027,Midfielder,Sturm Graz,388,180,208,Austria,5,2,3,0,0,0,0,0,0,0,0,2,1,1,4,1,3,1,0,0,0,0,0,0,0,0.93,97,78,388,0,0.23,69,74,-1,18,0,6.55,0,74,27.60,23.80,28,119,17.20,86,26,19.95,27,0.00,0.00,0.60,3,0.00,2.20,0.70,0.60,3,0.00,2.00,0.00,0.00,0.00,0.20,3.00,0.80,0.00,2.55,1.60,5.80,0.00,0.60,0.18,0.00,0.60,0.00,0.00,0,0,,11,2.20,81,3,0.70,75,8,1.86,85,3,0,5,27,0.00,99,0,1,0.23,29,11,62,2.55,75,0,0.00,99,0,0.00,0,0,0.00,0,0.70,47,29,6.73,98,15,3.48,51.72,0,0.00,0,0,0,0.00,0,4,0.00,72,0.93,21,N/A,N/A,N/A,N/A,0.00,0,0.00,0,0.90,0.00,0,72.27,27.27,60,52,0.40,0.46,2,99,64,0,0,0,0.40,0.46,2,75,32.77,1.00,1.16,5,0,0.00,0.00,99,0.00,0,0,0,0.00,0.00,0,0.00,0.00,0.23,0.20,1,0,0.00,71,71,93,72,79,0.27,24,0.05,0.06,0.90,69,0.18,0.21,91,8,1.60,1.86,0.46,0.40,30,2,0.21,69,23,42,86,0,79,43,0,0.00,99,3,0.00,0.70,14.61,12.60,63,29,88,94,6.73,5.80,46.03,10,2.32,4,0,18.18,0,0.00,99,2,0.40,0.46,74,97,49,99,0,0,0,0,0,57,72,84,84,0,99,81,92,68,1,20,79,43,0,0
Jaden Mazou Bambara,21,1122620400,2005/07/29,Bundesliga,2026/2027,Midfielder,Wattens,10,5,5,Burkina Faso,2,1,1,0,0,0,0,0,0,0,0,0,0,0,1,0,1,0,0,0,0,0,0,0,0,9,10,5,0,0,0,-1,-1,-1,14,0,6.55,0,74,27.00,1.50,27,3,1.50,3,99,27.00,50,0.00,0.00,0.00,0,0.00,0.00,9.00,0.50,1,0.00,0.50,0.00,0.00,0.00,0.00,0.00,0.50,0.00,9.00,0.50,0.00,0.00,0.00,0.03,0.00,0.00,0.00,0.00,0,0,,1,0.50,99,0,0.00,41,1,9.00,99,0,2,0,99,0.00,99,0,0,0.00,26,0,54,0.00,27,0,0.00,99,0,0.00,0,0,0.00,0,0.00,21,0,0.00,19,0,0.00,0.00,0,0.00,0,0,0,0.00,0,1,0.00,0,9.00,99,N/A,N/A,N/A,N/A,0.00,0,0.00,0,0.06,0.00,0,100.00,0.00,41,99,0.00,0.00,0,33,33,0,0,0,0.00,0.00,0,53,13.10,0.00,0.00,0,0,0.00,0.00,99,0.00,0,0,0,0.00,0.00,0,0.00,0.00,0.00,0.00,0,0,0.00,71,0,11,72,7,0.01,43,0.01,0.09,0.06,93,0.03,0.54,99,2,1.00,18.00,0.00,0.00,19,0,0.54,90,23,7,86,0,75,15,0,0.00,99,0,0.00,0.00,36.00,2.00,4,3,99,99,27.00,1.50,75.00,1,9.00,0,0,0.00,0,0.00,99,0,0.00,0.00,54,4,86,34,0,0,0,0,0,57,72,84,84,0,99,29,58,58,0,0,59,15,0,0
Jaeden Rhodes,23,1050044400,2003/04/11,Bundesliga,2026/2027,Midfielder,Ried,191,101,90,South Africa,3,2,1,0,0,0,0,0,0,0,0,0,0,0,4,3,1,0,0,0,0,0,0,0,0,1.88,48,64,0,0,0,-1,-1,-1,7,0,6.87,0,74,26.39,18.67,25,56,13.67,41,28,19.32,26,0.00,0.00,1.67,5,0.00,1.00,1.41,1.00,3,0.00,0.67,0.00,0.00,0.00,1.00,0.67,1.33,0.00,2.36,1.00,1.67,0.00,0.67,0.14,0.00,0.67,0.00,0.00,0,0,,5,1.67,79,2,0.94,80,3,1.41,78,1,1,2,52,0.00,99,0,3,1.41,84,3,88,1.41,63,0,0.00,99,0,0.00,0,0,0.00,0,2.36,89,5,2.36,77,2,0.94,40.00,0,0.00,0,0,0,0.00,0,4,0.00,25,1.88,67,N/A,N/A,N/A,N/A,0.00,0,0.00,0,0.43,0.00,0,73.21,40.00,77,99,0.00,0.00,0,72,50,0,0,0,0.33,0.47,1,76,20.61,0.33,0.47,1,0,0.00,0.00,99,0.00,0,0,0,0.00,0.00,0,0.00,0.00,0.47,0.33,1,0,0.00,71,27,24,72,32,0.27,63,0.09,0.13,0.43,68,0.14,0.20,34,1,0.33,0.47,0.94,0.67,58,2,0.20,68,60,18,86,0,89,49,0,0.00,99,2,0.00,0.94,6.60,4.67,14,8,43,27,3.77,2.67,57.14,2,0.94,38,0,33.33,0,0.00,99,1,0.33,0.47,75,34,74,77,0,0,0,0,0,57,72,84,84,0,99,29,58,58,0,0,59,11,0,0
Jakob Brandtner,20,1141286400,2006/03/02,Bundesliga,2026/2027,Defender,Rheindorf Altach,8,0,8,Austria,2,1,1,0,0,0,0,0,0,0,0,0,0,0,0,0,0,0,0,0,0,0,0,0,0,0,0,4,0,0,0,-1,-1,-1,8,0,3.30,0,74,40.00,2.00,61,4,1.00,2,2,20.00,27,0.00,0.00,0.00,0,0.00,0.00,40.00,2.00,4,0.00,0.00,0.00,0.00,0.00,0.00,0.00,0.00,0.00,0.00,0.00,0.00,0.00,0.00,0.00,0.00,0.00,0.00,0.00,0,0,,0,0.00,18,0,0.00,41,0,0.00,23,0,2,0,99,0.00,99,0,0,0.00,26,0,54,0.00,27,0,0.00,99,0,0.00,0,0,0.00,0,0.00,21,0,0.00,19,0,0.00,0.00,0,0.00,0,0,0,0.00,0,0,0.00,99,0.00,0,N/A,N/A,N/A,N/A,0.00,0,0.00,0,0.00,0.00,0,50.00,0.00,41,99,0.00,0.00,0,33,33,0,0,0,0.00,0.00,0,53,6.60,0.00,0.00,0,0,0.00,0.00,99,0.00,0,0,0,0.00,0.00,0,0.00,0.00,0.00,0.00,0,0,0.00,71,0,11,72,7,0.00,0,0.00,0.00,0.00,19,0.00,0.00,18,0,0.00,0.00,0.00,0.00,19,0,0.00,18,0,7,86,0,75,15,0,0.00,99,0,0.00,0.00,40.00,2.00,4,4,99,99,40.00,2.00,100.00,0,0.00,99,0,0.00,0,0.00,99,0,0.00,0.00,54,4,86,34,0,0,0,0,0,57,72,84,84,0,99,29,58,58,0,0,59,21,0,0
Jakob Maximilian Schöller,20,1134115200,2005/12/09,Bundesliga,2026/2027,Defender,Rapid Wien,161,71,90,Austria,3,2,1,0,0,0,0,0,0,0,0,2,2,0,1,0,1,0,0,0,0,0,0,0,0,0.56,161,54,0,0,0,-1,-1,-1,17,0,6.76,0,74,76.58,45.67,97,137,44.00,132,99,73.79,97,0.00,0.00,0.00,0,0.00,0.00,1.12,0.67,2,0.00,0.00,0.00,0.00,0.00,1.33,0.00,0.33,0.00,0.00,0.00,0.00,0.00,0.00,0.00,0.00,1.33,0.00,0.00,0,0,,0,0.00,18,0,0.00,41,0,0.00,23,1,1,2,40,0.00,99,0,4,2.24,96,0,54,0.00,27,0,0.00,99,0,0.00,0,0,0.00,0,0.00,21,0,0.00,19,0,0.00,0.00,0,0.00,0,0,0,0.00,0,1,0.00,84,0.56,10,N/A,N/A,N/A,N/A,0.00,0,0.00,0,0.00,0.00,0,96.35,0.00,41,46,0.33,0.56,1,33,33,0,0,0,0.00,0.00,0,53,20.28,1.00,1.68,3,0,0.00,0.00,99,0.00,0,0,0,0.00,0.00,0,0.00,0.00,0.00,0.00,0,0,0.00,71,20,24,72,91,0.25,66,0.08,0.14,0.00,19,0.00,0.00,38,1,0.33,0.56,0.56,0.33,37,1,0.00,18,47,52,86,0,75,83,0,0.00,99,4,0.00,2.24,5.59,3.33,10,7,49,18,3.91,2.33,70.00,0,0.00,99,0,0.00,0,0.00,99,0,0.00,0.00,54,34,74,77,0,0,0,0,0,57,72,84,84,0,99,99,58,58,0,0,59,4,0,0
Jakob Meierhofer,28,878803200,1997/11/06,Bundesliga,2026/2027,Goalkeeper,Grazer AK,0,0,0,Austria,0,0,0,0,0,0,0,0,0,0,0,0,0,0,0,0,0,0,0,0,0,0,0,0,0,0,0,0,0,0,0,-1,-1,-1,-1,N/A,N/A,N/A,N/A,N/A,N/A,N/A,N/A,N/A,N/A,N/A,N/A,N/A,N/A,N/A,N/A,N/A,N/A,N/A,N/A,N/A,N/A,N/A,N/A,N/A,N/A,N/A,N/A,N/A,N/A,N/A,N/A,N/A,N/A,N/A,N/A,N/A,N/A,N/A,N/A,N/A,N/A,N/A,N/A,N/A,N/A,N/A,N/A,N/A,N/A,N/A,N/A,N/A,N/A,N/A,N/A,N/A,N/A,N/A,N/A,N/A,N/A,N/A,N/A,N/A,N/A,N/A,N/A,N/A,N/A,N/A,N/A,N/A,N/A,N/A,N/A,N/A,N/A,N/A,N/A,N/A,N/A,N/A,N/A,N/A,N/A,N/A,N/A,N/A,N/A,N/A,N/A,N/A,N/A,N/A,N/A,N/A,N/A,N/A,N/A,N/A,N/A,N/A,N/A,N/A,N/A,N/A,N/A,N/A,N/A,N/A,N/A,N/A,N/A,N/A,N/A,N/A,N/A,N/A,N/A,N/A,N/A,N/A,N/A,N/A,N/A,N/A,N/A,N/A,N/A,N/A,N/A,N/A,N/A,N/A,N/A,N/A,N/A,N/A,N/A,N/A,N/A,N/A,N/A,N/A,N/A,N/A,N/A,N/A,N/A,N/A,N/A,N/A,N/A,N/A,N/A,N/A,N/A,N/A,N/A,N/A,N/A,N/A,N/A,N/A,N/A,N/A,N/A,N/A,N/A,N/A,N/A,N/A,N/A,N/A,N/A,N/A,N/A,N/A,N/A,N/A,N/A,N/A,N/A,N/A,N/A,N/A,N/A,N/A,N/A,N/A,N/A,N/A,N/A,N/A,N/A,N/A,N/A,N/A,N/A,N/A,N/A,N/A,N/A,N/A,N/A,N/A,N/A,N/A,N/A,N/A,N/A,N/A,N/A,N/A,N/A,N/A,N/A,N/A,N/A,N/A,N/A,N/A,N/A
Jannes Horn,29,855216000,1997/02/06,Bundesliga,2026/2027,Defender,Rapid Wien,353,217,136,Germany,5,3,2,1,0,1,1,1,0,0,0,2,2,0,5,1,4,0,0,0.51,0.25,0.25,0,0.66,353,1.27,71,71,0,353,0,24,21,24,9,0,7.13,0.2,86,56.09,44.00,86,220,41.60,208,97,53.03,89,0.00,0.00,1.40,7,0.00,3.60,1.27,1.00,5,0.00,0.20,0.00,0.00,0.00,0.20,0.40,1.00,7.00,1.78,1.00,0.40,0.00,0.40,0.22,0.00,0.00,0.00,0.00,0,0,,7,1.40,68,2,0.51,67,5,1.27,74,1,0,5,46,0.00,99,0,1,0.25,31,18,77,4.59,89,0,0.00,99,0,0.00,0,0,0.00,0,1.78,80,2,0.51,32,2,0.51,100.00,0,0.00,0,0,0,0.00,0,5,0.00,51,1.27,41,N/A,N/A,N/A,N/A,0.00,0,0.00,0,1.09,0.00,0,94.55,28.57,62,6,1.40,1.78,7,54,99,0,0,0,0.00,0.00,0,53,35.64,1.20,1.53,6,0,0.00,0.00,99,0.00,0,0,1,0.20,0.25,0,0.00,0.00,0.00,0.00,0,0,14.29,81,61,93,92,58,1.24,89,0.25,0.32,1.09,76,0.22,0.28,36,2,0.40,0.51,0.00,0.00,19,0,0.28,76,85,50,92,0,75,15,0,0.00,99,0,0.00,0.00,5.35,4.20,21,9,18,17,2.29,1.80,42.86,1,0.25,70,0,27.78,0,0.00,99,5,1.00,1.27,90,97,49,77,0,0,0,0,0,82,80,95,84,0,99,81,58,58,0,0,59,38,0,0
Jed Drew,23,1062140400,2003/08/29,Bundesliga,2026/2027,Forward,Hartberg,48,40,8,Australia,4,2,2,0,0,0,0,0,0,0,0,0,0,0,2,2,0,0,0,0,0,0,0,0,0,3.75,24,12,0,0,0,-1,-1,-1,10,0,4.88,0,74,28.72,3.75,32,15,2.25,9,6,17.23,21,0.00,0.00,0.00,0,0.00,0.25,1.91,0.25,1,0.00,0.00,0.00,0.00,0.00,0.25,0.75,0.50,0.00,0.00,0.00,1.25,0.00,0.00,0.00,0.00,0.00,0.00,0.00,0,0,,0,0.00,18,0,0.00,41,0,0.00,23,0,4,0,70,0.00,99,0,1,1.91,93,1,54,1.91,69,0,0.00,99,0,0.00,0,0,0.00,0,0.00,21,5,9.57,99,3,5.74,60.00,0,0.00,0,0,0,0.00,0,2,0.00,3,3.83,92,N/A,N/A,N/A,N/A,0.00,0,0.00,0,0.00,0.00,0,60.00,0.00,41,4,0.25,1.91,1,99,69,0,0,0,0.00,0.00,0,53,19.53,0.00,0.00,0,0,0.00,0.00,99,0.00,0,0,0,0.00,0.00,0,0.00,0.00,1.91,0.25,1,0,0.00,71,0,38,72,10,0.02,9,0.01,0.04,0.00,19,0.00,0.00,18,0,0.00,0.00,0.00,0.00,19,0,0.00,18,1,7,86,0,99,15,0,0.00,99,0,0.00,0.00,15.32,2.00,8,4,95,95,7.66,1.00,50.00,0,0.00,99,0,0.00,0,0.00,99,0,0.00,0.00,54,4,99,34,0,0,0,0,0,57,72,84,84,0,99,29,58,58,0,0,59,11,0,0
Jesper Lindstrøm,26,951811200,2000/02/29,Bundesliga,2026/2027,Forward,Salzburg,32,0,32,Denmark,1,0,1,0,0,0,0,0,0,0,0,0,0,0,1,0,1,0,0,0,0,0,0,0,0,2.81,32,32,0,0,0,-1,-1,-1,24,0,6.29,0,74,39.38,14.00,61,14,10.00,10,25,28.12,51,0.00,0.00,0.00,0,0.00,0.00,2.81,1.00,1,0.00,0.00,0.00,0.00,0.00,0.00,0.00,1.00,0.00,0.00,0.00,0.00,0.00,0.00,0.00,0.00,0.00,0.00,0.00,0,0,,0,0.00,18,0,0.00,41,0,0.00,23,0,1,0,90,0.00,99,0,0,0.00,26,0,54,0.00,27,0,0.00,99,0,0.00,0,0,0.00,0,0.00,21,0,0.00,19,0,0.00,0.00,0,0.00,0,0,0,0.00,0,1,0.00,4,2.81,90,N/A,N/A,N/A,N/A,0.00,0,0.00,0,0.00,0.00,0,71.43,0.00,41,0,1.00,2.81,1,33,33,0,0,0,0.00,0.00,0,53,6.29,0.00,0.00,0,0,0.00,0.00,99,0.00,0,0,0,0.00,0.00,0,0.00,0.00,0.00,0.00,0,0,0.00,71,0,3,72,11,0.02,24,0.02,0.06,0.00,19,0.00,0.00,18,0,0.00,0.00,2.81,1.00,98,1,0.00,18,7,7,86,0,75,15,0,0.00,99,0,0.00,0.00,11.25,4.00,4,1,24,79,2.81,1.00,25.00,0,0.00,99,0,0.00,0,0.00,99,0,0.00,0.00,54,4,74,34,0,0,0,0,0,57,72,84,84,0,99,29,58,58,0,0,59,35,0,0
Jeyland Mitchell,21,1096441200,2004/09/29,Bundesliga,2026/2027,Defender,Sturm Graz,90,0,90,Costa Rica,2,0,2,0,0,0,0,0,0,0,0,1,0,1,0,0,0,0,0,0,0,0,0,0,0,0,0,45,0,0,0,-1,-1,-1,13,0,3.57,0,74,50.44,25.50,80,51,22.50,45,81,44.51,80,0.00,0.00,0.00,0,0.00,0.00,1.98,1.00,2,0.00,0.50,0.00,0.00,0.00,0.00,0.00,0.00,0.00,0.99,0.50,0.00,0.00,0.00,0.03,0.00,2.00,0.00,0.00,0,0,,1,0.50,48,0,0.00,41,1,0.99,62,0,1,1,71,0.00,99,0,0,0.00,26,0,54,0.00,27,0,0.00,99,0,0.00,0,0,0.00,0,0.00,21,0,0.00,19,0,0.00,0.00,0,0.00,0,0,0,0.00,0,0,0.00,99,0.00,0,N/A,N/A,N/A,N/A,0.00,0,0.00,0,0.05,0.00,0,88.24,0.00,41,99,0.00,0.00,0,33,33,0,0,0,0.00,0.00,0,53,7.14,4.00,7.91,8,0,0.00,0.00,99,0.00,0,0,0,0.00,0.00,0,0.00,0.00,0.00,0.00,0,0,0.00,71,9,11,72,7,0.10,50,0.05,0.10,0.05,41,0.03,0.05,18,0,0.00,0.00,0.00,0.00,19,0,0.05,41,0,96,86,0,75,96,0,0.00,99,4,0.00,3.96,7.91,4.00,8,6,78,38,5.93,3.00,75.00,1,0.99,35,0,0.00,0,0.00,99,0,0.00,0.00,54,18,74,34,0,0,0,0,0,57,72,84,84,0,99,89,58,58,0,0,59,2,0,0
João Victor Tornich,23,1036569600,2002/11/06,Bundesliga,2026/2027,Defender,LASK Linz,423,244,179,Brazil,5,3,2,0,0,0,1,1,0,0,0,3,2,1,2,1,1,1,0,0.21,0.21,0,0,0,0,0.43,212,85,423,423,0.21,84,31,5,13,0,7.24,0.2,80,68.72,64.60,94,323,57.80,289,84,61.49,94,0.00,0.00,0.60,3,0.00,0.20,1.49,1.40,7,0.00,0.20,0.00,0.00,0.00,2.20,0.00,0.40,0.00,1.06,1.00,0.60,0.00,0.00,0.06,0.00,4.00,0.00,0.00,0,0,,5,1.00,54,0,0.00,41,5,1.06,66,1,0,5,54,0.00,99,0,11,2.34,97,1,54,0.21,29,0,0.00,99,0,0.00,0,0,0.00,0,0.64,42,3,0.64,37,0,0.00,0.00,0,0.00,0,0,0,0.00,0,2,0.00,88,0.43,5,N/A,N/A,N/A,N/A,0.00,0,0.00,0,0.29,0.00,0,89.47,0.00,41,70,0.20,0.21,1,33,33,0,0,0,0.20,0.21,1,59,36.21,5.20,5.53,26,0,0.00,0.00,99,0.00,0,0,0,0.00,0.00,0,0.00,0.00,0.00,0.00,0,0,0.00,71,77,93,72,96,1.25,82,0.25,0.27,0.29,45,0.06,0.06,32,2,0.40,0.43,1.91,1.80,89,9,0.06,44,89,91,86,0,75,96,0,0.00,99,20,0.00,4.26,10.21,9.60,48,29,82,71,6.17,5.80,60.42,1,0.21,72,0,0.00,0,0.00,99,0,0.00,0.00,54,97,49,77,0,0,0,0,0,65,72,84,84,0,99,95,94,66,1,20,79,43,0,0
Johannes Eggestein,28,894610800,1998/05/08,Bundesliga,2026/2027,Forward,Austria Wien,309,136,173,Germany,5,2,3,0,0,0,0,0,0,0,0,1,0,1,8,1,7,0,0,0,0,0,0,0,0,2.33,39,62,0,0,0,94,96,-1,15,0,6.41,0,74,24.17,16.60,21,83,10.60,53,12,15.44,20,0.00,0.00,0.40,2,0.00,5.40,0.00,0.00,0,0.00,1.20,0.00,0.00,0.00,0.40,0.40,1.60,0.00,2.04,1.00,1.20,0.00,0.40,0.12,0.00,1.00,0.00,0.00,0,0,,7,1.40,72,2,0.58,69,5,1.46,79,1,1,4,16,0.00,99,0,2,0.58,46,27,67,7.86,99,0,0.00,99,0,0.00,0,0,0.00,0,0.58,39,6,1.75,66,2,0.58,33.33,0,0.00,0,0,0,0.00,0,8,0.00,12,2.33,82,N/A,N/A,N/A,N/A,0.00,0,0.00,0,0.58,0.00,0,63.86,28.57,62,99,0.00,0.00,0,58,46,0,0,0,0.00,0.00,0,53,32.05,0.20,0.29,1,0,0.00,0.00,99,0.00,0,0,0,0.00,0.00,0,0.00,0.00,0.58,0.40,2,0,0.00,71,54,93,72,20,0.21,24,0.04,0.06,0.58,65,0.12,0.17,40,2,0.40,0.58,0.00,0.00,19,0,0.17,65,10,11,86,0,91,65,0,0.00,99,5,0.00,1.46,9.03,6.20,31,9,22,55,2.62,1.80,29.03,6,1.75,11,0,22.22,0,0.00,99,6,1.20,1.75,96,65,74,77,0,0,0,0,0,57,72,84,84,0,99,45,58,58,0,0,59,19,0,0
Johannes Handl,28,894524400,1998/05/07,Bundesliga,2026/2027,Defender,Austria Wien,325,180,145,Austria,5,2,3,0,0,0,0,0,0,0,0,1,0,1,4,3,1,1,0,0,0,0,0,0,0,1.11,81,65,325,0,0.28,90,94,17,7,0,7.06,0,74,60.37,43.60,90,218,38.60,193,81,53.45,90,0.00,0.00,0.20,1,0.00,0.40,2.22,1.60,8,0.00,0.00,0.00,0.00,0.00,2.00,0.20,0.80,0.00,0.00,0.00,0.00,0.00,0.00,0.00,0.00,1.40,0.00,0.00,0,0,,0,0.00,18,0,0.00,41,0,0.00,23,1,2,3,79,0.00,99,0,10,2.77,99,2,95,0.55,42,0,0.00,99,0,0.00,0,0,0.00,0,0.28,27,0,0.00,19,1,0.28,0.00,0,0.00,0,0,0,0.00,0,4,0.00,65,1.11,29,N/A,N/A,N/A,N/A,0.00,0,0.00,0,0.00,0.00,0,88.53,0.00,41,10,1.00,1.38,5,40,33,0,0,0,1.00,1.38,5,97,35.31,5.80,8.03,29,0,0.00,0.00,99,0.00,0,0,0,0.00,0.00,0,0.00,0.00,0.00,0.00,0,0,0.00,71,56,93,72,72,0.39,54,0.08,0.11,0.00,19,0.00,0.00,56,3,0.60,0.83,1.11,0.80,69,4,0.00,18,79,97,86,0,75,76,0,0.00,99,7,0.00,1.94,8.03,5.80,29,18,65,40,4.98,3.60,62.07,0,0.00,99,0,50.00,0,0.00,99,1,0.20,0.28,66,50,86,77,0,0,0,0,0,57,72,84,84,0,99,45,86,73,1,20,79,46,0,0
John Olof Mellberg,20,1154242800,2006/07/30,Bundesliga,2026/2027,Defender,Salzburg,10,10,0,Sweden,1,1,0,0,0,0,0,0,0,0,0,0,0,0,0,0,0,0,0,0,0,0,0,0,0,0,0,10,0,0,0,-1,-1,-1,10,0,6.64,0,74,135.00,15.00,99,15,14.00,14,94,126.00,99,0.00,0.00,0.00,0,0.00,0.00,0.00,0.00,0,0.00,0.00,0.00,0.00,0.00,1.00,0.00,0.00,0.00,0.00,0.00,0.00,0.00,0.00,0.00,0.00,0.00,0.00,0.00,0,0,,0,0.00,18,0,0.00,41,0,0.00,23,0,1,0,16,0.00,99,0,1,9.00,99,0,54,0.00,27,0,0.00,99,0,0.00,0,0,0.00,0,0.00,21,0,0.00,19,0,0.00,0.00,0,0.00,0,0,0,0.00,0,0,0.00,99,0.00,0,N/A,N/A,N/A,N/A,0.00,0,0.00,0,0.00,0.00,0,93.33,0.00,41,99,0.00,0.00,0,33,33,0,0,0,0.00,0.00,0,53,6.64,3.00,27.00,3,0,0.00,0.00,99,0.00,0,0,0,0.00,0.00,0,0.00,0.00,0.00,0.00,0,0,0.00,71,0,3,72,7,0.03,82,0.03,0.27,0.00,19,0.00,0.00,18,0,0.00,0.00,0.00,0.00,19,0,0.00,18,33,99,86,0,75,15,0,0.00,99,0,0.00,0.00,0.00,0.00,0,0,3,2,0.00,0.00,0.00,0,0.00,99,0,0.00,0,0.00,99,0,0.00,0.00,54,4,74,34,0,0,0,0,0,57,72,84,84,0,99,29,58,58,0,0,59,4,0,0
Jon Gorenc Stankovič,30,821606400,1996/01/14,Bundesliga,2026/2027,Midfielder,Sturm Graz,450,180,270,Slovenia,5,2,3,0,0,0,0,0,0,0,0,2,1,1,5,1,4,2,0,0,0,0,0,0,0,1,90,90,225,0,0.4,74,77,-1,5,0,6.84,0,74,52.80,52.80,82,264,41.00,205,39,41.00,76,0.00,0.00,1.20,6,0.00,1.20,1.40,1.40,7,0.00,0.60,0.00,0.00,0.00,1.20,0.20,1.00,0.00,1.00,1.00,0.60,0.00,0.00,0.05,0.00,2.60,0.00,0.00,0,0,,5,1.00,50,0,0.00,41,5,1.00,63,0,0,5,51,0.00,99,0,6,1.20,77,6,88,1.20,57,0,0.00,99,0,0.00,0,0,0.00,0,1.20,70,3,0.60,35,1,0.20,33.33,0,0.00,0,0,0,0.00,0,5,0.00,71,1.00,24,N/A,N/A,N/A,N/A,0.00,0,0.00,0,0.27,0.00,0,77.65,0.00,41,27,1.00,1.00,5,38,46,0,0,0,0.40,0.40,2,72,34.19,2.00,2.00,10,0,0.00,0.00,99,0.00,0,0,0,0.00,0.00,0,0.00,0.00,0.00,0.00,0,0,0.00,71,95,93,72,77,0.59,60,0.12,0.12,0.27,41,0.05,0.05,55,4,0.80,0.80,1.80,1.80,87,9,0.05,41,57,58,86,0,75,87,0,0.00,99,13,0.00,2.60,10.20,10.20,51,25,67,71,5.00,5.00,49.02,3,0.60,50,0,33.33,0,0.00,99,2,0.40,0.40,72,97,49,34,0,0,0,0,0,57,72,84,84,0,99,81,80,81,2,40,96,4,0,0
Jonas Antonius Auer,26,965458800,2000/08/05,Bundesliga,2026/2027,Defender,Rapid Wien,9,9,0,Austria,1,1,0,0,0,0,0,0,0,0,0,1,1,0,0,0,0,0,0,0,0,0,0,0,0,0,0,9,0,0,0,-1,-1,-1,10,0,6.49,0,74,50.00,5.00,79,5,3.00,3,6,30.00,57,0.00,0.00,1.00,1,0.00,1.00,0.00,0.00,0,0.00,0.00,0.00,0.00,0.00,0.00,0.00,0.00,0.00,10.00,1.00,0.00,0.00,0.00,0.05,0.00,0.00,0.00,0.00,0,0,,1,1.00,99,0,0.00,41,1,10.00,99,0,1,0,16,0.00,99,0,0,0.00,26,1,99,10.00,99,0,0.00,99,0,0.00,0,0,0.00,0,10.00,99,0,0.00,19,0,0.00,0.00,0,0.00,0,0,0,0.00,0,0,0.00,99,0.00,0,N/A,N/A,N/A,N/A,0.00,0,0.00,0,0.05,0.00,0,60.00,0.00,41,0,1.00,10.00,1,33,33,0,0,0,0.00,0.00,0,53,6.49,1.00,10.00,1,0,0.00,0.00,99,0.00,0,0,0,0.00,0.00,0,0.00,0.00,0.00,0.00,0,0,0.00,71,0,3,72,7,0.04,93,0.04,0.40,0.05,92,0.05,0.50,18,0,0.00,0.00,0.00,0.00,19,0,0.50,90,17,99,86,0,75,15,0,0.00,99,0,0.00,0.00,10.00,1.00,1,0,3,66,0.00,0.00,0.00,0,0.00,99,0,100.00,0,0.00,99,1,1.00,10.00,99,4,74,34,0,0,0,0,0,57,72,84,84,0,99,99,58,58,0,0,59,23,0,0
Jonas Feddersen,19,1169366400,2007/01/21,Bundesliga,2026/2027,Defender,Austria Wien,141,70,71,Germany,4,1,3,0,0,0,0,0,0,0,0,1,0,1,3,1,2,0,0,0,0,0,0,0,0,1.91,47,35,0,0,0,-1,-1,-1,19,0,6.43,0,74,60.00,23.50,88,94,19.75,79,63,50.43,87,0.00,0.00,0.00,0,0.00,0.00,0.00,0.00,0,0.00,0.00,0.00,0.00,0.00,0.50,0.00,0.75,0.00,0.64,0.25,0.00,0.00,0.00,0.01,0.00,0.50,0.00,0.00,0,0,,1,0.25,37,0,0.00,41,1,0.64,46,4,2,2,16,0.00,99,0,2,1.28,80,0,54,0.00,27,0,0.00,99,0,0.00,0,0,0.00,0,0.00,21,0,0.00,19,0,0.00,0.00,0,0.00,0,0,0,0.00,0,3,0.00,24,1.91,68,N/A,N/A,N/A,N/A,0.00,0,0.00,0,0.04,0.00,0,84.04,0.00,41,99,0.00,0.00,0,33,33,0,0,0,0.25,0.64,1,85,25.73,1.00,2.55,4,0,0.00,0.00,99,0.00,0,0,0,0.00,0.00,0,0.00,0.00,0.00,0.00,0,0,0.00,71,15,38,72,31,0.19,60,0.05,0.12,0.04,31,0.01,0.03,18,0,0.00,0.00,0.00,0.00,19,0,0.03,31,12,65,86,0,75,60,0,0.00,99,2,0.00,1.28,2.55,1.00,4,2,9,8,1.28,0.50,50.00,0,0.00,99,0,0.00,0,0.00,99,0,0.00,0.00,54,34,86,99,0,0,0,0,0,57,72,84,84,0,99,51,58,58,0,0,59,4,0,0
Jonas Ilk,19,1175842800,2007/04/06,Bundesliga,2026/2027,Defender,LASK Linz,2,0,2,Austria,1,0,1,0,0,0,0,0,0,0,0,0,0,0,0,0,0,0,0,0,0,0,0,0,0,0,0,2,0,0,0,-1,-1,-1,20,0,0.00,0,74,90.00,2.00,98,2,2.00,2,99,90.00,99,0.00,0.00,0.00,0,0.00,0.00,0.00,0.00,0,0.00,0.00,0.00,0.00,0.00,1.00,0.00,0.00,0.00,0.00,0.00,0.00,0.00,0.00,0.00,0.00,0.00,0.00,0.00,0,0,,0,0.00,18,0,0.00,41,0,0.00,23,0,1,0,16,0.00,99,0,1,45.00,99,0,54,0.00,27,0,0.00,99,0,0.00,0,0,0.00,0,0.00,21,0,0.00,19,0,0.00,0.00,0,0.00,0,0,0,0.00,0,0,0.00,99,0.00,0,N/A,N/A,N/A,N/A,0.00,0,0.00,0,0.00,0.00,0,100.00,0.00,41,99,0.00,0.00,0,33,33,0,0,0,0.00,0.00,0,53,0.00,0.00,0.00,0,0,0.00,0.00,99,0.00,0,0,0,0.00,0.00,0,0.00,0.00,0.00,0.00,0,0,0.00,71,0,3,72,7,0.00,0,0.00,0.00,0.00,19,0.00,0.00,18,0,0.00,0.00,0.00,0.00,19,0,0.00,18,0,7,86,0,75,15,0,0.00,99,0,0.00,0.00,0.00,0.00,0,0,3,2,0.00,0.00,0.00,0,0.00,99,0,0.00,0,0.00,99,0,0.00,0.00,54,4,74,34,0,0,0,0,0,57,72,84,84,0,99,29,58,58,0,0,59,47,0,0
Jonas Karner,21,1096354800,2004/09/28,Bundesliga,2026/2027,Midfielder,Hartberg,88,88,0,Austria,2,2,0,1,1,0,0,0,0,0,0,0,0,0,1,1,0,0,0,1.02,0,1.02,1.02,0,88,1.02,88,44,0,0,0,-1,-1,-1,4,0,6.97,0,74,28.64,14.00,31,28,10.00,20,25,20.45,30,0.00,0.00,0.00,0,0.00,2.00,4.09,2.00,4,0.00,0.00,0.00,0.00,0.00,0.00,1.00,0.50,2.00,2.05,0.50,1.50,0.00,0.50,0.39,0.00,1.00,0.00,0.00,0,0,,2,1.00,74,1,1.02,84,1,1.02,65,1,1,1,98,0.00,99,0,0,0.00,26,4,76,4.09,87,0,0.00,99,0,0.00,0,0,0.00,0,0.00,21,3,3.07,87,2,2.05,66.67,0,0.00,0,0,0,0.00,0,1,0.00,68,1.02,26,N/A,N/A,N/A,N/A,0.00,0,0.00,0,0.77,0.00,0,71.43,50.00,90,24,0.50,1.02,1,92,78,0,0,0,0.00,0.00,0,53,13.94,1.00,2.05,2,0,0.00,0.00,99,0.00,0,0,0,0.00,0.00,0,0.00,0.00,0.00,0.00,0,0,50.00,99,7,11,74,74,0.04,9,0.02,0.04,0.77,97,0.39,0.79,70,1,0.50,1.02,0.00,0.00,19,0,0.79,97,72,60,86,0,75,80,0,0.00,99,2,0.00,2.05,11.25,5.50,11,9,99,79,9.20,4.50,81.82,0,0.00,99,0,25.00,0,0.00,99,1,0.50,1.02,85,18,74,77,0,0,0,0,0,95,98,84,95,0,99,29,58,58,0,0,59,17,0,0
Jonas Mayer,22,1088492400,2004/06/29,Bundesliga,2026/2027,Midfielder,Ried,29,0,29,Austria,2,0,2,0,0,0,0,0,0,0,0,0,0,0,0,0,0,0,0,0,0,0,0,0,0,0,0,15,0,0,0,-1,-1,-1,17,0,6.64,0,74,52.76,8.50,81,17,6.50,13,36,40.34,74,0.00,0.00,0.50,1,0.00,0.00,12.41,2.00,4,0.00,0.00,0.00,0.00,0.00,0.50,0.00,0.00,0.00,0.00,0.00,0.50,0.00,0.00,0.00,0.00,0.00,0.00,0.00,0,0,,0,0.00,18,0,0.00,41,0,0.00,23,0,2,0,99,0.00,99,0,1,3.10,99,0,54,0.00,27,0,0.00,99,0,0.00,0,0,0.00,0,3.10,96,1,3.10,87,0,0.00,0.00,0,0.00,0,0,0,0.00,0,0,0.00,99,0.00,0,N/A,N/A,N/A,N/A,0.00,0,0.00,0,0.00,0.00,0,76.47,0.00,41,99,0.00,0.00,0,33,33,0,0,0,0.00,0.00,0,53,13.29,0.00,0.00,0,0,0.00,0.00,99,0.00,0,0,0,0.00,0.00,0,0.00,0.00,0.00,0.00,0,0,0.00,71,0,11,72,7,0.07,77,0.04,0.22,0.00,19,0.00,0.00,99,1,0.50,3.10,0.00,0.00,19,0,0.00,18,33,7,86,0,75,15,0,0.00,99,0,0.00,0.00,18.62,3.00,6,5,99,99,15.52,2.50,83.33,0,0.00,99,0,0.00,0,0.00,99,0,0.00,0.00,54,4,86,34,0,0,0,0,0,57,72,84,84,0,99,29,58,58,0,0,59,26,0,0
Joris Boguo,18,1192604400,2007/10/17,Bundesliga,2026/2027,Forward,Ried,99,74,25,Austria,4,3,1,0,0,0,0,0,0,0,0,1,1,0,1,1,0,2,0,0,0,0,0,0,0,0.91,99,25,50,0,1.82,-1,-1,-1,14,0,6.59,0,74,21.82,6.00,19,24,3.75,15,8,13.64,16,0.00,0.00,0.25,1,0.00,0.50,2.73,0.75,3,0.00,0.25,0.00,0.00,0.00,0.00,0.25,0.25,0.00,1.82,0.50,0.25,0.00,0.00,0.02,0.00,0.25,0.00,0.00,0,0,,2,0.50,68,0,0.00,41,2,1.82,85,0,4,0,88,0.00,99,0,0,0.00,26,2,95,1.82,69,0,0.00,99,0,0.00,0,0,0.00,0,0.91,54,1,0.91,46,1,0.91,100.00,0,0.00,0,0,0,0.00,0,1,0.00,74,0.91,20,N/A,N/A,N/A,N/A,0.00,0,0.00,0,0.08,0.00,0,62.50,0.00,41,30,0.25,0.91,1,71,99,0,0,0,0.25,0.91,1,91,26.35,0.25,0.91,1,0,0.00,0.00,99,0.00,0,0,0,0.00,0.00,0,0.00,0.00,0.00,0.00,0,0,0.00,71,11,38,72,80,0.07,24,0.02,0.06,0.08,48,0.02,0.07,90,2,0.50,1.82,4.55,1.25,99,5,0.07,47,29,33,86,0,75,48,0,0.00,99,1,0.00,0.91,18.18,5.00,20,7,84,99,6.36,1.75,35.00,1,0.91,39,0,50.00,0,0.00,99,1,0.25,0.91,82,4,99,34,0,0,0,0,0,57,72,84,84,0,99,51,59,99,2,50,97,15,0,0
Joshua Quarshie,22,1090825200,2004/07/26,Bundesliga,2026/2027,Defender,Sturm Graz,9,0,9,Germany,1,0,1,0,0,0,0,0,0,0,0,0,0,0,1,0,1,0,0,0,0,0,0,0,0,10,9,9,0,0,0,-1,-1,-1,7,0,6.28,0,74,100.00,10.00,99,10,6.00,6,6,60.00,93,0.00,0.00,1.00,1,0.00,0.00,0.00,0.00,0,0.00,0.00,0.00,0.00,0.00,0.00,0.00,1.00,0.00,0.00,0.00,0.00,0.00,0.00,0.00,0.00,1.00,0.00,0.00,0,0,,0,0.00,18,0,0.00,41,0,0.00,23,0,1,0,16,0.00,99,0,0,0.00,26,0,54,0.00,27,0,0.00,99,0,0.00,0,0,0.00,0,10.00,99,0,0.00,19,0,0.00,0.00,0,0.00,0,0,0,0.00,0,1,0.00,22,10.00,99,N/A,N/A,N/A,N/A,0.00,0,0.00,0,0.00,0.00,0,60.00,0.00,41,99,0.00,0.00,0,33,33,0,0,0,0.00,0.00,0,53,6.28,0.00,0.00,0,0,0.00,0.00,99,0.00,0,0,0,0.00,0.00,0,0.00,0.00,0.00,0.00,0,0,0.00,71,0,3,72,7,0.05,96,0.05,0.50,0.00,19,0.00,0.00,18,0,0.00,0.00,10.00,1.00,99,1,0.00,18,7,7,86,0,75,99,0,0.00,99,1,0.00,10.00,20.00,2.00,2,1,99,99,10.00,1.00,50.00,0,0.00,99,0,0.00,0,0.00,99,0,0.00,0.00,54,4,74,34,0,0,0,0,0,57,72,84,84,0,99,29,58,58,0,0,59,2,0,0
Julian Halwachs,23,1043481600,2003/01/25,Bundesliga,2026/2027,Midfielder,Sturm Graz,0,0,0,Austria,0,0,0,0,0,0,0,0,0,0,0,0,0,0,0,0,0,0,0,0,0,0,0,0,0,0,0,0,0,0,0,-1,-1,-1,-1,N/A,N/A,N/A,N/A,N/A,N/A,N/A,N/A,N/A,N/A,N/A,N/A,N/A,N/A,N/A,N/A,N/A,N/A,N/A,N/A,N/A,N/A,N/A,N/A,N/A,N/A,N/A,N/A,N/A,N/A,N/A,N/A,N/A,N/A,N/A,N/A,N/A,N/A,N/A,N/A,N/A,N/A,N/A,N/A,N/A,N/A,N/A,N/A,N/A,N/A,N/A,N/A,N/A,N/A,N/A,N/A,N/A,N/A,N/A,N/A,N/A,N/A,N/A,N/A,N/A,N/A,N/A,N/A,N/A,N/A,N/A,N/A,N/A,N/A,N/A,N/A,N/A,N/A,N/A,N/A,N/A,N/A,N/A,N/A,N/A,N/A,N/A,N/A,N/A,N/A,N/A,N/A,N/A,N/A,N/A,N/A,N/A,N/A,N/A,N/A,N/A,N/A,N/A,N/A,N/A,N/A,N/A,N/A,N/A,N/A,N/A,N/A,N/A,N/A,N/A,N/A,N/A,N/A,N/A,N/A,N/A,N/A,N/A,N/A,N/A,N/A,N/A,N/A,N/A,N/A,N/A,N/A,N/A,N/A,N/A,N/A,N/A,N/A,N/A,N/A,N/A,N/A,N/A,N/A,N/A,N/A,N/A,N/A,N/A,N/A,N/A,N/A,N/A,N/A,N/A,N/A,N/A,N/A,N/A,N/A,N/A,N/A,N/A,N/A,N/A,N/A,N/A,N/A,N/A,N/A,N/A,N/A,N/A,N/A,N/A,N/A,N/A,N/A,N/A,N/A,N/A,N/A,N/A,N/A,N/A,N/A,N/A,N/A,N/A,N/A,N/A,N/A,N/A,N/A,N/A,N/A,N/A,N/A,N/A,N/A,N/A,N/A,N/A,N/A,N/A,N/A,N/A,N/A,N/A,N/A,N/A,N/A,N/A,N/A,N/A,N/A,N/A,N/A,N/A,N/A,N/A,N/A,N/A,N/A
Julian Hettwer,23,1055660400,2003/06/15,Bundesliga,2026/2027,Forward,Austria Wien,258,95,163,Germany,5,2,3,1,0,1,0,0,0,0,0,1,0,1,6,2,4,0,0,0.35,0,0.35,0,0.55,258,2.09,43,52,0,0,0,-1,-1,-1,1,0,6.72,0,74,18.49,10.60,16,53,4.80,24,1,8.37,5,0.00,0.00,0.40,2,0.00,0.60,0.35,0.20,1,0.00,0.40,0.00,0.00,0.00,0.20,0.20,1.20,8.00,2.79,1.20,0.60,0.00,0.40,0.23,0.00,0.20,0.00,0.00,0,0,,8,1.60,86,2,0.70,75,6,2.09,90,2,2,3,19,0.00,99,0,1,0.35,33,3,88,1.05,56,0,0.00,99,0,0.00,0,0,0.00,0,0.70,47,3,1.05,51,1,0.35,33.33,0,0.00,0,0,0,0.00,0,6,0.00,17,2.09,76,N/A,N/A,N/A,N/A,0.00,0,0.00,0,1.15,0.00,0,45.28,25.00,59,61,0.20,0.35,1,43,46,0,0,0,0.00,0.00,0,53,33.60,0.20,0.35,1,0,0.00,0.00,99,0.00,0,0,1,0.20,0.35,0,0.00,0.00,0.00,0.00,0,0,12.50,78,41,93,88,24,0.14,17,0.03,0.05,1.15,86,0.23,0.40,50,2,0.40,0.70,1.05,0.60,67,3,0.40,85,42,13,96,0,75,22,0,0.00,99,1,0.00,0.35,5.93,3.40,17,5,12,20,1.74,1.00,29.41,2,0.70,46,0,33.33,0,0.00,99,1,0.20,0.35,68,50,86,95,0,0,0,0,0,75,84,93,84,0,99,45,58,58,0,0,59,20,0,0
Junior Yvan Nyabeye Dibango,24,1015747200,2002/03/10,Bundesliga,2026/2027,Defender,LASK Linz,67,21,46,Cameroon,3,2,1,0,0,0,0,0,0,0,0,2,2,0,1,0,1,1,0,0,0,0,0,0,0,1.34,67,22,67,0,1.34,-1,-1,-1,11,0,4.34,0,74,48.36,12.00,76,36,10.67,32,82,42.99,80,0.00,0.00,0.00,0,0.00,1.33,5.37,1.33,4,0.00,0.33,0.00,0.00,0.00,0.00,0.33,0.33,0.00,0.00,0.00,0.67,0.00,0.00,0.00,0.00,0.33,0.00,0.00,0,0,,0,0.00,18,0,0.00,41,0,0.00,23,2,2,1,99,0.00,99,0,0,0.00,26,4,76,5.37,92,0,0.00,99,0,0.00,0,0,0.00,0,0.00,21,2,2.69,84,1,1.34,50.00,0,0.00,0,0,0,0.00,0,1,0.00,47,1.34,45,N/A,N/A,N/A,N/A,0.00,0,0.00,0,0.00,0.00,0,88.89,0.00,41,99,0.00,0.00,0,84,63,0,0,0,0.00,0.00,0,53,13.02,0.67,2.69,2,0,0.00,0.00,99,0.00,0,0,0,0.00,0.00,0,0.00,0.00,1.34,0.33,1,0,0.00,71,0,24,72,54,0.07,43,0.02,0.09,0.00,19,0.00,0.00,18,0,0.00,0.00,4.03,1.00,99,3,0.00,18,1,67,86,0,99,62,0,0.00,99,1,0.00,1.34,16.12,4.00,12,6,96,97,8.06,2.00,50.00,1,1.34,20,0,25.00,0,0.00,99,1,0.33,1.34,92,18,86,95,0,0,0,0,0,57,72,84,84,0,99,99,60,99,1,33,90,25,0,0
Jürgen Heil,29,860140800,1997/04/04,Bundesliga,2026/2027,Midfielder,Sturm Graz,444,180,264,Austria,5,2,3,0,0,0,0,0,0,0,0,2,1,1,5,1,4,1,0,0,0,0,0,0,0,1.01,89,89,444,0,0.2,70,75,-1,20,0,7.00,0,74,39.03,38.60,61,193,30.60,153,46,30.94,59,0.00,0.00,1.60,8,0.00,2.20,2.22,2.20,11,0.00,0.40,0.00,0.00,0.00,1.40,1.00,1.00,0.00,1.01,0.80,1.80,0.00,0.20,0.06,0.00,0.60,0.00,0.00,0,0,,5,1.00,52,1,0.20,48,4,0.81,55,2,0,5,79,0.00,99,0,7,1.42,85,11,62,2.22,73,0,0.00,99,0,0.00,0,0,0.00,0,1.62,77,9,1.82,67,5,1.01,55.56,0,0.00,0,0,0,0.00,0,5,0.00,68,1.01,25,N/A,N/A,N/A,N/A,0.00,0,0.00,0,0.32,0.00,0,79.27,20.00,48,57,0.40,0.40,2,76,65,0,0,0,0.20,0.20,1,59,35.01,2.40,2.43,12,1,0.00,0.20,5,0.20,0,0,0,0.00,0.00,0,0.00,0.00,0.00,0.00,0,0,0.00,71,82,93,72,75,0.72,68,0.14,0.15,0.32,45,0.06,0.06,84,7,1.40,1.42,0.81,0.80,54,4,0.06,44,75,64,86,0,75,37,0,0.00,99,3,0.00,0.61,9.10,9.00,45,25,67,56,5.06,5.00,55.56,2,0.40,61,0,18.18,0,0.00,99,2,0.40,0.40,72,97,49,95,0,0,0,0,0,57,72,84,84,0,99,81,96,63,1,20,79,28,0,0
Kang-Hee Lee,25,998636400,2001/08/24,Bundesliga,2026/2027,Midfielder,Austria Wien,391,121,270,South Korea,5,2,3,0,0,0,0,0,0,0,0,1,0,1,10,3,7,1,0,0,0,0,0,0,0,2.3,39,78,391,0,0.23,96,97,-1,17,0,6.50,0,74,46.96,40.80,73,204,35.20,176,73,40.51,75,0.00,0.00,0.60,3,0.00,0.00,1.38,1.20,6,0.00,0.20,0.00,0.00,0.00,1.20,0.40,2.00,0.00,0.46,0.40,1.00,0.00,0.00,0.02,0.00,1.60,0.00,0.00,0,0,,2,0.40,27,0,0.00,41,2,0.46,37,0,1,4,50,0.00,99,0,6,1.38,82,0,54,0.00,27,0,0.00,99,0,0.00,0,0,0.00,0,0.69,45,5,1.15,53,2,0.46,40.00,0,0.00,0,0,0,0.00,0,10,0.00,13,2.30,80,N/A,N/A,N/A,N/A,0.00,0,0.00,0,0.11,0.00,0,86.27,0.00,41,39,0.60,0.69,3,52,50,0,0,0,0.00,0.00,0,53,32.48,4.40,5.06,22,0,0.00,0.00,99,0.00,0,0,0,0.00,0.00,0,0.00,0.00,0.00,0.00,0,0,0.00,71,72,93,72,20,0.56,63,0.11,0.13,0.11,31,0.02,0.03,62,4,0.80,0.92,1.15,1.00,70,5,0.03,31,18,87,86,0,75,75,0,0.00,99,8,0.00,1.84,9.21,8.00,40,19,57,58,4.37,3.80,47.50,1,0.23,71,0,0.00,0,0.00,99,0,0.00,0.00,54,65,74,34,0,0,0,0,0,57,72,84,84,0,99,45,92,68,1,20,79,16,0,0
Karim Konaté,22,1079856000,2004/03/21,Bundesliga,2026/2027,Forward,Salzburg,241,51,190,Ivory Coast,5,2,3,4,2,2,0,0,0,0,0,2,1,1,2,0,2,0,0,1.49,0,1.49,3.53,0.95,60,0.75,121,48,0,0,0,-1,-1,-1,1,0,7.09,0,74,31.98,17.20,45,86,14.20,71,58,26.40,50,0.00,0.00,1.00,5,0.00,0.20,0.00,0.00,0,0.00,0.40,0.00,0.00,0.00,0.20,0.40,0.40,4.25,6.32,1.60,0.40,0.00,1.80,0.77,0.00,0.80,0.00,0.00,0,0,,17,3.40,99,9,3.35,99,8,2.98,96,1,3,2,16,0.00,99,0,1,0.37,34,1,99,0.37,36,0,0.00,99,0,0.00,0,0,0.00,0,1.86,82,2,0.74,39,2,0.74,100.00,0,0.00,0,0,0,0.00,0,2,0.00,78,0.74,15,N/A,N/A,N/A,N/A,0.00,0,0.00,0,3.87,0.00,0,82.56,52.94,90,99,0.00,0.00,0,65,99,0,0,0,0.00,0.00,0,53,35.45,0.40,0.74,2,0,0.00,0.00,99,0.00,0,0,0,0.00,0.00,0,0.00,0.00,0.00,0.00,0,0,23.53,89,39,93,73,85,0.38,66,0.08,0.14,3.87,99,0.77,1.44,26,1,0.20,0.37,0.74,0.40,49,2,1.44,99,82,28,86,0,75,66,0,0.00,99,4,0.00,1.49,5.95,3.20,16,7,21,20,2.60,1.40,43.75,2,0.74,44,0,100.00,0,0.00,99,1,0.20,0.37,69,34,95,77,0,0,0,0,0,99,99,99,99,0,99,81,58,58,0,0,59,19,0,0
Kasper Poul Mølgaard Jørgensen,26,941961600,1999/11/07,Bundesliga,2026/2027,Defender,LASK Linz,398,237,161,Denmark,5,3,2,0,0,0,1,1,0,0,0,3,2,1,2,1,1,0,0,0.23,0.23,0,0,0,0,0.45,199,80,0,398,0,86,27,6,17,0,6.97,0.2,82,38.44,34.00,60,170,26.40,132,39,29.85,56,0.00,0.00,1.80,9,0.00,1.80,1.13,1.00,5,0.00,0.80,0.00,0.00,0.00,1.00,0.40,0.40,0.00,3.17,2.20,1.80,0.00,0.60,0.17,0.00,0.60,0.00,0.00,0,0,,14,2.80,89,3,0.68,72,11,2.49,93,1,0,5,41,0.00,99,0,5,1.13,73,9,54,2.04,71,0,0.00,99,0,0.00,0,0,0.00,0,2.04,86,9,2.04,72,2,0.45,22.22,0,0.00,0,0,0,0.00,0,2,0.00,87,0.45,6,N/A,N/A,N/A,N/A,0.00,0,0.00,0,0.86,0.00,0,77.65,21.43,48,52,0.40,0.45,2,51,37,0,0,0,0.00,0.00,0,53,34.84,1.00,1.13,5,0,0.00,0.00,99,0.00,0,0,0,0.00,0.00,0,0.00,0.00,0.00,0.00,0,0,0.00,71,74,93,72,94,1.17,81,0.23,0.26,0.86,67,0.17,0.19,90,8,1.60,1.81,0.23,0.20,20,1,0.19,67,72,40,86,0,75,41,0,0.00,99,3,0.00,0.68,7.46,6.60,33,18,52,37,4.07,3.60,54.55,4,0.90,40,0,0.00,0,0.00,99,0,0.00,0.00,54,97,49,77,0,0,0,0,0,66,72,84,84,0,99,95,58,58,0,0,59,20,0,0
Kelvin Owusu Boateng,26,953884800,2000/03/24,Bundesliga,2026/2027,Forward,Austria Wien,223,103,120,Ghana,5,2,3,0,0,0,0,0,0,0,0,1,0,1,3,2,1,1,0,0,0,0,0,0,0,1.21,74,45,223,0,0.4,-1,-1,-1,9,0,6.48,0,74,16.55,8.20,10,41,5.00,25,7,10.09,7,0.00,0.00,0.60,3,0.00,0.40,0.40,0.20,1,0.00,0.40,0.00,0.00,0.00,0.00,0.60,0.60,0.00,0.81,0.20,1.60,0.00,0.20,0.04,0.00,1.20,0.00,0.00,0,0,,2,0.40,42,1,0.40,61,1,0.40,35,3,3,2,20,0.00,99,0,0,0.00,26,2,54,0.81,51,0,0.00,99,0,0.00,0,0,0.00,0,1.21,71,8,3.23,88,3,1.21,37.50,0,0.00,0,0,0,0.00,0,3,0.00,56,1.21,37,N/A,N/A,N/A,N/A,0.00,0,0.00,0,0.21,0.00,0,60.98,50.00,90,99,0.00,0.00,0,80,48,0,0,0,0.00,0.00,0,53,32.39,0.80,1.61,4,1,0.00,0.40,1,0.20,0,0,0,0.00,0.00,0,0.00,0.00,0.40,0.20,1,0,0.00,71,33,93,72,62,0.16,24,0.03,0.06,0.21,50,0.04,0.08,87,4,0.80,1.61,1.61,0.80,82,4,0.08,50,14,50,86,0,87,86,0,0.00,99,6,0.00,2.42,12.51,6.20,31,14,73,85,5.65,2.80,45.16,2,0.81,42,0,0.00,0,0.00,99,0,0.00,0.00,54,34,95,99,0,0,0,0,0,57,72,84,84,0,99,45,77,81,1,20,79,14,0,0
Kevin Boma,23,1037779200,2002/11/20,Bundesliga,2026/2027,Defender,Salzburg,440,260,180,France,5,3,2,0,0,0,1,0,1,0,0,1,1,0,4,2,2,0,0,0.2,0.2,0,0,0,0,0.82,110,88,0,440,0,89,40,12,18,0,7.42,0.2,79,95.52,93.40,99,467,88.20,441,97,90.20,99,0.00,0.00,0.40,2,0.00,0.60,1.43,1.40,7,0.00,0.00,0.00,0.00,0.00,2.60,0.40,0.80,0.00,0.82,0.80,0.60,0.00,0.00,0.04,0.00,3.20,0.00,0.00,0,0,,4,0.80,42,0,0.00,41,4,0.82,56,1,0,5,53,0.00,99,0,13,2.66,99,3,88,0.61,43,0,0.00,99,0,0.00,0,0,0.00,0,0.41,32,3,0.61,36,2,0.41,66.67,0,0.00,0,0,0,0.00,0,4,0.00,75,0.82,18,N/A,N/A,N/A,N/A,0.00,0,0.00,0,0.20,0.00,0,94.43,0.00,41,99,0.00,0.00,0,48,78,0,0,0,0.40,0.41,2,73,37.10,5.40,5.52,27,0,0.00,0.00,99,0.00,0,0,0,0.00,0.00,0,0.00,0.00,0.00,0.00,0,0,0.00,71,80,93,72,82,1.55,89,0.31,0.32,0.20,35,0.04,0.04,55,4,0.80,0.82,0.41,0.40,27,2,0.04,35,95,90,86,0,75,92,0,0.00,99,16,0.00,3.27,8.18,8.00,40,29,78,43,5.93,5.80,72.50,0,0.00,99,0,33.33,0,0.00,99,1,0.20,0.20,59,97,49,77,0,0,0,0,0,64,72,84,84,0,99,45,58,58,0,0,59,44,0,0
Konstantin Schopp,20,1135929600,2005/12/30,Bundesliga,2026/2027,Defender,Hartberg,330,150,180,Austria,4,2,2,0,0,0,0,0,0,0,0,0,0,0,4,2,2,2,1,0,0,0,0,0,0,1.09,83,83,165,0,0.55,104,107,16,16,0,6.92,0,74,38.61,35.50,60,142,30.00,120,66,32.63,64,0.00,0.00,0.00,0,0.00,0.25,2.45,2.25,9,0.00,0.00,0.00,0.00,0.00,0.75,1.00,1.00,0.00,0.54,0.25,1.00,0.00,0.25,0.04,0.00,2.00,0.00,0.00,0,0,,2,0.50,31,1,0.27,53,1,0.27,26,0,0,4,85,0.00,99,0,3,0.82,58,1,54,0.27,33,0,0.00,99,0,0.00,0,0,0.00,0,0.00,21,4,1.09,52,4,1.09,100.00,0,0.00,0,0,0,0.00,0,4,0.00,66,1.09,27,N/A,N/A,N/A,N/A,0.00,0,0.00,0,0.15,0.00,0,84.51,50.00,90,66,0.25,0.27,1,77,99,0,0,0,2.25,2.45,9,99,27.69,8.25,8.97,33,0,0.00,0.00,99,0.00,0,0,0,0.00,0.00,0,0.00,0.00,0.00,0.00,0,0,0.00,71,57,38,72,73,0.26,29,0.07,0.07,0.15,35,0.04,0.04,18,0,0.00,0.00,1.09,1.00,68,4,0.04,35,66,99,86,0,75,82,0,0.00,99,8,0.00,2.18,9.24,8.50,34,21,75,59,5.71,5.25,61.76,0,0.00,99,0,0.00,0,0.00,99,0,0.00,0.00,54,65,49,34,0,0,0,0,0,57,72,84,84,0,99,29,72,87,1,25,85,27,0,0
Krystof Danek,23,1041753600,2003/01/05,Bundesliga,2026/2027,Midfielder,LASK Linz,316,184,132,Czech Republic,5,3,2,0,0,0,1,1,0,0,0,3,2,1,1,0,1,0,0,0.28,0.28,0,0,0,0,0.28,316,63,0,316,0,87,15,-1,19,0,6.98,0.2,88,36.17,25.40,52,127,22.20,111,77,31.61,62,0.00,0.00,1.40,7,0.00,2.40,0.28,0.20,1,0.00,1.00,0.00,0.00,0.00,0.40,0.40,0.20,0.00,1.42,0.60,1.40,0.00,0.40,0.08,0.00,0.80,0.00,0.00,0,0,,5,1.00,61,2,0.57,68,3,0.85,57,1,1,4,17,0.00,99,0,2,0.57,44,12,88,3.42,80,0,0.00,99,0,0.00,0,0,0.00,0,1.99,85,7,1.99,71,2,0.57,28.57,0,0.00,0,0,0,0.00,0,1,0.00,92,0.28,2,N/A,N/A,N/A,N/A,0.00,0,0.00,0,0.40,0.00,0,87.40,40.00,77,65,0.20,0.28,1,57,41,0,0,0,0.00,0.00,0,53,34.91,0.40,0.57,2,0,0.00,0.00,99,0.00,0,0,0,0.00,0.00,0,0.00,0.00,0.00,0.00,0,1,0.00,71,55,93,72,99,1.07,86,0.21,0.30,0.40,56,0.08,0.11,57,3,0.60,0.85,1.14,0.80,70,4,0.11,56,73,21,86,0,75,53,0,0.00,99,4,0.00,1.14,7.97,5.60,28,10,25,39,2.85,2.00,35.71,5,1.42,18,0,33.33,0,0.00,99,4,0.80,1.14,86,65,74,77,0,0,0,0,0,71,72,84,84,0,99,95,58,58,0,0,59,9,0,0
Leandro Morgalla,21,1095058800,2004/09/13,Bundesliga,2026/2027,Defender,Salzburg,54,25,29,Germany,3,1,2,0,0,0,0,0,0,0,0,1,0,1,0,0,0,0,0,0,0,0,0,0,0,0,0,18,0,0,0,-1,-1,-1,11,0,6.61,0,74,56.67,11.33,86,34,9.33,28,55,46.67,82,0.00,0.00,0.33,1,0.00,0.33,3.33,0.67,2,0.00,0.00,0.00,0.00,0.00,0.67,0.33,0.00,0.00,0.00,0.00,0.67,0.00,0.00,0.00,0.00,0.33,0.00,0.00,0,0,,0,0.00,18,0,0.00,41,0,0.00,23,2,2,1,95,0.00,99,0,2,3.33,99,1,99,1.67,66,0,0.00,99,0,0.00,0,0,0.00,0,1.67,78,2,3.33,89,1,1.67,50.00,0,0.00,0,0,0,0.00,0,0,0.00,99,0.00,0,N/A,N/A,N/A,N/A,0.00,0,0.00,0,0.00,0.00,0,82.35,0.00,41,99,0.00,0.00,0,87,63,0,0,0,0.00,0.00,0,53,19.83,0.00,0.00,0,0,0.00,0.00,99,0.00,0,0,0,0.00,0.00,0,0.00,0.00,0.00,0.00,0,0,0.00,71,0,24,72,7,0.09,68,0.03,0.15,0.00,19,0.00,0.00,18,0,0.00,0.00,0.00,0.00,19,0,0.00,18,31,7,86,0,75,71,0,0.00,99,1,0.00,1.67,11.67,2.33,7,4,88,80,6.67,1.33,57.14,0,0.00,99,0,100.00,0,0.00,99,1,0.33,1.67,95,18,86,95,0,0,0,0,0,57,72,84,84,0,99,59,58,58,0,0,59,39,0,0
Lenn Jastremski,25,980323200,2001/01/24,Bundesliga,2026/2027,Forward,Austria Lustenau,88,46,42,Germany,5,3,2,0,0,0,0,0,0,0,0,0,0,0,0,0,0,1,0,0,0,0,0,0,0,0,0,18,88,0,1.02,-1,-1,-1,12,0,6.59,0,74,33.75,6.60,47,33,4.00,20,6,20.45,30,0.00,0.00,0.00,0,0.00,0.00,3.07,0.60,3,0.00,0.20,0.00,0.00,0.00,0.00,0.00,0.00,0.00,0.00,0.00,0.20,0.00,0.00,0.00,0.00,1.60,0.00,0.00,0,0,,0,0.00,18,0,0.00,41,0,0.00,23,0,5,0,94,0.00,99,0,0,0.00,26,0,54,0.00,27,0,0.00,99,0,0.00,0,0,0.00,0,0.00,21,1,1.02,50,0,0.00,0.00,0,0.00,0,0,0,0.00,0,0,0.00,99,0.00,0,N/A,N/A,N/A,N/A,0.00,0,0.00,0,0.00,0.00,0,60.61,0.00,41,24,0.20,1.02,1,33,33,0,0,0,0.00,0.00,0,53,32.94,1.00,5.11,5,0,0.00,0.00,99,0.00,0,0,0,0.00,0.00,1,0.20,1.02,0.00,0.00,0,0,0.00,71,7,93,72,7,0.05,17,0.01,0.05,0.00,19,0.00,0.00,99,3,0.60,3.07,2.05,0.40,91,2,0.00,18,29,88,86,99,75,99,0,0.00,99,8,0.00,8.18,21.48,4.20,21,14,99,99,14.32,2.80,66.67,1,1.02,32,0,0.00,0,0.00,99,0,0.00,0.00,54,4,99,34,0,0,0,0,0,57,72,84,84,0,99,29,62,97,1,20,79,9,0,0
Leon Klassen,26,959583600,2000/05/29,Bundesliga,2026/2027,Defender,Grazer AK,450,180,270,Russia,5,2,3,0,0,0,0,0,0,0,0,1,1,0,13,1,12,2,0,0,0,0,0,0,0,2.6,35,90,225,0,0.4,82,84,50,15,0,6.80,0,74,37.40,37.40,57,187,29.60,148,44,29.60,56,0.00,0.00,1.80,9,0.00,3.60,1.00,1.00,5,0.00,0.00,0.00,0.00,0.00,0.60,0.40,2.60,0.00,1.40,1.20,0.60,0.00,0.20,0.09,0.00,1.20,0.00,0.00,0,0,,7,1.40,60,1,0.20,48,6,1.20,72,0,0,5,35,0.00,99,0,3,0.60,47,18,88,3.60,83,0,0.00,99,0,0.00,0,0,0.00,0,1.80,81,3,0.60,35,2,0.40,66.67,0,0.00,0,0,0,0.00,0,13,0.00,7,2.60,89,N/A,N/A,N/A,N/A,0.00,0,0.00,0,0.45,0.00,0,79.14,14.29,44,27,1.00,1.00,5,47,78,0,0,0,0.20,0.20,1,59,34.00,3.60,3.60,18,1,0.00,0.20,5,0.20,0,0,1,0.20,0.20,0,0.00,0.00,0.20,0.20,1,0,0.00,71,95,93,72,14,0.62,60,0.12,0.12,0.45,53,0.09,0.09,55,4,0.80,0.80,1.40,1.40,77,7,0.09,53,51,75,88,0,77,56,0,0.00,99,6,0.00,1.20,7.20,7.20,36,17,35,33,3.40,3.40,47.22,0,0.00,99,0,33.33,0,0.00,99,6,1.20,1.20,88,97,49,34,0,0,0,0,0,57,72,84,84,0,99,45,80,81,2,40,96,32,0,0
Liam Hermesh,22,1079078400,2004/03/12,Bundesliga,2026/2027,Midfielder,Grazer AK,246,85,161,Israel,3,1,2,0,0,0,0,0,0,0,0,0,0,0,11,1,10,0,0,0,0,0,0,0,0,4.02,22,82,0,0,0,-1,-1,-1,12,0,6.33,0,74,37.68,34.33,57,103,28.67,86,60,31.46,61,0.00,0.00,0.00,0,0.00,0.67,1.46,1.33,4,0.00,0.33,0.00,0.00,0.00,0.00,0.00,3.67,0.00,0.37,0.33,0.33,0.00,0.00,0.02,0.00,0.33,0.00,0.00,0,0,,1,0.33,24,0,0.00,41,1,0.37,30,2,0,3,54,0.00,99,0,0,0.00,26,2,54,0.73,46,0,0.00,99,0,0.00,0,0,0.00,0,0.00,21,1,0.37,27,0,0.00,0.00,0,0.00,0,0,0,0.00,0,11,0.00,2,4.02,92,N/A,N/A,N/A,N/A,0.00,0,0.00,0,0.06,0.00,0,83.50,0.00,41,20,1.00,1.10,3,33,33,0,0,0,0.67,0.73,2,87,18.99,1.00,1.10,3,0,0.00,0.00,99,0.00,0,0,0,0.00,0.00,0,0.00,0.00,0.00,0.00,0,0,0.00,71,40,24,72,9,0.15,17,0.05,0.05,0.06,26,0.02,0.02,26,1,0.33,0.37,1.10,1.00,68,3,0.02,26,8,39,86,0,75,23,0,0.00,99,1,0.00,0.37,4.76,4.33,13,6,15,12,2.20,2.00,46.15,1,0.37,64,0,0.00,0,0.00,99,0,0.00,0.00,54,50,49,95,0,0,0,0,0,57,72,84,84,0,99,29,58,58,0,0,59,6,0,0
Lior Gliklich,23,1041494400,2003/01/02,Bundesliga,2026/2027,Goalkeeper,Wolfsberger AC,0,0,0,Israel,0,0,0,0,0,0,0,0,0,0,0,0,0,0,0,0,0,0,0,0,0,0,0,0,0,0,0,0,0,0,0,-1,-1,-1,-1,N/A,N/A,N/A,N/A,N/A,N/A,N/A,N/A,N/A,N/A,N/A,N/A,N/A,N/A,N/A,N/A,N/A,N/A,N/A,N/A,N/A,N/A,N/A,N/A,N/A,N/A,N/A,N/A,N/A,N/A,N/A,N/A,N/A,N/A,N/A,N/A,N/A,N/A,N/A,N/A,N/A,N/A,N/A,N/A,N/A,N/A,N/A,N/A,N/A,N/A,N/A,N/A,N/A,N/A,N/A,N/A,N/A,N/A,N/A,N/A,N/A,N/A,N/A,N/A,N/A,N/A,N/A,N/A,N/A,N/A,N/A,N/A,N/A,N/A,N/A,N/A,N/A,N/A,N/A,N/A,N/A,N/A,N/A,N/A,N/A,N/A,N/A,N/A,N/A,N/A,N/A,N/A,N/A,N/A,N/A,N/A,N/A,N/A,N/A,N/A,N/A,N/A,N/A,N/A,N/A,N/A,N/A,N/A,N/A,N/A,N/A,N/A,N/A,N/A,N/A,N/A,N/A,N/A,N/A,N/A,N/A,N/A,N/A,N/A,N/A,N/A,N/A,N/A,N/A,N/A,N/A,N/A,N/A,N/A,N/A,N/A,N/A,N/A,N/A,N/A,N/A,N/A,N/A,N/A,N/A,N/A,N/A,N/A,N/A,N/A,N/A,N/A,N/A,N/A,N/A,N/A,N/A,N/A,N/A,N/A,N/A,N/A,N/A,N/A,N/A,N/A,N/A,N/A,N/A,N/A,N/A,N/A,N/A,N/A,N/A,N/A,N/A,N/A,N/A,N/A,N/A,N/A,N/A,N/A,N/A,N/A,N/A,N/A,N/A,N/A,N/A,N/A,N/A,N/A,N/A,N/A,N/A,N/A,N/A,N/A,N/A,N/A,N/A,N/A,N/A,N/A,N/A,N/A,N/A,N/A,N/A,N/A,N/A,N/A,N/A,N/A,N/A,N/A,N/A,N/A,N/A,N/A,N/A,N/A
Lord Afrifa,20,1149490800,2006/06/05,Bundesliga,2026/2027,Midfielder,Austria Lustenau,380,232,148,Ghana,5,3,2,0,0,0,0,0,0,0,0,0,0,0,9,6,3,1,0,0,0,0,0,0,0,2.13,42,76,380,0,0.24,44,69,-1,19,0,6.72,0,74,27.24,23.00,27,115,18.40,92,50,21.79,33,0.00,0.00,1.00,5,0.00,0.60,2.13,1.80,9,0.00,1.00,0.00,0.00,0.00,1.20,1.00,1.80,0.00,0.95,0.80,2.00,0.00,0.00,0.04,0.00,0.40,0.00,0.00,0,0,,4,0.80,46,0,0.00,41,4,0.95,60,1,0,5,76,0.00,99,0,6,1.42,85,3,88,0.71,45,0,0.00,99,0,0.00,0,0,0.00,0,1.18,68,10,2.37,78,5,1.18,50.00,0,0.00,0,0,0,0.00,0,9,0.00,16,2.13,76,N/A,N/A,N/A,N/A,0.00,0,0.00,0,0.20,0.00,0,80.00,0.00,41,68,0.20,0.24,1,79,63,0,0,0,0.00,0.00,0,53,33.58,0.40,0.47,2,0,0.00,0.00,99,0.00,0,0,0,0.00,0.00,0,0.00,0.00,0.00,0.00,0,0,0.00,71,68,93,72,23,0.39,43,0.08,0.09,0.20,41,0.04,0.05,98,11,2.20,2.61,1.18,1.00,73,5,0.05,41,42,18,86,0,75,28,0,0.00,99,2,0.00,0.47,10.66,9.00,45,27,85,76,6.39,5.40,60.00,5,1.18,27,0,33.33,0,0.00,99,1,0.20,0.24,63,97,49,77,0,0,0,0,0,57,72,84,84,0,99,29,90,69,1,20,79,20,0,0
Louis Schaub,31,788688000,1994/12/29,Bundesliga,2026/2027,Midfielder,Rapid Wien,5,0,5,Austria,2,0,2,0,0,0,0,0,0,0,0,0,0,0,0,0,0,0,0,0,0,0,0,0,0,0,0,3,0,0,0,-1,-1,-1,11,0,3.21,0,74,120.00,4.00,99,8,2.50,5,8,75.00,97,0.00,0.00,0.00,0,0.00,0.00,15.00,0.50,1,0.00,0.00,0.00,0.00,0.00,0.00,0.00,0.50,0.00,0.00,0.00,0.00,0.00,0.00,0.00,0.00,0.00,0.00,0.00,0,0,,0,0.00,18,0,0.00,41,0,0.00,23,0,2,0,99,0.00,99,0,0,0.00,26,0,54,0.00,27,0,0.00,99,0,0.00,0,0,0.00,0,0.00,21,0,0.00,19,0,0.00,0.00,0,0.00,0,0,0,0.00,0,1,0.00,99,15.00,99,N/A,N/A,N/A,N/A,0.00,0,0.00,0,0.00,0.00,0,62.50,0.00,41,99,0.00,0.00,0,33,33,0,0,0,0.00,0.00,0,53,6.41,0.00,0.00,0,0,0.00,0.00,99,0.00,0,0,0,0.00,0.00,0,0.00,0.00,0.00,0.00,0,0,0.00,71,0,11,72,7,0.01,68,0.01,0.15,0.00,19,0.00,0.00,18,0,0.00,0.00,0.00,0.00,19,0,0.00,18,0,7,86,0,75,15,0,0.00,99,0,0.00,0.00,15.00,0.50,1,1,99,95,15.00,0.50,100.00,0,0.00,99,0,0.00,0,0.00,99,0,0.00,0.00,54,4,86,34,0,0,0,0,0,57,72,84,84,0,99,29,58,58,0,0,59,21,0,0
Luca Hassler,22,1071302400,2003/12/13,Bundesliga,2026/2027,Forward,Wolfsberger AC,5,5,0,Austria,1,1,0,0,0,0,0,0,0,0,0,0,0,0,0,0,0,0,0,0,0,0,0,0,0,0,0,5,0,0,0,-1,-1,-1,6,0,6.42,0,74,72.00,4.00,96,4,3.00,3,32,54.00,90,0.00,0.00,0.00,0,0.00,0.00,0.00,0.00,0,0.00,1.00,0.00,0.00,0.00,0.00,0.00,0.00,0.00,0.00,0.00,0.00,0.00,0.00,0.00,0.00,0.00,0.00,0.00,0,0,,0,0.00,18,0,0.00,41,0,0.00,23,0,1,0,16,0.00,99,0,0,0.00,26,0,54,0.00,27,0,0.00,99,0,0.00,0,0,0.00,0,0.00,21,0,0.00,19,0,0.00,0.00,0,0.00,0,0,0,0.00,0,0,0.00,99,0.00,0,N/A,N/A,N/A,N/A,0.00,0,0.00,0,0.00,0.00,0,75.00,0.00,41,99,0.00,0.00,0,33,33,0,0,0,0.00,0.00,0,53,6.42,1.00,18.00,1,0,0.00,0.00,99,0.00,0,0,0,0.00,0.00,0,0.00,0.00,0.00,0.00,0,0,0.00,71,0,3,72,7,0.01,71,0.01,0.18,0.00,19,0.00,0.00,18,0,0.00,0.00,0.00,0.00,19,0,0.00,18,11,99,86,0,75,15,0,0.00,99,0,0.00,0.00,36.00,2.00,2,0,3,99,0.00,0.00,0.00,1,18.00,0,0,0.00,0,0.00,99,0,0.00,0.00,54,4,74,34,0,0,0,0,0,57,72,84,84,0,99,29,58,58,0,0,59,7,0,0
Luca Pazourek,21,1107504000,2005/02/04,Bundesliga,2026/2027,Defender,Hartberg,44,0,44,Austria,1,0,1,0,0,0,0,0,0,0,0,0,0,0,1,0,1,0,0,0,0,0,0,0,0,2.05,44,44,0,0,0,-1,-1,-1,12,0,6.73,0,74,20.45,10.00,18,10,9.00,9,86,18.41,23,0.00,0.00,0.00,0,0.00,0.00,6.14,3.00,3,0.00,1.00,0.00,0.00,0.00,1.00,0.00,1.00,0.00,0.00,0.00,0.00,0.00,0.00,0.00,0.00,1.00,0.00,0.00,0,0,,0,0.00,18,0,0.00,41,0,0.00,23,0,1,0,99,0.00,99,0,1,2.05,95,0,54,0.00,27,0,0.00,99,0,0.00,0,0,0.00,0,0.00,21,0,0.00,19,0,0.00,0.00,0,0.00,0,0,0,0.00,0,1,0.00,18,2.05,73,N/A,N/A,N/A,N/A,0.00,0,0.00,0,0.00,0.00,0,90.00,0.00,41,2,1.00,2.05,1,33,33,0,0,0,0.00,0.00,0,53,6.73,7.00,14.32,7,0,0.00,0.00,99,0.00,0,0,0,0.00,0.00,0,0.00,0.00,0.00,0.00,0,0,0.00,71,0,3,72,25,0.02,9,0.02,0.04,0.00,19,0.00,0.00,18,0,0.00,0.00,2.05,1.00,91,1,0.00,18,42,99,86,0,75,80,0,0.00,99,1,0.00,2.05,16.36,8.00,8,4,96,98,8.18,4.00,50.00,1,2.05,6,0,0.00,0,0.00,99,0,0.00,0.00,54,4,74,34,0,0,0,0,0,57,72,84,84,0,99,29,58,58,0,0,59,2,0,0
Luca Weinhandl,17,1231660800,2009/01/11,Bundesliga,2026/2027,Midfielder,Sturm Graz,360,180,180,Austria,4,2,2,0,0,0,0,0,0,0,0,2,1,1,4,1,3,1,0,0,0,0,0,0,0,1,90,90,360,0,0.25,49,47,-1,8,0,6.87,0,74,37.00,37.00,55,148,29.25,117,43,29.25,54,0.00,0.00,1.25,5,0.00,0.75,2.75,2.75,11,0.00,2.00,0.00,0.00,0.00,0.75,2.25,1.00,0.00,0.75,0.75,4.00,0.00,0.00,0.03,0.00,1.25,0.00,0.00,0,0,,3,0.75,39,0,0.00,41,3,0.75,50,0,0,4,89,0.00,99,0,3,0.75,54,3,54,0.75,47,0,0.00,99,0,0.00,0,0,0.00,0,1.25,72,16,4.00,94,9,2.25,56.25,0,0.00,0,0,0,0.00,0,4,0.00,71,1.00,24,N/A,N/A,N/A,N/A,0.00,0,0.00,0,0.13,0.00,0,79.05,0.00,41,27,1.00,1.00,4,93,66,0,0,0,0.25,0.25,1,64,27.46,1.50,1.50,6,0,0.00,0.00,99,0.00,0,0,0,0.00,0.00,0,0.00,0.00,0.00,0.00,0,0,0.00,71,64,38,72,77,0.37,43,0.09,0.09,0.13,31,0.03,0.03,80,5,1.25,1.25,1.50,1.50,79,6,0.03,31,60,48,86,0,75,59,0,0.00,99,5,0.00,1.25,14.00,14.00,56,30,94,91,7.50,7.50,53.57,8,2.00,7,0,0.00,0,0.00,99,0,0.00,0.00,54,65,49,34,0,0,0,0,0,57,72,84,84,0,99,89,89,70,1,25,85,39,0,0
Ludwig Vraa-Jensen,21,1119510000,2005/06/23,Bundesliga,2026/2027,Defender,Grazer AK,180,90,90,Denmark,2,1,1,0,0,0,0,0,0,0,0,0,0,0,9,1,8,0,0,0,0,0,0,0,0,4.5,20,90,0,0,0,-1,-1,-1,7,0,5.96,0,74,42.00,42.00,66,84,36.50,73,74,36.50,69,0.00,0.00,0.50,1,0.00,0.00,0.00,0.00,0,0.00,0.00,0.00,0.00,0.00,1.50,0.50,4.50,0.00,0.00,0.00,0.50,0.00,0.00,0.00,0.00,3.00,0.00,0.00,0,0,,0,0.00,18,0,0.00,41,0,0.00,23,0,0,2,16,0.00,99,0,3,1.50,87,0,54,0.00,27,0,0.00,99,0,0.00,0,0,0.00,0,0.50,37,1,0.50,31,1,0.50,100.00,0,0.00,0,0,0,0.00,0,9,0.00,1,4.50,93,N/A,N/A,N/A,N/A,0.00,0,0.00,0,0.00,0.00,0,86.90,0.00,41,9,1.50,1.50,3,53,99,0,0,0,0.00,0.00,0,53,11.91,6.00,6.00,12,0,0.00,0.00,99,0.00,0,0,0,0.00,0.00,0,0.00,0.00,0.00,0.00,0,0,0.00,71,26,11,72,8,0.17,43,0.09,0.09,0.00,19,0.00,0.00,18,0,0.00,0.00,1.00,1.00,64,2,0.00,18,6,92,86,0,75,92,0,0.00,99,6,0.00,3.00,9.00,9.00,18,7,37,54,3.50,3.50,38.89,0,0.00,99,0,0.00,0,0.00,99,0,0.00,0.00,54,34,49,34,0,0,0,0,0,57,72,84,84,0,99,29,58,58,0,0,59,3,0,0
Luís Francisco Balbo Vieira,20,1143532800,2006/03/28,Bundesliga,2026/2027,Defender,Sturm Graz,153,23,130,Venezuela,5,2,3,0,0,0,0,0,0,0,0,2,1,1,1,0,1,0,0,0,0,0,0,0,0,0.59,153,31,0,0,0,-1,-1,-1,9,0,5.21,0,74,33.90,11.60,47,58,7.60,38,14,22.21,35,0.00,0.00,0.60,3,0.00,2.60,0.58,0.20,1,0.00,0.20,0.00,0.00,0.00,0.20,0.00,0.20,0.00,0.00,0.00,0.20,0.00,0.00,0.00,0.00,0.20,0.00,0.00,0,0,,0,0.00,18,0,0.00,41,0,0.00,23,2,4,1,24,0.00,99,0,1,0.58,46,13,59,7.60,98,0,0.00,99,0,0.00,0,0,0.00,0,1.75,79,1,0.58,33,0,0.00,0.00,0,0.00,0,0,0,0.00,0,1,0.00,82,0.58,10,N/A,N/A,N/A,N/A,0.00,0,0.00,0,0.00,0.00,0,65.52,0.00,41,99,0.00,0.00,0,33,33,0,0,0,0.20,0.58,1,80,26.03,0.60,1.75,3,0,0.00,0.00,99,0.00,0,0,0,0.00,0.00,0,0.00,0.00,0.00,0.00,0,0,0.00,71,17,93,72,89,0.20,60,0.04,0.12,0.00,19,0.00,0.00,75,2,0.40,1.17,1.17,0.40,71,2,0.00,18,3,53,86,0,75,35,0,0.00,99,1,0.00,0.58,6.43,2.20,11,4,18,24,2.34,0.80,36.36,1,0.58,51,0,15.38,0,0.00,99,2,0.40,1.17,87,18,99,95,0,0,0,0,0,57,72,84,84,0,99,81,58,58,0,0,59,27,0,0
Luka Capan,31,797151600,1995/04/06,Bundesliga,2026/2027,Defender,Ried,0,0,0,Croatia,0,0,0,0,0,0,0,0,0,0,0,0,0,0,0,0,0,0,0,0,0,0,0,0,0,0,0,0,0,0,0,-1,-1,-1,-1,N/A,N/A,N/A,N/A,N/A,N/A,N/A,N/A,N/A,N/A,N/A,N/A,N/A,N/A,N/A,N/A,N/A,N/A,N/A,N/A,N/A,N/A,N/A,N/A,N/A,N/A,N/A,N/A,N/A,N/A,N/A,N/A,N/A,N/A,N/A,N/A,N/A,N/A,N/A,N/A,N/A,N/A,N/A,N/A,N/A,N/A,N/A,N/A,N/A,N/A,N/A,N/A,N/A,N/A,N/A,N/A,N/A,N/A,N/A,N/A,N/A,N/A,N/A,N/A,N/A,N/A,N/A,N/A,N/A,N/A,N/A,N/A,N/A,N/A,N/A,N/A,N/A,N/A,N/A,N/A,N/A,N/A,N/A,N/A,N/A,N/A,N/A,N/A,N/A,N/A,N/A,N/A,N/A,N/A,N/A,N/A,N/A,N/A,N/A,N/A,N/A,N/A,N/A,N/A,N/A,N/A,N/A,N/A,N/A,N/A,N/A,N/A,N/A,N/A,N/A,N/A,N/A,N/A,N/A,N/A,N/A,N/A,N/A,N/A,N/A,N/A,N/A,N/A,N/A,N/A,N/A,N/A,N/A,N/A,N/A,N/A,N/A,N/A,N/A,N/A,N/A,N/A,N/A,N/A,N/A,N/A,N/A,N/A,N/A,N/A,N/A,N/A,N/A,N/A,N/A,N/A,N/A,N/A,N/A,N/A,N/A,N/A,N/A,N/A,N/A,N/A,N/A,N/A,N/A,N/A,N/A,N/A,N/A,N/A,N/A,N/A,N/A,N/A,N/A,N/A,N/A,N/A,N/A,N/A,N/A,N/A,N/A,N/A,N/A,N/A,N/A,N/A,N/A,N/A,N/A,N/A,N/A,N/A,N/A,N/A,N/A,N/A,N/A,N/A,N/A,N/A,N/A,N/A,N/A,N/A,N/A,N/A,N/A,N/A,N/A,N/A,N/A,N/A,N/A,N/A,N/A,N/A,N/A,N/A
Luka Maric,24,1027062000,2002/07/19,Bundesliga,2026/2027,Goalkeeper,Hartberg,0,0,0,Austria,0,0,0,0,0,0,0,0,0,0,0,0,0,0,0,0,0,0,0,0,0,0,0,0,0,0,0,0,0,0,0,-1,-1,-1,-1,N/A,N/A,N/A,N/A,N/A,N/A,N/A,N/A,N/A,N/A,N/A,N/A,N/A,N/A,N/A,N/A,N/A,N/A,N/A,N/A,N/A,N/A,N/A,N/A,N/A,N/A,N/A,N/A,N/A,N/A,N/A,N/A,N/A,N/A,N/A,N/A,N/A,N/A,N/A,N/A,N/A,N/A,N/A,N/A,N/A,N/A,N/A,N/A,N/A,N/A,N/A,N/A,N/A,N/A,N/A,N/A,N/A,N/A,N/A,N/A,N/A,N/A,N/A,N/A,N/A,N/A,N/A,N/A,N/A,N/A,N/A,N/A,N/A,N/A,N/A,N/A,N/A,N/A,N/A,N/A,N/A,N/A,N/A,N/A,N/A,N/A,N/A,N/A,N/A,N/A,N/A,N/A,N/A,N/A,N/A,N/A,N/A,N/A,N/A,N/A,N/A,N/A,N/A,N/A,N/A,N/A,N/A,N/A,N/A,N/A,N/A,N/A,N/A,N/A,N/A,N/A,N/A,N/A,N/A,N/A,N/A,N/A,N/A,N/A,N/A,N/A,N/A,N/A,N/A,N/A,N/A,N/A,N/A,N/A,N/A,N/A,N/A,N/A,N/A,N/A,N/A,N/A,N/A,N/A,N/A,N/A,N/A,N/A,N/A,N/A,N/A,N/A,N/A,N/A,N/A,N/A,N/A,N/A,N/A,N/A,N/A,N/A,N/A,N/A,N/A,N/A,N/A,N/A,N/A,N/A,N/A,N/A,N/A,N/A,N/A,N/A,N/A,N/A,N/A,N/A,N/A,N/A,N/A,N/A,N/A,N/A,N/A,N/A,N/A,N/A,N/A,N/A,N/A,N/A,N/A,N/A,N/A,N/A,N/A,N/A,N/A,N/A,N/A,N/A,N/A,N/A,N/A,N/A,N/A,N/A,N/A,N/A,N/A,N/A,N/A,N/A,N/A,N/A,N/A,N/A,N/A,N/A,N/A,N/A
Lukas Gütlbauer,25,976089600,2000/12/06,Bundesliga,2026/2027,Goalkeeper,Wolfsberger AC,270,90,180,Austria,3,1,2,0,0,0,0,0,0,0,0,1,0,1,5,3,2,0,0,0,0,0,0,0,0,1.67,54,90,0,0,0,-1,-1,-1,13,0,6.96,0,74,44.00,44.00,70,132,21.00,63,1,21.00,31,0.00,0.00,0.00,0,0.00,0.00,0.00,0.00,0,0.00,0.00,0.00,0.00,4.33,0.00,0.33,6.00,0.00,0.00,0.00,0.33,0.00,0.00,0.00,0.00,0.33,0.00,0.00,0,0,,0,0.00,18,0,0.00,41,0,0.00,23,0,0,3,16,0.00,99,0,0,0.00,26,0,54,0.00,27,0,0.00,99,0,0.00,0,0,0.00,0,0.00,21,1,0.33,26,1,0.33,100.00,0,0.00,0,13,56,4.33,88,18,0.00,31,6.00,99,N/A,N/A,N/A,N/A,72.22,0,0.00,0,0.00,0.00,0,47.73,0.00,41,99,0.00,0.00,0,42,99,0,0,9,0.00,0.00,0,53,20.88,1.67,1.67,5,0,0.00,0.00,99,0.00,0,0,0,0.00,0.00,2,0.67,0.67,0.00,0.00,0,0,0.00,71,46,24,72,38,0.14,17,0.05,0.05,0.00,19,0.00,0.00,18,0,0.00,0.00,0.00,0.00,19,0,0.00,18,71,51,86,50,75,21,0,0.00,99,1,0.00,0.33,0.67,0.67,2,2,7,5,0.67,0.67,100.00,0,0.00,99,0,0.00,0,0.00,99,0,0.00,0.00,54,50,49,34,0,0,0,0,0,57,72,84,84,0,99,59,58,58,0,0,59,1,0,0
Lukas Hinterseer,35,670147200,1991/03/28,Bundesliga,2026/2027,Forward,Wattens,287,171,116,Austria,5,2,3,0,0,0,0,0,0,0,0,2,0,2,7,4,3,0,0,0,0,0,0,0,0,2.2,41,57,0,0,0,68,78,-1,19,0,6.35,0,74,18.50,11.80,17,59,7.40,37,9,11.60,11,0.00,0.00,0.80,4,0.00,0.20,2.20,1.40,7,0.00,0.80,0.00,0.00,0.00,0.40,0.20,1.40,0.00,1.88,0.80,1.40,0.00,0.40,0.10,0.00,1.40,0.00,0.00,0,0,,6,1.20,70,2,0.63,71,4,1.25,73,1,2,3,78,0.00,99,0,2,0.63,48,1,54,0.31,35,0,0.00,99,0,0.00,0,0,0.00,0,1.25,72,7,2.20,76,1,0.31,14.29,0,0.00,0,0,0,0.00,0,7,0.00,15,2.20,78,N/A,N/A,N/A,N/A,0.00,0,0.00,0,0.48,0.00,0,62.71,33.33,71,64,0.20,0.31,1,41,35,0,1,0,0.00,0.00,0,53,31.75,0.40,0.63,2,0,0.00,0.00,99,0.00,0,1,1,0.20,0.31,0,0.00,0.00,0.31,0.20,1,0,0.00,71,50,93,72,22,0.27,33,0.05,0.08,-0.22,0,-0.04,-0.07,47,2,0.40,0.63,1.88,1.20,88,6,0.15,61,10,24,94,0,83,83,0,0.00,99,7,0.00,2.20,12.86,8.20,41,17,69,87,5.33,3.40,41.46,4,1.25,24,0,0.00,0,0.00,99,0,0.00,0.00,54,50,86,77,0,0,0,0,0,57,72,84,84,0,99,81,58,58,0,0,59,16,0,0
Lukas Ibertsberger,23,1060153200,2003/08/06,Bundesliga,2026/2027,Defender,Austria Lustenau,27,27,0,Austria,1,1,0,0,0,0,0,0,0,0,0,0,0,0,0,0,0,0,0,0,0,0,0,0,0,0,0,27,0,0,0,-1,-1,-1,9,0,6.54,0,74,26.67,8.00,26,8,4.00,4,2,13.33,15,0.00,0.00,0.00,0,0.00,0.00,3.33,1.00,1,0.00,0.00,0.00,0.00,0.00,1.00,0.00,0.00,0.00,0.00,0.00,0.00,0.00,0.00,0.00,0.00,0.00,0.00,0.00,0,0,,0,0.00,18,0,0.00,41,0,0.00,23,0,1,0,95,0.00,99,0,1,3.33,99,0,54,0.00,27,0,0.00,99,0,0.00,0,0,0.00,0,0.00,21,0,0.00,19,0,0.00,0.00,0,0.00,0,0,0,0.00,0,0,0.00,99,0.00,0,N/A,N/A,N/A,N/A,0.00,0,0.00,0,0.00,0.00,0,50.00,0.00,41,0,1.00,3.33,1,33,33,0,0,0,0.00,0.00,0,53,6.54,2.00,6.67,2,0,0.00,0.00,99,0.00,0,0,0,0.00,0.00,0,0.00,0.00,0.00,0.00,0,0,0.00,71,0,3,72,7,0.01,5,0.01,0.03,0.00,19,0.00,0.00,18,0,0.00,0.00,0.00,0.00,19,0,0.00,18,21,93,86,0,75,15,0,0.00,99,0,0.00,0.00,13.33,4.00,4,1,32,90,3.33,1.00,25.00,0,0.00,99,0,0.00,0,0.00,99,0,0.00,0.00,54,4,74,34,0,0,0,0,0,57,72,84,84,0,99,29,58,58,0,0,59,26,0,0
Lukas Jäger,32,761040000,1994/02/12,Bundesliga,2026/2027,Defender,Rheindorf Altach,450,180,270,Austria,5,2,3,0,0,0,0,0,0,0,0,0,0,0,7,2,5,1,0,0,0,0,0,0,0,1.4,64,90,450,0,0.2,41,65,28,17,0,6.57,0,74,49.20,49.20,78,246,42.80,214,75,42.80,79,0.00,0.00,0.20,1,0.00,0.40,1.40,1.40,7,0.00,0.20,0.00,0.00,0.00,1.00,0.00,1.60,0.00,0.40,0.40,0.80,0.00,0.00,0.02,0.00,1.20,0.00,0.00,0,0,,2,0.40,26,0,0.00,41,2,0.40,35,0,0,5,51,0.00,99,0,5,1.00,67,2,95,0.40,38,0,0.00,99,0,0.00,0,0,0.00,0,0.20,25,4,0.80,41,0,0.00,0.00,0,0.00,0,0,0,0.00,0,8,0.00,44,1.60,58,N/A,N/A,N/A,N/A,0.00,0,0.00,0,0.09,0.00,0,86.99,0.00,41,44,0.60,0.60,3,33,33,0,0,0,1.00,1.00,5,94,32.84,5.40,5.40,27,0,0.00,0.00,99,0.00,0,0,0,0.00,0.00,0,0.00,0.00,0.00,0.00,0,0,0.00,71,95,93,72,50,0.57,54,0.11,0.11,0.09,26,0.02,0.02,30,2,0.40,0.40,1.20,1.20,74,6,0.02,26,25,89,86,0,75,56,0,0.00,99,6,0.00,1.20,6.80,6.80,34,15,28,29,3.00,3.00,44.12,1,0.20,75,0,50.00,0,0.00,99,1,0.20,0.20,59,97,49,34,0,0,0,0,0,57,72,84,84,0,99,29,99,63,1,20,79,17,0,0
Lukas Jungwirth,22,1083308400,2004/04/30,Bundesliga,2026/2027,Goalkeeper,LASK Linz,450,270,180,Austria,5,3,2,0,0,0,0,0,0,0,0,3,2,1,2,1,1,0,0,0,0,0,0,0,0,0.4,225,90,0,0,0,66,70,2,9,0,6.68,0,74,24.40,24.40,22,122,18.60,93,35,18.60,25,0.00,0.00,0.00,0,0.00,0.00,0.00,0.00,0,0.00,0.00,0.00,0.00,1.20,0.00,0.00,1.60,0.00,0.00,0.00,0.00,0.00,0.00,0.00,0.00,0.00,0.00,0.00,0,0,,0,0.00,18,0,0.00,41,0,0.00,23,0,0,5,16,0.00,99,0,0,0.00,26,0,54,0.00,27,0,0.00,99,0,0.00,0,0,0.00,0,0.00,21,0,0.00,19,0,0.00,0.00,0,0.00,0,6,81,1.20,12,8,0.00,90,1.60,58,N/A,N/A,N/A,N/A,75.00,0,0.00,0,0.00,0.00,0,76.23,0.00,41,99,0.00,0.00,0,33,33,0,0,4,0.00,0.00,0,53,33.38,1.00,1.00,5,0,0.00,0.00,99,0.00,0,0,0,0.00,0.00,2,0.40,0.40,0.00,0.00,0,0,0.00,71,95,93,72,97,0.20,9,0.04,0.04,0.00,19,0.00,0.00,18,0,0.00,0.00,0.00,0.00,19,0,0.00,18,36,37,86,25,75,15,0,0.00,99,0,0.00,0.00,0.00,0.00,0,0,3,2,0.00,0.00,0.00,0,0.00,99,0,0.00,0,0.00,99,0,0.00,0.00,54,97,49,34,0,0,0,0,0,57,72,84,84,0,99,95,58,58,0,0,59,1,0,0
Lukas Malicsek,27,928652400,1999/06/06,Bundesliga,2026/2027,Midfielder,Ried,452,196,256,Austria,6,3,3,0,0,0,0,0,0,0,0,1,1,0,11,3,8,2,0,0,0,0,0,0,0,2.19,41,75,226,0,0.4,42,55,-1,11,0,6.48,0,74,43.90,36.67,69,220,32.83,197,85,39.31,73,0.00,0.00,0.50,3,0.00,0.67,2.00,1.67,10,0.00,0.33,0.00,0.00,0.00,0.50,0.00,1.83,0.00,0.60,0.33,0.00,0.00,0.17,0.04,0.00,0.17,0.00,0.00,0,0,,3,0.50,34,1,0.20,48,2,0.40,35,1,1,5,74,0.00,99,0,3,0.60,47,4,76,0.80,50,0,0.00,99,0,0.00,0,0,0.00,0,0.60,41,0,0.00,19,0,0.00,0.00,0,0.00,0,0,0,0.00,0,11,0.00,15,2.20,78,N/A,N/A,N/A,N/A,0.00,0,0.00,0,0.26,0.00,0,89.55,33.33,71,35,0.67,0.80,4,33,33,0,0,0,0.33,0.40,2,72,38.91,3.33,3.99,20,1,0.00,0.20,5,0.17,0,0,0,0.00,0.00,0,0.00,0.00,0.00,0.00,0,0,0.00,71,96,99,72,22,0.47,43,0.08,0.09,0.26,41,0.04,0.05,44,3,0.50,0.60,1.80,1.50,87,9,0.05,41,14,78,86,0,75,17,0,0.00,99,1,0.00,0.20,7.78,6.50,39,14,24,38,2.79,2.33,35.90,2,0.40,61,0,25.00,0,0.00,99,1,0.17,0.20,59,97,74,77,0,0,0,0,0,57,72,84,84,0,99,34,81,81,2,33,90,4,0,0
Lukas Spendlhofer,33,739004400,1993/06/02,Bundesliga,2026/2027,Defender,Hartberg,180,180,0,Austria,2,2,0,0,0,0,0,0,0,0,0,0,0,0,4,4,0,0,0,0,0,0,0,0,0,2,45,90,0,0,0,-1,-1,-1,8,0,6.76,0,74,56.00,56.00,85,112,47.50,95,68,47.50,82,0.00,0.00,0.00,0,0.00,0.50,1.50,1.50,3,0.00,0.00,0.00,0.00,0.00,2.50,0.00,2.00,0.00,0.00,0.00,0.00,0.00,0.00,0.00,0.00,1.00,0.00,0.00,0,0,,0,0.00,18,0,0.00,41,0,0.00,23,0,0,2,55,0.00,99,0,5,2.50,98,1,54,0.50,40,0,0.00,99,0,0.00,0,0,0.00,0,0.00,21,0,0.00,19,0,0.00,0.00,0,0.00,0,0,0,0.00,0,4,0.00,22,2.00,71,N/A,N/A,N/A,N/A,0.00,0,0.00,0,0.00,0.00,0,84.82,0.00,41,50,0.50,0.50,1,33,33,0,0,0,2.00,2.00,4,99,13.52,4.50,4.50,9,0,0.00,0.00,99,0.00,0,0,0,0.00,0.00,0,0.00,0.00,0.00,0.00,0,0,0.00,71,26,11,72,29,0.17,43,0.09,0.09,0.00,19,0.00,0.00,18,0,0.00,0.00,1.00,1.00,64,2,0.00,18,47,84,86,0,75,52,0,0.00,99,2,0.00,1.00,5.00,5.00,10,5,20,14,2.50,2.50,50.00,0,0.00,99,0,0.00,0,0.00,99,0,0.00,0.00,54,34,49,34,0,0,0,0,0,57,72,84,84,0,99,29,58,58,0,0,59,19,0,0
Magnus Dalpiaz,19,1171958400,2007/02/20,Bundesliga,2026/2027,Defender,Hartberg,57,24,33,Germany,2,1,1,0,0,0,0,0,0,0,0,0,0,0,0,0,0,0,0,0,0,0,0,0,0,0,0,29,0,0,0,-1,-1,-1,9,0,6.62,0,74,22.11,7.00,19,14,4.50,9,12,14.21,18,0.00,0.00,0.00,0,0.00,0.00,3.16,1.00,2,0.00,0.00,0.00,0.00,0.00,0.00,1.00,0.00,0.00,0.00,0.00,1.00,0.00,0.00,0.00,0.00,0.50,0.00,0.00,0,0,,0,0.00,18,0,0.00,41,0,0.00,23,0,2,0,94,0.00,99,0,0,0.00,26,0,54,0.00,27,0,0.00,99,0,0.00,0,0,0.00,0,0.00,21,2,3.16,87,2,3.16,100.00,0,0.00,0,0,0,0.00,0,0,0.00,99,0.00,0,N/A,N/A,N/A,N/A,0.00,0,0.00,0,0.00,0.00,0,64.29,0.00,41,8,0.50,1.58,1,98,99,0,0,0,0.00,0.00,0,53,13.25,0.50,1.58,1,0,0.00,0.00,99,0.00,0,0,0,0.00,0.00,0,0.00,0.00,0.00,0.00,0,0,0.00,71,0,11,72,7,0.02,5,0.01,0.03,0.00,19,0.00,0.00,18,0,0.00,0.00,0.00,0.00,19,0,0.00,18,31,50,86,0,75,69,0,0.00,99,1,0.00,1.58,11.05,3.50,7,5,95,78,7.89,2.50,71.43,0,0.00,99,0,0.00,0,0.00,99,0,0.00,0.00,54,4,86,34,0,0,0,0,0,57,72,84,84,0,99,29,58,58,0,0,59,16,0,0
Manfred Fischer,31,807692400,1995/08/06,Bundesliga,2026/2027,Midfielder,Austria Wien,269,106,163,Austria,5,2,3,1,0,1,1,0,1,0,0,1,0,1,6,2,4,0,0,0.67,0.33,0.33,0,0.55,269,2.01,45,54,0,269,0,-1,-1,-1,3,0,6.82,0.2,91,37.81,22.60,58,113,17.40,87,37,29.11,53,0.00,0.00,0.60,3,0.00,1.00,0.33,0.20,1,0.00,0.60,0.00,0.00,0.00,0.60,0.40,1.20,5.00,1.67,0.60,0.80,0.00,0.40,0.20,0.00,1.40,0.00,0.00,0,0,,5,1.00,66,2,0.67,72,3,1.00,63,0,3,2,19,0.00,99,0,3,1.00,67,5,54,1.67,66,0,0.00,99,0,0.00,0,0,0.00,0,1.00,59,4,1.34,56,2,0.67,50.00,0,0.00,0,0,0,0.00,0,6,0.00,19,2.01,72,N/A,N/A,N/A,N/A,0.00,0,0.00,0,0.99,0.00,0,76.99,40.00,77,27,0.60,1.00,3,61,63,0,0,0,0.00,0.00,0,53,34.11,0.60,1.00,3,0,0.00,0.00,99,0.00,0,0,0,0.00,0.00,0,0.00,0.00,0.00,0.00,0,0,20.00,88,44,93,88,29,0.87,85,0.17,0.29,0.99,81,0.20,0.33,18,0,0.00,0.00,1.67,1.00,84,5,0.33,81,54,37,86,0,75,85,0,0.00,99,7,0.00,2.34,7.36,4.40,22,10,33,35,3.35,2.00,45.45,3,1.00,34,0,0.00,0,0.00,99,0,0.00,0.00,54,34,95,34,0,0,0,0,0,89,84,93,84,0,99,45,58,58,0,0,59,30,0,0
Manoël Louis-Philippe Verhaeghe,18,1206428400,2008/03/25,Bundesliga,2026/2027,Defender,LASK Linz,1,0,1,Belgium,1,0,1,0,0,0,0,0,0,0,0,1,0,1,0,0,0,0,0,0,0,0,0,0,0,0,0,1,0,0,0,-1,-1,-1,12,0,0.00,0,74,90.00,1.00,98,1,1.00,1,99,90.00,99,0.00,0.00,0.00,0,0.00,0.00,0.00,0.00,0,0.00,0.00,0.00,0.00,0.00,0.00,0.00,0.00,0.00,0.00,0.00,0.00,0.00,0.00,0.00,0.00,0.00,0.00,0.00,0,0,,0,0.00,18,0,0.00,41,0,0.00,23,0,1,0,16,0.00,99,0,0,0.00,26,0,54,0.00,27,0,0.00,99,0,0.00,0,0,0.00,0,0.00,21,0,0.00,19,0,0.00,0.00,0,0.00,0,0,0,0.00,0,0,0.00,99,0.00,0,N/A,N/A,N/A,N/A,0.00,0,0.00,0,0.00,0.00,0,100.00,0.00,41,99,0.00,0.00,0,33,33,0,0,0,0.00,0.00,0,53,0.00,0.00,0.00,0,0,0.00,0.00,99,0.00,0,0,0,0.00,0.00,0,0.00,0.00,0.00,0.00,0,0,0.00,71,0,3,72,7,0.00,0,0.00,0.00,0.00,19,0.00,0.00,18,0,0.00,0.00,0.00,0.00,19,0,0.00,18,0,7,86,0,75,15,0,0.00,99,0,0.00,0.00,0.00,0.00,0,0,3,2,0.00,0.00,0.00,0,0.00,99,0,0.00,0,0.00,99,0,0.00,0.00,54,4,74,34,0,0,0,0,0,57,72,84,84,0,99,99,58,58,0,0,59,21,0,0
Manuel Pfeifer,27,936946800,1999/09/10,Bundesliga,2026/2027,Defender,Hartberg,88,88,0,Austria,1,1,0,0,0,0,0,0,0,0,0,0,0,0,2,2,0,0,0,0,0,0,0,0,0,2.05,44,88,0,0,0,-1,-1,-1,22,0,6.89,0,74,18.41,18.00,15,18,13.00,13,25,13.30,15,0.00,0.00,0.00,0,0.00,1.00,3.07,3.00,3,0.00,0.00,0.00,0.00,0.00,1.00,0.00,2.00,0.00,2.05,1.00,1.00,0.00,1.00,0.15,0.00,5.00,0.00,0.00,0,0,,2,2.00,74,1,1.02,84,1,1.02,65,1,0,1,94,0.00,99,0,1,1.02,70,1,54,1.02,55,0,0.00,99,0,0.00,0,0,0.00,0,0.00,21,1,1.02,50,0,0.00,0.00,0,0.00,0,0,0,0.00,0,2,0.00,18,2.05,73,N/A,N/A,N/A,N/A,0.00,0,0.00,0,0.15,0.00,0,72.22,50.00,90,99,0.00,0.00,0,33,33,0,0,0,0.00,0.00,0,53,6.89,4.00,4.09,4,0,0.00,0.00,99,0.00,0,0,0,0.00,0.00,0,0.00,0.00,1.02,1.00,1,0,0.00,71,7,3,72,25,0.02,1,0.02,0.02,0.15,61,0.15,0.15,70,1,1.00,1.02,2.05,2.00,91,2,0.15,61,62,81,86,0,97,99,0,0.00,99,5,0.00,5.11,13.30,13.00,13,9,99,89,9.20,9.00,69.23,0,0.00,99,0,0.00,0,0.00,99,0,0.00,0.00,54,18,49,77,0,0,0,0,0,57,72,84,84,0,99,29,58,58,0,0,59,12,0,0
Marc Striednig,20,1141027200,2006/02/27,Bundesliga,2026/2027,Midfielder,Wattens,281,90,191,Austria,4,1,3,1,0,1,0,0,0,0,0,2,0,2,4,3,1,1,0,0.32,0,0.32,0,0.47,281,1.28,70,70,281,0,0.32,18,53,-1,3,0,6.91,0,74,54.13,42.25,83,169,38.25,153,89,49.00,85,0.00,0.00,0.25,1,0.00,0.00,2.56,2.00,8,0.00,1.00,0.00,0.00,0.00,0.75,0.25,1.00,6.00,1.92,0.75,0.25,0.00,0.75,0.28,0.00,0.00,0.00,0.00,0,0,,6,1.50,71,3,0.96,81,3,0.96,61,0,1,3,86,0.00,99,0,3,0.96,65,0,54,0.00,27,0,0.00,99,0,0.00,0,0,0.00,0,0.32,28,1,0.32,25,1,0.32,100.00,0,0.00,0,0,0,0.00,0,4,0.00,50,1.28,41,N/A,N/A,N/A,N/A,0.00,0,0.00,0,1.12,0.00,0,90.53,50.00,90,28,0.75,0.96,3,41,99,0,0,0,0.00,0.00,0,53,27.63,0.50,0.64,2,0,0.00,0.00,99,0.00,0,0,2,0.50,0.64,0,0.00,0.00,0.00,0.00,0,0,16.67,83,48,38,89,57,0.32,50,0.08,0.10,1.12,84,0.28,0.36,65,3,0.75,0.96,1.60,1.25,81,5,0.36,83,64,25,99,0,75,15,0,0.00,99,0,0.00,0.00,8.33,6.50,26,12,47,45,3.84,3.00,46.15,4,1.28,22,0,0.00,0,0.00,99,0,0.00,0.00,54,50,74,34,0,0,0,0,0,73,83,87,84,0,99,89,84,75,1,25,85,6,0,0
Marco Boras,25,970124400,2000/09/28,Bundesliga,2026/2027,Defender,Wattens,445,180,265,Germany,5,2,3,0,0,0,1,0,1,0,0,2,0,2,6,4,2,0,0,0.2,0.2,0,0,0,0,1.21,74,89,0,445,0,76,39,22,18,0,7.31,0.2,79,59.87,59.20,88,296,51.80,259,79,52.38,88,0.00,0.00,0.60,3,0.00,0.00,2.43,2.40,12,0.00,0.20,0.00,0.00,0.00,1.40,0.00,1.20,0.00,0.40,0.00,0.00,0.00,0.40,0.05,0.00,3.80,0.00,0.00,0,0,,2,0.40,26,2,0.40,61,0,0.00,23,1,0,5,84,0.00,99,0,7,1.42,85,0,54,0.00,27,0,0.00,99,0,0.00,0,0,0.00,0,0.61,41,0,0.00,19,0,0.00,0.00,0,0.00,0,0,0,0.00,0,6,0.00,56,1.21,37,N/A,N/A,N/A,N/A,0.00,0,0.00,0,0.24,0.00,0,87.50,100.00,99,72,0.20,0.20,1,33,33,0,0,0,0.60,0.61,3,83,36.53,8.40,8.49,42,0,0.00,0.00,99,0.00,0,0,0,0.00,0.00,0,0.00,0.00,0.00,0.00,0,0,0.00,71,83,93,72,62,1.24,80,0.25,0.25,0.24,41,0.05,0.05,69,5,1.00,1.01,0.61,0.60,43,3,0.05,41,92,99,86,0,75,95,0,0.00,99,19,0.00,3.84,9.91,9.80,49,36,93,64,7.28,7.20,73.47,1,0.20,75,0,0.00,0,0.00,99,0,0.00,0.00,54,97,49,77,0,0,0,0,0,64,72,84,84,0,99,81,58,58,0,0,59,23,0,0
Marco Schabauer,20,1129878000,2005/10/21,Bundesliga,2026/2027,Midfielder,Wolfsberger AC,236,190,46,Austria,4,3,1,0,0,0,0,0,0,0,0,1,1,0,3,1,2,1,0,0,0,0,0,0,0,1.14,79,59,236,0,0.38,-1,-1,-1,18,0,6.56,0,74,15.25,10.00,9,40,6.75,27,15,10.30,7,0.00,0.00,0.25,1,0.00,0.50,1.53,1.00,4,0.00,0.25,0.00,0.00,0.00,0.50,0.25,0.75,0.00,1.53,0.75,0.25,0.00,0.25,0.07,0.00,1.00,0.00,0.00,0,0,,4,1.00,63,1,0.38,57,3,1.14,68,1,0,4,58,0.00,99,0,2,0.76,55,2,54,0.76,48,0,0.00,99,0,0.00,0,0,0.00,0,0.38,30,1,0.38,27,1,0.38,100.00,0,0.00,0,0,0,0.00,0,3,0.00,63,1.14,30,N/A,N/A,N/A,N/A,0.00,0,0.00,0,0.26,0.00,0,67.50,25.00,59,36,0.50,0.76,2,44,99,0,0,0,0.00,0.00,0,53,26.24,0.75,1.14,3,0,0.00,0.00,99,0.00,0,0,0,0.00,0.00,0,0.00,0.00,0.00,0.00,0,0,0.00,71,37,38,72,70,0.09,5,0.02,0.03,0.26,55,0.07,0.10,18,0,0.00,0.00,2.29,1.50,93,6,0.10,54,24,41,86,0,75,68,0,0.00,99,4,0.00,1.53,8.01,5.25,21,9,36,39,3.43,2.25,42.86,1,0.38,64,0,0.00,0,0.00,99,0,0.00,0.00,54,65,49,77,0,0,0,0,0,57,72,84,84,0,99,51,82,77,1,25,85,17,0,0
Marco Sulzner,23,1057129200,2003/07/02,Bundesliga,2026/2027,Midfielder,Wolfsberger AC,450,270,180,Austria,5,3,2,0,0,0,0,0,0,0,0,2,1,1,6,4,2,2,0,0,0,0,0,0,0,1.2,75,90,225,0,0.4,111,111,-1,17,0,6.55,0,74,34.00,34.00,48,170,22.80,114,15,22.80,37,0.00,0.00,0.00,0,0.00,0.40,2.40,2.40,12,0.00,0.80,0.00,0.00,0.00,0.40,0.20,1.20,0.00,0.60,0.60,1.00,0.00,0.00,0.03,0.00,1.80,0.00,0.00,0,0,,3,0.60,34,0,0.00,41,3,0.60,43,0,0,5,84,0.00,99,0,2,0.40,38,2,95,0.40,38,0,0.00,99,0,0.00,0,0,0.00,0,0.00,21,5,1.00,50,1,0.20,20.00,0,0.00,0,0,0,0.00,0,6,0.00,59,1.20,35,N/A,N/A,N/A,N/A,0.00,0,0.00,0,0.16,0.00,0,67.06,0.00,41,72,0.20,0.20,1,38,36,0,0,0,0.60,0.60,3,82,32.75,2.20,2.20,11,0,0.00,0.00,99,0.00,0,0,0,0.00,0.00,0,0.00,0.00,0.00,0.00,0,0,0.00,71,95,93,72,67,0.28,24,0.06,0.06,0.16,31,0.03,0.03,94,10,2.00,2.00,1.80,1.80,87,9,0.03,31,23,63,86,0,75,73,0,0.00,99,9,0.00,1.80,11.60,11.60,58,32,86,80,6.40,6.40,55.17,4,0.80,42,0,50.00,0,0.00,99,1,0.20,0.20,59,97,49,34,0,0,0,0,0,57,72,84,84,0,99,81,80,81,2,40,96,30,0,0
Marco Tilio,25,998550000,2001/08/23,Bundesliga,2026/2027,Forward,Rapid Wien,130,91,39,Australia,5,3,2,1,1,0,1,1,0,0,0,2,2,0,2,1,1,0,0,1.38,0.69,0.69,0.99,0,130,1.38,65,26,0,130,0,-1,-1,-1,6,0,6.89,0.2,97,29.08,8.40,34,42,7.00,35,60,24.23,42,0.00,0.00,1.00,5,0.00,0.40,2.77,0.80,4,0.00,0.20,0.00,0.00,0.00,0.00,0.40,0.60,5.00,3.46,0.40,0.60,0.00,0.60,0.22,0.00,0.00,0.00,0.00,0,0,,5,1.00,91,3,2.08,98,2,1.38,77,2,4,1,90,0.00,99,0,0,0.00,26,2,54,1.38,62,0,0.00,99,0,0.00,0,0,0.00,0,3.46,98,3,2.08,73,2,1.38,66.67,0,0.00,0,0,0,0.00,0,3,0.00,45,2.08,74,N/A,N/A,N/A,N/A,0.00,0,0.00,0,1.08,0.00,0,83.33,60.00,93,0,1.00,3.46,5,84,78,0,0,0,0.00,0.00,0,53,34.45,0.20,0.69,1,0,0.00,0.00,99,0.00,0,0,0,0.00,0.00,0,0.00,0.00,0.00,0.00,0,0,20.00,88,13,93,76,52,0.83,97,0.17,0.57,1.08,97,0.22,0.75,18,0,0.00,0.00,0.69,0.20,48,1,0.75,96,62,27,86,0,75,15,0,0.00,99,0,0.00,0.00,12.46,3.60,18,6,53,84,4.15,1.20,33.33,1,0.69,46,0,0.00,0,0.00,99,0,0.00,0.00,54,18,99,95,0,0,0,0,0,98,96,84,94,0,99,81,58,58,0,0,59,7,0,0
Mark Grosse,27,917856000,1999/02/01,Bundesliga,2026/2027,Midfielder,Grazer AK,111,84,27,Austria,4,2,2,0,0,0,0,0,0,0,0,1,1,0,1,1,0,0,0,0,0,0,0,0,0,0.81,111,28,0,0,0,-1,-1,-1,10,0,6.58,0,74,17.84,5.50,14,22,4.50,18,55,14.59,18,0.00,0.00,0.00,0,0.00,0.25,0.00,0.00,0,0.00,0.00,0.00,0.00,0.00,0.00,0.25,0.25,0.00,1.62,0.25,0.50,0.00,0.25,0.04,0.00,0.25,0.00,0.00,0,0,,2,0.50,64,1,0.81,76,1,0.81,55,1,3,1,16,0.00,99,0,0,0.00,26,1,54,0.81,51,0,0.00,99,0,0.00,0,0,0.00,0,0.00,21,2,1.62,63,1,0.81,50.00,0,0.00,0,0,0,0.00,0,1,0.00,76,0.81,17,N/A,N/A,N/A,N/A,0.00,0,0.00,0,0.17,0.00,0,81.82,50.00,90,99,0.00,0.00,0,67,63,0,0,0,0.00,0.00,0,53,26.33,0.50,1.62,2,0,0.00,0.00,99,0.00,0,0,0,0.00,0.00,0,0.00,0.00,0.00,0.00,0,0,0.00,71,12,38,72,83,0.04,5,0.01,0.03,0.17,59,0.04,0.14,88,2,0.50,1.62,2.43,0.75,95,3,0.14,59,26,50,86,0,75,47,0,0.00,99,1,0.00,0.81,6.49,2.00,8,4,32,25,3.24,1.00,50.00,0,0.00,99,0,0.00,0,0.00,99,0,0.00,0.00,54,18,95,77,0,0,0,0,0,57,72,84,84,0,99,51,58,58,0,0,59,11,0,0
Marko Raguz,28,897462000,1998/06/10,Bundesliga,2026/2027,Forward,Rheindorf Altach,143,44,99,Austria,4,1,3,0,0,0,0,0,0,0,0,0,0,0,3,0,3,0,0,0,0,0,0,0,0,1.89,48,36,0,0,0,-1,-1,-1,12,0,6.42,0,74,31.47,12.50,41,50,9.25,37,30,23.29,38,0.00,0.00,0.25,1,0.00,0.00,0.00,0.00,0,0.00,0.75,0.00,0.00,0.00,0.00,0.00,1.00,0.00,1.26,0.25,0.50,0.00,0.25,0.04,0.00,0.25,0.00,0.00,0,0,,2,0.50,57,1,0.63,71,1,0.63,45,1,3,1,16,0.00,99,0,0,0.00,26,0,54,0.00,27,0,0.00,99,0,0.00,0,0,0.00,0,0.63,42,2,1.26,54,0,0.00,0.00,0,0.00,0,0,0,0.00,0,4,0.00,25,2.52,86,N/A,N/A,N/A,N/A,0.00,0,0.00,0,0.18,0.00,0,74.00,50.00,90,99,0.00,0.00,0,33,33,0,0,0,0.00,0.00,0,53,25.68,0.25,0.63,1,0,0.00,0.00,99,0.00,0,0,0,0.00,0.00,0,0.00,0.00,0.00,0.00,0,0,0.00,71,16,38,72,32,0.11,29,0.03,0.07,0.18,56,0.04,0.11,47,1,0.25,0.63,0.63,0.25,44,1,0.11,56,11,24,86,0,75,37,0,0.00,99,1,0.00,0.63,6.92,2.75,11,2,9,30,1.26,0.50,18.18,3,1.89,9,0,0.00,0,0.00,99,0,0.00,0.00,54,18,95,77,0,0,0,0,0,57,72,84,84,0,99,29,58,58,0,0,59,9,0,0
Markus Pink,35,667382400,1991/02/24,Bundesliga,2026/2027,Forward,Wolfsberger AC,45,32,13,Austria,3,2,1,0,0,0,0,0,0,0,0,1,1,0,1,1,0,0,0,0,0,0,0,0,0,2,45,15,0,0,0,-1,-1,-1,10,0,6.48,0,74,12.27,2.00,3,6,1.33,4,14,8.18,4,0.00,0.00,0.00,0,0.00,0.00,0.00,0.00,0,0.00,0.33,0.00,0.00,0.00,0.00,0.33,0.33,0.00,2.05,0.33,0.33,0.00,0.00,0.02,0.00,0.67,0.00,0.00,0,0,,1,0.33,74,0,0.00,41,1,2.05,88,0,3,0,16,0.00,99,0,0,0.00,26,0,54,0.00,27,0,0.00,99,0,0.00,0,0,0.00,0,0.00,21,1,2.05,72,1,2.05,100.00,0,0.00,0,0,0,0.00,0,1,0.00,22,2.05,73,N/A,N/A,N/A,N/A,0.00,0,0.00,0,0.05,0.00,0,66.67,0.00,41,0,0.67,4.09,2,92,99,0,0,0,0.00,0.00,0,53,19.44,0.67,4.09,2,0,0.00,0.00,99,0.00,0,0,0,0.00,0.00,0,0.00,0.00,4.09,0.67,2,0,0.00,71,0,24,72,29,0.01,1,0.00,0.02,0.05,55,0.02,0.10,18,0,0.00,0.00,0.00,0.00,19,0,0.10,54,14,81,86,0,99,96,0,0.00,99,2,0.00,4.09,18.41,3.00,9,3,80,99,6.14,1.00,33.33,1,2.05,6,0,0.00,0,0.00,99,0,0.00,0.00,54,4,95,34,0,0,0,0,0,57,72,84,84,0,99,59,58,58,0,0,59,32,0,0
Martin Rasner,30,811407600,1995/09/18,Bundesliga,2026/2027,Midfielder,Ried,143,99,44,Austria,6,3,3,0,0,0,0,0,0,0,0,1,1,0,0,0,0,1,0,0,0,0,0,0,0,0,0,24,143,0,0.63,-1,-1,-1,12,0,6.69,0,74,43.75,11.67,68,70,9.83,59,65,36.88,70,0.00,0.00,0.50,3,0.00,0.17,1.88,0.50,3,0.00,0.17,0.00,0.00,0.00,0.33,0.50,0.00,0.00,2.50,0.50,0.50,0.00,0.17,0.05,0.00,0.50,0.00,0.00,0,0,,4,0.67,81,1,0.62,70,3,1.88,86,2,5,1,68,0.00,99,0,2,1.25,79,1,54,0.62,44,0,0.00,99,0,0.00,0,0,0.00,0,1.88,83,3,1.88,69,3,1.88,100.00,0,0.00,0,0,0,0.00,0,0,0.00,99,0.00,0,N/A,N/A,N/A,N/A,0.00,0,0.00,0,0.27,0.00,0,84.29,25.00,59,1,0.67,2.50,4,90,99,0,0,0,0.17,0.62,1,84,40.13,0.50,1.88,3,0,0.00,0.00,99,0.00,0,0,0,0.00,0.00,0,0.00,0.00,0.00,0.00,0,0,0.00,71,16,99,72,7,0.25,70,0.04,0.16,0.27,65,0.05,0.17,92,3,0.50,1.88,2.50,0.67,96,4,0.17,65,39,55,86,0,75,75,0,0.00,99,3,0.00,1.88,14.37,3.83,23,12,94,94,7.50,2.00,52.17,1,0.62,49,0,0.00,0,0.00,99,0,0.00,0.00,54,18,99,95,0,0,0,0,0,57,72,84,84,0,99,34,66,93,1,17,61,8,0,0
Matteo Kitz,19,1169280000,2007/01/20,Bundesliga,2026/2027,Defender,Wolfsberger AC,204,90,114,Austria,3,1,2,0,0,0,0,0,0,0,0,1,0,1,3,3,0,0,0,0,0,0,0,0,0,1.32,68,68,0,0,0,-1,-1,-1,9,0,7.08,0,74,24.71,18.67,23,56,16.33,49,79,21.62,32,0.00,0.00,0.33,1,0.00,0.00,3.53,2.67,8,0.00,0.00,0.00,0.00,0.00,0.67,0.33,1.00,0.00,0.00,0.00,0.33,0.00,0.00,0.00,0.00,2.67,0.00,0.00,0,0,,0,0.00,18,0,0.00,41,0,0.00,23,0,2,1,96,0.00,99,0,2,0.88,62,0,54,0.00,27,0,0.00,99,0,0.00,0,0,0.00,0,0.44,34,1,0.44,29,1,0.44,100.00,0,0.00,0,0,0,0.00,0,3,0.00,48,1.32,44,N/A,N/A,N/A,N/A,0.00,0,0.00,0,0.00,0.00,0,87.50,0.00,41,53,0.33,0.44,1,50,99,0,0,0,1.67,2.21,5,99,21.24,6.33,8.38,19,0,0.00,0.00,99,0.00,0,0,0,0.00,0.00,0,0.00,0.00,0.00,0.00,0,0,0.00,71,28,24,72,54,0.15,29,0.05,0.07,0.00,19,0.00,0.00,18,0,0.00,0.00,0.00,0.00,19,0,0.00,18,81,98,86,0,75,94,0,0.00,99,8,0.00,3.53,10.59,8.00,24,17,94,75,7.50,5.67,70.83,0,0.00,99,0,0.00,0,0.00,99,0,0.00,0.00,54,18,86,34,0,0,0,0,0,57,72,84,84,0,99,59,58,58,0,0,59,35,0,0
Matteo Schablas,21,1110787200,2005/03/14,Bundesliga,2026/2027,Defender,Austria Wien,94,4,90,Germany,2,1,1,0,0,0,0,0,0,0,0,0,0,0,4,0,4,2,0,0,0,0,0,0,0,3.83,24,47,47,0,1.91,-1,-1,-1,8,0,6.35,0,74,40.21,21.00,62,42,18.00,36,71,34.47,65,0.00,0.00,0.50,1,0.00,3.00,1.91,1.00,2,0.00,0.50,0.00,0.00,0.00,0.50,0.50,2.00,0.00,0.00,0.00,0.50,0.00,0.00,0.00,0.00,0.50,0.00,0.00,0,0,,0,0.00,18,0,0.00,41,0,0.00,23,0,1,1,70,0.00,99,0,1,0.96,65,6,95,5.74,93,0,0.00,99,0,0.00,0,0,0.00,0,0.96,57,1,0.96,47,1,0.96,100.00,0,0.00,0,0,0,0.00,0,4,0.00,3,3.83,92,N/A,N/A,N/A,N/A,0.00,0,0.00,0,0.00,0.00,0,85.71,0.00,41,99,0.00,0.00,0,73,99,0,0,0,0.00,0.00,0,53,12.69,1.50,2.87,3,0,0.00,0.00,99,0.00,0,0,0,0.00,0.00,0,0.00,0.00,0.96,0.50,1,0,0.00,71,10,11,72,10,0.13,60,0.07,0.12,0.00,19,0.00,0.00,18,0,0.00,0.00,3.83,2.00,98,4,0.00,18,10,69,86,0,97,50,0,0.00,99,1,0.00,0.96,8.62,4.50,9,4,47,49,3.83,2.00,44.44,1,0.96,37,0,50.00,0,0.00,99,3,1.50,2.87,99,18,74,34,0,0,0,0,0,57,72,84,84,0,99,29,59,99,2,100,99,21,0,0
Matthäus Taferner,25,980841600,2001/01/30,Bundesliga,2026/2027,Midfielder,Wattens,31,0,31,Austria,1,0,1,0,0,0,0,0,0,0,0,1,0,1,0,0,0,0,0,0,0,0,0,0,0,0,0,31,0,0,0,-1,-1,-1,22,0,6.68,0,74,40.65,14.00,62,14,12.00,12,71,34.84,66,0.00,0.00,0.00,0,0.00,0.00,2.90,1.00,1,0.00,1.00,0.00,0.00,0.00,0.00,1.00,0.00,0.00,5.81,2.00,2.00,0.00,0.00,0.09,0.00,0.00,0.00,0.00,0,0,,2,2.00,99,0,0.00,41,2,5.81,99,0,1,0,91,0.00,99,0,0,0.00,26,0,54,0.00,27,0,0.00,99,0,0.00,0,0,0.00,0,0.00,21,2,5.81,97,1,2.90,50.00,0,0.00,0,0,0,0.00,0,0,0.00,99,0.00,0,N/A,N/A,N/A,N/A,0.00,0,0.00,0,0.09,0.00,0,85.71,0.00,41,0,1.00,2.90,1,98,63,0,0,0,0.00,0.00,0,53,6.68,2.00,5.81,2,0,0.00,0.00,99,0.00,0,0,0,0.00,0.00,0,0.00,0.00,0.00,0.00,0,0,0.00,71,0,3,72,7,0.02,24,0.02,0.06,0.09,74,0.09,0.26,99,2,2.00,5.81,0.00,0.00,19,0,0.26,74,36,91,86,0,75,15,0,0.00,99,0,0.00,0.00,23.23,8.00,8,4,99,99,11.61,4.00,50.00,1,2.90,0,0,0.00,0,0.00,99,0,0.00,0.00,54,4,74,34,0,0,0,0,0,57,72,84,84,0,99,99,58,58,0,0,59,30,0,0
Matthias Gragger,24,1004774400,2001/11/03,Bundesliga,2026/2027,Defender,Grazer AK,233,30,203,Austria,4,1,3,0,0,0,0,0,0,0,0,0,0,0,11,0,11,0,0,0,0,0,0,0,0,4.25,21,58,0,0,0,-1,-1,-1,13,0,6.49,0,74,27.81,18.00,29,72,13.00,52,25,20.09,28,0.00,0.00,0.00,0,0.00,1.25,1.16,0.75,3,0.00,0.25,0.00,0.00,0.00,0.75,1.00,2.75,0.00,1.55,0.75,1.75,0.00,0.25,0.07,0.00,1.75,0.00,0.00,0,0,,4,1.00,64,1,0.39,58,3,1.16,69,0,2,2,42,0.00,99,0,3,1.16,75,5,65,1.93,70,0,0.00,99,0,0.00,0,0,0.00,0,0.00,21,7,2.70,84,4,1.55,57.14,0,0.00,0,0,0,0.00,0,11,0.00,1,4.25,93,N/A,N/A,N/A,N/A,0.00,0,0.00,0,0.28,0.00,0,72.22,25.00,59,2,1.50,2.32,6,85,67,0,0,0,0.25,0.39,1,71,25.94,0.50,0.77,2,0,0.00,0.00,99,0.00,0,0,0,0.00,0.00,0,0.00,0.00,0.00,0.00,0,0,0.00,71,36,38,72,8,0.11,9,0.03,0.04,0.28,56,0.07,0.11,53,2,0.50,0.77,1.55,1.00,80,4,0.11,56,17,29,86,0,75,89,0,0.00,99,7,0.00,2.70,12.36,8.00,32,16,82,84,6.18,4.00,50.00,1,0.39,62,0,20.00,0,0.00,99,1,0.25,0.39,70,34,86,34,0,0,0,0,0,57,72,84,84,0,99,29,58,58,0,0,59,48,0,0
Matthias Maak,34,705654000,1992/05/12,Bundesliga,2026/2027,Coach,Austria Lustenau,165,75,90,Austria,2,1,1,0,0,0,0,0,0,0,0,0,0,0,3,1,2,0,0,0,0,0,0,0,0,1.64,55,83,0,0,0,-1,-1,-1,15,0,6.69,0,74,37.09,34.00,56,68,27.00,54,47,29.45,55,0.00,0.00,0.00,0,0.00,0.00,0.00,0.00,0,0.00,0.00,0.00,0.00,0.00,1.50,0.00,1.50,0.00,0.55,0.50,0.00,0.00,0.00,0.03,0.00,2.50,0.00,0.00,0,0,,1,0.50,31,0,0.00,41,1,0.55,40,1,0,2,16,0.00,99,0,3,1.64,89,0,54,0.00,27,0,0.00,99,0,0.00,0,0,0.00,0,0.00,21,0,0.00,19,0,0.00,0.00,0,0.00,0,0,0,0.00,0,3,0.00,32,1.64,60,N/A,N/A,N/A,N/A,0.00,0,0.00,0,0.05,0.00,0,79.41,0.00,41,99,0.00,0.00,0,33,33,0,0,0,1.50,1.64,3,98,13.38,3.50,3.82,7,0,0.00,0.00,99,0.00,0,0,0,0.00,0.00,0,0.00,0.00,0.00,0.00,0,0,0.00,71,21,11,72,39,0.13,29,0.07,0.07,0.05,31,0.03,0.03,88,3,1.50,1.64,0.00,0.00,19,0,0.03,31,39,78,86,0,75,89,0,0.00,99,5,0.00,2.73,7.09,6.50,13,8,57,32,4.36,4.00,61.54,0,0.00,99,0,0.00,0,0.00,99,0,0.00,0.00,54,34,49,77,0,0,0,0,0,57,72,84,84,0,99,29,58,58,0,0,59,31,0,0
Matthias Postl,20,1127977200,2005/09/29,Bundesliga,2026/2027,Forward,Hartberg,46,0,46,Austria,1,0,1,0,0,0,0,0,0,0,0,0,0,0,0,0,0,0,0,0,0,0,0,0,0,0,0,46,0,0,0,-1,-1,-1,20,0,6.54,0,74,7.83,4.00,0,4,1.00,1,0,1.96,0,0.00,0.00,0.00,0,0.00,0.00,1.96,1.00,1,0.00,0.00,0.00,0.00,0.00,0.00,0.00,0.00,0.00,1.96,1.00,0.00,0.00,0.00,0.04,0.00,0.00,0.00,0.00,0,0,,1,1.00,71,0,0.00,41,1,1.96,87,2,0,1,70,0.00,99,0,0,0.00,26,0,54,0.00,27,0,0.00,99,0,0.00,0,0,0.00,0,0.00,21,0,0.00,19,0,0.00,0.00,0,0.00,0,0,0,0.00,0,0,0.00,99,0.00,0,N/A,N/A,N/A,N/A,0.00,0,0.00,0,0.04,0.00,0,25.00,0.00,41,99,0.00,0.00,0,33,33,0,0,0,1.00,1.96,1,98,6.54,1.00,1.96,1,0,0.00,0.00,99,0.00,0,0,0,0.00,0.00,0,0.00,0.00,0.00,0.00,0,0,0.00,71,0,3,72,7,0.00,0,0.00,0.00,0.04,50,0.04,0.08,92,1,1.00,1.96,0.00,0.00,19,0,0.08,50,21,55,86,0,75,15,0,0.00,99,0,0.00,0.00,9.78,5.00,5,2,49,64,3.91,2.00,40.00,0,0.00,99,0,0.00,0,0.00,99,0,0.00,0.00,54,18,49,95,0,0,0,0,0,57,72,84,84,0,99,29,58,58,0,0,59,8,0,0
Matthias Seidl,25,980323200,2001/01/24,Bundesliga,2026/2027,Midfielder,Rapid Wien,377,197,180,Austria,5,3,2,1,0,1,2,2,0,0,0,2,2,0,5,0,5,0,0,0.72,0.48,0.24,0,0.5,377,1.19,75,75,0,189,0,26,4,-1,7,0,7.50,0.4,95,88.33,74.00,98,370,69.40,347,96,82.84,98,0.00,0.00,0.60,3,0.00,0.80,2.39,2.00,10,0.00,0.40,0.00,0.00,0.00,1.40,0.20,1.20,9.00,2.15,1.40,0.20,0.00,0.40,0.24,0.00,0.20,0.00,0.00,0,0,,9,1.80,76,2,0.48,64,7,1.67,83,0,1,4,82,0.00,99,0,7,1.67,89,4,76,0.95,53,0,0.00,99,0,0.00,0,0,0.00,0,0.72,47,1,0.24,24,1,0.24,100.00,0,0.00,0,0,0,0.00,0,6,0.00,60,1.43,47,N/A,N/A,N/A,N/A,0.00,0,0.00,0,1.20,0.00,0,93.78,22.22,49,28,0.80,0.95,4,38,99,0,0,0,0.00,0.00,0,53,37.49,0.20,0.24,1,0,0.00,0.00,99,0.00,0,0,1,0.20,0.24,0,0.00,0.00,0.00,0.00,0,0,11.11,75,67,93,93,67,2.00,96,0.40,0.48,1.20,77,0.24,0.29,63,4,0.80,0.95,0.72,0.60,49,3,0.29,77,96,8,91,0,75,20,0,0.00,99,1,0.00,0.24,6.45,5.40,27,16,46,25,3.82,3.20,59.26,2,0.48,56,0,25.00,0,0.00,99,1,0.20,0.24,63,65,74,34,0,0,0,0,0,91,79,90,84,0,99,81,58,58,0,0,59,18,0,0
Maurits Kjaergaard,23,1056610800,2003/06/26,Bundesliga,2026/2027,Midfielder,Salzburg,136,0,136,Denmark,2,0,2,0,0,0,0,0,0,0,0,1,0,1,0,0,0,0,0,0,0,0,0,0,0,0,0,68,0,0,0,-1,-1,-1,15,0,7.03,0,74,60.22,45.50,89,91,41.00,82,88,54.26,91,0.00,0.00,0.50,1,0.00,5.00,0.66,0.50,1,0.00,1.50,0.00,0.00,0.00,0.50,0.00,0.00,0.00,3.31,1.50,1.00,0.00,1.00,0.20,0.00,0.00,0.00,0.00,0,0,,5,2.50,90,2,1.32,91,3,1.99,88,1,0,2,25,0.00,99,0,1,0.66,49,10,56,6.62,96,0,0.00,99,0,0.00,0,0,0.00,0,0.66,43,2,1.32,55,0,0.00,0.00,0,0.00,0,0,0,0.00,0,0,0.00,99,0.00,0,N/A,N/A,N/A,N/A,0.00,0,0.00,0,0.41,0.00,0,90.11,40.00,77,99,0.00,0.00,0,33,33,0,0,0,0.00,0.00,0,53,14.05,0.00,0.00,0,0,0.00,0.00,99,0.00,0,0,0,0.00,0.00,0,0.00,0.00,0.00,0.00,0,0,0.00,71,14,11,72,7,0.20,63,0.10,0.13,0.41,75,0.20,0.27,48,1,0.50,0.66,0.66,0.50,45,1,0.27,75,78,7,86,0,75,15,0,0.00,99,0,0.00,0.00,5.96,4.50,9,2,10,21,1.32,1.00,22.22,3,1.99,8,0,10.00,0,0.00,99,1,0.50,0.66,77,34,49,77,0,0,0,0,0,57,72,84,84,0,99,89,58,58,0,0,59,14,0,0
Maximilian Jus,21,1114066800,2005/04/21,Bundesliga,2026/2027,Forward,Grazer AK,0,0,0,Austria,0,0,0,0,0,0,0,0,0,0,0,0,0,0,0,0,0,0,0,0,0,0,0,0,0,0,0,0,0,0,0,-1,-1,-1,-1,N/A,N/A,N/A,N/A,N/A,N/A,N/A,N/A,N/A,N/A,N/A,N/A,N/A,N/A,N/A,N/A,N/A,N/A,N/A,N/A,N/A,N/A,N/A,N/A,N/A,N/A,N/A,N/A,N/A,N/A,N/A,N/A,N/A,N/A,N/A,N/A,N/A,N/A,N/A,N/A,N/A,N/A,N/A,N/A,N/A,N/A,N/A,N/A,N/A,N/A,N/A,N/A,N/A,N/A,N/A,N/A,N/A,N/A,N/A,N/A,N/A,N/A,N/A,N/A,N/A,N/A,N/A,N/A,N/A,N/A,N/A,N/A,N/A,N/A,N/A,N/A,N/A,N/A,N/A,N/A,N/A,N/A,N/A,N/A,N/A,N/A,N/A,N/A,N/A,N/A,N/A,N/A,N/A,N/A,N/A,N/A,N/A,N/A,N/A,N/A,N/A,N/A,N/A,N/A,N/A,N/A,N/A,N/A,N/A,N/A,N/A,N/A,N/A,N/A,N/A,N/A,N/A,N/A,N/A,N/A,N/A,N/A,N/A,N/A,N/A,N/A,N/A,N/A,N/A,N/A,N/A,N/A,N/A,N/A,N/A,N/A,N/A,N/A,N/A,N/A,N/A,N/A,N/A,N/A,N/A,N/A,N/A,N/A,N/A,N/A,N/A,N/A,N/A,N/A,N/A,N/A,N/A,N/A,N/A,N/A,N/A,N/A,N/A,N/A,N/A,N/A,N/A,N/A,N/A,N/A,N/A,N/A,N/A,N/A,N/A,N/A,N/A,N/A,N/A,N/A,N/A,N/A,N/A,N/A,N/A,N/A,N/A,N/A,N/A,N/A,N/A,N/A,N/A,N/A,N/A,N/A,N/A,N/A,N/A,N/A,N/A,N/A,N/A,N/A,N/A,N/A,N/A,N/A,N/A,N/A,N/A,N/A,N/A,N/A,N/A,N/A,N/A,N/A,N/A,N/A,N/A,N/A,N/A,N/A
Melayro Bogarde,24,1022569200,2002/05/28,Bundesliga,2026/2027,Midfielder,LASK Linz,230,112,118,Netherlands,5,3,2,1,0,1,2,2,0,0,0,3,2,1,2,1,1,0,0,1.17,0.78,0.39,0,0.76,230,0.78,115,46,0,115,0,-1,-1,-1,4,0,6.94,0.4,98,54.78,28.00,83,140,24.40,122,76,47.74,83,0.00,0.00,1.00,5,0.00,0.20,3.13,1.60,8,0.00,0.20,0.00,0.00,0.00,0.40,0.20,0.40,3.00,1.17,0.40,1.00,0.00,0.20,0.16,0.00,0.20,0.00,0.00,0,0,,3,0.60,55,1,0.39,58,2,0.78,52,1,3,2,94,0.00,99,0,2,0.78,55,1,99,0.39,37,0,0.00,99,0,0.00,0,0,0.00,0,1.96,84,5,1.96,70,1,0.39,20.00,0,0.00,0,0,0,0.00,0,2,0.00,77,0.78,16,N/A,N/A,N/A,N/A,0.00,0,0.00,0,0.82,0.00,0,87.14,33.33,71,17,0.60,1.17,3,45,36,0,0,0,0.00,0.00,0,53,34.71,0.20,0.39,1,0,0.00,0.00,99,0.00,0,0,0,0.00,0.00,0,0.00,0.00,0.00,0.00,0,0,33.33,96,35,93,87,84,1.56,98,0.31,0.61,0.82,80,0.16,0.32,75,3,0.60,1.17,2.35,1.20,94,6,0.32,80,69,14,86,0,75,24,0,0.00,99,1,0.00,0.39,10.17,5.20,26,12,61,69,4.70,2.40,46.15,1,0.39,62,0,100.00,0,0.00,99,1,0.20,0.39,70,34,95,77,0,0,0,0,0,97,85,97,84,0,99,95,58,58,0,0,59,6,0,0
Michael Neuner,19,1160636400,2006/10/12,Bundesliga,2026/2027,Defender,Wattens,0,0,0,Germany,0,0,0,0,0,0,0,0,0,0,0,0,0,0,0,0,0,0,0,0,0,0,0,0,0,0,0,0,0,0,0,-1,-1,-1,-1,N/A,N/A,N/A,N/A,N/A,N/A,N/A,N/A,N/A,N/A,N/A,N/A,N/A,N/A,N/A,N/A,N/A,N/A,N/A,N/A,N/A,N/A,N/A,N/A,N/A,N/A,N/A,N/A,N/A,N/A,N/A,N/A,N/A,N/A,N/A,N/A,N/A,N/A,N/A,N/A,N/A,N/A,N/A,N/A,N/A,N/A,N/A,N/A,N/A,N/A,N/A,N/A,N/A,N/A,N/A,N/A,N/A,N/A,N/A,N/A,N/A,N/A,N/A,N/A,N/A,N/A,N/A,N/A,N/A,N/A,N/A,N/A,N/A,N/A,N/A,N/A,N/A,N/A,N/A,N/A,N/A,N/A,N/A,N/A,N/A,N/A,N/A,N/A,N/A,N/A,N/A,N/A,N/A,N/A,N/A,N/A,N/A,N/A,N/A,N/A,N/A,N/A,N/A,N/A,N/A,N/A,N/A,N/A,N/A,N/A,N/A,N/A,N/A,N/A,N/A,N/A,N/A,N/A,N/A,N/A,N/A,N/A,N/A,N/A,N/A,N/A,N/A,N/A,N/A,N/A,N/A,N/A,N/A,N/A,N/A,N/A,N/A,N/A,N/A,N/A,N/A,N/A,N/A,N/A,N/A,N/A,N/A,N/A,N/A,N/A,N/A,N/A,N/A,N/A,N/A,N/A,N/A,N/A,N/A,N/A,N/A,N/A,N/A,N/A,N/A,N/A,N/A,N/A,N/A,N/A,N/A,N/A,N/A,N/A,N/A,N/A,N/A,N/A,N/A,N/A,N/A,N/A,N/A,N/A,N/A,N/A,N/A,N/A,N/A,N/A,N/A,N/A,N/A,N/A,N/A,N/A,N/A,N/A,N/A,N/A,N/A,N/A,N/A,N/A,N/A,N/A,N/A,N/A,N/A,N/A,N/A,N/A,N/A,N/A,N/A,N/A,N/A,N/A,N/A,N/A,N/A,N/A,N/A,N/A
Michael Olakigbe,22,1082876400,2004/04/25,Bundesliga,2026/2027,Forward,Wattens,438,175,263,Nigeria,5,2,3,2,1,1,1,0,1,0,0,2,0,2,7,4,3,1,0,0.62,0.21,0.41,0.51,0.34,219,1.44,63,88,438,438,0.21,16,30,-1,1,0,6.99,0.2,80,18.70,18.20,17,91,13.00,65,25,13.36,15,0.00,0.00,1.20,6,0.00,1.40,0.62,0.60,3,0.00,1.60,0.00,0.00,0.00,0.80,2.60,1.40,5.00,2.05,1.20,4.80,0.00,0.80,0.40,0.00,0.20,0.00,0.00,0,0,,10,2.00,74,4,0.82,76,6,1.23,73,2,0,5,25,0.00,99,0,4,0.82,58,7,58,1.44,63,0,0.00,99,0,0.00,0,0,0.00,0,1.23,71,24,4.93,96,13,2.67,54.17,0,0.00,0,0,0,0.00,0,7,0.00,40,1.44,48,N/A,N/A,N/A,N/A,0.00,0,0.00,0,1.98,0.00,0,71.43,40.00,77,32,0.80,0.82,4,98,64,0,0,0,0.00,0.00,0,53,34.96,0.20,0.21,1,0,0.00,0.00,99,0.00,0,0,0,0.00,0.00,0,0.00,0.00,0.21,0.20,1,0,20.00,88,79,93,86,48,0.95,75,0.19,0.20,1.98,87,0.40,0.41,31,2,0.40,0.41,0.41,0.40,27,2,0.41,85,75,7,86,0,78,18,0,0.00,99,1,0.00,0.21,9.45,9.20,46,19,49,62,3.90,3.80,41.30,8,1.64,14,0,14.29,0,0.00,99,1,0.20,0.21,59,97,49,95,0,0,0,0,0,87,86,86,89,0,99,81,95,66,1,20,79,17,0,0
Miguel Freckleton,23,1060153200,2003/08/06,Bundesliga,2026/2027,Defender,LASK Linz,27,26,1,England,2,1,1,0,0,0,0,0,0,0,0,2,1,1,0,0,0,0,0,0,0,0,0,0,0,0,0,14,0,0,0,-1,-1,-1,14,0,3.34,0,74,96.67,14.50,99,29,13.00,26,85,86.67,99,0.00,0.00,0.00,0,0.00,0.00,0.00,0.00,0,0.00,0.00,0.00,0.00,0.00,0.50,0.00,0.00,0.00,0.00,0.00,0.00,0.00,0.00,0.00,0.00,0.00,0.00,0.00,0,0,,0,0.00,18,0,0.00,41,0,0.00,23,0,2,0,16,0.00,99,0,1,3.33,99,0,54,0.00,27,0,0.00,99,0,0.00,0,0,0.00,0,0.00,21,0,0.00,19,0,0.00,0.00,0,0.00,0,0,0,0.00,0,0,0.00,99,0.00,0,N/A,N/A,N/A,N/A,0.00,0,0.00,0,0.00,0.00,0,89.66,0.00,41,99,0.00,0.00,0,33,33,0,0,0,0.00,0.00,0,53,6.68,0.50,3.33,1,0,0.00,0.00,99,0.00,0,0,0,0.00,0.00,0,0.00,0.00,0.00,0.00,0,0,0.00,71,0,11,72,7,0.05,70,0.03,0.17,0.00,19,0.00,0.00,18,0,0.00,0.00,0.00,0.00,19,0,0.00,18,0,72,86,0,75,15,0,0.00,99,0,0.00,0.00,0.00,0.00,0,0,3,2,0.00,0.00,0.00,0,0.00,99,0,0.00,0,0.00,99,0,0.00,0.00,54,4,86,34,0,0,0,0,0,57,72,84,84,0,99,99,58,58,0,0,59,3,0,0
Mike-Steven Bähre,31,808038000,1995/08/10,Bundesliga,2026/2027,Midfielder,Rheindorf Altach,450,180,270,Germany,5,2,3,0,0,0,0,0,0,0,0,0,0,0,7,2,5,0,0,0,0,0,0,0,0,1.4,64,90,0,0,0,60,60,-1,18,0,6.84,0,74,57.20,57.20,87,286,51.00,255,83,51.00,87,0.00,0.00,0.20,1,0.00,0.20,2.60,2.60,13,0.00,1.20,0.00,0.00,0.00,1.20,1.40,1.60,0.00,0.60,0.40,2.20,0.00,0.20,0.05,0.00,0.80,0.00,0.00,0,0,,3,0.60,34,1,0.20,48,2,0.40,35,0,0,5,87,0.00,99,0,6,1.20,77,1,54,0.20,29,0,0.00,99,0,0.00,0,0,0.00,0,0.20,25,11,2.20,76,7,1.40,63.64,0,0.00,0,0,0,0.00,0,8,0.00,44,1.60,58,N/A,N/A,N/A,N/A,0.00,0,0.00,0,0.23,0.00,0,89.16,33.33,71,10,1.40,1.40,7,85,70,0,0,0,0.20,0.20,1,59,34.19,0.80,0.80,4,0,0.00,0.00,99,0.00,0,0,0,0.00,0.00,0,0.00,0.00,0.00,0.00,0,0,0.00,71,95,93,72,50,0.55,54,0.11,0.11,0.23,41,0.05,0.05,84,7,1.40,1.40,0.80,0.80,53,4,0.05,41,57,30,86,0,75,46,0,0.00,99,4,0.00,0.80,10.80,10.80,54,30,80,77,6.00,6.00,55.56,6,1.20,25,0,0.00,0,0.00,99,0,0.00,0.00,54,97,49,34,0,0,0,0,0,57,72,84,84,0,99,29,58,58,0,0,59,8,0,0
Mirko Kos,29,860828400,1997/04/12,Bundesliga,2026/2027,Goalkeeper,Austria Wien,0,0,0,Austria,0,0,0,0,0,0,0,0,0,0,0,0,0,0,0,0,0,0,0,0,0,0,0,0,0,0,0,0,0,0,0,-1,-1,-1,-1,N/A,N/A,N/A,N/A,N/A,N/A,N/A,N/A,N/A,N/A,N/A,N/A,N/A,N/A,N/A,N/A,N/A,N/A,N/A,N/A,N/A,N/A,N/A,N/A,N/A,N/A,N/A,N/A,N/A,N/A,N/A,N/A,N/A,N/A,N/A,N/A,N/A,N/A,N/A,N/A,N/A,N/A,N/A,N/A,N/A,N/A,N/A,N/A,N/A,N/A,N/A,N/A,N/A,N/A,N/A,N/A,N/A,N/A,N/A,N/A,N/A,N/A,N/A,N/A,N/A,N/A,N/A,N/A,N/A,N/A,N/A,N/A,N/A,N/A,N/A,N/A,N/A,N/A,N/A,N/A,N/A,N/A,N/A,N/A,N/A,N/A,N/A,N/A,N/A,N/A,N/A,N/A,N/A,N/A,N/A,N/A,N/A,N/A,N/A,N/A,N/A,N/A,N/A,N/A,N/A,N/A,N/A,N/A,N/A,N/A,N/A,N/A,N/A,N/A,N/A,N/A,N/A,N/A,N/A,N/A,N/A,N/A,N/A,N/A,N/A,N/A,N/A,N/A,N/A,N/A,N/A,N/A,N/A,N/A,N/A,N/A,N/A,N/A,N/A,N/A,N/A,N/A,N/A,N/A,N/A,N/A,N/A,N/A,N/A,N/A,N/A,N/A,N/A,N/A,N/A,N/A,N/A,N/A,N/A,N/A,N/A,N/A,N/A,N/A,N/A,N/A,N/A,N/A,N/A,N/A,N/A,N/A,N/A,N/A,N/A,N/A,N/A,N/A,N/A,N/A,N/A,N/A,N/A,N/A,N/A,N/A,N/A,N/A,N/A,N/A,N/A,N/A,N/A,N/A,N/A,N/A,N/A,N/A,N/A,N/A,N/A,N/A,N/A,N/A,N/A,N/A,N/A,N/A,N/A,N/A,N/A,N/A,N/A,N/A,N/A,N/A,N/A,N/A,N/A,N/A,N/A,N/A,N/A,N/A
Moegamat Yusuf Maart,31,805964400,1995/07/17,Bundesliga,2026/2027,Midfielder,Ried,535,270,265,South Africa,6,3,3,0,0,0,1,1,0,0,0,1,1,0,11,3,8,0,0,0.17,0.17,0,0,0,0,1.85,49,89,0,535,0,55,43,-1,13,0,7.01,0.17,74,53.16,52.67,82,316,45.83,275,75,46.26,82,0.00,0.00,1.50,9,0.00,4.17,0.84,0.83,5,0.00,0.67,0.00,0.00,0.00,0.83,1.17,1.83,0.00,1.01,0.83,1.83,0.00,0.17,0.07,0.00,0.67,0.00,0.00,0,0,,6,1.00,52,1,0.17,42,5,0.84,56,3,0,6,31,0.00,99,0,5,0.84,60,25,70,4.21,88,0,0.00,99,0,0.00,0,0,0.00,0,1.51,76,11,1.85,68,7,1.18,63.64,0,0.00,0,0,0,0.00,0,11,0.00,26,1.85,66,N/A,N/A,N/A,N/A,0.00,0,0.00,0,0.43,0.00,0,87.03,16.67,46,50,0.50,0.50,3,79,70,0,0,0,0.33,0.34,2,69,42.07,1.17,1.18,7,0,0.00,0.00,99,0.00,0,0,0,0.00,0.00,0,0.00,0.00,0.00,0.00,0,0,0.00,71,98,99,72,37,1.52,81,0.25,0.26,0.43,48,0.07,0.07,69,6,1.00,1.01,0.50,0.50,33,3,0.07,47,76,43,86,0,75,41,0,0.00,99,4,0.00,0.67,6.06,6.00,36,20,34,22,3.36,3.33,55.56,4,0.67,48,0,24.00,0,0.00,99,6,1.00,1.01,84,99,49,99,0,0,0,0,0,58,72,84,84,0,99,34,58,58,0,0,59,6,0,0
Moritz Oswald,24,1010217600,2002/01/05,Bundesliga,2026/2027,Midfielder,Wattens,180,0,180,Austria,2,0,2,0,0,0,0,0,0,0,0,2,0,2,0,0,0,1,0,0,0,0,0,0,0,0,0,90,180,0,0.5,-1,-1,-1,8,0,6.89,0,74,48.00,48.00,75,96,45.00,90,95,45.00,81,0.00,0.00,0.00,0,0.00,0.00,2.50,2.50,5,0.00,0.50,0.00,0.00,0.00,1.00,0.00,0.00,0.00,0.00,0.00,2.50,0.00,0.00,0.00,0.00,0.00,0.00,0.00,0,0,,0,0.00,18,0,0.00,41,0,0.00,23,0,0,2,85,0.00,99,0,2,1.00,67,0,54,0.00,27,0,0.00,99,0,0.00,0,0,0.00,0,0.00,21,5,2.50,81,0,0.00,0.00,0,0.00,0,0,0,0.00,0,0,0.00,99,0.00,0,N/A,N/A,N/A,N/A,0.00,0,0.00,0,0.00,0.00,0,93.75,0.00,41,99,0.00,0.00,0,33,33,0,0,0,0.00,0.00,0,53,13.78,3.00,3.00,6,0,0.00,0.00,99,0.00,0,0,0,0.00,0.00,0,0.00,0.00,0.00,0.00,0,0,0.00,71,26,11,72,7,0.18,43,0.09,0.09,0.00,19,0.00,0.00,86,3,1.50,1.50,0.50,0.50,33,1,0.00,18,62,70,86,0,75,15,0,0.00,99,0,0.00,0.00,7.00,7.00,14,8,50,31,4.00,4.00,57.14,1,0.50,54,0,0.00,0,0.00,99,0,0.00,0.00,54,34,49,34,0,0,0,0,0,57,72,84,84,0,99,99,75,85,1,50,97,28,0,0
Moritz Wels,21,1096095600,2004/09/25,Bundesliga,2026/2027,Forward,Austria Wien,57,0,57,Austria,1,0,1,0,0,0,0,0,0,0,0,0,0,0,2,0,2,0,0,0,0,0,0,0,0,3.16,29,57,0,0,0,-1,-1,-1,11,0,6.53,0,74,7.89,5.00,0,5,4.00,4,50,6.32,0,0.00,0.00,0.00,0,0.00,1.00,0.00,0.00,0,0.00,0.00,0.00,0.00,0.00,0.00,0.00,2.00,0.00,0.00,0.00,0.00,0.00,0.00,0.00,0.00,3.00,0.00,0.00,0,0,,0,0.00,18,0,0.00,41,0,0.00,23,3,0,1,16,0.00,99,0,0,0.00,26,1,54,1.58,65,0,0.00,99,0,0.00,0,0,0.00,0,0.00,21,0,0.00,19,0,0.00,0.00,0,0.00,0,0,0,0.00,0,2,0.00,4,3.16,90,N/A,N/A,N/A,N/A,0.00,0,0.00,0,0.00,0.00,0,80.00,0.00,41,99,0.00,0.00,0,33,33,0,0,0,0.00,0.00,0,53,6.53,0.00,0.00,0,0,0.00,0.00,99,0.00,0,0,0,0.00,0.00,0,0.00,0.00,0.00,0.00,0,0,0.00,71,0,3,72,11,0.01,1,0.01,0.02,0.00,19,0.00,0.00,87,1,1.00,1.58,1.58,1.00,80,1,0.00,18,21,7,86,0,75,98,0,0.00,99,3,0.00,4.74,12.63,8.00,8,4,84,85,6.32,4.00,50.00,0,0.00,99,0,0.00,0,0.00,99,0,0.00,0.00,54,18,49,99,0,0,0,0,0,57,72,84,84,0,99,29,58,58,0,0,59,37,0,0
Moses Usor,24,1012896000,2002/02/05,Bundesliga,2026/2027,Forward,LASK Linz,283,167,116,Nigeria,5,3,2,2,1,1,3,2,1,0,0,3,2,1,2,1,1,1,0,1.59,0.95,0.64,0.54,0.78,142,0.64,142,57,283,94,0.32,6,2,-1,3,0,7.51,0.6,99,24.23,17.50,22,70,14.50,58,59,20.08,27,0.00,0.00,2.25,9,0.00,5.25,0.69,0.50,2,0.00,1.75,0.00,0.00,0.00,0.50,1.25,0.50,7.00,4.85,2.25,1.75,0.00,1.25,0.56,0.00,0.00,0.00,0.00,0,0,,14,3.50,97,5,1.73,96,9,3.12,96,1,2,3,26,0.00,99,0,2,0.69,52,21,69,7.27,97,0,0.00,99,0,0.00,0,0,0.00,0,3.12,96,7,2.42,80,5,1.73,71.43,0,0.00,0,0,0,0.00,0,2,0.00,81,0.69,12,N/A,N/A,N/A,N/A,0.00,0,0.00,0,2.24,0.00,0,82.86,35.71,72,99,0.00,0.00,0,88,80,0,1,0,0.25,0.35,1,69,30.05,0.00,0.00,0,0,0.00,0.00,99,0.00,0,1,1,0.25,0.35,0,0.00,0.00,0.35,0.25,1,0,14.29,81,49,93,78,88,2.07,99,0.52,0.72,1.54,93,0.39,0.53,50,2,0.50,0.69,1.04,0.75,67,3,0.78,97,96,7,96,0,86,15,0,0.00,99,0,0.00,0.00,8.65,6.25,25,9,29,50,3.12,2.25,36.00,7,2.42,3,0,23.81,0,0.00,99,5,1.25,1.73,96,50,86,77,0,0,0,0,0,99,94,98,89,0,99,95,84,75,1,20,79,8,0,0
Moulaye Haïdara,20,1154415600,2006/08/01,Bundesliga,2026/2027,Forward,Rapid Wien,208,110,98,Mali,5,3,2,1,0,1,0,0,0,0,0,2,2,0,6,1,5,0,0,0.43,0,0.43,0,0.92,208,2.6,35,42,0,0,0,-1,-1,-1,8,0,6.87,0,74,26.83,12.40,27,62,9.40,47,34,20.34,29,0.00,0.00,0.40,2,0.00,0.80,1.30,0.60,3,0.00,0.80,0.00,0.00,0.00,0.40,0.80,1.20,6.00,2.60,0.80,1.20,0.00,0.40,0.21,0.00,0.40,0.00,0.00,0,0,,6,1.20,83,2,0.87,78,4,1.73,84,3,3,2,47,0.00,99,0,2,0.87,61,4,54,1.73,68,0,0.00,99,0,0.00,0,0,0.00,0,0.87,52,6,2.60,82,4,1.73,66.67,0,0.00,0,0,0,0.00,0,6,0.00,7,2.60,89,N/A,N/A,N/A,N/A,0.00,0,0.00,0,1.04,0.00,0,75.81,33.33,71,54,0.20,0.43,1,88,78,0,0,0,0.20,0.43,1,75,34.35,0.40,0.87,2,0,0.00,0.00,99,0.00,0,0,1,0.20,0.43,0,0.00,0.00,0.87,0.40,2,1,16.67,83,29,93,85,14,0.21,43,0.04,0.09,1.04,92,0.21,0.45,58,2,0.40,0.87,0.43,0.20,29,1,0.45,89,60,32,99,0,94,48,0,0.00,99,2,0.00,0.87,9.09,4.20,21,11,62,55,4.76,2.20,52.38,4,1.73,12,0,0.00,0,0.00,99,0,0.00,0.00,54,34,95,99,0,0,0,0,0,80,87,99,84,0,99,81,58,58,0,0,59,43,0,0
Murat Şatin,30,841388400,1996/08/30,Bundesliga,2026/2027,Midfielder,Wattens,382,136,246,Turkey,5,2,3,0,0,0,0,0,0,0,0,2,0,2,5,3,2,0,0,0,0,0,0,0,0,1.18,76,76,0,0,0,77,79,-1,21,0,6.75,0,74,34.87,29.60,49,148,24.80,124,63,29.21,54,0.00,0.00,0.80,4,0.00,1.40,2.12,1.80,9,0.00,0.80,0.00,0.00,0.00,0.80,0.80,1.00,0.00,0.24,0.20,0.80,0.00,0.00,0.01,0.00,0.60,0.00,0.00,0,0,,1,0.20,19,0,0.00,41,1,0.24,25,2,0,5,75,0.00,99,0,4,0.94,63,7,90,1.65,66,0,0.00,99,0,0.00,0,0,0.00,0,0.94,55,4,0.94,47,4,0.94,100.00,0,0.00,0,0,0,0.00,0,5,0.00,61,1.18,33,N/A,N/A,N/A,N/A,0.00,0,0.00,0,0.06,0.00,0,83.78,0.00,41,17,1.00,1.18,5,72,99,0,0,0,0.40,0.47,2,76,33.73,1.20,1.41,6,0,0.00,0.00,99,0.00,0,0,0,0.00,0.00,0,0.00,0.00,0.47,0.40,2,0,0.00,71,69,93,72,68,0.39,43,0.08,0.09,0.06,21,0.01,0.01,51,3,0.60,0.71,0.47,0.40,31,2,0.01,20,44,47,86,0,89,43,0,0.00,99,3,0.00,0.71,7.07,6.00,30,18,55,32,4.24,3.60,60.00,4,0.94,38,0,42.86,0,0.00,99,3,0.60,0.71,78,97,49,95,0,0,0,0,0,57,72,84,84,0,99,81,58,58,0,0,59,11,0,0
Naël Mamadou Lamine Kane,20,1144825200,2006/04/12,Bundesliga,2026/2027,Midfielder,LASK Linz,27,25,2,Canada,4,3,1,0,0,0,0,0,0,0,0,2,2,0,0,0,0,0,0,0,0,0,0,0,0,0,0,7,0,0,0,-1,-1,-1,10,0,6.48,0,74,50.00,3.75,79,15,2.75,11,28,36.67,69,0.00,0.00,0.25,1,0.00,0.75,6.67,0.50,2,0.00,1.00,0.00,0.00,0.00,0.00,0.00,0.00,0.00,6.67,0.00,0.25,0.00,0.50,0.07,0.00,0.00,0.00,0.00,0,0,,2,0.50,99,2,6.67,99,0,0.00,23,0,4,0,99,0.00,99,0,0,0.00,26,3,88,10.00,99,0,0.00,99,0,0.00,0,0,0.00,0,3.33,97,1,3.33,89,0,0.00,0.00,0,0.00,0,0,0,0.00,0,0,0.00,99,0.00,0,N/A,N/A,N/A,N/A,0.00,0,0.00,0,0.29,0.00,0,73.33,100.00,99,99,0.00,0.00,0,33,33,0,0,0,0.00,0.00,0,53,25.91,0.00,0.00,0,0,0.00,0.00,99,0.00,0,0,0,0.00,0.00,0,0.00,0.00,3.33,0.25,1,0,0.00,71,0,38,72,7,0.07,78,0.02,0.23,0.29,99,0.07,0.97,99,2,0.50,6.67,6.67,0.50,99,2,0.97,99,14,7,86,0,99,15,0,0.00,99,0,0.00,0.00,43.33,3.25,13,4,99,99,13.33,1.00,30.77,4,13.33,0,0,33.33,0,0.00,99,1,0.25,3.33,99,4,99,34,0,0,0,0,0,57,72,84,84,0,99,89,58,58,0,0,59,45,0,0
Nelson Felix Patrick Weiper,21,1111046400,2005/03/17,Bundesliga,2026/2027,Forward,Sturm Graz,160,101,59,Germany,4,2,2,2,0,2,0,0,0,0,0,2,1,1,1,0,1,1,0,1.13,0,1.13,0,3.05,80,0.56,160,40,160,0,0.56,-1,-1,-1,1,0,6.92,0,74,14.62,6.50,6,26,5.25,21,52,11.81,12,0.00,0.00,0.50,2,0.00,0.00,0.00,0.00,0,0.00,1.25,0.00,0.00,0.00,0.25,0.25,0.25,3.50,3.94,1.25,0.75,0.00,0.50,0.42,0.00,0.25,0.00,0.00,0,0,,7,1.75,95,2,1.12,85,5,2.81,95,1,3,1,16,0.00,99,0,1,0.56,44,0,54,0.00,27,0,0.00,99,0,0.00,0,0,0.00,0,1.12,64,3,1.69,64,1,0.56,33.33,0,0.00,0,0,0,0.00,0,1,0.00,84,0.56,10,N/A,N/A,N/A,N/A,0.00,0,0.00,0,1.67,0.00,0,80.77,28.57,62,99,0.00,0.00,0,56,46,0,0,0,0.25,0.56,1,79,27.70,0.50,1.12,2,0,0.00,0.00,99,0.00,0,0,0,0.00,0.00,0,0.00,0.00,0.56,0.25,1,0,28.57,93,19,38,74,90,0.11,24,0.03,0.06,1.67,99,0.42,0.94,18,0,0.00,0.00,2.25,1.00,92,4,0.94,99,66,40,86,0,90,34,0,0.00,99,1,0.00,0.56,10.69,4.75,19,2,8,76,1.12,0.50,10.53,5,2.81,1,0,0.00,0,0.00,99,0,0.00,0.00,54,18,95,77,0,1,0,25,0,96,99,99,84,0,99,89,71,89,1,25,85,44,0,0
Nemanja Celic,27,925110000,1999/04/26,Bundesliga,2026/2027,Midfielder,Wattens,232,134,98,Austria,5,2,3,0,0,0,0,0,0,0,0,2,0,2,4,2,2,1,0,0,0,0,0,0,0,1.55,58,46,232,0,0.39,-1,-1,-1,16,0,5.27,0,74,36.31,18.80,53,94,13.40,67,24,25.88,47,0.00,0.00,0.40,2,0.00,0.80,1.55,0.80,4,0.00,0.40,0.00,0.00,0.00,0.60,0.40,0.80,0.00,0.00,0.00,0.40,0.00,0.00,0.00,0.00,0.60,0.00,0.00,0,0,,0,0.00,18,0,0.00,41,0,0.00,23,1,3,2,58,0.00,99,0,3,1.16,75,4,97,1.55,65,0,0.00,99,0,0.00,0,0,0.00,0,0.77,48,2,0.77,39,2,0.77,100.00,0,0.00,0,0,0,0.00,0,4,0.00,35,1.55,54,N/A,N/A,N/A,N/A,0.00,0,0.00,0,0.00,0.00,0,71.28,0.00,41,8,0.80,1.55,4,66,99,0,0,0,0.20,0.39,1,71,26.33,1.80,3.48,9,0,0.00,0.00,99,0.00,0,0,0,0.00,0.00,0,0.00,0.00,0.00,0.00,0,0,0.00,71,36,93,72,42,0.24,43,0.05,0.09,0.00,19,0.00,0.00,53,2,0.40,0.77,0.77,0.40,51,2,0.00,18,4,75,86,0,75,54,0,0.00,99,3,0.00,1.16,7.34,3.80,19,10,48,34,3.86,2.00,52.63,2,0.77,43,0,75.00,0,0.00,99,3,0.60,1.16,86,34,95,77,0,0,0,0,0,57,72,84,84,0,99,81,81,77,1,20,79,43,0,0
Nenad Cvetković,30,820915200,1996/01/06,Bundesliga,2026/2027,Defender,Rapid Wien,350,260,90,Serbia,4,3,1,1,1,0,0,0,0,0,0,2,2,0,5,1,4,1,0,0.26,0,0.26,0.35,0,350,1.29,70,88,350,0,0.26,21,56,25,5,0,7.30,0,74,60.94,59.25,90,237,55.50,222,95,57.09,93,0.00,0.00,0.25,1,0.00,0.00,1.03,1.00,4,0.00,0.25,0.00,0.00,0.00,1.75,0.25,1.50,4.00,1.03,0.50,0.25,0.00,0.50,0.23,0.00,2.25,0.00,0.00,0,0,,4,1.00,53,2,0.51,67,2,0.51,39,2,0,4,38,0.00,99,0,7,1.80,92,0,54,0.00,27,0,0.00,99,0,0.00,0,0,0.00,0,0.26,26,1,0.26,25,1,0.26,100.00,0,0.00,0,0,0,0.00,0,6,0.00,50,1.54,54,N/A,N/A,N/A,N/A,0.00,0,0.00,0,0.94,0.00,0,93.67,50.00,90,67,0.25,0.26,1,40,99,0,0,0,1.00,1.03,4,94,29.19,7.25,7.46,29,0,0.00,0.00,99,0.00,0,0,1,0.25,0.26,0,0.00,0.00,0.00,0.00,0,0,25.00,92,60,38,91,57,0.46,60,0.12,0.12,0.94,72,0.23,0.24,36,2,0.50,0.51,0.77,0.75,51,3,0.24,72,92,95,93,0,75,84,0,0.00,99,9,0.00,2.31,5.91,5.75,23,16,53,19,4.11,4.00,69.57,1,0.26,69,0,0.00,0,0.00,99,0,0.00,0.00,54,65,49,95,0,0,0,0,0,70,82,84,86,0,99,89,88,72,1,25,85,55,0,0
Nermin Mesic,20,1138003200,2006/01/23,Bundesliga,2026/2027,Midfielder,Ried,0,0,0,Germany,0,0,0,0,0,0,0,0,0,0,0,0,0,0,0,0,0,0,0,0,0,0,0,0,0,0,0,0,0,0,0,-1,-1,-1,-1,N/A,N/A,N/A,N/A,N/A,N/A,N/A,N/A,N/A,N/A,N/A,N/A,N/A,N/A,N/A,N/A,N/A,N/A,N/A,N/A,N/A,N/A,N/A,N/A,N/A,N/A,N/A,N/A,N/A,N/A,N/A,N/A,N/A,N/A,N/A,N/A,N/A,N/A,N/A,N/A,N/A,N/A,N/A,N/A,N/A,N/A,N/A,N/A,N/A,N/A,N/A,N/A,N/A,N/A,N/A,N/A,N/A,N/A,N/A,N/A,N/A,N/A,N/A,N/A,N/A,N/A,N/A,N/A,N/A,N/A,N/A,N/A,N/A,N/A,N/A,N/A,N/A,N/A,N/A,N/A,N/A,N/A,N/A,N/A,N/A,N/A,N/A,N/A,N/A,N/A,N/A,N/A,N/A,N/A,N/A,N/A,N/A,N/A,N/A,N/A,N/A,N/A,N/A,N/A,N/A,N/A,N/A,N/A,N/A,N/A,N/A,N/A,N/A,N/A,N/A,N/A,N/A,N/A,N/A,N/A,N/A,N/A,N/A,N/A,N/A,N/A,N/A,N/A,N/A,N/A,N/A,N/A,N/A,N/A,N/A,N/A,N/A,N/A,N/A,N/A,N/A,N/A,N/A,N/A,N/A,N/A,N/A,N/A,N/A,N/A,N/A,N/A,N/A,N/A,N/A,N/A,N/A,N/A,N/A,N/A,N/A,N/A,N/A,N/A,N/A,N/A,N/A,N/A,N/A,N/A,N/A,N/A,N/A,N/A,N/A,N/A,N/A,N/A,N/A,N/A,N/A,N/A,N/A,N/A,N/A,N/A,N/A,N/A,N/A,N/A,N/A,N/A,N/A,N/A,N/A,N/A,N/A,N/A,N/A,N/A,N/A,N/A,N/A,N/A,N/A,N/A,N/A,N/A,N/A,N/A,N/A,N/A,N/A,N/A,N/A,N/A,N/A,N/A,N/A,N/A,N/A,N/A,N/A,N/A
Niama Pape Sissoko,20,1134720000,2005/12/16,Bundesliga,2026/2027,Forward,Ried,306,142,164,Mali,6,3,3,2,1,1,0,0,0,0,0,1,1,0,8,1,7,2,0,0.59,0,0.59,0.63,0.55,153,2.35,38,51,153,0,0.59,9,66,-1,1,0,6.81,0,74,18.47,10.50,16,63,7.17,43,17,12.61,13,0.00,0.00,0.33,2,0.00,0.17,1.76,1.00,6,0.00,0.83,0.00,0.00,0.00,0.50,1.17,1.33,7.00,4.10,1.67,1.83,0.00,0.67,0.37,0.00,1.50,0.00,0.00,0,0,,14,2.33,95,4,1.17,87,10,2.93,95,1,2,4,66,0.00,99,0,3,0.88,62,1,54,0.29,34,0,0.00,99,0,0.00,0,0,0.00,0,0.59,39,11,3.22,88,7,2.05,63.64,0,0.00,0,0,0,0.00,0,8,0.00,11,2.35,83,N/A,N/A,N/A,N/A,0.00,0,0.00,0,2.21,0.00,0,68.25,28.57,62,64,0.17,0.29,1,92,70,1,0,0,0.00,0.00,0,53,40.84,0.33,0.59,2,0,0.00,0.00,99,0.00,0,1,0,0.00,0.00,0,0.00,0.00,0.00,0.00,0,0,14.29,81,53,99,80,18,0.17,17,0.03,0.05,1.51,90,0.25,0.44,59,3,0.50,0.88,1.47,0.83,78,5,0.65,93,54,22,86,0,75,88,0,0.00,99,9,0.00,2.64,14.07,8.00,48,24,92,92,7.04,4.00,50.00,5,1.47,17,0,0.00,0,0.00,99,0,0.00,0.00,54,65,86,77,0,0,0,0,0,86,93,93,91,0,99,34,70,90,2,33,90,9,0,0
Nicky Fatayi Brown Ugo,20,1127545200,2005/09/24,Bundesliga,2026/2027,Forward,Grazer AK,0,0,0,Nigeria,0,0,0,0,0,0,0,0,0,0,0,0,0,0,0,0,0,0,0,0,0,0,0,0,0,0,0,0,0,0,0,-1,-1,-1,-1,N/A,N/A,N/A,N/A,N/A,N/A,N/A,N/A,N/A,N/A,N/A,N/A,N/A,N/A,N/A,N/A,N/A,N/A,N/A,N/A,N/A,N/A,N/A,N/A,N/A,N/A,N/A,N/A,N/A,N/A,N/A,N/A,N/A,N/A,N/A,N/A,N/A,N/A,N/A,N/A,N/A,N/A,N/A,N/A,N/A,N/A,N/A,N/A,N/A,N/A,N/A,N/A,N/A,N/A,N/A,N/A,N/A,N/A,N/A,N/A,N/A,N/A,N/A,N/A,N/A,N/A,N/A,N/A,N/A,N/A,N/A,N/A,N/A,N/A,N/A,N/A,N/A,N/A,N/A,N/A,N/A,N/A,N/A,N/A,N/A,N/A,N/A,N/A,N/A,N/A,N/A,N/A,N/A,N/A,N/A,N/A,N/A,N/A,N/A,N/A,N/A,N/A,N/A,N/A,N/A,N/A,N/A,N/A,N/A,N/A,N/A,N/A,N/A,N/A,N/A,N/A,N/A,N/A,N/A,N/A,N/A,N/A,N/A,N/A,N/A,N/A,N/A,N/A,N/A,N/A,N/A,N/A,N/A,N/A,N/A,N/A,N/A,N/A,N/A,N/A,N/A,N/A,N/A,N/A,N/A,N/A,N/A,N/A,N/A,N/A,N/A,N/A,N/A,N/A,N/A,N/A,N/A,N/A,N/A,N/A,N/A,N/A,N/A,N/A,N/A,N/A,N/A,N/A,N/A,N/A,N/A,N/A,N/A,N/A,N/A,N/A,N/A,N/A,N/A,N/A,N/A,N/A,N/A,N/A,N/A,N/A,N/A,N/A,N/A,N/A,N/A,N/A,N/A,N/A,N/A,N/A,N/A,N/A,N/A,N/A,N/A,N/A,N/A,N/A,N/A,N/A,N/A,N/A,N/A,N/A,N/A,N/A,N/A,N/A,N/A,N/A,N/A,N/A,N/A,N/A,N/A,N/A,N/A,N/A
Nicolas Bajlicz,22,1089270000,2004/07/08,Bundesliga,2026/2027,Midfielder,Rapid Wien,358,201,157,Austria,5,3,2,0,0,0,1,0,1,0,0,2,2,0,5,1,4,0,0,0.25,0.25,0,0,0,0,1.26,72,72,0,358,0,53,20,-1,18,0,7.08,0.2,86,70.64,56.20,96,281,52.40,262,94,65.87,96,0.00,0.00,2.00,10,0.00,0.40,5.03,4.00,20,0.00,0.60,0.00,0.00,0.00,0.80,0.80,1.00,0.00,0.25,0.20,1.20,0.00,0.00,0.01,0.00,0.00,0.00,0.00,0,0,,1,0.20,20,0,0.00,41,1,0.25,25,1,1,4,99,0.00,99,0,4,1.01,69,2,95,0.50,40,0,0.00,99,0,0.00,0,0,0.00,0,2.51,92,6,1.51,60,4,1.01,66.67,0,0.00,0,0,0,0.00,0,5,0.00,51,1.26,40,N/A,N/A,N/A,N/A,0.00,0,0.00,0,0.05,0.00,0,93.24,0.00,41,7,1.40,1.76,7,76,78,0,0,0,0.00,0.00,0,53,35.42,0.20,0.25,1,0,0.00,0.00,99,0.00,0,0,0,0.00,0.00,0,0.00,0.00,0.00,0.00,0,0,0.00,71,63,93,72,60,1.58,93,0.32,0.40,0.05,21,0.01,0.01,86,6,1.20,1.51,1.26,1.00,75,5,0.01,20,81,9,86,0,75,15,0,0.00,99,0,0.00,0.00,13.32,10.60,53,30,95,90,7.54,6.00,56.60,3,0.75,43,0,50.00,0,0.00,99,1,0.20,0.25,65,65,74,77,0,0,0,0,0,69,72,84,84,0,99,81,58,58,0,0,59,30,0,0
Nicolas Wimmer,31,795254400,1995/03/15,Bundesliga,2026/2027,Defender,Wolfsberger AC,285,180,105,Austria,4,2,2,0,0,0,0,0,0,0,0,2,1,1,3,1,2,2,1,0,0,0,0,0,0,0.95,95,71,95,0,0.95,99,100,13,15,0,5.90,0,74,50.53,40.00,80,160,26.25,105,14,33.16,65,0.00,0.00,0.00,0,0.00,0.75,1.26,1.00,4,0.00,0.25,0.00,0.00,0.00,1.00,0.00,0.75,0.00,0.32,0.25,0.00,0.00,0.00,0.01,0.00,3.75,0.00,0.00,0,0,,1,0.25,22,0,0.00,41,1,0.32,27,0,0,4,45,0.00,99,0,4,1.26,79,3,54,0.95,53,0,0.00,99,0,0.00,0,0,0.00,0,0.00,21,0,0.00,19,0,0.00,0.00,0,0.00,0,0,0,0.00,0,3,0.00,72,0.95,22,N/A,N/A,N/A,N/A,0.00,0,0.00,0,0.05,0.00,0,65.62,0.00,41,63,0.25,0.32,1,33,33,0,0,0,0.50,0.63,2,84,23.58,4.25,5.37,17,0,0.00,0.00,99,0.00,0,0,0,0.00,0.00,0,0.00,0.00,0.00,0.00,0,0,0.00,71,49,38,72,78,0.20,24,0.05,0.06,0.05,26,0.01,0.02,47,2,0.50,0.63,0.95,0.75,59,3,0.02,26,5,89,86,0,75,98,0,0.00,99,15,0.00,4.74,10.11,8.00,32,21,88,68,6.63,5.25,65.62,1,0.32,66,0,0.00,0,0.00,99,0,0.00,0.00,54,65,49,34,0,0,0,0,0,57,72,84,84,0,99,89,64,95,1,25,85,37,0,0
Niklas Hedl,25,984816000,2001/03/17,Bundesliga,2026/2027,Goalkeeper,Rapid Wien,450,270,180,Austria,5,3,2,0,0,0,1,0,1,0,0,2,2,0,6,1,5,0,0,0.2,0.2,0,0,0,0,1.2,75,90,0,450,0,56,38,18,13,0,7.19,0.2,79,43.60,43.60,68,218,30.20,151,20,30.20,57,0.00,0.00,0.20,1,0.00,0.00,0.00,0.00,0,0.00,0.00,0.00,0.00,4.00,0.00,0.00,5.40,0.00,0.00,0.00,0.00,0.00,0.00,0.00,0.00,0.20,0.00,0.00,0,0,,0,0.00,18,0,0.00,41,0,0.00,23,0,0,5,16,0.00,99,0,0,0.00,26,0,54,0.00,27,0,0.00,99,0,0.00,0,0,0.00,0,0.20,25,0,0.00,19,0,0.00,0.00,0,0.00,0,20,75,4.00,81,27,0.00,59,5.40,96,N/A,N/A,N/A,N/A,74.07,0,0.00,0,0.00,0.00,0,69.27,0.00,41,99,0.00,0.00,0,33,33,0,0,11,0.00,0.00,0,53,35.94,2.40,2.40,12,0,0.00,0.00,99,0.00,0,0,0,0.00,0.00,5,1.00,1.00,0.00,0.00,0,0,0.00,71,95,93,72,67,0.94,75,0.19,0.19,0.00,19,0.00,0.00,20,1,0.20,0.20,0.00,0.00,19,0,0.00,18,88,64,86,92,75,17,0,0.00,99,1,0.00,0.20,0.40,0.40,2,2,5,3,0.40,0.40,100.00,0,0.00,99,0,0.00,0,0.00,99,0,0.00,0.00,54,97,49,34,0,0,0,0,0,64,72,84,84,0,99,81,58,58,0,0,59,1,0,0
Niklas Niehoff,22,1092985200,2004/08/20,Bundesliga,2026/2027,Midfielder,Rheindorf Altach,429,180,249,Germany,5,2,3,0,0,0,2,2,0,0,0,0,0,0,7,2,5,1,0,0.42,0.42,0,0,0,0,1.47,61,86,429,215,0.21,58,7,-1,11,0,7.03,0.4,94,30.21,28.80,38,144,22.40,112,40,23.50,39,0.00,0.00,1.40,7,0.00,3.20,2.10,2.00,10,0.00,0.20,0.00,0.00,0.00,0.20,2.20,1.60,0.00,1.26,1.00,2.80,0.00,0.20,0.08,0.00,0.00,0.00,0.00,0,0,,6,1.20,57,1,0.21,50,5,1.05,65,1,0,5,75,0.00,99,0,1,0.21,28,16,91,3.36,79,0,0.00,99,0,0.00,0,0,0.00,0,1.47,76,14,2.94,86,11,2.31,78.57,0,0.00,0,0,0,0.00,0,8,0.00,39,1.68,61,N/A,N/A,N/A,N/A,0.00,0,0.00,0,0.38,0.00,0,77.78,16.67,46,4,1.80,1.89,9,93,83,0,0,0,0.40,0.42,2,73,35.15,1.20,1.26,6,0,0.00,0.00,99,0.00,0,0,0,0.00,0.00,0,0.00,0.00,0.00,0.00,0,0,0.00,71,78,93,72,46,1.65,91,0.33,0.35,0.38,50,0.08,0.08,32,2,0.40,0.42,0.42,0.40,29,2,0.08,50,78,46,86,0,75,15,0,0.00,99,0,0.00,0.00,8.60,8.20,41,23,64,48,4.83,4.60,56.10,1,0.21,72,0,43.75,0,0.00,99,7,1.40,1.47,93,97,49,77,0,0,0,0,0,79,72,84,84,0,99,29,94,66,1,20,79,29,0,0
Niklas Pertlwieser,22,1069574400,2003/11/23,Bundesliga,2026/2027,Defender,Austria Lustenau,445,265,180,Austria,5,3,2,0,0,0,0,0,0,0,0,0,0,0,9,6,3,0,0,0,0,0,0,0,0,1.82,49,89,0,0,0,47,49,39,16,0,6.63,0,74,31.75,31.40,42,157,23.20,116,29,23.46,39,0.00,0.00,0.20,1,0.00,0.00,2.83,2.80,14,0.00,0.40,0.00,0.00,0.00,0.60,0.20,1.80,0.00,0.61,0.60,0.20,0.00,0.00,0.03,0.00,2.00,0.00,0.00,0,0,,3,0.60,35,0,0.00,41,3,0.61,44,1,0,5,91,0.00,99,0,3,0.61,48,0,54,0.00,27,0,0.00,99,0,0.00,0,0,0.00,0,0.20,25,1,0.20,23,1,0.20,100.00,0,0.00,0,0,0,0.00,0,9,0.00,30,1.82,63,N/A,N/A,N/A,N/A,0.00,0,0.00,0,0.17,0.00,0,73.89,0.00,41,57,0.40,0.40,2,38,99,0,0,0,1.20,1.21,6,96,33.13,6.20,6.27,31,0,0.00,0.00,99,0.00,0,0,0,0.00,0.00,0,0.00,0.00,0.00,0.00,0,0,0.00,71,83,93,72,37,0.24,17,0.05,0.05,0.17,31,0.03,0.03,20,1,0.20,0.20,0.61,0.60,43,3,0.03,31,32,93,86,0,75,79,0,0.00,99,10,0.00,2.02,8.29,8.20,41,24,64,45,4.85,4.80,58.54,2,0.40,61,0,0.00,0,0.00,99,0,0.00,0.00,54,97,49,77,0,0,0,0,0,57,72,84,84,0,99,29,58,58,0,0,59,29,0,0
Nikola Šarčević,19,1167206400,2006/12/27,Bundesliga,2026/2027,Goalkeeper,Salzburg,0,0,0,Austria,0,0,0,0,0,0,0,0,0,0,0,0,0,0,0,0,0,0,0,0,0,0,0,0,0,0,0,0,0,0,0,-1,-1,-1,-1,N/A,N/A,N/A,N/A,N/A,N/A,N/A,N/A,N/A,N/A,N/A,N/A,N/A,N/A,N/A,N/A,N/A,N/A,N/A,N/A,N/A,N/A,N/A,N/A,N/A,N/A,N/A,N/A,N/A,N/A,N/A,N/A,N/A,N/A,N/A,N/A,N/A,N/A,N/A,N/A,N/A,N/A,N/A,N/A,N/A,N/A,N/A,N/A,N/A,N/A,N/A,N/A,N/A,N/A,N/A,N/A,N/A,N/A,N/A,N/A,N/A,N/A,N/A,N/A,N/A,N/A,N/A,N/A,N/A,N/A,N/A,N/A,N/A,N/A,N/A,N/A,N/A,N/A,N/A,N/A,N/A,N/A,N/A,N/A,N/A,N/A,N/A,N/A,N/A,N/A,N/A,N/A,N/A,N/A,N/A,N/A,N/A,N/A,N/A,N/A,N/A,N/A,N/A,N/A,N/A,N/A,N/A,N/A,N/A,N/A,N/A,N/A,N/A,N/A,N/A,N/A,N/A,N/A,N/A,N/A,N/A,N/A,N/A,N/A,N/A,N/A,N/A,N/A,N/A,N/A,N/A,N/A,N/A,N/A,N/A,N/A,N/A,N/A,N/A,N/A,N/A,N/A,N/A,N/A,N/A,N/A,N/A,N/A,N/A,N/A,N/A,N/A,N/A,N/A,N/A,N/A,N/A,N/A,N/A,N/A,N/A,N/A,N/A,N/A,N/A,N/A,N/A,N/A,N/A,N/A,N/A,N/A,N/A,N/A,N/A,N/A,N/A,N/A,N/A,N/A,N/A,N/A,N/A,N/A,N/A,N/A,N/A,N/A,N/A,N/A,N/A,N/A,N/A,N/A,N/A,N/A,N/A,N/A,N/A,N/A,N/A,N/A,N/A,N/A,N/A,N/A,N/A,N/A,N/A,N/A,N/A,N/A,N/A,N/A,N/A,N/A,N/A,N/A,N/A,N/A,N/A,N/A,N/A,N/A
Nikolai Baden Frederiksen,26,958633200,2000/05/18,Bundesliga,2026/2027,Forward,Wattens,315,94,221,Denmark,5,2,3,2,0,2,0,0,0,0,0,2,0,2,3,1,2,0,0,0.57,0,0.57,0,0.81,158,0.86,105,63,0,0,0,10,72,-1,2,0,6.92,0,74,10.00,7.00,1,35,5.60,28,50,8.00,4,0.00,0.00,0.20,1,0.00,1.60,0.29,0.20,1,0.00,0.80,0.00,0.00,0.00,0.20,1.20,0.60,7.50,4.29,2.20,1.80,0.00,0.80,0.44,0.00,1.20,0.00,0.00,0,0,,15,3.00,96,4,1.14,86,11,3.14,97,2,1,4,17,0.00,99,0,1,0.29,31,8,76,2.29,73,0,0.00,99,0,0.00,0,0,0.00,0,0.29,28,9,2.57,81,6,1.71,66.67,0,0.00,0,0,0,0.00,0,3,0.00,75,0.86,19,N/A,N/A,N/A,N/A,0.00,0,0.00,0,2.19,0.00,0,80.00,26.67,59,45,0.40,0.57,2,87,78,1,0,0,0.00,0.00,0,53,34.60,1.00,1.43,5,0,0.00,0.00,99,0.00,0,1,0,0.00,0.00,0,0.00,0.00,0.29,0.20,1,0,13.33,78,55,93,80,81,0.11,5,0.02,0.03,1.49,89,0.30,0.43,94,7,1.40,2.00,0.57,0.40,38,2,0.63,93,66,47,86,0,82,72,0,0.00,99,6,0.00,1.71,9.14,6.40,32,20,75,57,5.71,4.00,62.50,4,1.14,28,0,25.00,0,0.00,99,2,0.40,0.57,76,65,74,95,0,0,0,0,0,85,92,98,84,0,99,81,58,58,0,0,59,8,0,0
Nikolas Polster,24,1026025200,2002/07/07,Bundesliga,2026/2027,Goalkeeper,Wolfsberger AC,180,180,0,Austria,2,2,0,0,0,0,0,0,0,0,0,1,1,0,1,1,0,1,0,0,0,0,0,0,0,0.5,180,90,180,0,0.5,-1,-1,-1,20,0,7.83,0,74,46.00,46.00,71,92,30.00,60,13,30.00,57,0.00,0.00,0.50,1,0.00,0.00,0.00,0.00,0,0.00,0.00,0.00,0.00,5.00,0.00,0.00,5.50,0.00,0.00,0.00,0.00,0.00,0.00,0.00,0.00,0.00,0.00,0.00,0,0,,0,0.00,18,0,0.00,41,0,0.00,23,0,0,2,16,0.00,99,0,0,0.00,26,0,54,0.00,27,0,0.00,99,0,0.00,0,0,0.00,0,0.50,37,0,0.00,19,0,0.00,0.00,0,0.00,0,10,99,5.00,99,11,0.00,86,5.50,97,N/A,N/A,N/A,N/A,90.91,0,0.00,0,0.00,0.00,0,65.22,0.00,41,99,0.00,0.00,0,33,33,0,0,7,0.00,0.00,0,53,15.67,2.00,2.00,4,0,0.00,0.00,99,0.00,0,0,0,0.00,0.00,0,0.00,0.00,0.00,0.00,0,0,0.00,71,26,11,72,93,0.16,33,0.08,0.08,0.00,19,0.00,0.00,18,0,0.00,0.00,0.00,0.00,19,0,0.00,18,99,58,86,0,75,15,0,0.00,99,0,0.00,0.00,0.00,0.00,0,0,3,2,0.00,0.00,0.00,0,0.00,99,0,0.00,0,0.00,99,0,0.00,0.00,54,34,49,34,0,0,0,0,0,57,72,84,84,0,99,89,75,85,1,50,97,12,0,0
Nikolas Veratschnig,23,1043395200,2003/01/24,Bundesliga,2026/2027,Defender,Salzburg,493,245,248,Austria,6,3,3,1,1,0,1,1,0,0,0,2,1,1,4,2,2,1,0,0.37,0.18,0.18,0.37,0,493,0.73,123,82,493,493,0.18,38,41,10,6,0,7.54,0.17,75,56.04,51.17,85,307,45.67,274,84,50.02,85,0.00,0.00,1.83,11,0.00,5.00,1.64,1.50,9,0.00,0.83,0.00,0.00,0.00,1.00,0.67,0.67,11.00,2.01,1.00,0.83,0.00,0.83,0.25,0.00,1.33,0.00,0.00,0,0,,11,1.83,72,5,0.91,79,6,1.10,66,1,1,5,61,0.00,99,0,6,1.10,72,30,79,5.48,93,0,0.00,99,0,0.00,0,0,0.00,0,2.01,85,5,0.91,46,4,0.73,80.00,0,0.00,0,0,0,0.00,0,4,0.00,79,0.73,14,N/A,N/A,N/A,N/A,0.00,0,0.00,0,1.48,0.00,0,89.25,45.45,82,60,0.33,0.37,2,64,85,0,0,0,0.33,0.37,2,70,45.22,2.00,2.19,12,0,0.00,0.00,99,0.00,0,0,1,0.17,0.18,0,0.00,0.00,0.37,0.33,2,0,9.09,74,97,99,99,86,1.61,85,0.27,0.29,1.48,75,0.25,0.27,61,5,0.83,0.91,0.37,0.33,25,2,0.27,75,97,62,87,0,86,65,0,0.00,99,8,0.00,1.46,6.94,6.33,38,25,60,31,4.56,4.17,65.79,5,0.91,39,0,30.00,0,0.00,99,9,1.50,1.64,95,97,74,77,0,0,0,0,0,76,73,84,86,0,99,59,99,59,1,17,61,18,0,0
Nikolaus Feldhofer,19,1162540800,2006/11/03,Bundesliga,2026/2027,Defender,Hartberg,42,25,17,Austria,5,3,2,0,0,0,0,0,0,0,0,0,0,0,1,1,0,1,0,0,0,0,0,0,0,2.14,42,8,42,0,2.14,-1,-1,-1,7,0,3.93,0,74,37.67,3.60,57,18,2.40,12,14,25.12,44,0.00,0.00,0.20,1,0.00,0.40,12.56,1.20,6,0.00,0.60,0.00,0.00,0.00,0.00,0.40,0.20,0.00,0.00,0.00,0.40,0.00,0.00,0.00,0.00,0.00,0.00,0.00,0,0,,0,0.00,18,0,0.00,41,0,0.00,23,0,5,0,99,0.00,99,0,0,0.00,26,2,95,4.19,87,0,0.00,99,0,0.00,0,0,0.00,0,2.09,86,2,4.19,94,2,4.19,100.00,0,0.00,0,0,0,0.00,0,1,0.00,16,2.09,76,N/A,N/A,N/A,N/A,0.00,0,0.00,0,0.00,0.00,0,66.67,0.00,41,99,0.00,0.00,0,99,99,0,0,0,0.00,0.00,0,53,19.66,0.20,2.09,1,0,0.00,0.00,99,0.00,0,0,0,0.00,0.00,0,0.00,0.00,0.00,0.00,0,0,0.00,71,0,93,72,23,0.07,68,0.01,0.15,0.00,19,0.00,0.00,94,1,0.20,2.09,6.28,0.60,99,3,0.00,18,0,60,86,0,75,15,0,0.00,99,0,0.00,0.00,29.30,2.80,14,9,99,99,18.84,1.80,64.29,3,6.28,0,0,50.00,0,0.00,99,1,0.20,2.09,97,4,99,34,0,0,0,0,0,57,72,84,84,0,99,29,58,99,1,20,79,95,0,0
Nikolaus Wurmbrand,20,1136448000,2006/01/05,Bundesliga,2026/2027,Forward,Rapid Wien,75,36,39,Austria,5,3,2,0,0,0,0,0,0,0,0,2,2,0,1,0,1,1,0,0,0,0,0,0,0,1.2,75,15,75,0,1.2,-1,-1,-1,12,0,6.51,0,74,13.03,2.20,4,11,1.80,9,55,10.66,9,0.00,0.00,0.40,2,0.00,0.60,1.18,0.20,1,0.00,0.00,0.00,0.00,0.00,0.20,0.00,0.40,0.00,1.18,0.00,0.40,0.00,0.20,0.03,0.00,0.20,0.00,0.00,0,0,,1,0.20,55,1,1.18,88,0,0.00,23,0,5,0,43,0.00,99,0,1,1.18,75,3,54,3.55,82,0,0.00,99,0,0.00,0,0,0.00,0,2.37,90,2,2.37,78,0,0.00,0.00,0,0.00,0,0,0,0.00,0,2,0.00,59,2.37,83,N/A,N/A,N/A,N/A,0.00,0,0.00,0,0.14,0.00,0,81.82,100.00,99,17,0.20,1.18,1,33,33,0,0,0,0.00,0.00,0,53,32.56,0.60,3.55,3,0,0.00,0.00,99,0.00,0,0,0,0.00,0.00,0,0.00,0.00,0.00,0.00,0,0,0.00,71,3,93,72,67,0.09,54,0.02,0.11,0.14,65,0.03,0.17,76,1,0.20,1.18,1.18,0.20,73,1,0.17,65,20,75,86,0,75,55,0,0.00,99,1,0.00,1.18,14.21,2.40,12,3,39,93,3.55,0.60,25.00,0,0.00,99,0,0.00,0,0.00,99,0,0.00,0.00,54,4,99,34,0,0,0,0,0,57,72,84,84,0,99,81,61,98,1,20,79,15,0,0
Oliver Lukic,19,1158908400,2006/09/22,Bundesliga,2026/2027,Midfielder,Hartberg,226,169,57,Austria,4,3,1,0,0,0,0,0,0,0,0,0,0,0,6,5,1,0,0,0,0,0,0,0,0,2.39,38,57,0,0,0,-1,-1,-1,6,0,6.74,0,74,41.42,26.00,65,104,19.25,77,31,30.66,58,0.00,0.00,0.50,2,0.00,0.50,3.19,2.00,8,0.00,0.75,0.00,0.00,0.00,0.25,1.50,1.50,0.00,1.19,0.50,1.50,0.00,0.25,0.06,0.00,0.25,0.00,0.00,0,0,,3,0.75,56,1,0.40,61,2,0.80,54,1,1,3,95,0.00,99,0,1,0.40,38,2,54,0.80,50,0,0.00,99,0,0.00,0,0,0.00,0,0.80,50,6,2.39,79,6,2.39,100.00,0,0.00,0,0,0,0.00,0,6,0.00,9,2.39,85,N/A,N/A,N/A,N/A,0.00,0,0.00,0,0.23,0.00,0,74.04,33.33,71,15,0.75,1.19,3,94,99,0,0,0,0.00,0.00,0,53,26.96,1.25,1.99,5,0,0.00,0.00,99,0.00,0,0,0,0.00,0.00,0,0.00,0.00,0.00,0.00,0,0,0.00,71,34,38,72,18,0.23,43,0.06,0.09,0.23,53,0.06,0.09,76,3,0.75,1.19,0.80,0.50,53,2,0.09,53,43,56,86,0,75,26,0,0.00,99,1,0.00,0.40,11.95,7.50,30,18,92,81,7.17,4.50,60.00,3,1.19,26,0,0.00,0,0.00,99,0,0.00,0.00,54,50,74,77,0,0,0,0,0,57,72,84,84,0,99,29,58,58,0,0,59,10,0,0
Oliver Sorg,19,1185865200,2007/07/31,Bundesliga,2026/2027,Defender,Ried,366,173,193,Austria,5,2,3,0,0,0,0,0,0,0,0,1,1,0,9,2,7,0,0,0,0,0,0,0,0,2.21,41,73,0,0,0,57,57,47,9,0,6.81,0,74,32.79,26.60,46,133,21.00,105,43,25.89,48,0.00,0.00,0.80,4,0.00,1.20,1.97,1.60,8,0.00,0.40,0.00,0.00,0.00,0.80,0.80,1.80,0.00,0.99,0.60,1.20,0.00,0.20,0.07,0.00,0.60,0.00,0.00,0,0,,4,0.80,48,1,0.25,53,3,0.74,50,1,0,5,71,0.00,99,0,4,0.99,66,6,60,1.48,64,0,0.00,99,0,0.00,0,0,0.00,0,0.99,58,6,1.48,60,4,0.99,66.67,0,0.00,0,0,0,0.00,0,9,0.00,14,2.22,78,N/A,N/A,N/A,N/A,0.00,0,0.00,0,0.33,0.00,0,78.95,25.00,59,68,0.20,0.25,1,74,78,0,0,0,0.60,0.74,3,87,34.05,0.80,0.99,4,0,0.00,0.00,99,0.00,0,0,0,0.00,0.00,0,0.00,0.00,0.00,0.00,0,0,0.00,71,65,93,72,22,0.37,43,0.07,0.09,0.33,50,0.07,0.08,65,4,0.80,0.99,0.99,0.80,61,4,0.08,50,54,35,86,0,75,44,0,0.00,99,3,0.00,0.74,7.40,6.00,30,18,58,36,4.44,3.60,60.00,2,0.49,55,0,16.67,0,0.00,99,1,0.20,0.25,65,97,49,77,0,0,0,0,0,57,72,84,84,0,99,45,58,58,0,0,59,7,0,0
Oliver Steurer,31,789379200,1995/01/06,Bundesliga,2026/2027,Defender,Ried,540,270,270,Germany,6,3,3,0,0,0,0,0,0,0,0,1,1,0,11,3,8,0,0,0,0,0,0,0,0,1.83,49,90,0,0,0,65,62,42,10,0,6.56,0,74,49.33,49.33,78,296,41.83,251,67,41.83,77,0.00,0.00,0.17,1,0.00,0.17,1.33,1.33,8,0.00,0.17,0.00,0.00,0.00,2.00,0.00,1.83,0.00,0.67,0.50,0.00,0.00,0.17,0.04,0.00,1.50,0.00,0.00,0,0,,4,0.67,38,1,0.17,42,3,0.50,39,0,0,6,48,0.00,99,0,12,2.00,94,1,99,0.17,28,0,0.00,99,0,0.00,0,0,0.00,0,0.17,22,0,0.00,19,0,0.00,0.00,0,0.00,0,0,0,0.00,0,11,0.00,29,1.83,64,N/A,N/A,N/A,N/A,0.00,0,0.00,0,0.25,0.00,0,84.80,25.00,59,50,0.50,0.50,3,33,33,0,0,0,0.17,0.17,1,54,39.37,5.83,5.83,35,0,0.00,0.00,99,0.00,0,0,0,0.00,0.00,0,0.00,0.00,0.00,0.00,0,0,0.00,71,99,99,72,37,0.61,50,0.10,0.10,0.25,35,0.04,0.04,25,2,0.33,0.33,0.83,0.83,55,5,0.04,35,24,91,86,0,75,67,0,0.00,99,9,0.00,1.50,5.83,5.83,35,19,30,19,3.17,3.17,54.29,1,0.17,76,0,100.00,0,0.00,99,1,0.17,0.17,55,99,49,34,0,0,0,0,0,57,72,84,84,0,99,34,58,58,0,0,59,30,0,0
Otar Mamageishvili,23,1042617600,2003/01/15,Bundesliga,2026/2027,Midfielder,Wolfsberger AC,275,126,149,Georgia,5,3,2,0,0,0,0,0,0,0,0,2,1,1,5,3,2,2,0,0,0,0,0,0,0,1.64,55,55,138,0,0.65,98,99,-1,5,0,6.58,0,74,31.86,19.40,44,97,16.40,82,66,26.93,50,0.00,0.00,0.60,3,0.00,0.80,1.64,1.00,5,0.00,0.40,0.00,0.00,0.00,0.60,0.40,1.00,0.00,1.31,0.80,1.20,0.00,0.00,0.04,0.00,0.40,0.00,0.00,0,0,,4,0.80,58,0,0.00,41,4,1.31,75,2,2,3,61,0.00,99,0,3,0.99,66,4,54,1.31,60,0,0.00,99,0,0.00,0,0,0.00,0,0.99,58,6,1.97,70,2,0.66,33.33,0,0.00,0,0,0,0.00,0,5,0.00,32,1.64,60,N/A,N/A,N/A,N/A,0.00,0,0.00,0,0.21,0.00,0,84.54,0.00,41,40,0.40,0.66,2,61,46,0,0,0,0.40,0.66,2,86,32.92,1.60,2.63,8,0,0.00,0.00,99,0.00,0,0,0,0.00,0.00,0,0.00,0.00,0.00,0.00,0,0,0.00,71,47,93,72,39,0.27,43,0.05,0.09,0.21,48,0.04,0.07,93,6,1.20,1.97,0.99,0.60,61,3,0.07,47,26,66,86,0,75,39,0,0.00,99,2,0.00,0.66,10.51,6.40,32,15,65,74,4.93,3.00,46.88,2,0.66,48,0,0.00,0,0.00,99,0,0.00,0.00,54,50,86,95,0,0,0,0,0,57,72,84,84,0,99,81,66,93,2,40,96,19,0,0
Ousmane Diawara,26,939538800,1999/10/10,Bundesliga,2026/2027,Forward,Rheindorf Altach,387,165,222,Sweden,5,2,3,1,1,0,0,0,0,0,0,0,0,0,6,2,4,1,0,0.23,0,0.23,0.55,0,387,1.4,65,77,387,0,0.23,30,64,-1,1,0,6.69,0,74,17.67,15.20,13,76,9.60,48,11,11.16,10,0.00,0.00,0.60,3,0.00,1.20,0.93,0.80,4,0.00,1.40,0.00,0.00,0.00,0.00,0.60,1.40,10.00,2.33,1.40,1.80,0.00,0.60,0.27,0.00,3.20,0.00,0.00,0,0,,10,2.00,78,3,0.70,75,7,1.63,82,2,0,5,33,0.00,99,0,0,0.00,26,6,60,1.40,62,0,0.00,99,0,0.00,0,0,0.00,0,0.70,47,9,2.09,74,3,0.70,33.33,0,0.00,0,0,0,0.00,0,7,0.00,44,1.63,59,N/A,N/A,N/A,N/A,0.00,0,0.00,0,1.33,0.00,0,63.16,30.00,64,51,0.40,0.47,2,63,46,0,0,0,0.00,0.00,0,53,33.43,1.80,2.09,9,0,0.00,0.00,99,0.00,0,0,0,0.00,0.00,0,0.00,0.00,0.70,0.60,3,0,10.00,75,70,93,94,52,0.20,17,0.04,0.05,1.33,79,0.27,0.31,84,6,1.20,1.40,1.63,1.40,83,7,0.31,79,39,60,86,0,92,94,0,0.00,99,16,0.00,3.72,14.19,12.20,61,29,89,92,6.74,5.80,47.54,7,1.63,14,0,16.67,0,0.00,99,1,0.20,0.23,61,97,49,95,0,0,0,0,0,66,78,84,90,0,99,29,91,68,1,20,79,10,0,0
Patrick Greil,30,842166000,1996/09/08,Bundesliga,2026/2027,Forward,Rheindorf Altach,392,162,230,Austria,5,2,3,1,1,0,0,0,0,0,0,0,0,0,5,2,3,2,0,0.23,0,0.23,0.56,0,392,1.15,78,78,196,0,0.46,28,44,-1,2,0,7.24,0,74,35.13,30.60,50,153,24.40,122,49,28.01,51,0.00,0.00,2.00,10,0.00,6.60,1.84,1.60,8,0.00,0.80,0.00,0.00,0.00,0.20,0.80,1.00,14.00,3.21,1.40,1.00,0.00,1.40,0.39,0.00,1.20,0.00,0.00,0,0,,14,2.80,90,7,1.61,94,7,1.61,81,1,0,5,67,0.00,99,0,1,0.23,29,33,88,7.58,98,0,0.00,99,0,0.00,0,0,0.00,0,2.30,89,5,1.15,53,4,0.92,80.00,0,0.00,0,0,0,0.00,0,5,0.00,62,1.15,31,N/A,N/A,N/A,N/A,0.00,0,0.00,0,1.96,0.00,0,79.74,50.00,90,39,0.60,0.69,3,71,85,0,0,0,0.00,0.00,0,53,36.21,0.20,0.23,1,0,0.00,0.00,99,0.00,0,0,1,0.20,0.23,0,0.00,0.00,0.46,0.40,2,0,7.14,72,72,93,95,69,0.61,66,0.12,0.14,1.96,92,0.39,0.45,34,2,0.40,0.46,1.38,1.20,77,6,0.45,89,89,8,91,0,88,62,0,0.00,99,6,0.00,1.38,8.72,7.60,38,20,60,51,4.59,4.00,52.63,4,0.92,38,0,33.33,0,0.00,99,11,2.20,2.53,99,97,49,77,0,0,0,0,0,66,78,84,90,0,99,29,75,84,2,40,96,18,0,0
Paul Gartler,29,857894400,1997/03/09,Bundesliga,2026/2027,Goalkeeper,Rapid Wien,0,0,0,Austria,0,0,0,0,0,0,0,0,0,0,0,0,0,0,0,0,0,0,0,0,0,0,0,0,0,0,0,0,0,0,0,-1,-1,-1,-1,N/A,N/A,N/A,N/A,N/A,N/A,N/A,N/A,N/A,N/A,N/A,N/A,N/A,N/A,N/A,N/A,N/A,N/A,N/A,N/A,N/A,N/A,N/A,N/A,N/A,N/A,N/A,N/A,N/A,N/A,N/A,N/A,N/A,N/A,N/A,N/A,N/A,N/A,N/A,N/A,N/A,N/A,N/A,N/A,N/A,N/A,N/A,N/A,N/A,N/A,N/A,N/A,N/A,N/A,N/A,N/A,N/A,N/A,N/A,N/A,N/A,N/A,N/A,N/A,N/A,N/A,N/A,N/A,N/A,N/A,N/A,N/A,N/A,N/A,N/A,N/A,N/A,N/A,N/A,N/A,N/A,N/A,N/A,N/A,N/A,N/A,N/A,N/A,N/A,N/A,N/A,N/A,N/A,N/A,N/A,N/A,N/A,N/A,N/A,N/A,N/A,N/A,N/A,N/A,N/A,N/A,N/A,N/A,N/A,N/A,N/A,N/A,N/A,N/A,N/A,N/A,N/A,N/A,N/A,N/A,N/A,N/A,N/A,N/A,N/A,N/A,N/A,N/A,N/A,N/A,N/A,N/A,N/A,N/A,N/A,N/A,N/A,N/A,N/A,N/A,N/A,N/A,N/A,N/A,N/A,N/A,N/A,N/A,N/A,N/A,N/A,N/A,N/A,N/A,N/A,N/A,N/A,N/A,N/A,N/A,N/A,N/A,N/A,N/A,N/A,N/A,N/A,N/A,N/A,N/A,N/A,N/A,N/A,N/A,N/A,N/A,N/A,N/A,N/A,N/A,N/A,N/A,N/A,N/A,N/A,N/A,N/A,N/A,N/A,N/A,N/A,N/A,N/A,N/A,N/A,N/A,N/A,N/A,N/A,N/A,N/A,N/A,N/A,N/A,N/A,N/A,N/A,N/A,N/A,N/A,N/A,N/A,N/A,N/A,N/A,N/A,N/A,N/A,N/A,N/A,N/A,N/A,N/A,N/A
Paul Komposch,25,989737200,2001/05/13,Bundesliga,2026/2027,Defender,Hartberg,450,270,180,Austria,5,3,2,0,0,0,0,0,0,0,0,0,0,0,8,6,2,0,0,0,0,0,0,0,0,1.6,56,90,0,0,0,107,108,36,19,0,6.53,0,74,36.40,36.40,54,182,30.80,154,67,30.80,59,0.00,0.00,0.60,3,0.00,0.60,0.80,0.80,4,0.00,0.20,0.00,0.00,0.00,0.40,0.40,1.60,0.00,0.80,0.60,1.60,0.00,0.20,0.05,0.00,1.60,0.00,0.00,0,0,,4,0.80,41,1,0.20,48,3,0.60,43,0,0,5,29,0.00,99,0,2,0.40,38,3,54,0.60,43,0,0.00,99,0,0.00,0,0,0.00,0,0.60,41,8,1.60,62,2,0.40,25.00,0,0.00,0,0,0,0.00,0,8,0.00,34,1.60,58,N/A,N/A,N/A,N/A,0.00,0,0.00,0,0.24,0.00,0,84.62,25.00,59,44,0.60,0.60,3,47,39,0,0,0,0.20,0.20,1,59,32.64,4.20,4.20,21,0,0.00,0.00,99,0.00,0,0,0,0.00,0.00,0,0.00,0.00,0.20,0.20,1,0,0.00,71,95,93,72,41,0.39,33,0.08,0.08,0.24,41,0.05,0.05,55,4,0.80,0.80,0.60,0.60,41,3,0.05,41,21,82,86,0,77,70,0,0.00,99,8,0.00,1.60,6.60,6.60,33,18,40,27,3.60,3.60,54.55,1,0.20,75,0,0.00,0,0.00,99,0,0.00,0.00,54,97,49,34,0,0,0,0,0,57,72,84,84,0,99,29,58,58,0,0,59,14,0,0
Paul-Friedrich Koller,24,1014364800,2002/02/22,Bundesliga,2026/2027,Defender,Sturm Graz,188,11,177,Austria,4,1,3,0,0,0,0,0,0,0,0,1,0,1,3,0,3,0,0,0,0,0,0,0,0,1.44,63,47,0,0,0,-1,-1,-1,19,0,6.55,0,74,48.13,25.00,75,100,22.00,88,80,42.35,78,0.00,0.00,0.00,0,0.00,0.00,0.48,0.25,1,0.00,0.25,0.00,0.00,0.00,0.75,0.25,0.75,0.00,0.48,0.25,0.25,0.00,0.00,0.01,0.00,2.00,0.00,0.00,0,0,,1,0.25,28,0,0.00,41,1,0.48,38,1,2,2,22,0.00,99,0,3,1.44,86,0,54,0.00,27,0,0.00,99,0,0.00,0,0,0.00,0,0.00,21,1,0.48,30,1,0.48,100.00,0,0.00,0,0,0,0.00,0,3,0.00,40,1.44,48,N/A,N/A,N/A,N/A,0.00,0,0.00,0,0.04,0.00,0,88.00,0.00,41,50,0.25,0.48,1,52,99,0,0,0,0.25,0.48,1,77,26.21,2.50,4.81,10,0,0.00,0.00,99,0.00,0,0,0,0.00,0.00,0,0.00,0.00,0.00,0.00,0,0,0.00,71,26,38,72,48,0.18,43,0.04,0.09,0.04,26,0.01,0.02,65,2,0.50,0.96,0.96,0.50,59,2,0.02,26,23,86,86,0,75,95,0,0.00,99,8,0.00,3.85,10.59,5.50,22,12,75,75,5.78,3.00,54.55,1,0.48,56,0,0.00,0,0.00,99,0,0.00,0.00,54,34,86,77,0,0,0,0,0,57,72,84,84,0,99,51,58,58,0,0,59,30,0,0
Petar Markovic,20,1139126400,2006/02/05,Bundesliga,2026/2027,Defender,Grazer AK,25,0,25,Austria,2,0,2,0,0,0,0,0,0,0,0,0,0,0,2,0,2,0,0,0,0,0,0,0,0,7.2,13,13,0,0,0,-1,-1,-1,8,0,2.94,0,74,25.20,3.50,23,7,3.00,6,71,21.60,31,0.00,0.00,0.00,0,0.00,0.00,0.00,0.00,0,0.00,0.50,0.00,0.00,0.00,0.00,0.00,1.00,0.00,0.00,0.00,0.50,0.00,0.00,0.00,0.00,0.50,0.00,0.00,0,0,,0,0.00,18,0,0.00,41,0,0.00,23,0,2,0,16,0.00,99,0,0,0.00,26,0,54,0.00,27,0,0.00,99,0,0.00,0,0,0.00,0,0.00,21,1,3.60,91,0,0.00,0.00,0,0.00,0,0,0,0.00,0,2,0.00,0,7.20,99,N/A,N/A,N/A,N/A,0.00,0,0.00,0,0.00,0.00,0,85.71,0.00,41,99,0.00,0.00,0,33,33,0,0,0,0.00,0.00,0,53,5.87,1.00,7.20,2,0,0.00,0.00,99,0.00,0,0,0,0.00,0.00,0,0.00,0.00,0.00,0.00,0,0,0.00,71,0,11,72,7,0.01,9,0.01,0.04,0.00,19,0.00,0.00,18,0,0.00,0.00,3.60,0.50,98,1,0.00,18,0,94,86,0,75,94,0,0.00,99,1,0.00,3.60,14.40,2.00,4,1,40,94,3.60,0.50,25.00,1,3.60,0,0,0.00,0,0.00,99,0,0.00,0.00,54,4,86,34,0,0,0,0,0,57,72,84,84,0,99,29,58,58,0,0,59,72,0,0
Petar Petrović,21,1121238000,2005/07/13,Bundesliga,2026/2027,Defender,Sturm Graz,169,169,0,Montenegro,2,2,0,0,0,0,0,0,0,0,0,1,1,0,1,1,0,0,0,0,0,0,0,0,0,0.53,169,85,0,0,0,-1,-1,-1,12,0,6.95,0,74,45.27,42.50,71,85,35.50,71,61,37.81,72,0.00,0.00,0.00,0,0.00,0.00,2.66,2.50,5,0.00,0.50,0.00,0.00,0.00,1.00,0.50,0.50,0.00,0.53,0.50,0.50,0.00,0.00,0.03,0.00,0.50,0.00,0.00,0,0,,1,0.50,30,0,0.00,41,1,0.53,40,2,0,2,87,0.00,99,0,2,1.07,72,0,54,0.00,27,0,0.00,99,0,0.00,0,0,0.00,0,0.00,21,1,0.53,33,1,0.53,100.00,0,0.00,0,0,0,0.00,0,1,0.00,85,0.53,7,N/A,N/A,N/A,N/A,0.00,0,0.00,0,0.06,0.00,0,83.53,0.00,41,99,0.00,0.00,0,55,99,0,0,0,0.00,0.00,0,53,13.89,5.50,5.86,11,0,0.00,0.00,99,0.00,0,0,0,0.00,0.00,0,0.00,0.00,0.00,0.00,0,0,0.00,71,22,11,72,92,0.13,29,0.07,0.07,0.06,31,0.03,0.03,37,1,0.50,0.53,0.00,0.00,19,0,0.03,31,70,92,86,0,75,32,0,0.00,99,1,0.00,0.53,6.92,6.50,13,6,31,30,3.20,3.00,46.15,1,0.53,52,0,0.00,0,0.00,99,0,0.00,0.00,54,34,49,95,0,0,0,0,0,57,72,84,84,0,99,89,58,58,0,0,59,21,0,0
Peter Michorl,31,800002800,1995/05/09,Bundesliga,2026/2027,Midfielder,Grazer AK,443,180,263,Austria,5,2,3,0,0,0,1,1,0,0,0,1,1,0,13,1,12,3,0,0.2,0.2,0,0,0,0,2.64,34,89,148,443,0.61,81,33,-1,14,0,6.85,0.2,79,48.35,47.60,75,238,39.40,197,58,40.02,74,0.00,0.00,2.20,11,0.00,5.00,0.61,0.60,3,0.00,0.60,0.00,0.00,0.00,0.00,0.00,2.60,0.00,1.63,1.20,0.20,0.00,0.40,0.12,0.00,0.60,0.00,0.00,0,0,,8,1.60,65,2,0.41,62,6,1.22,72,1,0,5,25,0.00,99,0,0,0.00,26,25,90,5.08,91,0,0.00,99,0,0.00,0,0,0.00,0,2.23,88,1,0.20,23,0,0.00,0.00,0,0.00,0,0,0,0.00,0,13,0.00,5,2.64,90,N/A,N/A,N/A,N/A,0.00,0,0.00,0,0.62,0.00,0,82.77,25.00,59,55,0.40,0.41,2,33,33,0,0,0,0.20,0.20,1,59,34.26,0.80,0.81,4,0,0.00,0.00,99,0.00,0,0,2,0.40,0.41,0,0.00,0.00,0.00,0.00,0,0,0.00,71,81,93,72,12,1.36,83,0.27,0.28,0.62,59,0.12,0.13,70,5,1.00,1.02,0.61,0.60,43,3,0.13,58,58,31,98,0,75,37,0,0.00,99,3,0.00,0.61,5.69,5.60,28,11,16,18,2.23,2.20,39.29,3,0.61,50,0,40.00,0,0.00,99,10,2.00,2.03,97,97,49,77,0,0,0,0,0,64,72,84,84,0,99,45,67,92,3,60,99,34,0,0
Petter Nosakhare Dahl,23,1043222400,2003/01/22,Bundesliga,2026/2027,Forward,Rapid Wien,278,168,110,Norway,5,3,2,2,2,0,1,1,0,0,0,2,2,0,0,0,0,0,0,0.97,0.32,0.65,1.07,0,139,0,0,56,0,278,0,5,11,-1,3,0,6.91,0.2,90,23.31,14.40,21,72,11.40,57,45,18.45,24,0.00,0.00,0.40,2,0.00,0.80,1.29,0.80,4,0.00,1.40,0.00,0.00,0.00,0.80,2.00,0.40,6.00,3.88,1.40,4.20,0.00,1.00,0.43,0.00,0.20,0.00,0.00,0,0,,12,2.40,94,5,1.62,95,7,2.27,92,1,2,3,46,0.00,99,0,4,1.29,80,4,54,1.29,59,0,0.00,99,0,0.00,0,0,0.00,0,0.65,43,21,6.80,99,10,3.24,47.62,0,0.00,0,0,0,0.00,0,2,0.00,99,0.65,11,N/A,N/A,N/A,N/A,0.00,0,0.00,0,2.15,0.00,0,79.17,41.67,78,41,0.40,0.65,2,99,55,0,0,0,0.00,0.00,0,53,34.55,0.20,0.32,1,0,0.00,0.00,99,0.00,0,0,0,0.00,0.00,0,0.00,0.00,0.32,0.20,1,0,16.67,83,48,93,78,7,0.81,81,0.16,0.26,2.15,96,0.43,0.70,99,9,1.80,2.91,2.27,1.40,93,7,0.70,95,64,12,86,0,84,21,0,0.00,99,1,0.00,0.32,16.19,10.00,50,24,95,97,7.77,4.80,48.00,7,2.27,5,0,0.00,0,0.00,99,0,0.00,0.00,54,50,86,77,0,0,0,0,0,94,94,84,96,0,99,81,58,58,0,0,59,10,0,0
Philipp Maybach,18,1197619200,2007/12/14,Bundesliga,2026/2027,Midfielder,Austria Wien,105,0,105,Austria,2,0,2,0,0,0,0,0,0,0,0,1,0,1,4,0,4,0,0,0,0,0,0,0,0,3.43,26,53,0,0,0,-1,-1,-1,5,0,6.57,0,74,29.14,17.00,35,34,14.50,29,70,24.86,44,0.00,0.00,0.50,1,0.00,0.00,1.71,1.00,2,0.00,0.50,0.00,0.00,0.00,1.00,1.50,2.00,0.00,0.00,0.00,2.00,0.00,0.00,0.00,0.00,0.00,0.00,0.00,0,0,,0,0.00,18,0,0.00,41,0,0.00,23,0,1,1,65,0.00,99,0,2,1.71,90,0,54,0.00,27,0,0.00,99,0,0.00,0,0,0.00,0,0.86,52,4,3.43,90,3,2.57,75.00,0,0.00,0,0,0,0.00,0,4,0.00,3,3.43,91,N/A,N/A,N/A,N/A,0.00,0,0.00,0,0.00,0.00,0,85.29,0.00,41,99,0.00,0.00,0,97,83,0,0,0,0.00,0.00,0,53,13.13,2.00,3.43,4,0,0.00,0.00,99,0.00,0,0,0,0.00,0.00,0,0.00,0.00,0.00,0.00,0,0,0.00,71,11,11,72,10,0.09,33,0.04,0.08,0.00,19,0.00,0.00,18,0,0.00,0.00,0.00,0.00,19,0,0.00,18,25,74,86,0,75,15,0,0.00,99,0,0.00,0.00,8.57,5.00,10,5,55,48,4.29,2.50,50.00,1,0.86,40,0,0.00,0,0.00,99,0,0.00,0.00,54,18,74,34,0,0,0,0,0,57,72,84,84,0,99,89,58,58,0,0,59,6,0,0
Philipp Pomer,29,871369200,1997/08/12,Bundesliga,2026/2027,Midfielder,Ried,134,90,44,Austria,2,1,1,1,1,0,0,0,0,0,0,0,0,0,2,1,1,0,0,0.67,0,0.67,1,0,134,1.34,67,67,0,0,0,-1,-1,-1,2,0,6.65,0,74,36.94,27.50,54,55,21.00,42,36,28.21,52,0.00,0.00,1.00,2,0.00,4.50,0.67,0.50,1,0.00,1.00,0.00,0.00,0.00,0.00,0.00,1.00,3.00,2.01,1.00,1.50,0.00,0.50,0.40,0.00,2.00,0.00,0.00,0,0,,3,1.50,72,1,0.67,72,2,1.34,77,0,1,1,26,0.00,99,0,0,0.00,26,9,67,6.04,95,0,0.00,99,0,0.00,0,0,0.00,0,1.34,75,3,2.01,71,0,0.00,0.00,0,0.00,0,0,0,0.00,0,2,0.00,47,1.34,45,N/A,N/A,N/A,N/A,0.00,0,0.00,0,0.80,0.00,0,76.36,33.33,71,39,0.50,0.67,1,33,33,0,0,0,0.00,0.00,0,53,13.30,3.50,4.70,7,0,0.00,0.00,99,0.00,0,0,0,0.00,0.00,0,0.00,0.00,0.00,0.00,0,0,33.33,96,13,11,77,54,0.15,50,0.07,0.10,0.80,93,0.40,0.54,18,0,0.00,0.00,0.00,0.00,19,0,0.54,90,34,85,86,0,75,88,0,0.00,99,4,0.00,2.69,8.73,6.50,13,5,34,52,3.36,2.50,38.46,2,1.34,20,0,22.22,0,0.00,99,2,1.00,1.34,92,18,74,34,0,0,0,0,0,89,95,84,95,0,99,29,58,58,0,0,59,17,0,0
Phillip Böhm,24,1013500800,2002/02/12,Bundesliga,2026/2027,Goalkeeper,Austria Lustenau,90,90,0,Germany,1,1,0,0,0,0,0,0,0,0,0,0,0,0,4,4,0,1,0,0,0,0,0,0,0,4,23,90,90,0,1,-1,-1,-1,8,0,5.99,0,74,38.00,38.00,59,38,32.00,32,64,32.00,63,0.00,0.00,0.00,0,0.00,0.00,0.00,0.00,0,0.00,0.00,0.00,0.00,2.00,0.00,0.00,6.00,0.00,0.00,0.00,0.00,0.00,0.00,0.00,0.00,0.00,0.00,0.00,0,0,,0,0.00,18,0,0.00,41,0,0.00,23,0,0,1,16,0.00,99,0,0,0.00,26,0,54,0.00,27,0,0.00,99,0,0.00,0,0,0.00,0,0.00,21,0,0.00,19,0,0.00,0.00,0,0.00,0,2,12,2.00,31,6,0.00,2,6.00,99,N/A,N/A,N/A,N/A,33.33,0,0.00,0,0.00,0.00,0,84.21,0.00,41,99,0.00,0.00,0,33,33,0,0,2,0.00,0.00,0,53,5.99,4.00,4.00,4,1,0.00,1.00,0,1.00,0,0,0,0.00,0.00,0,0.00,0.00,0.00,0.00,0,0,0.00,71,9,3,72,9,0.06,24,0.06,0.06,0.00,19,0.00,0.00,18,0,0.00,0.00,1.00,1.00,64,1,0.00,18,6,79,86,0,75,15,0,0.00,99,0,0.00,0.00,1.00,1.00,1,0,3,6,0.00,0.00,0.00,0,0.00,99,0,0.00,0,0.00,99,0,0.00,0.00,54,18,49,34,0,0,0,0,0,57,72,84,84,0,99,29,63,96,1,100,99,30,0,0
Phillip Verhounig,20,1136448000,2006/01/05,Bundesliga,2026/2027,Forward,Wolfsberger AC,129,39,90,Austria,4,2,2,0,0,0,0,0,0,0,0,2,1,1,1,1,0,0,0,0,0,0,0,0,0,0.7,129,32,0,0,0,-1,-1,-1,11,0,6.60,0,74,25.81,9.25,24,37,6.25,25,16,17.44,22,0.00,0.00,0.50,2,0.00,0.00,1.40,0.50,2,0.00,0.25,0.00,0.00,0.00,0.00,0.25,0.25,0.00,2.79,0.75,0.75,0.00,0.25,0.06,0.00,0.50,0.00,0.00,0,0,,4,1.00,86,1,0.70,75,3,2.09,90,1,3,1,51,0.00,99,0,0,0.00,26,0,54,0.00,27,0,0.00,99,0,0.00,0,0,0.00,0,1.40,75,3,2.09,74,1,0.70,33.33,0,0.00,0,0,0,0.00,0,1,0.00,80,0.70,13,N/A,N/A,N/A,N/A,0.00,0,0.00,0,0.25,0.00,0,67.57,25.00,59,99,0.00,0.00,0,63,46,0,0,0,0.00,0.00,0,53,26.39,0.25,0.70,1,0,0.00,0.00,99,0.00,0,0,1,0.25,0.70,0,0.00,0.00,0.00,0.00,0,0,0.00,71,12,38,72,87,0.14,50,0.04,0.10,0.25,65,0.06,0.17,94,3,0.75,2.09,2.79,1.00,98,4,0.17,65,30,27,99,0,75,64,0,0.00,99,2,0.00,1.40,16.05,5.75,23,8,72,96,5.58,2.00,34.78,1,0.70,46,0,0.00,0,0.00,99,0,0.00,0.00,54,18,95,77,0,0,0,0,0,57,72,84,84,0,99,89,58,58,0,0,59,23,0,0
Pius Grabher,33,745052400,1993/08/11,Bundesliga,2026/2027,Midfielder,Austria Lustenau,24,11,13,Austria,4,2,2,0,0,0,0,0,0,0,0,0,0,0,0,0,0,0,0,0,0,0,0,0,0,0,0,6,0,0,0,-1,-1,-1,10,0,3.25,0,74,75.00,5.00,96,20,4.00,16,50,60.00,93,0.00,0.00,0.25,1,0.00,0.00,0.00,0.00,0,0.00,0.00,0.00,0.00,0.00,0.00,0.00,0.00,0.00,0.00,0.00,0.00,0.00,0.00,0.00,0.00,0.00,0.00,0.00,0,0,,0,0.00,18,0,0.00,41,0,0.00,23,0,4,0,16,0.00,99,0,0,0.00,26,0,54,0.00,27,0,0.00,99,0,0.00,0,0,0.00,0,3.75,99,0,0.00,19,0,0.00,0.00,0,0.00,0,0,0,0.00,0,0,0.00,99,0.00,0,N/A,N/A,N/A,N/A,0.00,0,0.00,0,0.00,0.00,0,80.00,0.00,41,99,0.00,0.00,0,33,33,0,0,0,0.00,0.00,0,53,13.01,0.25,3.75,1,0,0.00,0.00,99,0.00,0,0,0,0.00,0.00,0,0.00,0.00,0.00,0.00,0,0,0.00,71,0,38,72,7,0.07,81,0.02,0.26,0.00,19,0.00,0.00,99,2,0.50,7.50,3.75,0.25,98,1,0.00,18,0,77,86,0,75,15,0,0.00,99,0,0.00,0.00,22.50,1.50,6,2,94,99,7.50,0.50,33.33,0,0.00,99,0,0.00,0,0.00,99,0,0.00,0.00,54,4,99,34,0,0,0,0,0,57,72,84,84,0,99,29,58,58,0,0,59,23,0,0
Precious Benjamin,19,1159686000,2006/10/01,Bundesliga,2026/2027,Forward,Austria Lustenau,145,98,47,Nigeria,5,3,2,0,0,0,0,0,0,0,0,0,0,0,2,1,1,0,0,0,0,0,0,0,0,1.24,73,29,0,0,0,-1,-1,-1,21,0,5.15,0,74,13.03,4.20,4,21,3.80,19,89,11.79,12,0.00,0.00,0.60,3,0.00,0.00,0.00,0.00,0,0.00,0.40,0.00,0.00,0.00,0.00,0.00,0.40,0.00,4.34,0.80,0.00,0.00,0.60,0.11,0.00,0.40,0.00,0.00,0,0,,7,1.40,96,3,1.86,96,4,2.48,92,4,3,2,16,0.00,99,0,0,0.00,26,0,54,0.00,27,0,0.00,99,0,0.00,0,0,0.00,0,1.86,82,0,0.00,19,0,0.00,0.00,0,0.00,0,0,0,0.00,0,2,0.00,53,1.24,38,N/A,N/A,N/A,N/A,0.00,0,0.00,0,0.57,0.00,0,90.48,42.86,79,42,0.20,0.62,1,33,33,0,0,0,0.00,0.00,0,53,25.73,0.20,0.62,1,0,0.00,0.00,99,0.00,0,0,0,0.00,0.00,0,0.00,0.00,1.24,0.40,2,0,0.00,71,16,93,72,60,0.15,43,0.03,0.09,0.57,83,0.11,0.35,46,1,0.20,0.62,0.62,0.20,44,1,0.35,82,3,23,86,0,98,59,0,0.00,99,2,0.00,1.24,11.17,3.60,18,3,13,79,1.86,0.60,16.67,2,1.24,24,0,0.00,0,0.00,99,0,0.00,0.00,54,34,95,99,0,0,0,0,0,57,72,84,84,0,99,29,58,58,0,0,59,14,0,0
Raffael Behounek,29,861174000,1997/04/16,Bundesliga,2026/2027,Defender,Wolfsberger AC,362,182,180,Austria,5,3,2,0,0,0,0,0,0,0,0,2,1,1,3,1,2,2,1,0,0,0,0,0,0,0.75,121,72,121,0,0.75,102,104,11,4,0,6.49,0,74,49.48,39.80,79,199,34.40,172,74,42.76,79,0.00,0.00,0.40,2,0.00,0.20,1.24,1.00,5,0.00,0.80,0.00,0.00,0.00,0.20,0.20,0.60,0.00,0.25,0.00,0.20,0.00,0.20,0.03,0.00,1.00,0.00,0.00,0,0,,1,0.20,20,1,0.25,53,0,0.00,23,0,0,5,44,0.00,99,0,1,0.25,31,1,54,0.25,32,0,0.00,99,0,0.00,0,0,0.00,0,0.50,37,1,0.25,25,1,0.25,100.00,0,0.00,0,0,0,0.00,0,3,0.00,78,0.75,15,N/A,N/A,N/A,N/A,0.00,0,0.00,0,0.15,0.00,0,86.43,100.00,99,37,0.60,0.75,3,39,99,0,0,0,0.20,0.25,1,64,32.46,5.80,7.21,29,0,0.00,0.00,99,0.00,0,0,0,0.00,0.00,0,0.00,0.00,0.00,0.00,0,0,0.00,71,65,93,72,85,0.42,50,0.08,0.10,0.15,35,0.03,0.04,21,1,0.20,0.25,0.99,0.80,61,4,0.04,35,17,95,86,0,75,59,0,0.00,99,5,0.00,1.24,6.46,5.20,26,12,27,25,2.98,2.40,46.15,4,0.99,35,0,0.00,0,0.00,99,0,0.00,0.00,54,97,49,34,0,0,0,0,0,57,72,84,84,0,99,81,65,94,1,20,79,6,0,0
Raphael Gschösser,20,1145516400,2006/04/20,Bundesliga,2026/2027,Midfielder,Wattens,270,161,109,Austria,5,2,3,0,0,0,1,1,0,0,0,2,0,2,7,4,3,2,0,0.33,0.33,0,0,0,0,2.33,39,54,135,270,0.67,-1,-1,-1,17,0,6.51,0.2,91,32.33,19.40,45,97,15.40,77,46,25.67,47,0.00,0.00,0.80,4,0.00,0.40,1.67,1.00,5,0.00,0.20,0.00,0.00,0.00,0.40,0.60,1.40,0.00,0.33,0.20,0.80,0.00,0.00,0.01,0.00,0.40,0.00,0.00,0,0,,1,0.20,23,0,0.00,41,1,0.33,28,1,2,3,62,0.00,99,0,2,0.67,51,2,54,0.67,45,0,0.00,99,0,0.00,0,0,0.00,0,1.33,74,4,1.33,56,3,1.00,75.00,0,0.00,0,0,0,0.00,0,7,0.00,12,2.33,82,N/A,N/A,N/A,N/A,0.00,0,0.00,0,0.05,0.00,0,79.38,0.00,41,4,1.20,2.00,6,75,83,0,0,0,0.20,0.33,1,67,32.57,2.60,4.33,13,0,0.00,0.00,99,0.00,0,0,1,0.20,0.33,0,0.00,0.00,0.00,0.00,0,0,0.00,71,46,93,72,20,0.90,86,0.18,0.30,0.05,26,0.01,0.02,96,7,1.40,2.33,2.33,1.40,94,7,0.02,26,20,83,94,0,75,41,0,0.00,99,2,0.00,0.67,10.33,6.20,31,17,74,73,5.67,3.40,54.84,1,0.33,66,0,0.00,0,0.00,99,0,0.00,0.00,54,50,86,77,0,0,0,0,0,74,72,84,84,0,99,81,65,94,2,40,96,32,0,0
Rassa Rahmani,26,945158400,1999/12/14,Bundesliga,2026/2027,Defender,Rheindorf Altach,90,0,90,Sweden,1,0,1,0,0,0,0,0,0,0,0,0,0,0,3,0,3,0,0,0,0,0,0,0,0,3,30,90,0,0,0,-1,-1,-1,5,0,6.59,0,74,35.00,35.00,50,35,32.00,32,91,32.00,63,0.00,0.00,0.00,0,0.00,0.00,1.00,1.00,1,0.00,0.00,0.00,0.00,0.00,0.00,0.00,3.00,0.00,1.00,0.00,0.00,0.00,1.00,0.15,0.00,2.00,0.00,0.00,0,0,,1,1.00,50,1,1.00,82,0,0.00,23,0,0,1,35,0.00,99,0,0,0.00,26,0,54,0.00,27,0,0.00,99,0,0.00,0,0,0.00,0,0.00,21,0,0.00,19,0,0.00,0.00,0,0.00,0,0,0,0.00,0,3,0.00,4,3.00,90,N/A,N/A,N/A,N/A,0.00,0,0.00,0,0.15,0.00,0,91.43,100.00,99,99,0.00,0.00,0,33,33,0,0,0,1.00,1.00,1,94,6.59,0.00,0.00,0,0,0.00,0.00,99,0.00,0,0,0,0.00,0.00,0,0.00,0.00,0.00,0.00,0,0,0.00,71,9,3,72,11,0.06,24,0.06,0.06,0.15,61,0.15,0.15,18,0,0.00,0.00,1.00,1.00,64,1,0.15,61,29,7,86,0,75,78,0,0.00,99,2,0.00,2.00,4.00,4.00,4,3,28,9,3.00,3.00,75.00,0,0.00,99,0,0.00,0,0.00,99,0,0.00,0.00,54,18,49,34,0,0,0,0,0,57,72,84,84,0,99,29,58,58,0,0,59,16,0,0
Reinhold Ranftl,34,696240000,1992/01/24,Bundesliga,2026/2027,Defender,Austria Wien,450,180,270,Austria,5,2,3,0,0,0,0,0,0,0,0,1,0,1,10,3,7,1,0,0,0,0,0,0,0,2,45,90,450,0,0.2,92,95,45,13,0,6.69,0,74,42.00,42.00,66,210,32.40,162,37,32.40,63,0.00,0.00,0.60,3,0.00,3.60,3.00,3.00,15,0.00,0.40,0.00,0.00,0.00,0.80,0.00,2.00,0.00,1.00,0.60,1.00,0.00,0.40,0.08,0.00,0.60,0.00,0.00,0,0,,5,1.00,50,2,0.40,61,3,0.60,43,0,0,5,92,0.00,99,0,4,0.80,56,18,55,3.60,83,0,0.00,99,0,0.00,0,0,0.00,0,0.60,41,5,1.00,50,0,0.00,0.00,0,0.00,0,0,0,0.00,0,10,0.00,22,2.00,71,N/A,N/A,N/A,N/A,0.00,0,0.00,0,0.40,0.00,0,77.14,40.00,77,5,1.80,1.80,9,33,33,0,0,0,0.60,0.60,3,82,33.43,3.00,3.00,15,0,0.00,0.00,99,0.00,0,0,0,0.00,0.00,0,0.00,0.00,0.60,0.60,3,0,0.00,71,95,93,72,29,0.48,50,0.10,0.10,0.40,50,0.08,0.08,44,3,0.60,0.60,1.20,1.20,74,6,0.08,50,39,70,86,0,91,36,0,0.00,99,3,0.00,0.60,10.00,10.00,50,21,54,66,4.20,4.20,42.00,2,0.40,61,0,5.56,0,0.00,99,1,0.20,0.20,59,97,49,34,0,0,0,0,0,57,72,84,84,0,99,45,99,63,1,20,79,26,0,0
Rene Renner,32,754560000,1993/11/29,Bundesliga,2026/2027,Defender,Wolfsberger AC,177,115,62,Austria,5,3,2,0,0,0,0,0,0,0,0,2,1,1,3,3,0,1,0,0,0,0,0,0,0,1.53,59,35,177,0,0.51,-1,-1,-1,7,0,6.62,0,74,20.34,8.00,18,40,6.00,30,32,15.25,19,0.00,0.00,0.60,3,0.00,0.20,3.05,1.20,6,0.00,0.20,0.00,0.00,0.00,1.00,0.00,0.60,0.00,0.51,0.00,0.20,0.00,0.20,0.02,0.00,0.00,0.00,0.00,0,0,,1,0.20,30,1,0.51,67,0,0.00,23,2,4,1,93,0.00,99,0,5,2.54,98,1,54,0.51,41,0,0.00,99,0,0.00,0,0,0.00,0,1.53,77,1,0.51,32,0,0.00,0.00,0,0.00,0,0,0,0.00,0,3,0.00,35,1.53,53,N/A,N/A,N/A,N/A,0.00,0,0.00,0,0.12,0.00,0,75.00,100.00,99,3,0.80,2.03,4,33,33,0,0,0,0.00,0.00,0,53,33.09,1.60,4.07,8,0,0.00,0.00,99,0.00,0,0,0,0.00,0.00,0,0.00,0.00,0.00,0.00,0,0,0.00,71,22,93,72,43,0.17,43,0.03,0.09,0.12,45,0.02,0.06,36,1,0.20,0.51,1.02,0.40,66,2,0.06,44,31,80,86,0,75,15,0,0.00,99,0,0.00,0.00,8.14,3.20,16,7,39,43,3.56,1.40,43.75,1,0.51,53,0,0.00,0,0.00,99,0,0.00,0.00,54,18,99,95,0,0,0,0,0,57,72,84,84,0,99,81,72,87,1,20,79,77,0,0
Robert Ljubicic,27,931935600,1999/07/14,Bundesliga,2026/2027,Midfielder,LASK Linz,203,141,62,Austria,3,2,1,0,0,0,0,0,0,0,0,2,1,1,1,1,0,1,1,0,0,0,0,0,0,0.44,203,68,102,0,0.89,-1,-1,-1,18,0,6.63,0,74,54.98,41.33,84,124,37.67,113,91,50.10,86,0.00,0.00,1.67,5,0.00,0.00,0.00,0.00,0,0.00,1.33,0.00,0.00,0.00,0.00,0.33,0.33,0.00,1.77,1.00,0.67,0.00,0.33,0.09,0.00,0.00,0.00,0.00,0,0,,4,1.33,67,1,0.44,64,3,1.33,76,1,0,3,16,0.00,99,0,0,0.00,26,0,54,0.00,27,0,0.00,99,0,0.00,0,0,0.00,0,2.22,88,2,0.89,44,1,0.44,50.00,0,0.00,0,0,0,0.00,0,1,0.00,88,0.44,5,N/A,N/A,N/A,N/A,0.00,0,0.00,0,0.26,0.00,0,91.13,25.00,59,6,1.33,1.77,4,50,63,0,0,0,0.00,0.00,0,53,19.90,0.33,0.44,1,0,0.00,0.00,99,0.00,0,0,0,0.00,0.00,0,0.00,0.00,0.00,0.00,0,0,0.00,71,28,24,72,95,0.37,70,0.12,0.16,0.26,57,0.09,0.12,89,4,1.33,1.77,2.66,2.00,97,6,0.12,57,32,16,86,0,75,15,0,0.00,99,0,0.00,0.00,9.75,7.33,22,5,15,64,2.22,1.67,22.73,4,1.77,9,0,0.00,0,0.00,99,0,0.00,0.00,54,50,49,77,0,0,0,0,0,57,72,84,84,0,99,99,64,95,0,0,59,10,0,0
Robin Voisine,24,1018166400,2002/04/07,Bundesliga,2026/2027,Defender,Austria Lustenau,5,5,0,France,1,1,0,0,0,0,0,0,0,0,0,0,0,0,0,0,0,0,0,0,0,0,0,0,0,0,0,5,0,0,0,-1,-1,-1,11,0,6.68,0,74,144.00,8.00,99,8,8.00,8,99,144.00,99,0.00,0.00,0.00,0,0.00,0.00,36.00,2.00,2,0.00,0.00,0.00,0.00,0.00,0.00,0.00,0.00,0.00,0.00,0.00,0.00,0.00,0.00,0.00,0.00,0.00,0.00,0.00,0,0,,0,0.00,18,0,0.00,41,0,0.00,23,0,1,0,99,0.00,99,0,0,0.00,26,0,54,0.00,27,0,0.00,99,0,0.00,0,0,0.00,0,0.00,21,0,0.00,19,0,0.00,0.00,0,0.00,0,0,0,0.00,0,0,0.00,99,0.00,0,N/A,N/A,N/A,N/A,0.00,0,0.00,0,0.00,0.00,0,100.00,0.00,41,99,0.00,0.00,0,33,33,0,0,0,0.00,0.00,0,53,6.68,1.00,18.00,1,0,0.00,0.00,99,0.00,0,0,0,0.00,0.00,0,0.00,0.00,0.00,0.00,0,0,0.00,71,0,3,72,7,0.02,91,0.02,0.36,0.00,19,0.00,0.00,18,0,0.00,0.00,0.00,0.00,19,0,0.00,18,36,99,86,0,75,15,0,0.00,99,0,0.00,0.00,36.00,2.00,2,2,99,99,36.00,2.00,100.00,0,0.00,99,0,0.00,0,0.00,99,0,0.00,0.00,54,4,74,34,0,0,0,0,0,57,72,84,84,0,99,29,58,58,0,0,59,18,0,0
Rodney Elongo-Yombo,25,996217200,2001/07/27,Bundesliga,2026/2027,Forward,Rheindorf Altach,13,0,13,Germany,1,0,1,0,0,0,0,0,0,0,0,0,0,0,1,0,1,0,0,0,0,0,0,0,0,6.92,13,13,0,0,0,-1,-1,-1,19,0,5.98,0,74,27.69,4.00,28,4,1.00,1,0,6.92,2,0.00,0.00,0.00,0,0.00,0.00,0.00,0.00,0,0.00,0.00,0.00,0.00,0.00,0.00,0.00,1.00,0.00,6.92,1.00,2.00,0.00,0.00,0.06,0.00,0.00,0.00,0.00,0,0,,1,1.00,99,0,0.00,41,1,6.92,99,0,1,0,16,0.00,99,0,0,0.00,26,0,54,0.00,27,0,0.00,99,0,0.00,0,0,0.00,0,0.00,21,2,13.85,99,0,0.00,0.00,0,0.00,0,0,0,0.00,0,1,0.00,0,6.92,99,N/A,N/A,N/A,N/A,0.00,0,0.00,0,0.06,0.00,0,25.00,0.00,41,99,0.00,0.00,0,33,33,0,0,0,0.00,0.00,0,53,5.98,0.00,0.00,0,0,0.00,0.00,99,0.00,0,0,0,0.00,0.00,0,0.00,0.00,0.00,0.00,0,0,0.00,71,0,3,72,7,0.00,0,0.00,0.00,0.06,88,0.06,0.42,18,0,0.00,0.00,0.00,0.00,19,0,0.42,86,6,7,86,0,75,15,0,0.00,99,0,0.00,0.00,13.85,2.00,2,0,3,91,0.00,0.00,0.00,0,0.00,99,0,0.00,0,0.00,99,0,0.00,0.00,54,4,74,34,0,0,0,0,0,57,72,84,84,0,99,29,58,58,0,0,59,39,0,0
Ryan Fosso,24,1024297200,2002/06/17,Bundesliga,2026/2027,Midfielder,Sturm Graz,90,0,90,Switzerland,1,0,1,0,0,0,0,0,0,0,0,0,0,0,1,0,1,1,0,0,0,0,0,0,0,1,90,90,90,0,1,-1,-1,-1,16,0,6.25,0,74,49.00,49.00,77,49,41.00,41,62,41.00,76,0.00,0.00,0.00,0,0.00,1.00,0.00,0.00,0,0.00,1.00,0.00,0.00,0.00,0.00,0.00,1.00,0.00,0.00,0.00,0.00,0.00,0.00,0.00,0.00,0.00,0.00,0.00,0,0,,0,0.00,18,0,0.00,41,0,0.00,23,0,0,1,16,0.00,99,0,0,0.00,26,1,54,1.00,54,0,0.00,99,0,0.00,0,0,0.00,0,0.00,21,0,0.00,19,0,0.00,0.00,0,0.00,0,0,0,0.00,0,1,0.00,71,1.00,24,N/A,N/A,N/A,N/A,0.00,0,0.00,0,0.00,0.00,0,83.67,0.00,41,4,2.00,2.00,2,33,33,0,0,0,0.00,0.00,0,53,6.25,0.00,0.00,0,0,0.00,0.00,99,0.00,0,0,0,0.00,0.00,0,0.00,0.00,0.00,0.00,0,0,0.00,71,9,3,72,77,0.10,50,0.10,0.10,0.00,19,0.00,0.00,18,0,0.00,0.00,1.00,1.00,64,1,0.00,18,7,7,86,0,75,15,0,0.00,99,0,0.00,0.00,5.00,5.00,5,0,3,14,0.00,0.00,0.00,1,1.00,34,0,0.00,0,0.00,99,0,0.00,0.00,54,18,49,34,0,0,0,0,0,57,72,84,84,0,99,29,63,96,1,100,99,80,0,0
Sacha Delaye,24,1019545200,2002/04/23,Bundesliga,2026/2027,Midfielder,Austria Lustenau,229,137,92,France,5,3,2,0,0,0,0,0,0,0,0,0,0,0,3,1,2,0,0,0,0,0,0,0,0,1.18,76,46,0,0,0,-1,-1,-1,20,0,6.95,0,74,25.94,13.20,25,66,9.20,46,20,18.08,23,0.00,0.00,1.60,8,0.00,3.00,2.36,1.20,6,0.00,0.60,0.00,0.00,0.00,0.80,0.00,0.60,0.00,3.93,1.40,0.20,0.00,0.60,0.15,0.00,0.20,0.00,0.00,0,0,,10,2.00,94,3,1.18,88,7,2.75,94,1,3,2,81,0.00,99,0,4,1.57,88,15,76,5.90,94,0,0.00,99,0,0.00,0,0,0.00,0,3.14,97,1,0.39,28,0,0.00,0.00,0,0.00,0,0,0,0.00,0,3,0.00,61,1.18,33,N/A,N/A,N/A,N/A,0.00,0,0.00,0,0.77,0.00,0,69.70,30.00,64,58,0.20,0.39,1,33,33,0,0,0,0.00,0.00,0,53,34.73,0.40,0.79,2,0,0.00,0.00,99,0.00,0,0,0,0.00,0.00,0,0.00,0.00,0.00,0.00,0,0,0.00,71,35,93,72,68,0.45,71,0.09,0.18,0.77,77,0.15,0.30,76,3,0.60,1.18,1.18,0.60,73,3,0.30,77,70,30,86,0,75,24,0,0.00,99,1,0.00,0.39,8.25,4.20,21,9,38,44,3.54,1.80,42.86,3,1.18,27,0,26.67,0,0.00,99,4,0.80,1.57,94,34,95,77,0,0,0,0,0,57,72,84,84,0,99,29,58,58,0,0,59,19,0,0
Salif Tietietta,21,1101715200,2004/11/29,Bundesliga,2026/2027,Midfielder,Rheindorf Altach,0,0,0,Burkina Faso,0,0,0,0,0,0,0,0,0,0,0,0,0,0,0,0,0,0,0,0,0,0,0,0,0,0,0,0,0,0,0,-1,-1,-1,-1,N/A,N/A,N/A,N/A,N/A,N/A,N/A,N/A,N/A,N/A,N/A,N/A,N/A,N/A,N/A,N/A,N/A,N/A,N/A,N/A,N/A,N/A,N/A,N/A,N/A,N/A,N/A,N/A,N/A,N/A,N/A,N/A,N/A,N/A,N/A,N/A,N/A,N/A,N/A,N/A,N/A,N/A,N/A,N/A,N/A,N/A,N/A,N/A,N/A,N/A,N/A,N/A,N/A,N/A,N/A,N/A,N/A,N/A,N/A,N/A,N/A,N/A,N/A,N/A,N/A,N/A,N/A,N/A,N/A,N/A,N/A,N/A,N/A,N/A,N/A,N/A,N/A,N/A,N/A,N/A,N/A,N/A,N/A,N/A,N/A,N/A,N/A,N/A,N/A,N/A,N/A,N/A,N/A,N/A,N/A,N/A,N/A,N/A,N/A,N/A,N/A,N/A,N/A,N/A,N/A,N/A,N/A,N/A,N/A,N/A,N/A,N/A,N/A,N/A,N/A,N/A,N/A,N/A,N/A,N/A,N/A,N/A,N/A,N/A,N/A,N/A,N/A,N/A,N/A,N/A,N/A,N/A,N/A,N/A,N/A,N/A,N/A,N/A,N/A,N/A,N/A,N/A,N/A,N/A,N/A,N/A,N/A,N/A,N/A,N/A,N/A,N/A,N/A,N/A,N/A,N/A,N/A,N/A,N/A,N/A,N/A,N/A,N/A,N/A,N/A,N/A,N/A,N/A,N/A,N/A,N/A,N/A,N/A,N/A,N/A,N/A,N/A,N/A,N/A,N/A,N/A,N/A,N/A,N/A,N/A,N/A,N/A,N/A,N/A,N/A,N/A,N/A,N/A,N/A,N/A,N/A,N/A,N/A,N/A,N/A,N/A,N/A,N/A,N/A,N/A,N/A,N/A,N/A,N/A,N/A,N/A,N/A,N/A,N/A,N/A,N/A,N/A,N/A,N/A,N/A,N/A,N/A,N/A,N/A
Salko Hamzić,19,1158476400,2006/09/17,Bundesliga,2026/2027,Goalkeeper,Wattens,450,180,270,Austria,5,2,3,0,0,0,0,0,0,0,0,2,0,2,7,4,3,0,0,0,0,0,0,0,0,1.4,64,90,0,0,0,79,82,30,6,0,7.13,0,74,40.80,40.80,62,204,25.60,128,9,25.60,46,0.00,0.00,0.00,0,0.00,0.00,0.00,0.00,0,0.00,0.00,0.00,0.00,4.40,0.00,0.00,5.80,0.00,0.00,0.00,0.00,0.00,0.00,0.00,0.00,0.40,0.00,0.00,0,0,,0,0.00,18,0,0.00,41,0,0.00,23,0,0,5,16,0.00,99,0,0,0.00,26,0,54,0.00,27,0,0.00,99,0,0.00,0,0,0.00,0,0.00,21,0,0.00,19,0,0.00,0.00,0,0.00,0,22,88,4.40,94,29,0.00,44,5.80,98,N/A,N/A,N/A,N/A,75.86,0,0.00,0,0.00,0.00,0,62.75,0.00,41,99,0.00,0.00,0,33,33,0,0,16,0.00,0.00,0,53,35.67,2.00,2.00,10,0,0.00,0.00,99,0.00,0,0,0,0.00,0.00,4,0.80,0.80,0.00,0.00,0,0,0.00,71,95,93,72,50,0.30,24,0.06,0.06,0.00,19,0.00,0.00,18,0,0.00,0.00,0.00,0.00,19,0,0.00,18,85,58,86,67,75,26,0,0.00,99,2,0.00,0.40,0.40,0.40,2,2,5,3,0.40,0.40,100.00,0,0.00,99,0,0.00,0,0.00,99,0,0.00,0.00,54,97,49,34,0,0,0,0,0,57,72,84,84,0,99,81,58,58,0,0,59,1,0,0
Samuel Adeniran,27,907138800,1998/09/30,Bundesliga,2026/2027,Forward,LASK Linz,212,122,90,USA,3,2,1,4,4,0,1,0,1,0,0,2,1,1,1,1,0,1,0,2.12,0.42,1.7,2.95,0,53,0.42,212,71,212,212,0.42,-1,-1,-1,2,0,7.96,0.33,94,16.98,13.33,10,40,10.33,31,38,13.16,14,0.00,0.00,0.33,1,0.00,0.33,0.00,0.00,0,0.00,1.00,0.00,0.00,0.00,0.00,0.67,0.33,2.75,4.67,1.67,1.33,0.00,2.00,1.08,0.00,2.33,0.00,0.00,0,0,,11,3.67,97,6,2.55,99,5,2.12,90,2,0,3,16,0.00,99,0,0,0.00,26,1,54,0.42,39,0,0.00,99,0,0.00,0,0,0.00,0,0.42,33,4,1.70,65,2,0.85,50.00,0,0.00,0,0,0,0.00,0,1,0.00,89,0.42,4,N/A,N/A,N/A,N/A,0.00,0,0.00,0,3.24,0.00,0,77.50,54.55,91,99,0.00,0.00,0,68,63,1,0,0,0.00,0.00,0,53,23.88,1.00,1.27,3,0,0.00,0.00,99,0.00,0,1,0,0.00,0.00,0,0.00,0.00,0.42,0.33,1,0,36.36,97,31,24,72,96,0.63,82,0.21,0.27,2.54,99,0.85,1.08,18,0,0.00,0.00,0.42,0.33,29,1,1.38,99,99,46,86,0,87,91,0,0.00,99,7,0.00,2.97,8.49,6.67,20,9,46,47,3.82,3.00,45.00,3,1.27,23,0,0.00,0,0.00,99,0,0.00,0.00,54,50,49,95,0,1,0,33,0,99,99,84,99,0,99,99,76,83,1,33,90,7,0,0
Samuel Johansen Chukwudi,23,1056524400,2003/06/25,Bundesliga,2026/2027,Defender,Ried,540,270,270,Faroe Islands,6,3,3,1,0,1,0,0,0,0,0,1,1,0,11,3,8,2,0,0.17,0,0.17,0,0.33,540,1.83,49,90,270,0,0.33,40,61,41,4,0,7.19,0,74,43.17,43.17,67,259,38.67,232,85,38.67,73,0.00,0.00,0.33,2,0.00,0.00,1.00,1.00,6,0.00,0.00,0.00,0.00,0.17,0.67,0.17,2.00,11.00,1.83,1.00,0.17,0.00,0.83,0.27,0.00,5.00,0.00,0.00,0,0,,11,1.83,69,5,0.83,77,6,1.00,63,0,0,6,35,0.00,99,0,4,0.67,51,0,54,0.00,27,0,0.00,99,0,0.00,0,0,0.00,0,0.33,29,1,0.17,20,1,0.17,100.00,0,0.00,0,1,6,0.17,6,12,0.00,29,2.00,71,N/A,N/A,N/A,N/A,8.33,0,0.00,0,1.63,0.00,0,89.58,45.45,82,73,0.17,0.17,1,34,99,0,0,0,0.83,0.83,5,90,43.16,7.17,7.17,43,0,0.00,0.00,99,0.00,0,0,0,0.00,0.00,0,0.00,0.00,0.33,0.33,2,0,9.09,74,99,99,99,37,0.48,33,0.08,0.08,1.63,75,0.27,0.27,49,4,0.67,0.67,0.67,0.67,46,4,0.27,75,88,94,86,0,84,99,0,0.00,99,30,0.00,5.00,10.00,10.00,60,41,90,66,6.83,6.83,68.33,0,0.00,99,0,0.00,0,0.00,99,0,0.00,0.00,54,99,49,34,0,0,0,0,0,58,72,85,84,0,99,34,83,75,2,33,90,28,0,0
Samuel Radlinger,33,721123200,1992/11/07,Bundesliga,2026/2027,Goalkeeper,Austria Wien,450,180,270,Austria,5,2,3,0,0,0,0,0,0,0,0,1,0,1,10,3,7,0,0,0,0,0,0,0,0,2,45,90,0,0,0,97,98,46,4,0,6.59,0,74,28.80,28.80,33,144,21.20,106,29,21.20,31,0.00,0.00,0.20,1,0.00,0.00,0.00,0.00,0,0.00,0.00,0.00,0.00,2.60,0.00,0.00,4.60,0.00,0.00,0.00,0.00,0.00,0.00,0.00,0.00,0.00,0.00,0.00,0,0,,0,0.00,18,0,0.00,41,0,0.00,23,0,0,5,16,0.00,99,0,0,0.00,26,0,54,0.00,27,0,0.00,99,0,0.00,0,0,0.00,0,0.20,25,0,0.00,19,0,0.00,0.00,0,0.00,0,13,19,2.60,38,23,0.00,22,4.60,94,N/A,N/A,N/A,N/A,56.52,0,0.00,0,0.00,0.00,0,73.61,0.00,41,72,0.20,0.20,1,33,33,0,0,8,0.00,0.00,0,53,32.96,1.00,1.00,5,0,0.00,0.00,99,0.00,1,0,0,0.00,0.00,1,0.20,0.20,0.00,0.00,0,0,0.00,71,95,93,72,29,0.27,17,0.05,0.05,0.00,19,0.00,0.00,30,2,0.40,0.40,0.00,0.00,19,0,0.00,18,29,37,86,17,75,15,0,0.00,99,0,0.00,0.00,0.60,0.60,3,2,5,4,0.40,0.40,66.67,0,0.00,99,0,0.00,0,0.00,99,0,0.00,0.00,54,97,49,34,0,0,0,0,0,57,72,84,84,0,99,45,58,58,0,0,59,1,0,0
Sanel Saljic,20,1133078400,2005/11/27,Bundesliga,2026/2027,Midfielder,Austria Wien,258,94,164,Austria,5,2,3,0,0,0,0,0,0,0,0,1,0,1,6,1,5,0,0,0,0,0,0,0,0,2.09,43,52,0,0,0,-1,-1,-1,18,0,6.58,0,74,17.44,10.00,11,50,7.40,37,30,12.91,14,0.00,0.00,0.40,2,0.00,1.40,1.40,0.80,4,0.00,0.60,0.00,0.00,0.00,0.20,0.40,1.20,0.00,0.35,0.20,1.00,0.00,0.00,0.01,0.00,0.00,0.00,0.00,0,0,,1,0.20,23,0,0.00,41,1,0.35,29,3,1,4,51,0.00,99,0,1,0.35,33,7,58,2.44,74,0,0.00,99,0,0.00,0,0,0.00,0,0.70,47,5,1.74,65,2,0.70,40.00,0,0.00,0,0,0,0.00,0,6,0.00,17,2.09,76,N/A,N/A,N/A,N/A,0.00,0,0.00,0,0.05,0.00,0,74.00,0.00,41,61,0.20,0.35,1,63,50,0,0,0,0.00,0.00,0,53,32.88,0.20,0.35,1,0,0.00,0.00,99,0.00,0,0,1,0.20,0.35,0,0.00,0.00,0.35,0.20,1,0,0.00,71,41,93,72,24,0.13,17,0.03,0.05,0.05,26,0.01,0.02,72,3,0.60,1.05,0.35,0.20,24,1,0.02,26,26,13,96,0,86,15,0,0.00,99,0,0.00,0.00,6.63,3.80,19,9,29,28,3.14,1.80,47.37,3,1.05,31,0,14.29,0,0.00,99,1,0.20,0.35,68,65,74,99,0,0,0,0,0,57,72,84,84,0,99,45,58,58,0,0,59,10,0,0
Sankara William Karamoko,22,1068364800,2003/11/09,Bundesliga,2026/2027,Forward,Wolfsberger AC,69,36,33,Ivory Coast,4,2,2,0,0,0,0,0,0,0,0,2,1,1,1,1,0,0,0,0,0,0,0,0,0,1.3,69,17,0,0,0,-1,-1,-1,8,0,6.59,0,74,18.26,3.50,15,14,1.50,6,0,7.83,4,0.00,0.00,0.25,1,0.00,0.00,1.30,0.25,1,0.00,0.25,0.00,0.00,0.00,0.25,0.25,0.25,0.00,2.61,0.50,0.50,0.00,0.00,0.03,0.00,1.25,0.00,0.00,0,0,,2,0.50,83,0,0.00,41,2,2.61,94,0,4,0,47,0.00,99,0,1,1.30,81,0,54,0.00,27,0,0.00,99,0,0.00,0,0,0.00,0,1.30,73,2,2.61,83,1,1.30,50.00,0,0.00,0,0,0,0.00,0,1,0.00,49,1.30,43,N/A,N/A,N/A,N/A,0.00,0,0.00,0,0.10,0.00,0,42.86,0.00,41,99,0.00,0.00,0,82,63,0,0,0,0.25,1.30,1,96,26.35,0.00,0.00,0,0,0.00,0.00,99,0.00,0,0,0,0.00,0.00,0,0.00,0.00,0.00,0.00,0,0,0.00,71,1,38,72,56,0.05,29,0.01,0.07,0.10,59,0.03,0.13,81,1,0.25,1.30,1.30,0.25,75,1,0.13,58,29,7,86,0,75,99,0,0.00,99,5,0.00,6.52,18.26,3.50,14,8,99,99,10.43,2.00,57.14,1,1.30,22,0,0.00,0,0.00,99,0,0.00,0.00,54,4,99,34,0,0,0,0,0,57,72,84,84,0,99,89,58,58,0,0,59,49,0,0
Sascha Horvath,30,840697200,1996/08/22,Bundesliga,2026/2027,Midfielder,LASK Linz,378,200,178,Austria,5,3,2,0,0,0,1,1,0,0,0,3,2,1,2,1,1,0,0,0.24,0.24,0,0,0,0,0.48,189,76,0,378,0,85,25,-1,16,0,7.02,0.2,84,56.90,47.80,86,239,40.80,204,70,48.57,84,0.00,0.00,2.60,13,0.00,3.40,0.95,0.80,4,0.00,1.20,0.00,0.00,0.00,0.60,1.00,0.40,0.00,1.67,1.20,2.40,0.00,0.20,0.07,0.00,0.20,0.00,0.00,0,0,,7,1.40,66,1,0.24,51,6,1.43,79,1,0,5,33,0.00,99,0,3,0.71,53,17,96,4.05,86,0,0.00,99,0,0.00,0,0,0.00,0,3.10,96,12,2.86,85,5,1.19,41.67,0,0.00,0,0,0,0.00,0,2,0.00,86,0.48,7,N/A,N/A,N/A,N/A,0.00,0,0.00,0,0.36,0.00,0,85.36,14.29,44,15,1.00,1.19,5,80,52,0,0,0,0.00,0.00,0,53,35.10,0.40,0.48,2,0,0.00,0.00,99,0.00,0,0,0,0.00,0.00,0,0.00,0.00,0.00,0.00,0,0,0.00,71,68,93,72,93,1.57,92,0.31,0.37,0.36,53,0.07,0.09,63,4,0.80,0.95,0.24,0.20,22,1,0.09,53,76,19,86,0,75,20,0,0.00,99,1,0.00,0.24,8.10,6.80,34,14,32,42,3.33,2.80,41.18,6,1.43,18,0,52.94,0,0.00,99,9,1.80,2.14,98,97,49,77,0,0,0,0,0,68,72,84,84,0,99,95,58,58,0,0,59,30,0,0
Seedy Jatta,23,1047974400,2003/03/18,Bundesliga,2026/2027,Forward,Sturm Graz,305,112,193,Norway,5,2,3,2,2,0,0,0,0,0,0,2,1,1,4,1,3,0,0,0.59,0,0.59,1.61,0,153,1.18,76,61,0,0,0,8,73,-1,2,0,6.76,0,74,11.76,8.00,3,40,5.00,25,8,7.35,2,0.00,0.00,0.80,4,0.00,0.00,0.59,0.40,2,0.00,1.20,0.00,0.00,0.00,0.00,0.60,0.80,4.00,2.35,0.80,2.20,0.00,0.80,0.37,0.00,0.80,0.00,0.00,0,0,,8,1.60,78,4,1.18,88,4,1.18,70,2,2,3,24,0.00,99,0,0,0.00,26,0,54,0.00,27,0,0.00,99,0,0.00,0,0,0.00,0,1.18,68,11,3.24,89,3,0.88,27.27,0,0.00,0,0,0,0.00,0,4,0.00,61,1.18,33,N/A,N/A,N/A,N/A,0.00,0,0.00,0,1.87,0.00,0,62.50,50.00,90,30,0.60,0.88,3,70,39,1,0,0,0.20,0.29,1,66,33.79,0.20,0.29,1,0,0.00,0.00,99,0.00,0,1,0,0.00,0.00,0,0.00,0.00,0.88,0.60,3,0,25.00,92,52,93,80,68,0.18,17,0.04,0.05,1.17,82,0.23,0.34,76,4,0.80,1.18,0.88,0.60,56,3,0.55,91,47,11,86,0,94,55,0,0.00,99,4,0.00,1.18,12.65,8.60,43,13,46,85,3.82,2.60,30.23,6,1.76,10,0,0.00,0,0.00,99,0,0.00,0.00,54,50,86,95,0,0,0,0,0,86,93,84,98,0,99,81,58,58,0,0,59,20,0,0
Serge Philippe Raux Yao,27,928047600,1999/05/30,Bundesliga,2026/2027,Defender,Rapid Wien,389,209,180,France,5,3,2,0,0,0,0,0,0,0,0,2,2,0,6,1,5,0,0,0,0,0,0,0,0,1.39,65,78,0,0,0,43,50,27,14,0,6.76,0,74,66.17,57.20,93,286,54.00,270,96,62.47,95,0.00,0.00,0.00,0,0.00,0.00,1.16,1.00,5,0.00,0.40,0.00,0.00,0.00,1.00,0.00,1.40,0.00,0.46,0.40,0.00,0.00,0.00,0.02,0.00,0.60,0.00,0.00,0,0,,2,0.40,27,0,0.00,41,2,0.46,37,0,1,4,42,0.00,99,0,5,1.16,75,0,54,0.00,27,0,0.00,99,0,0.00,0,0,0.00,0,0.00,21,0,0.00,19,0,0.00,0.00,0,0.00,0,0,0,0.00,0,7,0.00,45,1.62,58,N/A,N/A,N/A,N/A,0.00,0,0.00,0,0.09,0.00,0,94.41,0.00,41,99,0.00,0.00,0,33,33,0,0,0,0.60,0.69,3,86,33.80,4.40,5.09,22,0,0.00,0.00,99,0.00,0,0,0,0.00,0.00,0,0.00,0.00,0.23,0.20,1,0,0.00,71,71,93,72,52,0.50,60,0.10,0.12,0.09,26,0.02,0.02,21,1,0.20,0.23,0.00,0.00,19,0,0.02,26,47,87,86,0,79,42,0,0.00,99,3,0.00,0.69,3.01,2.60,13,9,14,8,2.08,1.80,69.23,2,0.46,56,0,0.00,0,0.00,99,0,0.00,0.00,54,65,74,34,0,0,0,0,0,57,72,84,84,0,99,81,58,58,0,0,59,6,0,0
Seydou Diarra,22,1094022000,2004/09/01,Bundesliga,2026/2027,Forward,Austria Lustenau,439,270,169,France,5,3,2,0,0,0,0,0,0,0,0,0,0,0,9,6,3,1,0,0,0,0,0,0,0,1.85,49,88,439,0,0.21,45,46,-1,18,0,6.49,0,74,31.57,30.80,42,154,25.40,127,56,26.04,49,0.00,0.00,0.80,4,0.00,1.20,1.44,1.40,7,0.00,1.40,0.00,0.00,0.00,1.00,1.60,1.80,0.00,1.03,0.80,4.40,0.00,0.20,0.08,0.00,0.20,0.00,0.00,0,0,,5,1.00,53,1,0.21,50,4,0.82,56,1,0,5,53,0.00,99,0,5,1.03,71,6,54,1.23,58,0,0.00,99,0,0.00,0,0,0.00,0,0.82,51,22,4.51,96,8,1.64,36.36,0,0.00,0,0,0,0.00,0,9,0.00,26,1.85,66,N/A,N/A,N/A,N/A,0.00,0,0.00,0,0.38,0.00,0,82.47,20.00,48,5,1.80,1.85,9,87,47,0,0,0,0.00,0.00,0,53,32.44,1.00,1.03,5,0,0.00,0.00,99,0.00,0,0,1,0.20,0.21,0,0.00,0.00,0.00,0.00,0,0,0.00,71,79,93,72,37,0.38,33,0.08,0.08,0.38,50,0.08,0.08,31,2,0.40,0.41,0.41,0.40,27,2,0.08,50,17,38,89,0,75,18,0,0.00,99,1,0.00,0.21,11.07,10.80,54,18,42,78,3.69,3.60,33.33,7,1.44,17,0,0.00,0,0.00,99,0,0.00,0.00,54,97,49,77,0,0,0,0,0,57,72,84,84,0,99,29,95,66,1,20,79,24,0,0
Simon Piesinger,34,705740400,1992/05/13,Bundesliga,2026/2027,Midfielder,Wolfsberger AC,180,90,90,Austria,2,1,1,0,0,0,0,0,0,0,0,1,0,1,3,3,0,0,0,0,0,0,0,0,0,1.5,60,90,0,0,0,-1,-1,-1,14,0,7.04,0,74,17.00,17.00,11,34,12.00,24,21,12.00,13,0.00,0.00,0.00,0,0.00,0.00,0.50,0.50,1,0.00,0.00,0.00,0.00,0.00,1.50,0.00,1.50,0.00,0.00,0.00,0.00,0.00,0.00,0.00,0.00,0.50,0.00,0.00,0,0,,0,0.00,18,0,0.00,41,0,0.00,23,0,0,2,22,0.00,99,0,3,1.50,87,0,54,0.00,27,0,0.00,99,0,0.00,0,0,0.00,0,0.00,21,0,0.00,19,0,0.00,0.00,0,0.00,0,0,0,0.00,0,3,0.00,37,1.50,52,N/A,N/A,N/A,N/A,0.00,0,0.00,0,0.00,0.00,0,70.59,0.00,41,50,0.50,0.50,1,33,33,0,0,0,2.50,2.50,5,99,14.08,12.50,12.50,25,0,0.00,0.00,99,0.00,0,0,0,0.00,0.00,0,0.00,0.00,0.00,0.00,0,0,0.00,71,26,11,72,44,0.04,1,0.02,0.02,0.00,19,0.00,0.00,67,2,1.00,1.00,1.00,1.00,64,2,0.00,18,79,99,86,0,75,30,0,0.00,99,1,0.00,0.50,5.00,5.00,10,4,13,14,2.00,2.00,40.00,0,0.00,99,0,0.00,0,0.00,99,0,0.00,0.00,54,34,49,34,0,0,0,0,0,57,72,84,84,0,99,89,58,58,0,0,59,8,0,0
Simon Seidl,24,1031122800,2002/09/04,Bundesliga,2026/2027,Midfielder,Sturm Graz,349,155,194,Austria,5,2,3,0,0,0,4,1,3,0,0,2,1,1,4,1,3,1,0,1.03,1.03,0,0,0,0,1.03,87,70,349,87,0.26,71,1,-1,21,0,7.28,0.8,99,31.81,24.60,43,123,19.80,99,51,25.60,46,0.00,0.00,3.00,15,0.00,6.40,0.52,0.40,2,0.00,0.80,0.00,0.00,0.00,0.80,0.40,0.80,0.00,2.84,1.20,1.20,0.00,1.00,0.20,0.00,0.20,0.00,0.00,0,0,,11,2.20,87,5,1.29,91,6,1.55,80,1,1,4,23,0.00,99,0,4,1.03,71,32,59,8.28,99,0,0.00,99,0,0.00,0,0,0.00,0,3.88,99,6,1.55,62,2,0.52,33.33,0,0.00,0,0,0,0.00,0,4,0.00,67,1.03,27,N/A,N/A,N/A,N/A,0.00,0,0.00,0,1.00,0.00,0,80.49,45.45,82,36,0.60,0.78,3,55,46,0,0,0,0.20,0.26,1,65,36.42,0.40,0.52,2,0,0.00,0.00,99,0.00,0,0,0,0.00,0.00,0,0.00,0.00,0.78,0.60,3,0,0.00,71,60,93,72,74,3.14,99,0.63,0.81,1.00,74,0.20,0.26,71,4,0.80,1.03,0.78,0.60,52,3,0.26,74,91,20,86,0,92,20,0,0.00,99,1,0.00,0.26,6.72,5.20,26,7,12,28,1.81,1.40,26.92,4,1.03,31,0,15.62,0,0.00,99,5,1.00,1.29,90,65,74,77,0,0,0,0,0,95,72,84,84,0,99,81,88,72,1,20,79,19,0,0
Simon Wieser,19,1186902000,2007/08/12,Bundesliga,2026/2027,Midfielder,Wattens,8,8,0,Austria,1,1,0,0,0,0,0,0,0,0,0,0,0,0,0,0,0,0,0,0,0,0,0,0,0,0,0,8,0,0,0,-1,-1,-1,10,0,6.50,0,74,22.50,2.00,19,2,2.00,2,99,22.50,35,0.00,0.00,0.00,0,0.00,0.00,0.00,0.00,0,0.00,0.00,0.00,0.00,0.00,0.00,0.00,0.00,0.00,0.00,0.00,0.00,0.00,0.00,0.00,0.00,0.00,0.00,0.00,0,0,,0,0.00,18,0,0.00,41,0,0.00,23,0,1,0,16,0.00,99,0,0,0.00,26,0,54,0.00,27,0,0.00,99,0,0.00,0,0,0.00,0,0.00,21,0,0.00,19,0,0.00,0.00,0,0.00,0,0,0,0.00,0,0,0.00,99,0.00,0,N/A,N/A,N/A,N/A,0.00,0,0.00,0,0.00,0.00,0,100.00,0.00,41,99,0.00,0.00,0,33,33,0,0,0,0.00,0.00,0,53,6.50,0.00,0.00,0,0,0.00,0.00,99,0.00,0,0,0,0.00,0.00,0,0.00,0.00,0.00,0.00,0,0,0.00,71,0,3,72,7,0.00,0,0.00,0.00,0.00,19,0.00,0.00,18,0,0.00,0.00,0.00,0.00,19,0,0.00,18,18,7,86,0,75,15,0,0.00,99,0,0.00,0.00,0.00,0.00,0,0,3,2,0.00,0.00,0.00,0,0.00,99,0,0.00,0,0.00,99,0,0.00,0.00,54,4,74,34,0,0,0,0,0,57,72,84,84,0,99,29,58,58,0,0,59,38,0,0
Sota Kitano,22,1092380400,2004/08/13,Bundesliga,2026/2027,Midfielder,Salzburg,343,158,185,Japan,5,2,3,1,0,1,1,1,0,0,0,1,0,1,3,2,1,1,0,0.52,0.26,0.26,0,0.49,343,0.79,114,69,343,343,0.26,22,18,-1,8,0,6.99,0.2,87,43.82,33.40,69,167,27.40,137,55,35.95,68,0.00,0.00,1.60,8,0.00,1.00,1.57,1.20,6,0.00,1.20,0.00,0.00,0.00,0.40,0.60,0.60,8.00,2.10,1.00,1.40,0.00,0.60,0.25,0.00,0.00,0.00,0.00,0,0,,8,1.60,75,3,0.79,75,5,1.31,75,1,1,4,59,0.00,99,0,2,0.52,41,5,54,1.31,60,0,0.00,99,0,0.00,0,0,0.00,0,2.10,87,7,1.84,68,3,0.79,42.86,0,0.00,0,0,0,0.00,0,3,0.00,76,0.79,17,N/A,N/A,N/A,N/A,0.00,0,0.00,0,1.24,0.00,0,82.04,37.50,72,35,0.60,0.79,3,66,53,0,0,0,0.00,0.00,0,53,34.97,0.20,0.26,1,0,0.00,0.00,99,0.00,0,0,1,0.20,0.26,0,0.00,0.00,0.00,0.00,0,0,12.50,78,58,93,90,83,1.20,87,0.24,0.31,1.24,81,0.25,0.33,37,2,0.40,0.52,0.52,0.40,35,2,0.33,81,75,10,93,0,75,15,0,0.00,99,0,0.00,0.00,8.66,6.60,33,11,26,50,2.89,2.20,33.33,6,1.57,15,0,0.00,0,0.00,99,0,0.00,0.00,54,65,74,77,0,0,0,0,0,83,82,88,84,0,99,45,87,72,1,20,79,8,0,0
Souleyman Mandey,20,1139212800,2006/02/06,Bundesliga,2026/2027,Midfielder,Grazer AK,12,5,7,Austria,2,1,1,0,0,0,0,0,0,0,0,0,0,0,0,0,0,0,0,0,0,0,0,0,0,0,0,6,0,0,0,-1,-1,-1,5,0,6.61,0,74,90.00,6.00,98,12,2.50,5,0,37.50,72,0.00,0.00,0.00,0,0.00,0.00,0.00,0.00,0,0.00,0.00,0.00,0.00,0.00,0.50,0.00,0.00,0.00,15.00,1.00,0.00,0.00,0.00,0.05,0.00,0.50,0.00,0.00,0,0,,2,1.00,99,0,0.00,41,2,15.00,99,0,2,0,16,0.00,99,0,1,7.50,99,0,54,0.00,27,0,0.00,99,0,0.00,0,0,0.00,0,0.00,21,0,0.00,19,0,0.00,0.00,0,0.00,0,0,0,0.00,0,0,0.00,99,0.00,0,N/A,N/A,N/A,N/A,0.00,0,0.00,0,0.10,0.00,0,41.67,0.00,41,99,0.00,0.00,0,33,33,0,0,0,0.00,0.00,0,53,13.21,0.50,7.50,1,0,0.00,0.00,99,0.00,0,0,0,0.00,0.00,0,0.00,0.00,0.00,0.00,0,0,0.00,71,0,11,72,7,0.01,33,0.01,0.08,0.10,97,0.05,0.75,18,0,0.00,0.00,0.00,0.00,19,0,0.75,96,31,95,86,0,75,99,0,0.00,99,1,0.00,7.50,15.00,1.00,2,1,94,95,7.50,0.50,50.00,0,0.00,99,0,0.00,0,0.00,99,0,0.00,0.00,54,4,86,34,0,0,0,0,0,57,72,84,84,0,99,29,58,58,0,0,59,17,0,0
Soumaïla Diabaté,21,1101110400,2004/11/22,Bundesliga,2026/2027,Midfielder,Salzburg,90,90,0,Mali,1,1,0,0,0,0,0,0,0,0,0,1,1,0,0,0,0,0,0,0,0,0,0,0,0,0,0,90,0,0,0,-1,-1,-1,14,0,8.13,0,74,96.00,96.00,99,96,84.00,84,79,84.00,99,0.00,0.00,4.00,4,0.00,1.00,2.00,2.00,2,0.00,0.00,0.00,0.00,0.00,4.00,2.00,0.00,0.00,5.00,5.00,3.00,0.00,0.00,0.22,0.00,2.00,0.00,0.00,0,0,,5,5.00,98,0,0.00,41,5,5.00,99,0,0,1,74,0.00,99,0,4,4.00,99,1,54,1.00,54,0,0.00,99,0,0.00,0,0,0.00,0,4.00,99,3,3.00,87,2,2.00,66.67,0,0.00,0,0,0,0.00,0,0,0.00,99,0.00,0,N/A,N/A,N/A,N/A,0.00,0,0.00,0,0.22,0.00,0,87.50,0.00,41,27,1.00,1.00,1,91,78,0,0,0,0.00,0.00,0,53,8.13,1.00,1.00,1,0,0.00,0.00,99,0.00,0,0,0,0.00,0.00,0,0.00,0.00,0.00,0.00,0,0,0.00,71,9,3,72,7,0.34,91,0.34,0.34,0.22,69,0.22,0.22,18,0,0.00,0.00,0.00,0.00,19,0,0.22,69,99,37,86,0,75,78,0,0.00,99,2,0.00,2.00,9.00,9.00,9,6,80,54,6.00,6.00,66.67,0,0.00,99,0,0.00,0,0.00,99,0,0.00,0.00,54,18,49,34,0,0,0,0,0,57,72,84,84,0,99,99,58,58,0,0,59,5,0,0
Srđan Hrstić,23,1058511600,2003/07/18,Bundesliga,2026/2027,Forward,Rheindorf Altach,155,61,94,Serbia,5,2,3,0,0,0,0,0,0,0,0,0,0,0,2,1,1,0,0,0,0,0,0,0,0,1.16,78,31,0,0,0,-1,-1,-1,10,0,6.42,0,74,30.19,10.40,37,52,5.20,26,2,15.10,19,0.00,0.00,0.40,2,0.00,0.20,0.00,0.00,0,0.00,0.60,0.00,0.00,0.00,0.20,0.00,0.40,0.00,2.90,0.60,1.00,0.00,0.40,0.08,0.00,1.20,0.00,0.00,0,0,,5,1.00,87,2,1.16,86,3,1.74,84,2,3,2,16,0.00,99,0,1,0.58,46,1,54,0.58,42,0,0.00,99,0,0.00,0,0,0.00,0,1.16,66,5,2.90,86,0,0.00,0.00,0,0.00,0,0,0,0.00,0,2,0.00,62,1.16,31,N/A,N/A,N/A,N/A,0.00,0,0.00,0,0.41,0.00,0,50.00,40.00,77,18,0.40,1.16,2,33,33,0,0,0,0.20,0.58,1,80,32.12,0.40,1.16,2,0,0.00,0.00,99,0.00,0,0,0,0.00,0.00,0,0.00,0.00,0.00,0.00,0,0,0.00,71,18,93,72,69,0.73,93,0.15,0.42,0.41,72,0.08,0.24,40,1,0.20,0.58,0.58,0.20,38,1,0.24,72,11,42,86,0,75,93,0,0.00,99,6,0.00,3.48,12.77,4.40,22,7,52,86,4.06,1.40,31.82,3,1.74,11,0,0.00,0,0.00,99,0,0.00,0.00,54,34,95,95,0,0,0,0,0,57,72,84,84,0,99,29,58,58,0,0,59,19,0,0
Stefan Lainer,34,714898800,1992/08/27,Bundesliga,2026/2027,Defender,Salzburg,0,0,0,Austria,0,0,0,0,0,0,0,0,0,0,0,0,0,0,0,0,0,0,0,0,0,0,0,0,0,0,0,0,0,0,0,-1,-1,-1,-1,N/A,N/A,N/A,N/A,N/A,N/A,N/A,N/A,N/A,N/A,N/A,N/A,N/A,N/A,N/A,N/A,N/A,N/A,N/A,N/A,N/A,N/A,N/A,N/A,N/A,N/A,N/A,N/A,N/A,N/A,N/A,N/A,N/A,N/A,N/A,N/A,N/A,N/A,N/A,N/A,N/A,N/A,N/A,N/A,N/A,N/A,N/A,N/A,N/A,N/A,N/A,N/A,N/A,N/A,N/A,N/A,N/A,N/A,N/A,N/A,N/A,N/A,N/A,N/A,N/A,N/A,N/A,N/A,N/A,N/A,N/A,N/A,N/A,N/A,N/A,N/A,N/A,N/A,N/A,N/A,N/A,N/A,N/A,N/A,N/A,N/A,N/A,N/A,N/A,N/A,N/A,N/A,N/A,N/A,N/A,N/A,N/A,N/A,N/A,N/A,N/A,N/A,N/A,N/A,N/A,N/A,N/A,N/A,N/A,N/A,N/A,N/A,N/A,N/A,N/A,N/A,N/A,N/A,N/A,N/A,N/A,N/A,N/A,N/A,N/A,N/A,N/A,N/A,N/A,N/A,N/A,N/A,N/A,N/A,N/A,N/A,N/A,N/A,N/A,N/A,N/A,N/A,N/A,N/A,N/A,N/A,N/A,N/A,N/A,N/A,N/A,N/A,N/A,N/A,N/A,N/A,N/A,N/A,N/A,N/A,N/A,N/A,N/A,N/A,N/A,N/A,N/A,N/A,N/A,N/A,N/A,N/A,N/A,N/A,N/A,N/A,N/A,N/A,N/A,N/A,N/A,N/A,N/A,N/A,N/A,N/A,N/A,N/A,N/A,N/A,N/A,N/A,N/A,N/A,N/A,N/A,N/A,N/A,N/A,N/A,N/A,N/A,N/A,N/A,N/A,N/A,N/A,N/A,N/A,N/A,N/A,N/A,N/A,N/A,N/A,N/A,N/A,N/A,N/A,N/A,N/A,N/A,N/A,N/A
Stefan Schwab,35,654418800,1990/09/27,Bundesliga,2026/2027,Midfielder,Ried,497,270,227,Austria,6,3,3,1,1,0,1,0,1,0,0,1,1,0,11,3,8,1,0,0.36,0.18,0.18,0.33,0,497,1.99,45,83,497,497,0.18,39,42,-1,3,0,6.92,0.17,75,46.18,42.50,72,255,33.50,201,42,36.40,69,0.00,0.00,1.17,7,0.00,0.33,1.99,1.83,11,0.00,1.00,0.00,0.00,0.00,0.50,0.67,1.83,8.00,1.45,1.17,1.50,0.00,0.17,0.18,0.00,1.67,0.00,0.00,0,0,,8,1.33,61,1,0.18,42,7,1.27,74,1,0,6,72,0.00,99,0,3,0.54,42,2,54,0.36,36,0,0.00,99,0,0.00,0,0,0.00,0,1.27,73,9,1.63,63,4,0.72,44.44,0,0.00,0,0,0,0.00,0,11,0.00,23,1.99,69,N/A,N/A,N/A,N/A,0.00,0,0.00,0,1.06,0.00,0,78.82,12.50,42,7,1.50,1.63,9,64,54,0,0,0,1.00,1.09,6,95,41.54,2.00,2.17,12,0,0.00,0.00,99,0.00,0,0,1,0.17,0.18,0,0.00,0.00,0.00,0.00,0,0,12.50,78,97,99,99,29,1.29,78,0.21,0.23,1.06,67,0.18,0.19,51,4,0.67,0.72,1.63,1.50,83,9,0.19,67,66,62,87,0,75,73,0,0.00,99,10,0.00,1.81,12.31,11.33,68,28,68,83,5.07,4.67,41.18,6,1.09,30,0,0.00,0,0.00,99,0,0.00,0.00,54,99,49,77,0,0,0,0,0,75,73,84,85,0,99,34,99,59,1,17,61,22,0,0
Szymon Włodarczyk,23,1041753600,2003/01/05,Bundesliga,2026/2027,Forward,Sturm Graz,213,79,134,Poland,4,2,2,1,0,1,0,0,0,0,0,2,1,1,2,1,1,0,0,0.42,0,0.42,0,0.67,213,0.85,107,53,0,0,0,-1,-1,-1,3,0,6.68,0,74,15.21,9.00,8,36,5.25,21,5,8.87,6,0.00,0.00,0.50,2,0.00,0.25,0.42,0.25,1,0.00,0.25,0.00,0.00,0.00,0.00,0.25,0.50,7.00,2.96,1.50,0.75,0.00,0.25,0.25,0.00,1.25,0.00,0.00,0,0,,7,1.75,88,1,0.42,62,6,2.54,93,2,1,3,21,0.00,99,0,0,0.00,26,1,54,0.42,39,0,0.00,99,0,0.00,0,0,0.00,0,0.85,51,3,1.27,54,1,0.42,33.33,0,0.00,0,0,0,0.00,0,2,0.00,75,0.85,18,N/A,N/A,N/A,N/A,0.00,0,0.00,0,1.01,0.00,0,58.33,14.29,44,99,0.00,0.00,0,49,46,0,0,0,0.00,0.00,0,53,26.73,0.25,0.42,1,0,0.00,0.00,99,0.00,0,0,0,0.00,0.00,0,0.00,0.00,2.11,1.25,5,0,14.29,81,31,38,85,82,0.13,17,0.03,0.05,1.01,89,0.25,0.43,18,0,0.00,0.00,1.69,1.00,84,4,0.43,87,36,16,86,0,99,80,0,0.00,99,5,0.00,2.11,8.03,4.75,19,6,21,40,2.54,1.50,31.58,1,0.42,58,0,0.00,0,0.00,99,0,0.00,0.00,54,50,74,95,0,0,0,0,0,79,87,95,84,0,99,89,58,58,0,0,59,17,0,0
Tae-Seok Lee,24,1027839600,2002/07/28,Bundesliga,2026/2027,Defender,Austria Wien,356,176,180,South Korea,4,2,2,0,0,0,1,0,1,0,0,1,0,1,6,3,3,0,0,0.25,0.25,0,0,0,0,1.52,59,89,0,356,0,95,19,34,16,0,6.70,0.25,86,35.90,35.50,51,142,25.25,101,23,25.53,45,0.00,0.00,0.50,2,0.00,2.50,2.53,2.50,10,0.00,0.25,0.00,0.00,0.00,0.00,0.25,1.50,0.00,1.01,0.75,1.50,0.00,0.25,0.08,0.00,0.50,0.00,0.00,0,0,,4,1.00,52,1,0.25,53,3,0.76,51,1,0,4,86,0.00,99,0,0,0.00,26,10,90,2.53,75,0,0.00,99,0,0.00,0,0,0.00,0,0.51,37,6,1.52,61,1,0.25,16.67,0,0.00,0,0,0,0.00,0,6,0.00,36,1.52,53,N/A,N/A,N/A,N/A,0.00,0,0.00,0,0.32,0.00,0,71.13,25.00,59,9,1.50,1.52,6,39,35,0,0,0,0.25,0.25,1,64,26.81,2.50,2.53,10,0,0.00,0.00,99,0.00,0,0,0,0.00,0.00,0,0.00,0.00,0.25,0.25,1,0,0.00,71,62,38,72,43,0.85,76,0.21,0.21,0.32,50,0.08,0.08,87,6,1.50,1.52,0.51,0.50,34,2,0.08,50,39,65,86,0,81,31,0,0.00,99,2,0.00,0.51,9.61,9.50,38,19,62,63,4.80,4.75,50.00,1,0.25,70,0,40.00,0,0.00,99,4,1.00,1.01,84,65,49,77,0,0,0,0,0,69,72,84,84,0,99,51,58,58,0,0,59,17,0,0
Thomas Goiginger,33,732182400,1993/03/15,Bundesliga,2026/2027,Forward,Wattens,277,86,191,Austria,5,2,3,0,0,0,1,0,1,0,0,2,0,2,4,3,1,0,0,0.32,0.32,0,0,0,0,1.3,69,55,0,277,0,75,10,-1,11,0,6.77,0.2,90,17.55,10.80,12,54,8.40,42,40,13.65,17,0.00,0.00,1.60,8,0.00,2.80,0.32,0.20,1,0.00,0.80,0.00,0.00,0.00,0.20,0.60,0.80,0.00,0.65,0.40,1.20,0.00,0.00,0.02,0.00,0.40,0.00,0.00,0,0,,2,0.40,37,0,0.00,41,2,0.65,47,2,2,3,18,0.00,99,0,1,0.32,32,14,79,4.55,89,0,0.00,99,0,0.00,0,0,0.00,0,2.60,93,6,1.95,69,3,0.97,50.00,0,0.00,0,0,0,0.00,0,4,0.00,49,1.30,43,N/A,N/A,N/A,N/A,0.00,0,0.00,0,0.09,0.00,0,77.78,0.00,41,99,0.00,0.00,0,73,63,0,0,0,0.00,0.00,0,53,33.87,0.40,0.65,2,0,0.00,0.00,99,0.00,0,0,0,0.00,0.00,0,0.00,0.00,0.00,0.00,0,0,0.00,71,47,93,72,56,0.97,89,0.19,0.32,0.09,31,0.02,0.03,23,1,0.20,0.32,0.32,0.20,23,1,0.03,31,48,25,86,0,75,38,0,0.00,99,2,0.00,0.65,5.20,3.20,16,7,17,15,2.27,1.40,43.75,4,1.30,22,0,28.57,0,0.00,99,4,0.80,1.30,91,50,86,95,0,0,0,0,0,73,72,84,84,0,99,81,58,58,0,0,59,36,0,0
Thorsten Schriebl,27,911894400,1998/11/24,Bundesliga,2026/2027,Midfielder,Wolfsberger AC,83,39,44,Austria,3,2,1,0,0,0,0,0,0,0,0,1,0,1,3,3,0,1,0,0,0,0,0,0,0,3.25,28,28,83,0,1.08,-1,-1,-1,12,0,6.52,0,74,28.19,8.67,29,26,5.67,17,13,18.43,24,0.00,0.00,0.00,0,0.00,2.00,4.34,1.33,4,0.00,0.00,0.00,0.00,0.00,0.67,0.00,1.00,0.00,0.00,0.00,0.00,0.00,0.00,0.00,0.00,0.33,0.00,0.00,0,0,,0,0.00,18,0,0.00,41,0,0.00,23,0,3,0,99,0.00,99,0,2,2.17,96,6,54,6.51,96,0,0.00,99,0,0.00,0,0,0.00,0,0.00,21,0,0.00,19,0,0.00,0.00,0,0.00,0,0,0,0.00,0,3,0.00,4,3.25,91,N/A,N/A,N/A,N/A,0.00,0,0.00,0,0.00,0.00,0,65.38,0.00,41,99,0.00,0.00,0,33,33,0,0,0,0.00,0.00,0,53,19.55,1.00,3.25,3,0,0.00,0.00,99,0.00,0,0,0,0.00,0.00,0,0.00,0.00,0.00,0.00,0,0,0.00,71,4,24,72,11,0.03,5,0.01,0.03,0.00,19,0.00,0.00,72,1,0.33,1.08,4.34,1.33,99,4,0.00,18,20,72,86,0,75,53,0,0.00,99,1,0.00,1.08,10.84,3.33,10,6,87,78,6.51,2.00,60.00,0,0.00,99,0,0.00,0,0.00,99,0,0.00,0.00,54,4,95,34,0,0,0,0,0,57,72,84,84,0,99,59,62,97,1,33,90,20,0,0
Tim Drexler,21,1110096000,2005/03/06,Bundesliga,2026/2027,Defender,Salzburg,237,90,147,Germany,3,1,2,0,0,0,0,0,0,0,0,1,0,1,1,1,0,0,0,0,0,0,0,0,0,0.38,237,79,0,0,0,-1,-1,-1,13,0,7.25,0,74,99.87,87.67,99,263,83.00,249,98,94.56,99,0.00,0.00,0.00,0,0.00,0.00,1.90,1.67,5,0.00,0.00,0.00,0.00,0.00,0.67,0.00,0.33,0.00,0.38,0.33,0.00,0.00,0.00,0.02,0.00,0.67,0.00,0.00,0,0,,1,0.33,24,0,0.00,41,1,0.38,31,1,0,3,69,0.00,99,0,2,0.76,55,0,54,0.00,27,0,0.00,99,0,0.00,0,0,0.00,0,0.00,21,0,0.00,19,0,0.00,0.00,0,0.00,0,0,0,0.00,0,1,0.00,91,0.38,3,N/A,N/A,N/A,N/A,0.00,0,0.00,0,0.05,0.00,0,94.68,0.00,41,99,0.00,0.00,0,33,33,0,0,0,1.00,1.14,3,95,21.76,2.33,2.66,7,0,0.00,0.00,99,0.00,0,0,0,0.00,0.00,0,0.00,0.00,0.00,0.00,0,0,0.00,71,38,24,72,98,0.51,75,0.17,0.19,0.05,26,0.02,0.02,18,0,0.00,0.00,0.38,0.33,25,1,0.02,26,90,66,86,0,75,45,0,0.00,99,2,0.00,0.76,4.18,3.67,11,7,23,10,2.66,2.33,63.64,0,0.00,99,0,0.00,0,0.00,99,0,0.00,0.00,54,50,49,77,0,0,0,0,0,57,72,84,84,0,99,59,58,58,0,0,59,21,0,0
Tino Kusanovic,18,1204963200,2008/03/08,Bundesliga,2026/2027,Forward,Ried,49,31,18,Germany,3,1,2,0,0,0,0,0,0,0,0,1,1,0,0,0,0,1,0,0,0,0,0,0,0,0,0,16,49,0,1.84,-1,-1,-1,19,0,6.44,0,74,18.37,3.33,15,10,2.00,6,6,11.02,9,0.00,0.00,0.33,1,0.00,0.00,1.84,0.33,1,0.00,0.00,0.00,0.00,0.00,0.00,0.00,0.00,0.00,0.00,0.00,0.67,0.00,0.00,0.00,0.00,0.67,0.00,0.00,0,0,,0,0.00,18,0,0.00,41,0,0.00,23,0,3,0,67,0.00,99,0,0,0.00,26,0,54,0.00,27,0,0.00,99,0,0.00,0,0,0.00,0,1.84,81,2,3.67,91,0,0.00,0.00,0,0.00,0,0,0,0.00,0,0,0.00,99,0.00,0,N/A,N/A,N/A,N/A,0.00,0,0.00,0,0.00,0.00,0,60.00,0.00,41,99,0.00,0.00,0,33,33,0,0,0,0.00,0.00,0,53,19.33,0.00,0.00,0,0,0.00,0.00,99,0.00,0,0,0,0.00,0.00,0,0.00,0.00,0.00,0.00,0,0,0.00,71,0,24,72,7,0.05,43,0.02,0.09,0.00,19,0.00,0.00,18,0,0.00,0.00,1.84,0.33,88,1,0.00,18,12,7,86,0,75,94,0,0.00,99,2,0.00,3.67,12.86,2.33,7,3,72,87,5.51,1.00,42.86,0,0.00,99,0,0.00,0,0.00,99,0,0.00,0.00,54,4,95,34,0,0,0,0,0,57,72,84,84,0,99,59,59,99,1,33,90,21,0,0
Tobias Fjeld Gulliksen,23,1057734000,2003/07/09,Bundesliga,2026/2027,Midfielder,Rapid Wien,0,0,0,Norway,0,0,0,0,0,0,0,0,0,0,0,0,0,0,0,0,0,0,0,0,0,0,0,0,0,0,0,0,0,0,0,-1,-1,-1,-1,N/A,N/A,N/A,N/A,N/A,N/A,N/A,N/A,N/A,N/A,N/A,N/A,N/A,N/A,N/A,N/A,N/A,N/A,N/A,N/A,N/A,N/A,N/A,N/A,N/A,N/A,N/A,N/A,N/A,N/A,N/A,N/A,N/A,N/A,N/A,N/A,N/A,N/A,N/A,N/A,N/A,N/A,N/A,N/A,N/A,N/A,N/A,N/A,N/A,N/A,N/A,N/A,N/A,N/A,N/A,N/A,N/A,N/A,N/A,N/A,N/A,N/A,N/A,N/A,N/A,N/A,N/A,N/A,N/A,N/A,N/A,N/A,N/A,N/A,N/A,N/A,N/A,N/A,N/A,N/A,N/A,N/A,N/A,N/A,N/A,N/A,N/A,N/A,N/A,N/A,N/A,N/A,N/A,N/A,N/A,N/A,N/A,N/A,N/A,N/A,N/A,N/A,N/A,N/A,N/A,N/A,N/A,N/A,N/A,N/A,N/A,N/A,N/A,N/A,N/A,N/A,N/A,N/A,N/A,N/A,N/A,N/A,N/A,N/A,N/A,N/A,N/A,N/A,N/A,N/A,N/A,N/A,N/A,N/A,N/A,N/A,N/A,N/A,N/A,N/A,N/A,N/A,N/A,N/A,N/A,N/A,N/A,N/A,N/A,N/A,N/A,N/A,N/A,N/A,N/A,N/A,N/A,N/A,N/A,N/A,N/A,N/A,N/A,N/A,N/A,N/A,N/A,N/A,N/A,N/A,N/A,N/A,N/A,N/A,N/A,N/A,N/A,N/A,N/A,N/A,N/A,N/A,N/A,N/A,N/A,N/A,N/A,N/A,N/A,N/A,N/A,N/A,N/A,N/A,N/A,N/A,N/A,N/A,N/A,N/A,N/A,N/A,N/A,N/A,N/A,N/A,N/A,N/A,N/A,N/A,N/A,N/A,N/A,N/A,N/A,N/A,N/A,N/A,N/A,N/A,N/A,N/A,N/A,N/A
Tobias Jensen Lund,20,1139558400,2006/02/10,Bundesliga,2026/2027,Forward,Ried,72,30,42,Denmark,4,1,3,0,0,0,0,0,0,0,0,0,0,0,1,1,0,1,0,0,0,0,0,0,0,1.25,72,18,72,0,1.25,-1,-1,-1,16,0,6.49,0,74,30.00,6.00,36,24,4.75,19,45,23.75,40,0.00,0.00,0.50,2,0.00,1.00,0.00,0.00,0,0.00,0.25,0.00,0.00,0.00,0.25,0.50,0.25,0.00,2.50,0.00,1.75,0.00,0.50,0.08,0.00,0.00,0.00,0.00,0,0,,2,0.50,81,2,2.50,99,0,0.00,23,0,4,0,16,0.00,99,0,1,1.25,79,4,76,5.00,91,0,0.00,99,0,0.00,0,0,0.00,0,2.50,91,7,8.75,99,2,2.50,28.57,0,0.00,0,0,0,0.00,0,1,0.00,53,1.25,40,N/A,N/A,N/A,N/A,0.00,0,0.00,0,0.31,0.00,0,79.17,100.00,99,11,0.25,1.25,1,96,41,0,0,0,0.00,0.00,0,53,25.97,0.25,1.25,1,0,0.00,0.00,99,0.00,0,0,0,0.00,0.00,0,0.00,0.00,0.00,0.00,0,0,0.00,71,2,38,72,60,0.11,66,0.03,0.14,0.31,85,0.08,0.39,80,1,0.25,1.25,2.50,0.50,96,2,0.39,84,17,45,86,0,75,15,0,0.00,99,0,0.00,0.00,16.25,3.25,13,3,43,98,3.75,0.75,23.08,1,1.25,24,0,25.00,0,0.00,99,1,0.25,1.25,89,4,99,34,0,0,0,0,0,57,72,84,84,0,99,29,60,99,1,25,85,19,0,0
Tobias Kainz,33,720518400,1992/10/31,Bundesliga,2026/2027,Midfielder,Hartberg,425,245,180,Austria,5,3,2,0,0,0,1,1,0,0,0,0,0,0,7,5,2,0,0,0.21,0.21,0,0,0,0,1.48,61,85,0,425,0,105,32,-1,17,0,7.16,0.2,80,29.01,27.40,34,137,22.60,113,56,23.93,41,0.00,0.00,1.80,9,0.00,3.60,1.91,1.80,9,0.00,0.60,0.00,0.00,0.00,0.80,0.80,1.40,0.00,0.85,0.60,1.00,0.00,0.20,0.06,0.00,0.00,0.00,0.00,0,0,,4,0.80,43,1,0.21,50,3,0.64,46,1,0,5,70,0.00,99,0,4,0.85,60,18,88,3.81,85,0,0.00,99,0,0.00,0,0,0.00,0,1.91,84,5,1.06,51,4,0.85,80.00,0,0.00,0,0,0,0.00,0,7,0.00,37,1.48,51,N/A,N/A,N/A,N/A,0.00,0,0.00,0,0.28,0.00,0,82.48,25.00,59,54,0.40,0.42,2,68,85,0,0,0,0.60,0.64,3,85,35.78,1.00,1.06,5,0,0.00,0.00,99,0.00,0,0,0,0.00,0.00,0,0.00,0.00,0.00,0.00,0,0,0.00,71,77,93,72,46,1.14,79,0.23,0.24,0.28,45,0.06,0.06,32,2,0.40,0.42,0.42,0.40,29,2,0.06,44,87,38,86,0,75,15,0,0.00,99,0,0.00,0.00,6.14,5.80,29,15,30,23,3.18,3.00,51.72,3,0.64,49,0,33.33,0,0.00,99,6,1.20,1.27,90,97,49,77,0,0,0,0,0,65,72,84,84,0,99,29,58,58,0,0,59,23,0,0
Tobias Koch,25,986540400,2001/04/06,Bundesliga,2026/2027,Midfielder,Grazer AK,268,110,158,Austria,4,2,2,0,0,0,0,0,0,0,0,1,1,0,7,0,7,1,0,0,0,0,0,0,0,2.35,38,67,268,0,0.34,-1,-1,-1,6,0,6.56,0,74,46.34,34.50,72,138,27.75,111,50,37.28,72,0.00,0.00,1.00,4,0.00,1.25,1.01,0.75,3,0.00,0.25,0.00,0.00,0.00,0.50,0.00,1.75,0.00,1.01,0.50,0.25,0.00,0.25,0.07,0.00,0.50,0.00,0.00,0,0,,3,0.75,52,1,0.34,56,2,0.67,49,1,1,3,36,0.00,99,0,2,0.67,51,5,65,1.68,67,0,0.00,99,0,0.00,0,0,0.00,0,1.34,75,1,0.34,26,0,0.00,0.00,0,0.00,0,0,0,0.00,0,7,0.00,11,2.35,83,N/A,N/A,N/A,N/A,0.00,0,0.00,0,0.26,0.00,0,80.43,33.33,71,11,1.00,1.34,4,33,33,0,0,0,0.25,0.34,1,69,26.23,2.00,2.69,8,0,0.00,0.00,99,0.00,0,0,0,0.00,0.00,0,0.00,0.00,0.00,0.00,0,0,0.00,71,43,38,72,18,0.36,60,0.09,0.12,0.26,53,0.07,0.09,69,3,0.75,1.01,1.01,0.75,65,3,0.09,53,24,67,86,0,75,41,0,0.00,99,2,0.00,0.67,6.04,4.50,18,7,19,22,2.35,1.75,38.89,1,0.34,65,0,20.00,0,0.00,99,1,0.25,0.34,67,50,74,77,0,0,0,0,0,57,72,84,84,0,99,51,83,76,1,25,85,8,0,0
Tobias Schützenauer,29,864025200,1997/05/19,Bundesliga,2026/2027,Goalkeeper,LASK Linz,0,0,0,Austria,0,0,0,0,0,0,0,0,0,0,0,0,0,0,0,0,0,0,0,0,0,0,0,0,0,0,0,0,0,0,0,-1,-1,-1,-1,N/A,N/A,N/A,N/A,N/A,N/A,N/A,N/A,N/A,N/A,N/A,N/A,N/A,N/A,N/A,N/A,N/A,N/A,N/A,N/A,N/A,N/A,N/A,N/A,N/A,N/A,N/A,N/A,N/A,N/A,N/A,N/A,N/A,N/A,N/A,N/A,N/A,N/A,N/A,N/A,N/A,N/A,N/A,N/A,N/A,N/A,N/A,N/A,N/A,N/A,N/A,N/A,N/A,N/A,N/A,N/A,N/A,N/A,N/A,N/A,N/A,N/A,N/A,N/A,N/A,N/A,N/A,N/A,N/A,N/A,N/A,N/A,N/A,N/A,N/A,N/A,N/A,N/A,N/A,N/A,N/A,N/A,N/A,N/A,N/A,N/A,N/A,N/A,N/A,N/A,N/A,N/A,N/A,N/A,N/A,N/A,N/A,N/A,N/A,N/A,N/A,N/A,N/A,N/A,N/A,N/A,N/A,N/A,N/A,N/A,N/A,N/A,N/A,N/A,N/A,N/A,N/A,N/A,N/A,N/A,N/A,N/A,N/A,N/A,N/A,N/A,N/A,N/A,N/A,N/A,N/A,N/A,N/A,N/A,N/A,N/A,N/A,N/A,N/A,N/A,N/A,N/A,N/A,N/A,N/A,N/A,N/A,N/A,N/A,N/A,N/A,N/A,N/A,N/A,N/A,N/A,N/A,N/A,N/A,N/A,N/A,N/A,N/A,N/A,N/A,N/A,N/A,N/A,N/A,N/A,N/A,N/A,N/A,N/A,N/A,N/A,N/A,N/A,N/A,N/A,N/A,N/A,N/A,N/A,N/A,N/A,N/A,N/A,N/A,N/A,N/A,N/A,N/A,N/A,N/A,N/A,N/A,N/A,N/A,N/A,N/A,N/A,N/A,N/A,N/A,N/A,N/A,N/A,N/A,N/A,N/A,N/A,N/A,N/A,N/A,N/A,N/A,N/A,N/A,N/A,N/A,N/A,N/A,N/A
Tonni Adamsen,31,784886400,1994/11/15,Bundesliga,2026/2027,Forward,Rapid Wien,374,233,141,Denmark,5,3,2,4,4,0,1,1,0,0,0,2,2,0,5,1,4,0,0,1.2,0.24,0.96,1.55,0,94,1.2,75,75,0,374,0,2,22,-1,1,0,7.33,0.2,84,35.13,29.20,50,146,21.20,106,27,25.51,45,0.00,0.00,1.00,5,0.00,0.60,0.00,0.00,0,0.00,0.80,0.00,0.00,0.00,0.40,0.60,1.00,2.25,2.17,0.80,1.20,0.00,1.00,0.61,0.00,0.80,0.00,0.00,0,0,,9,1.80,76,5,1.20,89,4,0.96,61,1,0,5,16,0.00,99,0,2,0.48,40,3,88,0.72,46,0,0.00,99,0,0.00,0,0,0.00,0,1.20,70,6,1.44,59,3,0.72,50.00,0,0.00,0,0,0,0.00,0,5,0.00,59,1.20,35,N/A,N/A,N/A,N/A,0.00,0,0.00,0,3.04,0.00,0,72.60,55.56,92,50,0.40,0.48,2,64,63,0,0,0,0.00,0.00,0,53,36.63,0.60,0.72,3,0,0.00,0.00,99,0.00,0,0,0,0.00,0.00,0,0.00,0.00,0.00,0.00,0,0,44.44,97,66,93,75,67,0.99,79,0.20,0.24,3.04,96,0.61,0.73,65,4,0.80,0.96,0.24,0.20,22,1,0.73,95,93,28,86,0,75,50,0,0.00,99,4,0.00,0.96,5.29,4.40,22,11,22,16,2.65,2.20,50.00,4,0.96,37,0,33.33,0,0.00,99,1,0.20,0.24,63,97,49,77,1,1,1,20,20,98,97,84,97,0,99,81,58,58,0,0,59,8,0,0
Umut Tohumcu,22,1092207600,2004/08/11,Bundesliga,2026/2027,Midfielder,Salzburg,38,38,0,Germany,2,2,0,0,0,0,0,0,0,0,0,0,0,0,0,0,0,0,0,0,0,0,0,0,0,0,0,19,0,0,0,-1,-1,-1,9,0,6.68,0,74,56.84,12.00,86,24,10.50,21,79,49.74,85,0.00,0.00,0.50,1,0.00,0.00,4.74,1.00,2,0.00,0.50,0.00,0.00,0.00,0.00,0.50,0.00,0.00,2.37,0.50,1.50,0.00,0.00,0.03,0.00,0.00,0.00,0.00,0,0,,1,0.50,79,0,0.00,41,1,2.37,92,0,2,0,99,0.00,99,0,0,0.00,26,0,54,0.00,27,0,0.00,99,0,0.00,0,0,0.00,0,2.37,90,3,7.11,99,1,2.37,33.33,0,0.00,0,0,0,0.00,0,0,0.00,99,0.00,0,N/A,N/A,N/A,N/A,0.00,0,0.00,0,0.05,0.00,0,87.50,0.00,41,99,0.00,0.00,0,93,46,0,0,0,0.00,0.00,0,53,13.36,0.00,0.00,0,0,0.00,0.00,99,0.00,0,0,0,0.00,0.00,0,0.00,0.00,2.37,0.50,1,0,0.00,71,0,11,72,7,0.07,70,0.04,0.17,0.05,57,0.03,0.12,96,1,0.50,2.37,0.00,0.00,19,0,0.12,57,36,7,86,0,99,15,0,0.00,99,0,0.00,0.00,16.58,3.50,7,4,99,98,9.47,2.00,57.14,1,2.37,3,0,0.00,0,0.00,99,0,0.00,0.00,54,4,86,34,0,0,0,0,0,57,72,84,84,0,99,29,58,58,0,0,59,7,0,0
Valentin Zabransky,19,1170403200,2007/02/02,Bundesliga,2026/2027,Defender,Salzburg,393,180,213,Austria,5,2,3,0,0,0,0,0,0,0,0,2,1,1,3,1,2,0,0,0,0,0,0,0,0,0.69,131,79,0,0,0,101,90,8,17,0,7.07,0,74,83.36,72.80,98,364,69.40,347,99,79.47,98,0.00,0.00,0.60,3,0.00,0.20,1.37,1.20,6,0.00,0.00,0.00,0.00,0.00,0.80,0.00,0.60,0.00,0.23,0.20,0.00,0.00,0.00,0.01,0.00,1.60,0.00,0.00,0,0,,1,0.20,19,0,0.00,41,1,0.23,24,0,1,4,49,0.00,99,0,4,0.92,63,1,54,0.23,31,0,0.00,99,0,0.00,0,0,0.00,0,0.69,45,0,0.00,19,0,0.00,0.00,0,0.00,0,0,0,0.00,0,3,0.00,80,0.69,12,N/A,N/A,N/A,N/A,0.00,0,0.00,0,0.05,0.00,0,95.33,0.00,41,39,0.60,0.69,3,33,33,0,0,0,1.60,1.83,8,98,35.37,3.00,3.44,15,1,0.00,0.23,2,0.20,0,0,0,0.00,0.00,0,0.00,0.00,0.00,0.00,0,0,0.00,71,73,93,72,87,0.70,70,0.14,0.16,0.05,21,0.01,0.01,18,0,0.00,0.00,0.23,0.20,20,1,0.01,20,80,74,86,0,75,74,0,0.00,99,8,0.00,1.83,4.58,4.00,20,14,31,11,3.21,2.80,70.00,0,0.00,99,0,0.00,0,0.00,99,0,0.00,0.00,54,65,74,34,0,0,0,0,0,57,72,84,84,0,99,81,58,58,0,0,59,47,0,0
Valmir Matoshi,23,1057302000,2003/07/04,Bundesliga,2026/2027,Midfielder,Sturm Graz,15,0,15,Switzerland,1,0,1,0,0,0,0,0,0,0,0,0,0,0,1,0,1,0,0,0,0,0,0,0,0,6,15,15,0,0,0,-1,-1,-1,23,0,6.17,0,74,0.00,0.00,0,0,0.00,0,0,0.00,0,0.00,0.00,0.00,0,0.00,0.00,0.00,0.00,0,0.00,1.00,0.00,0.00,0.00,0.00,0.00,1.00,0.00,0.00,0.00,0.00,0.00,0.00,0.00,0.00,0.00,0.00,0.00,0,0,,0,0.00,18,0,0.00,41,0,0.00,23,0,1,0,16,0.00,99,0,0,0.00,26,0,54,0.00,27,0,0.00,99,0,0.00,0,0,0.00,0,0.00,21,0,0.00,19,0,0.00,0.00,0,0.00,0,0,0,0.00,0,1,0.00,0,6.00,99,N/A,N/A,N/A,N/A,0.00,0,0.00,0,0.00,0.00,0,0.00,0.00,41,99,0.00,0.00,0,33,33,0,0,0,0.00,0.00,0,53,6.17,0.00,0.00,0,0,0.00,0.00,99,0.00,0,0,0,0.00,0.00,0,0.00,0.00,0.00,0.00,0,0,0.00,71,0,3,72,7,0.00,0,0.00,0.00,0.00,19,0.00,0.00,18,0,0.00,0.00,6.00,1.00,99,1,0.00,18,6,7,86,0,75,15,0,0.00,99,0,0.00,0.00,12.00,2.00,2,0,3,81,0.00,0.00,0.00,1,6.00,0,0,0.00,0,0.00,99,0,0.00,0.00,54,4,74,34,0,0,0,0,0,57,72,84,84,0,99,29,58,58,0,0,59,78,0,0
Vasilije Markovic,18,1210575600,2008/05/12,Bundesliga,2026/2027,Midfielder,Austria Wien,235,116,119,Austria,4,2,2,0,0,0,0,0,0,0,0,1,0,1,6,2,4,0,0,0,0,0,0,0,0,2.3,39,59,0,0,0,-1,-1,-1,10,0,6.61,0,74,31.02,20.25,40,81,15.00,60,31,22.98,37,0.00,0.00,0.75,3,0.00,1.00,7.28,4.75,19,0.00,1.25,0.00,0.00,0.00,0.75,0.25,1.50,0.00,1.53,0.75,1.75,0.00,0.25,0.07,0.00,1.00,0.00,0.00,0,0,,4,1.00,63,1,0.38,57,3,1.15,69,0,2,2,99,0.00,99,0,3,1.15,74,4,95,1.53,65,0,0.00,99,0,0.00,0,0,0.00,0,1.15,65,7,2.68,83,1,0.38,14.29,0,0.00,0,0,0,0.00,0,6,0.00,13,2.30,80,N/A,N/A,N/A,N/A,0.00,0,0.00,0,0.27,0.00,0,74.07,25.00,59,59,0.25,0.38,1,44,35,0,0,0,0.00,0.00,0,53,26.43,1.25,1.91,5,0,0.00,0.00,99,0.00,0,0,0,0.00,0.00,0,0.00,0.00,0.00,0.00,0,0,0.00,71,37,38,72,20,0.28,54,0.07,0.11,0.27,55,0.07,0.10,26,1,0.25,0.38,0.77,0.50,51,2,0.10,54,31,55,86,0,75,68,0,0.00,99,4,0.00,1.53,15.70,10.25,41,25,99,95,9.57,6.25,60.98,5,1.91,8,0,50.00,0,0.00,99,2,0.50,0.77,79,34,86,34,0,0,0,0,0,57,72,84,84,0,99,51,58,58,0,0,59,7,0,0
Vesel Demaku,26,949737600,2000/02/05,Bundesliga,2026/2027,Midfielder,Rheindorf Altach,419,169,250,Austria,5,2,3,0,0,0,0,0,0,0,0,0,0,0,6,2,4,1,0,0,0,0,0,0,0,1.29,70,84,419,0,0.21,52,59,-1,14,0,6.72,0,74,42.74,39.80,67,199,34.60,173,75,37.16,71,0.00,0.00,0.40,2,0.00,0.00,2.36,2.20,11,0.00,0.40,0.00,0.00,0.00,0.80,0.00,1.40,0.00,0.64,0.40,0.60,0.00,0.20,0.05,0.00,0.40,0.00,0.00,0,0,,3,0.60,37,1,0.21,50,2,0.43,36,1,0,5,81,0.00,99,0,4,0.86,61,0,54,0.00,27,0,0.00,99,0,0.00,0,0,0.00,0,0.43,34,3,0.64,37,0,0.00,0.00,0,0.00,0,0,0,0.00,0,7,0.00,50,1.50,52,N/A,N/A,N/A,N/A,0.00,0,0.00,0,0.26,0.00,0,86.93,33.33,71,22,1.00,1.07,5,33,33,0,0,0,0.00,0.00,0,53,33.59,0.60,0.64,3,0,0.00,0.00,99,0.00,0,0,0,0.00,0.00,0,0.00,0.00,0.00,0.00,0,0,0.00,71,76,93,72,57,0.41,43,0.08,0.09,0.26,45,0.05,0.06,92,9,1.80,1.93,1.50,1.40,79,7,0.06,44,42,25,86,0,75,27,0,0.00,99,2,0.00,0.43,8.81,8.20,41,22,61,53,4.73,4.40,53.66,2,0.43,57,0,0.00,0,0.00,99,0,0.00,0.00,54,97,49,77,0,0,0,0,0,57,72,84,84,0,99,29,93,66,1,20,79,6,0,0
Xavier Mbuyamba,24,1009785600,2001/12/31,Bundesliga,2026/2027,Defender,LASK Linz,450,270,180,Netherlands,5,3,2,1,0,1,0,0,0,0,0,3,2,1,2,1,1,3,0,0.2,0,0.2,0,0.5,450,0.4,225,90,150,0,0.6,31,89,3,5,0,7.48,0,74,64.00,64.00,92,320,56.40,282,80,56.40,92,0.00,0.00,0.40,2,0.00,0.80,2.40,2.40,12,0.00,0.20,0.00,0.00,0.00,1.40,0.40,0.40,5.00,1.00,0.20,0.60,0.00,0.80,0.23,0.00,3.00,0.00,0.00,0,0,,5,1.00,50,4,0.80,75,1,0.20,24,0,0,5,84,0.00,99,0,7,1.40,83,4,76,0.80,50,0,0.00,99,0,0.00,0,0,0.00,0,0.40,32,3,0.60,35,2,0.40,66.67,0,0.00,0,0,0,0.00,0,2,0.00,90,0.40,4,N/A,N/A,N/A,N/A,0.00,0,0.00,0,1.15,0.00,0,88.12,80.00,95,72,0.20,0.20,1,47,78,0,0,0,0.20,0.20,1,59,37.42,4.60,4.60,23,0,0.00,0.00,99,0.00,0,0,0,0.00,0.00,0,0.00,0.00,0.00,0.00,0,0,20.00,88,95,93,99,97,0.74,68,0.15,0.15,1.15,70,0.23,0.23,30,2,0.40,0.40,0.60,0.60,41,3,0.23,70,95,85,86,0,75,92,0,0.00,99,15,0.00,3.00,8.80,8.80,44,31,83,53,6.20,6.20,70.45,1,0.20,75,0,25.00,0,0.00,99,1,0.20,0.20,59,97,49,34,0,0,0,0,0,64,76,90,84,0,99,95,69,91,3,60,99,4,0,0
Yanis Eisschill,20,1129186800,2005/10/13,Bundesliga,2026/2027,Midfielder,Rheindorf Altach,31,11,20,Austria,3,1,2,0,0,0,0,0,0,0,0,0,0,0,1,0,1,0,0,0,0,0,0,0,0,2.9,31,10,0,0,0,-1,-1,-1,7,0,6.48,0,74,34.84,4.00,48,12,3.00,9,32,26.13,49,0.00,0.00,0.00,0,0.00,0.33,2.90,0.33,1,0.00,0.00,0.00,0.00,0.00,0.33,0.33,0.33,0.00,0.00,0.00,0.33,0.00,0.00,0.00,0.00,0.00,0.00,0.00,0,0,,0,0.00,18,0,0.00,41,0,0.00,23,0,3,0,91,0.00,99,0,1,2.90,99,1,54,2.90,77,0,0.00,99,0,0.00,0,0,0.00,0,0.00,21,1,2.90,86,1,2.90,100.00,0,0.00,0,0,0,0.00,0,1,0.00,4,2.90,90,N/A,N/A,N/A,N/A,0.00,0,0.00,0,0.00,0.00,0,75.00,0.00,41,99,0.00,0.00,0,98,99,0,0,0,0.00,0.00,0,53,19.45,0.33,2.90,1,0,0.00,0.00,99,0.00,0,0,0,0.00,0.00,0,0.00,0.00,0.00,0.00,0,0,0.00,71,0,24,72,11,0.02,24,0.01,0.06,0.00,19,0.00,0.00,18,0,0.00,0.00,8.71,1.00,99,3,0.00,18,14,69,86,0,75,15,0,0.00,99,0,0.00,0.00,17.42,2.00,6,2,76,98,5.81,0.67,33.33,0,0.00,99,0,0.00,0,0.00,99,0,0.00,0.00,54,4,95,34,0,0,0,0,0,57,72,84,84,0,99,29,58,58,0,0,59,22,0,0
Yann Massombo Litawumba,26,950342400,2000/02/12,Bundesliga,2026/2027,Forward,Rheindorf Altach,224,90,134,France,3,1,2,1,1,0,0,0,0,0,0,0,0,0,3,1,2,0,0,0.4,0,0.4,1,0,224,1.21,75,75,0,0,0,-1,-1,-1,3,0,6.83,0,74,31.34,26.00,40,78,15.33,46,6,18.48,25,0.00,0.00,1.00,3,0.00,1.67,1.21,1.00,3,0.00,1.67,0.00,0.00,0.00,0.00,1.33,1.00,2.00,0.80,0.33,2.00,0.00,0.33,0.26,0.00,0.67,0.00,0.00,0,0,,2,0.67,41,1,0.40,61,1,0.40,35,1,1,2,44,0.00,99,0,0,0.00,26,5,65,2.01,70,0,0.00,99,0,0.00,0,0,0.00,0,1.21,71,6,2.41,80,4,1.61,66.67,0,0.00,0,0,0,0.00,0,3,0.00,56,1.21,37,N/A,N/A,N/A,N/A,0.00,0,0.00,0,0.78,0.00,0,58.97,50.00,90,14,1.00,1.21,3,86,78,0,0,0,0.00,0.00,0,53,20.48,0.33,0.40,1,0,0.00,0.00,99,0.00,0,0,1,0.33,0.40,0,0.00,0.00,0.00,0.00,0,0,50.00,99,33,24,86,67,0.21,33,0.07,0.08,0.78,79,0.26,0.31,78,3,1.00,1.21,0.00,0.00,19,0,0.31,79,55,15,98,0,75,46,0,0.00,99,2,0.00,0.80,9.24,7.67,23,12,63,59,4.82,4.00,52.17,5,2.01,6,0,20.00,0,0.00,99,1,0.33,0.40,72,34,74,77,0,0,0,0,0,78,86,84,95,0,99,29,58,58,0,0,59,28,0,0
Yannick Oberleitner,24,1022482800,2002/05/27,Bundesliga,2026/2027,Defender,Grazer AK,267,90,177,Germany,3,1,2,0,0,0,0,0,0,0,0,1,1,0,4,0,4,1,0,0,0,0,0,0,0,1.35,67,89,267,0,0.34,-1,-1,-1,16,0,6.83,0,74,65.73,65.00,92,195,52.67,158,53,53.26,89,0.00,0.00,0.33,1,0.00,0.67,2.02,2.00,6,0.00,0.33,0.00,0.00,0.00,1.00,0.33,1.33,0.00,1.01,0.67,0.67,0.00,0.33,0.07,0.00,2.33,0.00,0.00,0,0,,3,1.00,52,1,0.34,56,2,0.67,49,1,0,3,74,0.00,99,0,3,1.01,69,2,54,0.67,45,0,0.00,99,0,0.00,0,0,0.00,0,0.34,29,2,0.67,38,1,0.34,50.00,0,0.00,0,0,0,0.00,0,4,0.00,46,1.35,45,N/A,N/A,N/A,N/A,0.00,0,0.00,0,0.22,0.00,0,81.03,33.33,71,62,0.33,0.34,1,43,63,0,0,0,1.33,1.35,4,97,20.49,3.33,3.37,10,0,0.00,0.00,99,0.00,0,0,1,0.33,0.34,0,0.00,0.00,0.00,0.00,0,0,0.00,71,43,24,72,54,0.41,66,0.14,0.14,0.22,48,0.07,0.07,49,2,0.67,0.67,0.34,0.33,24,1,0.07,47,55,73,95,0,75,85,0,0.00,99,7,0.00,2.36,8.43,8.33,25,16,69,46,5.39,5.33,64.00,1,0.34,65,0,0.00,0,0.00,99,0,0.00,0.00,54,50,49,77,0,0,0,0,0,57,72,84,84,0,99,59,82,76,1,33,90,27,0,0
Yerwin Antonio Sulbarán López,18,1204531200,2008/03/03,Bundesliga,2026/2027,Forward,Salzburg,0,0,0,Venezuela,0,0,0,0,0,0,0,0,0,0,0,0,0,0,0,0,0,0,0,0,0,0,0,0,0,0,0,0,0,0,0,-1,-1,-1,-1,N/A,N/A,N/A,N/A,N/A,N/A,N/A,N/A,N/A,N/A,N/A,N/A,N/A,N/A,N/A,N/A,N/A,N/A,N/A,N/A,N/A,N/A,N/A,N/A,N/A,N/A,N/A,N/A,N/A,N/A,N/A,N/A,N/A,N/A,N/A,N/A,N/A,N/A,N/A,N/A,N/A,N/A,N/A,N/A,N/A,N/A,N/A,N/A,N/A,N/A,N/A,N/A,N/A,N/A,N/A,N/A,N/A,N/A,N/A,N/A,N/A,N/A,N/A,N/A,N/A,N/A,N/A,N/A,N/A,N/A,N/A,N/A,N/A,N/A,N/A,N/A,N/A,N/A,N/A,N/A,N/A,N/A,N/A,N/A,N/A,N/A,N/A,N/A,N/A,N/A,N/A,N/A,N/A,N/A,N/A,N/A,N/A,N/A,N/A,N/A,N/A,N/A,N/A,N/A,N/A,N/A,N/A,N/A,N/A,N/A,N/A,N/A,N/A,N/A,N/A,N/A,N/A,N/A,N/A,N/A,N/A,N/A,N/A,N/A,N/A,N/A,N/A,N/A,N/A,N/A,N/A,N/A,N/A,N/A,N/A,N/A,N/A,N/A,N/A,N/A,N/A,N/A,N/A,N/A,N/A,N/A,N/A,N/A,N/A,N/A,N/A,N/A,N/A,N/A,N/A,N/A,N/A,N/A,N/A,N/A,N/A,N/A,N/A,N/A,N/A,N/A,N/A,N/A,N/A,N/A,N/A,N/A,N/A,N/A,N/A,N/A,N/A,N/A,N/A,N/A,N/A,N/A,N/A,N/A,N/A,N/A,N/A,N/A,N/A,N/A,N/A,N/A,N/A,N/A,N/A,N/A,N/A,N/A,N/A,N/A,N/A,N/A,N/A,N/A,N/A,N/A,N/A,N/A,N/A,N/A,N/A,N/A,N/A,N/A,N/A,N/A,N/A,N/A,N/A,N/A,N/A,N/A,N/A,N/A
Yorbe Vertessen,25,978940800,2001/01/08,Bundesliga,2026/2027,Forward,Salzburg,336,210,126,Belgium,6,3,3,2,1,1,1,0,1,0,0,2,1,1,2,2,0,0,0,0.8,0.27,0.54,0.43,0.71,168,0.54,168,56,0,336,0,12,16,-1,3,0,6.67,0.17,87,27.40,17.00,28,102,12.33,74,26,19.88,26,0.00,0.00,1.50,9,0.00,2.17,0.81,0.50,3,0.00,0.67,0.00,0.00,0.00,0.33,0.00,0.33,7.00,3.76,1.17,1.33,0.00,1.17,0.41,0.00,0.33,0.00,0.00,0,0,,14,2.33,93,7,1.88,97,7,1.88,86,3,1,5,30,0.00,99,0,2,0.54,42,13,68,3.49,81,0,0.00,99,0,0.00,0,0,0.00,0,2.42,90,8,2.15,75,0,0.00,0.00,0,0.00,0,0,0,0.00,0,2,0.00,85,0.54,8,N/A,N/A,N/A,N/A,0.00,0,0.00,0,2.47,0.00,0,72.55,50.00,90,22,0.67,1.07,4,33,33,0,0,0,0.00,0.00,0,53,40.00,0.17,0.27,1,0,0.00,0.00,99,0.00,0,0,0,0.00,0.00,0,0.00,0.00,0.27,0.17,1,0,14.29,81,58,99,82,92,1.07,85,0.18,0.29,2.47,95,0.41,0.66,82,5,0.83,1.34,0.00,0.00,19,0,0.66,94,35,10,86,0,81,32,0,0.00,99,2,0.00,0.54,8.06,5.00,30,10,24,41,2.69,1.67,33.33,4,1.07,30,0,23.08,0,0.00,99,3,0.50,0.81,80,97,74,99,0,0,0,0,0,91,91,96,87,0,99,59,58,58,0,0,59,11,0,0
Youba Diarra,28,890726400,1998/03/24,Bundesliga,2026/2027,Midfielder,Hartberg,306,143,163,Mali,5,3,2,0,0,0,0,0,0,0,0,0,0,0,5,3,2,1,0,0,0,0,0,0,0,1.47,61,61,306,0,0.29,109,110,-1,13,0,6.51,0,74,26.47,18.00,26,90,12.40,62,19,18.24,23,0.00,0.00,0.60,3,0.00,1.40,1.18,0.80,4,0.00,0.80,0.00,0.00,0.00,1.20,0.40,1.00,0.00,0.88,0.60,1.60,0.00,0.00,0.03,0.00,0.40,0.00,0.00,0,0,,3,0.60,44,0,0.00,41,3,0.88,58,1,1,4,43,0.00,99,0,6,1.76,91,7,79,2.06,72,0,0.00,99,0,0.00,0,0,0.00,0,0.88,53,8,2.35,77,2,0.59,25.00,0,0.00,0,0,0,0.00,0,5,0.00,39,1.47,50,N/A,N/A,N/A,N/A,0.00,0,0.00,0,0.15,0.00,0,68.89,0.00,41,17,0.80,1.18,4,59,39,0,0,0,0.20,0.29,1,66,32.57,1.00,1.47,5,0,0.00,0.00,99,0.00,0,0,0,0.00,0.00,0,0.00,0.00,0.00,0.00,0,1,0.00,71,53,93,72,46,0.29,43,0.06,0.09,0.15,35,0.03,0.04,85,5,1.00,1.47,1.18,0.80,73,4,0.04,35,20,48,86,0,75,35,0,0.00,99,2,0.00,0.59,10.29,7.00,35,13,46,72,3.82,2.60,37.14,4,1.18,27,0,28.57,0,0.00,99,2,0.40,0.59,76,65,74,77,0,0,0,0,0,57,72,84,84,0,99,29,86,73,1,20,79,5,0,0
Yussef Nasrawe,19,1174546800,2007/03/22,Bundesliga,2026/2027,Midfielder,Ried,347,204,143,Germany,5,3,2,1,0,1,1,0,1,0,0,1,1,0,5,1,4,0,0,0.52,0.26,0.26,0,0.63,347,1.3,69,69,0,347,0,20,17,-1,6,0,7.26,0.2,87,42.28,32.60,66,163,28.00,140,72,36.31,68,0.00,0.00,2.20,11,0.00,3.40,0.78,0.60,3,0.00,1.00,0.00,0.00,0.00,0.00,1.40,1.00,5.00,1.30,0.60,2.00,0.00,0.40,0.20,0.00,0.40,0.00,0.00,0,0,,5,1.00,58,2,0.52,68,3,0.78,52,3,0,5,28,0.00,99,0,0,0.00,26,17,88,4.41,88,0,0.00,99,0,0.00,0,0,0.00,0,2.85,94,10,2.59,82,7,1.82,70.00,0,0.00,0,0,0,0.00,0,5,0.00,49,1.30,43,N/A,N/A,N/A,N/A,0.00,0,0.00,0,0.99,0.00,0,85.89,40.00,77,67,0.20,0.26,1,89,79,0,0,0,0.00,0.00,0,53,36.28,0.20,0.26,1,0,0.00,0.00,99,0.00,0,0,0,0.00,0.00,0,0.00,0.00,0.00,0.00,0,0,20.00,88,59,93,90,56,1.27,90,0.25,0.33,0.99,74,0.20,0.26,22,1,0.20,0.26,0.52,0.40,35,2,0.26,74,90,10,86,0,75,31,0,0.00,99,2,0.00,0.52,7.52,5.80,29,13,35,37,3.37,2.60,44.83,5,1.30,22,0,35.29,0,0.00,99,6,1.20,1.56,94,97,49,99,0,0,0,0,0,83,82,94,84,0,99,45,58,58,0,0,59,10,0,0
Yusuf Demir,23,1054537200,2003/06/02,Bundesliga,2026/2027,Forward,Rapid Wien,412,255,157,Austria,5,3,2,2,2,0,1,1,0,0,0,2,2,0,5,1,4,0,0,0.66,0.22,0.44,0.71,0,206,1.09,82,82,0,412,0,14,29,-1,4,0,7.76,0.2,81,48.39,44.20,76,221,37.00,185,62,40.51,75,0.00,0.00,2.80,14,0.00,5.40,1.75,1.60,8,0.00,1.20,0.00,0.00,0.00,1.20,1.20,1.20,8.00,3.50,1.80,3.40,0.00,1.40,0.51,0.00,0.40,0.00,0.00,0,0,,16,3.20,91,7,1.53,93,9,1.97,87,1,0,5,65,0.00,99,0,6,1.31,81,27,67,5.91,95,0,0.00,99,0,0.00,0,0,0.00,0,3.07,95,17,3.72,91,6,1.31,35.29,0,0.00,0,0,0,0.00,0,6,0.00,66,1.31,43,N/A,N/A,N/A,N/A,0.00,0,0.00,0,2.55,0.00,0,83.71,43.75,79,40,0.60,0.66,3,83,47,1,0,0,0.00,0.00,0,53,38.82,0.60,0.66,3,0,0.00,0.00,99,0.00,0,1,1,0.20,0.22,0,0.00,0.00,0.00,0.00,0,0,12.50,78,75,93,84,73,1.57,91,0.31,0.34,1.85,87,0.37,0.41,99,17,3.40,3.72,0.66,0.60,45,3,0.56,92,98,25,90,0,75,28,0,0.00,99,2,0.00,0.44,12.92,11.80,59,32,91,88,7.01,6.40,54.24,6,1.31,20,0,22.22,0,0.00,99,6,1.20,1.31,91,97,49,77,0,0,0,0,0,88,89,84,92,0,99,81,58,58,0,0,59,22,0,0
