full_name,age,birthday,birthday_GMT,league,season,position,Current Club,minutes_played_overall,minutes_played_home,minutes_played_away,nationality,appearances_overall,appearances_home,appearances_away,goals_overall,goals_home,goals_away,assists_overall,assists_home,assists_away,penalty_goals,penalty_misses,clean_sheets_overall,clean_sheets_home,clean_sheets_away,conceded_overall,conceded_home,conceded_away,yellow_cards_overall,red_cards_overall,goals_involved_per_90_overall,assists_per_90_overall,goals_per_90_overall,goals_per_90_home,goals_per_90_away,min_per_goal_overall,conceded_per_90_overall,min_per_conceded_overall,min_per_match,min_per_card_overall,min_per_assist_overall,cards_per_90_overall,rank_in_league_top_attackers,rank_in_league_top_midfielders,rank_in_league_top_defenders,rank_in_club_top_scorer,annual_salary_eur,average_rating_overall,assists_per_game_overall,assists_per90_percentile_overall,passes_per_90_overall,passes_per_game_overall,passes_per90_percentile_overall,passes_total_overall,passes_completed_per_game_overall,passes_completed_total_overall,pass_completion_rate_percentile_overall,passes_completed_per_90_overall,passes_completed_per90_percentile_overall,short_passes_per_game_overall,long_passes_per_game_overall,key_passes_per_game_overall,key_passes_total_overall,through_passes_per_game_overall,crosses_per_game_overall,tackles_per_90_overall,tackles_per_game_overall,tackles_total_overall,tackles_successful_per_game_overall,dispossesed_per_game_overall,possession_regained_per_game_overall,pressures_per_game_overall,saves_per_game_overall,interceptions_per_game_overall,dribbles_successful_per_game_overall,shots_faced_per_game_overall,shots_per_goal_scored_overall,shots_per_90_overall,shots_off_target_per_game_overall,dribbles_per_game_overall,distance_travelled_per_game_overall,shots_on_target_per_game_overall,xg_per_game_overall,chances_created_per_game_overall,aerial_duels_won_per_game_overall,aerial_duels_per_game_overall,possession_regained_per_90_overall,possession_regained_total_overall,possession_regained_per90_percentile_overall,additional_info,shots_total_overall,shots_per_game_overall,shots_per90_percentile_overall,shots_on_target_total_overall,shots_on_target_per_90_overall,shots_on_target_per90_percentile_overall,shots_off_target_total_overall,shots_off_target_per_90_overall,shots_off_target_per90_percentile_overall,games_subbed_out,games_subbed_in,games_started,tackles_per90_percentile_overall,tackles_successful_per_90_overall,tackles_successful_per90_percentile_overall,tackles_successful_total_overall,interceptions_total_overall,interceptions_per_90_overall,interceptions_per90_percentile_overall,crosses_total_overall,cross_completion_rate_percentile_overall,crosses_per_90_overall,crosses_per90_percentile_overall,through_passes_total_overall,through_passes_per_90_overall,through_passes_per90_percentile_overall,long_passes_total_overall,long_passes_per_90_overall,long_passes_per90_percentile_overall,short_passes_total_overall,short_passes_per_90_overall,short_passes_per90_percentile_overall,key_passes_per_90_overall,key_passes_per90_percentile_overall,dribbles_total_overall,dribbles_per_90_overall,dribbles_per90_percentile_overall,dribbles_successful_total_overall,dribbles_successful_per_90_overall,dribbles_successful_percentage_overall,chances_created_total_overall,chances_created_per_90_overall,chances_created_per90_percentile_overall,saves_total_overall,save_percentage_percentile_overall,saves_per_90_overall,saves_per90_percentile_overall,shots_faced_total_overall,shots_per_goal_conceded_overall,conceded_per90_percentile_overall,shots_faced_per_90_overall,shots_faced_per90_percentile_overall,xg_faced_per_90_overall,xg_faced_per90_percentile_overall,xg_faced_per_game_overall,xg_faced_total_overall,save_percentage_overall,pressures_total_overall,pressures_per_90_overall,pressures_per90_percentile_overall,xg_total_overall,market_value,market_value_percentile,pass_completion_rate_overall,shot_accuraccy_percentage_overall,shot_accuraccy_percentage_percentile_overall,dribbled_past_per90_percentile_overall,dribbled_past_per_game_overall,dribbled_past_per_90_overall,dribbled_past_total_overall,dribbles_successful_per90_percentile_overall,dribbles_successful_percentage_percentile_overall,pen_scored_total_overall,pen_missed_total_overall,inside_box_saves_total_overall,blocks_per_game_overall,blocks_per_90_overall,blocks_total_overall,blocks_per90_percentile_overall,ratings_total_overall,clearances_per_game_overall,clearances_per_90_overall,clearances_total_overall,pen_committed_total_overall,pen_save_percentage_overall,pen_committed_per_90_overall,pen_committed_per90_percentile_overall,pen_committed_per_game_overall,pens_saved_total_overall,pens_taken_total_overall,hit_woodwork_total_overall,hit_woodwork_per_game_overall,hit_woodwork_per_90_overall,punches_total_overall,punches_per_game_overall,punches_per_90_overall,offsides_per_90_overall,offsides_per_game_overall,offsides_total_overall,penalties_won_total_overall,shot_conversion_rate_overall,shot_conversion_rate_percentile_overall,minutes_played_percentile_overall,matches_played_percentile_overall,min_per_goal_percentile_overall,min_per_conceded_percentile_overall,xa_total_overall,xa_per90_percentile_overall,xa_per_game_overall,xa_per_90_overall,npxg_total_overall,npxg_per90_percentile_overall,npxg_per_game_overall,npxg_per_90_overall,fouls_drawn_per90_percentile_overall,fouls_drawn_total_overall,fouls_drawn_per_game_overall,fouls_drawn_per_90_overall,fouls_committed_per_90_overall,fouls_committed_per_game_overall,fouls_committed_per90_percentile_overall,fouls_committed_total_overall,xg_per_90_overall,xg_per90_percentile_overall,average_rating_percentile_overall,clearances_per90_percentile_overall,hit_woodwork_per90_percentile_overall,punches_per90_percentile_overall,offsides_per90_percentile_overall,aerial_duels_won_per90_percentile_overall,aerial_duels_total_overall,aerial_duels_per_90_overall,aerial_duels_per90_percentile_overall,aerial_duels_won_total_overall,aerial_duels_won_percentage_overall,aerial_duels_won_per_90_overall,duels_per_90_overall,duels_per_game_overall,duels_total_overall,duels_won_total_overall,duels_won_per90_percentile_overall,duels_per90_percentile_overall,duels_won_per_90_overall,duels_won_per_game_overall,duels_won_percentage_overall,dispossesed_total_overall,dispossesed_per_90_overall,dispossesed_per90_percentile_overall,progressive_passes_total_overall,cross_completion_rate_overall,distance_travelled_total_overall,distance_travelled_per_90_overall,distance_travelled_per90_percentile_overall,accurate_crosses_total_overall,accurate_crosses_per_game_overall,accurate_crosses_per_90_overall,accurate_crosses_per90_percentile_overall,games_started_percentile_overall,games_subbed_in_percentile_overall,games_subbed_out_percentile_overall,hattricks_total_overall,two_goals_in_a_game_total_overall,three_goals_in_a_game_total_overall,two_goals_in_a_game_percentage_overall,three_goals_in_a_game_percentage_overall,goals_involved_per90_percentile_overall,goals_per90_percentile_overall,goals_per90_percentile_away,goals_per90_percentile_home,man_of_the_match_total_overall,annual_salary_eur_percentile,clean_sheets_percentage_percentile_overall,min_per_card_percentile_overall,cards_per90_percentile_overall,booked_over05_overall,booked_over05_percentage_overall,booked_over05_percentage_percentile_overall,shirt_number,annual_salary_gbp,annual_salary_usd
,36,615884400,1989/07/08,Prva HNL,2025/2026,Midfielder,Istra 1961,0,0,0,China,0,0,0,0,0,0,0,0,0,0,0,0,0,0,0,0,0,0,0,0,0,0,0,0,0,0,0,0,0,0,0,-1,-1,-1,25,N/A,N/A,N/A,N/A,N/A,N/A,N/A,N/A,N/A,N/A,N/A,N/A,N/A,N/A,N/A,N/A,N/A,N/A,N/A,N/A,N/A,N/A,N/A,N/A,N/A,N/A,N/A,N/A,N/A,N/A,N/A,N/A,N/A,N/A,N/A,N/A,N/A,N/A,N/A,N/A,N/A,N/A,N/A,N/A,N/A,N/A,N/A,N/A,N/A,N/A,N/A,N/A,N/A,N/A,N/A,N/A,N/A,N/A,N/A,N/A,N/A,N/A,N/A,N/A,N/A,N/A,N/A,N/A,N/A,N/A,N/A,N/A,N/A,N/A,N/A,N/A,N/A,N/A,N/A,N/A,N/A,N/A,N/A,N/A,N/A,N/A,N/A,N/A,N/A,N/A,N/A,N/A,N/A,N/A,N/A,N/A,N/A,N/A,N/A,N/A,N/A,N/A,N/A,N/A,N/A,N/A,N/A,N/A,N/A,N/A,N/A,N/A,N/A,N/A,N/A,N/A,N/A,N/A,N/A,N/A,N/A,N/A,N/A,N/A,N/A,N/A,N/A,N/A,N/A,N/A,N/A,N/A,N/A,N/A,N/A,N/A,N/A,N/A,N/A,N/A,N/A,N/A,N/A,N/A,N/A,N/A,N/A,N/A,N/A,N/A,N/A,N/A,N/A,N/A,N/A,N/A,N/A,N/A,N/A,N/A,N/A,N/A,N/A,N/A,N/A,N/A,N/A,N/A,N/A,N/A,N/A,N/A,N/A,N/A,N/A,N/A,N/A,N/A,N/A,N/A,N/A,N/A,N/A,N/A,N/A,N/A,N/A,N/A,N/A,N/A,N/A,N/A,N/A,N/A,N/A,N/A,N/A,N/A,N/A,N/A,N/A,N/A,N/A,N/A,N/A,N/A,N/A,N/A,N/A,N/A,N/A,N/A,N/A,N/A,N/A,N/A,N/A,N/A,N/A,N/A,N/A,N/A,N/A,N/A
Abdulia Sanyang,26,926146800,1999/05/08,Prva HNL,2025/2026,Forward,Hajduk Split,695,404,291,Gambia,22,12,10,3,3,0,2,1,1,0,0,9,5,4,9,5,4,3,0,0.65,0.26,0.39,0.67,0,232,1.17,77,32,232,348,0.39,14,14,-1,5,0,4.99,0.09,95,23.26,6.37,18,191,4.80,144,32,17.54,20,0.00,0.00,0.57,17,0.00,1.17,2.56,0.70,21,0.00,0.50,0.00,0.00,0.00,0.07,0.80,0.33,5.00,1.83,0.23,1.70,0.00,0.27,0.10,0.00,0.00,0.00,0.00,0,0,,15,0.50,79,8,0.97,90,7,0.85,66,2,15,7,90,0.00,99,0,2,0.24,15,35,47,4.26,88,0,0.00,99,0,0.00,0,0,0.00,0,2.07,95,51,6.21,99,24,2.92,47.06,0,0.00,0,0,0,0.00,0,10,0.00,63,1.22,42,N/A,N/A,N/A,N/A,0.00,0,0.00,0,3.13,0.00,0,75.39,53.33,91,7,0.37,1.34,11,99,53,0,0,0,0.00,0.00,0,21,149.79,0.03,0.12,1,0,0.00,0.00,99,0.00,0,0,1,0.03,0.12,0,0.00,0.00,0.73,0.20,6,1,20.00,92,20,57,52,63,2.09,92,0.07,0.25,3.13,91,0.10,0.38,96,21,0.70,2.56,1.10,0.30,47,9,0.38,90,34,1,92,0,95,1,0,0.00,99,0,0.00,0.00,15.95,4.37,131,66,98,99,8.04,2.20,50.38,15,1.83,7,0,17.14,0,0.00,99,6,0.20,0.73,79,22,99,41,0,1,0,5,0,95,94,62,99,0,16,79,25,90,3,14,60,24,0,0
Adam Guram,17,1236927600,2009/03/13,Prva HNL,2025/2026,Attacking Midfield,Hajduk Split,44,35,9,Ukraine,5,3,2,0,0,0,0,0,0,0,0,2,1,1,0,0,0,0,0,0,0,0,0,0,0,0,0,9,0,0,0,-1,-1,-1,29,0,3.27,0,45,25.43,2.17,24,13,1.67,10,39,19.57,26,0.00,0.00,0.00,0,0.00,0.00,0.00,0.00,0,0.00,0.00,0.00,0.00,0.00,0.17,0.33,0.00,0.00,1.96,0.17,0.83,0.00,0.00,0.01,0.00,0.00,0.00,0.00,0,0,,1,0.17,81,0,0.00,18,1,1.96,95,0,5,0,4,0.00,99,0,1,1.96,99,0,25,0.00,12,0,0.00,99,0,0.00,0,0,0.00,0,0.00,9,5,9.78,99,2,3.91,40.00,0,0.00,0,0,0,0.00,0,0,0.00,99,0.00,0,N/A,N/A,N/A,N/A,0.00,0,0.00,0,0.05,0.00,0,76.92,0.00,18,99,0.00,0.00,0,99,38,0,0,0,0.00,0.00,0,21,19.61,0.00,0.00,0,0,0.00,0.00,99,0.00,0,0,0,0.00,0.00,0,0.00,0.00,0.00,0.00,0,0,0.00,47,0,0,45,0,0.02,6,0.00,0.04,0.05,54,0.01,0.10,86,1,0.17,1.96,0.00,0.00,4,0,0.10,52,6,0,67,0,44,1,0,0.00,99,0,0.00,0.00,13.70,1.17,7,3,84,92,5.87,0.50,42.86,0,0.00,99,0,0.00,0,0.00,99,0,0.00,0.00,25,0,63,9,0,0,0,0,0,29,45,62,53,0,16,78,15,15,0,0,15,26,0,0
Adrian Liber,25,979027200,2001/01/09,Prva HNL,2025/2026,Midfielder,Slaven Koprivnica,510,237,273,Croatia,15,8,7,1,1,0,0,0,0,0,0,2,1,1,9,2,7,0,0,0.18,0,0.18,0.38,0,510,1.59,57,34,0,0,0,54,230,-1,10,0,5.36,0,45,27.29,9.29,29,158,7.00,119,31,20.56,30,0.00,0.00,0.29,5,0.00,0.12,1.21,0.41,7,0.00,0.41,0.00,0.00,0.00,0.18,0.41,0.59,4.00,0.69,0.18,0.71,0.00,0.06,0.05,0.00,0.12,0.00,0.00,0,0,,4,0.24,42,1,0.17,40,3,0.52,43,7,11,4,38,0.00,99,0,3,0.52,34,2,25,0.35,26,0,0.00,99,0,0.00,0,0,0.00,0,0.86,56,12,2.07,79,7,1.21,58.33,0,0.00,0,0,0,0.00,0,10,0.00,21,1.73,83,N/A,N/A,N/A,N/A,0.00,0,0.00,0,0.83,0.00,0,75.32,25.00,42,19,0.35,1.04,6,86,78,0,0,0,0.12,0.35,2,65,91.05,0.24,0.69,4,0,0.00,0.00,99,0.00,0,0,0,0.00,0.00,0,0.00,0.00,0.17,0.06,1,0,25.00,96,10,29,69,23,0.51,30,0.03,0.09,0.83,66,0.05,0.14,30,4,0.24,0.69,0.69,0.24,16,4,0.14,65,38,18,67,0,72,15,0,0.00,99,2,0.00,0.35,8.29,2.82,48,21,22,38,3.63,1.24,43.75,7,1.21,18,0,0.00,0,0.00,99,0,0.00,0.00,25,7,92,87,0,0,0,0,0,64,77,62,91,0,16,19,15,15,0,0,15,14,0,0
Adriano Jagušić,20,1125990000,2005/09/06,Prva HNL,2025/2026,Midfielder,Slaven Koprivnica,1728,900,828,Croatia,20,10,10,7,3,4,4,3,1,0,0,2,1,1,25,14,11,0,0,0.57,0.21,0.36,0.3,0.43,247,1.3,69,86,0,432,0,19,30,-1,2,80000,7.34,0.2,89,38.07,36.55,62,731,29.60,592,60,30.83,64,0.00,0.00,1.80,36,0.00,4.60,1.77,1.70,34,0.00,1.60,0.00,0.00,0.00,0.80,1.60,1.25,7.57,2.76,1.55,3.70,0.00,1.10,0.41,0.00,0.70,0.00,0.00,0,0,,53,2.65,94,22,1.15,95,31,1.61,92,8,0,20,63,0.00,99,0,16,0.83,53,92,71,4.79,93,0,0.00,99,0,0.00,0,0,0.00,0,1.88,94,74,3.85,95,32,1.67,43.24,0,0.00,0,0,0,0.00,0,25,0.00,51,1.30,52,N/A,N/A,N/A,N/A,0.00,0,0.00,0,8.28,0.00,0,80.98,41.51,76,19,1.00,1.04,20,95,43,0,0,0,0.10,0.10,2,37,146.77,0.40,0.42,8,0,0.00,0.00,99,0.00,0,0,0,0.00,0.00,0,0.00,0.00,0.00,0.00,0,0,13.21,76,67,47,52,51,4.90,93,0.25,0.26,8.28,95,0.41,0.43,97,51,2.55,2.66,0.73,0.70,18,14,0.43,92,99,7,67,0,44,31,0,0.00,99,14,0.00,0.73,13.59,13.05,261,130,95,92,6.77,6.50,49.81,32,1.67,10,0,26.09,0,0.00,99,24,1.20,1.25,93,69,14,93,0,1,0,5,0,92,93,91,87,0,51,10,15,15,0,0,15,8,N/A,N/A
Adrion Pajaziti,23,1037433600,2002/11/16,Prva HNL,2025/2026,Midfielder,Hajduk Split,1698,874,824,England,28,15,13,1,0,1,1,0,1,0,0,12,7,5,15,8,7,6,0,0.11,0.05,0.05,0,0.11,1698,0.8,113,61,283,1698,0.32,113,115,-1,12,300000,5.92,0.04,51,60.04,39.10,96,1134,35.52,1030,98,54.53,97,0.00,0.00,0.48,14,0.00,0.62,2.22,1.45,42,0.00,0.66,0.00,0.00,0.00,0.62,0.62,0.48,17.00,0.90,0.41,0.93,0.00,0.17,0.06,0.00,0.03,0.00,0.00,0,0,,17,0.59,53,5,0.26,52,12,0.64,52,2,8,20,82,0.00,99,0,18,0.95,61,18,75,0.95,49,0,0.00,99,0,0.00,0,0,0.00,0,0.74,49,27,1.43,61,18,0.95,66.67,0,0.00,0,0,0,0.00,0,14,0.00,90,0.74,7,N/A,N/A,N/A,N/A,0.00,0,0.00,0,1.84,0.00,0,90.83,29.41,49,8,0.83,1.27,24,79,88,0,0,0,0.03,0.05,1,26,171.57,0.45,0.69,13,0,0.00,0.00,99,0.00,0,0,3,0.10,0.16,0,0.00,0.00,0.00,0.00,0,0,5.88,52,66,83,94,90,3.07,71,0.11,0.16,1.84,54,0.06,0.10,76,31,1.07,1.64,1.75,1.14,81,33,0.10,52,49,18,96,0,44,1,0,0.00,99,1,0.00,0.05,9.26,6.03,175,92,58,51,4.87,3.17,52.57,19,1.01,29,0,27.78,0,0.00,99,5,0.17,0.26,54,69,83,41,0,0,0,0,0,46,52,71,53,0,87,84,36,81,6,21,82,4,N/A,N/A
Advan Kadušić,28,876812400,1997/10/14,Prva HNL,2025/2026,Defender,Istra 1961,1911,1095,816,Bosnia and Herzegovina,26,14,12,1,0,1,2,2,0,0,0,4,2,2,31,17,14,5,0,0.14,0.09,0.05,0,0.11,1911,1.46,62,74,382,956,0.24,110,82,57,11,110000,6.53,0.08,67,38.83,30.52,63,824,21.26,574,12,27.05,55,0.00,0.00,0.59,16,0.00,2.33,4.48,3.52,95,0.00,0.33,0.00,0.00,0.00,0.81,0.41,1.07,8.00,0.38,0.26,0.74,0.00,0.04,0.04,0.00,0.67,0.00,0.00,0,0,,8,0.30,24,1,0.05,20,7,0.33,30,4,6,20,99,0.00,99,0,22,1.04,66,63,56,2.97,76,0,0.00,99,0,0.00,0,0,0.00,0,0.75,50,20,0.94,43,11,0.52,55.00,0,0.00,0,0,0,0.00,0,29,0.00,28,1.37,60,N/A,N/A,N/A,N/A,0.00,0,0.00,0,1.05,0.00,0,69.66,12.50,20,2,1.37,1.74,37,52,74,0,0,0,0.41,0.52,11,74,176.32,2.15,2.73,58,1,0.00,0.05,15,0.04,0,0,0,0.00,0.00,0,0.00,0.00,0.00,0.00,0,0,12.50,74,74,71,95,29,2.86,56,0.11,0.13,1.05,35,0.04,0.05,51,23,0.85,1.08,1.37,1.07,64,29,0.05,34,71,69,67,0,44,39,0,0.00,99,18,0.00,0.85,11.59,9.11,246,146,96,80,6.88,5.41,59.35,9,0.42,63,0,20.63,0,0.00,99,13,0.48,0.61,75,69,69,65,0,0,0,0,0,54,52,71,53,0,68,25,52,66,5,19,75,97,N/A,N/A
Alasan Samateh,19,1167638400,2007/01/01,Prva HNL,2025/2026,Unknown,Rijeka,0,0,0,Gambia,0,0,0,0,0,0,0,0,0,0,0,0,0,0,0,0,0,0,0,0,0,0,0,0,0,0,0,0,0,0,0,-1,-1,-1,-1,N/A,N/A,N/A,N/A,N/A,N/A,N/A,N/A,N/A,N/A,N/A,N/A,N/A,N/A,N/A,N/A,N/A,N/A,N/A,N/A,N/A,N/A,N/A,N/A,N/A,N/A,N/A,N/A,N/A,N/A,N/A,N/A,N/A,N/A,N/A,N/A,N/A,N/A,N/A,N/A,N/A,N/A,N/A,N/A,N/A,N/A,N/A,N/A,N/A,N/A,N/A,N/A,N/A,N/A,N/A,N/A,N/A,N/A,N/A,N/A,N/A,N/A,N/A,N/A,N/A,N/A,N/A,N/A,N/A,N/A,N/A,N/A,N/A,N/A,N/A,N/A,N/A,N/A,N/A,N/A,N/A,N/A,N/A,N/A,N/A,N/A,N/A,N/A,N/A,N/A,N/A,N/A,N/A,N/A,N/A,N/A,N/A,N/A,N/A,N/A,N/A,N/A,N/A,N/A,N/A,N/A,N/A,N/A,N/A,N/A,N/A,N/A,N/A,N/A,N/A,N/A,N/A,N/A,N/A,N/A,N/A,N/A,N/A,N/A,N/A,N/A,N/A,N/A,N/A,N/A,N/A,N/A,N/A,N/A,N/A,N/A,N/A,N/A,N/A,N/A,N/A,N/A,N/A,N/A,N/A,N/A,N/A,N/A,N/A,N/A,N/A,N/A,N/A,N/A,N/A,N/A,N/A,N/A,N/A,N/A,N/A,N/A,N/A,N/A,N/A,N/A,N/A,N/A,N/A,N/A,N/A,N/A,N/A,N/A,N/A,N/A,N/A,N/A,N/A,N/A,N/A,N/A,N/A,N/A,N/A,N/A,N/A,N/A,N/A,N/A,N/A,N/A,N/A,N/A,N/A,N/A,N/A,N/A,N/A,N/A,N/A,N/A,N/A,N/A,N/A,N/A,N/A,N/A,N/A,N/A,N/A,N/A,N/A,N/A,N/A,N/A,N/A,N/A,N/A,N/A,N/A,N/A,N/A,N/A
Alejandro Jay Agustín,23,1026025200,2002/07/07,Prva HNL,2025/2026,Midfielder,Istra 1961,349,180,169,Spain,10,4,6,0,0,0,0,0,0,0,0,1,1,0,3,1,2,1,0,0,0,0,0,0,0,0.77,116,35,349,0,0.26,210,216,-1,29,0,5.40,0,45,33.01,11.64,49,128,8.36,92,18,23.72,41,0.00,0.00,0.18,2,0.00,0.91,2.32,0.82,9,0.00,0.36,0.00,0.00,0.00,0.55,0.73,0.36,0.00,0.26,0.09,1.09,0.00,0.00,0.00,0.00,0.18,0.00,0.00,0,0,,1,0.09,17,0,0.00,18,1,0.26,26,5,7,3,86,0.00,99,0,6,1.55,93,10,25,2.58,73,0,0.00,99,0,0.00,0,0,0.00,0,0.52,39,12,3.09,89,8,2.06,66.67,0,0.00,0,0,0,0.00,0,4,0.00,92,1.03,26,N/A,N/A,N/A,N/A,0.00,0,0.00,0,0.05,0.00,0,71.88,0.00,18,19,0.36,1.03,4,98,88,0,0,0,0.36,1.03,4,97,59.37,0.36,1.03,4,0,0.00,0.00,99,0.00,0,0,1,0.09,0.26,0,0.00,0.00,0.00,0.00,0,0,0.00,47,0,11,45,92,0.31,24,0.03,0.08,0.05,14,0.00,0.01,49,4,0.36,1.03,1.03,0.36,41,4,0.01,14,38,35,99,0,44,22,0,0.00,99,2,0.00,0.52,10.57,3.73,41,23,85,69,5.93,2.09,56.10,4,1.03,29,0,0.00,0,0.00,99,0,0.00,0.00,25,2,76,73,0,0,0,0,0,29,45,62,53,0,16,10,48,69,1,10,44,23,0,0
Aleks Stojaković,22,1077004800,2004/02/17,Prva HNL,2025/2026,Midfielder,Lokomotiva Zagreb,2577,1359,1218,Slovenia,32,17,15,9,6,3,2,1,1,0,0,6,4,2,40,20,20,5,0,0.38,0.07,0.31,0.4,0.22,286,1.4,64,81,515,1289,0.17,31,101,-1,1,85000,6.78,0.06,60,18.32,16.43,8,493,11.77,353,18,13.12,8,0.00,0.00,0.67,20,0.00,0.97,0.74,0.67,20,0.00,1.03,0.00,0.00,0.00,0.27,0.50,1.30,6.62,1.97,1.00,1.20,0.00,0.77,0.31,0.00,1.47,0.00,0.00,0,0,,53,1.77,81,23,0.85,88,30,1.11,76,8,1,31,16,0.00,99,0,8,0.30,19,29,56,1.08,51,0,0.00,99,0,0.00,0,0,0.00,0,0.74,49,36,1.34,58,15,0.56,41.67,0,0.00,0,0,0,0.00,0,39,0.00,37,1.45,70,N/A,N/A,N/A,N/A,0.00,0,0.00,0,9.22,0.00,0,71.60,43.40,80,86,0.23,0.26,7,56,41,0,0,0,0.10,0.11,3,40,203.50,0.50,0.56,15,0,0.00,0.00,99,0.00,0,0,4,0.13,0.15,0,0.00,0.00,0.78,0.70,21,1,15.09,81,93,97,58,37,2.58,38,0.09,0.10,9.22,88,0.31,0.34,49,28,0.93,1.04,1.49,1.33,73,40,0.34,87,83,10,95,0,96,73,0,0.00,99,44,0.00,1.64,10.03,9.00,270,102,27,63,3.79,3.40,37.78,31,1.15,23,0,20.69,0,0.00,99,6,0.20,0.22,50,97,24,93,0,0,0,0,0,84,87,85,92,0,54,38,68,47,5,16,64,15,N/A,N/A
Aleksa Latković,25,972892800,2000/10/30,Prva HNL,2025/2026,Midfielder,Varaždin,2277,1008,1269,Montenegro,32,15,17,8,4,4,6,3,3,0,0,8,5,3,30,12,18,5,0,0.55,0.24,0.32,0.36,0.28,285,1.19,76,71,455,380,0.2,29,20,-1,2,49296,7.10,0.19,93,24.11,19.06,20,610,15.34,491,57,19.41,26,0.00,0.00,2.12,68,0.00,2.94,1.50,1.19,38,0.00,0.81,0.00,0.00,0.00,0.22,1.19,0.91,6.11,2.17,1.06,2.16,0.00,0.66,0.30,0.00,0.19,0.00,0.00,0,0,,55,1.72,86,21,0.83,87,34,1.34,84,9,1,31,51,0.00,99,0,7,0.28,18,94,74,3.72,83,0,0.00,99,0,0.00,0,0,0.00,0,2.69,98,69,2.73,86,38,1.50,55.07,0,0.00,0,0,0,0.00,0,29,0.00,63,1.15,34,N/A,N/A,N/A,N/A,0.00,0,0.00,0,9.71,0.00,0,80.49,38.18,68,29,0.66,0.83,21,92,74,0,0,0,0.03,0.04,1,24,227.33,0.28,0.36,9,0,0.00,0.00,99,0.00,0,0,2,0.06,0.08,0,0.00,0.00,0.24,0.19,6,0,16.36,84,85,97,58,63,7.13,95,0.22,0.28,9.71,91,0.30,0.38,67,35,1.09,1.38,1.26,1.00,58,32,0.38,90,98,4,86,0,81,11,0,0.00,99,6,0.00,0.24,9.88,7.81,250,115,48,62,4.55,3.59,46.00,26,1.03,29,0,26.60,0,0.00,99,25,0.78,0.99,87,97,24,98,0,0,0,0,0,91,88,87,90,0,30,52,62,55,5,16,64,27,N/A,N/A
Aleksa Todorović,22,1075017600,2004/01/25,Prva HNL,2025/2026,Midfielder,Rijeka,90,0,90,Serbia,1,0,1,0,0,0,0,0,0,0,0,1,0,1,0,0,0,0,0,0,0,0,0,0,0,0,0,90,0,0,0,-1,-1,-1,22,48000,0.23,0,45,31.00,1.07,42,31,0.38,11,0,11.00,4,0.00,0.00,0.00,0,0.00,0.00,0.00,0.00,0,0.00,0.00,0.00,0.00,0.03,0.00,0.00,0.03,0.00,0.00,0.00,0.00,0.00,0.00,0.00,0.00,0.07,0.00,0.00,0,0,,0,0.00,8,0,0.00,18,0,0.00,10,0,0,1,4,0.00,99,0,0,0.00,6,0,25,0.00,12,0,0.00,99,0,0.00,0,0,0.00,0,0.00,9,0,0.00,7,0,0.00,0.00,0,0.00,0,1,99,1.00,0,1,0.00,99,1.00,23,N/A,N/A,N/A,N/A,100.00,0,0.00,0,0.00,0.00,0,35.48,0.00,18,99,0.00,0.00,0,9,9,0,0,1,0.00,0.00,0,21,6.81,0.03,1.00,1,0,0.00,0.00,99,0.00,0,0,0,0.00,0.00,0,0.00,0.00,0.00,0.00,0,0,0.00,47,0,0,45,0,0.02,1,0.00,0.02,0.00,10,0.00,0.00,48,1,0.03,1.00,0.00,0.00,4,0,0.00,10,0,35,67,0,44,81,0,0.00,99,2,0.00,2.00,2.00,0.07,2,2,8,7,2.00,0.07,100.00,0,0.00,99,0,0.00,0,0.00,99,0,0.00,0.00,25,0,14,9,0,0,0,0,0,29,45,62,53,0,30,99,15,15,0,0,15,99,N/A,N/A
Aleksandar Trajkovski,33,715676400,1992/09/05,Prva HNL,2025/2026,Forward,Lokomotiva Zagreb,526,231,295,FYR Macedonia,10,4,6,1,1,0,2,1,1,0,0,0,0,0,11,4,7,0,0,0.51,0.34,0.17,0.39,0,526,1.88,48,53,0,263,0,58,7,-1,10,100000,4.84,0.2,98,22.93,9.57,17,134,7.64,107,53,18.31,23,0.00,0.00,0.79,11,0.00,1.14,1.20,0.50,7,0.00,1.21,0.00,0.00,0.00,0.21,0.07,0.86,8.00,1.37,0.36,0.79,0.00,0.21,0.09,0.00,0.36,0.00,0.00,0,0,,8,0.57,68,3,0.51,71,5,0.86,67,4,5,5,37,0.00,99,0,3,0.51,33,16,95,2.74,75,0,0.00,99,0,0.00,0,0,0.00,0,1.88,94,11,1.88,74,1,0.17,9.09,0,0.00,0,0,0,0.00,0,12,0.00,10,2.05,90,N/A,N/A,N/A,N/A,0.00,0,0.00,0,1.26,0.00,0,79.85,37.50,67,99,0.00,0.00,0,27,10,0,0,0,0.00,0.00,0,21,67.82,0.14,0.34,2,0,0.00,0.00,99,0.00,0,0,0,0.00,0.00,0,0.00,0.00,0.34,0.14,2,0,12.50,74,12,11,70,10,1.80,97,0.13,0.31,1.26,78,0.09,0.22,83,11,0.79,1.88,0.51,0.21,12,3,0.22,77,30,3,67,0,88,40,0,0.00,99,5,0.00,0.86,11.12,4.64,65,24,38,75,4.11,1.71,36.92,17,2.91,0,0,43.75,0,0.00,99,7,0.50,1.20,91,12,63,65,0,0,0,0,0,90,76,62,92,0,64,3,15,15,0,0,15,7,N/A,N/A
Alen Grgić,31,776502000,1994/08/10,Prva HNL,2025/2026,Midfielder,Slaven Koprivnica,462,222,240,Croatia,8,3,5,1,0,1,1,0,1,0,0,2,2,0,9,2,7,0,0,0.39,0.19,0.19,0,0.38,462,1.75,51,58,0,462,0,53,41,-1,17,0,6.67,0.12,86,19.83,12.75,10,102,8.50,68,8,13.22,8,0.00,0.00,1.38,11,0.00,2.38,0.00,0.00,0,0.00,0.75,0.00,0.00,0.00,0.62,0.25,1.12,8.00,1.56,0.75,1.12,0.00,0.25,0.14,0.00,1.25,0.00,0.00,0,0,,8,1.00,72,2,0.39,66,6,1.17,79,4,1,7,4,0.00,99,0,5,0.97,62,19,82,3.69,82,0,0.00,99,0,0.00,0,0,0.00,0,2.14,96,9,1.75,70,2,0.39,22.22,0,0.00,0,0,0,0.00,0,9,0.00,14,1.75,84,N/A,N/A,N/A,N/A,0.00,0,0.00,0,1.12,0.00,0,66.67,25.00,42,50,0.38,0.58,3,43,13,0,0,0,0.12,0.19,1,49,53.34,0.25,0.39,2,1,0.00,0.19,1,0.12,0,0,0,0.00,0.00,0,0.00,0.00,0.78,0.50,4,0,12.50,74,8,6,67,14,1.15,88,0.14,0.22,1.12,78,0.14,0.22,66,7,0.88,1.36,0.97,0.62,38,5,0.22,77,75,6,67,0,96,79,0,0.00,99,10,0.00,1.94,9.33,6.00,48,19,23,53,3.69,2.38,39.58,6,1.17,22,0,31.58,0,0.00,99,6,0.75,1.17,89,22,24,65,0,0,0,0,0,85,79,90,53,0,16,52,15,15,0,0,15,27,0,0
Alen Jurilj,30,826185600,1996/03/07,Prva HNL,2025/2026,Forward,HNK Vukovar 1991,1222,517,705,Bosnia and Herzegovina,20,9,11,2,2,0,1,0,1,0,0,3,2,1,22,6,16,3,0,0.22,0.07,0.15,0.35,0,611,1.62,56,61,407,1222,0.22,63,95,-1,4,80000,4.91,0.05,60,16.20,9.57,5,220,6.30,145,7,10.68,4,0.00,0.00,0.57,13,0.00,1.39,0.59,0.35,8,0.00,0.39,0.00,0.00,0.00,0.22,0.43,1.00,5.50,0.81,0.22,0.96,0.00,0.26,0.09,0.00,0.35,0.00,0.00,0,0,,11,0.48,49,6,0.44,67,5,0.37,34,9,7,13,13,0.00,99,0,5,0.37,24,32,76,2.36,69,0,0.00,99,0,0.00,0,0,0.00,0,0.96,61,22,1.62,66,10,0.74,45.45,0,0.00,0,0,0,0.00,0,23,0.00,19,1.69,80,N/A,N/A,N/A,N/A,0.00,0,0.00,0,2.17,0.00,0,65.91,54.55,93,83,0.17,0.29,4,68,50,0,0,0,0.00,0.00,0,21,112.85,0.43,0.74,10,0,0.00,0.00,99,0.00,0,0,1,0.04,0.07,0,0.00,0.00,0.88,0.52,12,0,18.18,89,46,47,73,21,1.35,38,0.06,0.10,2.17,70,0.09,0.16,47,13,0.57,0.96,0.74,0.43,18,10,0.16,69,32,20,81,0,98,24,0,0.00,99,8,0.00,0.59,6.92,4.09,94,39,14,20,2.87,1.70,41.49,9,0.66,52,0,28.12,0,0.00,99,9,0.39,0.66,76,46,76,98,0,1,0,5,0,69,74,62,90,0,51,25,55,61,3,15,62,19,N/A,N/A
Alfonso Daniel Barco Del Solar,24,1007712000,2001/12/07,Prva HNL,2025/2026,Midfielder,Rijeka,951,448,503,Peru,13,6,7,0,0,0,0,0,0,0,0,5,2,3,9,2,7,5,0,0,0,0,0,0,0,0.85,106,73,190,0,0.47,137,136,-1,18,95000,6.02,0,45,47.22,35.64,81,499,30.57,428,84,40.50,83,0.00,0.00,0.21,3,0.00,0.50,1.51,1.14,16,0.00,0.14,0.00,0.00,0.00,0.86,0.07,0.79,0.00,0.76,0.57,0.29,0.00,0.00,0.03,0.00,0.79,0.00,0.00,0,0,,8,0.57,45,0,0.00,18,8,0.76,60,0,4,9,51,0.00,99,0,12,1.14,74,7,77,0.66,39,0,0.00,99,0,0.00,0,0,0.00,0,0.28,24,4,0.38,24,1,0.09,25.00,0,0.00,0,0,0,0.00,0,11,0.00,84,1.04,27,N/A,N/A,N/A,N/A,0.00,0,0.00,0,0.36,0.00,0,85.77,0.00,18,10,0.93,1.23,13,15,17,0,0,0,0.07,0.09,1,34,84.31,1.43,1.89,20,1,0.00,0.09,8,0.07,0,0,0,0.00,0.00,0,0.00,0.00,0.00,0.00,0,0,0.00,47,33,21,45,84,1.08,38,0.08,0.10,0.36,28,0.03,0.03,56,12,0.86,1.14,3.03,2.29,99,32,0.03,27,52,59,67,0,44,48,0,0.00,99,11,0.00,1.04,9.94,7.50,105,40,27,62,3.79,2.86,38.10,2,0.19,79,0,28.57,0,0.00,99,2,0.14,0.19,48,29,57,9,0,0,0,0,0,29,45,62,53,0,59,75,19,96,5,38,99,55,N/A,N/A
Amer Gojak,29,855820800,1997/02/13,Prva HNL,2025/2026,Midfielder,Rijeka,1333,585,748,Bosnia and Herzegovina,27,12,15,0,0,0,2,0,2,0,0,9,6,3,12,1,11,2,0,0.14,0.14,0,0,0,0,0.81,111,49,667,667,0.14,228,61,-1,25,220000,5.96,0.07,76,24.51,12.10,20,363,9.20,276,35,18.63,24,0.00,0.00,0.53,16,0.00,1.77,1.62,0.80,24,0.00,0.43,0.00,0.00,0.00,0.17,0.37,0.47,0.00,1.55,0.40,0.73,0.00,0.37,0.08,0.00,0.43,0.00,0.00,0,0,,23,0.77,72,11,0.74,84,12,0.81,63,4,15,12,58,0.00,99,0,5,0.34,21,53,65,3.58,81,0,0.00,99,0,0.00,0,0,0.00,0,1.08,66,22,1.49,62,11,0.74,50.00,0,0.00,0,0,0,0.00,0,14,0.00,88,0.95,21,N/A,N/A,N/A,N/A,0.00,0,0.00,0,2.36,0.00,0,76.03,47.83,86,23,0.47,0.95,14,68,68,0,0,0,0.00,0.00,0,21,178.92,0.47,0.95,14,0,0.00,0.00,99,0.00,0,0,0,0.00,0.00,0,0.00,0.00,0.34,0.17,5,0,0.00,47,51,77,45,88,2.31,71,0.08,0.16,2.36,70,0.08,0.16,38,12,0.40,0.81,1.69,0.83,78,25,0.16,69,51,31,67,0,88,41,0,0.00,99,13,0.00,0.88,9.05,4.47,134,59,33,49,3.98,1.97,44.03,13,0.88,38,0,24.53,0,0.00,99,13,0.43,0.88,83,42,99,65,0,0,0,0,0,54,45,62,53,0,86,68,77,41,2,7,32,14,N/A,N/A
Andrija Filipović,29,861346800,1997/04/18,Prva HNL,2025/2026,Forward,Slaven Koprivnica,145,82,63,Croatia,7,3,4,1,1,0,0,0,0,0,0,1,1,0,5,4,1,3,1,0.62,0,0.62,1.1,0,145,3.1,29,21,36,0,2.48,-1,-1,-1,12,55000,3.81,0,45,13.24,2.00,1,20,1.50,15,30,9.93,2,0.00,0.00,0.00,0,0.00,0.20,0.00,0.00,0,0.00,0.20,0.00,0.00,0.00,0.00,0.00,0.60,6.00,3.97,0.40,0.10,0.00,0.20,0.10,0.00,0.20,0.00,0.00,0,0,,6,0.60,99,2,1.32,98,4,2.65,99,8,6,1,4,0.00,99,0,0,0.00,6,2,25,1.32,56,0,0.00,99,0,0.00,0,0,0.00,0,0.00,9,1,0.66,37,0,0.00,0.00,0,0.00,0,0,0,0.00,0,6,0.00,0,3.97,96,N/A,N/A,N/A,N/A,0.00,0,0.00,0,1.04,0.00,0,75.00,33.33,57,43,0.10,0.66,1,9,9,0,0,0,0.00,0.00,0,21,38.10,0.00,0.00,0,0,0.00,0.00,99,0.00,0,0,0,0.00,0.00,0,0.00,0.00,1.32,0.20,2,0,16.67,86,0,4,46,0,0.03,1,0.00,0.02,1.04,99,0.10,0.69,99,6,0.60,3.97,2.65,0.40,99,4,0.69,99,11,0,67,0,99,59,0,0.00,99,2,0.00,1.32,13.90,2.10,21,8,71,92,5.29,0.80,38.10,2,1.32,16,0,0.00,0,0.00,99,0,0.00,0.00,25,0,69,93,0,0,0,0,0,94,99,62,99,0,33,23,15,99,2,29,96,7,N/A,N/A
Andro Sokac,18,1190271600,2007/09/20,Prva HNL,2025/2026,Midfielder,Slaven Koprivnica,0,0,0,Croatia,0,0,0,0,0,0,0,0,0,0,0,0,0,0,0,0,0,0,0,0,0,0,0,0,0,0,0,0,0,0,0,-1,-1,-1,-1,N/A,N/A,N/A,N/A,N/A,N/A,N/A,N/A,N/A,N/A,N/A,N/A,N/A,N/A,N/A,N/A,N/A,N/A,N/A,N/A,N/A,N/A,N/A,N/A,N/A,N/A,N/A,N/A,N/A,N/A,N/A,N/A,N/A,N/A,N/A,N/A,N/A,N/A,N/A,N/A,N/A,N/A,N/A,N/A,N/A,N/A,N/A,N/A,N/A,N/A,N/A,N/A,N/A,N/A,N/A,N/A,N/A,N/A,N/A,N/A,N/A,N/A,N/A,N/A,N/A,N/A,N/A,N/A,N/A,N/A,N/A,N/A,N/A,N/A,N/A,N/A,N/A,N/A,N/A,N/A,N/A,N/A,N/A,N/A,N/A,N/A,N/A,N/A,N/A,N/A,N/A,N/A,N/A,N/A,N/A,N/A,N/A,N/A,N/A,N/A,N/A,N/A,N/A,N/A,N/A,N/A,N/A,N/A,N/A,N/A,N/A,N/A,N/A,N/A,N/A,N/A,N/A,N/A,N/A,N/A,N/A,N/A,N/A,N/A,N/A,N/A,N/A,N/A,N/A,N/A,N/A,N/A,N/A,N/A,N/A,N/A,N/A,N/A,N/A,N/A,N/A,N/A,N/A,N/A,N/A,N/A,N/A,N/A,N/A,N/A,N/A,N/A,N/A,N/A,N/A,N/A,N/A,N/A,N/A,N/A,N/A,N/A,N/A,N/A,N/A,N/A,N/A,N/A,N/A,N/A,N/A,N/A,N/A,N/A,N/A,N/A,N/A,N/A,N/A,N/A,N/A,N/A,N/A,N/A,N/A,N/A,N/A,N/A,N/A,N/A,N/A,N/A,N/A,N/A,N/A,N/A,N/A,N/A,N/A,N/A,N/A,N/A,N/A,N/A,N/A,N/A,N/A,N/A,N/A,N/A,N/A,N/A,N/A,N/A,N/A,N/A,N/A,N/A,N/A,N/A,N/A,N/A,N/A,N/A
Anel Husic,25,983433600,2001/03/01,Prva HNL,2025/2026,Defender,Rijeka,1500,810,690,Switzerland,19,9,10,1,1,0,1,1,0,0,0,6,4,2,23,9,14,3,0,0.12,0.06,0.06,0.11,0,1500,1.38,65,79,500,1500,0.18,107,112,48,9,90000,4.54,0.05,56,54.30,32.32,92,905,27.18,761,76,45.66,89,0.00,0.00,0.25,7,0.00,0.39,1.86,1.11,31,0.00,0.25,0.00,0.00,0.00,0.64,0.11,0.82,12.00,0.72,0.36,0.18,0.00,0.07,0.05,0.00,0.61,0.00,0.00,0,0,,12,0.43,43,2,0.12,29,10,0.60,48,6,2,17,66,0.00,99,0,18,1.08,69,11,27,0.66,39,0,0.00,99,0,0.00,0,0,0.00,0,0.42,33,5,0.30,22,3,0.18,60.00,0,0.00,0,0,0,0.00,0,23,0.00,41,1.38,61,N/A,N/A,N/A,N/A,0.00,0,0.00,0,1.36,0.00,0,84.09,16.67,24,86,0.14,0.24,4,27,82,0,0,0,0.36,0.60,10,83,127.14,2.54,4.26,71,1,0.00,0.06,12,0.04,0,0,1,0.04,0.06,0,0.00,0.00,0.00,0.00,0,0,8.33,61,58,44,91,41,2.51,66,0.09,0.15,1.36,47,0.05,0.08,5,2,0.07,0.12,1.80,1.07,83,30,0.08,46,24,81,78,0,44,47,0,0.00,99,17,0.00,1.02,7.08,4.21,118,52,15,22,3.12,1.86,44.07,7,0.42,63,0,9.09,0,0.00,99,1,0.04,0.06,30,60,31,82,0,0,0,0,0,49,55,62,63,0,57,64,67,50,3,16,64,51,N/A,N/A
Anes Huskić,19,1173081600,2007/03/05,Prva HNL,2025/2026,Midfielder,Lokomotiva Zagreb,44,23,21,Croatia,3,1,2,0,0,0,0,0,0,0,0,0,0,0,1,1,0,0,0,0,0,0,0,0,0,2.05,44,15,0,0,0,-1,-1,-1,33,12000,2.22,0,45,38.86,2.11,63,19,1.56,14,23,28.64,58,0.00,0.00,0.11,1,0.00,0.22,2.05,0.11,1,0.00,0.00,0.00,0.00,0.00,0.22,0.44,0.00,0.00,6.14,0.22,0.89,0.00,0.11,0.02,0.00,0.00,0.00,0.00,0,0,,3,0.33,99,1,2.05,99,2,4.09,99,0,3,0,74,0.00,99,0,2,4.09,99,2,25,4.09,86,0,0.00,99,0,0.00,0,0,0.00,0,2.05,95,8,16.36,99,4,8.18,50.00,0,0.00,0,0,0,0.00,0,0,0.00,5,0.00,0,N/A,N/A,N/A,N/A,0.00,0,0.00,0,0.19,0.00,0,73.68,33.33,57,99,0.00,0.00,0,99,68,0,0,0,0.00,0.00,0,21,19.99,0.00,0.00,0,0,0.00,0.00,99,0.00,0,0,0,0.00,0.00,0,0.00,0.00,0.00,0.00,0,0,0.00,47,0,0,45,5,0.06,52,0.01,0.12,0.19,92,0.02,0.39,1,0,0.00,0.00,2.05,0.11,92,1,0.39,90,2,0,67,0,44,1,0,0.00,99,0,0.00,0.00,20.45,1.11,10,5,99,99,10.23,0.56,50.00,0,0.00,99,0,0.00,0,0.00,99,0,0.00,0.00,25,0,45,9,0,0,0,0,0,29,45,62,53,0,17,3,15,15,0,0,15,2,N/A,N/A
Ante Erceg,36,629452800,1989/12/12,Prva HNL,2025/2026,Forward,Gorica,779,394,385,Croatia,17,9,8,5,1,4,0,0,0,0,0,4,2,2,9,5,4,3,1,0.58,0,0.58,0.23,0.94,156,1.04,87,46,260,0,0.35,3,130,-1,2,60000,4.78,0,45,32.19,11.91,46,274,9.22,212,41,24.91,46,0.00,0.00,0.13,3,0.00,0.43,1.29,0.48,11,0.00,0.70,0.00,0.00,0.00,0.09,0.30,0.43,6.20,3.64,0.83,0.70,0.00,0.52,0.23,0.00,0.61,0.00,0.00,0,0,,31,1.35,99,12,1.41,99,19,2.23,98,1,10,7,42,0.00,99,0,2,0.23,14,10,55,1.17,53,0,0.00,99,0,0.00,0,0,0.00,0,0.35,28,16,1.88,74,7,0.82,43.75,0,0.00,0,0,0,0.00,0,10,0.00,71,1.17,35,N/A,N/A,N/A,N/A,0.00,0,0.00,0,5.40,0.00,0,77.37,38.71,70,24,0.35,0.94,8,72,45,2,0,0,0.00,0.00,0,21,109.89,0.30,0.82,7,0,0.00,0.00,99,0.00,0,2,0,0.00,0.00,0,0.00,0.00,0.70,0.26,6,0,16.13,84,25,36,46,71,0.50,14,0.02,0.06,4.00,97,0.17,0.47,68,12,0.52,1.41,1.17,0.43,52,10,0.63,99,28,25,67,0,94,73,0,0.00,99,14,0.00,1.64,12.81,4.74,109,44,68,88,5.17,1.91,40.37,16,1.88,4,0,20.00,0,0.00,99,2,0.09,0.23,52,22,86,27,0,0,0,0,0,93,99,99,79,0,37,50,31,86,2,12,51,50,N/A,N/A
Ante Gagula,22,1073635200,2004/01/09,Prva HNL,2025/2026,Defender,Istra 1961,0,0,0,Croatia,0,0,0,0,0,0,0,0,0,0,0,0,0,0,0,0,0,0,0,0,0,0,0,0,0,0,0,0,0,0,0,-1,-1,-1,-1,N/A,N/A,N/A,N/A,N/A,N/A,N/A,N/A,N/A,N/A,N/A,N/A,N/A,N/A,N/A,N/A,N/A,N/A,N/A,N/A,N/A,N/A,N/A,N/A,N/A,N/A,N/A,N/A,N/A,N/A,N/A,N/A,N/A,N/A,N/A,N/A,N/A,N/A,N/A,N/A,N/A,N/A,N/A,N/A,N/A,N/A,N/A,N/A,N/A,N/A,N/A,N/A,N/A,N/A,N/A,N/A,N/A,N/A,N/A,N/A,N/A,N/A,N/A,N/A,N/A,N/A,N/A,N/A,N/A,N/A,N/A,N/A,N/A,N/A,N/A,N/A,N/A,N/A,N/A,N/A,N/A,N/A,N/A,N/A,N/A,N/A,N/A,N/A,N/A,N/A,N/A,N/A,N/A,N/A,N/A,N/A,N/A,N/A,N/A,N/A,N/A,N/A,N/A,N/A,N/A,N/A,N/A,N/A,N/A,N/A,N/A,N/A,N/A,N/A,N/A,N/A,N/A,N/A,N/A,N/A,N/A,N/A,N/A,N/A,N/A,N/A,N/A,N/A,N/A,N/A,N/A,N/A,N/A,N/A,N/A,N/A,N/A,N/A,N/A,N/A,N/A,N/A,N/A,N/A,N/A,N/A,N/A,N/A,N/A,N/A,N/A,N/A,N/A,N/A,N/A,N/A,N/A,N/A,N/A,N/A,N/A,N/A,N/A,N/A,N/A,N/A,N/A,N/A,N/A,N/A,N/A,N/A,N/A,N/A,N/A,N/A,N/A,N/A,N/A,N/A,N/A,N/A,N/A,N/A,N/A,N/A,N/A,N/A,N/A,N/A,N/A,N/A,N/A,N/A,N/A,N/A,N/A,N/A,N/A,N/A,N/A,N/A,N/A,N/A,N/A,N/A,N/A,N/A,N/A,N/A,N/A,N/A,N/A,N/A,N/A,N/A,N/A,N/A,N/A,N/A,N/A,N/A,N/A,N/A
Ante Majstorović,32,752572800,1993/11/06,Prva HNL,2025/2026,Defender,Rijeka,2409,1149,1260,Croatia,28,14,14,1,0,1,1,1,0,0,0,8,5,3,29,11,18,7,1,0.07,0.04,0.04,0,0.07,2409,1.08,83,86,301,2409,0.3,117,125,22,14,130000,6.90,0.04,48,60.82,58.14,97,1628,49.54,1387,81,51.82,96,0.00,0.00,0.25,7,0.00,0.43,1.08,1.04,29,0.00,0.07,0.00,0.00,0.00,1.46,0.14,1.07,0.00,0.67,0.54,0.21,0.00,0.11,0.05,0.00,2.29,0.00,0.00,0,0,,18,0.64,41,3,0.11,25,15,0.56,47,6,0,28,31,0.00,99,0,41,1.53,92,12,98,0.45,31,0,0.00,99,0,0.00,0,0,0.00,0,0.26,21,6,0.22,17,4,0.15,66.67,0,0.00,0,0,0,0.00,0,30,0.00,69,1.12,32,N/A,N/A,N/A,N/A,0.00,0,0.00,0,1.31,0.00,0,85.20,16.67,24,82,0.29,0.30,8,24,88,0,0,0,0.57,0.60,16,83,193.32,5.04,5.27,141,0,0.00,0.00,99,0.00,0,0,2,0.07,0.07,0,0.00,0.00,0.00,0.00,0,1,0.00,47,89,83,98,69,4.14,66,0.15,0.15,1.31,35,0.05,0.05,43,23,0.82,0.86,0.93,0.89,35,25,0.05,34,92,90,81,0,44,89,0,0.00,99,64,0.00,2.39,6.99,6.68,187,118,46,21,4.41,4.21,63.10,2,0.07,90,0,58.33,0,0.00,99,7,0.25,0.26,54,89,14,82,0,0,0,0,0,35,49,64,53,0,74,60,41,76,6,21,82,45,N/A,N/A
Ante Oreč,24,999068400,2001/08/29,Prva HNL,2025/2026,Midfielder,Rijeka,2070,1128,942,Croatia,27,15,12,2,1,1,4,2,2,0,0,9,6,3,21,10,11,7,1,0.26,0.17,0.09,0.08,0.1,1035,0.91,99,77,296,518,0.3,87,49,-1,8,110000,6.32,0.15,80,34.87,26.73,58,802,21.97,659,65,28.65,58,0.00,0.00,0.80,24,0.00,3.57,2.61,2.00,60,0.00,0.57,0.00,0.00,0.00,0.70,0.50,0.63,11.50,1.00,0.57,1.57,0.00,0.20,0.09,0.00,0.60,0.00,0.00,0,0,,23,0.77,57,6,0.26,52,17,0.74,58,3,3,24,92,0.00,99,0,21,0.91,57,107,53,4.65,92,0,0.00,99,0,0.00,0,0,0.00,0,1.04,63,47,2.04,78,15,0.65,31.91,0,0.00,0,0,0,0.00,0,19,0.00,79,0.83,14,N/A,N/A,N/A,N/A,0.00,0,0.00,0,2.84,0.00,0,82.17,26.09,43,74,0.27,0.35,8,62,23,0,0,0,0.33,0.43,10,70,189.56,1.43,1.87,43,1,0.00,0.04,19,0.03,0,0,1,0.03,0.04,0,0.00,0.00,0.00,0.00,0,1,8.70,62,80,77,84,79,4.65,82,0.15,0.20,2.84,62,0.09,0.12,79,39,1.30,1.70,1.09,0.83,46,25,0.12,60,64,58,72,0,44,33,0,0.00,99,18,0.00,0.78,10.13,7.77,233,130,80,65,5.65,4.33,55.79,17,0.74,46,0,19.63,0,0.00,99,21,0.70,0.91,84,81,45,55,0,0,0,0,0,72,64,69,58,0,68,68,39,76,6,22,83,22,N/A,N/A
Ante Rebić,32,748594800,1993/09/21,Prva HNL,2025/2026,Forward,Hajduk Split,1734,735,999,Croatia,24,11,13,7,2,5,5,2,3,0,0,10,5,5,18,8,10,6,1,0.62,0.26,0.36,0.24,0.45,248,0.93,96,72,289,347,0.31,18,16,-1,4,450000,6.77,0.21,95,24.76,19.88,23,477,12.29,295,2,15.31,14,0.00,0.00,1.12,27,0.00,2.79,1.66,1.33,32,0.00,1.50,0.00,0.00,0.00,0.58,1.54,0.75,6.57,2.39,1.00,3.29,0.00,0.92,0.34,0.00,1.00,0.00,0.00,0,0,,46,1.92,90,22,1.14,95,24,1.25,80,4,3,21,60,0.00,99,0,14,0.73,45,67,57,3.48,80,0,0.00,99,0,0.00,0,0,0.00,0,1.40,81,79,4.10,97,37,1.92,46.84,0,0.00,0,0,0,0.00,0,18,0.00,78,0.93,20,N/A,N/A,N/A,N/A,0.00,0,0.00,0,8.12,0.00,0,61.84,47.83,86,42,0.54,0.67,13,96,51,0,0,0,0.08,0.10,2,37,162.57,0.58,0.73,14,1,0.00,0.05,15,0.04,0,0,4,0.17,0.21,0,0.00,0.00,0.31,0.25,6,0,15.22,81,68,64,52,77,4.51,89,0.19,0.23,8.12,94,0.34,0.42,65,26,1.08,1.35,1.71,1.38,79,33,0.42,92,81,19,97,0,86,57,0,0.00,99,24,0.00,1.25,13.55,10.88,261,117,89,91,6.07,4.88,44.83,36,1.87,5,0,20.90,0,0.00,99,14,0.58,0.73,79,73,45,65,0,1,0,4,0,94,93,93,81,0,94,82,38,79,5,21,82,9,N/A,N/A
Ante Šuto,25,961398000,2000/06/19,Prva HNL,2025/2026,Midfielder,Slaven Koprivnica,1260,652,608,Croatia,18,9,9,4,1,3,6,5,1,0,0,2,1,1,20,9,11,5,0,0.71,0.43,0.29,0.14,0.44,315,1.43,63,70,252,210,0.36,35,3,-1,4,48000,6.88,0.33,99,15.79,12.28,5,221,8.56,154,12,11.00,4,0.00,0.00,1.00,18,0.00,0.83,2.21,1.72,31,0.00,1.44,0.00,0.00,0.00,0.44,0.50,1.00,6.25,1.79,0.89,1.44,0.00,0.50,0.24,0.00,1.28,0.00,0.00,0,0,,25,1.39,78,9,0.64,79,16,1.14,78,5,4,14,82,0.00,99,0,8,0.57,36,15,36,1.07,50,0,0.00,99,0,0.00,0,0,0.00,0,1.29,76,26,1.86,73,9,0.64,34.62,0,0.00,0,0,0,0.00,0,18,0.00,32,1.29,51,N/A,N/A,N/A,N/A,0.00,0,0.00,0,4.32,0.00,0,69.68,36.00,64,32,0.61,0.79,11,61,27,0,0,0,0.06,0.07,1,29,123.93,0.44,0.57,8,0,0.00,0.00,99,0.00,0,0,0,0.00,0.00,0,0.00,0.00,0.43,0.33,6,0,16.00,83,47,40,61,33,4.70,98,0.26,0.34,4.32,86,0.24,0.31,62,18,1.00,1.29,1.79,1.39,83,25,0.31,85,90,11,67,0,91,73,0,0.00,99,23,0.00,1.64,14.14,11.00,198,81,83,95,5.79,4.50,40.91,26,1.86,6,0,13.33,0,0.00,99,2,0.11,0.14,43,50,57,73,0,1,0,6,0,96,85,92,69,0,30,12,29,87,5,28,95,22,N/A,N/A
Ante Utrobičić,19,1152687600,2006/07/12,Prva HNL,2025/2026,Midfielder,Lokomotiva Zagreb,0,0,0,Croatia,0,0,0,0,0,0,0,0,0,0,0,0,0,0,0,0,0,0,0,0,0,0,0,0,0,0,0,0,0,0,0,-1,-1,-1,-1,N/A,N/A,N/A,N/A,N/A,N/A,N/A,N/A,N/A,N/A,N/A,N/A,N/A,N/A,N/A,N/A,N/A,N/A,N/A,N/A,N/A,N/A,N/A,N/A,N/A,N/A,N/A,N/A,N/A,N/A,N/A,N/A,N/A,N/A,N/A,N/A,N/A,N/A,N/A,N/A,N/A,N/A,N/A,N/A,N/A,N/A,N/A,N/A,N/A,N/A,N/A,N/A,N/A,N/A,N/A,N/A,N/A,N/A,N/A,N/A,N/A,N/A,N/A,N/A,N/A,N/A,N/A,N/A,N/A,N/A,N/A,N/A,N/A,N/A,N/A,N/A,N/A,N/A,N/A,N/A,N/A,N/A,N/A,N/A,N/A,N/A,N/A,N/A,N/A,N/A,N/A,N/A,N/A,N/A,N/A,N/A,N/A,N/A,N/A,N/A,N/A,N/A,N/A,N/A,N/A,N/A,N/A,N/A,N/A,N/A,N/A,N/A,N/A,N/A,N/A,N/A,N/A,N/A,N/A,N/A,N/A,N/A,N/A,N/A,N/A,N/A,N/A,N/A,N/A,N/A,N/A,N/A,N/A,N/A,N/A,N/A,N/A,N/A,N/A,N/A,N/A,N/A,N/A,N/A,N/A,N/A,N/A,N/A,N/A,N/A,N/A,N/A,N/A,N/A,N/A,N/A,N/A,N/A,N/A,N/A,N/A,N/A,N/A,N/A,N/A,N/A,N/A,N/A,N/A,N/A,N/A,N/A,N/A,N/A,N/A,N/A,N/A,N/A,N/A,N/A,N/A,N/A,N/A,N/A,N/A,N/A,N/A,N/A,N/A,N/A,N/A,N/A,N/A,N/A,N/A,N/A,N/A,N/A,N/A,N/A,N/A,N/A,N/A,N/A,N/A,N/A,N/A,N/A,N/A,N/A,N/A,N/A,N/A,N/A,N/A,N/A,N/A,N/A,N/A,N/A,N/A,N/A,N/A,N/A
Anthony Kalik,28,878716800,1997/11/05,Prva HNL,2025/2026,Midfielder,Hajduk Split,211,142,69,Australia,16,7,9,1,1,0,0,0,0,0,0,8,3,5,2,1,1,2,0,0.43,0,0.43,0.63,0,211,0.85,106,13,106,0,0.85,-1,-1,-1,14,345000,2.69,0,45,34.65,2.56,56,82,2.06,66,57,27.89,57,0.00,0.00,0.00,0,0.00,0.03,4.65,0.34,11,0.00,0.06,0.00,0.00,0.00,0.06,0.06,0.06,7.00,2.96,0.12,0.16,0.00,0.09,0.04,0.00,0.09,0.00,0.00,0,0,,7,0.22,95,3,1.27,97,4,1.69,92,1,15,1,99,0.00,99,0,2,0.85,55,1,25,0.42,30,0,0.00,99,0,0.00,0,0,0.00,0,0.00,9,5,2.11,80,2,0.85,40.00,0,0.00,0,0,0,0.00,0,2,0.00,84,0.85,16,N/A,N/A,N/A,N/A,0.00,0,0.00,0,1.18,0.00,0,80.49,42.86,79,66,0.03,0.42,1,72,38,0,0,0,0.03,0.42,1,69,86.01,0.06,0.85,2,0,0.00,0.00,99,0.00,0,0,0,0.00,0.00,0,0.00,0.00,0.42,0.03,1,0,14.29,81,0,32,51,84,0.16,18,0.01,0.07,1.18,98,0.04,0.50,96,6,0.19,2.54,2.96,0.22,99,7,0.50,95,4,26,67,0,90,57,0,0.00,99,3,0.00,1.27,16.06,1.19,38,22,99,99,9.30,0.69,57.89,2,0.85,40,0,0.00,0,0.00,99,0,0.00,0.00,25,0,99,27,0,0,0,0,0,87,94,62,98,0,88,98,15,99,2,12,51,7,N/A,N/A
Antonio Boršić,30,811494000,1995/09/19,Prva HNL,2025/2026,Defender,Varaždin,2085,1027,1058,Croatia,27,13,14,2,1,1,1,1,0,0,0,5,3,2,33,16,17,4,2,0.13,0.04,0.09,0.09,0.09,1043,1.42,63,77,417,2085,0.22,84,120,55,8,61681,5.95,0.04,48,41.40,31.97,70,959,25.27,758,49,32.72,66,0.00,0.00,0.40,12,0.00,1.10,1.38,1.07,32,0.00,0.33,0.00,0.00,0.00,0.57,0.47,1.13,7.00,0.60,0.30,0.93,0.00,0.17,0.07,0.00,0.67,0.00,0.00,0,0,,14,0.47,39,5,0.22,47,9,0.39,37,10,2,25,47,0.00,99,0,17,0.73,45,33,58,1.42,58,0,0.00,99,0,0.00,0,0,0.00,0,0.52,39,28,1.21,52,14,0.60,50.00,0,0.00,0,0,0,0.00,0,34,0.00,33,1.47,72,N/A,N/A,N/A,N/A,0.00,0,0.00,0,2.24,0.00,0,79.04,35.71,62,53,0.43,0.56,13,58,68,0,0,0,0.53,0.69,16,89,178.44,2.70,3.50,81,1,0.00,0.04,19,0.03,0,0,0,0.00,0.00,0,0.00,0.00,0.00,0.00,0,0,14.29,81,80,77,85,33,2.63,45,0.09,0.11,2.24,54,0.07,0.10,38,19,0.63,0.82,1.08,0.83,44,25,0.10,52,50,74,67,0,44,40,0,0.00,99,20,0.00,0.86,7.25,5.60,168,75,18,26,3.24,2.50,44.64,10,0.43,62,0,21.21,0,0.00,99,7,0.23,0.30,57,83,31,99,0,0,0,0,0,52,64,67,60,0,38,38,56,61,2,7,32,25,N/A,N/A
Antonio Bosec,28,872751600,1997/08/28,Prva HNL,2025/2026,Defender,HNK Vukovar 1991,550,355,195,Croatia,9,6,3,0,0,0,0,0,0,0,0,1,1,0,14,10,4,2,0,0,0,0,0,0,0,2.29,39,61,275,0,0.33,241,241,80,21,0,6.30,0,45,24.87,16.89,24,152,10.89,98,4,16.04,17,0.00,0.00,0.56,5,0.00,4.11,2.13,1.44,13,0.00,0.22,0.00,0.00,0.00,0.33,0.11,1.67,0.00,0.00,0.00,0.67,0.00,0.00,0.00,0.00,0.33,0.00,0.00,0,0,,0,0.00,8,0,0.00,18,0,0.00,10,2,3,6,76,0.00,99,0,3,0.49,31,37,75,6.05,98,0,0.00,99,0,0.00,0,0,0.00,0,0.82,54,6,0.98,45,1,0.16,16.67,0,0.00,0,0,0,0.00,0,15,0.00,0,2.45,94,N/A,N/A,N/A,N/A,0.00,0,0.00,0,0.00,0.00,0,64.47,0.00,18,21,0.67,0.98,6,25,10,0,0,0,0.11,0.16,1,46,56.67,1.78,2.62,16,0,0.00,0.00,99,0.00,0,0,0,0.00,0.00,0,0.00,0.00,0.00,0.00,0,0,0.00,47,14,8,45,0,0.40,18,0.04,0.07,0.00,10,0.00,0.00,63,8,0.89,1.31,1.96,1.33,90,12,0.00,10,63,66,67,0,44,21,0,0.00,99,3,0.00,0.49,9.00,6.11,55,25,37,48,4.09,2.78,45.45,2,0.33,71,0,27.03,0,0.00,99,10,1.11,1.64,95,16,45,41,0,0,0,0,0,29,45,62,53,0,16,12,34,82,2,22,83,8,0,0
Antonio Mauric,22,1067932800,2003/11/04,Prva HNL,2025/2026,Defender,Istra 1961,1692,900,792,Croatia,26,14,12,2,1,1,0,0,0,0,0,4,2,2,25,15,10,4,0,0.11,0,0.11,0.1,0.11,846,1.33,68,65,423,0,0.21,76,240,40,7,130000,6.82,0,45,41.09,29.69,69,772,26.04,677,90,36.03,71,0.00,0.00,0.65,17,0.00,0.42,1.38,1.00,26,0.00,0.23,0.00,0.00,0.00,0.73,0.50,0.88,9.00,0.96,0.54,0.96,0.00,0.15,0.09,0.00,0.31,0.00,0.00,0,0,,18,0.69,55,4,0.21,46,14,0.75,59,1,5,21,47,0.00,99,0,19,1.01,64,11,52,0.59,37,0,0.00,99,0,0.00,0,0,0.00,0,0.90,58,25,1.33,57,13,0.69,52.00,0,0.00,0,0,0,0.00,0,23,0.00,48,1.22,42,N/A,N/A,N/A,N/A,0.00,0,0.00,0,2.34,0.00,0,87.69,22.22,35,31,0.58,0.80,15,64,70,0,0,0,0.23,0.32,6,62,177.36,0.77,1.06,20,0,0.00,0.00,99,0.00,0,0,0,0.00,0.00,0,0.00,0.00,0.21,0.15,4,0,11.11,71,65,71,80,49,2.17,52,0.08,0.12,2.34,62,0.09,0.12,57,22,0.85,1.17,0.80,0.58,24,15,0.12,60,84,37,67,0,78,18,0,0.00,99,8,0.00,0.43,6.60,4.77,124,69,23,17,3.67,2.65,55.65,6,0.32,72,0,18.18,0,0.00,99,2,0.08,0.11,41,73,63,27,0,0,0,0,0,46,68,71,61,0,74,25,57,59,4,15,62,8,N/A,N/A
Antonio Đaković,24,992329200,2001/06/12,Prva HNL,2025/2026,Goalkeeper,HNK Vukovar 1991,270,90,180,Croatia,3,1,2,0,0,0,0,0,0,0,0,1,1,0,3,0,3,0,0,0,0,0,0,0,0,1,90,90,0,0,0,-1,-1,-1,29,70000,2.46,0,45,23.33,7.78,18,70,5.11,46,6,15.33,14,0.00,0.00,0.00,0,0.00,0.00,0.33,0.11,1,0.00,0.00,0.00,0.00,1.56,0.00,0.00,1.89,0.00,0.00,0.00,0.00,0.00,0.00,0.00,0.00,0.22,0.00,0.00,0,0,,0,0.00,8,0,0.00,18,0,0.00,10,0,0,3,8,0.00,99,0,0,0.00,6,0,25,0.00,12,0,0.00,99,0,0.00,0,0,0.00,0,0.00,9,0,0.00,7,0,0.00,0.00,0,0.00,0,14,99,4.67,99,17,0.00,74,5.67,99,N/A,N/A,N/A,N/A,82.35,0,0.00,0,0.00,0.00,0,65.71,0.00,18,99,0.00,0.00,0,9,9,0,0,9,0.00,0.00,0,21,22.12,0.44,1.33,4,0,0.00,0.00,99,0.00,0,0,0,0.00,0.00,4,0.44,1.33,0.00,0.00,0,0,0.00,47,0,0,45,74,0.09,2,0.01,0.03,0.00,10,0.00,0.00,14,1,0.11,0.33,0.00,0.00,4,0,0.00,10,2,44,67,99,44,28,0,0.00,99,2,0.00,0.67,1.00,0.33,3,3,7,7,1.00,0.33,100.00,0,0.00,99,0,0.00,0,0.00,99,0,0.00,0.00,25,2,14,9,0,0,0,0,0,29,45,62,53,0,43,68,15,15,0,0,15,42,N/A,N/A
Antun Marković,33,710233200,1992/07/04,Prva HNL,2025/2026,Goalkeeper,Slaven Koprivnica,0,0,0,Kosovo,0,0,0,0,0,0,0,0,0,0,0,0,0,0,0,0,0,0,0,0,0,0,0,0,0,0,0,0,0,0,0,-1,-1,-1,-1,N/A,N/A,N/A,N/A,N/A,N/A,N/A,N/A,N/A,N/A,N/A,N/A,N/A,N/A,N/A,N/A,N/A,N/A,N/A,N/A,N/A,N/A,N/A,N/A,N/A,N/A,N/A,N/A,N/A,N/A,N/A,N/A,N/A,N/A,N/A,N/A,N/A,N/A,N/A,N/A,N/A,N/A,N/A,N/A,N/A,N/A,N/A,N/A,N/A,N/A,N/A,N/A,N/A,N/A,N/A,N/A,N/A,N/A,N/A,N/A,N/A,N/A,N/A,N/A,N/A,N/A,N/A,N/A,N/A,N/A,N/A,N/A,N/A,N/A,N/A,N/A,N/A,N/A,N/A,N/A,N/A,N/A,N/A,N/A,N/A,N/A,N/A,N/A,N/A,N/A,N/A,N/A,N/A,N/A,N/A,N/A,N/A,N/A,N/A,N/A,N/A,N/A,N/A,N/A,N/A,N/A,N/A,N/A,N/A,N/A,N/A,N/A,N/A,N/A,N/A,N/A,N/A,N/A,N/A,N/A,N/A,N/A,N/A,N/A,N/A,N/A,N/A,N/A,N/A,N/A,N/A,N/A,N/A,N/A,N/A,N/A,N/A,N/A,N/A,N/A,N/A,N/A,N/A,N/A,N/A,N/A,N/A,N/A,N/A,N/A,N/A,N/A,N/A,N/A,N/A,N/A,N/A,N/A,N/A,N/A,N/A,N/A,N/A,N/A,N/A,N/A,N/A,N/A,N/A,N/A,N/A,N/A,N/A,N/A,N/A,N/A,N/A,N/A,N/A,N/A,N/A,N/A,N/A,N/A,N/A,N/A,N/A,N/A,N/A,N/A,N/A,N/A,N/A,N/A,N/A,N/A,N/A,N/A,N/A,N/A,N/A,N/A,N/A,N/A,N/A,N/A,N/A,N/A,N/A,N/A,N/A,N/A,N/A,N/A,N/A,N/A,N/A,N/A,N/A,N/A,N/A,N/A,N/A,N/A
Arbër Hoxha,27,907657200,1998/10/06,Prva HNL,2025/2026,Forward,Dinamo Zagreb,1775,858,917,Kosovo,30,14,16,7,5,2,5,3,2,0,0,14,5,9,16,7,9,3,0,0.61,0.25,0.35,0.52,0.2,254,0.81,111,59,592,355,0.15,20,18,-1,5,500000,6.52,0.17,94,22.70,13.88,15,444,11.56,370,71,18.92,24,0.00,0.00,0.62,20,0.00,1.56,0.92,0.56,18,0.00,1.66,0.00,0.00,0.00,0.16,1.47,0.50,7.57,2.71,1.09,2.91,0.00,0.56,0.26,0.00,0.19,0.00,0.00,0,0,,53,1.66,94,18,0.92,90,35,1.79,94,4,11,19,23,0.00,99,0,5,0.26,16,50,49,2.56,71,0,0.00,99,0,0.00,0,0,0.00,0,1.02,63,93,4.76,98,47,2.40,50.54,0,0.00,0,0,0,0.00,0,16,0.00,88,0.82,13,N/A,N/A,N/A,N/A,0.00,0,0.00,0,8.25,0.00,0,83.33,33.96,58,86,0.16,0.26,5,99,68,0,0,0,0.12,0.20,4,50,208.67,0.16,0.26,5,0,0.00,0.00,99,0.00,0,0,1,0.03,0.05,0,0.00,0.00,0.26,0.16,5,1,13.21,76,70,92,54,88,4.36,88,0.14,0.22,8.25,94,0.26,0.42,76,32,1.00,1.64,0.97,0.59,38,19,0.42,92,71,2,76,0,82,14,0,0.00,99,6,0.00,0.31,12.32,7.53,241,103,71,84,5.27,3.22,42.74,53,2.71,1,0,18.00,0,0.00,99,9,0.28,0.46,70,65,92,65,0,1,0,3,0,93,91,82,97,0,95,95,73,43,3,10,44,11,N/A,N/A
Arnel Jakupovic,27,896425200,1998/05/29,Prva HNL,2025/2026,Forward,Osijek,2004,906,1098,Austria,27,13,14,3,1,2,0,0,0,0,0,10,6,4,32,11,21,2,0,0.13,0,0.13,0.1,0.16,668,1.44,63,74,1002,0,0.09,71,133,-1,3,150000,6.13,0,45,20.06,15.41,11,447,11.14,323,19,14.50,11,0.00,0.00,0.38,11,0.00,0.24,0.94,0.72,21,0.00,0.59,0.00,0.00,0.00,0.10,0.17,1.10,20.00,2.69,1.48,0.34,0.00,0.59,0.20,0.00,1.79,0.00,0.00,0,0,,60,2.07,93,17,0.76,85,43,1.93,95,8,5,22,24,0.00,99,0,3,0.13,10,7,39,0.31,25,0,0.00,99,0,0.00,0,0,0.00,0,0.49,37,10,0.45,27,5,0.22,50.00,0,0.00,0,0,0,0.00,0,32,0.00,31,1.44,69,N/A,N/A,N/A,N/A,0.00,0,0.00,0,5.89,0.00,0,72.26,28.33,46,80,0.24,0.31,7,30,68,1,0,0,0.17,0.22,5,55,177.73,1.41,1.84,41,0,0.00,0.00,99,0.00,0,1,0,0.00,0.00,0,0.00,0.00,0.40,0.31,9,0,5.00,52,77,77,75,33,0.98,6,0.03,0.04,5.19,80,0.18,0.23,61,28,0.97,1.26,1.08,0.83,44,24,0.26,81,57,57,67,0,90,88,0,0.00,99,52,0.00,2.33,10.10,7.76,225,102,50,64,4.58,3.52,45.33,17,0.76,44,0,14.29,0,0.00,99,1,0.03,0.04,28,75,63,93,0,0,0,0,0,52,70,78,61,0,81,71,91,27,2,7,32,17,N/A,N/A
Atdhe Mazari,24,991465200,2001/06/02,Prva HNL,2025/2026,Midfielder,Varaždin,0,0,0,Albania,0,0,0,0,0,0,0,0,0,0,0,0,0,0,0,0,0,0,0,0,0,0,0,0,0,0,0,0,0,0,0,-1,-1,-1,-1,N/A,N/A,N/A,N/A,N/A,N/A,N/A,N/A,N/A,N/A,N/A,N/A,N/A,N/A,N/A,N/A,N/A,N/A,N/A,N/A,N/A,N/A,N/A,N/A,N/A,N/A,N/A,N/A,N/A,N/A,N/A,N/A,N/A,N/A,N/A,N/A,N/A,N/A,N/A,N/A,N/A,N/A,N/A,N/A,N/A,N/A,N/A,N/A,N/A,N/A,N/A,N/A,N/A,N/A,N/A,N/A,N/A,N/A,N/A,N/A,N/A,N/A,N/A,N/A,N/A,N/A,N/A,N/A,N/A,N/A,N/A,N/A,N/A,N/A,N/A,N/A,N/A,N/A,N/A,N/A,N/A,N/A,N/A,N/A,N/A,N/A,N/A,N/A,N/A,N/A,N/A,N/A,N/A,N/A,N/A,N/A,N/A,N/A,N/A,N/A,N/A,N/A,N/A,N/A,N/A,N/A,N/A,N/A,N/A,N/A,N/A,N/A,N/A,N/A,N/A,N/A,N/A,N/A,N/A,N/A,N/A,N/A,N/A,N/A,N/A,N/A,N/A,N/A,N/A,N/A,N/A,N/A,N/A,N/A,N/A,N/A,N/A,N/A,N/A,N/A,N/A,N/A,N/A,N/A,N/A,N/A,N/A,N/A,N/A,N/A,N/A,N/A,N/A,N/A,N/A,N/A,N/A,N/A,N/A,N/A,N/A,N/A,N/A,N/A,N/A,N/A,N/A,N/A,N/A,N/A,N/A,N/A,N/A,N/A,N/A,N/A,N/A,N/A,N/A,N/A,N/A,N/A,N/A,N/A,N/A,N/A,N/A,N/A,N/A,N/A,N/A,N/A,N/A,N/A,N/A,N/A,N/A,N/A,N/A,N/A,N/A,N/A,N/A,N/A,N/A,N/A,N/A,N/A,N/A,N/A,N/A,N/A,N/A,N/A,N/A,N/A,N/A,N/A,N/A,N/A,N/A,N/A,N/A,N/A
Blaž Bošković,24,1008403200,2001/12/15,Prva HNL,2025/2026,Midfielder,Lokomotiva Zagreb,2432,1199,1233,Bosnia and Herzegovina,32,16,16,3,3,0,0,0,0,0,0,6,4,2,34,18,16,8,0,0.11,0,0.11,0.23,0,811,1.26,72,76,304,0,0.3,75,195,-1,6,45000,6.87,0,45,33.36,28.16,52,901,21.59,691,39,25.58,49,0.00,0.00,0.62,20,0.00,0.19,2.41,2.03,65,0.00,0.97,0.00,0.00,0.00,1.31,0.66,1.00,11.00,1.22,0.72,1.28,0.00,0.31,0.13,0.00,3.19,0.00,0.00,0,0,,33,1.03,63,10,0.37,64,23,0.85,66,8,3,29,88,0.00,99,0,42,1.55,93,6,88,0.22,22,0,0.00,99,0,0.00,0,0,0.00,0,0.74,49,41,1.52,63,21,0.78,51.22,0,0.00,0,0,0,0.00,0,32,0.00,54,1.18,38,N/A,N/A,N/A,N/A,0.00,0,0.00,0,4.07,0.00,0,76.69,30.30,51,22,0.81,0.96,26,71,69,0,0,0,0.50,0.59,16,80,219.98,1.88,2.22,60,0,0.00,0.00,99,0.00,0,0,1,0.03,0.04,0,0.00,0.00,0.07,0.06,2,1,9.09,67,90,97,78,55,2.46,30,0.08,0.09,4.07,67,0.13,0.15,71,41,1.28,1.52,2.81,2.38,99,76,0.15,66,88,62,72,0,53,99,0,0.00,99,102,0.00,3.78,16.10,13.59,435,226,99,99,8.37,7.06,51.95,31,1.15,23,0,33.33,0,0.00,99,2,0.06,0.07,31,94,45,93,0,0,0,0,0,46,68,62,79,0,29,38,42,76,8,25,90,6,N/A,N/A
Borna Barišić,33,721382400,1992/11/10,Prva HNL,2025/2026,Defender,Osijek,551,432,119,Croatia,9,7,2,0,0,0,0,0,0,0,0,4,4,0,6,4,2,2,0,0,0,0,0,0,0,0.98,92,61,276,0,0.33,133,140,20,17,0,6.12,0,45,40.34,24.70,67,247,22.20,222,96,36.26,73,0.00,0.00,0.60,6,0.00,4.40,0.98,0.60,6,0.00,0.10,0.00,0.00,0.00,0.50,0.40,0.60,0.00,0.33,0.10,0.70,0.00,0.10,0.02,0.00,0.60,0.00,0.00,0,0,,2,0.20,20,1,0.16,37,1,0.16,17,2,3,6,26,0.00,99,0,5,0.82,52,44,69,7.19,99,0,0.00,99,0,0.00,0,0,0.00,0,0.98,62,7,1.14,49,4,0.65,57.14,0,0.00,0,0,0,0.00,0,6,0.00,76,0.98,22,N/A,N/A,N/A,N/A,0.00,0,0.00,0,0.19,0.00,0,89.88,50.00,90,78,0.20,0.33,2,62,76,0,0,0,0.30,0.49,3,73,61.15,2.20,3.59,22,0,0.00,0.00,99,0.00,0,0,0,0.00,0.00,0,0.00,0.00,0.00,0.00,0,0,0.00,47,14,8,45,76,0.72,52,0.07,0.12,0.19,28,0.02,0.03,29,4,0.40,0.65,0.65,0.40,16,4,0.03,27,56,76,67,0,44,45,0,0.00,99,6,0.00,0.98,6.21,3.80,38,20,18,14,3.27,2.00,52.63,1,0.16,82,0,25.00,0,0.00,99,11,1.10,1.80,98,16,45,41,0,0,0,0,0,29,45,62,53,0,16,86,34,82,2,22,83,3,0,0
Branimir Mlacic,20,1142150400,2006/03/12,Prva HNL,2025/2026,Midfielder,Hajduk Split,1284,625,659,Croatia,15,7,8,0,0,0,1,0,1,0,0,6,2,4,14,7,7,2,0,0.07,0.07,0,0,0,0,0.98,92,86,642,1284,0.14,237,102,-1,28,60000,5.81,0.07,60,54.18,42.94,91,773,39.50,711,99,49.84,94,0.00,0.00,0.22,4,0.00,0.00,1.26,1.00,18,0.00,0.17,0.00,0.00,0.00,0.67,0.11,0.78,0.00,0.35,0.17,0.22,0.00,0.11,0.02,0.00,1.94,0.00,0.00,0,0,,5,0.28,22,2,0.14,34,3,0.21,23,2,1,14,39,0.00,99,0,12,0.84,55,0,25,0.00,12,0,0.00,99,0,0.00,0,0,0.00,0,0.28,24,4,0.28,20,2,0.14,50.00,0,0.00,0,0,0,0.00,0,14,0.00,76,0.98,22,N/A,N/A,N/A,N/A,0.00,0,0.00,0,0.38,0.00,0,91.98,40.00,75,74,0.28,0.35,5,22,68,0,0,0,0.67,0.84,12,95,104.56,4.28,5.40,77,0,0.00,0.00,99,0.00,0,0,0,0.00,0.00,0,0.00,0.00,0.00,0.00,0,1,0.00,47,48,29,45,76,2.11,66,0.12,0.15,0.38,28,0.02,0.03,19,6,0.33,0.42,1.12,0.89,48,16,0.03,27,46,92,67,0,44,89,0,0.00,99,35,0.00,2.45,7.29,5.78,104,61,42,27,4.28,3.39,58.65,3,0.21,78,0,0.00,0,0.00,99,0,0.00,0.00,25,50,24,41,0,0,0,0,0,35,45,62,53,0,37,78,75,41,2,13,54,22,N/A,N/A
Branko Pavić,19,1162886400,2006/11/07,Prva HNL,2025/2026,Midfielder,Rijeka,409,90,319,Croatia,6,1,5,0,0,0,0,0,0,0,0,3,1,2,4,0,4,0,0,0,0,0,0,0,0,0.88,102,68,0,0,0,128,137,-1,19,60000,2.75,0,45,40.71,12.33,67,185,11.07,166,95,36.53,74,0.00,0.00,0.13,2,0.00,0.20,3.52,1.07,16,0.00,0.13,0.00,0.00,0.00,0.27,0.20,0.27,0.00,0.22,0.00,0.40,0.00,0.07,0.01,0.00,0.27,0.00,0.00,0,0,,1,0.07,15,1,0.22,47,0,0.00,10,5,2,4,99,0.00,99,0,4,0.88,56,3,88,0.66,39,0,0.00,99,0,0.00,0,0,0.00,0,0.44,34,6,1.32,57,3,0.66,50.00,0,0.00,0,0,0,0.00,0,4,0.00,81,0.88,18,N/A,N/A,N/A,N/A,0.00,0,0.00,0,0.14,0.00,0,89.73,100.00,99,43,0.20,0.66,3,63,68,0,0,0,0.00,0.00,0,21,41.18,0.27,0.88,4,0,0.00,0.00,99,0.00,0,0,0,0.00,0.00,0,0.00,0.00,0.00,0.00,0,0,0.00,47,4,1,45,81,0.38,24,0.03,0.08,0.14,28,0.01,0.03,29,3,0.20,0.66,1.76,0.53,81,8,0.03,27,5,28,67,0,44,41,0,0.00,99,4,0.00,0.88,10.12,3.07,46,25,77,65,5.50,1.67,54.35,2,0.44,61,0,33.33,0,0.00,99,1,0.07,0.22,50,7,31,73,0,0,0,0,0,29,45,62,53,0,37,98,15,15,0,0,15,66,N/A,N/A
Bruno Bogojević,27,899103600,1998/06/29,Prva HNL,2025/2026,Forward,Gorica,1390,555,835,Croatia,23,10,13,4,3,1,3,2,1,0,0,6,4,2,17,6,11,2,0,0.45,0.19,0.26,0.49,0.11,348,1.1,82,60,695,463,0.13,40,40,-1,3,80000,5.63,0.13,86,19.36,11.07,10,299,8.04,217,20,14.05,10,0.00,0.00,0.70,19,0.00,0.96,1.49,0.85,23,0.00,0.44,0.00,0.00,0.00,0.48,0.59,0.67,7.00,1.81,0.52,1.67,0.00,0.52,0.18,0.00,0.56,0.00,0.00,0,0,,28,1.04,79,14,0.91,89,14,0.91,70,1,8,15,49,0.00,99,0,13,0.84,55,26,89,1.68,61,0,0.00,99,0,0.00,0,0,0.00,0,1.23,72,45,2.91,88,16,1.04,35.56,0,0.00,0,0,0,0.00,0,18,0.00,67,1.17,35,N/A,N/A,N/A,N/A,0.00,0,0.00,0,4.81,0.00,0,72.58,50.00,90,25,0.52,0.91,14,82,29,0,0,0,0.15,0.26,4,57,151.88,0.93,1.62,25,0,0.00,0.00,99,0.00,0,0,0,0.00,0.00,0,0.00,0.00,0.52,0.30,8,0,14.29,81,53,59,62,68,2.93,80,0.11,0.19,4.81,86,0.18,0.31,40,13,0.48,0.84,0.91,0.52,32,14,0.31,85,43,52,67,0,92,44,0,0.00,99,15,0.00,0.97,9.58,5.48,148,66,41,57,4.27,2.44,44.59,12,0.78,43,0,34.62,0,0.00,99,9,0.33,0.58,74,53,83,27,1,1,1,4,4,88,83,71,95,0,51,54,79,38,2,9,40,30,N/A,N/A
Bruno Durdov,18,1197360000,2007/12/11,Prva HNL,2025/2026,Midfielder,Hajduk Split,377,282,95,Croatia,15,9,6,0,0,0,1,1,0,0,0,7,3,4,3,3,0,1,0,0.24,0.24,0,0,0,0,0.72,126,25,377,377,0.24,239,21,-1,26,75000,3.04,0.07,93,27.14,4.50,29,117,3.27,85,20,19.72,28,0.00,0.00,0.31,8,0.00,0.69,2.09,0.35,9,0.00,0.19,0.00,0.00,0.00,0.04,0.27,0.08,0.00,3.25,0.42,0.85,0.00,0.12,0.03,0.00,0.00,0.00,0.00,0,0,,14,0.54,97,3,0.70,82,11,2.55,99,3,12,3,75,0.00,99,0,1,0.23,14,18,59,4.18,87,0,0.00,99,0,0.00,0,0,0.00,0,1.86,93,22,5.10,99,7,1.62,31.82,0,0.00,0,0,0,0.00,0,2,0.00,94,0.46,0,N/A,N/A,N/A,N/A,0.00,0,0.00,0,0.78,0.00,0,72.65,21.43,33,14,0.19,1.16,5,94,23,0,0,0,0.00,0.00,0,21,79.04,0.08,0.46,2,0,0.00,0.00,99,0.00,0,0,0,0.00,0.00,0,0.00,0.00,0.00,0.00,0,0,0.00,47,1,29,45,94,1.06,92,0.04,0.25,0.78,75,0.03,0.18,45,4,0.15,0.93,1.39,0.23,66,6,0.18,74,6,8,67,0,44,1,0,0.00,99,0,0.00,0.00,12.06,2.00,52,20,51,83,4.64,0.77,38.46,5,1.16,22,0,22.22,0,0.00,99,4,0.15,0.93,85,2,94,55,0,0,0,0,0,71,45,62,53,0,46,95,50,66,1,7,32,34,N/A,N/A
Bruno Goda,28,892796400,1998/04/17,Prva HNL,2025/2026,Defender,Dinamo Zagreb,1498,694,804,Croatia,24,12,12,0,0,0,2,1,1,0,0,11,3,8,13,8,5,1,0,0.12,0.12,0,0,0,0,0.78,115,62,1498,749,0.06,187,67,7,25,350000,4.75,0.08,72,48.88,24.64,85,813,19.36,639,47,38.42,80,0.00,0.00,0.45,15,0.00,1.12,2.83,1.42,47,0.00,0.30,0.00,0.00,0.00,0.61,0.36,0.39,0.00,0.54,0.27,0.82,0.00,0.00,0.01,0.00,1.03,0.00,0.00,0,0,,9,0.27,34,0,0.00,18,9,0.54,46,7,9,15,96,0.00,99,0,20,1.20,78,37,30,2.22,67,0,0.00,99,0,0.00,0,0,0.00,0,0.90,58,27,1.62,66,12,0.72,44.44,0,0.00,0,0,0,0.00,0,13,0.00,91,0.78,9,N/A,N/A,N/A,N/A,0.00,0,0.00,0,0.46,0.00,0,78.60,0.00,18,38,0.36,0.72,12,67,48,0,0,0,0.06,0.12,2,42,156.77,0.97,1.92,32,0,0.00,0.00,99,0.00,0,0,0,0.00,0.00,0,0.00,0.00,0.00,0.00,0,0,0.00,47,57,64,45,91,2.89,75,0.09,0.17,0.46,28,0.01,0.03,61,21,0.64,1.26,1.26,0.64,58,21,0.03,27,26,60,67,0,44,83,0,0.00,99,34,0.00,2.04,11.00,5.55,183,113,95,74,6.79,3.42,61.75,10,0.60,55,0,10.81,0,0.00,99,4,0.12,0.24,52,53,85,87,0,0,0,0,0,49,45,62,53,0,90,92,99,18,1,4,18,3,N/A,N/A
Cardoso Pinto Mandume Varela,17,1225263600,2008/10/29,Prva HNL,2025/2026,Midfielder,Dinamo Zagreb,244,123,121,Portugal,12,7,5,0,0,0,0,0,0,0,0,3,2,1,6,3,3,1,0,0,0,0,0,0,0,2.21,41,20,244,0,0.37,-1,-1,-1,21,195000,3.16,0,45,33.57,3.64,52,91,2.72,68,28,25.08,47,0.00,0.00,0.28,7,0.00,0.56,2.21,0.24,6,0.00,0.16,0.00,0.00,0.00,0.00,0.16,0.24,0.00,2.21,0.12,0.32,0.00,0.12,0.02,0.00,0.00,0.00,0.00,0,0,,6,0.24,86,3,1.11,94,3,1.11,76,0,12,0,82,0.00,99,0,0,0.00,6,14,77,5.16,95,0,0.00,99,0,0.00,0,0,0.00,0,2.58,97,8,2.95,89,4,1.48,50.00,0,0.00,0,0,0,0.00,0,6,0.00,1,2.21,92,N/A,N/A,N/A,N/A,0.00,0,0.00,0,0.51,0.00,0,74.73,50.00,90,5,0.16,1.48,4,91,68,0,0,0,0.00,0.00,0,21,79.12,0.16,1.48,4,0,0.00,0.00,99,0.00,0,0,0,0.00,0.00,0,0.00,0.00,1.11,0.12,3,0,0.00,47,0,17,45,1,0.44,71,0.02,0.16,0.51,76,0.02,0.19,33,2,0.08,0.74,3.32,0.36,99,9,0.19,75,6,48,67,0,99,1,0,0.00,99,0,0.00,0.00,13.28,1.44,36,11,35,90,4.06,0.44,30.56,4,1.48,14,0,28.57,0,0.00,99,4,0.16,1.48,94,0,94,9,0,0,0,0,0,29,45,62,53,0,84,52,27,88,1,8,36,23,N/A,N/A
Charles Adah Agada,19,1157266800,2006/09/03,Prva HNL,2025/2026,Forward,Istra 1961,196,81,115,Nigeria,13,6,7,1,1,0,0,0,0,0,0,0,0,0,3,1,2,0,0,0.46,0,0.46,1.11,0,196,1.38,65,15,0,0,0,-1,-1,-1,12,25000,3.15,0,45,14.85,1.32,4,33,0.88,22,8,9.90,2,0.00,0.00,0.04,1,0.00,0.20,0.90,0.08,2,0.00,0.28,0.00,0.00,0.00,0.04,0.12,0.12,7.00,3.15,0.20,0.48,0.00,0.08,0.04,0.00,0.44,0.00,0.00,0,0,,7,0.28,96,2,0.90,88,5,2.25,98,0,13,0,22,0.00,99,0,1,0.45,29,5,25,2.25,67,0,0.00,99,0,0.00,0,0,0.00,0,0.45,35,12,5.40,99,3,1.35,25.00,0,0.00,0,0,0,0.00,0,3,0.00,41,1.35,58,N/A,N/A,N/A,N/A,0.00,0,0.00,0,1.10,0.00,0,66.67,28.57,48,99,0.00,0.00,0,89,17,0,0,0,0.00,0.00,0,21,78.77,0.00,0.00,0,0,0.00,0.00,99,0.00,0,0,0,0.00,0.00,0,0.00,0.00,0.90,0.08,2,0,14.29,81,0,21,50,41,0.09,6,0.00,0.04,1.10,98,0.04,0.50,99,12,0.48,5.40,3.60,0.32,99,8,0.50,95,6,0,67,0,98,99,0,0.00,99,11,0.00,4.95,26.10,2.32,58,28,99,99,12.60,1.12,48.28,7,3.15,0,0,0.00,0,0.00,99,0,0.00,0.00,25,0,97,9,0,0,0,0,0,88,95,62,99,0,21,3,15,15,0,0,15,77,N/A,N/A
Christian Dimitri Legbo Ouguehi,24,999068400,2001/08/29,Prva HNL,2025/2026,Defender,Rijeka,452,171,281,Ivory Coast,12,6,6,0,0,0,0,0,0,0,0,5,3,2,10,3,7,0,0,0,0,0,0,0,0,1.99,45,38,0,0,0,143,147,71,29,0,5.54,0,45,26.48,10.23,27,133,7.62,99,28,19.71,27,0.00,0.00,0.54,7,0.00,1.31,1.19,0.46,6,0.00,0.15,0.00,0.00,0.00,0.31,0.62,0.85,0.00,0.60,0.15,1.62,0.00,0.08,0.02,0.00,0.08,0.00,0.00,0,0,,3,0.23,39,1,0.20,43,2,0.40,37,3,7,5,35,0.00,99,0,4,0.80,50,17,94,3.38,79,0,0.00,99,0,0.00,0,0,0.00,0,1.39,80,21,4.18,97,8,1.59,38.10,0,0.00,0,0,0,0.00,0,11,0.00,6,2.19,91,N/A,N/A,N/A,N/A,0.00,0,0.00,0,0.22,0.00,0,74.44,33.33,57,99,0.00,0.00,0,93,33,0,0,0,0.00,0.00,0,21,72.01,0.46,1.19,6,0,0.00,0.00,99,0.00,0,0,0,0.00,0.00,0,0.00,0.00,0.20,0.08,1,0,0.00,47,6,17,45,6,0.45,30,0.03,0.09,0.22,33,0.02,0.04,81,9,0.69,1.79,0.80,0.31,24,4,0.04,31,39,40,67,0,76,9,0,0.00,99,1,0.00,0.20,9.96,3.85,50,24,55,62,4.78,1.85,48.00,2,0.40,65,0,41.18,0,0.00,99,7,0.54,1.39,94,12,76,55,0,0,0,0,0,29,45,62,53,0,16,82,15,15,0,0,15,24,0,0
Damir Kreilach,37,608713200,1989/04/16,Prva HNL,2025/2026,Coach,Rijeka,6,6,0,Croatia,1,1,0,0,0,0,0,0,0,0,0,0,0,0,0,0,0,0,0,0,0,0,0,0,0,0,0,6,0,0,0,-1,-1,-1,23,250000,6.15,0,45,30.00,2.00,38,2,0.00,0,0,0.00,0,0.00,0.00,0.00,0,0.00,0.00,0.00,0.00,0,0.00,0.00,0.00,0.00,0.00,0.00,0.00,0.00,0.00,0.00,0.00,0.00,0.00,0.00,0.00,0.00,2.00,0.00,0.00,0,0,,0,0.00,8,0,0.00,18,0,0.00,10,0,1,0,4,0.00,99,0,0,0.00,6,0,25,0.00,12,0,0.00,99,0,0.00,0,0,0.00,0,0.00,9,0,0.00,7,0,0.00,0.00,0,0.00,0,0,0,0.00,0,0,0.00,99,0.00,0,N/A,N/A,N/A,N/A,0.00,0,0.00,0,0.00,0.00,0,0.00,0.00,18,99,0.00,0.00,0,9,9,0,0,0,0.00,0.00,0,21,6.15,0.00,0.00,0,0,0.00,0.00,99,0.00,0,0,0,0.00,0.00,0,0.00,0.00,0.00,0.00,0,0,0.00,47,0,0,45,0,0.00,0,0.00,0.00,0.00,10,0.00,0.00,99,1,1.00,15.00,15.00,1.00,99,1,0.00,10,57,0,67,0,44,99,0,0.00,99,2,0.00,30.00,60.00,4.00,4,2,99,99,30.00,2.00,50.00,0,0.00,99,0,0.00,0,0.00,99,0,0.00,0.00,25,0,24,9,0,0,0,0,0,29,45,62,53,0,86,3,15,15,0,0,15,87,N/A,N/A
Daniel Adu-Adjei,20,1119337200,2005/06/21,Prva HNL,2025/2026,Forward,Rijeka,1365,611,754,England,24,11,13,5,1,4,3,1,2,0,0,7,5,2,15,4,11,1,0,0.53,0.2,0.33,0.15,0.48,273,0.99,91,57,1365,455,0.07,26,36,-1,3,95000,5.63,0.12,86,7.84,4.10,0,119,2.79,81,10,5.34,0,0.00,0.00,0.38,11,0.00,0.31,1.05,0.55,16,0.00,0.59,0.00,0.00,0.00,0.21,0.21,0.59,9.20,3.03,1.07,0.34,0.00,0.52,0.22,0.00,0.76,0.00,0.00,0,0,,46,1.59,96,15,0.99,91,31,2.04,96,6,11,13,29,0.00,99,0,6,0.40,26,9,95,0.59,37,0,0.00,99,0,0.00,0,0,0.00,0,0.72,47,10,0.66,37,6,0.40,60.00,0,0.00,0,0,0,0.00,0,17,0.00,74,1.12,32,N/A,N/A,N/A,N/A,0.00,0,0.00,0,6.45,0.00,0,68.07,32.61,53,86,0.14,0.26,4,44,82,0,0,0,0.03,0.07,1,29,163.14,0.34,0.66,10,0,0.00,0.00,99,0.00,0,0,0,0.00,0.00,0,0.00,0.00,0.07,0.03,1,1,10.87,70,52,64,56,74,2.30,66,0.08,0.15,6.45,94,0.22,0.42,72,24,0.83,1.58,1.38,0.72,65,21,0.42,92,43,14,67,0,53,64,0,0.00,99,22,0.00,1.45,11.20,5.86,170,66,43,76,4.35,2.28,38.82,17,1.12,25,0,44.44,0,0.00,99,4,0.14,0.26,54,46,92,82,0,1,0,4,0,90,89,95,71,0,59,60,97,20,1,4,18,18,N/A,N/A
Daniel Zagorac,39,539683200,1987/02/07,Prva HNL,2025/2026,Goalkeeper,Dinamo Zagreb,0,0,0,Croatia,0,0,0,0,0,0,0,0,0,0,0,0,0,0,0,0,0,0,0,0,0,0,0,0,0,0,0,0,0,0,0,-1,-1,-1,-1,N/A,N/A,N/A,N/A,N/A,N/A,N/A,N/A,N/A,N/A,N/A,N/A,N/A,N/A,N/A,N/A,N/A,N/A,N/A,N/A,N/A,N/A,N/A,N/A,N/A,N/A,N/A,N/A,N/A,N/A,N/A,N/A,N/A,N/A,N/A,N/A,N/A,N/A,N/A,N/A,N/A,N/A,N/A,N/A,N/A,N/A,N/A,N/A,N/A,N/A,N/A,N/A,N/A,N/A,N/A,N/A,N/A,N/A,N/A,N/A,N/A,N/A,N/A,N/A,N/A,N/A,N/A,N/A,N/A,N/A,N/A,N/A,N/A,N/A,N/A,N/A,N/A,N/A,N/A,N/A,N/A,N/A,N/A,N/A,N/A,N/A,N/A,N/A,N/A,N/A,N/A,N/A,N/A,N/A,N/A,N/A,N/A,N/A,N/A,N/A,N/A,N/A,N/A,N/A,N/A,N/A,N/A,N/A,N/A,N/A,N/A,N/A,N/A,N/A,N/A,N/A,N/A,N/A,N/A,N/A,N/A,N/A,N/A,N/A,N/A,N/A,N/A,N/A,N/A,N/A,N/A,N/A,N/A,N/A,N/A,N/A,N/A,N/A,N/A,N/A,N/A,N/A,N/A,N/A,N/A,N/A,N/A,N/A,N/A,N/A,N/A,N/A,N/A,N/A,N/A,N/A,N/A,N/A,N/A,N/A,N/A,N/A,N/A,N/A,N/A,N/A,N/A,N/A,N/A,N/A,N/A,N/A,N/A,N/A,N/A,N/A,N/A,N/A,N/A,N/A,N/A,N/A,N/A,N/A,N/A,N/A,N/A,N/A,N/A,N/A,N/A,N/A,N/A,N/A,N/A,N/A,N/A,N/A,N/A,N/A,N/A,N/A,N/A,N/A,N/A,N/A,N/A,N/A,N/A,N/A,N/A,N/A,N/A,N/A,N/A,N/A,N/A,N/A,N/A,N/A,N/A,N/A,N/A,N/A
Danijel Dejan Djuric,23,1046851200,2003/03/05,Prva HNL,2025/2026,Midfielder,Istra 1961,198,81,117,Iceland,9,4,5,0,0,0,1,1,0,0,0,0,0,0,3,1,2,1,0,0.45,0.45,0,0,0,0,1.36,66,22,198,198,0.45,-1,-1,-1,23,65000,3.17,0.11,99,39.55,4.58,66,87,3.63,69,50,31.36,64,0.00,0.00,0.16,3,0.00,0.26,1.36,0.16,3,0.00,0.21,0.00,0.00,0.00,0.05,0.21,0.11,0.00,4.55,0.42,0.42,0.00,0.11,0.03,0.00,0.11,0.00,0.00,0,0,,10,0.53,99,2,0.91,89,8,3.64,99,1,8,1,44,0.00,99,0,1,0.45,29,5,55,2.27,68,0,0.00,99,0,0.00,0,0,0.00,0,1.36,79,8,3.64,94,4,1.82,50.00,0,0.00,0,0,0,0.00,0,2,0.00,44,0.91,18,N/A,N/A,N/A,N/A,0.00,0,0.00,0,0.58,0.00,0,79.31,20.00,32,1,0.21,1.82,4,95,68,0,0,0,0.00,0.00,0,21,60.20,0.00,0.00,0,0,0.00,0.00,99,0.00,0,0,0,0.00,0.00,0,0.00,0.00,0.00,0.00,0,0,0.00,47,0,8,45,44,0.81,99,0.04,0.37,0.58,83,0.03,0.26,66,3,0.16,1.36,2.73,0.32,99,6,0.26,81,6,0,67,0,44,43,0,0.00,99,2,0.00,0.91,15.45,1.79,34,12,76,98,5.45,0.63,35.29,4,1.82,7,0,20.00,0,0.00,99,1,0.05,0.45,70,0,83,27,0,0,0,0,0,88,45,62,53,0,41,3,21,94,1,11,47,22,N/A,N/A
Dante Stipica,34,675586800,1991/05/30,Prva HNL,2025/2026,Goalkeeper,Hajduk Split,0,0,0,Croatia,0,0,0,0,0,0,0,0,0,0,0,0,0,0,0,0,0,0,0,0,0,0,0,0,0,0,0,0,0,0,0,-1,-1,-1,-1,N/A,N/A,N/A,N/A,N/A,N/A,N/A,N/A,N/A,N/A,N/A,N/A,N/A,N/A,N/A,N/A,N/A,N/A,N/A,N/A,N/A,N/A,N/A,N/A,N/A,N/A,N/A,N/A,N/A,N/A,N/A,N/A,N/A,N/A,N/A,N/A,N/A,N/A,N/A,N/A,N/A,N/A,N/A,N/A,N/A,N/A,N/A,N/A,N/A,N/A,N/A,N/A,N/A,N/A,N/A,N/A,N/A,N/A,N/A,N/A,N/A,N/A,N/A,N/A,N/A,N/A,N/A,N/A,N/A,N/A,N/A,N/A,N/A,N/A,N/A,N/A,N/A,N/A,N/A,N/A,N/A,N/A,N/A,N/A,N/A,N/A,N/A,N/A,N/A,N/A,N/A,N/A,N/A,N/A,N/A,N/A,N/A,N/A,N/A,N/A,N/A,N/A,N/A,N/A,N/A,N/A,N/A,N/A,N/A,N/A,N/A,N/A,N/A,N/A,N/A,N/A,N/A,N/A,N/A,N/A,N/A,N/A,N/A,N/A,N/A,N/A,N/A,N/A,N/A,N/A,N/A,N/A,N/A,N/A,N/A,N/A,N/A,N/A,N/A,N/A,N/A,N/A,N/A,N/A,N/A,N/A,N/A,N/A,N/A,N/A,N/A,N/A,N/A,N/A,N/A,N/A,N/A,N/A,N/A,N/A,N/A,N/A,N/A,N/A,N/A,N/A,N/A,N/A,N/A,N/A,N/A,N/A,N/A,N/A,N/A,N/A,N/A,N/A,N/A,N/A,N/A,N/A,N/A,N/A,N/A,N/A,N/A,N/A,N/A,N/A,N/A,N/A,N/A,N/A,N/A,N/A,N/A,N/A,N/A,N/A,N/A,N/A,N/A,N/A,N/A,N/A,N/A,N/A,N/A,N/A,N/A,N/A,N/A,N/A,N/A,N/A,N/A,N/A,N/A,N/A,N/A,N/A,N/A,N/A
Darijan Radelić Žarkov,33,711702000,1992/07/21,Prva HNL,2025/2026,Goalkeeper,Gorica,0,0,0,Croatia,0,0,0,0,0,0,0,0,0,0,0,0,0,0,0,0,0,0,0,0,0,0,0,0,0,0,0,0,0,0,0,-1,-1,-1,-1,N/A,N/A,N/A,N/A,N/A,N/A,N/A,N/A,N/A,N/A,N/A,N/A,N/A,N/A,N/A,N/A,N/A,N/A,N/A,N/A,N/A,N/A,N/A,N/A,N/A,N/A,N/A,N/A,N/A,N/A,N/A,N/A,N/A,N/A,N/A,N/A,N/A,N/A,N/A,N/A,N/A,N/A,N/A,N/A,N/A,N/A,N/A,N/A,N/A,N/A,N/A,N/A,N/A,N/A,N/A,N/A,N/A,N/A,N/A,N/A,N/A,N/A,N/A,N/A,N/A,N/A,N/A,N/A,N/A,N/A,N/A,N/A,N/A,N/A,N/A,N/A,N/A,N/A,N/A,N/A,N/A,N/A,N/A,N/A,N/A,N/A,N/A,N/A,N/A,N/A,N/A,N/A,N/A,N/A,N/A,N/A,N/A,N/A,N/A,N/A,N/A,N/A,N/A,N/A,N/A,N/A,N/A,N/A,N/A,N/A,N/A,N/A,N/A,N/A,N/A,N/A,N/A,N/A,N/A,N/A,N/A,N/A,N/A,N/A,N/A,N/A,N/A,N/A,N/A,N/A,N/A,N/A,N/A,N/A,N/A,N/A,N/A,N/A,N/A,N/A,N/A,N/A,N/A,N/A,N/A,N/A,N/A,N/A,N/A,N/A,N/A,N/A,N/A,N/A,N/A,N/A,N/A,N/A,N/A,N/A,N/A,N/A,N/A,N/A,N/A,N/A,N/A,N/A,N/A,N/A,N/A,N/A,N/A,N/A,N/A,N/A,N/A,N/A,N/A,N/A,N/A,N/A,N/A,N/A,N/A,N/A,N/A,N/A,N/A,N/A,N/A,N/A,N/A,N/A,N/A,N/A,N/A,N/A,N/A,N/A,N/A,N/A,N/A,N/A,N/A,N/A,N/A,N/A,N/A,N/A,N/A,N/A,N/A,N/A,N/A,N/A,N/A,N/A,N/A,N/A,N/A,N/A,N/A,N/A
Dario Maresic,26,938588400,1999/09/29,Prva HNL,2025/2026,Defender,Hajduk Split,2742,1302,1440,Austria,31,15,16,1,0,1,2,2,0,0,0,7,4,3,37,16,21,8,0,0.1,0.07,0.03,0,0.06,2742,1.21,74,88,343,1371,0.26,123,99,27,10,180000,6.98,0.06,60,66.01,64.87,98,2011,54.48,1689,75,55.44,97,0.00,0.00,0.42,13,0.00,0.58,1.71,1.68,52,0.00,0.26,0.00,0.00,0.00,1.03,0.06,1.16,10.00,0.33,0.19,0.19,0.00,0.13,0.05,0.00,1.26,0.00,0.00,0,0,,10,0.32,20,4,0.13,31,6,0.20,21,1,1,30,62,0.00,99,0,32,1.05,67,18,46,0.59,37,0,0.00,99,0,0.00,0,0,0.00,0,0.43,34,6,0.20,16,2,0.07,33.33,0,0.00,0,0,0,0.00,0,36,0.00,61,1.18,38,N/A,N/A,N/A,N/A,0.00,0,0.00,0,1.47,0.00,0,83.99,40.00,75,53,0.55,0.56,17,14,27,1,0,0,0.90,0.92,28,96,216.32,5.13,5.22,159,0,0.00,0.00,99,0.00,0,1,0,0.00,0.00,0,0.00,0.00,0.00,0.00,0,0,10.00,69,97,95,99,60,5.01,71,0.16,0.16,0.77,28,0.02,0.03,50,32,1.03,1.05,0.53,0.52,12,16,0.05,34,94,89,67,0,44,58,0,0.00,99,39,0.00,1.28,6.53,6.42,199,123,35,16,4.04,3.97,61.81,8,0.26,74,0,16.67,0,0.00,99,3,0.10,0.10,37,96,24,27,0,0,0,0,0,44,47,63,53,0,84,48,47,69,8,26,91,4,N/A,N/A
Dario Melnjak,33,720518400,1992/10/31,Prva HNL,2025/2026,Defender,Hajduk Split,818,366,452,Croatia,20,11,9,0,0,0,2,1,1,0,0,8,4,4,6,1,5,0,0,0.22,0.22,0,0,0,0,0.66,136,41,0,409,0,233,28,3,20,450000,4.06,0.1,90,47.66,13.72,82,439,10.72,343,44,37.24,76,0.00,0.00,0.53,17,0.00,1.12,1.74,0.50,16,0.00,0.16,0.00,0.00,0.00,0.22,0.06,0.19,0.00,1.19,0.22,0.19,0.00,0.12,0.03,0.00,0.53,0.00,0.00,0,0,,11,0.34,62,4,0.43,67,7,0.76,60,1,13,7,63,0.00,99,0,7,0.76,48,36,69,3.91,85,0,0.00,99,0,0.00,0,0,0.00,0,1.85,92,6,0.65,35,2,0.22,33.33,0,0.00,0,0,0,0.00,0,6,0.00,97,0.65,2,N/A,N/A,N/A,N/A,0.00,0,0.00,0,0.81,0.00,0,78.13,36.36,66,27,0.25,0.87,8,30,27,0,0,0,0.06,0.22,2,55,129.94,0.91,3.15,29,0,0.00,0.00,99,0.00,0,0,0,0.00,0.00,0,0.00,0.00,0.00,0.00,0,0,0.00,47,27,47,45,97,2.45,93,0.08,0.27,0.81,51,0.03,0.09,24,5,0.16,0.54,0.43,0.12,11,4,0.09,49,15,71,67,0,44,78,0,0.00,99,17,0.00,1.85,7.60,2.19,70,40,42,29,4.34,1.25,57.14,5,0.54,57,0,25.00,0,0.00,99,9,0.28,0.98,86,22,97,27,0,0,0,0,0,69,45,62,53,0,94,78,15,15,0,0,15,17,N/A,N/A
David Čolina,25,963990000,2000/07/19,Prva HNL,2025/2026,Defender,Osijek,1895,945,950,Croatia,28,14,14,0,0,0,3,0,3,0,0,11,6,5,31,16,15,2,0,0.14,0.14,0,0,0,0,1.47,61,68,948,632,0.09,179,60,58,24,200000,6.04,0.11,76,31.72,22.17,43,665,17.23,517,43,24.66,46,0.00,0.00,0.77,23,0.00,1.80,2.10,1.47,44,0.00,0.50,0.00,0.00,0.00,0.73,0.57,1.03,0.00,0.52,0.30,1.33,0.00,0.07,0.02,0.00,0.77,0.00,0.00,0,0,,11,0.37,33,2,0.10,24,9,0.43,39,9,6,22,76,0.00,99,0,22,1.05,67,54,46,2.58,73,0,0.00,99,0,0.00,0,0,0.00,0,1.10,68,40,1.91,76,17,0.81,42.50,0,0.00,0,0,0,0.00,0,31,0.00,26,1.48,72,N/A,N/A,N/A,N/A,0.00,0,0.00,0,0.70,0.00,0,77.74,18.18,27,42,0.47,0.67,14,71,41,0,0,0,0.20,0.29,6,60,181.29,1.67,2.38,50,0,0.00,0.00,99,0.00,0,0,1,0.03,0.05,0,0.00,0.00,0.00,0.00,0,0,0.00,47,73,83,45,26,3.75,79,0.12,0.18,0.70,28,0.02,0.03,43,18,0.60,0.86,1.76,1.23,81,37,0.03,27,52,64,76,0,44,50,0,0.00,99,23,0.00,1.10,10.64,7.43,223,102,57,70,4.86,3.40,45.74,15,0.72,47,0,16.67,0,0.00,99,9,0.30,0.43,69,75,69,98,0,0,0,0,0,54,45,62,53,0,85,76,88,27,2,7,32,38,N/A,N/A
David Puclin,33,708764400,1992/06/17,Prva HNL,2025/2026,Midfielder,Varaždin,541,290,251,Croatia,18,8,10,0,0,0,0,0,0,0,0,5,3,2,6,3,3,0,0,0,0,0,0,0,0,1,90,30,0,0,0,130,154,-1,12,30379,3.89,0,45,34.86,8.41,57,227,6.22,168,26,25.80,50,0.00,0.00,0.04,1,0.00,0.48,3.99,0.96,26,0.00,0.22,0.00,0.00,0.00,0.15,0.04,0.26,0.00,1.08,0.19,0.15,0.00,0.07,0.02,0.00,0.52,0.00,0.00,0,0,,7,0.26,59,2,0.31,57,5,0.77,61,2,12,6,99,0.00,99,0,4,0.61,38,13,41,2.00,63,0,0.00,99,0,0.00,0,0,0.00,0,0.15,16,4,0.61,34,1,0.15,25.00,0,0.00,0,0,0,0.00,0,7,0.00,74,1.08,29,N/A,N/A,N/A,N/A,0.00,0,0.00,0,0.56,0.00,0,74.01,28.57,48,47,0.15,0.61,4,24,17,0,0,0,0.11,0.46,3,72,105.02,0.81,3.38,22,0,0.00,0.00,99,0.00,0,0,0,0.00,0.00,0,0.00,0.00,0.00,0.00,0,0,0.00,47,13,40,45,74,0.40,14,0.01,0.06,0.56,51,0.02,0.09,67,9,0.33,1.38,2.46,0.59,99,16,0.09,49,13,74,67,0,44,85,0,0.00,99,14,0.00,2.15,12.59,3.04,82,50,98,86,7.68,1.85,60.98,6,0.92,35,0,15.38,0,0.00,99,2,0.07,0.31,59,16,94,41,0,0,0,0,0,29,45,62,53,0,23,60,15,15,0,0,15,6,N/A,N/A
David Virgili Fernandez,27,907138800,1998/09/30,Prva HNL,2025/2026,Forward,Lokomotiva Zagreb,155,73,82,Spain,4,2,2,1,0,1,0,0,0,0,0,1,1,0,1,0,1,0,0,0.58,0,0.58,0,1.1,155,0.58,155,39,0,0,0,-1,-1,-1,11,40000,1.55,0,45,16.26,1.65,5,28,1.18,20,16,11.61,5,0.00,0.00,0.12,2,0.00,0.24,0.00,0.00,0,0.00,0.41,0.00,0.00,0.00,0.06,0.00,0.06,6.00,3.48,0.29,0.24,0.00,0.06,0.06,0.00,0.00,0.00,0.00,0,0,,6,0.35,99,1,0.58,77,5,2.90,99,2,3,1,4,0.00,99,0,1,0.58,37,4,69,2.32,68,0,0.00,99,0,0.00,0,0,0.00,0,1.16,70,4,2.32,83,0,0.00,0.00,0,0.00,0,0,0,0.00,0,1,0.00,99,0.58,1,N/A,N/A,N/A,N/A,0.00,0,0.00,0,0.95,0.00,0,71.43,16.67,24,50,0.06,0.58,1,9,9,0,0,0,0.06,0.58,1,78,26.30,0.12,1.16,2,0,0.00,0.00,99,0.00,0,0,0,0.00,0.00,0,0.00,0.00,0.00,0.00,0,0,16.67,86,0,0,46,99,0.14,24,0.01,0.08,0.95,99,0.06,0.55,99,5,0.29,2.90,1.74,0.18,79,3,0.55,98,0,38,67,0,44,1,0,0.00,99,0,0.00,0.00,13.94,1.41,24,5,14,93,2.90,0.29,20.83,7,4.06,0,0,25.00,0,0.00,99,1,0.06,0.58,74,0,45,41,0,0,0,0,0,93,99,99,53,0,27,52,15,15,0,0,15,26,N/A,N/A
Davor Matijas,26,935391600,1999/08/23,Prva HNL,2025/2026,Goalkeeper,Gorica,2970,1530,1440,Croatia,33,17,16,1,1,0,0,0,0,0,0,7,5,2,43,21,22,3,0,0.03,0,0.03,0.06,0,2970,1.3,69,90,990,0,0.09,124,221,36,10,70000,6.75,0,45,27.70,27.70,31,914,18.88,623,11,18.88,24,0.00,0.00,0.00,0,0.00,0.00,0.00,0.00,0,0.00,0.00,0.00,0.00,2.73,0.06,0.15,4.09,0.00,0.00,0.00,0.18,0.00,0.00,0.00,0.00,0.30,0.00,0.00,0,0,,0,0.00,8,0,0.00,18,0,0.00,10,0,0,33,4,0.00,99,0,2,0.06,8,0,25,0.00,12,0,0.00,99,0,0.00,0,0,0.00,0,0.00,9,6,0.18,16,5,0.15,83.33,0,0.00,0,90,53,2.73,60,135,0.00,51,4.09,97,N/A,N/A,N/A,N/A,66.67,0,0.00,0,0.00,0.00,0,68.16,0.00,18,92,0.06,0.06,2,24,91,0,0,50,0.00,0.00,0,21,222.81,1.24,1.24,41,1,0.00,0.03,23,0.03,0,0,0,0.00,0.00,20,0.61,0.61,0.00,0.00,0,0,0.00,47,99,99,99,51,1.16,6,0.04,0.04,0.00,10,0.00,0.00,4,3,0.09,0.09,0.03,0.03,6,1,0.00,10,80,42,67,99,44,13,0,0.00,99,10,0.00,0.30,0.64,0.64,21,16,6,6,0.48,0.48,76.19,0,0.00,99,0,0.00,0,0.00,99,0,0.00,0.00,25,99,14,9,0,0,0,0,0,30,47,62,54,0,43,44,90,27,3,9,40,71,N/A,N/A
Dejan Ljubicic,28,876294000,1997/10/08,Prva HNL,2025/2026,Midfielder,Dinamo Zagreb,1008,523,485,Austria,15,8,7,0,0,0,3,2,1,0,0,7,3,4,8,5,3,1,0,0.27,0.27,0,0,0,0,0.71,126,67,1008,336,0.09,204,13,-1,26,1000000,5.63,0.2,95,35.71,22.22,59,400,18.94,341,81,30.45,63,0.00,0.00,1.44,26,0.00,0.44,1.07,0.67,12,0.00,0.56,0.00,0.00,0.00,0.11,0.17,0.44,0.00,1.25,0.44,0.39,0.00,0.33,0.07,0.00,0.28,0.00,0.00,0,0,,14,0.78,64,6,0.54,73,8,0.71,57,4,3,12,30,0.00,99,0,2,0.18,12,8,34,0.71,43,0,0.00,99,0,0.00,0,0,0.00,0,2.32,97,7,0.62,34,3,0.27,42.86,0,0.00,0,0,0,0.00,0,8,0.00,94,0.71,5,N/A,N/A,N/A,N/A,0.00,0,0.00,0,1.33,0.00,0,85.25,42.86,79,17,0.67,1.07,12,35,42,0,0,0,0.11,0.18,2,48,101.40,0.28,0.45,5,0,0.00,0.00,99,0.00,0,0,0,0.00,0.00,0,0.00,0.00,0.00,0.00,0,0,0.00,47,35,29,45,94,3.44,97,0.19,0.31,1.33,62,0.07,0.12,15,4,0.22,0.36,1.07,0.67,43,12,0.12,60,43,8,67,0,44,19,0,0.00,99,5,0.00,0.45,5.80,3.61,65,23,9,13,2.05,1.28,35.38,10,0.89,37,0,12.50,0,0.00,99,1,0.06,0.09,35,42,45,65,0,0,0,0,0,73,45,62,53,0,99,95,91,27,1,7,32,77,N/A,N/A
Dejan Petrovič,28,884592000,1998/01/12,Prva HNL,2025/2026,Midfielder,Rijeka,1394,479,915,Slovenia,19,8,11,1,1,0,1,1,0,0,0,5,3,2,16,5,11,6,2,0.13,0.06,0.06,0.19,0,1394,1.03,87,73,174,1394,0.52,106,108,-1,13,140000,4.67,0.05,56,37.19,21.33,61,576,18.07,488,78,31.51,64,0.00,0.00,0.30,8,0.00,0.15,0.97,0.56,15,0.00,0.30,0.00,0.00,0.00,0.96,0.07,0.67,7.00,0.45,0.22,0.26,0.00,0.04,0.04,0.00,0.48,0.00,0.00,0,0,,7,0.26,28,1,0.06,21,6,0.39,37,1,3,16,26,0.00,99,0,26,1.68,95,4,69,0.26,24,0,0.00,99,0,0.00,0,0,0.00,0,0.52,39,7,0.45,27,2,0.13,28.57,0,0.00,0,0,0,0.00,0,18,0.00,72,1.16,34,N/A,N/A,N/A,N/A,0.00,0,0.00,0,1.01,0.00,0,84.72,14.29,22,33,0.44,0.77,12,20,20,0,0,0,0.11,0.19,3,49,126.19,1.22,2.13,33,0,0.00,0.00,99,0.00,0,0,0,0.00,0.00,0,0.00,0.00,0.00,0.00,0,0,14.29,81,54,44,90,71,1.77,45,0.07,0.11,1.01,43,0.04,0.07,57,18,0.67,1.16,1.03,0.59,41,16,0.07,42,25,61,67,0,44,38,0,0.00,99,13,0.00,0.84,6.65,3.81,103,45,14,19,2.91,1.67,43.69,8,0.52,58,0,25.00,0,0.00,99,1,0.04,0.06,30,57,45,27,0,0,0,0,0,52,55,62,75,0,76,54,18,98,4,21,82,8,N/A,N/A
Denis Bušnja,26,955695600,2000/04/14,Prva HNL,2025/2026,Midfielder,Lokomotiva Zagreb,0,0,0,Croatia,0,0,0,0,0,0,0,0,0,0,0,0,0,0,0,0,0,0,0,0,0,0,0,0,0,0,0,0,0,0,0,-1,-1,-1,-1,N/A,N/A,N/A,N/A,N/A,N/A,N/A,N/A,N/A,N/A,N/A,N/A,N/A,N/A,N/A,N/A,N/A,N/A,N/A,N/A,N/A,N/A,N/A,N/A,N/A,N/A,N/A,N/A,N/A,N/A,N/A,N/A,N/A,N/A,N/A,N/A,N/A,N/A,N/A,N/A,N/A,N/A,N/A,N/A,N/A,N/A,N/A,N/A,N/A,N/A,N/A,N/A,N/A,N/A,N/A,N/A,N/A,N/A,N/A,N/A,N/A,N/A,N/A,N/A,N/A,N/A,N/A,N/A,N/A,N/A,N/A,N/A,N/A,N/A,N/A,N/A,N/A,N/A,N/A,N/A,N/A,N/A,N/A,N/A,N/A,N/A,N/A,N/A,N/A,N/A,N/A,N/A,N/A,N/A,N/A,N/A,N/A,N/A,N/A,N/A,N/A,N/A,N/A,N/A,N/A,N/A,N/A,N/A,N/A,N/A,N/A,N/A,N/A,N/A,N/A,N/A,N/A,N/A,N/A,N/A,N/A,N/A,N/A,N/A,N/A,N/A,N/A,N/A,N/A,N/A,N/A,N/A,N/A,N/A,N/A,N/A,N/A,N/A,N/A,N/A,N/A,N/A,N/A,N/A,N/A,N/A,N/A,N/A,N/A,N/A,N/A,N/A,N/A,N/A,N/A,N/A,N/A,N/A,N/A,N/A,N/A,N/A,N/A,N/A,N/A,N/A,N/A,N/A,N/A,N/A,N/A,N/A,N/A,N/A,N/A,N/A,N/A,N/A,N/A,N/A,N/A,N/A,N/A,N/A,N/A,N/A,N/A,N/A,N/A,N/A,N/A,N/A,N/A,N/A,N/A,N/A,N/A,N/A,N/A,N/A,N/A,N/A,N/A,N/A,N/A,N/A,N/A,N/A,N/A,N/A,N/A,N/A,N/A,N/A,N/A,N/A,N/A,N/A,N/A,N/A,N/A,N/A,N/A,N/A
Denis Kolinger,32,758534400,1994/01/14,Prva HNL,2025/2026,Defender,Lokomotiva Zagreb,2513,1253,1260,Croatia,28,14,14,0,0,0,0,0,0,0,0,6,4,2,38,19,19,8,1,0,0,0,0,0,0,1.36,66,90,279,0,0.32,192,193,44,30,120000,6.51,0,45,46.09,44.38,80,1287,36.72,1065,68,38.14,79,0.00,0.00,0.10,3,0.00,0.21,1.93,1.86,54,0.00,0.14,0.00,0.00,0.00,1.17,0.10,1.31,0.00,0.54,0.34,0.14,0.00,0.17,0.04,0.00,3.21,0.00,0.00,0,0,,15,0.52,34,5,0.18,42,10,0.36,33,1,0,28,71,0.00,99,0,34,1.22,78,6,46,0.21,21,0,0.00,99,0,0.00,0,0,0.00,0,0.11,13,4,0.14,13,3,0.11,75.00,0,0.00,0,0,0,0.00,0,38,0.00,44,1.36,59,N/A,N/A,N/A,N/A,0.00,0,0.00,0,1.14,0.00,0,82.75,33.33,57,56,0.52,0.54,15,17,90,0,0,0,0.21,0.21,6,52,188.89,5.38,5.59,156,1,0.00,0.04,19,0.03,0,0,0,0.00,0.00,0,0.00,0.00,0.04,0.03,1,0,0.00,47,91,83,45,44,2.52,30,0.09,0.09,1.14,33,0.04,0.04,17,11,0.38,0.39,2.15,2.07,95,60,0.04,31,71,95,67,0,47,97,0,0.00,99,93,0.00,3.33,9.31,8.97,260,161,82,52,5.77,5.55,61.92,4,0.14,85,0,16.67,0,0.00,99,1,0.03,0.04,28,89,14,27,0,0,0,0,0,29,45,62,53,0,71,44,35,81,7,25,90,20,N/A,N/A
Dimitrije Kamenović,25,963730800,2000/07/16,Prva HNL,2025/2026,Defender,Lokomotiva Zagreb,654,297,357,Serbia,11,6,5,0,0,0,0,0,0,0,0,2,2,0,10,4,6,0,0,0,0,0,0,0,0,1.38,65,59,0,0,0,166,151,47,21,380016,3.86,0,45,45.27,22.00,78,330,17.27,259,46,35.53,71,0.00,0.00,0.13,2,0.00,0.33,0.41,0.20,3,0.00,0.20,0.00,0.00,0.00,0.53,0.07,0.80,0.00,0.27,0.13,0.07,0.00,0.00,0.01,0.00,0.60,0.00,0.00,0,0,,2,0.13,18,0,0.00,18,2,0.27,27,6,4,7,9,0.00,99,0,8,1.10,71,5,94,0.69,42,0,0.00,99,0,0.00,0,0,0.00,0,0.27,22,1,0.14,13,1,0.14,100.00,0,0.00,0,0,0,0.00,0,12,0.00,41,1.65,79,N/A,N/A,N/A,N/A,0.00,0,0.00,0,0.11,0.00,0,78.48,0.00,18,67,0.20,0.41,3,22,99,0,0,0,0.33,0.69,5,89,57.86,2.53,5.21,38,1,0.00,0.14,3,0.07,0,0,0,0.00,0.00,0,0.00,0.00,0.00,0.00,0,0,0.00,47,18,14,45,41,0.59,24,0.04,0.08,0.11,21,0.01,0.02,38,6,0.40,0.82,1.10,0.53,47,8,0.02,20,13,88,67,0,44,56,0,0.00,99,9,0.00,1.23,5.76,2.80,42,19,11,12,2.61,1.27,45.24,3,0.41,64,0,40.00,0,0.00,99,2,0.13,0.27,55,22,57,82,0,0,0,0,0,29,45,62,53,0,91,33,15,15,0,0,15,33,N/A,N/A
Domagoj Antolić,35,646729200,1990/06/30,Prva HNL,2025/2026,Midfielder,Lokomotiva Zagreb,604,344,260,Croatia,12,6,6,1,1,0,1,1,0,0,0,1,1,0,12,7,5,2,0,0.3,0.15,0.15,0.26,0,604,1.79,50,50,302,604,0.3,64,56,-1,14,150000,4.21,0.08,77,57.81,20.42,95,388,18.58,353,99,52.60,96,0.00,0.00,0.47,9,0.00,1.11,1.49,0.53,10,0.00,0.21,0.00,0.00,0.00,0.11,0.42,0.42,4.00,0.60,0.16,0.58,0.00,0.05,0.05,0.00,0.05,0.00,0.00,0,0,,4,0.21,39,1,0.15,35,3,0.45,42,6,7,5,49,0.00,99,0,2,0.30,19,21,88,3.13,78,0,0.00,99,0,0.00,0,0,0.00,0,1.34,78,11,1.64,67,8,1.19,72.73,0,0.00,0,0,0,0.00,0,8,0.00,11,1.19,38,N/A,N/A,N/A,N/A,0.00,0,0.00,0,0.86,0.00,0,90.98,25.00,42,34,0.26,0.75,5,86,89,1,0,0,0.21,0.60,4,83,79.92,0.37,1.04,7,0,0.00,0.00,99,0.00,0,1,0,0.00,0.00,0,0.00,0.00,0.00,0.00,0,0,25.00,96,16,17,72,11,1.56,89,0.08,0.23,0.16,21,0.01,0.02,33,5,0.26,0.75,1.79,0.63,83,12,0.13,62,18,36,67,0,44,6,0,0.00,99,1,0.00,0.15,8.20,2.89,55,24,21,37,3.58,1.26,43.64,4,0.60,55,0,33.33,0,0.00,99,7,0.37,1.04,87,12,76,82,0,0,0,0,0,75,74,62,84,0,81,6,42,76,2,17,67,8,N/A,N/A
Domagoj Pavičić,32,763200000,1994/03/09,Prva HNL,2025/2026,Midfielder,Gorica,1750,694,1056,Croatia,29,13,16,3,2,1,2,0,2,0,0,7,5,2,24,9,15,4,0,0.26,0.1,0.15,0.26,0.09,583,1.23,73,60,438,875,0.21,68,73,-1,8,90000,6.32,0.07,70,32.04,20.77,45,623,17.60,528,78,27.15,55,0.00,0.00,0.73,22,0.00,0.53,1.13,0.73,22,0.00,1.10,0.00,0.00,0.00,0.33,0.60,0.77,8.00,1.23,0.50,1.00,0.00,0.30,0.12,0.00,0.53,0.00,0.00,0,0,,24,0.80,63,9,0.46,70,15,0.77,61,5,8,21,32,0.00,99,0,10,0.51,33,16,81,0.82,47,0,0.00,99,0,0.00,0,0,0.00,0,1.13,69,30,1.54,64,18,0.93,60.00,0,0.00,0,0,0,0.00,0,23,0.00,58,1.18,38,N/A,N/A,N/A,N/A,0.00,0,0.00,0,3.73,0.00,0,84.75,37.50,67,57,0.33,0.51,10,77,82,0,0,0,0.07,0.10,2,37,189.68,0.40,0.62,12,0,0.00,0.00,99,0.00,0,0,1,0.03,0.05,0,0.00,0.00,0.10,0.07,2,0,12.50,74,69,87,72,58,2.92,66,0.10,0.15,3.73,76,0.12,0.19,79,33,1.10,1.70,0.77,0.50,21,15,0.19,75,64,12,76,0,61,36,0,0.00,99,16,0.00,0.82,9.46,6.13,184,87,48,55,4.47,2.90,47.28,33,1.70,9,0,31.25,0,0.00,99,5,0.17,0.26,54,73,83,73,0,1,0,3,0,72,74,67,84,0,57,50,59,59,4,14,60,24,N/A,N/A
Dominik Damjanović,19,1174978800,2007/03/27,Prva HNL,2025/2026,Goalkeeper,HNK Vukovar 1991,0,0,0,Croatia,0,0,0,0,0,0,0,0,0,0,0,0,0,0,0,0,0,0,0,0,0,0,0,0,0,0,0,0,0,0,0,-1,-1,-1,-1,N/A,N/A,N/A,N/A,N/A,N/A,N/A,N/A,N/A,N/A,N/A,N/A,N/A,N/A,N/A,N/A,N/A,N/A,N/A,N/A,N/A,N/A,N/A,N/A,N/A,N/A,N/A,N/A,N/A,N/A,N/A,N/A,N/A,N/A,N/A,N/A,N/A,N/A,N/A,N/A,N/A,N/A,N/A,N/A,N/A,N/A,N/A,N/A,N/A,N/A,N/A,N/A,N/A,N/A,N/A,N/A,N/A,N/A,N/A,N/A,N/A,N/A,N/A,N/A,N/A,N/A,N/A,N/A,N/A,N/A,N/A,N/A,N/A,N/A,N/A,N/A,N/A,N/A,N/A,N/A,N/A,N/A,N/A,N/A,N/A,N/A,N/A,N/A,N/A,N/A,N/A,N/A,N/A,N/A,N/A,N/A,N/A,N/A,N/A,N/A,N/A,N/A,N/A,N/A,N/A,N/A,N/A,N/A,N/A,N/A,N/A,N/A,N/A,N/A,N/A,N/A,N/A,N/A,N/A,N/A,N/A,N/A,N/A,N/A,N/A,N/A,N/A,N/A,N/A,N/A,N/A,N/A,N/A,N/A,N/A,N/A,N/A,N/A,N/A,N/A,N/A,N/A,N/A,N/A,N/A,N/A,N/A,N/A,N/A,N/A,N/A,N/A,N/A,N/A,N/A,N/A,N/A,N/A,N/A,N/A,N/A,N/A,N/A,N/A,N/A,N/A,N/A,N/A,N/A,N/A,N/A,N/A,N/A,N/A,N/A,N/A,N/A,N/A,N/A,N/A,N/A,N/A,N/A,N/A,N/A,N/A,N/A,N/A,N/A,N/A,N/A,N/A,N/A,N/A,N/A,N/A,N/A,N/A,N/A,N/A,N/A,N/A,N/A,N/A,N/A,N/A,N/A,N/A,N/A,N/A,N/A,N/A,N/A,N/A,N/A,N/A,N/A,N/A,N/A,N/A,N/A,N/A,N/A,N/A
Dominik Jergović,24,1001660400,2001/09/28,Prva HNL,2025/2026,Midfielder,HNK Vukovar 1991,0,0,0,Croatia,0,0,0,0,0,0,0,0,0,0,0,0,0,0,0,0,0,0,0,0,0,0,0,0,0,0,0,0,0,0,0,-1,-1,-1,-1,N/A,N/A,N/A,N/A,N/A,N/A,N/A,N/A,N/A,N/A,N/A,N/A,N/A,N/A,N/A,N/A,N/A,N/A,N/A,N/A,N/A,N/A,N/A,N/A,N/A,N/A,N/A,N/A,N/A,N/A,N/A,N/A,N/A,N/A,N/A,N/A,N/A,N/A,N/A,N/A,N/A,N/A,N/A,N/A,N/A,N/A,N/A,N/A,N/A,N/A,N/A,N/A,N/A,N/A,N/A,N/A,N/A,N/A,N/A,N/A,N/A,N/A,N/A,N/A,N/A,N/A,N/A,N/A,N/A,N/A,N/A,N/A,N/A,N/A,N/A,N/A,N/A,N/A,N/A,N/A,N/A,N/A,N/A,N/A,N/A,N/A,N/A,N/A,N/A,N/A,N/A,N/A,N/A,N/A,N/A,N/A,N/A,N/A,N/A,N/A,N/A,N/A,N/A,N/A,N/A,N/A,N/A,N/A,N/A,N/A,N/A,N/A,N/A,N/A,N/A,N/A,N/A,N/A,N/A,N/A,N/A,N/A,N/A,N/A,N/A,N/A,N/A,N/A,N/A,N/A,N/A,N/A,N/A,N/A,N/A,N/A,N/A,N/A,N/A,N/A,N/A,N/A,N/A,N/A,N/A,N/A,N/A,N/A,N/A,N/A,N/A,N/A,N/A,N/A,N/A,N/A,N/A,N/A,N/A,N/A,N/A,N/A,N/A,N/A,N/A,N/A,N/A,N/A,N/A,N/A,N/A,N/A,N/A,N/A,N/A,N/A,N/A,N/A,N/A,N/A,N/A,N/A,N/A,N/A,N/A,N/A,N/A,N/A,N/A,N/A,N/A,N/A,N/A,N/A,N/A,N/A,N/A,N/A,N/A,N/A,N/A,N/A,N/A,N/A,N/A,N/A,N/A,N/A,N/A,N/A,N/A,N/A,N/A,N/A,N/A,N/A,N/A,N/A,N/A,N/A,N/A,N/A,N/A,N/A
Dominik Kovačić,32,757756800,1994/01/05,Prva HNL,2025/2026,Defender,Slaven Koprivnica,2698,1350,1348,Croatia,30,15,15,0,0,0,1,1,0,0,0,4,3,1,45,19,26,4,0,0.03,0.03,0,0,0,0,1.5,60,90,675,2698,0.13,225,126,59,28,72000,6.78,0.03,45,48.44,48.40,84,1452,41.60,1248,85,41.63,86,0.00,0.00,0.43,13,0.00,0.23,1.60,1.60,48,0.00,0.20,0.00,0.00,0.00,1.37,0.27,1.47,0.00,0.27,0.20,0.30,0.00,0.07,0.02,0.00,1.40,0.00,0.00,0,0,,8,0.27,18,2,0.07,22,6,0.20,21,1,0,30,55,0.00,99,0,41,1.37,85,7,95,0.23,23,0,0.00,99,0,0.00,0,0,0.00,0,0.43,34,9,0.30,22,8,0.27,88.89,0,0.00,0,0,0,0.00,0,44,0.00,24,1.47,72,N/A,N/A,N/A,N/A,0.00,0,0.00,0,0.52,0.00,0,85.95,25.00,42,37,0.73,0.73,22,35,93,0,0,0,0.63,0.63,19,83,203.43,4.93,4.94,148,0,0.00,0.00,99,0.00,0,0,1,0.03,0.03,0,0.00,0.00,0.00,0.00,0,0,0.00,47,96,92,45,24,3.29,45,0.11,0.11,0.52,21,0.02,0.02,13,9,0.30,0.30,1.37,1.37,64,41,0.02,20,83,86,68,0,44,62,0,0.00,99,42,0.00,1.40,6.57,6.57,197,106,19,17,3.54,3.53,53.81,6,0.20,78,0,42.86,0,0.00,99,3,0.10,0.10,37,96,14,27,0,0,0,0,0,30,45,62,53,0,44,19,79,38,4,13,54,4,N/A,N/A
Dominik Livaković,31,789638400,1995/01/09,Prva HNL,2025/2026,Goalkeeper,Dinamo Zagreb,1080,540,540,Croatia,12,6,6,0,0,0,0,0,0,0,0,5,1,4,10,8,2,0,0,0,0,0,0,0,0,0.83,108,90,0,0,0,141,145,10,18,0,6.64,0,45,29.08,29.08,36,349,23.50,282,58,23.50,40,0.00,0.00,0.00,0,0.00,0.00,0.00,0.00,0,0.00,0.00,0.00,0.00,1.17,0.00,0.00,2.00,0.00,0.00,0.00,0.00,0.00,0.00,0.00,0.00,0.08,0.00,0.00,0,0,,0,0.00,8,0,0.00,18,0,0.00,10,0,0,12,4,0.00,99,0,0,0.00,6,0,25,0.00,12,0,0.00,99,0,0.00,0,0,0.00,0,0.00,9,0,0.00,7,0,0.00,0.00,0,0.00,0,14,20,1.17,7,24,0.00,86,2.00,89,N/A,N/A,N/A,N/A,58.33,0,0.00,0,0.00,0.00,0,80.80,0.00,18,99,0.00,0.00,0,9,9,0,0,11,0.00,0.00,0,21,79.69,0.42,0.42,5,0,0.00,0.00,99,0.00,0,0,0,0.00,0.00,1,0.08,0.08,0.00,0.00,0,0,0.00,47,38,17,45,86,0.65,10,0.05,0.05,0.00,10,0.00,0.00,10,3,0.25,0.25,0.00,0.00,4,0,0.00,10,75,7,67,13,44,3,0,0.00,99,1,0.00,0.08,0.25,0.25,3,3,1,1,0.25,0.25,100.00,0,0.00,99,0,0.00,0,0.00,99,0,0.00,0.00,25,42,14,9,0,0,0,0,0,29,45,62,53,0,16,82,15,15,0,0,15,40,0,0
Dominik Mulac,27,918028800,1999/02/03,Prva HNL,2025/2026,Defender,HNK Vukovar 1991,372,224,148,Croatia,7,3,4,0,0,0,0,0,0,0,0,0,0,0,8,4,4,1,0,0,0,0,0,0,0,1.94,47,53,372,0,0.24,150,160,69,12,110000,2.84,0,45,32.90,10.00,49,140,7.43,104,27,24.44,43,0.00,0.00,0.07,1,0.00,0.07,0.70,0.21,3,0.00,0.00,0.00,0.00,0.00,0.57,0.14,0.57,0.00,1.17,0.21,0.14,0.00,0.14,0.03,0.00,0.29,0.00,0.00,0,0,,5,0.36,62,2,0.47,71,3,0.70,57,2,3,4,14,0.00,99,0,8,1.88,98,1,99,0.23,23,0,0.00,99,0,0.00,0,0,0.00,0,0.23,20,2,0.47,28,2,0.47,100.00,0,0.00,0,0,0,0.00,0,8,0.00,8,1.88,87,N/A,N/A,N/A,N/A,0.00,0,0.00,0,0.46,0.00,0,74.29,40.00,75,61,0.14,0.47,2,49,99,0,0,0,0.64,2.11,9,99,39.77,1.43,4.70,20,1,0.00,0.23,0,0.07,0,0,0,0.00,0.00,0,0.00,0.00,0.00,0.00,0,0,0.00,47,1,4,45,9,0.29,18,0.02,0.07,0.46,57,0.03,0.11,1,0,0.00,0.00,0.70,0.21,17,3,0.11,56,5,83,67,0,44,44,0,0.00,99,4,0.00,0.94,4.93,1.50,21,9,9,9,2.11,0.64,42.86,0,0.00,99,0,100.00,0,0.00,99,1,0.07,0.23,52,7,45,41,0,0,0,0,0,29,45,62,53,0,68,3,49,66,1,14,60,4,N/A,N/A
Dominik Thaqi,19,1170403200,2007/02/02,Prva HNL,2025/2026,Midfielder,Rijeka,307,17,290,Croatia,6,1,5,0,0,0,0,0,0,0,0,0,0,0,3,0,3,2,0,0,0,0,0,0,0,0.88,102,51,154,0,0.59,161,152,-1,21,24000,2.07,0,45,20.52,3.68,12,70,2.74,52,27,15.24,13,0.00,0.00,0.26,5,0.00,1.00,2.05,0.37,7,0.00,0.58,0.00,0.00,0.00,0.32,0.16,0.16,0.00,2.05,0.37,0.32,0.00,0.00,0.02,0.00,0.00,0.00,0.00,0,0,,7,0.37,83,0,0.00,18,7,2.05,96,2,1,5,74,0.00,99,0,6,1.76,96,19,30,5.57,96,0,0.00,99,0,0.00,0,0,0.00,0,1.47,83,6,1.76,70,3,0.88,50.00,0,0.00,0,0,0,0.00,0,3,0.00,81,0.88,18,N/A,N/A,N/A,N/A,0.00,0,0.00,0,0.39,0.00,0,74.29,0.00,18,49,0.11,0.59,2,74,68,0,0,0,0.00,0.00,0,21,39.38,0.11,0.59,2,0,0.00,0.00,99,0.00,0,0,0,0.00,0.00,0,0.00,0.00,0.29,0.05,1,0,0.00,47,0,1,45,81,0.30,30,0.02,0.09,0.39,57,0.02,0.11,43,3,0.16,0.88,1.76,0.32,81,6,0.11,56,1,11,67,0,84,1,0,0.00,99,0,0.00,0.00,12.90,2.32,44,13,28,88,3.81,0.68,29.55,11,3.22,0,0,10.53,0,0.00,99,2,0.11,0.59,74,12,24,41,0,0,0,0,0,29,45,62,53,0,20,3,17,98,2,33,97,25,N/A,N/A
Dominik Yankov,25,964767600,2000/07/28,Prva HNL,2025/2026,Midfielder,Rijeka,0,0,0,Bulgaria,0,0,0,0,0,0,0,0,0,0,0,0,0,0,0,0,0,0,0,0,0,0,0,0,0,0,0,0,0,0,0,-1,-1,-1,-1,N/A,N/A,N/A,N/A,N/A,N/A,N/A,N/A,N/A,N/A,N/A,N/A,N/A,N/A,N/A,N/A,N/A,N/A,N/A,N/A,N/A,N/A,N/A,N/A,N/A,N/A,N/A,N/A,N/A,N/A,N/A,N/A,N/A,N/A,N/A,N/A,N/A,N/A,N/A,N/A,N/A,N/A,N/A,N/A,N/A,N/A,N/A,N/A,N/A,N/A,N/A,N/A,N/A,N/A,N/A,N/A,N/A,N/A,N/A,N/A,N/A,N/A,N/A,N/A,N/A,N/A,N/A,N/A,N/A,N/A,N/A,N/A,N/A,N/A,N/A,N/A,N/A,N/A,N/A,N/A,N/A,N/A,N/A,N/A,N/A,N/A,N/A,N/A,N/A,N/A,N/A,N/A,N/A,N/A,N/A,N/A,N/A,N/A,N/A,N/A,N/A,N/A,N/A,N/A,N/A,N/A,N/A,N/A,N/A,N/A,N/A,N/A,N/A,N/A,N/A,N/A,N/A,N/A,N/A,N/A,N/A,N/A,N/A,N/A,N/A,N/A,N/A,N/A,N/A,N/A,N/A,N/A,N/A,N/A,N/A,N/A,N/A,N/A,N/A,N/A,N/A,N/A,N/A,N/A,N/A,N/A,N/A,N/A,N/A,N/A,N/A,N/A,N/A,N/A,N/A,N/A,N/A,N/A,N/A,N/A,N/A,N/A,N/A,N/A,N/A,N/A,N/A,N/A,N/A,N/A,N/A,N/A,N/A,N/A,N/A,N/A,N/A,N/A,N/A,N/A,N/A,N/A,N/A,N/A,N/A,N/A,N/A,N/A,N/A,N/A,N/A,N/A,N/A,N/A,N/A,N/A,N/A,N/A,N/A,N/A,N/A,N/A,N/A,N/A,N/A,N/A,N/A,N/A,N/A,N/A,N/A,N/A,N/A,N/A,N/A,N/A,N/A,N/A,N/A,N/A,N/A,N/A,N/A,N/A
Drena Beljo Dijon,24,1014969600,2002/03/01,Prva HNL,2025/2026,Midfielder,Dinamo Zagreb,2366,1110,1256,Croatia,33,16,17,29,16,13,5,3,2,0,0,14,5,9,22,13,9,2,0,1.29,0.19,1.1,1.3,0.93,82,0.84,108,72,1183,473,0.08,1,43,-1,1,864000,7.46,0.15,86,17.15,13.67,6,410,10.67,320,44,13.39,9,0.00,0.00,1.47,44,0.00,0.17,0.25,0.20,6,0.00,0.90,0.00,0.00,0.00,0.13,0.77,0.73,3.19,3.47,1.20,1.60,0.00,1.57,0.76,0.00,1.30,0.00,0.00,0,0,,83,2.77,99,47,1.97,99,36,1.51,89,3,4,29,8,0.00,99,0,4,0.17,11,5,99,0.21,21,0,0.00,99,0,0.00,0,0,0.00,0,1.84,92,48,2.01,77,23,0.96,47.92,0,0.00,0,0,0,0.00,0,22,0.00,85,0.92,19,N/A,N/A,N/A,N/A,0.00,0,0.00,0,22.67,0.00,0,78.05,56.63,94,86,0.20,0.25,6,80,54,6,0,0,0.03,0.04,1,24,223.91,0.53,0.67,16,0,0.00,0.00,99,0.00,0,6,3,0.10,0.13,0,0.00,0.00,0.79,0.63,19,0,31.33,99,87,99,45,86,5.26,88,0.18,0.22,18.47,99,0.62,0.77,71,37,1.23,1.55,1.30,1.03,61,31,0.95,99,99,15,93,0,97,71,0,0.00,99,39,0.00,1.63,9.33,7.43,223,105,44,53,4.39,3.50,47.09,27,1.13,24,0,60.00,0,0.00,99,3,0.10,0.13,42,94,57,55,0,5,0,15,0,99,99,99,99,0,99,82,95,23,2,6,25,9,N/A,N/A
Duje Čop,36,633859200,1990/02/01,Prva HNL,2025/2026,Forward,Rijeka,936,586,350,Croatia,24,13,11,2,2,0,0,0,0,0,0,9,6,3,10,6,4,2,0,0.19,0,0.19,0.31,0,468,0.96,94,39,468,0,0.19,51,179,-1,7,110000,4.85,0,45,16.61,5.65,6,175,3.97,123,15,11.68,6,0.00,0.00,0.19,6,0.00,0.13,0.66,0.23,7,0.00,0.52,0.00,0.00,0.00,0.19,0.06,0.35,12.50,2.37,0.65,0.26,0.00,0.16,0.09,0.00,0.55,0.00,0.00,0,0,,25,0.81,88,5,0.47,71,20,1.90,94,3,13,11,14,0.00,99,0,6,0.57,36,4,25,0.38,29,0,0.00,99,0,0.00,0,0,0.00,0,0.57,41,8,0.76,39,2,0.19,25.00,0,0.00,0,0,0,0.00,0,11,0.00,76,1.04,27,N/A,N/A,N/A,N/A,0.00,0,0.00,0,2.67,0.00,0,70.29,20.00,32,90,0.06,0.19,2,28,17,0,0,0,0.03,0.09,1,34,150.23,0.32,0.95,10,0,0.00,0.00,99,0.00,0,0,1,0.03,0.09,0,0.00,0.00,0.95,0.32,10,0,8.00,59,32,64,67,76,0.54,10,0.02,0.05,2.67,82,0.09,0.25,34,8,0.26,0.76,1.52,0.52,75,16,0.25,80,30,31,86,0,99,69,0,0.00,99,17,0.00,1.61,9.30,3.16,98,33,16,52,3.13,1.06,33.67,16,1.52,14,0,0.00,0,0.00,99,0,0.00,0.00,25,36,97,55,0,1,0,4,0,66,79,62,88,0,68,75,63,52,2,8,36,9,N/A,N/A
Dukan Ahmeti,18,1193382000,2007/10/26,Prva HNL,2025/2026,Midfielder,Istra 1961,395,161,234,Croatia,10,5,5,0,0,0,0,0,0,0,0,0,0,0,5,1,4,0,0,0,0,0,0,0,0,1.14,79,40,0,0,0,158,153,-1,16,0,3.44,0,45,25.91,6.00,25,114,4.79,91,53,20.68,31,0.00,0.00,0.26,5,0.00,0.42,1.14,0.26,5,0.00,0.47,0.00,0.00,0.00,0.11,0.21,0.26,0.00,0.23,0.05,0.42,0.00,0.00,0.00,0.00,0.26,0.00,0.00,0,0,,1,0.05,16,0,0.00,18,1,0.23,24,1,6,4,33,0.00,99,0,2,0.45,29,8,92,1.82,62,0,0.00,99,0,0.00,0,0,0.00,0,1.14,70,8,1.82,71,4,0.91,50.00,0,0.00,0,0,0,0.00,0,5,0.00,65,1.14,33,N/A,N/A,N/A,N/A,0.00,0,0.00,0,0.05,0.00,0,79.82,0.00,18,1,0.42,1.82,8,76,68,0,0,0,0.00,0.00,0,21,65.28,0.16,0.68,3,0,0.00,0.00,99,0.00,0,0,1,0.05,0.23,0,0.00,0.00,0.00,0.00,0,0,0.00,47,3,11,45,65,0.44,38,0.02,0.10,0.05,14,0.00,0.01,81,8,0.42,1.82,0.91,0.21,32,4,0.01,14,8,15,98,0,44,52,0,0.00,99,5,0.00,1.14,11.59,2.68,51,21,55,80,4.77,1.11,41.18,9,2.05,2,0,37.50,0,0.00,99,3,0.16,0.68,78,7,69,27,0,0,0,0,0,29,45,62,53,0,16,3,15,15,0,0,15,20,0,0
Dušan Vuković,22,1059289200,2003/07/27,Prva HNL,2025/2026,Midfielder,Lokomotiva Zagreb,1312,756,556,Montenegro,22,12,10,3,1,2,1,1,0,0,0,5,3,2,18,13,5,4,0,0.27,0.07,0.21,0.12,0.32,437,1.23,73,60,328,1312,0.27,50,100,-1,5,80000,6.07,0.05,60,17.38,10.70,7,246,6.83,157,3,11.09,5,0.00,0.00,0.52,12,0.00,0.91,0.78,0.48,11,0.00,0.74,0.00,0.00,0.00,0.22,1.00,0.87,7.67,1.62,0.48,2.48,0.00,0.52,0.16,0.00,0.65,0.00,0.00,0,0,,23,1.00,74,12,0.85,88,11,0.78,62,7,7,15,17,0.00,99,0,5,0.35,22,21,62,1.48,59,0,0.00,99,0,0.00,0,0,0.00,0,0.85,55,57,4.03,96,23,1.62,40.35,0,0.00,0,0,0,0.00,0,20,0.00,58,1.41,66,N/A,N/A,N/A,N/A,0.00,0,0.00,0,3.75,0.00,0,63.82,52.17,90,44,0.39,0.64,9,94,39,0,0,0,0.22,0.35,5,65,139.60,0.52,0.85,12,0,0.00,0.00,99,0.00,0,0,0,0.00,0.00,0,0.00,0.00,0.92,0.57,13,1,13.04,76,50,57,66,58,1.41,38,0.06,0.10,3.75,83,0.16,0.26,69,21,0.91,1.48,1.62,1.00,77,23,0.26,81,54,26,67,0,99,49,0,0.00,99,15,0.00,1.06,11.66,7.17,165,68,57,81,4.80,2.96,41.21,17,1.20,19,0,23.81,0,0.00,99,5,0.22,0.35,61,53,76,87,0,0,0,0,0,73,79,88,65,0,51,48,45,71,3,14,60,30,N/A,N/A
Ebou Sama,18,1201852800,2008/02/01,Prva HNL,2025/2026,Forward,Istra 1961,0,0,0,Gambia,0,0,0,0,0,0,0,0,0,0,0,0,0,0,0,0,0,0,0,0,0,0,0,0,0,0,0,0,0,0,0,-1,-1,-1,-1,N/A,N/A,N/A,N/A,N/A,N/A,N/A,N/A,N/A,N/A,N/A,N/A,N/A,N/A,N/A,N/A,N/A,N/A,N/A,N/A,N/A,N/A,N/A,N/A,N/A,N/A,N/A,N/A,N/A,N/A,N/A,N/A,N/A,N/A,N/A,N/A,N/A,N/A,N/A,N/A,N/A,N/A,N/A,N/A,N/A,N/A,N/A,N/A,N/A,N/A,N/A,N/A,N/A,N/A,N/A,N/A,N/A,N/A,N/A,N/A,N/A,N/A,N/A,N/A,N/A,N/A,N/A,N/A,N/A,N/A,N/A,N/A,N/A,N/A,N/A,N/A,N/A,N/A,N/A,N/A,N/A,N/A,N/A,N/A,N/A,N/A,N/A,N/A,N/A,N/A,N/A,N/A,N/A,N/A,N/A,N/A,N/A,N/A,N/A,N/A,N/A,N/A,N/A,N/A,N/A,N/A,N/A,N/A,N/A,N/A,N/A,N/A,N/A,N/A,N/A,N/A,N/A,N/A,N/A,N/A,N/A,N/A,N/A,N/A,N/A,N/A,N/A,N/A,N/A,N/A,N/A,N/A,N/A,N/A,N/A,N/A,N/A,N/A,N/A,N/A,N/A,N/A,N/A,N/A,N/A,N/A,N/A,N/A,N/A,N/A,N/A,N/A,N/A,N/A,N/A,N/A,N/A,N/A,N/A,N/A,N/A,N/A,N/A,N/A,N/A,N/A,N/A,N/A,N/A,N/A,N/A,N/A,N/A,N/A,N/A,N/A,N/A,N/A,N/A,N/A,N/A,N/A,N/A,N/A,N/A,N/A,N/A,N/A,N/A,N/A,N/A,N/A,N/A,N/A,N/A,N/A,N/A,N/A,N/A,N/A,N/A,N/A,N/A,N/A,N/A,N/A,N/A,N/A,N/A,N/A,N/A,N/A,N/A,N/A,N/A,N/A,N/A,N/A,N/A,N/A,N/A,N/A,N/A,N/A
Edgar González,29,859881600,1997/04/01,Prva HNL,2025/2026,Defender,Hajduk Split,392,180,212,Spain,6,2,4,0,0,0,0,0,0,0,0,2,1,1,3,2,1,0,0,0,0,0,0,0,0,0.69,131,65,0,0,0,151,158,5,18,0,3.38,0,45,76.22,27.67,99,332,25.00,300,97,68.88,99,0.00,0.00,0.00,0,0.00,0.00,1.38,0.50,6,0.00,0.08,0.00,0.00,0.00,0.58,0.00,0.33,0.00,0.00,0.00,0.17,0.00,0.00,0.00,0.00,1.17,0.00,0.00,0,0,,0,0.00,8,0,0.00,18,0,0.00,10,4,2,4,47,0.00,99,0,7,1.61,93,0,25,0.00,12,0,0.00,99,0,0.00,0,0,0.00,0,0.00,9,2,0.46,28,0,0.00,0.00,0,0.00,0,0,0,0.00,0,4,0.00,96,0.92,19,N/A,N/A,N/A,N/A,0.00,0,0.00,0,0.00,0.00,0,90.36,0.00,18,63,0.17,0.46,2,9,9,0,0,0,0.25,0.69,3,89,40.62,2.00,5.51,24,0,0.00,0.00,99,0.00,0,0,0,0.00,0.00,0,0.00,0.00,0.23,0.08,1,0,0.00,47,3,1,45,96,0.72,75,0.06,0.17,0.00,10,0.00,0.00,45,4,0.33,0.92,0.92,0.33,34,4,0.00,10,7,93,67,0,80,96,0,0.00,99,14,0.00,3.21,8.72,3.17,38,24,78,43,5.51,2.00,63.16,1,0.23,76,0,0.00,0,0.00,99,0,0.00,0.00,25,7,31,65,0,0,0,0,0,29,45,62,53,0,16,68,15,15,0,0,15,3,0,0
Elvir Duraković,26,949910400,2000/02/07,Prva HNL,2025/2026,Defender,Gorica,710,326,384,Bosnia and Herzegovina,15,7,8,0,0,0,0,0,0,0,0,3,2,1,15,10,5,1,1,0,0,0,0,0,0,1.9,47,47,355,0,0.25,221,219,67,13,60000,3.71,0,45,24.68,8.48,22,195,5.91,136,13,17.22,19,0.00,0.00,0.35,8,0.00,1.26,2.78,0.96,22,0.00,0.39,0.00,0.00,0.00,0.52,0.39,0.61,0.00,1.52,0.30,1.09,0.00,0.22,0.04,0.00,0.43,0.00,0.00,0,0,,12,0.52,71,5,0.63,79,7,0.89,69,5,6,9,95,0.00,99,0,12,1.52,90,29,48,3.67,81,0,0.00,99,0,0.00,0,0,0.00,0,1.01,62,25,3.16,90,9,1.14,36.00,0,0.00,0,0,0,0.00,0,14,0.00,9,1.77,85,N/A,N/A,N/A,N/A,0.00,0,0.00,0,0.92,0.00,0,69.74,41.67,76,33,0.26,0.76,6,85,29,0,0,0,0.09,0.25,2,56,85.27,0.83,2.41,19,1,0.00,0.13,4,0.04,0,0,0,0.00,0.00,0,0.00,0.00,0.13,0.04,1,0,0.00,47,21,29,45,9,0.69,30,0.03,0.09,0.92,62,0.04,0.12,80,14,0.61,1.77,1.27,0.43,59,10,0.12,60,10,65,67,0,68,57,0,0.00,99,10,0.00,1.27,13.42,4.61,106,59,97,91,7.47,2.57,55.66,9,1.14,24,0,17.24,0,0.00,99,5,0.22,0.63,76,29,69,73,0,0,0,0,0,29,45,62,53,0,37,40,49,67,0,0,15,32,N/A,N/A
Emil Frederiksen,25,968137200,2000/09/05,Prva HNL,2025/2026,Midfielder,Istra 1961,2164,1103,1061,Denmark,31,15,16,4,1,3,5,1,4,0,0,3,1,2,35,18,17,2,0,0.37,0.21,0.17,0.08,0.25,541,1.46,62,70,1082,433,0.08,57,34,-1,3,130000,6.48,0.16,89,31.75,23.27,44,768,16.64,549,17,22.70,38,0.00,0.00,1.09,36,0.00,3.15,1.32,0.97,32,0.00,0.52,0.00,0.00,0.00,0.42,0.55,1.03,8.25,1.36,0.61,1.15,0.00,0.39,0.16,0.00,0.52,0.00,0.00,0,0,,33,1.00,68,13,0.54,73,20,0.83,64,7,4,27,43,0.00,99,0,14,0.58,37,104,61,4.30,89,0,0.00,99,0,0.00,0,0,0.00,0,1.49,84,38,1.57,65,18,0.74,47.37,0,0.00,0,0,0,0.00,0,34,0.00,28,1.41,66,N/A,N/A,N/A,N/A,0.00,0,0.00,0,5.12,0.00,0,71.48,39.39,71,29,0.61,0.83,20,68,54,0,0,0,0.12,0.17,4,47,213.98,0.55,0.74,18,0,0.00,0.00,99,0.00,0,0,2,0.06,0.08,0,0.00,0.00,0.25,0.18,6,0,12.12,71,83,95,70,29,5.40,88,0.16,0.22,5.12,77,0.16,0.21,54,27,0.82,1.12,0.79,0.58,22,19,0.21,76,69,20,86,0,82,29,0,0.00,99,17,0.00,0.70,8.43,6.18,204,94,32,40,3.89,2.85,46.08,17,0.70,49,0,23.08,0,0.00,99,24,0.73,0.99,87,87,57,87,0,0,0,0,0,83,76,86,58,0,74,10,92,23,2,6,25,17,N/A,N/A
Emin Hasić,23,1044691200,2003/02/08,Prva HNL,2025/2026,Defender,Osijek,1281,836,445,Sweden,18,11,7,0,0,0,1,1,0,0,0,8,5,3,20,11,9,6,1,0.07,0.07,0,0,0,0,1.41,64,71,214,1281,0.42,174,96,52,29,15000,4.36,0.06,60,51.68,27.96,89,727,24.96,649,94,46.14,90,0.00,0.00,0.27,7,0.00,0.08,1.35,0.73,19,0.00,0.12,0.00,0.00,0.00,0.62,0.04,0.69,0.00,0.14,0.04,0.08,0.00,0.04,0.01,0.00,0.88,0.00,0.00,0,0,,2,0.08,13,1,0.07,22,1,0.07,12,1,6,12,44,0.00,99,0,16,1.14,74,2,25,0.14,17,0,0.00,99,0,0.00,0,0,0.00,0,0.50,38,2,0.14,13,1,0.07,50.00,0,0.00,0,0,0,0.00,0,18,0.00,35,1.28,48,N/A,N/A,N/A,N/A,0.00,0,0.00,0,0.16,0.00,0,89.27,50.00,90,52,0.31,0.57,8,14,68,0,0,0,0.38,0.71,10,90,113.33,2.58,4.76,67,1,0.00,0.07,10,0.04,0,0,0,0.00,0.00,0,0.00,0.00,0.00,0.00,0,0,0.00,47,48,40,45,37,2.13,66,0.08,0.15,0.16,14,0.01,0.01,41,12,0.46,0.85,0.92,0.50,34,13,0.01,14,21,84,67,0,44,73,0,0.00,99,23,0.00,1.64,7.25,3.92,102,54,30,26,3.84,2.08,52.94,3,0.21,78,0,0.00,0,0.00,99,0,0.00,0.00,25,42,69,27,0,0,0,0,0,35,45,62,53,0,18,86,22,94,5,28,95,33,N/A,N/A
Eniss Shabani,22,1054191600,2003/05/29,Prva HNL,2025/2026,Midfielder,HNK Vukovar 1991,1953,1078,875,Germany,24,13,11,0,0,0,2,1,1,0,0,3,3,0,38,16,22,5,0,0.09,0.09,0,0,0,0,1.75,51,81,391,977,0.23,132,84,-1,17,100000,6.78,0.08,67,33.23,30.04,51,721,22.21,533,25,24.56,45,0.00,0.00,0.71,17,0.00,1.21,1.94,1.75,42,0.00,0.88,0.00,0.00,0.00,0.96,1.38,1.58,0.00,0.78,0.50,2.12,0.00,0.21,0.06,0.00,1.08,0.00,0.00,0,0,,17,0.71,47,5,0.23,49,12,0.55,47,3,2,22,71,0.00,99,0,23,1.06,69,29,64,1.34,57,0,0.00,99,0,0.00,0,0,0.00,0,0.78,52,51,2.35,83,33,1.52,64.71,0,0.00,0,0,0,0.00,0,38,0.00,14,1.75,84,N/A,N/A,N/A,N/A,0.00,0,0.00,0,1.39,0.00,0,73.93,29.41,49,36,0.67,0.74,16,92,84,0,0,0,0.54,0.60,13,83,162.68,1.38,1.52,33,3,0.00,0.14,3,0.12,0,0,1,0.04,0.05,0,0.00,0.00,0.05,0.04,1,2,0.00,47,76,64,45,14,2.78,56,0.12,0.13,1.39,40,0.06,0.06,77,36,1.50,1.66,1.75,1.58,81,38,0.06,39,83,49,76,0,48,55,0,0.00,99,26,0.00,1.20,11.43,10.33,248,136,90,78,6.27,5.67,54.84,21,0.97,33,0,24.14,0,0.00,99,7,0.29,0.32,60,75,31,55,0,0,0,0,0,41,45,62,53,0,64,19,52,63,5,21,82,77,N/A,N/A
Ernis Qestaj,19,1153119600,2006/07/17,Prva HNL,2025/2026,Forward,Slaven Koprivnica,141,58,83,Kosovo,5,2,3,0,0,0,0,0,0,0,0,0,0,0,5,2,3,0,0,0,0,0,0,0,0,3.19,28,28,0,0,0,-1,-1,-1,26,18000,1.29,0,45,13.31,1.05,1,21,0.65,13,2,8.24,1,0.00,0.00,0.05,1,0.00,0.20,0.00,0.00,0,0.00,0.05,0.00,0.00,0.00,0.10,0.10,0.25,0.00,2.54,0.15,0.20,0.00,0.05,0.02,0.00,0.15,0.00,0.00,0,0,,4,0.20,91,1,0.63,79,3,1.90,94,4,3,2,4,0.00,99,0,2,1.27,80,4,25,2.54,71,0,0.00,99,0,0.00,0,0,0.00,0,0.63,43,4,2.54,85,2,1.27,50.00,0,0.00,0,0,0,0.00,0,5,0.00,0,3.17,95,N/A,N/A,N/A,N/A,0.00,0,0.00,0,0.32,0.00,0,61.90,25.00,42,46,0.05,0.63,1,87,68,0,0,0,0.00,0.00,0,21,25.86,0.00,0.00,0,0,0.00,0.00,99,0.00,0,0,0,0.00,0.00,0,0.00,0.00,1.27,0.10,2,0,0.00,47,0,0,45,0,0.07,6,0.00,0.04,0.32,76,0.02,0.20,61,2,0.10,1.27,3.17,0.25,99,5,0.20,76,0,0,67,0,99,79,0,0.00,99,3,0.00,1.90,13.31,1.05,21,6,28,90,3.80,0.30,28.57,1,0.63,52,0,0.00,0,0.00,99,0,0.00,0.00,25,0,45,65,0,0,0,0,0,29,45,62,53,0,18,3,15,15,0,0,15,19,N/A,N/A
Fabijan Krivak,21,1109232000,2005/02/24,Prva HNL,2025/2026,Midfielder,Lokomotiva Zagreb,1162,606,556,Croatia,17,8,9,3,2,1,1,1,0,0,0,2,2,0,22,9,13,0,0,0.31,0.08,0.23,0.3,0.16,387,1.7,53,68,0,1162,0,46,93,-1,4,0,6.88,0.06,63,19.91,15.12,11,257,12.06,205,52,15.88,17,0.00,0.00,1.00,17,0.00,1.24,1.08,0.82,14,0.00,1.41,0.00,0.00,0.00,0.41,1.00,1.06,5.67,1.32,0.53,2.29,0.00,0.47,0.19,0.00,0.76,0.00,0.00,0,0,,17,1.00,67,8,0.62,78,9,0.70,57,7,3,14,31,0.00,99,0,7,0.54,34,21,28,1.63,60,0,0.00,99,0,0.00,0,0,0.00,0,1.32,77,39,3.02,89,17,1.32,43.59,0,0.00,0,0,0,0.00,0,18,0.00,16,1.39,62,N/A,N/A,N/A,N/A,0.00,0,0.00,0,3.20,0.00,0,79.77,47.06,84,40,0.53,0.70,9,88,43,0,0,0,0.00,0.00,0,21,117.04,0.29,0.39,5,0,0.00,0.00,99,0.00,0,0,0,0.00,0.00,0,0.00,0.00,0.31,0.24,4,1,17.65,87,42,36,64,16,1.75,60,0.10,0.14,3.20,82,0.19,0.25,86,25,1.47,1.94,0.77,0.59,21,10,0.25,80,90,6,67,0,86,46,0,0.00,99,13,0.00,1.01,11.15,8.47,144,67,69,75,5.19,3.94,46.53,24,1.86,6,0,9.52,0,0.00,99,2,0.12,0.15,43,50,45,87,0,0,0,0,0,75,82,78,87,0,16,14,15,15,0,0,15,10,0,0
Filip Čuić,23,1045900800,2003/02/22,Prva HNL,2025/2026,Forward,Gorica,1635,961,674,Bosnia and Herzegovina,22,12,10,4,2,2,1,0,1,0,0,3,3,0,28,14,14,4,0,0.28,0.06,0.22,0.19,0.27,409,1.54,58,74,409,1635,0.22,49,109,-1,5,140000,6.15,0.05,56,21.79,17.00,13,374,11.36,250,9,14.56,11,0.00,0.00,0.27,6,0.00,0.45,0.99,0.77,17,0.00,0.91,0.00,0.00,0.00,0.14,0.18,1.09,11.25,2.62,1.23,0.50,0.00,0.82,0.27,0.00,2.05,0.00,0.00,0,0,,45,2.05,92,18,1.05,93,27,1.57,91,5,3,19,28,0.00,99,0,3,0.17,11,10,78,0.58,35,0,0.00,99,0,0.00,0,0,0.00,0,0.35,28,11,0.64,35,4,0.23,36.36,0,0.00,0,0,0,0.00,0,24,0.00,24,1.40,63,N/A,N/A,N/A,N/A,0.00,0,0.00,0,5.99,0.00,0,66.84,40.00,75,74,0.27,0.35,6,32,30,0,1,0,0.05,0.06,1,28,135.24,1.00,1.28,22,0,0.00,0.00,99,0.00,0,1,1,0.05,0.06,0,0.00,0.00,0.23,0.18,4,0,8.89,63,63,57,66,24,1.37,24,0.06,0.08,5.29,86,0.24,0.31,72,27,1.23,1.57,1.98,1.55,90,34,0.35,88,57,44,78,0,80,92,0,0.00,99,45,0.00,2.62,13.17,10.27,226,87,64,90,5.07,3.95,38.50,20,1.17,22,0,30.00,0,0.00,99,3,0.14,0.17,46,65,45,73,0,0,0,0,0,74,81,86,75,0,76,23,55,61,4,18,70,9,N/A,N/A
Filip Jović,26,951638400,2000/02/27,Prva HNL,2025/2026,Defender,Slaven Koprivnica,239,142,97,Serbia,5,3,2,0,0,0,0,0,0,0,0,0,0,0,5,3,2,0,0,0,0,0,0,0,0,1.88,48,48,0,0,0,-1,-1,-1,21,0,2.88,0,45,25.23,6.09,24,67,4.55,50,28,18.83,24,0.00,0.00,0.18,2,0.00,1.00,0.75,0.18,2,0.00,0.18,0.00,0.00,0.00,0.09,0.00,0.45,0.00,0.00,0.00,0.00,0.00,0.00,0.00,0.00,0.00,0.00,0.00,0,0,,0,0.00,8,0,0.00,18,0,0.00,10,2,2,3,16,0.00,99,0,1,0.38,24,11,91,4.14,86,0,0.00,99,0,0.00,0,0,0.00,0,0.75,50,0,0.00,7,0,0.00,0.00,0,0.00,0,0,0,0.00,0,5,0.00,10,1.88,87,N/A,N/A,N/A,N/A,0.00,0,0.00,0,0.00,0.00,0,74.63,0.00,18,70,0.09,0.38,1,9,9,0,0,0,0.00,0.00,0,21,31.63,0.64,2.64,7,1,0.00,0.38,0,0.09,0,0,0,0.00,0.00,0,0.00,0.00,0.00,0.00,0,0,0.00,47,0,0,45,10,0.20,24,0.02,0.08,0.00,10,0.00,0.00,83,5,0.45,1.88,0.75,0.18,19,2,0.00,10,5,67,67,0,44,1,0,0.00,99,0,0.00,0.00,5.65,1.36,15,7,11,11,2.64,0.64,46.67,2,0.75,44,0,36.36,0,0.00,99,4,0.36,1.51,95,2,31,41,0,0,0,0,0,29,45,62,53,0,16,3,15,15,0,0,15,22,0,0
Filip Krovinović,30,809679600,1995/08/29,Prva HNL,2025/2026,Midfielder,Hajduk Split,2140,1094,1046,Croatia,29,15,14,1,1,0,0,0,0,0,0,13,7,6,19,9,10,0,0,0.04,0,0.04,0.08,0,2140,0.8,113,74,0,0,0,119,233,-1,13,700000,6.84,0,45,53.55,42.47,91,1274,37.27,1118,91,47.00,91,0.00,0.00,1.17,35,0.00,1.80,1.35,1.07,32,0.00,0.50,0.00,0.00,0.00,0.40,0.27,0.63,50.00,2.10,1.07,0.67,0.00,0.60,0.14,0.00,1.00,0.00,0.00,0,0,,50,1.67,84,18,0.76,85,32,1.35,85,9,5,24,44,0.00,99,0,12,0.50,32,54,88,2.27,68,0,0.00,99,0,0.00,0,0,0.00,0,1.47,83,20,0.84,41,8,0.34,40.00,0,0.00,0,0,0,0.00,0,19,0.00,90,0.80,11,N/A,N/A,N/A,N/A,0.00,0,0.00,0,4.21,0.00,0,87.76,36.00,64,89,0.17,0.21,5,39,38,0,0,0,0.17,0.21,5,52,205.16,1.07,1.35,32,0,0.00,0.00,99,0.00,0,0,2,0.07,0.08,0,0.00,0.00,0.04,0.03,1,1,2.00,48,82,87,97,90,3.17,56,0.11,0.13,4.21,75,0.14,0.18,62,31,1.03,1.30,0.92,0.73,34,22,0.18,74,86,45,86,0,47,57,0,0.00,99,30,0.00,1.26,7.57,6.00,180,99,39,28,4.16,3.30,55.00,15,0.63,52,0,33.33,0,0.00,99,18,0.60,0.76,80,81,63,98,0,0,0,0,0,30,49,62,58,0,97,88,15,15,0,0,15,23,N/A,N/A
Filip Krušelj,20,1117436400,2005/05/30,Prva HNL,2025/2026,Defender,Slaven Koprivnica,1960,1056,904,Croatia,23,12,11,0,0,0,3,2,1,0,0,5,4,1,30,13,17,4,0,0.14,0.14,0,0,0,0,1.38,65,85,490,653,0.18,232,59,46,33,40000,5.98,0.13,76,32.62,27.27,48,709,20.42,531,29,24.43,43,0.00,0.00,0.69,18,0.00,2.88,2.58,2.15,56,0.00,0.58,0.00,0.00,0.00,1.15,0.46,1.27,0.00,0.78,0.54,0.96,0.00,0.12,0.05,0.00,0.65,0.00,0.00,0,0,,17,0.65,47,3,0.14,34,14,0.64,52,7,0,23,91,0.00,99,0,30,1.38,86,75,60,3.45,79,0,0.00,99,0,0.00,0,0,0.00,0,0.83,55,25,1.15,50,12,0.55,48.00,0,0.00,0,0,0,0.00,0,33,0.00,41,1.52,74,N/A,N/A,N/A,N/A,0.00,0,0.00,0,1.25,0.00,0,74.89,17.65,25,29,0.69,0.83,18,56,55,0,0,0,0.27,0.32,7,62,155.49,2.12,2.53,55,0,0.00,0.00,99,0.00,0,0,0,0.00,0.00,0,0.00,0.00,0.23,0.19,5,0,0.00,47,76,59,45,41,3.63,75,0.14,0.17,1.25,40,0.05,0.06,25,12,0.46,0.55,1.20,1.00,52,26,0.06,39,51,66,67,0,80,33,0,0.00,99,17,0.00,0.78,8.88,7.42,193,97,47,46,4.46,3.73,50.26,15,0.69,50,0,22.67,0,0.00,99,17,0.65,0.78,81,78,14,87,0,0,0,0,0,54,45,62,53,0,27,45,66,50,4,17,67,18,N/A,N/A
Filip Kutleša,17,1234857600,2009/02/17,Prva HNL,2025/2026,Defender,Slaven Koprivnica,0,0,0,Croatia,0,0,0,0,0,0,0,0,0,0,0,0,0,0,0,0,0,0,0,0,0,0,0,0,0,0,0,0,0,0,0,-1,-1,-1,-1,N/A,N/A,N/A,N/A,N/A,N/A,N/A,N/A,N/A,N/A,N/A,N/A,N/A,N/A,N/A,N/A,N/A,N/A,N/A,N/A,N/A,N/A,N/A,N/A,N/A,N/A,N/A,N/A,N/A,N/A,N/A,N/A,N/A,N/A,N/A,N/A,N/A,N/A,N/A,N/A,N/A,N/A,N/A,N/A,N/A,N/A,N/A,N/A,N/A,N/A,N/A,N/A,N/A,N/A,N/A,N/A,N/A,N/A,N/A,N/A,N/A,N/A,N/A,N/A,N/A,N/A,N/A,N/A,N/A,N/A,N/A,N/A,N/A,N/A,N/A,N/A,N/A,N/A,N/A,N/A,N/A,N/A,N/A,N/A,N/A,N/A,N/A,N/A,N/A,N/A,N/A,N/A,N/A,N/A,N/A,N/A,N/A,N/A,N/A,N/A,N/A,N/A,N/A,N/A,N/A,N/A,N/A,N/A,N/A,N/A,N/A,N/A,N/A,N/A,N/A,N/A,N/A,N/A,N/A,N/A,N/A,N/A,N/A,N/A,N/A,N/A,N/A,N/A,N/A,N/A,N/A,N/A,N/A,N/A,N/A,N/A,N/A,N/A,N/A,N/A,N/A,N/A,N/A,N/A,N/A,N/A,N/A,N/A,N/A,N/A,N/A,N/A,N/A,N/A,N/A,N/A,N/A,N/A,N/A,N/A,N/A,N/A,N/A,N/A,N/A,N/A,N/A,N/A,N/A,N/A,N/A,N/A,N/A,N/A,N/A,N/A,N/A,N/A,N/A,N/A,N/A,N/A,N/A,N/A,N/A,N/A,N/A,N/A,N/A,N/A,N/A,N/A,N/A,N/A,N/A,N/A,N/A,N/A,N/A,N/A,N/A,N/A,N/A,N/A,N/A,N/A,N/A,N/A,N/A,N/A,N/A,N/A,N/A,N/A,N/A,N/A,N/A,N/A,N/A,N/A,N/A,N/A,N/A,N/A
Filip Mažar,21,1111651200,2005/03/24,Prva HNL,2025/2026,Forward,Slaven Koprivnica,986,488,498,Croatia,13,6,7,1,0,1,0,0,0,0,0,3,3,0,18,5,13,1,0,0.09,0,0.09,0,0.18,986,1.64,55,76,986,0,0.09,85,138,-1,18,30000,6.70,0,45,30.91,26.08,42,339,21.85,284,73,25.90,51,0.00,0.00,0.54,7,0.00,0.31,1.82,1.54,20,0.00,1.62,0.00,0.00,0.00,0.77,1.15,1.38,11.00,1.00,0.54,2.69,0.00,0.31,0.11,0.00,0.62,0.00,0.00,0,0,,11,0.85,57,4,0.36,62,7,0.64,52,2,1,12,65,0.00,99,0,10,0.91,57,4,25,0.36,27,0,0.00,99,0,0.00,0,0,0.00,0,0.64,43,35,3.19,90,15,1.37,42.86,0,0.00,0,0,0,0.00,0,18,0.00,18,1.64,78,N/A,N/A,N/A,N/A,0.00,0,0.00,0,1.45,0.00,0,83.78,36.36,66,37,0.62,0.73,8,89,42,0,0,0,0.00,0.00,0,21,87.07,0.77,0.91,10,0,0.00,0.00,99,0.00,0,0,0,0.00,0.00,0,0.00,0.00,0.00,0.00,0,0,9.09,67,34,21,82,19,0.99,30,0.08,0.09,1.45,63,0.11,0.13,91,24,1.85,2.19,0.36,0.31,9,4,0.13,62,77,30,67,0,44,31,0,0.00,99,8,0.00,0.73,12.04,10.15,132,67,90,82,6.11,5.15,50.76,21,1.91,3,0,0.00,0,0.00,99,0,0.00,0.00,25,42,24,41,0,0,0,0,0,41,64,80,53,0,23,48,90,27,1,8,36,17,N/A,N/A
Filip Taraba,19,1151564400,2006/06/29,Prva HNL,2025/2026,Midfielder,Istra 1961,779,396,383,Bosnia and Herzegovina,19,10,9,0,0,0,0,0,0,0,0,2,1,1,12,6,6,0,0,0,0,0,0,0,0,1.39,65,41,0,0,0,211,223,-1,28,85000,3.81,0,45,56.04,15.81,94,490,13.32,413,76,47.23,92,0.00,0.00,0.06,2,0.00,0.35,2.17,0.61,19,0.00,0.13,0.00,0.00,0.00,0.32,0.13,0.35,0.00,0.00,0.00,0.26,0.00,0.00,0.00,0.00,0.42,0.00,0.00,0,0,,0,0.00,8,0,0.00,18,0,0.00,10,3,12,7,79,0.00,99,0,10,1.14,74,11,52,1.26,55,0,0.00,99,0,0.00,0,0,0.00,0,0.23,20,8,0.91,42,4,0.46,50.00,0,0.00,0,0,0,0.00,0,11,0.00,39,1.26,45,N/A,N/A,N/A,N/A,0.00,0,0.00,0,0.00,0.00,0,84.29,0.00,18,40,0.19,0.69,6,47,68,0,0,0,0.13,0.46,4,72,118.15,1.52,5.37,47,1,0.00,0.11,6,0.03,0,0,0,0.00,0.00,0,0.00,0.00,0.00,0.00,0,0,0.00,47,25,44,45,41,0.97,45,0.03,0.11,0.00,10,0.00,0.00,37,7,0.23,0.80,1.37,0.39,64,12,0.00,10,11,91,67,0,44,66,0,0.00,99,13,0.00,1.49,8.81,2.48,77,42,57,45,4.80,1.35,54.55,4,0.46,61,0,18.18,0,0.00,99,2,0.06,0.23,52,22,94,55,0,0,0,0,0,29,45,62,53,0,54,12,15,15,0,0,15,24,N/A,N/A
Filip Živković,19,1154415600,2006/08/01,Prva HNL,2025/2026,Midfielder,Osijek,283,176,107,Croatia,10,5,5,0,0,0,0,0,0,0,0,4,3,1,2,0,2,0,0,0,0,0,0,0,0,0.64,142,28,0,0,0,172,204,-1,31,10000,3.77,0,45,26.71,6.00,28,84,4.29,60,16,19.08,25,0.00,0.00,0.64,9,0.00,0.57,2.54,0.57,8,0.00,0.57,0.00,0.00,0.00,0.07,0.21,0.14,0.00,3.18,0.64,1.21,0.00,0.07,0.04,0.00,0.29,0.00,0.00,0,0,,10,0.71,96,1,0.32,59,9,2.86,99,3,7,3,89,0.00,99,0,1,0.32,20,8,69,2.54,71,0,0.00,99,0,0.00,0,0,0.00,0,2.86,99,17,5.41,99,3,0.95,17.65,0,0.00,0,0,0,0.00,0,2,0.00,97,0.64,2,N/A,N/A,N/A,N/A,0.00,0,0.00,0,0.58,0.00,0,71.43,10.00,19,44,0.14,0.64,2,79,10,0,0,0,0.00,0.00,0,21,52.85,0.07,0.32,1,0,0.00,0.00,99,0.00,0,0,2,0.14,0.64,0,0.00,0.00,0.00,0.00,0,0,0.00,47,0,11,45,97,0.40,56,0.03,0.13,0.58,75,0.04,0.18,99,10,0.71,3.18,2.54,0.57,99,8,0.18,74,11,2,99,0,44,57,0,0.00,99,4,0.00,1.27,20.67,4.64,65,25,98,99,7.95,1.79,38.46,8,2.54,1,0,25.00,0,0.00,99,2,0.14,0.64,76,2,76,55,0,0,0,0,0,29,45,62,53,0,17,78,15,15,0,0,15,24,N/A,N/A
Filipe José Quissequel,17,1218178800,2008/08/08,Prva HNL,2025/2026,Forward,Varaždin,14,0,14,Angola,2,0,2,0,0,0,0,0,0,0,0,0,0,0,0,0,0,0,0,0,0,0,0,0,0,0,0,7,0,0,0,-1,-1,-1,30,0,2.20,0,45,27.69,0.67,31,4,0.67,4,99,27.69,56,0.00,0.00,0.00,0,0.00,0.33,6.92,0.17,1,0.00,0.17,0.00,0.00,0.00,0.00,0.33,0.17,0.00,6.92,0.17,0.50,0.00,0.00,0.01,0.00,0.00,0.00,0.00,0,0,,1,0.17,99,0,0.00,18,1,6.92,99,0,2,0,99,0.00,99,0,0,0.00,6,2,98,13.85,99,0,0.00,99,0,0.00,0,0,0.00,0,0.00,9,3,20.77,99,2,13.85,66.67,0,0.00,0,0,0,0.00,0,1,0.00,99,6.92,99,N/A,N/A,N/A,N/A,0.00,0,0.00,0,0.05,0.00,0,100.00,0.00,18,0,0.17,6.92,1,99,88,0,0,0,0.00,0.00,0,21,13.19,0.00,0.00,0,0,0.00,0.00,99,0.00,0,0,0,0.00,0.00,0,0.00,0.00,0.00,0.00,0,0,0.00,47,0,0,45,0,0.01,18,0.00,0.07,0.05,88,0.01,0.35,1,0,0.00,0.00,0.00,0.00,4,0,0.35,88,2,0,67,0,44,1,0,0.00,99,0,0.00,0.00,41.54,1.00,6,3,99,99,20.77,0.50,50.00,1,6.92,0,0,50.00,0,0.00,99,1,0.17,6.92,99,0,31,9,0,0,0,0,0,29,45,62,53,0,16,3,15,15,0,0,15,18,0,0
Fran Karačić,29,831884400,1996/05/12,Prva HNL,2025/2026,Defender,Osijek,1515,823,692,Australia,21,12,9,1,1,0,1,1,0,0,0,12,7,5,15,7,8,2,0,0.12,0.06,0.06,0.11,0,1515,0.89,101,72,758,1515,0.12,108,104,15,10,225000,5.37,0.05,56,34.67,22.46,56,584,17.15,446,37,26.48,53,0.00,0.00,0.77,20,0.00,2.58,2.32,1.50,39,0.00,0.31,0.00,0.00,0.00,0.77,0.31,0.54,14.00,0.83,0.35,0.50,0.00,0.19,0.06,0.00,0.88,0.00,0.00,0,0,,14,0.54,50,5,0.30,57,9,0.53,45,7,4,17,86,0.00,99,0,20,1.19,77,67,52,3.98,86,0,0.00,99,0,0.00,0,0,0.00,0,1.19,71,13,0.77,39,8,0.47,61.54,0,0.00,0,0,0,0.00,0,14,0.00,80,0.83,14,N/A,N/A,N/A,N/A,0.00,0,0.00,0,1.65,0.00,0,76.37,35.71,62,56,0.35,0.53,9,49,83,0,0,0,0.19,0.30,5,61,139.74,2.50,3.86,65,0,0.00,0.00,99,0.00,0,0,1,0.04,0.06,0,0.00,0.00,0.18,0.12,3,0,7.14,57,60,51,92,80,2.34,60,0.09,0.14,1.65,54,0.06,0.10,27,10,0.38,0.59,1.37,0.88,64,23,0.10,52,38,78,78,0,75,60,0,0.00,99,23,0.00,1.37,8.01,5.19,135,75,47,33,4.45,2.88,55.56,8,0.47,60,0,19.40,0,0.00,99,13,0.50,0.77,81,60,57,87,0,0,0,0,0,49,55,62,63,0,86,99,82,35,2,10,44,29,N/A,N/A
Fran Kasumović,18,1181977200,2007/06/16,Prva HNL,2025/2026,Defender,Gorica,0,0,0,Croatia,0,0,0,0,0,0,0,0,0,0,0,0,0,0,0,0,0,0,0,0,0,0,0,0,0,0,0,0,0,0,0,-1,-1,-1,-1,N/A,N/A,N/A,N/A,N/A,N/A,N/A,N/A,N/A,N/A,N/A,N/A,N/A,N/A,N/A,N/A,N/A,N/A,N/A,N/A,N/A,N/A,N/A,N/A,N/A,N/A,N/A,N/A,N/A,N/A,N/A,N/A,N/A,N/A,N/A,N/A,N/A,N/A,N/A,N/A,N/A,N/A,N/A,N/A,N/A,N/A,N/A,N/A,N/A,N/A,N/A,N/A,N/A,N/A,N/A,N/A,N/A,N/A,N/A,N/A,N/A,N/A,N/A,N/A,N/A,N/A,N/A,N/A,N/A,N/A,N/A,N/A,N/A,N/A,N/A,N/A,N/A,N/A,N/A,N/A,N/A,N/A,N/A,N/A,N/A,N/A,N/A,N/A,N/A,N/A,N/A,N/A,N/A,N/A,N/A,N/A,N/A,N/A,N/A,N/A,N/A,N/A,N/A,N/A,N/A,N/A,N/A,N/A,N/A,N/A,N/A,N/A,N/A,N/A,N/A,N/A,N/A,N/A,N/A,N/A,N/A,N/A,N/A,N/A,N/A,N/A,N/A,N/A,N/A,N/A,N/A,N/A,N/A,N/A,N/A,N/A,N/A,N/A,N/A,N/A,N/A,N/A,N/A,N/A,N/A,N/A,N/A,N/A,N/A,N/A,N/A,N/A,N/A,N/A,N/A,N/A,N/A,N/A,N/A,N/A,N/A,N/A,N/A,N/A,N/A,N/A,N/A,N/A,N/A,N/A,N/A,N/A,N/A,N/A,N/A,N/A,N/A,N/A,N/A,N/A,N/A,N/A,N/A,N/A,N/A,N/A,N/A,N/A,N/A,N/A,N/A,N/A,N/A,N/A,N/A,N/A,N/A,N/A,N/A,N/A,N/A,N/A,N/A,N/A,N/A,N/A,N/A,N/A,N/A,N/A,N/A,N/A,N/A,N/A,N/A,N/A,N/A,N/A,N/A,N/A,N/A,N/A,N/A,N/A
Fran Peček,19,1173340800,2007/03/08,Prva HNL,2025/2026,Midfielder,Osijek,24,24,0,Croatia,1,1,0,0,0,0,0,0,0,0,0,0,0,0,0,0,0,0,0,0,0,0,0,0,0,0,0,24,0,0,0,-1,-1,-1,19,3000,0.82,0,45,15.00,0.50,4,4,0.38,3,30,11.25,5,0.00,0.00,0.00,0,0.00,0.00,0.00,0.00,0,0.00,0.12,0.00,0.00,0.00,0.00,0.12,0.00,0.00,3.75,0.12,0.12,0.00,0.00,0.01,0.00,0.00,0.00,0.00,0,0,,1,0.12,99,0,0.00,18,1,3.75,99,0,1,0,4,0.00,99,0,0,0.00,6,0,25,0.00,12,0,0.00,99,0,0.00,0,0,0.00,0,0.00,9,1,3.75,94,1,3.75,100.00,0,0.00,0,0,0,0.00,0,0,0.00,99,0.00,0,N/A,N/A,N/A,N/A,0.00,0,0.00,0,0.06,0.00,0,75.00,0.00,18,99,0.00,0.00,0,99,99,0,0,0,0.00,0.00,0,21,6.58,0.00,0.00,0,0,0.00,0.00,99,0.00,0,0,0,0.00,0.00,0,0.00,0.00,0.00,0.00,0,0,0.00,47,0,0,45,0,0.01,6,0.00,0.04,0.06,80,0.01,0.23,1,0,0.00,0.00,0.00,0.00,4,0,0.23,78,0,0,67,0,44,1,0,0.00,99,0,0.00,0.00,7.50,0.25,2,1,25,28,3.75,0.12,50.00,1,3.75,0,0,0.00,0,0.00,99,0,0.00,0.00,25,0,24,9,0,0,0,0,0,29,45,62,53,0,16,3,15,15,0,0,15,40,N/A,N/A
Fran Topić,22,1079769600,2004/03/20,Prva HNL,2025/2026,Midfielder,Dinamo Zagreb,617,397,220,Croatia,14,7,7,1,1,0,0,0,0,0,0,7,2,5,4,4,0,2,0,0.15,0,0.15,0.23,0,617,0.58,154,44,309,0,0.29,61,172,-1,15,104000,4.30,0,45,31.75,9.91,44,218,7.86,173,50,25.19,47,0.00,0.00,0.45,10,0.00,0.64,2.04,0.64,14,0.00,0.27,0.00,0.00,0.00,0.14,0.45,0.18,13.00,1.89,0.41,1.09,0.00,0.18,0.07,0.00,0.14,0.00,0.00,0,0,,13,0.59,80,4,0.58,77,9,1.31,81,3,8,6,74,0.00,99,0,3,0.44,28,14,39,2.04,64,0,0.00,99,0,0.00,0,0,0.00,0,1.46,82,24,3.50,92,10,1.46,41.67,0,0.00,0,0,0,0.00,0,4,0.00,99,0.58,1,N/A,N/A,N/A,N/A,0.00,0,0.00,0,1.59,0.00,0,79.36,30.77,52,50,0.18,0.58,4,90,41,0,0,0,0.00,0.00,0,21,94.63,0.50,1.60,11,0,0.00,0.00,99,0.00,0,0,0,0.00,0.00,0,0.00,0.00,0.00,0.00,0,0,7.69,58,17,24,74,99,0.77,45,0.04,0.11,1.59,80,0.07,0.23,88,14,0.64,2.04,2.18,0.68,95,15,0.23,78,20,51,67,0,44,19,0,0.00,99,3,0.00,0.44,12.09,3.77,83,41,86,83,5.97,1.86,49.40,6,0.87,38,0,14.29,0,0.00,99,2,0.09,0.29,56,16,83,55,0,0,0,0,0,56,74,62,79,0,65,98,43,72,2,14,60,30,N/A,N/A
Fran Žilinski,23,1049443200,2003/04/04,Prva HNL,2025/2026,Defender,Lokomotiva Zagreb,0,0,0,Croatia,0,0,0,0,0,0,0,0,0,0,0,0,0,0,0,0,0,0,0,0,0,0,0,0,0,0,0,0,0,0,0,-1,-1,-1,-1,N/A,N/A,N/A,N/A,N/A,N/A,N/A,N/A,N/A,N/A,N/A,N/A,N/A,N/A,N/A,N/A,N/A,N/A,N/A,N/A,N/A,N/A,N/A,N/A,N/A,N/A,N/A,N/A,N/A,N/A,N/A,N/A,N/A,N/A,N/A,N/A,N/A,N/A,N/A,N/A,N/A,N/A,N/A,N/A,N/A,N/A,N/A,N/A,N/A,N/A,N/A,N/A,N/A,N/A,N/A,N/A,N/A,N/A,N/A,N/A,N/A,N/A,N/A,N/A,N/A,N/A,N/A,N/A,N/A,N/A,N/A,N/A,N/A,N/A,N/A,N/A,N/A,N/A,N/A,N/A,N/A,N/A,N/A,N/A,N/A,N/A,N/A,N/A,N/A,N/A,N/A,N/A,N/A,N/A,N/A,N/A,N/A,N/A,N/A,N/A,N/A,N/A,N/A,N/A,N/A,N/A,N/A,N/A,N/A,N/A,N/A,N/A,N/A,N/A,N/A,N/A,N/A,N/A,N/A,N/A,N/A,N/A,N/A,N/A,N/A,N/A,N/A,N/A,N/A,N/A,N/A,N/A,N/A,N/A,N/A,N/A,N/A,N/A,N/A,N/A,N/A,N/A,N/A,N/A,N/A,N/A,N/A,N/A,N/A,N/A,N/A,N/A,N/A,N/A,N/A,N/A,N/A,N/A,N/A,N/A,N/A,N/A,N/A,N/A,N/A,N/A,N/A,N/A,N/A,N/A,N/A,N/A,N/A,N/A,N/A,N/A,N/A,N/A,N/A,N/A,N/A,N/A,N/A,N/A,N/A,N/A,N/A,N/A,N/A,N/A,N/A,N/A,N/A,N/A,N/A,N/A,N/A,N/A,N/A,N/A,N/A,N/A,N/A,N/A,N/A,N/A,N/A,N/A,N/A,N/A,N/A,N/A,N/A,N/A,N/A,N/A,N/A,N/A,N/A,N/A,N/A,N/A,N/A,N/A
Frane Maglica,28,867826800,1997/07/02,Prva HNL,2025/2026,Midfielder,Varaždin,1685,762,923,Croatia,21,10,11,0,0,0,6,2,4,0,0,6,4,2,19,7,12,2,0,0.32,0.32,0,0,0,0,1.01,89,80,843,281,0.11,219,9,-1,20,45000,6.20,0.29,97,33.17,28.23,50,621,20.86,459,24,24.52,44,0.00,0.00,0.91,20,0.00,3.23,2.24,1.91,42,0.00,0.82,0.00,0.00,0.00,0.86,0.55,0.86,0.00,0.21,0.09,1.45,0.00,0.09,0.01,0.00,1.27,0.00,0.00,0,0,,4,0.18,14,2,0.11,25,2,0.11,14,1,2,19,84,0.00,99,0,19,1.01,64,71,69,3.79,84,0,0.00,99,0,0.00,0,0,0.00,0,1.07,66,32,1.71,69,12,0.64,37.50,0,0.00,0,0,0,0.00,0,19,0.00,73,1.01,24,N/A,N/A,N/A,N/A,0.00,0,0.00,0,0.30,0.00,0,73.91,50.00,90,44,0.55,0.64,12,61,32,0,0,0,0.09,0.11,2,40,136.44,2.27,2.67,50,0,0.00,0.00,99,0.00,0,0,0,0.00,0.00,0,0.00,0.00,0.00,0.00,0,0,0.00,47,65,51,45,73,5.33,95,0.24,0.28,0.30,21,0.01,0.02,23,10,0.45,0.53,0.91,0.77,32,17,0.02,20,60,67,67,0,44,67,0,0.00,99,28,0.00,1.50,9.45,8.05,177,92,60,54,4.91,4.18,51.98,18,0.96,33,0,25.35,0,0.00,99,18,0.82,0.96,85,65,31,27,0,0,0,0,0,76,45,62,53,0,29,60,86,32,2,10,44,23,N/A,N/A
Franjo Posavac,23,1030690800,2002/08/30,Prva HNL,2025/2026,Midfielder,Lokomotiva Zagreb,140,90,50,Bosnia and Herzegovina,3,1,2,0,0,0,0,0,0,0,0,1,1,0,1,0,1,0,0,0,0,0,0,0,0,0.64,140,47,0,0,0,-1,-1,-1,20,40000,1.21,0,45,16.07,2.50,5,25,1.70,17,10,10.93,4,0.00,0.00,0.00,0,0.00,0.20,0.64,0.10,1,0.00,0.10,0.00,0.00,0.00,0.00,0.00,0.10,0.00,0.64,0.00,0.10,0.00,0.10,0.01,0.00,0.10,0.00,0.00,0,0,,1,0.10,41,1,0.64,79,0,0.00,10,3,1,2,13,0.00,99,0,0,0.00,6,2,98,1.29,56,0,0.00,99,0,0.00,0,0,0.00,0,0.00,9,1,0.64,35,0,0.00,0.00,0,0.00,0,0,0,0.00,0,1,0.00,97,0.64,2,N/A,N/A,N/A,N/A,0.00,0,0.00,0,0.14,0.00,0,68.00,100.00,99,99,0.00,0.00,0,9,9,0,0,0,0.00,0.00,0,21,12.06,0.20,1.29,2,2,0.00,1.29,0,0.20,0,0,0,0.00,0.00,0,0.00,0.00,0.00,0.00,0,0,0.00,47,0,0,45,97,0.03,1,0.00,0.02,0.14,51,0.01,0.09,62,2,0.20,1.29,2.57,0.40,99,4,0.09,49,0,44,67,0,44,26,0,0.00,99,1,0.00,0.64,6.43,1.00,10,3,8,15,1.93,0.30,30.00,1,0.64,52,0,50.00,0,0.00,99,1,0.10,0.64,76,0,24,55,0,0,0,0,0,29,45,62,53,0,27,68,15,15,0,0,15,19,N/A,N/A
Franko Kolić,23,1044604800,2003/02/07,Prva HNL,2025/2026,Goalkeeper,Istra 1961,2970,1530,1440,Croatia,33,17,16,0,0,0,0,0,0,0,0,4,2,2,46,23,23,2,0,0,0,0,0,0,0,1.39,65,90,1485,0,0.06,168,170,49,14,85000,6.94,0,45,24.73,24.73,23,816,16.12,532,6,16.12,18,0.00,0.00,0.00,0,0.00,0.00,0.09,0.09,3,0.00,0.00,0.00,0.00,3.55,0.00,0.03,5.03,0.00,0.00,0.00,0.03,0.00,0.00,0.00,0.00,0.18,0.00,0.00,0,0,,0,0.00,8,0,0.00,18,0,0.00,10,0,0,33,5,0.00,99,0,0,0.00,6,0,25,0.00,12,0,0.00,99,0,0.00,0,0,0.00,0,0.00,9,1,0.03,8,1,0.03,100.00,0,0.00,0,117,80,3.55,99,166,0.00,39,5.03,99,N/A,N/A,N/A,N/A,70.48,0,0.00,0,0.00,0.00,0,65.20,0.00,18,99,0.00,0.00,0,10,99,0,0,75,0.00,0.00,0,21,228.98,0.67,0.67,22,1,0.00,0.03,23,0.03,1,0,0,0.00,0.00,11,0.33,0.33,0.00,0.00,0,0,0.00,47,99,99,45,41,1.16,6,0.04,0.04,0.00,10,0.00,0.00,7,5,0.15,0.15,0.03,0.03,6,1,0.00,10,93,15,67,47,44,7,0,0.00,99,6,0.00,0.18,0.52,0.52,17,14,5,5,0.42,0.42,82.35,0,0.00,99,0,0.00,0,0.00,99,0,0.00,0.00,25,99,14,9,0,0,0,0,0,29,45,62,53,0,54,14,98,18,2,6,25,1,N/A,N/A
Gabriel Vidović,22,1070265600,2003/12/01,Prva HNL,2025/2026,Forward,Dinamo Zagreb,1189,493,696,Croatia,24,11,13,6,5,1,4,1,3,0,0,11,5,6,9,4,5,1,0,0.76,0.3,0.45,0.91,0.13,198,0.68,132,50,1189,297,0.08,13,10,-1,6,500000,4.84,0.17,96,33.91,14.00,54,448,12.06,386,86,29.22,61,0.00,0.00,0.66,21,0.00,0.28,1.29,0.53,17,0.00,0.69,0.00,0.00,0.00,0.31,0.53,0.28,5.33,2.42,0.66,1.22,0.00,0.34,0.19,0.00,0.25,0.00,0.00,0,0,,32,1.00,91,11,0.83,87,21,1.59,91,5,9,15,42,0.00,99,0,10,0.76,48,9,88,0.68,40,0,0.00,99,0,0.00,0,0,0.00,0,1.59,87,39,2.95,89,17,1.29,43.59,0,0.00,0,0,0,0.00,0,9,0.00,97,0.68,3,N/A,N/A,N/A,N/A,0.00,0,0.00,0,5.96,0.00,0,86.16,34.38,59,82,0.12,0.30,4,88,43,0,0,0,0.03,0.08,1,32,154.76,0.16,0.38,5,0,0.00,0.00,99,0.00,0,0,0,0.00,0.00,0,0.00,0.00,0.08,0.03,1,1,18.75,90,45,64,51,97,3.91,96,0.12,0.30,5.96,96,0.19,0.45,91,29,0.91,2.20,0.98,0.41,38,13,0.45,94,30,5,67,0,57,25,0,0.00,99,8,0.00,0.61,10.82,4.47,143,71,74,72,5.37,2.22,49.65,22,1.67,10,0,33.33,0,0.00,99,3,0.09,0.23,52,53,85,73,0,1,0,4,0,97,95,72,99,0,95,92,95,23,1,4,18,10,N/A,N/A
Gabrijel Rukavina,22,1074240000,2004/01/16,Prva HNL,2025/2026,Forward,Rijeka,478,316,162,Croatia,13,7,6,0,0,0,0,0,0,0,0,5,2,3,6,5,1,1,0,0,0,0,0,0,0,1.13,80,37,478,0,0.19,226,181,-1,28,85000,3.55,0,45,24.67,5.46,22,131,4.29,103,48,19.39,26,0.00,0.00,0.12,3,0.00,0.83,0.94,0.21,5,0.00,0.08,0.00,0.00,0.00,0.12,0.25,0.29,0.00,1.32,0.21,0.79,0.00,0.08,0.02,0.00,0.08,0.00,0.00,0,0,,7,0.29,67,2,0.38,65,5,0.94,71,3,8,5,24,0.00,99,0,3,0.56,35,20,29,3.77,83,0,0.00,99,0,0.00,0,0,0.00,0,0.56,41,19,3.58,93,6,1.13,31.58,0,0.00,0,0,0,0.00,0,7,0.00,66,1.32,55,N/A,N/A,N/A,N/A,0.00,0,0.00,0,0.44,0.00,0,78.63,28.57,48,70,0.08,0.38,2,85,22,0,0,0,0.00,0.00,0,21,85.26,0.38,1.69,9,0,0.00,0.00,99,0.00,0,0,0,0.00,0.00,0,0.00,0.00,0.19,0.04,1,0,0.00,47,8,21,45,66,0.36,18,0.01,0.07,0.44,47,0.02,0.08,95,13,0.54,2.45,0.94,0.21,37,5,0.08,46,9,54,67,0,76,16,0,0.00,99,2,0.00,0.38,11.30,2.50,60,26,59,77,4.90,1.08,43.33,2,0.38,67,0,10.00,0,0.00,99,2,0.08,0.38,64,12,83,55,0,0,0,0,0,29,45,62,53,0,54,75,64,52,1,8,36,11,N/A,N/A
Gabrijel Sivalec,17,1209970800,2008/05/05,Prva HNL,2025/2026,Midfielder,Slaven Koprivnica,429,313,116,Croatia,16,10,6,0,0,0,1,1,0,0,0,1,1,0,7,4,3,0,0,0.21,0.21,0,0,0,0,1.47,61,27,0,429,0,139,31,-1,25,20000,4.04,0.06,89,24.55,5.57,21,117,4.48,94,56,19.72,28,0.00,0.00,0.14,3,0.00,0.57,1.89,0.43,9,0.00,0.24,0.00,0.00,0.00,0.14,0.24,0.33,0.00,1.47,0.29,0.62,0.00,0.05,0.02,0.00,0.05,0.00,0.00,0,0,,7,0.33,70,1,0.21,46,6,1.26,81,3,13,3,67,0.00,99,0,3,0.63,40,12,46,2.52,71,0,0.00,99,0,0.00,0,0,0.00,0,0.63,43,13,2.73,86,5,1.05,38.46,0,0.00,0,0,0,0.00,0,7,0.00,26,1.47,72,N/A,N/A,N/A,N/A,0.00,0,0.00,0,0.44,0.00,0,80.34,14.29,22,10,0.29,1.26,6,83,34,0,0,0,0.05,0.21,1,52,84.92,0.14,0.63,3,0,0.00,0.00,99,0.00,0,0,1,0.05,0.21,0,0.00,0.00,0.00,0.00,0,0,0.00,47,5,32,45,26,0.88,79,0.04,0.18,0.44,51,0.02,0.09,28,3,0.14,0.63,0.42,0.10,10,2,0.09,49,15,13,97,0,44,10,0,0.00,99,1,0.00,0.21,8.60,1.95,41,18,26,42,3.78,0.86,43.90,5,1.05,28,0,16.67,0,0.00,99,2,0.10,0.42,67,2,97,55,0,0,0,0,0,68,45,62,53,0,19,4,15,15,0,0,15,26,N/A,N/A
Gentrit Salihu,25,965372400,2000/08/04,Prva HNL,2025/2026,Forward,Lokomotiva Zagreb,0,0,0,Kosovo,0,0,0,0,0,0,0,0,0,0,0,0,0,0,0,0,0,0,0,0,0,0,0,0,0,0,0,0,0,0,0,-1,-1,-1,-1,N/A,N/A,N/A,N/A,N/A,N/A,N/A,N/A,N/A,N/A,N/A,N/A,N/A,N/A,N/A,N/A,N/A,N/A,N/A,N/A,N/A,N/A,N/A,N/A,N/A,N/A,N/A,N/A,N/A,N/A,N/A,N/A,N/A,N/A,N/A,N/A,N/A,N/A,N/A,N/A,N/A,N/A,N/A,N/A,N/A,N/A,N/A,N/A,N/A,N/A,N/A,N/A,N/A,N/A,N/A,N/A,N/A,N/A,N/A,N/A,N/A,N/A,N/A,N/A,N/A,N/A,N/A,N/A,N/A,N/A,N/A,N/A,N/A,N/A,N/A,N/A,N/A,N/A,N/A,N/A,N/A,N/A,N/A,N/A,N/A,N/A,N/A,N/A,N/A,N/A,N/A,N/A,N/A,N/A,N/A,N/A,N/A,N/A,N/A,N/A,N/A,N/A,N/A,N/A,N/A,N/A,N/A,N/A,N/A,N/A,N/A,N/A,N/A,N/A,N/A,N/A,N/A,N/A,N/A,N/A,N/A,N/A,N/A,N/A,N/A,N/A,N/A,N/A,N/A,N/A,N/A,N/A,N/A,N/A,N/A,N/A,N/A,N/A,N/A,N/A,N/A,N/A,N/A,N/A,N/A,N/A,N/A,N/A,N/A,N/A,N/A,N/A,N/A,N/A,N/A,N/A,N/A,N/A,N/A,N/A,N/A,N/A,N/A,N/A,N/A,N/A,N/A,N/A,N/A,N/A,N/A,N/A,N/A,N/A,N/A,N/A,N/A,N/A,N/A,N/A,N/A,N/A,N/A,N/A,N/A,N/A,N/A,N/A,N/A,N/A,N/A,N/A,N/A,N/A,N/A,N/A,N/A,N/A,N/A,N/A,N/A,N/A,N/A,N/A,N/A,N/A,N/A,N/A,N/A,N/A,N/A,N/A,N/A,N/A,N/A,N/A,N/A,N/A,N/A,N/A,N/A,N/A,N/A,N/A
Gonzalo Villar,28,890640000,1998/03/23,Prva HNL,2025/2026,Midfielder,Dinamo Zagreb,356,200,156,Spain,11,7,4,1,1,0,1,1,0,0,0,3,2,1,5,2,3,1,0,0.51,0.25,0.25,0.45,0,356,1.26,71,32,356,356,0.25,43,17,-1,13,780000,4.40,0.09,94,61.69,14.35,97,244,12.71,216,93,54.61,97,0.00,0.00,0.18,3,0.00,0.29,1.52,0.35,6,0.00,0.24,0.00,0.00,0.00,0.06,0.35,0.29,5.00,1.26,0.18,0.65,0.00,0.12,0.06,0.00,0.18,0.00,0.00,0,0,,5,0.29,64,2,0.51,71,3,0.76,60,4,7,4,52,0.00,99,0,1,0.25,15,5,25,1.26,55,0,0.00,99,0,0.00,0,0,0.00,0,0.76,51,11,2.78,86,6,1.52,54.55,0,0.00,0,0,0,0.00,0,5,0.00,54,1.26,45,N/A,N/A,N/A,N/A,0.00,0,0.00,0,0.99,0.00,0,88.52,40.00,75,19,0.24,1.01,4,92,73,0,0,0,0.00,0.00,0,21,74.82,0.06,0.25,1,0,0.00,0.00,99,0.00,0,0,0,0.00,0.00,0,0.00,0.00,0.00,0.00,0,0,20.00,92,0,14,63,53,1.14,95,0.07,0.29,0.99,82,0.06,0.25,99,14,0.82,3.54,1.26,0.29,58,5,0.25,80,23,2,67,0,44,31,0,0.00,99,3,0.00,0.76,12.13,2.82,48,29,97,83,7.33,1.71,60.42,4,1.01,29,0,0.00,0,0.00,99,0,0.00,0.00,25,7,76,65,0,0,0,0,0,90,82,62,95,0,97,56,49,67,1,9,40,6,N/A,N/A
Gregor Sikošek,32,761126400,1994/02/13,Prva HNL,2025/2026,Defender,Varaždin,537,267,270,Slovenia,10,6,4,0,0,0,1,0,1,0,0,3,2,1,5,2,3,2,0,0.17,0.17,0,0,0,0,0.84,107,54,269,537,0.34,136,50,11,14,120000,5.25,0.1,80,32.85,15.08,48,196,10.54,137,13,22.96,39,0.00,0.00,0.69,9,0.00,1.69,2.35,1.08,14,0.00,0.15,0.00,0.00,0.00,0.54,0.00,0.38,0.00,0.84,0.31,0.23,0.00,0.08,0.03,0.00,0.77,0.00,0.00,0,0,,5,0.38,51,1,0.17,40,4,0.67,54,9,4,6,86,0.00,99,0,7,1.17,76,22,52,3.69,82,0,0.00,99,0,0.00,0,0,0.00,0,1.51,85,3,0.50,29,0,0.00,0.00,0,0.00,0,0,0,0.00,0,5,0.00,85,0.84,15,N/A,N/A,N/A,N/A,0.00,0,0.00,0,0.35,0.00,0,69.90,20.00,32,59,0.23,0.50,3,9,9,0,0,0,0.31,0.67,4,86,68.24,1.92,4.19,25,0,0.00,0.00,99,0.00,0,0,0,0.00,0.00,0,0.00,0.00,0.00,0.00,0,0,0.00,47,13,11,45,85,1.25,85,0.10,0.21,0.35,40,0.03,0.06,57,7,0.54,1.17,1.51,0.69,74,9,0.06,39,37,80,67,0,44,74,0,0.00,99,10,0.00,1.68,9.22,4.23,55,31,70,50,5.20,2.38,56.36,2,0.34,71,0,18.18,0,0.00,99,4,0.31,0.67,77,16,57,98,0,0,0,0,0,61,45,62,53,0,71,62,33,84,2,20,77,20,N/A,N/A
Hadji Issa Moustapha,22,1070524800,2003/12/04,Prva HNL,2025/2026,Midfielder,Gorica,0,0,0,Cameroon,0,0,0,0,0,0,0,0,0,0,0,0,0,0,0,0,0,0,0,0,0,0,0,0,0,0,0,0,0,0,0,-1,-1,-1,-1,N/A,N/A,N/A,N/A,N/A,N/A,N/A,N/A,N/A,N/A,N/A,N/A,N/A,N/A,N/A,N/A,N/A,N/A,N/A,N/A,N/A,N/A,N/A,N/A,N/A,N/A,N/A,N/A,N/A,N/A,N/A,N/A,N/A,N/A,N/A,N/A,N/A,N/A,N/A,N/A,N/A,N/A,N/A,N/A,N/A,N/A,N/A,N/A,N/A,N/A,N/A,N/A,N/A,N/A,N/A,N/A,N/A,N/A,N/A,N/A,N/A,N/A,N/A,N/A,N/A,N/A,N/A,N/A,N/A,N/A,N/A,N/A,N/A,N/A,N/A,N/A,N/A,N/A,N/A,N/A,N/A,N/A,N/A,N/A,N/A,N/A,N/A,N/A,N/A,N/A,N/A,N/A,N/A,N/A,N/A,N/A,N/A,N/A,N/A,N/A,N/A,N/A,N/A,N/A,N/A,N/A,N/A,N/A,N/A,N/A,N/A,N/A,N/A,N/A,N/A,N/A,N/A,N/A,N/A,N/A,N/A,N/A,N/A,N/A,N/A,N/A,N/A,N/A,N/A,N/A,N/A,N/A,N/A,N/A,N/A,N/A,N/A,N/A,N/A,N/A,N/A,N/A,N/A,N/A,N/A,N/A,N/A,N/A,N/A,N/A,N/A,N/A,N/A,N/A,N/A,N/A,N/A,N/A,N/A,N/A,N/A,N/A,N/A,N/A,N/A,N/A,N/A,N/A,N/A,N/A,N/A,N/A,N/A,N/A,N/A,N/A,N/A,N/A,N/A,N/A,N/A,N/A,N/A,N/A,N/A,N/A,N/A,N/A,N/A,N/A,N/A,N/A,N/A,N/A,N/A,N/A,N/A,N/A,N/A,N/A,N/A,N/A,N/A,N/A,N/A,N/A,N/A,N/A,N/A,N/A,N/A,N/A,N/A,N/A,N/A,N/A,N/A,N/A,N/A,N/A,N/A,N/A,N/A,N/A
Halid Šabanović,26,935305200,1999/08/22,Prva HNL,2025/2026,Defender,HNK Vukovar 1991,1,1,0,Bosnia and Herzegovina,1,1,0,0,0,0,0,0,0,0,0,0,0,0,0,0,0,0,0,0,0,0,0,0,0,0,0,1,0,0,0,-1,-1,-1,40,0,1.31,0,45,180.00,0.40,99,2,0.40,2,99,180.00,99,0.00,0.00,0.20,1,0.00,0.00,0.00,0.00,0,0.00,0.00,0.00,0.00,0.00,0.00,0.00,0.00,0.00,0.00,0.00,0.00,0.00,0.00,0.00,0.00,0.00,0.00,0.00,0,0,,0,0.00,8,0,0.00,18,0,0.00,10,0,1,0,4,0.00,99,0,0,0.00,6,0,25,0.00,12,0,0.00,99,0,0.00,0,0,0.00,0,90.00,99,0,0.00,7,0,0.00,0.00,0,0.00,0,0,0,0.00,0,0,0.00,99,0.00,0,N/A,N/A,N/A,N/A,0.00,0,0.00,0,0.00,0.00,0,100.00,0.00,18,99,0.00,0.00,0,9,9,0,0,0,0.00,0.00,0,21,6.54,0.00,0.00,0,0,0.00,0.00,99,0.00,0,0,0,0.00,0.00,0,0.00,0.00,0.00,0.00,0,0,0.00,47,0,0,45,0,0.04,99,0.01,3.60,0.00,10,0.00,0.00,1,0,0.00,0.00,0.00,0.00,4,0,0.00,10,0,0,67,0,44,1,0,0.00,99,0,0.00,0.00,0.00,0.00,0,0,0,0,0.00,0.00,0.00,0,0.00,99,0,0.00,0,0.00,99,0,0.00,0.00,25,0,24,9,0,0,0,0,0,29,45,62,53,0,16,3,15,15,0,0,15,24,0,0
Hrvoje Babec,26,933145200,1999/07/28,Prva HNL,2025/2026,Midfielder,Osijek,1095,588,507,Croatia,15,8,7,1,1,0,1,0,1,0,0,5,3,2,20,10,10,2,0,0.16,0.08,0.08,0.15,0,1095,1.64,55,73,548,1095,0.16,95,87,-1,11,150000,6.84,0.07,63,56.55,45.87,94,688,38.13,572,69,47.01,92,0.00,0.00,0.33,5,0.00,0.13,1.89,1.53,23,0.00,0.40,0.00,0.00,0.00,0.80,0.13,1.27,11.00,0.90,0.53,0.27,0.00,0.20,0.09,0.00,1.60,0.00,0.00,0,0,,11,0.73,53,3,0.25,51,8,0.66,52,1,2,13,67,0.00,99,0,12,0.99,62,2,25,0.16,18,0,0.00,99,0,0.00,0,0,0.00,0,0.41,32,4,0.33,23,2,0.16,50.00,0,0.00,0,0,0,0.00,0,19,0.00,18,1.56,76,N/A,N/A,N/A,N/A,0.00,0,0.00,0,1.32,0.00,0,83.14,27.27,45,26,0.73,0.90,11,25,68,0,0,0,0.53,0.66,8,85,102.60,2.20,2.71,33,0,0.00,0.00,99,0.00,0,0,0,0.00,0.00,0,0.00,0.00,0.16,0.13,2,0,9.09,67,39,29,85,19,2.12,75,0.14,0.17,1.32,57,0.09,0.11,19,5,0.33,0.41,1.81,1.47,84,22,0.11,56,86,68,67,0,71,81,0,0.00,99,24,0.00,1.97,9.21,7.47,112,54,46,50,4.44,3.60,48.21,6,0.49,59,0,0.00,0,0.00,99,0,0.00,0.00,25,46,31,27,0,0,0,0,0,58,60,62,71,0,81,68,70,46,2,13,54,6,N/A,N/A
Hubert Sobol,25,961916400,2000/06/25,Prva HNL,2025/2026,Forward,Lokomotiva Zagreb,133,38,95,Poland,9,4,5,0,0,0,0,0,0,0,0,1,1,0,2,0,2,0,0,0,0,0,0,0,0,1.35,67,15,0,0,0,-1,-1,-1,27,35000,2.99,0,45,20.43,2.91,11,32,2.18,24,30,15.32,14,0.00,0.00,0.00,0,0.00,0.09,0.64,0.09,1,0.00,0.09,0.00,0.00,0.00,0.00,0.00,0.18,0.00,1.91,0.18,0.09,0.00,0.09,0.02,0.00,0.45,0.00,0.00,0,0,,3,0.27,81,1,0.64,79,2,1.28,81,2,8,1,13,0.00,99,0,0,0.00,6,1,25,0.64,38,0,0.00,99,0,0.00,0,0,0.00,0,0.00,9,1,0.64,35,0,0.00,0.00,0,0.00,0,0,0,0.00,0,2,0.00,45,1.28,48,N/A,N/A,N/A,N/A,0.00,0,0.00,0,0.19,0.00,0,75.00,33.33,57,44,0.09,0.64,1,9,9,0,0,0,0.00,0.00,0,21,32.94,0.27,1.91,3,0,0.00,0.00,99,0.00,0,0,0,0.00,0.00,0,0.00,0.00,0.00,0.00,0,0,0.00,47,0,8,45,47,0.04,2,0.00,0.03,0.19,62,0.02,0.12,96,4,0.36,2.55,1.28,0.18,60,2,0.12,60,5,59,67,0,44,96,0,0.00,99,5,0.00,3.19,15.32,2.18,24,10,92,98,6.38,0.91,41.67,1,0.64,52,0,0.00,0,0.00,99,0,0.00,0.00,25,0,83,41,0,0,0,0,0,29,45,62,53,0,24,12,15,15,0,0,15,9,N/A,N/A
Hugo Guillamón,26,949305600,2000/01/31,Prva HNL,2025/2026,Midfielder,Hajduk Split,1196,574,622,Spain,21,9,12,0,0,0,0,0,0,0,0,7,3,4,14,8,6,3,0,0,0,0,0,0,0,1.05,85,57,399,0,0.23,126,159,-1,17,450000,4.78,0,45,69.17,31.72,99,920,27.79,806,90,60.60,98,0.00,0.00,0.52,15,0.00,1.34,2.18,1.00,29,0.00,0.34,0.00,0.00,0.00,0.79,0.07,0.52,0.00,0.75,0.24,0.10,0.00,0.10,0.02,0.00,0.55,0.00,0.00,0,0,,10,0.34,44,3,0.23,49,7,0.53,45,8,8,13,80,0.00,99,0,23,1.73,96,39,76,2.93,76,0,0.00,99,0,0.00,0,0,0.00,0,1.13,69,3,0.23,18,2,0.15,66.67,0,0.00,0,0,0,0.00,0,15,0.00,70,1.13,32,N/A,N/A,N/A,N/A,0.00,0,0.00,0,0.71,0.00,0,87.61,30.00,50,48,0.28,0.60,8,24,88,0,0,0,0.10,0.23,3,55,138.54,0.52,1.13,15,0,0.00,0.00,99,0.00,0,0,0,0.00,0.00,0,0.00,0.00,0.00,0.00,0,0,0.00,47,45,51,45,70,2.34,79,0.08,0.18,0.71,35,0.02,0.05,86,26,0.90,1.95,1.95,0.90,90,26,0.05,34,28,37,67,0,44,55,0,0.00,99,16,0.00,1.20,9.70,4.45,129,71,72,58,5.34,2.45,55.04,10,0.75,44,0,28.21,0,0.00,99,11,0.38,0.83,82,46,83,93,0,0,0,0,0,29,45,62,53,0,94,68,54,63,3,14,60,6,N/A,N/A
Ibrahim Mohammad Abdallah Sabra,20,1136016000,2005/12/31,Prva HNL,2025/2026,Midfielder,Lokomotiva Zagreb,556,353,203,Jordan,11,6,5,2,1,1,0,0,0,0,0,3,1,2,11,9,2,1,0,0.32,0,0.32,0.25,0.44,278,1.78,51,51,556,0,0.16,28,149,-1,7,0,6.59,0,45,14.73,8.27,3,91,5.82,64,15,10.36,3,0.00,0.00,0.45,5,0.00,0.00,0.49,0.27,3,0.00,0.64,0.00,0.00,0.00,0.00,0.27,1.00,6.50,2.10,1.00,0.73,0.00,0.18,0.18,0.00,1.18,0.00,0.00,0,0,,13,1.18,84,2,0.32,59,11,1.78,93,3,5,6,10,0.00,99,0,0,0.00,6,0,25,0.00,12,0,0.00,99,0,0.00,0,0,0.00,0,0.81,53,8,1.29,54,3,0.49,37.50,0,0.00,0,0,0,0.00,0,11,0.00,12,1.78,85,N/A,N/A,N/A,N/A,0.00,0,0.00,0,1.96,0.00,0,70.33,15.38,22,59,0.27,0.49,3,50,32,0,0,0,0.00,0.00,0,21,72.53,0.09,0.16,1,0,0.00,0.00,99,0.00,0,0,1,0.09,0.16,0,0.00,0.00,0.16,0.09,1,0,15.38,82,14,14,57,14,0.36,14,0.03,0.06,1.96,87,0.18,0.32,38,5,0.45,0.81,0.81,0.45,24,5,0.32,86,72,1,96,0,71,84,0,0.00,99,13,0.00,2.10,10.04,5.64,62,24,32,64,3.88,2.18,38.71,7,1.13,24,0,0.00,0,0.00,99,0,0.00,0.00,25,16,63,55,0,0,0,0,0,76,88,92,82,0,16,56,70,46,1,9,40,9,0,0
Igor Lepinjica,26,931503600,1999/07/09,Prva HNL,2025/2026,Midfielder,Slaven Koprivnica,905,344,561,Croatia,25,11,14,1,1,0,0,0,0,0,0,3,2,1,20,4,16,2,0,0.1,0,0.1,0.26,0,905,1.99,45,36,453,0,0.2,83,225,-1,16,60000,4.26,0,45,20.46,6.44,12,206,4.75,152,24,15.10,13,0.00,0.00,0.28,9,0.00,0.25,0.89,0.28,9,0.00,0.31,0.00,0.00,0.00,0.06,0.16,0.66,11.00,1.09,0.25,0.56,0.00,0.09,0.04,0.00,0.47,0.00,0.00,0,0,,11,0.34,60,3,0.30,57,8,0.79,62,1,15,10,21,0.00,99,0,2,0.20,13,8,34,0.79,46,0,0.00,99,0,0.00,0,0,0.00,0,0.89,57,18,1.79,70,5,0.50,27.78,0,0.00,0,0,0,0.00,0,21,0.00,6,2.09,90,N/A,N/A,N/A,N/A,0.00,0,0.00,0,1.37,0.00,0,73.79,27.27,45,68,0.12,0.40,4,51,18,0,0,0,0.03,0.10,1,37,136.32,0.28,0.89,9,1,0.00,0.10,6,0.03,0,0,1,0.03,0.10,0,0.00,0.00,0.10,0.03,1,0,9.09,67,30,67,81,6,0.57,14,0.02,0.06,1.37,66,0.04,0.14,48,10,0.31,0.99,0.89,0.28,28,9,0.14,65,19,29,88,0,61,66,0,0.00,99,15,0.00,1.49,10.63,3.34,107,38,25,70,3.77,1.19,35.51,10,0.99,32,0,12.50,0,0.00,99,1,0.03,0.10,37,33,99,27,0,0,0,0,0,44,65,62,84,0,37,14,61,55,2,8,36,23,N/A,N/A
Iker Almena,22,1083654000,2004/05/04,Prva HNL,2025/2026,Forward,Hajduk Split,1334,566,768,Spain,18,8,10,1,0,1,1,1,0,0,0,6,2,4,13,5,8,1,0,0.13,0.07,0.07,0,0.12,1334,0.88,103,74,1334,1334,0.07,98,97,-1,9,0,6.60,0.06,60,29.98,24.67,38,444,20.22,364,64,24.58,45,0.00,0.00,1.56,28,0.00,2.28,0.88,0.72,13,0.00,1.11,0.00,0.00,0.00,0.28,1.67,0.78,24.00,1.62,0.72,2.94,0.00,0.61,0.15,0.00,0.06,0.00,0.00,0,0,,24,1.33,74,11,0.74,84,13,0.88,69,3,3,15,20,0.00,99,0,5,0.34,21,41,64,2.77,75,0,0.00,99,0,0.00,0,0,0.00,0,1.89,94,53,3.58,93,30,2.03,56.60,0,0.00,0,0,0,0.00,0,14,0.00,81,0.95,21,N/A,N/A,N/A,N/A,0.00,0,0.00,0,2.64,0.00,0,81.98,45.83,82,89,0.17,0.20,3,98,76,0,0,0,0.06,0.07,1,29,118.85,0.33,0.41,6,0,0.00,0.00,99,0.00,0,0,0,0.00,0.00,0,0.00,0.00,0.27,0.22,4,0,4.17,49,51,40,89,81,2.50,75,0.14,0.17,2.64,75,0.15,0.18,93,33,1.83,2.23,0.41,0.33,10,6,0.18,74,73,6,67,0,83,2,0,0.00,99,1,0.00,0.07,8.64,7.11,128,76,66,43,5.13,4.22,59.38,20,1.35,16,0,24.39,0,0.00,99,10,0.56,0.68,78,53,45,55,0,0,0,0,0,52,58,71,53,0,16,68,96,20,1,6,25,30,0,0
Iker Pozo La Rosa,25,965545200,2000/08/06,Prva HNL,2025/2026,Midfielder,Gorica,2446,1260,1186,Spain,29,14,15,4,2,2,6,4,2,0,0,7,5,2,37,17,20,10,0,0.37,0.22,0.15,0.14,0.15,612,1.36,66,84,245,408,0.37,65,27,-1,4,150000,7.18,0.21,90,43.97,41.21,74,1195,35.79,1038,88,38.19,79,0.00,0.00,1.00,29,0.00,0.45,2.61,2.45,71,0.00,0.59,0.00,0.00,0.00,1.45,1.55,1.21,3.75,0.55,0.28,2.52,0.00,0.24,0.13,0.00,0.72,0.00,0.00,0,0,,15,0.52,35,7,0.26,52,8,0.29,28,9,0,29,92,0.00,99,0,42,1.55,93,13,61,0.48,33,0,0.00,99,0,0.00,0,0,0.00,0,1.07,66,73,2.69,85,45,1.66,61.64,0,0.00,0,0,0,0.00,0,35,0.00,44,1.29,51,N/A,N/A,N/A,N/A,0.00,0,0.00,0,3.66,0.00,0,86.86,46.67,83,36,0.69,0.74,20,95,83,0,0,0,0.34,0.37,10,66,208.31,1.72,1.84,50,1,0.00,0.04,19,0.03,0,0,0,0.00,0.00,0,0.00,0.00,0.04,0.03,1,2,26.67,97,90,87,74,44,6.83,92,0.24,0.25,3.66,63,0.13,0.13,86,54,1.86,1.99,1.62,1.52,77,44,0.13,62,99,57,67,0,47,32,0,0.00,99,21,0.00,0.77,11.77,11.03,320,184,95,81,6.77,6.34,57.50,17,0.63,52,0,23.08,0,0.00,99,3,0.10,0.11,41,94,14,98,0,0,0,0,0,83,74,75,69,0,81,50,27,88,10,34,97,8,N/A,N/A
Ilija Nestorovski,36,637228800,1990/03/12,Prva HNL,2025/2026,Forward,Slaven Koprivnica,1647,832,815,FYR Macedonia,21,10,11,6,4,2,3,1,2,0,0,4,3,1,23,7,16,9,1,0.49,0.16,0.33,0.43,0.22,275,1.26,72,78,183,549,0.49,25,52,-1,3,150000,7.09,0.14,79,27.16,23.67,29,497,15.81,332,9,18.14,22,0.00,0.00,0.76,16,0.00,0.19,0.55,0.48,10,0.00,1.33,0.00,0.00,0.00,0.10,0.29,1.00,10.33,3.39,1.95,0.57,0.00,1.00,0.39,0.00,3.52,0.00,0.00,0,0,,62,2.95,97,21,1.15,95,41,2.24,98,3,3,18,11,0.00,99,0,2,0.11,10,4,98,0.22,22,0,0.00,99,0,0.00,0,0,0.00,0,0.87,57,12,0.66,37,6,0.33,50.00,0,0.00,0,0,0,0.00,0,21,0.00,54,1.15,34,N/A,N/A,N/A,N/A,0.00,0,0.00,0,8.19,0.00,0,66.80,33.87,57,87,0.19,0.22,4,39,68,1,1,0,0.24,0.27,5,58,148.80,0.86,0.98,18,0,0.00,0.00,99,0.00,0,2,3,0.14,0.16,0,0.00,0.00,0.87,0.76,16,0,9.68,68,64,51,57,55,3.05,75,0.15,0.17,6.79,90,0.32,0.37,94,43,2.05,2.35,2.30,2.00,97,42,0.45,94,97,33,96,0,98,99,0,0.00,99,74,0.00,4.04,15.14,13.19,277,130,97,98,7.10,6.19,46.93,28,1.53,13,0,50.00,0,0.00,99,2,0.10,0.11,41,63,45,55,0,1,0,5,0,89,89,85,94,0,81,38,19,97,8,38,99,90,N/A,N/A
Ismael Bennacer,28,880963200,1997/12/01,Prva HNL,2025/2026,Midfielder,Dinamo Zagreb,797,347,450,Algeria,14,5,9,1,0,1,2,2,0,0,0,4,0,4,11,4,7,1,0,0.34,0.23,0.11,0,0.2,797,1.24,72,57,797,399,0.11,80,25,-1,14,4000000,6.20,0.14,92,55.74,32.53,92,488,28.73,431,93,49.23,93,0.00,0.00,1.07,16,0.00,2.87,2.51,1.47,22,0.00,1.07,0.00,0.00,0.00,0.47,1.40,0.73,7.00,0.80,0.20,2.33,0.00,0.27,0.08,0.00,0.47,0.00,0.00,0,0,,7,0.47,48,4,0.46,70,3,0.34,31,5,4,10,89,0.00,99,0,7,0.80,50,43,90,4.91,94,0,0.00,99,0,0.00,0,0,0.00,0,1.83,91,35,4.00,95,21,2.40,60.00,0,0.00,0,0,0,0.00,0,11,0.00,57,1.26,45,N/A,N/A,N/A,N/A,0.00,0,0.00,0,1.27,0.00,0,88.32,57.14,94,76,0.20,0.34,3,99,82,0,0,0,0.00,0.00,0,21,92.93,0.07,0.11,1,0,0.00,0.00,99,0.00,0,0,1,0.07,0.11,0,0.00,0.00,0.00,0.00,0,0,14.29,81,26,24,77,55,2.58,95,0.17,0.29,1.27,67,0.08,0.15,99,29,1.93,3.31,1.48,0.87,72,13,0.15,66,60,0,90,0,44,35,0,0.00,99,7,0.00,0.80,14.62,8.53,128,78,99,95,8.91,5.20,60.94,16,1.83,7,0,34.88,0,0.00,99,15,1.00,1.71,97,33,57,73,0,0,0,0,0,80,68,82,53,0,99,60,84,32,1,7,32,4,N/A,N/A
Ismaël Diallo,29,854524800,1997/01/29,Prva HNL,2025/2026,Defender,Hajduk Split,8,8,0,Ivory Coast,1,1,0,0,0,0,0,0,0,0,0,1,1,0,0,0,0,0,0,0,0,0,0,0,0,0,0,8,0,0,0,-1,-1,-1,25,225000,0.68,0,45,56.25,0.50,94,5,0.40,4,54,45.00,89,0.00,0.00,0.00,0,0.00,0.00,11.25,0.10,1,0.00,0.00,0.00,0.00,0.00,0.00,0.00,0.00,0.00,0.00,0.00,0.00,0.00,0.00,0.00,0.00,0.00,0.00,0.00,0,0,,0,0.00,8,0,0.00,18,0,0.00,10,0,1,0,99,0.00,99,0,0,0.00,6,0,25,0.00,12,0,0.00,99,0,0.00,0,0,0.00,0,0.00,9,0,0.00,7,0,0.00,0.00,0,0.00,0,0,0,0.00,0,0,0.00,99,0.00,0,N/A,N/A,N/A,N/A,0.00,0,0.00,0,0.00,0.00,0,80.00,0.00,18,99,0.00,0.00,0,9,9,0,0,0,0.00,0.00,0,21,6.75,0.00,0.00,0,0,0.00,0.00,99,0.00,0,0,0,0.00,0.00,0,0.00,0.00,0.00,0.00,0,0,0.00,47,0,0,45,0,0.01,45,0.00,0.11,0.00,10,0.00,0.00,1,0,0.00,0.00,0.00,0.00,4,0,0.00,10,0,0,67,0,44,1,0,0.00,99,0,0.00,0.00,22.50,0.20,2,1,99,99,11.25,0.10,50.00,0,0.00,99,0,0.00,0,0.00,99,0,0.00,0.00,25,0,24,9,0,0,0,0,0,29,45,62,53,0,86,99,15,15,0,0,15,5,N/A,N/A
Israel Isaac Ayuma,20,1123484400,2005/08/08,Prva HNL,2025/2026,Midfielder,Istra 1961,775,363,412,Nigeria,16,8,8,1,0,1,0,0,0,0,0,1,0,1,14,6,8,1,0,0.12,0,0.12,0,0.22,775,1.63,55,48,775,0,0.12,73,224,-1,10,70000,4.41,0,45,33.56,12.04,52,289,10.42,250,87,29.03,59,0.00,0.00,0.17,4,0.00,0.08,2.21,0.79,19,0.00,0.33,0.00,0.00,0.00,0.42,0.17,0.54,11.00,1.28,0.29,0.38,0.00,0.17,0.06,0.00,0.25,0.00,0.00,0,0,,11,0.46,65,4,0.46,70,7,0.81,63,6,7,9,82,0.00,99,0,10,1.16,75,2,25,0.23,23,0,0.00,99,0,0.00,0,0,0.00,0,0.46,36,9,1.05,48,4,0.46,44.44,0,0.00,0,0,0,0.00,0,13,0.00,19,1.51,74,N/A,N/A,N/A,N/A,0.00,0,0.00,0,1.51,0.00,0,86.51,36.36,66,18,0.38,1.05,9,47,48,0,0,0,0.04,0.12,1,42,105.82,0.58,1.63,14,0,0.00,0.00,99,0.00,0,0,0,0.00,0.00,0,0.00,0.00,0.00,0.00,0,0,9.09,67,24,32,77,19,0.76,30,0.03,0.09,1.51,75,0.06,0.18,21,4,0.17,0.46,2.09,0.75,93,18,0.18,74,23,53,67,0,44,29,0,0.00,99,6,0.00,0.70,8.94,3.21,77,33,29,48,3.83,1.38,42.86,8,0.93,34,0,0.00,0,0.00,99,0,0.00,0.00,25,29,76,82,0,0,0,0,0,49,69,85,53,0,43,4,82,35,1,6,25,18,N/A,N/A
Iuri António Teixeira Tavares,25,984038400,2001/03/08,Prva HNL,2025/2026,Forward,Varaždin,1859,908,951,Cape Verde,28,13,15,6,3,3,1,1,0,0,0,6,4,2,19,9,10,2,0,0.34,0.05,0.29,0.3,0.28,310,0.92,98,66,930,1859,0.1,36,113,-1,4,95680,6.43,0.04,51,25.89,18.19,25,491,13.44,363,25,19.14,25,0.00,0.00,0.81,22,0.00,0.89,2.00,1.41,38,0.00,1.07,0.00,0.00,0.00,0.26,1.52,0.67,6.00,1.58,0.70,3.41,0.00,0.41,0.19,0.00,1.41,0.00,0.00,0,0,,30,1.11,73,11,0.58,77,19,1.00,72,1,8,20,72,0.00,99,0,7,0.37,24,24,34,1.27,56,0,0.00,99,0,0.00,0,0,0.00,0,1.16,70,92,4.85,99,41,2.16,44.57,0,0.00,0,0,0,0.00,0,18,0.00,79,0.95,21,N/A,N/A,N/A,N/A,0.00,0,0.00,0,5.24,0.00,0,73.93,36.67,67,36,0.52,0.74,14,99,48,0,0,0,0.07,0.11,2,40,173.71,1.04,1.48,28,1,0.00,0.05,15,0.04,0,0,0,0.00,0.00,0,0.00,0.00,0.32,0.22,6,2,16.67,86,71,83,60,79,2.06,45,0.08,0.11,5.24,83,0.19,0.28,98,51,1.89,2.69,1.00,0.70,39,19,0.28,82,67,48,67,0,86,81,0,0.00,99,38,0.00,2.00,15.50,10.89,294,160,99,99,8.44,5.93,54.42,29,1.53,13,0,12.50,0,0.00,99,3,0.11,0.16,44,69,83,27,0,1,0,4,0,80,85,87,87,0,59,44,87,29,2,7,32,38,N/A,N/A
Ivan Barić,19,1168416000,2007/01/10,Prva HNL,2025/2026,Midfielder,Osijek,130,22,108,Croatia,7,1,6,0,0,0,0,0,0,0,0,3,0,3,2,2,0,0,0,0,0,0,0,0,0,1.38,65,19,0,0,0,-1,-1,-1,20,3000,2.01,0,45,20.08,1.81,11,29,1.38,22,34,15.23,13,0.00,0.00,0.06,1,0.00,0.00,0.69,0.06,1,0.00,0.12,0.00,0.00,0.00,0.06,0.06,0.06,0.00,0.00,0.00,0.12,0.00,0.00,0.00,0.00,0.19,0.00,0.00,0,0,,0,0.00,8,0,0.00,18,0,0.00,10,6,6,1,14,0.00,99,0,1,0.69,43,0,25,0.00,12,0,0.00,99,0,0.00,0,0,0.00,0,0.69,45,2,1.38,58,1,0.69,50.00,0,0.00,0,0,0,0.00,0,1,0.00,41,0.69,4,N/A,N/A,N/A,N/A,0.00,0,0.00,0,0.00,0.00,0,75.86,0.00,18,0,0.19,2.08,3,64,68,0,0,0,0.00,0.00,0,21,32.23,0.06,0.69,1,0,0.00,0.00,99,0.00,0,0,0,0.00,0.00,0,0.00,0.00,0.00,0.00,0,0,0.00,47,0,4,45,41,0.09,14,0.01,0.06,0.00,10,0.00,0.00,30,1,0.06,0.69,1.38,0.12,65,2,0.00,10,1,18,67,0,44,83,0,0.00,99,3,0.00,2.08,14.54,1.31,21,6,38,95,4.15,0.38,28.57,2,1.38,15,0,0.00,0,0.00,99,0,0.00,0.00,25,0,69,82,0,0,0,0,0,29,45,62,53,0,16,84,15,15,0,0,15,46,N/A,N/A
Ivan Božić,28,865753200,1997/06/08,Prva HNL,2025/2026,Forward,Slaven Koprivnica,330,176,154,Croatia,6,3,3,1,1,0,0,0,0,0,0,0,0,0,4,3,1,2,1,0.27,0,0.27,0.51,0,330,1.09,83,55,110,0,0.82,38,189,-1,13,60000,3.34,0,45,18.00,6.60,7,66,5.30,53,56,14.45,10,0.00,0.00,0.70,7,0.00,1.10,1.64,0.60,6,0.00,0.50,0.00,0.00,0.00,0.10,0.10,0.20,7.00,1.91,0.30,0.40,0.00,0.40,0.12,0.00,0.60,0.00,0.00,0,0,,7,0.70,81,4,1.09,93,3,0.82,64,3,2,4,59,0.00,99,0,1,0.27,17,11,52,3.00,76,0,0.00,99,0,0.00,0,0,0.00,0,1.91,94,4,1.09,48,1,0.27,25.00,0,0.00,0,0,0,0.00,0,2,0.00,68,0.55,1,N/A,N/A,N/A,N/A,0.00,0,0.00,0,1.22,0.00,0,80.30,57.14,94,84,0.10,0.27,1,35,17,0,0,0,0.00,0.00,0,21,33.36,0.20,0.55,2,0,0.00,0.00,99,0.00,0,0,0,0.00,0.00,0,0.00,0.00,0.27,0.10,1,0,14.29,81,0,1,61,69,0.38,38,0.04,0.10,1.22,87,0.12,0.33,38,3,0.30,0.82,1.36,0.50,62,5,0.33,86,7,10,67,0,83,73,0,0.00,99,6,0.00,1.64,9.27,3.40,34,16,43,51,4.36,1.60,47.06,5,1.36,15,0,18.18,0,0.00,99,2,0.20,0.55,73,7,31,55,0,0,0,0,0,73,84,62,96,0,37,3,15,99,1,17,67,9,N/A,N/A
Ivan Canjuga,20,1133337600,2005/11/30,Prva HNL,2025/2026,Midfielder,Varaždin,752,411,341,Croatia,18,9,9,0,0,0,3,2,1,0,0,5,3,2,5,2,3,1,0,0.36,0.36,0,0,0,0,0.6,150,42,752,251,0.12,188,6,-1,19,0,4.82,0.17,98,24.89,8.67,24,208,7.21,173,70,20.70,31,0.00,0.00,0.46,11,0.00,0.71,2.03,0.71,17,0.00,0.25,0.00,0.00,0.00,0.21,0.17,0.25,0.00,1.32,0.38,0.58,0.00,0.08,0.03,0.00,0.42,0.00,0.00,0,0,,11,0.46,67,2,0.24,49,9,1.08,74,1,11,7,73,0.00,99,0,5,0.60,38,17,91,2.03,63,0,0.00,99,0,0.00,0,0,0.00,0,1.32,77,14,1.68,69,4,0.48,28.57,0,0.00,0,0,0,0.00,0,6,0.00,99,0.72,5,N/A,N/A,N/A,N/A,0.00,0,0.00,0,0.65,0.00,0,83.17,18.18,27,15,0.38,1.08,9,50,20,0,0,0,0.21,0.60,5,83,115.58,0.54,1.56,13,0,0.00,0.00,99,0.00,0,0,1,0.04,0.12,0,0.00,0.00,0.12,0.04,1,0,0.00,47,23,40,45,99,2.54,96,0.11,0.30,0.65,47,0.03,0.08,99,23,0.96,2.75,1.91,0.67,87,16,0.08,46,29,50,92,0,67,55,0,0.00,99,10,0.00,1.20,12.21,4.25,102,51,89,84,6.10,2.12,50.00,6,0.72,47,0,35.29,0,0.00,99,6,0.25,0.72,78,22,92,27,0,0,0,0,0,81,45,62,53,0,16,60,81,35,1,6,25,28,0,0
Ivan Čović,35,653554800,1990/09/17,Prva HNL,2025/2026,Goalkeeper,Slaven Koprivnica,606,360,246,Croatia,7,4,3,1,1,0,0,0,0,0,0,2,1,1,8,7,1,3,0,0.15,0,0.15,0.25,0,606,1.19,76,87,202,0,0.45,62,232,25,11,55000,1.77,0,45,26.14,6.52,26,176,3.81,103,1,15.30,14,0.00,0.00,0.00,0,0.00,0.00,0.15,0.04,1,0.00,0.00,0.00,0.00,0.74,0.00,0.00,1.07,0.00,0.00,0.00,0.00,0.00,0.00,0.00,0.00,0.11,0.00,0.00,0,0,,0,0.00,8,0,0.00,18,0,0.00,10,1,0,7,7,0.00,99,0,0,0.00,6,0,25,0.00,12,0,0.00,99,0,0.00,0,0,0.00,0,0.00,9,0,0.00,7,0,0.00,0.00,0,0.00,0,20,60,2.97,73,29,0.00,63,4.31,98,N/A,N/A,N/A,N/A,68.97,0,0.00,0,0.00,0.00,0,58.52,0.00,18,99,0.00,0.00,0,9,9,0,0,16,0.00,0.00,0,21,47.85,0.26,1.04,7,0,0.00,0.00,99,0.00,1,0,0,0.00,0.00,2,0.07,0.30,0.00,0.00,0,0,0.00,47,16,4,73,63,0.23,2,0.01,0.03,0.00,10,0.00,0.00,13,2,0.07,0.30,0.00,0.00,4,0,0.00,10,0,36,67,33,44,19,0,0.00,99,3,0.00,0.45,0.74,0.19,5,5,7,6,0.74,0.19,100.00,0,0.00,99,0,0.00,0,0.00,99,0,0.00,0.00,25,22,14,27,0,0,0,0,0,56,74,62,82,0,33,60,21,94,2,29,96,12,N/A,N/A
Ivan Ćubelić,22,1054537200,2003/06/02,Prva HNL,2025/2026,Midfielder,Slaven Koprivnica,2063,1057,1006,Croatia,31,15,16,2,2,0,0,0,0,0,0,5,4,1,31,16,15,4,1,0.09,0,0.09,0.17,0,1032,1.35,67,67,413,0,0.22,91,231,-1,9,65000,6.75,0,45,40.72,30.10,68,933,22.26,690,25,30.12,62,0.00,0.00,0.55,17,0.00,0.61,2.18,1.61,50,0.00,0.45,0.00,0.00,0.00,0.97,0.71,1.03,20.50,1.79,1.06,1.23,0.00,0.26,0.13,0.00,1.03,0.00,0.00,0,0,,41,1.32,78,8,0.35,62,33,1.44,87,1,7,24,80,0.00,99,0,30,1.31,82,19,30,0.83,48,0,0.00,99,0,0.00,0,0,0.00,0,0.74,49,38,1.66,68,22,0.96,57.89,0,0.00,0,0,0,0.00,0,32,0.00,45,1.40,63,N/A,N/A,N/A,N/A,0.00,0,0.00,0,4.13,0.00,0,73.95,19.51,28,3,1.26,1.70,39,80,77,0,0,0,0.23,0.31,7,61,209.23,1.16,1.57,36,0,0.00,0.00,99,0.00,0,0,2,0.06,0.09,0,0.00,0.00,0.09,0.06,2,1,4.88,51,79,95,84,47,1.98,30,0.06,0.09,4.13,75,0.13,0.18,39,19,0.61,0.83,1.92,1.42,88,44,0.18,74,80,50,86,0,59,62,0,0.00,99,32,0.00,1.40,11.09,8.19,254,122,71,74,5.32,3.94,48.03,14,0.61,53,0,10.53,0,0.00,99,2,0.06,0.09,35,81,76,27,0,0,0,0,0,41,64,62,73,0,41,27,56,61,3,10,44,15,N/A,N/A
Ivan Filipović,31,784713600,1994/11/13,Prva HNL,2025/2026,Goalkeeper,Dinamo Zagreb,720,360,360,Croatia,8,4,4,0,0,0,0,0,0,0,0,4,2,2,5,2,3,0,0,0,0,0,0,0,0,0.63,144,90,0,0,0,142,171,2,19,350000,2.02,0,45,27.88,8.26,33,223,6.30,170,36,21.25,33,0.00,0.00,0.00,0,0.00,0.00,0.12,0.04,1,0.00,0.00,0.00,0.00,0.56,0.00,0.00,0.74,0.00,0.00,0.00,0.00,0.00,0.00,0.00,0.00,0.04,0.00,0.00,0,0,,0,0.00,8,0,0.00,18,0,0.00,10,0,0,8,7,0.00,99,0,0,0.00,6,0,25,0.00,12,0,0.00,99,0,0.00,0,0,0.00,0,0.00,9,0,0.00,7,0,0.00,0.00,0,0.00,0,15,99,1.88,20,20,0.00,98,2.50,95,N/A,N/A,N/A,N/A,75.00,0,0.00,0,0.00,0.00,0,76.23,0.00,18,99,0.00,0.00,0,9,9,0,0,10,0.00,0.00,0,21,54.57,0.30,1.00,8,0,0.00,0.00,99,0.00,0,0,0,0.00,0.00,3,0.11,0.38,0.00,0.00,0,0,0.00,47,22,6,45,98,0.34,6,0.01,0.04,0.00,10,0.00,0.00,5,1,0.04,0.12,0.00,0.00,4,0,0.00,10,1,35,67,60,44,5,0,0.00,99,1,0.00,0.12,0.38,0.11,3,3,4,3,0.38,0.11,100.00,0,0.00,99,0,0.00,0,0.00,99,0,0.00,0.00,25,24,14,9,0,0,0,0,0,29,45,62,53,0,90,98,15,15,0,0,15,44,N/A,N/A
Ivan Fiolić,30,830761200,1996/04/29,Prva HNL,2025/2026,Midfielder,Gorica,699,507,192,Croatia,22,12,10,0,0,0,0,0,0,0,0,2,2,0,9,6,3,1,0,0,0,0,0,0,0,1.16,78,32,699,0,0.13,169,207,-1,15,85000,4.27,0,45,39.28,9.59,64,278,6.93,201,19,28.40,58,0.00,0.00,0.31,9,0.00,0.66,1.27,0.31,9,0.00,0.10,0.00,0.00,0.00,0.07,0.10,0.31,0.00,2.12,0.38,0.34,0.00,0.14,0.03,0.00,0.10,0.00,0.00,0,0,,15,0.52,85,4,0.57,76,11,1.55,90,8,15,7,40,0.00,99,0,2,0.28,18,19,41,2.68,74,0,0.00,99,0,0.00,0,0,0.00,0,1.27,75,10,1.41,60,3,0.42,30.00,0,0.00,0,0,0,0.00,0,9,0.00,64,1.27,47,N/A,N/A,N/A,N/A,0.00,0,0.00,0,0.95,0.00,0,72.30,26.67,43,20,0.24,0.99,7,45,20,0,0,0,0.00,0.00,0,21,123.90,0.31,1.27,9,0,0.00,0.00,99,0.00,0,0,1,0.03,0.14,0,0.00,0.00,0.28,0.07,2,0,0.00,47,21,57,45,64,0.80,45,0.03,0.11,0.95,63,0.03,0.13,31,5,0.17,0.71,0.57,0.14,14,4,0.13,62,19,43,94,0,84,17,0,0.00,99,3,0.00,0.42,6.22,1.52,44,16,10,14,2.26,0.55,36.36,3,0.42,63,0,15.79,0,0.00,99,3,0.10,0.42,67,22,99,93,0,0,0,0,0,29,45,62,53,0,54,6,80,38,1,5,20,18,N/A,N/A
Ivan Katić,20,1127631600,2005/09/25,Prva HNL,2025/2026,Midfielder,Lokomotiva Zagreb,1120,599,521,Croatia,20,11,9,0,0,0,0,0,0,0,0,3,3,0,18,7,11,8,0,0,0,0,0,0,0,1.45,62,56,140,0,0.64,194,196,-1,16,32000,6.16,0,45,37.40,23.25,62,465,18.55,371,52,29.84,62,0.00,0.00,0.25,5,0.00,0.25,1.61,1.00,20,0.00,0.65,0.00,0.00,0.00,0.40,0.60,0.95,0.00,0.97,0.55,1.50,0.00,0.05,0.04,0.00,0.30,0.00,0.00,0,0,,12,0.60,56,1,0.08,23,11,0.88,69,9,6,14,57,0.00,99,0,8,0.64,41,5,55,0.40,29,0,0.00,99,0,0.00,0,0,0.00,0,0.40,31,30,2.41,84,12,0.97,40.00,0,0.00,0,0,0,0.00,0,19,0.00,29,1.53,75,N/A,N/A,N/A,N/A,0.00,0,0.00,0,0.75,0.00,0,79.78,8.33,19,26,0.55,0.88,11,81,38,0,0,0,0.10,0.16,2,46,123.26,1.10,1.77,22,0,0.00,0.00,99,0.00,0,0,0,0.00,0.00,0,0.00,0.00,0.08,0.05,1,0,0.00,47,39,47,45,29,0.92,18,0.05,0.07,0.75,40,0.04,0.06,87,25,1.25,2.01,2.17,1.35,95,27,0.06,39,58,55,67,0,57,21,0,0.00,99,6,0.00,0.48,10.78,6.70,134,62,62,71,4.99,3.10,46.27,13,1.05,28,0,20.00,0,0.00,99,1,0.05,0.08,33,50,69,98,0,0,0,0,0,29,45,62,53,0,24,25,16,99,8,40,99,24,N/A,N/A
Ivan Ljubičić,20,1118214000,2005/06/08,Prva HNL,2025/2026,Midfielder,HNK Vukovar 1991,0,0,0,Germany,0,0,0,0,0,0,0,0,0,0,0,0,0,0,0,0,0,0,0,0,0,0,0,0,0,0,0,0,0,0,0,-1,-1,-1,-1,N/A,N/A,N/A,N/A,N/A,N/A,N/A,N/A,N/A,N/A,N/A,N/A,N/A,N/A,N/A,N/A,N/A,N/A,N/A,N/A,N/A,N/A,N/A,N/A,N/A,N/A,N/A,N/A,N/A,N/A,N/A,N/A,N/A,N/A,N/A,N/A,N/A,N/A,N/A,N/A,N/A,N/A,N/A,N/A,N/A,N/A,N/A,N/A,N/A,N/A,N/A,N/A,N/A,N/A,N/A,N/A,N/A,N/A,N/A,N/A,N/A,N/A,N/A,N/A,N/A,N/A,N/A,N/A,N/A,N/A,N/A,N/A,N/A,N/A,N/A,N/A,N/A,N/A,N/A,N/A,N/A,N/A,N/A,N/A,N/A,N/A,N/A,N/A,N/A,N/A,N/A,N/A,N/A,N/A,N/A,N/A,N/A,N/A,N/A,N/A,N/A,N/A,N/A,N/A,N/A,N/A,N/A,N/A,N/A,N/A,N/A,N/A,N/A,N/A,N/A,N/A,N/A,N/A,N/A,N/A,N/A,N/A,N/A,N/A,N/A,N/A,N/A,N/A,N/A,N/A,N/A,N/A,N/A,N/A,N/A,N/A,N/A,N/A,N/A,N/A,N/A,N/A,N/A,N/A,N/A,N/A,N/A,N/A,N/A,N/A,N/A,N/A,N/A,N/A,N/A,N/A,N/A,N/A,N/A,N/A,N/A,N/A,N/A,N/A,N/A,N/A,N/A,N/A,N/A,N/A,N/A,N/A,N/A,N/A,N/A,N/A,N/A,N/A,N/A,N/A,N/A,N/A,N/A,N/A,N/A,N/A,N/A,N/A,N/A,N/A,N/A,N/A,N/A,N/A,N/A,N/A,N/A,N/A,N/A,N/A,N/A,N/A,N/A,N/A,N/A,N/A,N/A,N/A,N/A,N/A,N/A,N/A,N/A,N/A,N/A,N/A,N/A,N/A,N/A,N/A,N/A,N/A,N/A,N/A
Ivan Lucic,31,795945600,1995/03/23,Prva HNL,2025/2026,Goalkeeper,Hajduk Split,0,0,0,Austria,0,0,0,0,0,0,0,0,0,0,0,0,0,0,0,0,0,0,0,0,0,0,0,0,0,0,0,0,0,0,0,-1,-1,-1,-1,N/A,N/A,N/A,N/A,N/A,N/A,N/A,N/A,N/A,N/A,N/A,N/A,N/A,N/A,N/A,N/A,N/A,N/A,N/A,N/A,N/A,N/A,N/A,N/A,N/A,N/A,N/A,N/A,N/A,N/A,N/A,N/A,N/A,N/A,N/A,N/A,N/A,N/A,N/A,N/A,N/A,N/A,N/A,N/A,N/A,N/A,N/A,N/A,N/A,N/A,N/A,N/A,N/A,N/A,N/A,N/A,N/A,N/A,N/A,N/A,N/A,N/A,N/A,N/A,N/A,N/A,N/A,N/A,N/A,N/A,N/A,N/A,N/A,N/A,N/A,N/A,N/A,N/A,N/A,N/A,N/A,N/A,N/A,N/A,N/A,N/A,N/A,N/A,N/A,N/A,N/A,N/A,N/A,N/A,N/A,N/A,N/A,N/A,N/A,N/A,N/A,N/A,N/A,N/A,N/A,N/A,N/A,N/A,N/A,N/A,N/A,N/A,N/A,N/A,N/A,N/A,N/A,N/A,N/A,N/A,N/A,N/A,N/A,N/A,N/A,N/A,N/A,N/A,N/A,N/A,N/A,N/A,N/A,N/A,N/A,N/A,N/A,N/A,N/A,N/A,N/A,N/A,N/A,N/A,N/A,N/A,N/A,N/A,N/A,N/A,N/A,N/A,N/A,N/A,N/A,N/A,N/A,N/A,N/A,N/A,N/A,N/A,N/A,N/A,N/A,N/A,N/A,N/A,N/A,N/A,N/A,N/A,N/A,N/A,N/A,N/A,N/A,N/A,N/A,N/A,N/A,N/A,N/A,N/A,N/A,N/A,N/A,N/A,N/A,N/A,N/A,N/A,N/A,N/A,N/A,N/A,N/A,N/A,N/A,N/A,N/A,N/A,N/A,N/A,N/A,N/A,N/A,N/A,N/A,N/A,N/A,N/A,N/A,N/A,N/A,N/A,N/A,N/A,N/A,N/A,N/A,N/A,N/A,N/A
Ivan Mamut,29,862383600,1997/04/30,Prva HNL,2025/2026,Forward,Varaždin,1569,823,746,Croatia,25,12,13,9,5,4,4,1,3,0,0,4,2,2,24,14,10,8,0,0.75,0.23,0.52,0.55,0.48,174,1.38,65,63,196,392,0.46,7,26,-1,1,58045,6.50,0.16,92,18.87,12.19,9,329,9.04,244,27,14.00,10,0.00,0.00,0.96,26,0.00,0.44,0.46,0.30,8,0.00,0.44,0.00,0.00,0.00,0.11,0.07,0.89,5.78,2.98,1.11,0.26,0.00,0.81,0.35,0.00,1.22,0.00,0.00,0,0,,52,1.93,95,22,1.26,97,30,1.72,92,3,2,23,10,0.00,99,0,3,0.17,11,12,46,0.69,42,0,0.00,99,0,0.00,0,0,0.00,0,1.49,84,7,0.40,25,2,0.11,28.57,0,0.00,0,0,0,0.00,0,24,0.00,41,1.38,61,N/A,N/A,N/A,N/A,0.00,0,0.00,0,9.48,0.00,0,74.16,42.31,77,90,0.11,0.17,3,17,20,6,0,0,0.11,0.17,3,47,175.47,1.22,1.89,33,0,0.00,0.00,99,0.00,0,6,2,0.07,0.11,0,0.00,0.00,0.57,0.37,10,1,17.31,86,62,67,48,41,3.84,88,0.14,0.22,5.28,84,0.20,0.30,70,26,0.96,1.49,1.43,0.93,67,25,0.54,98,70,59,90,0,93,78,0,0.00,99,33,0.00,1.89,8.60,5.56,150,67,30,42,3.84,2.48,44.67,12,0.69,50,0,16.67,0,0.00,99,2,0.07,0.11,41,78,31,55,0,0,0,0,0,97,97,95,98,0,33,27,20,95,8,32,96,17,N/A,N/A
Ivan Marijanović,39,543225600,1987/03/20,Prva HNL,2025/2026,Goalkeeper,HNK Vukovar 1991,0,0,0,Croatia,0,0,0,0,0,0,0,0,0,0,0,0,0,0,0,0,0,0,0,0,0,0,0,0,0,0,0,0,0,0,0,-1,-1,-1,-1,N/A,N/A,N/A,N/A,N/A,N/A,N/A,N/A,N/A,N/A,N/A,N/A,N/A,N/A,N/A,N/A,N/A,N/A,N/A,N/A,N/A,N/A,N/A,N/A,N/A,N/A,N/A,N/A,N/A,N/A,N/A,N/A,N/A,N/A,N/A,N/A,N/A,N/A,N/A,N/A,N/A,N/A,N/A,N/A,N/A,N/A,N/A,N/A,N/A,N/A,N/A,N/A,N/A,N/A,N/A,N/A,N/A,N/A,N/A,N/A,N/A,N/A,N/A,N/A,N/A,N/A,N/A,N/A,N/A,N/A,N/A,N/A,N/A,N/A,N/A,N/A,N/A,N/A,N/A,N/A,N/A,N/A,N/A,N/A,N/A,N/A,N/A,N/A,N/A,N/A,N/A,N/A,N/A,N/A,N/A,N/A,N/A,N/A,N/A,N/A,N/A,N/A,N/A,N/A,N/A,N/A,N/A,N/A,N/A,N/A,N/A,N/A,N/A,N/A,N/A,N/A,N/A,N/A,N/A,N/A,N/A,N/A,N/A,N/A,N/A,N/A,N/A,N/A,N/A,N/A,N/A,N/A,N/A,N/A,N/A,N/A,N/A,N/A,N/A,N/A,N/A,N/A,N/A,N/A,N/A,N/A,N/A,N/A,N/A,N/A,N/A,N/A,N/A,N/A,N/A,N/A,N/A,N/A,N/A,N/A,N/A,N/A,N/A,N/A,N/A,N/A,N/A,N/A,N/A,N/A,N/A,N/A,N/A,N/A,N/A,N/A,N/A,N/A,N/A,N/A,N/A,N/A,N/A,N/A,N/A,N/A,N/A,N/A,N/A,N/A,N/A,N/A,N/A,N/A,N/A,N/A,N/A,N/A,N/A,N/A,N/A,N/A,N/A,N/A,N/A,N/A,N/A,N/A,N/A,N/A,N/A,N/A,N/A,N/A,N/A,N/A,N/A,N/A,N/A,N/A,N/A,N/A,N/A,N/A
Ivan Nevistić,27,901868400,1998/07/31,Prva HNL,2025/2026,Goalkeeper,Dinamo Zagreb,1170,540,630,Croatia,13,6,7,0,0,0,0,0,0,0,0,5,2,3,12,5,7,0,0,0,0,0,0,0,0,0.92,98,90,0,0,0,184,176,16,27,360000,2.97,0,45,30.08,13.03,38,391,9.53,286,22,22.00,35,0.00,0.00,0.00,0,0.00,0.00,0.00,0.00,0,0.00,0.00,0.00,0.00,0.93,0.00,0.03,1.33,0.00,0.00,0.00,0.03,0.00,0.00,0.00,0.00,0.03,0.00,0.00,0,0,,0,0.00,8,0,0.00,18,0,0.00,10,0,0,13,4,0.00,99,0,0,0.00,6,0,25,0.00,12,0,0.00,99,0,0.00,0,0,0.00,0,0.00,9,1,0.08,10,1,0.08,100.00,0,0.00,0,28,73,2.15,27,40,0.00,79,3.08,95,N/A,N/A,N/A,N/A,70.00,0,0.00,0,0.00,0.00,0,73.15,0.00,18,99,0.00,0.00,0,14,99,0,0,15,0.00,0.00,0,21,88.99,0.23,0.54,7,1,0.00,0.08,9,0.03,0,0,0,0.00,0.00,4,0.13,0.31,0.00,0.00,0,0,0.00,47,43,21,45,79,0.58,6,0.02,0.04,0.00,10,0.00,0.00,3,1,0.03,0.08,0.08,0.03,7,1,0.00,10,5,10,67,40,44,3,0,0.00,99,1,0.00,0.08,0.31,0.13,4,3,1,2,0.23,0.10,75.00,0,0.00,99,0,0.00,0,0.00,99,0,0.00,0.00,25,46,14,9,0,0,0,0,0,29,45,62,53,0,90,75,15,15,0,0,15,33,N/A,N/A
Ivan Pocrnjić,17,1215673200,2008/07/10,Prva HNL,2025/2026,Goalkeeper,Hajduk Split,0,0,0,Croatia,0,0,0,0,0,0,0,0,0,0,0,0,0,0,0,0,0,0,0,0,0,0,0,0,0,0,0,0,0,0,0,-1,-1,-1,-1,N/A,N/A,N/A,N/A,N/A,N/A,N/A,N/A,N/A,N/A,N/A,N/A,N/A,N/A,N/A,N/A,N/A,N/A,N/A,N/A,N/A,N/A,N/A,N/A,N/A,N/A,N/A,N/A,N/A,N/A,N/A,N/A,N/A,N/A,N/A,N/A,N/A,N/A,N/A,N/A,N/A,N/A,N/A,N/A,N/A,N/A,N/A,N/A,N/A,N/A,N/A,N/A,N/A,N/A,N/A,N/A,N/A,N/A,N/A,N/A,N/A,N/A,N/A,N/A,N/A,N/A,N/A,N/A,N/A,N/A,N/A,N/A,N/A,N/A,N/A,N/A,N/A,N/A,N/A,N/A,N/A,N/A,N/A,N/A,N/A,N/A,N/A,N/A,N/A,N/A,N/A,N/A,N/A,N/A,N/A,N/A,N/A,N/A,N/A,N/A,N/A,N/A,N/A,N/A,N/A,N/A,N/A,N/A,N/A,N/A,N/A,N/A,N/A,N/A,N/A,N/A,N/A,N/A,N/A,N/A,N/A,N/A,N/A,N/A,N/A,N/A,N/A,N/A,N/A,N/A,N/A,N/A,N/A,N/A,N/A,N/A,N/A,N/A,N/A,N/A,N/A,N/A,N/A,N/A,N/A,N/A,N/A,N/A,N/A,N/A,N/A,N/A,N/A,N/A,N/A,N/A,N/A,N/A,N/A,N/A,N/A,N/A,N/A,N/A,N/A,N/A,N/A,N/A,N/A,N/A,N/A,N/A,N/A,N/A,N/A,N/A,N/A,N/A,N/A,N/A,N/A,N/A,N/A,N/A,N/A,N/A,N/A,N/A,N/A,N/A,N/A,N/A,N/A,N/A,N/A,N/A,N/A,N/A,N/A,N/A,N/A,N/A,N/A,N/A,N/A,N/A,N/A,N/A,N/A,N/A,N/A,N/A,N/A,N/A,N/A,N/A,N/A,N/A,N/A,N/A,N/A,N/A,N/A,N/A
Ivano Kolarik,18,1179644400,2007/05/20,Prva HNL,2025/2026,Midfielder,Osijek,314,160,154,Croatia,6,3,3,0,0,0,0,0,0,0,0,4,2,2,3,2,1,2,0,0,0,0,0,0,0,0.86,105,52,157,0,0.57,180,175,-1,22,3000,1.37,0,45,45.57,6.62,79,159,5.50,132,68,37.83,78,0.00,0.00,0.12,3,0.00,0.04,1.72,0.25,6,0.00,0.00,0.00,0.00,0.00,0.04,0.00,0.12,0.00,0.29,0.04,0.04,0.00,0.00,0.00,0.00,0.12,0.00,0.00,0,0,,1,0.04,19,0,0.00,18,1,0.29,28,2,2,4,62,0.00,99,0,1,0.29,18,1,25,0.29,24,0,0.00,99,0,0.00,0,0,0.00,0,0.86,56,1,0.29,20,0,0.00,0.00,0,0.00,0,0,0,0.00,0,3,0.00,82,0.86,17,N/A,N/A,N/A,N/A,0.00,0,0.00,0,0.06,0.00,0,83.02,0.00,18,52,0.08,0.57,2,9,9,0,0,0,0.08,0.57,2,76,32.91,0.71,4.87,17,0,0.00,0.00,99,0.00,0,0,0,0.00,0.00,0,0.00,0.00,0.00,0.00,0,0,0.00,47,0,1,45,82,0.35,38,0.01,0.10,0.06,21,0.00,0.02,56,4,0.17,1.15,2.29,0.33,96,8,0.02,20,0,85,67,0,44,40,0,0.00,99,3,0.00,0.86,7.74,1.12,27,13,24,29,3.73,0.54,48.15,0,0.00,99,0,0.00,0,0.00,99,0,0.00,0.00,25,7,31,41,0,0,0,0,0,29,45,62,53,0,16,99,17,98,2,33,97,49,N/A,N/A
Ivica Ivušić,31,791625600,1995/02/01,Prva HNL,2025/2026,Goalkeeper,Hajduk Split,1260,630,630,Croatia,14,7,7,1,0,1,0,0,0,0,0,8,4,4,13,5,8,1,0,0.07,0,0.07,0,0.14,1260,0.93,97,90,1260,0,0.07,97,226,17,15,400000,5.57,0,45,27.71,22.82,32,388,17.06,290,28,20.71,32,0.00,0.00,0.00,0,0.00,0.00,0.07,0.06,1,0.00,0.00,0.00,0.00,1.06,0.06,0.06,1.82,0.00,0.00,0.00,0.06,0.00,0.00,0.00,0.00,0.06,0.00,0.00,0,0,,0,0.00,8,0,0.00,18,0,0.00,10,0,0,14,5,0.00,99,0,1,0.07,8,0,25,0.00,12,0,0.00,99,0,0.00,0,0,0.00,0,0.00,9,1,0.07,9,1,0.07,100.00,0,0.00,0,18,13,1.29,13,31,0.00,78,2.21,92,N/A,N/A,N/A,N/A,58.06,0,0.00,0,0.00,0.00,0,74.74,0.00,18,99,0.00,0.00,0,14,99,0,0,12,0.00,0.00,0,21,94.72,0.71,0.86,12,0,0.00,0.00,99,0.00,0,0,0,0.00,0.00,4,0.24,0.29,0.00,0.00,0,0,0.00,47,47,24,87,78,0.57,6,0.03,0.04,0.00,10,0.00,0.00,7,2,0.12,0.14,0.00,0.00,4,0,0.00,10,41,27,67,27,44,2,0,0.00,99,1,0.00,0.07,0.29,0.24,4,4,2,1,0.29,0.24,100.00,0,0.00,99,0,0.00,0,0.00,99,0,0.00,0.00,25,50,14,9,0,0,0,0,0,35,58,73,53,0,92,99,95,20,1,7,32,1,N/A,N/A
Jakov Biljan,30,807346800,1995/08/02,Prva HNL,2025/2026,Midfielder,HNK Vukovar 1991,522,255,267,Croatia,12,7,5,0,0,0,0,0,0,0,0,2,2,0,9,4,5,2,0,0,0,0,0,0,0,1.55,58,44,261,0,0.34,195,190,-1,14,30000,4.01,0,45,22.20,7.17,14,129,5.61,101,45,17.38,20,0.00,0.00,0.22,4,0.00,0.17,1.55,0.50,9,0.00,0.11,0.00,0.00,0.00,0.44,0.06,0.28,0.00,0.52,0.17,0.17,0.00,0.00,0.01,0.00,0.72,0.00,0.00,0,0,,3,0.17,33,0,0.00,18,3,0.52,43,2,7,5,53,0.00,99,0,8,1.38,86,3,25,0.52,33,0,0.00,99,0,0.00,0,0,0.00,0,0.69,45,3,0.52,31,1,0.17,33.33,0,0.00,0,0,0,0.00,0,5,0.00,23,0.86,17,N/A,N/A,N/A,N/A,0.00,0,0.00,0,0.15,0.00,0,78.29,0.00,18,76,0.11,0.34,2,27,27,0,0,0,0.00,0.00,0,21,72.11,0.78,2.41,14,0,0.00,0.00,99,0.00,0,0,0,0.00,0.00,0,0.00,0.00,0.00,0.00,0,0,0.00,47,11,17,45,24,0.40,18,0.02,0.07,0.15,28,0.01,0.03,58,7,0.39,1.20,1.72,0.56,79,10,0.03,27,14,65,67,0,44,87,0,0.00,99,13,0.00,2.24,8.95,2.89,52,29,62,48,4.99,1.61,55.77,2,0.34,71,0,0.00,0,0.00,99,0,0.00,0.00,25,12,76,41,0,0,0,0,0,29,45,62,53,0,23,29,31,84,2,17,67,6,N/A,N/A
Jakov Dedic,16,1251356400,2009/08/27,Prva HNL,2025/2026,Forward,Osijek,8,0,8,Croatia,2,0,2,0,0,0,0,0,0,0,0,0,0,0,0,0,0,0,0,0,0,0,0,0,0,0,0,4,0,0,0,-1,-1,-1,12,1000,0.71,0,45,45.00,0.44,77,4,0.22,2,0,22.50,37,0.00,0.00,0.00,0,0.00,0.00,0.00,0.00,0,0.00,0.00,0.00,0.00,0.00,0.00,0.00,0.00,0.00,0.00,0.00,0.11,0.00,0.00,0.00,0.00,0.11,0.00,0.00,0,0,,0,0.00,8,0,0.00,18,0,0.00,10,0,2,0,4,0.00,99,0,0,0.00,6,0,25,0.00,12,0,0.00,99,0,0.00,0,0,0.00,0,0.00,9,1,11.25,99,0,0.00,0.00,0,0.00,0,0,0,0.00,0,0,0.00,99,0.00,0,N/A,N/A,N/A,N/A,0.00,0,0.00,0,0.00,0.00,0,50.00,0.00,18,99,0.00,0.00,0,9,9,0,0,0,0.00,0.00,0,21,6.40,0.00,0.00,0,0,0.00,0.00,99,0.00,0,0,0,0.00,0.00,0,0.00,0.00,0.00,0.00,0,0,0.00,47,0,0,45,0,0.00,0,0.00,0.00,0.00,10,0.00,0.00,1,0,0.00,0.00,0.00,0.00,4,0,0.00,10,0,0,67,0,44,99,0,0.00,99,1,0.00,11.25,22.50,0.22,2,1,99,99,11.25,0.11,50.00,0,0.00,99,0,0.00,0,0.00,99,0,0.00,0.00,25,0,31,9,0,0,0,0,0,29,45,62,53,0,16,3,15,15,0,0,15,36,N/A,N/A
Jakov Filipović,33,719305200,1992/10/17,Prva HNL,2025/2026,Defender,Gorica,2937,1530,1407,Croatia,33,17,16,2,1,1,0,0,0,0,0,7,5,2,43,21,22,3,0,0.06,0,0.06,0.06,0.06,1469,1.32,68,89,979,0,0.09,109,220,38,9,70000,6.59,0,45,40.48,40.03,67,1321,34.42,1136,86,34.81,69,0.00,0.00,0.09,3,0.00,0.03,1.01,1.00,33,0.00,0.09,0.00,0.00,0.00,1.21,0.06,1.24,7.50,0.46,0.21,0.18,0.00,0.24,0.08,0.00,2.48,0.00,0.00,0,0,,15,0.45,29,8,0.25,51,7,0.21,23,4,0,33,29,0.00,99,0,40,1.23,79,1,25,0.03,13,0,0.00,99,0,0.00,0,0,0.00,0,0.09,13,6,0.18,16,2,0.06,33.33,0,0.00,0,0,0,0.00,0,41,0.00,49,1.26,45,N/A,N/A,N/A,N/A,0.00,0,0.00,0,2.58,0.00,0,86.00,53.33,91,91,0.15,0.15,5,12,27,0,0,0,0.58,0.58,19,78,217.35,6.06,6.13,200,2,0.00,0.06,12,0.06,0,0,1,0.03,0.03,0,0.00,0.00,0.00,0.00,0,0,13.33,77,99,99,91,49,2.39,18,0.07,0.07,2.58,47,0.08,0.08,37,26,0.79,0.80,0.64,0.64,15,21,0.08,46,72,96,68,0,44,90,0,0.00,99,82,0.00,2.51,6.47,6.39,211,134,38,15,4.11,4.06,63.51,3,0.09,89,0,0.00,0,0.00,99,0,0.00,0.00,25,99,14,65,0,0,0,0,0,33,55,63,54,0,43,44,90,27,3,9,40,49,N/A,N/A
Jakov Gurlica,22,1073721600,2004/01/10,Prva HNL,2025/2026,Defender,HNK Vukovar 1991,944,549,395,Croatia,16,8,8,0,0,0,0,0,0,0,0,2,1,1,20,14,6,2,0,0,0,0,0,0,0,1.91,47,59,472,0,0.19,206,222,68,38,0,3.29,0,45,31.18,11.68,43,327,8.18,229,14,21.83,34,0.00,0.00,0.07,2,0.00,0.21,1.91,0.71,20,0.00,0.11,0.00,0.00,0.00,0.57,0.21,0.75,0.00,0.95,0.25,0.36,0.00,0.11,0.03,0.00,0.96,0.00,0.00,0,0,,10,0.36,55,3,0.29,55,7,0.67,54,7,6,10,70,0.00,99,0,16,1.53,92,6,46,0.57,35,0,0.00,99,0,0.00,0,0,0.00,0,0.19,18,10,0.95,43,6,0.57,60.00,0,0.00,0,0,0,0.00,0,21,0.00,8,2.00,89,N/A,N/A,N/A,N/A,0.00,0,0.00,0,0.76,0.00,0,70.03,30.00,50,33,0.29,0.76,8,57,82,0,0,0,0.14,0.38,4,67,92.12,0.93,2.48,26,0,0.00,0.00,99,0.00,0,0,1,0.04,0.10,0,0.00,0.00,0.00,0.00,0,0,0.00,47,32,32,45,9,0.60,14,0.02,0.06,0.76,43,0.03,0.07,17,4,0.14,0.38,1.33,0.50,62,14,0.07,42,7,65,88,0,44,91,0,0.00,99,27,0.00,2.57,9.63,3.61,101,57,76,58,5.43,2.04,56.44,3,0.29,73,0,16.67,0,0.00,99,1,0.04,0.10,37,33,69,87,0,0,0,0,0,29,45,62,53,0,16,19,64,52,2,12,51,6,0,0
Jakov Puljić,32,744447600,1993/08/04,Prva HNL,2025/2026,Forward,HNK Vukovar 1991,2473,1303,1170,Croatia,28,15,13,15,9,6,0,0,0,0,0,4,3,1,48,24,24,7,0,0.55,0,0.55,0.62,0.46,165,1.75,52,88,353,0,0.25,5,157,-1,1,80000,7.05,0,45,21.36,20.96,12,587,13.50,378,4,13.76,10,0.00,0.00,0.89,25,0.00,0.75,0.66,0.64,18,0.00,0.96,0.00,0.00,0.00,0.36,0.57,1.79,4.60,2.51,1.39,0.96,0.00,1.07,0.52,0.00,2.89,0.00,0.00,0,0,,69,2.46,91,30,1.09,93,39,1.42,86,5,1,27,14,0.00,99,0,10,0.36,23,21,26,0.76,45,0,0.00,99,0,0.00,0,0,0.00,0,0.91,60,27,0.98,45,16,0.58,59.26,0,0.00,0,0,0,0.00,0,50,0.00,14,1.82,86,N/A,N/A,N/A,N/A,0.00,0,0.00,0,14.61,0.00,0,64.40,43.48,81,78,0.32,0.33,9,57,79,5,1,0,0.11,0.11,3,40,197.40,0.89,0.91,25,0,0.00,0.00,99,0.00,0,6,1,0.04,0.04,0,0.00,0.00,0.40,0.39,11,0,21.74,92,91,83,48,15,1.50,10,0.05,0.05,10.41,91,0.37,0.38,60,34,1.21,1.24,1.56,1.54,76,43,0.53,97,97,30,72,0,90,95,0,0.00,99,81,0.00,2.95,12.63,12.39,347,145,71,86,5.28,5.18,41.79,27,0.98,32,0,4.76,0,0.00,99,1,0.04,0.04,28,87,24,73,0,0,0,0,0,91,98,94,98,0,51,23,48,67,7,25,90,21,N/A,N/A
Jakov Šuver,23,1043222400,2003/01/22,Prva HNL,2025/2026,Defender,HNK Vukovar 1991,521,360,161,Germany,7,4,3,0,0,0,0,0,0,0,0,0,0,0,12,6,6,0,0,0,0,0,0,0,0,2.07,43,74,0,0,0,202,201,73,34,45000,3.63,0,45,35.59,18.73,58,206,15.73,173,74,29.88,62,0.00,0.00,0.18,2,0.00,0.36,1.55,0.82,9,0.00,0.09,0.00,0.00,0.00,0.73,0.09,1.00,0.00,0.17,0.00,0.09,0.00,0.09,0.01,0.00,0.91,0.00,0.00,0,0,,1,0.09,14,1,0.17,40,0,0.00,10,0,2,5,53,0.00,99,0,8,1.38,86,4,69,0.69,42,0,0.00,99,0,0.00,0,0,0.00,0,0.35,28,1,0.17,15,1,0.17,100.00,0,0.00,0,0,0,0.00,0,11,0.00,4,1.90,87,N/A,N/A,N/A,N/A,0.00,0,0.00,0,0.13,0.00,0,83.98,100.00,99,6,0.73,1.38,8,27,99,0,0,0,0.73,1.38,8,99,39.95,2.91,5.53,32,0,0.00,0.00,99,0.00,0,0,0,0.00,0.00,0,0.00,0.00,0.00,0.00,0,0,0.00,47,11,4,45,4,0.39,18,0.04,0.07,0.13,21,0.01,0.02,14,2,0.18,0.35,0.00,0.00,4,0,0.02,20,9,93,67,0,44,75,0,0.00,99,10,0.00,1.73,6.05,3.18,35,22,28,14,3.80,2.00,62.86,1,0.17,82,0,25.00,0,0.00,99,1,0.09,0.17,46,12,31,9,0,0,0,0,0,29,45,62,53,0,29,3,15,15,0,0,15,22,N/A,N/A
Jakov-Anton Vasilj,23,1023001200,2002/06/02,Prva HNL,2025/2026,Midfielder,Lokomotiva Zagreb,1128,555,573,Croatia,22,10,12,1,0,1,2,1,1,0,0,4,2,2,17,10,7,1,0,0.24,0.16,0.08,0,0.16,1128,1.36,66,51,1128,564,0.08,92,53,-1,15,125000,6.39,0.09,79,30.50,16.74,40,385,13.13,302,46,23.93,42,0.00,0.00,0.87,20,0.00,0.61,0.95,0.52,12,0.00,0.87,0.00,0.00,0.00,0.26,0.91,0.70,21.00,1.66,0.61,2.22,0.00,0.30,0.10,0.00,0.96,0.00,0.00,0,0,,21,0.91,75,7,0.55,74,14,1.11,76,3,10,12,25,0.00,99,0,6,0.48,31,14,27,1.11,51,0,0.00,99,0,0.00,0,0,0.00,0,1.58,86,51,4.04,96,21,1.66,41.18,0,0.00,0,0,0,0.00,0,16,0.00,44,1.27,47,N/A,N/A,N/A,N/A,0.00,0,0.00,0,2.30,0.00,0,78.44,33.33,57,46,0.35,0.63,8,95,40,0,0,0,0.09,0.16,2,46,146.89,0.30,0.55,7,0,0.00,0.00,99,0.00,0,0,0,0.00,0.00,0,0.00,0.00,0.63,0.35,8,0,4.76,51,40,57,86,44,2.58,82,0.11,0.20,2.30,75,0.10,0.18,77,21,0.91,1.66,0.79,0.43,22,10,0.18,74,66,10,67,0,93,76,0,0.00,99,22,0.00,1.74,12.91,7.09,163,74,84,89,5.86,3.22,45.40,20,1.58,12,0,7.14,0,0.00,99,1,0.04,0.08,33,42,86,55,0,0,0,0,0,71,60,78,53,0,72,33,93,23,1,5,20,29,N/A,N/A
Jan Hlapčić,20,1144393200,2006/04/07,Prva HNL,2025/2026,Midfielder,Osijek,0,0,0,Croatia,0,0,0,0,0,0,0,0,0,0,0,0,0,0,0,0,0,0,0,0,0,0,0,0,0,0,0,0,0,0,0,-1,-1,-1,-1,N/A,N/A,N/A,N/A,N/A,N/A,N/A,N/A,N/A,N/A,N/A,N/A,N/A,N/A,N/A,N/A,N/A,N/A,N/A,N/A,N/A,N/A,N/A,N/A,N/A,N/A,N/A,N/A,N/A,N/A,N/A,N/A,N/A,N/A,N/A,N/A,N/A,N/A,N/A,N/A,N/A,N/A,N/A,N/A,N/A,N/A,N/A,N/A,N/A,N/A,N/A,N/A,N/A,N/A,N/A,N/A,N/A,N/A,N/A,N/A,N/A,N/A,N/A,N/A,N/A,N/A,N/A,N/A,N/A,N/A,N/A,N/A,N/A,N/A,N/A,N/A,N/A,N/A,N/A,N/A,N/A,N/A,N/A,N/A,N/A,N/A,N/A,N/A,N/A,N/A,N/A,N/A,N/A,N/A,N/A,N/A,N/A,N/A,N/A,N/A,N/A,N/A,N/A,N/A,N/A,N/A,N/A,N/A,N/A,N/A,N/A,N/A,N/A,N/A,N/A,N/A,N/A,N/A,N/A,N/A,N/A,N/A,N/A,N/A,N/A,N/A,N/A,N/A,N/A,N/A,N/A,N/A,N/A,N/A,N/A,N/A,N/A,N/A,N/A,N/A,N/A,N/A,N/A,N/A,N/A,N/A,N/A,N/A,N/A,N/A,N/A,N/A,N/A,N/A,N/A,N/A,N/A,N/A,N/A,N/A,N/A,N/A,N/A,N/A,N/A,N/A,N/A,N/A,N/A,N/A,N/A,N/A,N/A,N/A,N/A,N/A,N/A,N/A,N/A,N/A,N/A,N/A,N/A,N/A,N/A,N/A,N/A,N/A,N/A,N/A,N/A,N/A,N/A,N/A,N/A,N/A,N/A,N/A,N/A,N/A,N/A,N/A,N/A,N/A,N/A,N/A,N/A,N/A,N/A,N/A,N/A,N/A,N/A,N/A,N/A,N/A,N/A,N/A,N/A,N/A,N/A,N/A,N/A,N/A
Jan Paus-Kunšt,24,998031600,2001/08/17,Prva HNL,2025/2026,Goalkeeper,Istra 1961,0,0,0,Croatia,0,0,0,0,0,0,0,0,0,0,0,0,0,0,0,0,0,0,0,0,0,0,0,0,0,0,0,0,0,0,0,-1,-1,-1,-1,N/A,N/A,N/A,N/A,N/A,N/A,N/A,N/A,N/A,N/A,N/A,N/A,N/A,N/A,N/A,N/A,N/A,N/A,N/A,N/A,N/A,N/A,N/A,N/A,N/A,N/A,N/A,N/A,N/A,N/A,N/A,N/A,N/A,N/A,N/A,N/A,N/A,N/A,N/A,N/A,N/A,N/A,N/A,N/A,N/A,N/A,N/A,N/A,N/A,N/A,N/A,N/A,N/A,N/A,N/A,N/A,N/A,N/A,N/A,N/A,N/A,N/A,N/A,N/A,N/A,N/A,N/A,N/A,N/A,N/A,N/A,N/A,N/A,N/A,N/A,N/A,N/A,N/A,N/A,N/A,N/A,N/A,N/A,N/A,N/A,N/A,N/A,N/A,N/A,N/A,N/A,N/A,N/A,N/A,N/A,N/A,N/A,N/A,N/A,N/A,N/A,N/A,N/A,N/A,N/A,N/A,N/A,N/A,N/A,N/A,N/A,N/A,N/A,N/A,N/A,N/A,N/A,N/A,N/A,N/A,N/A,N/A,N/A,N/A,N/A,N/A,N/A,N/A,N/A,N/A,N/A,N/A,N/A,N/A,N/A,N/A,N/A,N/A,N/A,N/A,N/A,N/A,N/A,N/A,N/A,N/A,N/A,N/A,N/A,N/A,N/A,N/A,N/A,N/A,N/A,N/A,N/A,N/A,N/A,N/A,N/A,N/A,N/A,N/A,N/A,N/A,N/A,N/A,N/A,N/A,N/A,N/A,N/A,N/A,N/A,N/A,N/A,N/A,N/A,N/A,N/A,N/A,N/A,N/A,N/A,N/A,N/A,N/A,N/A,N/A,N/A,N/A,N/A,N/A,N/A,N/A,N/A,N/A,N/A,N/A,N/A,N/A,N/A,N/A,N/A,N/A,N/A,N/A,N/A,N/A,N/A,N/A,N/A,N/A,N/A,N/A,N/A,N/A,N/A,N/A,N/A,N/A,N/A,N/A
Jon Mersinaj,27,918460800,1999/02/08,Prva HNL,2025/2026,Defender,Osijek,887,348,539,Albania,17,8,9,0,0,0,0,0,0,0,0,8,4,4,20,8,12,3,0,0,0,0,0,0,0,2.03,44,52,296,0,0.3,167,165,72,14,60000,4.38,0,45,49.26,23.14,86,486,19.90,418,86,42.36,87,0.00,0.00,0.14,3,0.00,0.00,1.62,0.76,16,0.00,0.14,0.00,0.00,0.00,0.52,0.05,0.95,0.00,0.10,0.05,0.05,0.00,0.00,0.00,0.00,1.19,0.00,0.00,0,0,,1,0.05,10,0,0.00,18,1,0.10,13,9,7,10,58,0.00,99,0,11,1.11,72,0,25,0.00,12,0,0.00,99,0,0.00,0,0,0.00,0,0.30,25,1,0.10,10,1,0.10,100.00,0,0.00,0,0,0,0.00,0,20,0.00,5,2.03,89,N/A,N/A,N/A,N/A,0.00,0,0.00,0,0.05,0.00,0,86.01,0.00,18,82,0.14,0.30,3,16,99,0,0,0,0.33,0.71,7,90,92.05,3.29,6.99,69,0,0.00,0.00,99,0.00,0,0,0,0.00,0.00,0,0.00,0.00,0.00,0.00,0,0,0.00,47,29,36,45,5,1.03,38,0.05,0.10,0.05,14,0.00,0.01,64,13,0.62,1.32,1.22,0.57,53,12,0.01,14,23,98,67,0,44,91,0,0.00,99,25,0.00,2.53,9.02,4.24,89,55,78,49,5.57,2.62,61.80,3,0.30,73,0,0.00,0,0.00,99,0,0.00,0.00,25,33,76,98,0,0,0,0,0,29,45,62,53,0,37,95,39,76,3,18,70,15,N/A,N/A
Jona Jezic,17,1223449200,2008/10/08,Prva HNL,2025/2026,Midfielder,Osijek,8,8,0,Croatia,1,1,0,0,0,0,0,0,0,0,0,0,0,0,0,0,0,0,0,0,0,0,0,0,0,0,0,8,0,0,0,-1,-1,-1,16,2000,1.57,0,45,11.25,0.25,0,1,0.25,1,99,11.25,5,0.00,0.00,0.00,0,0.00,0.00,0.00,0.00,0,0.00,0.50,0.00,0.00,0.00,0.00,0.00,0.00,0.00,0.00,0.00,0.00,0.00,0.00,0.00,0.00,0.25,0.00,0.00,0,0,,0,0.00,8,0,0.00,18,0,0.00,10,0,1,0,4,0.00,99,0,0,0.00,6,0,25,0.00,12,0,0.00,99,0,0.00,0,0,0.00,0,0.00,9,0,0.00,7,0,0.00,0.00,0,0.00,0,0,0,0.00,0,0,0.00,99,0.00,0,N/A,N/A,N/A,N/A,0.00,0,0.00,0,0.00,0.00,0,100.00,0.00,18,99,0.00,0.00,0,9,9,0,0,0,0.00,0.00,0,21,6.28,0.00,0.00,0,0,0.00,0.00,99,0.00,0,0,0,0.00,0.00,0,0.00,0.00,0.00,0.00,0,0,0.00,47,0,0,45,0,0.00,0,0.00,0.00,0.00,10,0.00,0.00,1,0,0.00,0.00,0.00,0.00,4,0,0.00,10,0,0,67,0,44,99,0,0.00,99,1,0.00,11.25,56.25,1.25,5,1,99,99,11.25,0.25,20.00,2,22.50,0,0,0.00,0,0.00,99,0,0.00,0.00,25,0,24,9,0,0,0,0,0,29,45,62,53,0,16,3,15,15,0,0,15,48,N/A,N/A
Josip Mišić,31,772786800,1994/06/28,Prva HNL,2025/2026,Midfielder,Dinamo Zagreb,2568,1234,1334,Croatia,30,15,15,2,2,0,2,0,2,0,0,14,5,9,20,11,9,8,0,0.14,0.07,0.07,0.15,0,1284,0.7,128,86,321,1284,0.28,102,98,-1,11,750000,7.00,0.07,60,53.17,48.94,90,1517,42.97,1332,91,46.68,90,0.00,0.00,1.19,37,0.00,1.26,2.24,2.06,64,0.00,0.35,0.00,0.00,0.00,1.58,0.48,0.65,14.50,1.02,0.61,0.74,0.00,0.32,0.11,0.00,0.77,0.00,0.00,0,0,,29,0.94,57,10,0.35,62,19,0.67,54,1,0,30,84,0.00,99,0,49,1.72,95,39,41,1.37,57,0,0.00,99,0,0.00,0,0,0.00,0,1.30,76,23,0.81,41,15,0.53,65.22,0,0.00,0,0,0,0.00,0,20,0.00,95,0.70,4,N/A,N/A,N/A,N/A,0.00,0,0.00,0,3.31,0.00,0,87.80,34.48,59,53,0.52,0.56,16,53,85,0,0,0,0.19,0.21,6,52,217.04,1.55,1.68,48,0,0.00,0.00,99,0.00,0,0,1,0.03,0.04,0,0.00,0.00,0.00,0.00,0,0,6.90,54,92,92,88,95,5.23,79,0.17,0.18,3.31,62,0.11,0.12,35,22,0.71,0.77,1.54,1.42,75,44,0.12,60,95,53,72,0,44,38,0,0.00,99,24,0.00,0.84,7.78,7.16,222,125,44,30,4.38,4.03,56.31,11,0.39,66,0,15.38,0,0.00,99,6,0.19,0.21,49,96,14,27,0,0,0,0,0,54,58,62,71,0,97,95,43,72,8,27,94,27,N/A,N/A
Josip Mitrović,25,960706800,2000/06/11,Prva HNL,2025/2026,Forward,Slaven Koprivnica,2346,1262,1084,Croatia,30,16,14,8,4,4,2,1,1,0,0,4,4,0,42,18,24,4,0,0.38,0.08,0.31,0.29,0.33,293,1.61,56,78,587,1173,0.15,30,89,-1,1,75000,7.00,0.07,63,23.13,20.10,17,603,15.67,470,43,18.03,22,0.00,0.00,1.03,31,0.00,2.23,1.34,1.17,35,0.00,0.87,0.00,0.00,0.00,0.70,0.73,1.33,5.50,1.69,0.90,1.60,0.00,0.57,0.27,0.00,0.90,0.00,0.00,0,0,,44,1.47,76,17,0.65,81,27,1.04,74,1,2,28,43,0.00,99,0,21,0.81,51,67,57,2.57,72,0,0.00,99,0,0.00,0,0,0.00,0,1.19,71,48,1.84,72,22,0.84,45.83,0,0.00,0,0,0,0.00,0,40,0.00,20,1.53,75,N/A,N/A,N/A,N/A,0.00,0,0.00,0,8.17,0.00,0,77.94,38.64,70,22,0.83,0.96,25,72,51,0,0,0,0.00,0.00,0,21,210.10,1.03,1.19,31,0,0.00,0.00,99,0.00,0,0,3,0.10,0.12,0,0.00,0.00,0.31,0.27,8,1,18.18,89,86,92,59,21,3.29,56,0.11,0.13,8.17,86,0.27,0.31,93,58,1.93,2.23,0.88,0.77,27,23,0.31,85,95,40,92,0,86,48,0,0.00,99,27,0.00,1.04,10.66,9.27,278,141,74,71,5.41,4.70,50.72,26,1.00,31,0,20.90,0,0.00,99,14,0.47,0.54,73,89,31,27,0,0,0,0,0,84,87,88,86,0,46,19,73,43,4,13,54,11,N/A,N/A
Josip Posavec,30,826444800,1996/03/10,Prva HNL,2025/2026,Goalkeeper,Lokomotiva Zagreb,2970,1530,1440,Croatia,33,17,16,0,0,0,0,0,0,0,0,6,4,2,47,24,23,2,0,0,0,0,0,0,0,1.42,63,90,1485,0,0.06,189,191,54,19,100000,6.75,0,45,33.73,33.73,53,1113,25.21,832,29,25.21,48,0.00,0.00,0.00,0,0.00,0.00,0.06,0.06,2,0.00,0.00,0.00,0.00,2.45,0.00,0.00,4.00,0.00,0.00,0.00,0.00,0.00,0.00,0.00,0.00,0.12,0.00,0.00,0,0,,0,0.00,8,0,0.00,18,0,0.00,10,0,0,33,4,0.00,99,0,0,0.00,6,0,25,0.00,12,0,0.00,99,0,0.00,0,0,0.00,0,0.00,9,0,0.00,7,0,0.00,0.00,0,0.00,0,81,33,2.45,47,132,0.00,33,4.00,96,N/A,N/A,N/A,N/A,61.36,0,0.00,0,0.00,0.00,0,74.75,0.00,18,99,0.00,0.00,0,9,9,0,0,48,0.03,0.03,1,22,222.69,1.27,1.27,42,1,0.00,0.03,23,0.03,1,0,0,0.00,0.00,19,0.58,0.58,0.00,0.00,0,0,0.00,47,99,99,45,33,1.77,10,0.05,0.05,0.00,10,0.00,0.00,10,8,0.24,0.24,0.03,0.03,6,1,0.00,10,80,43,67,87,44,5,0,0.00,99,4,0.00,0.12,0.42,0.42,14,13,4,3,0.39,0.39,92.86,0,0.00,99,0,0.00,0,0.00,99,0,0.00,0.00,25,99,14,9,0,0,0,0,0,29,45,62,53,0,64,33,98,18,2,6,25,12,N/A,N/A
Josip Radošević,32,765360000,1994/04/03,Prva HNL,2025/2026,Midfielder,Istra 1961,2610,1350,1260,Croatia,29,15,14,1,1,0,0,0,0,0,0,4,2,2,39,19,20,3,0,0.03,0,0.03,0.07,0,2610,1.34,67,90,870,0,0.1,125,239,-1,9,150000,6.86,0,45,44.10,44.10,75,1279,37.41,1085,79,37.41,77,0.00,0.00,0.86,25,0.00,1.38,2.55,2.55,74,0.00,0.93,0.00,0.00,0.00,1.14,0.24,1.24,14.00,0.48,0.31,0.66,0.00,0.17,0.06,0.00,0.66,0.00,0.00,0,0,,14,0.48,32,5,0.17,40,9,0.31,29,0,0,29,90,0.00,99,0,33,1.14,74,40,78,1.38,57,0,0.00,99,0,0.00,0,0,0.00,0,0.86,56,19,0.66,37,7,0.24,36.84,0,0.00,0,0,0,0.00,0,36,0.00,47,1.24,43,N/A,N/A,N/A,N/A,0.00,0,0.00,0,1.73,0.00,0,84.83,35.71,62,24,0.93,0.93,27,33,31,0,0,0,0.45,0.45,13,71,198.80,1.62,1.62,47,1,0.00,0.03,23,0.03,0,0,0,0.00,0.00,0,0.00,0.00,0.03,0.03,1,0,7.14,57,95,87,99,47,3.23,45,0.11,0.11,1.73,40,0.06,0.06,36,23,0.79,0.79,0.90,0.90,29,26,0.06,39,86,52,67,0,45,27,0,0.00,99,19,0.00,0.66,7.76,7.76,225,120,38,29,4.14,4.14,53.33,27,0.93,34,0,30.00,0,0.00,99,12,0.41,0.41,67,94,14,9,0,0,0,0,0,30,47,62,55,0,81,23,86,29,3,10,44,5,N/A,N/A
Josip Silić,26,945331200,1999/12/16,Prva HNL,2025/2026,Goalkeeper,Varaždin,270,90,180,Croatia,3,1,2,0,0,0,0,0,0,0,0,1,1,0,4,0,4,2,0,0,0,0,0,0,0,1.33,68,90,135,0,0.67,-1,-1,-1,18,12386,0.82,0,45,25.00,2.78,24,75,1.59,43,0,14.33,10,0.00,0.00,0.00,0,0.00,0.00,0.00,0.00,0,0.00,0.00,0.00,0.00,0.56,0.00,0.00,0.74,0.00,0.00,0.00,0.00,0.00,0.00,0.00,0.00,0.00,0.00,0.00,0,0,,0,0.00,8,0,0.00,18,0,0.00,10,0,0,3,4,0.00,99,0,0,0.00,6,0,25,0.00,12,0,0.00,99,0,0.00,0,0,0.00,0,0.00,9,0,0.00,7,0,0.00,0.00,0,0.00,0,15,99,5.00,99,20,0.00,48,6.67,99,N/A,N/A,N/A,N/A,75.00,0,0.00,0,0.00,0.00,0,57.33,0.00,18,99,0.00,0.00,0,9,9,0,0,10,0.00,0.00,0,21,22.07,0.19,1.67,5,0,0.00,0.00,99,0.00,0,0,0,0.00,0.00,2,0.07,0.67,0.00,0.00,0,0,0.00,47,0,0,45,49,0.08,2,0.00,0.03,0.00,10,0.00,0.00,29,2,0.07,0.67,0.00,0.00,4,0,0.00,10,0,53,67,99,44,1,0,0.00,99,0,0.00,0.00,0.67,0.07,2,2,6,6,0.67,0.07,100.00,0,0.00,99,0,0.00,0,0.00,99,0,0.00,0.00,25,2,14,9,0,0,0,0,0,29,45,62,53,0,17,68,16,99,0,0,15,33,N/A,N/A
Josip Špoljarić,29,852451200,1997/01/05,Prva HNL,2025/2026,Midfielder,HNK Vukovar 1991,246,186,60,Croatia,12,8,4,0,0,0,0,0,0,0,0,2,2,0,7,6,1,0,0,0,0,0,0,0,0,2.56,35,21,0,0,0,-1,-1,-1,15,65000,2.41,0,45,30.85,5.31,41,85,3.69,59,11,21.41,33,0.00,0.00,0.12,2,0.00,0.12,0.73,0.12,2,0.00,0.25,0.00,0.00,0.00,0.06,0.12,0.56,0.00,1.45,0.25,0.44,0.00,0.00,0.01,0.00,0.44,0.00,0.00,0,0,,4,0.25,69,0,0.00,18,4,1.45,88,6,9,3,16,0.00,99,0,1,0.36,23,2,25,0.73,44,0,0.00,99,0,0.00,0,0,0.00,0,0.73,48,7,2.54,85,2,0.73,28.57,0,0.00,0,0,0,0.00,0,9,0.00,0,3.27,95,N/A,N/A,N/A,N/A,0.00,0,0.00,0,0.17,0.00,0,69.41,0.00,18,37,0.12,0.73,2,67,20,0,0,0,0.00,0.00,0,21,38.54,0.19,1.09,3,0,0.00,0.00,99,0.00,0,0,1,0.06,0.36,0,0.00,0.00,0.00,0.00,0,0,0.00,47,0,17,45,0,0.24,30,0.01,0.09,0.17,40,0.01,0.06,90,6,0.38,2.18,0.73,0.12,18,2,0.06,39,2,37,99,0,44,91,0,0.00,99,7,0.00,2.54,13.43,2.31,37,17,90,91,6.17,1.06,45.95,4,1.45,15,0,0.00,0,0.00,99,0,0.00,0.00,25,2,85,82,0,0,0,0,0,29,45,62,53,0,41,29,15,15,0,0,15,50,N/A,N/A
Joszip Elez,32,767257200,1994/04/25,Prva HNL,2025/2026,Defender,HNK Vukovar 1991,298,180,118,Croatia,5,3,2,1,1,0,0,0,0,0,0,0,0,0,8,5,3,1,0,0.3,0,0.3,0.5,0,298,2.42,37,60,298,0,0.3,33,146,81,7,0,2.46,0,45,53.46,13.62,90,177,11.54,150,78,45.30,89,0.00,0.00,0.15,2,0.00,0.08,0.91,0.23,3,0.00,0.15,0.00,0.00,0.00,0.23,0.08,0.77,0.00,0.00,0.00,0.08,0.00,0.00,0.00,0.00,0.69,0.00,0.00,0,0,,0,0.00,8,0,0.00,18,0,0.00,10,1,2,3,22,0.00,99,0,3,0.91,57,1,25,0.30,25,0,0.00,99,0,0.00,0,0,0.00,0,0.60,42,1,0.30,22,1,0.30,100.00,0,0.00,0,0,0,0.00,0,10,0.00,0,3.02,95,N/A,N/A,N/A,N/A,0.00,0,0.00,0,0.00,0.00,0,84.75,0.00,18,25,0.23,0.91,3,38,99,0,0,0,0.31,1.21,4,97,32.03,0.77,3.02,10,0,0.00,0.00,99,0.00,0,0,0,0.00,0.00,0,0.00,0.00,0.00,0.00,0,0,0.00,47,0,0,59,0,0.36,45,0.03,0.11,0.00,10,0.00,0.00,13,1,0.08,0.30,0.91,0.23,32,3,0.00,10,2,71,67,0,44,93,0,0.00,99,9,0.00,2.72,8.46,2.15,28,14,39,40,4.23,1.08,50.00,2,0.60,55,0,0.00,0,0.00,99,0,0.00,0.00,25,2,31,27,0,0,0,0,0,75,86,62,96,0,16,3,40,76,1,20,77,26,0,0
Jovan Ivanisevic,21,1106121600,2005/01/19,Prva HNL,2025/2026,Midfielder,Istra 1961,88,8,80,USA,5,3,2,0,0,0,0,0,0,0,0,2,1,1,2,0,2,0,0,0,0,0,0,0,0,2.05,44,18,0,0,0,-1,-1,-1,31,55000,0.85,0,45,30.00,2.00,38,30,1.47,22,23,22.00,35,0.00,0.00,0.00,0,0.00,0.00,0.00,0.00,0,0.00,0.00,0.00,0.00,0.00,0.13,0.00,0.13,0.00,0.00,0.00,0.07,0.00,0.00,0.00,0.00,0.13,0.00,0.00,0,0,,0,0.00,8,0,0.00,18,0,0.00,10,1,4,1,4,0.00,99,0,2,2.00,99,0,25,0.00,12,0,0.00,99,0,0.00,0,0,0.00,0,0.00,9,1,1.00,46,0,0.00,0.00,0,0.00,0,0,0,0.00,0,2,0.00,5,2.00,89,N/A,N/A,N/A,N/A,0.00,0,0.00,0,0.00,0.00,0,73.33,0.00,18,99,0.00,0.00,0,9,9,0,0,0,0.13,2.00,2,99,12.75,0.20,3.00,3,0,0.00,0.00,99,0.00,0,0,0,0.00,0.00,0,0.00,0.00,0.00,0.00,0,0,0.00,47,0,0,45,5,0.05,10,0.00,0.05,0.00,10,0.00,0.00,48,1,0.07,1.00,2.00,0.13,90,2,0.00,10,0,71,67,0,44,81,0,0.00,99,2,0.00,2.00,9.00,0.60,9,3,14,48,3.00,0.20,33.33,0,0.00,99,0,0.00,0,0.00,99,0,0.00,0.00,25,0,57,27,0,0,0,0,0,29,45,62,53,0,33,78,15,15,0,0,15,2,N/A,N/A
Jovan Manev,25,980409600,2001/01/25,Prva HNL,2025/2026,Defender,Rijeka,0,0,0,FYR Macedonia,0,0,0,0,0,0,0,0,0,0,0,0,0,0,0,0,0,0,0,0,0,0,0,0,0,0,0,0,0,0,0,-1,-1,-1,-1,N/A,N/A,N/A,N/A,N/A,N/A,N/A,N/A,N/A,N/A,N/A,N/A,N/A,N/A,N/A,N/A,N/A,N/A,N/A,N/A,N/A,N/A,N/A,N/A,N/A,N/A,N/A,N/A,N/A,N/A,N/A,N/A,N/A,N/A,N/A,N/A,N/A,N/A,N/A,N/A,N/A,N/A,N/A,N/A,N/A,N/A,N/A,N/A,N/A,N/A,N/A,N/A,N/A,N/A,N/A,N/A,N/A,N/A,N/A,N/A,N/A,N/A,N/A,N/A,N/A,N/A,N/A,N/A,N/A,N/A,N/A,N/A,N/A,N/A,N/A,N/A,N/A,N/A,N/A,N/A,N/A,N/A,N/A,N/A,N/A,N/A,N/A,N/A,N/A,N/A,N/A,N/A,N/A,N/A,N/A,N/A,N/A,N/A,N/A,N/A,N/A,N/A,N/A,N/A,N/A,N/A,N/A,N/A,N/A,N/A,N/A,N/A,N/A,N/A,N/A,N/A,N/A,N/A,N/A,N/A,N/A,N/A,N/A,N/A,N/A,N/A,N/A,N/A,N/A,N/A,N/A,N/A,N/A,N/A,N/A,N/A,N/A,N/A,N/A,N/A,N/A,N/A,N/A,N/A,N/A,N/A,N/A,N/A,N/A,N/A,N/A,N/A,N/A,N/A,N/A,N/A,N/A,N/A,N/A,N/A,N/A,N/A,N/A,N/A,N/A,N/A,N/A,N/A,N/A,N/A,N/A,N/A,N/A,N/A,N/A,N/A,N/A,N/A,N/A,N/A,N/A,N/A,N/A,N/A,N/A,N/A,N/A,N/A,N/A,N/A,N/A,N/A,N/A,N/A,N/A,N/A,N/A,N/A,N/A,N/A,N/A,N/A,N/A,N/A,N/A,N/A,N/A,N/A,N/A,N/A,N/A,N/A,N/A,N/A,N/A,N/A,N/A,N/A,N/A,N/A,N/A,N/A,N/A,N/A
Jurica Pršir,25,959583600,2000/05/29,Prva HNL,2025/2026,Midfielder,Gorica,2457,1307,1150,Croatia,31,16,15,7,5,2,3,2,1,0,0,6,4,2,38,19,19,7,0,0.37,0.11,0.26,0.34,0.16,351,1.39,65,79,351,819,0.26,41,70,-1,1,180000,6.96,0.1,71,30.88,27.19,41,843,22.39,694,66,25.42,48,0.00,0.00,1.23,38,0.00,2.77,2.16,1.90,59,0.00,1.65,0.00,0.00,0.00,0.42,0.68,1.13,7.86,2.01,1.16,1.77,0.00,0.61,0.27,0.00,0.90,0.00,0.00,0,0,,55,1.77,82,19,0.70,82,36,1.32,82,1,2,29,78,0.00,99,0,13,0.48,31,86,53,3.15,78,0,0.00,99,0,0.00,0,0,0.00,0,1.39,80,55,2.01,77,21,0.77,38.18,0,0.00,0,0,0,0.00,0,35,0.00,39,1.28,48,N/A,N/A,N/A,N/A,0.00,0,0.00,0,8.22,0.00,0,82.33,34.55,60,23,0.84,0.95,26,70,34,1,2,0,0.13,0.15,4,44,215.72,0.81,0.92,25,0,0.00,0.00,99,0.00,0,3,2,0.06,0.07,0,0.00,0.00,0.37,0.32,10,0,12.73,74,90,95,62,41,4.70,75,0.15,0.17,6.12,78,0.20,0.22,90,59,1.90,2.16,1.28,1.13,60,35,0.30,83,94,30,81,0,88,48,0,0.00,99,28,0.00,1.03,12.67,11.16,346,163,86,87,5.97,5.26,47.11,51,1.87,5,0,19.77,0,0.00,99,17,0.55,0.62,75,94,31,27,0,0,0,0,0,83,83,78,89,0,84,38,48,69,7,23,86,10,N/A,N/A
Justas Lasickas,28,876121200,1997/10/06,Prva HNL,2025/2026,Defender,Rijeka,1457,564,893,Lithuania,27,14,13,0,0,0,0,0,0,0,0,9,5,4,20,8,12,5,0,0,0,0,0,0,0,1.24,73,54,291,0,0.31,230,185,29,24,90000,5.83,0,45,39.32,21.23,64,637,16.00,480,31,29.63,61,0.00,0.00,0.73,22,0.00,1.10,1.91,1.03,31,0.00,0.40,0.00,0.00,0.00,0.73,0.47,0.77,0.00,0.62,0.27,1.03,0.00,0.07,0.02,0.00,0.60,0.00,0.00,0,0,,10,0.33,40,2,0.12,29,8,0.49,43,2,13,14,70,0.00,99,0,22,1.36,84,33,93,2.04,64,0,0.00,99,0,0.00,0,0,0.00,0,1.36,79,31,1.91,76,14,0.86,45.16,0,0.00,0,0,0,0.00,0,23,0.00,57,1.42,67,N/A,N/A,N/A,N/A,0.00,0,0.00,0,0.67,0.00,0,75.35,20.00,32,41,0.37,0.68,11,74,49,0,0,0,0.10,0.19,3,49,174.75,1.60,2.96,48,0,0.00,0.00,99,0.00,0,0,0,0.00,0.00,0,0.00,0.00,0.06,0.03,1,1,0.00,47,56,77,45,58,1.92,52,0.06,0.12,0.67,33,0.02,0.04,82,30,1.00,1.85,1.91,1.03,87,31,0.04,31,47,71,67,0,51,51,0,0.00,99,18,0.00,1.11,11.30,6.10,183,93,81,77,5.74,3.10,50.82,12,0.74,46,0,39.39,0,0.00,99,13,0.43,0.80,81,50,97,41,0,0,0,0,0,29,45,62,53,0,57,68,38,79,5,19,75,23,N/A,N/A
Justice Chigozirim Ohajunwa,24,992674800,2001/06/16,Prva HNL,2025/2026,Midfielder,Osijek,0,0,0,Nigeria,0,0,0,0,0,0,0,0,0,0,0,0,0,0,0,0,0,0,0,0,0,0,0,0,0,0,0,0,0,0,0,-1,-1,-1,-1,N/A,N/A,N/A,N/A,N/A,N/A,N/A,N/A,N/A,N/A,N/A,N/A,N/A,N/A,N/A,N/A,N/A,N/A,N/A,N/A,N/A,N/A,N/A,N/A,N/A,N/A,N/A,N/A,N/A,N/A,N/A,N/A,N/A,N/A,N/A,N/A,N/A,N/A,N/A,N/A,N/A,N/A,N/A,N/A,N/A,N/A,N/A,N/A,N/A,N/A,N/A,N/A,N/A,N/A,N/A,N/A,N/A,N/A,N/A,N/A,N/A,N/A,N/A,N/A,N/A,N/A,N/A,N/A,N/A,N/A,N/A,N/A,N/A,N/A,N/A,N/A,N/A,N/A,N/A,N/A,N/A,N/A,N/A,N/A,N/A,N/A,N/A,N/A,N/A,N/A,N/A,N/A,N/A,N/A,N/A,N/A,N/A,N/A,N/A,N/A,N/A,N/A,N/A,N/A,N/A,N/A,N/A,N/A,N/A,N/A,N/A,N/A,N/A,N/A,N/A,N/A,N/A,N/A,N/A,N/A,N/A,N/A,N/A,N/A,N/A,N/A,N/A,N/A,N/A,N/A,N/A,N/A,N/A,N/A,N/A,N/A,N/A,N/A,N/A,N/A,N/A,N/A,N/A,N/A,N/A,N/A,N/A,N/A,N/A,N/A,N/A,N/A,N/A,N/A,N/A,N/A,N/A,N/A,N/A,N/A,N/A,N/A,N/A,N/A,N/A,N/A,N/A,N/A,N/A,N/A,N/A,N/A,N/A,N/A,N/A,N/A,N/A,N/A,N/A,N/A,N/A,N/A,N/A,N/A,N/A,N/A,N/A,N/A,N/A,N/A,N/A,N/A,N/A,N/A,N/A,N/A,N/A,N/A,N/A,N/A,N/A,N/A,N/A,N/A,N/A,N/A,N/A,N/A,N/A,N/A,N/A,N/A,N/A,N/A,N/A,N/A,N/A,N/A,N/A,N/A,N/A,N/A,N/A,N/A
Karlo Išasegi,25,967100400,2000/08/24,Prva HNL,2025/2026,Defender,Slaven Koprivnica,380,106,274,Croatia,12,6,6,0,0,0,1,0,1,0,0,4,3,1,6,2,4,1,0,0.24,0.24,0,0,0,0,1.42,63,32,380,380,0.24,152,22,53,19,24000,2.54,0.08,93,32.36,6.52,47,137,5.24,110,56,25.98,51,0.00,0.00,0.43,9,0.00,0.90,3.31,0.67,14,0.00,0.14,0.00,0.00,0.00,0.29,0.10,0.29,0.00,0.24,0.05,0.33,0.00,0.00,0.00,0.00,0.05,0.00,0.00,0,0,,1,0.05,17,0,0.00,18,1,0.24,25,6,7,5,99,0.00,99,0,6,1.42,88,19,72,4.49,90,0,0.00,99,0,0.00,0,0,0.00,0,2.13,96,7,1.65,67,2,0.47,28.57,0,0.00,0,0,0,0.00,0,6,0.00,33,1.42,67,N/A,N/A,N/A,N/A,0.00,0,0.00,0,0.05,0.00,0,80.29,0.00,18,1,0.38,1.89,8,49,20,0,0,0,0.00,0.00,0,21,53.39,0.57,2.83,12,0,0.00,0.00,99,0.00,0,0,1,0.05,0.24,0,0.00,0.00,0.24,0.05,1,0,0.00,47,2,17,45,33,1.17,95,0.06,0.28,0.05,14,0.00,0.01,46,4,0.19,0.94,1.42,0.29,67,6,0.01,14,3,70,99,0,81,11,0,0.00,99,1,0.00,0.24,10.87,2.19,46,21,62,73,4.96,1.00,45.65,3,0.71,48,0,26.32,0,0.00,99,5,0.24,1.18,90,12,76,82,0,0,0,0,0,71,45,62,53,0,20,68,51,66,1,8,36,33,N/A,N/A
Karlo Ziger,24,989564400,2001/05/11,Prva HNL,2025/2026,Goalkeeper,Gorica,0,0,0,Croatia,0,0,0,0,0,0,0,0,0,0,0,0,0,0,0,0,0,0,0,0,0,0,0,0,0,0,0,0,0,0,0,-1,-1,-1,-1,N/A,N/A,N/A,N/A,N/A,N/A,N/A,N/A,N/A,N/A,N/A,N/A,N/A,N/A,N/A,N/A,N/A,N/A,N/A,N/A,N/A,N/A,N/A,N/A,N/A,N/A,N/A,N/A,N/A,N/A,N/A,N/A,N/A,N/A,N/A,N/A,N/A,N/A,N/A,N/A,N/A,N/A,N/A,N/A,N/A,N/A,N/A,N/A,N/A,N/A,N/A,N/A,N/A,N/A,N/A,N/A,N/A,N/A,N/A,N/A,N/A,N/A,N/A,N/A,N/A,N/A,N/A,N/A,N/A,N/A,N/A,N/A,N/A,N/A,N/A,N/A,N/A,N/A,N/A,N/A,N/A,N/A,N/A,N/A,N/A,N/A,N/A,N/A,N/A,N/A,N/A,N/A,N/A,N/A,N/A,N/A,N/A,N/A,N/A,N/A,N/A,N/A,N/A,N/A,N/A,N/A,N/A,N/A,N/A,N/A,N/A,N/A,N/A,N/A,N/A,N/A,N/A,N/A,N/A,N/A,N/A,N/A,N/A,N/A,N/A,N/A,N/A,N/A,N/A,N/A,N/A,N/A,N/A,N/A,N/A,N/A,N/A,N/A,N/A,N/A,N/A,N/A,N/A,N/A,N/A,N/A,N/A,N/A,N/A,N/A,N/A,N/A,N/A,N/A,N/A,N/A,N/A,N/A,N/A,N/A,N/A,N/A,N/A,N/A,N/A,N/A,N/A,N/A,N/A,N/A,N/A,N/A,N/A,N/A,N/A,N/A,N/A,N/A,N/A,N/A,N/A,N/A,N/A,N/A,N/A,N/A,N/A,N/A,N/A,N/A,N/A,N/A,N/A,N/A,N/A,N/A,N/A,N/A,N/A,N/A,N/A,N/A,N/A,N/A,N/A,N/A,N/A,N/A,N/A,N/A,N/A,N/A,N/A,N/A,N/A,N/A,N/A,N/A,N/A,N/A,N/A,N/A,N/A,N/A
Kerim Çalhanoğlu,23,1030345200,2002/08/26,Prva HNL,2025/2026,Defender,HNK Vukovar 1991,1338,665,673,Germany,22,11,11,1,1,0,2,1,1,0,0,3,2,1,26,11,15,2,0,0.2,0.13,0.07,0.14,0,1338,1.75,51,61,669,669,0.13,101,65,64,10,100000,5.47,0.09,73,32.33,17.96,47,485,12.04,325,10,21.67,34,0.00,0.00,0.59,16,0.00,3.15,2.13,1.19,32,0.00,0.26,0.00,0.00,0.00,0.70,0.30,0.96,12.00,0.80,0.30,0.63,0.00,0.15,0.06,0.00,0.63,0.00,0.00,0,0,,12,0.44,48,4,0.27,54,8,0.53,45,8,8,14,76,0.00,99,0,19,1.27,80,85,57,5.67,97,0,0.00,99,0,0.00,0,0,0.00,0,1.07,66,17,1.13,49,8,0.53,47.06,0,0.00,0,0,0,0.00,0,26,0.00,14,1.73,83,N/A,N/A,N/A,N/A,0.00,0,0.00,0,1.55,0.00,0,67.01,33.33,57,8,0.70,1.27,19,53,53,0,0,0,0.30,0.53,8,75,147.79,2.48,4.47,67,0,0.00,0.00,99,0.00,0,0,2,0.07,0.13,0,0.00,0.00,0.07,0.04,1,0,8.33,61,52,57,90,14,2.38,71,0.09,0.16,1.55,54,0.06,0.10,14,5,0.19,0.33,0.93,0.52,35,14,0.10,52,39,81,93,0,53,52,0,0.00,99,17,0.00,1.13,8.27,4.59,124,60,34,38,4.00,2.22,48.39,7,0.47,60,0,21.18,0,0.00,99,18,0.67,1.20,91,50,83,93,0,0,0,0,0,67,58,62,69,0,64,23,78,38,2,9,40,8,N/A,N/A
Kévin Théophile-Catherine,36,625561200,1989/10/28,Prva HNL,2025/2026,Defender,Dinamo Zagreb,194,90,104,France,3,1,2,0,0,0,0,0,0,0,0,1,0,1,3,1,2,0,0,0,0,0,0,0,0,1.39,65,65,0,0,0,-1,-1,-1,16,300000,1.09,0,45,59.38,10.67,96,128,9.33,112,90,51.96,96,0.00,0.00,0.00,0,0.00,0.08,0.93,0.17,2,0.00,0.08,0.00,0.00,0.00,0.08,0.08,0.25,0.00,0.00,0.00,0.08,0.00,0.00,0.00,0.00,0.25,0.00,0.00,0,0,,0,0.00,8,0,0.00,18,0,0.00,10,0,1,2,23,0.00,99,0,1,0.46,30,1,25,0.46,31,0,0.00,99,0,0.00,0,0,0.00,0,0.00,9,1,0.46,28,1,0.46,100.00,0,0.00,0,0,0,0.00,0,3,0.00,39,1.39,62,N/A,N/A,N/A,N/A,0.00,0,0.00,0,0.00,0.00,0,87.50,0.00,18,99,0.00,0.00,0,47,99,0,0,0,0.08,0.46,1,72,13.08,0.75,4.18,9,0,0.00,0.00,99,0.00,0,0,0,0.00,0.00,0,0.00,0.00,0.00,0.00,0,0,0.00,47,0,0,45,41,0.21,38,0.02,0.10,0.00,10,0.00,0.00,21,1,0.08,0.46,1.39,0.25,66,3,0.00,10,0,80,67,0,44,61,0,0.00,99,3,0.00,1.39,6.96,1.25,15,6,14,20,2.78,0.50,40.00,1,0.46,61,0,0.00,0,0.00,99,0,0.00,0.00,25,0,24,9,0,0,0,0,0,29,45,62,53,0,87,68,15,15,0,0,15,28,N/A,N/A
Keyendrah Simmonds,24,991292400,2001/05/31,Prva HNL,2025/2026,Forward,HNK Vukovar 1991,112,46,66,England,3,1,2,0,0,0,0,0,0,0,0,0,0,0,4,1,3,1,0,0,0,0,0,0,0,3.21,28,37,112,0,0.8,-1,-1,-1,31,55000,2.66,0,45,18.48,3.29,9,23,2.00,14,1,11.25,5,0.00,0.00,0.29,2,0.00,0.86,0.80,0.14,1,0.00,0.14,0.00,0.00,0.00,0.00,0.00,0.29,0.00,2.41,0.43,0.29,0.00,0.00,0.02,0.00,0.14,0.00,0.00,0,0,,3,0.43,90,0,0.00,18,3,2.41,99,3,1,2,17,0.00,99,0,0,0.00,6,6,46,4.82,93,0,0.00,99,0,0.00,0,0,0.00,0,1.61,88,2,1.61,65,0,0.00,0.00,0,0.00,0,0,0,0.00,0,2,0.00,0,1.61,77,N/A,N/A,N/A,N/A,0.00,0,0.00,0,0.14,0.00,0,60.87,0.00,18,31,0.14,0.80,1,9,9,0,0,0,0.00,0.00,0,21,18.64,0.14,0.80,1,0,0.00,0.00,99,0.00,0,0,1,0.14,0.80,0,0.00,0.00,0.00,0.00,0,0,0.00,47,0,0,45,0,0.12,38,0.02,0.10,0.14,57,0.02,0.11,1,0,0.00,0.00,0.80,0.14,24,1,0.11,56,4,23,99,0,44,35,0,0.00,99,1,0.00,0.80,8.04,1.43,10,2,7,34,1.61,0.29,20.00,1,0.80,43,0,16.67,0,0.00,99,1,0.14,0.80,81,0,24,55,0,0,0,0,0,29,45,62,53,0,33,3,15,99,1,33,97,11,N/A,N/A
Krešimir Vrbanac,21,1114326000,2005/04/24,Prva HNL,2025/2026,Midfielder,Osijek,0,0,0,Croatia,0,0,0,0,0,0,0,0,0,0,0,0,0,0,0,0,0,0,0,0,0,0,0,0,0,0,0,0,0,0,0,-1,-1,-1,-1,N/A,N/A,N/A,N/A,N/A,N/A,N/A,N/A,N/A,N/A,N/A,N/A,N/A,N/A,N/A,N/A,N/A,N/A,N/A,N/A,N/A,N/A,N/A,N/A,N/A,N/A,N/A,N/A,N/A,N/A,N/A,N/A,N/A,N/A,N/A,N/A,N/A,N/A,N/A,N/A,N/A,N/A,N/A,N/A,N/A,N/A,N/A,N/A,N/A,N/A,N/A,N/A,N/A,N/A,N/A,N/A,N/A,N/A,N/A,N/A,N/A,N/A,N/A,N/A,N/A,N/A,N/A,N/A,N/A,N/A,N/A,N/A,N/A,N/A,N/A,N/A,N/A,N/A,N/A,N/A,N/A,N/A,N/A,N/A,N/A,N/A,N/A,N/A,N/A,N/A,N/A,N/A,N/A,N/A,N/A,N/A,N/A,N/A,N/A,N/A,N/A,N/A,N/A,N/A,N/A,N/A,N/A,N/A,N/A,N/A,N/A,N/A,N/A,N/A,N/A,N/A,N/A,N/A,N/A,N/A,N/A,N/A,N/A,N/A,N/A,N/A,N/A,N/A,N/A,N/A,N/A,N/A,N/A,N/A,N/A,N/A,N/A,N/A,N/A,N/A,N/A,N/A,N/A,N/A,N/A,N/A,N/A,N/A,N/A,N/A,N/A,N/A,N/A,N/A,N/A,N/A,N/A,N/A,N/A,N/A,N/A,N/A,N/A,N/A,N/A,N/A,N/A,N/A,N/A,N/A,N/A,N/A,N/A,N/A,N/A,N/A,N/A,N/A,N/A,N/A,N/A,N/A,N/A,N/A,N/A,N/A,N/A,N/A,N/A,N/A,N/A,N/A,N/A,N/A,N/A,N/A,N/A,N/A,N/A,N/A,N/A,N/A,N/A,N/A,N/A,N/A,N/A,N/A,N/A,N/A,N/A,N/A,N/A,N/A,N/A,N/A,N/A,N/A,N/A,N/A,N/A,N/A,N/A,N/A
Kristijan Cabrajic,21,1084345200,2004/05/12,Prva HNL,2025/2026,Defender,HNK Vukovar 1991,1184,583,601,Croatia,16,8,8,0,0,0,1,1,0,0,0,2,2,0,28,13,15,3,0,0.08,0.08,0,0,0,0,2.13,42,74,395,1184,0.23,201,90,74,32,65000,4.10,0.06,63,29.97,14.67,38,396,11.33,306,40,23.16,40,0.00,0.00,0.41,11,0.00,0.81,1.67,0.81,22,0.00,0.41,0.00,0.00,0.00,0.70,0.48,1.04,0.00,0.38,0.19,0.81,0.00,0.00,0.01,0.00,0.48,0.00,0.00,0,0,,5,0.19,24,0,0.00,18,5,0.38,35,2,3,13,61,0.00,99,0,19,1.44,88,22,37,1.67,60,0,0.00,99,0,0.00,0,0,0.00,0,0.83,55,22,1.67,68,13,0.98,59.09,0,0.00,0,0,0,0.00,0,28,0.00,4,2.12,90,N/A,N/A,N/A,N/A,0.00,0,0.00,0,0.25,0.00,0,77.27,0.00,18,11,0.59,1.21,16,81,78,0,0,0,0.04,0.08,1,32,110.68,1.33,2.72,36,1,0.00,0.08,9,0.04,0,0,2,0.07,0.15,0,0.00,0.00,0.00,0.00,0,0,0.00,47,44,32,45,4,1.66,56,0.06,0.13,0.25,21,0.01,0.02,30,9,0.33,0.68,0.83,0.41,25,11,0.02,20,16,68,95,0,44,45,0,0.00,99,13,0.00,0.98,8.33,4.07,110,56,40,39,4.24,2.07,50.91,11,0.83,41,0,13.64,0,0.00,99,3,0.11,0.23,52,46,45,41,0,0,0,0,0,38,45,62,53,0,41,19,53,63,3,19,75,20,N/A,N/A
Kristijan Pavičić,27,920707200,1999/03/06,Prva HNL,2025/2026,Midfielder,HNK Vukovar 1991,1903,800,1103,Croatia,24,11,13,0,0,0,0,0,0,0,0,2,1,1,40,13,27,5,0,0,0,0,0,0,0,1.89,48,79,381,0,0.24,200,200,-1,25,70000,6.60,0,45,29.94,26.38,37,633,19.88,477,32,22.56,37,0.00,0.00,0.17,4,0.00,1.67,1.99,1.75,42,0.00,0.12,0.00,0.00,0.00,2.00,0.08,1.50,0.00,0.28,0.21,0.21,0.00,0.04,0.01,0.00,1.04,0.00,0.00,0,0,,6,0.25,19,1,0.05,20,5,0.24,25,11,1,23,72,0.00,99,0,48,2.27,99,40,60,1.89,62,0,0.00,99,0,0.00,0,0,0.00,0,0.19,18,5,0.24,19,2,0.09,40.00,0,0.00,0,0,0,0.00,0,36,0.00,9,1.70,81,N/A,N/A,N/A,N/A,0.00,0,0.00,0,0.32,0.00,0,75.36,16.67,24,43,0.58,0.66,14,15,38,0,0,0,0.71,0.80,17,93,158.44,5.62,6.38,135,0,0.00,0.00,99,0.00,0,0,0,0.00,0.00,0,0.00,0.00,0.00,0.00,0,0,0.00,47,74,64,45,10,1.10,10,0.05,0.05,0.32,21,0.01,0.02,34,16,0.67,0.76,1.14,1.00,50,24,0.02,20,73,97,67,0,44,53,0,0.00,99,25,0.00,1.18,7.28,6.42,154,85,35,26,4.02,3.54,55.19,3,0.14,85,0,22.50,0,0.00,99,9,0.38,0.43,69,78,24,99,0,0,0,0,0,29,45,62,53,0,43,6,51,66,5,21,82,16,N/A,N/A
Krunoslav Hendija,37,606297600,1989/03/19,Prva HNL,2025/2026,Goalkeeper,Lokomotiva Zagreb,0,0,0,Croatia,0,0,0,0,0,0,0,0,0,0,0,0,0,0,0,0,0,0,0,0,0,0,0,0,0,0,0,0,0,0,0,-1,-1,-1,-1,N/A,N/A,N/A,N/A,N/A,N/A,N/A,N/A,N/A,N/A,N/A,N/A,N/A,N/A,N/A,N/A,N/A,N/A,N/A,N/A,N/A,N/A,N/A,N/A,N/A,N/A,N/A,N/A,N/A,N/A,N/A,N/A,N/A,N/A,N/A,N/A,N/A,N/A,N/A,N/A,N/A,N/A,N/A,N/A,N/A,N/A,N/A,N/A,N/A,N/A,N/A,N/A,N/A,N/A,N/A,N/A,N/A,N/A,N/A,N/A,N/A,N/A,N/A,N/A,N/A,N/A,N/A,N/A,N/A,N/A,N/A,N/A,N/A,N/A,N/A,N/A,N/A,N/A,N/A,N/A,N/A,N/A,N/A,N/A,N/A,N/A,N/A,N/A,N/A,N/A,N/A,N/A,N/A,N/A,N/A,N/A,N/A,N/A,N/A,N/A,N/A,N/A,N/A,N/A,N/A,N/A,N/A,N/A,N/A,N/A,N/A,N/A,N/A,N/A,N/A,N/A,N/A,N/A,N/A,N/A,N/A,N/A,N/A,N/A,N/A,N/A,N/A,N/A,N/A,N/A,N/A,N/A,N/A,N/A,N/A,N/A,N/A,N/A,N/A,N/A,N/A,N/A,N/A,N/A,N/A,N/A,N/A,N/A,N/A,N/A,N/A,N/A,N/A,N/A,N/A,N/A,N/A,N/A,N/A,N/A,N/A,N/A,N/A,N/A,N/A,N/A,N/A,N/A,N/A,N/A,N/A,N/A,N/A,N/A,N/A,N/A,N/A,N/A,N/A,N/A,N/A,N/A,N/A,N/A,N/A,N/A,N/A,N/A,N/A,N/A,N/A,N/A,N/A,N/A,N/A,N/A,N/A,N/A,N/A,N/A,N/A,N/A,N/A,N/A,N/A,N/A,N/A,N/A,N/A,N/A,N/A,N/A,N/A,N/A,N/A,N/A,N/A,N/A,N/A,N/A,N/A,N/A,N/A,N/A
Lamine Ba,28,872406000,1997/08/24,Prva HNL,2025/2026,Defender,Varaždin,1311,703,608,France,15,8,7,0,0,0,0,0,0,0,0,3,2,1,20,11,9,4,0,0,0,0,0,0,0,1.37,66,87,328,0,0.27,213,210,45,28,0,6.40,0,45,44.42,40.44,76,647,34.38,550,80,37.76,78,0.00,0.00,0.12,2,0.00,0.06,1.37,1.25,20,0.00,0.38,0.00,0.00,0.00,1.25,0.50,1.19,0.00,0.34,0.12,0.62,0.00,0.19,0.03,0.00,1.38,0.00,0.00,0,0,,5,0.31,21,3,0.21,46,2,0.14,16,3,0,15,45,0.00,99,0,20,1.37,85,1,25,0.07,14,0,0.00,99,0,0.00,0,0,0.00,0,0.14,15,10,0.69,38,8,0.55,80.00,0,0.00,0,0,0,0.00,0,19,0.00,42,1.30,52,N/A,N/A,N/A,N/A,0.00,0,0.00,0,0.42,0.00,0,85.01,60.00,95,89,0.19,0.21,3,56,91,0,0,0,0.88,0.96,14,97,102.35,5.44,5.97,87,0,0.00,0.00,99,0.00,0,0,0,0.00,0.00,0,0.00,0.00,0.00,0.00,0,1,0.00,47,49,29,45,44,1.41,38,0.09,0.10,0.42,28,0.03,0.03,19,6,0.38,0.41,1.24,1.12,56,18,0.03,27,67,95,67,0,44,68,0,0.00,99,22,0.00,1.51,7.14,6.50,104,54,24,23,3.71,3.38,51.92,6,0.41,64,0,0.00,0,0.00,99,0,0.00,0.00,25,53,14,55,0,0,0,0,0,29,45,62,53,0,16,40,45,71,4,27,94,5,0,0
Leo Štulac,31,780562800,1994/09/26,Prva HNL,2025/2026,Midfielder,Istra 1961,677,383,294,Slovenia,10,6,4,0,0,0,0,0,0,0,0,1,0,1,10,8,2,0,0,0,0,0,0,0,0,1.33,68,68,0,0,0,144,148,-1,21,0,6.13,0,45,47.73,32.64,83,359,27.73,305,80,40.55,84,0.00,0.00,0.73,8,0.00,2.09,1.20,0.82,9,0.00,0.73,0.00,0.00,0.00,0.55,0.36,1.00,0.00,1.06,0.64,0.73,0.00,0.09,0.04,0.00,0.55,0.00,0.00,0,0,,8,0.73,58,1,0.13,31,7,0.93,71,3,2,8,37,0.00,99,0,6,0.80,50,23,48,3.06,77,0,0.00,99,0,0.00,0,0,0.00,0,1.06,64,8,1.06,48,4,0.53,50.00,0,0.00,0,0,0,0.00,0,11,0.00,48,1.46,71,N/A,N/A,N/A,N/A,0.00,0,0.00,0,0.45,0.00,0,84.96,12.50,20,31,0.55,0.80,6,53,68,0,0,0,0.27,0.40,3,69,67.43,0.73,1.06,8,0,0.00,0.00,99,0.00,0,0,0,0.00,0.00,0,0.00,0.00,0.00,0.00,0,0,0.00,47,19,11,45,49,0.92,52,0.08,0.12,0.45,40,0.04,0.06,89,16,1.45,2.13,1.46,1.00,69,11,0.06,39,57,37,67,0,44,35,0,0.00,99,6,0.00,0.80,8.91,6.09,67,35,52,47,4.65,3.18,52.24,8,1.06,27,0,17.39,0,0.00,99,4,0.36,0.53,72,24,31,55,0,0,0,0,0,29,45,62,53,0,16,10,15,15,0,0,15,23,0,0
Leon Bosnjak,26,949910400,2000/02/07,Prva HNL,2025/2026,Midfielder,Slaven Koprivnica,0,0,0,Croatia,0,0,0,0,0,0,0,0,0,0,0,0,0,0,0,0,0,0,0,0,0,0,0,0,0,0,0,0,0,0,0,-1,-1,-1,-1,N/A,N/A,N/A,N/A,N/A,N/A,N/A,N/A,N/A,N/A,N/A,N/A,N/A,N/A,N/A,N/A,N/A,N/A,N/A,N/A,N/A,N/A,N/A,N/A,N/A,N/A,N/A,N/A,N/A,N/A,N/A,N/A,N/A,N/A,N/A,N/A,N/A,N/A,N/A,N/A,N/A,N/A,N/A,N/A,N/A,N/A,N/A,N/A,N/A,N/A,N/A,N/A,N/A,N/A,N/A,N/A,N/A,N/A,N/A,N/A,N/A,N/A,N/A,N/A,N/A,N/A,N/A,N/A,N/A,N/A,N/A,N/A,N/A,N/A,N/A,N/A,N/A,N/A,N/A,N/A,N/A,N/A,N/A,N/A,N/A,N/A,N/A,N/A,N/A,N/A,N/A,N/A,N/A,N/A,N/A,N/A,N/A,N/A,N/A,N/A,N/A,N/A,N/A,N/A,N/A,N/A,N/A,N/A,N/A,N/A,N/A,N/A,N/A,N/A,N/A,N/A,N/A,N/A,N/A,N/A,N/A,N/A,N/A,N/A,N/A,N/A,N/A,N/A,N/A,N/A,N/A,N/A,N/A,N/A,N/A,N/A,N/A,N/A,N/A,N/A,N/A,N/A,N/A,N/A,N/A,N/A,N/A,N/A,N/A,N/A,N/A,N/A,N/A,N/A,N/A,N/A,N/A,N/A,N/A,N/A,N/A,N/A,N/A,N/A,N/A,N/A,N/A,N/A,N/A,N/A,N/A,N/A,N/A,N/A,N/A,N/A,N/A,N/A,N/A,N/A,N/A,N/A,N/A,N/A,N/A,N/A,N/A,N/A,N/A,N/A,N/A,N/A,N/A,N/A,N/A,N/A,N/A,N/A,N/A,N/A,N/A,N/A,N/A,N/A,N/A,N/A,N/A,N/A,N/A,N/A,N/A,N/A,N/A,N/A,N/A,N/A,N/A,N/A,N/A,N/A,N/A,N/A,N/A,N/A
Leon Bošnjak,20,1138003200,2006/01/23,Prva HNL,2025/2026,Midfielder,Slaven Koprivnica,250,56,194,Croatia,12,5,7,0,0,0,1,0,1,0,0,1,1,0,7,0,7,3,1,0.36,0.36,0,0,0,0,2.52,36,21,63,250,1.44,-1,-1,-1,23,20000,2.01,0.08,98,43.54,4.76,72,119,3.68,92,40,33.66,67,0.00,0.00,0.16,4,0.00,0.08,1.46,0.16,4,0.00,0.04,0.00,0.00,0.00,0.12,0.08,0.32,0.00,0.73,0.08,0.24,0.00,0.00,0.00,0.00,0.08,0.00,0.00,0,0,,2,0.08,43,0,0.00,18,2,0.73,57,0,11,1,48,0.00,99,0,3,1.10,71,2,98,0.73,44,0,0.00,99,0,0.00,0,0,0.00,0,1.46,82,6,2.20,81,2,0.73,33.33,0,0.00,0,0,0,0.00,0,8,0.00,0,2.93,95,N/A,N/A,N/A,N/A,0.00,0,0.00,0,0.08,0.00,0,77.31,0.00,18,5,0.16,1.46,4,67,27,0,0,0,0.00,0.00,0,21,50.16,0.12,1.10,3,0,0.00,0.00,99,0.00,0,0,0,0.00,0.00,0,0.00,0.00,0.37,0.04,1,0,0.00,47,0,17,45,0,0.91,98,0.04,0.33,0.08,28,0.00,0.03,82,5,0.20,1.83,2.56,0.28,99,7,0.03,27,1,37,67,0,88,31,0,0.00,99,2,0.00,0.73,12.07,1.32,33,13,54,83,4.76,0.52,39.39,1,0.37,68,0,50.00,0,0.00,99,1,0.04,0.37,62,0,92,9,0,0,0,0,0,81,45,62,53,0,19,6,15,99,2,17,67,24,N/A,N/A
Leon Geci,18,1205218800,2008/03/11,Prva HNL,2025/2026,Midfielder,Slaven Koprivnica,0,0,0,Croatia,0,0,0,0,0,0,0,0,0,0,0,0,0,0,0,0,0,0,0,0,0,0,0,0,0,0,0,0,0,0,0,-1,-1,-1,-1,N/A,N/A,N/A,N/A,N/A,N/A,N/A,N/A,N/A,N/A,N/A,N/A,N/A,N/A,N/A,N/A,N/A,N/A,N/A,N/A,N/A,N/A,N/A,N/A,N/A,N/A,N/A,N/A,N/A,N/A,N/A,N/A,N/A,N/A,N/A,N/A,N/A,N/A,N/A,N/A,N/A,N/A,N/A,N/A,N/A,N/A,N/A,N/A,N/A,N/A,N/A,N/A,N/A,N/A,N/A,N/A,N/A,N/A,N/A,N/A,N/A,N/A,N/A,N/A,N/A,N/A,N/A,N/A,N/A,N/A,N/A,N/A,N/A,N/A,N/A,N/A,N/A,N/A,N/A,N/A,N/A,N/A,N/A,N/A,N/A,N/A,N/A,N/A,N/A,N/A,N/A,N/A,N/A,N/A,N/A,N/A,N/A,N/A,N/A,N/A,N/A,N/A,N/A,N/A,N/A,N/A,N/A,N/A,N/A,N/A,N/A,N/A,N/A,N/A,N/A,N/A,N/A,N/A,N/A,N/A,N/A,N/A,N/A,N/A,N/A,N/A,N/A,N/A,N/A,N/A,N/A,N/A,N/A,N/A,N/A,N/A,N/A,N/A,N/A,N/A,N/A,N/A,N/A,N/A,N/A,N/A,N/A,N/A,N/A,N/A,N/A,N/A,N/A,N/A,N/A,N/A,N/A,N/A,N/A,N/A,N/A,N/A,N/A,N/A,N/A,N/A,N/A,N/A,N/A,N/A,N/A,N/A,N/A,N/A,N/A,N/A,N/A,N/A,N/A,N/A,N/A,N/A,N/A,N/A,N/A,N/A,N/A,N/A,N/A,N/A,N/A,N/A,N/A,N/A,N/A,N/A,N/A,N/A,N/A,N/A,N/A,N/A,N/A,N/A,N/A,N/A,N/A,N/A,N/A,N/A,N/A,N/A,N/A,N/A,N/A,N/A,N/A,N/A,N/A,N/A,N/A,N/A,N/A,N/A
Leon Jakirović,18,1200470400,2008/01/16,Prva HNL,2025/2026,Midfielder,Dinamo Zagreb,0,0,0,Croatia,0,0,0,0,0,0,0,0,0,0,0,0,0,0,0,0,0,0,0,0,0,0,0,0,0,0,0,0,0,0,0,-1,-1,-1,-1,N/A,N/A,N/A,N/A,N/A,N/A,N/A,N/A,N/A,N/A,N/A,N/A,N/A,N/A,N/A,N/A,N/A,N/A,N/A,N/A,N/A,N/A,N/A,N/A,N/A,N/A,N/A,N/A,N/A,N/A,N/A,N/A,N/A,N/A,N/A,N/A,N/A,N/A,N/A,N/A,N/A,N/A,N/A,N/A,N/A,N/A,N/A,N/A,N/A,N/A,N/A,N/A,N/A,N/A,N/A,N/A,N/A,N/A,N/A,N/A,N/A,N/A,N/A,N/A,N/A,N/A,N/A,N/A,N/A,N/A,N/A,N/A,N/A,N/A,N/A,N/A,N/A,N/A,N/A,N/A,N/A,N/A,N/A,N/A,N/A,N/A,N/A,N/A,N/A,N/A,N/A,N/A,N/A,N/A,N/A,N/A,N/A,N/A,N/A,N/A,N/A,N/A,N/A,N/A,N/A,N/A,N/A,N/A,N/A,N/A,N/A,N/A,N/A,N/A,N/A,N/A,N/A,N/A,N/A,N/A,N/A,N/A,N/A,N/A,N/A,N/A,N/A,N/A,N/A,N/A,N/A,N/A,N/A,N/A,N/A,N/A,N/A,N/A,N/A,N/A,N/A,N/A,N/A,N/A,N/A,N/A,N/A,N/A,N/A,N/A,N/A,N/A,N/A,N/A,N/A,N/A,N/A,N/A,N/A,N/A,N/A,N/A,N/A,N/A,N/A,N/A,N/A,N/A,N/A,N/A,N/A,N/A,N/A,N/A,N/A,N/A,N/A,N/A,N/A,N/A,N/A,N/A,N/A,N/A,N/A,N/A,N/A,N/A,N/A,N/A,N/A,N/A,N/A,N/A,N/A,N/A,N/A,N/A,N/A,N/A,N/A,N/A,N/A,N/A,N/A,N/A,N/A,N/A,N/A,N/A,N/A,N/A,N/A,N/A,N/A,N/A,N/A,N/A,N/A,N/A,N/A,N/A,N/A,N/A
Leonard Zhuta,33,713343600,1992/08/09,Prva HNL,2025/2026,Defender,Slaven Koprivnica,1394,744,650,FYR Macedonia,19,10,9,2,1,1,1,0,1,0,0,3,3,0,21,9,12,2,0,0.19,0.06,0.13,0.12,0.14,697,1.36,66,73,697,1394,0.13,70,106,43,8,65000,5.68,0.05,56,35.64,25.09,59,552,17.95,395,17,25.50,49,0.00,0.00,0.32,7,0.00,1.77,1.29,0.91,20,0.00,0.09,0.00,0.00,0.00,0.27,0.14,1.00,4.00,0.52,0.27,0.18,0.00,0.09,0.08,0.00,1.05,0.00,0.00,0,0,,8,0.36,33,2,0.13,31,6,0.39,37,2,3,16,42,0.00,99,0,6,0.39,25,39,88,2.52,71,0,0.00,99,0,0.00,0,0,0.00,0,0.45,35,4,0.26,19,3,0.19,75.00,0,0.00,0,0,0,0.00,0,22,0.00,44,1.42,67,N/A,N/A,N/A,N/A,0.00,0,0.00,0,1.69,0.00,0,71.56,25.00,42,86,0.18,0.26,4,28,90,0,0,0,0.41,0.58,9,78,125.06,2.59,3.68,57,0,0.00,0.00,99,0.00,0,0,0,0.00,0.00,0,0.00,0.00,0.13,0.09,2,0,25.00,96,54,44,76,44,1.72,45,0.08,0.11,1.69,57,0.08,0.11,9,3,0.14,0.19,1.03,0.73,41,16,0.11,56,44,76,67,0,68,64,0,0.00,99,23,0.00,1.48,5.29,3.73,82,48,15,10,3.10,2.18,58.54,2,0.13,86,0,33.33,0,0.00,99,13,0.59,0.84,83,57,45,41,0,0,0,0,0,66,70,73,65,0,41,27,80,38,2,11,47,35,N/A,N/A
Leonardo Germán Sigali,38,549270000,1987/05/29,Prva HNL,2025/2026,Defender,Lokomotiva Zagreb,0,0,0,Argentina,0,0,0,0,0,0,0,0,0,0,0,0,0,0,0,0,0,0,0,0,0,0,0,0,0,0,0,0,0,0,0,-1,-1,-1,-1,N/A,N/A,N/A,N/A,N/A,N/A,N/A,N/A,N/A,N/A,N/A,N/A,N/A,N/A,N/A,N/A,N/A,N/A,N/A,N/A,N/A,N/A,N/A,N/A,N/A,N/A,N/A,N/A,N/A,N/A,N/A,N/A,N/A,N/A,N/A,N/A,N/A,N/A,N/A,N/A,N/A,N/A,N/A,N/A,N/A,N/A,N/A,N/A,N/A,N/A,N/A,N/A,N/A,N/A,N/A,N/A,N/A,N/A,N/A,N/A,N/A,N/A,N/A,N/A,N/A,N/A,N/A,N/A,N/A,N/A,N/A,N/A,N/A,N/A,N/A,N/A,N/A,N/A,N/A,N/A,N/A,N/A,N/A,N/A,N/A,N/A,N/A,N/A,N/A,N/A,N/A,N/A,N/A,N/A,N/A,N/A,N/A,N/A,N/A,N/A,N/A,N/A,N/A,N/A,N/A,N/A,N/A,N/A,N/A,N/A,N/A,N/A,N/A,N/A,N/A,N/A,N/A,N/A,N/A,N/A,N/A,N/A,N/A,N/A,N/A,N/A,N/A,N/A,N/A,N/A,N/A,N/A,N/A,N/A,N/A,N/A,N/A,N/A,N/A,N/A,N/A,N/A,N/A,N/A,N/A,N/A,N/A,N/A,N/A,N/A,N/A,N/A,N/A,N/A,N/A,N/A,N/A,N/A,N/A,N/A,N/A,N/A,N/A,N/A,N/A,N/A,N/A,N/A,N/A,N/A,N/A,N/A,N/A,N/A,N/A,N/A,N/A,N/A,N/A,N/A,N/A,N/A,N/A,N/A,N/A,N/A,N/A,N/A,N/A,N/A,N/A,N/A,N/A,N/A,N/A,N/A,N/A,N/A,N/A,N/A,N/A,N/A,N/A,N/A,N/A,N/A,N/A,N/A,N/A,N/A,N/A,N/A,N/A,N/A,N/A,N/A,N/A,N/A,N/A,N/A,N/A,N/A,N/A,N/A
Leoni Schmidt Pereira Gastaldelo,23,1048233600,2003/03/21,Prva HNL,2025/2026,Midfielder,HNK Vukovar 1991,99,46,53,Brazil,4,2,2,0,0,0,0,0,0,0,0,0,0,0,3,2,1,0,0,0,0,0,0,0,0,2.73,33,25,0,0,0,-1,-1,-1,26,55000,1.53,0,45,13.58,1.00,2,8,0.75,6,30,10.19,3,0.00,0.00,0.00,0,0.00,0.12,1.70,0.12,1,0.00,0.12,0.00,0.00,0.00,0.12,0.00,0.25,0.00,0.00,0.00,0.50,0.00,0.00,0.00,0.00,0.00,0.00,0.00,0,0,,0,0.00,8,0,0.00,18,0,0.00,10,5,2,2,62,0.00,99,0,1,1.70,95,1,25,1.70,61,0,0.00,99,0,0.00,0,0,0.00,0,0.00,9,4,6.79,99,0,0.00,0.00,0,0.00,0,0,0,0.00,0,2,0.00,0,3.40,96,N/A,N/A,N/A,N/A,0.00,0,0.00,0,0.00,0.00,0,75.00,0.00,18,99,0.00,0.00,0,9,9,0,0,0,0.00,0.00,0,21,12.22,0.00,0.00,0,0,0.00,0.00,99,0.00,0,0,0,0.00,0.00,0,0.00,0.00,0.00,0.00,0,0,0.00,47,0,0,45,0,0.01,1,0.00,0.02,0.00,10,0.00,0.00,99,2,0.25,3.40,3.40,0.25,99,2,0.00,10,0,0,67,0,44,1,0,0.00,99,0,0.00,0.00,20.38,1.50,12,3,65,99,5.09,0.38,25.00,1,1.70,9,0,0.00,0,0.00,99,0,0.00,0.00,25,0,31,73,0,0,0,0,0,29,45,62,53,0,33,3,15,15,0,0,15,23,N/A,N/A
Ljuban Crepulja,32,746953200,1993/09/02,Prva HNL,2025/2026,Midfielder,Slaven Koprivnica,1569,681,888,Croatia,26,11,15,3,1,2,5,2,3,0,0,5,4,1,31,7,24,1,0,0.46,0.29,0.17,0.13,0.2,523,1.78,51,60,1569,314,0.06,59,11,-1,5,85000,5.87,0.19,96,64.68,36.42,97,1129,32.71,1014,95,58.09,98,0.00,0.00,0.90,28,0.00,2.58,1.55,0.87,27,0.00,0.10,0.00,0.00,0.00,0.35,0.23,0.97,3.67,0.63,0.16,0.39,0.00,0.19,0.09,0.00,0.65,0.00,0.00,0,0,,11,0.35,40,6,0.34,61,5,0.29,28,6,9,17,53,0.00,99,0,11,0.63,40,80,71,4.58,91,0,0.00,99,0,0.00,0,0,0.00,0,1.60,87,12,0.69,38,7,0.40,58.33,0,0.00,0,0,0,0.00,0,30,0.00,12,1.72,82,N/A,N/A,N/A,N/A,0.00,0,0.00,0,2.73,0.00,0,89.81,54.55,93,5,0.87,1.55,27,44,78,2,0,0,0.16,0.29,5,60,182.06,0.77,1.37,24,0,0.00,0.00,99,0.00,0,2,1,0.03,0.06,0,0.00,0.00,0.11,0.06,2,0,27.27,98,62,71,69,14,6.10,99,0.20,0.35,1.33,47,0.04,0.08,21,8,0.26,0.46,0.29,0.16,8,5,0.16,69,48,45,78,0,65,53,0,0.00,99,20,0.00,1.15,6.65,3.74,116,62,20,19,3.55,2.00,53.45,3,0.17,82,0,26.25,0,0.00,99,21,0.68,1.20,91,60,85,82,0,0,0,0,0,88,76,82,67,0,54,38,99,18,1,4,18,21,N/A,N/A
Logi Hrafn Róbertsson,21,1090479600,2004/07/22,Prva HNL,2025/2026,Midfielder,Istra 1961,252,219,33,Iceland,9,6,3,1,0,1,0,0,0,0,0,3,2,1,3,2,1,0,0,0.36,0,0.36,0,2.73,252,1.07,84,28,0,0,0,-1,-1,-1,13,65000,3.10,0,45,38.21,6.29,62,107,5.41,92,85,32.86,66,0.00,0.00,0.06,1,0.00,0.06,2.86,0.47,8,0.00,0.06,0.00,0.00,0.00,0.35,0.12,0.24,0.00,0.71,0.12,0.24,0.00,0.00,0.01,0.00,0.41,0.00,0.00,0,0,,2,0.12,42,0,0.00,18,2,0.71,57,5,7,2,96,0.00,99,0,6,2.14,99,1,25,0.36,27,0,0.00,99,0,0.00,0,0,0.00,0,0.36,28,4,1.43,61,2,0.71,50.00,0,0.00,0,0,0,0.00,0,4,0.00,69,1.43,68,N/A,N/A,N/A,N/A,0.00,0,0.00,0,0.09,0.00,0,85.98,0.00,18,0,0.35,2.14,6,65,68,0,0,0,0.18,1.07,3,97,52.65,0.71,4.29,12,1,0.00,0.36,0,0.06,0,0,0,0.00,0.00,0,0.00,0.00,0.00,0.00,0,0,0.00,47,0,8,53,69,0.20,18,0.01,0.07,0.09,28,0.01,0.03,81,5,0.29,1.79,1.07,0.18,43,3,0.03,27,6,81,67,0,44,90,0,0.00,99,7,0.00,2.50,11.79,1.94,33,20,97,82,7.14,1.18,60.61,1,0.36,69,0,0.00,0,0.00,99,0,0.00,0.00,25,0,76,73,0,0,0,0,0,81,93,99,53,0,41,68,15,15,0,0,15,6,N/A,N/A
Losika Ratshukudu,20,1138780800,2006/02/01,Prva HNL,2025/2026,Forward,Slaven Koprivnica,0,0,0,Botswana,0,0,0,0,0,0,0,0,0,0,0,0,0,0,0,0,0,0,0,0,0,0,0,0,0,0,0,0,0,0,0,-1,-1,-1,-1,N/A,N/A,N/A,N/A,N/A,N/A,N/A,N/A,N/A,N/A,N/A,N/A,N/A,N/A,N/A,N/A,N/A,N/A,N/A,N/A,N/A,N/A,N/A,N/A,N/A,N/A,N/A,N/A,N/A,N/A,N/A,N/A,N/A,N/A,N/A,N/A,N/A,N/A,N/A,N/A,N/A,N/A,N/A,N/A,N/A,N/A,N/A,N/A,N/A,N/A,N/A,N/A,N/A,N/A,N/A,N/A,N/A,N/A,N/A,N/A,N/A,N/A,N/A,N/A,N/A,N/A,N/A,N/A,N/A,N/A,N/A,N/A,N/A,N/A,N/A,N/A,N/A,N/A,N/A,N/A,N/A,N/A,N/A,N/A,N/A,N/A,N/A,N/A,N/A,N/A,N/A,N/A,N/A,N/A,N/A,N/A,N/A,N/A,N/A,N/A,N/A,N/A,N/A,N/A,N/A,N/A,N/A,N/A,N/A,N/A,N/A,N/A,N/A,N/A,N/A,N/A,N/A,N/A,N/A,N/A,N/A,N/A,N/A,N/A,N/A,N/A,N/A,N/A,N/A,N/A,N/A,N/A,N/A,N/A,N/A,N/A,N/A,N/A,N/A,N/A,N/A,N/A,N/A,N/A,N/A,N/A,N/A,N/A,N/A,N/A,N/A,N/A,N/A,N/A,N/A,N/A,N/A,N/A,N/A,N/A,N/A,N/A,N/A,N/A,N/A,N/A,N/A,N/A,N/A,N/A,N/A,N/A,N/A,N/A,N/A,N/A,N/A,N/A,N/A,N/A,N/A,N/A,N/A,N/A,N/A,N/A,N/A,N/A,N/A,N/A,N/A,N/A,N/A,N/A,N/A,N/A,N/A,N/A,N/A,N/A,N/A,N/A,N/A,N/A,N/A,N/A,N/A,N/A,N/A,N/A,N/A,N/A,N/A,N/A,N/A,N/A,N/A,N/A,N/A,N/A,N/A,N/A,N/A,N/A
Lovre Banovec,24,1004252400,2001/10/28,Prva HNL,2025/2026,Midfielder,HNK Vukovar 1991,2131,989,1142,Croatia,28,14,14,3,2,1,5,3,2,0,0,3,2,1,38,16,22,5,0,0.34,0.21,0.13,0.18,0.08,710,1.6,56,76,426,426,0.21,72,29,-1,3,140000,6.74,0.18,89,22.72,19.21,16,538,13.04,365,10,15.42,14,0.00,0.00,1.29,36,0.00,1.25,2.24,1.89,53,0.00,1.04,0.00,0.00,0.00,0.86,0.57,1.21,10.67,1.35,0.86,1.61,0.00,0.29,0.14,0.00,1.43,0.00,0.00,0,0,,32,1.14,67,8,0.34,61,24,1.01,73,10,3,25,84,0.00,99,0,24,1.01,64,35,70,1.48,59,0,0.00,99,0,0.00,0,0,0.00,0,1.52,86,45,1.90,75,16,0.68,35.56,0,0.00,0,0,0,0.00,0,34,0.00,21,1.44,69,N/A,N/A,N/A,N/A,0.00,0,0.00,0,4.02,0.00,0,67.84,25.00,42,2,1.46,1.73,41,63,29,0,0,0,0.11,0.13,3,43,188.80,1.54,1.82,43,0,0.00,0.00,99,0.00,0,0,3,0.11,0.13,0,0.00,0.00,0.25,0.21,6,1,9.38,68,81,83,76,21,5.02,85,0.18,0.21,4.02,71,0.14,0.17,84,45,1.61,1.90,2.37,2.00,98,56,0.17,71,78,56,93,0,82,75,0,0.00,99,40,0.00,1.69,14.99,12.68,355,151,92,97,6.38,5.39,42.54,29,1.22,18,0,25.71,0,0.00,99,9,0.32,0.38,64,83,45,99,0,0,0,0,0,80,70,66,73,0,76,12,58,59,5,18,70,28,N/A,N/A
Lovre Kulušić,19,1163577600,2006/11/15,Prva HNL,2025/2026,Midfielder,HNK Vukovar 1991,363,215,148,Croatia,7,4,3,0,0,0,0,0,0,0,0,2,1,1,6,4,2,3,0,0,0,0,0,0,0,1.49,61,52,121,0,0.74,146,142,-1,16,0,5.56,0,45,11.90,6.00,1,48,3.88,31,5,7.69,1,0.00,0.00,0.00,0,0.00,0.12,0.50,0.25,2,0.00,0.50,0.00,0.00,0.00,0.12,0.12,0.75,0.00,1.49,0.38,0.50,0.00,0.38,0.07,0.00,1.50,0.00,0.00,0,0,,6,0.75,71,3,0.74,84,3,0.74,58,3,3,4,11,0.00,99,0,1,0.25,15,1,25,0.25,24,0,0.00,99,0,0.00,0,0,0.00,0,0.00,9,4,0.99,45,1,0.25,25.00,0,0.00,0,0,0,0.00,0,6,0.00,25,1.49,73,N/A,N/A,N/A,N/A,0.00,0,0.00,0,0.57,0.00,0,64.58,50.00,90,59,0.25,0.50,2,33,17,0,0,0,0.00,0.00,0,21,44.50,0.25,0.50,2,0,0.00,0.00,99,0.00,0,0,0,0.00,0.00,0,0.00,0.00,0.50,0.25,2,0,0.00,47,0,4,45,26,0.06,0,0.01,0.01,0.57,66,0.07,0.14,48,4,0.50,0.99,1.49,0.75,73,6,0.14,65,40,9,67,0,91,95,0,0.00,99,12,0.00,2.98,14.63,7.38,59,19,54,96,4.71,2.38,32.20,4,0.99,32,0,0.00,0,0.00,99,0,0.00,0.00,25,7,45,55,0,0,0,0,0,29,45,62,53,0,16,60,15,99,3,43,99,11,0,0
Lovro Dukić,20,1141113600,2006/02/28,Prva HNL,2025/2026,Defender,Gorica,0,0,0,Croatia,0,0,0,0,0,0,0,0,0,0,0,0,0,0,0,0,0,0,0,0,0,0,0,0,0,0,0,0,0,0,0,-1,-1,-1,-1,N/A,N/A,N/A,N/A,N/A,N/A,N/A,N/A,N/A,N/A,N/A,N/A,N/A,N/A,N/A,N/A,N/A,N/A,N/A,N/A,N/A,N/A,N/A,N/A,N/A,N/A,N/A,N/A,N/A,N/A,N/A,N/A,N/A,N/A,N/A,N/A,N/A,N/A,N/A,N/A,N/A,N/A,N/A,N/A,N/A,N/A,N/A,N/A,N/A,N/A,N/A,N/A,N/A,N/A,N/A,N/A,N/A,N/A,N/A,N/A,N/A,N/A,N/A,N/A,N/A,N/A,N/A,N/A,N/A,N/A,N/A,N/A,N/A,N/A,N/A,N/A,N/A,N/A,N/A,N/A,N/A,N/A,N/A,N/A,N/A,N/A,N/A,N/A,N/A,N/A,N/A,N/A,N/A,N/A,N/A,N/A,N/A,N/A,N/A,N/A,N/A,N/A,N/A,N/A,N/A,N/A,N/A,N/A,N/A,N/A,N/A,N/A,N/A,N/A,N/A,N/A,N/A,N/A,N/A,N/A,N/A,N/A,N/A,N/A,N/A,N/A,N/A,N/A,N/A,N/A,N/A,N/A,N/A,N/A,N/A,N/A,N/A,N/A,N/A,N/A,N/A,N/A,N/A,N/A,N/A,N/A,N/A,N/A,N/A,N/A,N/A,N/A,N/A,N/A,N/A,N/A,N/A,N/A,N/A,N/A,N/A,N/A,N/A,N/A,N/A,N/A,N/A,N/A,N/A,N/A,N/A,N/A,N/A,N/A,N/A,N/A,N/A,N/A,N/A,N/A,N/A,N/A,N/A,N/A,N/A,N/A,N/A,N/A,N/A,N/A,N/A,N/A,N/A,N/A,N/A,N/A,N/A,N/A,N/A,N/A,N/A,N/A,N/A,N/A,N/A,N/A,N/A,N/A,N/A,N/A,N/A,N/A,N/A,N/A,N/A,N/A,N/A,N/A,N/A,N/A,N/A,N/A,N/A,N/A
Lovro Kitin,19,1170489600,2007/02/03,Prva HNL,2025/2026,Defender,Rijeka,22,22,0,Croatia,2,1,1,0,0,0,0,0,0,0,0,0,0,0,1,1,0,0,0,0,0,0,0,0,0,4.09,22,11,0,0,0,-1,-1,-1,26,12000,0.28,0,45,46.96,0.55,81,12,0.45,10,71,39.13,81,0.00,0.00,0.00,0,0.00,0.00,0.00,0.00,0,0.00,0.00,0.00,0.00,0.00,0.00,0.00,0.05,0.00,0.00,0.00,0.00,0.00,0.00,0.00,0.00,0.00,0.00,0.00,0,0,,0,0.00,8,0,0.00,18,0,0.00,10,0,2,0,4,0.00,99,0,0,0.00,6,0,25,0.00,12,0,0.00,99,0,0.00,0,0,0.00,0,0.00,9,0,0.00,7,0,0.00,0.00,0,0.00,0,0,0,0.00,0,1,0.00,0,3.91,96,N/A,N/A,N/A,N/A,0.00,0,0.00,0,0.00,0.00,0,83.33,0.00,18,99,0.00,0.00,0,9,9,0,0,0,0.00,0.00,0,21,6.26,0.14,11.74,3,0,0.00,0.00,99,0.00,0,0,0,0.00,0.00,0,0.00,0.00,0.00,0.00,0,0,0.00,47,0,0,45,0,0.02,24,0.00,0.08,0.00,10,0.00,0.00,1,0,0.00,0.00,0.00,0.00,4,0,0.00,10,0,99,67,0,44,1,0,0.00,99,0,0.00,0.00,0.00,0.00,0,0,0,0,0.00,0.00,0.00,0,0.00,99,0,0.00,0,0.00,99,0,0.00,0.00,25,0,31,9,0,0,0,0,0,29,45,62,53,0,17,3,15,15,0,0,15,2,N/A,N/A
Luiz Filipe Rodrigues Farias Santos,22,1081753200,2004/04/12,Prva HNL,2025/2026,Midfielder,HNK Vukovar 1991,124,46,78,Brazil,2,1,1,0,0,0,0,0,0,0,0,0,0,0,4,2,2,2,1,0,0,0,0,0,0,2.9,31,62,62,0,1.45,-1,-1,-1,22,0,4.09,0,45,21.77,10.00,13,30,7.33,22,23,15.97,17,0.00,0.00,0.00,0,0.00,0.00,0.73,0.33,1,0.00,0.00,0.00,0.00,0.00,1.00,0.00,1.33,0.00,0.00,0.00,0.00,0.00,0.00,0.00,0.00,0.33,0.00,0.00,0,0,,0,0.00,8,0,0.00,18,0,0.00,10,1,0,2,16,0.00,99,0,3,2.18,99,0,25,0.00,12,0,0.00,99,0,0.00,0,0,0.00,0,0.00,9,0,0.00,7,0,0.00,0.00,0,0.00,0,0,0,0.00,0,4,0.00,0,2.90,95,N/A,N/A,N/A,N/A,0.00,0,0.00,0,0.00,0.00,0,73.33,0.00,18,99,0.00,0.00,0,9,9,0,0,0,1.67,3.63,5,99,12.28,4.00,8.71,12,1,0.00,0.73,0,0.33,0,0,0,0.00,0.00,0,0.00,0.00,0.00,0.00,0,0,0.00,47,0,0,45,0,0.05,6,0.02,0.04,0.00,10,0.00,0.00,1,0,0.00,0.00,0.73,0.33,18,1,0.00,10,16,99,67,0,44,31,0,0.00,99,1,0.00,0.73,2.90,1.33,4,2,7,7,1.45,0.67,50.00,0,0.00,99,0,0.00,0,0.00,99,0,0.00,0.00,25,0,14,27,0,0,0,0,0,29,45,62,53,0,16,3,15,99,1,50,99,25,0,0
Luka Ćurković,20,1125039600,2005/08/26,Prva HNL,2025/2026,Midfielder,Slaven Koprivnica,0,0,0,Croatia,0,0,0,0,0,0,0,0,0,0,0,0,0,0,0,0,0,0,0,0,0,0,0,0,0,0,0,0,0,0,0,-1,-1,-1,-1,N/A,N/A,N/A,N/A,N/A,N/A,N/A,N/A,N/A,N/A,N/A,N/A,N/A,N/A,N/A,N/A,N/A,N/A,N/A,N/A,N/A,N/A,N/A,N/A,N/A,N/A,N/A,N/A,N/A,N/A,N/A,N/A,N/A,N/A,N/A,N/A,N/A,N/A,N/A,N/A,N/A,N/A,N/A,N/A,N/A,N/A,N/A,N/A,N/A,N/A,N/A,N/A,N/A,N/A,N/A,N/A,N/A,N/A,N/A,N/A,N/A,N/A,N/A,N/A,N/A,N/A,N/A,N/A,N/A,N/A,N/A,N/A,N/A,N/A,N/A,N/A,N/A,N/A,N/A,N/A,N/A,N/A,N/A,N/A,N/A,N/A,N/A,N/A,N/A,N/A,N/A,N/A,N/A,N/A,N/A,N/A,N/A,N/A,N/A,N/A,N/A,N/A,N/A,N/A,N/A,N/A,N/A,N/A,N/A,N/A,N/A,N/A,N/A,N/A,N/A,N/A,N/A,N/A,N/A,N/A,N/A,N/A,N/A,N/A,N/A,N/A,N/A,N/A,N/A,N/A,N/A,N/A,N/A,N/A,N/A,N/A,N/A,N/A,N/A,N/A,N/A,N/A,N/A,N/A,N/A,N/A,N/A,N/A,N/A,N/A,N/A,N/A,N/A,N/A,N/A,N/A,N/A,N/A,N/A,N/A,N/A,N/A,N/A,N/A,N/A,N/A,N/A,N/A,N/A,N/A,N/A,N/A,N/A,N/A,N/A,N/A,N/A,N/A,N/A,N/A,N/A,N/A,N/A,N/A,N/A,N/A,N/A,N/A,N/A,N/A,N/A,N/A,N/A,N/A,N/A,N/A,N/A,N/A,N/A,N/A,N/A,N/A,N/A,N/A,N/A,N/A,N/A,N/A,N/A,N/A,N/A,N/A,N/A,N/A,N/A,N/A,N/A,N/A,N/A,N/A,N/A,N/A,N/A,N/A
Luka Dajčer,24,991810800,2001/06/06,Prva HNL,2025/2026,Midfielder,Lokomotiva Zagreb,1189,551,638,Croatia,21,11,10,0,0,0,0,0,0,0,0,4,2,2,19,9,10,4,1,0,0,0,0,0,0,1.44,63,57,297,0,0.3,156,128,-1,31,30000,3.86,0,45,50.63,23.10,87,670,18.76,544,62,41.11,85,0.00,0.00,0.17,5,0.00,0.38,0.83,0.38,11,0.00,0.24,0.00,0.00,0.00,0.48,0.28,0.69,0.00,0.60,0.21,0.55,0.00,0.07,0.02,0.00,0.93,0.00,0.00,0,0,,8,0.28,39,2,0.15,35,6,0.45,42,5,8,13,18,0.00,99,0,14,1.06,69,11,91,0.83,48,0,0.00,99,0,0.00,0,0,0.00,0,0.38,30,16,1.21,52,8,0.60,50.00,0,0.00,0,0,0,0.00,0,20,0.00,31,1.51,74,N/A,N/A,N/A,N/A,0.00,0,0.00,0,0.47,0.00,0,81.19,25.00,42,91,0.07,0.15,2,58,68,0,0,0,0.24,0.53,7,75,112.01,1.76,3.85,51,0,0.00,0.00,99,0.00,0,0,0,0.00,0.00,0,0.00,0.00,0.00,0.00,0,0,0.00,47,45,51,45,33,1.54,52,0.05,0.12,0.47,33,0.02,0.04,34,10,0.34,0.76,1.81,0.83,84,24,0.04,31,13,78,67,0,44,83,0,0.00,99,27,0.00,2.04,7.78,3.55,103,55,39,30,4.16,1.90,53.40,7,0.53,57,0,36.36,0,0.00,99,4,0.14,0.30,57,46,83,73,0,0,0,0,0,29,45,62,53,0,23,38,40,76,3,14,60,16,N/A,N/A
Luka Hodak,19,1149922800,2006/06/10,Prva HNL,2025/2026,Midfielder,Hajduk Split,746,221,525,Croatia,13,5,8,0,0,0,0,0,0,0,0,6,2,4,11,4,7,3,0,0,0,0,0,0,0,1.33,68,57,249,0,0.36,222,238,-1,21,19000,3.76,0,45,41.02,15.74,68,299,13.63,259,87,35.53,71,0.00,0.00,0.05,1,0.00,0.16,2.88,1.11,21,0.00,0.47,0.00,0.00,0.00,0.68,0.11,0.63,0.00,0.55,0.16,0.47,0.00,0.05,0.02,0.00,0.58,0.00,0.00,0,0,,4,0.21,35,1,0.14,34,3,0.41,38,6,4,9,97,0.00,99,0,13,1.78,97,3,25,0.41,29,0,0.00,99,0,0.00,0,0,0.00,0,0.14,15,9,1.23,52,2,0.27,22.22,0,0.00,0,0,0,0.00,0,12,0.00,48,1.65,79,N/A,N/A,N/A,N/A,0.00,0,0.00,0,0.31,0.00,0,86.62,25.00,42,5,0.58,1.51,11,35,13,0,0,0,0.26,0.69,5,89,71.52,0.84,2.20,16,0,0.00,0.00,99,0.00,0,0,0,0.00,0.00,0,0.00,0.00,0.00,0.00,0,0,0.00,47,23,21,45,49,0.55,24,0.03,0.08,0.31,33,0.02,0.04,19,3,0.16,0.41,1.23,0.47,54,9,0.04,31,11,61,67,0,44,68,0,0.00,99,11,0.00,1.51,11.39,4.37,83,37,65,78,5.08,1.95,44.58,9,1.23,17,0,0.00,0,0.00,99,0,0.00,0.00,25,29,57,82,0,0,0,0,0,29,45,62,53,0,18,92,29,87,3,23,86,38,N/A,N/A
Luka Jelenić,25,959151600,2000/05/24,Prva HNL,2025/2026,Defender,Osijek,2183,945,1238,Croatia,26,11,15,3,2,1,0,0,0,0,0,12,7,5,31,10,21,5,0,0.12,0,0.12,0.19,0.07,728,1.28,70,84,437,0,0.21,74,174,34,5,120000,6.09,0,45,45.76,38.28,79,1110,34.28,994,94,40.98,85,0.00,0.00,0.00,0,0.00,0.00,0.99,0.83,24,0.00,0.10,0.00,0.00,0.00,0.93,0.03,1.10,3.67,0.45,0.17,0.14,0.00,0.21,0.10,0.00,1.90,0.00,0.00,0,0,,11,0.38,28,6,0.25,51,5,0.21,23,2,1,25,28,0.00,99,0,27,1.11,72,0,25,0.00,12,0,0.00,99,0,0.00,0,0,0.00,0,0.00,9,4,0.16,14,1,0.04,25.00,0,0.00,0,0,0,0.00,0,32,0.00,52,1.32,55,N/A,N/A,N/A,N/A,0.00,0,0.00,0,2.78,0.00,0,89.55,54.55,93,71,0.31,0.37,9,10,17,0,0,0,0.59,0.70,17,89,176.52,4.07,4.86,118,0,0.00,0.00,99,0.00,0,0,1,0.03,0.04,0,0.00,0.00,0.08,0.07,2,0,27.27,98,83,71,76,52,2.28,30,0.08,0.09,2.78,57,0.10,0.11,26,14,0.48,0.58,1.15,0.97,50,28,0.11,56,55,85,72,0,57,88,0,0.00,99,55,0.00,2.27,6.80,5.69,165,93,29,19,3.83,3.21,56.36,3,0.12,87,0,0.00,0,0.00,99,0,0.00,0.00,25,83,24,41,0,0,0,0,0,49,69,64,75,0,71,92,59,59,5,19,75,26,N/A,N/A
Luka Jurak,20,1121929200,2005/07/21,Prva HNL,2025/2026,Midfielder,Hajduk Split,0,0,0,Croatia,0,0,0,0,0,0,0,0,0,0,0,0,0,0,0,0,0,0,0,0,0,0,0,0,0,0,0,0,0,0,0,-1,-1,-1,-1,N/A,N/A,N/A,N/A,N/A,N/A,N/A,N/A,N/A,N/A,N/A,N/A,N/A,N/A,N/A,N/A,N/A,N/A,N/A,N/A,N/A,N/A,N/A,N/A,N/A,N/A,N/A,N/A,N/A,N/A,N/A,N/A,N/A,N/A,N/A,N/A,N/A,N/A,N/A,N/A,N/A,N/A,N/A,N/A,N/A,N/A,N/A,N/A,N/A,N/A,N/A,N/A,N/A,N/A,N/A,N/A,N/A,N/A,N/A,N/A,N/A,N/A,N/A,N/A,N/A,N/A,N/A,N/A,N/A,N/A,N/A,N/A,N/A,N/A,N/A,N/A,N/A,N/A,N/A,N/A,N/A,N/A,N/A,N/A,N/A,N/A,N/A,N/A,N/A,N/A,N/A,N/A,N/A,N/A,N/A,N/A,N/A,N/A,N/A,N/A,N/A,N/A,N/A,N/A,N/A,N/A,N/A,N/A,N/A,N/A,N/A,N/A,N/A,N/A,N/A,N/A,N/A,N/A,N/A,N/A,N/A,N/A,N/A,N/A,N/A,N/A,N/A,N/A,N/A,N/A,N/A,N/A,N/A,N/A,N/A,N/A,N/A,N/A,N/A,N/A,N/A,N/A,N/A,N/A,N/A,N/A,N/A,N/A,N/A,N/A,N/A,N/A,N/A,N/A,N/A,N/A,N/A,N/A,N/A,N/A,N/A,N/A,N/A,N/A,N/A,N/A,N/A,N/A,N/A,N/A,N/A,N/A,N/A,N/A,N/A,N/A,N/A,N/A,N/A,N/A,N/A,N/A,N/A,N/A,N/A,N/A,N/A,N/A,N/A,N/A,N/A,N/A,N/A,N/A,N/A,N/A,N/A,N/A,N/A,N/A,N/A,N/A,N/A,N/A,N/A,N/A,N/A,N/A,N/A,N/A,N/A,N/A,N/A,N/A,N/A,N/A,N/A,N/A,N/A,N/A,N/A,N/A,N/A,N/A
Luka Kapulica,21,1106035200,2005/01/18,Prva HNL,2025/2026,Midfielder,Gorica,0,0,0,Croatia,0,0,0,0,0,0,0,0,0,0,0,0,0,0,0,0,0,0,0,0,0,0,0,0,0,0,0,0,0,0,0,-1,-1,-1,-1,N/A,N/A,N/A,N/A,N/A,N/A,N/A,N/A,N/A,N/A,N/A,N/A,N/A,N/A,N/A,N/A,N/A,N/A,N/A,N/A,N/A,N/A,N/A,N/A,N/A,N/A,N/A,N/A,N/A,N/A,N/A,N/A,N/A,N/A,N/A,N/A,N/A,N/A,N/A,N/A,N/A,N/A,N/A,N/A,N/A,N/A,N/A,N/A,N/A,N/A,N/A,N/A,N/A,N/A,N/A,N/A,N/A,N/A,N/A,N/A,N/A,N/A,N/A,N/A,N/A,N/A,N/A,N/A,N/A,N/A,N/A,N/A,N/A,N/A,N/A,N/A,N/A,N/A,N/A,N/A,N/A,N/A,N/A,N/A,N/A,N/A,N/A,N/A,N/A,N/A,N/A,N/A,N/A,N/A,N/A,N/A,N/A,N/A,N/A,N/A,N/A,N/A,N/A,N/A,N/A,N/A,N/A,N/A,N/A,N/A,N/A,N/A,N/A,N/A,N/A,N/A,N/A,N/A,N/A,N/A,N/A,N/A,N/A,N/A,N/A,N/A,N/A,N/A,N/A,N/A,N/A,N/A,N/A,N/A,N/A,N/A,N/A,N/A,N/A,N/A,N/A,N/A,N/A,N/A,N/A,N/A,N/A,N/A,N/A,N/A,N/A,N/A,N/A,N/A,N/A,N/A,N/A,N/A,N/A,N/A,N/A,N/A,N/A,N/A,N/A,N/A,N/A,N/A,N/A,N/A,N/A,N/A,N/A,N/A,N/A,N/A,N/A,N/A,N/A,N/A,N/A,N/A,N/A,N/A,N/A,N/A,N/A,N/A,N/A,N/A,N/A,N/A,N/A,N/A,N/A,N/A,N/A,N/A,N/A,N/A,N/A,N/A,N/A,N/A,N/A,N/A,N/A,N/A,N/A,N/A,N/A,N/A,N/A,N/A,N/A,N/A,N/A,N/A,N/A,N/A,N/A,N/A,N/A,N/A
Luka Klanac,20,1118905200,2005/06/16,Prva HNL,2025/2026,Forward,HNK Vukovar 1991,262,160,102,Croatia,7,5,2,0,0,0,0,0,0,0,0,1,1,0,3,1,2,1,0,0,0,0,0,0,0,1.03,87,37,262,0,0.34,-1,-1,-1,36,30000,1.21,0,45,10.65,1.15,0,31,0.81,22,16,7.56,0,0.00,0.00,0.00,0,0.00,0.04,0.69,0.07,2,0.00,0.07,0.00,0.00,0.00,0.07,0.00,0.11,0.00,1.03,0.04,0.15,0.00,0.07,0.01,0.00,0.26,0.00,0.00,0,0,,3,0.11,57,2,0.69,81,1,0.34,31,1,4,3,14,0.00,99,0,2,0.69,43,1,25,0.34,26,0,0.00,99,0,0.00,0,0,0.00,0,0.00,9,4,1.37,58,0,0.00,0.00,0,0.00,0,0,0,0.00,0,3,0.00,72,1.03,26,N/A,N/A,N/A,N/A,0.00,0,0.00,0,0.36,0.00,0,70.97,66.67,97,40,0.07,0.69,2,9,9,0,0,0,0.00,0.00,0,21,32.56,0.11,1.03,3,0,0.00,0.00,99,0.00,0,0,0,0.00,0.00,0,0.00,0.00,0.00,0.00,0,0,0.00,47,0,4,45,71,0.05,1,0.00,0.02,0.36,62,0.01,0.12,14,1,0.04,0.34,1.03,0.11,41,3,0.12,60,0,35,67,0,44,89,0,0.00,99,7,0.00,2.40,10.65,1.15,31,10,19,70,3.44,0.37,32.26,2,0.69,50,0,0.00,0,0.00,99,0,0.00,0.00,25,2,57,27,0,0,0,0,0,29,45,62,53,0,23,23,32,84,1,14,60,33,N/A,N/A
Luka Mamić,23,1028271600,2002/08/02,Prva HNL,2025/2026,Midfielder,Varaždin,1895,887,1008,Croatia,27,12,15,6,4,2,1,1,0,0,0,6,3,3,33,15,18,3,1,0.33,0.05,0.28,0.41,0.18,316,1.57,57,70,632,1895,0.14,37,117,-1,3,40000,6.44,0.04,51,26.36,19.82,26,555,15.36,430,41,20.42,30,0.00,0.00,0.82,23,0.00,0.25,0.90,0.68,19,0.00,0.79,0.00,0.00,0.00,0.29,0.68,1.18,7.50,2.14,1.00,2.04,0.00,0.61,0.25,0.00,1.07,0.00,0.00,0,0,,45,1.61,86,17,0.81,86,28,1.33,83,6,4,23,22,0.00,99,0,8,0.38,24,7,25,0.33,26,0,0.00,99,0,0.00,0,0,0.00,0,1.09,67,57,2.71,86,19,0.90,33.33,0,0.00,0,0,0,0.00,0,33,0.00,23,1.57,76,N/A,N/A,N/A,N/A,0.00,0,0.00,0,7.12,0.00,0,77.48,37.78,68,39,0.54,0.71,15,75,27,1,0,0,0.07,0.09,2,34,180.34,1.04,1.38,29,0,0.00,0.00,99,0.00,0,1,0,0.00,0.00,0,0.00,0.00,0.00,0.00,0,0,13.33,77,73,77,61,23,2.50,52,0.09,0.12,6.42,84,0.23,0.30,41,18,0.64,0.85,0.76,0.57,19,16,0.34,87,68,46,67,0,44,62,0,0.00,99,30,0.00,1.42,10.16,7.64,214,81,31,66,3.85,2.89,37.85,22,1.04,29,0,0.00,0,0.00,99,0,0.00,0.00,25,78,57,82,0,0,0,0,0,77,84,80,93,0,27,45,75,41,2,7,32,22,N/A,N/A
Luka Menalo,29,838018800,1996/07/22,Prva HNL,2025/2026,Forward,Rijeka,802,387,415,Bosnia and Herzegovina,15,7,8,3,1,2,0,0,0,0,0,4,3,1,9,4,5,3,0,0.34,0,0.34,0.23,0.43,267,1.01,89,53,267,0,0.34,24,127,-1,6,160000,5.24,0,45,23.90,11.83,19,213,8.50,153,18,17.17,19,0.00,0.00,0.72,13,0.00,0.89,0.90,0.44,8,0.00,0.61,0.00,0.00,0.00,0.50,0.67,0.50,6.33,2.13,0.56,2.39,0.00,0.50,0.19,0.00,0.44,0.00,0.00,0,0,,19,1.06,85,9,1.01,91,10,1.12,77,4,5,10,22,0.00,99,0,9,1.01,64,16,69,1.80,62,0,0.00,99,0,0.00,0,0,0.00,0,1.46,82,43,4.83,98,12,1.35,27.91,0,0.00,0,0,0,0.00,0,9,0.00,73,1.01,24,N/A,N/A,N/A,N/A,0.00,0,0.00,0,3.47,0.00,0,71.83,47.37,84,7,0.67,1.35,12,89,18,0,0,0,0.00,0.00,0,21,94.34,0.39,0.79,7,0,0.00,0.00,99,0.00,0,0,0,0.00,0.00,0,0.00,0.00,0.11,0.06,1,0,15.79,82,26,29,56,73,0.68,24,0.04,0.08,3.47,92,0.19,0.39,95,22,1.22,2.47,1.12,0.56,48,10,0.39,90,37,22,67,0,65,42,0,0.00,99,8,0.00,0.90,13.92,6.89,124,50,79,93,5.61,2.78,40.32,11,1.23,17,0,25.00,0,0.00,99,4,0.22,0.45,70,33,63,65,0,0,0,0,0,80,90,91,79,0,81,56,33,84,3,20,77,17,N/A,N/A
Luka Savatović,21,1089097200,2004/07/06,Prva HNL,2025/2026,Midfielder,Lokomotiva Zagreb,0,0,0,Croatia,0,0,0,0,0,0,0,0,0,0,0,0,0,0,0,0,0,0,0,0,0,0,0,0,0,0,0,0,0,0,0,-1,-1,-1,-1,N/A,N/A,N/A,N/A,N/A,N/A,N/A,N/A,N/A,N/A,N/A,N/A,N/A,N/A,N/A,N/A,N/A,N/A,N/A,N/A,N/A,N/A,N/A,N/A,N/A,N/A,N/A,N/A,N/A,N/A,N/A,N/A,N/A,N/A,N/A,N/A,N/A,N/A,N/A,N/A,N/A,N/A,N/A,N/A,N/A,N/A,N/A,N/A,N/A,N/A,N/A,N/A,N/A,N/A,N/A,N/A,N/A,N/A,N/A,N/A,N/A,N/A,N/A,N/A,N/A,N/A,N/A,N/A,N/A,N/A,N/A,N/A,N/A,N/A,N/A,N/A,N/A,N/A,N/A,N/A,N/A,N/A,N/A,N/A,N/A,N/A,N/A,N/A,N/A,N/A,N/A,N/A,N/A,N/A,N/A,N/A,N/A,N/A,N/A,N/A,N/A,N/A,N/A,N/A,N/A,N/A,N/A,N/A,N/A,N/A,N/A,N/A,N/A,N/A,N/A,N/A,N/A,N/A,N/A,N/A,N/A,N/A,N/A,N/A,N/A,N/A,N/A,N/A,N/A,N/A,N/A,N/A,N/A,N/A,N/A,N/A,N/A,N/A,N/A,N/A,N/A,N/A,N/A,N/A,N/A,N/A,N/A,N/A,N/A,N/A,N/A,N/A,N/A,N/A,N/A,N/A,N/A,N/A,N/A,N/A,N/A,N/A,N/A,N/A,N/A,N/A,N/A,N/A,N/A,N/A,N/A,N/A,N/A,N/A,N/A,N/A,N/A,N/A,N/A,N/A,N/A,N/A,N/A,N/A,N/A,N/A,N/A,N/A,N/A,N/A,N/A,N/A,N/A,N/A,N/A,N/A,N/A,N/A,N/A,N/A,N/A,N/A,N/A,N/A,N/A,N/A,N/A,N/A,N/A,N/A,N/A,N/A,N/A,N/A,N/A,N/A,N/A,N/A,N/A,N/A,N/A,N/A,N/A,N/A
Luka Škaričić,24,1012204800,2002/01/28,Prva HNL,2025/2026,Defender,Varaždin,1678,721,957,Croatia,23,11,12,3,1,2,0,0,0,0,0,7,5,2,25,10,15,5,0,0.16,0,0.16,0.12,0.19,559,1.34,67,73,336,0,0.27,60,214,41,5,43503,5.43,0,45,46.66,31.07,81,870,25.89,725,71,38.89,81,0.00,0.00,0.18,5,0.00,0.43,1.61,1.07,30,0.00,0.04,0.00,0.00,0.00,0.96,0.07,0.86,4.00,0.64,0.29,0.07,0.00,0.14,0.10,0.00,0.96,0.00,0.00,0,0,,12,0.43,41,4,0.21,46,8,0.43,39,2,3,20,57,0.00,99,0,27,1.45,89,12,46,0.64,38,0,0.00,99,0,0.00,0,0,0.00,0,0.27,22,2,0.11,10,2,0.11,100.00,0,0.00,0,0,0,0.00,0,24,0.00,47,1.29,51,N/A,N/A,N/A,N/A,0.00,0,0.00,0,2.67,0.00,0,83.33,33.33,57,89,0.14,0.21,4,17,99,0,0,0,0.54,0.80,15,93,152.10,3.21,4.83,90,0,0.00,0.00,99,0.00,0,0,0,0.00,0.00,0,0.00,0.00,0.05,0.04,1,0,25.00,96,64,59,71,47,2.01,45,0.07,0.11,2.67,66,0.10,0.14,17,7,0.25,0.38,1.02,0.68,40,19,0.14,65,38,85,67,0,48,64,0,0.00,99,27,0.00,1.45,5.58,3.71,104,62,19,11,3.33,2.21,59.62,1,0.05,90,0,16.67,0,0.00,99,2,0.07,0.11,41,69,45,41,0,0,0,0,0,58,75,81,65,0,27,62,46,71,4,17,67,4,N/A,N/A
Luka Stojković,22,1067328000,2003/10/28,Prva HNL,2025/2026,Midfielder,Dinamo Zagreb,1754,846,908,Croatia,28,13,15,7,2,5,12,8,4,0,0,13,5,8,16,11,5,6,3,0.97,0.62,0.36,0.21,0.5,251,0.82,110,63,251,146,0.36,17,1,-1,4,350000,7.00,0.43,99,46.45,32.04,80,897,27.11,759,77,39.30,82,0.00,0.00,2.14,60,0.00,3.89,1.50,1.04,29,0.00,1.00,0.00,0.00,0.00,0.57,0.50,0.57,9.43,3.42,1.50,1.50,0.00,0.86,0.33,0.00,0.50,0.00,0.00,0,0,,66,2.36,98,24,1.24,97,42,2.17,97,2,10,18,51,0.00,99,0,16,0.83,53,109,79,5.64,97,0,0.00,99,0,0.00,0,0,0.00,0,3.11,99,42,2.17,81,14,0.72,33.33,0,0.00,0,0,0,0.00,0,16,0.00,87,0.83,14,N/A,N/A,N/A,N/A,0.00,0,0.00,0,9.15,0.00,0,84.62,36.36,66,12,0.82,1.19,23,67,27,0,0,0,0.04,0.05,1,26,195.86,0.25,0.36,7,0,0.00,0.00,99,0.00,0,0,0,0.00,0.00,0,0.00,0.00,0.10,0.07,2,0,10.61,69,69,83,53,87,10.63,99,0.38,0.55,9.15,97,0.33,0.47,80,34,1.21,1.76,0.88,0.61,27,17,0.47,95,95,4,67,0,61,29,0,0.00,99,14,0.00,0.72,10.56,7.29,204,89,51,69,4.61,3.18,43.63,28,1.45,15,0,30.28,0,0.00,99,33,1.18,1.71,97,63,86,41,0,1,0,4,0,99,93,95,76,0,90,92,29,87,3,11,47,7,N/A,N/A
Luka Vrbančić,20,1120460400,2005/07/04,Prva HNL,2025/2026,Midfielder,Osijek,768,433,335,Croatia,14,8,6,0,0,0,0,0,0,0,0,7,4,3,6,3,3,4,1,0,0,0,0,0,0,0.7,128,55,192,0,0.47,171,203,-1,32,100000,5.90,0,45,45.52,27.12,79,434,21.56,345,51,36.19,72,0.00,0.00,0.75,12,0.00,0.25,2.41,1.44,23,0.00,0.50,0.00,0.00,0.00,0.50,0.56,0.50,0.00,0.84,0.50,1.25,0.00,0.00,0.03,0.00,0.19,0.00,0.00,0,0,,8,0.50,51,0,0.00,18,8,0.84,65,2,6,8,88,0.00,99,0,8,0.84,55,4,25,0.42,30,0,0.00,99,0,0.00,0,0,0.00,0,1.26,73,20,2.10,80,9,0.94,45.00,0,0.00,0,0,0,0.00,0,8,0.00,95,0.84,15,N/A,N/A,N/A,N/A,0.00,0,0.00,0,0.42,0.00,0,79.49,0.00,18,4,0.94,1.57,15,78,48,0,0,0,0.00,0.00,0,21,94.41,0.69,1.15,11,0,0.00,0.00,99,0.00,0,0,0,0.00,0.00,0,0.00,0.00,0.00,0.00,0,0,0.00,47,24,24,45,95,1.32,60,0.08,0.14,0.42,33,0.03,0.04,99,28,1.75,2.94,2.31,1.38,97,22,0.04,31,48,38,67,0,44,14,0,0.00,99,3,0.00,0.31,12.69,7.56,121,62,92,87,6.50,3.88,51.24,8,0.84,40,0,0.00,0,0.00,99,0,0.00,0.00,25,24,69,41,0,0,0,0,0,29,45,62,53,0,64,98,20,96,3,21,82,23,N/A,N/A
Luka Vrzić,19,1167984000,2007/01/05,Prva HNL,2025/2026,Midfielder,Gorica,1147,617,530,Croatia,26,16,10,1,0,1,0,0,0,0,0,5,4,1,20,10,10,2,0,0.08,0,0.08,0,0.17,1147,1.57,57,44,574,0,0.16,96,218,-1,11,90000,4.80,0,45,28.93,11.53,35,369,8.84,283,39,22.19,36,0.00,0.00,0.53,17,0.00,0.94,2.27,0.91,29,0.00,0.22,0.00,0.00,0.00,0.31,0.34,0.53,28.00,2.20,0.62,0.91,0.00,0.25,0.08,0.00,0.12,0.00,0.00,0,0,,28,0.88,86,8,0.63,79,20,1.57,91,1,14,12,85,0.00,99,0,10,0.78,49,30,36,2.35,69,0,0.00,99,0,0.00,0,0,0.00,0,1.33,78,29,2.27,82,11,0.86,37.93,0,0.00,0,0,0,0.00,0,17,0.00,23,1.33,56,N/A,N/A,N/A,N/A,0.00,0,0.00,0,2.70,0.00,0,76.69,28.57,48,13,0.47,1.18,15,74,33,0,0,0,0.06,0.16,2,46,153.49,0.59,1.49,19,0,0.00,0.00,99,0.00,0,0,0,0.00,0.00,0,0.00,0.00,0.39,0.16,5,0,3.57,48,41,71,86,23,1.36,45,0.04,0.11,2.70,77,0.08,0.21,49,13,0.41,1.02,0.86,0.34,26,11,0.21,76,28,49,67,0,89,14,0,0.00,99,4,0.00,0.31,9.41,3.75,120,53,39,53,4.16,1.66,44.17,7,0.55,56,0,13.33,0,0.00,99,4,0.12,0.31,59,42,97,27,0,0,0,0,0,38,60,79,53,0,57,38,71,46,2,8,36,20,N/A,N/A
Mamadou Saydou Bangura,23,1041753600,2003/01/05,Prva HNL,2025/2026,Forward,Istra 1961,262,77,185,Netherlands,12,5,7,2,2,0,0,0,0,0,0,2,1,1,5,1,4,0,0,0.69,0,0.69,2.34,0,131,1.72,52,22,0,0,0,-1,-1,-1,8,65000,4.65,0,45,16.49,2.82,5,48,2.18,37,39,12.71,7,0.00,0.00,0.06,1,0.00,0.00,0.34,0.06,1,0.00,0.47,0.00,0.00,0.00,0.06,0.12,0.18,4.00,2.75,0.29,0.24,0.00,0.18,0.11,0.00,0.35,0.00,0.00,0,0,,8,0.47,94,3,1.03,92,5,1.72,92,5,10,2,8,0.00,99,0,1,0.34,21,0,25,0.00,12,0,0.00,99,0,0.00,0,0,0.00,0,0.34,27,4,1.37,58,2,0.69,50.00,0,0.00,0,0,0,0.00,0,3,0.00,15,1.03,26,N/A,N/A,N/A,N/A,0.00,0,0.00,0,1.83,0.00,0,77.08,37.50,67,99,0.00,0.00,0,64,68,0,0,0,0.12,0.69,2,89,79.03,0.18,1.03,3,0,0.00,0.00,99,0.00,0,0,0,0.00,0.00,0,0.00,0.00,0.34,0.06,1,0,25.00,96,0,17,46,15,0.10,2,0.01,0.03,1.83,99,0.11,0.63,30,2,0.12,0.69,1.37,0.24,64,4,0.63,99,25,35,67,0,88,83,0,0.00,99,6,0.00,2.06,11.68,2.00,34,11,26,81,3.78,0.65,32.35,8,2.75,0,0,0.00,0,0.00,99,0,0.00,0.00,25,0,86,73,0,0,0,0,0,95,99,62,99,0,41,29,15,15,0,0,15,11,N/A,N/A
Marcel Heister,33,712393200,1992/07/29,Prva HNL,2025/2026,Defender,Istra 1961,2005,1044,961,Germany,29,16,13,2,1,1,2,1,1,0,0,3,2,1,35,19,16,7,0,0.18,0.09,0.09,0.09,0.09,1003,1.57,57,69,286,1003,0.31,86,86,60,6,60000,6.46,0.07,67,32.23,23.93,46,718,19.37,581,59,26.08,52,0.00,0.00,0.40,12,0.00,1.83,2.56,1.90,57,0.00,0.13,0.00,0.00,0.00,1.33,0.53,1.03,21.00,0.94,0.50,1.03,0.00,0.20,0.07,0.00,0.77,0.00,0.00,0,0,,21,0.70,54,6,0.27,54,15,0.67,54,7,6,23,90,0.00,99,0,40,1.80,97,55,52,2.47,70,0,0.00,99,0,0.00,0,0,0.00,0,0.54,40,31,1.39,59,16,0.72,51.61,0,0.00,0,0,0,0.00,0,31,0.00,23,1.39,62,N/A,N/A,N/A,N/A,0.00,0,0.00,0,2.04,0.00,0,80.92,28.57,48,10,0.93,1.26,28,67,70,0,0,0,0.30,0.40,9,69,193.65,2.33,3.14,70,0,0.00,0.00,99,0.00,0,0,0,0.00,0.00,0,0.00,0.00,0.09,0.07,2,0,4.76,51,78,87,83,23,2.87,56,0.10,0.13,2.04,51,0.07,0.09,44,20,0.67,0.90,1.44,1.07,68,32,0.09,49,69,71,67,0,59,48,0,0.00,99,23,0.00,1.03,8.84,6.57,197,114,66,46,5.12,3.80,57.87,4,0.18,80,0,18.18,0,0.00,99,10,0.33,0.45,70,78,69,87,0,0,0,0,0,64,64,67,60,0,37,10,37,79,7,24,87,26,N/A,N/A
Marijan Čabraja,29,856857600,1997/02/25,Prva HNL,2025/2026,Defender,Gorica,2610,1260,1350,Croatia,30,14,16,1,1,0,4,2,2,0,0,6,4,2,36,15,21,8,0,0.17,0.14,0.03,0.07,0,2610,1.24,73,87,326,653,0.28,122,58,30,12,80000,6.88,0.13,76,50.21,46.48,86,1441,37.32,1157,56,40.31,82,0.00,0.00,1.19,37,0.00,4.71,1.92,1.77,55,0.00,0.55,0.00,0.00,0.00,0.97,0.48,1.10,11.00,0.77,0.55,1.19,0.00,0.16,0.09,0.00,1.00,0.00,0.00,0,0,,22,0.71,46,5,0.17,40,17,0.59,48,1,1,29,70,0.00,99,0,30,1.05,67,146,89,5.09,95,0,0.00,99,0,0.00,0,0,0.00,0,1.29,76,37,1.29,54,15,0.52,40.54,0,0.00,0,0,0,0.00,0,34,0.00,57,1.18,38,N/A,N/A,N/A,N/A,0.00,0,0.00,0,2.71,0.00,0,80.29,22.73,35,46,0.58,0.63,18,52,39,0,0,0,0.71,0.77,22,92,213.22,3.74,4.04,116,0,0.00,0.00,99,0.00,0,0,0,0.00,0.00,0,0.00,0.00,0.07,0.06,2,0,9.09,67,95,92,99,58,6.08,85,0.20,0.21,2.71,51,0.09,0.09,60,36,1.16,1.25,1.05,0.97,42,30,0.09,49,90,80,67,0,53,50,0,0.00,99,31,0.00,1.08,8.78,8.13,252,131,49,44,4.56,4.23,51.98,17,0.59,56,0,33.56,0,0.00,99,49,1.58,1.71,97,94,24,27,0,0,0,0,0,61,47,62,55,0,51,40,44,72,8,27,94,19,N/A,N/A
Marin Leovac,37,586940400,1988/08/07,Prva HNL,2025/2026,Defender,Lokomotiva Zagreb,214,152,62,Croatia,7,4,3,0,0,0,0,0,0,0,0,2,2,0,6,3,3,1,0,0,0,0,0,0,0,2.52,36,31,214,0,0.42,-1,-1,-1,32,150000,3.25,0,45,43.57,10.70,72,107,8.10,81,34,32.99,66,0.00,0.00,0.00,0,0.00,0.90,0.81,0.20,2,0.00,0.00,0.00,0.00,0.00,0.10,0.20,0.30,0.00,0.41,0.10,0.20,0.00,0.00,0.01,0.00,0.40,0.00,0.00,0,0,,1,0.10,27,0,0.00,18,1,0.41,38,2,4,3,17,0.00,99,0,1,0.41,26,9,31,3.67,81,0,0.00,99,0,0.00,0,0,0.00,0,0.00,9,2,0.81,41,2,0.81,100.00,0,0.00,0,0,0,0.00,0,3,0.00,0,1.22,42,N/A,N/A,N/A,N/A,0.00,0,0.00,0,0.06,0.00,0,75.70,0.00,18,67,0.10,0.41,1,71,99,0,0,0,0.10,0.41,1,69,32.49,0.40,1.63,4,0,0.00,0.00,99,0.00,0,0,0,0.00,0.00,0,0.00,0.00,0.00,0.00,0,0,0.00,47,0,4,45,0,0.16,18,0.02,0.07,0.06,21,0.01,0.02,1,0,0.00,0.00,1.63,0.40,77,4,0.02,20,6,53,67,0,44,71,0,0.00,99,4,0.00,1.63,5.70,1.40,14,7,14,11,2.85,0.70,50.00,0,0.00,99,0,11.11,0,0.00,99,1,0.10,0.41,67,2,57,41,0,0,0,0,0,29,45,62,53,0,81,60,22,94,1,14,60,22,N/A,N/A
Marin Pilj,29,849600000,1996/12/03,Prva HNL,2025/2026,Midfielder,HNK Vukovar 1991,354,246,108,Croatia,8,4,4,0,0,0,0,0,0,0,0,0,0,0,6,5,1,4,0,0,0,0,0,0,0,1.53,59,44,89,0,1.02,203,202,-1,35,65000,3.73,0,45,41.44,11.64,70,163,10.07,141,86,35.85,71,0.00,0.00,0.21,3,0.00,0.14,1.53,0.43,6,0.00,0.21,0.00,0.00,0.00,0.07,0.21,0.29,0.00,0.76,0.14,0.21,0.00,0.07,0.02,0.00,0.00,0.00,0.00,0,0,,3,0.21,45,1,0.25,51,2,0.51,43,6,4,4,52,0.00,99,0,1,0.25,15,2,25,0.51,33,0,0.00,99,0,0.00,0,0,0.00,0,0.76,51,3,0.76,39,3,0.76,100.00,0,0.00,0,0,0,0.00,0,4,0.00,24,1.02,26,N/A,N/A,N/A,N/A,0.00,0,0.00,0,0.22,0.00,0,86.50,33.33,57,5,0.43,1.53,6,69,99,0,0,0,0.07,0.25,1,56,52.24,0.43,1.53,6,0,0.00,0.00,99,0.00,0,0,0,0.00,0.00,0,0.00,0.00,0.00,0.00,0,0,0.00,47,0,6,45,24,0.35,30,0.02,0.09,0.22,40,0.02,0.06,71,6,0.43,1.53,1.27,0.36,59,5,0.06,39,10,49,67,0,44,1,0,0.00,99,0,0.00,0.00,7.63,2.14,30,15,28,29,3.81,1.07,50.00,3,0.76,44,0,0.00,0,0.00,99,0,0.00,0.00,25,7,57,82,0,0,0,0,0,29,45,62,53,0,41,3,15,99,3,38,99,30,N/A,N/A
Marin Zgomba,20,1117436400,2005/05/30,Prva HNL,2025/2026,Forward,Istra 1961,4,4,0,Croatia,1,1,0,0,0,0,0,0,0,0,0,1,1,0,0,0,0,0,0,0,0,0,0,0,0,0,0,4,0,0,0,-1,-1,-1,22,25000,0.00,0,45,45.00,0.14,77,2,0.14,2,99,45.00,89,0.00,0.00,0.00,0,0.00,0.00,22.50,0.07,1,0.00,0.07,0.00,0.00,0.00,0.00,0.00,0.00,0.00,0.00,0.00,0.00,0.00,0.00,0.00,0.00,0.00,0.00,0.00,0,0,,0,0.00,8,0,0.00,18,0,0.00,10,0,1,0,99,0.00,99,0,0,0.00,6,0,25,0.00,12,0,0.00,99,0,0.00,0,0,0.00,0,0.00,9,0,0.00,7,0,0.00,0.00,0,0.00,0,0,0,0.00,0,0,0.00,99,0.00,0,N/A,N/A,N/A,N/A,0.00,0,0.00,0,0.00,0.00,0,100.00,0.00,18,99,0.00,0.00,0,9,9,0,0,0,0.00,0.00,0,21,0.00,0.00,0.00,0,0,0.00,0.00,99,0.00,0,0,0,0.00,0.00,0,0.00,0.00,0.00,0.00,0,0,0.00,47,0,0,45,0,0.00,0,0.00,0.00,0.00,10,0.00,0.00,1,0,0.00,0.00,0.00,0.00,4,0,0.00,10,0,0,67,0,44,1,0,0.00,99,0,0.00,0.00,45.00,0.14,2,1,99,99,22.50,0.07,50.00,1,22.50,0,0,0.00,0,0.00,99,0,0.00,0.00,25,0,24,9,0,0,0,0,0,29,45,62,53,0,21,99,15,15,0,0,15,41,N/A,N/A
Marino Bulat,26,930380400,1999/06/26,Prva HNL,2025/2026,Goalkeeper,HNK Vukovar 1991,1890,990,900,Croatia,21,11,10,0,0,0,0,0,0,0,0,2,2,0,39,16,23,2,0,0,0,0,0,0,0,1.86,48,90,945,0,0.1,127,169,66,33,90000,4.42,0,45,23.67,15.53,18,497,7.91,253,0,12.05,7,0.00,0.00,0.00,0,0.00,0.00,0.00,0.00,0,0.00,0.00,0.00,0.00,2.31,0.00,0.00,3.56,0.00,0.00,0.00,0.00,0.00,0.00,0.00,0.00,0.09,0.00,0.00,0,0,,0,0.00,8,0,0.00,18,0,0.00,10,0,0,21,4,0.00,99,0,0,0.00,6,0,25,0.00,12,0,0.00,99,0,0.00,0,0,0.00,0,0.00,9,0,0.00,7,0,0.00,0.00,0,0.00,0,74,40,3.52,93,114,0.00,10,5.43,99,N/A,N/A,N/A,N/A,64.91,0,0.00,0,0.00,0.00,0,50.91,0.00,18,92,0.03,0.05,1,9,9,0,0,55,0.00,0.00,0,21,141.34,0.81,1.24,26,0,0.00,0.00,99,0.00,0,0,0,0.00,0.00,12,0.38,0.57,0.00,0.00,0,0,0.00,47,72,51,45,10,0.49,1,0.02,0.02,0.00,10,0.00,0.00,1,0,0.00,0.00,0.00,0.00,4,0,0.00,10,24,42,67,80,44,5,0,0.00,99,3,0.00,0.14,0.19,0.12,4,3,0,0,0.14,0.09,75.00,0,0.00,99,0,0.00,0,0.00,99,0,0.00,0.00,25,73,14,9,0,0,0,0,0,29,45,62,53,0,57,10,88,29,2,10,44,1,N/A,N/A
Marino Skelin,19,1158562800,2006/09/18,Prva HNL,2025/2026,Midfielder,Hajduk Split,289,90,199,Croatia,4,1,3,0,0,0,0,0,0,0,0,1,0,1,3,2,1,1,0,0,0,0,0,0,0,0.93,96,72,289,0,0.31,129,139,-1,19,0,2.23,0,45,71.00,19.00,99,228,17.67,212,99,66.02,99,0.00,0.00,0.00,0,0.00,0.00,1.56,0.42,5,0.00,0.00,0.00,0.00,0.00,0.17,0.00,0.25,0.00,0.00,0.00,0.00,0.00,0.00,0.00,0.00,0.17,0.00,0.00,0,0,,0,0.00,8,0,0.00,18,0,0.00,10,0,1,3,53,0.00,99,0,2,0.62,39,0,25,0.00,12,0,0.00,99,0,0.00,0,0,0.00,0,0.00,9,0,0.00,7,0,0.00,0.00,0,0.00,0,0,0,0.00,0,3,0.00,78,0.93,20,N/A,N/A,N/A,N/A,0.00,0,0.00,0,0.00,0.00,0,92.98,0.00,18,47,0.17,0.62,2,9,9,0,0,0,0.00,0.00,0,21,26.81,1.08,4.05,13,0,0.00,0.00,99,0.00,0,0,0,0.00,0.00,0,0.00,0.00,0.00,0.00,0,0,0.00,47,0,0,45,77,0.41,56,0.03,0.13,0.00,10,0.00,0.00,45,3,0.25,0.93,0.62,0.17,15,2,0.00,10,2,80,67,0,44,25,0,0.00,99,2,0.00,0.62,5.61,1.50,18,10,15,11,3.11,0.83,55.56,0,0.00,99,0,0.00,0,0.00,99,0,0.00,0.00,25,2,24,9,0,0,0,0,0,29,45,62,53,0,16,52,38,79,1,25,90,36,0,0
Marino Žeravica,20,1143360000,2006/03/26,Prva HNL,2025/2026,Midfielder,Osijek,0,0,0,Croatia,0,0,0,0,0,0,0,0,0,0,0,0,0,0,0,0,0,0,0,0,0,0,0,0,0,0,0,0,0,0,0,-1,-1,-1,-1,N/A,N/A,N/A,N/A,N/A,N/A,N/A,N/A,N/A,N/A,N/A,N/A,N/A,N/A,N/A,N/A,N/A,N/A,N/A,N/A,N/A,N/A,N/A,N/A,N/A,N/A,N/A,N/A,N/A,N/A,N/A,N/A,N/A,N/A,N/A,N/A,N/A,N/A,N/A,N/A,N/A,N/A,N/A,N/A,N/A,N/A,N/A,N/A,N/A,N/A,N/A,N/A,N/A,N/A,N/A,N/A,N/A,N/A,N/A,N/A,N/A,N/A,N/A,N/A,N/A,N/A,N/A,N/A,N/A,N/A,N/A,N/A,N/A,N/A,N/A,N/A,N/A,N/A,N/A,N/A,N/A,N/A,N/A,N/A,N/A,N/A,N/A,N/A,N/A,N/A,N/A,N/A,N/A,N/A,N/A,N/A,N/A,N/A,N/A,N/A,N/A,N/A,N/A,N/A,N/A,N/A,N/A,N/A,N/A,N/A,N/A,N/A,N/A,N/A,N/A,N/A,N/A,N/A,N/A,N/A,N/A,N/A,N/A,N/A,N/A,N/A,N/A,N/A,N/A,N/A,N/A,N/A,N/A,N/A,N/A,N/A,N/A,N/A,N/A,N/A,N/A,N/A,N/A,N/A,N/A,N/A,N/A,N/A,N/A,N/A,N/A,N/A,N/A,N/A,N/A,N/A,N/A,N/A,N/A,N/A,N/A,N/A,N/A,N/A,N/A,N/A,N/A,N/A,N/A,N/A,N/A,N/A,N/A,N/A,N/A,N/A,N/A,N/A,N/A,N/A,N/A,N/A,N/A,N/A,N/A,N/A,N/A,N/A,N/A,N/A,N/A,N/A,N/A,N/A,N/A,N/A,N/A,N/A,N/A,N/A,N/A,N/A,N/A,N/A,N/A,N/A,N/A,N/A,N/A,N/A,N/A,N/A,N/A,N/A,N/A,N/A,N/A,N/A,N/A,N/A,N/A,N/A,N/A,N/A
Mario Marina,36,618130800,1989/08/03,Prva HNL,2025/2026,Midfielder,Varaždin,1463,594,869,Bosnia and Herzegovina,25,10,15,1,1,0,0,0,0,0,0,6,3,3,23,8,15,2,0,0.06,0,0.06,0.15,0,1463,1.41,64,59,732,0,0.12,104,208,-1,9,32480,5.12,0,45,33.20,18.00,50,540,13.60,408,33,25.08,47,0.00,0.00,0.10,3,0.00,0.10,3.01,1.63,49,0.00,0.07,0.00,0.00,0.00,0.67,0.20,0.73,12.00,0.74,0.33,0.23,0.00,0.07,0.05,0.00,1.13,0.00,0.00,0,0,,12,0.40,43,2,0.12,29,10,0.61,49,8,8,17,98,0.00,99,0,20,1.23,79,3,88,0.18,19,0,0.00,99,0,0.00,0,0,0.00,0,0.18,17,7,0.43,26,6,0.37,85.71,0,0.00,0,0,0,0.00,0,22,0.00,35,1.35,58,N/A,N/A,N/A,N/A,0.00,0,0.00,0,1.36,0.00,0,75.56,16.67,24,31,0.43,0.80,13,42,92,0,0,0,0.07,0.12,2,42,153.50,1.83,3.38,55,0,0.00,0.00,99,0.00,0,0,0,0.00,0.00,0,0.00,0.00,0.12,0.07,2,0,8.33,61,57,67,90,37,1.12,18,0.04,0.07,1.36,47,0.05,0.08,27,10,0.33,0.61,1.66,0.90,77,27,0.08,46,35,74,67,0,67,83,0,0.00,99,34,0.00,2.09,10.14,5.50,165,96,85,66,5.90,3.20,58.18,2,0.12,87,0,33.33,0,0.00,99,1,0.03,0.06,30,60,83,93,0,0,0,0,0,33,55,62,71,0,24,50,81,35,2,8,36,24,N/A,N/A
Mario Šitum,34,702374400,1992/04/04,Prva HNL,2025/2026,Coach,Lokomotiva Zagreb,658,374,284,Croatia,17,10,7,0,0,0,0,0,0,0,0,3,3,0,15,7,8,1,0,0,0,0,0,0,0,2.05,44,39,658,0,0.14,190,192,-1,23,140000,4.22,0,45,41.03,14.29,69,300,11.95,251,72,34.33,68,0.00,0.00,0.52,11,0.00,1.71,1.50,0.52,11,0.00,0.00,0.00,0.00,0.00,0.38,0.05,0.81,0.00,0.14,0.05,0.19,0.00,0.00,0.00,0.00,0.57,0.00,0.00,0,0,,1,0.05,13,0,0.00,18,1,0.14,16,4,10,7,51,0.00,99,0,8,1.09,70,36,69,4.92,95,0,0.00,99,0,0.00,0,0,0.00,0,1.50,85,4,0.55,32,1,0.14,25.00,0,0.00,0,0,0,0.00,0,17,0.00,5,2.33,93,N/A,N/A,N/A,N/A,0.00,0,0.00,0,0.05,0.00,0,83.67,0.00,18,67,0.14,0.41,3,22,17,0,0,0,0.19,0.55,4,76,88.56,0.62,1.78,13,0,0.00,0.00,99,0.00,0,0,0,0.00,0.00,0,0.00,0.00,0.14,0.05,1,0,0.00,47,19,36,45,5,0.92,56,0.04,0.13,0.05,14,0.00,0.01,85,14,0.67,1.91,0.55,0.19,14,4,0.01,14,18,55,67,0,70,73,0,0.00,99,12,0.00,1.64,7.11,2.48,52,37,63,23,5.06,1.76,71.15,0,0.00,99,0,25.00,0,0.00,99,9,0.43,1.23,92,22,86,65,0,0,0,0,0,29,45,62,53,0,76,33,76,41,1,6,25,18,N/A,N/A
Mario Tadić,33,725616000,1992/12/29,Prva HNL,2025/2026,Forward,HNK Vukovar 1991,1508,677,831,Croatia,22,10,12,1,1,0,0,0,0,0,0,4,3,1,30,14,16,7,3,0.06,0,0.06,0.13,0,1508,1.79,50,69,151,0,0.6,105,199,-1,8,30000,4.99,0,45,51.50,33.83,88,812,26.62,639,48,40.53,84,0.00,0.00,0.04,1,0.00,0.46,0.95,0.62,15,0.00,0.21,0.00,0.00,0.00,1.25,0.04,1.12,13.00,0.82,0.17,0.04,0.00,0.38,0.08,0.00,1.79,0.00,0.00,0,0,,13,0.54,49,9,0.57,76,4,0.25,26,1,4,18,25,0.00,99,0,30,1.90,98,11,25,0.70,43,0,0.00,99,0,0.00,0,0,0.00,0,0.06,11,1,0.06,9,1,0.06,100.00,0,0.00,0,0,0,0.00,0,27,0.00,11,1.71,81,N/A,N/A,N/A,N/A,0.00,0,0.00,0,1.89,0.00,0,78.69,69.23,98,52,0.38,0.57,9,12,99,0,0,0,0.62,0.95,15,96,119.81,4.25,6.47,102,0,0.00,0.00,99,0.00,0,0,0,0.00,0.00,0,0.00,0.00,0.06,0.04,1,0,7.69,58,59,57,92,11,1.61,38,0.07,0.10,1.89,62,0.08,0.12,48,16,0.67,1.01,1.01,0.67,40,16,0.12,60,34,97,67,0,51,93,0,0.00,99,43,0.00,2.73,8.12,5.33,128,74,53,36,4.69,3.08,57.81,5,0.32,72,0,0.00,0,0.00,99,0,0.00,0.00,25,63,57,27,0,0,0,0,0,33,55,62,67,0,23,33,17,99,4,18,70,34,N/A,N/A
Mario Tičinović,34,682671600,1991/08/20,Prva HNL,2025/2026,Defender,HNK Vukovar 1991,1736,914,822,Croatia,24,13,11,0,0,0,3,3,0,0,0,3,2,1,28,14,14,3,0,0.16,0.16,0,0,0,0,1.45,62,72,579,579,0.16,199,54,56,30,55000,5.84,0.12,79,30.38,22.24,39,556,16.68,417,30,22.79,38,0.00,0.00,0.56,14,0.00,3.32,1.37,1.00,25,0.00,0.52,0.00,0.00,0.00,0.84,0.48,1.16,0.00,0.33,0.12,0.92,0.00,0.12,0.02,0.00,1.00,0.00,0.00,0,0,,6,0.24,20,3,0.16,37,3,0.16,17,1,4,20,45,0.00,99,0,21,1.15,74,83,47,4.54,90,0,0.00,99,0,0.00,0,0,0.00,0,0.77,52,23,1.26,53,12,0.66,52.17,0,0.00,0,0,0,0.00,0,29,0.00,29,1.58,76,N/A,N/A,N/A,N/A,0.00,0,0.00,0,0.56,0.00,0,75.00,50.00,90,21,0.72,0.98,18,63,71,0,0,0,0.16,0.22,4,55,146.03,2.00,2.73,50,0,0.00,0.00,99,0.00,0,0,0,0.00,0.00,0,0.00,0.00,0.05,0.04,1,0,0.00,47,68,64,45,29,3.14,75,0.13,0.17,0.56,28,0.02,0.03,67,25,1.00,1.37,1.26,0.92,58,23,0.03,27,48,69,67,0,48,60,0,0.00,99,25,0.00,1.37,9.84,7.20,180,86,53,61,4.70,3.44,47.78,13,0.71,48,0,16.87,0,0.00,99,14,0.56,0.77,81,69,57,27,0,0,0,0,0,58,45,62,53,0,33,19,71,46,3,12,51,91,N/A,N/A
Marko Aščić,19,1176534000,2007/04/14,Prva HNL,2025/2026,Midfielder,Slaven Koprivnica,53,32,21,Croatia,4,1,3,0,0,0,0,0,0,0,0,0,0,0,0,0,0,0,0,0,0,0,0,0,0,0,0,13,0,0,0,-1,-1,-1,27,12000,1.03,0,45,16.98,0.77,6,10,0.54,7,13,11.89,6,0.00,0.00,0.00,0,0.00,0.00,0.00,0.00,0,0.00,0.08,0.00,0.00,0.00,0.00,0.08,0.00,0.00,3.40,0.15,0.08,0.00,0.00,0.01,0.00,0.08,0.00,0.00,0,0,,2,0.15,98,0,0.00,18,2,3.40,99,0,4,0,4,0.00,99,0,0,0.00,6,0,25,0.00,12,0,0.00,99,0,0.00,0,0,0.00,0,0.00,9,1,1.70,69,1,1.70,100.00,0,0.00,0,0,0,0.00,0,0,0.00,99,0.00,0,N/A,N/A,N/A,N/A,0.00,0,0.00,0,0.09,0.00,0,70.00,0.00,18,99,0.00,0.00,0,95,99,0,0,0,0.00,0.00,0,21,13.36,0.08,1.70,1,0,0.00,0.00,99,0.00,0,0,0,0.00,0.00,0,0.00,0.00,0.00,0.00,0,0,0.00,47,0,0,45,0,0.01,1,0.00,0.02,0.09,67,0.01,0.15,99,2,0.15,3.40,3.40,0.15,99,2,0.15,66,0,54,67,0,44,75,0,0.00,99,1,0.00,1.70,11.89,0.54,7,4,95,82,6.79,0.31,57.14,1,1.70,9,0,0.00,0,0.00,99,0,0.00,0.00,25,0,57,9,0,0,0,0,0,29,45,62,53,0,17,3,15,15,0,0,15,29,N/A,N/A
Marko Capan,22,1077609600,2004/02/24,Prva HNL,2025/2026,Midfielder,Hajduk Split,0,0,0,Croatia,0,0,0,0,0,0,0,0,0,0,0,0,0,0,0,0,0,0,0,0,0,0,0,0,0,0,0,0,0,0,0,-1,-1,-1,-1,N/A,N/A,N/A,N/A,N/A,N/A,N/A,N/A,N/A,N/A,N/A,N/A,N/A,N/A,N/A,N/A,N/A,N/A,N/A,N/A,N/A,N/A,N/A,N/A,N/A,N/A,N/A,N/A,N/A,N/A,N/A,N/A,N/A,N/A,N/A,N/A,N/A,N/A,N/A,N/A,N/A,N/A,N/A,N/A,N/A,N/A,N/A,N/A,N/A,N/A,N/A,N/A,N/A,N/A,N/A,N/A,N/A,N/A,N/A,N/A,N/A,N/A,N/A,N/A,N/A,N/A,N/A,N/A,N/A,N/A,N/A,N/A,N/A,N/A,N/A,N/A,N/A,N/A,N/A,N/A,N/A,N/A,N/A,N/A,N/A,N/A,N/A,N/A,N/A,N/A,N/A,N/A,N/A,N/A,N/A,N/A,N/A,N/A,N/A,N/A,N/A,N/A,N/A,N/A,N/A,N/A,N/A,N/A,N/A,N/A,N/A,N/A,N/A,N/A,N/A,N/A,N/A,N/A,N/A,N/A,N/A,N/A,N/A,N/A,N/A,N/A,N/A,N/A,N/A,N/A,N/A,N/A,N/A,N/A,N/A,N/A,N/A,N/A,N/A,N/A,N/A,N/A,N/A,N/A,N/A,N/A,N/A,N/A,N/A,N/A,N/A,N/A,N/A,N/A,N/A,N/A,N/A,N/A,N/A,N/A,N/A,N/A,N/A,N/A,N/A,N/A,N/A,N/A,N/A,N/A,N/A,N/A,N/A,N/A,N/A,N/A,N/A,N/A,N/A,N/A,N/A,N/A,N/A,N/A,N/A,N/A,N/A,N/A,N/A,N/A,N/A,N/A,N/A,N/A,N/A,N/A,N/A,N/A,N/A,N/A,N/A,N/A,N/A,N/A,N/A,N/A,N/A,N/A,N/A,N/A,N/A,N/A,N/A,N/A,N/A,N/A,N/A,N/A,N/A,N/A,N/A,N/A,N/A,N/A
Marko Dabro,29,859536000,1997/03/28,Prva HNL,2025/2026,Forward,Slaven Koprivnica,1059,507,552,Croatia,21,11,10,3,2,1,2,2,0,0,0,4,4,0,17,6,11,0,0,0.42,0.17,0.25,0.36,0.16,353,1.44,62,50,0,530,0,42,51,-1,6,68952,4.34,0.1,80,17.34,7.29,7,204,5.57,156,37,13.26,9,0.00,0.00,0.32,9,0.00,0.29,1.27,0.54,15,0.00,0.46,0.00,0.00,0.00,0.04,0.32,0.68,13.33,3.40,0.96,0.64,0.00,0.46,0.17,0.00,0.39,0.00,0.00,0,0,,40,1.43,98,13,1.10,94,27,2.29,99,2,11,10,40,0.00,99,0,1,0.08,9,8,69,0.68,40,0,0.00,99,0,0.00,0,0,0.00,0,0.76,51,18,1.53,63,9,0.76,50.00,0,0.00,0,0,0,0.00,0,19,0.00,31,1.61,77,N/A,N/A,N/A,N/A,0.00,0,0.00,0,4.74,0.00,0,76.47,32.50,52,24,0.39,0.93,11,69,68,0,0,0,0.00,0.00,0,21,121.63,0.32,0.76,9,0,0.00,0.00,99,0.00,0,0,1,0.04,0.08,0,0.00,0.00,1.02,0.43,12,0,7.50,57,38,51,63,29,1.80,66,0.06,0.15,4.74,92,0.17,0.40,74,19,0.68,1.61,1.87,0.79,86,22,0.40,90,21,20,86,0,99,43,0,0.00,99,11,0.00,0.93,11.56,4.86,136,56,54,79,4.76,2.00,41.18,13,1.10,25,0,25.00,0,0.00,99,2,0.07,0.17,46,33,92,41,0,0,0,0,0,87,82,78,90,0,41,38,15,15,0,0,15,9,N/A,N/A
Marko Lešković,35,672735600,1991/04/27,Prva HNL,2025/2026,Defender,Slaven Koprivnica,33,0,33,Croatia,1,0,1,0,0,0,0,0,0,0,0,0,0,0,1,0,1,0,0,0,0,0,0,0,0,2.73,33,33,0,0,0,-1,-1,-1,34,0,6.41,0,45,38.18,14.00,62,14,13.00,13,99,35.45,70,0.00,0.00,0.00,0,0.00,0.00,0.00,0.00,0,0.00,0.00,0.00,0.00,0.00,0.00,0.00,1.00,0.00,5.45,2.00,0.00,0.00,0.00,0.11,0.00,1.00,0.00,0.00,0,0,,2,2.00,99,0,0.00,18,2,5.45,99,0,1,0,4,0.00,99,0,0,0.00,6,0,25,0.00,12,0,0.00,99,0,0.00,0,0,0.00,0,0.00,9,0,0.00,7,0,0.00,0.00,0,0.00,0,0,0,0.00,0,1,0.00,0,2.73,95,N/A,N/A,N/A,N/A,0.00,0,0.00,0,0.11,0.00,0,92.86,0.00,18,99,0.00,0.00,0,9,9,0,0,0,0.00,0.00,0,21,6.41,2.00,5.45,2,0,0.00,0.00,99,0.00,0,0,0,0.00,0.00,0,0.00,0.00,0.00,0.00,0,0,0.00,47,0,0,45,0,0.03,24,0.03,0.08,0.11,84,0.11,0.30,1,0,0.00,0.00,0.00,0.00,4,0,0.30,83,67,92,67,0,44,93,0,0.00,99,1,0.00,2.73,5.45,2.00,2,1,12,11,2.73,1.00,50.00,0,0.00,99,0,0.00,0,0.00,99,0,0.00,0.00,25,0,24,9,0,0,0,0,0,29,45,62,53,0,16,3,15,15,0,0,15,13,0,0
Marko Livaja,32,746348400,1993/08/26,Prva HNL,2025/2026,Forward,Hajduk Split,1601,762,839,Croatia,24,13,11,9,4,5,6,3,3,0,0,10,6,4,13,6,7,6,1,0.84,0.34,0.51,0.47,0.54,178,0.73,123,67,267,267,0.34,8,8,-1,2,1200000,6.88,0.25,98,21.44,15.12,13,378,10.60,265,14,15.03,13,0.00,0.00,1.20,30,0.00,0.80,0.40,0.28,7,0.00,1.16,0.00,0.00,0.00,0.00,0.68,0.52,5.78,2.95,1.04,1.44,0.00,1.04,0.40,0.00,0.80,0.00,0.00,0,0,,52,2.08,95,26,1.47,99,26,1.47,88,1,7,17,9,0.00,99,0,0,0.00,6,20,90,1.13,52,0,0.00,99,0,0.00,0,0,0.00,0,1.70,89,36,2.04,78,17,0.96,47.22,0,0.00,0,0,0,0.00,0,13,0.00,93,0.74,7,N/A,N/A,N/A,N/A,0.00,0,0.00,0,10.07,0.00,0,70.11,50.00,90,76,0.24,0.34,6,80,53,2,0,0,0.08,0.11,2,40,171.92,0.52,0.74,13,0,0.00,0.00,99,0.00,0,2,2,0.08,0.11,0,0.00,0.00,0.68,0.48,12,1,17.31,86,62,64,49,93,5.07,95,0.20,0.29,8.67,98,0.35,0.49,89,37,1.48,2.10,1.13,0.80,49,20,0.57,99,90,20,90,0,94,52,0,0.00,99,20,0.00,1.13,10.21,7.20,180,81,50,67,4.59,3.24,45.00,29,1.64,10,0,35.00,0,0.00,99,7,0.28,0.40,66,60,76,27,0,1,0,4,0,98,97,96,95,0,99,82,33,84,5,21,82,10,N/A,N/A
Marko Malenica,32,760694400,1994/02/08,Prva HNL,2025/2026,Goalkeeper,Osijek,2610,1260,1350,Croatia,29,14,15,0,0,0,0,0,0,0,0,13,7,6,38,16,22,0,0,0,0,0,0,0,0,1.31,69,90,0,0,0,173,198,37,30,80000,6.29,0,45,28.21,25.56,34,818,17.97,575,15,19.83,29,0.00,0.00,0.03,1,0.00,0.00,0.00,0.00,0,0.00,0.00,0.00,0.00,2.75,0.00,0.00,3.97,0.00,0.00,0.00,0.00,0.00,0.00,0.00,0.00,0.22,0.00,0.00,0,0,,0,0.00,8,0,0.00,18,0,0.00,10,0,0,29,4,0.00,99,0,0,0.00,6,0,25,0.00,12,0,0.00,99,0,0.00,0,0,0.00,0,0.03,9,0,0.00,7,0,0.00,0.00,0,0.00,0,88,67,3.03,80,127,0.00,50,4.38,98,N/A,N/A,N/A,N/A,69.29,0,0.00,0,0.00,0.00,0,70.29,0.00,18,99,0.00,0.00,0,9,9,0,0,56,0.00,0.00,0,21,201.23,1.06,1.17,34,0,0.00,0.00,99,0.00,0,0,0,0.00,0.00,17,0.53,0.59,0.00,0.00,0,0,0.00,47,95,87,45,51,1.35,10,0.04,0.05,0.00,10,0.00,0.00,2,2,0.06,0.07,0.00,0.00,4,0,0.00,10,62,38,67,93,44,11,0,0.00,99,7,0.00,0.24,0.34,0.31,10,9,3,2,0.31,0.28,90.00,0,0.00,99,0,0.00,0,0.00,99,0,0.00,0.00,25,94,14,9,0,0,0,0,0,29,45,62,53,0,51,88,15,15,0,0,15,31,N/A,N/A
Marko Pajač,32,737103600,1993/05/11,Prva HNL,2025/2026,Defender,Lokomotiva Zagreb,2398,1292,1106,Croatia,28,15,13,6,4,2,5,2,3,0,0,6,4,2,32,18,14,8,0,0.41,0.19,0.23,0.28,0.16,400,1.2,75,86,300,480,0.3,45,42,26,2,130000,7.10,0.18,86,44.85,42.68,77,1195,33.39,935,45,35.09,69,0.00,0.00,1.75,49,0.00,8.39,1.20,1.14,32,0.00,0.86,0.00,0.00,0.00,0.43,0.89,1.14,3.50,0.79,0.43,1.82,0.00,0.32,0.19,0.00,0.18,0.00,0.00,0,0,,21,0.75,47,9,0.34,61,12,0.45,42,6,0,28,37,0.00,99,0,12,0.45,29,235,62,8.82,99,0,0.00,99,0,0.00,0,0,0.00,0,1.84,92,51,1.91,76,25,0.94,49.02,0,0.00,0,0,0,0.00,0,32,0.00,62,1.20,39,N/A,N/A,N/A,N/A,0.00,0,0.00,0,5.33,0.00,0,78.24,42.86,79,76,0.32,0.34,9,78,57,6,0,0,0.11,0.11,3,40,198.76,1.11,1.16,31,1,0.00,0.04,19,0.04,0,6,1,0.04,0.04,0,0.00,0.00,0.08,0.07,2,0,28.57,99,88,83,64,62,6.73,92,0.24,0.25,1.13,33,0.04,0.04,74,43,1.54,1.61,0.94,0.89,37,25,0.20,76,98,38,72,0,57,8,0,0.00,99,5,0.00,0.19,7.32,6.96,195,105,33,27,3.94,3.75,53.85,24,0.90,36,0,23.40,0,0.00,99,55,1.96,2.06,99,89,14,82,0,0,0,0,0,86,82,78,85,0,74,44,40,76,8,29,96,17,N/A,N/A
Marko Petrović,43,419500800,1983/04/18,Prva HNL,2025/2026,Defender,Slaven Koprivnica,214,57,157,Serbia,3,1,2,0,0,0,0,0,0,0,0,0,0,0,5,0,5,1,0,0,0,0,0,0,0,2.1,43,71,214,0,0.42,-1,-1,-1,22,15000,1.42,0,45,33.64,8.89,53,80,7.22,65,62,27.34,55,0.00,0.00,0.11,1,0.00,0.56,1.68,0.44,4,0.00,0.00,0.00,0.00,0.00,0.00,0.00,0.67,0.00,0.84,0.11,0.11,0.00,0.11,0.02,0.00,0.44,0.00,0.00,0,0,,2,0.22,51,1,0.42,66,1,0.42,38,1,1,2,62,0.00,99,0,0,0.00,6,5,55,2.10,65,0,0.00,99,0,0.00,0,0,0.00,0,0.42,33,1,0.42,25,0,0.00,0.00,0,0.00,0,0,0,0.00,0,6,0.00,4,2.52,95,N/A,N/A,N/A,N/A,0.00,0,0.00,0,0.18,0.00,0,81.25,50.00,90,27,0.22,0.84,2,9,9,0,0,0,0.00,0.00,0,21,12.80,1.00,3.79,9,0,0.00,0.00,99,0.00,0,0,0,0.00,0.00,0,0.00,0.00,0.00,0.00,0,0,0.00,47,0,0,45,4,0.18,24,0.02,0.08,0.18,47,0.02,0.08,19,1,0.11,0.42,0.84,0.22,25,2,0.08,46,0,77,67,0,44,74,0,0.00,99,4,0.00,1.68,7.15,1.89,17,9,27,23,3.79,1.00,52.94,0,0.00,99,0,20.00,0,0.00,99,1,0.11,0.42,67,0,24,27,0,0,0,0,0,29,45,62,53,0,18,3,22,94,1,33,97,20,N/A,N/A
Marko Rog,30,806137200,1995/07/19,Prva HNL,2025/2026,Midfielder,Lokomotiva Zagreb,7,1,6,Croatia,2,1,1,0,0,0,0,0,0,0,0,0,0,0,0,0,0,0,0,0,0,0,0,0,0,0,0,4,0,0,0,-1,-1,-1,18,0,1.55,0,45,102.86,2.00,99,8,1.75,7,90,90.00,99,0.00,0.00,0.00,0,0.00,0.00,0.00,0.00,0,0.00,0.00,0.00,0.00,0.00,0.00,0.00,0.00,0.00,12.86,0.25,0.25,0.00,0.00,0.01,0.00,0.00,0.00,0.00,0,0,,1,0.25,99,0,0.00,18,1,12.86,99,0,2,0,4,0.00,99,0,0,0.00,6,0,25,0.00,12,0,0.00,99,0,0.00,0,0,0.00,0,0.00,9,1,12.86,99,0,0.00,0.00,0,0.00,0,0,0,0.00,0,0,0.00,99,0.00,0,N/A,N/A,N/A,N/A,0.00,0,0.00,0,0.05,0.00,0,87.50,0.00,18,99,0.00,0.00,0,9,9,0,0,0,0.00,0.00,0,21,6.19,0.00,0.00,0,0,0.00,0.00,99,0.00,0,0,0,0.00,0.00,0,0.00,0.00,0.00,0.00,0,0,0.00,47,0,0,45,0,0.02,93,0.01,0.26,0.05,99,0.01,0.64,1,0,0.00,0.00,0.00,0.00,4,0,0.64,99,0,0,67,0,44,1,0,0.00,99,0,0.00,0.00,25.71,0.50,2,0,0,99,0.00,0.00,0.00,0,0.00,99,0,0.00,0,0.00,99,0,0.00,0.00,25,0,31,9,0,0,0,0,0,29,45,62,53,0,16,3,15,15,0,0,15,26,0,0
Marko Soldo,22,1069488000,2003/11/22,Prva HNL,2025/2026,Midfielder,Dinamo Zagreb,492,287,205,Bosnia and Herzegovina,20,10,10,3,1,2,1,1,0,0,0,11,4,7,4,3,1,1,0,0.73,0.18,0.55,0.31,0.88,164,0.73,123,25,492,492,0.18,6,46,-1,8,104000,4.08,0.05,82,48.11,9.39,83,263,8.04,225,82,41.16,86,0.00,0.00,0.21,6,0.00,0.07,2.74,0.54,15,0.00,0.25,0.00,0.00,0.00,0.32,0.18,0.14,4.33,2.38,0.21,0.36,0.00,0.25,0.11,0.00,0.36,0.00,0.00,0,0,,13,0.46,90,7,1.28,98,6,1.10,76,1,17,3,94,0.00,99,0,9,1.65,95,2,25,0.37,28,0,0.00,99,0,0.00,0,0,0.00,0,1.10,68,10,1.83,71,5,0.91,50.00,0,0.00,0,0,0,0.00,0,4,0.00,93,0.73,6,N/A,N/A,N/A,N/A,0.00,0,0.00,0,2.95,0.00,0,85.55,53.85,92,14,0.21,1.10,6,76,68,0,0,0,0.00,0.00,0,21,114.26,0.29,1.46,8,1,0.00,0.18,2,0.04,0,0,0,0.00,0.00,0,0.00,0.00,0.18,0.04,1,0,23.08,94,9,47,47,93,1.28,89,0.05,0.23,2.95,99,0.11,0.54,53,6,0.21,1.10,1.83,0.36,86,10,0.54,98,16,48,67,0,75,77,0,0.00,99,10,0.00,1.83,13.72,2.68,75,36,93,92,6.59,1.29,48.00,7,1.28,16,0,0.00,0,0.00,99,0,0.00,0.00,25,2,99,27,0,0,0,0,0,96,98,99,88,0,65,99,66,50,1,5,20,14,N/A,N/A
Marko Vešović,34,683362800,1991/08/28,Prva HNL,2025/2026,Defender,Lokomotiva Zagreb,1983,1108,875,Montenegro,25,13,12,1,1,0,4,4,0,0,0,4,2,2,29,18,11,3,0,0.23,0.18,0.05,0.08,0,1983,1.32,68,79,661,496,0.14,111,48,39,12,120000,6.83,0.16,82,28.14,24.80,33,620,20.08,502,59,22.78,38,0.00,0.00,1.32,33,0.00,3.92,1.59,1.40,35,0.00,1.04,0.00,0.00,0.00,0.52,0.76,1.20,16.00,0.73,0.48,1.72,0.00,0.16,0.07,0.00,0.64,0.00,0.00,0,0,,16,0.64,43,4,0.18,42,12,0.54,46,4,4,21,54,0.00,99,0,13,0.59,37,98,73,4.45,90,0,0.00,99,0,0.00,0,0,0.00,0,1.50,85,43,1.95,76,19,0.86,44.19,0,0.00,0,0,0,0.00,0,30,0.00,49,1.36,59,N/A,N/A,N/A,N/A,0.00,0,0.00,0,1.65,0.00,0,80.97,25.00,42,59,0.44,0.50,11,74,45,0,0,0,0.08,0.09,2,34,170.74,2.08,2.36,52,1,0.00,0.05,15,0.04,0,0,1,0.04,0.05,0,0.00,0.00,0.09,0.08,2,0,6.25,53,77,67,95,49,4.56,85,0.18,0.21,1.65,43,0.07,0.07,52,24,0.96,1.09,0.91,0.80,32,20,0.07,42,85,63,76,0,59,31,0,0.00,99,16,0.00,0.73,8.80,7.76,194,94,41,45,4.27,3.76,48.45,26,1.18,20,0,26.53,0,0.00,99,26,1.04,1.18,90,73,57,65,0,0,0,0,0,70,52,62,58,0,71,27,77,41,3,12,51,23,N/A,N/A
Marko Zebić,19,1168243200,2007/01/08,Prva HNL,2025/2026,Midfielder,Dinamo Zagreb,0,0,0,Croatia,0,0,0,0,0,0,0,0,0,0,0,0,0,0,0,0,0,0,0,0,0,0,0,0,0,0,0,0,0,0,0,-1,-1,-1,-1,N/A,N/A,N/A,N/A,N/A,N/A,N/A,N/A,N/A,N/A,N/A,N/A,N/A,N/A,N/A,N/A,N/A,N/A,N/A,N/A,N/A,N/A,N/A,N/A,N/A,N/A,N/A,N/A,N/A,N/A,N/A,N/A,N/A,N/A,N/A,N/A,N/A,N/A,N/A,N/A,N/A,N/A,N/A,N/A,N/A,N/A,N/A,N/A,N/A,N/A,N/A,N/A,N/A,N/A,N/A,N/A,N/A,N/A,N/A,N/A,N/A,N/A,N/A,N/A,N/A,N/A,N/A,N/A,N/A,N/A,N/A,N/A,N/A,N/A,N/A,N/A,N/A,N/A,N/A,N/A,N/A,N/A,N/A,N/A,N/A,N/A,N/A,N/A,N/A,N/A,N/A,N/A,N/A,N/A,N/A,N/A,N/A,N/A,N/A,N/A,N/A,N/A,N/A,N/A,N/A,N/A,N/A,N/A,N/A,N/A,N/A,N/A,N/A,N/A,N/A,N/A,N/A,N/A,N/A,N/A,N/A,N/A,N/A,N/A,N/A,N/A,N/A,N/A,N/A,N/A,N/A,N/A,N/A,N/A,N/A,N/A,N/A,N/A,N/A,N/A,N/A,N/A,N/A,N/A,N/A,N/A,N/A,N/A,N/A,N/A,N/A,N/A,N/A,N/A,N/A,N/A,N/A,N/A,N/A,N/A,N/A,N/A,N/A,N/A,N/A,N/A,N/A,N/A,N/A,N/A,N/A,N/A,N/A,N/A,N/A,N/A,N/A,N/A,N/A,N/A,N/A,N/A,N/A,N/A,N/A,N/A,N/A,N/A,N/A,N/A,N/A,N/A,N/A,N/A,N/A,N/A,N/A,N/A,N/A,N/A,N/A,N/A,N/A,N/A,N/A,N/A,N/A,N/A,N/A,N/A,N/A,N/A,N/A,N/A,N/A,N/A,N/A,N/A,N/A,N/A,N/A,N/A,N/A,N/A
Maroje Kostopec,19,1175842800,2007/04/06,Prva HNL,2025/2026,Goalkeeper,Lokomotiva Zagreb,0,0,0,Croatia,0,0,0,0,0,0,0,0,0,0,0,0,0,0,0,0,0,0,0,0,0,0,0,0,0,0,0,0,0,0,0,-1,-1,-1,-1,N/A,N/A,N/A,N/A,N/A,N/A,N/A,N/A,N/A,N/A,N/A,N/A,N/A,N/A,N/A,N/A,N/A,N/A,N/A,N/A,N/A,N/A,N/A,N/A,N/A,N/A,N/A,N/A,N/A,N/A,N/A,N/A,N/A,N/A,N/A,N/A,N/A,N/A,N/A,N/A,N/A,N/A,N/A,N/A,N/A,N/A,N/A,N/A,N/A,N/A,N/A,N/A,N/A,N/A,N/A,N/A,N/A,N/A,N/A,N/A,N/A,N/A,N/A,N/A,N/A,N/A,N/A,N/A,N/A,N/A,N/A,N/A,N/A,N/A,N/A,N/A,N/A,N/A,N/A,N/A,N/A,N/A,N/A,N/A,N/A,N/A,N/A,N/A,N/A,N/A,N/A,N/A,N/A,N/A,N/A,N/A,N/A,N/A,N/A,N/A,N/A,N/A,N/A,N/A,N/A,N/A,N/A,N/A,N/A,N/A,N/A,N/A,N/A,N/A,N/A,N/A,N/A,N/A,N/A,N/A,N/A,N/A,N/A,N/A,N/A,N/A,N/A,N/A,N/A,N/A,N/A,N/A,N/A,N/A,N/A,N/A,N/A,N/A,N/A,N/A,N/A,N/A,N/A,N/A,N/A,N/A,N/A,N/A,N/A,N/A,N/A,N/A,N/A,N/A,N/A,N/A,N/A,N/A,N/A,N/A,N/A,N/A,N/A,N/A,N/A,N/A,N/A,N/A,N/A,N/A,N/A,N/A,N/A,N/A,N/A,N/A,N/A,N/A,N/A,N/A,N/A,N/A,N/A,N/A,N/A,N/A,N/A,N/A,N/A,N/A,N/A,N/A,N/A,N/A,N/A,N/A,N/A,N/A,N/A,N/A,N/A,N/A,N/A,N/A,N/A,N/A,N/A,N/A,N/A,N/A,N/A,N/A,N/A,N/A,N/A,N/A,N/A,N/A,N/A,N/A,N/A,N/A,N/A,N/A
Martin Zlomislić,27,903250800,1998/08/16,Prva HNL,2025/2026,Goalkeeper,Rijeka,2880,1440,1440,Bosnia and Herzegovina,32,16,16,0,0,0,0,0,0,0,0,10,7,3,33,13,20,1,0,0,0,0,0,0,0,1.03,87,90,2880,0,0.03,227,182,21,27,120000,6.49,0,45,29.16,28.27,36,933,19.67,649,11,20.28,29,0.00,0.00,0.00,0,0.00,0.00,0.00,0.00,0,0.00,0.00,0.00,0.00,2.12,0.03,0.00,3.21,0.00,0.00,0.00,0.00,0.00,0.00,0.00,0.00,0.18,0.00,0.00,0,0,,0,0.00,8,0,0.00,18,0,0.00,10,0,0,32,4,0.00,99,0,1,0.03,7,0,25,0.00,12,0,0.00,99,0,0.00,0,0,0.00,0,0.00,9,0,0.00,7,0,0.00,0.00,0,0.00,0,70,47,2.19,33,106,0.00,72,3.31,96,N/A,N/A,N/A,N/A,66.04,0,0.00,0,0.00,0.00,0,69.56,0.00,18,94,0.03,0.03,1,9,9,0,0,38,0.00,0.00,0,21,214.24,0.67,0.69,22,1,0.00,0.03,23,0.03,1,0,0,0.00,0.00,11,0.33,0.34,0.00,0.00,0,0,0.00,47,98,97,45,71,1.48,10,0.04,0.05,0.00,10,0.00,0.00,9,6,0.18,0.19,0.03,0.03,6,1,0.00,10,70,18,67,53,44,8,0,0.00,99,6,0.00,0.19,0.47,0.45,15,10,3,4,0.31,0.30,66.67,0,0.00,99,0,0.00,0,0.00,99,0,0.00,0.00,25,98,14,9,0,0,0,0,0,29,45,62,53,0,71,62,99,15,1,3,16,13,N/A,N/A
Matej Grahovac,18,1206514800,2008/03/26,Prva HNL,2025/2026,Midfielder,Osijek,0,0,0,Croatia,0,0,0,0,0,0,0,0,0,0,0,0,0,0,0,0,0,0,0,0,0,0,0,0,0,0,0,0,0,0,0,-1,-1,-1,-1,N/A,N/A,N/A,N/A,N/A,N/A,N/A,N/A,N/A,N/A,N/A,N/A,N/A,N/A,N/A,N/A,N/A,N/A,N/A,N/A,N/A,N/A,N/A,N/A,N/A,N/A,N/A,N/A,N/A,N/A,N/A,N/A,N/A,N/A,N/A,N/A,N/A,N/A,N/A,N/A,N/A,N/A,N/A,N/A,N/A,N/A,N/A,N/A,N/A,N/A,N/A,N/A,N/A,N/A,N/A,N/A,N/A,N/A,N/A,N/A,N/A,N/A,N/A,N/A,N/A,N/A,N/A,N/A,N/A,N/A,N/A,N/A,N/A,N/A,N/A,N/A,N/A,N/A,N/A,N/A,N/A,N/A,N/A,N/A,N/A,N/A,N/A,N/A,N/A,N/A,N/A,N/A,N/A,N/A,N/A,N/A,N/A,N/A,N/A,N/A,N/A,N/A,N/A,N/A,N/A,N/A,N/A,N/A,N/A,N/A,N/A,N/A,N/A,N/A,N/A,N/A,N/A,N/A,N/A,N/A,N/A,N/A,N/A,N/A,N/A,N/A,N/A,N/A,N/A,N/A,N/A,N/A,N/A,N/A,N/A,N/A,N/A,N/A,N/A,N/A,N/A,N/A,N/A,N/A,N/A,N/A,N/A,N/A,N/A,N/A,N/A,N/A,N/A,N/A,N/A,N/A,N/A,N/A,N/A,N/A,N/A,N/A,N/A,N/A,N/A,N/A,N/A,N/A,N/A,N/A,N/A,N/A,N/A,N/A,N/A,N/A,N/A,N/A,N/A,N/A,N/A,N/A,N/A,N/A,N/A,N/A,N/A,N/A,N/A,N/A,N/A,N/A,N/A,N/A,N/A,N/A,N/A,N/A,N/A,N/A,N/A,N/A,N/A,N/A,N/A,N/A,N/A,N/A,N/A,N/A,N/A,N/A,N/A,N/A,N/A,N/A,N/A,N/A,N/A,N/A,N/A,N/A,N/A,N/A
Matej Marković,29,838018800,1996/07/22,Prva HNL,2025/2026,Goalkeeper,HNK Vukovar 1991,90,90,0,Croatia,1,1,0,0,0,0,0,0,0,0,0,0,0,0,1,1,0,0,0,0,0,0,0,0,0,1,90,90,0,0,0,-1,-1,-1,13,90000,3.44,0,45,28.00,14.00,33,28,4.00,8,0,8.00,1,0.00,0.00,0.00,0,0.00,0.00,0.00,0.00,0,0.00,0.00,0.00,0.00,1.00,0.00,0.00,1.50,0.00,0.00,0.00,0.00,0.00,0.00,0.00,0.00,1.00,0.00,0.00,0,0,,0,0.00,8,0,0.00,18,0,0.00,10,0,0,1,4,0.00,99,0,0,0.00,6,0,25,0.00,12,0,0.00,99,0,0.00,0,0,0.00,0,0.00,9,0,0.00,7,0,0.00,0.00,0,0.00,0,2,53,2.00,20,3,0.00,74,3.00,95,N/A,N/A,N/A,N/A,66.67,0,0.00,0,0.00,0.00,0,28.57,0.00,18,99,0.00,0.00,0,9,9,0,0,2,0.00,0.00,0,21,6.88,2.00,4.00,4,0,0.00,0.00,99,0.00,0,0,0,0.00,0.00,3,1.50,3.00,0.00,0.00,0,0,0.00,47,0,0,45,74,0.02,1,0.01,0.02,0.00,10,0.00,0.00,86,2,1.00,2.00,0.00,0.00,4,0,0.00,10,8,79,67,99,44,81,0,0.00,99,2,0.00,2.00,3.00,1.50,3,3,14,7,3.00,1.50,100.00,0,0.00,99,0,0.00,0,0.00,99,0,0.00,0.00,25,0,14,9,0,0,0,0,0,29,45,62,53,0,57,3,15,15,0,0,15,12,N/A,N/A
Matej Vuk,25,960620400,2000/06/10,Prva HNL,2025/2026,Midfielder,Varaždin,1611,788,823,Croatia,28,13,15,2,1,1,1,0,1,0,0,7,4,3,27,12,15,4,0,0.17,0.06,0.11,0.11,0.11,806,1.51,60,58,403,1611,0.22,78,107,-1,6,61620,6.38,0.04,56,24.54,15.68,21,439,11.46,321,22,17.94,21,0.00,0.00,0.79,22,0.00,1.36,1.62,1.04,29,0.00,0.50,0.00,0.00,0.00,0.61,1.36,0.93,15.00,1.68,0.86,2.29,0.00,0.21,0.12,0.00,0.54,0.00,0.00,0,0,,30,1.07,75,6,0.34,61,24,1.34,84,8,13,15,58,0.00,99,0,17,0.95,61,38,52,2.12,65,0,0.00,99,0,0.00,0,0,0.00,0,1.23,72,64,3.58,93,38,2.12,59.38,0,0.00,0,0,0,0.00,0,26,0.00,24,1.45,70,N/A,N/A,N/A,N/A,0.00,0,0.00,0,3.27,0.00,0,73.12,20.00,32,76,0.21,0.34,6,98,79,0,0,0,0.04,0.06,1,28,178.74,0.50,0.78,14,0,0.00,0.00,99,0.00,0,0,1,0.04,0.06,0,0.00,0.00,0.17,0.11,3,0,6.67,54,63,83,78,24,2.05,45,0.07,0.11,3.27,75,0.12,0.18,93,41,1.46,2.29,0.78,0.50,21,14,0.18,74,65,21,78,0,72,38,0,0.00,99,15,0.00,0.84,10.68,6.82,191,121,94,71,6.76,4.32,63.35,14,0.78,43,0,18.42,0,0.00,99,7,0.25,0.39,64,53,97,93,0,0,0,0,0,61,68,71,63,0,37,52,54,61,4,14,60,7,N/A,N/A
Mateo Barać,25,970642800,2000/10/04,Prva HNL,2025/2026,Midfielder,Slaven Koprivnica,242,152,90,Croatia,4,3,1,0,0,0,0,0,0,0,0,0,0,0,6,3,3,0,0,0,0,0,0,0,0,2.23,40,61,0,0,0,-1,-1,-1,29,30000,1.36,0,45,17.77,3.29,7,46,2.07,29,2,11.20,5,0.00,0.00,0.14,2,0.00,0.64,1.16,0.21,3,0.00,0.00,0.00,0.00,0.00,0.21,0.00,0.14,0.00,0.77,0.14,0.21,0.00,0.00,0.01,0.00,0.21,0.00,0.00,0,0,,2,0.14,46,0,0.00,18,2,0.77,61,3,1,3,34,0.00,99,0,3,1.16,75,9,59,3.48,80,0,0.00,99,0,0.00,0,0,0.00,0,0.77,52,3,1.16,50,0,0.00,0.00,0,0.00,0,0,0,0.00,0,2,0.00,1,0.77,9,N/A,N/A,N/A,N/A,0.00,0,0.00,0,0.08,0.00,0,63.04,0.00,18,99,0.00,0.00,0,9,9,0,0,0,0.00,0.00,0,21,18.98,0.93,5.02,13,0,0.00,0.00,99,0.00,0,0,0,0.00,0.00,0,0.00,0.00,0.00,0.00,0,0,0.00,47,0,0,45,1,0.15,14,0.01,0.06,0.08,28,0.01,0.03,17,1,0.07,0.39,0.00,0.00,4,0,0.03,27,0,86,67,0,44,53,0,0.00,99,3,0.00,1.16,3.86,0.71,10,7,12,7,2.70,0.50,70.00,0,0.00,99,0,22.22,0,0.00,99,2,0.14,0.77,81,2,24,55,0,0,0,0,0,29,45,62,53,0,23,3,15,15,0,0,15,2,N/A,N/A
Mateo Barać,31,774687600,1994/07/20,Prva HNL,2025/2026,Defender,Varaždin,583,231,352,Croatia,10,4,6,1,1,0,0,0,0,0,0,4,3,1,9,2,7,0,0,0.15,0,0.15,0.39,0,583,1.39,65,58,0,0,0,66,215,51,11,73512,3.17,0,45,37.45,11.57,62,243,9.00,189,43,29.13,60,0.00,0.00,0.05,1,0.00,0.00,1.70,0.52,11,0.00,0.05,0.00,0.00,0.00,0.29,0.00,0.33,5.00,0.77,0.10,0.05,0.00,0.14,0.05,0.00,0.19,0.00,0.00,0,0,,5,0.24,46,3,0.46,70,2,0.31,29,3,3,7,62,0.00,99,0,6,0.92,58,0,25,0.00,12,0,0.00,99,0,0.00,0,0,0.00,0,0.15,16,1,0.15,14,0,0.00,0.00,0,0.00,0,0,0,0.00,0,7,0.00,39,1.08,29,N/A,N/A,N/A,N/A,0.00,0,0.00,0,1.08,0.00,0,77.78,60.00,95,80,0.10,0.31,2,9,9,0,0,0,0.05,0.15,1,44,66.53,1.62,5.24,34,0,0.00,0.00,99,0.00,0,0,0,0.00,0.00,0,0.00,0.00,0.00,0.00,0,0,20.00,92,15,11,72,41,0.52,24,0.02,0.08,1.08,71,0.05,0.17,21,3,0.14,0.46,0.92,0.29,34,6,0.17,71,6,90,67,0,44,25,0,0.00,99,4,0.00,0.62,5.09,1.57,33,17,11,9,2.62,0.81,51.52,1,0.15,83,0,0.00,0,0.00,99,0,0.00,0.00,25,22,45,55,0,0,0,0,0,56,74,62,92,0,44,78,15,15,0,0,15,44,N/A,N/A
Mateo Leš,26,953971200,2000/03/25,Prva HNL,2025/2026,Defender,Gorica,1504,648,856,Croatia,21,9,12,0,0,0,0,0,0,0,0,3,2,1,27,12,15,3,0,0,0,0,0,0,0,1.62,56,72,501,0,0.18,220,217,62,14,110000,4.31,0,45,50.15,26.19,86,838,23.91,765,99,45.78,90,0.00,0.00,0.12,4,0.00,0.09,1.26,0.66,21,0.00,0.19,0.00,0.00,0.00,0.41,0.06,0.72,0.00,0.06,0.03,0.16,0.00,0.00,0.00,0.00,0.84,0.00,0.00,0,0,,1,0.03,9,0,0.00,18,1,0.06,11,2,4,17,39,0.00,99,0,13,0.78,49,3,25,0.18,19,0,0.00,99,0,0.00,0,0,0.00,0,0.24,20,5,0.30,22,2,0.12,40.00,0,0.00,0,0,0,0.00,0,23,0.00,19,1.38,61,N/A,N/A,N/A,N/A,0.00,0,0.00,0,0.05,0.00,0,91.29,0.00,18,56,0.28,0.54,9,19,38,0,0,0,0.31,0.60,10,83,137.91,2.06,3.95,66,1,0.00,0.06,12,0.03,0,0,0,0.00,0.00,0,0.00,0.00,0.00,0.00,0,0,0.00,47,58,51,45,21,1.96,52,0.06,0.12,0.05,10,0.00,0.00,24,9,0.28,0.54,0.84,0.44,25,14,0.00,10,20,79,67,0,44,70,0,0.00,99,27,0.00,1.62,6.64,3.47,111,57,19,18,3.41,1.78,51.35,6,0.36,69,0,0.00,0,0.00,99,0,0.00,0.00,25,60,57,41,0,0,0,0,0,29,45,62,53,0,68,23,67,50,3,14,60,5,N/A,N/A
Mateo Lisica,22,1057734000,2003/07/09,Prva HNL,2025/2026,Forward,Dinamo Zagreb,1278,573,705,Croatia,22,11,11,2,1,1,6,4,2,0,0,9,4,5,11,5,6,1,0,0.56,0.42,0.14,0.16,0.13,639,0.77,116,58,1278,213,0.07,69,4,-1,9,180000,6.38,0.27,99,33.11,19.26,49,443,16.83,387,90,28.93,59,0.00,0.00,1.30,30,0.00,2.30,1.57,0.91,21,0.00,0.22,0.00,0.00,0.00,0.43,0.43,0.48,7.00,1.05,0.39,1.09,0.00,0.22,0.10,0.00,0.39,0.00,0.00,0,0,,14,0.61,58,5,0.37,64,9,0.67,54,2,8,14,54,0.00,99,0,10,0.75,46,53,79,3.96,86,0,0.00,99,0,0.00,0,0,0.00,0,2.24,97,25,1.87,73,10,0.75,40.00,0,0.00,0,0,0,0.00,0,11,0.00,92,0.82,13,N/A,N/A,N/A,N/A,0.00,0,0.00,0,2.30,0.00,0,87.36,35.71,62,34,0.43,0.75,10,69,38,0,0,0,0.04,0.07,1,29,146.72,0.48,0.82,11,0,0.00,0.00,99,0.00,0,0,0,0.00,0.00,0,0.00,0.00,0.22,0.13,3,0,14.29,81,48,57,75,92,6.02,99,0.26,0.45,2.30,71,0.10,0.17,54,15,0.65,1.12,0.90,0.52,29,12,0.17,71,65,25,67,0,79,28,0,0.00,99,9,0.00,0.67,7.18,4.17,96,53,33,24,3.96,2.30,55.21,5,0.37,68,0,30.19,0,0.00,99,16,0.70,1.20,91,50,83,41,0,0,0,0,0,92,71,72,72,0,84,79,96,20,1,5,20,21,N/A,N/A
Matija Jesenović,28,882518400,1997/12/19,Prva HNL,2025/2026,Goalkeeper,Slaven Koprivnica,0,0,0,Croatia,0,0,0,0,0,0,0,0,0,0,0,0,0,0,0,0,0,0,0,0,0,0,0,0,0,0,0,0,0,0,0,-1,-1,-1,-1,N/A,N/A,N/A,N/A,N/A,N/A,N/A,N/A,N/A,N/A,N/A,N/A,N/A,N/A,N/A,N/A,N/A,N/A,N/A,N/A,N/A,N/A,N/A,N/A,N/A,N/A,N/A,N/A,N/A,N/A,N/A,N/A,N/A,N/A,N/A,N/A,N/A,N/A,N/A,N/A,N/A,N/A,N/A,N/A,N/A,N/A,N/A,N/A,N/A,N/A,N/A,N/A,N/A,N/A,N/A,N/A,N/A,N/A,N/A,N/A,N/A,N/A,N/A,N/A,N/A,N/A,N/A,N/A,N/A,N/A,N/A,N/A,N/A,N/A,N/A,N/A,N/A,N/A,N/A,N/A,N/A,N/A,N/A,N/A,N/A,N/A,N/A,N/A,N/A,N/A,N/A,N/A,N/A,N/A,N/A,N/A,N/A,N/A,N/A,N/A,N/A,N/A,N/A,N/A,N/A,N/A,N/A,N/A,N/A,N/A,N/A,N/A,N/A,N/A,N/A,N/A,N/A,N/A,N/A,N/A,N/A,N/A,N/A,N/A,N/A,N/A,N/A,N/A,N/A,N/A,N/A,N/A,N/A,N/A,N/A,N/A,N/A,N/A,N/A,N/A,N/A,N/A,N/A,N/A,N/A,N/A,N/A,N/A,N/A,N/A,N/A,N/A,N/A,N/A,N/A,N/A,N/A,N/A,N/A,N/A,N/A,N/A,N/A,N/A,N/A,N/A,N/A,N/A,N/A,N/A,N/A,N/A,N/A,N/A,N/A,N/A,N/A,N/A,N/A,N/A,N/A,N/A,N/A,N/A,N/A,N/A,N/A,N/A,N/A,N/A,N/A,N/A,N/A,N/A,N/A,N/A,N/A,N/A,N/A,N/A,N/A,N/A,N/A,N/A,N/A,N/A,N/A,N/A,N/A,N/A,N/A,N/A,N/A,N/A,N/A,N/A,N/A,N/A,N/A,N/A,N/A,N/A,N/A,N/A
Matija Subotic,18,1197964800,2007/12/18,Prva HNL,2025/2026,Midfielder,Lokomotiva Zagreb,1791,869,922,Croatia,29,14,15,0,0,0,2,2,0,0,0,6,4,2,29,12,17,0,0,0.1,0.1,0,0,0,0,1.46,62,62,0,896,0,191,78,-1,28,10000,6.02,0.07,70,41.18,25.62,70,820,23.06,738,96,37.06,76,0.00,0.00,0.09,3,0.00,0.12,1.16,0.72,23,0.00,0.38,0.00,0.00,0.00,0.88,0.34,0.88,0.00,0.25,0.12,0.50,0.00,0.03,0.01,0.00,0.19,0.00,0.00,0,0,,5,0.16,17,1,0.05,20,4,0.20,21,1,11,18,34,0.00,99,0,28,1.41,87,4,69,0.20,20,0,0.00,99,0,0.00,0,0,0.00,0,0.15,16,16,0.80,40,11,0.55,68.75,0,0.00,0,0,0,0.00,0,28,0.00,28,1.41,66,N/A,N/A,N/A,N/A,0.00,0,0.00,0,0.37,0.00,0,90.00,20.00,32,82,0.19,0.30,6,56,88,0,0,0,0.09,0.15,3,44,192.75,0.53,0.85,17,0,0.00,0.00,99,0.00,0,0,0,0.00,0.00,0,0.00,0.00,0.00,0.00,0,0,0.00,47,71,87,45,29,2.81,60,0.09,0.14,0.37,21,0.01,0.02,66,27,0.84,1.36,0.40,0.25,10,8,0.02,20,52,26,67,0,44,13,0,0.00,99,6,0.00,0.30,5.32,3.31,106,64,17,10,3.21,2.00,60.38,12,0.60,55,0,25.00,0,0.00,99,1,0.03,0.05,28,63,92,27,0,0,0,0,0,44,45,62,53,0,17,44,15,15,0,0,15,19,N/A,N/A
Matteo Perez Vinlöf,20,1134892800,2005/12/18,Prva HNL,2025/2026,Defender,Dinamo Zagreb,1458,746,712,Sweden,23,12,11,0,0,0,3,1,2,0,0,8,3,5,14,7,7,3,0,0.19,0.19,0,0,0,0,0.86,104,63,486,486,0.19,182,37,13,29,400000,5.08,0.13,86,52.58,28.57,90,857,24.23,727,79,44.60,88,0.00,0.00,0.60,18,0.00,2.27,1.90,1.03,31,0.00,0.40,0.00,0.00,0.00,0.37,0.80,0.47,0.00,0.55,0.20,1.33,0.00,0.10,0.02,0.00,0.37,0.00,0.00,0,0,,9,0.30,35,3,0.18,42,6,0.37,34,6,5,18,68,0.00,99,0,11,0.67,42,68,62,4.17,87,0,0.00,99,0,0.00,0,0,0.00,0,1.10,68,40,2.45,84,24,1.47,60.00,0,0.00,0,0,0,0.00,0,14,0.00,82,0.86,17,N/A,N/A,N/A,N/A,0.00,0,0.00,0,0.69,0.00,0,84.83,33.33,57,80,0.17,0.31,5,91,82,0,0,0,0.23,0.43,7,70,152.53,1.20,2.21,36,0,0.00,0.00,99,0.00,0,0,0,0.00,0.00,0,0.00,0.00,0.06,0.03,1,0,0.00,47,57,59,45,82,4.09,92,0.14,0.25,0.69,33,0.02,0.04,73,26,0.87,1.60,1.47,0.80,71,24,0.04,31,34,62,67,0,51,28,0,0.00,99,11,0.00,0.67,9.75,5.30,159,92,80,59,5.64,3.07,57.86,12,0.74,46,0,23.53,0,0.00,99,16,0.53,0.98,86,63,63,82,0,0,0,0,0,66,45,62,53,0,92,69,65,52,3,13,54,22,N/A,N/A
Merveille Ndockyt,27,900918000,1998/07/20,Prva HNL,2025/2026,Midfielder,Rijeka,785,395,390,Congo,18,9,9,3,1,2,0,0,0,0,0,7,4,3,10,5,5,1,0,0.34,0,0.34,0.23,0.46,262,1.15,79,44,785,0,0.11,22,183,-1,5,100000,3.82,0,45,27.75,8.07,32,242,6.27,188,42,21.55,33,0.00,0.00,0.47,14,0.00,0.33,2.75,0.80,24,0.00,0.23,0.00,0.00,0.00,0.13,0.27,0.30,4.33,1.49,0.27,0.60,0.00,0.17,0.09,0.00,0.23,0.00,0.00,0,0,,13,0.43,71,5,0.57,76,8,0.92,70,4,11,7,94,0.00,99,0,4,0.46,30,10,29,1.15,53,0,0.00,99,0,0.00,0,0,0.00,0,1.61,88,18,2.06,79,8,0.92,44.44,0,0.00,0,0,0,0.00,0,9,0.00,65,1.03,26,N/A,N/A,N/A,N/A,0.00,0,0.00,0,2.78,0.00,0,77.69,38.46,69,10,0.37,1.26,11,76,48,0,0,0,0.03,0.11,1,40,114.64,0.20,0.69,6,1,0.00,0.11,6,0.03,0,0,0,0.00,0.00,0,0.00,0.00,0.11,0.03,1,0,23.08,94,25,40,55,65,0.84,38,0.03,0.10,2.78,87,0.09,0.32,82,16,0.53,1.83,2.06,0.60,93,18,0.32,86,12,18,67,0,65,35,0,0.00,99,7,0.00,0.80,12.96,3.77,113,54,90,89,6.19,1.80,47.79,7,0.80,43,0,10.00,0,0.00,99,1,0.03,0.11,41,22,92,65,0,0,0,0,0,80,90,94,79,0,64,76,83,32,1,6,25,20,N/A,N/A
Michael Agbekpornu,27,904546800,1998/08/31,Prva HNL,2025/2026,Midfielder,Slaven Koprivnica,1146,570,576,Ghana,17,9,8,1,1,0,1,0,1,0,0,2,1,1,17,7,10,6,0,0.16,0.08,0.08,0.16,0,1146,1.34,67,67,191,1146,0.47,94,91,-1,14,100000,6.46,0.06,63,43.98,31.11,75,560,26.00,468,72,36.75,75,0.00,0.00,0.39,7,0.00,0.06,2.83,2.00,36,0.00,0.61,0.00,0.00,0.00,0.89,0.44,0.72,5.00,0.39,0.17,0.83,0.00,0.11,0.06,0.00,1.83,0.00,0.00,0,0,,5,0.28,25,2,0.16,37,3,0.24,25,7,5,12,96,0.00,99,0,16,1.26,80,1,25,0.08,15,0,0.00,99,0,0.00,0,0,0.00,0,0.55,40,15,1.18,50,8,0.63,53.33,0,0.00,0,0,0,0.00,0,13,0.00,47,1.02,26,N/A,N/A,N/A,N/A,0.00,0,0.00,0,0.99,0.00,0,83.57,40.00,75,39,0.50,0.71,9,60,72,0,0,0,0.39,0.55,7,76,116.23,1.33,1.88,24,1,0.00,0.08,9,0.06,0,0,0,0.00,0.00,0,0.00,0.00,0.00,0.00,0,0,20.00,92,40,36,86,47,1.81,60,0.10,0.14,0.99,47,0.06,0.08,43,11,0.61,0.86,2.75,1.94,99,35,0.08,46,69,58,67,0,44,92,0,0.00,99,33,0.00,2.59,14.06,9.94,179,87,95,94,6.83,4.83,48.60,11,0.86,39,0,0.00,0,0.00,99,0,0.00,0.00,25,42,63,87,0,0,0,0,0,58,60,62,72,0,64,14,19,96,6,35,98,30,N/A,N/A
Michele Šego,25,965458800,2000/08/05,Prva HNL,2025/2026,Forward,Hajduk Split,1942,1057,885,Croatia,29,15,14,11,4,7,4,2,2,0,0,11,5,6,21,12,9,4,0,0.7,0.19,0.51,0.34,0.71,177,0.97,92,67,486,486,0.19,10,39,-1,1,124000,6.76,0.14,86,19.65,14.13,10,424,10.77,323,35,14.97,12,0.00,0.00,1.10,33,0.00,3.17,0.42,0.30,9,0.00,0.50,0.00,0.00,0.00,0.27,0.30,0.73,5.00,2.55,1.00,0.93,0.00,0.83,0.37,0.00,1.03,0.00,0.00,0,0,,55,1.83,92,25,1.16,96,30,1.39,86,5,7,22,10,0.00,99,0,8,0.37,24,95,72,4.40,89,0,0.00,99,0,0.00,0,0,0.00,0,1.53,86,28,1.30,55,9,0.42,32.14,0,0.00,0,0,0,0.00,0,22,0.00,76,1.02,26,N/A,N/A,N/A,N/A,0.00,0,0.00,0,11.15,0.00,0,76.18,45.45,81,87,0.17,0.23,5,45,24,2,1,0,0.00,0.00,0,21,202.92,0.43,0.60,13,0,0.00,0.00,99,0.00,0,3,1,0.03,0.05,0,0.00,0.00,0.79,0.57,17,0,20.00,92,75,87,49,76,4.26,82,0.14,0.20,9.05,94,0.30,0.42,69,31,1.03,1.44,1.16,0.83,51,25,0.52,96,81,12,76,0,97,63,0,0.00,99,31,0.00,1.44,8.11,5.83,175,78,22,36,3.61,2.60,44.57,15,0.70,49,0,26.32,0,0.00,99,25,0.83,1.16,88,75,76,73,0,1,0,3,0,95,97,97,89,0,72,75,65,52,4,14,60,11,N/A,N/A
Miha Zajc,31,773046000,1994/07/01,Prva HNL,2025/2026,Midfielder,Dinamo Zagreb,1575,763,812,Slovenia,22,10,12,8,2,6,7,4,3,0,0,10,3,7,11,6,5,2,0,0.86,0.4,0.46,0.24,0.67,197,0.63,143,72,788,225,0.11,12,5,-1,3,800000,6.61,0.32,99,43.02,31.17,72,748,26.75,642,85,36.92,76,0.00,0.00,2.42,58,0.00,3.92,1.21,0.88,21,0.00,0.67,0.00,0.00,0.00,0.54,0.71,0.54,4.38,2.01,0.83,1.08,0.00,0.62,0.32,0.00,0.25,0.00,0.00,0,0,,35,1.46,82,15,0.86,88,20,1.15,78,2,1,21,38,0.00,99,0,13,0.75,46,94,82,5.41,96,0,0.00,99,0,0.00,0,0,0.00,0,3.34,99,26,1.50,62,17,0.98,65.38,0,0.00,0,0,0,0.00,0,13,0.00,98,0.75,8,N/A,N/A,N/A,N/A,0.00,0,0.00,0,7.61,0.00,0,85.83,42.86,79,27,0.62,0.86,15,81,85,0,0,0,0.04,0.06,1,28,158.72,0.71,0.98,17,0,0.00,0.00,99,0.00,0,0,5,0.21,0.29,0,0.00,0.00,0.06,0.04,1,0,22.86,93,62,57,50,98,7.69,99,0.32,0.44,7.61,95,0.32,0.44,12,5,0.21,0.29,1.09,0.79,46,19,0.44,93,74,33,99,0,51,15,0,0.00,99,6,0.00,0.35,6.56,4.75,114,48,13,16,2.76,2.00,42.11,16,0.92,35,0,32.98,0,0.00,99,31,1.29,1.78,98,73,24,41,0,2,0,9,0,99,95,96,81,0,98,88,84,32,2,9,40,8,N/A,N/A
Mihael Žaper,27,902818800,1998/08/11,Prva HNL,2025/2026,Defender,Lokomotiva Zagreb,47,36,11,Croatia,4,3,1,0,0,0,0,0,0,0,0,0,0,0,2,1,1,0,0,0,0,0,0,0,0,3.83,24,12,0,0,0,-1,-1,-1,29,0,1.93,0,45,45.96,2.40,79,24,1.60,16,8,30.64,63,0.00,0.00,0.00,0,0.00,0.00,0.00,0.00,0,0.00,0.00,0.00,0.00,0.00,0.00,0.00,0.20,0.00,1.91,0.00,0.00,0.00,0.10,0.01,0.00,0.40,0.00,0.00,0,0,,1,0.10,81,1,1.91,99,0,0.00,10,0,4,0,4,0.00,99,0,0,0.00,6,0,25,0.00,12,0,0.00,99,0,0.00,0,0,0.00,0,0.00,9,0,0.00,7,0,0.00,0.00,0,0.00,0,0,0,0.00,0,2,0.00,0,3.83,96,N/A,N/A,N/A,N/A,0.00,0,0.00,0,0.13,0.00,0,66.67,100.00,99,0,0.20,3.83,2,9,9,0,0,0,0.00,0.00,0,21,19.28,0.60,11.49,6,0,0.00,0.00,99,0.00,0,0,0,0.00,0.00,0,0.00,0.00,0.00,0.00,0,0,0.00,47,0,0,45,0,0.03,14,0.00,0.06,0.13,82,0.01,0.25,1,0,0.00,0.00,1.91,0.10,87,1,0.25,80,1,99,67,0,44,99,0,0.00,99,4,0.00,7.66,11.49,0.60,6,4,97,78,7.66,0.40,66.67,0,0.00,99,0,0.00,0,0.00,99,0,0.00,0.00,25,0,57,9,0,0,0,0,0,29,45,62,53,0,16,3,15,15,0,0,15,25,0,0
Mihail Caimacov,27,901090800,1998/07/22,Prva HNL,2025/2026,Midfielder,Slaven Koprivnica,887,340,547,Moldova,15,6,9,1,1,0,0,0,0,0,0,2,1,1,14,6,8,4,0,0.1,0,0.1,0.26,0,887,1.42,63,59,222,0,0.41,81,206,-1,15,95000,6.73,0,45,38.35,25.20,63,378,20.87,313,68,31.76,65,0.00,0.00,0.47,7,0.00,0.60,2.23,1.47,22,0.00,0.53,0.00,0.00,0.00,1.07,0.47,0.80,4.00,0.41,0.07,0.87,0.00,0.20,0.07,0.00,0.73,0.00,0.00,0,0,,4,0.27,27,3,0.30,57,1,0.10,13,6,4,11,83,0.00,99,0,16,1.62,94,9,88,0.91,48,0,0.00,99,0,0.00,0,0,0.00,0,0.71,46,13,1.32,57,7,0.71,53.85,0,0.00,0,0,0,0.00,0,12,0.00,33,1.22,42,N/A,N/A,N/A,N/A,0.00,0,0.00,0,1.02,0.00,0,82.80,75.00,98,29,0.53,0.81,8,65,73,0,0,0,0.07,0.10,1,37,100.98,1.20,1.83,18,0,0.00,0.00,99,0.00,0,0,0,0.00,0.00,0,0.00,0.00,0.00,0.00,0,0,25.00,96,29,29,80,33,1.05,45,0.07,0.11,1.02,54,0.07,0.10,94,23,1.53,2.33,1.93,1.27,89,19,0.10,52,78,56,67,0,44,51,0,0.00,99,11,0.00,1.12,11.36,7.47,112,62,91,77,6.29,4.13,55.36,8,0.81,42,0,33.33,0,0.00,99,3,0.20,0.30,57,36,57,82,0,0,0,0,0,44,65,62,84,0,59,19,23,93,4,27,94,10,N/A,N/A
Miloš Jovičić,20,1138003200,2006/01/23,Prva HNL,2025/2026,Midfielder,Osijek,303,98,205,Croatia,8,4,4,0,0,0,0,0,0,0,0,5,3,2,4,1,3,0,0,0,0,0,0,0,0,1.19,76,38,0,0,0,162,166,-1,13,5000,2.37,0,45,24.36,4.32,20,82,2.42,46,0,13.66,9,0.00,0.00,0.11,2,0.00,0.26,1.78,0.32,6,0.00,0.37,0.00,0.00,0.00,0.37,0.05,0.21,0.00,0.30,0.00,0.37,0.00,0.05,0.01,0.00,0.16,0.00,0.00,0,0,,1,0.05,19,1,0.30,57,0,0.00,10,5,4,4,64,0.00,99,0,7,2.08,99,5,25,1.49,59,0,0.00,99,0,0.00,0,0,0.00,0,0.59,42,7,2.08,79,1,0.30,14.29,0,0.00,0,0,0,0.00,0,4,0.00,63,1.19,38,N/A,N/A,N/A,N/A,0.00,0,0.00,0,0.11,0.00,0,56.10,100.00,99,5,0.26,1.49,5,38,10,0,0,0,0.00,0.00,0,21,45.10,0.58,3.27,11,0,0.00,0.00,99,0.00,0,0,0,0.00,0.00,0,0.00,0.00,0.30,0.05,1,0,0.00,47,0,6,45,63,0.19,14,0.01,0.06,0.11,28,0.01,0.03,27,2,0.11,0.59,1.49,0.26,73,5,0.03,27,2,73,67,0,84,42,0,0.00,99,3,0.00,0.89,11.29,2.00,38,12,20,76,3.56,0.63,31.58,7,2.08,2,0,0.00,0,0.00,99,0,0.00,0.00,25,7,57,73,0,0,0,0,0,29,45,62,53,0,16,99,15,15,0,0,15,98,N/A,N/A
Miran Horvat,32,764409600,1994/03/23,Prva HNL,2025/2026,Midfielder,HNK Vukovar 1991,0,0,0,Croatia,0,0,0,0,0,0,0,0,0,0,0,0,0,0,0,0,0,0,0,0,0,0,0,0,0,0,0,0,0,0,0,-1,-1,-1,-1,N/A,N/A,N/A,N/A,N/A,N/A,N/A,N/A,N/A,N/A,N/A,N/A,N/A,N/A,N/A,N/A,N/A,N/A,N/A,N/A,N/A,N/A,N/A,N/A,N/A,N/A,N/A,N/A,N/A,N/A,N/A,N/A,N/A,N/A,N/A,N/A,N/A,N/A,N/A,N/A,N/A,N/A,N/A,N/A,N/A,N/A,N/A,N/A,N/A,N/A,N/A,N/A,N/A,N/A,N/A,N/A,N/A,N/A,N/A,N/A,N/A,N/A,N/A,N/A,N/A,N/A,N/A,N/A,N/A,N/A,N/A,N/A,N/A,N/A,N/A,N/A,N/A,N/A,N/A,N/A,N/A,N/A,N/A,N/A,N/A,N/A,N/A,N/A,N/A,N/A,N/A,N/A,N/A,N/A,N/A,N/A,N/A,N/A,N/A,N/A,N/A,N/A,N/A,N/A,N/A,N/A,N/A,N/A,N/A,N/A,N/A,N/A,N/A,N/A,N/A,N/A,N/A,N/A,N/A,N/A,N/A,N/A,N/A,N/A,N/A,N/A,N/A,N/A,N/A,N/A,N/A,N/A,N/A,N/A,N/A,N/A,N/A,N/A,N/A,N/A,N/A,N/A,N/A,N/A,N/A,N/A,N/A,N/A,N/A,N/A,N/A,N/A,N/A,N/A,N/A,N/A,N/A,N/A,N/A,N/A,N/A,N/A,N/A,N/A,N/A,N/A,N/A,N/A,N/A,N/A,N/A,N/A,N/A,N/A,N/A,N/A,N/A,N/A,N/A,N/A,N/A,N/A,N/A,N/A,N/A,N/A,N/A,N/A,N/A,N/A,N/A,N/A,N/A,N/A,N/A,N/A,N/A,N/A,N/A,N/A,N/A,N/A,N/A,N/A,N/A,N/A,N/A,N/A,N/A,N/A,N/A,N/A,N/A,N/A,N/A,N/A,N/A,N/A,N/A,N/A,N/A,N/A,N/A,N/A
Mirko Šušak,21,1087282800,2004/06/15,Prva HNL,2025/2026,Midfielder,Lokomotiva Zagreb,848,340,508,Croatia,22,10,12,3,1,2,1,1,0,0,0,4,2,2,10,6,4,2,0,0.42,0.11,0.32,0.26,0.35,283,1.06,85,39,424,848,0.21,27,69,-1,3,25000,4.92,0.05,71,14.77,5.15,4,139,3.85,104,29,11.05,5,0.00,0.00,0.19,5,0.00,0.26,1.91,0.67,18,0.00,0.37,0.00,0.00,0.00,0.11,0.15,0.44,6.00,1.91,0.41,0.44,0.00,0.26,0.12,0.00,0.30,0.00,0.00,0,0,,18,0.67,81,7,0.74,84,11,1.17,79,4,12,10,70,0.00,99,0,3,0.32,20,7,39,0.74,44,0,0.00,99,0,0.00,0,0,0.00,0,0.53,39,12,1.28,53,4,0.43,33.33,0,0.00,0,0,0,0.00,0,12,0.00,70,1.28,48,N/A,N/A,N/A,N/A,0.00,0,0.00,0,3.18,0.00,0,74.82,38.89,71,79,0.11,0.32,3,45,27,0,0,0,0.00,0.00,0,21,132.85,0.19,0.53,5,0,0.00,0.00,99,0.00,0,0,1,0.04,0.11,0,0.00,0.00,0.43,0.15,4,0,16.67,86,29,57,57,70,0.99,45,0.04,0.11,3.18,88,0.12,0.34,20,4,0.15,0.43,1.06,0.37,42,10,0.34,87,32,9,90,0,91,39,0,0.00,99,8,0.00,0.85,7.97,2.78,75,34,22,33,3.61,1.26,45.33,10,1.06,27,0,14.29,0,0.00,99,1,0.04,0.11,41,33,94,65,0,0,0,0,0,87,88,90,84,0,21,33,57,59,2,9,40,11,N/A,N/A
Mladen Devetak,27,921225600,1999/03/12,Prva HNL,2025/2026,Defender,Rijeka,2092,1077,1015,Serbia,26,14,12,1,1,0,3,2,1,0,0,10,7,3,20,8,12,8,0,0.17,0.13,0.04,0.08,0,2092,0.86,105,80,262,697,0.34,121,66,14,12,120000,5.60,0.12,73,33.33,25.16,51,780,21.10,654,74,27.95,57,0.00,0.00,0.26,8,0.00,1.71,1.07,0.81,25,0.00,0.35,0.00,0.00,0.00,0.52,0.10,0.65,14.00,0.60,0.35,0.39,0.00,0.10,0.05,0.00,0.94,0.00,0.00,0,0,,14,0.45,39,3,0.13,31,11,0.47,42,4,2,24,30,0.00,99,0,16,0.68,43,53,35,2.26,67,0,0.00,99,0,0.00,0,0,0.00,0,0.34,27,12,0.51,29,3,0.13,25.00,0,0.00,0,0,0,0.00,0,20,0.00,82,0.85,16,N/A,N/A,N/A,N/A,0.00,0,0.00,0,1.57,0.00,0,83.85,21.43,33,48,0.45,0.60,14,20,17,0,0,0,0.29,0.38,9,67,173.49,1.55,2.05,48,1,0.00,0.04,19,0.03,0,0,1,0.03,0.04,0,0.00,0.00,0.04,0.03,1,0,7.14,57,81,71,96,82,3.45,66,0.11,0.15,1.57,43,0.05,0.07,56,27,0.87,1.15,1.75,1.32,81,41,0.07,42,42,60,72,0,47,56,0,0.00,99,29,0.00,1.24,8.03,6.06,188,83,20,33,3.55,2.68,44.15,11,0.47,60,0,13.21,0,0.00,99,7,0.23,0.30,57,81,31,65,0,0,0,0,0,61,49,62,58,0,71,75,32,84,7,27,94,34,N/A,N/A
Mody Boune,24,1015574400,2002/03/08,Prva HNL,2025/2026,Midfielder,Lokomotiva Zagreb,244,115,129,France,7,4,3,1,0,1,0,0,0,0,0,1,1,0,2,2,0,1,0,0.37,0,0.37,0,0.7,244,0.74,122,35,244,0,0.37,-1,-1,-1,13,28000,2.85,0,45,29.76,6.75,36,81,5.42,65,55,23.88,41,0.00,0.00,0.17,2,0.00,1.00,2.20,0.50,6,0.00,0.50,0.00,0.00,0.00,0.25,0.67,0.17,3.00,1.10,0.08,1.42,0.00,0.17,0.07,0.00,0.42,0.00,0.00,0,0,,3,0.25,61,2,0.73,82,1,0.37,34,2,5,2,81,0.00,99,0,3,1.10,71,12,46,4.41,89,0,0.00,99,0,0.00,0,0,0.00,0,0.73,48,17,6.24,99,8,2.94,47.06,0,0.00,0,0,0,0.00,0,2,0.00,92,0.73,6,N/A,N/A,N/A,N/A,0.00,0,0.00,0,0.88,0.00,0,80.25,66.67,97,99,0.00,0.00,0,99,53,0,0,0,0.17,0.73,2,91,34.23,0.33,1.47,4,0,0.00,0.00,99,0.00,0,0,0,0.00,0.00,0,0.00,0.00,0.00,0.00,0,0,33.33,99,0,4,52,92,0.22,24,0.02,0.08,0.88,87,0.07,0.32,33,2,0.17,0.73,1.84,0.42,86,5,0.32,86,5,48,67,0,44,77,0,0.00,99,5,0.00,1.84,15.80,3.58,43,21,98,99,7.71,1.75,48.84,6,2.20,1,0,16.67,0,0.00,99,2,0.17,0.73,79,0,63,41,0,0,0,0,0,83,93,97,53,0,21,23,27,88,1,14,60,13,N/A,N/A
Monsef Bakrar,25,979372800,2001/01/13,Prva HNL,2025/2026,Forward,Dinamo Zagreb,1434,638,796,Algeria,27,12,15,9,3,6,4,1,3,0,0,9,2,7,13,7,6,5,0,0.82,0.25,0.56,0.42,0.68,159,0.82,110,53,287,359,0.31,4,19,-1,2,670000,6.13,0.15,94,21.84,12.43,14,348,9.04,253,21,15.88,17,0.00,0.00,0.57,16,0.00,1.25,1.26,0.71,20,0.00,1.07,0.00,0.00,0.00,0.50,0.57,0.50,5.56,3.14,1.14,1.82,0.00,0.64,0.33,0.00,0.93,0.00,0.00,0,0,,50,1.79,96,18,1.13,94,32,2.01,96,3,11,16,39,0.00,99,0,14,0.88,56,35,39,2.20,66,0,0.00,99,0,0.00,0,0,0.00,0,1.00,62,51,3.20,90,16,1.00,31.37,0,0.00,0,0,0,0.00,0,14,0.00,87,0.88,18,N/A,N/A,N/A,N/A,0.00,0,0.00,0,9.15,0.00,0,72.70,36.00,64,10,0.71,1.26,20,82,22,0,0,0,0.04,0.06,1,28,171.66,0.39,0.69,11,0,0.00,0.00,99,0.00,0,0,0,0.00,0.00,0,0.00,0.00,0.13,0.07,2,1,18.00,88,55,77,47,87,3.36,85,0.12,0.21,9.15,99,0.33,0.57,55,18,0.64,1.13,1.07,0.61,43,17,0.57,99,57,18,67,0,68,71,0,0.00,99,26,0.00,1.63,13.12,7.46,209,80,63,90,5.02,2.86,38.28,30,1.88,4,0,14.29,0,0.00,99,5,0.18,0.31,59,57,92,55,0,0,0,0,0,98,99,97,94,0,96,68,37,79,5,19,75,71,N/A,N/A
Moreno Živković,21,1085209200,2004/05/22,Prva HNL,2025/2026,Midfielder,HNK Vukovar 1991,1019,569,450,Croatia,12,7,5,0,0,0,1,0,1,0,0,2,1,1,19,12,7,3,0,0.09,0.09,0,0,0,0,1.68,54,85,340,1019,0.26,149,80,-1,23,100000,3.95,0.08,67,39.57,22.40,66,448,18.95,379,76,33.47,67,0.00,0.00,0.05,1,0.00,0.05,1.68,0.95,19,0.00,0.20,0.00,0.00,0.00,0.80,0.20,0.95,0.00,0.09,0.05,0.30,0.00,0.00,0.00,0.00,0.85,0.00,0.00,0,0,,1,0.05,10,0,0.00,18,1,0.09,12,11,0,12,62,0.00,99,0,16,1.41,87,1,99,0.09,15,0,0.00,99,0,0.00,0,0,0.00,0,0.09,13,6,0.53,31,4,0.35,66.67,0,0.00,0,0,0,0.00,0,19,0.00,16,1.68,80,N/A,N/A,N/A,N/A,0.00,0,0.00,0,0.05,0.00,0,84.60,0.00,18,74,0.20,0.35,4,40,88,0,0,0,0.20,0.35,4,65,79.05,2.60,4.59,52,0,0.00,0.00,99,0.00,0,0,0,0.00,0.00,0,0.00,0.00,0.00,0.00,0,0,0.00,47,37,17,45,17,1.46,56,0.07,0.13,0.05,10,0.00,0.00,73,18,0.90,1.59,1.94,1.10,89,22,0.00,10,14,82,67,0,44,67,0,0.00,99,17,0.00,1.50,8.39,4.75,95,56,61,39,4.95,2.80,58.95,4,0.35,69,0,100.00,0,0.00,99,1,0.05,0.09,35,42,14,99,0,0,0,0,0,41,45,62,53,0,64,29,47,69,3,25,90,14,N/A,N/A
Moris Valincic,23,1037520000,2002/11/17,Prva HNL,2025/2026,Defender,Dinamo Zagreb,1825,877,948,Croatia,25,12,13,0,0,0,1,0,1,0,0,11,4,7,16,10,6,3,0,0.05,0.05,0,0,0,0,0.79,114,73,608,1825,0.15,183,119,9,28,375000,6.87,0.04,51,45.07,37.44,78,936,31.28,782,71,37.66,78,0.00,0.00,0.76,19,0.00,1.72,1.06,0.88,22,0.00,0.32,0.00,0.00,0.00,0.96,1.00,0.68,0.00,0.48,0.28,1.88,0.00,0.12,0.03,0.00,0.76,0.00,0.00,0,0,,10,0.40,32,3,0.14,34,7,0.34,31,1,4,21,29,0.00,99,0,24,1.16,75,43,38,2.07,65,0,0.00,99,0,0.00,0,0,0.00,0,0.91,60,47,2.26,82,25,1.20,53.19,0,0.00,0,0,0,0.00,0,17,0.00,90,0.82,13,N/A,N/A,N/A,N/A,0.00,0,0.00,0,0.72,0.00,0,83.55,30.00,50,60,0.40,0.48,10,86,71,0,0,0,0.24,0.29,6,60,171.80,1.32,1.59,33,1,0.00,0.05,15,0.04,0,0,0,0.00,0.00,0,0.00,0.00,0.00,0.00,0,0,0.00,47,71,67,45,90,3.22,71,0.13,0.16,0.72,28,0.03,0.03,62,27,1.08,1.30,1.01,0.84,40,21,0.03,27,88,51,67,0,44,43,0,0.00,99,19,0.00,0.91,8.04,6.68,167,91,44,34,4.38,3.64,54.49,8,0.39,66,0,13.95,0,0.00,99,6,0.24,0.29,56,73,57,27,0,0,0,0,0,31,45,62,53,0,90,86,74,43,3,12,51,25,N/A,N/A
Muhamed Šahinović,22,1064905200,2003/09/30,Prva HNL,2025/2026,Midfielder,Gorica,0,0,0,Bosnia and Herzegovina,0,0,0,0,0,0,0,0,0,0,0,0,0,0,0,0,0,0,0,0,0,0,0,0,0,0,0,0,0,0,0,-1,-1,-1,-1,N/A,N/A,N/A,N/A,N/A,N/A,N/A,N/A,N/A,N/A,N/A,N/A,N/A,N/A,N/A,N/A,N/A,N/A,N/A,N/A,N/A,N/A,N/A,N/A,N/A,N/A,N/A,N/A,N/A,N/A,N/A,N/A,N/A,N/A,N/A,N/A,N/A,N/A,N/A,N/A,N/A,N/A,N/A,N/A,N/A,N/A,N/A,N/A,N/A,N/A,N/A,N/A,N/A,N/A,N/A,N/A,N/A,N/A,N/A,N/A,N/A,N/A,N/A,N/A,N/A,N/A,N/A,N/A,N/A,N/A,N/A,N/A,N/A,N/A,N/A,N/A,N/A,N/A,N/A,N/A,N/A,N/A,N/A,N/A,N/A,N/A,N/A,N/A,N/A,N/A,N/A,N/A,N/A,N/A,N/A,N/A,N/A,N/A,N/A,N/A,N/A,N/A,N/A,N/A,N/A,N/A,N/A,N/A,N/A,N/A,N/A,N/A,N/A,N/A,N/A,N/A,N/A,N/A,N/A,N/A,N/A,N/A,N/A,N/A,N/A,N/A,N/A,N/A,N/A,N/A,N/A,N/A,N/A,N/A,N/A,N/A,N/A,N/A,N/A,N/A,N/A,N/A,N/A,N/A,N/A,N/A,N/A,N/A,N/A,N/A,N/A,N/A,N/A,N/A,N/A,N/A,N/A,N/A,N/A,N/A,N/A,N/A,N/A,N/A,N/A,N/A,N/A,N/A,N/A,N/A,N/A,N/A,N/A,N/A,N/A,N/A,N/A,N/A,N/A,N/A,N/A,N/A,N/A,N/A,N/A,N/A,N/A,N/A,N/A,N/A,N/A,N/A,N/A,N/A,N/A,N/A,N/A,N/A,N/A,N/A,N/A,N/A,N/A,N/A,N/A,N/A,N/A,N/A,N/A,N/A,N/A,N/A,N/A,N/A,N/A,N/A,N/A,N/A,N/A,N/A,N/A,N/A,N/A,N/A
Nail Omerović,23,1035097200,2002/10/20,Prva HNL,2025/2026,Forward,Osijek,2424,1140,1284,Bosnia and Herzegovina,32,16,16,8,3,5,1,1,0,0,0,14,8,6,40,16,24,4,0,0.33,0.04,0.3,0.24,0.35,303,1.49,61,76,606,2424,0.15,34,124,-1,1,400000,6.87,0.03,48,31.00,26.09,42,835,20.66,661,50,24.54,44,0.00,0.00,1.06,34,0.00,3.25,1.67,1.41,45,0.00,1.53,0.00,0.00,0.00,0.38,1.69,1.19,8.12,2.41,1.22,4.47,0.00,0.81,0.31,0.00,0.28,0.00,0.00,0,0,,65,2.03,90,26,0.97,90,39,1.45,88,3,3,29,61,0.00,99,0,12,0.45,29,104,34,3.86,84,0,0.00,99,0,0.00,0,0,0.00,0,1.26,73,143,5.31,99,54,2.00,37.76,0,0.00,0,0,0,0.00,0,38,0.00,25,1.41,66,N/A,N/A,N/A,N/A,0.00,0,0.00,0,9.85,0.00,0,79.16,40.00,75,46,0.53,0.63,17,97,33,0,0,0,0.03,0.04,1,24,219.83,0.56,0.67,18,0,0.00,0.00,99,0.00,0,0,2,0.06,0.07,0,0.00,0.00,0.33,0.28,9,0,12.31,71,89,97,60,26,3.19,52,0.10,0.12,9.85,90,0.31,0.37,88,55,1.72,2.04,1.89,1.59,86,51,0.37,89,88,15,81,0,87,14,0,0.00,99,9,0.00,0.33,14.48,12.19,390,162,87,95,6.01,5.06,41.54,49,1.82,7,0,12.50,0,0.00,99,13,0.41,0.48,71,94,45,55,1,1,1,3,3,77,86,90,81,0,92,86,74,43,4,12,51,11,N/A,N/A
Nik Skafar Zuzic,16,1244012400,2009/06/03,Prva HNL,2025/2026,Forward,Istra 1961,50,34,16,Croatia,3,2,1,0,0,0,0,0,0,0,0,0,0,0,2,1,1,0,0,0,0,0,0,0,0,3.6,25,17,0,0,0,-1,-1,-1,19,0,2.47,0,45,18.00,1.25,7,10,0.62,5,0,9.00,2,0.00,0.00,0.00,0,0.00,0.38,5.40,0.38,3,0.00,0.00,0.00,0.00,0.00,0.00,0.12,0.25,0.00,0.00,0.00,0.50,0.00,0.00,0.00,0.00,0.12,0.00,0.00,0,0,,0,0.00,8,0,0.00,18,0,0.00,10,0,3,0,99,0.00,99,0,0,0.00,6,3,25,5.40,95,0,0.00,99,0,0.00,0,0,0.00,0,0.00,9,4,7.20,99,1,1.80,25.00,0,0.00,0,0,0,0.00,0,2,0.00,0,3.60,96,N/A,N/A,N/A,N/A,0.00,0,0.00,0,0.00,0.00,0,50.00,0.00,18,99,0.00,0.00,0,95,17,0,0,0,0.00,0.00,0,21,19.77,0.00,0.00,0,0,0.00,0.00,99,0.00,0,0,0,0.00,0.00,0,0.00,0.00,0.00,0.00,0,0,0.00,47,0,0,45,0,0.01,1,0.00,0.02,0.00,10,0.00,0.00,81,1,0.12,1.80,1.80,0.12,83,1,0.00,10,2,0,67,0,44,77,0,0.00,99,1,0.00,1.80,16.20,1.12,9,6,99,99,10.80,0.75,66.67,0,0.00,99,0,0.00,0,0.00,99,0,0.00,0.00,25,0,45,9,0,0,0,0,0,29,45,62,53,0,16,3,15,15,0,0,15,30,0,0
Nikita Vlasenko,25,985075200,2001/03/20,Prva HNL,2025/2026,Defender,HNK Vukovar 1991,404,314,90,Switzerland,5,4,1,1,1,0,0,0,0,0,0,1,1,0,10,9,1,0,0,0.22,0,0.22,0.29,0,404,2.23,40,81,0,0,0,47,150,78,9,0,2.20,0,45,33.64,10.07,53,151,8.20,123,62,27.40,56,0.00,0.00,0.00,0,0.00,0.00,1.11,0.33,5,0.00,0.00,0.00,0.00,0.00,0.87,0.00,0.73,0.00,0.22,0.07,0.00,0.00,0.00,0.00,0.00,0.27,0.00,0.00,0,0,,1,0.07,15,0,0.00,18,1,0.22,23,0,1,4,32,0.00,99,0,13,2.90,99,0,25,0.00,12,0,0.00,99,0,0.00,0,0,0.00,0,0.00,9,0,0.00,7,0,0.00,0.00,0,0.00,0,0,0,0.00,0,11,0.00,1,2.45,94,N/A,N/A,N/A,N/A,0.00,0,0.00,0,0.06,0.00,0,81.46,0.00,18,64,0.13,0.45,2,9,9,0,0,0,0.27,0.89,4,95,32.99,3.33,11.14,50,1,0.00,0.22,1,0.07,0,0,0,0.00,0.00,0,0.00,0.00,0.00,0.00,0,0,0.00,47,4,0,65,1,0.22,10,0.01,0.05,0.06,14,0.00,0.01,29,3,0.20,0.67,0.89,0.27,28,4,0.01,14,2,99,67,0,44,42,0,0.00,99,4,0.00,0.89,4.23,1.27,19,12,12,8,2.67,0.80,63.16,0,0.00,99,0,0.00,0,0.00,99,0,0.00,0.00,25,7,24,9,0,0,0,0,0,69,81,62,86,0,16,40,15,15,0,0,15,5,0,0
Niko Farkaš,19,1164787200,2006/11/29,Prva HNL,2025/2026,Midfielder,Osijek,132,24,108,Croatia,5,2,3,1,0,1,0,0,0,0,0,2,1,1,4,2,2,1,0,0.68,0,0.68,0,0.83,132,2.73,33,26,132,0,0.68,-1,-1,-1,8,3000,1.35,0,45,21.14,1.63,12,31,1.05,20,4,13.64,9,0.00,0.00,0.00,0,0.00,0.00,1.36,0.11,2,0.00,0.16,0.00,0.00,0.00,0.16,0.00,0.11,1.00,0.68,0.00,0.47,0.00,0.05,0.04,0.00,0.00,0.00,0.00,0,0,,1,0.05,41,1,0.68,81,0,0.00,10,4,4,1,44,0.00,99,0,3,2.05,99,0,25,0.00,12,0,0.00,99,0,0.00,0,0,0.00,0,0.00,9,9,6.14,99,0,0.00,0.00,0,0.00,0,0,0,0.00,0,2,0.00,0,1.36,59,N/A,N/A,N/A,N/A,0.00,0,0.00,0,0.70,0.00,0,64.52,100.00,99,6,0.11,1.36,2,9,9,0,0,0,0.00,0.00,0,21,25.70,0.16,2.05,3,0,0.00,0.00,99,0.00,0,0,0,0.00,0.00,0,0.00,0.00,0.68,0.05,1,0,100.00,99,0,0,46,0,0.04,2,0.00,0.03,0.70,97,0.04,0.48,66,2,0.11,1.36,2.73,0.21,99,4,0.48,95,0,60,67,0,94,1,0,0.00,99,0,0.00,0.00,16.36,1.26,24,4,12,99,2.73,0.21,16.67,3,2.05,2,0,0.00,0,0.00,99,0,0.00,0.00,25,0,57,65,0,0,0,0,0,95,99,99,53,0,16,78,16,99,1,20,77,18,N/A,N/A
Niko Galesic,25,985593600,2001/03/26,Prva HNL,2025/2026,Defender,Dinamo Zagreb,1170,470,700,Germany,19,9,10,0,0,0,0,0,0,0,0,8,3,5,9,5,4,1,0,0,0,0,0,0,0,0.69,130,62,1170,0,0.08,205,177,4,24,500000,4.14,0,45,59.08,27.43,96,768,23.54,659,84,50.69,95,0.00,0.00,0.14,4,0.00,0.61,2.31,1.07,30,0.00,0.04,0.00,0.00,0.00,0.43,0.29,0.32,0.00,0.92,0.32,0.43,0.00,0.11,0.03,0.00,0.61,0.00,0.00,0,0,,12,0.43,54,3,0.23,49,9,0.69,55,2,8,11,85,0.00,99,0,12,0.92,58,17,77,1.31,56,0,0.00,99,0,0.00,0,0,0.00,0,0.31,26,12,0.92,43,8,0.62,66.67,0,0.00,0,0,0,0.00,0,9,0.00,96,0.69,4,N/A,N/A,N/A,N/A,0.00,0,0.00,0,0.79,0.00,0,85.81,25.00,42,47,0.29,0.62,8,59,88,0,0,0,0.04,0.08,1,32,116.02,1.50,3.23,42,0,0.00,0.00,99,0.00,0,0,1,0.04,0.08,0,0.00,0.00,0.08,0.04,1,0,0.00,47,43,44,45,96,1.40,45,0.05,0.11,0.79,40,0.03,0.06,24,7,0.25,0.54,1.46,0.68,69,19,0.06,39,17,72,86,0,57,59,0,0.00,99,17,0.00,1.31,8.31,3.86,108,61,53,38,4.69,2.18,56.48,1,0.08,90,0,29.41,0,0.00,99,5,0.18,0.38,64,36,83,41,0,0,0,0,0,29,45,62,53,0,95,82,94,23,1,5,20,15,N/A,N/A
Niko Janković,24,998722800,2001/08/25,Prva HNL,2025/2026,Midfielder,Rijeka,909,545,364,Croatia,13,7,6,0,0,0,1,0,1,0,0,4,3,1,9,5,4,2,0,0.1,0.1,0,0,0,0,0.89,101,70,455,909,0.2,224,76,-1,20,180000,6.10,0.08,70,29.90,20.13,37,302,16.20,243,57,24.06,42,0.00,0.00,1.87,28,0.00,4.87,1.78,1.20,18,0.00,0.60,0.00,0.00,0.00,0.20,0.47,0.53,0.00,2.38,1.20,1.07,0.00,0.40,0.11,0.00,1.00,0.00,0.00,0,0,,24,1.60,90,6,0.59,77,18,1.78,93,3,2,11,64,0.00,99,0,3,0.30,19,73,65,7.23,99,0,0.00,99,0,0.00,0,0,0.00,0,2.77,99,16,1.58,65,7,0.69,43.75,0,0.00,0,0,0,0.00,0,8,0.00,80,0.79,10,N/A,N/A,N/A,N/A,0.00,0,0.00,0,1.63,0.00,0,80.46,25.00,42,49,0.40,0.59,6,64,45,0,0,0,0.07,0.10,1,37,91.57,0.60,0.89,9,0,0.00,0.00,99,0.00,0,0,0,0.00,0.00,0,0.00,0.00,0.30,0.20,3,0,0.00,47,31,21,45,80,2.01,82,0.13,0.20,1.63,70,0.11,0.16,78,17,1.13,1.68,0.59,0.40,15,6,0.16,69,55,29,67,0,84,66,0,0.00,99,15,0.00,1.49,8.91,6.00,90,54,73,47,5.35,3.60,60.00,9,0.89,37,0,24.66,0,0.00,99,18,1.20,1.78,98,36,31,55,0,0,0,0,0,44,45,62,53,0,84,62,62,55,2,15,62,4,N/A,N/A
Niko Pajvančić,17,1227686400,2008/11/26,Prva HNL,2025/2026,Centre Forward,HNK Vukovar 1991,4,0,4,Croatia,1,0,1,0,0,0,0,0,0,0,0,0,0,0,0,0,0,0,0,0,0,0,0,0,0,0,0,4,0,0,0,-1,-1,-1,20,0,0.00,0,45,0.00,0.00,0,0,0.00,0,0,0.00,0,0.00,0.00,0.00,0,0.00,0.00,0.00,0.00,0,0.00,0.00,0.00,0.00,0.00,0.00,0.00,0.00,0.00,0.00,0.00,0.00,0.00,0.00,0.00,0.00,0.00,0.00,0.00,0,0,,0,0.00,8,0,0.00,18,0,0.00,10,0,1,0,4,0.00,99,0,0,0.00,6,0,25,0.00,12,0,0.00,99,0,0.00,0,0,0.00,0,0.00,9,0,0.00,7,0,0.00,0.00,0,0.00,0,0,0,0.00,0,0,0.00,99,0.00,0,N/A,N/A,N/A,N/A,0.00,0,0.00,0,0.00,0.00,0,0.00,0.00,18,99,0.00,0.00,0,9,9,0,0,0,0.00,0.00,0,21,0.00,0.00,0.00,0,0,0.00,0.00,99,0.00,0,0,0,0.00,0.00,0,0.00,0.00,0.00,0.00,0,0,0.00,47,0,0,45,0,0.00,0,0.00,0.00,0.00,10,0.00,0.00,1,0,0.00,0.00,0.00,0.00,4,0,0.00,10,0,0,67,0,44,1,0,0.00,99,0,0.00,0.00,0.00,0.00,0,0,0,0,0.00,0.00,0.00,0,0.00,99,0,0.00,0,0.00,99,0,0.00,0.00,25,0,24,9,0,0,0,0,0,29,45,62,53,0,16,3,15,15,0,0,15,25,0,0
Niko Šepić,20,1139212800,2006/02/06,Prva HNL,2025/2026,Midfielder,Istra 1961,449,220,229,Croatia,10,4,6,0,0,0,0,0,0,0,0,1,0,1,5,2,3,2,0,0,0,0,0,0,0,1,90,45,225,0,0.4,163,167,-1,17,65000,4.37,0,45,46.70,15.53,81,233,12.07,181,42,36.28,73,0.00,0.00,0.13,2,0.00,0.53,2.61,0.87,13,0.00,0.40,0.00,0.00,0.00,0.33,0.00,0.33,0.00,0.60,0.07,0.00,0.00,0.13,0.02,0.00,0.27,0.00,0.00,0,0,,3,0.20,39,2,0.40,66,1,0.20,21,8,6,4,92,0.00,99,0,5,1.00,62,8,34,1.60,59,0,0.00,99,0,0.00,0,0,0.00,0,0.40,31,0,0.00,7,0,0.00,0.00,0,0.00,0,0,0,0.00,0,5,0.00,74,1.00,23,N/A,N/A,N/A,N/A,0.00,0,0.00,0,0.28,0.00,0,77.68,66.67,97,68,0.13,0.40,2,9,9,0,0,0,0.13,0.40,2,69,65.54,1.27,3.81,19,0,0.00,0.00,99,0.00,0,0,0,0.00,0.00,0,0.00,0.00,0.20,0.07,1,0,0.00,47,6,11,45,74,0.52,38,0.03,0.10,0.28,40,0.02,0.06,18,2,0.13,0.40,0.80,0.27,24,4,0.06,39,22,77,67,0,76,35,0,0.00,99,4,0.00,0.80,7.22,2.40,36,19,28,24,3.81,1.27,52.78,6,1.20,19,0,12.50,0,0.00,99,1,0.07,0.20,48,7,69,93,0,0,0,0,0,29,45,62,53,0,41,10,24,92,2,20,77,13,N/A,N/A
Niko Sigur,22,1063090800,2003/09/09,Prva HNL,2025/2026,Midfielder,Hajduk Split,2139,1196,943,Canada,28,15,13,1,0,1,2,1,1,0,0,13,7,6,17,9,8,4,1,0.13,0.08,0.04,0,0.1,2139,0.72,126,76,428,1070,0.21,116,92,-1,11,136000,7.03,0.07,63,55.75,47.32,93,1325,42.75,1197,97,50.36,95,0.00,0.00,0.64,18,0.00,0.32,2.86,2.43,68,0.00,0.57,0.00,0.00,0.00,1.11,0.39,0.61,11.00,0.46,0.32,0.86,0.00,0.07,0.05,0.00,0.68,0.00,0.00,0,0,,11,0.39,29,2,0.08,23,9,0.38,35,3,5,23,96,0.00,99,0,31,1.30,81,9,88,0.38,29,0,0.00,99,0,0.00,0,0,0.00,0,0.76,51,24,1.01,47,11,0.46,45.83,0,0.00,0,0,0,0.00,0,17,0.00,94,0.72,5,N/A,N/A,N/A,N/A,0.00,0,0.00,0,1.32,0.00,0,90.34,18.18,27,21,0.82,0.97,23,47,51,0,0,0,0.43,0.50,12,73,196.98,1.57,1.85,44,0,0.00,0.00,99,0.00,0,0,0,0.00,0.00,0,0.00,0.00,0.00,0.00,0,0,9.09,67,82,83,96,94,4.01,75,0.14,0.17,1.32,40,0.05,0.06,76,39,1.39,1.64,1.47,1.25,71,35,0.06,39,96,57,67,0,44,35,0,0.00,99,19,0.00,0.80,10.27,8.71,244,137,82,67,5.76,4.89,56.15,16,0.67,51,0,33.33,0,0.00,99,3,0.11,0.13,42,78,63,55,0,0,0,0,0,52,49,69,53,0,75,92,58,59,3,11,47,8,N/A,N/A
Nikola Čavlina,23,1023001200,2002/06/02,Prva HNL,2025/2026,Goalkeeper,Dinamo Zagreb,0,0,0,Croatia,0,0,0,0,0,0,0,0,0,0,0,0,0,0,0,0,0,0,0,0,0,0,0,0,0,0,0,0,0,0,0,-1,-1,-1,-1,N/A,N/A,N/A,N/A,N/A,N/A,N/A,N/A,N/A,N/A,N/A,N/A,N/A,N/A,N/A,N/A,N/A,N/A,N/A,N/A,N/A,N/A,N/A,N/A,N/A,N/A,N/A,N/A,N/A,N/A,N/A,N/A,N/A,N/A,N/A,N/A,N/A,N/A,N/A,N/A,N/A,N/A,N/A,N/A,N/A,N/A,N/A,N/A,N/A,N/A,N/A,N/A,N/A,N/A,N/A,N/A,N/A,N/A,N/A,N/A,N/A,N/A,N/A,N/A,N/A,N/A,N/A,N/A,N/A,N/A,N/A,N/A,N/A,N/A,N/A,N/A,N/A,N/A,N/A,N/A,N/A,N/A,N/A,N/A,N/A,N/A,N/A,N/A,N/A,N/A,N/A,N/A,N/A,N/A,N/A,N/A,N/A,N/A,N/A,N/A,N/A,N/A,N/A,N/A,N/A,N/A,N/A,N/A,N/A,N/A,N/A,N/A,N/A,N/A,N/A,N/A,N/A,N/A,N/A,N/A,N/A,N/A,N/A,N/A,N/A,N/A,N/A,N/A,N/A,N/A,N/A,N/A,N/A,N/A,N/A,N/A,N/A,N/A,N/A,N/A,N/A,N/A,N/A,N/A,N/A,N/A,N/A,N/A,N/A,N/A,N/A,N/A,N/A,N/A,N/A,N/A,N/A,N/A,N/A,N/A,N/A,N/A,N/A,N/A,N/A,N/A,N/A,N/A,N/A,N/A,N/A,N/A,N/A,N/A,N/A,N/A,N/A,N/A,N/A,N/A,N/A,N/A,N/A,N/A,N/A,N/A,N/A,N/A,N/A,N/A,N/A,N/A,N/A,N/A,N/A,N/A,N/A,N/A,N/A,N/A,N/A,N/A,N/A,N/A,N/A,N/A,N/A,N/A,N/A,N/A,N/A,N/A,N/A,N/A,N/A,N/A,N/A,N/A,N/A,N/A,N/A,N/A,N/A,N/A
Noa Godec,18,1179471600,2007/05/18,Prva HNL,2025/2026,Midfielder,Lokomotiva Zagreb,183,67,116,Croatia,4,1,3,0,0,0,0,0,0,0,0,0,0,0,5,2,3,0,0,0,0,0,0,0,0,2.46,37,46,0,0,0,-1,-1,-1,26,5000,2.13,0,45,17.48,3.00,7,27,2.00,18,8,11.65,5,0.00,0.00,0.00,0,0.00,0.56,3.24,0.56,5,0.00,0.11,0.00,0.00,0.00,0.33,0.00,0.22,0.00,0.00,0.00,0.11,0.00,0.00,0.00,0.00,0.22,0.00,0.00,0,0,,0,0.00,8,0,0.00,18,0,0.00,10,1,3,1,98,0.00,99,0,3,1.94,99,5,55,3.24,78,0,0.00,99,0,0.00,0,0,0.00,0,0.00,9,1,0.65,35,0,0.00,0.00,0,0.00,0,0,0,0.00,0,2,0.00,0,1.29,51,N/A,N/A,N/A,N/A,0.00,0,0.00,0,0.00,0.00,0,66.67,0.00,18,0,0.44,2.59,4,9,9,0,0,0,0.11,0.65,1,84,19.13,0.33,1.94,3,0,0.00,0.00,99,0.00,0,0,0,0.00,0.00,0,0.00,0.00,0.00,0.00,0,0,0.00,47,0,0,45,0,0.04,2,0.00,0.03,0.00,10,0.00,0.00,1,0,0.00,0.00,0.65,0.11,16,1,0.00,10,1,60,67,0,44,58,0,0.00,99,2,0.00,1.29,12.30,2.11,19,7,48,84,4.53,0.78,36.84,1,0.65,52,0,20.00,0,0.00,99,1,0.11,0.65,76,0,45,27,0,0,0,0,0,29,45,62,53,0,16,3,15,15,0,0,15,27,N/A,N/A
Noa Mikic,19,1169884800,2007/01/27,Prva HNL,2025/2026,Midfielder,Dinamo Zagreb,276,161,115,Croatia,5,3,2,0,0,0,0,0,0,0,0,1,0,1,2,1,1,2,0,0,0,0,0,0,0,0.65,138,55,138,0,0.65,159,164,-1,17,0,3.43,0,45,31.30,9.60,43,96,7.40,74,39,24.13,42,0.00,0.00,0.10,1,0.00,0.90,1.63,0.50,5,0.00,0.10,0.00,0.00,0.00,0.50,0.40,0.20,0.00,0.33,0.10,0.40,0.00,0.00,0.01,0.00,0.20,0.00,0.00,0,0,,1,0.10,20,0,0.00,18,1,0.33,30,1,1,4,59,0.00,99,0,5,1.63,94,9,59,2.93,76,0,0.00,99,0,0.00,0,0,0.00,0,0.33,26,4,1.30,55,4,1.30,100.00,0,0.00,0,0,0,0.00,0,2,0.00,97,0.65,2,N/A,N/A,N/A,N/A,0.00,0,0.00,0,0.05,0.00,0,77.08,0.00,18,99,0.00,0.00,0,88,99,0,0,0,0.00,0.00,0,21,34.34,0.70,2.28,7,0,0.00,0.00,99,0.00,0,0,0,0.00,0.00,0,0.00,0.00,0.00,0.00,0,1,0.00,47,0,0,45,97,0.18,14,0.02,0.06,0.05,21,0.01,0.02,75,5,0.50,1.63,0.98,0.30,38,3,0.02,20,7,62,67,0,44,26,0,0.00,99,2,0.00,0.65,6.52,2.00,20,16,70,15,5.22,1.60,80.00,1,0.33,71,0,22.22,0,0.00,99,2,0.20,0.65,76,7,24,27,0,0,0,0,0,29,45,62,53,0,16,40,16,99,2,40,99,35,0,0
Noa Skoko,20,1137052800,2006/01/12,Prva HNL,2025/2026,Midfielder,Hajduk Split,317,251,66,Croatia,10,7,3,0,0,0,0,0,0,0,0,3,3,0,8,6,2,0,0,0,0,0,0,0,0,2.27,40,32,0,0,0,215,237,-1,22,0,2.91,0,45,42.44,6.48,71,149,5.22,120,57,34.18,67,0.00,0.00,0.35,8,0.00,0.13,3.99,0.61,14,0.00,0.30,0.00,0.00,0.00,0.09,0.13,0.35,0.00,1.42,0.17,0.39,0.00,0.04,0.01,0.00,0.13,0.00,0.00,0,0,,5,0.22,68,1,0.28,54,4,1.14,78,4,6,4,99,0.00,99,0,2,0.57,36,3,25,0.85,48,0,0.00,99,0,0.00,0,0,0.00,0,2.28,97,9,2.56,85,3,0.85,33.33,0,0.00,0,0,0,0.00,0,8,0.00,0,2.28,93,N/A,N/A,N/A,N/A,0.00,0,0.00,0,0.28,0.00,0,80.54,20.00,32,14,0.17,1.14,4,72,27,0,0,0,0.00,0.00,0,21,66.87,0.09,0.57,2,0,0.00,0.00,99,0.00,0,0,1,0.04,0.28,0,0.00,0.00,0.00,0.00,0,0,0.00,47,0,11,45,1,0.58,75,0.03,0.17,0.28,47,0.01,0.08,68,5,0.22,1.42,0.85,0.13,25,3,0.08,46,5,11,99,0,44,39,0,0.00,99,3,0.00,0.85,13.39,2.04,47,25,97,90,7.12,1.09,53.19,7,1.99,3,0,0.00,0,0.00,99,0,0.00,0.00,25,7,69,65,0,0,0,0,0,29,45,62,53,0,16,62,15,15,0,0,15,37,0,0
Noel Bodetic,22,1077609600,2004/02/24,Prva HNL,2025/2026,Midfielder,Rijeka,384,118,266,Croatia,8,2,6,0,0,0,0,0,0,0,0,2,0,2,6,3,3,0,0,0,0,0,0,0,0,1.41,64,48,0,0,0,154,163,-1,16,36000,1.91,0,45,43.83,8.90,73,187,7.57,159,81,37.27,77,0.00,0.00,0.29,6,0.00,1.48,1.41,0.29,6,0.00,0.24,0.00,0.00,0.00,0.14,0.05,0.29,0.00,1.17,0.19,0.05,0.00,0.05,0.02,0.00,0.10,0.00,0.00,0,0,,5,0.24,62,1,0.23,49,4,0.94,71,5,4,4,48,0.00,99,0,3,0.70,43,31,71,7.27,99,0,0.00,99,0,0.00,0,0,0.00,0,1.41,81,1,0.23,18,1,0.23,100.00,0,0.00,0,0,0,0.00,0,6,0.00,35,1.41,66,N/A,N/A,N/A,N/A,0.00,0,0.00,0,0.35,0.00,0,85.03,20.00,32,40,0.14,0.70,3,32,99,0,0,0,0.00,0.00,0,21,40.21,0.48,2.34,10,0,0.00,0.00,99,0.00,0,0,0,0.00,0.00,0,0.00,0.00,0.00,0.00,0,0,0.00,47,2,6,45,37,0.65,66,0.03,0.15,0.35,47,0.02,0.08,1,0,0.00,0.00,0.23,0.05,8,1,0.08,46,1,63,67,0,44,20,0,0.00,99,2,0.00,0.47,5.16,1.05,22,8,8,10,1.88,0.38,36.36,5,1.17,22,0,25.81,0,0.00,99,8,0.38,1.88,99,7,57,73,0,0,0,0,0,29,45,62,53,0,25,52,15,15,0,0,15,91,N/A,N/A
Novak Tepšić,24,1016265600,2002/03/16,Prva HNL,2025/2026,Midfielder,Varaždin,917,394,523,Serbia,19,8,11,0,0,0,1,0,1,0,0,5,3,2,10,2,8,2,0,0.1,0.1,0,0,0,0,0.98,92,48,459,917,0.2,216,71,-1,25,20457,3.48,0.05,70,39.36,12.15,65,401,9.88,326,62,32.00,65,0.00,0.00,0.12,4,0.00,0.30,2.36,0.73,24,0.00,0.03,0.00,0.00,0.00,0.21,0.06,0.21,0.00,0.39,0.09,0.12,0.00,0.03,0.01,0.00,0.61,0.00,0.00,0,0,,4,0.12,25,1,0.10,24,3,0.29,28,2,11,8,87,0.00,99,0,7,0.69,43,10,29,0.98,49,0,0.00,99,0,0.00,0,0,0.00,0,0.39,30,4,0.39,25,2,0.20,50.00,0,0.00,0,0,0,0.00,0,7,0.00,76,0.69,4,N/A,N/A,N/A,N/A,0.00,0,0.00,0,0.24,0.00,0,81.30,25.00,42,69,0.12,0.39,4,29,68,0,0,0,0.18,0.59,6,80,114.69,1.70,5.50,56,0,0.00,0.00,99,0.00,0,0,0,0.00,0.00,0,0.00,0.00,0.00,0.00,0,0,0.00,47,31,44,45,76,1.49,66,0.05,0.15,0.24,21,0.01,0.02,22,5,0.15,0.49,1.18,0.36,52,12,0.02,20,8,92,67,0,44,80,0,0.00,99,20,0.00,1.96,7.85,2.42,80,49,57,31,4.81,1.48,61.25,1,0.10,88,0,10.00,0,0.00,99,1,0.03,0.10,37,24,92,41,0,0,0,0,0,44,45,62,53,0,19,54,63,55,2,11,47,16,N/A,N/A
Ognjen Bakić,23,1041840000,2003/01/06,Prva HNL,2025/2026,Midfielder,Gorica,988,537,451,Montenegro,22,11,11,0,0,0,1,0,1,0,0,6,5,1,12,7,5,5,0,0.09,0.09,0,0,0,0,1.09,82,45,198,988,0.46,157,83,-1,19,85000,4.88,0.05,67,27.66,11.26,31,304,9.07,245,57,22.30,36,0.00,0.00,0.37,10,0.00,0.48,1.64,0.67,18,0.00,0.59,0.00,0.00,0.00,0.48,0.30,0.44,0.00,1.27,0.33,0.59,0.00,0.19,0.05,0.00,0.26,0.00,0.00,0,0,,14,0.52,65,5,0.46,70,9,0.82,64,1,11,11,59,0.00,99,0,13,1.18,77,13,80,1.18,54,0,0.00,99,0,0.00,0,0,0.00,0,0.91,60,16,1.46,62,8,0.73,50.00,0,0.00,0,0,0,0.00,0,12,0.00,68,1.09,29,N/A,N/A,N/A,N/A,0.00,0,0.00,0,1.27,0.00,0,80.59,35.71,62,15,0.44,1.09,12,67,68,0,0,0,0.11,0.27,3,58,131.74,0.70,1.73,19,0,0.00,0.00,99,0.00,0,0,0,0.00,0.00,0,0.00,0.00,0.18,0.07,2,0,0.00,47,34,57,45,68,1.54,60,0.06,0.14,1.27,62,0.05,0.12,33,8,0.30,0.73,1.27,0.52,59,14,0.12,60,31,54,67,0,75,26,0,0.00,99,7,0.00,0.64,9.56,3.89,105,41,24,56,3.73,1.52,39.05,16,1.46,14,0,30.77,0,0.00,99,4,0.15,0.36,61,36,92,27,0,0,0,0,0,41,45,62,53,0,54,56,21,95,5,23,86,7,N/A,N/A
Oleksandr Petrusenko,28,890899200,1998/03/26,Prva HNL,2025/2026,Midfielder,Osijek,1344,498,846,Ukraine,21,8,13,0,0,0,0,0,0,0,0,10,5,5,18,3,15,5,1,0,0,0,0,0,0,1.21,75,64,269,0,0.33,145,131,-1,18,150000,5.18,0,45,43.96,24.33,74,657,21.67,585,93,39.14,81,0.00,0.00,0.33,9,0.00,0.11,2.94,1.63,44,0.00,0.33,0.00,0.00,0.00,0.81,0.19,0.67,0.00,0.40,0.15,0.37,0.00,0.07,0.01,0.00,0.22,0.00,0.00,0,0,,6,0.22,26,2,0.13,31,4,0.27,27,6,5,16,97,0.00,99,0,22,1.47,90,3,25,0.20,20,0,0.00,99,0,0.00,0,0,0.00,0,0.60,42,10,0.67,37,5,0.33,50.00,0,0.00,0,0,0,0.00,0,18,0.00,61,1.20,39,N/A,N/A,N/A,N/A,0.00,0,0.00,0,0.40,0.00,0,89.04,33.33,57,19,0.56,1.00,15,39,68,0,0,0,0.19,0.33,5,62,139.74,0.89,1.61,24,0,0.00,0.00,99,0.00,0,0,0,0.00,0.00,0,0.00,0.00,0.00,0.00,0,0,0.00,47,52,51,45,62,1.54,38,0.06,0.10,0.40,28,0.01,0.03,48,15,0.56,1.00,2.14,1.19,94,32,0.03,27,36,52,67,0,44,17,0,0.00,99,6,0.00,0.40,9.57,5.30,143,70,52,57,4.68,2.59,48.95,9,0.60,55,0,0.00,0,0.00,99,0,0.00,0.00,25,57,63,82,0,0,0,0,0,29,45,62,53,0,81,95,33,82,4,19,75,16,N/A,N/A
Oliver Zelenika,32,737362800,1993/05/14,Prva HNL,2025/2026,Goalkeeper,Varaždin,2700,1350,1350,Croatia,30,15,15,0,0,0,0,0,0,0,0,7,4,3,38,19,19,2,0,0,0,0,0,0,0,1.27,71,90,1350,0,0.07,212,209,33,29,75000,6.25,0,45,24.00,21.82,19,720,14.42,476,7,15.87,15,0.00,0.00,0.00,0,0.00,0.03,0.00,0.00,0,0.00,0.00,0.00,0.00,2.94,0.00,0.03,4.15,0.00,0.00,0.00,0.03,0.00,0.00,0.00,0.00,0.15,0.00,0.00,0,0,,0,0.00,8,0,0.00,18,0,0.00,10,0,0,30,4,0.00,99,0,0,0.00,6,1,99,0.03,13,0,0.00,99,0,0.00,0,0,0.00,0,0.00,9,1,0.03,8,1,0.03,100.00,0,0.00,0,97,87,3.23,87,137,0.00,53,4.57,99,N/A,N/A,N/A,N/A,70.80,0,0.00,0,0.00,0.00,0,66.11,0.00,18,94,0.03,0.03,1,10,99,0,0,69,0.00,0.00,0,21,206.36,0.91,1.00,30,0,0.00,0.00,99,0.00,1,0,0,0.00,0.00,13,0.39,0.43,0.00,0.00,0,0,0.00,47,97,92,45,53,1.08,6,0.03,0.04,0.00,10,0.00,0.00,10,6,0.18,0.20,0.00,0.00,4,0,0.00,10,62,35,67,67,44,7,0,0.00,99,5,0.00,0.17,0.43,0.39,13,11,3,4,0.37,0.33,84.62,0,0.00,99,0,100.00,0,0.00,99,1,0.03,0.03,26,96,14,9,0,0,0,0,0,29,45,62,53,0,46,48,97,20,2,7,32,1,N/A,N/A
Omar-Šarif Sijarić,24,1004688000,2001/11/02,Prva HNL,2025/2026,Midfielder,Rijeka,0,0,0,Germany,0,0,0,0,0,0,0,0,0,0,0,0,0,0,0,0,0,0,0,0,0,0,0,0,0,0,0,0,0,0,0,-1,-1,-1,-1,N/A,N/A,N/A,N/A,N/A,N/A,N/A,N/A,N/A,N/A,N/A,N/A,N/A,N/A,N/A,N/A,N/A,N/A,N/A,N/A,N/A,N/A,N/A,N/A,N/A,N/A,N/A,N/A,N/A,N/A,N/A,N/A,N/A,N/A,N/A,N/A,N/A,N/A,N/A,N/A,N/A,N/A,N/A,N/A,N/A,N/A,N/A,N/A,N/A,N/A,N/A,N/A,N/A,N/A,N/A,N/A,N/A,N/A,N/A,N/A,N/A,N/A,N/A,N/A,N/A,N/A,N/A,N/A,N/A,N/A,N/A,N/A,N/A,N/A,N/A,N/A,N/A,N/A,N/A,N/A,N/A,N/A,N/A,N/A,N/A,N/A,N/A,N/A,N/A,N/A,N/A,N/A,N/A,N/A,N/A,N/A,N/A,N/A,N/A,N/A,N/A,N/A,N/A,N/A,N/A,N/A,N/A,N/A,N/A,N/A,N/A,N/A,N/A,N/A,N/A,N/A,N/A,N/A,N/A,N/A,N/A,N/A,N/A,N/A,N/A,N/A,N/A,N/A,N/A,N/A,N/A,N/A,N/A,N/A,N/A,N/A,N/A,N/A,N/A,N/A,N/A,N/A,N/A,N/A,N/A,N/A,N/A,N/A,N/A,N/A,N/A,N/A,N/A,N/A,N/A,N/A,N/A,N/A,N/A,N/A,N/A,N/A,N/A,N/A,N/A,N/A,N/A,N/A,N/A,N/A,N/A,N/A,N/A,N/A,N/A,N/A,N/A,N/A,N/A,N/A,N/A,N/A,N/A,N/A,N/A,N/A,N/A,N/A,N/A,N/A,N/A,N/A,N/A,N/A,N/A,N/A,N/A,N/A,N/A,N/A,N/A,N/A,N/A,N/A,N/A,N/A,N/A,N/A,N/A,N/A,N/A,N/A,N/A,N/A,N/A,N/A,N/A,N/A,N/A,N/A,N/A,N/A,N/A,N/A
Osman Hadzikic,30,826617600,1996/03/12,Prva HNL,2025/2026,Goalkeeper,Slaven Koprivnica,2364,1080,1284,Austria,27,12,15,0,0,0,0,0,0,0,0,4,3,1,42,12,30,2,0,0,0,0,0,0,0,1.6,56,88,1182,0,0.08,234,227,61,32,50000,5.57,0,45,26.69,21.91,28,701,12.88,412,1,15.69,15,0.00,0.00,0.06,2,0.00,0.00,0.08,0.06,2,0.00,0.00,0.00,0.00,2.09,0.03,0.00,3.53,0.00,0.00,0.00,0.00,0.00,0.00,0.00,0.00,0.31,0.00,0.00,0,0,,0,0.00,8,0,0.00,18,0,0.00,10,0,1,26,5,0.00,99,0,1,0.04,7,0,25,0.00,12,0,0.00,99,0,0.00,0,0,0.00,0,0.08,12,0,0.00,7,0,0.00,0.00,0,0.00,0,67,27,2.55,53,113,0.00,21,4.30,97,N/A,N/A,N/A,N/A,59.29,0,0.00,0,0.00,0.00,0,58.77,0.00,18,99,0.00,0.00,0,9,9,0,0,47,0.00,0.00,0,21,178.11,0.66,0.80,21,1,0.00,0.04,19,0.03,1,0,0,0.00,0.00,12,0.38,0.46,0.00,0.00,0,0,0.00,47,87,77,45,21,1.04,6,0.03,0.04,0.00,10,0.00,0.00,3,2,0.06,0.08,0.04,0.03,6,1,0.00,10,41,23,67,73,44,16,0,0.00,99,10,0.00,0.38,0.53,0.44,14,12,5,5,0.46,0.38,85.71,0,0.00,99,0,0.00,0,0.00,99,0,0.00,0.00,25,84,24,9,0,0,0,0,0,29,45,62,53,0,31,25,94,23,2,7,32,31,N/A,N/A
Paul Bismarck Tabinas,23,1025852400,2002/07/05,Prva HNL,2025/2026,Defender,Dinamo Zagreb,505,181,324,Philippines,9,4,5,0,0,0,1,1,0,0,0,1,1,0,12,3,9,0,0,0.18,0.18,0,0,0,0,2.14,42,56,0,505,0,197,45,77,20,65000,2.68,0.11,82,21.92,5.59,14,123,4.23,93,34,16.57,18,0.00,0.00,0.18,4,0.00,0.91,2.14,0.55,12,0.00,0.27,0.00,0.00,0.00,0.18,0.27,0.32,0.00,0.18,0.05,0.55,0.00,0.00,0.00,0.00,0.41,0.00,0.00,0,0,,1,0.05,14,0,0.00,18,1,0.18,18,1,4,5,77,0.00,99,0,4,0.71,44,20,26,3.56,80,0,0.00,99,0,0.00,0,0,0.00,0,0.71,46,12,2.14,80,6,1.07,50.00,0,0.00,0,0,0,0.00,0,7,0.00,3,1.25,44,N/A,N/A,N/A,N/A,0.00,0,0.00,0,0.05,0.00,0,75.61,0.00,18,17,0.27,1.07,6,84,68,0,0,0,0.18,0.71,4,90,58.91,0.91,3.56,20,0,0.00,0.00,99,0.00,0,0,0,0.00,0.00,0,0.00,0.00,0.00,0.00,0,0,0.00,47,10,8,45,4,0.92,71,0.04,0.16,0.05,14,0.00,0.01,15,2,0.09,0.36,0.71,0.18,17,4,0.01,14,4,75,67,0,44,69,0,0.00,99,9,0.00,1.60,10.34,2.64,58,29,68,68,5.17,1.32,50.00,6,1.07,26,0,5.00,0,0.00,99,1,0.05,0.18,48,12,57,27,0,0,0,0,0,64,45,62,53,0,41,12,15,15,0,0,15,26,N/A,N/A
Pavle Smiljanić,17,1210230000,2008/05/08,Prva HNL,2025/2026,Midfielder,Lokomotiva Zagreb,7,7,0,Croatia,3,2,1,0,0,0,0,0,0,0,0,1,0,1,0,0,0,0,0,0,0,0,0,0,0,0,0,2,0,0,0,-1,-1,-1,22,5000,1.29,0,45,60.00,1.20,96,6,0.80,4,8,40.00,82,0.00,0.00,0.00,0,0.00,0.00,0.00,0.00,0,0.00,0.00,0.00,0.00,0.00,0.00,0.00,0.00,0.00,0.00,0.00,0.00,0.00,0.00,0.00,0.00,0.00,0.00,0.00,0,0,,0,0.00,8,0,0.00,18,0,0.00,10,0,3,0,4,0.00,99,0,0,0.00,6,0,25,0.00,12,0,0.00,99,0,0.00,0,0,0.00,0,0.00,9,0,0.00,7,0,0.00,0.00,0,0.00,0,0,0,0.00,0,0,0.00,99,0.00,0,N/A,N/A,N/A,N/A,0.00,0,0.00,0,0.00,0.00,0,66.67,0.00,18,99,0.00,0.00,0,9,9,0,0,0,0.00,0.00,0,21,6.47,0.00,0.00,0,0,0.00,0.00,99,0.00,0,0,0,0.00,0.00,0,0.00,0.00,0.00,0.00,0,0,0.00,47,0,0,45,0,0.01,38,0.00,0.10,0.00,10,0.00,0.00,1,0,0.00,0.00,0.00,0.00,4,0,0.00,10,0,0,67,0,44,1,0,0.00,99,0,0.00,0.00,0.00,0.00,0,0,0,0,0.00,0.00,0.00,0,0.00,99,0,0.00,0,0.00,99,0,0.00,0.00,25,0,45,9,0,0,0,0,0,29,45,62,53,0,16,68,15,15,0,0,15,25,N/A,N/A
Petar Bočkaj,29,838105200,1996/07/23,Prva HNL,2025/2026,Defender,Varaždin,275,198,77,Croatia,11,7,4,0,0,0,0,0,0,0,0,2,2,0,3,2,1,1,0,0,0,0,0,0,0,0.98,92,25,275,0,0.33,207,211,19,27,120000,4.14,0,45,41.72,7.06,71,127,5.28,95,29,31.20,64,0.00,0.00,0.78,14,0.00,2.00,1.97,0.33,6,0.00,0.33,0.00,0.00,0.00,0.11,0.22,0.17,0.00,4.27,0.44,0.67,0.00,0.28,0.06,0.00,0.00,0.00,0.00,0,0,,13,0.72,99,5,1.64,99,8,2.63,99,0,10,1,71,0.00,99,0,2,0.66,41,36,37,11.82,99,0,0.00,99,0,0.00,0,0,0.00,0,4.60,99,12,3.94,95,4,1.31,33.33,0,0.00,0,0,0,0.00,0,3,0.00,76,0.99,22,N/A,N/A,N/A,N/A,0.00,0,0.00,0,1.16,0.00,0,74.80,38.46,69,78,0.06,0.33,1,88,27,0,0,0,0.00,0.00,0,21,74.45,0.06,0.33,1,0,0.00,0.00,99,0.00,0,0,1,0.06,0.33,0,0.00,0.00,0.00,0.00,0,0,0.00,47,0,14,45,76,0.78,93,0.04,0.26,1.16,91,0.06,0.38,99,11,0.61,3.61,0.66,0.11,16,2,0.38,90,17,3,99,0,44,1,0,0.00,99,0,0.00,0.00,13.47,2.28,41,21,96,91,6.90,1.17,51.22,6,1.97,3,0,13.89,0,0.00,99,5,0.28,1.64,95,0,86,9,0,0,0,0,0,29,45,62,53,0,71,33,34,82,1,9,40,12,N/A,N/A
Petar Nemet,17,1216018800,2008/07/14,Prva HNL,2025/2026,Midfielder,Istra 1961,0,0,0,Croatia,0,0,0,0,0,0,0,0,0,0,0,0,0,0,0,0,0,0,0,0,0,0,0,0,0,0,0,0,0,0,0,-1,-1,-1,-1,N/A,N/A,N/A,N/A,N/A,N/A,N/A,N/A,N/A,N/A,N/A,N/A,N/A,N/A,N/A,N/A,N/A,N/A,N/A,N/A,N/A,N/A,N/A,N/A,N/A,N/A,N/A,N/A,N/A,N/A,N/A,N/A,N/A,N/A,N/A,N/A,N/A,N/A,N/A,N/A,N/A,N/A,N/A,N/A,N/A,N/A,N/A,N/A,N/A,N/A,N/A,N/A,N/A,N/A,N/A,N/A,N/A,N/A,N/A,N/A,N/A,N/A,N/A,N/A,N/A,N/A,N/A,N/A,N/A,N/A,N/A,N/A,N/A,N/A,N/A,N/A,N/A,N/A,N/A,N/A,N/A,N/A,N/A,N/A,N/A,N/A,N/A,N/A,N/A,N/A,N/A,N/A,N/A,N/A,N/A,N/A,N/A,N/A,N/A,N/A,N/A,N/A,N/A,N/A,N/A,N/A,N/A,N/A,N/A,N/A,N/A,N/A,N/A,N/A,N/A,N/A,N/A,N/A,N/A,N/A,N/A,N/A,N/A,N/A,N/A,N/A,N/A,N/A,N/A,N/A,N/A,N/A,N/A,N/A,N/A,N/A,N/A,N/A,N/A,N/A,N/A,N/A,N/A,N/A,N/A,N/A,N/A,N/A,N/A,N/A,N/A,N/A,N/A,N/A,N/A,N/A,N/A,N/A,N/A,N/A,N/A,N/A,N/A,N/A,N/A,N/A,N/A,N/A,N/A,N/A,N/A,N/A,N/A,N/A,N/A,N/A,N/A,N/A,N/A,N/A,N/A,N/A,N/A,N/A,N/A,N/A,N/A,N/A,N/A,N/A,N/A,N/A,N/A,N/A,N/A,N/A,N/A,N/A,N/A,N/A,N/A,N/A,N/A,N/A,N/A,N/A,N/A,N/A,N/A,N/A,N/A,N/A,N/A,N/A,N/A,N/A,N/A,N/A,N/A,N/A,N/A,N/A,N/A,N/A
Petar Zvonimir Kostelac,18,1205737200,2008/03/17,Prva HNL,2025/2026,Midfielder,Lokomotiva Zagreb,1,1,0,Croatia,1,1,0,0,0,0,0,0,0,0,0,0,0,0,0,0,0,0,0,0,0,0,0,0,0,0,0,1,0,0,0,-1,-1,-1,35,0,0.00,0,45,360.00,1.33,99,4,1.33,4,99,360.00,99,0.00,0.00,0.00,0,0.00,0.00,0.00,0.00,0,0.00,0.00,0.00,0.00,0.00,0.00,0.00,0.00,0.00,0.00,0.00,0.00,0.00,0.00,0.00,0.00,0.00,0.00,0.00,0,0,,0,0.00,8,0,0.00,18,0,0.00,10,0,1,0,4,0.00,99,0,0,0.00,6,0,25,0.00,12,0,0.00,99,0,0.00,0,0,0.00,0,0.00,9,0,0.00,7,0,0.00,0.00,0,0.00,0,0,0,0.00,0,0,0.00,99,0.00,0,N/A,N/A,N/A,N/A,0.00,0,0.00,0,0.00,0.00,0,100.00,0.00,18,99,0.00,0.00,0,9,9,0,0,0,0.00,0.00,0,21,0.00,0.33,90.00,1,0,0.00,0.00,99,0.00,0,0,0,0.00,0.00,0,0.00,0.00,0.00,0.00,0,0,0.00,47,0,0,45,0,0.01,99,0.00,0.90,0.00,10,0.00,0.00,1,0,0.00,0.00,0.00,0.00,4,0,0.00,10,0,99,67,0,44,1,0,0.00,99,0,0.00,0.00,0.00,0.00,0,0,0,0,0.00,0.00,0.00,0,0.00,99,0,0.00,0,0.00,99,0,0.00,0.00,25,0,24,9,0,0,0,0,0,29,45,62,53,0,16,3,15,15,0,0,15,2,0,0
Rafael Euclides Soares Camacho,25,958978800,2000/05/22,Prva HNL,2025/2026,Forward,HNK Vukovar 1991,340,162,178,Portugal,9,5,4,0,0,0,1,0,1,0,0,1,1,0,6,1,5,1,0,0.26,0.26,0,0,0,0,1.59,57,38,340,340,0.26,196,15,-1,37,90000,3.72,0.11,95,16.94,4.00,6,64,2.88,46,18,12.18,7,0.00,0.00,0.25,4,0.00,1.00,1.06,0.25,4,0.00,0.25,0.00,0.00,0.00,0.00,0.12,0.19,0.00,1.06,0.19,0.44,0.00,0.06,0.02,0.00,0.19,0.00,0.00,0,0,,4,0.25,58,1,0.26,52,3,0.79,62,5,6,3,29,0.00,99,0,0,0.00,6,16,52,4.24,87,0,0.00,99,0,0.00,0,0,0.00,0,1.06,64,7,1.85,72,2,0.53,28.57,0,0.00,0,0,0,0.00,0,3,0.00,21,0.79,10,N/A,N/A,N/A,N/A,0.00,0,0.00,0,0.33,0.00,0,71.88,25.00,42,17,0.25,1.06,4,53,20,0,0,0,0.00,0.00,0,21,59.45,0.12,0.53,2,0,0.00,0.00,99,0.00,0,0,0,0.00,0.00,0,0.00,0.00,1.06,0.25,4,0,0.00,47,0,8,45,23,0.80,85,0.05,0.21,0.33,51,0.02,0.09,11,1,0.06,0.26,1.06,0.25,42,4,0.09,49,10,9,67,0,99,33,0,0.00,99,3,0.00,0.79,8.74,2.06,33,10,11,43,2.65,0.62,30.30,4,1.06,27,0,18.75,0,0.00,99,3,0.19,0.79,81,2,69,73,0,0,0,0,0,72,45,62,53,0,57,12,47,69,1,11,47,64,N/A,N/A
Raí de Oliveira Alves,22,1082962800,2004/04/26,Prva HNL,2025/2026,Forward,HNK Vukovar 1991,29,5,24,Brazil,3,2,1,0,0,0,0,0,0,0,0,0,0,0,2,0,2,0,0,0,0,0,0,0,0,6.21,15,10,0,0,0,-1,-1,-1,11,0,2.17,0,45,46.55,2.50,80,15,1.83,11,23,34.14,67,0.00,0.00,0.17,1,0.00,0.33,0.00,0.00,0,0.00,0.17,0.00,0.00,0.00,0.00,0.17,0.33,0.00,3.10,0.17,0.33,0.00,0.00,0.01,0.00,0.17,0.00,0.00,0,0,,1,0.17,96,0,0.00,18,1,3.10,99,0,3,0,4,0.00,99,0,0,0.00,6,2,98,6.21,98,0,0.00,99,0,0.00,0,0,0.00,0,3.10,99,2,6.21,99,1,3.10,50.00,0,0.00,0,0,0,0.00,0,2,0.00,0,6.21,99,N/A,N/A,N/A,N/A,0.00,0,0.00,0,0.04,0.00,0,73.33,0.00,18,99,0.00,0.00,0,99,68,0,0,0,0.00,0.00,0,21,13.02,0.00,0.00,0,0,0.00,0.00,99,0.00,0,0,0,0.00,0.00,0,0.00,0.00,0.00,0.00,0,0,0.00,47,0,0,45,0,0.06,80,0.01,0.19,0.04,62,0.01,0.12,99,1,0.17,3.10,3.10,0.17,99,1,0.12,60,1,0,67,0,44,96,0,0.00,99,1,0.00,3.10,27.93,1.50,9,3,99,99,9.31,0.50,33.33,1,3.10,0,0,50.00,0,0.00,99,1,0.17,3.10,99,0,45,9,0,0,0,0,0,29,45,62,53,0,16,3,15,15,0,0,15,9,0,0
Raul Kumar,18,1201852800,2008/02/01,Prva HNL,2025/2026,Midfielder,Istra 1961,1446,770,676,Croatia,18,9,9,0,0,0,0,0,0,0,0,1,0,1,20,12,8,2,0,0,0,0,0,0,0,1.24,72,80,723,0,0.12,148,129,-1,24,80000,6.05,0,45,51.35,41.25,88,825,35.85,717,88,44.63,89,0.00,0.00,0.05,1,0.00,0.05,0.87,0.70,14,0.00,0.10,0.00,0.00,0.00,0.75,0.20,1.00,0.00,0.37,0.15,0.45,0.00,0.15,0.02,0.00,1.20,0.00,0.00,0,0,,6,0.30,23,3,0.19,43,3,0.19,19,8,1,17,19,0.00,99,0,15,0.93,59,1,25,0.06,14,0,0.00,99,0,0.00,0,0,0.00,0,0.06,11,9,0.56,33,4,0.25,44.44,0,0.00,0,0,0,0.00,0,20,0.00,57,1.24,43,N/A,N/A,N/A,N/A,0.00,0,0.00,0,0.47,0.00,0,86.91,50.00,90,59,0.40,0.50,8,33,48,0,0,0,0.85,1.06,17,97,121.09,4.95,6.16,99,0,0.00,0.00,99,0.00,0,0,0,0.00,0.00,0,0.00,0.00,0.00,0.00,0,0,0.00,47,56,40,45,55,1.45,30,0.07,0.09,0.47,28,0.02,0.03,2,1,0.05,0.06,0.75,0.60,19,12,0.03,27,53,96,67,0,44,66,0,0.00,99,24,0.00,1.49,5.79,4.65,93,43,12,12,2.68,2.15,46.24,2,0.12,87,0,0.00,0,0.00,99,0,0.00,0.00,25,60,24,93,0,0,0,0,0,29,45,62,53,0,51,4,81,35,2,11,47,38,N/A,N/A
Raúl Torrente,25,983433600,2001/03/01,Prva HNL,2025/2026,Defender,Dinamo Zagreb,0,0,0,Spain,0,0,0,0,0,0,0,0,0,0,0,0,0,0,0,0,0,0,0,0,0,0,0,0,0,0,0,0,0,0,0,-1,-1,-1,-1,N/A,N/A,N/A,N/A,N/A,N/A,N/A,N/A,N/A,N/A,N/A,N/A,N/A,N/A,N/A,N/A,N/A,N/A,N/A,N/A,N/A,N/A,N/A,N/A,N/A,N/A,N/A,N/A,N/A,N/A,N/A,N/A,N/A,N/A,N/A,N/A,N/A,N/A,N/A,N/A,N/A,N/A,N/A,N/A,N/A,N/A,N/A,N/A,N/A,N/A,N/A,N/A,N/A,N/A,N/A,N/A,N/A,N/A,N/A,N/A,N/A,N/A,N/A,N/A,N/A,N/A,N/A,N/A,N/A,N/A,N/A,N/A,N/A,N/A,N/A,N/A,N/A,N/A,N/A,N/A,N/A,N/A,N/A,N/A,N/A,N/A,N/A,N/A,N/A,N/A,N/A,N/A,N/A,N/A,N/A,N/A,N/A,N/A,N/A,N/A,N/A,N/A,N/A,N/A,N/A,N/A,N/A,N/A,N/A,N/A,N/A,N/A,N/A,N/A,N/A,N/A,N/A,N/A,N/A,N/A,N/A,N/A,N/A,N/A,N/A,N/A,N/A,N/A,N/A,N/A,N/A,N/A,N/A,N/A,N/A,N/A,N/A,N/A,N/A,N/A,N/A,N/A,N/A,N/A,N/A,N/A,N/A,N/A,N/A,N/A,N/A,N/A,N/A,N/A,N/A,N/A,N/A,N/A,N/A,N/A,N/A,N/A,N/A,N/A,N/A,N/A,N/A,N/A,N/A,N/A,N/A,N/A,N/A,N/A,N/A,N/A,N/A,N/A,N/A,N/A,N/A,N/A,N/A,N/A,N/A,N/A,N/A,N/A,N/A,N/A,N/A,N/A,N/A,N/A,N/A,N/A,N/A,N/A,N/A,N/A,N/A,N/A,N/A,N/A,N/A,N/A,N/A,N/A,N/A,N/A,N/A,N/A,N/A,N/A,N/A,N/A,N/A,N/A,N/A,N/A,N/A,N/A,N/A,N/A
Renan Guedes Borges,28,885196800,1998/01/19,Prva HNL,2025/2026,Defender,Osijek,1561,713,848,Brazil,22,11,11,0,0,0,0,0,0,0,0,7,5,2,29,10,19,3,0,0,0,0,0,0,0,1.67,54,71,520,0,0.17,176,180,63,27,80000,4.83,0,45,34.83,20.72,57,601,16.00,464,40,26.89,54,0.00,0.00,0.52,15,0.00,1.86,2.20,1.31,38,0.00,0.48,0.00,0.00,0.00,0.66,0.17,0.97,0.00,0.41,0.21,0.72,0.00,0.03,0.01,0.00,0.97,0.00,0.00,0,0,,7,0.24,27,1,0.06,21,6,0.35,32,6,5,17,81,0.00,99,0,19,1.10,71,54,35,3.13,78,0,0.00,99,0,0.00,0,0,0.00,0,0.87,57,21,1.22,52,5,0.29,23.81,0,0.00,0,0,0,0.00,0,28,0.00,17,1.62,77,N/A,N/A,N/A,N/A,0.00,0,0.00,0,0.38,0.00,0,77.20,14.29,22,63,0.28,0.46,8,38,13,0,0,0,0.34,0.58,10,78,140.00,1.90,3.19,55,1,0.00,0.06,12,0.03,0,0,0,0.00,0.00,0,0.00,0.00,0.00,0.00,0,0,0.00,47,60,57,45,17,1.78,38,0.06,0.10,0.38,21,0.01,0.02,85,33,1.14,1.91,1.68,1.00,78,29,0.02,20,29,72,67,0,44,70,0,0.00,99,28,0.00,1.62,10.95,6.52,189,103,86,73,5.97,3.55,54.50,14,0.81,42,0,12.96,0,0.00,99,7,0.24,0.41,67,60,63,82,0,0,0,0,0,29,45,62,53,0,51,64,69,47,3,14,60,42,N/A,N/A
Ricardo-Oliver Henning,25,969606000,2000/09/22,Prva HNL,2025/2026,Defender,HNK Vukovar 1991,630,360,270,Germany,7,4,3,0,0,0,0,0,0,0,0,0,0,0,15,7,8,0,0,0,0,0,0,0,0,2.14,42,90,0,0,0,198,197,76,27,45000,5.09,0,45,48.86,38.00,85,342,33.44,301,92,43.00,88,0.00,0.00,0.11,1,0.00,0.56,0.57,0.44,4,0.00,0.11,0.00,0.00,0.00,0.67,0.22,1.11,0.00,0.14,0.00,0.44,0.00,0.11,0.01,0.00,0.78,0.00,0.00,0,0,,1,0.11,13,1,0.14,34,0,0.00,10,0,0,7,12,0.00,99,0,6,0.86,55,5,25,0.71,43,0,0.00,99,0,0.00,0,0,0.00,0,0.14,15,4,0.57,33,2,0.29,50.00,0,0.00,0,0,0,0.00,0,10,0.00,3,1.43,68,N/A,N/A,N/A,N/A,0.00,0,0.00,0,0.13,0.00,0,88.01,100.00,99,65,0.33,0.43,3,38,68,0,0,0,0.22,0.29,2,60,45.81,3.67,4.71,33,0,0.00,0.00,99,0.00,0,0,0,0.00,0.00,0,0.00,0.00,0.00,0.00,0,0,0.00,47,17,4,45,4,0.58,24,0.06,0.08,0.13,21,0.01,0.02,7,1,0.11,0.14,0.57,0.44,14,4,0.02,20,35,84,67,0,44,46,0,0.00,99,7,0.00,1.00,4.71,3.67,33,14,8,8,2.00,1.56,42.42,1,0.14,85,0,0.00,0,0.00,99,0,0.00,0.00,25,22,14,9,0,0,0,0,0,29,45,62,53,0,29,3,15,15,0,0,15,27,N/A,N/A
Robert Mudražija,28,862815600,1997/05/05,Prva HNL,2025/2026,Midfielder,Dinamo Zagreb,42,18,24,Croatia,5,2,3,0,0,0,0,0,0,0,0,3,1,2,0,0,0,0,0,0,0,0,0,0,0,0,0,8,0,0,0,-1,-1,-1,22,310000,1.81,0,45,31.45,2.07,43,29,1.14,16,0,17.35,19,0.00,0.00,0.00,0,0.00,0.00,0.00,0.00,0,0.00,0.14,0.00,0.00,0.00,0.00,0.00,0.00,0.00,1.08,0.07,0.00,0.00,0.00,0.00,0.00,0.00,0.00,0.00,0,0,,1,0.07,59,0,0.00,18,1,1.08,74,0,5,0,4,0.00,99,0,0,0.00,6,0,25,0.00,12,0,0.00,99,0,0.00,0,0,0.00,0,0.00,9,0,0.00,7,0,0.00,0.00,0,0.00,0,0,0,0.00,0,0,0.00,99,0.00,0,N/A,N/A,N/A,N/A,0.00,0,0.00,0,0.05,0.00,0,55.17,0.00,18,15,0.07,1.08,1,9,9,0,0,0,0.00,0.00,0,21,25.39,0.14,2.17,2,0,0.00,0.00,99,0.00,0,0,0,0.00,0.00,0,0.00,0.00,0.00,0.00,0,0,0.00,47,0,0,45,0,0.03,2,0.00,0.03,0.05,35,0.00,0.05,51,1,0.07,1.08,4.34,0.29,99,4,0.05,34,0,61,67,0,44,1,0,0.00,99,0,0.00,0.00,10.84,0.71,10,2,10,72,2.17,0.14,20.00,2,2.17,1,0,0.00,0,0.00,99,0,0.00,0.00,25,0,63,9,0,0,0,0,0,29,45,62,53,0,87,99,15,15,0,0,15,20,N/A,N/A
Roberto Punčec,34,688546800,1991/10/27,Prva HNL,2025/2026,Defender,Varaždin,1061,477,584,Croatia,17,9,8,0,0,0,0,0,0,0,0,4,2,2,11,5,6,5,0,0,0,0,0,0,0,0.93,96,62,212,0,0.42,160,155,18,13,36972,5.96,0,45,34.15,21.21,55,403,18.11,344,82,29.15,60,0.00,0.00,0.05,1,0.00,0.00,0.93,0.58,11,0.00,0.11,0.00,0.00,0.00,0.84,0.00,0.63,0.00,0.00,0.00,0.00,0.00,0.00,0.00,0.00,1.11,0.00,0.00,0,0,,0,0.00,8,0,0.00,18,0,0.00,10,1,7,10,23,0.00,99,0,16,1.36,84,0,25,0.00,12,0,0.00,99,0,0.00,0,0,0.00,0,0.08,12,0,0.00,7,0,0.00,0.00,0,0.00,0,0,0,0.00,0,12,0.00,78,1.02,26,N/A,N/A,N/A,N/A,0.00,0,0.00,0,0.00,0.00,0,85.36,0.00,18,66,0.26,0.42,5,9,9,0,0,0,0.89,1.44,17,99,113.27,3.47,5.59,66,0,0.00,0.00,99,0.00,0,0,0,0.00,0.00,0,0.00,0.00,0.00,0.00,0,0,0.00,47,38,36,45,77,0.65,14,0.03,0.06,0.00,10,0.00,0.00,22,6,0.32,0.51,1.27,0.79,59,15,0.00,10,51,95,67,0,44,77,0,0.00,99,21,0.00,1.78,6.86,4.26,81,38,17,20,3.22,2.00,46.91,2,0.17,82,0,0.00,0,0.00,99,0,0.00,0.00,25,33,76,27,0,0,0,0,0,29,45,62,53,0,25,50,22,94,4,24,87,14,N/A,N/A
Robin Gonzales,27,912067200,1998/11/26,Prva HNL,2025/2026,Midfielder,HNK Vukovar 1991,2686,1440,1246,Colombia,32,17,15,7,4,3,3,1,2,0,0,4,3,1,56,27,29,6,0,0.34,0.1,0.23,0.25,0.22,384,1.88,48,84,448,895,0.2,44,74,-1,2,180000,6.89,0.09,70,26.65,24.84,27,770,20.52,636,67,22.02,35,0.00,0.00,1.00,31,0.00,1.13,1.66,1.55,48,0.00,1.94,0.00,0.00,0.00,0.48,1.81,1.68,5.50,1.52,0.81,3.23,0.00,0.61,0.27,0.00,0.26,0.00,0.00,0,0,,44,1.42,71,19,0.66,81,25,0.87,68,5,3,29,60,0.00,99,0,15,0.52,34,35,81,1.21,55,0,0.00,99,0,0.00,0,0,0.00,0,1.07,66,100,3.46,91,56,1.94,56.00,0,0.00,0,0,0,0.00,0,52,0.00,10,1.80,86,N/A,N/A,N/A,N/A,0.00,0,0.00,0,8.42,0.00,0,82.60,43.18,80,31,0.74,0.80,23,97,75,1,1,0,0.03,0.03,1,22,213.55,0.23,0.24,7,0,0.00,0.00,99,0.00,0,2,0,0.00,0.00,0,0.00,0.00,0.21,0.19,6,1,18.18,89,95,97,63,10,4.14,60,0.13,0.14,7.02,81,0.23,0.24,92,64,2.06,2.22,1.32,1.23,61,38,0.29,83,91,2,67,0,78,12,0,0.00,99,8,0.00,0.28,12.50,11.65,361,175,88,86,6.06,5.65,48.48,60,2.08,2,0,31.43,0,0.00,99,11,0.35,0.38,64,94,45,73,0,0,0,0,0,80,82,85,82,0,84,19,61,55,6,19,75,10,N/A,N/A
Rokas Puku0161tas,21,1093417200,2004/08/25,Prva HNL,2025/2026,Midfielder,Hajduk Split,2272,1191,1081,USA,28,15,13,9,6,3,1,0,1,0,0,13,7,6,21,10,11,6,0,0.4,0.04,0.36,0.45,0.25,252,0.83,108,81,379,2272,0.24,16,121,-1,3,325000,7.25,0.04,48,26.90,24.25,28,679,17.68,495,21,19.61,27,0.00,0.00,1.14,32,0.00,0.54,2.38,2.14,60,0.00,1.25,0.00,0.00,0.00,0.75,1.14,0.75,7.44,2.65,1.29,2.21,0.00,1.11,0.40,0.00,3.68,0.00,0.00,0,0,,67,2.39,93,31,1.23,96,36,1.43,87,5,3,25,87,0.00,99,0,21,0.83,53,15,74,0.59,37,0,0.00,99,0,0.00,0,0,0.00,0,1.27,75,62,2.46,85,32,1.27,51.61,0,0.00,0,0,0,0.00,0,21,0.00,86,0.83,14,N/A,N/A,N/A,N/A,0.00,0,0.00,0,11.12,0.00,0,72.90,46.27,82,54,0.50,0.55,14,87,70,0,0,0,0.04,0.04,1,24,203.11,0.71,0.79,20,0,0.00,0.00,99,0.00,0,0,4,0.14,0.16,0,0.00,0.00,0.28,0.25,7,2,13.43,78,84,83,53,86,2.64,38,0.09,0.10,11.12,95,0.40,0.44,97,65,2.32,2.57,2.34,2.11,98,59,0.44,93,99,22,96,0,84,99,0,0.00,99,103,0.00,4.08,18.26,16.46,461,259,99,99,10.26,9.25,56.18,35,1.39,15,0,26.67,0,0.00,99,4,0.14,0.16,44,83,45,73,0,1,0,4,0,86,93,86,95,0,88,92,50,66,6,21,82,21,N/A,N/A
Roko Brajković,20,1120374000,2005/07/03,Prva HNL,2025/2026,Midfielder,Hajduk Split,1165,615,550,Croatia,18,10,8,2,1,1,3,0,3,0,0,7,4,3,11,7,4,2,0,0.39,0.23,0.15,0.15,0.16,583,0.85,106,65,583,388,0.15,67,23,-1,7,0,4.19,0.17,92,27.99,12.96,33,363,10.36,290,54,22.37,37,0.00,0.00,0.89,25,0.00,2.64,1.39,0.64,18,0.00,0.50,0.00,0.00,0.00,0.11,0.43,0.36,11.50,1.77,0.46,1.07,0.00,0.36,0.12,0.00,0.39,0.00,0.00,0,0,,23,0.82,77,10,0.77,86,13,1.00,72,4,4,14,48,0.00,99,0,3,0.23,14,74,70,5.71,98,0,0.00,99,0,0.00,0,0,0.00,0,1.93,95,30,2.31,83,12,0.93,40.00,0,0.00,0,0,0,0.00,0,10,0.00,84,0.77,9,N/A,N/A,N/A,N/A,0.00,0,0.00,0,3.29,0.00,0,79.89,43.48,81,6,0.64,1.39,18,77,38,0,0,0,0.04,0.08,1,32,117.20,0.46,1.00,13,0,0.00,0.00,99,0.00,0,0,0,0.00,0.00,0,0.00,0.00,0.08,0.04,1,0,8.70,62,42,40,72,84,3.30,92,0.12,0.25,3.29,82,0.12,0.25,59,16,0.57,1.23,2.01,0.93,92,26,0.25,80,17,35,67,0,57,39,0,0.00,99,11,0.00,0.85,10.87,5.04,141,57,45,73,4.40,2.04,40.43,14,1.08,26,0,25.68,0,0.00,99,19,0.68,1.47,94,50,57,65,0,0,0,0,0,85,74,78,71,0,16,76,72,43,2,11,47,28,0,0
Roko Gabrić,18,1182409200,2007/06/21,Prva HNL,2025/2026,Defender,Hajduk Split,44,44,0,Croatia,1,1,0,0,0,0,0,0,0,0,0,0,0,0,0,0,0,0,0,0,0,0,0,0,0,0,0,44,0,0,0,-1,-1,-1,16,0,1.67,0,45,49.09,6.00,85,24,5.50,22,99,45.00,89,0.00,0.00,0.00,0,0.00,0.00,0.00,0.00,0,0.00,0.00,0.00,0.00,0.00,0.00,0.00,0.00,0.00,0.00,0.00,0.00,0.00,0.00,0.00,0.00,0.00,0.00,0.00,0,0,,0,0.00,8,0,0.00,18,0,0.00,10,0,1,0,4,0.00,99,0,0,0.00,6,0,25,0.00,12,0,0.00,99,0,0.00,0,0,0.00,0,0.00,9,0,0.00,7,0,0.00,0.00,0,0.00,0,0,0,0.00,0,0,0.00,99,0.00,0,N/A,N/A,N/A,N/A,0.00,0,0.00,0,0.00,0.00,0,91.67,0.00,18,99,0.00,0.00,0,9,9,0,0,0,0.00,0.00,0,21,6.68,1.75,14.32,7,0,0.00,0.00,99,0.00,0,0,0,0.00,0.00,0,0.00,0.00,0.00,0.00,0,0,0.00,47,0,0,45,0,0.04,24,0.01,0.08,0.00,10,0.00,0.00,1,0,0.00,0.00,0.00,0.00,4,0,0.00,10,0,99,67,0,44,1,0,0.00,99,0,0.00,0.00,0.00,0.00,0,0,0,0,0.00,0.00,0.00,0,0.00,99,0,0.00,0,0.00,99,0,0.00,0.00,25,0,24,9,0,0,0,0,0,29,45,62,53,0,16,3,15,15,0,0,15,3,0,0
Roko Pavlović,19,1168243200,2007/01/08,Prva HNL,2025/2026,Defender,Lokomotiva Zagreb,0,0,0,Croatia,0,0,0,0,0,0,0,0,0,0,0,0,0,0,0,0,0,0,0,0,0,0,0,0,0,0,0,0,0,0,0,-1,-1,-1,-1,N/A,N/A,N/A,N/A,N/A,N/A,N/A,N/A,N/A,N/A,N/A,N/A,N/A,N/A,N/A,N/A,N/A,N/A,N/A,N/A,N/A,N/A,N/A,N/A,N/A,N/A,N/A,N/A,N/A,N/A,N/A,N/A,N/A,N/A,N/A,N/A,N/A,N/A,N/A,N/A,N/A,N/A,N/A,N/A,N/A,N/A,N/A,N/A,N/A,N/A,N/A,N/A,N/A,N/A,N/A,N/A,N/A,N/A,N/A,N/A,N/A,N/A,N/A,N/A,N/A,N/A,N/A,N/A,N/A,N/A,N/A,N/A,N/A,N/A,N/A,N/A,N/A,N/A,N/A,N/A,N/A,N/A,N/A,N/A,N/A,N/A,N/A,N/A,N/A,N/A,N/A,N/A,N/A,N/A,N/A,N/A,N/A,N/A,N/A,N/A,N/A,N/A,N/A,N/A,N/A,N/A,N/A,N/A,N/A,N/A,N/A,N/A,N/A,N/A,N/A,N/A,N/A,N/A,N/A,N/A,N/A,N/A,N/A,N/A,N/A,N/A,N/A,N/A,N/A,N/A,N/A,N/A,N/A,N/A,N/A,N/A,N/A,N/A,N/A,N/A,N/A,N/A,N/A,N/A,N/A,N/A,N/A,N/A,N/A,N/A,N/A,N/A,N/A,N/A,N/A,N/A,N/A,N/A,N/A,N/A,N/A,N/A,N/A,N/A,N/A,N/A,N/A,N/A,N/A,N/A,N/A,N/A,N/A,N/A,N/A,N/A,N/A,N/A,N/A,N/A,N/A,N/A,N/A,N/A,N/A,N/A,N/A,N/A,N/A,N/A,N/A,N/A,N/A,N/A,N/A,N/A,N/A,N/A,N/A,N/A,N/A,N/A,N/A,N/A,N/A,N/A,N/A,N/A,N/A,N/A,N/A,N/A,N/A,N/A,N/A,N/A,N/A,N/A,N/A,N/A,N/A,N/A,N/A,N/A
Roko Perkovic,20,1115535600,2005/05/08,Prva HNL,2025/2026,Defender,HNK Vukovar 1991,0,0,0,Croatia,0,0,0,0,0,0,0,0,0,0,0,0,0,0,0,0,0,0,0,0,0,0,0,0,0,0,0,0,0,0,0,-1,-1,-1,-1,N/A,N/A,N/A,N/A,N/A,N/A,N/A,N/A,N/A,N/A,N/A,N/A,N/A,N/A,N/A,N/A,N/A,N/A,N/A,N/A,N/A,N/A,N/A,N/A,N/A,N/A,N/A,N/A,N/A,N/A,N/A,N/A,N/A,N/A,N/A,N/A,N/A,N/A,N/A,N/A,N/A,N/A,N/A,N/A,N/A,N/A,N/A,N/A,N/A,N/A,N/A,N/A,N/A,N/A,N/A,N/A,N/A,N/A,N/A,N/A,N/A,N/A,N/A,N/A,N/A,N/A,N/A,N/A,N/A,N/A,N/A,N/A,N/A,N/A,N/A,N/A,N/A,N/A,N/A,N/A,N/A,N/A,N/A,N/A,N/A,N/A,N/A,N/A,N/A,N/A,N/A,N/A,N/A,N/A,N/A,N/A,N/A,N/A,N/A,N/A,N/A,N/A,N/A,N/A,N/A,N/A,N/A,N/A,N/A,N/A,N/A,N/A,N/A,N/A,N/A,N/A,N/A,N/A,N/A,N/A,N/A,N/A,N/A,N/A,N/A,N/A,N/A,N/A,N/A,N/A,N/A,N/A,N/A,N/A,N/A,N/A,N/A,N/A,N/A,N/A,N/A,N/A,N/A,N/A,N/A,N/A,N/A,N/A,N/A,N/A,N/A,N/A,N/A,N/A,N/A,N/A,N/A,N/A,N/A,N/A,N/A,N/A,N/A,N/A,N/A,N/A,N/A,N/A,N/A,N/A,N/A,N/A,N/A,N/A,N/A,N/A,N/A,N/A,N/A,N/A,N/A,N/A,N/A,N/A,N/A,N/A,N/A,N/A,N/A,N/A,N/A,N/A,N/A,N/A,N/A,N/A,N/A,N/A,N/A,N/A,N/A,N/A,N/A,N/A,N/A,N/A,N/A,N/A,N/A,N/A,N/A,N/A,N/A,N/A,N/A,N/A,N/A,N/A,N/A,N/A,N/A,N/A,N/A,N/A
Ron Raqi,23,1032332400,2002/09/18,Prva HNL,2025/2026,Midfielder,Hajduk Split,1155,635,520,Kosovo,16,8,8,0,0,0,0,0,0,0,0,9,5,4,9,6,3,4,0,0,0,0,0,0,0,0.7,128,72,289,0,0.31,240,235,-1,24,300000,3.66,0,45,51.96,22.40,89,672,20.27,608,98,47.01,92,0.00,0.00,0.10,3,0.00,0.07,2.47,1.07,32,0.00,0.23,0.00,0.00,0.00,0.60,0.33,0.33,0.00,0.85,0.37,0.43,0.00,0.00,0.02,0.00,0.40,0.00,0.00,0,0,,11,0.37,51,0,0.00,18,11,0.85,66,1,3,13,89,0.00,99,0,18,1.39,86,2,98,0.15,17,0,0.00,99,0,0.00,0,0,0.00,0,0.23,20,13,1.01,47,10,0.77,76.92,0,0.00,0,0,0,0.00,0,10,0.00,95,0.77,9,N/A,N/A,N/A,N/A,0.00,0,0.00,0,0.50,0.00,0,90.48,0.00,18,19,0.43,1.01,13,70,90,0,0,0,0.23,0.54,7,75,109.84,1.60,3.71,48,0,0.00,0.00,99,0.00,0,0,1,0.03,0.08,0,0.00,0.00,0.00,0.00,0,0,0.00,47,41,32,45,95,1.61,52,0.05,0.12,0.50,33,0.02,0.04,35,10,0.33,0.77,1.39,0.60,66,18,0.04,31,10,77,86,0,44,43,0,0.00,99,12,0.00,0.93,8.51,3.67,110,62,56,41,4.79,2.07,56.36,7,0.54,57,0,50.00,0,0.00,99,1,0.03,0.08,33,46,45,27,0,0,0,0,0,29,45,62,53,0,87,99,38,79,4,25,90,14,N/A,N/A
Ronaël Pierre-Gabriel,27,897721200,1998/06/13,Prva HNL,2025/2026,Defender,Dinamo Zagreb,24,24,0,France,1,1,0,0,0,0,0,0,0,0,0,0,0,0,1,1,0,1,0,0,0,0,0,0,0,3.75,24,24,24,0,3.75,-1,-1,-1,23,780000,3.23,0,45,56.25,7.50,94,15,6.00,12,54,45.00,89,0.00,0.00,1.00,2,0.00,0.00,3.75,0.50,1,0.00,0.00,0.00,0.00,0.00,0.00,0.00,0.50,0.00,0.00,0.00,0.50,0.00,0.00,0.00,0.00,1.50,0.00,0.00,0,0,,0,0.00,8,0,0.00,18,0,0.00,10,0,1,0,99,0.00,99,0,0,0.00,6,0,25,0.00,12,0,0.00,99,0,0.00,0,0,0.00,0,7.50,99,1,3.75,94,0,0.00,0.00,0,0.00,0,0,0,0.00,0,1,0.00,0,3.75,96,N/A,N/A,N/A,N/A,0.00,0,0.00,0,0.00,0.00,0,80.00,0.00,18,99,0.00,0.00,0,9,9,0,0,0,0.00,0.00,0,21,6.45,0.00,0.00,0,0,0.00,0.00,99,0.00,0,0,0,0.00,0.00,0,0.00,0.00,0.00,0.00,0,0,0.00,47,0,0,45,0,0.12,99,0.06,0.45,0.00,10,0.00,0.00,1,0,0.00,0.00,0.00,0.00,4,0,0.00,10,6,0,67,0,44,99,0,0.00,99,3,0.00,11.25,18.75,2.50,5,4,99,99,15.00,2.00,80.00,0,0.00,99,0,0.00,0,0.00,99,0,0.00,0.00,25,0,24,9,0,0,0,0,0,29,45,62,53,0,97,3,15,99,1,100,99,18,N/A,N/A
Rüfət Abdullazadə,25,979718400,2001/01/17,Prva HNL,2025/2026,Midfielder,Varaždin,354,240,114,Azerbaijan,9,6,3,0,0,0,2,2,0,0,0,3,3,0,4,4,0,0,0,0.51,0.51,0,0,0,0,1.02,89,39,0,177,0,218,2,-1,21,0,3.95,0.22,99,28.39,7.47,34,112,5.73,86,39,21.80,34,0.00,0.00,0.53,8,0.00,0.40,1.01,0.27,4,0.00,0.67,0.00,0.00,0.00,0.07,0.27,0.33,0.00,1.52,0.33,0.80,0.00,0.07,0.03,0.00,0.27,0.00,0.00,0,0,,6,0.40,71,1,0.25,51,5,1.27,81,2,5,4,29,0.00,99,0,1,0.25,15,6,25,1.52,59,0,0.00,99,0,0.00,0,0,0.00,0,2.03,95,12,3.04,89,4,1.01,33.33,0,0.00,0,0,0,0.00,0,5,0.00,72,1.27,47,N/A,N/A,N/A,N/A,0.00,0,0.00,0,0.38,0.00,0,76.79,16.67,24,0,0.53,2.03,8,82,27,0,0,0,0.07,0.25,1,56,59.25,0.07,0.25,1,0,0.00,0.00,99,0.00,0,0,0,0.00,0.00,0,0.00,0.00,0.00,0.00,0,0,0.00,47,0,8,45,73,1.66,99,0.11,0.42,0.38,54,0.03,0.10,61,5,0.33,1.27,0.76,0.20,19,3,0.10,52,14,2,67,0,44,46,0,0.00,99,4,0.00,1.01,12.68,3.33,50,17,42,87,4.31,1.13,34.00,10,2.54,1,0,0.00,0,0.00,99,0,0.00,0.00,25,7,63,41,0,0,0,0,0,90,45,62,53,0,16,68,15,15,0,0,15,19,0,0
Salim Fago Lawal,23,1042617600,2003/01/15,Prva HNL,2025/2026,Midfielder,Istra 1961,1322,726,596,Nigeria,17,9,8,5,4,1,2,1,1,0,0,3,2,1,17,9,8,0,0,0.48,0.14,0.34,0.5,0.15,264,1.16,78,78,0,661,0,23,62,-1,2,200000,6.39,0.12,76,18.33,14.87,9,223,10.60,159,16,13.07,7,0.00,0.00,0.33,5,0.00,2.13,0.99,0.80,12,0.00,1.33,0.00,0.00,0.00,0.33,1.20,1.00,6.25,2.05,1.07,3.07,0.00,0.60,0.29,0.00,1.13,0.00,0.00,0,0,,25,1.67,83,9,0.74,84,16,1.32,82,6,1,16,28,0.00,99,0,5,0.41,26,32,58,2.63,73,0,0.00,99,0,0.00,0,0,0.00,0,0.41,32,46,3.78,94,18,1.48,39.13,0,0.00,0,0,0,0.00,0,15,0.00,64,1.23,43,N/A,N/A,N/A,N/A,0.00,0,0.00,0,4.30,0.00,0,71.30,36.00,64,36,0.60,0.74,9,91,35,0,0,0,0.00,0.00,0,21,95.88,1.13,1.40,17,0,0.00,0.00,99,0.00,0,0,1,0.07,0.08,0,0.00,0.00,0.33,0.27,4,0,16.00,83,50,36,55,64,1.11,30,0.07,0.09,4.30,88,0.29,0.35,76,20,1.33,1.64,0.90,0.73,29,11,0.35,88,66,46,86,0,87,62,0,0.00,99,17,0.00,1.40,14.05,11.40,171,66,75,94,5.42,4.40,38.60,20,1.64,10,0,21.88,0,0.00,99,7,0.47,0.58,74,57,24,82,0,1,0,6,0,89,90,75,96,0,85,33,15,15,0,0,15,70,N/A,N/A
Samuel Akere,22,1076918400,2004/02/16,Prva HNL,2025/2026,Forward,Osijek,893,442,451,Nigeria,15,7,8,3,2,1,0,0,0,0,0,8,4,4,12,5,7,2,0,0.3,0,0.3,0.41,0.2,298,1.21,74,60,447,0,0.2,32,141,-1,4,0,6.42,0,45,18.14,12.00,8,180,9.73,146,61,14.71,12,0.00,0.00,0.80,12,0.00,0.80,1.91,1.27,19,0.00,1.33,0.00,0.00,0.00,0.53,0.93,0.80,7.67,2.32,0.93,1.93,0.00,0.60,0.24,0.00,0.33,0.00,0.00,0,0,,23,1.53,88,9,0.91,89,14,1.41,86,3,4,11,70,0.00,99,0,8,0.81,51,12,88,1.21,55,0,0.00,99,0,0.00,0,0,0.00,0,1.21,71,29,2.92,88,14,1.41,48.28,0,0.00,0,0,0,0.00,0,12,0.00,61,1.21,40,N/A,N/A,N/A,N/A,0.00,0,0.00,0,3.61,0.00,0,81.11,39.13,71,39,0.47,0.71,7,90,56,0,0,0,0.07,0.10,1,37,96.34,0.87,1.31,13,0,0.00,0.00,99,0.00,0,0,1,0.07,0.10,0,0.00,0.00,0.10,0.07,1,0,13.04,76,30,29,59,60,0.68,18,0.05,0.07,3.61,89,0.24,0.36,96,25,1.67,2.52,0.91,0.60,32,9,0.36,88,67,44,88,0,61,22,0,0.00,99,5,0.00,0.50,12.40,8.20,123,63,91,85,6.35,4.20,51.22,20,2.02,3,0,33.33,0,0.00,99,4,0.27,0.40,66,36,57,55,0,0,0,0,0,75,86,82,93,0,16,98,60,55,2,13,54,57,0,0
Samuel Koeberle,21,1101456000,2004/11/26,Prva HNL,2025/2026,Midfielder,HNK Vukovar 1991,133,0,133,France,5,1,4,0,0,0,0,0,0,0,0,0,0,0,5,0,5,0,0,0,0,0,0,0,0,3.38,27,27,0,0,0,-1,-1,-1,28,30000,2.18,0,45,37.61,4.67,62,56,3.58,43,39,28.88,58,0.00,0.00,0.00,0,0.00,0.17,3.36,0.42,5,0.00,0.08,0.00,0.00,0.00,0.17,0.00,0.33,0.00,0.67,0.08,0.08,0.00,0.00,0.00,0.00,0.00,0.00,0.00,0,0,,1,0.08,41,0,0.00,18,1,0.67,54,3,3,2,99,0.00,99,0,2,1.34,82,2,25,1.34,57,0,0.00,99,0,0.00,0,0,0.00,0,0.00,9,1,0.67,37,0,0.00,0.00,0,0.00,0,0,0,0.00,0,4,0.00,0,2.69,95,N/A,N/A,N/A,N/A,0.00,0,0.00,0,0.05,0.00,0,76.79,0.00,18,99,0.00,0.00,0,9,9,0,0,0,0.00,0.00,0,21,26.13,0.33,2.69,4,0,0.00,0.00,99,0.00,0,0,0,0.00,0.00,0,0.00,0.00,0.00,0.00,0,0,0.00,47,0,0,45,0,0.10,18,0.01,0.07,0.05,28,0.00,0.03,29,1,0.08,0.67,1.34,0.17,62,2,0.03,27,1,67,67,0,44,1,0,0.00,99,0,0.00,0.00,10.75,1.33,16,6,35,71,4.03,0.50,37.50,1,0.67,51,0,0.00,0,0.00,99,0,0.00,0.00,25,0,45,55,0,0,0,0,0,29,45,62,53,0,23,3,15,15,0,0,15,36,N/A,N/A
Samuele Vignato,22,1077609600,2004/02/24,Prva HNL,2025/2026,Midfielder,Rijeka,821,435,386,Italy,14,6,8,1,1,0,0,0,0,0,0,3,3,0,8,4,4,1,0,0.11,0,0.11,0.21,0,821,0.88,103,59,821,0,0.11,77,162,-1,11,110000,5.66,0,45,32.38,17.35,48,295,14.00,238,58,26.12,52,0.00,0.00,1.59,27,0.00,2.53,0.88,0.47,8,0.00,0.35,0.00,0.00,0.00,0.24,0.18,0.47,17.00,1.87,0.82,0.71,0.00,0.18,0.09,0.00,0.12,0.00,0.00,0,0,,17,1.00,80,3,0.33,59,14,1.54,89,4,5,9,20,0.00,99,0,4,0.44,28,43,96,4.72,92,0,0.00,99,0,0.00,0,0,0.00,0,2.96,99,12,1.32,57,3,0.33,25.00,0,0.00,0,0,0,0.00,0,8,0.00,81,0.88,18,N/A,N/A,N/A,N/A,0.00,0,0.00,0,1.61,0.00,0,80.68,17.65,25,78,0.18,0.33,3,39,17,0,0,0,0.00,0.00,0,21,96.16,0.41,0.77,7,0,0.00,0.00,99,0.00,0,0,0,0.00,0.00,0,0.00,0.00,0.11,0.06,1,0,5.88,52,27,24,79,81,1.45,71,0.09,0.16,1.61,75,0.09,0.18,53,10,0.59,1.10,0.55,0.29,14,5,0.18,74,43,21,67,0,65,10,0,0.00,99,2,0.00,0.22,6.26,3.35,57,23,10,15,2.52,1.35,40.35,6,0.66,52,0,46.51,0,0.00,99,20,1.18,2.20,99,29,63,65,0,0,0,0,0,46,68,62,76,0,68,44,85,32,1,7,32,19,N/A,N/A
Sandro Kulenovic,26,944294400,1999/12/04,Prva HNL,2025/2026,Forward,Dinamo Zagreb,506,273,233,Croatia,16,8,8,6,4,2,0,0,0,0,0,6,3,3,6,2,4,4,0,1.07,0,1.07,1.32,0.77,84,1.07,84,32,127,0,0.71,2,178,-1,7,600000,5.78,0,45,25.84,8.06,24,145,5.94,107,24,19.07,25,0.00,0.00,0.22,4,0.00,0.11,0.89,0.28,5,0.00,0.06,0.00,0.00,0.00,0.11,0.11,0.33,3.50,3.74,0.61,0.28,0.00,0.56,0.29,0.00,0.89,0.00,0.00,0,0,,21,1.17,99,10,1.78,99,11,1.96,95,2,13,3,21,0.00,99,0,2,0.36,23,2,25,0.36,27,0,0.00,99,0,0.00,0,0,0.00,0,0.71,46,5,0.89,42,2,0.36,40.00,0,0.00,0,0,0,0.00,0,6,0.00,69,1.07,28,N/A,N/A,N/A,N/A,0.00,0,0.00,0,5.27,0.00,0,73.79,47.62,85,72,0.11,0.36,2,41,38,1,1,0,0.11,0.36,2,66,103.99,0.22,0.71,4,0,0.00,0.00,99,0.00,0,2,0,0.00,0.00,0,0.00,0.00,0.18,0.06,1,1,28.57,99,10,32,46,69,0.35,14,0.02,0.06,3.87,99,0.21,0.69,68,8,0.44,1.43,1.43,0.44,67,8,0.94,99,45,18,67,0,75,94,0,0.00,99,16,0.00,2.85,11.23,3.50,63,30,73,76,5.35,1.67,47.62,1,0.18,80,0,0.00,0,0.00,99,0,0.00,0.00,25,2,97,41,0,0,0,0,0,99,99,98,99,0,96,75,16,99,4,25,90,17,N/A,N/A
Scott McKenna,29,847785600,1996/11/12,Prva HNL,2025/2026,Defender,Dinamo Zagreb,2628,1306,1322,Scotland,30,15,15,2,2,0,3,2,1,0,0,13,5,8,23,12,11,3,0,0.17,0.1,0.07,0.14,0,1314,0.79,114,88,876,876,0.1,100,75,8,10,0,6.90,0.1,70,68.12,64.16,99,1989,57.52,1783,95,61.06,99,0.00,0.00,0.35,11,0.00,0.00,0.92,0.87,27,0.00,0.19,0.00,0.00,0.00,0.61,0.13,0.74,13.00,0.89,0.58,0.13,0.00,0.26,0.11,0.00,3.55,0.00,0.00,0,0,,26,0.84,52,8,0.27,54,18,0.62,50,2,0,30,23,0.00,99,0,19,0.65,41,0,25,0.00,12,0,0.00,99,0,0.00,0,0,0.00,0,0.38,30,4,0.14,13,4,0.14,100.00,0,0.00,0,0,0,0.00,0,23,0.00,90,0.79,10,N/A,N/A,N/A,N/A,0.00,0,0.00,0,3.28,0.00,0,89.64,30.77,52,94,0.03,0.03,1,22,99,0,0,0,0.55,0.58,17,78,214.05,4.71,5.00,146,0,0.00,0.00,99,0.00,0,0,0,0.00,0.00,0,0.00,0.00,0.03,0.03,1,0,7.69,58,95,92,89,90,6.22,85,0.20,0.21,3.28,57,0.11,0.11,17,11,0.35,0.38,0.92,0.87,34,27,0.11,56,92,86,67,0,45,99,0,0.00,99,110,0.00,3.77,7.88,7.42,230,150,67,32,5.14,4.84,65.22,6,0.21,78,0,0.00,0,0.00,99,0,0.00,0.00,25,96,14,41,0,0,0,0,0,61,58,62,69,0,16,84,87,29,3,10,44,26,0,0
Sergi Domínguez Viloria,21,1112342400,2005/04/01,Prva HNL,2025/2026,Midfielder,Dinamo Zagreb,2576,1302,1274,Spain,30,15,15,2,2,0,3,1,2,0,0,13,5,8,23,14,9,4,0,0.17,0.1,0.07,0.14,0,1288,0.8,112,86,644,859,0.14,99,77,-1,12,500000,6.88,0.1,70,73.06,67.45,99,2091,58.87,1825,89,63.76,99,0.00,0.00,0.35,11,0.00,0.13,1.78,1.65,51,0.00,0.10,0.00,0.00,0.00,1.19,0.26,0.74,12.50,0.87,0.65,0.55,0.00,0.16,0.09,0.00,2.77,0.00,0.00,0,0,,25,0.81,52,5,0.17,40,20,0.70,57,1,1,29,64,0.00,99,0,37,1.29,81,4,98,0.14,17,0,0.00,99,0,0.00,0,0,0.00,0,0.38,30,17,0.59,33,8,0.28,47.06,0,0.00,0,0,0,0.00,0,23,0.00,90,0.80,11,N/A,N/A,N/A,N/A,0.00,0,0.00,0,2.72,0.00,0,87.28,20.00,32,53,0.52,0.56,16,36,53,0,0,0,0.39,0.42,12,69,213.40,4.26,4.61,132,1,0.00,0.03,23,0.03,0,0,2,0.06,0.07,0,0.00,0.00,0.00,0.00,0,0,8.00,59,93,92,88,89,6.39,88,0.21,0.22,2.72,54,0.09,0.10,11,8,0.26,0.28,0.87,0.81,26,25,0.10,52,90,82,81,0,44,95,0,0.00,99,86,0.00,3.00,8.63,7.97,247,153,73,43,5.35,4.94,61.94,3,0.10,88,0,50.00,0,0.00,99,2,0.06,0.07,31,94,24,27,0,0,0,0,0,61,58,62,69,0,95,84,76,41,4,13,54,36,N/A,N/A
Silvio Goričan,26,951638400,2000/02/27,Prva HNL,2025/2026,Forward,Istra 1961,419,175,244,Croatia,14,8,6,0,0,0,1,0,1,0,0,1,0,1,10,3,7,0,0,0.21,0.21,0,0,0,0,2.15,42,30,0,419,0,131,32,-1,26,0,3.92,0.07,89,22.93,5.35,17,107,4.05,81,34,17.36,19,0.00,0.00,0.10,2,0.00,0.50,2.14,0.50,10,0.00,0.20,0.00,0.00,0.00,0.05,0.20,0.40,0.00,1.07,0.20,0.65,0.00,0.05,0.02,0.00,0.05,0.00,0.00,0,0,,5,0.25,59,1,0.21,46,4,0.86,67,2,11,3,77,0.00,99,0,1,0.21,13,10,55,2.14,66,0,0.00,99,0,0.00,0,0,0.00,0,0.43,34,13,2.79,87,4,0.86,30.77,0,0.00,0,0,0,0.00,0,8,0.00,2,1.71,81,N/A,N/A,N/A,N/A,0.00,0,0.00,0,0.31,0.00,0,75.70,20.00,32,17,0.25,1.07,5,74,21,0,0,0,0.00,0.00,0,21,78.43,0.20,0.86,4,0,0.00,0.00,99,0.00,0,0,0,0.00,0.00,0,0.00,0.00,0.21,0.05,1,0,0.00,47,5,24,45,4,0.82,79,0.04,0.18,0.31,43,0.02,0.07,85,9,0.45,1.93,1.93,0.45,89,9,0.07,42,14,27,67,0,78,10,0,0.00,99,1,0.00,0.21,11.79,2.75,55,24,67,82,5.14,1.20,43.64,4,0.86,39,0,20.00,0,0.00,99,2,0.10,0.43,69,2,92,41,0,0,0,0,0,68,45,62,53,0,16,5,15,15,0,0,15,7,0,0
Silvio Ilinkovic,23,1033801200,2002/10/05,Prva HNL,2025/2026,Midfielder,Varaždin,328,161,167,Bosnia and Herzegovina,12,7,5,0,0,0,0,0,0,0,0,4,2,2,3,1,2,2,0,0,0,0,0,0,0,0.82,109,27,164,0,0.55,229,184,-1,23,0,4.93,0,45,38.81,9.40,63,141,7.47,112,50,30.83,64,0.00,0.00,0.13,2,0.00,0.20,2.20,0.53,8,0.00,0.20,0.00,0.00,0.00,0.33,0.33,0.27,0.00,0.28,0.00,0.53,0.00,0.07,0.01,0.00,0.33,0.00,0.00,0,0,,1,0.07,19,1,0.28,54,0,0.00,10,1,10,2,81,0.00,99,0,5,1.38,86,3,25,0.83,48,0,0.00,99,0,0.00,0,0,0.00,0,0.55,40,8,2.20,81,5,1.38,62.50,0,0.00,0,0,0,0.00,0,4,0.00,87,1.10,30,N/A,N/A,N/A,N/A,0.00,0,0.00,0,0.13,0.00,0,79.43,100.00,99,54,0.13,0.55,2,89,84,0,0,0,0.33,1.38,5,99,74.01,0.33,1.38,5,0,0.00,0.00,99,0.00,0,0,0,0.00,0.00,0,0.00,0.00,0.28,0.07,1,0,0.00,47,0,17,45,86,0.34,30,0.02,0.09,0.13,33,0.01,0.04,67,5,0.33,1.38,0.55,0.13,14,2,0.04,31,33,46,67,0,84,61,0,0.00,99,5,0.00,1.38,10.46,2.53,38,23,91,69,6.33,1.53,60.53,3,0.83,41,0,0.00,0,0.00,99,0,0.00,0.00,25,0,86,27,0,0,0,0,0,29,45,62,53,0,16,68,17,98,2,17,67,21,0,0
Šimun Butić,20,1144393200,2006/04/07,Prva HNL,2025/2026,Forward,HNK Vukovar 1991,994,445,549,Croatia,19,8,11,2,1,1,2,1,1,0,0,3,2,1,18,8,10,2,0,0.36,0.18,0.18,0.2,0.16,497,1.63,55,52,497,497,0.18,55,47,-1,5,0,4.38,0.11,82,13.49,5.32,2,149,3.29,92,2,8.33,1,0.00,0.00,0.29,8,0.00,0.89,0.72,0.29,8,0.00,0.39,0.00,0.00,0.00,0.11,0.21,0.68,9.00,1.63,0.43,0.86,0.00,0.21,0.09,0.00,0.32,0.00,0.00,0,0,,18,0.64,74,6,0.54,73,12,1.09,75,1,8,11,15,0.00,99,0,3,0.27,17,25,63,2.26,67,0,0.00,99,0,0.00,0,0,0.00,0,0.72,47,24,2.17,81,6,0.54,25.00,0,0.00,0,0,0,0.00,0,19,0.00,19,1.72,82,N/A,N/A,N/A,N/A,0.00,0,0.00,0,2.59,0.00,0,61.74,33.33,57,64,0.18,0.45,5,54,17,0,0,0,0.14,0.36,4,66,122.66,0.32,0.81,9,1,0.00,0.09,8,0.04,0,0,0,0.00,0.00,0,0.00,0.00,0.18,0.07,2,0,11.11,71,35,44,68,19,1.70,66,0.06,0.15,2.59,80,0.09,0.23,8,2,0.07,0.18,1.09,0.43,46,12,0.23,78,23,24,67,0,75,35,0,0.00,99,9,0.00,0.81,7.24,2.86,80,24,10,25,2.17,0.86,30.00,11,1.00,31,0,24.00,0,0.00,99,6,0.21,0.54,73,36,83,27,0,0,0,0,0,81,77,78,75,0,16,27,67,50,2,11,47,27,0,0
Šimun Hrgović,22,1079769600,2004/03/20,Prva HNL,2025/2026,Defender,Hajduk Split,2046,1077,969,Croatia,26,14,12,0,0,0,2,0,2,0,0,10,4,6,25,14,11,0,0,0.09,0.09,0,0,0,0,1.1,82,79,0,1023,0,238,85,24,27,0,5.68,0.08,67,42.45,31.13,71,965,24.74,767,51,33.74,67,0.00,0.00,0.94,29,0.00,3.48,1.14,0.84,26,0.00,0.29,0.00,0.00,0.00,0.45,0.39,0.77,0.00,0.48,0.32,0.81,0.00,0.03,0.02,0.00,0.61,0.00,0.00,0,0,,11,0.35,32,1,0.04,19,10,0.44,40,2,1,25,33,0.00,99,0,14,0.62,39,108,81,4.75,93,0,0.00,99,0,0.00,0,0,0.00,0,1.28,75,25,1.10,48,12,0.53,48.00,0,0.00,0,0,0,0.00,0,24,0.00,67,1.06,28,N/A,N/A,N/A,N/A,0.00,0,0.00,0,0.62,0.00,0,79.48,9.09,19,74,0.26,0.35,8,53,55,0,0,0,0.16,0.22,5,55,175.98,1.68,2.29,52,0,0.00,0.00,99,0.00,0,0,0,0.00,0.00,0,0.00,0.00,0.22,0.16,5,0,0.00,47,78,71,45,68,3.57,71,0.12,0.16,0.62,28,0.02,0.03,13,7,0.23,0.31,0.48,0.35,11,11,0.03,27,44,62,67,0,79,38,0,0.00,99,19,0.00,0.84,5.37,3.94,122,63,14,11,2.77,2.03,51.64,9,0.40,65,0,31.48,0,0.00,99,34,1.10,1.50,95,83,24,41,0,0,0,0,0,41,45,62,53,0,16,75,15,15,0,0,15,32,0,0
Šimun Mikolčić,22,1074672000,2004/01/21,Prva HNL,2025/2026,Midfielder,Osijek,1207,578,629,Croatia,27,12,15,3,0,3,2,1,1,0,0,12,6,6,18,5,13,4,0,0.37,0.15,0.22,0,0.43,402,1.34,67,45,302,604,0.3,48,57,-1,2,50000,6.26,0.07,77,30.84,14.79,41,414,11.68,327,48,24.36,43,0.00,0.00,0.54,15,0.00,1.43,0.97,0.46,13,0.00,0.32,0.00,0.00,0.00,0.39,0.29,0.64,7.67,1.71,0.64,0.50,0.00,0.18,0.12,0.00,0.29,0.00,0.00,0,0,,23,0.82,77,5,0.37,64,18,1.34,84,4,15,12,26,0.00,99,0,11,0.82,52,40,48,2.98,76,0,0.00,99,0,0.00,0,0,0.00,0,1.12,68,14,1.04,47,8,0.60,57.14,0,0.00,0,0,0,0.00,0,18,0.00,47,1.34,57,N/A,N/A,N/A,N/A,0.00,0,0.00,0,3.24,0.00,0,78.99,21.74,33,48,0.29,0.60,8,58,76,0,0,0,0.11,0.22,3,55,175.22,0.57,1.19,16,0,0.00,0.00,99,0.00,0,0,1,0.04,0.07,0,0.00,0.00,0.07,0.04,1,0,13.04,76,46,77,65,47,2.39,79,0.09,0.18,3.24,81,0.12,0.24,83,25,0.89,1.86,0.82,0.39,24,11,0.24,79,62,40,81,0,53,24,0,0.00,99,8,0.00,0.60,7.97,3.82,107,52,31,33,3.87,1.86,48.60,9,0.67,51,0,17.50,0,0.00,99,7,0.25,0.52,71,42,99,65,0,0,0,0,0,83,81,91,53,0,31,86,42,76,4,15,62,98,N/A,N/A
Smail Prevljak,30,800089200,1995/05/10,Prva HNL,2025/2026,Forward,Istra 1961,2341,1230,1111,Bosnia and Herzegovina,30,16,14,13,4,9,3,0,3,0,0,4,2,2,36,19,17,3,0,0.62,0.12,0.5,0.29,0.73,180,1.38,65,78,780,780,0.12,11,68,-1,1,110000,6.70,0.1,72,15.75,13.29,5,412,10.03,311,33,11.89,6,0.00,0.00,0.58,18,0.00,0.39,0.31,0.26,8,0.00,1.29,0.00,0.00,0.00,0.10,0.52,1.10,4.46,2.22,1.00,1.10,0.00,0.87,0.40,0.00,1.16,0.00,0.00,0,0,,58,1.87,87,27,1.03,92,31,1.19,80,1,3,27,8,0.00,99,0,3,0.11,10,12,46,0.46,31,0,0.00,99,0,0.00,0,0,0.00,0,0.69,45,34,1.30,55,16,0.61,47.06,0,0.00,0,0,0,0.00,0,34,0.00,41,1.30,52,N/A,N/A,N/A,N/A,0.00,0,0.00,0,12.55,0.00,0,75.49,46.55,83,84,0.23,0.27,7,59,53,0,0,0,0.06,0.08,2,32,207.78,0.74,0.88,23,0,0.00,0.00,99,0.00,0,0,2,0.06,0.08,0,0.00,0.00,0.54,0.45,14,0,22.41,93,86,92,50,41,3.07,52,0.10,0.12,12.55,97,0.40,0.48,79,45,1.45,1.72,1.26,1.06,58,33,0.48,95,77,28,86,0,92,61,0,0.00,99,36,0.00,1.38,9.79,8.26,256,105,34,60,4.01,3.39,41.02,40,1.53,13,0,16.67,0,0.00,99,2,0.06,0.08,33,87,45,27,1,3,1,10,3,94,95,98,86,0,68,19,83,35,3,10,44,9,N/A,N/A
Srđan Nedić,19,1167120000,2006/12/26,Prva HNL,2025/2026,Goalkeeper,HNK Vukovar 1991,0,0,0,Croatia,0,0,0,0,0,0,0,0,0,0,0,0,0,0,0,0,0,0,0,0,0,0,0,0,0,0,0,0,0,0,0,-1,-1,-1,-1,N/A,N/A,N/A,N/A,N/A,N/A,N/A,N/A,N/A,N/A,N/A,N/A,N/A,N/A,N/A,N/A,N/A,N/A,N/A,N/A,N/A,N/A,N/A,N/A,N/A,N/A,N/A,N/A,N/A,N/A,N/A,N/A,N/A,N/A,N/A,N/A,N/A,N/A,N/A,N/A,N/A,N/A,N/A,N/A,N/A,N/A,N/A,N/A,N/A,N/A,N/A,N/A,N/A,N/A,N/A,N/A,N/A,N/A,N/A,N/A,N/A,N/A,N/A,N/A,N/A,N/A,N/A,N/A,N/A,N/A,N/A,N/A,N/A,N/A,N/A,N/A,N/A,N/A,N/A,N/A,N/A,N/A,N/A,N/A,N/A,N/A,N/A,N/A,N/A,N/A,N/A,N/A,N/A,N/A,N/A,N/A,N/A,N/A,N/A,N/A,N/A,N/A,N/A,N/A,N/A,N/A,N/A,N/A,N/A,N/A,N/A,N/A,N/A,N/A,N/A,N/A,N/A,N/A,N/A,N/A,N/A,N/A,N/A,N/A,N/A,N/A,N/A,N/A,N/A,N/A,N/A,N/A,N/A,N/A,N/A,N/A,N/A,N/A,N/A,N/A,N/A,N/A,N/A,N/A,N/A,N/A,N/A,N/A,N/A,N/A,N/A,N/A,N/A,N/A,N/A,N/A,N/A,N/A,N/A,N/A,N/A,N/A,N/A,N/A,N/A,N/A,N/A,N/A,N/A,N/A,N/A,N/A,N/A,N/A,N/A,N/A,N/A,N/A,N/A,N/A,N/A,N/A,N/A,N/A,N/A,N/A,N/A,N/A,N/A,N/A,N/A,N/A,N/A,N/A,N/A,N/A,N/A,N/A,N/A,N/A,N/A,N/A,N/A,N/A,N/A,N/A,N/A,N/A,N/A,N/A,N/A,N/A,N/A,N/A,N/A,N/A,N/A,N/A,N/A,N/A,N/A,N/A,N/A,N/A
Stanislav Shopov,24,1014451200,2002/02/23,Prva HNL,2025/2026,Midfielder,Osijek,690,374,316,Bulgaria,13,6,7,0,0,0,1,0,1,0,0,5,3,2,4,3,1,3,0,0.13,0.13,0,0,0,0,0.52,173,53,230,690,0.39,185,64,-1,33,100000,5.73,0.08,73,32.04,17.57,45,246,13.00,182,26,23.70,41,0.00,0.00,1.07,15,0.00,2.14,2.21,1.21,17,0.00,0.21,0.00,0.00,0.00,0.29,0.14,0.29,0.00,1.69,0.57,0.79,0.00,0.36,0.09,0.00,0.07,0.00,0.00,0,0,,13,0.93,76,5,0.65,81,8,1.04,74,6,4,9,82,0.00,99,0,4,0.52,34,30,46,3.91,85,0,0.00,99,0,0.00,0,0,0.00,0,1.95,95,11,1.43,61,2,0.26,18.18,0,0.00,0,0,0,0.00,0,4,0.00,99,0.52,1,N/A,N/A,N/A,N/A,0.00,0,0.00,0,1.21,0.00,0,73.98,38.46,69,14,0.64,1.17,9,34,11,0,0,0,0.00,0.00,0,21,80.27,0.50,0.91,7,0,0.00,0.00,99,0.00,0,0,2,0.14,0.26,0,0.00,0.00,0.39,0.21,3,0,0.00,47,20,21,45,99,1.47,80,0.10,0.19,1.21,70,0.09,0.16,6,1,0.07,0.13,0.91,0.50,32,7,0.16,69,45,30,99,0,89,5,0,0.00,99,1,0.00,0.13,7.03,3.86,54,21,13,21,2.74,1.50,38.89,3,0.39,66,0,16.67,0,0.00,99,5,0.36,0.65,76,29,57,82,0,0,0,0,0,52,45,62,53,0,64,75,25,90,3,23,86,10,N/A,N/A
Stefan Peric,29,855820800,1997/02/13,Prva HNL,2025/2026,Defender,Gorica,2134,1354,780,Austria,26,16,10,0,0,0,0,0,0,0,0,7,5,2,26,17,9,6,1,0,0,0,0,0,0,1.1,82,82,305,0,0.3,153,156,23,21,80000,6.70,0,45,43.86,40.00,73,1040,33.31,866,70,36.52,74,0.00,0.00,0.04,1,0.00,0.38,1.52,1.38,36,0.00,0.15,0.00,0.00,0.00,0.62,0.19,1.08,0.00,0.13,0.04,0.35,0.00,0.08,0.01,0.00,1.73,0.00,0.00,0,0,,3,0.12,11,2,0.08,23,1,0.04,10,5,2,24,52,0.00,99,0,16,0.67,42,10,29,0.42,30,0,0.00,99,0,0.00,0,0,0.00,0,0.04,10,9,0.38,24,5,0.21,55.56,0,0.00,0,0,0,0.00,0,28,0.00,67,1.18,38,N/A,N/A,N/A,N/A,0.00,0,0.00,0,0.35,0.00,0,83.27,66.67,97,63,0.42,0.46,11,29,75,0,0,0,0.54,0.59,14,80,174.26,4.85,5.31,126,1,0.00,0.04,19,0.04,0,0,0,0.00,0.00,0,0.00,0.00,0.00,0.00,0,0,0.00,47,81,71,45,68,1.98,24,0.08,0.08,0.35,14,0.01,0.01,28,15,0.58,0.63,1.14,1.04,50,27,0.01,14,77,91,67,0,44,79,0,0.00,99,45,0.00,1.90,7.09,6.46,168,101,40,22,4.26,3.88,60.12,4,0.17,82,0,10.00,0,0.00,99,1,0.04,0.04,28,81,31,73,0,0,0,0,0,29,45,62,53,0,51,56,43,76,5,19,75,45,N/A,N/A
Stipe Jurić,27,911462400,1998/11/19,Prva HNL,2025/2026,Forward,Varaždin,155,95,60,Bosnia and Herzegovina,4,3,1,0,0,0,0,0,0,0,0,1,1,0,1,1,0,0,0,0,0,0,0,0,0,0.58,155,39,0,0,0,-1,-1,-1,17,0,6.57,0,45,19.16,8.25,9,33,5.50,22,8,12.77,7,0.00,0.00,0.50,2,0.00,0.00,0.58,0.25,1,0.00,0.25,0.00,0.00,0.00,0.00,0.25,0.25,0.00,1.16,0.25,0.25,0.00,0.25,0.04,0.00,2.00,0.00,0.00,0,0,,2,0.50,61,1,0.58,77,1,0.58,47,8,3,1,12,0.00,99,0,0,0.00,6,0,25,0.00,12,0,0.00,99,0,0.00,0,0,0.00,0,1.16,70,1,0.58,33,1,0.58,100.00,0,0.00,0,0,0,0.00,0,1,0.00,99,0.58,1,N/A,N/A,N/A,N/A,0.00,0,0.00,0,0.15,0.00,0,66.67,50.00,90,99,0.00,0.00,0,57,99,0,0,0,0.00,0.00,0,21,26.27,0.50,1.16,2,0,0.00,0.00,99,0.00,0,0,0,0.00,0.00,0,0.00,0.00,2.90,1.25,5,0,0.00,47,0,0,45,99,0.14,24,0.04,0.08,0.15,51,0.04,0.09,26,1,0.25,0.58,0.58,0.25,14,1,0.09,49,71,38,67,0,99,99,0,0.00,99,8,0.00,4.65,10.45,4.50,18,10,83,69,5.81,2.50,55.56,1,0.58,56,0,0.00,0,0.00,99,0,0.00,0.00,25,0,45,93,0,0,0,0,0,29,45,62,53,0,16,52,15,15,0,0,15,9,0,0
Stjepan Lončar,29,847612800,1996/11/10,Prva HNL,2025/2026,Midfielder,Istra 1961,2514,1354,1160,Bosnia and Herzegovina,30,17,13,3,2,1,6,2,4,0,0,3,2,1,39,19,20,6,0,0.32,0.21,0.11,0.13,0.08,838,1.4,64,84,419,419,0.21,79,33,-1,5,150000,6.64,0.2,89,33.37,30.06,52,932,23.97,743,52,26.60,54,0.00,0.00,1.48,46,0.00,2.32,0.86,0.77,24,0.00,0.81,0.00,0.00,0.00,0.26,0.97,1.16,10.67,1.15,0.74,2.00,0.00,0.29,0.13,0.00,0.55,0.00,0.00,0,0,,32,1.03,61,9,0.32,59,23,0.82,64,2,1,29,18,0.00,99,0,8,0.29,18,72,90,2.58,73,0,0.00,99,0,0.00,0,0,0.00,0,1.65,89,62,2.22,81,30,1.07,48.39,0,0.00,0,0,0,0.00,0,36,0.00,37,1.29,51,N/A,N/A,N/A,N/A,0.00,0,0.00,0,3.94,0.00,0,79.72,28.12,45,61,0.42,0.47,13,84,56,0,0,0,0.23,0.25,7,56,205.79,0.58,0.64,18,0,0.00,0.00,99,0.00,0,0,2,0.06,0.07,0,0.00,0.00,0.14,0.13,4,0,9.38,68,92,92,79,37,6.76,90,0.22,0.24,3.94,66,0.13,0.14,32,20,0.65,0.72,1.22,1.10,53,34,0.14,65,75,13,81,0,70,25,0,0.00,99,17,0.00,0.61,7.80,7.03,218,89,16,31,3.19,2.87,40.83,25,0.89,37,0,34.72,0,0.00,99,25,0.81,0.89,84,94,24,41,0,0,0,0,0,76,68,66,67,0,81,10,57,59,6,20,77,10,N/A,N/A
Stjepan Radeljić,28,873442800,1997/09/05,Prva HNL,2025/2026,Defender,Rijeka,1887,848,1039,Bosnia and Herzegovina,24,11,13,1,1,0,1,0,1,0,0,11,7,4,13,4,9,8,0,0.1,0.05,0.05,0.11,0,1887,0.62,145,79,236,1887,0.38,115,116,1,10,150000,6.23,0.04,51,58.57,45.48,95,1228,38.93,1051,83,50.13,94,0.00,0.00,0.37,10,0.00,0.37,1.48,1.15,31,0.00,0.19,0.00,0.00,0.00,1.19,0.22,0.48,22.00,1.05,0.67,0.41,0.00,0.15,0.07,0.00,1.67,0.00,0.00,0,0,,22,0.81,58,4,0.19,43,18,0.86,67,5,3,21,48,0.00,99,0,32,1.53,92,10,25,0.48,33,0,0.00,99,0,0.00,0,0,0.00,0,0.48,37,11,0.52,31,6,0.29,54.55,0,0.00,0,0,0,0.00,0,13,0.00,99,0.62,2,N/A,N/A,N/A,N/A,0.00,0,0.00,0,1.93,0.00,0,85.59,18.18,27,70,0.30,0.38,8,38,73,0,0,0,0.44,0.57,12,76,168.27,3.89,5.01,105,0,0.00,0.00,99,0.00,0,0,0,0.00,0.00,0,0.00,0.00,0.00,0.00,0,0,4.55,50,72,64,95,99,3.38,71,0.13,0.16,1.93,51,0.07,0.09,32,15,0.56,0.72,1.24,0.96,56,26,0.09,49,60,86,67,0,44,85,0,0.00,99,45,0.00,2.15,7.63,5.93,160,95,48,29,4.53,3.52,59.38,5,0.24,75,0,0.00,0,0.00,99,0,0.00,0.00,25,73,45,73,0,0,0,0,0,44,52,62,63,0,81,92,26,90,8,33,97,6,N/A,N/A
Styopa Mkrtchyan,23,1045468800,2003/02/17,Prva HNL,2025/2026,Defender,Osijek,1167,604,563,Armenia,17,9,8,0,0,0,1,0,1,0,0,5,3,2,18,9,9,3,0,0.08,0.08,0,0,0,0,1.39,65,69,389,1167,0.23,186,88,50,23,80000,6.05,0.06,63,50.75,36.56,87,658,30.61,551,73,42.49,87,0.00,0.00,0.17,3,0.00,0.00,1.31,0.94,17,0.00,0.11,0.00,0.00,0.00,0.44,0.17,0.94,0.00,0.23,0.17,0.17,0.00,0.00,0.01,0.00,2.00,0.00,0.00,0,0,,3,0.17,16,0,0.00,18,3,0.23,24,2,4,13,43,0.00,99,0,8,0.62,39,0,25,0.00,12,0,0.00,99,0,0.00,0,0,0.00,0,0.23,20,3,0.23,18,3,0.23,100.00,0,0.00,0,0,0,0.00,0,17,0.00,39,1.31,54,N/A,N/A,N/A,N/A,0.00,0,0.00,0,0.16,0.00,0,83.74,0.00,18,69,0.28,0.39,5,32,99,0,0,0,0.89,1.23,16,98,108.97,3.33,4.63,60,0,0.00,0.00,99,0.00,0,0,1,0.06,0.08,0,0.00,0.00,0.15,0.11,2,0,0.00,47,43,36,45,41,1.90,66,0.11,0.15,0.16,14,0.01,0.01,59,16,0.89,1.23,1.23,0.89,54,16,0.01,14,53,83,86,0,70,94,0,0.00,99,36,0.00,2.78,9.72,7.00,126,71,76,59,5.48,3.94,56.35,2,0.15,83,0,0.00,0,0.00,99,0,0.00,0.00,25,46,57,41,0,0,0,0,0,38,45,62,53,0,51,60,52,63,3,18,70,5,N/A,N/A
Sule Wisdom Aondowase,22,1071993600,2003/12/21,Prva HNL,2025/2026,Forward,Gorica,454,165,289,Nigeria,11,5,6,0,0,0,1,0,1,0,0,4,2,2,6,2,4,2,0,0.2,0.2,0,0,0,0,1.19,76,41,227,454,0.4,138,35,-1,22,70000,5.17,0.09,86,13.28,4.79,1,67,3.07,43,3,8.52,2,0.00,0.00,0.21,3,0.00,0.07,0.59,0.21,3,0.00,0.43,0.00,0.00,0.00,0.00,0.07,0.50,0.00,2.38,0.86,0.50,0.00,0.00,0.04,0.00,0.79,0.00,0.00,0,0,,12,0.86,90,0,0.00,18,12,2.38,99,2,5,6,13,0.00,99,0,0,0.00,6,1,25,0.20,20,0,0.00,99,0,0.00,0,0,0.00,0,0.59,42,7,1.39,59,1,0.20,14.29,0,0.00,0,0,0,0.00,0,7,0.00,63,1.39,62,N/A,N/A,N/A,N/A,0.00,0,0.00,0,0.62,0.00,0,64.18,0.00,18,32,0.29,0.79,4,29,10,0,0,0,0.21,0.59,3,80,72.44,0.21,0.59,3,0,0.00,0.00,99,0.00,0,0,2,0.14,0.40,0,0.00,0.00,1.39,0.50,7,0,0.00,47,7,14,45,63,0.75,66,0.05,0.15,0.62,62,0.04,0.12,99,16,1.14,3.17,1.78,0.64,82,9,0.12,60,36,11,99,0,99,86,0,0.00,99,11,0.00,2.18,14.67,5.29,74,30,85,96,5.95,2.14,40.54,6,1.19,19,0,0.00,0,0.00,99,0,0.00,0.00,25,16,63,41,0,0,0,0,0,67,45,62,53,0,43,70,24,92,2,18,70,11,N/A,N/A
Sven Lesjak,19,1156316400,2006/08/23,Prva HNL,2025/2026,Midfielder,Varaždin,459,239,220,Croatia,8,4,4,2,0,2,0,0,0,0,0,2,2,0,10,5,5,1,0,0.39,0,0.39,0,0.82,230,1.96,46,57,459,0,0.2,15,212,-1,7,12000,2.51,0,45,37.06,8.59,61,189,7.05,155,64,30.39,63,0.00,0.00,0.00,0,0.00,0.00,2.16,0.50,11,0.00,0.00,0.00,0.00,0.00,0.27,0.00,0.50,2.00,0.39,0.05,0.00,0.00,0.05,0.03,0.00,0.32,0.00,0.00,0,0,,2,0.09,25,1,0.20,43,1,0.20,21,1,4,4,78,0.00,99,0,6,1.18,77,0,25,0.00,12,0,0.00,99,0,0.00,0,0,0.00,0,0.00,9,0,0.00,7,0,0.00,0.00,0,0.00,0,0,0,0.00,0,11,0.00,6,2.16,91,N/A,N/A,N/A,N/A,0.00,0,0.00,0,0.73,0.00,0,82.01,50.00,90,49,0.14,0.59,3,9,9,0,0,0,0.45,1.96,10,99,55.27,1.73,7.45,38,0,0.00,0.00,99,0.00,0,0,0,0.00,0.00,0,0.00,0.00,0.00,0.00,0,0,50.00,99,7,6,51,7,0.29,14,0.01,0.06,0.73,66,0.03,0.14,10,1,0.05,0.20,0.39,0.09,9,2,0.14,65,3,99,67,0,44,60,0,0.00,99,7,0.00,1.37,5.88,1.36,30,19,24,13,3.73,0.86,63.33,0,0.00,99,0,0.00,0,0.00,99,0,0.00,0.00,25,7,57,27,0,0,0,0,0,85,94,99,53,0,17,52,63,55,1,12,51,2,N/A,N/A
Sven Šunta,18,1178521200,2007/05/07,Prva HNL,2025/2026,Midfielder,Dinamo Zagreb,22,19,3,Slovenia,4,3,1,0,0,0,1,0,1,0,0,2,1,1,1,1,0,0,0,4.09,4.09,0,0,0,0,4.09,22,6,0,22,0,-1,-1,-1,30,0,1.65,0.25,99,90.00,1.92,99,23,1.42,17,24,66.52,99,0.00,0.00,0.08,1,0.00,0.00,11.74,0.25,3,0.00,0.08,0.00,0.00,0.00,0.08,0.00,0.08,0.00,3.91,0.08,0.00,0.00,0.00,0.01,0.00,0.08,0.00,0.00,0,0,,1,0.08,99,0,0.00,18,1,3.91,99,0,4,0,99,0.00,99,0,1,3.91,99,0,25,0.00,12,0,0.00,99,0,0.00,0,0,0.00,0,3.91,99,0,0.00,7,0,0.00,0.00,0,0.00,0,0,0,0.00,0,1,0.00,0,3.91,96,N/A,N/A,N/A,N/A,0.00,0,0.00,0,0.06,0.00,0,73.91,0.00,18,0,0.08,3.91,1,9,9,0,0,0,0.00,0.00,0,21,19.85,0.00,0.00,0,0,0.00,0.00,99,0.00,0,0,0,0.00,0.00,0,0.00,0.00,0.00,0.00,0,0,0.00,47,0,0,45,0,0.71,99,0.06,2.78,0.06,80,0.01,0.23,1,0,0.00,0.00,0.00,0.00,4,0,0.23,78,0,0,67,0,44,99,0,0.00,99,1,0.00,3.91,27.39,0.58,7,4,99,99,15.65,0.33,57.14,1,3.91,0,0,0.00,0,0.00,99,0,0.00,0.00,25,0,57,9,0,0,0,0,0,99,45,62,53,0,16,98,15,15,0,0,15,41,0,0
Teo Barišić,22,1082790000,2004/04/24,Prva HNL,2025/2026,Midfielder,Rijeka,329,237,92,Croatia,6,4,2,0,0,0,0,0,0,0,0,1,1,0,3,2,1,0,0,0,0,0,0,0,0,0.82,110,55,0,0,0,165,161,-1,17,72000,4.35,0,45,62.10,28.38,97,227,25.12,201,93,54.98,97,0.00,0.00,0.25,2,0.00,0.12,1.09,0.50,4,0.00,0.12,0.00,0.00,0.00,0.38,0.88,0.50,0.00,0.27,0.12,1.25,0.00,0.00,0.01,0.00,0.75,0.00,0.00,0,0,,1,0.12,18,0,0.00,18,1,0.27,27,5,2,4,31,0.00,99,0,3,0.82,52,1,25,0.27,24,0,0.00,99,0,0.00,0,0,0.00,0,0.55,40,10,2.74,86,7,1.91,70.00,0,0.00,0,0,0,0.00,0,4,0.00,87,1.09,29,N/A,N/A,N/A,N/A,0.00,0,0.00,0,0.05,0.00,0,88.55,0.00,18,99,0.00,0.00,0,96,88,0,0,0,0.38,0.82,3,94,34.81,1.50,3.28,12,0,0.00,0.00,99,0.00,0,0,0,0.00,0.00,0,0.00,0.00,0.00,0.00,0,0,0.00,47,0,1,45,87,0.46,56,0.06,0.13,0.05,14,0.01,0.01,98,10,1.25,2.74,0.55,0.25,14,2,0.01,14,21,73,67,0,44,73,0,0.00,99,6,0.00,1.64,10.12,4.62,37,27,97,65,7.39,3.38,72.97,1,0.27,74,0,0.00,0,0.00,99,0,0.00,0.00,25,7,31,73,0,0,0,0,0,29,45,62,53,0,44,29,15,15,0,0,15,28,N/A,N/A
Teo Kolar,19,1169625600,2007/01/24,Prva HNL,2025/2026,Midfielder,Slaven Koprivnica,0,0,0,Croatia,0,0,0,0,0,0,0,0,0,0,0,0,0,0,0,0,0,0,0,0,0,0,0,0,0,0,0,0,0,0,0,-1,-1,-1,-1,N/A,N/A,N/A,N/A,N/A,N/A,N/A,N/A,N/A,N/A,N/A,N/A,N/A,N/A,N/A,N/A,N/A,N/A,N/A,N/A,N/A,N/A,N/A,N/A,N/A,N/A,N/A,N/A,N/A,N/A,N/A,N/A,N/A,N/A,N/A,N/A,N/A,N/A,N/A,N/A,N/A,N/A,N/A,N/A,N/A,N/A,N/A,N/A,N/A,N/A,N/A,N/A,N/A,N/A,N/A,N/A,N/A,N/A,N/A,N/A,N/A,N/A,N/A,N/A,N/A,N/A,N/A,N/A,N/A,N/A,N/A,N/A,N/A,N/A,N/A,N/A,N/A,N/A,N/A,N/A,N/A,N/A,N/A,N/A,N/A,N/A,N/A,N/A,N/A,N/A,N/A,N/A,N/A,N/A,N/A,N/A,N/A,N/A,N/A,N/A,N/A,N/A,N/A,N/A,N/A,N/A,N/A,N/A,N/A,N/A,N/A,N/A,N/A,N/A,N/A,N/A,N/A,N/A,N/A,N/A,N/A,N/A,N/A,N/A,N/A,N/A,N/A,N/A,N/A,N/A,N/A,N/A,N/A,N/A,N/A,N/A,N/A,N/A,N/A,N/A,N/A,N/A,N/A,N/A,N/A,N/A,N/A,N/A,N/A,N/A,N/A,N/A,N/A,N/A,N/A,N/A,N/A,N/A,N/A,N/A,N/A,N/A,N/A,N/A,N/A,N/A,N/A,N/A,N/A,N/A,N/A,N/A,N/A,N/A,N/A,N/A,N/A,N/A,N/A,N/A,N/A,N/A,N/A,N/A,N/A,N/A,N/A,N/A,N/A,N/A,N/A,N/A,N/A,N/A,N/A,N/A,N/A,N/A,N/A,N/A,N/A,N/A,N/A,N/A,N/A,N/A,N/A,N/A,N/A,N/A,N/A,N/A,N/A,N/A,N/A,N/A,N/A,N/A,N/A,N/A,N/A,N/A,N/A,N/A
Teo Novak,18,1187074800,2007/08/14,Prva HNL,2025/2026,Midfielder,Varaždin,0,0,0,Croatia,0,0,0,0,0,0,0,0,0,0,0,0,0,0,0,0,0,0,0,0,0,0,0,0,0,0,0,0,0,0,0,-1,-1,-1,-1,N/A,N/A,N/A,N/A,N/A,N/A,N/A,N/A,N/A,N/A,N/A,N/A,N/A,N/A,N/A,N/A,N/A,N/A,N/A,N/A,N/A,N/A,N/A,N/A,N/A,N/A,N/A,N/A,N/A,N/A,N/A,N/A,N/A,N/A,N/A,N/A,N/A,N/A,N/A,N/A,N/A,N/A,N/A,N/A,N/A,N/A,N/A,N/A,N/A,N/A,N/A,N/A,N/A,N/A,N/A,N/A,N/A,N/A,N/A,N/A,N/A,N/A,N/A,N/A,N/A,N/A,N/A,N/A,N/A,N/A,N/A,N/A,N/A,N/A,N/A,N/A,N/A,N/A,N/A,N/A,N/A,N/A,N/A,N/A,N/A,N/A,N/A,N/A,N/A,N/A,N/A,N/A,N/A,N/A,N/A,N/A,N/A,N/A,N/A,N/A,N/A,N/A,N/A,N/A,N/A,N/A,N/A,N/A,N/A,N/A,N/A,N/A,N/A,N/A,N/A,N/A,N/A,N/A,N/A,N/A,N/A,N/A,N/A,N/A,N/A,N/A,N/A,N/A,N/A,N/A,N/A,N/A,N/A,N/A,N/A,N/A,N/A,N/A,N/A,N/A,N/A,N/A,N/A,N/A,N/A,N/A,N/A,N/A,N/A,N/A,N/A,N/A,N/A,N/A,N/A,N/A,N/A,N/A,N/A,N/A,N/A,N/A,N/A,N/A,N/A,N/A,N/A,N/A,N/A,N/A,N/A,N/A,N/A,N/A,N/A,N/A,N/A,N/A,N/A,N/A,N/A,N/A,N/A,N/A,N/A,N/A,N/A,N/A,N/A,N/A,N/A,N/A,N/A,N/A,N/A,N/A,N/A,N/A,N/A,N/A,N/A,N/A,N/A,N/A,N/A,N/A,N/A,N/A,N/A,N/A,N/A,N/A,N/A,N/A,N/A,N/A,N/A,N/A,N/A,N/A,N/A,N/A,N/A,N/A
Teodor Kralevski,19,1169712000,2007/01/25,Prva HNL,2025/2026,Defender,Lokomotiva Zagreb,8,7,1,Croatia,5,3,2,0,0,0,0,0,0,0,0,3,1,2,0,0,0,0,0,0,0,0,0,0,0,0,0,2,0,0,0,-1,-1,-1,24,6800,0.64,0,45,8.18,0.10,0,1,0.40,4,99,32.73,66,0.00,0.00,0.00,0,0.00,0.00,8.18,0.10,1,0.00,0.00,0.00,0.00,0.00,0.00,0.00,0.00,0.00,0.00,0.00,0.00,0.00,0.00,0.00,0.00,0.00,0.00,0.00,0,0,,0,0.00,8,0,0.00,18,0,0.00,10,0,5,0,99,0.00,99,0,0,0.00,6,0,25,0.00,12,0,0.00,99,0,0.00,0,0,0.00,0,0.00,9,0,0.00,7,0,0.00,0.00,0,0.00,0,0,0,0.00,0,0,0.00,99,0.00,0,N/A,N/A,N/A,N/A,0.00,0,0.00,0,0.00,0.00,0,400.00,0.00,18,99,0.00,0.00,0,9,9,0,0,0,0.00,0.00,0,21,6.41,0.20,16.36,2,0,0.00,0.00,99,0.00,0,0,0,0.00,0.00,0,0.00,0.00,0.00,0.00,0,0,0.00,47,0,0,45,0,0.01,24,0.00,0.08,0.00,10,0.00,0.00,1,0,0.00,0.00,0.00,0.00,4,0,0.00,10,0,99,67,0,44,1,0,0.00,99,0,0.00,0.00,8.18,0.10,1,1,98,37,8.18,0.10,100.00,0,0.00,99,0,0.00,0,0.00,99,0,0.00,0.00,25,0,63,9,0,0,0,0,0,29,45,62,53,0,16,99,15,15,0,0,15,2,N/A,N/A
Theo Epailly,27,918633600,1999/02/10,Prva HNL,2025/2026,Forward,Gorica,321,151,170,France,11,5,6,0,0,0,1,1,0,0,0,3,2,1,3,2,1,0,0,0.28,0.28,0,0,0,0,0.84,107,29,0,321,0,140,12,-1,23,110000,4.68,0.09,95,17.94,4.57,7,64,3.79,53,68,14.86,12,0.00,0.00,0.21,3,0.00,0.50,0.28,0.07,1,0.00,0.43,0.00,0.00,0.00,0.07,0.64,0.29,0.00,2.24,0.57,1.36,0.00,0.00,0.03,0.00,0.29,0.00,0.00,0,0,,8,0.57,87,0,0.00,18,8,2.24,98,9,9,2,8,0.00,99,0,1,0.28,18,7,25,1.96,62,0,0.00,99,0,0.00,0,0,0.00,0,0.84,55,19,5.33,99,9,2.52,47.37,0,0.00,0,0,0,0.00,0,4,0.00,85,1.12,32,N/A,N/A,N/A,N/A,0.00,0,0.00,0,0.40,0.00,0,82.81,0.00,18,27,0.21,0.84,3,99,54,0,0,0,0.14,0.56,2,76,65.58,0.43,1.68,6,0,0.00,0.00,99,0.00,0,0,1,0.07,0.28,0,0.00,0.00,0.00,0.00,0,0,0.00,47,0,14,45,85,0.83,89,0.06,0.23,0.40,57,0.03,0.11,99,13,0.93,3.64,2.52,0.64,99,9,0.11,56,25,53,99,0,44,51,0,0.00,99,4,0.00,1.12,15.42,3.93,55,27,97,98,7.57,1.93,49.09,6,1.68,9,0,0.00,0,0.00,99,0,0.00,0.00,25,0,85,98,0,0,0,0,0,74,45,62,53,0,68,56,15,15,0,0,15,64,N/A,N/A
Tiago Filipe Oliveira Dantas,25,977644800,2000/12/24,Prva HNL,2025/2026,Midfielder,Rijeka,2327,1294,1033,Portugal,29,15,14,7,3,4,6,5,1,0,0,11,7,4,22,11,11,4,0,0.5,0.23,0.27,0.21,0.35,332,0.85,106,80,582,388,0.15,39,24,-1,2,280000,7.04,0.21,92,44.25,38.13,76,1144,33.23,997,89,38.56,80,0.00,0.00,2.30,69,0.00,3.70,0.58,0.50,15,0.00,0.27,0.00,0.00,0.00,0.50,0.07,0.70,5.00,1.35,0.67,0.33,0.00,0.50,0.23,0.00,0.40,0.00,0.00,0,0,,35,1.17,67,15,0.58,77,20,0.77,61,1,2,27,12,0.00,99,0,15,0.58,37,111,93,4.29,88,0,0.00,99,0,0.00,0,0,0.00,0,2.67,98,10,0.39,25,2,0.08,20.00,0,0.00,0,0,0,0.00,0,21,0.00,84,0.81,11,N/A,N/A,N/A,N/A,0.00,0,0.00,0,7.01,0.00,0,87.15,42.86,79,63,0.40,0.46,12,14,12,3,0,0,0.03,0.04,1,24,211.14,1.07,1.24,32,0,0.00,0.00,99,0.00,0,3,1,0.03,0.04,0,0.00,0.00,0.08,0.07,2,0,20.00,92,86,87,62,84,8.15,98,0.27,0.32,4.91,76,0.16,0.19,33,19,0.63,0.73,0.54,0.47,13,14,0.27,82,96,42,72,0,57,20,0,0.00,99,12,0.00,0.46,3.87,3.33,100,47,7,7,1.82,1.57,47.00,8,0.31,72,0,39.64,0,0.00,99,44,1.47,1.70,95,87,31,27,0,0,0,0,0,90,84,90,76,0,86,75,72,43,4,14,60,26,N/A,N/A
Tin Došen,20,1145343600,2006/04/18,Prva HNL,2025/2026,Goalkeeper,Gorica,0,0,0,Croatia,0,0,0,0,0,0,0,0,0,0,0,0,0,0,0,0,0,0,0,0,0,0,0,0,0,0,0,0,0,0,0,-1,-1,-1,-1,N/A,N/A,N/A,N/A,N/A,N/A,N/A,N/A,N/A,N/A,N/A,N/A,N/A,N/A,N/A,N/A,N/A,N/A,N/A,N/A,N/A,N/A,N/A,N/A,N/A,N/A,N/A,N/A,N/A,N/A,N/A,N/A,N/A,N/A,N/A,N/A,N/A,N/A,N/A,N/A,N/A,N/A,N/A,N/A,N/A,N/A,N/A,N/A,N/A,N/A,N/A,N/A,N/A,N/A,N/A,N/A,N/A,N/A,N/A,N/A,N/A,N/A,N/A,N/A,N/A,N/A,N/A,N/A,N/A,N/A,N/A,N/A,N/A,N/A,N/A,N/A,N/A,N/A,N/A,N/A,N/A,N/A,N/A,N/A,N/A,N/A,N/A,N/A,N/A,N/A,N/A,N/A,N/A,N/A,N/A,N/A,N/A,N/A,N/A,N/A,N/A,N/A,N/A,N/A,N/A,N/A,N/A,N/A,N/A,N/A,N/A,N/A,N/A,N/A,N/A,N/A,N/A,N/A,N/A,N/A,N/A,N/A,N/A,N/A,N/A,N/A,N/A,N/A,N/A,N/A,N/A,N/A,N/A,N/A,N/A,N/A,N/A,N/A,N/A,N/A,N/A,N/A,N/A,N/A,N/A,N/A,N/A,N/A,N/A,N/A,N/A,N/A,N/A,N/A,N/A,N/A,N/A,N/A,N/A,N/A,N/A,N/A,N/A,N/A,N/A,N/A,N/A,N/A,N/A,N/A,N/A,N/A,N/A,N/A,N/A,N/A,N/A,N/A,N/A,N/A,N/A,N/A,N/A,N/A,N/A,N/A,N/A,N/A,N/A,N/A,N/A,N/A,N/A,N/A,N/A,N/A,N/A,N/A,N/A,N/A,N/A,N/A,N/A,N/A,N/A,N/A,N/A,N/A,N/A,N/A,N/A,N/A,N/A,N/A,N/A,N/A,N/A,N/A,N/A,N/A,N/A,N/A,N/A,N/A
Tino Jukić,24,1002697200,2001/10/10,Prva HNL,2025/2026,Midfielder,Lokomotiva Zagreb,2069,1031,1038,Germany,27,14,13,0,0,0,0,0,0,0,0,5,4,1,33,15,18,6,2,0,0,0,0,0,0,1.44,63,77,259,0,0.35,193,194,-1,34,22000,5.82,0,45,55.77,42.73,93,1282,36.60,1098,83,47.76,93,0.00,0.00,0.23,7,0.00,0.37,1.87,1.43,43,0.00,0.17,0.00,0.00,0.00,1.03,0.30,1.03,0.00,0.48,0.30,0.40,0.00,0.07,0.02,0.00,1.57,0.00,0.00,0,0,,11,0.37,32,2,0.09,24,9,0.39,37,5,3,24,67,0.00,99,0,31,1.35,83,11,52,0.48,33,0,0.00,99,0,0.00,0,0,0.00,0,0.30,25,12,0.52,31,9,0.39,75.00,0,0.00,0,0,0,0.00,0,31,0.00,31,1.35,58,N/A,N/A,N/A,N/A,0.00,0,0.00,0,0.72,0.00,0,85.65,18.18,27,69,0.30,0.39,9,43,90,0,0,0,0.37,0.48,11,72,174.52,4.27,5.57,128,0,0.00,0.00,99,0.00,0,0,0,0.00,0.00,0,0.00,0.00,0.00,0.00,0,0,0.00,47,79,77,45,33,2.33,38,0.08,0.10,0.72,28,0.02,0.03,25,13,0.43,0.57,1.13,0.87,49,26,0.03,27,46,94,67,0,44,83,0,0.00,99,47,0.00,2.04,8.05,6.17,185,112,58,34,4.87,3.73,60.54,5,0.22,76,0,18.18,0,0.00,99,2,0.07,0.09,35,81,45,73,0,0,0,0,0,29,45,62,53,0,20,38,30,86,4,15,62,5,N/A,N/A
Tomislav Božić,38,562752000,1987/11/01,Prva HNL,2025/2026,Defender,Slaven Koprivnica,2320,1194,1126,Croatia,27,14,13,2,1,1,0,0,0,0,0,5,4,1,35,16,19,2,0,0.08,0,0.08,0.08,0.08,1160,1.36,66,86,1160,0,0.08,93,205,42,7,55000,6.86,0,45,44.50,42.48,76,1147,34.44,930,60,36.08,72,0.00,0.00,0.30,8,0.00,0.67,1.86,1.78,48,0.00,0.19,0.00,0.00,0.00,0.89,0.15,1.26,12.00,0.47,0.33,0.37,0.00,0.11,0.06,0.00,1.93,0.00,0.00,0,0,,12,0.44,29,3,0.12,29,9,0.35,32,1,0,27,66,0.00,99,0,24,0.93,59,18,31,0.70,43,0,0.00,99,0,0.00,0,0,0.00,0,0.31,26,10,0.39,25,4,0.16,40.00,0,0.00,0,0,0,0.00,0,34,0.00,44,1.32,55,N/A,N/A,N/A,N/A,0.00,0,0.00,0,1.49,0.00,0,81.08,25.00,42,61,0.44,0.47,12,25,38,0,0,0,0.81,0.85,22,95,185.23,4.85,5.08,131,1,0.00,0.04,19,0.04,0,0,1,0.04,0.04,0,0.00,0.00,0.00,0.00,0,0,8.33,61,85,77,87,44,2.02,24,0.07,0.08,1.49,40,0.06,0.06,26,15,0.56,0.58,1.28,1.22,60,33,0.06,39,86,87,72,0,44,81,0,0.00,99,52,0.00,2.02,8.07,7.70,208,118,50,35,4.58,4.37,56.73,5,0.19,79,0,11.11,0,0.00,99,2,0.07,0.08,33,87,14,27,0,0,0,0,0,38,60,66,58,0,33,38,93,23,2,7,32,6,N/A,N/A
Tomislav Duvnjak,23,1044432000,2003/02/05,Prva HNL,2025/2026,Midfielder,Varaždin,2374,1106,1268,Croatia,31,15,16,1,0,1,1,1,0,0,0,7,4,3,37,18,19,6,0,0.08,0.04,0.04,0,0.07,2374,1.4,64,77,396,2374,0.23,120,123,-1,10,45000,6.82,0.03,48,41.70,35.48,71,1100,29.19,905,66,34.31,68,0.00,0.00,0.77,24,0.00,0.65,2.20,1.87,58,0.00,0.71,0.00,0.00,0.00,1.00,0.81,1.13,23.00,0.87,0.52,1.32,0.00,0.23,0.08,0.00,0.48,0.00,0.00,0,0,,23,0.74,52,7,0.27,54,16,0.61,49,9,4,27,81,0.00,99,0,31,1.18,77,20,40,0.76,45,0,0.00,99,0,0.00,0,0,0.00,0,0.91,60,41,1.55,64,25,0.95,60.98,0,0.00,0,0,0,0.00,0,35,0.00,37,1.33,56,N/A,N/A,N/A,N/A,0.00,0,0.00,0,2.50,0.00,0,82.27,30.43,51,11,1.03,1.21,32,79,82,0,0,0,0.26,0.30,8,61,211.30,1.26,1.48,39,0,0.00,0.00,99,0.00,0,0,0,0.00,0.00,0,0.00,0.00,0.00,0.00,0,0,4.35,49,88,95,98,37,3.36,56,0.11,0.13,2.50,51,0.08,0.09,66,36,1.16,1.36,1.48,1.26,72,39,0.09,49,84,48,67,0,44,23,0,0.00,99,15,0.00,0.57,9.55,8.13,252,129,59,56,4.89,4.16,51.19,22,0.83,41,0,15.00,0,0.00,99,3,0.10,0.11,41,87,57,98,0,0,0,0,0,38,49,64,53,0,29,48,53,63,6,19,75,8,N/A,N/A
Toni Fruk,25,984124800,2001/03/09,Prva HNL,2025/2026,Midfielder,Rijeka,1929,1031,898,Croatia,28,13,15,11,6,5,3,2,1,0,0,10,6,4,22,9,13,2,0,0.65,0.14,0.51,0.52,0.5,175,1.03,88,69,965,643,0.09,9,63,-1,1,320000,6.94,0.11,76,30.37,22.45,39,651,17.62,511,47,23.84,41,0.00,0.00,1.28,37,0.00,1.69,1.21,0.90,26,0.00,1.31,0.00,0.00,0.00,0.24,1.21,0.69,5.73,2.94,1.41,2.45,0.00,0.76,0.39,0.00,0.41,0.00,0.00,0,0,,63,2.17,95,22,1.03,92,41,1.91,95,6,3,25,38,0.00,99,0,7,0.33,20,49,42,2.29,68,0,0.00,99,0,0.00,0,0,0.00,0,1.73,90,71,3.31,91,35,1.63,49.30,0,0.00,0,0,0,0.00,0,20,0.00,72,0.93,20,N/A,N/A,N/A,N/A,0.00,0,0.00,0,11.29,0.00,0,78.49,34.92,60,71,0.28,0.37,8,94,57,4,1,0,0.03,0.05,1,26,201.36,0.24,0.33,7,0,0.00,0.00,99,0.00,0,5,5,0.17,0.23,0,0.00,0.00,0.14,0.10,3,0,17.46,87,75,83,48,72,4.08,80,0.14,0.19,7.79,89,0.27,0.36,95,53,1.83,2.47,0.75,0.55,19,16,0.53,97,93,3,98,0,70,22,0,0.00,99,12,0.00,0.56,11.76,8.69,252,126,84,81,5.88,4.34,50.00,38,1.77,8,0,16.33,0,0.00,99,8,0.28,0.37,62,83,45,82,1,1,1,4,4,95,97,95,97,0,88,70,89,27,2,7,32,10,N/A,N/A
Toni Lun Bončina,23,1038816000,2002/12/02,Prva HNL,2025/2026,Midfielder,HNK Vukovar 1991,0,0,0,Slovenia,0,0,0,0,0,0,0,0,0,0,0,0,0,0,0,0,0,0,0,0,0,0,0,0,0,0,0,0,0,0,0,-1,-1,-1,-1,N/A,N/A,N/A,N/A,N/A,N/A,N/A,N/A,N/A,N/A,N/A,N/A,N/A,N/A,N/A,N/A,N/A,N/A,N/A,N/A,N/A,N/A,N/A,N/A,N/A,N/A,N/A,N/A,N/A,N/A,N/A,N/A,N/A,N/A,N/A,N/A,N/A,N/A,N/A,N/A,N/A,N/A,N/A,N/A,N/A,N/A,N/A,N/A,N/A,N/A,N/A,N/A,N/A,N/A,N/A,N/A,N/A,N/A,N/A,N/A,N/A,N/A,N/A,N/A,N/A,N/A,N/A,N/A,N/A,N/A,N/A,N/A,N/A,N/A,N/A,N/A,N/A,N/A,N/A,N/A,N/A,N/A,N/A,N/A,N/A,N/A,N/A,N/A,N/A,N/A,N/A,N/A,N/A,N/A,N/A,N/A,N/A,N/A,N/A,N/A,N/A,N/A,N/A,N/A,N/A,N/A,N/A,N/A,N/A,N/A,N/A,N/A,N/A,N/A,N/A,N/A,N/A,N/A,N/A,N/A,N/A,N/A,N/A,N/A,N/A,N/A,N/A,N/A,N/A,N/A,N/A,N/A,N/A,N/A,N/A,N/A,N/A,N/A,N/A,N/A,N/A,N/A,N/A,N/A,N/A,N/A,N/A,N/A,N/A,N/A,N/A,N/A,N/A,N/A,N/A,N/A,N/A,N/A,N/A,N/A,N/A,N/A,N/A,N/A,N/A,N/A,N/A,N/A,N/A,N/A,N/A,N/A,N/A,N/A,N/A,N/A,N/A,N/A,N/A,N/A,N/A,N/A,N/A,N/A,N/A,N/A,N/A,N/A,N/A,N/A,N/A,N/A,N/A,N/A,N/A,N/A,N/A,N/A,N/A,N/A,N/A,N/A,N/A,N/A,N/A,N/A,N/A,N/A,N/A,N/A,N/A,N/A,N/A,N/A,N/A,N/A,N/A,N/A,N/A,N/A,N/A,N/A,N/A,N/A
Toni Silić,21,1083913200,2004/05/07,Prva HNL,2025/2026,Goalkeeper,Hajduk Split,1710,900,810,Croatia,19,10,9,0,0,0,0,0,0,0,0,6,3,3,16,10,6,1,0,0,0,0,0,0,0,0.84,107,90,1710,0,0.05,223,236,12,23,62000,4.65,0,45,27.37,18.57,30,520,13.61,381,23,20.05,29,0.00,0.00,0.00,0,0.00,0.00,0.11,0.07,2,0.00,0.00,0.00,0.00,1.61,0.00,0.04,2.21,0.00,0.05,0.04,0.04,0.00,0.00,0.00,0.00,0.11,0.00,0.00,0,0,,1,0.04,9,0,0.00,18,1,0.05,11,0,0,19,6,0.00,99,0,0,0.00,6,0,25,0.00,12,0,0.00,99,0,0.00,0,0,0.00,0,0.00,9,1,0.05,8,1,0.05,100.00,0,0.00,0,45,93,2.37,40,62,0.00,85,3.26,95,N/A,N/A,N/A,N/A,72.58,0,0.00,0,0.05,0.00,0,73.27,0.00,18,90,0.11,0.16,3,11,99,0,0,22,0.00,0.00,0,21,130.32,0.25,0.37,7,0,0.00,0.00,99,0.00,0,0,0,0.00,0.00,1,0.04,0.05,0.00,0.00,0,0,0.00,47,67,44,45,85,0.73,6,0.03,0.04,0.05,10,0.00,0.00,5,2,0.07,0.11,0.00,0.00,4,0,0.00,10,25,5,67,7,44,6,0,0.00,99,3,0.00,0.16,0.63,0.43,12,9,5,5,0.47,0.32,75.00,0,0.00,99,0,0.00,0,0.00,99,0,0.00,0.00,25,65,14,9,0,0,0,0,0,29,45,62,53,0,38,64,99,16,1,5,20,33,N/A,N/A
Tonio Teklić,26,936860400,1999/09/09,Prva HNL,2025/2026,Midfielder,Osijek,830,456,374,Croatia,13,7,6,0,0,0,0,0,0,0,0,6,4,2,13,4,9,1,0,0,0,0,0,0,0,1.41,64,64,830,0,0.11,134,143,-1,35,0,6.25,0,45,31.48,20.71,43,290,15.00,210,19,22.80,39,0.00,0.00,1.14,16,0.00,3.64,1.63,1.07,15,0.00,0.57,0.00,0.00,0.00,0.50,0.36,0.93,0.00,1.95,0.86,0.79,0.00,0.43,0.11,0.00,0.43,0.00,0.00,0,0,,18,1.29,81,6,0.65,81,12,1.30,81,7,4,9,59,0.00,99,0,7,0.76,48,51,88,5.54,96,0,0.00,99,0,0.00,0,0,0.00,0,1.74,90,11,1.19,51,5,0.54,45.45,0,0.00,0,0,0,0.00,0,13,0.00,35,1.41,66,N/A,N/A,N/A,N/A,0.00,0,0.00,0,1.50,0.00,0,72.41,33.33,57,4,1.07,1.63,15,54,50,0,0,0,0.00,0.00,0,21,87.46,0.64,0.98,9,1,0.00,0.11,6,0.07,0,0,1,0.07,0.11,0,0.00,0.00,0.11,0.07,1,1,0.00,47,28,21,45,37,1.07,52,0.08,0.12,1.50,70,0.11,0.16,98,25,1.79,2.71,1.41,0.93,66,13,0.16,69,62,33,90,0,65,26,0,0.00,99,6,0.00,0.65,10.21,6.71,94,47,65,67,5.10,3.36,50.00,8,0.87,38,0,33.33,0,0.00,99,17,1.21,1.85,99,29,57,87,0,0,0,0,0,29,45,62,53,0,16,92,85,32,1,8,36,99,0,0
Törless Tim Knöll,28,874134000,1997/09/13,Prva HNL,2025/2026,Forward,HNK Vukovar 1991,206,90,116,Germany,5,3,2,0,0,0,0,0,0,0,0,0,0,0,5,2,3,0,0,0,0,0,0,0,0,2.18,41,41,0,0,0,-1,-1,-1,39,0,5.14,0,45,14.78,6.80,4,34,4.80,24,15,10.43,3,0.00,0.00,0.20,1,0.00,0.20,0.43,0.20,1,0.00,1.00,0.00,0.00,0.00,0.00,0.00,0.40,0.00,0.00,0.00,0.00,0.00,0.00,0.00,0.00,1.20,0.00,0.00,0,0,,0,0.00,8,0,0.00,18,0,0.00,10,2,3,2,10,0.00,99,0,0,0.00,6,1,25,0.43,30,0,0.00,99,0,0.00,0,0,0.00,0,0.43,34,0,0.00,7,0,0.00,0.00,0,0.00,0,0,0,0.00,0,2,0.00,1,0.87,17,N/A,N/A,N/A,N/A,0.00,0,0.00,0,0.00,0.00,0,70.59,0.00,18,65,0.20,0.43,1,9,9,0,0,0,0.00,0.00,0,21,25.69,0.40,0.87,2,0,0.00,0.00,99,0.00,0,0,0,0.00,0.00,0,0.00,0.00,1.30,0.60,3,0,0.00,47,0,0,45,1,0.08,2,0.02,0.03,0.00,10,0.00,0.00,43,2,0.40,0.87,1.74,0.80,79,4,0.00,10,35,27,67,0,99,92,0,0.00,99,6,0.00,2.61,9.13,4.20,21,9,32,49,3.91,1.80,42.86,5,2.17,1,0,0.00,0,0.00,99,0,0.00,0.00,25,0,45,41,0,0,0,0,0,29,45,62,53,0,16,3,15,15,0,0,15,7,0,0
Tyrone Tormin,24,993798000,2001/06/29,Prva HNL,2025/2026,Forward,HNK Vukovar 1991,112,44,68,France,3,1,2,0,0,0,0,0,0,0,0,0,0,0,2,0,2,1,0,0,0,0,0,0,0,1.61,56,37,112,0,0.8,-1,-1,-1,24,45000,2.04,0,45,21.70,2.70,13,27,2.40,24,93,19.29,25,0.00,0.00,0.00,0,0.00,0.20,2.41,0.30,3,0.00,0.10,0.00,0.00,0.00,0.00,0.20,0.20,0.00,3.21,0.20,0.30,0.00,0.20,0.04,0.00,0.10,0.00,0.00,0,0,,4,0.40,96,2,1.61,99,2,1.61,92,0,3,0,88,0.00,99,0,0,0.00,6,2,25,1.61,59,0,0.00,99,0,0.00,0,0,0.00,0,0.00,9,3,2.41,84,2,1.61,66.67,0,0.00,0,0,0,0.00,0,2,0.00,20,1.61,77,N/A,N/A,N/A,N/A,0.00,0,0.00,0,0.41,0.00,0,88.89,50.00,90,31,0.10,0.80,1,93,88,0,0,0,0.20,1.61,2,99,20.42,0.00,0.00,0,0,0.00,0.00,99,0.00,0,0,0,0.00,0.00,0,0.00,0.00,0.00,0.00,0,0,0.00,47,0,0,45,21,0.04,2,0.00,0.03,0.41,87,0.04,0.33,94,3,0.30,2.41,1.61,0.20,76,2,0.33,86,1,0,67,0,44,35,0,0.00,99,1,0.00,0.80,12.05,1.50,15,9,97,82,7.23,0.90,60.00,1,0.80,43,0,0.00,0,0.00,99,0,0.00,0.00,25,0,45,9,0,0,0,0,0,29,45,62,53,0,29,3,15,99,1,33,97,29,N/A,N/A
Vane Jovanov,27,914832000,1998/12/28,Prva HNL,2025/2026,Defender,Varaždin,839,404,435,FYR Macedonia,12,5,7,0,0,0,0,0,0,0,0,3,2,1,12,4,8,3,1,0,0,0,0,0,0,1.29,70,70,280,0,0.32,217,213,35,24,0,4.27,0,45,23.81,13.06,19,222,8.71,148,8,15.88,17,0.00,0.00,0.18,3,0.00,2.65,1.93,1.06,18,0.00,0.12,0.00,0.00,0.00,0.24,0.00,0.71,0.00,0.32,0.18,0.53,0.00,0.00,0.01,0.00,0.59,0.00,0.00,0,0,,3,0.18,19,0,0.00,18,3,0.32,29,2,3,9,71,0.00,99,0,4,0.43,27,45,31,4.83,94,0,0.00,99,0,0.00,0,0,0.00,0,0.32,26,9,0.97,44,0,0.00,0.00,0,0.00,0,0,0,0.00,0,12,0.00,52,1.29,51,N/A,N/A,N/A,N/A,0.00,0,0.00,0,0.15,0.00,0,66.67,0.00,18,56,0.29,0.54,5,9,9,0,0,0,0.35,0.64,6,84,72.67,2.18,3.97,37,1,0.00,0.11,6,0.06,0,0,0,0.00,0.00,0,0.00,0.00,0.11,0.06,1,0,0.00,47,28,17,45,52,0.42,10,0.02,0.05,0.15,21,0.01,0.02,90,20,1.18,2.15,1.82,1.00,85,17,0.02,20,19,79,67,0,65,49,0,0.00,99,10,0.00,1.07,9.87,5.41,92,48,67,61,5.15,2.82,52.17,2,0.21,78,0,11.11,0,0.00,99,5,0.29,0.54,73,29,45,41,0,0,0,0,0,29,45,62,53,0,16,52,35,81,2,17,67,3,0,0
Vanja Pelko,24,1017043200,2002/03/25,Prva HNL,2025/2026,Forward,Gorica,116,40,76,Croatia,8,3,5,0,0,0,0,0,0,0,0,1,1,0,0,0,0,0,0,0,0,0,0,0,0,0,0,15,0,0,0,-1,-1,-1,16,80000,2.18,0,45,16.78,1.22,6,22,0.94,17,40,12.97,7,0.00,0.00,0.11,2,0.00,0.06,1.53,0.11,2,0.00,0.22,0.00,0.00,0.00,0.06,0.22,0.00,0.00,5.34,0.28,0.44,0.00,0.11,0.03,0.00,0.06,0.00,0.00,0,0,,7,0.39,99,2,1.53,99,5,3.81,99,4,7,1,52,0.00,99,0,1,0.76,48,1,25,0.76,45,0,0.00,99,0,0.00,0,0,0.00,0,1.53,86,8,6.10,99,4,3.05,50.00,0,0.00,0,0,0,0.00,0,0,0.00,99,0.00,0,N/A,N/A,N/A,N/A,0.00,0,0.00,0,0.59,0.00,0,77.27,28.57,48,99,0.00,0.00,0,99,68,0,0,0,0.00,0.00,0,21,39.17,0.17,2.29,3,0,0.00,0.00,99,0.00,0,0,0,0.00,0.00,0,0.00,0.00,0.76,0.06,1,0,0.00,47,0,6,45,0,0.11,24,0.01,0.08,0.59,96,0.03,0.45,34,1,0.06,0.76,1.53,0.11,75,2,0.45,94,1,62,67,0,95,31,0,0.00,99,1,0.00,0.76,13.73,1.00,18,11,99,92,8.39,0.61,61.11,4,3.05,0,0,0.00,0,0.00,99,0,0.00,0.00,25,0,76,65,0,0,0,0,0,29,45,62,53,0,51,19,15,15,0,0,15,29,N/A,N/A
Vedran Jugović,36,621414000,1989/09/10,Prva HNL,2025/2026,Midfielder,Osijek,303,198,105,Croatia,8,5,3,0,0,0,0,0,0,0,0,1,1,0,11,8,3,0,0,0,0,0,0,0,0,3.27,28,38,0,0,0,177,173,-1,25,5000,5.66,0,45,32.19,12.00,46,108,10.00,90,71,26.82,54,0.00,0.00,0.11,1,0.00,1.00,0.89,0.33,3,0.00,0.44,0.00,0.00,0.00,0.22,0.22,1.00,0.00,0.60,0.22,0.33,0.00,0.00,0.01,0.00,0.11,0.00,0.00,0,0,,2,0.22,39,0,0.00,18,2,0.60,48,2,4,4,21,0.00,99,0,2,0.60,38,9,31,2.68,74,0,0.00,99,0,0.00,0,0,0.00,0,0.30,25,3,0.89,42,2,0.60,66.67,0,0.00,0,0,0,0.00,0,9,0.00,0,2.68,95,N/A,N/A,N/A,N/A,0.00,0,0.00,0,0.08,0.00,0,83.33,0.00,18,12,0.44,1.19,4,58,88,0,0,0,0.11,0.30,1,61,50.95,0.22,0.60,2,0,0.00,0.00,99,0.00,0,0,0,0.00,0.00,0,0.00,0.00,0.00,0.00,0,0,0.00,47,0,6,45,0,0.19,14,0.02,0.06,0.08,21,0.01,0.02,43,3,0.33,0.89,2.09,0.78,93,7,0.02,20,43,12,67,0,44,13,0,0.00,99,1,0.00,0.30,7.75,2.89,26,8,10,29,2.38,0.89,30.77,4,1.19,19,0,11.11,0,0.00,99,1,0.11,0.30,57,7,57,41,0,0,0,0,0,29,45,62,53,0,16,19,15,15,0,0,15,7,N/A,N/A
Vinko Međimorec,29,833612400,1996/06/01,Prva HNL,2025/2026,Defender,Slaven Koprivnica,650,210,440,Croatia,12,5,7,0,0,0,0,0,0,0,0,2,2,0,14,1,13,1,0,0,0,0,0,0,0,1.94,46,54,650,0,0.14,235,228,70,31,60000,2.59,0,45,42.65,11.00,71,308,9.07,254,67,35.17,70,0.00,0.00,0.07,2,0.00,0.04,1.38,0.36,10,0.00,0.04,0.00,0.00,0.00,0.50,0.00,0.57,0.00,0.14,0.04,0.00,0.00,0.00,0.00,0.00,0.79,0.00,0.00,0,0,,1,0.04,13,0,0.00,18,1,0.14,16,0,6,6,47,0.00,99,0,14,1.94,99,1,25,0.14,17,0,0.00,99,0,0.00,0,0,0.00,0,0.28,24,0,0.00,7,0,0.00,0.00,0,0.00,0,0,0,0.00,0,16,0.00,8,2.22,92,N/A,N/A,N/A,N/A,0.00,0,0.00,0,0.06,0.00,0,82.47,0.00,18,99,0.00,0.00,0,9,9,0,0,0,0.18,0.69,5,89,72.64,2.14,8.31,60,1,0.00,0.14,3,0.04,0,0,0,0.00,0.00,0,0.00,0.00,0.00,0.00,0,0,0.00,47,18,17,45,7,0.58,24,0.02,0.08,0.06,14,0.00,0.01,39,6,0.21,0.83,0.97,0.25,38,7,0.01,14,4,99,67,0,44,96,0,0.00,99,22,0.00,3.05,7.20,1.86,52,38,70,24,5.26,1.36,73.08,1,0.14,85,0,0.00,0,0.00,99,0,0.00,0.00,25,16,69,9,0,0,0,0,0,29,45,62,53,0,37,29,76,41,1,8,36,2,N/A,N/A
Vinko Rozić,22,1059721200,2003/08/01,Prva HNL,2025/2026,Midfielder,Istra 1961,1440,826,614,Bosnia and Herzegovina,24,14,10,3,2,1,1,1,0,0,0,2,2,0,23,14,9,6,0,0.25,0.06,0.19,0.22,0.15,480,1.44,63,60,240,1440,0.38,52,105,-1,4,110000,6.18,0.04,56,22.44,13.81,15,359,10.92,284,49,17.75,21,0.00,0.00,0.46,12,0.00,1.54,0.88,0.54,14,0.00,0.58,0.00,0.00,0.00,0.27,0.65,0.81,11.33,2.12,0.96,1.77,0.00,0.35,0.16,0.00,0.54,0.00,0.00,0,0,,34,1.31,85,9,0.56,74,25,1.56,90,3,8,16,20,0.00,99,0,7,0.44,28,40,34,2.50,70,0,0.00,99,0,0.00,0,0,0.00,0,0.75,50,46,2.88,87,17,1.06,36.96,0,0.00,0,0,0,0.00,0,21,0.00,31,1.31,54,N/A,N/A,N/A,N/A,0.00,0,0.00,0,4.22,0.00,0,79.11,26.47,43,65,0.27,0.44,7,83,31,0,0,0,0.08,0.12,2,42,160.60,0.50,0.81,13,0,0.00,0.00,99,0.00,0,0,2,0.08,0.12,0,0.00,0.00,0.12,0.08,2,0,8.82,62,55,64,67,33,1.60,38,0.06,0.10,4.22,83,0.16,0.26,46,15,0.58,0.94,1.25,0.77,56,20,0.26,81,59,24,92,0,67,41,0,0.00,99,14,0.00,0.88,9.25,5.69,148,60,25,51,3.75,2.31,40.54,15,0.94,33,0,12.50,0,0.00,99,5,0.19,0.31,59,57,83,55,0,0,0,0,0,71,79,75,77,0,68,6,27,90,6,25,90,7,N/A,N/A
Vito Čaić,21,1112342400,2005/04/01,Prva HNL,2025/2026,Midfielder,HNK Vukovar 1991,1565,754,811,Croatia,22,10,12,1,1,0,1,1,0,0,0,3,2,1,30,11,19,6,1,0.12,0.06,0.06,0.12,0,1565,1.73,52,71,224,1565,0.4,103,103,-1,6,65000,5.57,0.05,56,36.12,25.12,60,628,19.36,484,39,27.83,56,0.00,0.00,0.32,8,0.00,0.44,1.15,0.80,20,0.00,0.36,0.00,0.00,0.00,0.72,0.16,1.16,14.00,0.81,0.48,0.32,0.00,0.08,0.06,0.00,1.36,0.00,0.00,0,0,,14,0.56,49,2,0.12,29,12,0.69,55,3,3,19,34,0.00,99,0,18,1.04,66,11,52,0.63,38,0,0.00,99,0,0.00,0,0,0.00,0,0.46,36,8,0.46,28,4,0.23,50.00,0,0.00,0,0,0,0.00,0,29,0.00,15,1.67,79,N/A,N/A,N/A,N/A,0.00,0,0.00,0,1.40,0.00,0,77.07,14.29,22,25,0.64,0.92,16,32,68,0,0,0,0.56,0.81,14,94,139.36,3.68,5.29,92,1,0.00,0.06,12,0.04,0,0,0,0.00,0.00,0,0.00,0.00,0.12,0.08,2,1,7.14,57,61,57,93,15,1.76,38,0.07,0.10,1.40,47,0.06,0.08,43,15,0.60,0.86,1.44,1.00,68,25,0.08,46,41,90,67,0,67,80,0,0.00,99,34,0.00,1.96,8.40,5.84,146,71,36,40,4.08,2.84,48.63,9,0.52,58,0,18.18,0,0.00,99,2,0.08,0.12,41,65,45,55,0,0,0,0,0,49,55,62,65,0,41,23,24,92,5,23,86,13,N/A,N/A
Vito Kovac,18,1207119600,2008/04/02,Prva HNL,2025/2026,Midfielder,Rijeka,0,0,0,Croatia,0,0,0,0,0,0,0,0,0,0,0,0,0,0,0,0,0,0,0,0,0,0,0,0,0,0,0,0,0,0,0,-1,-1,-1,-1,N/A,N/A,N/A,N/A,N/A,N/A,N/A,N/A,N/A,N/A,N/A,N/A,N/A,N/A,N/A,N/A,N/A,N/A,N/A,N/A,N/A,N/A,N/A,N/A,N/A,N/A,N/A,N/A,N/A,N/A,N/A,N/A,N/A,N/A,N/A,N/A,N/A,N/A,N/A,N/A,N/A,N/A,N/A,N/A,N/A,N/A,N/A,N/A,N/A,N/A,N/A,N/A,N/A,N/A,N/A,N/A,N/A,N/A,N/A,N/A,N/A,N/A,N/A,N/A,N/A,N/A,N/A,N/A,N/A,N/A,N/A,N/A,N/A,N/A,N/A,N/A,N/A,N/A,N/A,N/A,N/A,N/A,N/A,N/A,N/A,N/A,N/A,N/A,N/A,N/A,N/A,N/A,N/A,N/A,N/A,N/A,N/A,N/A,N/A,N/A,N/A,N/A,N/A,N/A,N/A,N/A,N/A,N/A,N/A,N/A,N/A,N/A,N/A,N/A,N/A,N/A,N/A,N/A,N/A,N/A,N/A,N/A,N/A,N/A,N/A,N/A,N/A,N/A,N/A,N/A,N/A,N/A,N/A,N/A,N/A,N/A,N/A,N/A,N/A,N/A,N/A,N/A,N/A,N/A,N/A,N/A,N/A,N/A,N/A,N/A,N/A,N/A,N/A,N/A,N/A,N/A,N/A,N/A,N/A,N/A,N/A,N/A,N/A,N/A,N/A,N/A,N/A,N/A,N/A,N/A,N/A,N/A,N/A,N/A,N/A,N/A,N/A,N/A,N/A,N/A,N/A,N/A,N/A,N/A,N/A,N/A,N/A,N/A,N/A,N/A,N/A,N/A,N/A,N/A,N/A,N/A,N/A,N/A,N/A,N/A,N/A,N/A,N/A,N/A,N/A,N/A,N/A,N/A,N/A,N/A,N/A,N/A,N/A,N/A,N/A,N/A,N/A,N/A,N/A,N/A,N/A,N/A,N/A,N/A
Vladimir Bubanja,27,919584000,1999/02/21,Prva HNL,2025/2026,Midfielder,Osijek,986,387,599,Montenegro,14,6,8,2,0,2,0,0,0,0,0,7,3,4,15,3,12,4,0,0.18,0,0.18,0,0.3,493,1.37,66,70,247,0,0.37,56,134,-1,6,100000,6.75,0,45,36.33,28.43,60,398,20.07,281,16,25.65,50,0.00,0.00,0.57,8,0.00,0.64,3.19,2.50,35,0.00,0.79,0.00,0.00,0.00,1.29,0.29,1.07,6.00,1.10,0.50,0.79,0.00,0.36,0.15,0.00,2.64,0.00,0.00,0,0,,12,0.86,61,5,0.46,70,7,0.64,52,8,3,11,98,0.00,99,0,18,1.64,94,9,59,0.82,47,0,0.00,99,0,0.00,0,0,0.00,0,0.73,48,11,1.00,46,4,0.37,36.36,0,0.00,0,0,0,0.00,0,15,0.00,42,1.37,60,N/A,N/A,N/A,N/A,0.00,0,0.00,0,2.15,0.00,0,70.60,41.67,76,3,1.29,1.64,18,42,30,0,0,0,0.50,0.64,7,84,94.54,2.21,2.83,31,0,0.00,0.00,99,0.00,0,0,0,0.00,0.00,0,0.00,0.00,0.09,0.07,1,0,16.67,86,34,24,68,44,0.83,24,0.06,0.08,2.15,76,0.15,0.20,4,1,0.07,0.09,2.01,1.57,92,22,0.20,76,80,70,67,0,59,98,0,0.00,99,37,0.00,3.38,15.06,11.79,165,77,96,97,7.03,5.50,46.67,11,1.00,31,0,22.22,0,0.00,99,2,0.14,0.18,48,36,45,93,0,0,0,0,0,64,77,87,53,0,64,98,28,88,4,29,96,21,N/A,N/A
Yannick Toure,25,970210800,2000/09/29,Prva HNL,2025/2026,Forward,Osijek,496,253,243,Switzerland,11,5,6,0,0,0,1,1,0,0,0,5,3,2,6,1,5,0,0,0.18,0.18,0,0,0,0,1.09,83,45,0,496,0,178,44,-1,34,40000,6.06,0.09,82,14.73,6.75,3,81,5.17,62,38,11.27,5,0.00,0.00,0.58,7,0.00,0.25,0.73,0.33,4,0.00,0.67,0.00,0.00,0.00,0.08,0.17,0.58,0.00,1.09,0.25,0.83,0.00,0.25,0.04,0.00,1.00,0.00,0.00,0,0,,6,0.50,60,3,0.55,74,3,0.55,47,3,7,4,16,0.00,99,0,1,0.18,12,3,88,0.55,34,0,0.00,99,0,0.00,0,0,0.00,0,1.27,75,10,1.82,71,2,0.36,20.00,0,0.00,0,0,0,0.00,0,7,0.00,68,1.27,47,N/A,N/A,N/A,N/A,0.00,0,0.00,0,0.47,0.00,0,76.54,50.00,90,99,0.00,0.00,0,41,12,0,0,0,0.08,0.18,1,48,72.69,0.67,1.45,8,0,0.00,0.00,99,0.00,0,0,0,0.00,0.00,0,0.00,0.00,0.18,0.08,1,0,0.00,47,9,14,45,69,0.97,79,0.08,0.18,0.47,51,0.04,0.09,52,6,0.50,1.09,1.09,0.50,46,6,0.09,49,54,47,67,0,75,86,0,0.00,99,12,0.00,2.18,11.64,5.33,64,24,43,80,4.36,2.00,37.50,8,1.45,15,0,33.33,0,0.00,99,1,0.08,0.18,48,7,76,55,0,0,0,0,0,64,45,62,53,0,27,88,15,15,0,0,15,9,N/A,N/A
Yassine Benrahou,27,917164800,1999/01/24,Prva HNL,2025/2026,Midfielder,Hajduk Split,218,218,0,France,4,3,1,2,2,0,0,0,0,0,0,3,2,1,1,1,0,0,0,0.83,0,0.83,0.83,0,109,0.41,218,55,0,0,0,-1,-1,-1,6,0,7.46,0,45,37.34,23.75,61,95,20.75,83,90,32.62,66,0.00,0.00,2.50,10,0.00,3.75,0.79,0.50,2,0.00,0.75,0.00,0.00,0.00,0.25,1.25,0.00,1.50,1.18,0.25,2.50,0.00,0.50,0.35,0.00,0.00,0.00,0.00,0,0,,3,0.75,62,2,0.79,86,1,0.39,37,4,1,3,17,0.00,99,0,1,0.39,25,15,26,5.90,98,0,0.00,99,0,0.00,0,0,0.00,0,3.93,99,10,3.93,95,5,1.97,50.00,0,0.00,0,0,0,0.00,0,0,0.00,99,0.00,0,N/A,N/A,N/A,N/A,0.00,0,0.00,0,1.42,0.00,0,87.37,66.67,97,99,0.00,0.00,0,97,68,2,0,0,0.00,0.00,0,21,29.83,0.25,0.39,1,0,0.00,0.00,99,0.00,0,2,0,0.00,0.00,0,0.00,0.00,0.00,0.00,0,1,66.67,99,0,0,46,99,0.53,85,0.13,0.21,0.02,14,0.01,0.01,86,5,1.25,1.97,0.39,0.25,9,1,0.56,98,99,6,67,0,44,1,0,0.00,99,0,0.00,0.00,9.04,5.75,23,12,54,49,4.72,3.00,52.17,3,1.18,20,0,6.67,0,0.00,99,1,0.25,0.39,64,2,24,65,0,0,0,0,0,98,99,62,99,0,16,99,15,15,0,0,15,45,0,0
Žan Trontelj,26,948441600,2000/01/21,Prva HNL,2025/2026,Defender,Gorica,2690,1438,1252,Slovenia,30,16,14,3,0,3,3,1,2,0,0,7,5,2,38,19,19,4,0,0.2,0.1,0.1,0,0.22,897,1.27,71,90,673,897,0.13,82,72,32,7,0,6.93,0.1,70,34.76,34.63,57,1039,26.07,782,30,26.16,53,0.00,0.00,1.60,48,0.00,5.30,2.04,2.03,61,0.00,0.60,0.00,0.00,0.00,0.77,0.47,1.30,3.67,0.37,0.13,1.33,0.00,0.23,0.10,0.00,0.70,0.00,0.00,0,0,,11,0.37,23,7,0.23,49,4,0.13,15,1,0,30,74,0.00,99,0,23,0.77,48,159,63,5.32,95,0,0.00,99,0,0.00,0,0,0.00,0,1.61,88,40,1.34,58,14,0.47,35.00,0,0.00,0,0,0,0.00,0,39,0.00,53,1.30,52,N/A,N/A,N/A,N/A,0.00,0,0.00,0,2.85,0.00,0,75.26,63.64,95,12,1.20,1.20,36,49,28,0,0,0,0.17,0.17,5,47,208.03,2.63,2.64,79,0,0.00,0.00,99,0.00,0,0,1,0.03,0.03,0,0.00,0.00,0.17,0.17,5,0,27.27,98,96,92,81,53,5.16,75,0.17,0.17,2.85,54,0.10,0.10,43,26,0.87,0.87,0.77,0.77,21,23,0.10,52,92,67,68,0,72,29,0,0.00,99,21,0.00,0.70,8.57,8.53,256,122,36,41,4.08,4.07,47.66,18,0.60,55,0,23.90,0,0.00,99,38,1.27,1.27,93,96,14,27,0,0,0,0,0,67,65,85,53,0,16,48,78,38,4,13,54,22,0,0
Zvonimir Katalinić,22,1082012400,2004/04/15,Prva HNL,2025/2026,Midfielder,Slaven Koprivnica,673,236,437,Croatia,11,5,6,0,0,0,0,0,0,0,0,0,0,0,13,4,9,2,0,0,0,0,0,0,0,1.74,52,61,337,0,0.27,236,229,-1,30,22000,2.32,0,45,39.45,10.54,65,295,8.86,248,75,33.16,67,0.00,0.00,0.07,2,0.00,0.29,1.60,0.43,12,0.00,0.07,0.00,0.00,0.00,0.11,0.04,0.36,0.00,0.40,0.04,0.07,0.00,0.07,0.01,0.00,0.46,0.00,0.00,0,0,,3,0.11,26,2,0.27,54,1,0.13,15,4,6,5,55,0.00,99,0,3,0.40,26,8,92,1.07,50,0,0.00,99,0,0.00,0,0,0.00,0,0.27,22,2,0.27,20,1,0.13,50.00,0,0.00,0,0,0,0.00,0,10,0.00,15,1.34,57,N/A,N/A,N/A,N/A,0.00,0,0.00,0,0.30,0.00,0,84.07,66.67,97,17,0.29,1.07,8,20,68,0,0,0,0.18,0.67,5,86,65.07,0.96,3.61,27,0,0.00,0.00,99,0.00,0,0,0,0.00,0.00,0,0.00,0.00,0.00,0.00,0,1,0.00,47,19,14,45,15,0.63,24,0.02,0.08,0.30,33,0.01,0.04,51,8,0.29,1.07,2.01,0.54,92,15,0.04,31,2,76,67,0,44,76,0,0.00,99,13,0.00,1.74,9.49,2.54,71,33,46,55,4.41,1.18,46.48,2,0.27,74,0,37.50,0,0.00,99,3,0.11,0.40,66,12,69,65,0,0,0,0,0,29,45,62,53,0,20,3,46,71,2,18,70,5,N/A,N/A
Zvonimir Šarlija,29,841302000,1996/08/29,Prva HNL,2025/2026,Defender,Hajduk Split,2211,1126,1085,Croatia,27,14,13,1,0,1,1,1,0,0,0,13,7,6,19,7,12,9,0,0.08,0.04,0.04,0,0.08,2211,0.77,116,82,246,2211,0.37,118,122,6,8,800000,6.72,0.04,48,67.25,55.07,98,1652,50.50,1515,99,61.67,99,0.00,0.00,0.30,9,0.00,0.00,1.63,1.33,40,0.00,0.07,0.00,0.00,0.00,0.77,0.23,0.60,11.00,0.45,0.27,0.27,0.00,0.10,0.05,0.00,2.07,0.00,0.00,0,0,,11,0.37,28,3,0.12,29,8,0.33,30,2,1,26,59,0.00,99,0,23,0.94,60,0,25,0.00,12,0,0.00,99,0,0.00,0,0,0.00,0,0.37,29,8,0.33,23,7,0.28,87.50,0,0.00,0,0,0,0.00,0,18,0.00,92,0.73,6,N/A,N/A,N/A,N/A,0.00,0,0.00,0,1.42,0.00,0,91.71,27.27,45,64,0.37,0.45,11,36,93,0,0,0,0.60,0.73,18,91,201.45,3.63,4.44,109,0,0.00,0.00,99,0.00,0,0,0,0.00,0.00,0,0.00,0.00,0.00,0.00,0,0,9.09,67,84,77,97,92,3.95,71,0.13,0.16,1.42,40,0.05,0.06,75,40,1.33,1.63,1.34,1.10,62,33,0.06,39,77,81,67,0,44,90,0,0.00,99,62,0.00,2.52,10.01,8.20,246,148,87,63,6.02,4.93,60.16,2,0.08,90,0,0.00,0,0.00,99,0,0.00,0.00,25,84,24,41,0,0,0,0,0,38,49,66,53,0,98,95,28,88,7,26,91,31,N/A,N/A
Zvonimir Šubarić,28,864543600,1997/05/25,Prva HNL,2025/2026,Goalkeeper,Lokomotiva Zagreb,0,0,0,Croatia,0,0,0,0,0,0,0,0,0,0,0,0,0,0,0,0,0,0,0,0,0,0,0,0,0,0,0,0,0,0,0,-1,-1,-1,-1,N/A,N/A,N/A,N/A,N/A,N/A,N/A,N/A,N/A,N/A,N/A,N/A,N/A,N/A,N/A,N/A,N/A,N/A,N/A,N/A,N/A,N/A,N/A,N/A,N/A,N/A,N/A,N/A,N/A,N/A,N/A,N/A,N/A,N/A,N/A,N/A,N/A,N/A,N/A,N/A,N/A,N/A,N/A,N/A,N/A,N/A,N/A,N/A,N/A,N/A,N/A,N/A,N/A,N/A,N/A,N/A,N/A,N/A,N/A,N/A,N/A,N/A,N/A,N/A,N/A,N/A,N/A,N/A,N/A,N/A,N/A,N/A,N/A,N/A,N/A,N/A,N/A,N/A,N/A,N/A,N/A,N/A,N/A,N/A,N/A,N/A,N/A,N/A,N/A,N/A,N/A,N/A,N/A,N/A,N/A,N/A,N/A,N/A,N/A,N/A,N/A,N/A,N/A,N/A,N/A,N/A,N/A,N/A,N/A,N/A,N/A,N/A,N/A,N/A,N/A,N/A,N/A,N/A,N/A,N/A,N/A,N/A,N/A,N/A,N/A,N/A,N/A,N/A,N/A,N/A,N/A,N/A,N/A,N/A,N/A,N/A,N/A,N/A,N/A,N/A,N/A,N/A,N/A,N/A,N/A,N/A,N/A,N/A,N/A,N/A,N/A,N/A,N/A,N/A,N/A,N/A,N/A,N/A,N/A,N/A,N/A,N/A,N/A,N/A,N/A,N/A,N/A,N/A,N/A,N/A,N/A,N/A,N/A,N/A,N/A,N/A,N/A,N/A,N/A,N/A,N/A,N/A,N/A,N/A,N/A,N/A,N/A,N/A,N/A,N/A,N/A,N/A,N/A,N/A,N/A,N/A,N/A,N/A,N/A,N/A,N/A,N/A,N/A,N/A,N/A,N/A,N/A,N/A,N/A,N/A,N/A,N/A,N/A,N/A,N/A,N/A,N/A,N/A,N/A,N/A,N/A,N/A,N/A,N/A
