full_name,age,birthday,birthday_GMT,league,season,position,Current Club,minutes_played_overall,minutes_played_home,minutes_played_away,nationality,appearances_overall,appearances_home,appearances_away,goals_overall,goals_home,goals_away,assists_overall,assists_home,assists_away,penalty_goals,penalty_misses,clean_sheets_overall,clean_sheets_home,clean_sheets_away,conceded_overall,conceded_home,conceded_away,yellow_cards_overall,red_cards_overall,goals_involved_per_90_overall,assists_per_90_overall,goals_per_90_overall,goals_per_90_home,goals_per_90_away,min_per_goal_overall,conceded_per_90_overall,min_per_conceded_overall,min_per_match,min_per_card_overall,min_per_assist_overall,cards_per_90_overall,rank_in_league_top_attackers,rank_in_league_top_midfielders,rank_in_league_top_defenders,rank_in_club_top_scorer,annual_salary_eur,average_rating_overall,assists_per_game_overall,assists_per90_percentile_overall,passes_per_90_overall,passes_per_game_overall,passes_per90_percentile_overall,passes_total_overall,passes_completed_per_game_overall,passes_completed_total_overall,pass_completion_rate_percentile_overall,passes_completed_per_90_overall,passes_completed_per90_percentile_overall,short_passes_per_game_overall,long_passes_per_game_overall,key_passes_per_game_overall,key_passes_total_overall,through_passes_per_game_overall,crosses_per_game_overall,tackles_per_90_overall,tackles_per_game_overall,tackles_total_overall,tackles_successful_per_game_overall,dispossesed_per_game_overall,possession_regained_per_game_overall,pressures_per_game_overall,saves_per_game_overall,interceptions_per_game_overall,dribbles_successful_per_game_overall,shots_faced_per_game_overall,shots_per_goal_scored_overall,shots_per_90_overall,shots_off_target_per_game_overall,dribbles_per_game_overall,distance_travelled_per_game_overall,shots_on_target_per_game_overall,xg_per_game_overall,chances_created_per_game_overall,aerial_duels_won_per_game_overall,aerial_duels_per_game_overall,possession_regained_per_90_overall,possession_regained_total_overall,possession_regained_per90_percentile_overall,additional_info,shots_total_overall,shots_per_game_overall,shots_per90_percentile_overall,shots_on_target_total_overall,shots_on_target_per_90_overall,shots_on_target_per90_percentile_overall,shots_off_target_total_overall,shots_off_target_per_90_overall,shots_off_target_per90_percentile_overall,games_subbed_out,games_subbed_in,games_started,tackles_per90_percentile_overall,tackles_successful_per_90_overall,tackles_successful_per90_percentile_overall,tackles_successful_total_overall,interceptions_total_overall,interceptions_per_90_overall,interceptions_per90_percentile_overall,crosses_total_overall,cross_completion_rate_percentile_overall,crosses_per_90_overall,crosses_per90_percentile_overall,through_passes_total_overall,through_passes_per_90_overall,through_passes_per90_percentile_overall,long_passes_total_overall,long_passes_per_90_overall,long_passes_per90_percentile_overall,short_passes_total_overall,short_passes_per_90_overall,short_passes_per90_percentile_overall,key_passes_per_90_overall,key_passes_per90_percentile_overall,dribbles_total_overall,dribbles_per_90_overall,dribbles_per90_percentile_overall,dribbles_successful_total_overall,dribbles_successful_per_90_overall,dribbles_successful_percentage_overall,chances_created_total_overall,chances_created_per_90_overall,chances_created_per90_percentile_overall,saves_total_overall,save_percentage_percentile_overall,saves_per_90_overall,saves_per90_percentile_overall,shots_faced_total_overall,shots_per_goal_conceded_overall,conceded_per90_percentile_overall,shots_faced_per_90_overall,shots_faced_per90_percentile_overall,xg_faced_per_90_overall,xg_faced_per90_percentile_overall,xg_faced_per_game_overall,xg_faced_total_overall,save_percentage_overall,pressures_total_overall,pressures_per_90_overall,pressures_per90_percentile_overall,xg_total_overall,market_value,market_value_percentile,pass_completion_rate_overall,shot_accuraccy_percentage_overall,shot_accuraccy_percentage_percentile_overall,dribbled_past_per90_percentile_overall,dribbled_past_per_game_overall,dribbled_past_per_90_overall,dribbled_past_total_overall,dribbles_successful_per90_percentile_overall,dribbles_successful_percentage_percentile_overall,pen_scored_total_overall,pen_missed_total_overall,inside_box_saves_total_overall,blocks_per_game_overall,blocks_per_90_overall,blocks_total_overall,blocks_per90_percentile_overall,ratings_total_overall,clearances_per_game_overall,clearances_per_90_overall,clearances_total_overall,pen_committed_total_overall,pen_save_percentage_overall,pen_committed_per_90_overall,pen_committed_per90_percentile_overall,pen_committed_per_game_overall,pens_saved_total_overall,pens_taken_total_overall,hit_woodwork_total_overall,hit_woodwork_per_game_overall,hit_woodwork_per_90_overall,punches_total_overall,punches_per_game_overall,punches_per_90_overall,offsides_per_90_overall,offsides_per_game_overall,offsides_total_overall,penalties_won_total_overall,shot_conversion_rate_overall,shot_conversion_rate_percentile_overall,minutes_played_percentile_overall,matches_played_percentile_overall,min_per_goal_percentile_overall,min_per_conceded_percentile_overall,xa_total_overall,xa_per90_percentile_overall,xa_per_game_overall,xa_per_90_overall,npxg_total_overall,npxg_per90_percentile_overall,npxg_per_game_overall,npxg_per_90_overall,fouls_drawn_per90_percentile_overall,fouls_drawn_total_overall,fouls_drawn_per_game_overall,fouls_drawn_per_90_overall,fouls_committed_per_90_overall,fouls_committed_per_game_overall,fouls_committed_per90_percentile_overall,fouls_committed_total_overall,xg_per_90_overall,xg_per90_percentile_overall,average_rating_percentile_overall,clearances_per90_percentile_overall,hit_woodwork_per90_percentile_overall,punches_per90_percentile_overall,offsides_per90_percentile_overall,aerial_duels_won_per90_percentile_overall,aerial_duels_total_overall,aerial_duels_per_90_overall,aerial_duels_per90_percentile_overall,aerial_duels_won_total_overall,aerial_duels_won_percentage_overall,aerial_duels_won_per_90_overall,duels_per_90_overall,duels_per_game_overall,duels_total_overall,duels_won_total_overall,duels_won_per90_percentile_overall,duels_per90_percentile_overall,duels_won_per_90_overall,duels_won_per_game_overall,duels_won_percentage_overall,dispossesed_total_overall,dispossesed_per_90_overall,dispossesed_per90_percentile_overall,progressive_passes_total_overall,cross_completion_rate_overall,distance_travelled_total_overall,distance_travelled_per_90_overall,distance_travelled_per90_percentile_overall,accurate_crosses_total_overall,accurate_crosses_per_game_overall,accurate_crosses_per_90_overall,accurate_crosses_per90_percentile_overall,games_started_percentile_overall,games_subbed_in_percentile_overall,games_subbed_out_percentile_overall,hattricks_total_overall,two_goals_in_a_game_total_overall,three_goals_in_a_game_total_overall,two_goals_in_a_game_percentage_overall,three_goals_in_a_game_percentage_overall,goals_involved_per90_percentile_overall,goals_per90_percentile_overall,goals_per90_percentile_away,goals_per90_percentile_home,man_of_the_match_total_overall,annual_salary_eur_percentile,clean_sheets_percentage_percentile_overall,min_per_card_percentile_overall,cards_per90_percentile_overall,booked_over05_overall,booked_over05_percentage_overall,booked_over05_percentage_percentile_overall,shirt_number,annual_salary_gbp,annual_salary_usd
,37,615884400,1989/07/08,First League,2026/2027,Midfielder,Slovan Liberec,0,0,0,China,0,0,0,0,0,0,0,0,0,0,0,0,0,0,0,0,0,0,0,0,0,0,0,0,0,0,0,0,0,0,0,-1,-1,-1,7,N/A,N/A,N/A,N/A,N/A,N/A,N/A,N/A,N/A,N/A,N/A,N/A,N/A,N/A,N/A,N/A,N/A,N/A,N/A,N/A,N/A,N/A,N/A,N/A,N/A,N/A,N/A,N/A,N/A,N/A,N/A,N/A,N/A,N/A,N/A,N/A,N/A,N/A,N/A,N/A,N/A,N/A,N/A,N/A,N/A,N/A,N/A,N/A,N/A,N/A,N/A,N/A,N/A,N/A,N/A,N/A,N/A,N/A,N/A,N/A,N/A,N/A,N/A,N/A,N/A,N/A,N/A,N/A,N/A,N/A,N/A,N/A,N/A,N/A,N/A,N/A,N/A,N/A,N/A,N/A,N/A,N/A,N/A,N/A,N/A,N/A,N/A,N/A,N/A,N/A,N/A,N/A,N/A,N/A,N/A,N/A,N/A,N/A,N/A,N/A,N/A,N/A,N/A,N/A,N/A,N/A,N/A,N/A,N/A,N/A,N/A,N/A,N/A,N/A,N/A,N/A,N/A,N/A,N/A,N/A,N/A,N/A,N/A,N/A,N/A,N/A,N/A,N/A,N/A,N/A,N/A,N/A,N/A,N/A,N/A,N/A,N/A,N/A,N/A,N/A,N/A,N/A,N/A,N/A,N/A,N/A,N/A,N/A,N/A,N/A,N/A,N/A,N/A,N/A,N/A,N/A,N/A,N/A,N/A,N/A,N/A,N/A,N/A,N/A,N/A,N/A,N/A,N/A,N/A,N/A,N/A,N/A,N/A,N/A,N/A,N/A,N/A,N/A,N/A,N/A,N/A,N/A,N/A,N/A,N/A,N/A,N/A,N/A,N/A,N/A,N/A,N/A,N/A,N/A,N/A,N/A,N/A,N/A,N/A,N/A,N/A,N/A,N/A,N/A,N/A,N/A,N/A,N/A,N/A,N/A,N/A,N/A,N/A,N/A,N/A,N/A,N/A,N/A,N/A,N/A,N/A,N/A,N/A,N/A
Abdallah Gning,27,907052400,1998/09/29,First League,2026/2027,Forward,Baník Ostrava,300,156,144,Senegal,5,3,2,0,0,0,0,0,0,0,0,3,2,1,5,3,2,0,0,0,0,0,0,0,0,1.5,60,60,0,0,0,150,147,-1,5,0,6.67,0,69,15.60,10.40,10,52,6.20,31,4,9.30,6,0.00,0.00,0.80,4,0.00,0.00,1.50,1.00,5,0.00,0.60,0.00,0.00,0.00,0.40,0.20,1.00,0.00,1.20,0.60,1.60,0.00,0.20,0.07,0.00,1.60,0.00,0.00,0,0,,4,0.80,54,1,0.30,54,3,0.90,61,1,0,5,60,0.00,99,0,2,0.60,43,0,40,0.00,20,0,0.00,99,0,0.00,0,0,0.00,0,1.20,71,8,2.40,82,1,0.30,12.50,0,0.00,0,0,0,0.00,0,5,0.00,42,1.50,52,N/A,N/A,N/A,N/A,0.00,0,0.00,0,0.33,0.00,0,59.62,25.00,53,70,0.20,0.30,1,41,24,0,0,0,0.20,0.30,1,63,33.34,0.80,1.20,4,0,0.00,0.00,99,0.00,0,0,0,0.00,0.00,0,0.00,0.00,0.90,0.60,3,0,0.00,62,23,24,61,43,0.25,38,0.05,0.08,0.33,51,0.07,0.10,82,6,1.20,1.80,1.20,0.80,50,4,0.10,50,33,44,88,0,99,87,0,0.00,99,8,0.00,2.40,12.60,8.40,42,20,83,91,6.00,4.00,47.62,3,0.90,34,0,0.00,0,0.00,99,0,0.00,0.00,40,59,47,62,0,0,0,0,0,48,61,77,75,0,99,98,44,44,0,0,49,12,0,0
Abdoulaye Sylla,26,955350000,2000/04/10,First League,2026/2027,Defender,Sigma Olomouc,630,270,360,France,7,3,4,0,0,0,2,1,1,0,0,1,1,0,8,3,5,1,0,0.29,0.29,0,0,0,0,1.14,79,90,630,315,0.14,125,24,38,9,0,7.30,0.29,88,57.57,57.57,93,403,48.00,336,67,48.00,91,0.00,0.00,1.14,8,0.00,2.00,2.86,2.86,20,0.00,0.29,0.00,0.00,0.00,0.86,0.29,1.14,0.00,0.71,0.29,0.57,0.00,0.43,0.08,0.00,0.86,0.00,0.00,0,0,,5,0.71,37,3,0.43,64,2,0.29,27,0,0,7,92,0.00,99,0,6,0.86,60,14,55,2.00,67,0,0.00,99,0,0.00,0,0,0.00,0,1.14,68,4,0.57,33,2,0.29,50.00,0,0.00,0,0,0,0.00,0,8,0.00,61,1.14,38,N/A,N/A,N/A,N/A,0.00,0,0.00,0,0.55,0.00,0,83.37,60.00,91,85,0.14,0.14,1,40,66,0,0,0,0.71,0.71,5,87,51.12,5.57,5.57,39,0,0.00,0.00,99,0.00,0,0,0,0.00,0.00,0,0.00,0.00,0.00,0.00,0,0,0.00,62,94,89,61,61,2.15,91,0.31,0.31,0.55,46,0.08,0.08,39,6,0.86,0.86,0.57,0.57,19,4,0.08,45,98,92,88,0,66,48,0,0.00,99,6,0.00,0.86,6.57,6.57,46,34,59,22,4.86,4.86,73.91,2,0.29,70,0,21.43,0,0.00,99,3,0.43,0.43,64,99,47,23,0,0,0,0,0,67,61,77,75,0,99,31,99,49,1,14,66,2,0,0
Abdoullahi Tanko,28,894956400,1998/05/12,First League,2026/2027,Forward,Pardubice,297,94,203,Nigeria,5,2,3,0,0,0,0,0,0,0,0,1,0,1,6,2,4,0,0,0,0,0,0,0,0,1.82,50,59,0,0,0,121,107,-1,21,0,5.22,0,69,13.94,9.20,5,46,6.00,30,9,9.09,5,0.00,0.00,0.40,2,0.00,1.60,0.61,0.40,2,0.00,0.80,0.00,0.00,0.00,1.00,0.60,1.20,0.00,1.52,0.80,1.20,0.00,0.20,0.08,0.00,0.80,0.00,0.00,0,0,,5,1.00,67,1,0.30,54,4,1.21,73,2,1,4,21,0.00,99,0,5,1.52,89,8,63,2.42,70,0,0.00,99,0,0.00,0,0,0.00,0,0.61,41,6,1.82,74,3,0.91,50.00,0,0.00,0,0,0,0.00,0,6,0.00,27,1.82,66,N/A,N/A,N/A,N/A,0.00,0,0.00,0,0.38,0.00,0,65.22,20.00,47,38,0.40,0.61,2,79,66,0,0,0,0.00,0.00,0,45,26.09,0.20,0.30,1,0,0.00,0.00,99,0.00,0,0,1,0.20,0.30,0,0.00,0.00,0.61,0.40,2,0,0.00,62,22,24,61,28,0.12,8,0.02,0.04,0.38,57,0.08,0.12,41,3,0.60,0.91,0.91,0.60,37,3,0.12,56,1,7,97,0,94,63,0,0.00,99,4,0.00,1.21,7.88,5.20,26,12,33,34,3.64,2.40,46.15,4,1.21,23,0,25.00,0,0.00,99,2,0.40,0.61,73,41,70,86,0,0,0,0,0,48,61,77,75,0,99,42,44,44,0,0,49,20,0,0
Abdullahi Ibrahim Bewene,21,1101715200,2004/11/29,First League,2026/2027,Midfielder,Baník Ostrava,584,224,360,Czechia,7,3,4,0,0,0,0,0,0,0,0,3,2,1,12,3,9,0,0,0,0,0,0,0,0,1.85,49,83,0,0,0,151,149,-1,19,0,6.70,0,69,28.97,26.86,38,188,21.29,149,53,22.96,43,0.00,0.00,0.86,6,0.00,2.00,2.47,2.29,16,0.00,1.14,0.00,0.00,0.00,1.00,1.14,1.86,0.00,1.39,1.00,2.86,0.00,0.29,0.10,0.00,0.43,0.00,0.00,0,0,,9,1.29,61,2,0.31,55,7,1.08,69,1,1,6,88,0.00,99,0,7,1.08,73,14,41,2.16,68,0,0.00,99,0,0.00,0,0,0.00,0,0.92,58,20,3.08,90,8,1.23,40.00,0,0.00,0,0,0,0.00,0,13,0.00,25,2.00,72,N/A,N/A,N/A,N/A,0.00,0,0.00,0,0.67,0.00,0,79.26,22.22,47,27,0.71,0.77,5,89,51,0,0,0,0.00,0.00,0,45,46.90,1.14,1.23,8,0,0.00,0.00,99,0.00,0,0,0,0.00,0.00,0,0.00,0.00,0.00,0.00,0,0,0.00,62,78,89,61,27,0.54,38,0.08,0.08,0.67,51,0.10,0.10,72,10,1.43,1.54,0.77,0.71,30,5,0.10,50,38,45,88,0,66,29,0,0.00,99,3,0.00,0.46,11.25,10.43,73,36,73,80,5.55,5.14,49.32,8,1.23,22,0,7.14,0,0.00,99,1,0.14,0.15,43,78,70,62,0,0,0,0,0,48,61,77,75,0,99,87,44,44,0,0,49,34,0,0
Abdullahi Umar,19,1168934400,2007/01/16,First League,2026/2027,Forward,Hradec Králové,179,97,82,Nigeria,6,3,3,0,0,0,0,0,0,0,0,2,1,1,1,1,0,1,0,0,0,0,0,0,0,0.5,179,30,179,0,0.5,-1,-1,-1,6,0,6.41,0,69,23.63,7.83,24,47,5.50,33,19,16.59,21,0.00,0.00,0.00,0,0.00,0.00,2.01,0.67,4,0.00,0.67,0.00,0.00,0.00,0.00,0.17,0.33,0.00,1.51,0.33,1.33,0.00,0.17,0.04,0.00,0.67,0.00,0.00,0,0,,3,0.50,65,1,0.50,73,2,1.01,65,1,5,1,77,0.00,99,0,0,0.00,20,0,40,0.00,20,0,0.00,99,0,0.00,0,0,0.00,0,0.00,14,8,4.02,98,1,0.50,12.50,0,0.00,0,0,0,0.00,0,2,0.00,95,1.01,33,N/A,N/A,N/A,N/A,0.00,0,0.00,0,0.25,0.00,0,70.21,33.33,68,18,0.33,1.01,2,56,24,0,0,0,0.00,0.00,0,45,38.44,0.00,0.00,0,0,0.00,0.00,99,0.00,0,0,0,0.00,0.00,0,0.00,0.00,1.01,0.33,2,0,0.00,62,0,48,61,93,0.06,3,0.01,0.03,0.25,57,0.04,0.13,70,3,0.50,1.51,4.02,1.33,99,8,0.13,56,7,3,88,0,99,81,0,0.00,99,4,0.00,2.01,18.60,6.17,37,12,83,99,6.03,2.00,32.43,4,2.01,5,0,0.00,0,0.00,99,0,0.00,0.00,40,3,99,62,0,0,0,0,0,48,61,77,75,0,99,73,53,91,1,17,77,24,0,0
Aboubacar Traoré,22,1092985200,2004/08/20,First League,2026/2027,Defender,Baník Ostrava,377,199,178,Ivory Coast,6,3,3,0,0,0,0,0,0,0,0,2,2,0,9,3,6,0,0,0,0,0,0,0,0,2.15,42,63,0,0,0,156,155,76,14,0,6.67,0,69,40.11,28.00,74,168,24.33,146,83,34.85,76,0.00,0.00,0.83,5,0.00,0.50,1.67,1.17,7,0.00,0.33,0.00,0.00,0.00,0.17,0.67,1.67,0.00,0.72,0.50,1.00,0.00,0.00,0.03,0.00,0.67,0.00,0.00,0,0,,3,0.50,38,0,0.00,32,3,0.72,50,0,3,3,64,0.00,99,0,1,0.24,26,3,80,0.72,42,0,0.00,99,0,0.00,0,0,0.00,0,1.19,70,6,1.43,64,4,0.95,66.67,0,0.00,0,0,0,0.00,0,10,0.00,14,2.39,87,N/A,N/A,N/A,N/A,0.00,0,0.00,0,0.17,0.00,0,86.90,0.00,32,76,0.17,0.24,1,81,80,0,0,0,0.00,0.00,0,45,40.00,0.50,0.72,3,0,0.00,0.00,99,0.00,0,0,0,0.00,0.00,0,0.00,0.00,0.00,0.00,0,0,0.00,62,39,48,61,15,0.53,62,0.09,0.13,0.17,33,0.03,0.04,65,6,1.00,1.43,1.67,1.17,70,7,0.04,32,33,24,88,0,66,53,0,0.00,99,4,0.00,0.95,8.59,6.00,36,21,63,43,5.01,3.50,58.33,2,0.48,53,0,33.33,0,0.00,99,1,0.17,0.24,49,26,91,23,0,0,0,0,0,48,61,77,75,0,99,73,44,44,0,0,49,8,0,0
Adam Carlén,26,962089200,2000/06/27,First League,2026/2027,Midfielder,Líšeň,415,230,185,Sweden,7,3,4,0,0,0,0,0,0,0,0,0,0,0,12,9,3,1,0,0,0,0,0,0,0,2.6,35,59,415,0,0.22,115,114,-1,21,0,6.41,0,69,18.79,14.33,15,86,10.00,60,18,13.11,14,0.00,0.00,0.00,0,0.00,0.17,2.62,2.00,12,0.00,0.50,0.00,0.00,0.00,0.50,0.17,2.00,0.00,0.44,0.33,0.33,0.00,0.00,0.02,0.00,0.67,0.00,0.00,0,0,,2,0.33,23,0,0.00,32,2,0.44,34,2,0,6,90,0.00,99,0,3,0.66,46,1,40,0.22,23,0,0.00,99,0,0.00,0,0,0.00,0,0.00,14,2,0.44,26,1,0.22,50.00,0,0.00,0,0,0,0.00,0,12,0.00,2,2.62,90,N/A,N/A,N/A,N/A,0.00,0,0.00,0,0.11,0.00,0,69.77,0.00,32,16,0.83,1.09,5,36,66,0,0,0,0.17,0.22,1,56,38.46,1.17,1.53,7,0,0.00,0.00,99,0.00,0,0,0,0.00,0.00,0,0.00,0.00,0.00,0.00,0,0,0.00,62,46,89,61,3,0.13,3,0.02,0.03,0.11,21,0.02,0.02,7,1,0.17,0.22,1.31,1.00,56,6,0.02,20,7,53,88,0,66,48,0,0.00,99,4,0.00,0.87,8.08,6.17,37,18,40,35,3.93,3.00,48.65,3,0.66,45,0,0.00,0,0.00,99,0,0.00,0.00,40,78,47,86,0,0,0,0,0,48,61,77,75,0,99,18,84,62,1,14,66,21,0,0
Adam Gabriel,25,991033200,2001/05/28,First League,2026/2027,Defender,Viktoria Plzeň,70,46,24,Czech Republic,2,1,1,0,0,0,0,0,0,0,0,1,0,1,0,0,0,0,0,0,0,0,0,0,0,0,0,35,0,0,0,-1,-1,-1,14,0,6.47,0,69,42.43,16.50,79,33,12.00,24,26,30.86,67,0.00,0.00,0.00,0,0.00,1.50,1.29,0.50,1,0.00,0.00,0.00,0.00,0.00,0.50,0.00,0.00,0.00,1.29,0.50,1.00,0.00,0.00,0.03,0.00,0.00,0.00,0.00,0,0,,1,0.50,58,0,0.00,32,1,1.29,76,1,1,1,50,0.00,99,0,1,1.29,83,3,80,3.86,84,0,0.00,99,0,0.00,0,0,0.00,0,0.00,14,2,2.57,84,0,0.00,0.00,0,0.00,0,0,0,0.00,0,0,0.00,99,0.00,0,N/A,N/A,N/A,N/A,0.00,0,0.00,0,0.06,0.00,0,72.73,0.00,32,99,0.00,0.00,0,23,23,0,0,0,0.00,0.00,0,45,12.94,1.00,2.57,2,0,0.00,0.00,99,0.00,0,0,0,0.00,0.00,0,0.00,0.00,0.00,0.00,0,0,0.00,62,0,0,61,0,0.05,24,0.03,0.06,0.06,46,0.03,0.08,61,1,0.50,1.29,0.00,0.00,7,0,0.08,45,11,73,88,0,66,8,0,0.00,99,0,0.00,0.00,6.43,2.50,5,2,15,19,2.57,1.00,40.00,0,0.00,99,0,33.33,0,0.00,99,1,0.50,1.29,91,3,70,62,0,0,0,0,0,48,61,77,75,0,99,95,44,44,0,0,49,29,0,0
Adam Gaži,23,1046505600,2003/03/01,First League,2026/2027,Defender,Zlín,82,46,36,Slovakia,3,1,2,0,0,0,0,0,0,0,0,0,0,0,1,1,0,0,0,0,0,0,0,0,0,1.1,82,27,0,0,0,-1,-1,-1,13,0,6.62,0,69,31.83,9.67,48,29,7.33,22,35,24.15,49,0.00,0.00,0.00,0,0.00,0.67,3.29,1.00,3,0.00,0.33,0.00,0.00,0.00,0.00,0.67,0.33,0.00,1.10,0.00,0.67,0.00,0.33,0.05,0.00,0.67,0.00,0.00,0,0,,1,0.33,51,1,1.10,95,0,0.00,17,1,2,1,97,0.00,99,0,0,0.00,20,2,40,2.20,68,0,0.00,99,0,0.00,0,0,0.00,0,0.00,14,2,2.20,80,2,2.20,100.00,0,0.00,0,0,0,0.00,0,1,0.00,63,1.10,36,N/A,N/A,N/A,N/A,0.00,0,0.00,0,0.14,0.00,0,75.86,100.00,99,99,0.00,0.00,0,98,99,0,0,0,0.00,0.00,0,45,19.87,0.33,1.10,1,0,0.00,0.00,99,0.00,0,0,0,0.00,0.00,0,0.00,0.00,0.00,0.00,0,0,0.00,62,0,3,61,63,0.04,8,0.01,0.04,0.14,59,0.05,0.15,51,1,0.33,1.10,1.10,0.33,45,1,0.15,58,28,40,88,0,66,83,0,0.00,99,2,0.00,2.20,13.17,4.00,12,8,99,92,8.78,2.67,66.67,1,1.10,25,0,0.00,0,0.00,99,0,0.00,0.00,40,3,85,62,0,0,0,0,0,48,61,77,75,0,99,18,44,44,0,0,49,11,0,0
Adam Hrdina,22,1076572800,2004/02/12,First League,2026/2027,Goalkeeper,Zbrojovka Brno,720,450,270,Slovakia,8,5,3,0,0,0,0,0,0,0,0,2,1,1,10,5,5,0,0,0,0,0,0,0,0,1.25,72,90,0,0,0,186,189,41,19,0,6.94,0,69,40.43,40.43,75,283,27.57,193,16,27.57,60,0.00,0.00,0.00,0,0.00,0.00,0.14,0.14,1,0.00,0.00,0.00,0.00,3.14,0.00,0.00,4.43,0.00,0.00,0.00,0.00,0.00,0.00,0.00,0.00,0.14,0.00,0.00,0,0,,0,0.00,13,0,0.00,32,0,0.00,17,0,0,7,9,0.00,99,0,0,0.00,20,0,40,0.00,20,0,0.00,99,0,0.00,0,0,0.00,0,0.00,14,0,0.00,12,0,0.00,0.00,0,0.00,0,22,78,3.14,83,31,0.00,54,4.43,98,N/A,N/A,N/A,N/A,70.97,0,0.00,0,0.00,0.00,0,68.20,0.00,32,99,0.00,0.00,0,23,23,0,0,12,0.00,0.00,0,45,48.56,1.00,1.00,7,0,0.00,0.00,99,0.00,0,0,0,0.00,0.00,3,0.43,0.43,0.00,0.00,0,0,0.00,62,99,99,61,54,0.48,32,0.07,0.07,0.00,13,0.00,0.00,5,1,0.14,0.14,0.00,0.00,7,0,0.00,13,72,37,88,50,66,9,0,0.00,99,1,0.00,0.14,0.57,0.57,4,4,5,4,0.57,0.57,100.00,0,0.00,99,0,0.00,0,0.00,99,0,0.00,0.00,40,99,47,23,0,0,0,0,0,48,61,77,75,0,99,48,44,44,0,0,49,1,0,0
Adam Kadlec,23,1057474800,2003/07/06,First League,2026/2027,Defender,Mladá Boleslav,5,5,0,Czech Republic,2,1,1,0,0,0,0,0,0,0,0,1,1,0,0,0,0,0,0,0,0,0,0,0,0,0,0,3,0,0,0,-1,-1,-1,10,0,3.38,0,69,0.00,0.00,0,0,0.00,0,0,0.00,0,0.00,0.00,0.00,0,0.00,0.00,15.00,0.50,1,0.00,0.00,0.00,0.00,0.00,0.00,0.00,0.00,0.00,0.00,0.00,0.00,0.00,0.00,0.00,0.00,0.00,0.00,0.00,0,0,,0,0.00,13,0,0.00,32,0,0.00,17,0,2,0,99,0.00,99,0,0,0.00,20,0,40,0.00,20,0,0.00,99,0,0.00,0,0,0.00,0,0.00,14,0,0.00,12,0,0.00,0.00,0,0.00,0,0,0,0.00,0,0,0.00,99,0.00,0,N/A,N/A,N/A,N/A,0.00,0,0.00,0,0.00,0.00,0,0.00,0.00,32,99,0.00,0.00,0,23,23,0,0,0,0.00,0.00,0,45,6.75,2.00,60.00,4,0,0.00,0.00,99,0.00,0,0,0,0.00,0.00,0,0.00,0.00,0.00,0.00,0,0,0.00,62,0,0,61,0,0.00,0,0.00,0.00,0.00,13,0.00,0.00,4,0,0.00,0.00,0.00,0.00,7,0,0.00,13,0,99,88,0,66,8,0,0.00,99,0,0.00,0.00,15.00,0.50,1,1,99,98,15.00,0.50,100.00,0,0.00,99,0,0.00,0,0.00,99,0,0.00,0.00,40,0,85,23,0,0,0,0,0,48,61,77,75,0,99,95,44,44,0,0,49,27,0,0
Adam Karabec,23,1057129200,2003/07/02,First League,2026/2027,Midfielder,Sparta Praha,549,249,300,Czech Republic,7,3,4,3,1,2,0,0,0,0,0,1,0,1,9,4,5,1,0,0.49,0,0.49,0.36,0.6,183,1.48,61,78,549,0,0.16,16,197,-1,2,0,7.47,0,69,32.79,28.57,50,200,23.71,166,65,27.21,58,0.00,0.00,3.57,25,0.00,6.86,0.33,0.29,2,0.00,0.71,0.00,0.00,0.00,0.14,1.57,1.29,5.33,2.62,1.14,2.71,0.00,1.14,0.46,0.00,0.29,0.00,0.00,0,0,,16,2.29,91,8,1.31,97,8,1.31,77,1,1,6,13,0.00,99,0,1,0.16,22,48,54,7.87,99,0,0.00,99,0,0.00,0,0,0.00,0,4.10,99,19,3.11,90,11,1.80,57.89,0,0.00,0,0,0,0.00,0,9,0.00,43,1.48,50,N/A,N/A,N/A,N/A,0.00,0,0.00,0,3.19,0.00,0,83.00,50.00,87,65,0.29,0.33,2,97,73,2,0,0,0.00,0.00,0,45,52.32,0.14,0.16,1,0,0.00,0.00,99,0.00,0,2,2,0.29,0.33,0,0.00,0.00,0.00,0.00,0,1,18.75,80,72,89,69,43,1.10,72,0.16,0.18,1.79,80,0.26,0.29,90,14,2.00,2.30,1.15,1.00,47,7,0.52,94,99,4,97,0,66,21,0,0.00,99,2,0.00,0.33,8.85,7.71,54,29,56,47,4.75,4.14,53.70,5,0.82,37,0,20.83,0,0.00,99,10,1.43,1.64,95,78,70,62,0,0,0,0,0,84,93,94,82,0,99,31,91,54,1,14,66,10,0,0
Adam Olamilekan Alabi,20,1150527600,2006/06/17,First League,2026/2027,Defender,Slovácko,15,0,15,Nigeria,2,0,2,0,0,0,0,0,0,0,0,0,0,0,0,0,0,0,0,0,0,0,0,0,0,0,0,8,0,0,0,-1,-1,-1,5,0,6.67,0,69,54.00,6.00,90,6,6.00,6,99,54.00,95,0.00,0.00,0.00,0,0.00,0.00,9.00,1.00,1,0.00,0.00,0.00,0.00,0.00,0.00,0.00,0.00,0.00,0.00,0.00,0.00,0.00,0.00,0.00,0.00,0.00,0.00,0.00,0,0,,0,0.00,13,0,0.00,32,0,0.00,17,0,1,0,99,0.00,99,0,0,0.00,20,0,40,0.00,20,0,0.00,99,0,0.00,0,0,0.00,0,0.00,14,0,0.00,12,0,0.00,0.00,0,0.00,0,0,0,0.00,0,0,0.00,99,0.00,0,N/A,N/A,N/A,N/A,0.00,0,0.00,0,0.00,0.00,0,100.00,0.00,32,99,0.00,0.00,0,23,23,0,0,0,0.00,0.00,0,45,6.67,0.00,0.00,0,0,0.00,0.00,99,0.00,0,0,0,0.00,0.00,0,0.00,0.00,0.00,0.00,0,0,0.00,62,0,0,61,0,0.01,46,0.01,0.09,0.00,13,0.00,0.00,99,1,1.00,9.00,0.00,0.00,7,0,0.00,13,33,3,88,0,66,8,0,0.00,99,0,0.00,0.00,18.00,2.00,2,2,99,99,18.00,2.00,100.00,0,0.00,99,0,0.00,0,0.00,99,0,0.00,0.00,40,0,70,23,0,0,0,0,0,48,61,77,75,0,99,18,44,44,0,0,49,14,0,0
Adam Petrák,27,935132400,1999/08/20,First League,2026/2027,Midfielder,Líšeň,148,42,106,Czech Republic,6,3,3,0,0,0,0,0,0,0,0,0,0,0,2,1,1,0,0,0,0,0,0,0,0,1.22,74,25,0,0,0,-1,-1,-1,12,0,4.35,0,69,31.62,8.67,47,52,6.00,36,16,21.89,37,0.00,0.00,0.17,1,0.00,0.17,5.47,1.50,9,0.00,0.17,0.00,0.00,0.00,0.33,0.00,0.33,0.00,2.43,0.50,0.17,0.00,0.17,0.04,0.00,0.67,0.00,0.00,0,0,,4,0.67,87,1,0.61,76,3,1.82,90,1,5,1,99,0.00,99,0,2,1.22,79,1,99,0.61,40,0,0.00,99,0,0.00,0,0,0.00,0,0.61,41,1,0.61,35,0,0.00,0.00,0,0.00,0,0,0,0.00,0,2,0.00,55,1.22,42,N/A,N/A,N/A,N/A,0.00,0,0.00,0,0.26,0.00,0,69.23,25.00,53,12,0.33,1.22,2,23,23,0,0,0,0.17,0.61,1,82,26.09,0.17,0.61,1,0,0.00,0.00,99,0.00,0,0,0,0.00,0.00,0,0.00,0.00,0.00,0.00,0,0,0.00,62,0,48,61,56,0.13,38,0.02,0.08,0.26,60,0.04,0.16,57,2,0.33,1.22,1.82,0.50,76,3,0.16,60,0,17,88,0,66,87,0,0.00,99,4,0.00,2.43,15.81,4.33,26,15,99,99,9.12,2.50,57.69,1,0.61,47,0,100.00,0,0.00,99,1,0.17,0.61,73,3,99,62,0,0,0,0,0,48,61,77,75,0,99,18,44,44,0,0,49,14,0,0
Adam Ševínský,22,1087628400,2004/06/19,First League,2026/2027,Defender,Sparta Praha,277,90,187,Czech Republic,4,1,3,0,0,0,0,0,0,0,0,0,0,0,6,1,5,0,0,0,0,0,0,0,0,1.95,46,69,0,0,0,192,190,70,22,0,6.60,0,69,85.13,65.50,99,262,60.25,241,98,78.30,99,0.00,0.00,0.00,0,0.00,0.00,0.97,0.75,3,0.00,0.50,0.00,0.00,0.00,0.75,0.25,1.50,0.00,0.65,0.00,0.25,0.00,0.50,0.07,0.00,1.50,0.00,0.00,0,0,,2,0.50,35,2,0.65,78,0,0.00,17,0,1,3,34,0.00,99,0,3,0.97,68,0,40,0.00,20,0,0.00,99,0,0.00,0,0,0.00,0,0.00,14,1,0.32,21,1,0.32,100.00,0,0.00,0,0,0,0.00,0,6,0.00,19,1.95,70,N/A,N/A,N/A,N/A,0.00,0,0.00,0,0.27,0.00,0,91.98,100.00,99,66,0.25,0.32,1,44,99,0,0,0,0.50,0.65,2,84,26.40,3.50,4.55,14,0,0.00,0.00,99,0.00,0,0,1,0.25,0.32,0,0.00,0.00,0.00,0.00,0,0,0.00,62,17,12,61,20,0.57,73,0.14,0.19,0.27,49,0.07,0.09,11,1,0.25,0.32,0.32,0.25,13,1,0.09,48,27,85,97,0,66,80,0,0.00,99,6,0.00,1.95,5.85,4.50,18,9,21,14,2.92,2.25,50.00,2,0.65,46,0,0.00,0,0.00,99,0,0.00,0.00,40,26,70,23,0,0,0,0,0,48,61,77,75,0,99,18,44,44,0,0,49,19,0,0
Adam Vlkanova,32,778662000,1994/09/04,First League,2026/2027,Midfielder,Hradec Králové,140,71,69,Czech Republic,5,3,2,0,0,0,0,0,0,0,0,1,1,0,0,0,0,1,0,0,0,0,0,0,0,0,0,28,140,0,0.64,-1,-1,-1,10,0,6.49,0,69,29.57,9.20,40,46,7.60,38,63,24.43,50,0.00,0.00,0.20,1,0.00,0.80,2.57,0.80,4,0.00,0.40,0.00,0.00,0.00,0.20,0.00,0.20,0.00,1.93,0.60,0.40,0.00,0.00,0.03,0.00,0.20,0.00,0.00,0,0,,3,0.60,75,0,0.00,32,3,1.93,91,0,5,0,89,0.00,99,0,1,0.64,46,4,63,2.57,73,0,0.00,99,0,0.00,0,0,0.00,0,0.64,43,2,1.29,60,0,0.00,0.00,0,0.00,0,0,0,0.00,0,1,0.00,99,0.64,11,N/A,N/A,N/A,N/A,0.00,0,0.00,0,0.14,0.00,0,82.61,0.00,32,36,0.20,0.64,1,23,23,0,0,0,0.00,0.00,0,45,32.45,0.00,0.00,0,0,0.00,0.00,99,0.00,0,0,0,0.00,0.00,0,0.00,0.00,0.64,0.20,1,0,0.00,62,0,24,61,0,0.13,38,0.03,0.08,0.14,49,0.03,0.09,83,3,0.60,1.93,1.93,0.60,80,3,0.09,48,13,3,88,0,94,41,0,0.00,99,1,0.00,0.64,15.43,4.80,24,8,63,99,5.14,1.60,33.33,2,1.29,20,0,25.00,0,0.00,99,1,0.20,0.64,74,0,99,23,0,0,0,0,0,48,61,77,75,0,99,42,48,96,1,20,80,58,0,0
Adam Zadražil,26,965545200,2000/08/06,First League,2026/2027,Goalkeeper,Hradec Králové,630,360,270,Czech Republic,7,4,3,0,0,0,0,0,0,0,0,2,1,1,5,3,2,0,0,0,0,0,0,0,0,0.71,126,90,0,0,0,91,78,15,19,0,7.14,0,69,37.00,37.00,62,259,21.00,147,3,21.00,34,0.00,0.00,0.00,0,0.00,0.00,0.00,0.00,0,0.00,0.00,0.00,0.00,3.86,0.00,0.14,4.71,0.00,0.00,0.00,0.14,0.00,0.00,0.00,0.00,0.86,0.00,0.00,0,0,,0,0.00,13,0,0.00,32,0,0.00,17,0,0,7,7,0.00,99,0,0,0.00,20,0,40,0.00,20,0,0.00,99,0,0.00,0,0,0.00,0,0.00,14,1,0.14,15,1,0.14,100.00,0,0.00,0,27,99,3.86,94,33,0.00,86,4.71,99,N/A,N/A,N/A,N/A,81.82,0,0.00,0,0.00,0.00,0,56.76,0.00,32,99,0.00,0.00,0,27,99,0,0,14,0.00,0.00,0,45,49.98,1.71,1.71,12,0,0.00,0.00,99,0.00,0,0,0,0.00,0.00,5,0.71,0.71,0.00,0.00,0,0,0.00,62,94,89,61,86,0.34,17,0.05,0.05,0.00,13,0.00,0.00,23,4,0.57,0.57,0.00,0.00,7,0,0.00,13,91,60,88,75,66,48,0,0.00,99,6,0.00,0.86,1.43,1.43,10,10,7,7,1.43,1.43,100.00,0,0.00,99,0,0.00,0,0.00,99,0,0.00,0.00,40,99,47,23,0,0,0,0,0,48,61,77,75,0,99,65,44,44,0,0,49,12,0,0
Ahmad Ghali,26,961743600,2000/06/23,First League,2026/2027,Midfielder,Sigma Olomouc,608,262,346,Nigeria,7,3,4,2,1,1,1,1,0,0,0,1,1,0,8,3,5,2,0,0.44,0.15,0.3,0.34,0.26,304,1.18,76,87,304,608,0.3,34,59,-1,2,0,7.16,0.14,73,31.97,30.86,48,216,26.43,185,77,27.38,59,0.00,0.00,1.00,7,0.00,3.29,1.48,1.43,10,0.00,0.00,0.00,0.00,0.00,0.86,0.86,1.14,6.50,1.92,0.86,1.29,0.00,1.00,0.33,0.00,0.57,0.00,0.00,0,0,,13,1.86,75,7,1.04,93,6,0.89,59,1,0,7,58,0.00,99,0,6,0.89,63,23,56,3.40,80,0,0.00,99,0,0.00,0,0,0.00,0,1.04,63,9,1.33,62,6,0.89,66.67,0,0.00,0,0,0,0.00,0,8,0.00,58,1.18,40,N/A,N/A,N/A,N/A,0.00,0,0.00,0,2.34,0.00,0,85.65,53.85,89,70,0.29,0.30,2,78,80,0,0,0,0.14,0.15,1,49,50.13,1.57,1.63,11,0,0.00,0.00,99,0.00,0,0,0,0.00,0.00,0,0.00,0.00,0.44,0.43,3,0,15.38,76,82,89,81,58,1.21,72,0.17,0.18,2.34,85,0.33,0.35,56,8,1.14,1.18,0.89,0.86,35,6,0.35,84,93,57,88,0,88,37,0,0.00,99,4,0.00,0.59,6.51,6.29,44,28,43,20,4.14,4.00,63.64,0,0.00,99,0,21.74,0,0.00,99,5,0.71,0.74,77,99,47,62,0,0,0,0,0,79,83,79,81,0,99,31,73,73,2,29,93,70,0,0
Alan Marinelli,27,923468400,1999/04/07,First League,2026/2027,Forward,Slovácko,104,93,11,Argentina,3,2,1,0,0,0,0,0,0,0,0,0,0,0,3,3,0,0,0,0,0,0,0,0,0,2.6,35,35,0,0,0,-1,-1,-1,17,0,6.61,0,69,17.31,6.67,10,20,4.33,13,9,11.25,9,0.00,0.00,0.00,0,0.00,0.00,0.00,0.00,0,0.00,1.00,0.00,0.00,0.00,0.00,1.33,1.00,0.00,1.73,0.00,1.67,0.00,0.67,0.10,0.00,0.33,0.00,0.00,0,0,,2,0.67,71,2,1.73,99,0,0.00,17,1,2,1,7,0.00,99,0,0,0.00,20,0,40,0.00,20,0,0.00,99,0,0.00,0,0,0.00,0,0.00,14,5,4.33,98,4,3.46,80.00,0,0.00,0,0,0,0.00,0,3,0.00,2,2.60,90,N/A,N/A,N/A,N/A,0.00,0,0.00,0,0.29,0.00,0,65.00,100.00,99,99,0.00,0.00,0,99,88,0,0,0,0.00,0.00,0,45,19.84,0.00,0.00,0,0,0.00,0.00,99,0.00,0,0,0,0.00,0.00,0,0.00,0.00,0.87,0.33,1,0,0.00,62,0,3,61,3,0.03,3,0.01,0.03,0.29,76,0.10,0.25,39,1,0.33,0.87,0.00,0.00,7,0,0.25,75,27,3,88,0,98,48,0,0.00,99,1,0.00,0.87,9.52,3.67,11,6,65,57,5.19,2.00,54.55,3,2.60,2,0,0.00,0,0.00,99,0,0.00,0.00,40,3,85,62,0,0,0,0,0,48,61,77,75,0,99,18,44,44,0,0,49,9,0,0
Albert Labík,22,1084431600,2004/05/13,First League,2026/2027,Defender,Líšeň,379,224,155,Czechia,5,3,2,1,0,1,0,0,0,0,0,0,0,0,10,7,3,0,0,0.24,0,0.24,0,0.58,379,2.37,38,76,0,0,0,50,164,83,3,0,6.63,0,69,30.67,26.75,43,107,21.00,84,50,24.08,48,0.00,0.00,0.50,2,0.00,1.00,0.57,0.50,2,0.00,0.75,0.00,0.00,0.00,0.00,1.25,2.00,3.00,0.86,0.50,1.75,0.00,0.25,0.20,0.00,0.25,0.00,0.00,0,0,,3,0.75,44,1,0.29,53,2,0.57,42,0,1,3,19,0.00,99,0,0,0.00,20,4,40,1.15,50,0,0.00,99,0,0.00,0,0,0.00,0,0.57,37,7,2.01,77,5,1.43,71.43,0,0.00,0,0,0,0.00,0,8,0.00,6,2.29,85,N/A,N/A,N/A,N/A,0.00,0,0.00,0,0.82,0.00,0,78.50,33.33,68,43,0.50,0.57,2,91,82,0,0,0,0.00,0.00,0,45,26.51,0.25,0.29,1,0,0.00,0.00,99,0.00,0,0,0,0.00,0.00,0,0.00,0.00,0.00,0.00,0,0,33.33,93,40,24,88,6,0.28,38,0.07,0.08,0.82,74,0.20,0.24,78,6,1.50,1.72,3.15,2.75,98,11,0.24,73,30,7,88,0,66,18,0,0.00,99,1,0.00,0.29,9.46,8.25,33,14,41,57,4.01,3.50,42.42,3,0.86,35,0,0.00,0,0.00,99,0,0.00,0.00,40,26,70,23,0,0,0,0,0,60,74,94,75,0,99,18,44,44,0,0,49,9,0,0
Aleko Basiladze,20,1135929600,2005/12/30,First League,2026/2027,Forward,Slovan Liberec,0,0,0,Georgia,0,0,0,0,0,0,0,0,0,0,0,0,0,0,0,0,0,0,0,0,0,0,0,0,0,0,0,0,0,0,0,-1,-1,-1,-1,N/A,N/A,N/A,N/A,N/A,N/A,N/A,N/A,N/A,N/A,N/A,N/A,N/A,N/A,N/A,N/A,N/A,N/A,N/A,N/A,N/A,N/A,N/A,N/A,N/A,N/A,N/A,N/A,N/A,N/A,N/A,N/A,N/A,N/A,N/A,N/A,N/A,N/A,N/A,N/A,N/A,N/A,N/A,N/A,N/A,N/A,N/A,N/A,N/A,N/A,N/A,N/A,N/A,N/A,N/A,N/A,N/A,N/A,N/A,N/A,N/A,N/A,N/A,N/A,N/A,N/A,N/A,N/A,N/A,N/A,N/A,N/A,N/A,N/A,N/A,N/A,N/A,N/A,N/A,N/A,N/A,N/A,N/A,N/A,N/A,N/A,N/A,N/A,N/A,N/A,N/A,N/A,N/A,N/A,N/A,N/A,N/A,N/A,N/A,N/A,N/A,N/A,N/A,N/A,N/A,N/A,N/A,N/A,N/A,N/A,N/A,N/A,N/A,N/A,N/A,N/A,N/A,N/A,N/A,N/A,N/A,N/A,N/A,N/A,N/A,N/A,N/A,N/A,N/A,N/A,N/A,N/A,N/A,N/A,N/A,N/A,N/A,N/A,N/A,N/A,N/A,N/A,N/A,N/A,N/A,N/A,N/A,N/A,N/A,N/A,N/A,N/A,N/A,N/A,N/A,N/A,N/A,N/A,N/A,N/A,N/A,N/A,N/A,N/A,N/A,N/A,N/A,N/A,N/A,N/A,N/A,N/A,N/A,N/A,N/A,N/A,N/A,N/A,N/A,N/A,N/A,N/A,N/A,N/A,N/A,N/A,N/A,N/A,N/A,N/A,N/A,N/A,N/A,N/A,N/A,N/A,N/A,N/A,N/A,N/A,N/A,N/A,N/A,N/A,N/A,N/A,N/A,N/A,N/A,N/A,N/A,N/A,N/A,N/A,N/A,N/A,N/A,N/A,N/A,N/A,N/A,N/A,N/A,N/A
Aleš Čermák,31,780994800,1994/10/01,First League,2026/2027,Midfielder,Bohemians 1905,448,168,280,Czech Republic,6,2,4,2,1,1,0,0,0,0,0,2,1,1,8,1,7,0,0,0.4,0,0.4,0.54,0.32,224,1.61,56,75,0,0,0,23,186,-1,2,0,6.84,0,69,43.16,35.20,80,176,29.40,147,67,36.05,78,0.00,0.00,0.60,3,0.00,2.40,1.72,1.40,7,0.00,0.80,0.00,0.00,0.00,1.00,0.60,1.60,1.00,0.49,0.00,0.80,0.00,0.40,0.30,0.00,0.00,0.00,0.00,0,0,,2,0.40,26,2,0.49,70,0,0.00,17,1,1,4,67,0.00,99,0,5,1.23,80,12,43,2.94,77,0,0.00,99,0,0.00,0,0,0.00,0,0.74,50,4,0.98,50,3,0.74,75.00,0,0.00,0,0,0,0.00,0,8,0.00,36,1.96,71,N/A,N/A,N/A,N/A,0.00,0,0.00,0,1.48,0.00,0,83.52,100.00,99,5,1.20,1.47,6,72,87,2,0,0,0.00,0.00,0,45,34.22,0.40,0.49,2,0,0.00,0.00,99,0.00,0,2,0,0.00,0.00,0,0.00,0.00,0.25,0.20,1,1,100.00,99,52,48,74,38,0.39,53,0.08,0.10,0.08,21,0.02,0.02,67,6,1.20,1.47,2.21,1.80,86,9,0.36,85,59,12,88,0,78,8,0,0.00,99,0,0.00,0.00,9.32,7.60,38,16,39,53,3.92,3.20,42.11,4,0.98,31,0,8.33,0,0.00,99,1,0.20,0.25,50,41,70,62,0,0,0,0,0,78,88,81,88,0,99,73,44,44,0,0,49,47,0,0
Aleš Mandous,34,703839600,1992/04/21,First League,2026/2027,Goalkeeper,Pardubice,90,0,90,Czech Republic,1,0,1,0,0,0,0,0,0,0,0,0,0,0,2,0,2,0,0,0,0,0,0,0,0,2,45,90,0,0,0,-1,-1,-1,20,0,5.81,0,69,19.00,19.00,17,19,14.00,14,28,14.00,16,0.00,0.00,0.00,0,0.00,0.00,0.00,0.00,0,0.00,0.00,0.00,0.00,2.00,0.00,0.00,4.00,0.00,0.00,0.00,0.00,0.00,0.00,0.00,0.00,0.00,0.00,0.00,0,0,,0,0.00,13,0,0.00,32,0,0.00,17,0,0,1,7,0.00,99,0,0,0.00,20,0,40,0.00,20,0,0.00,99,0,0.00,0,0,0.00,0,0.00,14,0,0.00,12,0,0.00,0.00,0,0.00,0,2,17,2.00,17,4,0.00,18,4.00,96,N/A,N/A,N/A,N/A,50.00,0,0.00,0,0.00,0.00,0,73.68,0.00,32,99,0.00,0.00,0,23,23,0,0,1,0.00,0.00,0,45,5.81,1.00,1.00,1,0,0.00,0.00,99,0.00,0,0,0,0.00,0.00,0,0.00,0.00,0.00,0.00,0,0,0.00,62,0,0,61,18,0.03,3,0.03,0.03,0.00,13,0.00,0.00,4,0,0.00,0.00,0.00,0.00,7,0,0.00,13,3,37,88,0,66,8,0,0.00,99,0,0.00,0.00,0.00,0.00,0,0,0,0,0.00,0.00,0.00,0,0.00,99,0,0.00,0,0.00,99,0,0.00,0.00,40,3,47,23,0,0,0,0,0,48,61,77,75,0,99,18,44,44,0,0,49,30,0,0
Alexandr Bužek,22,1091430000,2004/08/02,First League,2026/2027,Midfielder,Slovan Liberec,148,39,109,Czech Republic,4,2,2,0,0,0,0,0,0,0,0,3,2,1,0,0,0,0,0,0,0,0,0,0,0,0,0,37,0,0,0,-1,-1,-1,8,0,6.66,0,69,35.60,17.67,57,53,14.00,42,53,28.21,60,0.00,0.00,0.00,0,0.00,0.33,2.01,1.00,3,0.00,0.33,0.00,0.00,0.00,0.33,0.33,0.00,0.00,1.34,0.33,0.67,0.00,0.33,0.07,0.00,1.00,0.00,0.00,0,0,,2,0.67,60,1,0.67,78,1,0.67,47,2,2,1,77,0.00,99,0,1,0.67,49,1,99,0.67,41,0,0.00,99,0,0.00,0,0,0.00,0,0.00,14,2,1.34,62,1,0.67,50.00,0,0.00,0,0,0,0.00,0,0,0.00,99,0.00,0,N/A,N/A,N/A,N/A,0.00,0,0.00,0,0.20,0.00,0,79.25,50.00,87,7,0.67,1.34,2,66,66,0,0,0,0.00,0.00,0,45,19.97,0.00,0.00,0,0,0.00,0.00,99,0.00,0,0,0,0.00,0.00,0,0.00,0.00,0.00,0.00,0,0,0.00,62,0,12,61,0,0.10,32,0.03,0.07,0.20,57,0.07,0.13,30,1,0.33,0.67,1.34,0.67,58,2,0.13,56,31,3,88,0,66,81,0,0.00,99,3,0.00,2.01,11.42,5.67,17,8,67,80,5.37,2.67,47.06,1,0.67,44,0,100.00,0,0.00,99,1,0.33,0.67,75,3,85,86,0,0,0,0,0,48,61,77,75,0,99,99,44,44,0,0,49,16,0,0
Alexandr Sojka,23,1049270400,2003/04/02,First League,2026/2027,Midfielder,Viktoria Plzeň,285,230,55,Czech Republic,6,4,2,0,0,0,1,1,0,0,0,2,0,2,4,4,0,1,0,0.32,0.32,0,0,0,0,1.26,71,48,285,285,0.32,152,15,-1,18,0,6.74,0.17,91,39.16,20.67,70,124,17.33,104,69,32.84,72,0.00,0.00,1.50,9,0.00,3.33,0.63,0.33,2,0.00,0.17,0.00,0.00,0.00,0.17,0.17,0.83,0.00,0.32,0.17,0.50,0.00,0.00,0.01,0.00,0.83,0.00,0.00,0,0,,1,0.17,20,0,0.00,32,1,0.32,29,1,3,3,23,0.00,99,0,1,0.32,30,20,72,6.32,97,0,0.00,99,0,0.00,0,0,0.00,0,2.84,97,3,0.95,49,1,0.32,33.33,0,0.00,0,0,0,0.00,0,5,0.00,52,1.58,53,N/A,N/A,N/A,N/A,0.00,0,0.00,0,0.04,0.00,0,83.87,0.00,32,66,0.17,0.32,1,44,45,0,0,0,0.00,0.00,0,45,40.42,0.67,1.26,4,0,0.00,0.00,99,0.00,0,0,0,0.00,0.00,0,0.00,0.00,0.32,0.17,1,0,0.00,62,19,48,61,53,1.13,95,0.19,0.36,0.04,18,0.01,0.01,60,4,0.67,1.26,0.63,0.33,22,2,0.01,17,44,47,88,0,83,72,0,0.00,99,5,0.00,1.58,6.95,3.67,22,12,38,23,3.79,2.00,54.55,1,0.32,66,0,30.00,0,0.00,99,6,1.00,1.89,97,26,91,62,0,0,0,0,0,72,61,77,75,0,99,73,70,77,1,17,77,12,0,0
Alexandr Urban,22,1082444400,2004/04/20,First League,2026/2027,Goalkeeper,Slovácko,90,0,90,Czech Republic,1,0,1,0,0,0,0,0,0,0,0,0,0,0,5,0,5,0,0,0,0,0,0,0,0,5,18,90,0,0,0,-1,-1,-1,20,0,5.53,0,69,49.00,49.00,86,49,25.00,25,0,25.00,50,0.00,0.00,0.00,0,0.00,0.00,0.00,0.00,0,0.00,0.00,0.00,0.00,4.00,0.00,0.00,9.00,0.00,0.00,0.00,0.00,0.00,0.00,0.00,0.00,0.00,0.00,0.00,0,0,,0,0.00,13,0,0.00,32,0,0.00,17,0,0,1,7,0.00,99,0,0,0.00,20,0,40,0.00,20,0,0.00,99,0,0.00,0,0,0.00,0,0.00,14,0,0.00,12,0,0.00,0.00,0,0.00,0,4,11,4.00,94,9,0.00,0,9.00,99,N/A,N/A,N/A,N/A,44.44,0,0.00,0,0.00,0.00,0,51.02,0.00,32,99,0.00,0.00,0,23,23,0,0,3,0.00,0.00,0,45,5.53,2.00,2.00,2,0,0.00,0.00,99,0.00,0,0,0,0.00,0.00,0,0.00,0.00,0.00,0.00,0,0,0.00,62,0,0,61,0,0.06,24,0.06,0.06,0.00,13,0.00,0.00,45,1,1.00,1.00,0.00,0.00,7,0,0.00,13,2,65,88,0,66,8,0,0.00,99,0,0.00,0.00,1.00,1.00,1,1,6,6,1.00,1.00,100.00,0,0.00,99,0,0.00,0,0.00,99,0,0.00,0.00,40,3,47,23,0,0,0,0,0,48,61,77,75,0,99,18,44,44,0,0,49,33,0,0
Alexis Alégué Elandi,29,851328000,1996/12/23,First League,2026/2027,Forward,Líšeň,621,307,314,Cameroon,8,4,4,1,0,1,0,0,0,0,0,0,0,0,15,11,4,2,0,0.14,0,0.14,0,0.29,621,2.17,41,78,311,0,0.29,75,112,-1,4,0,6.84,0,69,22.03,18.57,21,130,15.71,110,71,18.64,27,0.00,0.00,1.57,11,0.00,3.29,0.85,0.71,5,0.00,0.29,0.00,0.00,0.00,0.29,0.86,1.86,10.00,1.69,0.86,2.29,0.00,0.57,0.20,0.00,0.29,0.00,0.00,0,0,,10,1.43,70,4,0.68,80,6,1.02,66,1,1,6,28,0.00,99,0,2,0.34,31,23,87,3.90,85,0,0.00,99,0,0.00,0,0,0.00,0,1.86,90,16,2.71,87,6,1.02,37.50,0,0.00,0,0,0,0.00,0,13,0.00,13,2.20,81,N/A,N/A,N/A,N/A,0.00,0,0.00,0,1.39,0.00,0,84.62,40.00,73,12,1.00,1.19,7,84,47,0,0,0,0.00,0.00,0,45,47.86,0.71,0.85,5,0,0.00,0.00,99,0.00,0,0,0,0.00,0.00,0,0.00,0.00,0.17,0.14,1,0,10.00,67,85,99,98,13,0.60,53,0.09,0.10,1.39,74,0.20,0.24,83,11,1.57,1.86,0.85,0.71,33,5,0.24,73,59,29,88,0,69,22,0,0.00,99,2,0.00,0.34,8.47,7.14,50,24,42,42,4.07,3.43,48.00,2,0.34,63,0,43.48,0,0.00,99,10,1.43,1.69,96,78,70,62,0,0,0,0,0,50,64,79,75,0,99,18,75,71,1,12,51,7,0,0
Amadou Dante,25,970902000,2000/10/07,First League,2026/2027,Defender,Zbrojovka Brno,637,370,267,Mali,8,5,3,0,0,0,2,2,0,0,0,2,1,1,10,5,5,2,0,0.28,0.28,0,0,0,0,1.41,64,80,319,319,0.28,189,28,49,20,0,7.01,0.25,86,28.63,24.86,37,174,18.86,132,35,21.72,37,0.00,0.00,1.29,9,0.00,3.71,3.62,3.14,22,0.00,0.29,0.00,0.00,0.00,0.86,0.29,1.29,0.00,0.33,0.14,1.14,0.00,0.14,0.02,0.00,0.86,0.00,0.00,0,0,,2,0.29,20,1,0.16,35,1,0.16,20,1,1,6,99,0.00,99,0,6,0.99,68,26,73,4.28,89,0,0.00,99,0,0.00,0,0,0.00,0,1.48,80,8,1.32,61,2,0.33,25.00,0,0.00,0,0,0,0.00,0,9,0.00,44,1.48,50,N/A,N/A,N/A,N/A,0.00,0,0.00,0,0.17,0.00,0,75.86,50.00,87,13,1.00,1.15,7,46,32,0,0,0,0.29,0.33,2,67,49.10,4.57,5.27,32,0,0.00,0.00,99,0.00,0,0,0,0.00,0.00,0,0.00,0.00,0.00,0.00,0,0,0.00,62,95,99,61,45,1.76,88,0.25,0.29,0.17,27,0.02,0.03,37,5,0.71,0.82,1.32,1.14,57,8,0.03,26,79,89,88,0,66,54,0,0.00,99,6,0.00,0.99,9.71,8.43,59,35,78,60,5.76,5.00,59.32,2,0.33,64,0,30.77,0,0.00,99,8,1.14,1.32,92,78,70,62,0,0,0,0,0,64,61,77,75,0,99,48,76,68,2,25,87,44,0,0
Amar Memić,25,993020400,2001/06/20,First League,2026/2027,Midfielder,Viktoria Plzeň,528,258,270,Bosnia and Herzegovina,7,4,3,1,0,1,3,1,2,0,0,2,0,2,10,5,5,0,0,0.68,0.51,0.17,0,0.33,528,1.7,53,75,0,176,0,66,6,-1,6,0,6.97,0.43,98,34.94,29.29,57,205,21.86,153,32,26.08,54,0.00,0.00,1.57,11,0.00,3.57,0.68,0.57,4,0.00,1.00,0.00,0.00,0.00,1.00,0.57,1.43,10.00,1.70,0.86,1.71,0.00,0.57,0.19,0.00,1.29,0.00,0.00,0,0,,10,1.43,70,4,0.68,80,6,1.02,66,1,1,6,24,0.00,99,0,7,1.19,77,25,54,4.26,88,0,0.00,99,0,0.00,0,0,0.00,0,1.88,90,12,2.05,79,4,0.68,33.33,0,0.00,0,0,0,0.00,0,10,0.00,33,1.70,58,N/A,N/A,N/A,N/A,0.00,0,0.00,0,1.36,0.00,0,74.63,40.00,73,45,0.43,0.51,3,67,45,0,0,0,0.43,0.51,3,78,48.76,2.29,2.73,16,0,0.00,0.00,99,0.00,0,0,0,0.00,0.00,0,0.00,0.00,0.17,0.14,1,0,10.00,67,67,89,94,33,2.44,98,0.35,0.42,1.36,71,0.19,0.23,47,6,0.86,1.02,0.85,0.71,33,5,0.23,70,76,76,88,0,69,70,0,0.00,99,9,0.00,1.53,8.69,7.29,51,23,39,45,3.92,3.29,45.10,7,1.19,23,0,20.00,0,0.00,99,5,0.71,0.85,81,78,70,62,0,0,0,0,0,91,68,84,75,0,99,65,44,44,0,0,49,99,0,0
Andrej Stojchevski,23,1053932400,2003/05/26,First League,2026/2027,Defender,Slovácko,720,270,450,FYR Macedonia,8,3,5,0,0,0,0,0,0,0,0,1,1,0,13,3,10,2,0,0,0,0,0,0,0,1.63,55,90,360,0,0.25,171,167,56,16,0,6.78,0,69,48.14,48.14,85,337,42.86,300,90,42.86,86,0.00,0.00,0.71,5,0.00,0.43,0.71,0.71,5,0.00,0.14,0.00,0.00,0.00,1.00,0.14,1.71,0.00,0.57,0.29,0.29,0.00,0.29,0.05,0.00,1.43,0.00,0.00,0,0,,4,0.57,31,2,0.29,53,2,0.29,27,0,0,7,25,0.00,99,0,7,1.00,69,3,80,0.43,34,0,0.00,99,0,0.00,0,0,0.00,0,0.71,49,2,0.29,20,1,0.14,50.00,0,0.00,0,0,0,0.00,0,12,0.00,35,1.71,59,N/A,N/A,N/A,N/A,0.00,0,0.00,0,0.34,0.00,0,89.02,50.00,87,56,0.43,0.43,3,27,66,0,0,0,0.57,0.57,4,81,47.47,4.14,4.14,29,0,0.00,0.00,99,0.00,0,0,0,0.00,0.00,0,0.00,0.00,0.14,0.14,1,0,0.00,62,99,99,61,36,0.92,62,0.13,0.13,0.34,36,0.05,0.05,30,5,0.71,0.71,0.71,0.71,26,5,0.05,35,50,82,88,0,66,69,0,0.00,99,10,0.00,1.43,4.86,4.86,34,20,19,10,2.86,2.86,58.82,1,0.14,82,0,33.33,0,0.00,99,1,0.14,0.14,42,99,47,23,0,0,0,0,0,48,61,77,75,0,99,21,81,66,2,25,87,4,0,0
Andrew Irving,26,958201200,2000/05/13,First League,2026/2027,Midfielder,Sparta Praha,399,184,215,Scotland,6,3,3,2,2,0,1,1,0,0,0,1,0,1,7,2,5,0,0,0.68,0.23,0.45,0.98,0,200,1.58,57,67,0,399,0,19,37,-1,4,0,7.12,0.17,82,64.96,48.00,97,288,43.83,263,97,59.32,97,0.00,0.00,1.00,6,0.00,1.33,1.13,0.83,5,0.00,0.67,0.00,0.00,0.00,0.50,0.67,1.33,3.00,1.35,0.50,1.17,0.00,0.50,0.29,0.00,0.33,0.00,0.00,0,0,,6,1.00,60,3,0.68,80,3,0.68,47,4,1,5,43,0.00,99,0,3,0.68,49,8,44,1.80,64,0,0.00,99,0,0.00,0,0,0.00,0,1.35,77,7,1.58,69,4,0.90,57.14,0,0.00,0,0,0,0.00,0,8,0.00,38,1.80,66,N/A,N/A,N/A,N/A,0.00,0,0.00,0,1.72,0.00,0,91.32,50.00,87,33,0.50,0.68,3,78,73,0,0,0,0.17,0.23,1,57,42.71,1.00,1.35,6,0,0.00,0.00,99,0.00,0,0,0,0.00,0.00,0,0.00,0.00,0.00,0.00,0,0,33.33,93,42,48,72,41,1.35,89,0.23,0.30,1.72,89,0.29,0.39,53,5,0.83,1.13,0.90,0.67,36,4,0.39,88,89,50,88,0,66,27,0,0.00,99,2,0.00,0.45,7.22,5.33,32,16,31,25,3.61,2.67,50.00,4,0.90,34,0,12.50,0,0.00,99,1,0.17,0.23,48,59,70,99,0,0,0,0,0,91,91,77,97,0,99,37,44,44,0,0,49,18,0,0
Anton Ekeroth,24,1000623600,2001/09/16,First League,2026/2027,Defender,Sigma Olomouc,330,108,222,Sweden,5,2,3,0,0,0,1,0,1,0,0,1,1,0,2,0,2,0,0,0.27,0.27,0,0,0,0,0.55,165,66,0,330,0,198,31,9,12,0,6.55,0.2,85,22.36,16.40,21,82,14.00,70,77,19.09,28,0.00,0.00,1.20,6,0.00,2.80,1.09,0.80,4,0.00,0.40,0.00,0.00,0.00,0.00,0.00,0.40,0.00,0.55,0.40,1.40,0.00,0.00,0.02,0.00,0.00,0.00,0.00,0,0,,2,0.40,30,0,0.00,32,2,0.55,40,1,1,4,42,0.00,99,0,0,0.00,20,14,95,3.82,83,0,0.00,99,0,0.00,0,0,0.00,0,1.64,84,7,1.91,75,0,0.00,0.00,0,0.00,0,0,0,0.00,0,2,0.00,92,0.55,5,N/A,N/A,N/A,N/A,0.00,0,0.00,0,0.12,0.00,0,85.37,0.00,32,16,0.80,1.09,4,23,23,0,0,0,0.00,0.00,0,45,32.75,0.40,0.55,2,0,0.00,0.00,99,0.00,0,0,0,0.00,0.00,0,0.00,0.00,0.27,0.20,1,0,0.00,62,30,24,61,93,0.95,83,0.19,0.26,0.12,27,0.02,0.03,62,5,1.00,1.36,1.91,1.40,79,7,0.03,26,19,15,88,0,80,8,0,0.00,99,0,0.00,0.00,9.00,6.60,33,9,14,50,2.45,1.80,27.27,2,0.55,48,0,50.00,0,0.00,99,7,1.40,1.91,97,41,70,62,0,0,0,0,0,64,61,77,75,0,99,42,44,44,0,0,49,29,0,0
Antonín Křapka,32,760176000,1994/02/02,First League,2026/2027,Defender,Zlín,164,74,90,Czech Republic,2,1,1,0,0,0,0,0,0,0,0,0,0,0,5,2,3,0,0,0,0,0,0,0,0,2.74,33,82,0,0,0,-1,-1,-1,7,0,6.20,0,69,54.33,49.50,90,99,42.00,84,73,46.10,90,0.00,0.00,0.00,0,0.00,0.00,0.00,0.00,0,0.00,0.00,0.00,0.00,0.00,0.00,0.00,2.50,0.00,0.55,0.50,0.50,0.00,0.00,0.03,0.00,0.00,0.00,0.00,0,0,,1,0.50,30,0,0.00,32,1,0.55,40,0,1,1,7,0.00,99,0,0,0.00,20,0,40,0.00,20,0,0.00,99,0,0.00,0,0,0.00,0,0.00,14,1,0.55,31,0,0.00,0.00,0,0.00,0,0,0,0.00,0,5,0.00,2,2.74,91,N/A,N/A,N/A,N/A,0.00,0,0.00,0,0.06,0.00,0,84.85,0.00,32,15,1.00,1.10,2,23,23,0,0,0,0.50,0.55,1,79,12.40,4.00,4.39,8,0,0.00,0.00,99,0.00,0,0,0,0.00,0.00,0,0.00,0.00,0.00,0.00,0,0,0.00,62,0,0,61,2,0.18,53,0.09,0.10,0.06,27,0.03,0.03,4,0,0.00,0.00,0.55,0.50,18,1,0.03,26,4,84,88,0,66,8,0,0.00,99,0,0.00,0.00,2.20,2.00,4,0,0,7,0.00,0.00,0.00,0,0.00,99,0,0.00,0,0.00,99,0,0.00,0.00,40,3,70,23,0,0,0,0,0,48,61,77,75,0,99,18,44,44,0,0,49,39,0,0
Antonín Růsek,27,922089600,1999/03/22,First League,2026/2027,Forward,Jablonec,296,136,160,Czech Republic,5,2,3,1,1,0,0,0,0,0,0,3,2,1,2,0,2,0,0,0.3,0,0.3,0.66,0,296,0.61,148,59,0,0,0,32,95,-1,3,0,6.83,0,69,25.84,17.00,29,85,13.00,65,38,19.76,30,0.00,0.00,0.40,2,0.00,1.20,1.52,1.00,5,0.00,1.20,0.00,0.00,0.00,0.00,0.40,0.40,5.00,1.52,0.60,1.00,0.00,0.40,0.20,0.00,0.60,0.00,0.00,0,0,,5,1.00,67,2,0.61,76,3,0.91,61,2,1,4,61,0.00,99,0,0,0.00,20,6,80,1.82,65,0,0.00,99,0,0.00,0,0,0.00,0,0.61,41,5,1.52,67,2,0.61,40.00,0,0.00,0,0,0,0.00,0,2,0.00,90,0.61,10,N/A,N/A,N/A,N/A,0.00,0,0.00,0,0.99,0.00,0,76.47,40.00,73,70,0.20,0.30,1,63,51,0,0,0,0.20,0.30,1,63,34.14,0.60,0.91,3,0,0.00,0.00,99,0.00,0,0,0,0.00,0.00,0,0.00,0.00,0.61,0.40,2,0,20.00,83,21,24,79,90,0.18,17,0.04,0.05,0.99,80,0.20,0.30,57,4,0.80,1.22,0.61,0.40,21,2,0.30,79,57,33,88,0,94,50,0,0.00,99,3,0.00,0.91,9.73,6.40,32,14,47,61,4.26,2.80,43.75,6,1.82,8,0,33.33,0,0.00,99,2,0.40,0.61,73,41,70,86,0,0,0,0,0,70,83,77,91,0,99,98,44,44,0,0,49,9,0,0
Antonín Vaníček,28,893228400,1998/04/22,First League,2026/2027,Midfielder,Zbrojovka Brno,432,247,185,Czech Republic,8,5,3,3,1,2,1,1,0,0,0,2,1,1,5,2,3,2,0,0.83,0.21,0.63,0.36,0.97,144,1.04,86,54,216,432,0.42,8,43,-1,2,0,6.93,0.12,79,23.01,13.00,22,91,8.29,58,7,14.66,17,0.00,0.00,0.86,6,0.00,2.29,2.28,1.29,9,0.00,0.86,0.00,0.00,0.00,0.00,0.29,0.57,4.50,2.28,0.71,1.14,0.00,0.57,0.28,0.00,0.29,0.00,0.00,0,0,,9,1.29,83,4,1.01,93,5,1.26,75,1,4,3,84,0.00,99,0,0,0.00,20,16,74,4.04,87,0,0.00,99,0,0.00,0,0,0.00,0,1.52,82,8,2.02,78,2,0.51,25.00,0,0.00,0,0,0,0.00,0,4,0.00,66,1.01,33,N/A,N/A,N/A,N/A,0.00,0,0.00,0,1.93,0.00,0,63.74,44.44,75,3,0.86,1.52,6,57,32,0,0,0,0.00,0.00,0,45,48.51,0.57,1.01,4,0,0.00,0.00,99,0.00,0,0,0,0.00,0.00,0,0.00,0.00,0.00,0.00,0,0,22.22,84,49,99,65,67,0.93,80,0.13,0.24,1.93,95,0.28,0.49,71,6,0.86,1.52,1.77,1.00,74,7,0.49,93,71,38,88,0,66,31,0,0.00,99,2,0.00,0.51,11.38,6.43,45,19,57,80,4.80,2.71,42.22,6,1.52,14,0,31.25,0,0.00,99,5,0.71,1.26,90,26,97,62,0,1,0,12,0,95,97,99,82,0,99,48,60,85,2,25,87,10,0,0
Artem Harzha,19,1180854000,2007/06/03,First League,2026/2027,Forward,Teplice,28,0,28,Ukraine,1,0,1,0,0,0,0,0,0,0,0,1,0,1,0,0,0,1,0,0,0,0,0,0,0,0,0,28,28,0,3.21,-1,-1,-1,8,0,6.35,0,69,28.93,9.00,38,9,8.00,8,90,25.71,53,0.00,0.00,0.00,0,0.00,0.00,6.43,2.00,2,0.00,3.00,0.00,0.00,0.00,0.00,1.00,0.00,0.00,0.00,0.00,1.00,0.00,0.00,0.00,0.00,0.00,0.00,0.00,0,0,,0,0.00,13,0,0.00,32,0,0.00,17,0,1,0,99,0.00,99,0,0,0.00,20,0,40,0.00,20,0,0.00,99,0,0.00,0,0,0.00,0,0.00,14,1,3.21,91,1,3.21,100.00,0,0.00,0,0,0,0.00,0,0,0.00,99,0.00,0,N/A,N/A,N/A,N/A,0.00,0,0.00,0,0.00,0.00,0,88.89,0.00,32,99,0.00,0.00,0,99,99,0,0,0,0.00,0.00,0,45,6.35,0.00,0.00,0,0,0.00,0.00,99,0.00,0,0,0,0.00,0.00,0,0.00,0.00,3.21,1.00,1,0,0.00,62,0,0,61,0,0.02,24,0.02,0.06,0.00,13,0.00,0.00,4,0,0.00,0.00,6.43,2.00,99,2,0.00,13,6,3,88,0,99,8,0,0.00,99,0,0.00,0.00,25.71,8.00,8,3,99,99,9.64,3.00,37.50,3,9.64,0,0,0.00,0,0.00,99,0,0.00,0.00,40,0,70,23,0,0,0,0,0,48,61,77,75,0,99,99,44,99,1,100,99,20,0,0
Artūr Dolžnikov,26,960274800,2000/06/06,First League,2026/2027,Forward,Slovácko,193,70,123,Lithuania,4,2,2,0,0,0,0,0,0,0,0,1,1,0,2,0,2,0,0,0,0,0,0,0,0,0.93,97,48,0,0,0,-1,-1,-1,12,0,4.83,0,69,15.14,9.00,8,36,6.25,25,17,10.51,8,0.00,0.00,0.50,2,0.00,0.75,1.68,1.00,4,0.00,0.50,0.00,0.00,0.00,0.00,0.25,0.50,0.00,1.26,0.50,1.50,0.00,0.25,0.06,0.00,0.25,0.00,0.00,0,0,,3,0.75,57,1,0.42,63,2,0.84,57,2,2,2,65,0.00,99,0,0,0.00,20,3,40,1.26,52,0,0.00,99,0,0.00,0,0,0.00,0,0.84,56,6,2.52,83,1,0.42,16.67,0,0.00,0,0,0,0.00,0,2,0.00,75,0.84,18,N/A,N/A,N/A,N/A,0.00,0,0.00,0,0.23,0.00,0,69.44,33.33,68,10,0.75,1.26,3,50,26,0,0,0,0.00,0.00,0,45,19.34,0.00,0.00,0,0,0.00,0.00,99,0.00,0,0,0,0.00,0.00,0,0.00,0.00,0.00,0.00,0,0,0.00,62,3,12,61,75,0.12,17,0.03,0.05,0.23,51,0.06,0.10,60,3,0.75,1.26,3.36,2.00,99,8,0.10,50,0,3,88,0,66,24,0,0.00,99,1,0.00,0.42,13.46,8.00,32,9,38,93,3.79,2.25,28.12,2,0.84,36,0,0.00,0,0.00,99,0,0.00,0.00,40,8,85,86,0,0,0,0,0,48,61,77,75,0,99,48,44,44,0,0,49,27,0,0
Artúr Musák,20,1129532400,2005/10/17,First League,2026/2027,Midfielder,Baník Ostrava,182,63,119,Hungary,5,2,3,0,0,0,1,0,1,0,0,2,1,1,1,0,1,0,0,0.49,0.49,0,0,0,0,0.49,182,36,0,182,0,-1,-1,-1,17,0,6.72,0.2,97,40.05,16.20,73,81,14.00,70,82,34.62,75,0.00,0.00,0.60,3,0.00,2.00,1.98,0.80,4,0.00,0.80,0.00,0.00,0.00,0.20,0.80,0.40,0.00,2.97,1.00,1.40,0.00,0.20,0.08,0.00,0.00,0.00,0.00,0,0,,6,1.20,95,1,0.49,70,5,2.47,97,2,4,1,76,0.00,99,0,1,0.49,38,10,85,4.95,93,0,0.00,99,0,0.00,0,0,0.00,0,1.48,80,7,3.46,95,4,1.98,57.14,0,0.00,0,0,0,0.00,0,2,0.00,96,0.99,29,N/A,N/A,N/A,N/A,0.00,0,0.00,0,0.38,0.00,0,86.42,16.67,43,4,0.60,1.48,3,98,73,0,0,0,0.00,0.00,0,45,33.61,0.20,0.49,1,0,0.00,0.00,99,0.00,0,0,0,0.00,0.00,0,0.00,0.00,0.00,0.00,0,0,0.00,62,1,24,61,96,0.82,97,0.16,0.41,0.38,66,0.08,0.19,44,2,0.40,0.99,0.99,0.40,40,2,0.19,65,43,12,88,0,66,8,0,0.00,99,0,0.00,0.00,11.87,4.80,24,10,61,84,4.95,2.00,41.67,4,1.98,6,0,40.00,0,0.00,99,4,0.80,1.98,98,3,97,86,0,0,0,0,0,84,61,77,75,0,99,76,44,44,0,0,49,55,0,0
Asger Sørensen,30,833958000,1996/06/05,First League,2026/2027,Defender,Sparta Praha,180,180,0,Denmark,2,2,0,0,0,0,0,0,0,0,0,0,0,0,2,2,0,0,0,0,0,0,0,0,0,1,90,90,0,0,0,-1,-1,-1,16,0,7.10,0,69,89.50,89.50,99,179,83.50,167,99,83.50,99,0.00,0.00,0.50,1,0.00,0.00,1.50,1.50,3,0.00,0.00,0.00,0.00,0.00,0.50,0.50,1.00,0.00,0.50,0.00,0.50,0.00,0.50,0.06,0.00,1.50,0.00,0.00,0,0,,1,0.50,27,1,0.50,73,0,0.00,17,0,0,2,60,0.00,99,0,1,0.50,38,0,40,0.00,20,0,0.00,99,0,0.00,0,0,0.00,0,0.50,35,1,0.50,30,1,0.50,100.00,0,0.00,0,0,0,0.00,0,2,0.00,70,1.00,31,N/A,N/A,N/A,N/A,0.00,0,0.00,0,0.11,0.00,0,93.30,100.00,99,99,0.00,0.00,0,56,99,0,0,0,0.50,0.50,1,77,14.20,7.00,7.00,14,0,0.00,0.00,99,0.00,0,0,0,0.00,0.00,0,0.00,0.00,0.00,0.00,0,0,0.00,62,0,0,61,70,0.42,76,0.21,0.21,0.11,40,0.06,0.06,20,1,0.50,0.50,0.50,0.50,17,1,0.06,39,88,98,88,0,66,70,0,0.00,99,3,0.00,1.50,5.50,5.50,11,8,40,12,4.00,4.00,72.73,0,0.00,99,0,0.00,0,0.00,99,0,0.00,0.00,40,8,47,23,0,0,0,0,0,48,61,77,75,0,99,18,44,44,0,0,49,25,0,0
Augustin Drakpe,24,1007798400,2001/12/08,First League,2026/2027,Defender,Slovan Liberec,684,360,324,Netherlands,8,4,4,0,0,0,0,0,0,0,0,4,2,2,4,2,2,1,0,0,0,0,0,0,0,0.53,171,86,684,0,0.13,130,129,8,19,0,7.20,0,69,35.91,33.86,58,237,29.86,209,87,31.67,70,0.00,0.00,0.71,5,0.00,0.00,1.82,1.71,12,0.00,0.29,0.00,0.00,0.00,1.14,0.43,0.57,0.00,0.45,0.43,0.43,0.00,0.00,0.02,0.00,2.86,0.00,0.00,0,0,,3,0.43,24,0,0.00,32,3,0.45,35,0,1,6,71,0.00,99,0,8,1.21,79,0,40,0.00,20,0,0.00,99,0,0.00,0,0,0.00,0,0.76,51,3,0.45,27,3,0.45,100.00,0,0.00,0,0,0,0.00,0,4,0.00,93,0.61,10,N/A,N/A,N/A,N/A,0.00,0,0.00,0,0.13,0.00,0,88.19,0.00,32,70,0.29,0.30,2,53,99,0,0,0,0.86,0.91,6,95,50.41,6.57,6.97,46,0,0.00,0.00,99,0.00,0,0,0,0.00,0.00,0,0.00,0.00,0.00,0.00,0,0,0.00,62,96,99,61,93,0.72,57,0.10,0.11,0.13,21,0.02,0.02,48,7,1.00,1.06,0.61,0.57,21,4,0.02,20,95,98,88,0,66,91,0,0.00,99,20,0.00,3.03,9.09,8.57,60,42,91,50,6.36,6.00,70.00,2,0.30,68,0,0.00,0,0.00,99,0,0.00,0.00,40,78,70,23,0,0,0,0,0,48,61,77,75,0,99,95,99,45,0,0,49,14,0,0
Aziz Abdu Kayondo,23,1033887600,2002/10/06,First League,2026/2027,Defender,Slovan Liberec,720,360,360,Uganda,8,4,4,1,1,0,0,0,0,0,0,4,2,2,4,2,2,2,0,0.13,0,0.13,0.25,0,720,0.5,180,90,360,0,0.25,78,132,6,6,0,7.15,0,69,25.43,25.43,28,178,21.57,151,72,21.57,36,0.00,0.00,1.71,12,0.00,4.43,3.00,3.00,21,0.00,1.00,0.00,0.00,0.00,0.86,1.00,0.57,7.00,1.00,0.71,3.29,0.00,0.29,0.16,0.00,0.29,0.00,0.00,0,0,,7,1.00,48,2,0.29,53,5,0.71,50,0,0,7,94,0.00,99,0,6,0.86,60,31,63,4.43,90,0,0.00,99,0,0.00,0,0,0.00,0,1.71,85,23,3.29,91,7,1.00,30.43,0,0.00,0,0,0,0.00,0,4,0.00,95,0.57,7,N/A,N/A,N/A,N/A,0.00,0,0.00,0,1.09,0.00,0,84.83,28.57,57,43,0.57,0.57,4,82,36,0,0,0,0.14,0.14,1,46,50.05,2.14,2.14,15,0,0.00,0.00,99,0.00,0,0,1,0.14,0.14,0,0.00,0.00,0.00,0.00,0,0,14.29,74,99,99,99,95,0.84,60,0.12,0.12,1.09,60,0.16,0.16,94,19,2.71,2.71,0.71,0.71,26,5,0.16,60,92,69,89,0,66,18,0,0.00,99,2,0.00,0.29,12.86,12.86,90,50,97,92,7.14,7.14,55.56,7,1.00,30,0,25.81,0,0.00,99,8,1.14,1.14,86,99,47,23,0,0,0,0,0,49,62,77,77,0,99,95,81,66,2,25,87,27,0,0
Baboucarr Faal,23,1049356800,2003/04/03,First League,2026/2027,Forward,Viktoria Plzeň,20,9,11,Gambia,2,1,1,0,0,0,0,0,0,0,0,0,0,0,0,0,0,0,0,0,0,0,0,0,0,0,0,10,0,0,0,-1,-1,-1,17,0,6.51,0,69,36.00,4.00,58,8,4.00,8,99,36.00,77,0.00,0.00,0.00,0,0.00,0.00,4.50,0.50,1,0.00,0.00,0.00,0.00,0.00,0.00,0.00,0.50,0.00,0.00,0.00,0.00,0.00,0.00,0.00,0.00,0.00,0.00,0.00,0,0,,0,0.00,13,0,0.00,32,0,0.00,17,0,2,0,99,0.00,99,0,0,0.00,20,0,40,0.00,20,0,0.00,99,0,0.00,0,0,0.00,0,0.00,14,0,0.00,12,0,0.00,0.00,0,0.00,0,0,0,0.00,0,1,0.00,99,4.50,99,N/A,N/A,N/A,N/A,0.00,0,0.00,0,0.00,0.00,0,100.00,0.00,32,99,0.00,0.00,0,23,23,0,0,0,0.00,0.00,0,45,13.02,0.50,4.50,1,0,0.00,0.00,99,0.00,0,0,0,0.00,0.00,0,0.00,0.00,0.00,0.00,0,0,0.00,62,0,0,61,0,0.02,46,0.01,0.09,0.00,13,0.00,0.00,4,0,0.00,0.00,4.50,0.50,99,1,0.00,13,15,85,88,0,66,8,0,0.00,99,0,0.00,0.00,4.50,0.50,1,0,0,7,0.00,0.00,0.00,0,0.00,99,0,0.00,0,0.00,99,0,0.00,0.00,40,0,85,23,0,0,0,0,0,48,61,77,75,0,99,18,44,44,0,0,49,23,0,0
Benson Sakala,30,842511600,1996/09/12,First League,2026/2027,Midfielder,Bohemians 1905,270,90,180,Zambia,3,1,2,0,0,0,0,0,0,0,0,2,1,1,3,0,3,0,0,0,0,0,0,0,0,1,90,90,0,0,0,-1,-1,-1,6,0,6.72,0,69,24.33,24.33,25,73,17.67,53,26,17.67,23,0.00,0.00,0.33,1,0.00,0.67,3.00,3.00,9,0.00,0.33,0.00,0.00,0.00,0.67,0.00,1.00,0.00,1.00,1.00,0.33,0.00,0.00,0.06,0.00,1.33,0.00,0.00,0,0,,3,1.00,48,0,0.00,32,3,1.00,65,1,0,3,94,0.00,99,0,2,0.67,49,2,95,0.67,41,0,0.00,99,0,0.00,0,0,0.00,0,0.33,24,1,0.33,23,0,0.00,0.00,0,0.00,0,0,0,0.00,0,3,0.00,70,1.00,31,N/A,N/A,N/A,N/A,0.00,0,0.00,0,0.17,0.00,0,72.60,0.00,32,2,1.67,1.67,5,23,23,0,0,0,0.33,0.33,1,67,20.16,1.67,1.67,5,0,0.00,0.00,99,0.00,0,0,0,0.00,0.00,0,0.00,0.00,0.00,0.00,0,0,0.00,62,15,3,61,70,0.18,24,0.06,0.06,0.17,40,0.06,0.06,30,2,0.67,0.67,0.33,0.33,13,1,0.06,39,43,59,88,0,66,65,0,0.00,99,4,0.00,1.33,8.33,8.33,25,15,62,40,5.00,5.00,60.00,1,0.33,64,0,50.00,0,0.00,99,1,0.33,0.33,57,26,47,62,0,0,0,0,0,48,61,77,75,0,99,99,44,44,0,0,49,6,0,0
Bienvenue Kanakimana,26,946368000,1999/12/28,First League,2026/2027,Forward,Zbrojovka Brno,127,87,40,Burundi,4,2,2,0,0,0,1,1,0,0,0,2,1,1,3,0,3,1,0,0.71,0.71,0,0,0,0,2.13,42,32,127,127,0.71,-1,-1,-1,12,0,6.53,0.25,99,22.68,8.00,22,32,6.00,24,33,17.01,21,0.00,0.00,0.50,2,0.00,1.25,1.42,0.50,2,0.00,0.75,0.00,0.00,0.00,0.25,0.25,0.75,0.00,3.54,0.75,0.50,0.00,0.50,0.11,0.00,0.00,0.00,0.00,0,0,,5,1.25,98,2,1.42,98,3,2.13,93,2,3,1,55,0.00,99,0,1,0.71,50,5,54,3.54,81,0,0.00,99,0,0.00,0,0,0.00,0,1.42,78,2,1.42,63,1,0.71,50.00,0,0.00,0,0,0,0.00,0,3,0.00,14,2.13,79,N/A,N/A,N/A,N/A,0.00,0,0.00,0,0.44,0.00,0,75.00,40.00,73,99,0.00,0.00,0,69,66,0,0,0,0.00,0.00,0,45,26.12,0.00,0.00,0,0,0.00,0.00,99,0.00,0,0,0,0.00,0.00,0,0.00,0.00,0.00,0.00,0,0,0.00,62,0,12,61,15,0.74,99,0.18,0.52,0.44,81,0.11,0.31,4,0,0.00,0.00,2.13,0.75,84,3,0.31,80,17,3,88,0,66,8,0,0.00,99,0,0.00,0.00,9.21,3.25,13,3,11,51,2.13,0.75,23.08,3,2.13,5,0,20.00,0,0.00,99,1,0.25,0.71,76,3,91,86,0,0,0,0,0,91,61,77,75,0,99,95,48,96,1,25,87,19,0,0
Bohdan Slyubyk,22,1076486400,2004/02/11,First League,2026/2027,Defender,Pardubice,0,0,0,Ukraine,0,0,0,0,0,0,0,0,0,0,0,0,0,0,0,0,0,0,0,0,0,0,0,0,0,0,0,0,0,0,0,-1,-1,-1,-1,N/A,N/A,N/A,N/A,N/A,N/A,N/A,N/A,N/A,N/A,N/A,N/A,N/A,N/A,N/A,N/A,N/A,N/A,N/A,N/A,N/A,N/A,N/A,N/A,N/A,N/A,N/A,N/A,N/A,N/A,N/A,N/A,N/A,N/A,N/A,N/A,N/A,N/A,N/A,N/A,N/A,N/A,N/A,N/A,N/A,N/A,N/A,N/A,N/A,N/A,N/A,N/A,N/A,N/A,N/A,N/A,N/A,N/A,N/A,N/A,N/A,N/A,N/A,N/A,N/A,N/A,N/A,N/A,N/A,N/A,N/A,N/A,N/A,N/A,N/A,N/A,N/A,N/A,N/A,N/A,N/A,N/A,N/A,N/A,N/A,N/A,N/A,N/A,N/A,N/A,N/A,N/A,N/A,N/A,N/A,N/A,N/A,N/A,N/A,N/A,N/A,N/A,N/A,N/A,N/A,N/A,N/A,N/A,N/A,N/A,N/A,N/A,N/A,N/A,N/A,N/A,N/A,N/A,N/A,N/A,N/A,N/A,N/A,N/A,N/A,N/A,N/A,N/A,N/A,N/A,N/A,N/A,N/A,N/A,N/A,N/A,N/A,N/A,N/A,N/A,N/A,N/A,N/A,N/A,N/A,N/A,N/A,N/A,N/A,N/A,N/A,N/A,N/A,N/A,N/A,N/A,N/A,N/A,N/A,N/A,N/A,N/A,N/A,N/A,N/A,N/A,N/A,N/A,N/A,N/A,N/A,N/A,N/A,N/A,N/A,N/A,N/A,N/A,N/A,N/A,N/A,N/A,N/A,N/A,N/A,N/A,N/A,N/A,N/A,N/A,N/A,N/A,N/A,N/A,N/A,N/A,N/A,N/A,N/A,N/A,N/A,N/A,N/A,N/A,N/A,N/A,N/A,N/A,N/A,N/A,N/A,N/A,N/A,N/A,N/A,N/A,N/A,N/A,N/A,N/A,N/A,N/A,N/A,N/A
Brian Ouanda,21,1114844400,2005/04/30,First League,2026/2027,Forward,Slavia Praha,181,65,116,Canada,3,1,2,1,1,0,1,0,1,0,0,2,0,2,1,1,0,0,0,0.99,0.5,0.5,1.38,0,181,0.5,181,60,0,181,0,-1,-1,-1,10,0,6.90,0.33,97,15.41,10.33,9,31,7.00,21,13,10.44,8,0.00,0.00,1.00,3,0.00,0.67,1.49,1.00,3,0.00,0.33,0.00,0.00,0.00,0.00,0.00,0.33,3.00,1.49,0.33,1.00,0.00,0.67,0.29,0.00,0.33,0.00,0.00,0,0,,3,1.00,64,2,0.99,91,1,0.50,37,2,0,3,60,0.00,99,0,0,0.00,20,2,95,0.99,48,0,0.00,99,0,0.00,0,0,0.00,0,1.49,81,3,1.49,65,0,0.00,0.00,0,0.00,0,0,0,0.00,0,1,0.00,95,0.50,5,N/A,N/A,N/A,N/A,0.00,0,0.00,0,0.88,0.00,0,67.74,66.67,95,47,0.33,0.50,1,23,23,0,0,0,0.00,0.00,0,45,20.71,1.00,1.49,3,0,0.00,0.00,99,0.00,0,0,0,0.00,0.00,0,0.00,0.00,0.00,0.00,0,0,33.33,93,0,3,68,96,0.78,97,0.26,0.39,0.88,93,0.29,0.44,69,3,1.00,1.49,5.47,3.67,99,11,0.44,92,68,53,88,0,66,31,0,0.00,99,1,0.00,0.50,12.43,8.33,25,7,28,89,3.48,2.33,28.00,1,0.50,53,0,50.00,0,0.00,99,1,0.33,0.50,68,26,47,86,0,0,0,0,0,98,94,77,99,0,99,99,44,44,0,0,49,18,0,0
Caumenan Ange Emmanu N'Guessan,23,1062399600,2003/09/01,First League,2026/2027,Defender,Slavia Praha,248,194,54,France,5,3,2,0,0,0,1,1,0,0,0,2,0,2,3,3,0,1,0,0.36,0.36,0,0,0,0,1.09,83,50,248,248,0.36,-1,-1,-1,22,0,6.68,0.2,93,48.99,27.00,86,135,24.40,122,93,44.27,87,0.00,0.00,0.40,2,0.00,0.00,1.45,0.80,4,0.00,0.20,0.00,0.00,0.00,1.80,0.00,0.60,0.00,1.09,0.60,0.40,0.00,0.00,0.03,0.00,1.80,0.00,0.00,0,0,,3,0.60,51,0,0.00,32,3,1.09,69,1,3,2,57,0.00,99,0,9,3.27,99,0,40,0.00,20,0,0.00,99,0,0.00,0,0,0.00,0,0.73,50,2,0.73,41,0,0.00,0.00,0,0.00,0,0,0,0.00,0,3,0.00,63,1.09,36,N/A,N/A,N/A,N/A,0.00,0,0.00,0,0.17,0.00,0,90.37,0.00,32,6,0.80,1.45,4,23,23,0,0,0,0.20,0.36,1,70,33.40,1.40,2.54,7,0,0.00,0.00,99,0.00,0,0,0,0.00,0.00,0,0.00,0.00,0.36,0.20,1,0,0.00,62,12,24,61,64,0.91,92,0.18,0.33,0.17,40,0.03,0.06,66,4,0.80,1.45,1.09,0.60,45,3,0.06,39,36,73,88,0,85,93,0,0.00,99,9,0.00,3.27,11.25,6.20,31,17,88,80,6.17,3.40,54.84,1,0.36,62,0,0.00,0,0.00,99,0,0.00,0.00,40,8,91,62,0,0,0,0,0,76,61,77,75,0,99,76,65,79,1,20,80,6,0,0
Cheick Souare,24,1031036400,2002/09/03,First League,2026/2027,Midfielder,Viktoria Plzeň,320,118,202,France,6,3,3,1,0,1,2,0,2,0,0,2,0,2,7,2,5,0,0,0.84,0.56,0.28,0,0.45,320,1.97,46,53,0,160,0,40,4,-1,5,0,6.97,0.33,99,35.72,21.17,57,127,17.50,105,64,29.53,64,0.00,0.00,1.50,9,0.00,2.17,0.56,0.33,2,0.00,0.67,0.00,0.00,0.00,0.17,0.17,1.17,13.00,3.66,1.67,0.17,0.00,0.50,0.23,0.00,0.50,0.00,0.00,0,0,,13,2.17,99,3,0.84,86,10,2.81,98,2,2,4,18,0.00,99,0,1,0.28,28,13,48,3.66,82,0,0.00,99,0,0.00,0,0,0.00,0,2.53,97,1,0.28,18,1,0.28,100.00,0,0.00,0,0,0,0.00,0,7,0.00,18,1.97,71,N/A,N/A,N/A,N/A,0.00,0,0.00,0,1.40,0.00,0,82.68,23.08,48,99,0.00,0.00,0,38,99,0,0,0,0.00,0.00,0,45,41.79,0.67,1.12,4,0,0.00,0.00,99,0.00,0,0,0,0.00,0.00,0,0.00,0.00,0.28,0.17,1,0,7.69,64,28,48,83,20,1.76,99,0.29,0.49,1.40,89,0.23,0.39,38,3,0.50,0.84,0.56,0.33,18,2,0.39,88,76,40,88,0,81,47,0,0.00,99,3,0.00,0.84,4.78,2.83,17,8,12,9,2.25,1.33,47.06,4,1.12,25,0,15.38,0,0.00,99,2,0.33,0.56,71,41,85,86,0,0,0,0,0,96,79,89,75,0,99,73,44,44,0,0,49,19,0,0
Christopher Kabongo,23,1061967600,2003/08/27,First League,2026/2027,Forward,Viktoria Plzeň,327,223,104,Czech Republic,6,4,2,3,2,1,0,0,0,0,0,1,0,1,8,3,5,2,0,0.83,0,0.83,0.81,0.87,109,2.2,41,55,164,0,0.55,5,125,-1,1,0,6.63,0,69,18.93,11.50,16,69,9.67,58,70,15.91,20,0.00,0.00,0.00,0,0.00,0.17,2.74,1.67,10,0.00,1.33,0.00,0.00,0.00,0.33,0.50,1.50,2.33,1.92,0.33,1.67,0.00,0.83,0.41,0.00,0.83,0.00,0.00,0,0,,7,1.17,75,5,1.37,97,2,0.55,40,3,2,4,91,0.00,99,0,2,0.55,41,1,40,0.27,27,0,0.00,99,0,0.00,0,0,0.00,0,0.00,14,10,2.74,88,3,0.82,30.00,0,0.00,0,0,0,0.00,0,9,0.00,11,2.47,88,N/A,N/A,N/A,N/A,0.00,0,0.00,0,2.46,0.00,0,84.06,71.43,96,43,0.33,0.55,2,76,35,1,0,0,0.00,0.00,0,45,39.78,0.33,0.55,2,0,0.00,0.00,99,0.00,0,1,1,0.17,0.27,0,0.00,0.00,0.27,0.17,1,0,42.86,95,29,48,64,13,0.10,3,0.02,0.03,1.76,94,0.29,0.48,51,4,0.67,1.10,2.20,1.33,85,8,0.67,98,30,15,95,0,80,67,0,0.00,99,5,0.00,1.37,13.72,8.33,50,22,84,94,6.04,3.67,44.00,8,2.20,4,0,0.00,0,0.00,99,0,0.00,0.00,40,41,85,95,0,0,0,0,0,95,98,98,96,0,99,37,51,94,2,33,96,25,0,0
Cletus Nombil,26,967014000,2000/08/23,First League,2026/2027,Midfielder,Zlín,518,347,171,Ghana,6,4,2,0,0,0,0,0,0,0,0,0,0,0,11,6,5,1,0,0,0,0,0,0,0,1.91,47,86,518,0,0.17,146,143,-1,21,0,6.79,0,69,33.36,32.00,53,192,24.00,144,33,25.02,50,0.00,0.00,0.17,1,0.00,0.17,4.17,4.00,24,0.00,0.50,0.00,0.00,0.00,1.00,0.50,2.00,0.00,0.52,0.33,0.67,0.00,0.17,0.03,0.00,1.00,0.00,0.00,0,0,,3,0.50,28,1,0.17,37,2,0.35,31,2,0,6,99,0.00,99,0,6,1.04,71,1,40,0.17,23,0,0.00,99,0,0.00,0,0,0.00,0,0.17,16,4,0.69,38,3,0.52,75.00,0,0.00,0,0,0,0.00,0,12,0.00,21,2.08,78,N/A,N/A,N/A,N/A,0.00,0,0.00,0,0.21,0.00,0,75.00,33.33,68,33,0.67,0.69,4,59,87,0,0,0,1.00,1.04,6,98,40.72,2.00,2.08,12,1,0.00,0.17,3,0.17,0,0,0,0.00,0.00,0,0.00,0.00,0.17,0.17,1,0,0.00,62,66,48,61,22,0.35,24,0.06,0.06,0.21,33,0.03,0.04,73,9,1.50,1.56,1.74,1.67,73,10,0.04,32,50,68,88,0,69,56,0,0.00,99,6,0.00,1.04,11.12,10.67,64,42,97,78,7.30,7.00,65.62,3,0.52,50,0,0.00,0,0.00,99,0,0.00,0.00,40,78,47,86,0,0,0,0,0,48,61,77,75,0,99,18,89,56,1,17,77,19,0,0
Dalibor Večerka,23,1047456000,2003/03/12,First League,2026/2027,Defender,Teplice,482,302,180,Czech Republic,6,4,2,0,0,0,0,0,0,0,0,1,1,0,9,4,5,0,0,0,0,0,0,0,0,1.68,54,80,0,0,0,140,159,57,20,0,6.55,0,69,40.15,35.83,74,215,32.67,196,96,36.60,79,0.00,0.00,0.00,0,0.00,0.00,1.12,1.00,6,0.00,0.00,0.00,0.00,0.00,0.83,0.00,1.50,0.00,0.00,0.00,0.00,0.00,0.00,0.00,0.00,2.00,0.00,0.00,0,0,,0,0.00,13,0,0.00,32,0,0.00,17,1,1,5,43,0.00,99,0,5,0.93,67,0,40,0.00,20,0,0.00,99,0,0.00,0,0,0.00,0,0.00,14,0,0.00,12,0,0.00,0.00,0,0.00,0,0,0,0.00,0,9,0.00,33,1.68,57,N/A,N/A,N/A,N/A,0.00,0,0.00,0,0.00,0.00,0,91.16,0.00,32,59,0.33,0.37,2,23,23,0,0,0,0.33,0.37,2,70,39.28,4.67,5.23,28,0,0.00,0.00,99,0.00,0,0,0,0.00,0.00,0,0.00,0.00,0.00,0.00,0,0,0.00,62,59,48,61,35,0.46,46,0.08,0.09,0.00,13,0.00,0.00,13,2,0.33,0.37,1.87,1.67,79,10,0.00,13,19,88,88,0,66,85,0,0.00,99,12,0.00,2.24,8.40,7.50,45,20,35,40,3.73,3.33,44.44,0,0.00,99,0,0.00,0,0.00,99,0,0.00,0.00,40,59,70,62,0,0,0,0,0,48,61,77,75,0,99,37,44,44,0,0,49,28,0,0
Daniel Barát,20,1155711600,2006/08/16,First League,2026/2027,Forward,Sigma Olomouc,7,7,0,,1,1,0,0,0,0,0,0,0,0,0,0,0,0,1,1,0,0,0,0,0,0,0,0,0,12.86,7,7,0,0,0,-1,-1,-1,13,0,6.40,0,69,38.57,3.00,68,3,2.00,2,13,25.71,53,0.00,0.00,0.00,0,0.00,0.00,0.00,0.00,0,0.00,0.00,0.00,0.00,0.00,0.00,0.00,1.00,0.00,0.00,0.00,0.00,0.00,0.00,0.00,0.00,0.00,0.00,0.00,0,0,,0,0.00,13,0,0.00,32,0,0.00,17,0,1,0,7,0.00,99,0,0,0.00,20,0,40,0.00,20,0,0.00,99,0,0.00,0,0,0.00,0,0.00,14,0,0.00,12,0,0.00,0.00,0,0.00,0,0,0,0.00,0,1,0.00,18,12.86,99,N/A,N/A,N/A,N/A,0.00,0,0.00,0,0.00,0.00,0,66.67,0.00,32,99,0.00,0.00,0,23,23,0,0,0,0.00,0.00,0,45,6.40,0.00,0.00,0,0,0.00,0.00,99,0.00,0,0,0,0.00,0.00,0,0.00,0.00,0.00,0.00,0,0,0.00,62,0,0,61,0,0.00,0,0.00,0.00,0.00,13,0.00,0.00,4,0,0.00,0.00,12.86,1.00,99,1,0.00,13,7,3,88,0,66,8,0,0.00,99,0,0.00,0.00,12.86,1.00,1,0,0,92,0.00,0.00,0.00,0,0.00,99,0,0.00,0,0.00,99,0,0.00,0.00,40,0,70,23,0,0,0,0,0,48,61,77,75,0,99,18,44,44,0,0,49,19,0,0
Daniel Holzer,31,808729200,1995/08/18,First League,2026/2027,Midfielder,Baník Ostrava,277,104,173,Czech Republic,7,3,4,0,0,0,0,0,0,0,0,3,2,1,6,0,6,0,0,0,0,0,0,0,0,1.95,46,40,0,0,0,159,157,-1,8,0,6.61,0,69,25.67,11.29,29,79,8.00,56,21,18.19,25,0.00,0.00,0.86,6,0.00,2.57,1.30,0.57,4,0.00,0.43,0.00,0.00,0.00,0.71,0.29,1.00,0.00,1.95,0.71,0.57,0.00,0.14,0.05,0.00,0.14,0.00,0.00,0,0,,6,0.86,77,1,0.32,57,5,1.62,84,3,4,3,50,0.00,99,0,5,1.62,94,18,67,5.85,97,0,0.00,99,0,0.00,0,0,0.00,0,1.95,91,4,1.30,60,2,0.65,50.00,0,0.00,0,0,0,0.00,0,7,0.00,19,2.27,83,N/A,N/A,N/A,N/A,0.00,0,0.00,0,0.37,0.00,0,70.89,16.67,43,21,0.43,0.97,3,65,66,0,0,0,0.00,0.00,0,45,46.29,0.43,0.97,3,0,0.00,0.00,99,0.00,0,0,0,0.00,0.00,0,0.00,0.00,0.00,0.00,0,0,0.00,62,17,89,61,20,0.35,57,0.05,0.11,0.37,57,0.05,0.12,28,2,0.29,0.65,2.27,1.00,87,7,0.12,56,27,34,88,0,66,20,0,0.00,99,1,0.00,0.32,9.42,4.14,29,11,31,55,3.57,1.57,37.93,3,0.97,31,0,27.78,0,0.00,99,5,0.71,1.62,94,26,97,95,0,0,0,0,0,48,61,77,75,0,99,87,44,44,0,0,49,95,0,0
Daniel Horák,26,957942000,2000/05/10,First League,2026/2027,Defender,Hradec Králové,594,324,270,Czech Republic,7,4,3,0,0,0,2,2,0,0,0,2,1,1,5,3,2,0,0,0.3,0.3,0,0,0,0,0.76,119,85,0,297,0,81,21,19,13,0,6.95,0.29,88,33.33,31.43,53,220,25.57,179,59,27.12,58,0.00,0.00,1.29,9,0.00,4.00,1.06,1.00,7,0.00,1.00,0.00,0.00,0.00,0.86,0.43,0.86,0.00,1.21,1.00,0.71,0.00,0.14,0.06,0.00,0.57,0.00,0.00,0,0,,8,1.14,55,1,0.15,34,7,1.06,68,4,0,7,41,0.00,99,0,6,0.91,66,28,63,4.24,88,0,0.00,99,0,0.00,0,0,0.00,0,1.36,78,5,0.76,43,3,0.45,60.00,0,0.00,0,0,0,0.00,0,6,0.00,82,0.91,24,N/A,N/A,N/A,N/A,0.00,0,0.00,0,0.44,0.00,0,81.36,12.50,35,70,0.29,0.30,2,53,77,0,0,0,0.14,0.15,1,49,48.62,1.86,1.97,13,0,0.00,0.00,99,0.00,0,0,2,0.29,0.30,0,0.00,0.00,0.45,0.43,3,0,0.00,62,80,89,61,83,1.89,88,0.27,0.29,0.44,43,0.06,0.07,41,6,0.86,0.91,0.30,0.29,12,2,0.07,42,73,63,97,0,89,40,0,0.00,99,4,0.00,0.61,6.36,6.00,42,20,25,18,3.03,2.86,47.62,7,1.06,27,0,25.00,0,0.00,99,7,1.00,1.06,83,99,47,99,0,0,0,0,0,70,61,77,75,0,99,65,44,44,0,0,49,26,0,0
Daniel Langhamer,23,1048147200,2003/03/20,First League,2026/2027,Midfielder,Mladá Boleslav,557,264,293,Czech Republic,7,3,4,1,0,1,2,2,0,0,0,2,2,0,7,0,7,0,0,0.48,0.32,0.16,0,0.31,557,1.13,80,80,0,279,0,68,17,-1,6,0,7.10,0.29,91,36.04,31.17,59,187,26.33,158,70,30.45,67,0.00,0.00,1.17,7,0.00,1.33,1.35,1.17,7,0.00,1.67,0.00,0.00,0.00,0.83,0.00,0.67,8.00,1.54,0.67,0.33,0.00,0.67,0.21,0.00,0.33,0.00,0.00,0,0,,8,1.33,67,4,0.77,83,4,0.77,53,1,0,6,53,0.00,99,0,5,0.96,67,8,63,1.54,59,0,0.00,99,0,0.00,0,0,0.00,0,1.35,77,2,0.39,24,0,0.00,0.00,0,0.00,0,0,0,0.00,0,4,0.00,61,0.77,17,N/A,N/A,N/A,N/A,0.00,0,0.00,0,1.27,0.00,0,84.49,50.00,87,58,0.33,0.39,2,23,23,0,0,0,0.67,0.77,4,91,42.58,0.50,0.58,3,0,0.00,0.00,99,0.00,0,0,0,0.00,0.00,0,0.00,0.00,0.00,0.00,0,0,12.50,70,73,89,96,62,1.74,93,0.29,0.34,1.27,74,0.21,0.24,96,15,2.50,2.89,1.73,1.50,72,9,0.24,73,88,16,88,0,66,23,0,0.00,99,2,0.00,0.39,9.25,8.00,48,23,50,52,4.43,3.83,47.92,10,1.93,7,0,25.00,0,0.00,99,2,0.33,0.39,61,78,47,62,0,0,0,0,0,83,67,80,75,0,99,65,44,44,0,0,49,28,0,0
Daniel Mareček,28,896511600,1998/05/30,First League,2026/2027,Midfielder,Teplice,103,45,58,Czech Republic,5,3,2,0,0,0,0,0,0,0,0,2,1,1,1,0,1,0,0,0,0,0,0,0,0,0.87,103,21,0,0,0,-1,-1,-1,10,0,5.35,0,69,27.09,6.20,32,31,4.60,23,30,20.10,31,0.00,0.00,0.40,2,0.00,2.00,0.00,0.00,0,0.00,0.20,0.00,0.00,0.00,0.00,0.00,0.20,0.00,3.50,0.40,0.00,0.00,0.40,0.07,0.00,0.80,0.00,0.00,0,0,,4,0.80,97,2,1.75,99,2,1.75,88,0,5,0,7,0.00,99,0,0,0.00,20,10,85,8.74,99,0,0.00,99,0,0.00,0,0,0.00,0,1.75,87,0,0.00,12,0,0.00,0.00,0,0.00,0,0,0,0.00,0,1,0.00,78,0.87,21,N/A,N/A,N/A,N/A,0.00,0,0.00,0,0.33,0.00,0,74.19,50.00,87,99,0.00,0.00,0,23,23,0,0,0,0.20,0.87,1,94,26.76,1.60,6.99,8,0,0.00,0.00,99,0.00,0,0,0,0.00,0.00,0,0.00,0.00,0.00,0.00,0,0,0.00,62,0,24,61,78,0.14,60,0.03,0.12,0.33,80,0.07,0.29,92,3,0.60,2.62,2.62,0.60,92,3,0.29,78,1,98,88,0,66,95,0,0.00,99,4,0.00,3.50,11.36,2.60,13,7,87,80,6.12,1.40,53.85,1,0.87,35,0,40.00,0,0.00,99,4,0.80,3.50,99,0,99,23,0,0,0,0,0,48,61,77,75,0,99,76,44,44,0,0,49,37,0,0
Daniel Rus,20,1138867200,2006/02/02,First League,2026/2027,Forward,Slovan Liberec,0,0,0,Czech Republic,0,0,0,0,0,0,0,0,0,0,0,0,0,0,0,0,0,0,0,0,0,0,0,0,0,0,0,0,0,0,0,-1,-1,-1,-1,N/A,N/A,N/A,N/A,N/A,N/A,N/A,N/A,N/A,N/A,N/A,N/A,N/A,N/A,N/A,N/A,N/A,N/A,N/A,N/A,N/A,N/A,N/A,N/A,N/A,N/A,N/A,N/A,N/A,N/A,N/A,N/A,N/A,N/A,N/A,N/A,N/A,N/A,N/A,N/A,N/A,N/A,N/A,N/A,N/A,N/A,N/A,N/A,N/A,N/A,N/A,N/A,N/A,N/A,N/A,N/A,N/A,N/A,N/A,N/A,N/A,N/A,N/A,N/A,N/A,N/A,N/A,N/A,N/A,N/A,N/A,N/A,N/A,N/A,N/A,N/A,N/A,N/A,N/A,N/A,N/A,N/A,N/A,N/A,N/A,N/A,N/A,N/A,N/A,N/A,N/A,N/A,N/A,N/A,N/A,N/A,N/A,N/A,N/A,N/A,N/A,N/A,N/A,N/A,N/A,N/A,N/A,N/A,N/A,N/A,N/A,N/A,N/A,N/A,N/A,N/A,N/A,N/A,N/A,N/A,N/A,N/A,N/A,N/A,N/A,N/A,N/A,N/A,N/A,N/A,N/A,N/A,N/A,N/A,N/A,N/A,N/A,N/A,N/A,N/A,N/A,N/A,N/A,N/A,N/A,N/A,N/A,N/A,N/A,N/A,N/A,N/A,N/A,N/A,N/A,N/A,N/A,N/A,N/A,N/A,N/A,N/A,N/A,N/A,N/A,N/A,N/A,N/A,N/A,N/A,N/A,N/A,N/A,N/A,N/A,N/A,N/A,N/A,N/A,N/A,N/A,N/A,N/A,N/A,N/A,N/A,N/A,N/A,N/A,N/A,N/A,N/A,N/A,N/A,N/A,N/A,N/A,N/A,N/A,N/A,N/A,N/A,N/A,N/A,N/A,N/A,N/A,N/A,N/A,N/A,N/A,N/A,N/A,N/A,N/A,N/A,N/A,N/A,N/A,N/A,N/A,N/A,N/A,N/A
Daniel Samek,22,1077177600,2004/02/19,First League,2026/2027,Midfielder,Líšeň,31,0,31,Czech Republic,1,0,1,0,0,0,0,0,0,0,0,0,0,0,0,0,0,0,0,0,0,0,0,0,0,0,0,31,0,0,0,-1,-1,-1,13,0,6.82,0,69,49.35,17.00,86,17,13.00,13,38,37.74,81,0.00,0.00,0.00,0,0.00,0.00,5.81,2.00,2,0.00,0.00,0.00,0.00,0.00,0.00,1.00,0.00,0.00,0.00,0.00,1.00,0.00,0.00,0.00,0.00,1.00,0.00,0.00,0,0,,0,0.00,13,0,0.00,32,0,0.00,17,0,1,0,99,0.00,99,0,0,0.00,20,0,40,0.00,20,0,0.00,99,0,0.00,0,0,0.00,0,0.00,14,1,2.90,88,1,2.90,100.00,0,0.00,0,0,0,0.00,0,0,0.00,99,0.00,0,N/A,N/A,N/A,N/A,0.00,0,0.00,0,0.00,0.00,0,76.47,0.00,32,99,0.00,0.00,0,99,99,0,0,0,0.00,0.00,0,45,6.82,0.00,0.00,0,0,0.00,0.00,99,0.00,0,0,0,0.00,0.00,0,0.00,0.00,0.00,0.00,0,0,0.00,62,0,0,61,0,0.03,46,0.03,0.09,0.00,13,0.00,0.00,96,1,1.00,2.90,2.90,1.00,94,1,0.00,13,55,3,88,0,66,90,0,0.00,99,1,0.00,2.90,17.42,6.00,6,5,99,99,14.52,5.00,83.33,0,0.00,99,0,0.00,0,0.00,99,0,0.00,0.00,40,0,70,23,0,0,0,0,0,48,61,77,75,0,99,18,44,44,0,0,49,10,0,0
Daniel Smékal,24,1007798400,2001/12/08,First League,2026/2027,Forward,Pardubice,371,164,207,Czech Republic,7,3,4,0,0,0,0,0,0,0,0,1,0,1,6,2,4,0,0,0,0,0,0,0,0,1.46,62,53,0,0,0,119,109,-1,17,0,6.56,0,69,18.19,10.71,14,75,7.00,49,10,11.89,11,0.00,0.00,0.29,2,0.00,0.00,0.97,0.57,4,0.00,0.43,0.00,0.00,0.00,0.14,0.00,0.86,0.00,3.15,1.29,0.43,0.00,0.57,0.14,0.00,2.57,0.00,0.00,0,0,,13,1.86,97,4,0.97,90,9,2.18,94,1,4,3,34,0.00,99,0,1,0.24,26,0,40,0.00,20,0,0.00,99,0,0.00,0,0,0.00,0,0.49,35,3,0.73,41,0,0.00,0.00,0,0.00,0,0,0,0.00,0,6,0.00,43,1.46,49,N/A,N/A,N/A,N/A,0.00,0,0.00,0,0.99,0.00,0,65.33,30.77,59,48,0.29,0.49,2,23,23,0,0,0,0.00,0.00,0,45,45.90,0.43,0.73,3,0,0.00,0.00,99,0.00,0,0,0,0.00,0.00,0,0.00,0.00,0.00,0.00,0,0,0.00,62,39,89,61,44,0.20,17,0.03,0.05,0.99,74,0.14,0.24,32,3,0.43,0.73,3.15,1.86,98,13,0.24,73,20,25,88,0,66,99,0,0.00,99,18,0.00,4.37,14.07,8.29,58,25,85,95,6.06,3.57,43.10,3,0.73,41,0,0.00,0,0.00,99,0,0.00,0.00,40,26,97,62,0,0,0,0,0,48,61,77,75,0,99,31,44,44,0,0,49,9,0,0
Daniel Šmiga,22,1073030400,2004/01/02,First League,2026/2027,Forward,Zlín,328,162,166,Czech Republic,6,3,3,1,0,1,0,0,0,0,0,0,0,0,9,3,6,1,0,0.27,0,0.27,0,0.54,328,2.47,36,55,328,0,0.27,42,165,-1,5,0,6.57,0,69,8.23,5.00,0,30,3.00,18,4,4.94,0,0.00,0.00,0.67,4,0.00,0.33,0.82,0.50,3,0.00,1.33,0.00,0.00,0.00,0.00,1.00,1.67,9.00,2.47,1.00,1.83,0.00,0.50,0.21,0.00,0.67,0.00,0.00,0,0,,9,1.50,89,3,0.82,85,6,1.65,85,4,3,3,27,0.00,99,0,0,0.00,20,2,95,0.55,39,0,0.00,99,0,0.00,0,0,0.00,0,1.10,67,11,3.02,89,6,1.65,54.55,0,0.00,0,0,0,0.00,0,10,0.00,5,2.74,91,N/A,N/A,N/A,N/A,0.00,0,0.00,0,1.24,0.00,0,60.00,33.33,68,26,0.50,0.82,3,95,67,0,0,0,0.00,0.00,0,45,39.44,0.00,0.00,0,0,0.00,0.00,99,0.00,0,0,0,0.00,0.00,0,0.00,0.00,0.55,0.33,2,0,11.11,68,30,48,84,6,0.16,8,0.03,0.04,1.24,84,0.21,0.34,37,3,0.50,0.82,1.92,1.17,80,7,0.34,83,23,3,88,0,91,59,0,0.00,99,4,0.00,1.10,15.64,9.50,57,16,50,99,4.39,2.67,28.07,8,2.20,4,0,50.00,0,0.00,99,1,0.17,0.27,51,26,91,99,0,0,0,0,0,64,78,92,75,0,99,18,77,68,1,17,77,9,0,0
Daniel Souček,28,900745200,1998/07/18,First League,2026/2027,Defender,Jablonec,83,0,83,Czech Republic,3,1,2,0,0,0,0,0,0,0,0,2,1,1,0,0,0,0,0,0,0,0,0,0,0,0,0,28,0,0,0,-1,-1,-1,12,0,4.39,0,69,30.97,10.67,44,32,6.33,19,3,18.39,26,0.00,0.00,0.33,1,0.00,1.00,1.94,0.67,2,0.00,0.00,0.00,0.00,0.00,0.33,0.00,0.00,0.00,0.00,0.00,0.33,0.00,0.00,0.00,0.00,0.67,0.00,0.00,0,0,,0,0.00,13,0,0.00,32,0,0.00,17,1,2,1,74,0.00,99,0,1,0.97,68,3,40,2.90,76,0,0.00,99,0,0.00,0,0,0.00,0,0.97,60,1,0.97,50,0,0.00,0.00,0,0.00,0,0,0,0.00,0,0,0.00,99,0.00,0,N/A,N/A,N/A,N/A,0.00,0,0.00,0,0.00,0.00,0,59.38,0.00,32,99,0.00,0.00,0,23,23,0,0,0,0.00,0.00,0,45,13.18,0.33,0.97,1,0,0.00,0.00,99,0.00,0,0,0,0.00,0.00,0,0.00,0.00,0.00,0.00,0,0,0.00,62,0,3,61,0,0.09,46,0.03,0.09,0.00,13,0.00,0.00,43,1,0.33,0.97,2.90,1.00,94,3,0.00,13,0,34,88,0,66,80,0,0.00,99,2,0.00,1.94,7.74,2.67,8,5,57,33,4.84,1.67,62.50,0,0.00,99,0,0.00,0,0.00,99,0,0.00,0.00,40,3,85,62,0,0,0,0,0,48,61,77,75,0,99,99,44,44,0,0,49,14,0,0
Daniel Toula,21,1108800000,2005/02/19,First League,2026/2027,Forward,Líšeň,0,0,0,Czech Republic,0,0,0,0,0,0,0,0,0,0,0,0,0,0,0,0,0,0,0,0,0,0,0,0,0,0,0,0,0,0,0,-1,-1,-1,-1,N/A,N/A,N/A,N/A,N/A,N/A,N/A,N/A,N/A,N/A,N/A,N/A,N/A,N/A,N/A,N/A,N/A,N/A,N/A,N/A,N/A,N/A,N/A,N/A,N/A,N/A,N/A,N/A,N/A,N/A,N/A,N/A,N/A,N/A,N/A,N/A,N/A,N/A,N/A,N/A,N/A,N/A,N/A,N/A,N/A,N/A,N/A,N/A,N/A,N/A,N/A,N/A,N/A,N/A,N/A,N/A,N/A,N/A,N/A,N/A,N/A,N/A,N/A,N/A,N/A,N/A,N/A,N/A,N/A,N/A,N/A,N/A,N/A,N/A,N/A,N/A,N/A,N/A,N/A,N/A,N/A,N/A,N/A,N/A,N/A,N/A,N/A,N/A,N/A,N/A,N/A,N/A,N/A,N/A,N/A,N/A,N/A,N/A,N/A,N/A,N/A,N/A,N/A,N/A,N/A,N/A,N/A,N/A,N/A,N/A,N/A,N/A,N/A,N/A,N/A,N/A,N/A,N/A,N/A,N/A,N/A,N/A,N/A,N/A,N/A,N/A,N/A,N/A,N/A,N/A,N/A,N/A,N/A,N/A,N/A,N/A,N/A,N/A,N/A,N/A,N/A,N/A,N/A,N/A,N/A,N/A,N/A,N/A,N/A,N/A,N/A,N/A,N/A,N/A,N/A,N/A,N/A,N/A,N/A,N/A,N/A,N/A,N/A,N/A,N/A,N/A,N/A,N/A,N/A,N/A,N/A,N/A,N/A,N/A,N/A,N/A,N/A,N/A,N/A,N/A,N/A,N/A,N/A,N/A,N/A,N/A,N/A,N/A,N/A,N/A,N/A,N/A,N/A,N/A,N/A,N/A,N/A,N/A,N/A,N/A,N/A,N/A,N/A,N/A,N/A,N/A,N/A,N/A,N/A,N/A,N/A,N/A,N/A,N/A,N/A,N/A,N/A,N/A,N/A,N/A,N/A,N/A,N/A,N/A
Daniel Trubač,29,869122800,1997/07/17,First League,2026/2027,Midfielder,Hradec Králové,419,186,233,Czech Republic,7,4,3,0,0,0,0,0,0,0,0,2,1,1,3,1,2,0,0,0,0,0,0,0,0,0.64,140,60,0,0,0,89,83,-1,12,0,5.73,0,69,30.93,20.57,44,144,17.71,124,81,26.63,56,0.00,0.00,0.43,3,0.00,0.71,0.64,0.43,3,0.00,0.71,0.00,0.00,0.00,0.00,1.00,0.57,0.00,1.50,0.86,1.43,0.00,0.14,0.06,0.00,0.43,0.00,0.00,0,0,,7,1.00,65,1,0.21,43,6,1.29,76,2,2,5,23,0.00,99,0,0,0.00,20,5,54,1.07,50,0,0.00,99,0,0.00,0,0,0.00,0,0.64,43,10,2.15,80,7,1.50,70.00,0,0.00,0,0,0,0.00,0,4,0.00,88,0.86,21,N/A,N/A,N/A,N/A,0.00,0,0.00,0,0.42,0.00,0,86.11,14.29,37,36,0.43,0.64,3,93,81,0,0,0,0.00,0.00,0,45,40.11,0.43,0.64,3,0,0.00,0.00,99,0.00,0,0,0,0.00,0.00,0,0.00,0.00,0.43,0.29,2,0,0.00,62,48,89,61,88,0.43,46,0.06,0.09,0.42,49,0.06,0.09,27,3,0.43,0.64,0.64,0.43,23,3,0.09,48,3,20,88,0,87,41,0,0.00,99,3,0.00,0.64,7.30,4.86,34,14,24,27,3.01,2.00,41.18,5,1.07,26,0,20.00,0,0.00,99,1,0.14,0.21,47,59,85,86,0,0,0,0,0,48,61,77,75,0,99,65,44,44,0,0,49,27,0,0
Daniel Vašulín,28,897548400,1998/06/11,First League,2026/2027,Forward,Zbrojovka Brno,670,417,253,Czech Republic,8,5,3,4,3,1,0,0,0,0,0,2,1,1,8,4,4,0,0,0.54,0,0.54,0.65,0.36,168,1.07,84,84,0,0,0,14,194,-1,1,0,6.86,0,69,12.95,12.00,3,84,7.00,49,3,7.55,3,0.00,0.00,0.57,4,0.00,0.29,0.62,0.57,4,0.00,1.29,0.00,0.00,0.00,0.14,0.00,1.00,3.75,2.31,1.14,1.00,0.00,1.00,0.52,0.00,3.43,0.00,0.00,0,0,,15,2.14,84,7,1.08,95,8,1.23,74,1,0,7,22,0.00,99,0,1,0.15,21,2,40,0.31,29,0,0.00,99,0,0.00,0,0,0.00,0,0.62,42,7,1.08,55,0,0.00,0.00,0,0.00,0,0,0,0.00,0,7,0.00,64,1.08,35,N/A,N/A,N/A,N/A,0.00,0,0.00,0,3.67,0.00,0,58.33,46.67,77,67,0.29,0.31,2,23,23,0,0,0,0.00,0.00,0,45,48.00,1.86,2.00,13,0,0.00,0.00,99,0.00,0,0,0,0.00,0.00,0,0.00,0.00,0.46,0.43,3,0,26.67,88,95,99,67,64,0.28,8,0.04,0.04,3.67,97,0.52,0.57,50,7,1.00,1.08,1.39,1.29,60,9,0.57,96,61,65,88,0,90,97,0,0.00,99,24,0.00,3.70,12.33,11.43,80,35,68,88,5.39,5.00,43.75,9,1.39,17,0,0.00,0,0.00,99,0,0.00,0.00,40,99,47,62,0,0,0,0,0,86,94,86,91,0,99,48,44,44,0,0,49,15,0,0
Danijel Šturm,27,915436800,1999/01/04,First League,2026/2027,Forward,Slavia Praha,462,319,143,Slovenia,7,4,3,1,0,1,3,3,0,0,0,3,1,2,3,3,0,2,0,0.78,0.58,0.19,0,0.63,462,0.58,154,66,231,154,0.39,61,3,-1,9,0,6.81,0.43,99,23.18,17.00,23,119,13.00,91,38,17.73,24,0.00,0.00,1.14,8,0.00,3.43,0.97,0.71,5,0.00,1.00,0.00,0.00,0.00,0.14,0.86,0.43,12.00,2.34,0.86,2.14,0.00,0.86,0.25,0.00,0.14,0.00,0.00,0,0,,12,1.71,85,6,1.17,96,6,1.17,73,4,1,6,34,0.00,99,0,1,0.19,23,24,43,4.68,93,0,0.00,99,0,0.00,0,0,0.00,0,1.56,83,15,2.92,88,6,1.17,40.00,0,0.00,0,0,0,0.00,0,3,0.00,92,0.58,7,N/A,N/A,N/A,N/A,0.00,0,0.00,0,1.76,0.00,0,76.47,50.00,87,40,0.43,0.58,3,87,51,0,0,0,0.14,0.19,1,52,47.64,0.14,0.19,1,0,0.00,0.00,99,0.00,0,0,0,0.00,0.00,0,0.00,0.00,0.19,0.14,1,0,8.33,65,57,89,92,92,2.21,98,0.32,0.43,1.76,84,0.25,0.34,23,3,0.43,0.58,1.95,1.43,80,10,0.34,83,54,5,88,0,72,13,0,0.00,99,1,0.00,0.19,10.32,7.57,53,15,21,69,2.92,2.14,28.30,7,1.36,18,0,8.33,0,0.00,99,2,0.29,0.39,61,78,70,99,0,0,0,0,0,93,70,95,75,0,99,87,64,82,2,29,93,10,0,0
Dantaye Gilbert,21,1102060800,2004/12/03,First League,2026/2027,Midfielder,Baník Ostrava,268,133,135,Trinidad and Tobago,7,3,4,0,0,0,0,0,0,0,0,3,2,1,4,0,4,0,0,0,0,0,0,0,0,1.34,67,38,0,0,0,-1,-1,-1,13,0,6.57,0,69,29.22,12.43,39,87,9.86,69,54,23.17,44,0.00,0.00,0.29,2,0.00,0.57,1.01,0.43,3,0.00,0.29,0.00,0.00,0.00,0.29,0.29,0.71,0.00,3.02,0.86,1.14,0.00,0.43,0.09,0.00,1.43,0.00,0.00,0,0,,9,1.29,96,3,1.01,93,6,2.01,93,4,5,2,37,0.00,99,0,2,0.67,49,4,95,1.34,53,0,0.00,99,0,0.00,0,0,0.00,0,0.67,46,8,2.69,87,2,0.67,25.00,0,0.00,0,0,0,0.00,0,5,0.00,48,1.68,57,N/A,N/A,N/A,N/A,0.00,0,0.00,0,0.61,0.00,0,79.31,33.33,68,63,0.14,0.34,1,66,32,0,0,0,0.29,0.67,2,86,45.97,0.29,0.67,2,0,0.00,0.00,99,0.00,0,0,0,0.00,0.00,0,0.00,0.00,0.67,0.29,2,0,0.00,62,15,89,61,48,0.24,38,0.03,0.08,0.61,67,0.09,0.20,12,1,0.14,0.34,0.67,0.29,24,2,0.20,66,23,20,88,0,95,94,0,0.00,99,10,0.00,3.36,9.74,4.14,29,15,63,61,5.04,2.14,51.72,2,0.67,44,0,50.00,0,0.00,99,2,0.29,0.67,75,8,99,99,0,0,0,0,0,48,61,77,75,0,99,87,44,44,0,0,49,7,0,0
Dario Grgic,23,1047801600,2003/03/16,First League,2026/2027,Midfielder,Sigma Olomouc,0,0,0,Serbia,0,0,0,0,0,0,0,0,0,0,0,0,0,0,0,0,0,0,0,0,0,0,0,0,0,0,0,0,0,0,0,-1,-1,-1,-1,N/A,N/A,N/A,N/A,N/A,N/A,N/A,N/A,N/A,N/A,N/A,N/A,N/A,N/A,N/A,N/A,N/A,N/A,N/A,N/A,N/A,N/A,N/A,N/A,N/A,N/A,N/A,N/A,N/A,N/A,N/A,N/A,N/A,N/A,N/A,N/A,N/A,N/A,N/A,N/A,N/A,N/A,N/A,N/A,N/A,N/A,N/A,N/A,N/A,N/A,N/A,N/A,N/A,N/A,N/A,N/A,N/A,N/A,N/A,N/A,N/A,N/A,N/A,N/A,N/A,N/A,N/A,N/A,N/A,N/A,N/A,N/A,N/A,N/A,N/A,N/A,N/A,N/A,N/A,N/A,N/A,N/A,N/A,N/A,N/A,N/A,N/A,N/A,N/A,N/A,N/A,N/A,N/A,N/A,N/A,N/A,N/A,N/A,N/A,N/A,N/A,N/A,N/A,N/A,N/A,N/A,N/A,N/A,N/A,N/A,N/A,N/A,N/A,N/A,N/A,N/A,N/A,N/A,N/A,N/A,N/A,N/A,N/A,N/A,N/A,N/A,N/A,N/A,N/A,N/A,N/A,N/A,N/A,N/A,N/A,N/A,N/A,N/A,N/A,N/A,N/A,N/A,N/A,N/A,N/A,N/A,N/A,N/A,N/A,N/A,N/A,N/A,N/A,N/A,N/A,N/A,N/A,N/A,N/A,N/A,N/A,N/A,N/A,N/A,N/A,N/A,N/A,N/A,N/A,N/A,N/A,N/A,N/A,N/A,N/A,N/A,N/A,N/A,N/A,N/A,N/A,N/A,N/A,N/A,N/A,N/A,N/A,N/A,N/A,N/A,N/A,N/A,N/A,N/A,N/A,N/A,N/A,N/A,N/A,N/A,N/A,N/A,N/A,N/A,N/A,N/A,N/A,N/A,N/A,N/A,N/A,N/A,N/A,N/A,N/A,N/A,N/A,N/A,N/A,N/A,N/A,N/A,N/A,N/A
David Buchta,27,930466800,1999/06/27,First League,2026/2027,Forward,Baník Ostrava,0,0,0,Czech Republic,0,0,0,0,0,0,0,0,0,0,0,0,0,0,0,0,0,0,0,0,0,0,0,0,0,0,0,0,0,0,0,-1,-1,-1,-1,N/A,N/A,N/A,N/A,N/A,N/A,N/A,N/A,N/A,N/A,N/A,N/A,N/A,N/A,N/A,N/A,N/A,N/A,N/A,N/A,N/A,N/A,N/A,N/A,N/A,N/A,N/A,N/A,N/A,N/A,N/A,N/A,N/A,N/A,N/A,N/A,N/A,N/A,N/A,N/A,N/A,N/A,N/A,N/A,N/A,N/A,N/A,N/A,N/A,N/A,N/A,N/A,N/A,N/A,N/A,N/A,N/A,N/A,N/A,N/A,N/A,N/A,N/A,N/A,N/A,N/A,N/A,N/A,N/A,N/A,N/A,N/A,N/A,N/A,N/A,N/A,N/A,N/A,N/A,N/A,N/A,N/A,N/A,N/A,N/A,N/A,N/A,N/A,N/A,N/A,N/A,N/A,N/A,N/A,N/A,N/A,N/A,N/A,N/A,N/A,N/A,N/A,N/A,N/A,N/A,N/A,N/A,N/A,N/A,N/A,N/A,N/A,N/A,N/A,N/A,N/A,N/A,N/A,N/A,N/A,N/A,N/A,N/A,N/A,N/A,N/A,N/A,N/A,N/A,N/A,N/A,N/A,N/A,N/A,N/A,N/A,N/A,N/A,N/A,N/A,N/A,N/A,N/A,N/A,N/A,N/A,N/A,N/A,N/A,N/A,N/A,N/A,N/A,N/A,N/A,N/A,N/A,N/A,N/A,N/A,N/A,N/A,N/A,N/A,N/A,N/A,N/A,N/A,N/A,N/A,N/A,N/A,N/A,N/A,N/A,N/A,N/A,N/A,N/A,N/A,N/A,N/A,N/A,N/A,N/A,N/A,N/A,N/A,N/A,N/A,N/A,N/A,N/A,N/A,N/A,N/A,N/A,N/A,N/A,N/A,N/A,N/A,N/A,N/A,N/A,N/A,N/A,N/A,N/A,N/A,N/A,N/A,N/A,N/A,N/A,N/A,N/A,N/A,N/A,N/A,N/A,N/A,N/A,N/A
David Grygera,21,1119337200,2005/06/21,First League,2026/2027,Defender,Zlín,107,46,61,Czech Republic,2,1,1,0,0,0,0,0,0,0,0,0,0,0,3,0,3,0,0,0,0,0,0,0,0,2.52,36,54,0,0,0,-1,-1,-1,11,0,6.49,0,69,11.78,7.00,1,14,6.00,12,78,10.09,7,0.00,0.00,1.00,2,0.00,0.50,1.68,1.00,2,0.00,0.50,0.00,0.00,0.00,1.00,0.00,1.50,0.00,0.84,0.50,0.50,0.00,0.00,0.03,0.00,0.00,0.00,0.00,0,0,,1,0.50,42,0,0.00,32,1,0.84,57,2,0,2,65,0.00,99,0,2,1.68,94,1,40,0.84,46,0,0.00,99,0,0.00,0,0,0.00,0,1.68,84,1,0.84,44,0,0.00,0.00,0,0.00,0,0,0,0.00,0,3,0.00,4,2.52,89,N/A,N/A,N/A,N/A,0.00,0,0.00,0,0.05,0.00,0,85.71,0.00,32,99,0.00,0.00,0,23,23,0,0,0,0.00,0.00,0,45,12.99,1.50,2.52,3,0,0.00,0.00,99,0.00,0,0,0,0.00,0.00,0,0.00,0.00,0.00,0.00,0,0,0.00,62,0,0,61,6,0.09,38,0.04,0.08,0.05,33,0.03,0.04,38,1,0.50,0.84,0.00,0.00,7,0,0.04,32,13,73,88,0,66,8,0,0.00,99,0,0.00,0.00,9.25,5.50,11,3,15,52,2.52,1.50,27.27,1,0.84,36,0,0.00,0,0.00,99,0,0.00,0.00,40,8,47,86,0,0,0,0,0,48,61,77,75,0,99,18,44,44,0,0,49,21,0,0
David Heidenreich,26,961830000,2000/06/24,First League,2026/2027,Defender,Bohemians 1905,186,19,167,Czech Republic,4,1,3,0,0,0,1,0,1,0,0,2,1,1,2,0,2,0,0,0.48,0.48,0,0,0,0,0.97,93,47,0,186,0,-1,-1,-1,15,0,7.03,0.25,97,45.81,28.33,81,85,20.67,62,26,33.41,74,0.00,0.00,0.33,1,0.00,0.00,2.16,1.33,4,0.00,0.00,0.00,0.00,0.00,1.67,0.00,0.67,0.00,0.00,0.00,0.00,0.00,0.00,0.00,0.00,2.00,0.00,0.00,0,0,,0,0.00,13,0,0.00,32,0,0.00,17,1,1,2,81,0.00,99,0,5,2.69,99,0,40,0.00,20,0,0.00,99,0,0.00,0,0,0.00,0,0.54,37,0,0.00,12,0,0.00,0.00,0,0.00,0,0,0,0.00,0,2,0.00,72,1.08,35,N/A,N/A,N/A,N/A,0.00,0,0.00,0,0.00,0.00,0,72.94,0.00,32,99,0.00,0.00,0,23,23,0,0,0,1.00,1.62,3,99,21.08,2.67,4.31,8,0,0.00,0.00,99,0.00,0,0,0,0.00,0.00,0,0.00,0.00,0.00,0.00,0,0,0.00,62,1,12,61,73,0.77,97,0.26,0.41,0.00,13,0.00,0.00,4,0,0.00,0.00,2.69,1.67,93,5,0.00,13,82,84,88,0,66,93,0,0.00,99,6,0.00,3.23,8.62,5.33,16,10,68,44,5.39,3.33,62.50,0,0.00,99,0,0.00,0,0.00,99,0,0.00,0.00,40,8,70,62,0,0,0,0,0,83,61,77,75,0,99,95,44,44,0,0,49,8,0,0
David Jurásek,26,965631600,2000/08/07,First League,2026/2027,Defender,Slavia Praha,27,27,0,Czech Republic,1,1,0,1,1,0,0,0,0,0,0,1,1,0,0,0,0,0,0,3.33,0,3.33,3.33,0,27,0,0,27,0,0,0,-1,-1,-1,8,0,7.25,0,69,30.00,9.00,42,9,7.00,7,45,23.33,45,0.00,0.00,0.00,0,0.00,2.00,0.00,0.00,0,0.00,0.00,0.00,0.00,0.00,1.00,0.00,0.00,1.00,3.33,0.00,0.00,0.00,1.00,0.69,0.00,0.00,0.00,0.00,0,0,,1,1.00,97,1,3.33,99,0,0.00,17,0,1,0,7,0.00,99,0,1,3.33,99,2,40,6.67,98,0,0.00,99,0,0.00,0,0,0.00,0,0.00,14,0,0.00,12,0,0.00,0.00,0,0.00,0,0,0,0.00,0,0,0.00,99,0.00,0,N/A,N/A,N/A,N/A,0.00,0,0.00,0,0.69,0.00,0,77.78,100.00,99,99,0.00,0.00,0,23,23,0,0,0,0.00,0.00,0,45,7.25,0.00,0.00,0,0,0.00,0.00,99,0.00,0,0,0,0.00,0.00,0,0.00,0.00,0.00,0.00,0,0,100.00,99,0,0,61,0,0.01,3,0.01,0.03,0.69,99,0.69,2.30,4,0,0.00,0.00,3.33,1.00,99,1,2.30,99,96,3,88,0,66,8,0,0.00,99,0,0.00,0.00,3.33,1.00,1,0,0,7,0.00,0.00,0.00,0,0.00,99,0,0.00,0,0.00,99,0,0.00,0.00,40,0,70,23,0,0,0,0,0,99,99,77,99,0,99,99,44,44,0,0,49,39,0,0
David Kozel,24,1006934400,2001/11/28,First League,2026/2027,Midfielder,Mladá Boleslav,371,101,270,Czech Republic,5,2,3,1,0,1,1,0,1,0,0,1,1,0,5,0,5,0,0,0.49,0.24,0.24,0,0.33,371,1.21,74,74,0,371,0,51,35,-1,5,0,7.00,0.2,82,37.12,30.60,63,153,25.60,128,68,31.05,69,0.00,0.00,1.20,6,0.00,2.80,1.94,1.60,8,0.00,1.20,0.00,0.00,0.00,0.60,1.20,1.00,6.00,1.46,0.80,3.20,0.00,0.40,0.21,0.00,0.00,0.00,0.00,0,0,,6,1.20,63,2,0.49,70,4,0.97,62,1,0,5,74,0.00,99,0,3,0.73,51,14,55,3.40,80,0,0.00,99,0,0.00,0,0,0.00,0,1.46,79,16,3.88,98,6,1.46,37.50,0,0.00,0,0,0,0.00,0,5,0.00,56,1.21,41,N/A,N/A,N/A,N/A,0.00,0,0.00,0,1.04,0.00,0,83.66,33.33,68,76,0.20,0.24,1,92,47,0,0,0,0.20,0.24,1,57,34.98,0.20,0.24,1,0,0.00,0.00,99,0.00,0,0,0,0.00,0.00,0,0.00,0.00,0.00,0.00,0,0,16.67,79,39,24,88,56,1.08,83,0.22,0.26,1.04,76,0.21,0.25,87,9,1.80,2.18,0.97,0.80,39,4,0.25,75,78,5,88,0,66,8,0,0.00,99,0,0.00,0.00,10.92,9.00,45,23,74,76,5.58,4.60,51.11,6,1.46,15,0,21.43,0,0.00,99,3,0.60,0.73,77,59,47,62,0,0,0,0,0,84,74,84,75,0,99,42,44,44,0,0,49,19,0,0
Dávid Krčík,27,930553200,1999/06/28,First League,2026/2027,Defender,Viktoria Plzeň,207,180,27,Slovakia,3,2,1,1,1,0,0,0,0,0,0,0,0,0,3,3,0,1,1,0.43,0,0.43,0.5,0,207,1.3,69,69,104,0,0.87,-1,-1,-1,8,0,6.04,0,69,62.78,47.67,96,143,44.33,133,99,58.39,97,0.00,0.00,0.00,0,0.00,1.00,0.88,0.67,2,0.00,0.33,0.00,0.00,0.00,0.00,0.00,1.33,1.00,0.44,0.00,0.00,0.00,0.33,0.24,0.00,0.67,0.00,0.00,0,0,,1,0.33,23,1,0.44,66,0,0.00,17,0,1,2,32,0.00,99,0,0,0.00,20,3,40,1.32,53,0,0.00,99,0,0.00,0,0,0.00,0,0.00,14,0,0.00,12,0,0.00,0.00,0,0.00,0,0,0,0.00,0,4,0.00,50,1.76,62,N/A,N/A,N/A,N/A,0.00,0,0.00,0,0.72,0.00,0,93.01,100.00,99,99,0.00,0.00,0,23,23,1,0,0,0.33,0.44,1,73,18.12,3.67,4.83,11,0,0.00,0.00,99,0.00,0,1,0,0.00,0.00,0,0.00,0.00,0.00,0.00,0,0,100.00,99,6,3,73,50,0.26,57,0.09,0.11,0.02,18,0.01,0.01,40,2,0.67,0.88,3.07,2.33,95,7,0.32,80,4,87,88,0,66,49,0,0.00,99,2,0.00,0.88,7.46,5.67,17,6,16,30,2.63,2.00,35.29,1,0.44,57,0,0.00,0,0.00,99,0,0.00,0.00,40,8,70,23,0,0,0,0,0,79,89,77,87,0,99,18,47,98,0,0,49,37,0,0
David Lischka,29,871628400,1997/08/15,First League,2026/2027,Defender,Bohemians 1905,540,270,270,Czech Republic,6,3,3,0,0,0,0,0,0,0,0,2,2,0,9,1,8,2,0,0,0,0,0,0,0,1.5,60,90,270,0,0.33,183,185,50,17,0,7.00,0,69,44.00,44.00,80,220,39.00,195,90,39.00,83,0.00,0.00,0.60,3,0.00,0.20,0.60,0.60,3,0.00,0.20,0.00,0.00,0.00,2.60,0.20,1.80,0.00,1.60,1.40,0.20,0.00,0.20,0.09,0.00,3.80,0.00,0.00,0,0,,8,1.60,69,1,0.20,42,7,1.40,80,0,0,5,20,0.00,99,0,13,2.60,99,1,99,0.20,23,0,0.00,99,0,0.00,0,0,0.00,0,0.60,39,1,0.20,17,1,0.20,100.00,0,0.00,0,0,0,0.00,0,9,0.00,42,1.80,66,N/A,N/A,N/A,N/A,0.00,0,0.00,0,0.44,0.00,0,88.64,12.50,35,79,0.20,0.20,1,33,99,0,0,0,0.80,0.80,4,93,34.98,7.80,7.80,39,0,0.00,0.00,99,0.00,0,0,2,0.40,0.40,0,0.00,0.00,0.00,0.00,0,0,0.00,62,70,48,61,43,0.49,53,0.10,0.10,0.44,49,0.09,0.09,57,6,1.20,1.20,1.20,1.20,50,6,0.09,48,78,99,98,0,66,98,0,0.00,99,19,0.00,3.80,8.60,8.60,43,28,75,44,5.60,5.60,65.12,1,0.20,77,0,100.00,0,0.00,99,1,0.20,0.20,46,59,47,23,0,0,0,0,0,48,61,77,75,0,99,73,67,78,1,17,77,27,0,0
David Ludvíček,25,998636400,2001/08/24,First League,2026/2027,Defender,Hradec Králové,237,126,111,Czechia,5,3,2,0,0,0,0,0,0,0,0,1,1,0,3,1,2,0,0,0,0,0,0,0,0,1.14,79,47,0,0,0,-1,-1,-1,15,0,5.30,0,69,37.82,20.00,65,100,15.40,77,41,29.12,63,0.00,0.00,0.20,1,0.00,1.40,1.51,0.80,4,0.00,0.40,0.00,0.00,0.00,0.60,0.00,0.60,0.00,0.76,0.20,0.00,0.00,0.20,0.03,0.00,0.00,0.00,0.00,0,0,,2,0.40,40,1,0.38,59,1,0.38,31,3,2,3,60,0.00,99,0,3,1.13,74,7,71,2.65,74,0,0.00,99,0,0.00,0,0,0.00,0,0.38,28,0,0.00,12,0,0.00,0.00,0,0.00,0,0,0,0.00,0,3,0.00,61,1.13,37,N/A,N/A,N/A,N/A,0.00,0,0.00,0,0.17,0.00,0,77.00,50.00,87,99,0.00,0.00,0,23,23,0,0,0,0.00,0.00,0,45,26.48,0.40,0.76,2,0,0.00,0.00,99,0.00,0,0,0,0.00,0.00,0,0.00,0.00,0.00,0.00,0,0,0.00,62,11,24,61,61,0.21,38,0.04,0.08,0.17,40,0.03,0.06,13,1,0.20,0.38,0.38,0.20,14,1,0.06,39,1,27,88,0,66,8,0,0.00,99,0,0.00,0.00,4.54,2.40,12,5,8,8,1.89,1.00,41.67,2,0.76,40,0,28.57,0,0.00,99,2,0.40,0.76,78,26,85,95,0,0,0,0,0,48,61,77,75,0,99,42,44,44,0,0,49,2,0,0
David Machalík,30,835340400,1996/06/21,First League,2026/2027,Midfielder,Zlín,90,90,0,Czech Republic,1,1,0,0,0,0,0,0,0,0,0,0,0,0,3,3,0,0,0,0,0,0,0,0,0,3,30,90,0,0,0,-1,-1,-1,23,0,6.96,0,69,25.00,25.00,26,25,16.00,16,7,16.00,20,0.00,0.00,2.00,2,0.00,3.00,2.00,2.00,2,0.00,1.00,0.00,0.00,0.00,0.00,1.00,3.00,0.00,0.00,0.00,1.00,0.00,0.00,0.00,0.00,0.00,0.00,0.00,0,0,,0,0.00,13,0,0.00,32,0,0.00,17,0,0,1,77,0.00,99,0,0,0.00,20,3,80,3.00,77,0,0.00,99,0,0.00,0,0,0.00,0,2.00,92,1,1.00,52,1,1.00,100.00,0,0.00,0,0,0,0.00,0,3,0.00,1,3.00,93,N/A,N/A,N/A,N/A,0.00,0,0.00,0,0.00,0.00,0,64.00,0.00,32,99,0.00,0.00,0,82,99,0,0,0,1.00,1.00,1,97,6.96,1.00,1.00,1,0,0.00,0.00,99,0.00,0,0,0,0.00,0.00,0,0.00,0.00,0.00,0.00,0,0,0.00,62,0,0,61,1,0.11,57,0.11,0.11,0.00,13,0.00,0.00,99,4,4.00,4.00,0.00,0.00,7,0,0.00,13,74,37,88,0,66,8,0,0.00,99,0,0.00,0.00,10.00,10.00,10,7,94,63,7.00,7.00,70.00,1,1.00,30,0,33.33,0,0.00,99,1,1.00,1.00,82,3,47,23,0,0,0,0,0,48,61,77,75,0,99,18,44,44,0,0,49,8,0,0
David Moses,22,1074585600,2004/01/20,First League,2026/2027,Midfielder,Slavia Praha,92,22,70,Nigeria,3,1,2,0,0,0,1,0,1,0,0,1,0,1,1,0,1,0,0,0.98,0.98,0,0,0,0,0.98,92,31,0,92,0,-1,-1,-1,15,0,6.90,0.33,99,27.39,9.33,33,28,8.00,24,78,23.48,45,0.00,0.00,1.00,3,0.00,0.33,5.87,2.00,6,0.00,0.00,0.00,0.00,0.00,0.33,0.00,0.33,0.00,0.00,0.00,0.33,0.00,0.00,0.00,0.00,0.33,0.00,0.00,0,0,,0,0.00,13,0,0.00,32,0,0.00,17,0,3,0,99,0.00,99,0,1,0.98,68,1,40,0.98,47,0,0.00,99,0,0.00,0,0,0.00,0,2.93,98,1,0.98,50,0,0.00,0.00,0,0.00,0,0,0,0.00,0,1,0.00,72,0.98,28,N/A,N/A,N/A,N/A,0.00,0,0.00,0,0.00,0.00,0,85.71,0.00,32,20,0.33,0.98,1,23,23,0,0,0,0.00,0.00,0,45,20.69,1.67,4.89,5,0,0.00,0.00,99,0.00,0,0,0,0.00,0.00,0,0.00,0.00,0.00,0.00,0,0,0.00,62,0,3,61,72,0.78,99,0.26,0.76,0.00,13,0.00,0.00,43,1,0.33,0.98,0.98,0.33,39,1,0.00,13,68,87,88,0,66,53,0,0.00,99,1,0.00,0.98,11.74,4.00,12,8,98,83,7.83,2.67,66.67,0,0.00,99,0,0.00,0,0.00,99,0,0.00,0.00,40,0,91,23,0,0,0,0,0,97,61,77,75,0,99,73,44,44,0,0,49,16,0,0
David Pech,24,1014364800,2002/02/22,First League,2026/2027,Midfielder,Mladá Boleslav,56,46,10,Czech Republic,2,1,1,0,0,0,0,0,0,0,0,1,1,0,0,0,0,0,0,0,0,0,0,0,0,0,0,28,0,0,0,-1,-1,-1,8,0,6.80,0,69,45.00,23.00,81,23,18.00,18,48,35.22,76,0.00,0.00,0.00,0,0.00,0.00,3.91,2.00,2,0.00,0.00,0.00,0.00,0.00,1.00,1.00,0.00,0.00,0.00,0.00,1.00,0.00,0.00,0.00,0.00,0.00,0.00,0.00,0,0,,0,0.00,13,0,0.00,32,0,0.00,17,1,0,1,99,0.00,99,0,1,1.96,98,0,40,0.00,20,0,0.00,99,0,0.00,0,0,0.00,0,0.00,14,1,1.96,75,1,1.96,100.00,0,0.00,0,0,0,0.00,0,0,0.00,99,0.00,0,N/A,N/A,N/A,N/A,0.00,0,0.00,0,0.00,0.00,0,78.26,0.00,32,1,1.00,1.96,1,97,99,0,0,0,0.00,0.00,0,45,6.80,1.00,1.96,1,0,0.00,0.00,99,0.00,0,0,0,0.00,0.00,0,0.00,0.00,0.00,0.00,0,0,0.00,62,0,0,61,0,0.04,38,0.04,0.08,0.00,13,0.00,0.00,99,2,2.00,3.91,0.00,0.00,7,0,0.00,13,52,63,88,0,66,8,0,0.00,99,0,0.00,0.00,11.74,6.00,6,5,99,83,9.78,5.00,83.33,0,0.00,99,0,0.00,0,0.00,99,0,0.00,0.00,40,3,47,62,0,0,0,0,0,48,61,77,75,0,99,95,44,44,0,0,49,77,0,0
David Planka,21,1122534000,2005/07/28,First League,2026/2027,Midfielder,Baník Ostrava,216,46,170,Czech Republic,4,1,3,0,0,0,0,0,0,0,0,1,0,1,6,3,3,0,0,0,0,0,0,0,0,2.5,36,54,0,0,0,-1,-1,-1,21,0,6.46,0,69,38.33,23.00,67,92,19.25,77,69,32.08,71,0.00,0.00,1.75,7,0.00,3.50,1.25,0.75,3,0.00,1.00,0.00,0.00,0.00,0.00,0.25,1.50,0.00,0.42,0.25,2.00,0.00,0.00,0.01,0.00,0.00,0.00,0.00,0,0,,1,0.25,22,0,0.00,32,1,0.42,33,2,0,4,48,0.00,99,0,0,0.00,20,14,71,5.83,96,0,0.00,99,0,0.00,0,0,0.00,0,2.92,98,8,3.33,92,1,0.42,12.50,0,0.00,0,0,0,0.00,0,6,0.00,4,2.50,89,N/A,N/A,N/A,N/A,0.00,0,0.00,0,0.05,0.00,0,83.70,0.00,32,25,0.50,0.83,2,50,24,0,0,0,0.25,0.42,1,73,25.82,0.75,1.25,3,0,0.00,0.00,99,0.00,0,0,0,0.00,0.00,0,0.00,0.00,0.00,0.00,0,0,0.00,62,7,12,61,6,0.40,70,0.10,0.17,0.05,21,0.01,0.02,15,1,0.25,0.42,1.25,0.75,53,3,0.02,20,10,47,88,0,66,8,0,0.00,99,0,0.00,0.00,9.58,5.75,23,5,10,60,2.08,1.25,21.74,4,1.67,12,0,28.57,0,0.00,99,4,1.00,1.67,96,41,47,86,0,0,0,0,0,48,61,77,75,0,99,48,44,44,0,0,49,18,0,0
David Puškáč,33,737362800,1993/05/14,First League,2026/2027,Forward,Slovácko,61,15,46,Czech Republic,2,1,1,0,0,0,1,0,1,0,0,1,1,0,4,0,4,0,0,1.48,1.48,0,0,0,0,5.9,15,31,0,61,0,-1,-1,-1,21,0,6.77,0.5,99,23.61,8.00,24,16,6.50,13,59,19.18,28,0.00,0.00,0.50,1,0.00,0.00,0.00,0.00,0,0.00,0.00,0.00,0.00,0.00,0.00,0.50,2.00,0.00,1.48,0.50,1.00,0.00,0.00,0.03,0.00,1.00,0.00,0.00,0,0,,1,0.50,64,0,0.00,32,1,1.48,82,2,1,1,7,0.00,99,0,0,0.00,20,0,40,0.00,20,0,0.00,99,0,0.00,0,0,0.00,0,1.48,80,2,2.95,88,1,1.48,50.00,0,0.00,0,0,0,0.00,0,4,0.00,0,5.90,99,N/A,N/A,N/A,N/A,0.00,0,0.00,0,0.06,0.00,0,81.25,0.00,32,99,0.00,0.00,0,93,66,0,0,0,0.50,1.48,1,99,13.53,0.00,0.00,0,0,0.00,0.00,99,0.00,0,0,0,0.00,0.00,0,0.00,0.00,0.00,0.00,0,0,0.00,62,0,0,61,0,0.67,99,0.34,0.99,0.06,49,0.03,0.09,68,1,0.50,1.48,2.95,1.00,94,2,0.09,48,48,3,88,0,66,90,0,0.00,99,2,0.00,2.95,16.23,5.50,11,4,80,99,5.90,2.00,36.36,0,0.00,99,0,0.00,0,0.00,99,0,0.00,0.00,40,3,70,86,0,0,0,0,0,99,61,77,75,0,99,95,44,44,0,0,49,30,0,0
David Šimek,28,887529600,1998/02/15,First League,2026/2027,Defender,Líšeň,581,314,267,Czech Republic,7,4,3,0,0,0,0,0,0,0,0,0,0,0,14,10,4,0,0,0,0,0,0,0,0,2.17,42,83,0,0,0,112,116,77,18,0,6.62,0,69,31.34,28.67,47,172,23.50,141,61,25.69,53,0.00,0.00,0.33,2,0.00,0.00,0.55,0.50,3,0.00,0.00,0.00,0.00,0.00,0.83,0.00,2.00,0.00,0.73,0.50,0.00,0.00,0.17,0.05,0.00,4.17,0.00,0.00,0,0,,4,0.67,38,1,0.18,39,3,0.55,40,0,1,5,17,0.00,99,0,5,0.91,66,0,40,0.00,20,0,0.00,99,0,0.00,0,0,0.00,0,0.36,26,0,0.00,12,0,0.00,0.00,0,0.00,0,0,0,0.00,0,12,0.00,13,2.19,81,N/A,N/A,N/A,N/A,0.00,0,0.00,0,0.30,0.00,0,81.98,25.00,53,30,0.67,0.73,4,23,23,0,0,0,0.67,0.73,4,89,39.71,4.67,5.10,28,0,0.00,0.00,99,0.00,0,0,0,0.00,0.00,0,0.00,0.00,0.18,0.17,1,0,0.00,62,77,89,61,15,0.40,32,0.07,0.07,0.30,36,0.05,0.05,22,3,0.50,0.55,1.09,1.00,45,6,0.05,35,28,88,88,0,71,99,0,0.00,99,25,0.00,4.55,8.38,7.67,46,31,76,40,5.65,5.17,67.39,0,0.00,99,0,0.00,0,0.00,99,0,0.00,0.00,40,59,70,23,0,0,0,0,0,48,61,77,75,0,99,18,44,44,0,0,49,28,0,0
David Štěpánek,29,859708800,1997/03/30,First League,2026/2027,Defender,Slovácko,81,0,81,Czech Republic,1,0,1,0,0,0,0,0,0,0,0,0,0,0,5,0,5,0,0,0,0,0,0,0,0,5.56,16,81,0,0,0,-1,-1,-1,23,0,5.84,0,69,27.78,25.00,34,25,19.00,19,36,21.11,34,0.00,0.00,0.00,0,0.00,0.00,2.22,2.00,2,0.00,0.00,0.00,0.00,0.00,0.00,1.00,5.00,0.00,0.00,0.00,3.00,0.00,0.00,0.00,0.00,0.00,0.00,0.00,0,0,,0,0.00,13,0,0.00,32,0,0.00,17,1,0,1,83,0.00,99,0,0,0.00,20,0,40,0.00,20,0,0.00,99,0,0.00,0,0,0.00,0,0.00,14,3,3.33,92,1,1.11,33.33,0,0.00,0,0,0,0.00,0,5,0.00,0,5.56,99,N/A,N/A,N/A,N/A,0.00,0,0.00,0,0.00,0.00,0,76.00,0.00,32,99,0.00,0.00,0,85,45,0,0,0,1.00,1.11,1,98,5.84,4.00,4.44,4,0,0.00,0.00,99,0.00,0,0,0,0.00,0.00,0,0.00,0.00,0.00,0.00,0,0,0.00,62,0,0,61,0,0.04,8,0.04,0.04,0.00,13,0.00,0.00,4,0,0.00,0.00,0.00,0.00,7,0,0.00,13,3,85,88,0,66,8,0,0.00,99,0,0.00,0.00,6.67,6.00,6,3,27,22,3.33,3.00,50.00,0,0.00,99,0,0.00,0,0.00,99,0,0.00,0.00,40,3,47,62,0,0,0,0,0,48,61,77,75,0,99,18,44,44,0,0,49,23,0,0
David Tkac,24,1025938800,2002/07/06,First League,2026/2027,Midfielder,Sigma Olomouc,352,170,182,Czech Republic,7,3,4,1,1,0,0,0,0,0,0,1,1,0,5,1,4,0,0,0.26,0,0.26,0.53,0,352,1.28,70,50,0,0,0,44,66,-1,8,0,6.78,0,69,29.40,16.43,40,115,13.57,95,63,24.29,50,0.00,0.00,0.29,2,0.00,0.43,3.32,1.86,13,0.00,1.00,0.00,0.00,0.00,0.29,0.43,0.71,7.00,1.79,0.57,0.86,0.00,0.43,0.17,0.00,0.14,0.00,0.00,0,0,,7,1.00,73,3,0.77,83,4,1.02,66,1,3,4,97,0.00,99,0,2,0.51,40,3,40,0.77,43,0,0.00,99,0,0.00,0,0,0.00,0,0.51,36,6,1.53,68,3,0.77,50.00,0,0.00,0,0,0,0.00,0,5,0.00,52,1.28,45,N/A,N/A,N/A,N/A,0.00,0,0.00,0,1.20,0.00,0,82.61,42.86,74,74,0.14,0.26,1,73,66,0,0,0,0.00,0.00,0,45,47.47,0.00,0.00,0,0,0.00,0.00,99,0.00,0,0,0,0.00,0.00,0,0.00,0.00,0.00,0.00,0,0,14.29,74,33,89,85,52,0.31,38,0.04,0.08,1.20,81,0.17,0.31,97,14,2.00,3.58,2.30,1.29,88,9,0.31,80,50,3,88,0,66,15,0,0.00,99,1,0.00,0.26,14.83,8.29,58,31,98,97,7.93,4.43,53.45,7,1.79,9,0,0.00,0,0.00,99,0,0.00,0.00,40,41,91,62,0,0,0,0,0,62,77,77,87,0,99,31,44,44,0,0,49,24,0,0
David Zima,25,973670400,2000/11/08,First League,2026/2027,Defender,Slavia Praha,470,200,270,Czech Republic,6,3,3,1,0,1,0,0,0,0,0,3,1,2,4,3,1,0,0,0.19,0,0.19,0,0.33,470,0.77,118,78,0,0,0,60,84,22,7,0,7.09,0,69,36.19,31.50,60,189,27.67,166,85,31.79,70,0.00,0.00,0.17,1,0.00,0.33,0.38,0.33,2,0.00,0.33,0.00,0.00,0.00,1.50,0.83,0.67,4.00,0.77,0.50,1.00,0.00,0.17,0.15,0.00,3.00,0.00,0.00,0,0,,4,0.67,40,1,0.19,40,3,0.57,42,2,0,6,13,0.00,99,0,9,1.72,96,2,95,0.38,31,0,0.00,99,0,0.00,0,0,0.00,0,0.19,17,6,1.15,56,5,0.96,83.33,0,0.00,0,0,0,0.00,0,4,0.00,81,0.77,17,N/A,N/A,N/A,N/A,0.00,0,0.00,0,0.88,0.00,0,87.83,25.00,53,59,0.33,0.38,2,82,89,0,0,0,0.67,0.77,4,91,42.53,5.17,5.94,31,0,0.00,0.00,99,0.00,0,0,0,0.00,0.00,0,0.00,0.00,0.00,0.00,0,0,25.00,87,58,48,92,82,0.39,32,0.07,0.07,0.88,61,0.15,0.17,78,9,1.50,1.72,0.77,0.67,30,4,0.17,60,87,94,88,0,66,95,0,0.00,99,18,0.00,3.45,10.15,8.83,53,33,91,66,6.32,5.50,62.26,2,0.38,62,0,50.00,0,0.00,99,1,0.17,0.19,44,78,47,86,0,0,0,0,0,55,70,84,75,0,99,95,44,44,0,0,49,4,0,0
Denis Donat,24,1000450800,2001/09/14,First League,2026/2027,Defender,Mladá Boleslav,490,243,247,Czech Republic,7,3,4,0,0,0,1,1,0,0,0,2,2,0,6,0,6,0,0,0.18,0.18,0,0,0,0,1.1,82,70,0,490,0,103,51,32,14,0,6.00,0.14,76,41.62,30.83,77,185,27.67,166,93,37.35,80,0.00,0.00,0.67,4,0.00,0.00,3.38,2.50,15,0.00,0.00,0.00,0.00,0.00,1.67,0.33,0.50,0.00,0.00,0.00,0.33,0.00,0.00,0.00,0.00,1.33,0.00,0.00,0,0,,0,0.00,13,0,0.00,32,0,0.00,17,2,1,5,97,0.00,99,0,10,2.25,98,0,40,0.00,20,0,0.00,99,0,0.00,0,0,0.00,0,0.90,56,2,0.45,27,2,0.45,100.00,0,0.00,0,0,0,0.00,0,3,0.00,63,0.67,12,N/A,N/A,N/A,N/A,0.00,0,0.00,0,0.00,0.00,0,89.73,0.00,32,14,0.83,1.12,5,53,99,0,0,0,0.50,0.67,3,86,35.99,1.67,2.25,10,0,0.00,0.00,99,0.00,0,0,0,0.00,0.00,0,0.00,0.00,0.00,0.00,0,1,0.00,62,61,89,61,63,1.07,80,0.18,0.24,0.00,13,0.00,0.00,52,5,0.83,1.12,1.80,1.33,75,8,0.00,13,3,70,88,0,66,76,0,0.00,99,8,0.00,1.80,11.03,8.17,49,27,86,78,6.08,4.50,55.10,0,0.00,99,0,0.00,0,0.00,99,0,0.00,0.00,40,59,70,86,0,0,0,0,0,54,61,77,75,0,99,65,44,44,0,0,49,13,0,0
Denis Granečný,28,905151600,1998/09/07,First League,2026/2027,Defender,Zbrojovka Brno,10,10,0,Czech Republic,2,2,0,0,0,0,0,0,0,0,0,1,1,0,0,0,0,1,0,0,0,0,0,0,0,0,0,5,10,0,9,-1,-1,-1,13,0,6.33,0,69,30.00,2.00,42,2,1.00,1,0,15.00,18,0.00,0.00,0.00,0,0.00,0.00,0.00,0.00,0,0.00,0.00,0.00,0.00,0.00,0.00,0.00,0.00,0.00,0.00,0.00,0.00,0.00,0.00,0.00,0.00,0.00,0.00,0.00,0,0,,0,0.00,13,0,0.00,32,0,0.00,17,0,1,0,7,0.00,99,0,0,0.00,20,0,40,0.00,20,0,0.00,99,0,0.00,0,0,0.00,0,0.00,14,0,0.00,12,0,0.00,0.00,0,0.00,0,0,0,0.00,0,0,0.00,99,0.00,0,N/A,N/A,N/A,N/A,0.00,0,0.00,0,0.00,0.00,0,50.00,0.00,32,99,0.00,0.00,0,23,23,0,0,0,0.00,0.00,0,45,6.33,0.00,0.00,0,0,0.00,0.00,99,0.00,0,0,0,0.00,0.00,0,0.00,0.00,0.00,0.00,0,0,0.00,62,0,0,61,0,0.00,0,0.00,0.00,0.00,13,0.00,0.00,4,0,0.00,0.00,15.00,1.00,99,1,0.00,13,5,3,88,0,66,8,0,0.00,99,0,0.00,0.00,15.00,1.00,1,0,0,98,0.00,0.00,0.00,0,0.00,99,0,0.00,0,0.00,99,0,0.00,0.00,40,0,70,23,0,0,0,0,0,48,61,77,75,0,99,95,44,99,0,0,49,18,0,0
Denis Halinsky,23,1058079600,2003/07/13,First League,2026/2027,Defender,Pardubice,90,0,90,Czech Republic,1,0,1,0,0,0,0,0,0,0,0,1,0,1,0,0,0,0,0,0,0,0,0,0,0,0,0,90,0,0,0,-1,-1,-1,10,0,7.44,0,69,25.00,25.00,26,25,19.00,19,36,19.00,27,0.00,0.00,1.00,1,0.00,2.00,4.00,4.00,4,0.00,0.00,0.00,0.00,0.00,0.00,0.00,0.00,0.00,0.00,0.00,0.00,0.00,0.00,0.00,0.00,1.00,0.00,0.00,0,0,,0,0.00,13,0,0.00,32,0,0.00,17,0,0,1,99,0.00,99,0,0,0.00,20,2,40,2.00,67,0,0.00,99,0,0.00,0,0,0.00,0,1.00,61,0,0.00,12,0,0.00,0.00,0,0.00,0,0,0,0.00,0,0,0.00,99,0.00,0,N/A,N/A,N/A,N/A,0.00,0,0.00,0,0.00,0.00,0,76.00,0.00,32,99,0.00,0.00,0,23,23,0,0,0,0.00,0.00,0,45,7.44,3.00,3.00,3,0,0.00,0.00,99,0.00,0,0,0,0.00,0.00,0,0.00,0.00,0.00,0.00,0,0,0.00,62,0,0,61,0,0.09,46,0.09,0.09,0.00,13,0.00,0.00,96,3,3.00,3.00,0.00,0.00,7,0,0.00,13,99,77,88,0,66,56,0,0.00,99,1,0.00,1.00,8.00,8.00,8,8,99,35,8.00,8.00,100.00,0,0.00,99,0,0.00,0,0.00,99,0,0.00,0.00,40,3,47,23,0,0,0,0,0,48,61,77,75,0,99,99,44,44,0,0,49,33,0,0
Denis Taraduda,26,966495600,2000/08/17,First League,2026/2027,Defender,Teplice,0,0,0,Ukraine,0,0,0,0,0,0,0,0,0,0,0,0,0,0,0,0,0,0,0,0,0,0,0,0,0,0,0,0,0,0,0,-1,-1,-1,-1,N/A,N/A,N/A,N/A,N/A,N/A,N/A,N/A,N/A,N/A,N/A,N/A,N/A,N/A,N/A,N/A,N/A,N/A,N/A,N/A,N/A,N/A,N/A,N/A,N/A,N/A,N/A,N/A,N/A,N/A,N/A,N/A,N/A,N/A,N/A,N/A,N/A,N/A,N/A,N/A,N/A,N/A,N/A,N/A,N/A,N/A,N/A,N/A,N/A,N/A,N/A,N/A,N/A,N/A,N/A,N/A,N/A,N/A,N/A,N/A,N/A,N/A,N/A,N/A,N/A,N/A,N/A,N/A,N/A,N/A,N/A,N/A,N/A,N/A,N/A,N/A,N/A,N/A,N/A,N/A,N/A,N/A,N/A,N/A,N/A,N/A,N/A,N/A,N/A,N/A,N/A,N/A,N/A,N/A,N/A,N/A,N/A,N/A,N/A,N/A,N/A,N/A,N/A,N/A,N/A,N/A,N/A,N/A,N/A,N/A,N/A,N/A,N/A,N/A,N/A,N/A,N/A,N/A,N/A,N/A,N/A,N/A,N/A,N/A,N/A,N/A,N/A,N/A,N/A,N/A,N/A,N/A,N/A,N/A,N/A,N/A,N/A,N/A,N/A,N/A,N/A,N/A,N/A,N/A,N/A,N/A,N/A,N/A,N/A,N/A,N/A,N/A,N/A,N/A,N/A,N/A,N/A,N/A,N/A,N/A,N/A,N/A,N/A,N/A,N/A,N/A,N/A,N/A,N/A,N/A,N/A,N/A,N/A,N/A,N/A,N/A,N/A,N/A,N/A,N/A,N/A,N/A,N/A,N/A,N/A,N/A,N/A,N/A,N/A,N/A,N/A,N/A,N/A,N/A,N/A,N/A,N/A,N/A,N/A,N/A,N/A,N/A,N/A,N/A,N/A,N/A,N/A,N/A,N/A,N/A,N/A,N/A,N/A,N/A,N/A,N/A,N/A,N/A,N/A,N/A,N/A,N/A,N/A,N/A
Denis Vala,25,971247600,2000/10/11,First League,2026/2027,Defender,Bohemians 1905,28,1,27,Czech Republic,2,1,1,0,0,0,0,0,0,0,0,1,1,0,1,0,1,0,0,0,0,0,0,0,0,3.21,28,14,0,0,0,-1,-1,-1,12,0,3.24,0,69,25.71,4.00,29,8,1.00,2,0,6.43,1,0.00,0.00,0.00,0,0.00,1.00,0.00,0.00,0,0.00,0.00,0.00,0.00,0.00,0.00,0.00,0.50,0.00,3.21,0.50,0.00,0.00,0.00,0.03,0.00,0.00,0.00,0.00,0,0,,1,0.50,97,0,0.00,32,1,3.21,99,0,2,0,7,0.00,99,0,0,0.00,20,2,40,6.43,97,0,0.00,99,0,0.00,0,0,0.00,0,0.00,14,0,0.00,12,0,0.00,0.00,0,0.00,0,0,0,0.00,0,1,0.00,0,3.21,94,N/A,N/A,N/A,N/A,0.00,0,0.00,0,0.05,0.00,0,25.00,0.00,32,99,0.00,0.00,0,23,23,0,0,0,0.50,3.21,1,99,6.48,0.00,0.00,0,0,0.00,0.00,99,0.00,0,0,0,0.00,0.00,0,0.00,0.00,0.00,0.00,0,0,0.00,62,0,0,61,1,0.00,0,0.00,0.00,0.05,60,0.03,0.16,96,1,0.50,3.21,0.00,0.00,7,0,0.16,60,0,3,88,0,66,8,0,0.00,99,0,0.00,0.00,3.21,0.50,1,1,26,7,3.21,0.50,100.00,0,0.00,99,0,0.00,0,0.00,99,0,0.00,0.00,40,0,85,23,0,0,0,0,0,48,61,77,75,0,99,95,44,44,0,0,49,18,0,0
Denis Vavro,30,829119600,1996/04/10,First League,2026/2027,Defender,Viktoria Plzeň,150,0,150,Slovakia,2,0,2,0,0,0,0,0,0,0,0,2,0,2,0,0,0,1,1,0,0,0,0,0,0,0,0,75,75,0,1.2,-1,-1,-1,13,0,7.19,0,69,75.00,62.50,99,125,51.50,103,62,61.80,97,0.00,0.00,0.50,1,0.00,0.00,1.20,1.00,2,0.00,0.50,0.00,0.00,0.00,0.50,0.50,0.00,0.00,0.60,0.50,0.50,0.00,0.00,0.02,0.00,2.50,0.00,0.00,0,0,,1,0.50,32,0,0.00,32,1,0.60,43,1,0,2,47,0.00,99,0,1,0.60,43,0,40,0.00,20,0,0.00,99,0,0.00,0,0,0.00,0,0.60,39,1,0.60,34,1,0.60,100.00,0,0.00,0,0,0,0.00,0,0,0.00,99,0.00,0,N/A,N/A,N/A,N/A,0.00,0,0.00,0,0.04,0.00,0,82.40,0.00,32,99,0.00,0.00,0,61,99,0,0,0,1.00,1.20,2,99,14.37,8.50,10.20,17,0,0.00,0.00,99,0.00,0,0,0,0.00,0.00,0,0.00,0.00,0.00,0.00,0,0,0.00,62,0,0,61,0,0.23,64,0.12,0.14,0.04,21,0.02,0.02,4,0,0.00,0.00,0.60,0.50,20,1,0.02,20,94,99,88,0,66,91,0,0.00,99,5,0.00,3.00,7.80,6.50,13,8,57,33,4.80,4.00,61.54,1,0.60,47,0,0.00,0,0.00,99,0,0.00,0.00,40,8,47,62,0,0,0,0,0,48,61,77,75,0,99,99,45,99,0,0,49,3,0,0
Denis Višinský,23,1048233600,2003/03/21,First League,2026/2027,Midfielder,Viktoria Plzeň,316,137,179,Czech Republic,7,4,3,1,0,1,1,0,1,0,0,2,0,2,3,3,0,0,0,0.57,0.28,0.28,0,0.5,316,0.85,105,45,0,316,0,39,27,-1,10,0,6.71,0.14,86,26.00,13.00,30,91,11.14,78,78,22.29,40,0.00,0.00,0.86,6,0.00,0.71,0.86,0.43,3,0.00,0.14,0.00,0.00,0.00,0.14,0.43,0.43,3.00,0.86,0.29,1.29,0.00,0.14,0.12,0.00,0.14,0.00,0.00,0,0,,3,0.43,44,1,0.29,53,2,0.57,42,4,4,3,30,0.00,99,0,1,0.29,29,5,54,1.43,56,0,0.00,99,0,0.00,0,0,0.00,0,1.71,85,9,2.57,84,3,0.86,33.33,0,0.00,0,0,0,0.00,0,3,0.00,79,0.86,21,N/A,N/A,N/A,N/A,0.00,0,0.00,0,0.83,0.00,0,85.71,33.33,68,43,0.29,0.57,2,77,45,0,0,0,0.00,0.00,0,45,46.98,0.14,0.29,1,0,0.00,0.00,99,0.00,0,0,0,0.00,0.00,0,0.00,0.00,0.29,0.14,1,0,33.33,93,27,89,83,79,0.97,87,0.14,0.28,0.83,74,0.12,0.24,92,9,1.29,2.57,1.14,0.57,47,4,0.24,73,40,7,88,0,82,18,0,0.00,99,1,0.00,0.29,9.14,4.57,32,15,47,51,4.29,2.14,46.88,1,0.29,70,0,20.00,0,0.00,99,1,0.14,0.29,54,26,97,99,0,0,0,0,0,88,79,91,75,0,99,65,44,44,0,0,49,9,0,0
Dominik Hollý,22,1068537600,2003/11/11,First League,2026/2027,Midfielder,Jablonec,202,94,108,Slovakia,6,3,3,0,0,0,1,1,0,0,0,1,1,0,5,1,4,2,0,0.45,0.45,0,0,0,0,2.23,40,34,101,202,0.89,-1,-1,-1,14,0,6.57,0.17,96,20.39,7.67,18,46,4.67,28,5,12.41,13,0.00,0.00,0.67,4,0.00,0.00,1.33,0.50,3,0.00,0.17,0.00,0.00,0.00,0.33,0.00,0.83,0.00,2.66,0.83,0.33,0.00,0.17,0.07,0.00,0.83,0.00,0.00,0,0,,6,1.00,92,1,0.44,66,5,2.22,94,2,4,2,52,0.00,99,0,2,0.89,63,0,40,0.00,20,0,0.00,99,0,0.00,0,0,0.00,0,1.77,88,2,0.89,47,0,0.00,0.00,0,0.00,0,0,0,0.00,0,5,0.00,11,2.22,82,N/A,N/A,N/A,N/A,0.00,0,0.00,0,0.42,0.00,0,60.87,16.67,43,54,0.17,0.44,1,23,23,0,0,0,0.17,0.44,1,73,39.43,0.00,0.00,0,0,0.00,0.00,99,0.00,0,0,0,0.00,0.00,0,0.00,0.00,0.44,0.17,1,0,0.00,62,6,48,61,11,0.79,94,0.13,0.35,0.42,66,0.07,0.19,93,6,1.00,2.66,3.10,1.17,96,7,0.19,65,23,3,88,0,88,84,0,0.00,99,5,0.00,2.22,12.86,4.83,29,14,90,92,6.21,2.33,48.28,1,0.44,57,0,0.00,0,0.00,99,0,0.00,0.00,40,8,97,86,0,0,0,0,0,81,61,77,75,0,99,37,46,98,2,33,96,24,0,0
Dominik Janosek,28,897721200,1998/06/13,First League,2026/2027,Midfielder,Sigma Olomouc,454,199,255,Czech Republic,7,3,4,1,1,0,3,3,0,0,0,1,1,0,4,1,3,0,0,0.79,0.59,0.2,0.45,0,454,0.79,114,65,0,151,0,57,2,-1,7,0,7.30,0.43,99,63.63,45.86,97,321,39.43,276,80,54.71,95,0.00,0.00,1.29,9,0.00,3.29,0.59,0.43,3,0.00,0.43,0.00,0.00,0.00,0.14,0.14,0.57,8.00,1.59,0.43,0.43,0.00,0.71,0.21,0.00,0.29,0.00,0.00,0,0,,8,1.14,68,5,0.99,91,3,0.59,43,4,1,6,19,0.00,99,0,1,0.20,24,23,64,4.56,90,0,0.00,99,0,0.00,0,0,0.00,0,1.78,89,3,0.59,34,1,0.20,33.33,0,0.00,0,0,0,0.00,0,4,0.00,79,0.79,17,N/A,N/A,N/A,N/A,0.00,0,0.00,0,1.45,0.00,0,85.98,62.50,92,58,0.29,0.40,2,33,45,0,0,0,0.14,0.20,1,54,51.12,0.43,0.59,3,0,0.00,0.00,99,0.00,0,0,0,0.00,0.00,0,0.00,0.00,0.00,0.00,0,0,12.50,70,54,89,91,80,2.68,99,0.38,0.53,1.45,80,0.21,0.29,57,6,0.86,1.19,0.59,0.43,20,3,0.29,78,98,17,88,0,66,23,0,0.00,99,2,0.00,0.40,4.96,3.57,25,11,11,10,2.18,1.57,44.00,3,0.59,47,0,26.09,0,0.00,99,6,0.86,1.19,87,78,70,99,0,0,0,0,0,94,73,77,85,0,99,31,44,44,0,0,49,39,0,0
Dominik Javorček,23,1036224000,2002/11/02,First League,2026/2027,Defender,Bohemians 1905,406,226,180,Slovakia,5,3,2,0,0,0,0,0,0,0,0,3,2,1,4,1,3,2,0,0,0,0,0,0,0,0.89,102,81,203,0,0.44,98,94,26,10,0,6.81,0,69,25.25,23.50,27,94,17.50,70,31,18.81,27,0.00,0.00,1.25,5,0.00,4.25,2.42,2.25,9,0.00,0.50,0.00,0.00,0.00,0.75,0.00,1.00,0.00,0.54,0.50,0.50,0.00,0.00,0.02,0.00,0.25,0.00,0.00,0,0,,2,0.50,30,0,0.00,32,2,0.54,38,2,0,4,87,0.00,99,0,3,0.81,57,17,57,4.57,90,0,0.00,99,0,0.00,0,0,0.00,0,1.34,77,2,0.54,31,0,0.00,0.00,0,0.00,0,0,0,0.00,0,4,0.00,77,1.07,35,N/A,N/A,N/A,N/A,0.00,0,0.00,0,0.08,0.00,0,74.47,0.00,32,16,1.00,1.07,4,23,23,0,0,0,0.50,0.54,2,79,27.26,2.00,2.15,8,0,0.00,0.00,99,0.00,0,0,0,0.00,0.00,0,0.00,0.00,0.27,0.25,1,0,0.00,62,44,24,61,78,0.29,38,0.07,0.08,0.08,21,0.02,0.02,62,5,1.25,1.34,1.34,1.25,58,5,0.02,20,54,69,88,0,80,15,0,0.00,99,1,0.00,0.27,6.99,6.50,26,14,36,24,3.76,3.50,53.85,2,0.54,49,0,23.53,0,0.00,99,4,1.00,1.07,84,41,47,86,0,0,0,0,0,48,61,77,75,0,99,98,58,87,2,40,97,37,0,0
Dominik Kudelcik,21,1100592000,2004/11/16,First League,2026/2027,Goalkeeper,Slovan Liberec,0,0,0,Slovakia,0,0,0,0,0,0,0,0,0,0,0,0,0,0,0,0,0,0,0,0,0,0,0,0,0,0,0,0,0,0,0,-1,-1,-1,-1,N/A,N/A,N/A,N/A,N/A,N/A,N/A,N/A,N/A,N/A,N/A,N/A,N/A,N/A,N/A,N/A,N/A,N/A,N/A,N/A,N/A,N/A,N/A,N/A,N/A,N/A,N/A,N/A,N/A,N/A,N/A,N/A,N/A,N/A,N/A,N/A,N/A,N/A,N/A,N/A,N/A,N/A,N/A,N/A,N/A,N/A,N/A,N/A,N/A,N/A,N/A,N/A,N/A,N/A,N/A,N/A,N/A,N/A,N/A,N/A,N/A,N/A,N/A,N/A,N/A,N/A,N/A,N/A,N/A,N/A,N/A,N/A,N/A,N/A,N/A,N/A,N/A,N/A,N/A,N/A,N/A,N/A,N/A,N/A,N/A,N/A,N/A,N/A,N/A,N/A,N/A,N/A,N/A,N/A,N/A,N/A,N/A,N/A,N/A,N/A,N/A,N/A,N/A,N/A,N/A,N/A,N/A,N/A,N/A,N/A,N/A,N/A,N/A,N/A,N/A,N/A,N/A,N/A,N/A,N/A,N/A,N/A,N/A,N/A,N/A,N/A,N/A,N/A,N/A,N/A,N/A,N/A,N/A,N/A,N/A,N/A,N/A,N/A,N/A,N/A,N/A,N/A,N/A,N/A,N/A,N/A,N/A,N/A,N/A,N/A,N/A,N/A,N/A,N/A,N/A,N/A,N/A,N/A,N/A,N/A,N/A,N/A,N/A,N/A,N/A,N/A,N/A,N/A,N/A,N/A,N/A,N/A,N/A,N/A,N/A,N/A,N/A,N/A,N/A,N/A,N/A,N/A,N/A,N/A,N/A,N/A,N/A,N/A,N/A,N/A,N/A,N/A,N/A,N/A,N/A,N/A,N/A,N/A,N/A,N/A,N/A,N/A,N/A,N/A,N/A,N/A,N/A,N/A,N/A,N/A,N/A,N/A,N/A,N/A,N/A,N/A,N/A,N/A,N/A,N/A,N/A,N/A,N/A,N/A
Dominik Kúdelčík,21,1100592000,2004/11/16,First League,2026/2027,Goalkeeper,Slovan Liberec,0,0,0,Slovakia,0,0,0,0,0,0,0,0,0,0,0,0,0,0,0,0,0,0,0,0,0,0,0,0,0,0,0,0,0,0,0,-1,-1,-1,-1,N/A,N/A,N/A,N/A,N/A,N/A,N/A,N/A,N/A,N/A,N/A,N/A,N/A,N/A,N/A,N/A,N/A,N/A,N/A,N/A,N/A,N/A,N/A,N/A,N/A,N/A,N/A,N/A,N/A,N/A,N/A,N/A,N/A,N/A,N/A,N/A,N/A,N/A,N/A,N/A,N/A,N/A,N/A,N/A,N/A,N/A,N/A,N/A,N/A,N/A,N/A,N/A,N/A,N/A,N/A,N/A,N/A,N/A,N/A,N/A,N/A,N/A,N/A,N/A,N/A,N/A,N/A,N/A,N/A,N/A,N/A,N/A,N/A,N/A,N/A,N/A,N/A,N/A,N/A,N/A,N/A,N/A,N/A,N/A,N/A,N/A,N/A,N/A,N/A,N/A,N/A,N/A,N/A,N/A,N/A,N/A,N/A,N/A,N/A,N/A,N/A,N/A,N/A,N/A,N/A,N/A,N/A,N/A,N/A,N/A,N/A,N/A,N/A,N/A,N/A,N/A,N/A,N/A,N/A,N/A,N/A,N/A,N/A,N/A,N/A,N/A,N/A,N/A,N/A,N/A,N/A,N/A,N/A,N/A,N/A,N/A,N/A,N/A,N/A,N/A,N/A,N/A,N/A,N/A,N/A,N/A,N/A,N/A,N/A,N/A,N/A,N/A,N/A,N/A,N/A,N/A,N/A,N/A,N/A,N/A,N/A,N/A,N/A,N/A,N/A,N/A,N/A,N/A,N/A,N/A,N/A,N/A,N/A,N/A,N/A,N/A,N/A,N/A,N/A,N/A,N/A,N/A,N/A,N/A,N/A,N/A,N/A,N/A,N/A,N/A,N/A,N/A,N/A,N/A,N/A,N/A,N/A,N/A,N/A,N/A,N/A,N/A,N/A,N/A,N/A,N/A,N/A,N/A,N/A,N/A,N/A,N/A,N/A,N/A,N/A,N/A,N/A,N/A,N/A,N/A,N/A,N/A,N/A,N/A
Dominik Mareš,23,1044259200,2003/02/03,First League,2026/2027,Midfielder,Mladá Boleslav,59,35,24,Czech Republic,3,2,1,0,0,0,0,0,0,0,0,1,1,0,1,1,0,0,0,0,0,0,0,0,0,1.53,59,20,0,0,0,-1,-1,-1,11,0,6.31,0,69,21.36,4.67,20,14,3.33,10,22,15.25,19,0.00,0.00,0.00,0,0.00,0.67,1.53,0.33,1,0.00,0.67,0.00,0.00,0.00,0.00,0.00,0.33,0.00,0.00,0.00,0.00,0.00,0.00,0.00,0.00,0.00,0.00,0.00,0,0,,0,0.00,13,0,0.00,32,0,0.00,17,1,3,0,61,0.00,99,0,0,0.00,20,2,40,3.05,77,0,0.00,99,0,0.00,0,0,0.00,0,0.00,14,0,0.00,12,0,0.00,0.00,0,0.00,0,0,0,0.00,0,1,0.00,41,1.53,52,N/A,N/A,N/A,N/A,0.00,0,0.00,0,0.00,0.00,0,71.43,0.00,32,99,0.00,0.00,0,23,23,0,0,0,0.00,0.00,0,45,18.94,1.67,7.63,5,0,0.00,0.00,99,0.00,0,0,0,0.00,0.00,0,0.00,0.00,0.00,0.00,0,0,0.00,62,0,3,61,41,0.02,3,0.01,0.03,0.00,13,0.00,0.00,4,0,0.00,0.00,4.58,1.00,99,3,0.00,13,5,98,88,0,66,8,0,0.00,99,0,0.00,0.00,9.15,2.00,6,1,8,51,1.53,0.33,16.67,2,3.05,1,0,0.00,0,0.00,99,0,0.00,0.00,40,0,91,62,0,0,0,0,0,48,61,77,75,0,99,73,44,44,0,0,49,24,0,0
Dominik Plechaty,27,924418800,1999/04/18,First League,2026/2027,Defender,Líšeň,720,360,360,Czech Republic,8,4,4,0,0,0,0,0,0,0,0,0,0,0,18,13,5,0,0,0,0,0,0,0,0,2.25,40,90,0,0,0,116,82,80,23,0,6.59,0,69,40.43,40.43,75,283,35.71,250,88,35.71,77,0.00,0.00,0.00,0,0.00,0.00,2.00,2.00,14,0.00,0.00,0.00,0.00,0.00,1.86,0.14,2.29,0.00,0.14,0.14,0.14,0.00,0.00,0.01,0.00,1.71,0.00,0.00,0,0,,1,0.14,14,0,0.00,32,1,0.14,19,0,0,7,77,0.00,99,0,13,1.86,97,0,40,0.00,20,0,0.00,99,0,0.00,0,0,0.00,0,0.00,14,1,0.14,15,1,0.14,100.00,0,0.00,0,0,0,0.00,0,16,0.00,10,2.29,85,N/A,N/A,N/A,N/A,0.00,0,0.00,0,0.05,0.00,0,88.34,0.00,32,73,0.29,0.29,2,27,99,0,0,0,0.00,0.00,0,45,46.11,5.57,5.57,39,1,0.00,0.14,4,0.14,0,0,0,0.00,0.00,0,0.00,0.00,0.00,0.00,0,0,0.00,62,99,99,61,11,0.48,32,0.07,0.07,0.05,18,0.01,0.01,53,8,1.14,1.14,1.29,1.29,55,9,0.01,17,26,92,88,0,66,74,0,0.00,99,12,0.00,1.71,7.57,7.57,53,34,59,31,4.86,4.86,64.15,0,0.00,99,0,0.00,0,0.00,99,0,0.00,0.00,40,99,47,23,0,0,0,0,0,48,61,77,75,0,99,18,44,44,0,0,49,4,0,0
Dominik Preisler,30,811580400,1995/09/20,First League,2026/2027,Defender,Líšeň,460,278,182,Czech Republic,7,4,3,0,0,0,0,0,0,0,0,0,0,0,16,12,4,1,1,0,0,0,0,0,0,3.13,29,66,230,0,0.39,113,115,87,19,0,6.55,0,69,33.26,25.50,52,153,16.00,96,7,20.87,33,0.00,0.00,1.17,7,0.00,4.17,3.04,2.33,14,0.00,0.50,0.00,0.00,0.00,0.83,0.17,2.33,0.00,0.65,0.50,0.67,0.00,0.00,0.03,0.00,0.83,0.00,0.00,0,0,,3,0.50,35,0,0.00,32,3,0.65,46,1,1,5,95,0.00,99,0,5,1.09,73,25,67,5.43,95,0,0.00,99,0,0.00,0,0,0.00,0,1.52,82,4,0.87,45,1,0.22,25.00,0,0.00,0,0,0,0.00,0,14,0.00,1,3.04,93,N/A,N/A,N/A,N/A,0.00,0,0.00,0,0.17,0.00,0,62.75,0.00,32,8,1.00,1.30,6,36,32,0,0,0,0.50,0.65,3,84,39.28,2.83,3.70,17,0,0.00,0.00,99,0.00,0,0,0,0.00,0.00,0,0.00,0.00,0.00,0.00,0,0,0.00,62,56,89,61,1,0.45,53,0.07,0.10,0.17,33,0.03,0.04,28,3,0.50,0.65,0.65,0.50,24,3,0.04,32,19,79,88,0,66,57,0,0.00,99,5,0.00,1.09,8.26,6.33,38,22,57,37,4.78,3.67,57.89,3,0.65,46,0,28.00,0,0.00,99,7,1.17,1.52,93,59,70,62,0,0,0,0,0,48,61,77,75,0,99,18,64,82,0,0,49,27,0,0
Dominik Sarapata,18,1193295600,2007/10/25,First League,2026/2027,Midfielder,Líšeň,35,24,11,Poland,2,1,1,0,0,0,0,0,0,0,0,0,0,0,0,0,0,0,0,0,0,0,0,0,0,0,0,18,0,0,0,-1,-1,-1,24,0,6.42,0,69,33.75,9.00,53,9,9.00,9,99,33.75,74,0.00,0.00,0.00,0,0.00,0.00,0.00,0.00,0,0.00,0.00,0.00,0.00,0.00,0.00,0.00,0.00,0.00,0.00,0.00,1.00,0.00,0.00,0.00,0.00,0.00,0.00,0.00,0,0,,0,0.00,13,0,0.00,32,0,0.00,17,0,1,0,7,0.00,99,0,0,0.00,20,0,40,0.00,20,0,0.00,99,0,0.00,0,0,0.00,0,0.00,14,1,3.75,97,0,0.00,0.00,0,0.00,0,0,0,0.00,0,0,0.00,99,0.00,0,N/A,N/A,N/A,N/A,0.00,0,0.00,0,0.00,0.00,0,100.00,0.00,32,99,0.00,0.00,0,23,23,0,0,0,0.00,0.00,0,45,6.42,0.00,0.00,0,0,0.00,0.00,99,0.00,0,0,0,0.00,0.00,0,0.00,0.00,0.00,0.00,0,0,0.00,62,0,0,61,0,0.02,38,0.02,0.08,0.00,13,0.00,0.00,4,0,0.00,0.00,0.00,0.00,7,0,0.00,13,8,3,88,0,66,8,0,0.00,99,0,0.00,0.00,7.50,2.00,2,0,0,30,0.00,0.00,0.00,0,0.00,99,0,0.00,0,0.00,99,0,0.00,0.00,40,0,70,23,0,0,0,0,0,48,61,77,75,0,99,18,44,44,0,0,49,20,0,0
Dominik Sváček,29,856771200,1997/02/24,First League,2026/2027,Goalkeeper,Zbrojovka Brno,0,0,0,Czech Republic,0,0,0,0,0,0,0,0,0,0,0,0,0,0,0,0,0,0,0,0,0,0,0,0,0,0,0,0,0,0,0,-1,-1,-1,-1,N/A,N/A,N/A,N/A,N/A,N/A,N/A,N/A,N/A,N/A,N/A,N/A,N/A,N/A,N/A,N/A,N/A,N/A,N/A,N/A,N/A,N/A,N/A,N/A,N/A,N/A,N/A,N/A,N/A,N/A,N/A,N/A,N/A,N/A,N/A,N/A,N/A,N/A,N/A,N/A,N/A,N/A,N/A,N/A,N/A,N/A,N/A,N/A,N/A,N/A,N/A,N/A,N/A,N/A,N/A,N/A,N/A,N/A,N/A,N/A,N/A,N/A,N/A,N/A,N/A,N/A,N/A,N/A,N/A,N/A,N/A,N/A,N/A,N/A,N/A,N/A,N/A,N/A,N/A,N/A,N/A,N/A,N/A,N/A,N/A,N/A,N/A,N/A,N/A,N/A,N/A,N/A,N/A,N/A,N/A,N/A,N/A,N/A,N/A,N/A,N/A,N/A,N/A,N/A,N/A,N/A,N/A,N/A,N/A,N/A,N/A,N/A,N/A,N/A,N/A,N/A,N/A,N/A,N/A,N/A,N/A,N/A,N/A,N/A,N/A,N/A,N/A,N/A,N/A,N/A,N/A,N/A,N/A,N/A,N/A,N/A,N/A,N/A,N/A,N/A,N/A,N/A,N/A,N/A,N/A,N/A,N/A,N/A,N/A,N/A,N/A,N/A,N/A,N/A,N/A,N/A,N/A,N/A,N/A,N/A,N/A,N/A,N/A,N/A,N/A,N/A,N/A,N/A,N/A,N/A,N/A,N/A,N/A,N/A,N/A,N/A,N/A,N/A,N/A,N/A,N/A,N/A,N/A,N/A,N/A,N/A,N/A,N/A,N/A,N/A,N/A,N/A,N/A,N/A,N/A,N/A,N/A,N/A,N/A,N/A,N/A,N/A,N/A,N/A,N/A,N/A,N/A,N/A,N/A,N/A,N/A,N/A,N/A,N/A,N/A,N/A,N/A,N/A,N/A,N/A,N/A,N/A,N/A,N/A
Dominik Ťapaj,22,1084172400,2004/05/10,First League,2026/2027,Goalkeeper,Viktoria Plzeň,0,0,0,Slovakia,0,0,0,0,0,0,0,0,0,0,0,0,0,0,0,0,0,0,0,0,0,0,0,0,0,0,0,0,0,0,0,-1,-1,-1,-1,N/A,N/A,N/A,N/A,N/A,N/A,N/A,N/A,N/A,N/A,N/A,N/A,N/A,N/A,N/A,N/A,N/A,N/A,N/A,N/A,N/A,N/A,N/A,N/A,N/A,N/A,N/A,N/A,N/A,N/A,N/A,N/A,N/A,N/A,N/A,N/A,N/A,N/A,N/A,N/A,N/A,N/A,N/A,N/A,N/A,N/A,N/A,N/A,N/A,N/A,N/A,N/A,N/A,N/A,N/A,N/A,N/A,N/A,N/A,N/A,N/A,N/A,N/A,N/A,N/A,N/A,N/A,N/A,N/A,N/A,N/A,N/A,N/A,N/A,N/A,N/A,N/A,N/A,N/A,N/A,N/A,N/A,N/A,N/A,N/A,N/A,N/A,N/A,N/A,N/A,N/A,N/A,N/A,N/A,N/A,N/A,N/A,N/A,N/A,N/A,N/A,N/A,N/A,N/A,N/A,N/A,N/A,N/A,N/A,N/A,N/A,N/A,N/A,N/A,N/A,N/A,N/A,N/A,N/A,N/A,N/A,N/A,N/A,N/A,N/A,N/A,N/A,N/A,N/A,N/A,N/A,N/A,N/A,N/A,N/A,N/A,N/A,N/A,N/A,N/A,N/A,N/A,N/A,N/A,N/A,N/A,N/A,N/A,N/A,N/A,N/A,N/A,N/A,N/A,N/A,N/A,N/A,N/A,N/A,N/A,N/A,N/A,N/A,N/A,N/A,N/A,N/A,N/A,N/A,N/A,N/A,N/A,N/A,N/A,N/A,N/A,N/A,N/A,N/A,N/A,N/A,N/A,N/A,N/A,N/A,N/A,N/A,N/A,N/A,N/A,N/A,N/A,N/A,N/A,N/A,N/A,N/A,N/A,N/A,N/A,N/A,N/A,N/A,N/A,N/A,N/A,N/A,N/A,N/A,N/A,N/A,N/A,N/A,N/A,N/A,N/A,N/A,N/A,N/A,N/A,N/A,N/A,N/A,N/A
Dominique Simon,26,964854000,2000/07/29,First League,2026/2027,Midfielder,Pardubice,67,0,67,France,1,0,1,0,0,0,0,0,0,0,0,0,0,0,3,0,3,1,0,0,0,0,0,0,0,4.03,22,67,67,0,1.34,-1,-1,-1,8,0,6.66,0,69,29.55,22.00,40,22,18.00,18,60,24.18,49,0.00,0.00,1.00,1,0.00,4.00,1.34,1.00,1,0.00,1.00,0.00,0.00,0.00,1.00,1.00,3.00,0.00,0.00,0.00,2.00,0.00,0.00,0.00,0.00,0.00,0.00,0.00,0,0,,0,0.00,13,0,0.00,32,0,0.00,17,1,0,1,52,0.00,99,0,1,1.34,84,4,63,5.37,94,0,0.00,99,0,0.00,0,0,0.00,0,1.34,77,2,2.69,87,1,1.34,50.00,0,0.00,0,0,0,0.00,0,3,0.00,0,4.03,96,N/A,N/A,N/A,N/A,0.00,0,0.00,0,0.00,0.00,0,81.82,0.00,32,99,0.00,0.00,0,90,66,0,0,0,0.00,0.00,0,45,6.66,1.00,1.34,1,0,0.00,0.00,99,0.00,0,0,0,0.00,0.00,0,0.00,0.00,0.00,0.00,0,0,0.00,62,0,0,61,0,0.07,46,0.07,0.09,0.00,13,0.00,0.00,99,3,3.00,4.03,1.34,1.00,58,1,0.00,13,31,50,88,0,66,8,0,0.00,99,0,0.00,0.00,12.09,9.00,9,5,93,85,6.72,5.00,55.56,1,1.34,18,0,25.00,0,0.00,99,1,1.00,1.34,92,3,47,62,0,0,0,0,0,48,61,77,75,0,99,18,45,99,1,100,99,7,0,0
Dušan Pavlović,22,1084950000,2004/05/19,First League,2026/2027,Defender,Jablonec,624,354,270,Serbia,7,4,3,0,0,0,0,0,0,0,0,3,2,1,6,3,3,1,0,0,0,0,0,0,0,0.87,104,89,624,0,0.14,174,177,24,20,0,6.89,0,69,58.85,58.29,94,408,51.00,357,83,51.49,94,0.00,0.00,0.00,0,0.00,0.00,0.43,0.43,3,0.00,0.00,0.00,0.00,0.00,1.14,0.00,0.86,0.00,0.58,0.29,0.00,0.00,0.29,0.05,0.00,1.57,0.00,0.00,0,0,,4,0.57,32,2,0.29,53,2,0.29,27,2,0,7,14,0.00,99,0,8,1.15,76,0,40,0.00,20,0,0.00,99,0,0.00,0,0,0.00,0,0.00,14,0,0.00,12,0,0.00,0.00,0,0.00,0,0,0,0.00,0,6,0.00,78,0.87,21,N/A,N/A,N/A,N/A,0.00,0,0.00,0,0.34,0.00,0,87.50,50.00,87,73,0.29,0.29,2,23,23,0,0,0,1.14,1.15,8,99,48.25,6.29,6.35,44,0,0.00,0.00,99,0.00,0,0,0,0.00,0.00,0,0.00,0.00,0.00,0.00,0,0,0.00,62,86,89,61,79,0.67,53,0.10,0.10,0.34,36,0.05,0.05,31,5,0.71,0.72,1.01,1.00,41,7,0.05,35,66,96,88,0,66,73,0,0.00,99,11,0.00,1.59,5.19,5.14,36,18,16,12,2.60,2.57,50.00,0,0.00,99,0,0.00,0,0.00,99,0,0.00,0.00,40,99,47,86,0,0,0,0,0,48,61,77,75,0,99,87,95,49,1,14,66,15,0,0
Ebrima Singhateh,23,1052204400,2003/05/06,First League,2026/2027,Forward,Sparta Praha,58,30,28,Gambia,3,2,1,0,0,0,0,0,0,0,0,1,0,1,0,0,0,0,0,0,0,0,0,0,0,0,0,19,0,0,0,-1,-1,-1,13,0,6.78,0,69,27.93,6.00,35,18,5.67,17,99,26.38,55,0.00,0.00,0.33,1,0.00,1.00,4.66,1.00,3,0.00,0.67,0.00,0.00,0.00,0.00,0.00,0.33,0.00,9.31,1.33,1.00,0.00,0.67,0.14,0.00,0.00,0.00,0.00,0,0,,6,2.00,99,2,3.10,99,4,6.21,99,0,3,0,99,0.00,99,0,0,0.00,20,3,80,4.66,92,0,0.00,99,0,0.00,0,0,0.00,0,1.55,82,3,4.66,98,0,0.00,0.00,0,0.00,0,0,0,0.00,0,1,0.00,99,1.55,52,N/A,N/A,N/A,N/A,0.00,0,0.00,0,0.42,0.00,0,94.44,33.33,68,99,0.00,0.00,0,23,23,0,0,0,0.00,0.00,0,45,20.34,0.00,0.00,0,0,0.00,0.00,99,0.00,0,0,0,0.00,0.00,0,0.00,0.00,0.00,0.00,0,1,0.00,62,0,3,61,0,0.08,60,0.03,0.12,0.42,98,0.14,0.65,99,5,1.67,7.76,3.10,0.67,96,2,0.65,97,50,3,88,0,66,8,0,0.00,99,0,0.00,0.00,23.28,5.00,15,8,99,99,12.41,2.67,53.33,2,3.10,1,0,33.33,0,0.00,99,1,0.33,1.55,93,0,91,23,0,0,0,0,0,48,61,77,75,0,99,73,44,44,0,0,49,27,0,0
Eduard Sobol,31,798361200,1995/04/20,First League,2026/2027,Defender,Jablonec,99,9,90,Ukraine,2,1,1,0,0,0,0,0,0,0,0,1,1,0,2,0,2,0,0,0,0,0,0,0,0,1.82,50,50,0,0,0,-1,-1,-1,10,0,6.54,0,69,48.18,26.50,85,53,22.00,44,65,40.00,83,0.00,0.00,1.00,2,0.00,2.00,2.73,1.50,3,0.00,1.00,0.00,0.00,0.00,0.00,0.50,1.00,0.00,0.00,0.00,2.00,0.00,0.00,0.00,0.00,0.50,0.00,0.00,0,0,,0,0.00,13,0,0.00,32,0,0.00,17,0,1,1,90,0.00,99,0,0,0.00,20,4,63,3.64,82,0,0.00,99,0,0.00,0,0,0.00,0,1.82,89,4,3.64,97,1,0.91,25.00,0,0.00,0,0,0,0.00,0,2,0.00,27,1.82,66,N/A,N/A,N/A,N/A,0.00,0,0.00,0,0.00,0.00,0,83.02,0.00,32,99,0.00,0.00,0,79,32,0,0,0,0.50,0.91,1,95,13.07,2.50,4.55,5,0,0.00,0.00,99,0.00,0,0,0,0.00,0.00,0,0.00,0.00,0.00,0.00,0,0,0.00,62,0,0,61,28,0.15,64,0.07,0.14,0.00,13,0.00,0.00,4,0,0.00,0.00,1.82,1.00,76,2,0.00,13,17,85,88,0,66,50,0,0.00,99,1,0.00,0.91,14.55,8.00,16,5,50,97,4.55,2.50,31.25,2,1.82,8,0,25.00,0,0.00,99,1,0.50,0.91,82,3,70,23,0,0,0,0,0,48,61,77,75,0,99,95,44,44,0,0,49,23,0,0
El Hadji Latyr Ndiaye,27,934441200,1999/08/12,First League,2026/2027,Forward,Líšeň,551,273,278,Senegal,8,4,4,1,0,1,0,0,0,0,0,0,0,0,14,12,2,1,0,0.16,0,0.16,0,0.32,551,2.29,39,69,551,0,0.16,71,113,-1,5,0,6.50,0,69,13.92,12.00,5,84,7.71,54,8,8.95,5,0.00,0.00,0.71,5,0.00,0.00,1.49,1.29,9,0.00,0.43,0.00,0.00,0.00,0.14,0.29,2.00,0.00,1.33,1.00,0.29,0.00,0.14,0.07,0.00,1.57,0.00,0.00,0,0,,8,1.14,60,1,0.17,37,7,1.16,72,1,0,7,60,0.00,99,0,1,0.17,22,0,40,0.00,20,0,0.00,99,0,0.00,0,0,0.00,0,0.83,55,2,0.33,23,2,0.33,100.00,0,0.00,0,0,0,0.00,0,14,0.00,7,2.32,85,N/A,N/A,N/A,N/A,0.00,0,0.00,0,0.51,0.00,0,64.29,12.50,35,65,0.29,0.33,2,46,99,0,0,0,0.00,0.00,0,45,45.49,0.43,0.50,3,0,0.00,0.00,99,0.00,0,0,0,0.00,0.00,0,0.00,0.00,0.83,0.71,5,0,0.00,62,73,99,95,7,0.27,8,0.04,0.04,0.51,46,0.07,0.08,37,5,0.71,0.83,2.65,2.29,93,16,0.08,45,14,13,88,0,97,77,0,0.00,99,11,0.00,1.82,11.60,10.00,70,27,50,82,4.48,3.86,38.57,3,0.50,53,0,0.00,0,0.00,99,0,0.00,0.00,40,99,47,62,0,0,0,0,0,52,67,81,75,0,99,18,91,54,1,12,51,12,0,0
El Hadji Youssoupha Mbodji,22,1073635200,2004/01/09,First League,2026/2027,Defender,Slavia Praha,0,0,0,Senegal,0,0,0,0,0,0,0,0,0,0,0,0,0,0,0,0,0,0,0,0,0,0,0,0,0,0,0,0,0,0,0,-1,-1,-1,-1,N/A,N/A,N/A,N/A,N/A,N/A,N/A,N/A,N/A,N/A,N/A,N/A,N/A,N/A,N/A,N/A,N/A,N/A,N/A,N/A,N/A,N/A,N/A,N/A,N/A,N/A,N/A,N/A,N/A,N/A,N/A,N/A,N/A,N/A,N/A,N/A,N/A,N/A,N/A,N/A,N/A,N/A,N/A,N/A,N/A,N/A,N/A,N/A,N/A,N/A,N/A,N/A,N/A,N/A,N/A,N/A,N/A,N/A,N/A,N/A,N/A,N/A,N/A,N/A,N/A,N/A,N/A,N/A,N/A,N/A,N/A,N/A,N/A,N/A,N/A,N/A,N/A,N/A,N/A,N/A,N/A,N/A,N/A,N/A,N/A,N/A,N/A,N/A,N/A,N/A,N/A,N/A,N/A,N/A,N/A,N/A,N/A,N/A,N/A,N/A,N/A,N/A,N/A,N/A,N/A,N/A,N/A,N/A,N/A,N/A,N/A,N/A,N/A,N/A,N/A,N/A,N/A,N/A,N/A,N/A,N/A,N/A,N/A,N/A,N/A,N/A,N/A,N/A,N/A,N/A,N/A,N/A,N/A,N/A,N/A,N/A,N/A,N/A,N/A,N/A,N/A,N/A,N/A,N/A,N/A,N/A,N/A,N/A,N/A,N/A,N/A,N/A,N/A,N/A,N/A,N/A,N/A,N/A,N/A,N/A,N/A,N/A,N/A,N/A,N/A,N/A,N/A,N/A,N/A,N/A,N/A,N/A,N/A,N/A,N/A,N/A,N/A,N/A,N/A,N/A,N/A,N/A,N/A,N/A,N/A,N/A,N/A,N/A,N/A,N/A,N/A,N/A,N/A,N/A,N/A,N/A,N/A,N/A,N/A,N/A,N/A,N/A,N/A,N/A,N/A,N/A,N/A,N/A,N/A,N/A,N/A,N/A,N/A,N/A,N/A,N/A,N/A,N/A,N/A,N/A,N/A,N/A,N/A,N/A
Eliáš Piták,20,1143532800,2006/03/28,First League,2026/2027,Defender,Slavia Praha,196,196,0,Czech Republic,3,3,0,0,0,0,0,0,0,0,0,0,0,0,3,3,0,0,0,0,0,0,0,0,0,1.38,65,65,0,0,0,-1,-1,-1,19,0,6.86,0,69,35.82,26.00,58,78,17.00,51,10,23.42,45,0.00,0.00,0.33,1,0.00,1.00,2.30,1.67,5,0.00,0.00,0.00,0.00,0.00,1.00,0.67,1.00,0.00,2.30,1.00,1.33,0.00,0.67,0.12,0.00,0.33,0.00,0.00,0,0,,5,1.67,83,2,0.92,89,3,1.38,80,2,0,3,85,0.00,99,0,3,1.38,85,3,40,1.38,54,0,0.00,99,0,0.00,0,0,0.00,0,0.46,33,4,1.84,74,2,0.92,50.00,0,0.00,0,0,0,0.00,0,3,0.00,46,1.38,48,N/A,N/A,N/A,N/A,0.00,0,0.00,0,0.36,0.00,0,65.38,40.00,73,22,0.67,0.92,2,79,66,0,0,0,0.00,0.00,0,45,20.58,0.00,0.00,0,0,0.00,0.00,99,0.00,0,0,1,0.33,0.46,0,0.00,0.00,0.00,0.00,0,0,0.00,62,3,3,61,46,0.16,32,0.05,0.07,0.36,61,0.12,0.17,19,1,0.33,0.46,1.84,1.33,77,4,0.17,60,61,3,99,0,66,29,0,0.00,99,1,0.00,0.46,8.72,6.33,19,9,43,46,4.13,3.00,47.37,0,0.00,99,0,0.00,0,0.00,99,0,0.00,0.00,40,26,47,86,0,0,0,0,0,48,61,77,75,0,99,18,44,44,0,0,49,43,0,0
Elione Fernandes Neto,21,1124780400,2005/08/23,First League,2026/2027,Midfielder,Hradec Králové,11,0,11,Angola,2,1,1,0,0,0,0,0,0,0,0,0,0,0,0,0,0,0,0,0,0,0,0,0,0,0,0,6,0,0,0,-1,-1,-1,14,0,3.31,0,69,75.00,5.00,99,10,4.50,9,93,67.50,98,0.00,0.00,0.00,0,0.00,0.00,0.00,0.00,0,0.00,0.00,0.00,0.00,0.00,0.00,0.00,0.00,0.00,0.00,0.00,0.00,0.00,0.00,0.00,0.00,0.00,0.00,0.00,0,0,,0,0.00,13,0,0.00,32,0,0.00,17,0,2,0,7,0.00,99,0,0,0.00,20,0,40,0.00,20,0,0.00,99,0,0.00,0,0,0.00,0,0.00,14,0,0.00,12,0,0.00,0.00,0,0.00,0,0,0,0.00,0,0,0.00,99,0.00,0,N/A,N/A,N/A,N/A,0.00,0,0.00,0,0.00,0.00,0,90.00,0.00,32,99,0.00,0.00,0,23,23,0,0,0,0.00,0.00,0,45,6.62,0.50,7.50,1,0,0.00,0.00,99,0.00,0,0,0,0.00,0.00,0,0.00,0.00,0.00,0.00,0,0,0.00,62,0,0,61,0,0.02,67,0.01,0.15,0.00,13,0.00,0.00,99,1,0.50,7.50,7.50,0.50,99,1,0.00,13,0,98,88,0,66,8,0,0.00,99,0,0.00,0.00,15.00,1.00,2,1,98,98,7.50,0.50,50.00,0,0.00,99,0,0.00,0,0.00,99,0,0.00,0.00,40,0,85,23,0,0,0,0,0,48,61,77,75,0,99,18,44,44,0,0,49,6,0,0
Emmanuel Ayaosi,20,1130482800,2005/10/28,First League,2026/2027,Forward,Slavia Praha,309,111,198,Nigeria,6,3,3,3,1,2,1,1,0,0,0,3,1,2,1,0,1,1,0,1.17,0.29,0.87,0.81,0.91,103,0.29,309,52,309,309,0.29,4,25,-1,4,0,7.15,0.17,88,23.30,13.33,24,80,9.83,59,28,17.18,22,0.00,0.00,0.67,4,0.00,0.83,1.17,0.67,4,0.00,0.67,0.00,0.00,0.00,0.17,1.50,0.17,2.33,2.04,0.50,2.00,0.00,0.67,0.39,0.00,0.33,0.00,0.00,0,0,,7,1.17,79,4,1.17,96,3,0.87,58,3,4,2,45,0.00,99,0,1,0.29,29,5,40,1.46,57,0,0.00,99,0,0.00,0,0,0.00,0,1.17,69,12,3.50,95,9,2.62,75.00,0,0.00,0,0,0,0.00,0,1,0.00,99,0.29,1,N/A,N/A,N/A,N/A,0.00,0,0.00,0,2.34,0.00,0,73.75,57.14,89,23,0.50,0.87,3,98,87,0,0,0,0.00,0.00,0,45,42.87,0.67,1.17,4,0,0.00,0.00,99,0.00,0,0,0,0.00,0.00,0,0.00,0.00,0.87,0.50,3,1,42.86,95,25,48,63,99,0.86,82,0.14,0.25,2.34,99,0.39,0.68,55,4,0.67,1.17,1.46,0.83,63,5,0.68,99,92,43,88,0,98,37,0,0.00,99,2,0.00,0.58,11.94,6.83,41,19,72,85,5.53,3.17,46.34,4,1.17,24,0,0.00,0,0.00,99,0,0.00,0.00,40,8,97,95,0,0,0,0,0,99,99,99,96,0,99,95,75,71,1,17,77,20,0,0
Emmanuel Favor Fully,20,1142841600,2006/03/20,First League,2026/2027,Defender,Líšeň,412,188,224,Liberia,6,3,3,0,0,0,0,0,0,0,0,0,0,0,8,5,3,2,0,0,0,0,0,0,0,1.75,52,69,206,0,0.44,108,111,60,11,0,6.45,0,69,32.14,23.00,50,115,17.00,85,29,23.76,46,0.00,0.00,0.00,0,0.00,0.40,1.40,1.00,5,0.00,0.80,0.00,0.00,0.00,0.80,0.00,1.20,0.00,0.84,0.60,0.00,0.00,0.00,0.03,0.00,1.00,0.00,0.00,0,0,,3,0.60,42,0,0.00,32,3,0.84,57,0,2,3,53,0.00,99,0,4,1.12,74,2,95,0.56,39,0,0.00,99,0,0.00,0,0,0.00,0,0.00,14,0,0.00,12,0,0.00,0.00,0,0.00,0,0,0,0.00,0,6,0.00,30,1.68,57,N/A,N/A,N/A,N/A,0.00,0,0.00,0,0.15,0.00,0,73.91,0.00,32,73,0.20,0.28,1,23,23,0,0,0,1.00,1.40,5,99,32.24,1.40,1.96,7,0,0.00,0.00,99,0.00,0,0,0,0.00,0.00,0,0.00,0.00,0.28,0.20,1,0,0.00,62,45,48,61,32,0.21,24,0.04,0.06,0.15,33,0.03,0.04,22,2,0.40,0.56,1.96,1.40,81,7,0.04,32,10,63,88,0,81,67,0,0.00,99,5,0.00,1.40,8.11,5.80,29,12,27,36,3.35,2.40,41.38,4,1.12,25,0,50.00,0,0.00,99,1,0.20,0.28,52,26,85,23,0,0,0,0,0,48,61,77,75,0,99,18,60,87,2,33,96,15,0,0
Emmanuel Godwin,21,1118559600,2005/06/12,First League,2026/2027,Defender,Pardubice,582,226,356,Nigeria,7,3,4,0,0,0,0,0,0,0,0,1,0,1,12,5,7,3,0,0,0,0,0,0,0,1.86,49,83,194,0,0.46,93,105,65,24,0,6.68,0,69,27.99,25.86,35,181,18.14,127,19,19.64,30,0.00,0.00,1.14,8,0.00,3.57,2.32,2.14,15,0.00,1.43,0.00,0.00,0.00,0.86,0.86,1.71,0.00,0.62,0.57,1.43,0.00,0.00,0.03,0.00,0.43,0.00,0.00,0,0,,4,0.57,33,0,0.00,32,4,0.62,45,1,0,7,86,0.00,99,0,6,0.93,67,25,48,3.87,84,0,0.00,99,0,0.00,0,0,0.00,0,1.24,73,10,1.55,68,6,0.93,60.00,0,0.00,0,0,0,0.00,0,12,0.00,24,1.86,68,N/A,N/A,N/A,N/A,0.00,0,0.00,0,0.18,0.00,0,70.17,0.00,32,12,1.14,1.24,8,80,77,0,0,0,0.43,0.46,3,74,46.73,2.57,2.78,18,0,0.00,0.00,99,0.00,0,0,0,0.00,0.00,0,0.00,0.00,0.00,0.00,0,0,0.00,62,78,89,61,27,0.63,53,0.09,0.10,0.18,27,0.03,0.03,19,3,0.43,0.46,2.47,2.29,92,16,0.03,26,36,77,88,0,66,29,0,0.00,99,3,0.00,0.46,10.52,9.71,68,27,44,72,4.18,3.86,39.71,10,1.55,13,0,16.00,0,0.00,99,4,0.57,0.62,73,99,47,62,0,0,0,0,0,48,61,77,75,0,99,31,56,88,3,43,98,15,0,0
Enej Marsetič,21,1102147200,2004/12/04,First League,2026/2027,Forward,Slovan Liberec,13,13,0,Slovenia,1,1,0,0,0,0,0,0,0,0,0,1,1,0,0,0,0,0,0,0,0,0,0,0,0,0,0,13,0,0,0,-1,-1,-1,21,N/A,N/A,N/A,N/A,N/A,N/A,N/A,N/A,N/A,N/A,N/A,N/A,N/A,N/A,N/A,N/A,N/A,N/A,N/A,N/A,N/A,N/A,N/A,N/A,N/A,N/A,N/A,N/A,N/A,N/A,N/A,N/A,N/A,N/A,N/A,N/A,N/A,N/A,N/A,N/A,N/A,N/A,N/A,N/A,N/A,N/A,N/A,N/A,N/A,N/A,N/A,N/A,N/A,N/A,N/A,N/A,N/A,N/A,N/A,N/A,N/A,N/A,N/A,N/A,N/A,N/A,N/A,N/A,N/A,N/A,N/A,N/A,N/A,N/A,N/A,N/A,N/A,N/A,N/A,N/A,N/A,N/A,N/A,N/A,N/A,N/A,N/A,N/A,N/A,N/A,N/A,N/A,N/A,N/A,N/A,N/A,N/A,N/A,N/A,N/A,N/A,N/A,N/A,N/A,N/A,N/A,N/A,N/A,N/A,N/A,N/A,N/A,N/A,N/A,N/A,N/A,N/A,N/A,N/A,N/A,N/A,N/A,N/A,N/A,N/A,N/A,N/A,N/A,N/A,N/A,N/A,N/A,N/A,N/A,N/A,N/A,N/A,N/A,N/A,N/A,N/A,N/A,N/A,N/A,N/A,N/A,N/A,N/A,N/A,N/A,N/A,N/A,N/A,N/A,N/A,N/A,N/A,N/A,N/A,N/A,N/A,N/A,N/A,N/A,N/A,N/A,N/A,N/A,N/A,N/A,N/A,N/A,N/A,N/A,N/A,N/A,N/A,N/A,N/A,N/A,N/A,N/A,N/A,N/A,N/A,N/A,N/A,N/A,N/A,N/A,N/A,N/A,N/A,N/A,N/A,N/A,N/A,N/A,N/A,N/A,N/A,N/A,N/A,N/A,N/A,N/A,N/A,N/A,N/A,N/A,N/A,N/A,N/A,N/A,N/A,N/A,N/A,N/A,N/A,N/A,N/A,N/A,N/A,N/A
Eric Hunal,21,1106294400,2005/01/21,First League,2026/2027,Defender,Zbrojovka Brno,136,46,90,Czech Republic,4,3,1,0,0,0,0,0,0,0,0,0,0,0,5,1,4,0,0,0,0,0,0,0,0,3.31,27,34,0,0,0,-1,-1,-1,18,0,6.40,0,69,43.81,18.33,80,55,14.00,42,37,33.45,74,0.00,0.00,0.00,0,0.00,0.00,0.80,0.33,1,0.00,0.00,0.00,0.00,0.00,0.33,0.00,1.33,0.00,0.80,0.33,0.00,0.00,0.00,0.02,0.00,0.67,0.00,0.00,0,0,,1,0.33,40,0,0.00,32,1,0.80,54,0,2,1,26,0.00,99,0,1,0.80,56,0,40,0.00,20,0,0.00,99,0,0.00,0,0,0.00,0,0.00,14,0,0.00,12,0,0.00,0.00,0,0.00,0,0,0,0.00,0,4,0.00,0,3.19,94,N/A,N/A,N/A,N/A,0.00,0,0.00,0,0.06,0.00,0,76.36,0.00,32,99,0.00,0.00,0,23,23,0,0,0,0.33,0.80,1,93,19.19,2.00,4.78,6,0,0.00,0.00,99,0.00,0,0,1,0.33,0.80,0,0.00,0.00,0.00,0.00,0,0,0.00,62,0,12,61,1,0.08,24,0.03,0.06,0.06,36,0.02,0.05,35,1,0.33,0.80,0.00,0.00,7,0,0.05,35,7,86,99,0,66,73,0,0.00,99,2,0.00,1.59,5.58,2.33,7,4,26,12,3.19,1.33,57.14,0,0.00,99,0,0.00,0,0.00,99,0,0.00,0.00,40,3,85,23,0,0,0,0,0,48,61,77,75,0,99,18,44,44,0,0,49,4,0,0
Fabijan Krivak,21,1109232000,2005/02/24,First League,2026/2027,Midfielder,Sigma Olomouc,219,64,155,Croatia,5,1,4,1,0,1,1,0,1,0,0,1,1,0,1,0,1,0,0,0.82,0.41,0.41,0,0.58,219,0.41,219,44,0,219,0,-1,-1,-1,6,0,6.86,0.2,94,39.86,19.40,73,97,16.00,80,62,32.88,73,0.00,0.00,1.20,6,0.00,1.60,0.41,0.20,1,0.00,1.20,0.00,0.00,0.00,0.60,0.80,0.20,2.00,0.82,0.00,1.80,0.00,0.40,0.17,0.00,0.00,0.00,0.00,0,0,,2,0.40,41,2,0.82,85,0,0.00,17,3,2,3,14,0.00,99,0,3,1.23,80,8,95,3.29,79,0,0.00,99,0,0.00,0,0,0.00,0,2.47,95,9,3.70,97,4,1.64,44.44,0,0.00,0,0,0,0.00,0,1,0.00,97,0.41,3,N/A,N/A,N/A,N/A,0.00,0,0.00,0,0.87,0.00,0,82.47,100.00,99,57,0.20,0.41,1,94,53,0,0,0,0.20,0.41,1,72,34.32,0.00,0.00,0,0,0.00,0.00,99,0.00,0,0,0,0.00,0.00,0,0.00,0.00,0.41,0.20,1,0,50.00,99,8,24,73,97,0.98,97,0.20,0.40,0.87,86,0.17,0.36,37,2,0.40,0.82,1.64,0.80,68,4,0.36,85,61,3,88,0,87,8,0,0.00,99,0,0.00,0.00,9.45,4.60,23,7,20,56,2.88,1.40,30.43,6,2.47,2,0,50.00,0,0.00,99,4,0.80,1.64,95,26,85,95,0,0,0,0,0,94,88,94,75,0,99,42,44,44,0,0,49,23,0,0
Fallou Faye,20,1133251200,2005/11/29,First League,2026/2027,Midfielder,Slovan Liberec,512,302,210,Senegal,8,4,4,0,0,0,0,0,0,0,0,4,2,2,2,1,1,3,0,0,0,0,0,0,0,0.35,256,64,171,0,0.53,136,136,-1,11,0,6.72,0,69,31.17,21.57,46,151,15.29,107,21,22.09,38,0.00,0.00,0.57,4,0.00,0.29,1.03,0.71,5,0.00,1.29,0.00,0.00,0.00,0.29,0.57,0.29,0.00,1.44,0.71,1.00,0.00,0.29,0.08,0.00,2.29,0.00,0.00,0,0,,7,1.00,63,2,0.41,62,5,1.03,67,2,2,5,38,0.00,99,0,2,0.41,35,2,95,0.41,33,0,0.00,99,0,0.00,0,0,0.00,0,0.83,55,7,1.44,64,4,0.83,57.14,0,0.00,0,0,0,0.00,0,2,0.00,99,0.41,3,N/A,N/A,N/A,N/A,0.00,0,0.00,0,0.57,0.00,0,70.86,28.57,57,78,0.14,0.21,1,76,73,0,0,0,0.00,0.00,0,45,47.07,1.43,2.06,10,0,0.00,0.00,99,0.00,0,0,0,0.00,0.00,0,0.00,0.00,0.00,0.00,0,0,0.00,62,64,99,61,99,0.33,32,0.05,0.07,0.57,57,0.08,0.12,59,6,0.86,1.24,1.03,0.71,42,5,0.12,56,43,67,88,0,66,94,0,0.00,99,16,0.00,3.30,11.56,8.00,56,30,89,81,6.19,4.29,53.57,9,1.86,7,0,50.00,0,0.00,99,1,0.14,0.21,47,59,85,86,0,0,0,0,0,48,61,77,75,0,99,95,52,93,2,25,87,60,0,0
Filip Čihák,27,931590000,1999/07/10,First League,2026/2027,Defender,Hradec Králové,630,360,270,Czech Republic,7,4,3,0,0,0,0,0,0,0,0,2,1,1,5,3,2,2,0,0,0,0,0,0,0,0.71,126,90,315,0,0.29,80,74,16,16,0,7.07,0,69,54.29,54.29,90,380,47.71,334,86,47.71,91,0.00,0.00,0.57,4,0.00,0.14,1.43,1.43,10,0.00,0.43,0.00,0.00,0.00,1.57,0.71,0.86,0.00,1.43,1.14,1.14,0.00,0.29,0.08,0.00,2.86,0.00,0.00,0,0,,10,1.43,63,2,0.29,53,8,1.14,71,0,0,7,57,0.00,99,0,11,1.57,92,1,99,0.14,21,0,0.00,99,0,0.00,0,0,0.00,0,0.57,37,8,1.14,56,5,0.71,62.50,0,0.00,0,0,0,0.00,0,6,0.00,86,0.86,21,N/A,N/A,N/A,N/A,0.00,0,0.00,0,0.56,0.00,0,87.89,20.00,47,31,0.71,0.71,5,69,78,0,0,0,1.14,1.14,8,99,49.50,4.14,4.14,29,0,0.00,0.00,99,0.00,0,0,0,0.00,0.00,0,0.00,0.00,0.00,0.00,0,0,0.00,62,94,89,61,86,1.01,64,0.14,0.14,0.56,46,0.08,0.08,45,7,1.00,1.00,1.43,1.43,63,10,0.08,45,86,82,88,0,66,90,0,0.00,99,20,0.00,2.86,11.00,11.00,77,42,83,77,6.00,6.00,54.55,3,0.43,58,0,100.00,0,0.00,99,1,0.14,0.14,42,99,47,23,0,0,0,0,0,48,61,77,75,0,99,65,76,71,2,29,93,5,0,0
Filip Dorňák,20,1153638000,2006/07/23,First League,2026/2027,Midfielder,Zlín,0,0,0,Czech Republic,0,0,0,0,0,0,0,0,0,0,0,0,0,0,0,0,0,0,0,0,0,0,0,0,0,0,0,0,0,0,0,-1,-1,-1,-1,N/A,N/A,N/A,N/A,N/A,N/A,N/A,N/A,N/A,N/A,N/A,N/A,N/A,N/A,N/A,N/A,N/A,N/A,N/A,N/A,N/A,N/A,N/A,N/A,N/A,N/A,N/A,N/A,N/A,N/A,N/A,N/A,N/A,N/A,N/A,N/A,N/A,N/A,N/A,N/A,N/A,N/A,N/A,N/A,N/A,N/A,N/A,N/A,N/A,N/A,N/A,N/A,N/A,N/A,N/A,N/A,N/A,N/A,N/A,N/A,N/A,N/A,N/A,N/A,N/A,N/A,N/A,N/A,N/A,N/A,N/A,N/A,N/A,N/A,N/A,N/A,N/A,N/A,N/A,N/A,N/A,N/A,N/A,N/A,N/A,N/A,N/A,N/A,N/A,N/A,N/A,N/A,N/A,N/A,N/A,N/A,N/A,N/A,N/A,N/A,N/A,N/A,N/A,N/A,N/A,N/A,N/A,N/A,N/A,N/A,N/A,N/A,N/A,N/A,N/A,N/A,N/A,N/A,N/A,N/A,N/A,N/A,N/A,N/A,N/A,N/A,N/A,N/A,N/A,N/A,N/A,N/A,N/A,N/A,N/A,N/A,N/A,N/A,N/A,N/A,N/A,N/A,N/A,N/A,N/A,N/A,N/A,N/A,N/A,N/A,N/A,N/A,N/A,N/A,N/A,N/A,N/A,N/A,N/A,N/A,N/A,N/A,N/A,N/A,N/A,N/A,N/A,N/A,N/A,N/A,N/A,N/A,N/A,N/A,N/A,N/A,N/A,N/A,N/A,N/A,N/A,N/A,N/A,N/A,N/A,N/A,N/A,N/A,N/A,N/A,N/A,N/A,N/A,N/A,N/A,N/A,N/A,N/A,N/A,N/A,N/A,N/A,N/A,N/A,N/A,N/A,N/A,N/A,N/A,N/A,N/A,N/A,N/A,N/A,N/A,N/A,N/A,N/A,N/A,N/A,N/A,N/A,N/A,N/A
Filip Horský,23,1052463600,2003/05/09,First League,2026/2027,Forward,Slovácko,312,107,205,Czech Republic,6,3,3,0,0,0,0,0,0,0,0,1,1,0,6,2,4,0,0,0,0,0,0,0,0,1.73,52,52,0,0,0,168,172,-1,15,0,6.59,0,69,20.98,12.40,20,62,8.60,43,17,14.55,16,0.00,0.00,0.40,2,0.00,0.20,1.35,0.80,4,0.00,1.40,0.00,0.00,0.00,0.20,0.00,1.00,0.00,2.37,1.00,0.60,0.00,0.40,0.12,0.00,0.80,0.00,0.00,0,0,,7,1.40,86,2,0.68,80,5,1.69,86,1,2,3,53,0.00,99,0,1,0.34,31,1,40,0.34,30,0,0.00,99,0,0.00,0,0,0.00,0,0.68,47,3,1.02,53,0,0.00,0.00,0,0.00,0,0,0,0.00,0,5,0.00,31,1.69,58,N/A,N/A,N/A,N/A,0.00,0,0.00,0,0.58,0.00,0,69.35,28.57,57,63,0.20,0.34,1,23,23,0,0,0,0.00,0.00,0,45,32.97,0.40,0.68,2,0,0.00,0.00,99,0.00,0,0,0,0.00,0.00,0,0.00,0.00,0.68,0.40,2,0,0.00,62,26,48,61,32,0.17,24,0.03,0.06,0.58,67,0.12,0.20,94,8,1.60,2.71,2.37,1.40,90,7,0.20,66,26,21,88,0,96,66,0,0.00,99,4,0.00,1.35,12.52,7.40,37,16,68,90,5.41,3.20,43.24,7,2.37,3,0,0.00,0,0.00,99,0,0.00,0.00,40,26,85,62,0,0,0,0,0,48,61,77,75,0,99,37,44,44,0,0,49,11,0,0
Filip Hruška,18,1219993200,2008/08/29,First League,2026/2027,Midfielder,Slovácko,5,0,5,Czech Republic,1,0,1,0,0,0,0,0,0,0,0,0,0,0,0,0,0,0,0,0,0,0,0,0,0,0,0,5,0,0,0,-1,-1,-1,4,0,6.35,0,69,72.00,4.00,98,4,3.00,3,33,54.00,95,0.00,0.00,0.00,0,0.00,0.00,0.00,0.00,0,0.00,0.00,0.00,0.00,0.00,0.00,0.00,0.00,0.00,0.00,0.00,0.00,0.00,0.00,0.00,0.00,0.00,0.00,0.00,0,0,,0,0.00,13,0,0.00,32,0,0.00,17,0,1,0,7,0.00,99,0,0,0.00,20,0,40,0.00,20,0,0.00,99,0,0.00,0,0,0.00,0,0.00,14,0,0.00,12,0,0.00,0.00,0,0.00,0,0,0,0.00,0,0,0.00,99,0.00,0,N/A,N/A,N/A,N/A,0.00,0,0.00,0,0.00,0.00,0,75.00,0.00,32,0,1.00,18.00,1,23,23,0,0,0,0.00,0.00,0,45,6.35,0.00,0.00,0,0,0.00,0.00,99,0.00,0,0,0,0.00,0.00,0,0.00,0.00,0.00,0.00,0,0,0.00,62,0,0,61,0,0.01,72,0.01,0.18,0.00,13,0.00,0.00,4,0,0.00,0.00,18.00,1.00,99,1,0.00,13,6,3,88,0,66,8,0,0.00,99,0,0.00,0.00,36.00,2.00,2,0,0,99,0.00,0.00,0.00,0,0.00,99,0,0.00,0,0.00,99,0,0.00,0.00,40,0,70,23,0,0,0,0,0,48,61,77,75,0,99,18,44,44,0,0,49,17,0,0
Filip Kolář,21,1118041200,2005/06/06,First League,2026/2027,Defender,Mladá Boleslav,0,0,0,Czech Republic,0,0,0,0,0,0,0,0,0,0,0,0,0,0,0,0,0,0,0,0,0,0,0,0,0,0,0,0,0,0,0,-1,-1,-1,-1,N/A,N/A,N/A,N/A,N/A,N/A,N/A,N/A,N/A,N/A,N/A,N/A,N/A,N/A,N/A,N/A,N/A,N/A,N/A,N/A,N/A,N/A,N/A,N/A,N/A,N/A,N/A,N/A,N/A,N/A,N/A,N/A,N/A,N/A,N/A,N/A,N/A,N/A,N/A,N/A,N/A,N/A,N/A,N/A,N/A,N/A,N/A,N/A,N/A,N/A,N/A,N/A,N/A,N/A,N/A,N/A,N/A,N/A,N/A,N/A,N/A,N/A,N/A,N/A,N/A,N/A,N/A,N/A,N/A,N/A,N/A,N/A,N/A,N/A,N/A,N/A,N/A,N/A,N/A,N/A,N/A,N/A,N/A,N/A,N/A,N/A,N/A,N/A,N/A,N/A,N/A,N/A,N/A,N/A,N/A,N/A,N/A,N/A,N/A,N/A,N/A,N/A,N/A,N/A,N/A,N/A,N/A,N/A,N/A,N/A,N/A,N/A,N/A,N/A,N/A,N/A,N/A,N/A,N/A,N/A,N/A,N/A,N/A,N/A,N/A,N/A,N/A,N/A,N/A,N/A,N/A,N/A,N/A,N/A,N/A,N/A,N/A,N/A,N/A,N/A,N/A,N/A,N/A,N/A,N/A,N/A,N/A,N/A,N/A,N/A,N/A,N/A,N/A,N/A,N/A,N/A,N/A,N/A,N/A,N/A,N/A,N/A,N/A,N/A,N/A,N/A,N/A,N/A,N/A,N/A,N/A,N/A,N/A,N/A,N/A,N/A,N/A,N/A,N/A,N/A,N/A,N/A,N/A,N/A,N/A,N/A,N/A,N/A,N/A,N/A,N/A,N/A,N/A,N/A,N/A,N/A,N/A,N/A,N/A,N/A,N/A,N/A,N/A,N/A,N/A,N/A,N/A,N/A,N/A,N/A,N/A,N/A,N/A,N/A,N/A,N/A,N/A,N/A,N/A,N/A,N/A,N/A,N/A,N/A
Filip Kubala,27,936255600,1999/09/02,First League,2026/2027,Forward,Baník Ostrava,308,115,193,Czech Republic,6,2,4,0,0,0,1,1,0,0,0,2,1,1,6,0,6,1,0,0.29,0.29,0,0,0,0,1.75,51,51,308,308,0.29,158,23,-1,10,0,6.62,0.17,88,27.47,15.67,33,94,12.67,76,57,22.21,39,0.00,0.00,0.83,5,0.00,0.17,1.17,0.67,4,0.00,0.83,0.00,0.00,0.00,0.67,0.67,1.17,0.00,3.51,1.83,1.50,0.00,0.17,0.10,0.00,0.33,0.00,0.00,0,0,,12,2.00,98,1,0.29,53,11,3.21,99,1,2,4,45,0.00,99,0,4,1.17,76,1,40,0.29,28,0,0.00,99,0,0.00,0,0,0.00,0,1.46,79,9,2.63,86,4,1.17,44.44,0,0.00,0,0,0,0.00,0,7,0.00,30,2.05,76,N/A,N/A,N/A,N/A,0.00,0,0.00,0,0.61,0.00,0,80.85,8.33,32,73,0.17,0.29,1,87,53,0,0,0,0.00,0.00,0,45,39.73,0.50,0.88,3,0,0.00,0.00,99,0.00,0,0,3,0.50,0.88,0,0.00,0.00,0.00,0.00,0,0,0.00,62,24,48,61,30,0.93,84,0.15,0.27,0.61,63,0.10,0.18,80,6,1.00,1.75,2.34,1.33,89,8,0.18,63,28,31,99,0,66,37,0,0.00,99,2,0.00,0.58,10.23,5.83,35,16,53,68,4.68,2.67,45.71,5,1.46,15,0,0.00,0,0.00,99,0,0.00,0.00,40,41,85,62,0,0,0,0,0,67,61,77,75,0,99,73,74,71,1,17,77,28,0,0
Filip Mielke,21,1113030000,2005/04/09,First League,2026/2027,Defender,Hradec Králové,134,0,134,Slovakia,2,0,2,0,0,0,0,0,0,0,0,0,0,0,1,0,1,0,0,0,0,0,0,0,0,0.67,134,67,0,0,0,-1,-1,-1,8,0,6.71,0,69,67.16,50.00,97,100,47.00,94,99,63.13,98,0.00,0.00,0.00,0,0.00,0.00,0.67,0.50,1,0.00,0.00,0.00,0.00,0.00,0.50,0.00,1.00,0.00,0.00,0.00,0.00,0.00,0.00,0.00,0.00,1.00,0.00,0.00,0,0,,0,0.00,13,0,0.00,32,0,0.00,17,0,1,1,23,0.00,99,0,1,0.67,49,0,40,0.00,20,0,0.00,99,0,0.00,0,0,0.00,0,0.00,14,0,0.00,12,0,0.00,0.00,0,0.00,0,0,0,0.00,0,2,0.00,87,1.34,46,N/A,N/A,N/A,N/A,0.00,0,0.00,0,0.00,0.00,0,94.00,0.00,32,34,0.50,0.67,1,23,23,0,0,0,1.00,1.34,2,99,13.43,5.00,6.72,10,0,0.00,0.00,99,0.00,0,0,0,0.00,0.00,0,0.00,0.00,0.00,0.00,0,0,0.00,62,0,0,61,87,0.19,62,0.10,0.13,0.00,13,0.00,0.00,30,1,0.50,0.67,0.67,0.50,24,1,0.00,13,40,97,88,0,66,66,0,0.00,99,2,0.00,1.34,4.03,3.00,6,4,17,7,2.69,2.00,66.67,0,0.00,99,0,0.00,0,0.00,99,0,0.00,0.00,40,3,70,23,0,0,0,0,0,48,61,77,75,0,99,18,44,44,0,0,49,3,0,0
Filip Novák,36,646383600,1990/06/26,First League,2026/2027,Defender,Jablonec,357,87,270,Czech Republic,5,2,3,1,1,0,0,0,0,0,0,2,1,1,3,0,3,1,0,0.25,0,0.25,1.03,0,357,0.76,119,71,357,0,0.25,48,75,20,4,0,7.02,0,69,46.13,36.60,82,183,33.40,167,97,42.10,85,0.00,0.00,0.80,4,0.00,2.00,0.50,0.40,2,0.00,0.40,0.00,0.00,0.00,0.80,0.00,0.60,2.00,0.50,0.20,0.00,0.00,0.20,0.15,0.00,1.60,0.00,0.00,0,0,,2,0.40,27,1,0.25,45,1,0.25,25,1,1,4,17,0.00,99,0,4,1.01,70,10,85,2.52,71,0,0.00,99,0,0.00,0,0,0.00,0,1.01,62,0,0.00,12,0,0.00,0.00,0,0.00,0,0,0,0.00,0,3,0.00,82,0.76,15,N/A,N/A,N/A,N/A,0.00,0,0.00,0,0.75,0.00,0,91.26,50.00,87,47,0.40,0.50,2,23,23,0,0,0,0.20,0.25,1,59,35.11,6.40,8.07,32,0,0.00,0.00,99,0.00,0,0,0,0.00,0.00,0,0.00,0.00,0.00,0.00,0,0,50.00,99,35,24,87,83,0.51,62,0.10,0.13,0.75,66,0.15,0.19,60,5,1.00,1.26,0.76,0.60,30,3,0.19,65,82,99,88,0,66,82,0,0.00,99,8,0.00,2.02,7.56,6.00,30,14,30,31,3.53,2.80,46.67,2,0.50,53,0,40.00,0,0.00,99,4,0.80,1.01,83,41,70,62,0,0,0,0,0,61,76,77,97,0,99,76,80,66,1,20,80,57,0,0
Filip Prebsl,23,1046764800,2003/03/04,First League,2026/2027,Defender,Viktoria Plzeň,310,165,145,Czech Republic,4,2,2,0,0,0,0,0,0,0,0,1,0,1,7,2,5,0,0,0,0,0,0,0,0,2.03,44,78,0,0,0,127,126,73,16,0,6.63,0,69,50.81,43.75,87,175,38.75,155,89,45.00,88,0.00,0.00,0.25,1,0.00,0.50,1.74,1.50,6,0.00,0.00,0.00,0.00,0.00,0.75,0.00,1.75,0.00,0.00,0.00,0.25,0.00,0.00,0.00,0.00,2.00,0.00,0.00,0,0,,0,0.00,13,0,0.00,32,0,0.00,17,2,1,3,67,0.00,99,0,3,0.87,61,2,95,0.58,40,0,0.00,99,0,0.00,0,0,0.00,0,0.29,20,1,0.29,20,0,0.00,0.00,0,0.00,0,0,0,0.00,0,7,0.00,16,2.03,75,N/A,N/A,N/A,N/A,0.00,0,0.00,0,0.00,0.00,0,88.57,0.00,32,99,0.00,0.00,0,23,23,0,0,0,0.25,0.29,1,62,26.53,1.75,2.03,7,0,0.00,0.00,99,0.00,0,0,0,0.00,0.00,0,0.00,0.00,0.00,0.00,0,0,0.00,62,25,12,61,17,0.34,53,0.09,0.10,0.00,13,0.00,0.00,66,5,1.25,1.45,1.16,1.00,48,4,0.00,13,30,66,88,0,66,87,0,0.00,99,8,0.00,2.32,8.42,7.25,29,18,65,41,5.23,4.50,62.07,0,0.00,99,0,50.00,0,0.00,99,1,0.25,0.29,54,26,70,86,0,0,0,0,0,48,61,77,75,0,99,48,44,44,0,0,49,98,0,0
Filip Šancl,21,1119510000,2005/06/23,First League,2026/2027,Midfielder,Baník Ostrava,28,0,28,Czech Republic,1,0,1,0,0,0,0,0,0,0,0,0,0,0,1,0,1,0,0,0,0,0,0,0,0,3.21,28,28,0,0,0,-1,-1,-1,12,0,6.40,0,69,32.14,10.00,50,10,7.00,7,18,22.50,41,0.00,0.00,0.00,0,0.00,0.00,0.00,0.00,0,0.00,0.00,0.00,0.00,0.00,0.00,0.00,1.00,0.00,0.00,0.00,0.00,0.00,0.00,0.00,0.00,1.00,0.00,0.00,0,0,,0,0.00,13,0,0.00,32,0,0.00,17,0,1,0,7,0.00,99,0,0,0.00,20,0,40,0.00,20,0,0.00,99,0,0.00,0,0,0.00,0,0.00,14,0,0.00,12,0,0.00,0.00,0,0.00,0,0,0,0.00,0,1,0.00,0,3.21,94,N/A,N/A,N/A,N/A,0.00,0,0.00,0,0.00,0.00,0,70.00,0.00,32,99,0.00,0.00,0,23,23,0,0,0,0.00,0.00,0,45,6.40,0.00,0.00,0,0,0.00,0.00,99,0.00,0,0,0,0.00,0.00,0,0.00,0.00,0.00,0.00,0,0,0.00,62,0,0,61,1,0.01,3,0.01,0.03,0.00,13,0.00,0.00,4,0,0.00,0.00,0.00,0.00,7,0,0.00,13,7,3,88,0,66,92,0,0.00,99,1,0.00,3.21,3.21,1.00,1,1,26,7,3.21,1.00,100.00,0,0.00,99,0,0.00,0,0.00,99,0,0.00,0.00,40,0,70,23,0,0,0,0,0,48,61,77,75,0,99,18,44,44,0,0,49,19,0,0
Filip Slavicek,23,1032937200,2002/09/25,First League,2026/2027,Defender,Sigma Olomouc,0,0,0,Czech Republic,0,0,0,0,0,0,0,0,0,0,0,0,0,0,0,0,0,0,0,0,0,0,0,0,0,0,0,0,0,0,0,-1,-1,-1,-1,N/A,N/A,N/A,N/A,N/A,N/A,N/A,N/A,N/A,N/A,N/A,N/A,N/A,N/A,N/A,N/A,N/A,N/A,N/A,N/A,N/A,N/A,N/A,N/A,N/A,N/A,N/A,N/A,N/A,N/A,N/A,N/A,N/A,N/A,N/A,N/A,N/A,N/A,N/A,N/A,N/A,N/A,N/A,N/A,N/A,N/A,N/A,N/A,N/A,N/A,N/A,N/A,N/A,N/A,N/A,N/A,N/A,N/A,N/A,N/A,N/A,N/A,N/A,N/A,N/A,N/A,N/A,N/A,N/A,N/A,N/A,N/A,N/A,N/A,N/A,N/A,N/A,N/A,N/A,N/A,N/A,N/A,N/A,N/A,N/A,N/A,N/A,N/A,N/A,N/A,N/A,N/A,N/A,N/A,N/A,N/A,N/A,N/A,N/A,N/A,N/A,N/A,N/A,N/A,N/A,N/A,N/A,N/A,N/A,N/A,N/A,N/A,N/A,N/A,N/A,N/A,N/A,N/A,N/A,N/A,N/A,N/A,N/A,N/A,N/A,N/A,N/A,N/A,N/A,N/A,N/A,N/A,N/A,N/A,N/A,N/A,N/A,N/A,N/A,N/A,N/A,N/A,N/A,N/A,N/A,N/A,N/A,N/A,N/A,N/A,N/A,N/A,N/A,N/A,N/A,N/A,N/A,N/A,N/A,N/A,N/A,N/A,N/A,N/A,N/A,N/A,N/A,N/A,N/A,N/A,N/A,N/A,N/A,N/A,N/A,N/A,N/A,N/A,N/A,N/A,N/A,N/A,N/A,N/A,N/A,N/A,N/A,N/A,N/A,N/A,N/A,N/A,N/A,N/A,N/A,N/A,N/A,N/A,N/A,N/A,N/A,N/A,N/A,N/A,N/A,N/A,N/A,N/A,N/A,N/A,N/A,N/A,N/A,N/A,N/A,N/A,N/A,N/A,N/A,N/A,N/A,N/A,N/A,N/A
Filip Špatenka,22,1077436800,2004/02/22,First League,2026/2027,Forward,Mladá Boleslav,39,9,30,Czechia,3,1,2,0,0,0,0,0,0,0,0,1,1,0,1,0,1,0,0,0,0,0,0,0,0,2.31,39,13,0,0,0,-1,-1,-1,16,0,6.57,0,69,23.08,3.33,22,10,1.67,5,0,11.54,9,0.00,0.00,0.00,0,0.00,0.00,0.00,0.00,0,0.00,0.33,0.00,0.00,0.00,0.00,0.67,0.33,0.00,0.00,0.00,0.67,0.00,0.00,0.00,0.00,0.00,0.00,0.00,0,0,,0,0.00,13,0,0.00,32,0,0.00,17,1,3,0,7,0.00,99,0,0,0.00,20,0,40,0.00,20,0,0.00,99,0,0.00,0,0,0.00,0,0.00,14,2,4.62,98,2,4.62,100.00,0,0.00,0,0,0,0.00,0,1,0.00,6,2.31,85,N/A,N/A,N/A,N/A,0.00,0,0.00,0,0.00,0.00,0,50.00,0.00,32,99,0.00,0.00,0,99,99,0,0,0,0.00,0.00,0,45,19.70,0.00,0.00,0,0,0.00,0.00,99,0.00,0,0,0,0.00,0.00,0,0.00,0.00,0.00,0.00,0,0,0.00,62,0,3,61,7,0.01,2,0.00,0.02,0.00,13,0.00,0.00,99,2,0.67,4.62,2.31,0.33,88,1,0.00,13,23,3,88,0,66,8,0,0.00,99,0,0.00,0.00,16.15,2.33,7,4,99,99,9.23,1.33,57.14,1,2.31,3,0,0.00,0,0.00,99,0,0.00,0.00,40,0,91,62,0,0,0,0,0,48,61,77,75,0,99,73,44,44,0,0,49,17,0,0
Filip Vecheta,23,1045296000,2003/02/15,First League,2026/2027,Forward,Jablonec,34,26,8,Czech Republic,3,2,1,0,0,0,0,0,0,0,0,0,0,0,1,0,1,0,0,0,0,0,0,0,0,2.65,34,11,0,0,0,-1,-1,-1,9,0,6.65,0,69,23.82,3.00,24,9,2.67,8,90,21.18,34,0.00,0.00,0.33,1,0.00,0.00,2.65,0.33,1,0.00,0.67,0.00,0.00,0.00,0.00,0.33,0.33,0.00,2.65,0.00,0.33,0.00,0.33,0.05,0.00,0.33,0.00,0.00,0,0,,1,0.33,91,1,2.65,99,0,0.00,17,0,3,0,90,0.00,99,0,0,0.00,20,0,40,0.00,20,0,0.00,99,0,0.00,0,0,0.00,0,2.65,97,1,2.65,86,1,2.65,100.00,0,0.00,0,0,0,0.00,0,1,0.00,2,2.65,90,N/A,N/A,N/A,N/A,0.00,0,0.00,0,0.15,0.00,0,88.89,100.00,99,99,0.00,0.00,0,98,99,0,0,0,0.00,0.00,0,45,19.95,0.00,0.00,0,0,0.00,0.00,99,0.00,0,0,0,0.00,0.00,0,0.00,0.00,0.00,0.00,0,0,0.00,62,0,3,61,2,0.05,62,0.02,0.13,0.15,89,0.05,0.40,99,2,0.67,5.29,2.65,0.33,93,1,0.40,89,30,3,88,0,66,88,0,0.00,99,1,0.00,2.65,18.53,2.33,7,4,99,99,10.59,1.33,57.14,2,5.29,0,0,0.00,0,0.00,99,0,0.00,0.00,40,0,91,23,0,0,0,0,0,48,61,77,75,0,99,18,44,44,0,0,49,27,0,0
Filip Vedral,29,862038000,1997/04/26,First League,2026/2027,Defender,Zbrojovka Brno,620,440,180,Czech Republic,7,5,2,1,1,0,1,1,0,0,0,2,1,1,6,5,1,1,0,0.29,0.15,0.15,0.2,0,620,0.87,103,89,620,620,0.15,74,61,25,4,0,7.00,0.14,73,47.55,46.67,84,280,36.50,219,48,37.19,80,0.00,0.00,0.67,4,0.00,0.50,1.19,1.17,7,0.00,0.00,0.00,0.00,0.00,1.00,0.17,0.83,5.00,0.85,0.67,0.33,0.00,0.17,0.15,0.00,3.17,0.00,0.00,0,0,,5,0.83,43,1,0.17,37,4,0.68,47,1,0,6,46,0.00,99,0,6,1.02,70,3,40,0.51,38,0,0.00,99,0,0.00,0,0,0.00,0,0.68,47,2,0.34,23,1,0.17,50.00,0,0.00,0,0,0,0.00,0,5,0.00,78,0.85,19,N/A,N/A,N/A,N/A,0.00,0,0.00,0,0.90,0.00,0,78.21,20.00,47,63,0.33,0.34,2,30,66,0,0,0,0.17,0.17,1,50,42.02,4.17,4.25,25,0,0.00,0.00,99,0.00,0,0,0,0.00,0.00,0,0.00,0.00,0.00,0.00,0,0,20.00,83,85,89,98,78,1.16,74,0.19,0.20,0.90,59,0.15,0.15,47,6,1.00,1.02,0.34,0.33,13,2,0.15,58,78,83,88,0,66,93,0,0.00,99,19,0.00,3.23,7.98,7.83,47,32,69,35,5.43,5.33,68.09,0,0.00,99,0,0.00,0,0.00,99,0,0.00,0.00,40,78,47,62,0,0,0,0,0,67,65,77,76,0,99,65,95,52,1,14,66,26,0,0
Filip Zorvan,30,828864000,1996/04/07,First League,2026/2027,Midfielder,Jablonec,149,71,78,Czech Republic,6,4,2,0,0,0,0,0,0,0,0,3,2,1,1,1,0,0,0,0,0,0,0,0,0,0.6,149,25,0,0,0,-1,-1,-1,13,0,6.60,0,69,56.17,15.50,92,93,11.50,69,30,41.68,85,0.00,0.00,0.33,2,0.00,1.33,0.60,0.17,1,0.00,0.33,0.00,0.00,0.00,0.33,0.17,0.17,0.00,0.60,0.17,0.33,0.00,0.00,0.01,0.00,0.17,0.00,0.00,0,0,,1,0.17,32,0,0.00,32,1,0.60,43,1,5,1,20,0.00,99,0,2,1.21,79,8,44,4.83,93,0,0.00,99,0,0.00,0,0,0.00,0,1.21,71,2,1.21,57,1,0.60,50.00,0,0.00,0,0,0,0.00,0,1,0.00,91,0.60,8,N/A,N/A,N/A,N/A,0.00,0,0.00,0,0.05,0.00,0,74.19,0.00,32,99,0.00,0.00,0,61,66,0,0,0,0.00,0.00,0,45,39.59,0.33,1.21,2,0,0.00,0.00,99,0.00,0,0,0,0.00,0.00,0,0.00,0.00,0.00,0.00,0,0,0.00,62,0,48,61,90,0.24,64,0.04,0.14,0.05,27,0.01,0.03,90,4,0.67,2.42,1.21,0.33,50,2,0.03,26,27,44,88,0,66,38,0,0.00,99,1,0.00,0.60,8.46,2.33,14,7,45,41,4.23,1.17,50.00,2,1.21,23,0,12.50,0,0.00,99,1,0.17,0.60,72,3,99,62,0,0,0,0,0,48,61,77,75,0,99,95,44,44,0,0,49,8,0,0
Florian Wiegele,25,985161600,2001/03/21,First League,2026/2027,Goalkeeper,Viktoria Plzeň,630,360,270,Austria,7,4,3,0,0,0,0,0,0,0,0,2,0,2,11,6,5,0,0,0,0,0,0,0,0,1.57,57,90,0,0,0,134,123,53,23,0,6.91,0,69,31.29,31.29,46,219,24.29,170,45,24.29,50,0.00,0.00,0.00,0,0.00,0.00,0.00,0.00,0,0.00,0.00,0.00,0.00,2.71,0.00,0.00,4.43,0.00,0.00,0.00,0.00,0.00,0.00,0.00,0.00,0.00,0.00,0.00,0,0,,0,0.00,13,0,0.00,32,0,0.00,17,0,0,7,7,0.00,99,0,0,0.00,20,0,40,0.00,20,0,0.00,99,0,0.00,0,0,0.00,0,0.00,14,0,0.00,12,0,0.00,0.00,0,0.00,0,19,44,2.71,67,31,0.00,41,4.43,98,N/A,N/A,N/A,N/A,61.29,0,0.00,0,0.00,0.00,0,77.63,0.00,32,85,0.14,0.14,1,23,23,0,0,12,0.00,0.00,0,45,48.34,0.86,0.86,6,0,0.00,0.00,99,0.00,0,0,0,0.00,0.00,2,0.29,0.29,0.00,0.00,0,0,0.00,62,94,89,61,41,0.41,24,0.06,0.06,0.00,13,0.00,0.00,10,2,0.29,0.29,0.00,0.00,7,0,0.00,13,69,30,88,19,66,8,0,0.00,99,0,0.00,0.00,0.43,0.43,3,2,3,4,0.29,0.29,66.67,0,0.00,99,0,0.00,0,0.00,99,0,0.00,0.00,40,99,47,23,0,0,0,0,0,48,61,77,75,0,99,65,44,44,0,0,49,44,0,0
František Čech,28,897634800,1998/06/12,First League,2026/2027,Defender,Hradec Králové,456,360,96,Czech Republic,6,4,2,1,1,0,0,0,0,0,0,2,1,1,3,3,0,1,1,0.2,0,0.2,0.25,0,456,0.59,152,76,228,0,0.39,56,69,10,4,0,6.77,0,69,53.29,45.00,90,270,41.67,250,98,49.34,93,0.00,0.00,0.00,0,0.00,0.00,1.97,1.67,10,0.00,0.33,0.00,0.00,0.00,1.33,0.17,0.50,3.00,0.59,0.17,0.50,0.00,0.33,0.15,0.00,0.83,0.00,0.00,0,0,,3,0.50,32,2,0.39,60,1,0.20,23,0,0,6,75,0.00,99,0,8,1.58,93,0,40,0.00,20,0,0.00,99,0,0.00,0,0,0.00,0,0.00,14,3,0.59,34,1,0.20,33.33,0,0.00,0,0,0,0.00,0,3,0.00,91,0.59,7,N/A,N/A,N/A,N/A,0.00,0,0.00,0,0.91,0.00,0,92.59,66.67,95,39,0.50,0.59,3,33,45,0,0,0,0.83,0.99,5,96,40.60,4.83,5.72,29,0,0.00,0.00,99,0.00,0,0,0,0.00,0.00,0,0.00,0.00,0.20,0.17,1,0,33.33,93,55,48,91,92,0.47,46,0.08,0.09,0.91,63,0.15,0.18,34,4,0.67,0.79,2.37,2.00,90,12,0.18,63,48,93,88,0,73,54,0,0.00,99,5,0.00,0.99,8.49,7.17,43,20,40,42,3.95,3.33,46.51,2,0.39,61,0,0.00,0,0.00,99,0,0.00,0.00,40,78,47,23,0,0,0,0,0,57,73,77,77,0,99,73,63,82,0,0,49,25,0,0
Garang Kuol,21,1095231600,2004/09/15,First League,2026/2027,Forward,Jablonec,104,7,97,Australia,3,1,2,0,0,0,0,0,0,0,0,0,0,0,2,0,2,0,0,0,0,0,0,0,0,1.73,52,35,0,0,0,-1,-1,-1,16,0,6.75,0,69,31.15,12.00,45,36,10.00,30,67,25.96,53,0.00,0.00,0.33,1,0.00,1.67,3.46,1.33,4,0.00,0.33,0.00,0.00,0.00,0.33,0.67,0.67,0.00,2.60,0.67,1.67,0.00,0.33,0.07,0.00,0.00,0.00,0.00,0,0,,3,1.00,90,1,0.87,87,2,1.73,87,0,2,1,97,0.00,99,0,1,0.87,61,5,40,4.33,89,0,0.00,99,0,0.00,0,0,0.00,0,0.87,56,5,4.33,98,2,1.73,40.00,0,0.00,0,0,0,0.00,0,2,0.00,31,1.73,60,N/A,N/A,N/A,N/A,0.00,0,0.00,0,0.22,0.00,0,83.33,33.33,68,99,0.00,0.00,0,96,51,0,0,0,0.00,0.00,0,45,20.26,0.33,0.87,1,0,0.00,0.00,99,0.00,0,0,0,0.00,0.00,0,0.00,0.00,0.00,0.00,0,0,0.00,62,0,3,61,32,0.08,32,0.03,0.07,0.22,66,0.07,0.19,97,4,1.33,3.46,0.87,0.33,33,1,0.19,65,45,30,88,0,66,8,0,0.00,99,0,0.00,0.00,12.98,5.00,15,10,99,92,8.65,3.33,66.67,1,0.87,35,0,0.00,0,0.00,99,0,0.00,0.00,40,3,85,23,0,0,0,0,0,48,61,77,75,0,99,18,44,44,0,0,49,36,0,0
Ge Ismael Sylla,18,1202371200,2008/02/07,First League,2026/2027,Midfielder,Líšeň,0,0,0,Ivory Coast,0,0,0,0,0,0,0,0,0,0,0,0,0,0,0,0,0,0,0,0,0,0,0,0,0,0,0,0,0,0,0,-1,-1,-1,-1,N/A,N/A,N/A,N/A,N/A,N/A,N/A,N/A,N/A,N/A,N/A,N/A,N/A,N/A,N/A,N/A,N/A,N/A,N/A,N/A,N/A,N/A,N/A,N/A,N/A,N/A,N/A,N/A,N/A,N/A,N/A,N/A,N/A,N/A,N/A,N/A,N/A,N/A,N/A,N/A,N/A,N/A,N/A,N/A,N/A,N/A,N/A,N/A,N/A,N/A,N/A,N/A,N/A,N/A,N/A,N/A,N/A,N/A,N/A,N/A,N/A,N/A,N/A,N/A,N/A,N/A,N/A,N/A,N/A,N/A,N/A,N/A,N/A,N/A,N/A,N/A,N/A,N/A,N/A,N/A,N/A,N/A,N/A,N/A,N/A,N/A,N/A,N/A,N/A,N/A,N/A,N/A,N/A,N/A,N/A,N/A,N/A,N/A,N/A,N/A,N/A,N/A,N/A,N/A,N/A,N/A,N/A,N/A,N/A,N/A,N/A,N/A,N/A,N/A,N/A,N/A,N/A,N/A,N/A,N/A,N/A,N/A,N/A,N/A,N/A,N/A,N/A,N/A,N/A,N/A,N/A,N/A,N/A,N/A,N/A,N/A,N/A,N/A,N/A,N/A,N/A,N/A,N/A,N/A,N/A,N/A,N/A,N/A,N/A,N/A,N/A,N/A,N/A,N/A,N/A,N/A,N/A,N/A,N/A,N/A,N/A,N/A,N/A,N/A,N/A,N/A,N/A,N/A,N/A,N/A,N/A,N/A,N/A,N/A,N/A,N/A,N/A,N/A,N/A,N/A,N/A,N/A,N/A,N/A,N/A,N/A,N/A,N/A,N/A,N/A,N/A,N/A,N/A,N/A,N/A,N/A,N/A,N/A,N/A,N/A,N/A,N/A,N/A,N/A,N/A,N/A,N/A,N/A,N/A,N/A,N/A,N/A,N/A,N/A,N/A,N/A,N/A,N/A,N/A,N/A,N/A,N/A,N/A,N/A
Giannis-Foivos Botos,25,977299200,2000/12/20,First League,2026/2027,Midfielder,Pardubice,93,61,32,Greece,4,2,2,0,0,0,0,0,0,0,0,1,0,1,1,1,0,0,0,0,0,0,0,0,0,0.97,93,23,0,0,0,-1,-1,-1,11,0,6.62,0,69,45.48,11.75,81,47,9.75,39,65,37.74,81,0.00,0.00,1.50,6,0.00,1.00,0.97,0.25,1,0.00,0.25,0.00,0.00,0.00,0.00,0.25,0.25,0.00,0.97,0.25,0.75,0.00,0.00,0.01,0.00,0.00,0.00,0.00,0,0,,1,0.25,46,0,0.00,32,1,0.97,62,0,4,0,34,0.00,99,0,0,0.00,20,4,95,3.87,84,0,0.00,99,0,0.00,0,0,0.00,0,5.81,99,3,2.90,88,1,0.97,33.33,0,0.00,0,0,0,0.00,0,1,0.00,72,0.97,28,N/A,N/A,N/A,N/A,0.00,0,0.00,0,0.05,0.00,0,82.98,0.00,32,21,0.25,0.97,1,82,45,0,0,0,0.00,0.00,0,45,26.50,0.00,0.00,0,0,0.00,0.00,99,0.00,0,0,1,0.25,0.97,0,0.00,0.00,0.00,0.00,0,0,0.00,62,0,12,61,73,0.27,83,0.07,0.26,0.05,36,0.01,0.05,4,0,0.00,0.00,1.94,0.50,80,2,0.05,35,28,3,99,0,66,8,0,0.00,99,0,0.00,0.00,8.71,2.25,9,2,8,45,1.94,0.50,22.22,1,0.97,31,0,50.00,0,0.00,99,2,0.50,1.94,98,0,97,23,0,0,0,0,0,48,61,77,75,0,99,48,44,44,0,0,49,90,0,0
Gibril Sosseh,19,1170576000,2007/02/04,First League,2026/2027,Midfielder,Slovácko,171,116,55,Gambia,6,2,4,0,0,0,0,0,0,0,0,1,1,0,1,1,0,0,0,0,0,0,0,0,0,0.53,171,29,0,0,0,-1,-1,-1,7,0,4.23,0,69,61.88,17.60,95,88,14.40,72,60,50.62,93,0.00,0.00,0.40,2,0.00,0.20,4.22,1.20,6,0.00,0.00,0.00,0.00,0.00,0.80,0.40,0.20,0.00,1.41,0.20,0.40,0.00,0.20,0.03,0.00,0.40,0.00,0.00,0,0,,2,0.40,62,1,0.70,80,1,0.70,49,0,4,1,99,0.00,99,0,4,2.81,99,1,40,0.70,41,0,0.00,99,0,0.00,0,0,0.00,0,1.41,78,2,1.41,63,2,1.41,100.00,0,0.00,0,0,0,0.00,0,1,0.00,93,0.70,12,N/A,N/A,N/A,N/A,0.00,0,0.00,0,0.17,0.00,0,81.82,50.00,87,32,0.20,0.70,1,90,99,0,0,0,0.40,1.41,2,99,21.17,0.60,2.11,3,0,0.00,0.00,99,0.00,0,0,0,0.00,0.00,0,0.00,0.00,0.00,0.00,0,0,0.00,62,0,48,61,93,0.25,72,0.05,0.18,0.17,57,0.03,0.12,97,5,1.00,3.52,1.41,0.40,61,2,0.12,56,0,68,88,0,66,67,0,0.00,99,2,0.00,1.41,12.66,3.60,18,14,99,91,9.84,2.80,77.78,0,0.00,99,0,0.00,0,0.00,99,0,0.00,0.00,40,3,97,23,0,0,0,0,0,48,61,77,75,0,99,37,44,44,0,0,49,16,0,0
Gigli Ndefe,32,762595200,1994/03/02,First League,2026/2027,Defender,Slovácko,678,241,437,Netherlands,8,3,5,1,0,1,0,0,0,0,0,1,1,0,12,2,10,2,0,0.13,0,0.13,0,0.21,678,1.59,57,85,339,0,0.27,79,166,54,3,0,6.72,0,69,27.00,25.71,32,180,21.57,151,70,22.65,41,0.00,0.00,0.43,3,0.00,1.57,1.80,1.71,12,0.00,0.14,0.00,0.00,0.00,0.86,0.00,1.57,7.00,1.05,0.86,0.29,0.00,0.14,0.14,0.00,0.43,0.00,0.00,0,0,,7,1.00,50,1,0.15,34,6,0.90,61,2,0,7,70,0.00,99,0,6,0.90,65,11,66,1.65,62,0,0.00,99,0,0.00,0,0,0.00,0,0.45,32,2,0.30,20,0,0.00,0.00,0,0.00,0,0,0,0.00,0,11,0.00,38,1.65,55,N/A,N/A,N/A,N/A,0.00,0,0.00,0,1.01,0.00,0,83.89,14.29,37,82,0.14,0.15,1,23,23,0,0,0,0.00,0.00,0,45,47.06,2.57,2.70,18,0,0.00,0.00,99,0.00,0,0,0,0.00,0.00,0,0.00,0.00,0.15,0.14,1,0,14.29,74,96,99,99,41,0.37,24,0.05,0.06,1.01,59,0.14,0.15,89,15,2.14,2.25,1.95,1.86,80,13,0.15,58,43,75,88,0,67,27,0,0.00,99,3,0.00,0.45,7.80,7.43,52,29,49,33,4.35,4.14,55.77,1,0.15,80,0,27.27,0,0.00,99,3,0.43,0.45,66,99,47,86,0,0,0,0,0,49,62,77,75,0,99,21,78,68,2,25,87,2,0,0
Hélio Alberto Delgado Silva,28,895302000,1998/05/16,First League,2026/2027,Midfielder,Líšeň,529,275,254,Cape Verde,8,4,4,0,0,0,2,2,0,0,0,0,0,0,12,10,2,0,0,0.34,0.34,0,0,0,0,2.04,44,66,0,265,0,123,11,-1,22,0,6.58,0.25,92,14.55,11.57,6,81,8.00,56,16,10.06,7,0.00,0.00,0.86,6,0.00,1.43,1.98,1.57,11,0.00,0.57,0.00,0.00,0.00,0.71,0.43,1.71,0.00,1.08,0.71,2.43,0.00,0.14,0.05,0.00,1.29,0.00,0.00,0,0,,6,0.86,50,1,0.18,39,5,0.90,61,2,0,7,76,0.00,99,0,5,0.90,65,10,72,1.80,64,0,0.00,99,0,0.00,0,0,0.00,0,1.08,66,17,3.05,89,3,0.54,17.65,0,0.00,0,0,0,0.00,0,12,0.00,15,2.16,79,N/A,N/A,N/A,N/A,0.00,0,0.00,0,0.36,0.00,0,69.14,16.67,43,44,0.43,0.54,3,60,26,0,0,0,0.00,0.00,0,45,46.04,0.29,0.36,2,0,0.00,0.00,99,0.00,0,0,0,0.00,0.00,0,0.00,0.00,0.00,0.00,0,0,0.00,62,68,99,61,17,1.51,84,0.22,0.27,0.36,40,0.05,0.06,60,7,1.00,1.26,0.36,0.29,14,2,0.06,39,24,8,88,0,66,73,0,0.00,99,9,0.00,1.62,10.42,8.29,58,30,68,70,5.39,4.29,51.72,4,0.72,41,0,30.00,0,0.00,99,3,0.43,0.54,70,99,47,86,0,0,0,0,0,75,61,77,75,0,99,18,44,44,0,0,49,17,0,0
Hilmir Rafn Mikaelsson,22,1075708800,2004/02/02,First League,2026/2027,Forward,Sigma Olomouc,12,0,12,Iceland,1,0,1,0,0,0,0,0,0,0,0,0,0,0,0,0,0,1,0,0,0,0,0,0,0,0,0,12,12,0,7.5,-1,-1,-1,18,0,6.33,0,69,15.00,2.00,8,2,1.00,1,0,7.50,2,0.00,0.00,0.00,0,0.00,0.00,0.00,0.00,0,0.00,1.00,0.00,0.00,0.00,0.00,0.00,0.00,0.00,0.00,0.00,0.00,0.00,0.00,0.00,0.00,0.00,0.00,0.00,0,0,,0,0.00,13,0,0.00,32,0,0.00,17,0,1,0,7,0.00,99,0,0,0.00,20,0,40,0.00,20,0,0.00,99,0,0.00,0,0,0.00,0,0.00,14,0,0.00,12,0,0.00,0.00,0,0.00,0,0,0,0.00,0,0,0.00,99,0.00,0,N/A,N/A,N/A,N/A,0.00,0,0.00,0,0.00,0.00,0,50.00,0.00,32,99,0.00,0.00,0,23,23,0,0,0,0.00,0.00,0,45,6.33,0.00,0.00,0,0,0.00,0.00,99,0.00,0,0,0,0.00,0.00,0,0.00,0.00,0.00,0.00,0,0,0.00,62,0,0,61,0,0.00,0,0.00,0.00,0.00,13,0.00,0.00,4,0,0.00,0.00,7.50,1.00,99,1,0.00,13,5,3,88,0,66,8,0,0.00,99,0,0.00,0.00,15.00,2.00,2,0,0,98,0.00,0.00,0.00,1,7.50,0,0,0.00,0,0.00,99,0,0.00,0.00,40,0,70,23,0,0,0,0,0,48,61,77,75,0,99,18,44,99,1,100,99,11,0,0
Hugo Ahl,24,1003215600,2001/10/16,First League,2026/2027,Midfielder,Jablonec,109,27,82,Sweden,3,2,1,0,0,0,0,0,0,0,0,1,1,0,1,0,1,0,0,0,0,0,0,0,0,0.83,109,36,0,0,0,-1,-1,-1,11,0,6.49,0,69,25.60,10.33,28,31,8.67,26,69,21.47,35,0.00,0.00,0.67,2,0.00,0.33,0.83,0.33,1,0.00,0.33,0.00,0.00,0.00,0.00,0.33,0.33,0.00,6.61,1.33,1.33,0.00,1.33,0.23,0.00,1.00,0.00,0.00,0,0,,8,2.67,99,4,3.30,99,4,3.30,99,1,2,1,27,0.00,99,0,0,0.00,20,1,40,0.83,46,0,0.00,99,0,0.00,0,0,0.00,0,1.65,84,4,3.30,92,1,0.83,25.00,0,0.00,0,0,0,0.00,0,1,0.00,79,0.83,18,N/A,N/A,N/A,N/A,0.00,0,0.00,0,0.70,0.00,0,83.87,50.00,87,2,0.67,1.65,2,76,32,0,0,0,0.00,0.00,0,45,19.48,1.67,4.13,5,0,0.00,0.00,99,0.00,0,0,0,0.00,0.00,0,0.00,0.00,0.00,0.00,0,0,0.00,62,0,3,61,79,0.14,60,0.05,0.12,0.70,97,0.23,0.58,4,0,0.00,0.00,1.65,0.67,69,2,0.58,96,13,81,88,0,66,88,0,0.00,99,3,0.00,2.48,10.73,4.33,13,5,43,74,4.13,1.67,38.46,1,0.83,36,0,0.00,0,0.00,99,0,0.00,0.00,40,3,85,62,0,0,0,0,0,48,61,77,75,0,99,73,44,44,0,0,49,16,0,0
Hugo Sochůrek,18,1220770800,2008/09/07,First League,2026/2027,Midfielder,Sparta Praha,251,78,173,Czechia,6,2,4,0,0,0,0,0,0,0,0,1,0,1,5,1,4,0,0,0,0,0,0,0,0,1.79,50,42,0,0,0,-1,-1,-1,19,0,6.52,0,69,38.01,17.67,66,106,16.50,99,99,35.50,77,0.00,0.00,0.50,3,0.00,0.00,2.15,1.00,6,0.00,0.67,0.00,0.00,0.00,0.17,0.67,0.83,0.00,0.00,0.00,1.67,0.00,0.00,0.00,0.00,0.33,0.00,0.00,0,0,,0,0.00,13,0,0.00,32,0,0.00,17,3,3,3,81,0.00,99,0,1,0.36,33,0,40,0.00,20,0,0.00,99,0,0.00,0,0,0.00,0,1.08,66,10,3.59,96,4,1.43,40.00,0,0.00,0,0,0,0.00,0,5,0.00,28,1.79,64,N/A,N/A,N/A,N/A,0.00,0,0.00,0,0.00,0.00,0,93.40,0.00,32,60,0.17,0.36,1,91,51,0,0,0,0.17,0.36,1,70,39.10,0.33,0.72,2,0,0.00,0.00,99,0.00,0,0,0,0.00,0.00,0,0.00,0.00,0.00,0.00,0,0,0.00,62,12,48,61,28,0.33,60,0.06,0.12,0.00,13,0.00,0.00,86,6,1.00,2.15,1.43,0.67,63,4,0.00,13,16,24,88,0,66,43,0,0.00,99,2,0.00,0.72,12.19,5.67,34,17,87,87,6.10,2.83,50.00,4,1.43,16,0,0.00,0,0.00,99,0,0.00,0.00,40,26,91,95,0,0,0,0,0,48,61,77,75,0,99,37,44,44,0,0,49,38,0,0
Idris Hopi,18,1210575600,2008/05/12,First League,2026/2027,Forward,Teplice,179,118,61,Czech Republic,4,3,1,0,0,0,0,0,0,0,0,1,1,0,2,2,0,1,0,0,0,0,0,0,0,1.01,90,45,179,0,0.5,-1,-1,-1,13,0,6.57,0,69,16.59,8.25,10,33,5.00,20,5,10.06,7,0.00,0.00,0.25,1,0.00,0.00,1.51,0.75,3,0.00,0.50,0.00,0.00,0.00,0.50,1.25,0.50,0.00,2.51,1.25,2.00,0.00,0.00,0.07,0.00,0.50,0.00,0.00,0,0,,5,1.25,90,0,0.00,32,5,2.51,97,1,2,2,60,0.00,99,0,2,1.01,70,0,40,0.00,20,0,0.00,99,0,0.00,0,0,0.00,0,0.50,35,8,4.02,98,5,2.51,62.50,0,0.00,0,0,0,0.00,0,2,0.00,69,1.01,33,N/A,N/A,N/A,N/A,0.00,0,0.00,0,0.29,0.00,0,60.61,0.00,32,18,0.50,1.01,2,98,78,0,0,0,0.25,0.50,1,77,26.27,0.00,0.00,0,0,0.00,0.00,99,0.00,0,0,0,0.00,0.00,0,0.00,0.00,0.00,0.00,0,0,0.00,62,0,12,61,70,0.09,17,0.02,0.05,0.29,59,0.07,0.15,20,1,0.25,0.50,2.51,1.25,92,5,0.15,58,23,3,88,0,66,56,0,0.00,99,2,0.00,1.01,12.57,6.25,25,9,50,90,4.53,2.25,36.00,2,1.01,29,0,0.00,0,0.00,99,0,0.00,0.00,40,8,85,62,0,0,0,0,0,48,61,77,75,0,99,48,53,91,1,25,87,21,0,0
Ioannis Niarchos,24,1025074800,2002/06/26,First League,2026/2027,Forward,Slovácko,236,134,102,Greece,4,2,2,0,0,0,0,0,0,0,0,0,0,0,2,1,1,0,0,0,0,0,0,0,0,0.76,118,59,0,0,0,-1,-1,-1,18,0,6.66,0,69,16.52,11.75,10,47,8.50,34,25,11.95,12,0.00,0.00,0.25,1,0.00,0.00,1.05,0.75,3,0.00,1.25,0.00,0.00,0.00,0.75,0.25,0.50,0.00,1.41,1.00,0.50,0.00,0.00,0.06,0.00,2.25,0.00,0.00,0,0,,4,1.00,62,0,0.00,32,4,1.41,80,2,1,3,39,0.00,99,0,3,1.05,72,0,40,0.00,20,0,0.00,99,0,0.00,0,0,0.00,0,0.35,26,2,0.70,39,1,0.35,50.00,0,0.00,0,0,0,0.00,0,2,0.00,82,0.70,12,N/A,N/A,N/A,N/A,0.00,0,0.00,0,0.22,0.00,0,72.34,0.00,32,62,0.25,0.35,1,48,66,0,0,0,0.00,0.00,0,45,26.64,0.50,0.70,2,0,0.00,0.00,99,0.00,0,0,0,0.00,0.00,0,0.00,0.00,1.76,1.25,5,0,0.00,62,10,12,61,82,0.11,8,0.03,0.04,0.22,46,0.06,0.08,95,8,2.00,2.81,1.41,1.00,61,4,0.08,45,31,22,88,0,99,92,0,0.00,99,9,0.00,3.16,14.41,10.25,41,20,95,97,7.03,5.00,48.78,5,1.76,10,0,0.00,0,0.00,99,0,0.00,0.00,40,26,70,86,0,0,0,0,0,48,61,77,75,0,99,18,44,44,0,0,49,7,0,0
Issa Fomba,25,990687600,2001/05/24,First League,2026/2027,Forward,Líšeň,265,106,159,Mali,7,4,3,1,0,1,0,0,0,0,0,0,0,0,6,4,2,1,0,0.34,0,0.34,0,0.57,265,2.04,44,38,265,0,0.34,-1,-1,-1,6,0,6.57,0,69,17.32,7.29,11,51,4.86,34,13,11.55,10,0.00,0.00,0.29,2,0.00,1.86,1.02,0.43,3,0.00,0.71,0.00,0.00,0.00,0.00,0.43,0.86,7.00,2.38,0.71,1.43,0.00,0.29,0.15,0.00,0.00,0.00,0.00,0,0,,7,1.00,87,2,0.68,80,5,1.70,87,0,6,1,38,0.00,99,0,0,0.00,20,13,73,4.42,89,0,0.00,99,0,0.00,0,0,0.00,0,0.68,47,10,3.40,93,3,1.02,30.00,0,0.00,0,0,0,0.00,0,6,0.00,15,2.04,75,N/A,N/A,N/A,N/A,0.00,0,0.00,0,1.08,0.00,0,66.67,28.57,57,99,0.00,0.00,0,84,35,0,0,0,0.14,0.34,1,67,46.00,0.43,1.02,3,0,0.00,0.00,99,0.00,0,0,0,0.00,0.00,0,0.00,0.00,0.00,0.00,0,0,14.29,74,14,89,77,17,0.15,17,0.02,0.05,1.08,87,0.15,0.37,30,2,0.29,0.68,1.02,0.43,42,3,0.37,86,23,40,88,0,66,8,0,0.00,99,0,0.00,0.00,7.47,3.14,22,8,17,30,2.72,1.14,36.36,5,1.70,11,0,30.77,0,0.00,99,4,0.57,1.36,92,3,99,23,0,0,0,0,0,75,85,93,75,0,99,18,66,79,1,14,66,11,0,0
Ivan Schranz,32,747903600,1993/09/13,First League,2026/2027,Forward,Slavia Praha,77,12,65,Slovakia,5,2,3,0,0,0,1,0,1,0,0,2,0,2,1,0,1,0,0,1.17,1.17,0,0,0,0,1.17,77,15,0,77,0,-1,-1,-1,18,0,5.25,0.2,99,27.69,4.80,34,24,3.40,17,20,19.62,29,0.00,0.00,0.40,2,0.00,0.20,0.00,0.00,0,0.00,0.60,0.00,0.00,0.00,0.40,0.00,0.20,0.00,0.00,0.00,0.20,0.00,0.00,0.00,0.00,0.20,0.00,0.00,0,0,,0,0.00,13,0,0.00,32,0,0.00,17,0,5,0,7,0.00,99,0,2,2.31,98,1,40,1.15,50,0,0.00,99,0,0.00,0,0,0.00,0,2.31,94,1,1.15,56,0,0.00,0.00,0,0.00,0,0,0,0.00,0,1,0.00,58,1.15,39,N/A,N/A,N/A,N/A,0.00,0,0.00,0,0.00,0.00,0,70.83,0.00,32,0,0.40,2.31,2,23,23,0,0,0,0.20,1.15,1,99,26.26,0.60,3.46,3,0,0.00,0.00,99,0.00,0,0,0,0.00,0.00,0,0.00,0.00,0.00,0.00,0,0,0.00,62,0,24,61,58,0.74,99,0.15,0.85,0.00,13,0.00,0.00,90,2,0.40,2.31,4.62,0.80,99,4,0.00,13,1,77,88,0,66,60,0,0.00,99,1,0.00,1.15,19.62,3.40,17,3,28,99,3.46,0.60,17.65,3,3.46,0,0,0.00,0,0.00,99,0,0.00,0.00,40,0,99,23,0,0,0,0,0,99,61,77,75,0,99,76,44,44,0,0,49,26,0,0
Jáchym Šerák,25,982137600,2001/02/14,First League,2026/2027,Goalkeeper,Pardubice,90,90,0,Czech Republic,1,1,0,0,0,0,0,0,0,0,0,0,0,0,2,2,0,0,0,0,0,0,0,0,0,2,45,90,0,0,0,-1,-1,-1,18,0,6.21,0,69,31.00,31.00,44,31,25.00,25,56,25.00,50,0.00,0.00,0.00,0,0.00,0.00,0.00,0.00,0,0.00,0.00,0.00,0.00,1.00,0.00,0.00,3.00,0.00,0.00,0.00,0.00,0.00,0.00,0.00,0.00,0.00,0.00,0.00,0,0,,0,0.00,13,0,0.00,32,0,0.00,17,0,0,1,7,0.00,99,0,0,0.00,20,0,40,0.00,20,0,0.00,99,0,0.00,0,0,0.00,0,0.00,14,0,0.00,12,0,0.00,0.00,0,0.00,0,1,11,1.00,11,3,0.00,18,3.00,93,N/A,N/A,N/A,N/A,33.33,0,0.00,0,0.00,0.00,0,80.65,0.00,32,99,0.00,0.00,0,23,23,0,0,1,0.00,0.00,0,45,6.21,2.00,2.00,2,0,0.00,0.00,99,0.00,0,0,0,0.00,0.00,0,0.00,0.00,0.00,0.00,0,0,0.00,62,0,0,61,18,0.04,8,0.04,0.04,0.00,13,0.00,0.00,4,0,0.00,0.00,0.00,0.00,7,0,0.00,13,4,65,88,0,66,8,0,0.00,99,0,0.00,0.00,0.00,0.00,0,0,0,0,0.00,0.00,0.00,0,0.00,99,0,0.00,0,0.00,99,0,0.00,0.00,40,3,47,23,0,0,0,0,0,48,61,77,75,0,99,18,44,44,0,0,49,1,0,0
Jáchym Šíp,23,1043222400,2003/01/22,First League,2026/2027,Forward,Sigma Olomouc,83,41,42,Czech Republic,6,2,4,0,0,0,1,0,1,0,0,1,1,0,2,1,1,1,0,1.08,1.08,0,0,0,0,2.17,42,14,83,83,1.08,-1,-1,-1,15,0,4.27,0.17,99,22.50,3.50,22,21,2.00,12,3,12.86,13,0.00,0.00,0.17,1,0.00,1.83,2.14,0.33,2,0.00,0.17,0.00,0.00,0.00,0.33,0.50,0.33,0.00,1.07,0.17,1.50,0.00,0.00,0.01,0.00,0.00,0.00,0.00,0,0,,1,0.17,50,0,0.00,32,1,1.07,68,0,6,0,81,0.00,99,0,2,2.14,98,11,43,11.79,99,0,0.00,99,0,0.00,0,0,0.00,0,1.07,65,9,9.64,99,3,3.21,33.33,0,0.00,0,0,0,0.00,0,2,0.00,13,2.14,79,N/A,N/A,N/A,N/A,0.00,0,0.00,0,0.05,0.00,0,57.14,0.00,32,16,0.17,1.07,1,99,45,0,0,0,0.00,0.00,0,45,25.64,0.67,4.29,4,0,0.00,0.00,99,0.00,0,0,0,0.00,0.00,0,0.00,0.00,0.00,0.00,0,0,0.00,62,0,48,61,15,0.62,99,0.10,0.66,0.05,36,0.01,0.05,4,0,0.00,0.00,0.00,0.00,7,0,0.05,35,0,83,88,0,66,8,0,0.00,99,0,0.00,0.00,12.86,2.00,12,5,67,92,5.36,0.83,41.67,1,1.07,26,0,9.09,0,0.00,99,1,0.17,1.07,84,0,99,23,0,0,0,0,0,98,61,77,75,0,99,37,45,99,1,17,77,6,0,0
Jakub Černín,27,918460800,1999/02/08,First League,2026/2027,Defender,Zlín,617,347,270,Czech Republic,7,4,3,2,1,1,0,0,0,0,0,0,0,0,15,7,8,1,0,0.29,0,0.29,0.26,0.33,309,2.19,41,88,617,0,0.15,38,145,78,1,0,6.81,0,69,47.55,46.57,84,326,33.43,234,22,34.13,74,0.00,0.00,0.43,3,0.00,0.14,1.02,1.00,7,0.00,0.14,0.00,0.00,0.00,1.29,0.14,2.29,3.50,1.02,0.71,0.43,0.00,0.29,0.23,0.00,3.43,0.00,0.00,0,0,,7,1.00,49,2,0.29,53,5,0.73,51,1,0,7,38,0.00,99,0,9,1.31,84,1,40,0.15,22,0,0.00,99,0,0.00,0,0,0.00,0,0.44,31,3,0.44,26,1,0.15,33.33,0,0.00,0,0,0,0.00,0,16,0.00,12,2.33,86,N/A,N/A,N/A,N/A,0.00,0,0.00,0,1.64,0.00,0,71.78,28.57,57,54,0.43,0.44,3,28,45,0,0,0,1.00,1.02,7,97,47.69,5.43,5.54,38,0,0.00,0.00,99,0.00,0,0,0,0.00,0.00,0,0.00,0.00,0.00,0.00,0,0,28.57,90,84,89,82,13,0.54,38,0.08,0.08,1.64,74,0.23,0.24,67,10,1.43,1.46,1.46,1.43,63,10,0.24,73,54,91,88,0,66,95,0,0.00,99,24,0.00,3.50,10.50,10.29,72,41,82,71,5.98,5.86,56.94,1,0.15,80,0,0.00,0,0.00,99,0,0.00,0.00,40,99,47,62,0,0,0,0,0,67,81,84,78,0,99,18,94,52,1,14,66,24,0,0
Jakub Fulnek,32,767343600,1994/04/26,First League,2026/2027,Forward,Líšeň,0,0,0,Czech Republic,0,0,0,0,0,0,0,0,0,0,0,0,0,0,0,0,0,0,0,0,0,0,0,0,0,0,0,0,0,0,0,-1,-1,-1,-1,N/A,N/A,N/A,N/A,N/A,N/A,N/A,N/A,N/A,N/A,N/A,N/A,N/A,N/A,N/A,N/A,N/A,N/A,N/A,N/A,N/A,N/A,N/A,N/A,N/A,N/A,N/A,N/A,N/A,N/A,N/A,N/A,N/A,N/A,N/A,N/A,N/A,N/A,N/A,N/A,N/A,N/A,N/A,N/A,N/A,N/A,N/A,N/A,N/A,N/A,N/A,N/A,N/A,N/A,N/A,N/A,N/A,N/A,N/A,N/A,N/A,N/A,N/A,N/A,N/A,N/A,N/A,N/A,N/A,N/A,N/A,N/A,N/A,N/A,N/A,N/A,N/A,N/A,N/A,N/A,N/A,N/A,N/A,N/A,N/A,N/A,N/A,N/A,N/A,N/A,N/A,N/A,N/A,N/A,N/A,N/A,N/A,N/A,N/A,N/A,N/A,N/A,N/A,N/A,N/A,N/A,N/A,N/A,N/A,N/A,N/A,N/A,N/A,N/A,N/A,N/A,N/A,N/A,N/A,N/A,N/A,N/A,N/A,N/A,N/A,N/A,N/A,N/A,N/A,N/A,N/A,N/A,N/A,N/A,N/A,N/A,N/A,N/A,N/A,N/A,N/A,N/A,N/A,N/A,N/A,N/A,N/A,N/A,N/A,N/A,N/A,N/A,N/A,N/A,N/A,N/A,N/A,N/A,N/A,N/A,N/A,N/A,N/A,N/A,N/A,N/A,N/A,N/A,N/A,N/A,N/A,N/A,N/A,N/A,N/A,N/A,N/A,N/A,N/A,N/A,N/A,N/A,N/A,N/A,N/A,N/A,N/A,N/A,N/A,N/A,N/A,N/A,N/A,N/A,N/A,N/A,N/A,N/A,N/A,N/A,N/A,N/A,N/A,N/A,N/A,N/A,N/A,N/A,N/A,N/A,N/A,N/A,N/A,N/A,N/A,N/A,N/A,N/A,N/A,N/A,N/A,N/A,N/A,N/A
Jakub Hodek,25,999586800,2001/09/04,First League,2026/2027,Forward,Hradec Králové,0,0,0,Czech Republic,0,0,0,0,0,0,0,0,0,0,0,0,0,0,0,0,0,0,0,0,0,0,0,0,0,0,0,0,0,0,0,-1,-1,-1,-1,N/A,N/A,N/A,N/A,N/A,N/A,N/A,N/A,N/A,N/A,N/A,N/A,N/A,N/A,N/A,N/A,N/A,N/A,N/A,N/A,N/A,N/A,N/A,N/A,N/A,N/A,N/A,N/A,N/A,N/A,N/A,N/A,N/A,N/A,N/A,N/A,N/A,N/A,N/A,N/A,N/A,N/A,N/A,N/A,N/A,N/A,N/A,N/A,N/A,N/A,N/A,N/A,N/A,N/A,N/A,N/A,N/A,N/A,N/A,N/A,N/A,N/A,N/A,N/A,N/A,N/A,N/A,N/A,N/A,N/A,N/A,N/A,N/A,N/A,N/A,N/A,N/A,N/A,N/A,N/A,N/A,N/A,N/A,N/A,N/A,N/A,N/A,N/A,N/A,N/A,N/A,N/A,N/A,N/A,N/A,N/A,N/A,N/A,N/A,N/A,N/A,N/A,N/A,N/A,N/A,N/A,N/A,N/A,N/A,N/A,N/A,N/A,N/A,N/A,N/A,N/A,N/A,N/A,N/A,N/A,N/A,N/A,N/A,N/A,N/A,N/A,N/A,N/A,N/A,N/A,N/A,N/A,N/A,N/A,N/A,N/A,N/A,N/A,N/A,N/A,N/A,N/A,N/A,N/A,N/A,N/A,N/A,N/A,N/A,N/A,N/A,N/A,N/A,N/A,N/A,N/A,N/A,N/A,N/A,N/A,N/A,N/A,N/A,N/A,N/A,N/A,N/A,N/A,N/A,N/A,N/A,N/A,N/A,N/A,N/A,N/A,N/A,N/A,N/A,N/A,N/A,N/A,N/A,N/A,N/A,N/A,N/A,N/A,N/A,N/A,N/A,N/A,N/A,N/A,N/A,N/A,N/A,N/A,N/A,N/A,N/A,N/A,N/A,N/A,N/A,N/A,N/A,N/A,N/A,N/A,N/A,N/A,N/A,N/A,N/A,N/A,N/A,N/A,N/A,N/A,N/A,N/A,N/A,N/A
Jakub Jakubko,22,1093330800,2004/08/24,First League,2026/2027,Defender,Teplice,157,47,110,Slovakia,4,2,2,0,0,0,0,0,0,0,0,2,1,1,5,4,1,0,0,0,0,0,0,0,0,2.87,31,39,0,0,0,-1,-1,-1,17,0,4.82,0,69,80.83,35.25,99,141,32.75,131,99,75.10,99,0.00,0.00,0.25,1,0.00,0.00,0.00,0.00,0,0.00,0.00,0.00,0.00,0.00,0.50,0.00,1.25,0.00,1.15,0.50,0.00,0.00,0.00,0.03,0.00,0.00,0.00,0.00,0,0,,2,0.50,52,0,0.00,32,2,1.15,71,1,2,2,7,0.00,99,0,2,1.15,76,0,40,0.00,20,0,0.00,99,0,0.00,0,0,0.00,0,0.57,37,0,0.00,12,0,0.00,0.00,0,0.00,0,0,0,0.00,0,5,0.00,1,2.87,92,N/A,N/A,N/A,N/A,0.00,0,0.00,0,0.11,0.00,0,92.91,0.00,32,43,0.25,0.57,1,23,23,0,0,0,0.75,1.72,3,99,19.27,1.75,4.01,7,0,0.00,0.00,99,0.00,0,0,0,0.00,0.00,0,0.00,0.00,0.00,0.00,0,0,0.00,62,0,12,61,2,0.33,73,0.08,0.19,0.11,40,0.03,0.06,23,1,0.25,0.57,0.57,0.25,19,1,0.06,39,0,81,88,0,66,8,0,0.00,99,0,0.00,0.00,2.87,1.25,5,1,5,7,0.57,0.25,20.00,0,0.00,99,0,0.00,0,0.00,99,0,0.00,0.00,40,8,85,62,0,0,0,0,0,48,61,77,75,0,99,95,44,44,0,0,49,5,0,0
Jakub Janetzký,29,866098800,1997/06/12,First League,2026/2027,Midfielder,Zbrojovka Brno,470,282,188,Czech Republic,7,4,3,0,0,0,0,0,0,0,0,2,1,1,5,2,3,1,0,0,0,0,0,0,0,0.96,94,67,470,0,0.19,191,196,-1,9,0,6.67,0,69,47.81,34.00,85,204,29.33,176,81,41.25,84,0.00,0.00,0.17,1,0.00,0.17,0.47,0.33,2,0.00,0.17,0.00,0.00,0.00,1.00,0.17,0.67,0.00,0.23,0.17,0.33,0.00,0.00,0.01,0.00,0.67,0.00,0.00,0,0,,1,0.17,17,0,0.00,32,1,0.23,23,1,2,4,15,0.00,99,0,6,1.41,87,1,40,0.23,25,0,0.00,99,0,0.00,0,0,0.00,0,0.23,18,2,0.47,28,1,0.23,50.00,0,0.00,0,0,0,0.00,0,4,0.00,73,0.94,26,N/A,N/A,N/A,N/A,0.00,0,0.00,0,0.06,0.00,0,86.27,0.00,32,32,0.50,0.70,3,37,66,0,0,0,0.50,0.70,3,87,39.99,0.83,1.17,5,0,0.00,0.00,99,0.00,0,0,0,0.00,0.00,0,0.00,0.00,0.23,0.17,1,0,0.00,62,58,89,61,74,0.37,46,0.06,0.09,0.06,18,0.01,0.01,19,2,0.33,0.47,0.70,0.50,25,3,0.01,17,33,43,88,0,75,52,0,0.00,99,4,0.00,0.94,4.92,3.50,21,9,11,10,2.11,1.50,42.86,1,0.23,73,0,0.00,0,0.00,99,0,0.00,0.00,40,41,85,62,0,0,0,0,0,48,61,77,75,0,99,65,87,58,1,14,66,68,0,0
Jakub Klíma,28,904287600,1998/08/28,First League,2026/2027,Defender,Zbrojovka Brno,700,450,250,Czech Republic,8,5,3,0,0,0,0,0,0,0,0,2,1,1,8,5,3,1,0,0,0,0,0,0,0,1.03,88,88,700,0,0.13,182,195,30,21,0,6.56,0,69,33.79,32.71,54,229,25.29,177,43,26.11,54,0.00,0.00,0.43,3,0.00,1.57,1.33,1.29,9,0.00,0.71,0.00,0.00,0.00,1.43,0.71,1.00,0.00,0.15,0.14,1.14,0.00,0.00,0.01,0.00,1.14,0.00,0.00,0,0,,1,0.14,14,0,0.00,32,1,0.15,19,2,0,7,52,0.00,99,0,10,1.48,88,11,66,1.62,61,0,0.00,99,0,0.00,0,0,0.00,0,0.44,31,8,1.18,57,5,0.74,62.50,0,0.00,0,0,0,0.00,0,7,0.00,67,1.03,34,N/A,N/A,N/A,N/A,0.00,0,0.00,0,0.04,0.00,0,77.29,0.00,32,13,1.14,1.18,8,72,78,0,0,0,0.00,0.00,0,45,45.94,3.71,3.84,26,1,0.00,0.15,4,0.14,0,0,0,0.00,0.00,0,0.00,0.00,0.00,0.00,0,0,0.00,62,97,99,61,68,0.53,38,0.08,0.08,0.04,18,0.01,0.01,40,6,0.86,0.89,0.89,0.86,35,6,0.01,17,20,80,88,0,66,61,0,0.00,99,8,0.00,1.18,7.97,7.71,54,28,43,34,4.13,4.00,51.85,5,0.74,40,0,27.27,0,0.00,99,3,0.43,0.44,65,99,47,86,0,0,0,0,0,48,61,77,75,0,99,48,99,45,1,12,51,39,0,0
Jakub Kolar,26,948009600,2000/01/16,First League,2026/2027,Defender,Zlín,364,196,168,Czech Republic,5,3,2,0,0,0,0,0,0,0,0,0,0,0,9,4,5,0,0,0,0,0,0,0,0,2.23,40,73,0,0,0,101,90,79,10,0,6.73,0,69,38.82,31.40,68,157,26.80,134,75,33.13,73,0.00,0.00,0.00,0,0.00,0.00,0.49,0.40,2,0.00,0.20,0.00,0.00,0.00,0.60,0.00,2.00,0.00,0.25,0.00,0.00,0.00,0.20,0.02,0.00,1.80,0.00,0.00,0,0,,1,0.20,17,1,0.25,45,0,0.00,17,3,0,5,16,0.00,99,0,3,0.74,52,0,40,0.00,20,0,0.00,99,0,0.00,0,0,0.00,0,0.00,14,0,0.00,12,0,0.00,0.00,0,0.00,0,0,0,0.00,0,10,0.00,11,2.47,88,N/A,N/A,N/A,N/A,0.00,0,0.00,0,0.12,0.00,0,85.35,100.00,99,20,0.80,0.99,4,23,23,0,0,0,0.80,0.99,4,96,33.67,5.00,6.18,25,0,0.00,0.00,99,0.00,0,0,0,0.00,0.00,0,0.00,0.00,0.00,0.00,0,0,0.00,62,37,24,61,11,0.33,38,0.07,0.08,0.12,27,0.02,0.03,94,11,2.20,2.72,0.00,0.00,7,0,0.03,26,43,95,88,0,66,84,0,0.00,99,9,0.00,2.23,7.42,6.00,30,22,70,29,5.44,4.40,73.33,1,0.25,72,0,0.00,0,0.00,99,0,0.00,0.00,40,59,47,95,0,0,0,0,0,48,61,77,75,0,99,18,44,44,0,0,49,28,0,0
Jakub Kolísek,19,1187074800,2007/08/14,First League,2026/2027,Defender,Slavia Praha,46,46,0,Czechia,1,1,0,0,0,0,0,0,0,0,0,0,0,0,1,1,0,1,0,0,0,0,0,0,0,1.96,46,46,46,0,1.96,-1,-1,-1,24,0,6.26,0,69,19.57,10.00,17,10,7.00,7,18,13.70,15,0.00,0.00,1.00,1,0.00,0.00,0.00,0.00,0,0.00,0.00,0.00,0.00,0.00,0.00,0.00,1.00,0.00,0.00,0.00,0.00,0.00,0.00,0.00,0.00,0.00,0.00,0.00,0,0,,0,0.00,13,0,0.00,32,0,0.00,17,1,0,1,7,0.00,99,0,0,0.00,20,0,40,0.00,20,0,0.00,99,0,0.00,0,0,0.00,0,1.96,91,0,0.00,12,0,0.00,0.00,0,0.00,0,0,0,0.00,0,1,0.00,18,1.96,71,N/A,N/A,N/A,N/A,0.00,0,0.00,0,0.00,0.00,0,70.00,0.00,32,99,0.00,0.00,0,23,23,0,0,0,0.00,0.00,0,45,6.26,1.00,1.96,1,0,0.00,0.00,99,0.00,0,0,0,0.00,0.00,0,0.00,0.00,0.00,0.00,0,0,0.00,62,0,0,61,20,0.05,53,0.05,0.10,0.00,13,0.00,0.00,83,1,1.00,1.96,1.96,1.00,81,1,0.00,13,5,63,88,0,66,8,0,0.00,99,0,0.00,0.00,3.91,2.00,2,1,9,7,1.96,1.00,50.00,0,0.00,99,0,0.00,0,0.00,99,0,0.00,0.00,40,3,47,62,0,0,0,0,0,48,61,77,75,0,99,18,44,99,1,100,99,45,0,0
Jakub Kučera,29,854438400,1997/01/28,First League,2026/2027,Midfielder,Hradec Králové,119,29,90,Czech Republic,2,1,1,0,0,0,0,0,0,0,0,1,0,1,0,0,0,0,0,0,0,0,0,0,0,0,0,60,0,0,0,-1,-1,-1,11,0,6.42,0,69,19.66,13.00,17,26,11.50,23,88,17.39,22,0.00,0.00,0.50,1,0.00,0.00,0.00,0.00,0,0.00,1.00,0.00,0.00,0.00,0.50,0.00,0.00,0.00,0.00,0.00,1.00,0.00,0.00,0.00,0.00,0.50,0.00,0.00,0,0,,0,0.00,13,0,0.00,32,0,0.00,17,0,1,1,7,0.00,99,0,1,0.76,54,0,40,0.00,20,0,0.00,99,0,0.00,0,0,0.00,0,0.76,51,2,1.51,66,0,0.00,0.00,0,0.00,0,0,0,0.00,0,0,0.00,99,0.00,0,N/A,N/A,N/A,N/A,0.00,0,0.00,0,0.00,0.00,0,88.46,0.00,32,28,0.50,0.76,1,23,23,0,0,0,0.00,0.00,0,45,12.84,1.00,1.51,2,0,0.00,0.00,99,0.00,0,0,0,0.00,0.00,0,0.00,0.00,0.00,0.00,0,0,0.00,62,0,0,61,0,0.09,32,0.04,0.07,0.00,13,0.00,0.00,89,3,1.50,2.27,0.76,0.50,30,1,0.00,13,8,53,88,0,66,45,0,0.00,99,1,0.00,0.76,9.83,6.50,13,4,25,62,3.03,2.00,30.77,2,1.51,14,0,0.00,0,0.00,99,0,0.00,0.00,40,3,70,23,0,0,0,0,0,48,61,77,75,0,99,95,44,44,0,0,49,28,0,0
Jakub Markovič,25,995007600,2001/07/13,First League,2026/2027,Goalkeeper,Slavia Praha,630,360,270,Czech Republic,7,4,3,0,0,0,0,0,0,0,0,3,1,2,5,4,1,0,0,0,0,0,0,0,0,0.71,126,90,0,0,0,196,162,17,21,0,6.92,0,69,37.57,37.57,63,263,28.57,200,36,28.57,61,0.00,0.00,0.00,0,0.00,0.00,0.00,0.00,0,0.00,0.00,0.00,0.00,1.71,0.00,0.00,2.43,0.00,0.00,0.00,0.00,0.00,0.00,0.00,0.00,0.14,0.00,0.00,0,0,,0,0.00,13,0,0.00,32,0,0.00,17,0,0,7,7,0.00,99,0,0,0.00,20,0,40,0.00,20,0,0.00,99,0,0.00,0,0,0.00,0,0.00,14,0,0.00,12,0,0.00,0.00,0,0.00,0,12,72,1.71,17,17,0.00,86,2.43,87,N/A,N/A,N/A,N/A,70.59,0,0.00,0,0.00,0.00,0,76.05,0.00,32,99,0.00,0.00,0,23,23,0,0,10,0.00,0.00,0,45,48.42,1.29,1.29,9,0,0.00,0.00,99,0.00,0,0,0,0.00,0.00,4,0.57,0.57,0.00,0.00,0,0,0.00,62,94,89,61,86,0.47,32,0.07,0.07,0.00,13,0.00,0.00,4,0,0.00,0.00,0.00,0.00,7,0,0.00,13,70,48,88,69,66,9,0,0.00,99,1,0.00,0.14,0.14,0.14,1,1,1,0,0.14,0.14,100.00,0,0.00,99,0,0.00,0,0.00,99,0,0.00,0.00,40,99,47,23,0,0,0,0,0,48,61,77,75,0,99,87,44,44,0,0,49,35,0,0
Jakub Šiman,31,789465600,1995/01/07,First League,2026/2027,Goalkeeper,Bohemians 1905,0,0,0,Czech Republic,0,0,0,0,0,0,0,0,0,0,0,0,0,0,0,0,0,0,0,0,0,0,0,0,0,0,0,0,0,0,0,-1,-1,-1,-1,N/A,N/A,N/A,N/A,N/A,N/A,N/A,N/A,N/A,N/A,N/A,N/A,N/A,N/A,N/A,N/A,N/A,N/A,N/A,N/A,N/A,N/A,N/A,N/A,N/A,N/A,N/A,N/A,N/A,N/A,N/A,N/A,N/A,N/A,N/A,N/A,N/A,N/A,N/A,N/A,N/A,N/A,N/A,N/A,N/A,N/A,N/A,N/A,N/A,N/A,N/A,N/A,N/A,N/A,N/A,N/A,N/A,N/A,N/A,N/A,N/A,N/A,N/A,N/A,N/A,N/A,N/A,N/A,N/A,N/A,N/A,N/A,N/A,N/A,N/A,N/A,N/A,N/A,N/A,N/A,N/A,N/A,N/A,N/A,N/A,N/A,N/A,N/A,N/A,N/A,N/A,N/A,N/A,N/A,N/A,N/A,N/A,N/A,N/A,N/A,N/A,N/A,N/A,N/A,N/A,N/A,N/A,N/A,N/A,N/A,N/A,N/A,N/A,N/A,N/A,N/A,N/A,N/A,N/A,N/A,N/A,N/A,N/A,N/A,N/A,N/A,N/A,N/A,N/A,N/A,N/A,N/A,N/A,N/A,N/A,N/A,N/A,N/A,N/A,N/A,N/A,N/A,N/A,N/A,N/A,N/A,N/A,N/A,N/A,N/A,N/A,N/A,N/A,N/A,N/A,N/A,N/A,N/A,N/A,N/A,N/A,N/A,N/A,N/A,N/A,N/A,N/A,N/A,N/A,N/A,N/A,N/A,N/A,N/A,N/A,N/A,N/A,N/A,N/A,N/A,N/A,N/A,N/A,N/A,N/A,N/A,N/A,N/A,N/A,N/A,N/A,N/A,N/A,N/A,N/A,N/A,N/A,N/A,N/A,N/A,N/A,N/A,N/A,N/A,N/A,N/A,N/A,N/A,N/A,N/A,N/A,N/A,N/A,N/A,N/A,N/A,N/A,N/A,N/A,N/A,N/A,N/A,N/A,N/A
Jakub Surovčík,24,1025247600,2002/06/28,First League,2026/2027,Goalkeeper,Sparta Praha,630,270,360,Slovakia,7,3,4,0,0,0,0,0,0,0,0,1,0,1,11,4,7,0,0,0,0,0,0,0,0,1.57,57,90,0,0,0,194,179,51,18,0,6.57,0,69,28.43,28.43,37,199,25.14,176,88,25.14,51,0.00,0.00,0.00,0,0.00,0.00,0.29,0.29,2,0.00,0.00,0.00,0.00,2.14,0.00,0.00,3.86,0.00,0.00,0.00,0.00,0.00,0.00,0.00,0.00,0.00,0.00,0.00,0,0,,0,0.00,13,0,0.00,32,0,0.00,17,0,0,7,11,0.00,99,0,0,0.00,20,0,40,0.00,20,0,0.00,99,0,0.00,0,0,0.00,0,0.00,14,0,0.00,12,0,0.00,0.00,0,0.00,0,15,22,2.14,28,27,0.00,41,3.86,96,N/A,N/A,N/A,N/A,55.56,0,0.00,0,0.00,0.00,0,88.44,0.00,32,99,0.00,0.00,0,23,23,0,0,6,0.00,0.00,0,45,46.00,1.71,1.71,12,0,0.00,0.00,99,0.00,0,0,0,0.00,0.00,3,0.43,0.43,0.00,0.00,0,0,0.00,62,94,89,61,41,0.37,17,0.05,0.05,0.00,13,0.00,0.00,4,0,0.00,0.00,0.00,0.00,7,0,0.00,13,23,60,88,50,66,8,0,0.00,99,0,0.00,0.00,0.43,0.43,3,2,3,4,0.29,0.29,66.67,0,0.00,99,0,0.00,0,0.00,99,0,0.00,0.00,40,99,47,23,0,0,0,0,0,48,61,77,75,0,99,31,44,44,0,0,49,44,0,0
Jakub Uhrinčať,25,981532800,2001/02/07,First League,2026/2027,Defender,Hradec Králové,575,360,215,Slovakia,7,4,3,0,0,0,0,0,0,0,0,2,1,1,5,3,2,0,0,0,0,0,0,0,0,0.78,115,82,0,0,0,82,77,23,21,0,6.92,0,69,41.79,38.14,77,267,29.57,207,44,32.40,72,0.00,0.00,0.71,5,0.00,0.71,2.82,2.57,18,0.00,0.00,0.00,0.00,0.00,1.43,0.29,0.86,0.00,0.47,0.43,0.57,0.00,0.00,0.03,0.00,1.29,0.00,0.00,0,0,,3,0.43,25,0,0.00,32,3,0.47,37,0,1,6,92,0.00,99,0,10,1.57,92,5,54,0.78,44,0,0.00,99,0,0.00,0,0,0.00,0,0.78,52,4,0.63,36,2,0.31,50.00,0,0.00,0,0,0,0.00,0,6,0.00,80,0.94,26,N/A,N/A,N/A,N/A,0.00,0,0.00,0,0.18,0.00,0,77.53,0.00,32,50,0.43,0.47,3,42,66,0,0,0,0.14,0.16,1,49,48.45,3.43,3.76,24,0,0.00,0.00,99,0.00,0,0,0,0.00,0.00,0,0.00,0.00,0.00,0.00,0,0,0.00,62,76,89,61,81,0.62,53,0.09,0.10,0.18,27,0.03,0.03,6,1,0.14,0.16,0.94,0.86,37,6,0.03,26,70,79,88,0,66,67,0,0.00,99,9,0.00,1.41,6.57,6.00,42,30,54,22,4.70,4.29,71.43,0,0.00,99,0,20.00,0,0.00,99,1,0.14,0.16,43,78,70,23,0,0,0,0,0,48,61,77,75,0,99,65,44,44,0,0,49,7,0,0
Jan Bořil,35,663580800,1991/01/11,First League,2026/2027,Defender,Slovan Liberec,36,0,36,Czech Republic,1,0,1,0,0,0,0,0,0,0,0,1,0,1,0,0,0,0,0,0,0,0,0,0,0,0,0,36,0,0,0,-1,-1,-1,9,0,6.69,0,69,55.00,22.00,90,22,20.00,20,95,50.00,93,0.00,0.00,0.00,0,0.00,0.00,2.50,1.00,1,0.00,0.00,0.00,0.00,0.00,0.00,0.00,0.00,0.00,2.50,1.00,0.00,0.00,0.00,0.05,0.00,0.00,0.00,0.00,0,0,,1,1.00,90,0,0.00,32,1,2.50,97,1,0,1,88,0.00,99,0,0,0.00,20,0,40,0.00,20,0,0.00,99,0,0.00,0,0,0.00,0,0.00,14,0,0.00,12,0,0.00,0.00,0,0.00,0,0,0,0.00,0,0,0.00,99,0.00,0,N/A,N/A,N/A,N/A,0.00,0,0.00,0,0.05,0.00,0,90.91,0.00,32,99,0.00,0.00,0,23,23,0,0,0,0.00,0.00,0,45,6.69,2.00,5.00,2,0,0.00,0.00,99,0.00,0,0,0,0.00,0.00,0,0.00,0.00,0.00,0.00,0,0,0.00,62,0,0,61,0,0.04,53,0.04,0.10,0.05,57,0.05,0.12,91,1,1.00,2.50,2.50,1.00,92,1,0.12,56,36,87,88,0,66,8,0,0.00,99,0,0.00,0.00,10.00,4.00,4,2,62,63,5.00,2.00,50.00,0,0.00,99,0,0.00,0,0.00,99,0,0.00,0.00,40,3,47,62,0,0,0,0,0,48,61,77,75,0,99,99,44,44,0,0,49,26,0,0
Jan Buryán,20,1129014000,2005/10/11,First League,2026/2027,Forward,Mladá Boleslav,65,11,54,Czechia,6,2,4,0,0,0,0,0,0,0,0,1,1,0,1,1,0,0,0,0,0,0,0,0,0,1.38,65,11,0,0,0,-1,-1,-1,13,0,5.21,0,69,16.07,2.00,10,10,1.60,8,56,12.86,13,0.00,0.00,0.00,0,0.00,0.00,0.00,0.00,0,0.00,0.00,0.00,0.00,0.00,0.00,0.00,0.20,0.00,1.61,0.00,0.00,0.00,0.20,0.02,0.00,0.00,0.00,0.00,0,0,,1,0.20,69,1,1.61,98,0,0.00,17,0,5,0,7,0.00,99,0,0,0.00,20,0,40,0.00,20,0,0.00,99,0,0.00,0,0,0.00,0,0.00,14,0,0.00,12,0,0.00,0.00,0,0.00,0,0,0,0.00,0,1,0.00,46,1.61,54,N/A,N/A,N/A,N/A,0.00,0,0.00,0,0.12,0.00,0,80.00,100.00,99,99,0.00,0.00,0,23,23,0,0,0,0.00,0.00,0,45,26.05,0.00,0.00,0,0,0.00,0.00,99,0.00,0,0,0,0.00,0.00,0,0.00,0.00,0.00,0.00,0,0,0.00,62,0,48,61,46,0.02,3,0.00,0.03,0.12,66,0.02,0.19,4,0,0.00,0.00,0.00,0.00,7,0,0.19,65,0,3,88,0,66,8,0,0.00,99,0,0.00,0.00,3.21,0.40,2,0,0,7,0.00,0.00,0.00,0,0.00,99,0,0.00,0,0.00,99,0,0.00,0.00,40,0,99,23,0,0,0,0,0,48,61,77,75,0,99,37,44,44,0,0,49,70,0,0
Jan Chramosta,35,655714800,1990/10/12,First League,2026/2027,Forward,Jablonec,198,75,123,Czech Republic,5,2,3,1,0,1,1,0,1,0,0,2,1,1,2,1,1,0,0,0.91,0.45,0.45,0,0.73,198,0.91,99,40,0,198,0,-1,-1,-1,6,0,6.76,0.2,96,15.00,6.60,8,33,6.00,30,95,13.64,15,0.00,0.00,0.40,2,0.00,1.00,1.36,0.60,3,0.00,0.00,0.00,0.00,0.00,0.00,0.20,0.40,5.00,2.27,0.80,0.40,0.00,0.20,0.18,0.00,0.20,0.00,0.00,0,0,,5,1.00,83,1,0.45,67,4,1.82,90,2,2,3,53,0.00,99,0,0,0.00,20,5,40,2.27,69,0,0.00,99,0,0.00,0,0,0.00,0,0.91,57,2,0.91,48,1,0.45,50.00,0,0.00,0,0,0,0.00,0,2,0.00,76,0.91,24,N/A,N/A,N/A,N/A,0.00,0,0.00,0,0.91,0.00,0,90.91,20.00,47,52,0.20,0.45,1,53,66,0,0,0,0.20,0.45,1,74,33.79,0.60,1.36,3,0,0.00,0.00,99,0.00,0,0,0,0.00,0.00,0,0.00,0.00,0.45,0.20,1,0,20.00,83,4,24,70,76,0.76,94,0.15,0.35,0.91,92,0.18,0.41,4,0,0.00,0.00,0.91,0.40,37,2,0.41,91,46,51,88,0,89,27,0,0.00,99,1,0.00,0.45,6.36,2.80,14,5,13,18,2.27,1.00,35.71,0,0.00,99,0,0.00,0,0.00,99,0,0.00,0.00,40,26,85,86,0,0,0,0,0,97,91,97,75,0,99,76,44,44,0,0,49,19,0,0
Jan Fiala,25,988959600,2001/05/04,First League,2026/2027,Midfielder,Slovácko,50,0,50,Czech Republic,2,0,2,0,0,0,0,0,0,0,0,0,0,0,0,0,0,0,0,0,0,0,0,0,0,0,0,25,0,0,0,-1,-1,-1,9,0,6.49,0,69,30.00,2.00,42,2,2.00,2,99,30.00,66,0.00,0.00,0.00,0,0.00,0.00,0.00,0.00,0,0.00,0.00,0.00,0.00,0.00,0.00,0.00,0.00,0.00,0.00,0.00,0.00,0.00,0.00,0.00,0.00,0.00,0.00,0.00,0,0,,0,0.00,13,0,0.00,32,0,0.00,17,0,1,0,7,0.00,99,0,0,0.00,20,0,40,0.00,20,0,0.00,99,0,0.00,0,0,0.00,0,0.00,14,0,0.00,12,0,0.00,0.00,0,0.00,0,0,0,0.00,0,0,0.00,99,0.00,0,N/A,N/A,N/A,N/A,0.00,0,0.00,0,0.00,0.00,0,100.00,0.00,32,99,0.00,0.00,0,23,23,0,0,0,0.00,0.00,0,45,6.49,0.00,0.00,0,0,0.00,0.00,99,0.00,0,0,0,0.00,0.00,0,0.00,0.00,0.00,0.00,0,0,0.00,62,0,0,61,0,0.00,0,0.00,0.00,0.00,13,0.00,0.00,4,0,0.00,0.00,0.00,0.00,7,0,0.00,13,13,3,88,0,66,8,0,0.00,99,0,0.00,0.00,0.00,0.00,0,0,0,0,0.00,0.00,0.00,0,0.00,99,0,0.00,0,0.00,99,0,0.00,0.00,40,0,70,23,0,0,0,0,0,48,61,77,75,0,99,18,44,44,0,0,49,18,0,0
Jan Fortelny,27,916732800,1999/01/19,First League,2026/2027,Midfielder,Teplice,569,348,221,Czech Republic,7,4,3,1,1,0,2,1,1,0,0,2,1,1,12,8,4,3,0,0.47,0.32,0.16,0.26,0,569,1.9,47,81,190,285,0.47,69,16,-1,6,0,6.90,0.29,91,29.26,26.43,40,185,21.71,152,62,24.04,48,0.00,0.00,1.57,11,0.00,4.14,1.27,1.14,8,0.00,0.29,0.00,0.00,0.00,0.71,0.71,1.71,11.00,1.74,1.14,1.14,0.00,0.43,0.19,0.00,0.14,0.00,0.00,0,0,,11,1.57,73,3,0.47,68,8,1.27,76,1,0,7,49,0.00,99,0,5,0.79,55,29,58,4.59,91,0,0.00,99,0,0.00,0,0,0.00,0,1.74,87,8,1.27,59,5,0.79,62.50,0,0.00,0,0,0,0.00,0,12,0.00,21,1.90,69,N/A,N/A,N/A,N/A,0.00,0,0.00,0,1.31,0.00,0,82.16,27.27,53,14,1.00,1.11,7,73,78,0,0,0,0.29,0.32,2,64,48.27,1.71,1.90,12,0,0.00,0.00,99,0.00,0,0,0,0.00,0.00,0,0.00,0.00,0.00,0.00,0,0,9.09,66,75,89,97,22,1.90,89,0.27,0.30,1.31,69,0.19,0.21,26,4,0.57,0.63,1.42,1.29,61,9,0.21,68,68,62,88,0,66,11,0,0.00,99,1,0.00,0.16,6.49,5.86,41,18,19,20,2.85,2.57,43.90,2,0.32,66,0,24.14,0,0.00,99,7,1.00,1.11,86,99,47,62,0,0,0,0,0,82,67,77,78,0,99,65,56,89,3,43,98,8,0,0
Jan Hanuš,38,578214000,1988/04/28,First League,2026/2027,Goalkeeper,Jablonec,139,139,0,Czech Republic,2,2,0,0,0,0,0,0,0,0,0,1,1,0,2,2,0,0,0,0,0,0,0,0,0,1.29,70,70,0,0,0,-1,-1,-1,15,0,6.59,0,69,27.84,21.50,34,43,18.50,37,80,23.96,47,0.00,0.00,0.00,0,0.00,0.00,0.00,0.00,0,0.00,0.00,0.00,0.00,1.00,0.00,0.00,2.00,0.00,0.00,0.00,0.00,0.00,0.00,0.00,0.00,0.00,0.00,0.00,0,0,,0,0.00,13,0,0.00,32,0,0.00,17,0,1,1,7,0.00,99,0,0,0.00,20,0,40,0.00,20,0,0.00,99,0,0.00,0,0,0.00,0,0.00,14,0,0.00,12,0,0.00,0.00,0,0.00,0,2,17,1.29,11,4,0.00,52,2.59,90,N/A,N/A,N/A,N/A,50.00,0,0.00,0,0.00,0.00,0,86.05,0.00,32,99,0.00,0.00,0,23,23,0,0,2,0.00,0.00,0,45,13.18,0.50,0.65,1,0,0.00,0.00,99,0.00,0,0,0,0.00,0.00,0,0.00,0.00,0.00,0.00,0,0,0.00,62,0,0,61,52,0.09,24,0.04,0.06,0.00,13,0.00,0.00,4,0,0.00,0.00,0.00,0.00,7,0,0.00,13,26,20,88,0,66,8,0,0.00,99,0,0.00,0.00,0.00,0.00,0,0,0,0,0.00,0.00,0.00,0,0.00,99,0,0.00,0,0.00,99,0,0.00,0.00,40,3,70,23,0,0,0,0,0,48,61,77,75,0,99,95,44,44,0,0,49,1,0,0
Jan Harušt'ák,21,1113634800,2005/04/16,First League,2026/2027,Defender,Mladá Boleslav,0,0,0,,0,0,0,0,0,0,0,0,0,0,0,0,0,0,0,0,0,0,0,0,0,0,0,0,0,0,0,0,0,0,0,-1,-1,-1,-1,N/A,N/A,N/A,N/A,N/A,N/A,N/A,N/A,N/A,N/A,N/A,N/A,N/A,N/A,N/A,N/A,N/A,N/A,N/A,N/A,N/A,N/A,N/A,N/A,N/A,N/A,N/A,N/A,N/A,N/A,N/A,N/A,N/A,N/A,N/A,N/A,N/A,N/A,N/A,N/A,N/A,N/A,N/A,N/A,N/A,N/A,N/A,N/A,N/A,N/A,N/A,N/A,N/A,N/A,N/A,N/A,N/A,N/A,N/A,N/A,N/A,N/A,N/A,N/A,N/A,N/A,N/A,N/A,N/A,N/A,N/A,N/A,N/A,N/A,N/A,N/A,N/A,N/A,N/A,N/A,N/A,N/A,N/A,N/A,N/A,N/A,N/A,N/A,N/A,N/A,N/A,N/A,N/A,N/A,N/A,N/A,N/A,N/A,N/A,N/A,N/A,N/A,N/A,N/A,N/A,N/A,N/A,N/A,N/A,N/A,N/A,N/A,N/A,N/A,N/A,N/A,N/A,N/A,N/A,N/A,N/A,N/A,N/A,N/A,N/A,N/A,N/A,N/A,N/A,N/A,N/A,N/A,N/A,N/A,N/A,N/A,N/A,N/A,N/A,N/A,N/A,N/A,N/A,N/A,N/A,N/A,N/A,N/A,N/A,N/A,N/A,N/A,N/A,N/A,N/A,N/A,N/A,N/A,N/A,N/A,N/A,N/A,N/A,N/A,N/A,N/A,N/A,N/A,N/A,N/A,N/A,N/A,N/A,N/A,N/A,N/A,N/A,N/A,N/A,N/A,N/A,N/A,N/A,N/A,N/A,N/A,N/A,N/A,N/A,N/A,N/A,N/A,N/A,N/A,N/A,N/A,N/A,N/A,N/A,N/A,N/A,N/A,N/A,N/A,N/A,N/A,N/A,N/A,N/A,N/A,N/A,N/A,N/A,N/A,N/A,N/A,N/A,N/A,N/A,N/A,N/A,N/A,N/A,N/A
Jan Kliment,33,746866800,1993/09/01,First League,2026/2027,Forward,Sigma Olomouc,59,14,45,Czech Republic,3,1,2,0,0,0,0,0,0,0,0,1,1,0,1,0,1,0,0,0,0,0,0,0,0,1.53,59,20,0,0,0,-1,-1,-1,11,0,6.62,0,69,39.66,8.67,72,26,6.67,20,41,30.51,67,0.00,0.00,0.33,1,0.00,0.00,1.53,0.33,1,0.00,0.00,0.00,0.00,0.00,0.00,0.00,0.33,0.00,1.53,0.33,0.00,0.00,0.00,0.02,0.00,0.67,0.00,0.00,0,0,,1,0.33,67,0,0.00,32,1,1.53,83,0,3,0,61,0.00,99,0,0,0.00,20,0,40,0.00,20,0,0.00,99,0,0.00,0,0,0.00,0,1.53,82,0,0.00,12,0,0.00,0.00,0,0.00,0,0,0,0.00,0,1,0.00,41,1.53,52,N/A,N/A,N/A,N/A,0.00,0,0.00,0,0.05,0.00,0,76.92,0.00,32,99,0.00,0.00,0,23,23,0,0,0,0.00,0.00,0,45,19.86,1.33,6.10,4,0,0.00,0.00,99,0.00,0,0,0,0.00,0.00,0,0.00,0.00,1.53,0.33,1,0,0.00,62,0,3,61,41,0.09,64,0.03,0.14,0.05,46,0.02,0.08,96,2,0.67,3.05,3.05,0.67,94,2,0.08,45,28,94,88,0,99,91,0,0.00,99,2,0.00,3.05,13.73,3.00,9,5,98,94,7.63,1.67,55.56,0,0.00,99,0,0.00,0,0.00,99,0,0.00,0.00,40,0,91,23,0,0,0,0,0,48,61,77,75,0,99,73,44,44,0,0,49,9,0,0
Jan Koutný,21,1097737200,2004/10/14,First League,2026/2027,Goalkeeper,Sigma Olomouc,630,270,360,Czechia,7,3,4,0,0,0,0,0,0,0,0,1,1,0,8,3,5,1,0,0,0,0,0,0,0,1.14,79,90,630,0,0.14,90,67,36,19,0,6.81,0,69,30.29,30.29,43,212,22.71,159,33,22.71,42,0.00,0.00,0.14,1,0.00,0.00,0.00,0.00,0,0.00,0.00,0.00,0.00,2.57,0.00,0.14,3.71,0.00,0.00,0.00,0.14,0.00,0.00,0.00,0.00,0.43,0.00,0.00,0,0,,0,0.00,13,0,0.00,32,0,0.00,17,0,0,7,7,0.00,99,0,0,0.00,20,0,40,0.00,20,0,0.00,99,0,0.00,0,0,0.00,0,0.14,15,1,0.14,15,1,0.14,100.00,0,0.00,0,18,67,2.57,61,26,0.00,61,3.71,95,N/A,N/A,N/A,N/A,69.23,0,0.00,0,0.00,0.00,0,75.00,0.00,32,85,0.14,0.14,1,27,99,0,0,11,0.00,0.00,0,45,47.69,1.14,1.14,8,0,0.00,0.00,99,0.00,0,0,0,0.00,0.00,2,0.29,0.29,0.00,0.00,0,0,0.00,62,94,89,61,61,0.34,17,0.05,0.05,0.00,13,0.00,0.00,10,2,0.29,0.29,0.00,0.00,7,0,0.00,13,54,40,88,19,66,25,0,0.00,99,3,0.00,0.43,0.86,0.86,6,5,5,6,0.71,0.71,83.33,0,0.00,99,0,0.00,0,0.00,99,0,0.00,0.00,40,99,47,23,0,0,0,0,0,48,61,77,75,0,99,31,99,49,1,14,66,91,0,0
Jan Kovařík,38,582706800,1988/06/19,First League,2026/2027,Midfielder,Bohemians 1905,68,0,68,Czech Republic,2,0,2,0,0,0,0,0,0,0,0,0,0,0,2,0,2,0,0,0,0,0,0,0,0,2.65,34,34,0,0,0,-1,-1,-1,20,0,6.59,0,69,15.88,6.00,10,12,3.50,7,3,9.26,5,0.00,0.00,0.50,1,0.00,3.00,2.65,1.00,2,0.00,0.00,0.00,0.00,0.00,0.00,0.50,1.00,0.00,0.00,0.00,0.50,0.00,0.00,0.00,0.00,0.00,0.00,0.00,0,0,,0,0.00,13,0,0.00,32,0,0.00,17,1,1,1,90,0.00,99,0,0,0.00,20,6,49,7.94,99,0,0.00,99,0,0.00,0,0,0.00,0,1.32,75,1,1.32,61,1,1.32,100.00,0,0.00,0,0,0,0.00,0,2,0.00,2,2.65,90,N/A,N/A,N/A,N/A,0.00,0,0.00,0,0.00,0.00,0,58.33,0.00,32,99,0.00,0.00,0,90,99,0,0,0,0.50,1.32,1,99,13.18,3.00,7.94,6,0,0.00,0.00,99,0.00,0,0,0,0.00,0.00,0,0.00,0.00,0.00,0.00,0,0,0.00,62,0,0,61,2,0.06,38,0.03,0.08,0.00,13,0.00,0.00,4,0,0.00,0.00,1.32,0.50,57,1,0.00,13,26,99,88,0,66,8,0,0.00,99,0,0.00,0.00,6.62,2.50,5,3,40,22,3.97,1.50,60.00,0,0.00,99,0,16.67,0,0.00,99,1,0.50,1.32,92,3,70,62,0,0,0,0,0,48,61,77,75,0,99,18,44,44,0,0,49,19,0,0
Jan Král,27,923295600,1999/04/05,First League,2026/2027,Defender,Sigma Olomouc,180,90,90,Czech Republic,2,1,1,0,0,0,0,0,0,0,0,0,0,0,4,2,2,0,0,0,0,0,0,0,0,2,45,90,0,0,0,-1,-1,-1,20,0,6.73,0,69,49.50,49.50,86,99,46.00,92,99,46.00,90,0.00,0.00,0.50,1,0.00,0.00,0.50,0.50,1,0.00,0.00,0.00,0.00,0.00,0.50,0.00,2.00,0.00,0.00,0.00,0.00,0.00,0.00,0.00,0.00,2.50,0.00,0.00,0,0,,0,0.00,13,0,0.00,32,0,0.00,17,0,0,2,17,0.00,99,0,1,0.50,38,0,40,0.00,20,0,0.00,99,0,0.00,0,0,0.00,0,0.50,35,0,0.00,12,0,0.00,0.00,0,0.00,0,0,0,0.00,0,4,0.00,18,2.00,72,N/A,N/A,N/A,N/A,0.00,0,0.00,0,0.00,0.00,0,92.93,0.00,32,99,0.00,0.00,0,23,23,0,0,0,1.00,1.00,2,97,13.47,5.50,5.50,11,0,0.00,0.00,99,0.00,0,0,0,0.00,0.00,0,0.00,0.00,0.00,0.00,0,0,0.00,62,0,0,61,18,0.23,60,0.12,0.12,0.00,13,0.00,0.00,70,3,1.50,1.50,0.00,0.00,7,0,0.00,13,43,91,88,0,66,88,0,0.00,99,5,0.00,2.50,5.00,5.00,10,9,50,10,4.50,4.50,90.00,0,0.00,99,0,0.00,0,0.00,99,0,0.00,0.00,40,8,47,23,0,0,0,0,0,48,61,77,75,0,99,18,44,44,0,0,49,21,0,0
Jan Kuchta,29,852710400,1997/01/08,First League,2026/2027,Forward,Sparta Praha,66,0,66,Czech Republic,1,0,1,0,0,0,0,0,0,0,0,0,0,0,2,0,2,0,0,0,0,0,0,0,0,2.73,33,66,0,0,0,-1,-1,-1,23,0,6.77,0,69,16.36,12.00,10,12,11.00,11,97,15.00,18,0.00,0.00,2.00,2,0.00,0.00,0.00,0.00,0,0.00,0.00,0.00,0.00,0.00,0.00,0.00,2.00,0.00,2.73,1.00,1.00,0.00,1.00,0.21,0.00,2.00,0.00,0.00,0,0,,2,2.00,93,1,1.36,97,1,1.36,78,2,0,1,7,0.00,99,0,0,0.00,20,0,40,0.00,20,0,0.00,99,0,0.00,0,0,0.00,0,2.73,97,1,1.36,63,0,0.00,0.00,0,0.00,0,0,0,0.00,0,2,0.00,2,2.73,90,N/A,N/A,N/A,N/A,0.00,0,0.00,0,0.21,0.00,0,91.67,50.00,87,99,0.00,0.00,0,23,23,0,0,0,0.00,0.00,0,45,6.77,0.00,0.00,0,0,0.00,0.00,99,0.00,0,0,0,0.00,0.00,0,0.00,0.00,0.00,0.00,0,0,0.00,62,0,0,61,2,0.09,60,0.09,0.12,0.21,80,0.21,0.29,4,0,0.00,0.00,0.00,0.00,7,0,0.29,78,48,3,88,0,66,88,0,0.00,99,2,0.00,2.73,4.09,3.00,3,2,17,7,2.73,2.00,66.67,0,0.00,99,0,0.00,0,0.00,99,0,0.00,0.00,40,3,47,86,0,0,0,0,0,48,61,77,75,0,99,18,44,44,0,0,49,9,0,0
Jan Matoušek,28,894697200,1998/05/09,First League,2026/2027,Midfielder,Bohemians 1905,439,164,275,Czech Republic,7,3,4,0,0,0,0,0,0,0,0,3,2,1,5,1,4,0,0,0,0,0,0,0,0,1.03,88,63,0,0,0,143,183,-1,22,0,6.38,0,69,9.78,6.67,1,40,4.83,29,25,7.09,2,0.00,0.00,0.83,5,0.00,0.50,0.73,0.50,3,0.00,1.17,0.00,0.00,0.00,0.17,0.83,0.83,0.00,2.20,1.33,2.33,0.00,0.17,0.10,0.00,0.33,0.00,0.00,0,0,,9,1.50,81,1,0.24,43,8,1.96,92,1,2,4,25,0.00,99,0,1,0.24,26,3,80,0.73,43,0,0.00,99,0,0.00,0,0,0.00,0,1.22,71,14,3.42,94,5,1.22,35.71,0,0.00,0,0,0,0.00,0,5,0.00,67,1.22,42,N/A,N/A,N/A,N/A,0.00,0,0.00,0,0.60,0.00,0,72.50,11.11,33,30,0.50,0.73,3,89,45,0,0,0,0.00,0.00,0,45,38.29,0.00,0.00,0,0,0.00,0.00,99,0.00,0,0,1,0.17,0.24,0,0.00,0.00,0.49,0.33,2,0,0.00,62,50,89,61,68,0.24,24,0.04,0.06,0.60,59,0.10,0.15,32,3,0.50,0.73,1.71,1.17,71,7,0.15,58,7,3,93,0,91,30,0,0.00,99,2,0.00,0.49,10.03,6.83,41,12,23,65,2.93,2.00,29.27,7,1.71,11,0,33.33,0,0.00,99,1,0.17,0.24,49,41,85,62,0,0,0,0,0,48,61,77,75,0,99,87,44,44,0,0,49,10,0,0
Jan Mikula,34,694598400,1992/01/05,First League,2026/2027,Defender,Slovan Liberec,292,103,189,Czech Republic,5,2,3,0,0,0,1,0,1,0,0,2,1,1,2,1,1,1,0,0.31,0.31,0,0,0,0,0.62,146,58,292,292,0.31,133,18,12,15,0,6.77,0.2,89,32.05,20.80,49,104,16.00,80,41,24.66,50,0.00,0.00,0.20,1,0.00,0.40,1.85,1.20,6,0.00,0.00,0.00,0.00,0.00,0.80,0.00,0.40,0.00,0.00,0.00,0.00,0.00,0.00,0.00,0.00,0.60,0.00,0.00,0,0,,0,0.00,13,0,0.00,32,0,0.00,17,2,2,3,73,0.00,99,0,4,1.23,80,2,40,0.62,40,0,0.00,99,0,0.00,0,0,0.00,0,0.31,22,0,0.00,12,0,0.00,0.00,0,0.00,0,0,0,0.00,0,2,0.00,89,0.62,10,N/A,N/A,N/A,N/A,0.00,0,0.00,0,0.00,0.00,0,76.92,0.00,32,67,0.20,0.31,1,23,23,0,0,0,0.20,0.31,1,64,33.84,1.00,1.54,5,0,0.00,0.00,99,0.00,0,0,0,0.00,0.00,0,0.00,0.00,0.00,0.00,0,0,0.00,62,21,24,61,89,0.79,80,0.16,0.24,0.00,13,0.00,0.00,72,5,1.00,1.54,0.31,0.20,12,1,0.00,13,48,53,88,0,66,51,0,0.00,99,3,0.00,0.92,6.16,4.00,20,14,48,16,4.32,2.80,70.00,0,0.00,99,0,0.00,0,0.00,99,0,0.00,0.00,40,26,85,86,0,0,0,0,0,71,61,77,75,0,99,76,70,75,1,20,80,3,0,0
Jan Suchan,30,821952000,1996/01/18,First League,2026/2027,Midfielder,Jablonec,356,208,148,Czech Republic,6,3,3,1,1,0,2,1,1,0,0,2,1,1,4,2,2,0,0,0.76,0.51,0.25,0.43,0,356,1.01,89,59,0,178,0,49,5,-1,5,0,7.29,0.33,98,37.67,24.83,64,149,20.17,121,58,30.59,67,0.00,0.00,2.00,12,0.00,2.50,0.51,0.33,2,0.00,1.00,0.00,0.00,0.00,0.50,0.83,0.67,10.00,2.53,1.00,1.00,0.00,0.67,0.23,0.00,1.17,0.00,0.00,0,0,,10,1.67,90,4,1.01,93,6,1.52,83,2,1,5,17,0.00,99,0,3,0.76,54,15,54,3.79,83,0,0.00,99,0,0.00,0,0,0.00,0,3.03,98,6,1.52,67,5,1.26,83.33,0,0.00,0,0,0,0.00,0,4,0.00,69,1.01,33,N/A,N/A,N/A,N/A,0.00,0,0.00,0,1.41,0.00,0,81.21,40.00,73,75,0.17,0.25,1,90,89,0,0,0,0.17,0.25,1,59,43.73,0.50,0.76,3,0,0.00,0.00,99,0.00,0,0,1,0.17,0.25,0,0.00,0.00,0.25,0.17,1,0,10.00,67,34,48,86,69,1.85,99,0.31,0.47,1.41,86,0.23,0.36,99,18,3.00,4.55,0.25,0.17,10,1,0.36,85,97,27,94,0,78,74,0,0.00,99,7,0.00,1.77,10.87,7.17,43,32,99,76,8.09,5.33,74.42,6,1.52,14,0,20.00,0,0.00,99,3,0.50,0.76,78,59,70,86,0,0,0,0,0,92,76,77,84,0,99,73,44,44,0,0,49,10,0,0
Jan Trédl,22,1089097200,2004/07/06,First League,2026/2027,Defender,Pardubice,404,168,236,Czech Republic,6,3,3,0,0,0,1,0,1,0,0,0,0,0,9,2,7,2,1,0.22,0.22,0,0,0,0,2,45,67,135,404,0.67,86,39,71,25,0,6.25,0.17,81,26.29,19.67,31,118,14.67,88,31,19.60,29,0.00,0.00,0.33,2,0.00,0.33,0.22,0.17,1,0.00,0.17,0.00,0.00,0.00,1.17,0.00,1.50,0.00,0.45,0.33,0.33,0.00,0.00,0.02,0.00,0.67,0.00,0.00,0,0,,2,0.33,24,0,0.00,32,2,0.45,35,1,1,5,10,0.00,99,0,7,1.56,90,2,40,0.45,36,0,0.00,99,0,0.00,0,0,0.00,0,0.45,32,2,0.45,27,0,0.00,0.00,0,0.00,0,0,0,0.00,0,9,0.00,18,2.00,72,N/A,N/A,N/A,N/A,0.00,0,0.00,0,0.11,0.00,0,74.58,0.00,32,52,0.33,0.45,2,23,23,0,0,0,0.17,0.22,1,56,37.53,1.67,2.23,10,0,0.00,0.00,99,0.00,0,0,0,0.00,0.00,0,0.00,0.00,0.00,0.00,0,0,0.00,62,43,48,61,18,0.85,73,0.14,0.19,0.11,21,0.02,0.02,51,5,0.83,1.11,1.34,1.00,58,6,0.02,20,5,70,88,0,66,50,0,0.00,99,4,0.00,0.89,6.01,4.50,27,9,10,15,2.00,1.50,33.33,1,0.22,75,0,0.00,0,0.00,99,0,0.00,0.00,40,59,70,62,0,0,0,0,0,58,61,77,75,0,99,18,48,96,1,17,77,12,0,0
Jan Vondra,30,810975600,1995/09/13,First League,2026/2027,Defender,Bohemians 1905,27,0,27,Czech Republic,1,0,1,0,0,0,0,0,0,0,0,0,0,0,1,0,1,0,0,0,0,0,0,0,0,3.33,27,27,0,0,0,-1,-1,-1,11,0,6.14,0,69,70.00,21.00,98,21,19.00,19,93,63.33,98,0.00,0.00,0.00,0,0.00,0.00,0.00,0.00,0,0.00,0.00,0.00,0.00,0.00,0.00,0.00,1.00,0.00,0.00,0.00,0.00,0.00,0.00,0.00,0.00,2.00,0.00,0.00,0,0,,0,0.00,13,0,0.00,32,0,0.00,17,0,1,0,7,0.00,99,0,0,0.00,20,0,40,0.00,20,0,0.00,99,0,0.00,0,0,0.00,0,0.00,14,0,0.00,12,0,0.00,0.00,0,0.00,0,0,0,0.00,0,1,0.00,0,3.33,94,N/A,N/A,N/A,N/A,0.00,0,0.00,0,0.00,0.00,0,90.48,0.00,32,99,0.00,0.00,0,23,23,0,0,0,1.00,3.33,1,99,6.14,2.00,6.67,2,0,0.00,0.00,99,0.00,0,0,0,0.00,0.00,0,0.00,0.00,0.00,0.00,0,0,0.00,62,0,0,61,1,0.04,62,0.04,0.13,0.00,13,0.00,0.00,97,1,1.00,3.33,0.00,0.00,7,0,0.00,13,4,97,88,0,66,99,0,0.00,99,2,0.00,6.67,13.33,4.00,4,3,99,92,10.00,3.00,75.00,0,0.00,99,0,0.00,0,0.00,99,0,0.00,0.00,40,0,70,23,0,0,0,0,0,48,61,77,75,0,99,18,44,44,0,0,49,22,0,0
Jan Zíka,20,1138867200,2006/02/02,First League,2026/2027,Midfielder,Mladá Boleslav,550,270,280,,7,3,4,0,0,0,0,0,0,0,0,2,2,0,7,1,6,0,0,0,0,0,0,0,0,1.15,79,79,0,0,0,102,86,-1,12,0,6.77,0,69,55.34,48.17,91,289,42.33,254,86,48.64,92,0.00,0.00,0.83,5,0.00,0.00,1.15,1.00,6,0.00,1.17,0.00,0.00,0.00,0.83,0.17,0.67,0.00,1.15,0.83,0.83,0.00,0.17,0.07,0.00,0.00,0.00,0.00,0,0,,6,1.00,52,1,0.19,40,5,0.96,62,0,1,5,44,0.00,99,0,5,0.96,67,0,40,0.00,20,0,0.00,99,0,0.00,0,0,0.00,0,0.96,60,5,0.96,50,1,0.19,20.00,0,0.00,0,0,0,0.00,0,4,0.00,58,0.77,17,N/A,N/A,N/A,N/A,0.00,0,0.00,0,0.41,0.00,0,87.89,16.67,43,7,1.17,1.34,7,31,27,0,0,0,0.17,0.19,1,52,40.65,2.00,2.30,12,0,0.00,0.00,99,0.00,0,0,0,0.00,0.00,0,0.00,0.00,0.00,0.00,0,0,0.00,62,72,89,61,61,0.71,64,0.12,0.14,0.41,46,0.07,0.08,99,20,3.33,3.83,0.96,0.83,39,5,0.08,45,48,72,88,0,66,8,0,0.00,99,0,0.00,0.00,9.57,8.33,50,27,65,59,5.17,4.50,54.00,7,1.34,18,0,0.00,0,0.00,99,0,0.00,0.00,40,59,70,23,0,0,0,0,0,48,61,77,75,0,99,65,44,44,0,0,49,76,0,0
Jaromír Zmrhal,33,744274800,1993/08/02,First League,2026/2027,Midfielder,Zbrojovka Brno,137,114,23,Czech Republic,7,4,3,0,0,0,0,0,0,0,0,2,1,1,3,1,2,0,0,0,0,0,0,0,0,1.97,46,20,0,0,0,-1,-1,-1,14,0,4.33,0,69,34.25,8.50,55,51,5.17,31,5,20.82,32,0.00,0.00,0.33,2,0.00,1.00,0.67,0.17,1,0.00,0.00,0.00,0.00,0.00,0.17,0.00,0.50,0.00,0.00,0.00,0.00,0.00,0.00,0.00,0.00,0.33,0.00,0.00,0,0,,0,0.00,13,0,0.00,32,0,0.00,17,0,5,1,23,0.00,99,0,1,0.67,49,6,80,4.03,87,0,0.00,99,0,0.00,0,0,0.00,0,1.34,77,0,0.00,12,0,0.00,0.00,0,0.00,0,0,0,0.00,0,3,0.00,18,2.01,73,N/A,N/A,N/A,N/A,0.00,0,0.00,0,0.00,0.00,0,60.78,0.00,32,34,0.17,0.67,1,23,23,0,0,0,0.00,0.00,0,45,25.99,0.50,2.01,3,0,0.00,0.00,99,0.00,0,0,0,0.00,0.00,0,0.00,0.00,0.00,0.00,0,0,0.00,62,0,89,61,20,0.12,38,0.02,0.08,0.00,13,0.00,0.00,4,0,0.00,0.00,0.00,0.00,7,0,0.00,13,0,66,88,0,66,66,0,0.00,99,2,0.00,1.34,2.69,0.67,4,3,10,7,2.01,0.50,75.00,0,0.00,99,0,33.33,0,0.00,99,2,0.33,1.34,92,3,99,23,0,0,0,0,0,48,61,77,75,0,99,65,44,44,0,0,49,17,0,0
Jaroslav Zelený,34,714294000,1992/08/20,First League,2026/2027,Defender,Sparta Praha,339,30,309,Czech Republic,6,2,4,0,0,0,1,0,1,0,0,1,0,1,7,0,7,1,0,0.27,0.27,0,0,0,0,1.86,48,57,339,339,0.27,193,30,68,20,0,6.68,0.17,85,67.43,42.33,97,254,37.33,224,87,59.47,97,0.00,0.00,0.50,3,0.00,0.50,1.06,0.67,4,0.00,0.17,0.00,0.00,0.00,0.33,0.50,1.33,0.00,0.53,0.33,0.83,0.00,0.00,0.02,0.00,1.33,0.00,0.00,0,0,,2,0.33,29,0,0.00,32,2,0.53,37,1,2,4,41,0.00,99,0,2,0.53,40,3,99,0.80,45,0,0.00,99,0,0.00,0,0,0.00,0,0.80,54,5,1.33,62,3,0.80,60.00,0,0.00,0,0,0,0.00,0,8,0.00,24,2.12,78,N/A,N/A,N/A,N/A,0.00,0,0.00,0,0.10,0.00,0,88.19,0.00,32,99,0.00,0.00,0,74,77,0,0,0,0.17,0.27,1,60,40.09,0.83,1.33,5,0,0.00,0.00,99,0.00,0,0,0,0.00,0.00,0,0.00,0.00,0.00,0.00,0,0,0.00,62,31,48,61,24,1.17,91,0.19,0.31,0.10,27,0.02,0.03,83,7,1.17,1.86,0.80,0.50,32,3,0.03,26,36,50,88,0,66,83,0,0.00,99,8,0.00,2.12,8.50,5.33,32,22,79,43,5.84,3.67,68.75,1,0.27,71,0,100.00,0,0.00,99,3,0.50,0.80,79,41,85,62,0,0,0,0,0,64,61,77,75,0,99,37,78,68,1,17,77,30,0,0
Jason Jonathan Brian Noslin,26,950083200,2000/02/09,First League,2026/2027,Defender,Pardubice,589,229,360,Netherlands,7,3,4,0,0,0,0,0,0,0,0,1,0,1,12,5,7,1,0,0,0,0,0,0,0,1.83,49,84,589,0,0.15,120,108,62,19,0,6.88,0,69,37.89,35.43,66,248,27.00,189,37,28.88,62,0.00,0.00,0.57,4,0.00,0.71,2.44,2.29,16,0.00,0.14,0.00,0.00,0.00,1.14,0.14,1.71,0.00,1.53,1.29,0.43,0.00,0.14,0.09,0.00,3.43,0.00,0.00,0,0,,10,1.43,67,1,0.15,34,9,1.38,80,0,1,6,88,0.00,99,0,8,1.22,79,5,96,0.76,43,0,0.00,99,0,0.00,0,0,0.00,0,0.61,41,3,0.46,28,1,0.15,33.33,0,0.00,0,0,0,0.00,0,12,0.00,26,1.83,66,N/A,N/A,N/A,N/A,0.00,0,0.00,0,0.62,0.00,0,76.21,10.00,33,67,0.29,0.31,2,28,45,0,0,0,0.71,0.76,5,90,48.15,5.00,5.35,35,0,0.00,0.00,99,0.00,0,0,0,0.00,0.00,0,0.00,0.00,0.00,0.00,0,0,0.00,62,79,89,61,27,0.64,53,0.09,0.10,0.62,49,0.09,0.09,25,4,0.57,0.61,1.38,1.29,59,9,0.09,48,64,90,88,0,66,97,0,0.00,99,24,0.00,3.67,10.85,10.14,71,45,94,75,6.88,6.43,63.38,1,0.15,80,0,60.00,0,0.00,99,3,0.43,0.46,66,78,70,23,0,0,0,0,0,48,61,77,75,0,99,31,93,52,1,14,66,43,0,0
Jindřich Musil,22,1089702000,2004/07/13,First League,2026/2027,Goalkeeper,Slovan Liberec,0,0,0,Czech Republic,0,0,0,0,0,0,0,0,0,0,0,0,0,0,0,0,0,0,0,0,0,0,0,0,0,0,0,0,0,0,0,-1,-1,-1,-1,N/A,N/A,N/A,N/A,N/A,N/A,N/A,N/A,N/A,N/A,N/A,N/A,N/A,N/A,N/A,N/A,N/A,N/A,N/A,N/A,N/A,N/A,N/A,N/A,N/A,N/A,N/A,N/A,N/A,N/A,N/A,N/A,N/A,N/A,N/A,N/A,N/A,N/A,N/A,N/A,N/A,N/A,N/A,N/A,N/A,N/A,N/A,N/A,N/A,N/A,N/A,N/A,N/A,N/A,N/A,N/A,N/A,N/A,N/A,N/A,N/A,N/A,N/A,N/A,N/A,N/A,N/A,N/A,N/A,N/A,N/A,N/A,N/A,N/A,N/A,N/A,N/A,N/A,N/A,N/A,N/A,N/A,N/A,N/A,N/A,N/A,N/A,N/A,N/A,N/A,N/A,N/A,N/A,N/A,N/A,N/A,N/A,N/A,N/A,N/A,N/A,N/A,N/A,N/A,N/A,N/A,N/A,N/A,N/A,N/A,N/A,N/A,N/A,N/A,N/A,N/A,N/A,N/A,N/A,N/A,N/A,N/A,N/A,N/A,N/A,N/A,N/A,N/A,N/A,N/A,N/A,N/A,N/A,N/A,N/A,N/A,N/A,N/A,N/A,N/A,N/A,N/A,N/A,N/A,N/A,N/A,N/A,N/A,N/A,N/A,N/A,N/A,N/A,N/A,N/A,N/A,N/A,N/A,N/A,N/A,N/A,N/A,N/A,N/A,N/A,N/A,N/A,N/A,N/A,N/A,N/A,N/A,N/A,N/A,N/A,N/A,N/A,N/A,N/A,N/A,N/A,N/A,N/A,N/A,N/A,N/A,N/A,N/A,N/A,N/A,N/A,N/A,N/A,N/A,N/A,N/A,N/A,N/A,N/A,N/A,N/A,N/A,N/A,N/A,N/A,N/A,N/A,N/A,N/A,N/A,N/A,N/A,N/A,N/A,N/A,N/A,N/A,N/A,N/A,N/A,N/A,N/A,N/A,N/A
Jindřich Staněk,30,830588400,1996/04/27,First League,2026/2027,Goalkeeper,Slavia Praha,0,0,0,Czech Republic,0,0,0,0,0,0,0,0,0,0,0,0,0,0,0,0,0,0,0,0,0,0,0,0,0,0,0,0,0,0,0,-1,-1,-1,-1,N/A,N/A,N/A,N/A,N/A,N/A,N/A,N/A,N/A,N/A,N/A,N/A,N/A,N/A,N/A,N/A,N/A,N/A,N/A,N/A,N/A,N/A,N/A,N/A,N/A,N/A,N/A,N/A,N/A,N/A,N/A,N/A,N/A,N/A,N/A,N/A,N/A,N/A,N/A,N/A,N/A,N/A,N/A,N/A,N/A,N/A,N/A,N/A,N/A,N/A,N/A,N/A,N/A,N/A,N/A,N/A,N/A,N/A,N/A,N/A,N/A,N/A,N/A,N/A,N/A,N/A,N/A,N/A,N/A,N/A,N/A,N/A,N/A,N/A,N/A,N/A,N/A,N/A,N/A,N/A,N/A,N/A,N/A,N/A,N/A,N/A,N/A,N/A,N/A,N/A,N/A,N/A,N/A,N/A,N/A,N/A,N/A,N/A,N/A,N/A,N/A,N/A,N/A,N/A,N/A,N/A,N/A,N/A,N/A,N/A,N/A,N/A,N/A,N/A,N/A,N/A,N/A,N/A,N/A,N/A,N/A,N/A,N/A,N/A,N/A,N/A,N/A,N/A,N/A,N/A,N/A,N/A,N/A,N/A,N/A,N/A,N/A,N/A,N/A,N/A,N/A,N/A,N/A,N/A,N/A,N/A,N/A,N/A,N/A,N/A,N/A,N/A,N/A,N/A,N/A,N/A,N/A,N/A,N/A,N/A,N/A,N/A,N/A,N/A,N/A,N/A,N/A,N/A,N/A,N/A,N/A,N/A,N/A,N/A,N/A,N/A,N/A,N/A,N/A,N/A,N/A,N/A,N/A,N/A,N/A,N/A,N/A,N/A,N/A,N/A,N/A,N/A,N/A,N/A,N/A,N/A,N/A,N/A,N/A,N/A,N/A,N/A,N/A,N/A,N/A,N/A,N/A,N/A,N/A,N/A,N/A,N/A,N/A,N/A,N/A,N/A,N/A,N/A,N/A,N/A,N/A,N/A,N/A,N/A
Jiří Borek,23,1032764400,2002/09/23,First League,2026/2027,Goalkeeper,Líšeň,0,0,0,Czech Republic,0,0,0,0,0,0,0,0,0,0,0,0,0,0,0,0,0,0,0,0,0,0,0,0,0,0,0,0,0,0,0,-1,-1,-1,-1,N/A,N/A,N/A,N/A,N/A,N/A,N/A,N/A,N/A,N/A,N/A,N/A,N/A,N/A,N/A,N/A,N/A,N/A,N/A,N/A,N/A,N/A,N/A,N/A,N/A,N/A,N/A,N/A,N/A,N/A,N/A,N/A,N/A,N/A,N/A,N/A,N/A,N/A,N/A,N/A,N/A,N/A,N/A,N/A,N/A,N/A,N/A,N/A,N/A,N/A,N/A,N/A,N/A,N/A,N/A,N/A,N/A,N/A,N/A,N/A,N/A,N/A,N/A,N/A,N/A,N/A,N/A,N/A,N/A,N/A,N/A,N/A,N/A,N/A,N/A,N/A,N/A,N/A,N/A,N/A,N/A,N/A,N/A,N/A,N/A,N/A,N/A,N/A,N/A,N/A,N/A,N/A,N/A,N/A,N/A,N/A,N/A,N/A,N/A,N/A,N/A,N/A,N/A,N/A,N/A,N/A,N/A,N/A,N/A,N/A,N/A,N/A,N/A,N/A,N/A,N/A,N/A,N/A,N/A,N/A,N/A,N/A,N/A,N/A,N/A,N/A,N/A,N/A,N/A,N/A,N/A,N/A,N/A,N/A,N/A,N/A,N/A,N/A,N/A,N/A,N/A,N/A,N/A,N/A,N/A,N/A,N/A,N/A,N/A,N/A,N/A,N/A,N/A,N/A,N/A,N/A,N/A,N/A,N/A,N/A,N/A,N/A,N/A,N/A,N/A,N/A,N/A,N/A,N/A,N/A,N/A,N/A,N/A,N/A,N/A,N/A,N/A,N/A,N/A,N/A,N/A,N/A,N/A,N/A,N/A,N/A,N/A,N/A,N/A,N/A,N/A,N/A,N/A,N/A,N/A,N/A,N/A,N/A,N/A,N/A,N/A,N/A,N/A,N/A,N/A,N/A,N/A,N/A,N/A,N/A,N/A,N/A,N/A,N/A,N/A,N/A,N/A,N/A,N/A,N/A,N/A,N/A,N/A,N/A
Jiří Boula,27,923554800,1999/04/08,First League,2026/2027,Midfielder,Baník Ostrava,302,166,136,Czech Republic,4,2,2,0,0,0,0,0,0,0,0,2,2,0,5,0,5,1,0,0,0,0,0,0,0,1.49,60,76,302,0,0.3,95,99,-1,7,0,6.63,0,69,33.97,28.50,54,114,22.25,89,47,26.52,55,0.00,0.00,0.50,2,0.00,2.00,1.49,1.25,5,0.00,0.25,0.00,0.00,0.00,0.00,0.00,1.25,0.00,0.30,0.00,0.25,0.00,0.25,0.03,0.00,0.75,0.00,0.00,0,0,,1,0.25,19,1,0.30,54,0,0.00,17,4,0,4,60,0.00,99,0,0,0.00,20,8,82,2.38,70,0,0.00,99,0,0.00,0,0,0.00,0,0.60,39,1,0.30,20,0,0.00,0.00,0,0.00,0,0,0,0.00,0,5,0.00,42,1.49,51,N/A,N/A,N/A,N/A,0.00,0,0.00,0,0.13,0.00,0,78.07,100.00,99,70,0.25,0.30,1,23,23,0,0,0,0.25,0.30,1,63,26.53,1.00,1.19,4,0,0.00,0.00,99,0.00,0,0,0,0.00,0.00,0,0.00,0.00,0.00,0.00,0,0,0.00,62,24,12,61,43,0.25,32,0.06,0.07,0.13,33,0.03,0.04,10,1,0.25,0.30,0.30,0.25,12,1,0.04,32,30,43,88,0,66,50,0,0.00,99,3,0.00,0.89,4.17,3.50,14,9,17,7,2.68,2.25,64.29,1,0.30,68,0,37.50,0,0.00,99,3,0.75,0.89,81,41,47,99,0,0,0,0,0,48,61,77,75,0,99,95,72,73,1,25,87,5,0,0
Jiří Floder,29,852278400,1997/01/03,First League,2026/2027,Goalkeeper,Mladá Boleslav,630,270,360,Czech Republic,7,3,4,0,0,0,0,0,0,0,0,2,2,0,9,1,8,1,0,0,0,0,0,0,0,1.29,70,90,630,0,0.14,104,85,43,18,0,7.14,0,69,27.33,27.33,33,164,17.50,105,8,17.50,23,0.00,0.00,0.00,0,0.00,0.00,0.17,0.17,1,0.00,0.00,0.00,0.00,3.33,0.00,0.00,4.33,0.00,0.00,0.00,0.00,0.00,0.00,0.00,0.00,0.33,0.00,0.00,0,0,,0,0.00,13,0,0.00,32,0,0.00,17,0,0,6,10,0.00,99,0,0,0.00,20,0,40,0.00,20,0,0.00,99,0,0.00,0,0,0.00,0,0.00,14,0,0.00,12,0,0.00,0.00,0,0.00,0,20,89,3.33,89,26,0.00,52,4.33,97,N/A,N/A,N/A,N/A,76.92,0,0.00,0,0.00,0.00,0,64.02,0.00,32,99,0.00,0.00,0,23,23,0,0,11,0.00,0.00,0,45,42.81,1.33,1.33,8,0,0.00,0.00,99,0.00,0,0,0,0.00,0.00,5,0.83,0.83,0.00,0.00,0,0,0.00,62,94,89,61,52,0.19,3,0.03,0.03,0.00,13,0.00,0.00,11,2,0.33,0.33,0.17,0.17,8,1,0.00,13,91,50,88,94,66,21,0,0.00,99,2,0.00,0.33,0.83,0.83,5,5,6,5,0.83,0.83,100.00,0,0.00,99,0,0.00,0,0.00,99,0,0.00,0.00,40,78,47,23,0,0,0,0,0,48,61,77,75,0,99,65,99,49,1,14,66,59,0,0
Jiří Hamza,21,1120806000,2005/07/08,First League,2026/2027,Midfielder,Pardubice,0,0,0,Czechia,0,0,0,0,0,0,0,0,0,0,0,0,0,0,0,0,0,0,0,0,0,0,0,0,0,0,0,0,0,0,0,-1,-1,-1,-1,N/A,N/A,N/A,N/A,N/A,N/A,N/A,N/A,N/A,N/A,N/A,N/A,N/A,N/A,N/A,N/A,N/A,N/A,N/A,N/A,N/A,N/A,N/A,N/A,N/A,N/A,N/A,N/A,N/A,N/A,N/A,N/A,N/A,N/A,N/A,N/A,N/A,N/A,N/A,N/A,N/A,N/A,N/A,N/A,N/A,N/A,N/A,N/A,N/A,N/A,N/A,N/A,N/A,N/A,N/A,N/A,N/A,N/A,N/A,N/A,N/A,N/A,N/A,N/A,N/A,N/A,N/A,N/A,N/A,N/A,N/A,N/A,N/A,N/A,N/A,N/A,N/A,N/A,N/A,N/A,N/A,N/A,N/A,N/A,N/A,N/A,N/A,N/A,N/A,N/A,N/A,N/A,N/A,N/A,N/A,N/A,N/A,N/A,N/A,N/A,N/A,N/A,N/A,N/A,N/A,N/A,N/A,N/A,N/A,N/A,N/A,N/A,N/A,N/A,N/A,N/A,N/A,N/A,N/A,N/A,N/A,N/A,N/A,N/A,N/A,N/A,N/A,N/A,N/A,N/A,N/A,N/A,N/A,N/A,N/A,N/A,N/A,N/A,N/A,N/A,N/A,N/A,N/A,N/A,N/A,N/A,N/A,N/A,N/A,N/A,N/A,N/A,N/A,N/A,N/A,N/A,N/A,N/A,N/A,N/A,N/A,N/A,N/A,N/A,N/A,N/A,N/A,N/A,N/A,N/A,N/A,N/A,N/A,N/A,N/A,N/A,N/A,N/A,N/A,N/A,N/A,N/A,N/A,N/A,N/A,N/A,N/A,N/A,N/A,N/A,N/A,N/A,N/A,N/A,N/A,N/A,N/A,N/A,N/A,N/A,N/A,N/A,N/A,N/A,N/A,N/A,N/A,N/A,N/A,N/A,N/A,N/A,N/A,N/A,N/A,N/A,N/A,N/A,N/A,N/A,N/A,N/A,N/A,N/A
Jiří Klíma,29,852451200,1997/01/05,First League,2026/2027,Forward,Mladá Boleslav,453,180,273,Czech Republic,7,3,4,3,1,2,1,0,1,0,0,2,2,0,6,0,6,1,0,0.79,0.2,0.6,0.5,0.66,151,1.19,76,65,453,453,0.2,9,46,-1,3,0,6.98,0.14,78,17.73,13.00,13,78,9.50,57,27,12.95,13,0.00,0.00,1.17,7,0.00,0.67,0.00,0.00,0,0.00,1.17,0.00,0.00,0.00,0.17,0.50,0.67,4.00,2.73,1.33,1.33,0.00,0.67,0.44,0.00,1.33,0.00,0.00,0,0,,12,2.00,93,4,0.91,88,8,1.82,90,1,0,6,7,0.00,99,0,1,0.23,25,4,95,0.91,47,0,0.00,99,0,0.00,0,0,0.00,0,1.59,83,8,1.82,74,3,0.68,37.50,0,0.00,0,0,0,0.00,0,4,0.00,57,0.91,24,N/A,N/A,N/A,N/A,0.00,0,0.00,0,2.65,0.00,0,73.08,33.33,68,52,0.33,0.45,2,67,47,1,0,0,0.00,0.00,0,45,41.90,0.33,0.45,2,0,0.00,0.00,99,0.00,0,1,0,0.00,0.00,0,0.00,0.00,0.23,0.17,1,0,25.00,87,54,89,65,58,0.97,77,0.16,0.22,1.95,93,0.33,0.44,75,7,1.17,1.59,2.27,1.67,87,10,0.60,96,76,10,88,0,75,77,0,0.00,99,8,0.00,1.82,11.14,8.17,49,18,42,79,4.09,3.00,36.73,7,1.59,13,0,50.00,0,0.00,99,2,0.33,0.45,66,78,47,62,0,1,0,14,0,94,97,96,87,0,99,65,85,60,1,14,66,23,0,0
Jiří Maxim Panoš,18,1195113600,2007/11/15,First League,2026/2027,Midfielder,Viktoria Plzeň,12,12,0,Czechia,1,1,0,0,0,0,0,0,0,0,0,0,0,0,1,1,0,0,0,0,0,0,0,0,0,7.5,12,12,0,0,0,-1,-1,-1,19,0,6.22,0,69,7.50,1.00,0,1,1.00,1,99,7.50,2,0.00,0.00,0.00,0,0.00,0.00,0.00,0.00,0,0.00,1.00,0.00,0.00,0.00,0.00,0.00,1.00,0.00,0.00,0.00,0.00,0.00,0.00,0.00,0.00,0.00,0.00,0.00,0,0,,0,0.00,13,0,0.00,32,0,0.00,17,0,1,0,7,0.00,99,0,0,0.00,20,0,40,0.00,20,0,0.00,99,0,0.00,0,0,0.00,0,0.00,14,0,0.00,12,0,0.00,0.00,0,0.00,0,0,0,0.00,0,1,0.00,0,7.50,99,N/A,N/A,N/A,N/A,0.00,0,0.00,0,0.00,0.00,0,100.00,0.00,32,0,1.00,7.50,1,23,23,0,0,0,0.00,0.00,0,45,6.22,0.00,0.00,0,0,0.00,0.00,99,0.00,0,0,0,0.00,0.00,0,0.00,0.00,0.00,0.00,0,0,0.00,62,0,0,61,0,0.00,0,0.00,0.00,0.00,13,0.00,0.00,4,0,0.00,0.00,0.00,0.00,7,0,0.00,13,4,3,88,0,66,8,0,0.00,99,0,0.00,0.00,15.00,2.00,2,0,0,98,0.00,0.00,0.00,1,7.50,0,0,0.00,0,0.00,99,0,0.00,0.00,40,0,70,23,0,0,0,0,0,48,61,77,75,0,99,18,44,44,0,0,49,20,0,0
Jiří Míček,19,1181199600,2007/06/07,First League,2026/2027,Defender,Baník Ostrava,562,225,337,Czechia,7,3,4,1,1,0,0,0,0,0,0,3,2,1,12,3,9,2,0,0.16,0,0.16,0.4,0,562,1.92,47,80,281,0,0.32,70,152,69,3,0,6.87,0,69,29.79,26.57,41,186,20.43,143,40,22.90,43,0.00,0.00,0.14,1,0.00,0.43,1.76,1.57,11,0.00,0.00,0.00,0.00,0.00,0.71,0.29,1.86,6.00,0.96,0.29,0.57,0.00,0.57,0.17,0.00,1.71,0.00,0.00,0,0,,6,0.86,46,4,0.64,77,2,0.32,29,2,1,6,69,0.00,99,0,5,0.80,56,3,40,0.48,37,0,0.00,99,0,0.00,0,0,0.00,0,0.16,15,4,0.64,36,2,0.32,50.00,0,0.00,0,0,0,0.00,0,13,0.00,20,2.08,78,N/A,N/A,N/A,N/A,0.00,0,0.00,0,1.21,0.00,0,76.88,66.67,95,99,0.00,0.00,0,44,66,0,0,0,0.43,0.48,3,76,48.10,3.29,3.68,23,0,0.00,0.00,99,0.00,0,0,0,0.00,0.00,0,0.00,0.00,0.00,0.00,0,0,16.67,79,75,89,96,22,0.28,8,0.04,0.04,1.21,66,0.17,0.19,88,14,2.00,2.24,0.80,0.71,32,5,0.19,65,62,78,88,0,66,80,0,0.00,99,12,0.00,1.92,8.65,7.71,54,37,80,45,5.93,5.29,68.52,0,0.00,99,0,0.00,0,0.00,99,0,0.00,0.00,40,78,70,86,0,0,0,0,0,52,67,77,83,0,99,87,68,77,2,29,93,42,0,0
Jiří Sláma,27,915782400,1999/01/08,First League,2026/2027,Defender,Jablonec,285,195,90,Czech Republic,4,3,1,0,0,0,0,0,0,0,0,1,1,0,3,2,1,1,0,0,0,0,0,0,0,0.95,95,71,285,0,0.32,175,121,28,19,0,6.67,0,69,42.00,33.25,78,133,23.25,93,18,29.37,63,0.00,0.00,1.50,6,0.00,5.25,1.26,1.00,4,0.00,0.50,0.00,0.00,0.00,0.50,0.50,0.75,0.00,1.26,1.00,1.25,0.00,0.00,0.05,0.00,0.75,0.00,0.00,0,0,,4,1.00,57,0,0.00,32,4,1.26,75,1,1,3,48,0.00,99,0,2,0.63,45,21,50,6.63,98,0,0.00,99,0,0.00,0,0,0.00,0,1.89,90,5,1.58,69,2,0.63,40.00,0,0.00,0,0,0,0.00,0,3,0.00,74,0.95,26,N/A,N/A,N/A,N/A,0.00,0,0.00,0,0.21,0.00,0,69.92,0.00,32,10,1.00,1.26,4,64,51,0,0,0,0.00,0.00,0,45,26.70,0.50,0.63,2,0,0.00,0.00,99,0.00,0,0,0,0.00,0.00,0,0.00,0.00,0.00,0.00,0,0,0.00,62,19,12,61,74,0.39,60,0.10,0.12,0.21,43,0.05,0.07,91,8,2.00,2.53,0.95,0.75,38,3,0.07,42,33,19,88,0,66,53,0,0.00,99,3,0.00,0.95,10.11,8.00,32,17,67,66,5.37,4.25,53.12,2,0.63,47,0,19.05,0,0.00,99,4,1.00,1.26,90,26,70,62,0,0,0,0,0,48,61,77,75,0,99,48,70,77,1,25,87,20,0,0
Jiří Spáčil,27,918720000,1999/02/11,First League,2026/2027,Midfielder,Sigma Olomouc,65,0,65,Czech Republic,1,0,1,0,0,0,0,0,0,0,0,0,0,0,1,0,1,0,0,0,0,0,0,0,0,1.38,65,65,0,0,0,-1,-1,-1,21,0,6.95,0,69,38.77,28.00,68,28,21.00,21,33,29.08,62,0.00,0.00,1.00,1,0.00,2.00,1.38,1.00,1,0.00,0.00,0.00,0.00,0.00,1.00,0.00,1.00,0.00,0.00,0.00,0.00,0.00,0.00,0.00,0.00,1.00,0.00,0.00,0,0,,0,0.00,13,0,0.00,32,0,0.00,17,1,0,1,53,0.00,99,0,1,1.38,85,2,95,2.77,75,0,0.00,99,0,0.00,0,0,0.00,0,1.38,78,0,0.00,12,0,0.00,0.00,0,0.00,0,0,0,0.00,0,1,0.00,46,1.38,48,N/A,N/A,N/A,N/A,0.00,0,0.00,0,0.00,0.00,0,75.00,0.00,32,99,0.00,0.00,0,23,23,0,0,0,2.00,2.77,2,99,6.95,3.00,4.15,3,0,0.00,0.00,99,0.00,0,0,0,0.00,0.00,0,0.00,0.00,0.00,0.00,0,0,0.00,62,0,0,61,46,0.10,64,0.10,0.14,0.00,13,0.00,0.00,4,0,0.00,0.00,0.00,0.00,7,0,0.00,13,73,82,88,0,66,67,0,0.00,99,1,0.00,1.38,5.54,4.00,4,2,17,12,2.77,2.00,50.00,0,0.00,99,0,50.00,0,0.00,99,1,1.00,1.38,92,3,47,62,0,0,0,0,0,48,61,77,75,0,99,18,44,44,0,0,49,8,0,0
Jiri Zima,18,1198224000,2007/12/21,First League,2026/2027,Midfielder,Pardubice,14,0,14,Czech Republic,1,0,1,0,0,0,0,0,0,0,0,0,0,0,0,0,0,0,0,0,0,0,0,0,0,0,0,14,0,0,0,-1,-1,-1,14,0,6.37,0,69,19.29,3.00,17,3,2.00,2,13,12.86,13,0.00,0.00,0.00,0,0.00,0.00,0.00,0.00,0,0.00,0.00,0.00,0.00,0.00,0.00,0.00,0.00,0.00,0.00,0.00,0.00,0.00,0.00,0.00,0.00,0.00,0.00,0.00,0,0,,0,0.00,13,0,0.00,32,0,0.00,17,0,1,0,7,0.00,99,0,0,0.00,20,0,40,0.00,20,0,0.00,99,0,0.00,0,0,0.00,0,0.00,14,0,0.00,12,0,0.00,0.00,0,0.00,0,0,0,0.00,0,0,0.00,99,0.00,0,N/A,N/A,N/A,N/A,0.00,0,0.00,0,0.00,0.00,0,66.67,0.00,32,99,0.00,0.00,0,23,23,0,0,0,0.00,0.00,0,45,6.37,0.00,0.00,0,0,0.00,0.00,99,0.00,0,0,0,0.00,0.00,0,0.00,0.00,0.00,0.00,0,0,0.00,62,0,0,61,0,0.00,0,0.00,0.00,0.00,13,0.00,0.00,4,0,0.00,0.00,6.43,1.00,99,1,0.00,13,6,3,88,0,66,8,0,0.00,99,0,0.00,0.00,12.86,2.00,2,0,0,92,0.00,0.00,0.00,0,0.00,99,0,0.00,0,0.00,99,0,0.00,0.00,40,0,70,23,0,0,0,0,0,48,61,77,75,0,99,18,44,44,0,0,49,11,0,0
Joao Grimaldo,23,1045728000,2003/02/20,First League,2026/2027,Forward,Sparta Praha,0,0,0,Peru,0,0,0,0,0,0,0,0,0,0,0,0,0,0,0,0,0,0,0,0,0,0,0,0,0,0,0,0,0,0,0,-1,-1,-1,-1,N/A,N/A,N/A,N/A,N/A,N/A,N/A,N/A,N/A,N/A,N/A,N/A,N/A,N/A,N/A,N/A,N/A,N/A,N/A,N/A,N/A,N/A,N/A,N/A,N/A,N/A,N/A,N/A,N/A,N/A,N/A,N/A,N/A,N/A,N/A,N/A,N/A,N/A,N/A,N/A,N/A,N/A,N/A,N/A,N/A,N/A,N/A,N/A,N/A,N/A,N/A,N/A,N/A,N/A,N/A,N/A,N/A,N/A,N/A,N/A,N/A,N/A,N/A,N/A,N/A,N/A,N/A,N/A,N/A,N/A,N/A,N/A,N/A,N/A,N/A,N/A,N/A,N/A,N/A,N/A,N/A,N/A,N/A,N/A,N/A,N/A,N/A,N/A,N/A,N/A,N/A,N/A,N/A,N/A,N/A,N/A,N/A,N/A,N/A,N/A,N/A,N/A,N/A,N/A,N/A,N/A,N/A,N/A,N/A,N/A,N/A,N/A,N/A,N/A,N/A,N/A,N/A,N/A,N/A,N/A,N/A,N/A,N/A,N/A,N/A,N/A,N/A,N/A,N/A,N/A,N/A,N/A,N/A,N/A,N/A,N/A,N/A,N/A,N/A,N/A,N/A,N/A,N/A,N/A,N/A,N/A,N/A,N/A,N/A,N/A,N/A,N/A,N/A,N/A,N/A,N/A,N/A,N/A,N/A,N/A,N/A,N/A,N/A,N/A,N/A,N/A,N/A,N/A,N/A,N/A,N/A,N/A,N/A,N/A,N/A,N/A,N/A,N/A,N/A,N/A,N/A,N/A,N/A,N/A,N/A,N/A,N/A,N/A,N/A,N/A,N/A,N/A,N/A,N/A,N/A,N/A,N/A,N/A,N/A,N/A,N/A,N/A,N/A,N/A,N/A,N/A,N/A,N/A,N/A,N/A,N/A,N/A,N/A,N/A,N/A,N/A,N/A,N/A,N/A,N/A,N/A,N/A,N/A,N/A
Jocelin Behiratche,26,957769200,2000/05/08,First League,2026/2027,Defender,Slovácko,561,270,291,Ivory Coast,8,3,5,0,0,0,0,0,0,0,0,1,1,0,7,3,4,2,1,0,0,0,0,0,0,1.12,80,70,187,0,0.48,169,173,34,14,0,6.85,0,69,51.15,44.57,88,312,41.57,291,99,47.70,90,0.00,0.00,0.57,4,0.00,0.00,1.80,1.57,11,0.00,0.29,0.00,0.00,0.00,1.14,0.14,1.00,0.00,0.49,0.29,0.14,0.00,0.14,0.04,0.00,1.57,0.00,0.00,0,0,,3,0.43,26,1,0.16,35,2,0.33,30,0,1,6,70,0.00,99,0,8,1.31,84,0,40,0.00,20,0,0.00,99,0,0.00,0,0,0.00,0,0.66,45,1,0.16,15,1,0.16,100.00,0,0.00,0,0,0,0.00,0,7,0.00,61,1.15,39,N/A,N/A,N/A,N/A,0.00,0,0.00,0,0.25,0.00,0,93.27,33.33,68,81,0.14,0.16,1,28,99,0,0,0,0.57,0.66,4,85,47.93,4.71,5.41,33,0,0.00,0.00,99,0.00,0,0,0,0.00,0.00,0,0.00,0.00,0.00,0.00,0,0,0.00,62,74,99,61,62,0.85,64,0.12,0.14,0.25,33,0.04,0.04,68,9,1.29,1.48,2.46,2.14,91,15,0.04,32,60,90,88,0,66,76,0,0.00,99,11,0.00,1.80,8.20,7.14,50,30,60,37,4.92,4.29,60.00,2,0.33,64,0,0.00,0,0.00,99,0,0.00,0.00,40,78,70,23,0,0,0,0,0,48,61,77,75,0,99,21,55,90,1,12,51,22,0,0
John Anthony Mercado Cuero,24,1023087600,2002/06/03,First League,2026/2027,Forward,Sparta Praha,542,254,288,Ecuador,7,3,4,2,0,2,1,1,0,0,0,1,0,1,11,4,7,1,0,0.5,0.17,0.33,0,0.63,271,1.83,49,77,542,542,0.17,26,53,-1,3,0,7.05,0.14,75,27.73,23.86,34,167,18.57,130,46,21.59,37,0.00,0.00,0.71,5,0.00,3.43,1.83,1.57,11,0.00,1.00,0.00,0.00,0.00,0.43,3.29,1.71,6.50,2.16,1.00,4.71,0.00,0.86,0.33,0.00,0.86,0.00,0.00,0,0,,13,1.86,80,6,1.00,91,7,1.16,72,1,0,7,72,0.00,99,0,3,0.50,38,24,43,3.99,86,0,0.00,99,0,0.00,0,0,0.00,0,0.83,55,33,5.48,99,23,3.82,69.70,0,0.00,0,0,0,0.00,0,12,0.00,26,1.99,72,N/A,N/A,N/A,N/A,0.00,0,0.00,0,2.29,0.00,0,77.84,46.15,76,34,0.57,0.66,4,99,81,0,0,0,0.00,0.00,0,45,49.37,1.57,1.83,11,0,0.00,0.00,99,0.00,0,0,0,0.00,0.00,0,0.00,0.00,0.33,0.29,2,0,15.38,76,71,89,77,27,1.05,70,0.15,0.17,2.29,87,0.33,0.38,28,4,0.57,0.66,0.50,0.43,17,3,0.38,87,86,61,88,0,84,56,0,0.00,99,6,0.00,1.00,12.45,10.71,75,43,97,90,7.14,6.14,57.33,7,1.16,24,0,8.33,0,0.00,99,2,0.29,0.33,57,99,47,62,0,0,0,0,0,85,85,95,75,0,99,31,91,56,1,14,66,17,0,0
John Auta,20,1146207600,2006/04/28,First League,2026/2027,Forward,Teplice,321,184,137,Nigeria,7,4,3,4,3,1,0,0,0,0,0,2,1,1,10,6,4,0,0,1.12,0,1.12,1.47,0.66,80,2.8,32,46,0,0,0,1,182,-1,1,0,6.70,0,69,14.58,7.43,7,52,6.14,43,64,12.06,12,0.00,0.00,0.00,0,0.00,0.14,0.84,0.43,3,0.00,0.71,0.00,0.00,0.00,0.14,0.86,1.43,2.00,2.24,0.43,1.86,0.00,0.71,0.44,0.00,0.14,0.00,0.00,0,0,,8,1.14,82,5,1.40,98,3,0.84,57,1,3,4,28,0.00,99,0,1,0.28,28,1,40,0.28,27,0,0.00,99,0,0.00,0,0,0.00,0,0.00,14,13,3.64,97,6,1.68,46.15,0,0.00,0,0,0,0.00,0,10,0.00,2,2.80,91,N/A,N/A,N/A,N/A,0.00,0,0.00,0,3.09,0.00,0,82.69,62.50,92,14,0.57,1.12,4,96,54,0,0,0,0.00,0.00,0,45,46.89,0.43,0.84,3,0,0.00,0.00,99,0.00,0,0,0,0.00,0.00,0,0.00,0.00,0.56,0.29,2,0,50.00,99,29,89,62,2,0.08,2,0.01,0.02,3.09,99,0.44,0.87,38,3,0.43,0.84,1.68,0.86,70,6,0.87,99,38,28,88,0,92,16,0,0.00,99,1,0.00,0.28,11.78,6.00,42,13,33,83,3.64,1.86,30.95,5,1.40,17,0,0.00,0,0.00,99,0,0.00,0.00,40,41,91,62,0,0,0,0,0,99,99,96,99,0,99,65,44,44,0,0,49,17,0,0
John Paul Dembe,21,1120374000,2005/07/03,First League,2026/2027,Forward,Sigma Olomouc,35,35,0,Uganda,2,2,0,0,0,0,0,0,0,0,0,0,0,0,2,2,0,0,0,0,0,0,0,0,0,5.14,18,18,0,0,0,-1,-1,-1,14,0,6.43,0,69,10.29,2.00,1,4,1.50,3,33,7.71,3,0.00,0.00,0.00,0,0.00,0.00,0.00,0.00,0,0.00,0.00,0.00,0.00,0.00,0.00,0.00,1.00,0.00,5.14,1.00,0.00,0.00,0.00,0.06,0.00,0.00,0.00,0.00,0,0,,2,1.00,99,0,0.00,32,2,5.14,99,0,2,0,7,0.00,99,0,0,0.00,20,0,40,0.00,20,0,0.00,99,0,0.00,0,0,0.00,0,0.00,14,0,0.00,12,0,0.00,0.00,0,0.00,0,0,0,0.00,0,2,0.00,0,5.14,99,N/A,N/A,N/A,N/A,0.00,0,0.00,0,0.11,0.00,0,75.00,0.00,32,99,0.00,0.00,0,23,23,0,0,0,0.00,0.00,0,45,12.85,0.00,0.00,0,0,0.00,0.00,99,0.00,0,0,0,0.00,0.00,0,0.00,0.00,2.57,0.50,1,0,0.00,62,0,0,61,0,0.01,3,0.01,0.03,0.11,79,0.06,0.28,4,0,0.00,0.00,5.14,1.00,99,2,0.28,78,9,3,88,0,99,8,0,0.00,99,0,0.00,0.00,5.14,1.00,2,0,0,11,0.00,0.00,0.00,0,0.00,99,0,0.00,0,0.00,99,0,0.00,0.00,40,0,85,23,0,0,0,0,0,48,61,77,75,0,99,18,44,44,0,0,49,17,0,0
Jonáš Topič,18,1212908400,2008/06/08,First League,2026/2027,Defender,Sparta Praha,0,0,0,Czechia,0,0,0,0,0,0,0,0,0,0,0,0,0,0,0,0,0,0,0,0,0,0,0,0,0,0,0,0,0,0,0,-1,-1,-1,-1,N/A,N/A,N/A,N/A,N/A,N/A,N/A,N/A,N/A,N/A,N/A,N/A,N/A,N/A,N/A,N/A,N/A,N/A,N/A,N/A,N/A,N/A,N/A,N/A,N/A,N/A,N/A,N/A,N/A,N/A,N/A,N/A,N/A,N/A,N/A,N/A,N/A,N/A,N/A,N/A,N/A,N/A,N/A,N/A,N/A,N/A,N/A,N/A,N/A,N/A,N/A,N/A,N/A,N/A,N/A,N/A,N/A,N/A,N/A,N/A,N/A,N/A,N/A,N/A,N/A,N/A,N/A,N/A,N/A,N/A,N/A,N/A,N/A,N/A,N/A,N/A,N/A,N/A,N/A,N/A,N/A,N/A,N/A,N/A,N/A,N/A,N/A,N/A,N/A,N/A,N/A,N/A,N/A,N/A,N/A,N/A,N/A,N/A,N/A,N/A,N/A,N/A,N/A,N/A,N/A,N/A,N/A,N/A,N/A,N/A,N/A,N/A,N/A,N/A,N/A,N/A,N/A,N/A,N/A,N/A,N/A,N/A,N/A,N/A,N/A,N/A,N/A,N/A,N/A,N/A,N/A,N/A,N/A,N/A,N/A,N/A,N/A,N/A,N/A,N/A,N/A,N/A,N/A,N/A,N/A,N/A,N/A,N/A,N/A,N/A,N/A,N/A,N/A,N/A,N/A,N/A,N/A,N/A,N/A,N/A,N/A,N/A,N/A,N/A,N/A,N/A,N/A,N/A,N/A,N/A,N/A,N/A,N/A,N/A,N/A,N/A,N/A,N/A,N/A,N/A,N/A,N/A,N/A,N/A,N/A,N/A,N/A,N/A,N/A,N/A,N/A,N/A,N/A,N/A,N/A,N/A,N/A,N/A,N/A,N/A,N/A,N/A,N/A,N/A,N/A,N/A,N/A,N/A,N/A,N/A,N/A,N/A,N/A,N/A,N/A,N/A,N/A,N/A,N/A,N/A,N/A,N/A,N/A,N/A
Jonatan Braut Brunes,26,965631600,2000/08/07,First League,2026/2027,Forward,Sparta Praha,449,253,196,Norway,6,3,3,1,1,0,0,0,0,0,0,1,0,1,6,4,2,0,0,0.2,0,0.2,0.36,0,449,1.2,75,75,0,0,0,58,87,-1,6,0,6.77,0,69,12.23,10.17,2,61,8.67,52,74,10.42,7,0.00,0.00,1.00,6,0.00,0.00,0.00,0.00,0,0.00,1.17,0.00,0.00,0.00,0.00,0.67,1.17,17.00,3.41,2.17,0.83,0.00,0.67,0.27,0.00,0.50,0.00,0.00,0,0,,17,2.83,97,4,0.80,84,13,2.61,98,1,1,5,7,0.00,99,0,0,0.00,20,0,40,0.00,20,0,0.00,99,0,0.00,0,0,0.00,0,1.20,71,5,1.00,52,4,0.80,80.00,0,0.00,0,0,0,0.00,0,7,0.00,56,1.40,48,N/A,N/A,N/A,N/A,0.00,0,0.00,0,1.65,0.00,0,85.25,23.53,48,99,0.00,0.00,0,74,88,0,0,0,0.00,0.00,0,45,40.60,1.00,1.20,6,0,0.00,0.00,99,0.00,0,0,1,0.17,0.20,0,0.00,0.00,0.40,0.33,2,1,5.88,63,52,48,90,57,0.29,24,0.05,0.06,1.65,83,0.27,0.33,75,8,1.33,1.60,1.60,1.33,67,8,0.33,82,48,44,91,0,87,38,0,0.00,99,3,0.00,0.60,7.02,5.83,35,15,24,24,3.01,2.50,42.86,7,1.40,17,0,0.00,0,0.00,99,0,0.00,0.00,40,59,70,62,0,0,0,0,0,57,73,77,82,0,99,37,44,44,0,0,49,14,0,0
Josef Jinoch,58,-68054400,1967/11/05,First League,2026/2027,Coach,Mladá Boleslav,0,0,0,Czech Republic,0,0,0,0,0,0,0,0,0,0,0,0,0,0,0,0,0,0,0,0,0,0,0,0,0,0,0,0,0,0,0,-1,-1,-1,-1,N/A,N/A,N/A,N/A,N/A,N/A,N/A,N/A,N/A,N/A,N/A,N/A,N/A,N/A,N/A,N/A,N/A,N/A,N/A,N/A,N/A,N/A,N/A,N/A,N/A,N/A,N/A,N/A,N/A,N/A,N/A,N/A,N/A,N/A,N/A,N/A,N/A,N/A,N/A,N/A,N/A,N/A,N/A,N/A,N/A,N/A,N/A,N/A,N/A,N/A,N/A,N/A,N/A,N/A,N/A,N/A,N/A,N/A,N/A,N/A,N/A,N/A,N/A,N/A,N/A,N/A,N/A,N/A,N/A,N/A,N/A,N/A,N/A,N/A,N/A,N/A,N/A,N/A,N/A,N/A,N/A,N/A,N/A,N/A,N/A,N/A,N/A,N/A,N/A,N/A,N/A,N/A,N/A,N/A,N/A,N/A,N/A,N/A,N/A,N/A,N/A,N/A,N/A,N/A,N/A,N/A,N/A,N/A,N/A,N/A,N/A,N/A,N/A,N/A,N/A,N/A,N/A,N/A,N/A,N/A,N/A,N/A,N/A,N/A,N/A,N/A,N/A,N/A,N/A,N/A,N/A,N/A,N/A,N/A,N/A,N/A,N/A,N/A,N/A,N/A,N/A,N/A,N/A,N/A,N/A,N/A,N/A,N/A,N/A,N/A,N/A,N/A,N/A,N/A,N/A,N/A,N/A,N/A,N/A,N/A,N/A,N/A,N/A,N/A,N/A,N/A,N/A,N/A,N/A,N/A,N/A,N/A,N/A,N/A,N/A,N/A,N/A,N/A,N/A,N/A,N/A,N/A,N/A,N/A,N/A,N/A,N/A,N/A,N/A,N/A,N/A,N/A,N/A,N/A,N/A,N/A,N/A,N/A,N/A,N/A,N/A,N/A,N/A,N/A,N/A,N/A,N/A,N/A,N/A,N/A,N/A,N/A,N/A,N/A,N/A,N/A,N/A,N/A,N/A,N/A,N/A,N/A,N/A,N/A
Josef Kolářík,19,1168934400,2007/01/16,First League,2026/2027,Forward,Mladá Boleslav,329,122,207,Czechia,7,3,4,1,1,0,1,0,1,0,0,2,2,0,5,1,4,0,0,0.55,0.27,0.27,0.74,0,329,1.37,66,47,0,329,0,41,32,-1,7,0,6.70,0.14,85,27.67,15.17,34,91,11.67,70,41,21.28,35,0.00,0.00,0.50,3,0.00,0.00,0.61,0.33,2,0.00,0.67,0.00,0.00,0.00,0.00,0.83,0.67,5.00,1.52,0.33,1.83,0.00,0.50,0.18,0.00,0.33,0.00,0.00,0,0,,5,0.83,67,3,0.91,88,2,0.61,44,2,4,2,21,0.00,99,0,0,0.00,20,0,40,0.00,20,0,0.00,99,0,0.00,0,0,0.00,0,0.91,57,11,3.34,93,5,1.52,45.45,0,0.00,0,0,0,0.00,0,4,0.00,47,1.22,42,N/A,N/A,N/A,N/A,0.00,0,0.00,0,1.07,0.00,0,76.92,60.00,91,70,0.17,0.30,1,94,54,0,0,0,0.00,0.00,0,45,40.21,0.50,0.91,3,0,0.00,0.00,99,0.00,0,0,0,0.00,0.00,0,0.00,0.00,0.00,0.00,0,0,20.00,83,30,89,84,47,0.87,83,0.14,0.26,1.07,83,0.18,0.33,71,5,0.83,1.52,0.30,0.17,12,1,0.33,82,38,33,88,0,66,40,0,0.00,99,2,0.00,0.61,10.03,5.50,33,14,47,65,4.26,2.33,42.42,4,1.22,23,0,0.00,0,0.00,99,0,0.00,0.00,40,8,97,86,0,0,0,0,0,87,78,77,94,0,99,65,44,44,0,0,49,49,0,0
Josef Koželuh,24,1013760000,2002/02/15,First League,2026/2027,Defender,Slovan Liberec,540,252,288,Czech Republic,7,3,4,0,0,0,0,0,0,0,0,3,1,2,3,2,1,1,0,0,0,0,0,0,0,0.5,180,77,540,0,0.17,131,131,7,18,0,6.88,0,69,33.00,28.29,51,198,20.43,143,24,23.83,47,0.00,0.00,0.57,4,0.00,3.29,2.67,2.29,16,0.00,0.43,0.00,0.00,0.00,0.57,1.29,0.43,0.00,2.00,1.43,2.29,0.00,0.29,0.09,0.00,1.29,0.00,0.00,0,0,,12,1.71,77,2,0.33,58,10,1.67,86,3,0,7,90,0.00,99,0,4,0.67,49,23,56,3.83,84,0,0.00,99,0,0.00,0,0,0.00,0,0.67,46,16,2.67,86,9,1.50,56.25,0,0.00,0,0,0,0.00,0,3,0.00,95,0.50,5,N/A,N/A,N/A,N/A,0.00,0,0.00,0,0.66,0.00,0,72.22,16.67,43,20,0.86,1.00,6,93,69,0,0,0,0.00,0.00,0,45,48.18,1.71,2.00,12,0,0.00,0.00,99,0.00,0,0,0,0.00,0.00,0,0.00,0.00,0.00,0.00,0,0,0.00,62,70,89,61,95,0.50,38,0.07,0.08,0.66,53,0.09,0.11,70,9,1.29,1.50,1.67,1.43,70,10,0.11,52,64,65,88,0,66,70,0,0.00,99,9,0.00,1.50,12.17,10.43,73,43,97,86,7.17,6.14,58.90,3,0.50,53,0,21.74,0,0.00,99,5,0.71,0.83,80,99,47,95,0,0,0,0,0,48,61,77,75,0,99,87,90,56,1,14,66,18,0,0
Josef Švanda,24,1007366400,2001/12/03,First League,2026/2027,Defender,Teplice,261,83,178,Czech Republic,6,3,3,0,0,0,0,0,0,0,0,2,1,1,4,2,2,0,0,0,0,0,0,0,0,1.38,65,44,0,0,0,-1,-1,-1,23,0,6.75,0,69,42.41,20.50,79,123,18.17,109,90,37.59,81,0.00,0.00,0.83,5,0.00,1.33,2.07,1.00,6,0.00,0.00,0.00,0.00,0.00,1.17,0.33,0.67,0.00,0.69,0.17,0.67,0.00,0.17,0.03,0.00,0.17,0.00,0.00,0,0,,2,0.33,36,1,0.34,58,1,0.34,30,0,5,1,79,0.00,99,0,7,2.41,99,8,44,2.76,75,0,0.00,99,0,0.00,0,0,0.00,0,1.72,86,4,1.38,63,2,0.69,50.00,0,0.00,0,0,0,0.00,0,4,0.00,46,1.38,48,N/A,N/A,N/A,N/A,0.00,0,0.00,0,0.18,0.00,0,88.62,50.00,87,33,0.33,0.69,2,68,66,0,0,0,0.17,0.34,1,67,40.51,1.17,2.41,7,0,0.00,0.00,99,0.00,0,0,0,0.00,0.00,0,0.00,0.00,0.00,0.00,0,0,0.00,62,13,48,61,46,0.39,62,0.07,0.13,0.18,40,0.03,0.06,47,3,0.50,1.03,2.41,1.17,91,7,0.06,39,45,73,88,0,66,22,0,0.00,99,1,0.00,0.34,8.28,4.00,24,11,38,39,3.79,1.83,45.83,0,0.00,99,0,12.50,0,0.00,99,1,0.17,0.34,58,3,99,23,0,0,0,0,0,48,61,77,75,0,99,73,44,44,0,0,49,3,0,0
Josimar Alcócer,22,1089183600,2004/07/07,First League,2026/2027,Forward,Sparta Praha,481,233,248,Costa Rica,7,3,4,3,2,1,1,1,0,0,0,1,0,1,8,4,4,3,0,0.75,0.19,0.56,0.77,0.36,160,1.5,60,69,160,481,0.56,13,48,-1,1,0,6.95,0.14,77,26.76,20.43,31,143,16.86,118,63,22.08,38,0.00,0.00,0.86,6,0.00,2.71,1.31,1.00,7,0.00,0.57,0.00,0.00,0.00,0.00,1.43,1.14,3.67,2.06,0.86,3.57,0.00,0.71,0.39,0.00,0.43,0.00,0.00,0,0,,11,1.57,79,5,0.94,90,6,1.12,70,2,1,6,50,0.00,99,0,0,0.00,20,19,65,3.56,81,0,0.00,99,0,0.00,0,0,0.00,0,1.12,67,25,4.68,99,10,1.87,40.00,0,0.00,0,0,0,0.00,0,8,0.00,42,1.50,52,N/A,N/A,N/A,N/A,0.00,0,0.00,0,2.70,0.00,0,82.52,45.45,76,30,0.57,0.75,4,97,51,0,0,0,0.00,0.00,0,45,48.67,0.71,0.94,5,0,0.00,0.00,99,0.00,0,0,0,0.00,0.00,0,0.00,0.00,0.56,0.43,3,0,27.27,89,59,89,67,43,1.05,74,0.15,0.20,2.70,95,0.39,0.51,52,6,0.86,1.12,2.25,1.71,87,12,0.51,94,73,34,88,0,92,35,0,0.00,99,3,0.00,0.56,12.35,9.43,66,26,59,89,4.86,3.71,39.39,4,0.75,40,0,26.32,0,0.00,99,5,0.71,0.94,82,78,70,86,0,1,0,14,0,91,95,86,95,0,99,31,50,95,3,43,98,7,0,0
Juraj Chvátal,30,837241200,1996/07/13,First League,2026/2027,Defender,Hradec Králové,0,0,0,Slovakia,0,0,0,0,0,0,0,0,0,0,0,0,0,0,0,0,0,0,0,0,0,0,0,0,0,0,0,0,0,0,0,-1,-1,-1,-1,N/A,N/A,N/A,N/A,N/A,N/A,N/A,N/A,N/A,N/A,N/A,N/A,N/A,N/A,N/A,N/A,N/A,N/A,N/A,N/A,N/A,N/A,N/A,N/A,N/A,N/A,N/A,N/A,N/A,N/A,N/A,N/A,N/A,N/A,N/A,N/A,N/A,N/A,N/A,N/A,N/A,N/A,N/A,N/A,N/A,N/A,N/A,N/A,N/A,N/A,N/A,N/A,N/A,N/A,N/A,N/A,N/A,N/A,N/A,N/A,N/A,N/A,N/A,N/A,N/A,N/A,N/A,N/A,N/A,N/A,N/A,N/A,N/A,N/A,N/A,N/A,N/A,N/A,N/A,N/A,N/A,N/A,N/A,N/A,N/A,N/A,N/A,N/A,N/A,N/A,N/A,N/A,N/A,N/A,N/A,N/A,N/A,N/A,N/A,N/A,N/A,N/A,N/A,N/A,N/A,N/A,N/A,N/A,N/A,N/A,N/A,N/A,N/A,N/A,N/A,N/A,N/A,N/A,N/A,N/A,N/A,N/A,N/A,N/A,N/A,N/A,N/A,N/A,N/A,N/A,N/A,N/A,N/A,N/A,N/A,N/A,N/A,N/A,N/A,N/A,N/A,N/A,N/A,N/A,N/A,N/A,N/A,N/A,N/A,N/A,N/A,N/A,N/A,N/A,N/A,N/A,N/A,N/A,N/A,N/A,N/A,N/A,N/A,N/A,N/A,N/A,N/A,N/A,N/A,N/A,N/A,N/A,N/A,N/A,N/A,N/A,N/A,N/A,N/A,N/A,N/A,N/A,N/A,N/A,N/A,N/A,N/A,N/A,N/A,N/A,N/A,N/A,N/A,N/A,N/A,N/A,N/A,N/A,N/A,N/A,N/A,N/A,N/A,N/A,N/A,N/A,N/A,N/A,N/A,N/A,N/A,N/A,N/A,N/A,N/A,N/A,N/A,N/A,N/A,N/A,N/A,N/A,N/A,N/A
Kahuan Vinícius Guimaraes da Silva,22,1079337600,2004/03/15,First League,2026/2027,Forward,Pardubice,121,45,76,Brazil,5,2,3,0,0,0,0,0,0,0,0,1,0,1,2,2,0,2,0,0,0,0,0,0,0,1.49,61,24,61,0,1.49,-1,-1,-1,7,0,6.49,0,69,20.08,5.40,17,27,4.80,24,90,17.85,24,0.00,0.00,0.20,1,0.00,0.20,0.74,0.20,1,0.00,0.20,0.00,0.00,0.00,0.40,0.20,0.40,0.00,1.49,0.40,0.20,0.00,0.00,0.02,0.00,0.20,0.00,0.00,0,0,,2,0.40,64,0,0.00,32,2,1.49,82,0,5,0,25,0.00,99,0,2,1.49,88,1,40,0.74,43,0,0.00,99,0,0.00,0,0,0.00,0,0.74,50,1,0.74,41,1,0.74,100.00,0,0.00,0,0,0,0.00,0,2,0.00,42,1.49,51,N/A,N/A,N/A,N/A,0.00,0,0.00,0,0.11,0.00,0,88.89,0.00,32,30,0.20,0.74,1,72,99,0,0,0,0.00,0.00,0,45,32.44,0.00,0.00,0,0,0.00,0.00,99,0.00,0,0,0,0.00,0.00,0,0.00,0.00,0.00,0.00,0,0,0.00,62,0,24,61,43,0.09,32,0.02,0.07,0.11,46,0.02,0.08,88,3,0.60,2.23,7.44,2.00,99,10,0.08,45,13,3,88,0,66,43,0,0.00,99,1,0.00,0.74,14.88,4.00,20,6,50,97,4.46,1.20,30.00,1,0.74,40,0,0.00,0,0.00,99,0,0.00,0.00,40,0,99,23,0,0,0,0,0,48,61,77,75,0,99,42,44,99,2,40,97,99,0,0
Karel Pojezný,24,1001228400,2001/09/23,First League,2026/2027,Defender,Líšeň,136,46,90,Czech Republic,2,1,1,0,0,0,0,0,0,0,0,0,0,0,4,3,1,0,0,0,0,0,0,0,0,2.65,34,68,0,0,0,-1,-1,-1,7,0,6.40,0,69,39.71,30.00,72,60,24.50,49,60,32.43,72,0.00,0.00,0.00,0,0.00,0.00,1.99,1.50,3,0.00,0.50,0.00,0.00,0.00,1.00,0.00,2.00,0.00,0.00,0.00,0.00,0.00,0.00,0.00,0.00,1.50,0.00,0.00,0,0,,0,0.00,13,0,0.00,32,0,0.00,17,1,0,2,76,0.00,99,0,2,1.32,84,0,40,0.00,20,0,0.00,99,0,0.00,0,0,0.00,0,0.00,14,0,0.00,12,0,0.00,0.00,0,0.00,0,0,0,0.00,0,4,0.00,2,2.65,90,N/A,N/A,N/A,N/A,0.00,0,0.00,0,0.00,0.00,0,81.67,0.00,32,99,0.00,0.00,0,23,23,0,0,0,0.50,0.66,1,85,12.81,4.50,5.96,9,0,0.00,0.00,99,0.00,0,0,0,0.00,0.00,0,0.00,0.00,0.00,0.00,0,0,0.00,62,0,0,61,2,0.12,38,0.06,0.08,0.00,13,0.00,0.00,4,0,0.00,0.00,1.32,1.00,57,2,0.00,13,7,94,88,0,66,81,0,0.00,99,3,0.00,1.99,7.94,6.00,12,6,40,34,3.97,3.00,50.00,1,0.66,45,0,0.00,0,0.00,99,0,0.00,0.00,40,8,47,62,0,0,0,0,0,48,61,77,75,0,99,18,44,44,0,0,49,34,0,0
Karel Spáčil,23,1053241200,2003/05/18,First League,2026/2027,Defender,Viktoria Plzeň,285,195,90,Czechia,4,3,1,0,0,0,0,0,0,0,0,0,0,0,8,3,5,0,0,0,0,0,0,0,0,2.53,36,71,0,0,0,141,124,85,22,0,6.56,0,69,57.79,45.75,94,183,39.00,156,74,49.26,93,0.00,0.00,0.50,2,0.00,0.25,0.95,0.75,3,0.00,0.00,0.00,0.00,0.00,1.00,0.25,2.00,0.00,0.63,0.25,0.50,0.00,0.25,0.04,0.00,1.50,0.00,0.00,0,0,,2,0.50,33,1,0.32,57,1,0.32,29,1,0,4,33,0.00,99,0,4,1.26,82,1,99,0.32,30,0,0.00,99,0,0.00,0,0,0.00,0,0.63,42,2,0.63,36,1,0.32,50.00,0,0.00,0,0,0,0.00,0,8,0.00,4,2.53,89,N/A,N/A,N/A,N/A,0.00,0,0.00,0,0.16,0.00,0,85.25,50.00,87,37,0.50,0.63,2,44,66,0,0,0,0.00,0.00,0,45,26.25,3.75,4.74,15,0,0.00,0.00,99,0.00,0,0,0,0.00,0.00,0,0.00,0.00,0.00,0.00,0,0,0.00,62,19,12,61,6,0.42,62,0.10,0.13,0.16,36,0.04,0.05,26,2,0.50,0.63,0.95,0.75,38,3,0.05,35,20,86,88,0,66,79,0,0.00,99,6,0.00,1.89,6.00,4.75,19,12,38,14,3.79,3.00,63.16,0,0.00,99,0,100.00,0,0.00,99,1,0.25,0.32,57,41,47,62,0,0,0,0,0,48,61,77,75,0,99,18,44,44,0,0,49,5,0,0
Kauan Carneiro da Silva,21,1097910000,2004/10/16,First League,2026/2027,Defender,Zbrojovka Brno,720,450,270,Bahrain,8,5,3,0,0,0,0,0,0,0,0,2,1,1,10,5,5,0,0,0,0,0,0,0,0,1.25,72,90,0,0,0,187,191,42,15,0,7.04,0,69,47.00,47.00,83,329,37.71,264,56,37.71,81,0.00,0.00,0.29,2,0.00,0.43,1.43,1.43,10,0.00,0.00,0.00,0.00,0.00,1.29,0.29,1.29,0.00,0.57,0.43,0.71,0.00,0.14,0.05,0.00,3.57,0.00,0.00,0,0,,4,0.57,31,1,0.14,32,3,0.43,34,0,0,7,57,0.00,99,0,9,1.29,83,3,80,0.43,34,0,0.00,99,0,0.00,0,0,0.00,0,0.29,20,5,0.71,40,2,0.29,40.00,0,0.00,0,0,0,0.00,0,9,0.00,54,1.29,45,N/A,N/A,N/A,N/A,0.00,0,0.00,0,0.32,0.00,0,80.24,25.00,53,85,0.14,0.14,1,40,51,0,0,0,1.00,1.00,7,97,49.26,6.86,6.86,48,0,0.00,0.00,99,0.00,0,0,0,0.00,0.00,0,0.00,0.00,0.00,0.00,0,0,0.00,62,99,99,61,54,0.60,46,0.09,0.09,0.32,36,0.05,0.05,17,3,0.43,0.43,1.29,1.29,55,9,0.05,35,85,97,88,0,66,96,0,0.00,99,25,0.00,3.57,9.43,9.43,66,40,77,55,5.71,5.71,60.61,0,0.00,99,0,33.33,0,0.00,99,1,0.14,0.14,42,99,47,23,0,0,0,0,0,48,61,77,75,0,99,48,44,44,0,0,49,3,0,0
Ki-Jana Hoever,24,1011340800,2002/01/18,First League,2026/2027,Defender,Sparta Praha,83,0,83,Netherlands,1,0,1,0,0,0,0,0,0,0,0,0,0,0,2,0,2,1,0,0,0,0,0,0,0,2.17,42,83,83,0,1.08,-1,-1,-1,24,0,6.60,0,69,52.05,48.00,88,48,40.00,40,67,43.37,86,0.00,0.00,0.00,0,0.00,4.00,1.08,1.00,1,0.00,0.00,0.00,0.00,0.00,0.00,1.00,2.00,0.00,2.17,1.00,1.00,0.00,1.00,0.21,0.00,1.00,0.00,0.00,0,0,,2,2.00,80,1,1.08,95,1,1.08,69,2,0,1,41,0.00,99,0,0,0.00,20,4,63,4.34,89,0,0.00,99,0,0.00,0,0,0.00,0,0.00,14,1,1.08,55,1,1.08,100.00,0,0.00,0,0,0,0.00,0,2,0.00,13,2.17,79,N/A,N/A,N/A,N/A,0.00,0,0.00,0,0.21,0.00,0,83.33,50.00,87,99,0.00,0.00,0,85,99,0,0,0,1.00,1.08,1,98,6.60,1.00,1.08,1,0,0.00,0.00,99,0.00,0,0,0,0.00,0.00,0,0.00,0.00,0.00,0.00,0,0,0.00,62,0,0,61,15,0.08,46,0.08,0.09,0.21,71,0.21,0.23,50,1,1.00,1.08,2.17,2.00,85,2,0.23,70,27,40,88,0,66,57,0,0.00,99,1,0.00,1.08,9.76,9.00,9,4,49,61,4.34,4.00,44.44,0,0.00,99,0,25.00,0,0.00,99,1,1.00,1.08,84,3,47,86,0,0,0,0,0,48,61,77,75,0,99,18,45,99,1,100,99,25,0,0
Klemen Mihelak,24,1009785600,2001/12/31,First League,2026/2027,Goalkeeper,Jablonec,491,221,270,Slovenia,6,3,3,0,0,0,0,0,0,0,0,3,2,1,4,1,3,0,0,0,0,0,0,0,0,0.73,123,82,0,0,0,178,68,18,24,0,6.88,0,69,27.86,25.33,35,152,17.17,103,14,18.88,27,0.00,0.00,0.00,0,0.00,0.00,0.00,0.00,0,0.00,0.00,0.00,0.00,2.00,0.00,0.00,2.67,0.00,0.00,0.00,0.00,0.00,0.00,0.00,0.00,0.50,0.00,0.00,0,0,,0,0.00,13,0,0.00,32,0,0.00,17,1,0,6,7,0.00,99,0,0,0.00,20,0,40,0.00,20,0,0.00,99,0,0.00,0,0,0.00,0,0.00,14,0,0.00,12,0,0.00,0.00,0,0.00,0,12,83,2.20,39,16,0.00,84,2.93,93,N/A,N/A,N/A,N/A,75.00,0,0.00,0,0.00,0.00,0,67.76,0.00,32,80,0.17,0.18,1,23,23,0,0,4,0.00,0.00,0,45,41.27,0.83,0.92,5,0,0.00,0.00,99,0.00,0,0,0,0.00,0.00,3,0.50,0.55,0.00,0.00,0,0,0.00,62,61,48,61,85,0.23,8,0.04,0.04,0.00,13,0.00,0.00,4,0,0.00,0.00,0.00,0.00,7,0,0.00,13,64,33,88,62,66,34,0,0.00,99,3,0.00,0.55,0.73,0.67,4,3,4,5,0.55,0.50,75.00,0,0.00,99,0,0.00,0,0.00,99,0,0.00,0.00,40,78,47,62,0,0,0,0,0,48,61,77,75,0,99,95,44,44,0,0,49,99,0,0
Krisztián Hegyi,23,1032850800,2002/09/24,First League,2026/2027,Goalkeeper,Sparta Praha,0,0,0,Hungary,0,0,0,0,0,0,0,0,0,0,0,0,0,0,0,0,0,0,0,0,0,0,0,0,0,0,0,0,0,0,0,-1,-1,-1,-1,N/A,N/A,N/A,N/A,N/A,N/A,N/A,N/A,N/A,N/A,N/A,N/A,N/A,N/A,N/A,N/A,N/A,N/A,N/A,N/A,N/A,N/A,N/A,N/A,N/A,N/A,N/A,N/A,N/A,N/A,N/A,N/A,N/A,N/A,N/A,N/A,N/A,N/A,N/A,N/A,N/A,N/A,N/A,N/A,N/A,N/A,N/A,N/A,N/A,N/A,N/A,N/A,N/A,N/A,N/A,N/A,N/A,N/A,N/A,N/A,N/A,N/A,N/A,N/A,N/A,N/A,N/A,N/A,N/A,N/A,N/A,N/A,N/A,N/A,N/A,N/A,N/A,N/A,N/A,N/A,N/A,N/A,N/A,N/A,N/A,N/A,N/A,N/A,N/A,N/A,N/A,N/A,N/A,N/A,N/A,N/A,N/A,N/A,N/A,N/A,N/A,N/A,N/A,N/A,N/A,N/A,N/A,N/A,N/A,N/A,N/A,N/A,N/A,N/A,N/A,N/A,N/A,N/A,N/A,N/A,N/A,N/A,N/A,N/A,N/A,N/A,N/A,N/A,N/A,N/A,N/A,N/A,N/A,N/A,N/A,N/A,N/A,N/A,N/A,N/A,N/A,N/A,N/A,N/A,N/A,N/A,N/A,N/A,N/A,N/A,N/A,N/A,N/A,N/A,N/A,N/A,N/A,N/A,N/A,N/A,N/A,N/A,N/A,N/A,N/A,N/A,N/A,N/A,N/A,N/A,N/A,N/A,N/A,N/A,N/A,N/A,N/A,N/A,N/A,N/A,N/A,N/A,N/A,N/A,N/A,N/A,N/A,N/A,N/A,N/A,N/A,N/A,N/A,N/A,N/A,N/A,N/A,N/A,N/A,N/A,N/A,N/A,N/A,N/A,N/A,N/A,N/A,N/A,N/A,N/A,N/A,N/A,N/A,N/A,N/A,N/A,N/A,N/A,N/A,N/A,N/A,N/A,N/A,N/A
Kryštof Lichtenberg,23,1038643200,2002/11/30,First League,2026/2027,Goalkeeper,Teplice,0,0,0,Czech Republic,0,0,0,0,0,0,0,0,0,0,0,0,0,0,0,0,0,0,0,0,0,0,0,0,0,0,0,0,0,0,0,-1,-1,-1,-1,N/A,N/A,N/A,N/A,N/A,N/A,N/A,N/A,N/A,N/A,N/A,N/A,N/A,N/A,N/A,N/A,N/A,N/A,N/A,N/A,N/A,N/A,N/A,N/A,N/A,N/A,N/A,N/A,N/A,N/A,N/A,N/A,N/A,N/A,N/A,N/A,N/A,N/A,N/A,N/A,N/A,N/A,N/A,N/A,N/A,N/A,N/A,N/A,N/A,N/A,N/A,N/A,N/A,N/A,N/A,N/A,N/A,N/A,N/A,N/A,N/A,N/A,N/A,N/A,N/A,N/A,N/A,N/A,N/A,N/A,N/A,N/A,N/A,N/A,N/A,N/A,N/A,N/A,N/A,N/A,N/A,N/A,N/A,N/A,N/A,N/A,N/A,N/A,N/A,N/A,N/A,N/A,N/A,N/A,N/A,N/A,N/A,N/A,N/A,N/A,N/A,N/A,N/A,N/A,N/A,N/A,N/A,N/A,N/A,N/A,N/A,N/A,N/A,N/A,N/A,N/A,N/A,N/A,N/A,N/A,N/A,N/A,N/A,N/A,N/A,N/A,N/A,N/A,N/A,N/A,N/A,N/A,N/A,N/A,N/A,N/A,N/A,N/A,N/A,N/A,N/A,N/A,N/A,N/A,N/A,N/A,N/A,N/A,N/A,N/A,N/A,N/A,N/A,N/A,N/A,N/A,N/A,N/A,N/A,N/A,N/A,N/A,N/A,N/A,N/A,N/A,N/A,N/A,N/A,N/A,N/A,N/A,N/A,N/A,N/A,N/A,N/A,N/A,N/A,N/A,N/A,N/A,N/A,N/A,N/A,N/A,N/A,N/A,N/A,N/A,N/A,N/A,N/A,N/A,N/A,N/A,N/A,N/A,N/A,N/A,N/A,N/A,N/A,N/A,N/A,N/A,N/A,N/A,N/A,N/A,N/A,N/A,N/A,N/A,N/A,N/A,N/A,N/A,N/A,N/A,N/A,N/A,N/A,N/A
Ladislav Almási,27,920707200,1999/03/06,First League,2026/2027,Forward,Bohemians 1905,590,257,333,Slovakia,7,3,4,3,1,2,0,0,0,0,0,3,2,1,8,1,7,2,0,0.46,0,0.46,0.35,0.54,197,1.22,74,84,295,0,0.31,18,187,-1,1,0,6.89,0,69,13.76,13.00,4,78,6.00,36,0,6.35,1,0.00,0.00,0.17,1,0.00,0.00,0.00,0.00,0,0.00,1.17,0.00,0.00,0.00,0.00,0.33,1.33,7.50,2.65,1.67,1.00,0.00,0.83,0.39,0.00,4.00,0.00,0.00,0,0,,15,2.50,91,5,0.88,87,10,1.76,89,1,0,6,7,0.00,99,0,0,0.00,20,0,40,0.00,20,0,0.00,99,0,0.00,0,0,0.00,0,0.18,16,6,1.06,54,2,0.35,33.33,0,0.00,0,0,0,0.00,0,8,0.00,55,1.41,48,N/A,N/A,N/A,N/A,0.00,0,0.00,0,2.31,0.00,0,46.15,33.33,68,80,0.17,0.18,1,48,45,0,0,0,0.33,0.35,2,68,41.35,1.17,1.24,7,0,0.00,0.00,99,0.00,0,0,0,0.00,0.00,0,0.00,0.00,0.00,0.00,0,0,13.33,70,79,89,70,56,0.13,2,0.02,0.02,2.31,92,0.39,0.41,64,8,1.33,1.41,2.12,2.00,84,12,0.41,91,66,46,88,0,66,99,0,0.00,99,24,0.00,4.24,13.59,12.83,77,33,79,94,5.82,5.50,42.86,7,1.24,22,0,0.00,0,0.00,99,0,0.00,0.00,40,78,47,62,0,0,0,0,0,82,92,92,81,0,99,87,71,75,2,29,93,99,0,0
Ladislav Krejčí,34,710319600,1992/07/05,First League,2026/2027,Midfielder,Teplice,122,78,44,Czech Republic,2,1,1,0,0,0,0,0,0,0,0,0,0,0,2,1,1,0,0,0,0,0,0,0,0,1.48,61,61,0,0,0,-1,-1,-1,22,0,6.59,0,69,26.56,18.00,31,36,15.00,30,67,22.13,38,0.00,0.00,0.00,0,0.00,2.50,2.21,1.50,3,0.00,0.50,0.00,0.00,0.00,0.00,0.50,1.00,0.00,1.48,0.50,0.50,0.00,0.50,0.10,0.00,0.50,0.00,0.00,0,0,,2,1.00,64,1,0.74,82,1,0.74,51,2,1,1,83,0.00,99,0,0,0.00,20,5,54,3.69,82,0,0.00,99,0,0.00,0,0,0.00,0,0.00,14,1,0.74,41,1,0.74,100.00,0,0.00,0,0,0,0.00,0,2,0.00,43,1.48,50,N/A,N/A,N/A,N/A,0.00,0,0.00,0,0.19,0.00,0,83.33,50.00,87,99,0.00,0.00,0,72,99,0,0,0,0.00,0.00,0,45,13.17,1.50,2.21,3,0,0.00,0.00,99,0.00,0,0,1,0.50,0.74,0,0.00,0.00,0.00,0.00,0,0,0.00,62,0,0,61,43,0.05,8,0.03,0.04,0.19,58,0.10,0.14,32,1,0.50,0.74,2.95,2.00,94,4,0.14,57,26,69,99,0,66,43,0,0.00,99,1,0.00,0.74,8.11,5.50,11,6,50,36,4.43,3.00,54.55,1,0.74,40,0,20.00,0,0.00,99,1,0.50,0.74,77,3,70,86,0,0,0,0,0,48,61,77,75,0,99,18,44,44,0,0,49,14,0,0
Ladislav Krobot,25,986112000,2001/04/01,First League,2026/2027,Forward,Bohemians 1905,49,22,27,Czech Republic,5,2,3,0,0,0,0,0,0,0,0,2,1,1,1,0,1,0,0,0,0,0,0,0,0,1.84,49,10,0,0,0,-1,-1,-1,9,0,3.30,0,69,36.56,3.25,60,13,3.00,12,98,33.75,74,0.00,0.00,0.50,2,0.00,0.25,0.00,0.00,0,0.00,0.00,0.00,0.00,0.00,0.00,0.00,0.25,0.00,2.81,0.25,0.25,0.00,0.00,0.01,0.00,0.50,0.00,0.00,0,0,,1,0.25,94,0,0.00,32,1,2.81,98,0,4,0,7,0.00,99,0,0,0.00,20,1,40,2.81,75,0,0.00,99,0,0.00,0,0,0.00,0,5.62,99,1,2.81,88,0,0.00,0.00,0,0.00,0,0,0,0.00,0,1,0.00,25,2.81,91,N/A,N/A,N/A,N/A,0.00,0,0.00,0,0.04,0.00,0,92.31,0.00,32,99,0.00,0.00,0,23,23,0,0,0,0.00,0.00,0,45,13.19,0.00,0.00,0,0,0.00,0.00,99,0.00,0,0,0,0.00,0.00,0,0.00,0.00,0.00,0.00,0,0,0.00,62,0,24,61,27,0.09,82,0.02,0.25,0.04,53,0.01,0.11,4,0,0.00,0.00,2.81,0.25,93,1,0.11,52,0,3,88,0,66,99,0,0.00,99,2,0.00,5.62,19.69,1.75,7,2,76,99,5.62,0.50,28.57,0,0.00,99,0,0.00,0,0.00,99,0,0.00,0.00,40,0,97,23,0,0,0,0,0,48,61,77,75,0,99,76,44,44,0,0,49,9,0,0
Ladislav Takács,30,837414000,1996/07/15,First League,2026/2027,Midfielder,Teplice,35,12,23,Czech Republic,3,1,2,0,0,0,0,0,0,0,0,1,0,1,1,0,1,1,1,0,0,0,0,0,0,2.57,35,12,18,0,5.14,-1,-1,-1,12,0,3.46,0,69,32.73,4.00,50,12,2.67,8,13,21.82,37,0.00,0.00,0.00,0,0.00,0.00,0.00,0.00,0,0.00,0.00,0.00,0.00,0.00,0.00,0.00,0.33,0.00,2.73,0.33,0.00,0.00,0.00,0.02,0.00,0.33,0.00,0.00,0,0,,1,0.33,93,0,0.00,32,1,2.73,98,0,3,0,7,0.00,99,0,0,0.00,20,0,40,0.00,20,0,0.00,99,0,0.00,0,0,0.00,0,0.00,14,0,0.00,12,0,0.00,0.00,0,0.00,0,0,0,0.00,0,1,0.00,3,2.73,90,N/A,N/A,N/A,N/A,0.00,0,0.00,0,0.05,0.00,0,66.67,0.00,32,0,0.33,2.73,1,23,23,0,0,0,0.00,0.00,0,45,10.37,0.67,5.45,2,0,0.00,0.00,99,0.00,0,0,0,0.00,0.00,0,0.00,0.00,0.00,0.00,0,0,0.00,62,0,3,61,3,0.02,17,0.01,0.05,0.05,58,0.02,0.14,94,1,0.33,2.73,2.73,0.33,93,1,0.14,57,0,90,88,0,66,88,0,0.00,99,1,0.00,2.73,13.64,1.67,5,2,70,94,5.45,0.67,40.00,0,0.00,99,0,0.00,0,0.00,99,0,0.00,0.00,40,0,91,23,0,0,0,0,0,48,61,77,75,0,99,73,44,99,0,0,49,22,0,0
Lamin Jawo,31,795254400,1995/03/15,First League,2026/2027,Forward,Jablonec,357,221,136,Gambia,7,4,3,0,0,0,0,0,0,0,0,3,2,1,4,3,1,2,0,0,0,0,0,0,0,1.01,89,51,179,0,0.5,177,119,-1,17,0,6.55,0,69,17.90,10.14,14,71,6.71,47,11,11.85,11,0.00,0.00,0.43,3,0.00,1.00,0.50,0.29,2,0.00,0.57,0.00,0.00,0.00,0.00,0.57,0.57,0.00,3.53,1.71,1.14,0.00,0.29,0.12,0.00,1.57,0.00,0.00,0,0,,14,2.00,98,2,0.50,73,12,3.03,99,1,4,3,17,0.00,99,0,0,0.00,20,7,40,1.76,63,0,0.00,99,0,0.00,0,0,0.00,0,0.76,51,8,2.02,78,4,1.01,50.00,0,0.00,0,0,0,0.00,0,4,0.00,69,1.01,33,N/A,N/A,N/A,N/A,0.00,0,0.00,0,0.85,0.00,0,66.20,14.29,37,47,0.29,0.50,2,83,66,0,0,0,0.00,0.00,0,45,45.82,0.71,1.26,5,1,0.00,0.25,1,0.14,0,0,0,0.00,0.00,0,0.00,0.00,0.76,0.43,3,0,0.00,62,35,89,61,69,0.19,17,0.03,0.05,0.85,69,0.12,0.21,84,8,1.14,2.02,3.28,1.86,99,13,0.21,68,19,47,88,0,96,89,0,0.00,99,11,0.00,2.77,15.38,8.71,61,24,85,99,6.05,3.43,39.34,4,1.01,29,0,0.00,0,0.00,99,0,0.00,0.00,40,26,97,62,0,0,0,0,0,48,61,77,75,0,99,87,53,91,2,29,93,44,0,0
Leo's Prior,21,1104825600,2005/01/04,First League,2026/2027,Defender,Slovácko,0,0,0,Czech Republic,0,0,0,0,0,0,0,0,0,0,0,0,0,0,0,0,0,0,0,0,0,0,0,0,0,0,0,0,0,0,0,-1,-1,-1,-1,N/A,N/A,N/A,N/A,N/A,N/A,N/A,N/A,N/A,N/A,N/A,N/A,N/A,N/A,N/A,N/A,N/A,N/A,N/A,N/A,N/A,N/A,N/A,N/A,N/A,N/A,N/A,N/A,N/A,N/A,N/A,N/A,N/A,N/A,N/A,N/A,N/A,N/A,N/A,N/A,N/A,N/A,N/A,N/A,N/A,N/A,N/A,N/A,N/A,N/A,N/A,N/A,N/A,N/A,N/A,N/A,N/A,N/A,N/A,N/A,N/A,N/A,N/A,N/A,N/A,N/A,N/A,N/A,N/A,N/A,N/A,N/A,N/A,N/A,N/A,N/A,N/A,N/A,N/A,N/A,N/A,N/A,N/A,N/A,N/A,N/A,N/A,N/A,N/A,N/A,N/A,N/A,N/A,N/A,N/A,N/A,N/A,N/A,N/A,N/A,N/A,N/A,N/A,N/A,N/A,N/A,N/A,N/A,N/A,N/A,N/A,N/A,N/A,N/A,N/A,N/A,N/A,N/A,N/A,N/A,N/A,N/A,N/A,N/A,N/A,N/A,N/A,N/A,N/A,N/A,N/A,N/A,N/A,N/A,N/A,N/A,N/A,N/A,N/A,N/A,N/A,N/A,N/A,N/A,N/A,N/A,N/A,N/A,N/A,N/A,N/A,N/A,N/A,N/A,N/A,N/A,N/A,N/A,N/A,N/A,N/A,N/A,N/A,N/A,N/A,N/A,N/A,N/A,N/A,N/A,N/A,N/A,N/A,N/A,N/A,N/A,N/A,N/A,N/A,N/A,N/A,N/A,N/A,N/A,N/A,N/A,N/A,N/A,N/A,N/A,N/A,N/A,N/A,N/A,N/A,N/A,N/A,N/A,N/A,N/A,N/A,N/A,N/A,N/A,N/A,N/A,N/A,N/A,N/A,N/A,N/A,N/A,N/A,N/A,N/A,N/A,N/A,N/A,N/A,N/A,N/A,N/A,N/A,N/A
Loïc Mbe Soh,25,992415600,2001/06/13,First League,2026/2027,Defender,Sparta Praha,173,90,83,France,2,1,1,0,0,0,0,0,0,0,0,0,0,0,4,2,2,0,0,0,0,0,0,0,0,2.08,43,87,0,0,0,-1,-1,-1,10,0,7.08,0,69,79.08,76.00,99,152,70.00,140,98,72.83,99,0.00,0.00,0.50,1,0.00,0.00,2.60,2.50,5,0.00,0.00,0.00,0.00,0.00,0.50,0.00,2.50,0.00,1.56,1.50,0.00,0.00,0.00,0.07,0.00,2.00,0.00,0.00,0,0,,3,1.50,67,0,0.00,32,3,1.56,83,1,0,2,89,0.00,99,0,1,0.52,40,0,40,0.00,20,0,0.00,99,0,0.00,0,0,0.00,0,0.52,36,0,0.00,12,0,0.00,0.00,0,0.00,0,0,0,0.00,0,5,0.00,15,2.60,90,N/A,N/A,N/A,N/A,0.00,0,0.00,0,0.14,0.00,0,92.11,0.00,32,45,0.50,0.52,1,23,23,0,0,0,1.00,1.04,2,98,14.16,4.00,4.16,8,0,0.00,0.00,99,0.00,0,0,0,0.00,0.00,0,0.00,0.00,0.00,0.00,0,0,0.00,62,0,0,61,15,0.32,70,0.16,0.17,0.14,43,0.07,0.07,73,3,1.50,1.56,0.00,0.00,7,0,0.07,42,87,82,88,0,66,83,0,0.00,99,4,0.00,2.08,8.32,8.00,16,12,90,39,6.24,6.00,75.00,0,0.00,99,0,0.00,0,0.00,99,0,0.00,0.00,40,8,47,62,0,0,0,0,0,48,61,77,75,0,99,18,44,44,0,0,49,22,0,0
Louis Lurvink,24,1011859200,2002/01/24,First League,2026/2027,Defender,Sigma Olomouc,630,270,360,Switzerland,7,3,4,2,0,2,0,0,0,0,0,1,1,0,8,3,5,1,0,0.29,0,0.29,0,0.5,315,1.14,79,90,630,0,0.14,35,79,37,4,0,7.14,0,69,56.86,56.86,93,398,51.57,361,94,51.57,94,0.00,0.00,0.43,3,0.00,0.14,2.29,2.29,16,0.00,0.14,0.00,0.00,0.00,1.86,0.14,1.14,3.00,0.86,0.57,0.29,0.00,0.29,0.23,0.00,1.14,0.00,0.00,0,0,,6,0.86,44,2,0.29,53,4,0.57,42,0,0,7,84,0.00,99,0,13,1.86,97,1,40,0.14,21,0,0.00,99,0,0.00,0,0,0.00,0,0.43,30,2,0.29,20,1,0.14,50.00,0,0.00,0,0,0,0.00,0,8,0.00,61,1.14,38,N/A,N/A,N/A,N/A,0.00,0,0.00,0,1.63,0.00,0,90.70,33.33,68,43,0.57,0.57,4,27,66,0,0,0,0.14,0.14,1,46,50.00,4.43,4.43,31,0,0.00,0.00,99,0.00,0,0,0,0.00,0.00,0,0.00,0.00,0.00,0.00,0,0,33.33,93,94,89,82,61,0.80,57,0.11,0.11,1.63,71,0.23,0.23,53,8,1.14,1.14,1.14,1.14,47,8,0.23,70,91,85,88,0,66,60,0,0.00,99,8,0.00,1.14,8.86,8.86,62,32,51,47,4.57,4.57,51.61,1,0.14,82,0,0.00,0,0.00,99,0,0.00,0.00,40,99,47,23,0,0,0,0,0,67,81,91,75,0,99,31,99,49,1,14,66,3,0,0
Lucas Kubr,22,1077696000,2004/02/25,First League,2026/2027,Defender,Hradec Králové,0,0,0,Czech Republic,0,0,0,0,0,0,0,0,0,0,0,0,0,0,0,0,0,0,0,0,0,0,0,0,0,0,0,0,0,0,0,-1,-1,-1,-1,N/A,N/A,N/A,N/A,N/A,N/A,N/A,N/A,N/A,N/A,N/A,N/A,N/A,N/A,N/A,N/A,N/A,N/A,N/A,N/A,N/A,N/A,N/A,N/A,N/A,N/A,N/A,N/A,N/A,N/A,N/A,N/A,N/A,N/A,N/A,N/A,N/A,N/A,N/A,N/A,N/A,N/A,N/A,N/A,N/A,N/A,N/A,N/A,N/A,N/A,N/A,N/A,N/A,N/A,N/A,N/A,N/A,N/A,N/A,N/A,N/A,N/A,N/A,N/A,N/A,N/A,N/A,N/A,N/A,N/A,N/A,N/A,N/A,N/A,N/A,N/A,N/A,N/A,N/A,N/A,N/A,N/A,N/A,N/A,N/A,N/A,N/A,N/A,N/A,N/A,N/A,N/A,N/A,N/A,N/A,N/A,N/A,N/A,N/A,N/A,N/A,N/A,N/A,N/A,N/A,N/A,N/A,N/A,N/A,N/A,N/A,N/A,N/A,N/A,N/A,N/A,N/A,N/A,N/A,N/A,N/A,N/A,N/A,N/A,N/A,N/A,N/A,N/A,N/A,N/A,N/A,N/A,N/A,N/A,N/A,N/A,N/A,N/A,N/A,N/A,N/A,N/A,N/A,N/A,N/A,N/A,N/A,N/A,N/A,N/A,N/A,N/A,N/A,N/A,N/A,N/A,N/A,N/A,N/A,N/A,N/A,N/A,N/A,N/A,N/A,N/A,N/A,N/A,N/A,N/A,N/A,N/A,N/A,N/A,N/A,N/A,N/A,N/A,N/A,N/A,N/A,N/A,N/A,N/A,N/A,N/A,N/A,N/A,N/A,N/A,N/A,N/A,N/A,N/A,N/A,N/A,N/A,N/A,N/A,N/A,N/A,N/A,N/A,N/A,N/A,N/A,N/A,N/A,N/A,N/A,N/A,N/A,N/A,N/A,N/A,N/A,N/A,N/A,N/A,N/A,N/A,N/A,N/A,N/A
Lucky Ezeh,22,1074844800,2004/01/23,First League,2026/2027,Forward,Zbrojovka Brno,200,132,68,Nigeria,4,3,1,1,1,0,0,0,0,0,0,0,0,0,2,1,1,0,0,0.45,0,0.45,0.68,0,200,0.9,100,50,0,0,0,-1,-1,-1,5,0,6.83,0,69,15.74,10.67,10,32,7.67,23,23,11.31,9,0.00,0.00,0.33,1,0.00,1.00,0.00,0.00,0,0.00,0.00,0.00,0.00,0.00,0.00,0.00,0.67,3.00,1.48,0.67,0.33,0.00,0.33,0.28,0.00,1.67,0.00,0.00,0,0,,3,1.00,64,1,0.49,70,2,0.98,63,2,0,3,7,0.00,99,0,0,0.00,20,3,80,1.48,57,0,0.00,99,0,0.00,0,0,0.00,0,0.49,35,1,0.49,29,0,0.00,0.00,0,0.00,0,0,0,0.00,0,2,0.00,76,0.98,28,N/A,N/A,N/A,N/A,0.00,0,0.00,0,0.83,0.00,0,71.88,33.33,68,48,0.33,0.49,1,23,23,0,0,0,0.00,0.00,0,45,20.49,1.00,1.48,3,0,0.00,0.00,99,0.00,0,0,0,0.00,0.00,0,0.00,0.00,0.49,0.33,1,0,33.33,93,5,12,72,76,0.10,17,0.03,0.05,0.83,92,0.28,0.41,68,3,1.00,1.48,1.48,1.00,64,3,0.41,91,57,52,88,0,91,88,0,0.00,99,5,0.00,2.46,7.38,5.00,15,8,40,27,3.93,2.67,53.33,0,0.00,99,0,33.33,0,0.00,99,1,0.33,0.49,67,26,47,86,0,0,0,0,0,81,91,77,93,0,99,18,44,44,0,0,49,77,0,0
Lukas Bartošák,36,646988400,1990/07/03,First League,2026/2027,Defender,Zlín,189,166,23,Czech Republic,4,3,1,0,0,0,0,0,0,0,0,0,0,0,3,3,0,2,0,0,0,0,0,0,0,1.43,63,47,95,0,0.95,-1,-1,-1,19,0,6.45,0,69,20.30,9.25,18,37,5.25,21,3,11.52,9,0.00,0.00,1.00,4,0.00,3.00,1.10,0.50,2,0.00,0.25,0.00,0.00,0.00,0.25,0.00,0.75,0.00,1.65,0.75,0.25,0.00,0.00,0.04,0.00,0.75,0.00,0.00,0,0,,3,0.75,69,0,0.00,32,3,1.65,85,0,3,1,42,0.00,99,0,1,0.55,41,12,49,6.59,97,0,0.00,99,0,0.00,0,0,0.00,0,2.20,94,1,0.55,31,0,0.00,0.00,0,0.00,0,0,0,0.00,0,3,0.00,44,1.65,55,N/A,N/A,N/A,N/A,0.00,0,0.00,0,0.17,0.00,0,56.76,0.00,32,2,0.75,1.65,3,23,23,0,0,0,0.00,0.00,0,45,25.79,0.50,1.10,2,0,0.00,0.00,99,0.00,0,0,0,0.00,0.00,0,0.00,0.00,0.00,0.00,0,0,0.00,62,2,12,61,44,0.22,60,0.06,0.12,0.17,49,0.04,0.09,94,5,1.25,2.74,3.29,1.50,99,6,0.09,48,10,40,88,0,66,73,0,0.00,99,3,0.00,1.65,11.52,5.25,21,9,60,80,4.94,2.25,42.86,1,0.55,48,0,16.67,0,0.00,99,2,0.50,1.10,85,3,91,23,0,0,0,0,0,48,61,77,75,0,99,18,45,99,2,50,99,31,0,0
Lukáš Červ,25,986886000,2001/04/10,First League,2026/2027,Midfielder,Viktoria Plzeň,448,245,203,Czech Republic,7,4,3,1,0,1,0,0,0,0,0,2,0,2,4,4,0,2,0,0.2,0,0.2,0,0.44,448,0.8,112,64,224,0,0.4,55,150,-1,2,0,7.01,0,69,50.83,36.14,88,253,31.00,217,79,43.59,87,0.00,0.00,0.29,2,0.00,0.57,2.41,1.71,12,0.00,0.14,0.00,0.00,0.00,1.00,0.14,0.57,6.00,1.21,0.57,0.14,0.00,0.29,0.15,0.00,0.86,0.00,0.00,0,0,,6,0.86,55,2,0.40,61,4,0.80,54,3,2,5,87,0.00,99,0,7,1.41,87,4,40,0.80,45,0,0.00,99,0,0.00,0,0,0.00,0,0.40,29,1,0.20,17,1,0.20,100.00,0,0.00,0,0,0,0.00,0,4,0.00,79,0.80,18,N/A,N/A,N/A,N/A,0.00,0,0.00,0,1.05,0.00,0,85.77,33.33,68,79,0.14,0.20,1,33,99,0,0,0,0.14,0.20,1,54,49.07,1.43,2.01,10,0,0.00,0.00,99,0.00,0,0,0,0.00,0.00,0,0.00,0.00,0.00,0.00,0,1,16.67,79,52,89,90,79,0.62,60,0.09,0.12,1.05,69,0.15,0.21,92,13,1.86,2.61,1.81,1.29,76,9,0.21,68,79,66,88,0,66,63,0,0.00,99,6,0.00,1.21,9.44,6.71,47,32,92,56,6.43,4.57,68.09,1,0.20,77,0,0.00,0,0.00,99,0,0.00,0.00,40,59,85,95,0,0,0,0,0,57,73,88,75,0,99,65,62,83,2,29,93,6,0,0
Lukáš Haraslín,30,833094000,1996/05/26,First League,2026/2027,Forward,Sparta Praha,145,62,83,Slovakia,2,1,1,0,0,0,1,0,1,0,0,0,0,0,4,1,3,0,0,0.62,0.62,0,0,0,0,2.48,36,73,0,145,0,-1,-1,-1,21,0,6.74,0.5,99,34.14,27.50,54,55,22.50,45,60,27.93,60,0.00,0.00,0.50,1,0.00,4.50,0.00,0.00,0,0.00,1.50,0.00,0.00,0.00,0.00,3.00,2.00,0.00,3.10,1.50,4.00,0.00,1.00,0.17,0.00,0.00,0.00,0.00,0,0,,5,2.50,96,2,1.24,96,3,1.86,90,1,0,2,7,0.00,99,0,0,0.00,20,9,40,5.59,95,0,0.00,99,0,0.00,0,0,0.00,0,0.62,42,8,4.97,99,6,3.72,75.00,0,0.00,0,0,0,0.00,0,4,0.00,5,2.48,88,N/A,N/A,N/A,N/A,0.00,0,0.00,0,0.35,0.00,0,81.82,40.00,73,37,0.50,0.62,1,99,87,0,1,0,0.00,0.00,0,45,13.47,0.00,0.00,0,0,0.00,0.00,99,0.00,0,1,0,0.00,0.00,0,0.00,0.00,0.00,0.00,0,0,0.00,62,0,0,61,6,0.68,98,0.34,0.42,-0.35,0,-0.17,-0.22,83,3,1.50,1.86,1.24,1.00,51,2,0.22,68,44,3,88,0,66,8,0,0.00,99,0,0.00,0.00,9.93,8.00,16,9,75,63,5.59,4.50,56.25,3,1.86,7,0,0.00,0,0.00,99,0,0.00,0.00,40,8,47,62,0,0,0,0,0,89,61,77,75,0,99,18,44,44,0,0,49,22,0,0
Lukáš Hůlka,31,796636800,1995/03/31,First League,2026/2027,Defender,Slovan Liberec,720,360,360,Czech Republic,8,4,4,0,0,0,0,0,0,0,0,4,2,2,4,2,2,2,0,0,0,0,0,0,0,0.5,180,90,360,0,0.25,132,133,5,13,0,7.04,0,69,41.00,41.00,76,287,34.71,243,72,34.71,75,0.00,0.00,0.00,0,0.00,0.43,1.71,1.71,12,0.00,0.14,0.00,0.00,0.00,0.86,0.14,0.57,0.00,0.43,0.14,0.14,0.00,0.29,0.04,0.00,3.71,0.00,0.00,0,0,,3,0.43,23,2,0.29,53,1,0.14,19,0,0,7,66,0.00,99,0,6,0.86,60,3,80,0.43,34,0,0.00,99,0,0.00,0,0,0.00,0,0.00,14,1,0.14,15,1,0.14,100.00,0,0.00,0,0,0,0.00,0,4,0.00,95,0.57,7,N/A,N/A,N/A,N/A,0.00,0,0.00,0,0.29,0.00,0,84.67,66.67,95,85,0.14,0.14,1,27,99,0,0,0,0.29,0.29,2,62,49.30,6.43,6.43,45,0,0.00,0.00,99,0.00,0,0,0,0.00,0.00,0,0.00,0.00,0.00,0.00,0,0,0.00,62,99,99,61,95,0.46,32,0.07,0.07,0.29,33,0.04,0.04,17,3,0.43,0.43,0.57,0.57,19,4,0.04,32,85,97,88,0,66,97,0,0.00,99,26,0.00,3.71,10.71,10.71,75,42,83,73,6.00,6.00,56.00,1,0.14,82,0,33.33,0,0.00,99,1,0.14,0.14,42,99,47,23,0,0,0,0,0,48,61,77,75,0,99,95,81,66,2,25,87,29,0,0
Lukáš Letenay,25,987663600,2001/04/19,First League,2026/2027,Forward,Mladá Boleslav,109,71,38,Slovakia,6,3,3,1,1,0,0,0,0,0,0,2,2,0,2,1,1,0,0,0.83,0,0.83,1.27,0,109,1.65,55,18,0,0,0,-1,-1,-1,4,0,5.47,0,69,17.34,3.50,11,21,2.50,15,22,12.39,12,0.00,0.00,0.17,1,0.00,0.00,0.00,0.00,0,0.00,0.50,0.00,0.00,0.00,0.00,0.00,0.33,3.00,2.48,0.33,0.00,0.00,0.17,0.14,0.00,0.17,0.00,0.00,0,0,,3,0.50,90,1,0.83,85,2,1.65,85,0,6,0,7,0.00,99,0,0,0.00,20,0,40,0.00,20,0,0.00,99,0,0.00,0,0,0.00,0,0.83,55,0,0.00,12,0,0.00,0.00,0,0.00,0,0,0,0.00,0,2,0.00,35,1.65,55,N/A,N/A,N/A,N/A,0.00,0,0.00,0,0.82,0.00,0,71.43,33.33,68,99,0.00,0.00,0,23,23,0,0,0,0.00,0.00,0,45,32.80,0.17,0.83,1,0,0.00,0.00,99,0.00,0,0,0,0.00,0.00,0,0.00,0.00,0.00,0.00,0,0,33.33,93,0,48,64,36,0.06,17,0.01,0.05,0.82,99,0.14,0.68,91,3,0.50,2.48,4.13,0.83,99,5,0.68,99,2,28,88,0,66,46,0,0.00,99,1,0.00,0.83,11.56,2.33,14,4,27,81,3.30,0.67,28.57,3,2.48,2,0,0.00,0,0.00,99,0,0.00,0.00,40,0,99,23,0,0,0,0,0,95,98,77,99,0,99,73,44,44,0,0,49,21,0,0
Lukáš Mareček,36,640335600,1990/04/17,First League,2026/2027,Midfielder,Teplice,600,330,270,Czech Republic,7,4,3,3,1,2,1,1,0,0,0,2,1,1,12,7,5,1,0,0.6,0.15,0.45,0.27,0.67,200,1.8,50,86,600,600,0.15,20,57,-1,3,0,7.28,0.14,73,44.03,42.14,80,295,36.29,254,80,37.91,82,0.00,0.00,1.14,8,0.00,0.29,1.19,1.14,8,0.00,0.29,0.00,0.00,0.00,1.00,0.29,1.71,4.33,1.94,1.29,0.71,0.00,0.57,0.39,0.00,1.29,0.00,0.00,0,0,,13,1.86,76,4,0.60,76,9,1.34,78,1,0,7,46,0.00,99,0,7,1.04,71,2,40,0.30,28,0,0.00,99,0,0.00,0,0,0.00,0,1.19,70,5,0.75,42,2,0.30,40.00,0,0.00,0,0,0,0.00,0,12,0.00,27,1.79,64,N/A,N/A,N/A,N/A,0.00,0,0.00,0,2.75,0.00,0,86.10,30.77,59,30,0.71,0.75,5,41,51,0,0,0,0.71,0.75,5,90,50.96,2.29,2.39,16,0,0.00,0.00,99,0.00,0,0,0,0.00,0.00,0,0.00,0.00,0.15,0.14,1,0,23.08,85,82,89,72,28,1.38,76,0.20,0.21,2.75,92,0.39,0.41,17,3,0.43,0.45,1.04,1.00,43,7,0.41,91,97,72,88,0,67,66,0,0.00,99,9,0.00,1.34,6.27,6.00,42,22,27,17,3.28,3.14,52.38,2,0.30,68,0,0.00,0,0.00,99,0,0.00,0.00,40,99,47,62,0,0,0,0,0,89,91,97,79,0,99,65,94,52,1,14,66,23,0,0
Lukáš Mašek,22,1083999600,2004/05/08,First League,2026/2027,Forward,Slovan Liberec,472,225,247,Czech Republic,8,4,4,3,2,1,0,0,0,0,0,4,2,2,2,0,2,1,0,0.57,0,0.57,0.8,0.36,157,0.38,236,59,472,0,0.19,11,122,-1,2,0,6.68,0,69,12.76,8.00,2,56,4.14,29,1,6.61,2,0.00,0.00,0.14,1,0.00,0.14,0.23,0.14,1,0.00,0.86,0.00,0.00,0.00,0.00,0.29,0.29,6.50,2.96,0.86,0.57,0.00,1.00,0.33,0.00,2.29,0.00,0.00,0,0,,13,1.86,94,7,1.59,98,6,1.37,79,5,2,5,10,0.00,99,0,0,0.00,20,1,40,0.23,25,0,0.00,99,0,0.00,0,0,0.00,0,0.23,18,4,0.91,48,2,0.46,50.00,0,0.00,0,0,0,0.00,0,2,0.00,98,0.46,3,N/A,N/A,N/A,N/A,0.00,0,0.00,0,2.31,0.00,0,51.79,53.85,89,50,0.29,0.46,2,54,66,0,0,0,0.00,0.00,0,45,46.76,0.57,0.91,4,0,0.00,0.00,99,0.00,0,0,1,0.14,0.23,0,0.00,0.00,0.68,0.43,3,0,15.38,76,58,99,66,99,0.09,2,0.01,0.02,2.31,96,0.33,0.53,89,10,1.43,2.28,2.96,1.86,94,13,0.53,95,36,33,92,0,96,96,0,0.00,99,16,0.00,3.65,15.49,9.71,68,29,93,99,6.61,4.14,42.65,6,1.37,17,0,0.00,0,0.00,99,0,0.00,0.00,40,59,85,99,0,0,0,0,0,88,96,86,95,0,99,95,87,58,1,12,51,9,0,0
Lukáš Masopust,33,729504000,1993/02/12,First League,2026/2027,Midfielder,Slovan Liberec,607,266,341,Czech Republic,8,4,4,0,0,0,0,0,0,0,0,4,2,2,4,2,2,2,0,0,0,0,0,0,0,0.59,152,76,304,0,0.3,129,128,-1,20,0,6.83,0,69,34.24,31.14,55,218,23.43,164,33,25.76,53,0.00,0.00,1.14,8,0.00,1.43,3.14,2.86,20,0.00,0.43,0.00,0.00,0.00,1.29,0.86,0.57,0.00,0.79,0.71,1.57,0.00,0.00,0.03,0.00,0.29,0.00,0.00,0,0,,5,0.71,40,0,0.00,32,5,0.79,53,2,0,7,96,0.00,99,0,9,1.41,87,10,54,1.57,60,0,0.00,99,0,0.00,0,0,0.00,0,1.26,74,11,1.73,71,6,0.94,54.55,0,0.00,0,0,0,0.00,0,4,0.00,91,0.63,11,N/A,N/A,N/A,N/A,0.00,0,0.00,0,0.23,0.00,0,75.23,0.00,32,21,0.86,0.94,6,80,67,0,0,0,0.57,0.63,4,83,47.79,1.86,2.04,13,1,0.00,0.16,3,0.14,0,0,0,0.00,0.00,0,0.00,0.00,0.00,0.00,0,0,0.00,62,82,99,61,92,0.56,46,0.08,0.09,0.23,33,0.03,0.04,51,7,1.00,1.10,2.04,1.86,83,13,0.04,32,57,67,88,0,66,19,0,0.00,99,2,0.00,0.31,10.52,9.57,67,35,71,72,5.50,5.00,52.24,3,0.47,54,0,20.00,0,0.00,99,2,0.29,0.31,56,99,47,86,0,0,0,0,0,48,61,77,75,0,99,95,73,73,2,25,87,8,0,0
Lukáš Penxa,22,1086505200,2004/06/06,First League,2026/2027,Midfielder,Zbrojovka Brno,514,310,204,Czech Republic,8,5,3,1,1,0,0,0,0,0,0,2,1,1,8,3,5,0,0,0.18,0,0.18,0.29,0,514,1.4,64,64,0,0,0,63,192,-1,7,0,6.35,0,69,24.56,17.43,25,122,11.71,82,13,16.51,21,0.00,0.00,0.14,1,0.00,1.00,0.60,0.43,3,0.00,0.29,0.00,0.00,0.00,0.71,0.14,1.14,0.00,0.40,0.29,0.71,0.00,0.00,0.01,0.00,0.86,0.00,0.00,0,0,,2,0.29,22,0,0.00,32,2,0.40,32,1,2,5,20,0.00,99,0,5,1.01,70,7,47,1.41,54,0,0.00,99,0,0.00,0,0,0.00,0,0.20,17,5,1.01,52,1,0.20,20.00,0,0.00,0,0,0,0.00,0,8,0.00,45,1.61,54,N/A,N/A,N/A,N/A,0.00,0,0.00,0,0.09,0.00,0,67.21,0.00,32,99,0.00,0.00,0,33,27,0,0,0,0.00,0.00,0,45,44.48,1.43,2.01,10,0,0.00,0.00,99,0.00,0,0,0,0.00,0.00,0,0.00,0.00,0.20,0.14,1,0,0.00,62,65,99,94,45,0.24,17,0.03,0.05,0.09,21,0.01,0.02,13,2,0.29,0.40,1.01,0.71,41,5,0.02,20,6,66,88,0,73,63,0,0.00,99,6,0.00,1.21,7.25,5.14,36,12,14,26,2.42,1.71,33.33,2,0.40,60,0,14.29,0,0.00,99,1,0.14,0.20,46,59,85,62,0,0,0,0,0,54,69,77,79,0,99,48,44,44,0,0,49,6,0,0
Lukas Pesl,24,1018594800,2002/04/12,First League,2026/2027,Goalkeeper,Slovan Liberec,0,0,0,Czech Republic,0,0,0,0,0,0,0,0,0,0,0,0,0,0,0,0,0,0,0,0,0,0,0,0,0,0,0,0,0,0,0,-1,-1,-1,-1,N/A,N/A,N/A,N/A,N/A,N/A,N/A,N/A,N/A,N/A,N/A,N/A,N/A,N/A,N/A,N/A,N/A,N/A,N/A,N/A,N/A,N/A,N/A,N/A,N/A,N/A,N/A,N/A,N/A,N/A,N/A,N/A,N/A,N/A,N/A,N/A,N/A,N/A,N/A,N/A,N/A,N/A,N/A,N/A,N/A,N/A,N/A,N/A,N/A,N/A,N/A,N/A,N/A,N/A,N/A,N/A,N/A,N/A,N/A,N/A,N/A,N/A,N/A,N/A,N/A,N/A,N/A,N/A,N/A,N/A,N/A,N/A,N/A,N/A,N/A,N/A,N/A,N/A,N/A,N/A,N/A,N/A,N/A,N/A,N/A,N/A,N/A,N/A,N/A,N/A,N/A,N/A,N/A,N/A,N/A,N/A,N/A,N/A,N/A,N/A,N/A,N/A,N/A,N/A,N/A,N/A,N/A,N/A,N/A,N/A,N/A,N/A,N/A,N/A,N/A,N/A,N/A,N/A,N/A,N/A,N/A,N/A,N/A,N/A,N/A,N/A,N/A,N/A,N/A,N/A,N/A,N/A,N/A,N/A,N/A,N/A,N/A,N/A,N/A,N/A,N/A,N/A,N/A,N/A,N/A,N/A,N/A,N/A,N/A,N/A,N/A,N/A,N/A,N/A,N/A,N/A,N/A,N/A,N/A,N/A,N/A,N/A,N/A,N/A,N/A,N/A,N/A,N/A,N/A,N/A,N/A,N/A,N/A,N/A,N/A,N/A,N/A,N/A,N/A,N/A,N/A,N/A,N/A,N/A,N/A,N/A,N/A,N/A,N/A,N/A,N/A,N/A,N/A,N/A,N/A,N/A,N/A,N/A,N/A,N/A,N/A,N/A,N/A,N/A,N/A,N/A,N/A,N/A,N/A,N/A,N/A,N/A,N/A,N/A,N/A,N/A,N/A,N/A,N/A,N/A,N/A,N/A,N/A,N/A
Lukáš Provod,29,846054000,1996/10/23,First League,2026/2027,Forward,Slavia Praha,428,231,197,Czech Republic,7,4,3,0,0,0,0,0,0,0,0,3,1,2,3,3,0,0,0,0,0,0,0,0,0,0.63,143,61,0,0,0,124,198,-1,20,0,6.99,0,69,39.11,26.57,70,186,21.57,151,58,31.75,70,0.00,0.00,1.57,11,0.00,2.29,0.84,0.57,4,0.00,1.29,0.00,0.00,0.00,0.00,1.14,0.43,0.00,2.73,1.57,1.43,0.00,0.29,0.11,0.00,1.29,0.00,0.00,0,0,,13,1.86,93,2,0.42,63,11,2.31,96,1,2,5,28,0.00,99,0,0,0.00,20,16,50,3.36,80,0,0.00,99,0,0.00,0,0,0.00,0,2.31,94,10,2.10,79,8,1.68,80.00,0,0.00,0,0,0,0.00,0,3,0.00,88,0.63,11,N/A,N/A,N/A,N/A,0.00,0,0.00,0,0.78,0.00,0,81.18,15.38,37,24,0.57,0.84,4,96,88,0,0,0,0.00,0.00,0,45,48.91,0.43,0.63,3,0,0.00,0.00,99,0.00,0,0,0,0.00,0.00,0,0.00,0.00,0.21,0.14,1,0,0.00,62,49,89,61,89,0.83,70,0.12,0.17,0.78,60,0.11,0.16,77,8,1.14,1.68,1.05,0.71,43,5,0.16,60,77,19,88,0,74,79,0,0.00,99,9,0.00,1.89,10.72,7.29,51,29,87,74,6.10,4.14,56.86,9,1.89,7,0,18.75,0,0.00,99,3,0.43,0.63,74,59,85,62,0,0,0,0,0,48,61,77,75,0,99,87,44,44,0,0,49,17,0,0
Lukáš Saal,20,1140163200,2006/02/17,First League,2026/2027,Midfielder,Zbrojovka Brno,239,176,63,Czech Republic,7,4,3,0,0,0,0,0,0,0,0,1,0,1,6,4,2,2,0,0,0,0,0,0,0,2.26,40,34,120,0,0.75,-1,-1,-1,22,0,6.50,0,69,31.67,12.67,48,76,9.33,56,28,23.33,45,0.00,0.00,0.50,3,0.00,0.33,2.08,0.83,5,0.00,0.17,0.00,0.00,0.00,0.00,0.00,0.83,0.00,0.83,0.17,0.00,0.00,0.17,0.03,0.00,0.00,0.00,0.00,0,0,,2,0.33,42,1,0.42,63,1,0.42,33,2,3,3,80,0.00,99,0,0,0.00,20,2,99,0.83,46,0,0.00,99,0,0.00,0,0,0.00,0,1.25,74,0,0.00,12,0,0.00,0.00,0,0.00,0,0,0,0.00,0,5,0.00,9,2.08,78,N/A,N/A,N/A,N/A,0.00,0,0.00,0,0.16,0.00,0,73.68,50.00,87,25,0.33,0.83,2,23,23,0,0,0,0.00,0.00,0,45,39.01,0.33,0.83,2,0,0.00,0.00,99,0.00,0,0,0,0.00,0.00,0,0.00,0.00,0.00,0.00,0,0,0.00,62,11,89,61,11,0.22,46,0.04,0.09,0.16,43,0.03,0.07,15,1,0.17,0.42,1.25,0.50,53,3,0.07,42,14,28,88,0,66,8,0,0.00,99,0,0.00,0.00,6.25,2.50,15,6,15,17,2.50,1.00,40.00,1,0.42,59,0,100.00,0,0.00,99,2,0.33,0.83,80,26,91,86,0,0,0,0,0,48,61,77,75,0,99,31,48,97,1,14,66,20,0,0
Lukáš Vorlický,24,1011340800,2002/01/18,First League,2026/2027,Forward,Slovácko,121,46,75,Czech Republic,5,2,3,0,0,0,1,1,0,0,0,1,1,0,2,0,2,0,0,0.74,0.74,0,0,0,0,1.49,61,24,0,121,0,-1,-1,-1,28,0,6.69,0.2,99,49.71,14.50,87,58,10.00,40,16,34.29,74,0.00,0.00,1.00,4,0.00,0.50,0.86,0.25,1,0.00,0.75,0.00,0.00,0.00,0.00,0.75,0.50,0.00,3.43,0.25,2.25,0.00,0.75,0.10,0.00,0.25,0.00,0.00,0,0,,4,1.00,97,3,2.57,99,1,0.86,57,0,4,0,30,0.00,99,0,0,0.00,20,2,95,1.71,62,0,0.00,99,0,0.00,0,0,0.00,0,3.43,99,9,7.71,99,3,2.57,33.33,0,0.00,0,0,0,0.00,0,2,0.00,42,1.71,59,N/A,N/A,N/A,N/A,0.00,0,0.00,0,0.39,0.00,0,68.97,75.00,96,99,0.00,0.00,0,98,45,0,0,0,0.00,0.00,0,45,26.74,0.00,0.00,0,0,0.00,0.00,99,0.00,0,0,0,0.00,0.00,0,0.00,0.00,0.00,0.00,0,0,0.00,62,0,24,61,43,0.84,99,0.21,0.72,0.39,83,0.10,0.33,77,2,0.50,1.71,0.00,0.00,7,0,0.33,82,36,3,88,0,66,48,0,0.00,99,1,0.00,0.86,14.57,4.25,17,7,83,97,6.00,1.75,41.18,3,2.57,2,0,50.00,0,0.00,99,1,0.25,0.86,81,0,97,23,0,0,0,0,0,91,61,77,75,0,99,42,44,44,0,0,49,72,0,0
Marcel Čermák,27,911980800,1998/11/25,First League,2026/2027,Midfielder,Teplice,523,327,196,Czech Republic,7,4,3,1,1,0,0,0,0,0,0,2,1,1,11,8,3,0,0,0.17,0,0.17,0.28,0,523,1.89,48,75,0,0,0,67,158,-1,7,0,6.80,0,69,24.61,20.43,26,143,15.14,106,30,18.24,25,0.00,0.00,1.29,9,0.00,3.29,0.86,0.71,5,0.00,0.57,0.00,0.00,0.00,0.57,0.43,1.57,12.00,2.07,1.29,1.00,0.00,0.43,0.19,0.00,0.43,0.00,0.00,0,0,,12,1.71,80,3,0.52,73,9,1.55,83,1,0,7,30,0.00,99,0,4,0.69,50,23,72,3.96,85,0,0.00,99,0,0.00,0,0,0.00,0,1.55,82,7,1.20,57,3,0.52,42.86,0,0.00,0,0,0,0.00,0,11,0.00,22,1.89,69,N/A,N/A,N/A,N/A,0.00,0,0.00,0,1.36,0.00,0,74.13,25.00,53,81,0.14,0.17,1,59,53,0,0,0,0.00,0.00,0,45,47.58,0.71,0.86,5,0,0.00,0.00,99,0.00,0,0,0,0.00,0.00,0,0.00,0.00,0.00,0.00,0,0,8.33,65,67,89,94,24,0.65,57,0.09,0.11,1.36,71,0.19,0.23,47,6,0.86,1.03,0.69,0.57,25,4,0.23,70,52,30,88,0,66,32,0,0.00,99,3,0.00,0.52,6.20,5.14,36,17,23,17,2.93,2.43,47.22,4,0.69,43,0,30.43,0,0.00,99,7,1.00,1.20,87,99,47,62,0,0,0,0,0,53,68,77,79,0,99,65,44,44,0,0,49,12,0,0
Marek Havlík,31,805186800,1995/07/08,First League,2026/2027,Midfielder,Slovácko,575,255,320,Czech Republic,8,3,5,0,0,0,1,0,1,0,0,1,1,0,11,3,8,0,0,0.16,0.16,0,0,0,0,1.72,52,72,0,575,0,165,55,-1,24,0,6.85,0.12,73,34.90,27.14,56,190,21.43,150,52,27.55,59,0.00,0.00,1.43,10,0.00,2.00,0.37,0.29,2,0.00,1.00,0.00,0.00,0.14,0.00,0.00,1.57,0.00,1.10,0.57,0.43,0.00,0.29,0.08,0.00,0.43,0.00,0.00,0,0,,6,0.86,51,2,0.37,59,4,0.73,51,3,0,7,13,0.00,99,0,0,0.00,20,14,71,2.57,73,0,0.00,99,0,0.00,0,0,0.00,0,1.84,89,3,0.55,31,0,0.00,0.00,0,0.00,0,1,6,0.18,6,11,0.00,31,2.02,74,N/A,N/A,N/A,N/A,9.09,0,0.00,0,0.53,0.00,0,78.95,33.33,68,80,0.14,0.18,1,23,23,0,0,0,0.43,0.55,3,79,47.92,0.71,0.92,5,0,0.00,0.00,99,0.00,0,0,1,0.14,0.18,0,0.00,0.00,0.00,0.00,0,0,0.00,62,76,99,61,32,1.31,80,0.19,0.24,0.53,51,0.08,0.10,32,4,0.57,0.73,0.73,0.57,27,4,0.10,50,60,33,90,0,66,34,0,0.00,99,3,0.00,0.55,4.78,3.71,26,8,8,9,1.47,1.14,30.77,7,1.29,20,0,28.57,0,0.00,99,4,0.57,0.73,77,99,47,95,0,0,0,0,0,52,61,77,75,0,99,21,44,44,0,0,49,20,0,0
Marek Havran,19,1160204400,2006/10/07,First League,2026/2027,Midfielder,Mladá Boleslav,33,0,33,Czechia,1,0,1,0,0,0,0,0,0,0,0,0,0,0,1,0,1,0,0,0,0,0,0,0,0,2.73,33,33,0,0,0,-1,-1,-1,22,N/A,N/A,N/A,N/A,N/A,N/A,N/A,N/A,N/A,N/A,N/A,N/A,N/A,N/A,N/A,N/A,N/A,N/A,N/A,N/A,N/A,N/A,N/A,N/A,N/A,N/A,N/A,N/A,N/A,N/A,N/A,N/A,N/A,N/A,N/A,N/A,N/A,N/A,N/A,N/A,N/A,N/A,N/A,N/A,N/A,N/A,N/A,N/A,N/A,N/A,N/A,N/A,N/A,N/A,N/A,N/A,N/A,N/A,N/A,N/A,N/A,N/A,N/A,N/A,N/A,N/A,N/A,N/A,N/A,N/A,N/A,N/A,N/A,N/A,N/A,N/A,N/A,N/A,N/A,N/A,N/A,N/A,N/A,N/A,N/A,N/A,N/A,N/A,N/A,N/A,N/A,N/A,N/A,N/A,N/A,N/A,N/A,N/A,N/A,N/A,N/A,N/A,N/A,N/A,N/A,N/A,N/A,N/A,N/A,N/A,N/A,N/A,N/A,N/A,N/A,N/A,N/A,N/A,N/A,N/A,N/A,N/A,N/A,N/A,N/A,N/A,N/A,N/A,N/A,N/A,N/A,N/A,N/A,N/A,N/A,N/A,N/A,N/A,N/A,N/A,N/A,N/A,N/A,N/A,N/A,N/A,N/A,N/A,N/A,N/A,N/A,N/A,N/A,N/A,N/A,N/A,N/A,N/A,N/A,N/A,N/A,N/A,N/A,N/A,N/A,N/A,N/A,N/A,N/A,N/A,N/A,N/A,N/A,N/A,N/A,N/A,N/A,N/A,N/A,N/A,N/A,N/A,N/A,N/A,N/A,N/A,N/A,N/A,N/A,N/A,N/A,N/A,N/A,N/A,N/A,N/A,N/A,N/A,N/A,N/A,N/A,N/A,N/A,N/A,N/A,N/A,N/A,N/A,N/A,N/A,N/A,N/A,N/A,N/A,N/A,N/A,N/A,N/A,N/A,N/A,N/A,N/A,N/A,N/A
Marek Icha,24,1016092800,2002/03/14,First League,2026/2027,Midfielder,Pardubice,315,118,197,Czech Republic,5,2,3,0,0,0,0,0,0,0,0,0,0,0,9,3,6,0,0,0,0,0,0,0,0,2.57,35,63,0,0,0,84,102,-1,5,0,6.21,0,69,44.57,31.20,81,156,25.40,127,60,36.29,79,0.00,0.00,0.00,0,0.00,1.60,0.57,0.40,2,0.00,0.20,0.00,0.00,0.00,1.20,0.00,1.80,0.00,0.29,0.00,0.40,0.00,0.20,0.03,0.00,0.40,0.00,0.00,0,0,,1,0.20,18,1,0.29,53,0,0.00,17,1,2,3,19,0.00,99,0,6,1.71,95,8,44,2.29,70,0,0.00,99,0,0.00,0,0,0.00,0,0.00,14,2,0.57,33,0,0.00,0.00,0,0.00,0,0,0,0.00,0,9,0.00,3,2.57,90,N/A,N/A,N/A,N/A,0.00,0,0.00,0,0.15,0.00,0,81.41,100.00,99,6,1.00,1.43,5,23,23,0,0,0,0.40,0.57,2,81,31.03,1.60,2.29,8,0,0.00,0.00,99,0.00,0,0,0,0.00,0.00,0,0.00,0.00,0.00,0.00,0,0,0.00,62,26,24,61,3,0.23,32,0.05,0.07,0.15,33,0.03,0.04,39,3,0.60,0.86,2.00,1.40,81,7,0.04,32,4,71,88,0,66,35,0,0.00,99,2,0.00,0.57,7.71,5.40,27,7,10,33,2.00,1.40,25.93,1,0.29,70,0,12.50,0,0.00,99,1,0.20,0.29,54,26,85,62,0,0,0,0,0,48,61,77,75,0,99,18,44,44,0,0,49,6,0,0
Marek Obdržálek,19,1172908800,2007/03/03,First League,2026/2027,Goalkeeper,Mladá Boleslav,0,0,0,,0,0,0,0,0,0,0,0,0,0,0,0,0,0,0,0,0,0,0,0,0,0,0,0,0,0,0,0,0,0,0,-1,-1,-1,-1,N/A,N/A,N/A,N/A,N/A,N/A,N/A,N/A,N/A,N/A,N/A,N/A,N/A,N/A,N/A,N/A,N/A,N/A,N/A,N/A,N/A,N/A,N/A,N/A,N/A,N/A,N/A,N/A,N/A,N/A,N/A,N/A,N/A,N/A,N/A,N/A,N/A,N/A,N/A,N/A,N/A,N/A,N/A,N/A,N/A,N/A,N/A,N/A,N/A,N/A,N/A,N/A,N/A,N/A,N/A,N/A,N/A,N/A,N/A,N/A,N/A,N/A,N/A,N/A,N/A,N/A,N/A,N/A,N/A,N/A,N/A,N/A,N/A,N/A,N/A,N/A,N/A,N/A,N/A,N/A,N/A,N/A,N/A,N/A,N/A,N/A,N/A,N/A,N/A,N/A,N/A,N/A,N/A,N/A,N/A,N/A,N/A,N/A,N/A,N/A,N/A,N/A,N/A,N/A,N/A,N/A,N/A,N/A,N/A,N/A,N/A,N/A,N/A,N/A,N/A,N/A,N/A,N/A,N/A,N/A,N/A,N/A,N/A,N/A,N/A,N/A,N/A,N/A,N/A,N/A,N/A,N/A,N/A,N/A,N/A,N/A,N/A,N/A,N/A,N/A,N/A,N/A,N/A,N/A,N/A,N/A,N/A,N/A,N/A,N/A,N/A,N/A,N/A,N/A,N/A,N/A,N/A,N/A,N/A,N/A,N/A,N/A,N/A,N/A,N/A,N/A,N/A,N/A,N/A,N/A,N/A,N/A,N/A,N/A,N/A,N/A,N/A,N/A,N/A,N/A,N/A,N/A,N/A,N/A,N/A,N/A,N/A,N/A,N/A,N/A,N/A,N/A,N/A,N/A,N/A,N/A,N/A,N/A,N/A,N/A,N/A,N/A,N/A,N/A,N/A,N/A,N/A,N/A,N/A,N/A,N/A,N/A,N/A,N/A,N/A,N/A,N/A,N/A,N/A,N/A,N/A,N/A,N/A,N/A
Marián Pišoja,26,961138800,2000/06/16,First League,2026/2027,Midfielder,Zlín,489,332,157,Slovakia,6,4,2,0,0,0,2,0,2,0,0,0,0,0,11,6,5,3,0,0.37,0.37,0,0,0,0,2.02,44,82,163,245,0.55,149,9,-1,16,0,6.52,0.33,94,33.31,30.17,53,181,23.17,139,40,25.58,53,0.00,0.00,1.33,8,0.00,4.17,1.47,1.33,8,0.00,0.83,0.00,0.00,0.00,0.17,0.67,2.00,0.00,0.55,0.50,2.33,0.00,0.00,0.03,0.00,1.83,0.00,0.00,0,0,,3,0.50,30,0,0.00,32,3,0.55,40,1,1,5,58,0.00,99,0,1,0.18,23,25,58,4.60,92,0,0.00,99,0,0.00,0,0,0.00,0,1.47,80,14,2.58,85,4,0.74,28.57,0,0.00,0,0,0,0.00,0,12,0.00,17,2.21,82,N/A,N/A,N/A,N/A,0.00,0,0.00,0,0.17,0.00,0,76.80,0.00,32,5,1.33,1.47,8,72,34,0,0,0,0.17,0.18,1,51,39.13,1.50,1.66,9,1,0.00,0.18,2,0.17,0,0,0,0.00,0.00,0,0.00,0.00,0.00,0.00,0,0,0.00,62,60,48,61,17,1.71,91,0.28,0.31,0.17,27,0.03,0.03,42,5,0.83,0.92,2.02,1.83,83,11,0.03,26,16,58,88,0,66,82,0,0.00,99,11,0.00,2.02,13.44,12.17,73,28,64,93,5.15,4.67,38.36,5,0.92,33,0,24.00,0,0.00,99,6,1.00,1.10,85,59,70,62,0,0,0,0,0,77,61,77,75,0,99,18,50,94,3,50,99,82,0,0
Marián Tvrdoň,32,777193200,1994/08/18,First League,2026/2027,Goalkeeper,Viktoria Plzeň,0,0,0,Czech Republic,0,0,0,0,0,0,0,0,0,0,0,0,0,0,0,0,0,0,0,0,0,0,0,0,0,0,0,0,0,0,0,-1,-1,-1,-1,N/A,N/A,N/A,N/A,N/A,N/A,N/A,N/A,N/A,N/A,N/A,N/A,N/A,N/A,N/A,N/A,N/A,N/A,N/A,N/A,N/A,N/A,N/A,N/A,N/A,N/A,N/A,N/A,N/A,N/A,N/A,N/A,N/A,N/A,N/A,N/A,N/A,N/A,N/A,N/A,N/A,N/A,N/A,N/A,N/A,N/A,N/A,N/A,N/A,N/A,N/A,N/A,N/A,N/A,N/A,N/A,N/A,N/A,N/A,N/A,N/A,N/A,N/A,N/A,N/A,N/A,N/A,N/A,N/A,N/A,N/A,N/A,N/A,N/A,N/A,N/A,N/A,N/A,N/A,N/A,N/A,N/A,N/A,N/A,N/A,N/A,N/A,N/A,N/A,N/A,N/A,N/A,N/A,N/A,N/A,N/A,N/A,N/A,N/A,N/A,N/A,N/A,N/A,N/A,N/A,N/A,N/A,N/A,N/A,N/A,N/A,N/A,N/A,N/A,N/A,N/A,N/A,N/A,N/A,N/A,N/A,N/A,N/A,N/A,N/A,N/A,N/A,N/A,N/A,N/A,N/A,N/A,N/A,N/A,N/A,N/A,N/A,N/A,N/A,N/A,N/A,N/A,N/A,N/A,N/A,N/A,N/A,N/A,N/A,N/A,N/A,N/A,N/A,N/A,N/A,N/A,N/A,N/A,N/A,N/A,N/A,N/A,N/A,N/A,N/A,N/A,N/A,N/A,N/A,N/A,N/A,N/A,N/A,N/A,N/A,N/A,N/A,N/A,N/A,N/A,N/A,N/A,N/A,N/A,N/A,N/A,N/A,N/A,N/A,N/A,N/A,N/A,N/A,N/A,N/A,N/A,N/A,N/A,N/A,N/A,N/A,N/A,N/A,N/A,N/A,N/A,N/A,N/A,N/A,N/A,N/A,N/A,N/A,N/A,N/A,N/A,N/A,N/A,N/A,N/A,N/A,N/A,N/A,N/A
Marko Regža,27,916819200,1999/01/20,First League,2026/2027,Forward,Hradec Králové,0,0,0,Latvia,1,1,0,0,0,0,0,0,0,0,0,0,0,0,0,0,0,0,0,0,0,0,0,0,0,0,0,0,0,0,0,-1,-1,-1,-1,0,0.00,0,69,0.00,0.00,0,0,0.00,0,0,0.00,0,0.00,0.00,0.00,0,0.00,0.00,0.00,0.00,0,0.00,0.00,0.00,0.00,0.00,0.00,0.00,0.00,0.00,0.00,0.00,0.00,0.00,0.00,0.00,0.00,0.00,0.00,0.00,0,0,,0,0.00,13,0,0.00,32,0,0.00,17,0,1,0,7,0.00,99,0,0,0.00,20,0,40,0.00,20,0,0.00,99,0,0.00,0,0,0.00,0,0.00,14,0,0.00,12,0,0.00,0.00,0,0.00,0,0,0,0.00,0,0,0.00,99,0.00,0,N/A,N/A,N/A,N/A,0.00,0,0.00,0,0.00,0.00,0,0.00,0.00,32,99,0.00,0.00,0,23,23,0,0,0,0.00,0.00,0,45,0.00,0.00,0.00,0,0,0.00,0.00,99,0.00,0,0,0,0.00,0.00,0,0.00,0.00,0.00,0.00,0,0,0.00,62,0,0,61,0,0.00,0,0.00,0.00,0.00,13,0.00,0.00,4,0,0.00,0.00,0.00,0.00,7,0,0.00,13,0,3,88,0,66,8,0,0.00,99,0,0.00,0.00,0.00,0.00,0,0,0,0,0.00,0.00,0.00,0,0.00,99,0,0.00,0,0.00,99,0,0.00,0.00,40,0,70,23,0,0,0,0,0,48,61,77,75,0,99,18,44,44,0,0,49,18,0,0
Marko Soldo,22,1069488000,2003/11/22,First League,2026/2027,Midfielder,Sigma Olomouc,197,72,125,Bosnia and Herzegovina,7,3,4,1,1,0,0,0,0,0,0,1,1,0,3,2,1,0,0,0.46,0,0.46,1.25,0,197,1.37,66,28,0,0,0,-1,-1,-1,5,0,6.68,0,69,38.83,12.14,69,85,10.43,73,79,33.35,74,0.00,0.00,0.14,1,0.00,0.57,2.28,0.71,5,0.00,0.29,0.00,0.00,0.00,0.43,0.43,0.43,2.00,0.91,0.00,0.86,0.00,0.29,0.12,0.00,0.71,0.00,0.00,0,0,,2,0.29,45,2,0.91,88,0,0.00,17,2,6,1,84,0.00,99,0,3,1.37,85,4,40,1.83,65,0,0.00,99,0,0.00,0,0,0.00,0,0.46,33,6,2.74,88,3,1.37,50.00,0,0.00,0,0,0,0.00,0,3,0.00,47,1.37,47,N/A,N/A,N/A,N/A,0.00,0,0.00,0,0.86,0.00,0,85.88,100.00,99,22,0.29,0.91,2,90,66,0,0,0,0.00,0.00,0,45,46.73,0.14,0.46,1,0,0.00,0.00,99,0.00,0,0,1,0.14,0.46,0,0.00,0.00,0.00,0.00,0,0,50.00,99,3,89,70,47,0.18,38,0.03,0.08,0.86,89,0.12,0.39,4,0,0.00,0.00,2.28,0.71,88,5,0.39,88,36,11,99,0,66,86,0,0.00,99,5,0.00,2.28,11.88,3.71,26,13,81,85,5.94,1.86,50.00,2,0.91,33,0,0.00,0,0.00,99,0,0.00,0.00,40,3,99,86,0,0,0,0,0,82,92,77,99,0,99,31,44,44,0,0,49,14,0,0
Martin Cedidla,24,1006416000,2001/11/22,First League,2026/2027,Defender,Jablonec,457,270,187,Czech Republic,6,3,3,3,2,1,0,0,0,0,0,2,1,1,6,3,3,1,0,0.59,0,0.59,0.67,0.48,152,1.18,76,76,457,0,0.2,10,160,39,1,0,7.02,0,69,46.87,39.67,83,238,31.00,186,47,36.63,80,0.00,0.00,0.33,2,0.00,2.17,1.97,1.67,10,0.00,0.50,0.00,0.00,0.00,1.00,0.33,1.00,2.00,1.18,0.50,0.50,0.00,0.50,0.38,0.00,1.33,0.00,0.00,0,0,,6,1.00,53,3,0.59,75,3,0.59,43,0,1,5,75,0.00,99,0,6,1.18,77,13,41,2.56,72,0,0.00,99,0,0.00,0,0,0.00,0,0.39,28,3,0.59,34,2,0.39,66.67,0,0.00,0,0,0,0.00,0,6,0.00,58,1.18,40,N/A,N/A,N/A,N/A,0.00,0,0.00,0,2.28,0.00,0,78.15,50.00,87,26,0.67,0.79,4,49,80,0,0,0,0.17,0.20,1,54,42.15,3.50,4.14,21,0,0.00,0.00,99,0.00,0,0,0,0.00,0.00,0,0.00,0.00,0.00,0.00,0,0,50.00,99,55,48,66,58,0.47,46,0.08,0.09,2.28,93,0.38,0.45,63,7,1.17,1.38,1.38,1.17,59,7,0.45,93,82,82,88,0,66,72,0,0.00,99,8,0.00,1.58,10.44,8.83,53,27,67,70,5.32,4.50,50.94,3,0.59,47,0,7.69,0,0.00,99,1,0.17,0.20,46,59,70,23,0,0,0,0,0,89,96,90,92,0,99,73,86,60,1,17,77,18,0,0
Martin Gjorgievski,21,1109577600,2005/02/28,First League,2026/2027,Midfielder,Zbrojovka Brno,0,0,0,FYR Macedonia,0,0,0,0,0,0,0,0,0,0,0,0,0,0,0,0,0,0,0,0,0,0,0,0,0,0,0,0,0,0,0,-1,-1,-1,-1,N/A,N/A,N/A,N/A,N/A,N/A,N/A,N/A,N/A,N/A,N/A,N/A,N/A,N/A,N/A,N/A,N/A,N/A,N/A,N/A,N/A,N/A,N/A,N/A,N/A,N/A,N/A,N/A,N/A,N/A,N/A,N/A,N/A,N/A,N/A,N/A,N/A,N/A,N/A,N/A,N/A,N/A,N/A,N/A,N/A,N/A,N/A,N/A,N/A,N/A,N/A,N/A,N/A,N/A,N/A,N/A,N/A,N/A,N/A,N/A,N/A,N/A,N/A,N/A,N/A,N/A,N/A,N/A,N/A,N/A,N/A,N/A,N/A,N/A,N/A,N/A,N/A,N/A,N/A,N/A,N/A,N/A,N/A,N/A,N/A,N/A,N/A,N/A,N/A,N/A,N/A,N/A,N/A,N/A,N/A,N/A,N/A,N/A,N/A,N/A,N/A,N/A,N/A,N/A,N/A,N/A,N/A,N/A,N/A,N/A,N/A,N/A,N/A,N/A,N/A,N/A,N/A,N/A,N/A,N/A,N/A,N/A,N/A,N/A,N/A,N/A,N/A,N/A,N/A,N/A,N/A,N/A,N/A,N/A,N/A,N/A,N/A,N/A,N/A,N/A,N/A,N/A,N/A,N/A,N/A,N/A,N/A,N/A,N/A,N/A,N/A,N/A,N/A,N/A,N/A,N/A,N/A,N/A,N/A,N/A,N/A,N/A,N/A,N/A,N/A,N/A,N/A,N/A,N/A,N/A,N/A,N/A,N/A,N/A,N/A,N/A,N/A,N/A,N/A,N/A,N/A,N/A,N/A,N/A,N/A,N/A,N/A,N/A,N/A,N/A,N/A,N/A,N/A,N/A,N/A,N/A,N/A,N/A,N/A,N/A,N/A,N/A,N/A,N/A,N/A,N/A,N/A,N/A,N/A,N/A,N/A,N/A,N/A,N/A,N/A,N/A,N/A,N/A,N/A,N/A,N/A,N/A,N/A,N/A
Martin Jedlička,28,885628800,1998/01/24,First League,2026/2027,Goalkeeper,Baník Ostrava,630,270,360,Czech Republic,7,3,4,0,0,0,0,0,0,0,0,3,2,1,12,3,9,1,0,0,0,0,0,0,0,1.71,53,90,630,0,0.14,144,141,58,20,0,6.70,0,69,33.14,33.14,52,232,23.00,161,17,23.00,44,0.00,0.00,0.00,0,0.00,0.00,0.00,0.00,0,0.00,0.00,0.00,0.00,2.57,0.00,0.00,4.43,0.00,0.00,0.00,0.00,0.00,0.00,0.00,0.00,0.00,0.00,0.00,0,0,,0,0.00,13,0,0.00,32,0,0.00,17,0,0,7,7,0.00,99,0,0,0.00,20,0,40,0.00,20,0,0.00,99,0,0.00,0,0,0.00,0,0.00,14,0,0.00,12,0,0.00,0.00,0,0.00,0,18,33,2.57,61,31,0.00,33,4.43,98,N/A,N/A,N/A,N/A,58.06,0,0.00,0,0.00,0.00,0,69.40,0.00,32,99,0.00,0.00,0,23,23,0,0,15,0.00,0.00,0,45,46.92,0.71,0.71,5,0,0.00,0.00,99,0.00,0,0,0,0.00,0.00,3,0.43,0.43,0.00,0.00,0,0,0.00,62,94,89,61,33,0.39,24,0.06,0.06,0.00,13,0.00,0.00,5,1,0.14,0.14,0.00,0.00,7,0,0.00,13,38,23,88,50,66,8,0,0.00,99,0,0.00,0.00,0.43,0.43,3,1,1,4,0.14,0.14,33.33,0,0.00,99,0,0.00,0,0.00,99,0,0.00,0.00,40,99,47,23,0,0,0,0,0,48,61,77,75,0,99,87,99,49,1,14,66,23,0,0
Martin Koscelník,31,794131200,1995/03/02,First League,2026/2027,Defender,Slovácko,32,0,32,Slovakia,1,0,1,0,0,0,0,0,0,0,0,0,0,0,1,0,1,0,0,0,0,0,0,0,0,2.81,32,32,0,0,0,-1,-1,-1,13,0,6.64,0,69,50.62,18.00,87,18,16.00,16,90,45.00,88,0.00,0.00,0.00,0,0.00,1.00,2.81,1.00,1,0.00,0.00,0.00,0.00,0.00,0.00,0.00,1.00,0.00,5.62,2.00,0.00,0.00,0.00,0.10,0.00,1.00,0.00,0.00,0,0,,2,2.00,99,0,0.00,32,2,5.62,99,0,1,0,91,0.00,99,0,0,0.00,20,1,99,2.81,75,0,0.00,99,0,0.00,0,0,0.00,0,0.00,14,0,0.00,12,0,0.00,0.00,0,0.00,0,0,0,0.00,0,1,0.00,1,2.81,91,N/A,N/A,N/A,N/A,0.00,0,0.00,0,0.10,0.00,0,88.89,0.00,32,99,0.00,0.00,0,23,23,0,0,0,0.00,0.00,0,45,6.64,0.00,0.00,0,0,0.00,0.00,99,0.00,0,0,0,0.00,0.00,0,0.00,0.00,0.00,0.00,0,0,0.00,62,0,0,61,2,0.03,38,0.03,0.08,0.10,79,0.10,0.28,95,1,1.00,2.81,2.81,1.00,93,1,0.28,78,30,3,88,0,66,89,0,0.00,99,1,0.00,2.81,11.25,4.00,4,3,99,80,8.44,3.00,75.00,0,0.00,99,0,100.00,0,0.00,99,1,1.00,2.81,99,0,70,23,0,0,0,0,0,48,61,77,75,0,99,18,44,44,0,0,49,24,0,0
Martin Králik,31,796892400,1995/04/03,First League,2026/2027,Defender,Mladá Boleslav,630,270,360,Slovakia,7,3,4,0,0,0,1,0,1,0,0,2,2,0,9,1,8,1,0,0.14,0.14,0,0,0,0,1.29,70,90,630,630,0.14,94,62,44,17,0,7.04,0.14,70,62.83,62.83,96,377,55.17,331,85,55.17,96,0.00,0.00,0.67,4,0.00,0.00,1.00,1.00,6,0.00,0.17,0.00,0.00,0.00,0.67,0.50,1.00,0.00,0.17,0.17,0.50,0.00,0.00,0.01,0.00,1.00,0.00,0.00,0,0,,1,0.17,15,0,0.00,32,1,0.17,21,0,0,6,36,0.00,99,0,4,0.67,49,0,40,0.00,20,0,0.00,99,0,0.00,0,0,0.00,0,0.67,46,3,0.50,30,3,0.50,100.00,0,0.00,0,0,0,0.00,0,6,0.00,52,1.00,31,N/A,N/A,N/A,N/A,0.00,0,0.00,0,0.05,0.00,0,87.80,0.00,32,65,0.33,0.33,2,56,99,0,0,0,0.83,0.83,5,93,42.22,6.33,6.33,38,0,0.00,0.00,99,0.00,0,0,0,0.00,0.00,0,0.00,0.00,0.17,0.17,1,0,0.00,62,94,89,61,52,1.42,80,0.24,0.24,0.05,18,0.01,0.01,45,6,1.00,1.00,0.50,0.50,17,3,0.01,17,85,95,88,0,69,56,0,0.00,99,6,0.00,1.00,5.17,5.17,31,21,30,12,3.50,3.50,67.74,1,0.17,79,0,0.00,0,0.00,99,0,0.00,0.00,40,78,47,23,0,0,0,0,0,50,61,77,75,0,99,65,99,49,0,0,49,3,0,0
Martin Pospíšil,35,677919600,1991/06/26,First League,2026/2027,Midfielder,Líšeň,406,223,183,Czech Republic,8,4,4,0,0,0,1,0,1,0,0,0,0,0,8,7,1,0,0,0.22,0.22,0,0,0,0,1.77,51,51,0,406,0,114,41,-1,20,0,6.71,0.12,81,32.11,19.57,49,137,15.29,107,47,25.08,51,0.00,0.00,0.29,2,0.00,2.43,3.05,1.86,13,0.00,0.14,0.00,0.00,0.00,0.86,0.14,1.14,0.00,0.70,0.43,0.57,0.00,0.00,0.02,0.00,0.14,0.00,0.00,0,0,,3,0.43,36,0,0.00,32,3,0.70,49,1,4,3,95,0.00,99,0,6,1.41,87,17,40,3.98,86,0,0.00,99,0,0.00,0,0,0.00,0,0.47,33,4,0.94,49,1,0.23,25.00,0,0.00,0,0,0,0.00,0,8,0.00,29,1.88,69,N/A,N/A,N/A,N/A,0.00,0,0.00,0,0.13,0.00,0,78.10,0.00,32,50,0.29,0.47,2,37,32,0,0,0,0.00,0.00,0,45,46.99,0.43,0.70,3,0,0.00,0.00,99,0.00,0,0,0,0.00,0.00,0,0.00,0.00,0.00,0.00,0,0,0.00,62,44,99,61,30,0.28,32,0.04,0.07,0.13,27,0.02,0.03,55,5,0.71,1.17,0.47,0.29,15,2,0.03,26,40,22,88,0,66,13,0,0.00,99,1,0.00,0.23,7.27,4.43,31,20,53,27,4.69,2.86,64.52,1,0.23,73,0,5.88,0,0.00,99,1,0.14,0.23,48,26,97,62,0,0,0,0,0,58,61,77,75,0,99,18,44,44,0,0,49,26,0,0
Martin Reil,20,1146812400,2006/05/05,First League,2026/2027,Defender,Pardubice,0,0,0,Czech Republic,0,0,0,0,0,0,0,0,0,0,0,0,0,0,0,0,0,0,0,0,0,0,0,0,0,0,0,0,0,0,0,-1,-1,-1,-1,N/A,N/A,N/A,N/A,N/A,N/A,N/A,N/A,N/A,N/A,N/A,N/A,N/A,N/A,N/A,N/A,N/A,N/A,N/A,N/A,N/A,N/A,N/A,N/A,N/A,N/A,N/A,N/A,N/A,N/A,N/A,N/A,N/A,N/A,N/A,N/A,N/A,N/A,N/A,N/A,N/A,N/A,N/A,N/A,N/A,N/A,N/A,N/A,N/A,N/A,N/A,N/A,N/A,N/A,N/A,N/A,N/A,N/A,N/A,N/A,N/A,N/A,N/A,N/A,N/A,N/A,N/A,N/A,N/A,N/A,N/A,N/A,N/A,N/A,N/A,N/A,N/A,N/A,N/A,N/A,N/A,N/A,N/A,N/A,N/A,N/A,N/A,N/A,N/A,N/A,N/A,N/A,N/A,N/A,N/A,N/A,N/A,N/A,N/A,N/A,N/A,N/A,N/A,N/A,N/A,N/A,N/A,N/A,N/A,N/A,N/A,N/A,N/A,N/A,N/A,N/A,N/A,N/A,N/A,N/A,N/A,N/A,N/A,N/A,N/A,N/A,N/A,N/A,N/A,N/A,N/A,N/A,N/A,N/A,N/A,N/A,N/A,N/A,N/A,N/A,N/A,N/A,N/A,N/A,N/A,N/A,N/A,N/A,N/A,N/A,N/A,N/A,N/A,N/A,N/A,N/A,N/A,N/A,N/A,N/A,N/A,N/A,N/A,N/A,N/A,N/A,N/A,N/A,N/A,N/A,N/A,N/A,N/A,N/A,N/A,N/A,N/A,N/A,N/A,N/A,N/A,N/A,N/A,N/A,N/A,N/A,N/A,N/A,N/A,N/A,N/A,N/A,N/A,N/A,N/A,N/A,N/A,N/A,N/A,N/A,N/A,N/A,N/A,N/A,N/A,N/A,N/A,N/A,N/A,N/A,N/A,N/A,N/A,N/A,N/A,N/A,N/A,N/A,N/A,N/A,N/A,N/A,N/A,N/A
Martin Rymarkeno,27,923641200,1999/04/09,First League,2026/2027,Forward,Zbrojovka Brno,111,34,77,Slovakia,3,1,2,0,0,0,0,0,0,0,0,1,0,1,2,2,0,0,0,0,0,0,0,0,0,1.62,56,37,0,0,0,-1,-1,-1,8,0,6.53,0,69,15.41,6.33,9,19,4.33,13,16,10.54,8,0.00,0.00,0.00,0,0.00,1.33,1.62,0.67,2,0.00,2.00,0.00,0.00,0.00,1.67,0.33,0.67,0.00,4.05,1.67,1.00,0.00,0.00,0.08,0.00,0.33,0.00,0.00,0,0,,5,1.67,99,0,0.00,32,5,4.05,99,1,2,1,63,0.00,99,0,5,4.05,99,4,40,3.24,78,0,0.00,99,0,0.00,0,0,0.00,0,0.00,14,3,2.43,82,1,0.81,33.33,0,0.00,0,0,0,0.00,0,2,0.00,36,1.62,55,N/A,N/A,N/A,N/A,0.00,0,0.00,0,0.23,0.00,0,68.42,0.00,32,99,0.00,0.00,0,75,45,0,0,0,0.00,0.00,0,45,19.58,0.67,1.62,2,0,0.00,0.00,99,0.00,0,0,0,0.00,0.00,0,0.00,0.00,0.00,0.00,0,0,0.00,62,0,3,61,38,0.03,2,0.01,0.02,0.23,66,0.08,0.19,96,4,1.33,3.24,0.81,0.33,32,1,0.19,65,17,56,88,0,66,46,0,0.00,99,1,0.00,0.81,17.84,7.33,22,7,77,99,5.68,2.33,31.82,6,4.86,0,0,0.00,0,0.00,99,0,0.00,0.00,40,3,85,62,0,0,0,0,0,48,61,77,75,0,99,73,44,44,0,0,49,11,0,0
Martin Šubert,24,1029222000,2002/08/13,First League,2026/2027,Midfielder,Mladá Boleslav,416,227,189,Czech Republic,7,3,4,5,3,2,1,1,0,0,0,2,2,0,5,1,4,1,0,1.3,0.22,1.08,1.19,0.95,83,1.08,83,59,416,416,0.22,2,42,-1,1,0,7.46,0.14,81,26.07,17.33,30,104,13.17,79,36,19.81,30,0.00,0.00,1.17,7,0.00,2.33,1.75,1.17,7,0.00,0.17,0.00,0.00,0.00,0.00,0.33,0.50,2.20,2.76,0.67,1.50,0.00,1.17,0.68,0.00,0.33,0.00,0.00,0,0,,11,1.83,94,7,1.75,99,4,1.00,65,1,2,4,68,0.00,99,0,0,0.00,20,14,81,3.51,81,0,0.00,99,0,0.00,0,0,0.00,0,1.75,87,9,2.26,81,2,0.50,22.22,0,0.00,0,0,0,0.00,0,3,0.00,64,0.75,14,N/A,N/A,N/A,N/A,0.00,0,0.00,0,4.08,0.00,0,75.96,63.64,93,75,0.17,0.25,1,56,28,0,0,0,0.00,0.00,0,45,44.75,0.67,1.00,4,0,0.00,0.00,99,0.00,0,0,0,0.00,0.00,0,0.00,0.00,0.25,0.17,1,0,45.45,96,47,89,62,64,1.01,82,0.17,0.25,4.08,99,0.68,1.02,70,6,1.00,1.50,1.00,0.67,40,4,1.02,99,99,37,88,0,78,31,0,0.00,99,2,0.00,0.50,8.27,5.50,33,17,47,38,4.26,2.83,51.52,1,0.25,72,0,35.71,0,0.00,99,5,0.83,1.25,89,41,85,62,0,1,0,14,0,99,99,99,98,0,99,65,84,62,1,14,66,21,0,0
Martin Suchomel,24,1031727600,2002/09/11,First League,2026/2027,Midfielder,Sparta Praha,344,240,104,Czech Republic,6,3,3,0,0,0,1,1,0,0,0,1,0,1,4,4,0,1,0,0.26,0.26,0,0,0,0,1.05,86,57,344,344,0.26,195,33,-1,17,0,6.59,0.17,83,34.53,22.00,55,132,18.67,112,73,29.30,63,0.00,0.00,0.50,3,0.00,1.00,1.05,0.67,4,0.00,0.67,0.00,0.00,0.00,1.00,0.17,0.67,0.00,0.26,0.00,0.50,0.00,0.17,0.02,0.00,0.17,0.00,0.00,0,0,,1,0.17,18,1,0.26,46,0,0.00,17,2,2,4,39,0.00,99,0,6,1.57,92,6,95,1.57,60,0,0.00,99,0,0.00,0,0,0.00,0,0.78,52,3,0.78,44,1,0.26,33.33,0,0.00,0,0,0,0.00,0,4,0.00,66,1.05,34,N/A,N/A,N/A,N/A,0.00,0,0.00,0,0.13,0.00,0,84.85,100.00,99,74,0.17,0.26,1,37,45,0,0,0,0.50,0.78,3,91,39.55,1.33,2.09,8,0,0.00,0.00,99,0.00,0,0,0,0.00,0.00,0,0.00,0.00,0.00,0.00,0,0,0.00,62,32,48,61,67,0.93,80,0.15,0.24,0.13,27,0.02,0.03,74,6,1.00,1.57,3.14,2.00,97,12,0.03,26,26,68,88,0,66,15,0,0.00,99,1,0.00,0.26,9.42,6.00,36,12,26,55,3.14,2.00,33.33,4,1.05,27,0,50.00,0,0.00,99,3,0.50,0.78,78,41,85,86,0,0,0,0,0,62,61,77,75,0,99,37,78,67,1,17,77,2,0,0
Martin Šviderský,23,1033714800,2002/10/04,First League,2026/2027,Midfielder,Slovácko,406,166,240,Slovakia,7,3,4,0,0,0,0,0,0,0,0,1,1,0,6,2,4,2,0,0,0,0,0,0,0,1.33,68,58,203,0,0.44,167,171,-1,19,0,6.90,0,69,37.01,23.17,62,139,18.17,109,49,29.02,62,0.00,0.00,0.83,5,0.00,1.67,2.93,1.83,11,0.00,0.17,0.00,0.00,0.00,0.50,0.33,0.83,0.00,1.60,0.83,0.83,0.00,0.17,0.05,0.00,0.67,0.00,0.00,0,0,,6,1.00,69,1,0.27,47,5,1.33,78,1,2,4,93,0.00,99,0,3,0.80,56,10,54,2.66,74,0,0.00,99,0,0.00,0,0,0.00,0,1.33,76,5,1.33,62,2,0.53,40.00,0,0.00,0,0,0,0.00,0,5,0.00,48,1.33,46,N/A,N/A,N/A,N/A,0.00,0,0.00,0,0.32,0.00,0,78.42,16.67,43,45,0.33,0.53,2,60,51,0,0,0,0.50,0.80,3,93,41.40,1.67,2.66,10,0,0.00,0.00,99,0.00,0,0,0,0.00,0.00,0,0.00,0.00,0.00,0.00,0,0,0.00,62,44,89,61,49,0.35,46,0.06,0.09,0.32,49,0.05,0.09,49,4,0.67,1.07,0.80,0.50,32,3,0.09,48,68,74,88,0,66,57,0,0.00,99,4,0.00,1.07,9.32,5.83,35,21,75,53,5.59,3.50,60.00,1,0.27,71,0,20.00,0,0.00,99,2,0.33,0.53,70,41,85,62,0,0,0,0,0,48,61,77,75,0,99,31,58,87,2,29,93,6,0,0
Matěj Chaluš,28,886406400,1998/02/02,First League,2026/2027,Defender,Baník Ostrava,290,60,230,Czech Republic,5,2,3,1,0,1,0,0,0,0,0,2,1,1,6,3,3,2,1,0.31,0,0.31,0,0.39,290,1.86,48,58,97,0,0.93,28,151,67,2,0,6.47,0,69,44.69,28.80,81,144,26.00,130,93,40.34,83,0.00,0.00,0.20,1,0.00,0.00,0.31,0.20,1,0.00,0.00,0.00,0.00,0.00,0.40,0.00,1.20,1.00,0.31,0.00,0.00,0.00,0.20,0.15,0.00,0.60,0.00,0.00,0,0,,1,0.20,19,1,0.31,55,0,0.00,17,3,1,4,12,0.00,99,0,2,0.62,45,0,40,0.00,20,0,0.00,99,0,0.00,0,0,0.00,0,0.31,22,0,0.00,12,0,0.00,0.00,0,0.00,0,0,0,0.00,0,6,0.00,24,1.86,68,N/A,N/A,N/A,N/A,0.00,0,0.00,0,0.76,0.00,0,90.28,100.00,99,37,0.40,0.62,2,23,23,0,0,0,0.40,0.62,2,83,32.36,5.80,9.00,29,0,0.00,0.00,99,0.00,0,0,0,0.00,0.00,0,0.00,0.00,0.31,0.20,1,0,100.00,99,20,24,78,24,0.30,46,0.06,0.09,0.76,74,0.15,0.24,59,4,0.80,1.24,1.55,1.00,65,5,0.24,73,11,99,88,0,83,51,0,0.00,99,3,0.00,0.93,6.52,4.20,21,8,15,21,2.48,1.60,38.10,0,0.00,99,0,0.00,0,0.00,99,0,0.00,0.00,40,41,70,95,0,0,0,0,0,71,84,87,75,0,99,76,46,99,1,20,80,37,0,0
Matej Hadas,22,1069747200,2003/11/25,First League,2026/2027,Defender,Sigma Olomouc,110,72,38,Czech Republic,4,2,2,0,0,0,0,0,0,0,0,1,1,0,2,1,1,0,0,0,0,0,0,0,0,1.64,55,28,0,0,0,-1,-1,-1,23,0,6.50,0,69,35.18,10.75,57,43,8.50,34,53,27.82,60,0.00,0.00,0.25,1,0.00,1.00,1.64,0.50,2,0.00,0.75,0.00,0.00,0.00,0.25,0.00,0.50,0.00,2.45,0.50,0.75,0.00,0.25,0.06,0.00,0.00,0.00,0.00,0,0,,3,0.75,88,1,0.82,85,2,1.64,85,2,3,1,63,0.00,99,0,1,0.82,57,4,40,3.27,79,0,0.00,99,0,0.00,0,0,0.00,0,0.82,54,3,2.45,83,0,0.00,0.00,0,0.00,0,0,0,0.00,0,2,0.00,35,1.64,55,N/A,N/A,N/A,N/A,0.00,0,0.00,0,0.25,0.00,0,79.07,33.33,68,99,0.00,0.00,0,23,23,0,0,0,0.00,0.00,0,45,25.99,1.00,3.27,4,0,0.00,0.00,99,0.00,0,0,0,0.00,0.00,0,0.00,0.00,0.00,0.00,0,0,0.00,62,0,12,61,36,0.10,38,0.03,0.08,0.25,67,0.06,0.20,96,4,1.00,3.27,0.82,0.25,32,1,0.20,66,14,77,88,0,66,8,0,0.00,99,0,0.00,0.00,10.64,3.25,13,6,60,73,4.91,1.50,46.15,3,2.45,2,0,0.00,0,0.00,99,0,0.00,0.00,40,3,91,86,0,0,0,0,0,48,61,77,75,0,99,48,44,44,0,0,49,22,0,0
Matěj Hybš,33,726048000,1993/01/03,First League,2026/2027,Defender,Mladá Boleslav,610,270,340,Czech Republic,7,3,4,0,0,0,0,0,0,0,0,2,2,0,9,1,8,2,0,0,0,0,0,0,0,1.33,68,87,305,0,0.3,106,92,47,21,0,6.71,0,69,53.00,53.00,89,318,46.00,276,82,46.00,90,0.00,0.00,0.33,2,0.00,0.17,1.00,1.00,6,0.00,0.33,0.00,0.00,0.00,0.67,0.33,1.00,0.00,0.33,0.17,1.00,0.00,0.17,0.03,0.00,1.00,0.00,0.00,0,0,,2,0.33,20,1,0.17,37,1,0.17,21,1,0,6,36,0.00,99,0,4,0.67,49,1,40,0.17,23,0,0.00,99,0,0.00,0,0,0.00,0,0.33,24,6,1.00,52,2,0.33,33.33,0,0.00,0,0,0,0.00,0,6,0.00,48,1.00,31,N/A,N/A,N/A,N/A,0.00,0,0.00,0,0.16,0.00,0,86.79,50.00,87,47,0.50,0.50,3,46,45,0,0,0,0.50,0.50,3,77,40.28,4.00,4.00,24,0,0.00,0.00,99,0.00,0,0,0,0.00,0.00,0,0.00,0.00,0.00,0.00,0,0,0.00,62,83,89,61,49,0.63,57,0.10,0.11,0.16,27,0.03,0.03,20,3,0.50,0.50,0.50,0.50,17,3,0.03,26,40,81,88,0,66,56,0,0.00,99,6,0.00,1.00,5.17,5.17,31,17,18,12,2.83,2.83,54.84,2,0.33,64,0,0.00,0,0.00,99,0,0.00,0.00,40,78,47,62,0,0,0,0,0,48,61,77,75,0,99,65,73,73,2,29,93,11,0,0
Matěj Jurásek,23,1062226800,2003/08/30,First League,2026/2027,Forward,Sparta Praha,91,30,61,Czech Republic,4,2,2,0,0,0,0,0,0,0,0,1,0,1,0,0,0,0,0,0,0,0,0,0,0,0,0,23,0,0,0,-1,-1,-1,12,0,6.72,0,69,22.75,5.75,22,23,4.50,18,48,17.80,24,0.00,0.00,1.25,5,0.00,3.00,0.99,0.25,1,0.00,0.00,0.00,0.00,0.00,0.00,0.50,0.25,0.00,2.97,0.25,1.25,0.00,0.50,0.09,0.00,0.00,0.00,0.00,0,0,,3,0.75,95,2,1.98,99,1,0.99,63,0,4,0,34,0.00,99,0,0,0.00,20,12,80,11.87,99,0,0.00,99,0,0.00,0,0,0.00,0,4.95,99,5,4.95,99,2,1.98,40.00,0,0.00,0,0,0,0.00,0,1,0.00,99,0.99,29,N/A,N/A,N/A,N/A,0.00,0,0.00,0,0.37,0.00,0,78.26,66.67,95,20,0.25,0.99,1,98,51,0,0,0,0.00,0.00,0,45,26.87,0.25,0.99,1,0,0.00,0.00,99,0.00,0,0,0,0.00,0.00,0,0.00,0.00,0.00,0.00,0,0,0.00,62,0,12,61,0,0.22,77,0.06,0.22,0.37,87,0.09,0.37,96,3,0.75,2.97,1.98,0.50,81,2,0.37,86,43,35,88,0,66,8,0,0.00,99,0,0.00,0.00,14.84,3.75,15,6,80,97,5.93,1.50,40.00,0,0.00,99,0,33.33,0,0.00,99,4,1.00,3.96,99,0,97,23,0,0,0,0,0,48,61,77,75,0,99,48,44,44,0,0,49,31,0,0
Matěj Kadlec,24,1017907200,2002/04/04,First League,2026/2027,Defender,Bohemians 1905,526,270,256,Czech Republic,6,3,3,0,0,0,0,0,0,0,0,3,2,1,6,1,5,0,0,0,0,0,0,0,0,1.03,88,88,0,0,0,185,188,31,13,0,6.77,0,69,39.43,38.20,71,191,26.00,130,15,26.83,57,0.00,0.00,0.60,3,0.00,1.40,2.06,2.00,10,0.00,0.00,0.00,0.00,0.00,0.80,0.60,1.20,0.00,0.21,0.20,1.00,0.00,0.00,0.01,0.00,1.80,0.00,0.00,0,0,,1,0.20,16,0,0.00,32,1,0.21,23,1,0,5,79,0.00,99,0,4,0.83,57,7,71,1.44,57,0,0.00,99,0,0.00,0,0,0.00,0,0.62,42,5,1.03,53,3,0.62,60.00,0,0.00,0,0,0,0.00,0,6,0.00,67,1.24,44,N/A,N/A,N/A,N/A,0.00,0,0.00,0,0.04,0.00,0,68.06,0.00,32,78,0.20,0.21,1,63,77,0,0,0,0.60,0.62,3,83,33.83,3.80,3.92,19,0,0.00,0.00,99,0.00,0,0,0,0.00,0.00,0,0.00,0.00,0.00,0.00,0,0,0.00,62,67,48,61,68,0.46,46,0.09,0.09,0.04,18,0.01,0.01,14,2,0.40,0.41,0.21,0.20,10,1,0.01,17,48,80,88,0,66,78,0,0.00,99,9,0.00,1.86,6.81,6.60,33,24,61,23,4.95,4.80,72.73,0,0.00,99,0,28.57,0,0.00,99,2,0.40,0.41,63,59,47,62,0,0,0,0,0,48,61,77,75,0,99,95,44,44,0,0,49,3,0,0
Matej Malenšek,21,1117090800,2005/05/26,First League,2026/2027,Forward,Jablonec,0,0,0,Slovenia,0,0,0,0,0,0,0,0,0,0,0,0,0,0,0,0,0,0,0,0,0,0,0,0,0,0,0,0,0,0,0,-1,-1,-1,-1,N/A,N/A,N/A,N/A,N/A,N/A,N/A,N/A,N/A,N/A,N/A,N/A,N/A,N/A,N/A,N/A,N/A,N/A,N/A,N/A,N/A,N/A,N/A,N/A,N/A,N/A,N/A,N/A,N/A,N/A,N/A,N/A,N/A,N/A,N/A,N/A,N/A,N/A,N/A,N/A,N/A,N/A,N/A,N/A,N/A,N/A,N/A,N/A,N/A,N/A,N/A,N/A,N/A,N/A,N/A,N/A,N/A,N/A,N/A,N/A,N/A,N/A,N/A,N/A,N/A,N/A,N/A,N/A,N/A,N/A,N/A,N/A,N/A,N/A,N/A,N/A,N/A,N/A,N/A,N/A,N/A,N/A,N/A,N/A,N/A,N/A,N/A,N/A,N/A,N/A,N/A,N/A,N/A,N/A,N/A,N/A,N/A,N/A,N/A,N/A,N/A,N/A,N/A,N/A,N/A,N/A,N/A,N/A,N/A,N/A,N/A,N/A,N/A,N/A,N/A,N/A,N/A,N/A,N/A,N/A,N/A,N/A,N/A,N/A,N/A,N/A,N/A,N/A,N/A,N/A,N/A,N/A,N/A,N/A,N/A,N/A,N/A,N/A,N/A,N/A,N/A,N/A,N/A,N/A,N/A,N/A,N/A,N/A,N/A,N/A,N/A,N/A,N/A,N/A,N/A,N/A,N/A,N/A,N/A,N/A,N/A,N/A,N/A,N/A,N/A,N/A,N/A,N/A,N/A,N/A,N/A,N/A,N/A,N/A,N/A,N/A,N/A,N/A,N/A,N/A,N/A,N/A,N/A,N/A,N/A,N/A,N/A,N/A,N/A,N/A,N/A,N/A,N/A,N/A,N/A,N/A,N/A,N/A,N/A,N/A,N/A,N/A,N/A,N/A,N/A,N/A,N/A,N/A,N/A,N/A,N/A,N/A,N/A,N/A,N/A,N/A,N/A,N/A,N/A,N/A,N/A,N/A,N/A,N/A
Matěj Náprstek,23,1059289200,2003/07/27,First League,2026/2027,Forward,Teplice,44,10,34,Czechia,3,2,1,0,0,0,0,0,0,0,0,0,0,0,1,0,1,0,0,0,0,0,0,0,0,2.05,44,15,0,0,0,-1,-1,-1,11,0,4.40,0,69,18.41,3.00,14,9,2.33,7,45,14.32,16,0.00,0.00,0.33,1,0.00,2.33,0.00,0.00,0,0.00,0.00,0.00,0.00,0.00,0.00,0.00,0.33,0.00,0.00,0.00,0.00,0.00,0.00,0.00,0.00,0.00,0.00,0.00,0,0,,0,0.00,13,0,0.00,32,0,0.00,17,0,3,0,7,0.00,99,0,0,0.00,20,7,71,14.32,99,0,0.00,99,0,0.00,0,0,0.00,0,2.05,93,0,0.00,12,0,0.00,0.00,0,0.00,0,0,0,0.00,0,1,0.00,15,2.05,76,N/A,N/A,N/A,N/A,0.00,0,0.00,0,0.00,0.00,0,77.78,0.00,32,99,0.00,0.00,0,23,23,0,0,0,0.00,0.00,0,45,13.19,0.00,0.00,0,0,0.00,0.00,99,0.00,0,0,0,0.00,0.00,0,0.00,0.00,0.00,0.00,0,0,0.00,62,0,3,61,17,0.05,53,0.02,0.10,0.00,13,0.00,0.00,4,0,0.00,0.00,0.00,0.00,7,0,0.00,13,0,3,88,0,66,8,0,0.00,99,0,0.00,0.00,2.05,0.33,1,0,0,7,0.00,0.00,0.00,0,0.00,99,0,28.57,0,0.00,99,2,0.67,4.09,99,0,91,23,0,0,0,0,0,48,61,77,75,0,99,18,44,44,0,0,49,27,0,0
Matěj Polidar,26,945676800,1999/12/20,First League,2026/2027,Midfielder,Jablonec,232,225,7,Czech Republic,4,3,1,1,1,0,1,1,0,0,0,3,2,1,1,1,0,1,1,0.78,0.39,0.39,0.4,0,232,0.39,232,58,116,232,0.78,-1,-1,-1,7,0,7.02,0.25,94,41.90,27.00,77,108,23.25,93,81,36.08,78,0.00,0.00,1.50,6,0.00,5.50,1.55,1.00,4,0.00,0.00,0.00,0.00,0.00,0.25,0.00,0.25,6.00,2.33,1.25,0.50,0.00,0.25,0.24,0.00,1.25,0.00,0.00,0,0,,6,1.50,84,1,0.39,60,5,1.94,92,0,1,3,63,0.00,99,0,1,0.39,34,22,57,8.53,99,0,0.00,99,0,0.00,0,0,0.00,0,2.33,95,2,0.78,44,0,0.00,0.00,0,0.00,0,0,0,0.00,0,1,0.00,98,0.39,1,N/A,N/A,N/A,N/A,0.00,0,0.00,0,0.96,0.00,0,86.11,16.67,43,27,0.50,0.78,2,23,23,0,0,0,0.00,0.00,0,45,28.07,0.75,1.16,3,0,0.00,0.00,99,0.00,0,0,0,0.00,0.00,0,0.00,0.00,0.39,0.25,1,0,16.67,79,9,12,75,98,1.00,97,0.25,0.39,0.96,87,0.24,0.37,54,3,0.75,1.16,3.10,2.00,96,8,0.37,86,82,41,88,0,86,80,0,0.00,99,5,0.00,1.94,10.86,7.00,28,12,52,75,4.66,3.00,42.86,0,0.00,99,0,22.73,0,0.00,99,5,1.25,1.94,98,26,70,23,0,0,0,0,0,93,87,77,83,0,99,99,47,97,0,0,49,21,0,0
Matěj Pulkrab,29,864370800,1997/05/23,First League,2026/2027,Forward,Teplice,507,303,204,Czech Republic,7,4,3,3,2,1,1,1,0,0,0,2,1,1,10,6,4,0,0,0.71,0.18,0.53,0.59,0.44,169,1.78,51,72,0,507,0,15,50,-1,2,0,7.14,0.14,76,22.37,18.00,22,126,12.71,89,20,15.80,20,0.00,0.00,1.00,7,0.00,0.00,0.71,0.57,4,0.00,0.57,0.00,0.00,0.00,0.29,0.14,1.43,3.67,1.95,1.00,0.86,0.00,0.57,0.37,0.00,3.00,0.00,0.00,0,0,,11,1.57,77,4,0.71,82,7,1.24,74,1,0,7,25,0.00,99,0,2,0.36,33,0,40,0.00,20,0,0.00,99,0,0.00,0,0,0.00,0,1.24,73,6,1.07,55,1,0.18,16.67,0,0.00,0,0,0,0.00,0,10,0.00,29,1.78,63,N/A,N/A,N/A,N/A,0.00,0,0.00,0,2.57,0.00,0,70.63,36.36,69,60,0.29,0.36,2,30,26,0,0,0,0.14,0.18,1,51,49.98,1.29,1.60,9,0,0.00,0.00,99,0.00,0,0,0,0.00,0.00,0,0.00,0.00,0.00,0.00,0,0,27.27,89,63,89,68,30,1.03,72,0.15,0.18,2.57,94,0.37,0.46,59,7,1.00,1.24,2.66,2.14,93,15,0.46,93,91,56,88,0,66,98,0,0.00,99,21,0.00,3.73,12.78,10.29,72,33,80,91,5.86,4.71,45.83,4,0.71,42,0,0.00,0,0.00,99,0,0.00,0.00,40,99,47,62,0,1,0,14,0,91,94,88,89,0,99,65,44,44,0,0,49,10,0,0
Matěj Radosta,25,989478000,2001/05/10,First League,2026/2027,Midfielder,Teplice,595,359,236,Czech Republic,7,4,3,2,2,0,3,2,1,0,0,2,1,1,11,8,3,2,0,0.76,0.45,0.3,0.5,0,298,1.66,54,85,298,198,0.3,31,7,-1,4,0,7.04,0.43,96,25.11,23.71,27,166,18.29,128,42,19.36,29,0.00,0.00,2.00,14,0.00,3.00,1.06,1.00,7,0.00,0.29,0.00,0.00,0.00,0.14,0.57,1.57,3.50,1.06,0.57,2.29,0.00,0.43,0.24,0.00,0.57,0.00,0.00,0,0,,7,1.00,50,3,0.45,67,4,0.61,44,1,0,7,41,0.00,99,0,1,0.15,21,21,80,3.18,78,0,0.00,99,0,0.00,0,0,0.00,0,2.12,93,16,2.42,82,4,0.61,25.00,0,0.00,0,0,0,0.00,0,11,0.00,34,1.66,55,N/A,N/A,N/A,N/A,0.00,0,0.00,0,1.71,0.00,0,77.11,42.86,74,28,0.71,0.76,5,63,32,0,0,0,0.00,0.00,0,45,49.25,0.71,0.76,5,0,0.00,0.00,99,0.00,0,0,0,0.00,0.00,0,0.00,0.00,0.00,0.00,0,0,28.57,90,81,89,79,35,2.49,95,0.36,0.38,1.71,77,0.24,0.26,70,10,1.43,1.51,0.91,0.86,37,6,0.26,76,85,27,88,0,66,40,0,0.00,99,4,0.00,0.61,8.17,7.71,54,24,32,36,3.63,3.43,44.44,2,0.30,68,0,33.33,0,0.00,99,7,1.00,1.06,83,99,47,62,0,0,0,0,0,92,83,77,87,0,99,65,71,73,2,29,93,35,0,0
Matej Riznič,22,1086332400,2004/06/04,First League,2026/2027,Midfielder,Teplice,538,288,250,Slovakia,7,4,3,0,0,0,0,0,0,0,0,2,1,1,10,6,4,2,0,0,0,0,0,0,0,1.67,54,77,269,0,0.33,139,140,-1,21,0,6.92,0,69,37.30,31.86,63,223,24.14,169,35,28.27,61,0.00,0.00,1.00,7,0.00,4.00,2.01,1.71,12,0.00,0.57,0.00,0.00,0.00,1.57,0.71,1.43,0.00,1.51,0.86,1.29,0.00,0.43,0.10,0.00,0.71,0.00,0.00,0,0,,9,1.29,65,3,0.50,73,6,1.00,65,2,0,7,77,0.00,99,0,11,1.84,96,28,63,4.68,93,0,0.00,99,0,0.00,0,0,0.00,0,1.17,69,9,1.51,66,5,0.84,55.56,0,0.00,0,0,0,0.00,0,10,0.00,34,1.67,56,N/A,N/A,N/A,N/A,0.00,0,0.00,0,0.68,0.00,0,75.78,33.33,68,20,0.86,1.00,6,77,68,0,0,0,0.29,0.33,2,67,48.47,3.71,4.35,26,0,0.00,0.00,99,0.00,0,0,0,0.00,0.00,0,0.00,0.00,0.00,0.00,0,0,0.00,62,69,89,61,35,0.60,53,0.09,0.10,0.68,53,0.10,0.11,95,17,2.43,2.84,1.17,1.00,49,7,0.11,52,70,84,88,0,66,47,0,0.00,99,5,0.00,0.84,10.54,9.00,63,39,92,73,6.52,5.57,61.90,4,0.67,44,0,25.00,0,0.00,99,7,1.00,1.17,87,99,47,86,0,0,0,0,0,48,61,77,75,0,99,65,67,78,2,29,93,25,0,0
Matěj Ryneš,25,991206000,2001/05/30,First League,2026/2027,Midfielder,Sparta Praha,339,208,131,Czech Republic,6,3,3,1,0,1,1,1,0,0,0,1,0,1,4,3,1,0,0,0.53,0.27,0.27,0,0.69,339,1.06,85,57,0,339,0,43,29,-1,7,0,6.82,0.17,85,55.75,35.00,92,210,30.67,184,84,48.85,92,0.00,0.00,0.83,5,0.00,3.67,1.06,0.67,4,0.00,0.17,0.00,0.00,0.00,0.67,0.17,0.83,2.00,0.53,0.17,0.50,0.00,0.17,0.13,0.00,0.33,0.00,0.00,0,0,,2,0.33,29,1,0.27,47,1,0.27,26,0,3,3,41,0.00,99,0,4,1.06,73,22,46,5.84,96,0,0.00,99,0,0.00,0,0,0.00,0,1.33,76,3,0.80,44,1,0.27,33.33,0,0.00,0,0,0,0.00,0,5,0.00,65,1.33,46,N/A,N/A,N/A,N/A,0.00,0,0.00,0,0.79,0.00,0,87.62,50.00,87,17,0.67,1.06,4,38,45,0,0,0,0.17,0.27,1,60,40.92,0.83,1.33,5,0,0.00,0.00,99,0.00,0,0,0,0.00,0.00,0,0.00,0.00,0.27,0.17,1,0,50.00,99,31,48,85,66,1.16,91,0.19,0.31,0.79,69,0.13,0.21,35,3,0.50,0.80,1.33,0.83,57,5,0.21,68,55,50,88,0,80,33,0,0.00,99,2,0.00,0.53,6.11,3.83,23,10,17,15,2.65,1.67,43.48,1,0.27,71,0,13.64,0,0.00,99,3,0.50,0.80,79,26,91,23,0,0,0,0,0,86,78,97,75,0,99,37,44,44,0,0,49,11,0,0
Matěj Šurýn,21,1095836400,2004/09/22,First League,2026/2027,Midfielder,Bohemians 1905,0,0,0,Czech Republic,0,0,0,0,0,0,0,0,0,0,0,0,0,0,0,0,0,0,0,0,0,0,0,0,0,0,0,0,0,0,0,-1,-1,-1,-1,N/A,N/A,N/A,N/A,N/A,N/A,N/A,N/A,N/A,N/A,N/A,N/A,N/A,N/A,N/A,N/A,N/A,N/A,N/A,N/A,N/A,N/A,N/A,N/A,N/A,N/A,N/A,N/A,N/A,N/A,N/A,N/A,N/A,N/A,N/A,N/A,N/A,N/A,N/A,N/A,N/A,N/A,N/A,N/A,N/A,N/A,N/A,N/A,N/A,N/A,N/A,N/A,N/A,N/A,N/A,N/A,N/A,N/A,N/A,N/A,N/A,N/A,N/A,N/A,N/A,N/A,N/A,N/A,N/A,N/A,N/A,N/A,N/A,N/A,N/A,N/A,N/A,N/A,N/A,N/A,N/A,N/A,N/A,N/A,N/A,N/A,N/A,N/A,N/A,N/A,N/A,N/A,N/A,N/A,N/A,N/A,N/A,N/A,N/A,N/A,N/A,N/A,N/A,N/A,N/A,N/A,N/A,N/A,N/A,N/A,N/A,N/A,N/A,N/A,N/A,N/A,N/A,N/A,N/A,N/A,N/A,N/A,N/A,N/A,N/A,N/A,N/A,N/A,N/A,N/A,N/A,N/A,N/A,N/A,N/A,N/A,N/A,N/A,N/A,N/A,N/A,N/A,N/A,N/A,N/A,N/A,N/A,N/A,N/A,N/A,N/A,N/A,N/A,N/A,N/A,N/A,N/A,N/A,N/A,N/A,N/A,N/A,N/A,N/A,N/A,N/A,N/A,N/A,N/A,N/A,N/A,N/A,N/A,N/A,N/A,N/A,N/A,N/A,N/A,N/A,N/A,N/A,N/A,N/A,N/A,N/A,N/A,N/A,N/A,N/A,N/A,N/A,N/A,N/A,N/A,N/A,N/A,N/A,N/A,N/A,N/A,N/A,N/A,N/A,N/A,N/A,N/A,N/A,N/A,N/A,N/A,N/A,N/A,N/A,N/A,N/A,N/A,N/A,N/A,N/A,N/A,N/A,N/A,N/A
Matej Valenta,26,950083200,2000/02/09,First League,2026/2027,Midfielder,Hradec Králové,226,59,167,Czech Republic,6,3,3,0,0,0,0,0,0,0,0,2,1,1,1,0,1,1,0,0,0,0,0,0,0,0.4,226,38,226,0,0.4,-1,-1,-1,5,0,6.72,0,69,49.38,20.67,86,124,17.17,103,66,41.02,84,0.00,0.00,0.83,5,0.00,0.17,2.79,1.17,7,0.00,0.67,0.00,0.00,0.00,0.50,0.50,0.17,0.00,0.00,0.00,0.67,0.00,0.00,0.00,0.00,0.50,0.00,0.00,0,0,,0,0.00,13,0,0.00,32,0,0.00,17,2,3,3,91,0.00,99,0,3,1.19,77,1,99,0.40,31,0,0.00,99,0,0.00,0,0,0.00,0,1.99,92,4,1.59,70,3,1.19,75.00,0,0.00,0,0,0,0.00,0,1,0.00,97,0.40,2,N/A,N/A,N/A,N/A,0.00,0,0.00,0,0.00,0.00,0,83.06,0.00,32,58,0.17,0.40,1,88,87,0,0,0,0.33,0.80,2,93,40.33,0.67,1.59,4,0,0.00,0.00,99,0.00,0,0,0,0.00,0.00,0,0.00,0.00,0.00,0.00,0,0,0.00,62,9,48,61,98,0.43,70,0.07,0.17,0.00,13,0.00,0.00,57,3,0.50,1.19,1.59,0.67,67,4,0.00,13,43,55,88,0,66,61,0,0.00,99,3,0.00,1.19,9.56,4.00,24,14,74,58,5.58,2.33,58.33,4,1.59,13,0,100.00,0,0.00,99,1,0.17,0.40,62,26,91,86,0,0,0,0,0,48,61,77,75,0,99,73,63,83,1,17,77,9,0,0
Matěj Vydra,34,704703600,1992/05/01,First League,2026/2027,Forward,Viktoria Plzeň,174,110,64,Czech Republic,3,2,1,1,0,1,0,0,0,0,0,0,0,0,7,2,5,1,0,0.52,0,0.52,0,1.41,174,3.62,25,58,174,0,0.52,-1,-1,-1,7,0,6.69,0,69,19.14,12.33,17,37,9.33,28,34,14.48,16,0.00,0.00,0.33,1,0.00,0.00,0.52,0.33,1,0.00,0.33,0.00,0.00,0.00,0.00,0.33,2.67,4.00,2.07,1.00,1.33,0.00,0.33,0.29,0.00,2.00,0.00,0.00,0,0,,4,1.33,80,1,0.52,73,3,1.55,83,2,1,2,17,0.00,99,0,0,0.00,20,0,40,0.00,20,0,0.00,99,0,0.00,0,0,0.00,0,0.52,36,4,2.07,79,1,0.52,25.00,0,0.00,0,0,0,0.00,0,8,0.00,0,4.14,96,N/A,N/A,N/A,N/A,0.00,0,0.00,0,0.86,0.00,0,75.68,25.00,53,99,0.00,0.00,0,59,32,0,0,0,0.00,0.00,0,45,20.08,1.00,1.55,3,0,0.00,0.00,99,0.00,0,0,0,0.00,0.00,0,0.00,0.00,0.00,0.00,0,0,25.00,87,0,3,68,0,0.11,24,0.04,0.06,0.86,93,0.29,0.44,21,1,0.33,0.52,1.55,1.00,65,3,0.44,92,36,53,88,0,66,91,0,0.00,99,6,0.00,3.10,11.90,7.67,23,9,52,85,4.66,3.00,39.13,1,0.52,50,0,0.00,0,0.00,99,0,0.00,0.00,40,8,70,86,0,0,0,0,0,85,94,99,75,0,99,18,53,92,1,33,96,11,0,0
Matěj Zachoval,21,1113030000,2005/04/09,First League,2026/2027,Defender,Mladá Boleslav,56,36,20,Czech Republic,2,1,1,0,0,0,0,0,0,0,0,1,1,0,0,0,0,0,0,0,0,0,0,0,0,0,0,28,0,0,0,-1,-1,-1,15,0,6.86,0,69,40.00,16.00,73,16,12.00,12,33,30.00,66,0.00,0.00,1.00,1,0.00,0.00,5.00,2.00,2,0.00,0.00,0.00,0.00,0.00,0.00,0.00,0.00,0.00,0.00,0.00,1.00,0.00,0.00,0.00,0.00,0.00,0.00,0.00,0,0,,0,0.00,13,0,0.00,32,0,0.00,17,0,1,0,99,0.00,99,0,0,0.00,20,0,40,0.00,20,0,0.00,99,0,0.00,0,0,0.00,0,2.50,96,1,2.50,83,0,0.00,0.00,0,0.00,0,0,0,0.00,0,0,0.00,99,0.00,0,N/A,N/A,N/A,N/A,0.00,0,0.00,0,0.00,0.00,0,75.00,0.00,32,99,0.00,0.00,0,23,23,0,0,0,1.00,2.50,1,99,6.86,1.00,2.50,1,0,0.00,0.00,99,0.00,0,0,0,0.00,0.00,0,0.00,0.00,0.00,0.00,0,0,0.00,62,0,0,61,0,0.07,72,0.07,0.18,0.00,13,0.00,0.00,91,1,1.00,2.50,0.00,0.00,7,0,0.00,13,61,73,88,0,66,8,0,0.00,99,0,0.00,0.00,12.50,5.00,5,3,98,90,7.50,3.00,60.00,0,0.00,99,0,0.00,0,0.00,99,0,0.00,0.00,40,0,70,23,0,0,0,0,0,48,61,77,75,0,99,95,44,44,0,0,49,26,0,0
Matěj Mikulenka,22,1075968000,2004/02/05,First League,2026/2027,Midfielder,Sigma Olomouc,11,4,7,Czechia,3,1,2,0,0,0,0,0,0,0,0,0,0,0,0,0,0,0,0,0,0,0,0,0,0,0,0,4,0,0,0,-1,-1,-1,17,0,2.19,0,69,45.00,2.00,81,6,1.67,5,67,37.50,80,0.00,0.00,0.00,0,0.00,0.00,7.50,0.33,1,0.00,0.33,0.00,0.00,0.00,0.00,0.67,0.00,0.00,7.50,0.00,0.67,0.00,0.33,0.05,0.00,0.00,0.00,0.00,0,0,,1,0.33,99,1,7.50,99,0,0.00,17,0,3,0,99,0.00,99,0,0,0.00,20,0,40,0.00,20,0,0.00,99,0,0.00,0,0,0.00,0,0.00,14,2,15.00,99,2,15.00,100.00,0,0.00,0,0,0,0.00,0,0,0.00,99,0.00,0,N/A,N/A,N/A,N/A,0.00,0,0.00,0,0.15,0.00,0,83.33,100.00,99,99,0.00,0.00,0,99,99,0,0,0,0.00,0.00,0,45,6.57,1.00,22.50,3,0,0.00,0.00,99,0.00,0,0,0,0.00,0.00,0,0.00,0.00,0.00,0.00,0,0,0.00,62,0,3,61,0,0.01,38,0.00,0.08,0.15,99,0.05,1.12,4,0,0.00,0.00,0.00,0.00,7,0,1.12,99,0,99,88,0,66,8,0,0.00,99,0,0.00,0.00,37.50,1.67,5,3,99,99,22.50,1.00,60.00,1,7.50,0,0,0.00,0,0.00,99,0,0.00,0.00,40,0,91,23,0,0,0,0,0,48,61,77,75,0,99,18,44,44,0,0,49,25,0,0
Mathews Banda,21,1123311600,2005/08/06,First League,2026/2027,Defender,Bohemians 1905,21,0,21,Zambia,2,0,2,0,0,0,0,0,0,0,0,0,0,0,1,0,1,0,0,0,0,0,0,0,0,4.29,21,11,0,0,0,-1,-1,-1,7,0,6.46,0,69,34.29,4.00,55,8,3.50,7,83,30.00,66,0.00,0.00,0.00,0,0.00,1.00,0.00,0.00,0,0.00,0.00,0.00,0.00,0.00,0.00,0.50,0.50,0.00,4.29,0.50,0.50,0.00,0.00,0.03,0.00,0.00,0.00,0.00,0,0,,1,0.50,99,0,0.00,32,1,4.29,99,0,2,0,7,0.00,99,0,0,0.00,20,2,40,8.57,99,0,0.00,99,0,0.00,0,0,0.00,0,0.00,14,1,4.29,98,1,4.29,100.00,0,0.00,0,0,0,0.00,0,1,0.00,0,4.29,96,N/A,N/A,N/A,N/A,0.00,0,0.00,0,0.05,0.00,0,87.50,0.00,32,99,0.00,0.00,0,99,99,0,0,0,0.00,0.00,0,45,12.91,1.00,8.57,2,0,0.00,0.00,99,0.00,0,0,0,0.00,0.00,0,0.00,0.00,0.00,0.00,0,0,0.00,62,0,0,61,0,0.01,8,0.01,0.04,0.05,69,0.03,0.21,4,0,0.00,0.00,0.00,0.00,7,0,0.21,68,10,99,88,0,66,8,0,0.00,99,0,0.00,0.00,8.57,1.00,2,1,47,43,4.29,0.50,50.00,0,0.00,99,0,0.00,0,0.00,99,0,0.00,0.00,40,0,85,23,0,0,0,0,0,48,61,77,75,0,99,18,44,44,0,0,49,15,0,0
Matouš Babka,24,1009958400,2002/01/02,First League,2026/2027,Goalkeeper,Baník Ostrava,0,0,0,Czech Republic,0,0,0,0,0,0,0,0,0,0,0,0,0,0,0,0,0,0,0,0,0,0,0,0,0,0,0,0,0,0,0,-1,-1,-1,-1,N/A,N/A,N/A,N/A,N/A,N/A,N/A,N/A,N/A,N/A,N/A,N/A,N/A,N/A,N/A,N/A,N/A,N/A,N/A,N/A,N/A,N/A,N/A,N/A,N/A,N/A,N/A,N/A,N/A,N/A,N/A,N/A,N/A,N/A,N/A,N/A,N/A,N/A,N/A,N/A,N/A,N/A,N/A,N/A,N/A,N/A,N/A,N/A,N/A,N/A,N/A,N/A,N/A,N/A,N/A,N/A,N/A,N/A,N/A,N/A,N/A,N/A,N/A,N/A,N/A,N/A,N/A,N/A,N/A,N/A,N/A,N/A,N/A,N/A,N/A,N/A,N/A,N/A,N/A,N/A,N/A,N/A,N/A,N/A,N/A,N/A,N/A,N/A,N/A,N/A,N/A,N/A,N/A,N/A,N/A,N/A,N/A,N/A,N/A,N/A,N/A,N/A,N/A,N/A,N/A,N/A,N/A,N/A,N/A,N/A,N/A,N/A,N/A,N/A,N/A,N/A,N/A,N/A,N/A,N/A,N/A,N/A,N/A,N/A,N/A,N/A,N/A,N/A,N/A,N/A,N/A,N/A,N/A,N/A,N/A,N/A,N/A,N/A,N/A,N/A,N/A,N/A,N/A,N/A,N/A,N/A,N/A,N/A,N/A,N/A,N/A,N/A,N/A,N/A,N/A,N/A,N/A,N/A,N/A,N/A,N/A,N/A,N/A,N/A,N/A,N/A,N/A,N/A,N/A,N/A,N/A,N/A,N/A,N/A,N/A,N/A,N/A,N/A,N/A,N/A,N/A,N/A,N/A,N/A,N/A,N/A,N/A,N/A,N/A,N/A,N/A,N/A,N/A,N/A,N/A,N/A,N/A,N/A,N/A,N/A,N/A,N/A,N/A,N/A,N/A,N/A,N/A,N/A,N/A,N/A,N/A,N/A,N/A,N/A,N/A,N/A,N/A,N/A,N/A,N/A,N/A,N/A,N/A,N/A
Matouš Trmal,27,907311600,1998/10/02,First League,2026/2027,Goalkeeper,Teplice,630,360,270,Czech Republic,7,4,3,0,0,0,0,0,0,0,0,2,1,1,13,8,5,0,0,0,0,0,0,0,0,1.86,48,90,0,0,0,160,180,66,19,0,6.67,0,69,28.14,28.14,36,197,17.00,119,5,17.00,21,0.00,0.00,0.00,0,0.00,0.00,0.00,0.00,0,0.00,0.00,0.00,0.00,2.86,0.00,0.00,4.71,0.00,0.00,0.00,0.00,0.00,0.00,0.00,0.00,0.29,0.00,0.00,0,0,,0,0.00,13,0,0.00,32,0,0.00,17,0,0,7,7,0.00,99,0,0,0.00,20,0,40,0.00,20,0,0.00,99,0,0.00,0,0,0.00,0,0.00,14,0,0.00,12,0,0.00,0.00,0,0.00,0,20,39,2.86,72,33,0.00,24,4.71,99,N/A,N/A,N/A,N/A,60.61,0,0.00,0,0.00,0.00,0,60.41,0.00,32,99,0.00,0.00,0,23,23,0,0,11,0.00,0.00,0,45,46.66,1.00,1.00,7,0,0.00,0.00,99,0.00,0,0,0,0.00,0.00,3,0.43,0.43,0.00,0.00,0,0,0.00,62,94,89,61,24,0.21,3,0.03,0.03,0.00,13,0.00,0.00,5,1,0.14,0.14,0.00,0.00,7,0,0.00,13,33,37,88,50,66,18,0,0.00,99,2,0.00,0.29,0.43,0.43,3,3,4,4,0.43,0.43,100.00,0,0.00,99,0,0.00,0,0.00,99,0,0.00,0.00,40,99,47,23,0,0,0,0,0,48,61,77,75,0,99,65,44,44,0,0,49,29,0,0
Matousek Filip,25,994921200,2001/07/12,First League,2026/2027,Defender,Mladá Boleslav,198,19,179,Czech Republic,3,1,2,0,0,0,0,0,0,0,0,1,1,0,5,0,5,1,0,0,0,0,0,0,0,2.27,40,66,198,0,0.45,-1,-1,-1,20,0,6.25,0,69,28.33,17.00,36,34,14.00,28,62,23.33,45,0.00,0.00,0.50,1,0.00,0.00,5.00,3.00,6,0.00,1.00,0.00,0.00,0.00,1.00,0.00,1.00,0.00,0.83,0.50,0.00,0.00,0.00,0.03,0.00,0.00,0.00,0.00,0,0,,1,0.50,42,0,0.00,32,1,0.83,56,3,1,1,99,0.00,99,0,2,1.67,94,0,40,0.00,20,0,0.00,99,0,0.00,0,0,0.00,0,0.83,55,0,0.00,12,0,0.00,0.00,0,0.00,0,0,0,0.00,0,2,0.00,8,1.67,56,N/A,N/A,N/A,N/A,0.00,0,0.00,0,0.06,0.00,0,82.35,0.00,32,25,0.50,0.83,1,23,23,0,0,0,0.00,0.00,0,45,12.50,2.00,3.33,4,0,0.00,0.00,99,0.00,0,0,0,0.00,0.00,0,0.00,0.00,0.00,0.00,0,0,0.00,62,4,3,61,11,0.10,38,0.05,0.08,0.06,36,0.03,0.05,37,1,0.50,0.83,0.83,0.50,32,1,0.05,35,5,77,88,0,66,8,0,0.00,99,0,0.00,0.00,11.67,7.00,14,7,79,82,5.83,3.50,50.00,2,1.67,12,0,0.00,0,0.00,99,0,0.00,0.00,40,3,70,95,0,0,0,0,0,48,61,77,75,0,99,73,57,88,1,33,96,32,0,0
Matúš Hruška,31,779785200,1994/09/17,First League,2026/2027,Goalkeeper,Sigma Olomouc,0,0,0,Slovakia,0,0,0,0,0,0,0,0,0,0,0,0,0,0,0,0,0,0,0,0,0,0,0,0,0,0,0,0,0,0,0,-1,-1,-1,-1,N/A,N/A,N/A,N/A,N/A,N/A,N/A,N/A,N/A,N/A,N/A,N/A,N/A,N/A,N/A,N/A,N/A,N/A,N/A,N/A,N/A,N/A,N/A,N/A,N/A,N/A,N/A,N/A,N/A,N/A,N/A,N/A,N/A,N/A,N/A,N/A,N/A,N/A,N/A,N/A,N/A,N/A,N/A,N/A,N/A,N/A,N/A,N/A,N/A,N/A,N/A,N/A,N/A,N/A,N/A,N/A,N/A,N/A,N/A,N/A,N/A,N/A,N/A,N/A,N/A,N/A,N/A,N/A,N/A,N/A,N/A,N/A,N/A,N/A,N/A,N/A,N/A,N/A,N/A,N/A,N/A,N/A,N/A,N/A,N/A,N/A,N/A,N/A,N/A,N/A,N/A,N/A,N/A,N/A,N/A,N/A,N/A,N/A,N/A,N/A,N/A,N/A,N/A,N/A,N/A,N/A,N/A,N/A,N/A,N/A,N/A,N/A,N/A,N/A,N/A,N/A,N/A,N/A,N/A,N/A,N/A,N/A,N/A,N/A,N/A,N/A,N/A,N/A,N/A,N/A,N/A,N/A,N/A,N/A,N/A,N/A,N/A,N/A,N/A,N/A,N/A,N/A,N/A,N/A,N/A,N/A,N/A,N/A,N/A,N/A,N/A,N/A,N/A,N/A,N/A,N/A,N/A,N/A,N/A,N/A,N/A,N/A,N/A,N/A,N/A,N/A,N/A,N/A,N/A,N/A,N/A,N/A,N/A,N/A,N/A,N/A,N/A,N/A,N/A,N/A,N/A,N/A,N/A,N/A,N/A,N/A,N/A,N/A,N/A,N/A,N/A,N/A,N/A,N/A,N/A,N/A,N/A,N/A,N/A,N/A,N/A,N/A,N/A,N/A,N/A,N/A,N/A,N/A,N/A,N/A,N/A,N/A,N/A,N/A,N/A,N/A,N/A,N/A,N/A,N/A,N/A,N/A,N/A,N/A
Matúš Kmet,26,962089200,2000/06/27,First League,2026/2027,Defender,Baník Ostrava,48,0,48,Slovakia,2,0,2,0,0,0,0,0,0,0,0,0,0,0,2,0,2,0,0,0,0,0,0,0,0,3.75,24,24,0,0,0,-1,-1,-1,9,0,6.25,0,69,39.38,10.50,71,21,8.00,16,37,30.00,66,0.00,0.00,1.00,2,0.00,3.00,0.00,0.00,0,0.00,0.00,0.00,0.00,0.00,0.00,0.00,1.00,0.00,1.88,0.50,0.00,0.00,0.00,0.03,0.00,0.00,0.00,0.00,0,0,,1,0.50,74,0,0.00,32,1,1.88,91,0,2,0,7,0.00,99,0,0,0.00,20,6,49,11.25,99,0,0.00,99,0,0.00,0,0,0.00,0,3.75,99,0,0.00,12,0,0.00,0.00,0,0.00,0,0,0,0.00,0,2,0.00,0,3.75,95,N/A,N/A,N/A,N/A,0.00,0,0.00,0,0.06,0.00,0,76.19,0.00,32,1,0.50,1.88,1,23,23,0,0,0,0.00,0.00,0,45,12.51,0.00,0.00,0,0,0.00,0.00,99,0.00,0,0,0,0.00,0.00,0,0.00,0.00,0.00,0.00,0,0,0.00,62,0,0,61,0,0.11,76,0.06,0.21,0.06,53,0.03,0.11,4,0,0.00,0.00,0.00,0.00,7,0,0.11,52,5,3,88,0,66,8,0,0.00,99,0,0.00,0.00,3.75,1.00,2,0,0,7,0.00,0.00,0.00,0,0.00,99,0,16.67,0,0.00,99,1,0.50,1.88,97,0,85,23,0,0,0,0,0,48,61,77,75,0,99,18,44,44,0,0,49,81,0,0
Matúš Malý,25,994834800,2001/07/11,First League,2026/2027,Defender,Sigma Olomouc,427,167,260,Slovakia,5,2,3,0,0,0,0,0,0,0,0,1,1,0,3,0,3,0,0,0,0,0,0,0,0,0.63,142,85,0,0,0,88,81,13,10,0,6.83,0,69,67.61,64.00,98,320,59.40,297,99,62.75,98,0.00,0.00,0.40,2,0.00,0.00,0.63,0.60,3,0.00,0.20,0.00,0.00,0.00,1.20,0.00,0.60,0.00,0.00,0.00,0.00,0.00,0.00,0.00,0.00,2.60,0.00,0.00,0,0,,0,0.00,13,0,0.00,32,0,0.00,17,3,0,5,23,0.00,99,0,6,1.27,82,0,40,0.00,20,0,0.00,99,0,0.00,0,0,0.00,0,0.42,29,0,0.00,12,0,0.00,0.00,0,0.00,0,0,0,0.00,0,3,0.00,88,0.63,11,N/A,N/A,N/A,N/A,0.00,0,0.00,0,0.00,0.00,0,92.81,0.00,32,37,0.60,0.63,3,23,23,0,0,0,0.00,0.00,0,45,34.13,3.20,3.38,16,0,0.00,0.00,99,0.00,0,0,0,0.00,0.00,0,0.00,0.00,0.00,0.00,0,0,0.00,62,48,24,61,88,0.72,67,0.14,0.15,0.00,13,0.00,0.00,48,5,1.00,1.06,1.27,1.20,54,6,0.00,13,57,77,88,0,66,89,0,0.00,99,13,0.00,2.75,8.24,7.80,39,19,41,37,4.01,3.80,48.72,1,0.21,76,0,0.00,0,0.00,99,0,0.00,0.00,40,59,47,95,0,0,0,0,0,48,61,77,75,0,99,42,44,44,0,0,49,33,0,0
Matyas Barcal,17,1244530800,2009/06/09,First League,2026/2027,Goalkeeper,Slovan Liberec,0,0,0,Czech Republic,0,0,0,0,0,0,0,0,0,0,0,0,0,0,0,0,0,0,0,0,0,0,0,0,0,0,0,0,0,0,0,-1,-1,-1,-1,N/A,N/A,N/A,N/A,N/A,N/A,N/A,N/A,N/A,N/A,N/A,N/A,N/A,N/A,N/A,N/A,N/A,N/A,N/A,N/A,N/A,N/A,N/A,N/A,N/A,N/A,N/A,N/A,N/A,N/A,N/A,N/A,N/A,N/A,N/A,N/A,N/A,N/A,N/A,N/A,N/A,N/A,N/A,N/A,N/A,N/A,N/A,N/A,N/A,N/A,N/A,N/A,N/A,N/A,N/A,N/A,N/A,N/A,N/A,N/A,N/A,N/A,N/A,N/A,N/A,N/A,N/A,N/A,N/A,N/A,N/A,N/A,N/A,N/A,N/A,N/A,N/A,N/A,N/A,N/A,N/A,N/A,N/A,N/A,N/A,N/A,N/A,N/A,N/A,N/A,N/A,N/A,N/A,N/A,N/A,N/A,N/A,N/A,N/A,N/A,N/A,N/A,N/A,N/A,N/A,N/A,N/A,N/A,N/A,N/A,N/A,N/A,N/A,N/A,N/A,N/A,N/A,N/A,N/A,N/A,N/A,N/A,N/A,N/A,N/A,N/A,N/A,N/A,N/A,N/A,N/A,N/A,N/A,N/A,N/A,N/A,N/A,N/A,N/A,N/A,N/A,N/A,N/A,N/A,N/A,N/A,N/A,N/A,N/A,N/A,N/A,N/A,N/A,N/A,N/A,N/A,N/A,N/A,N/A,N/A,N/A,N/A,N/A,N/A,N/A,N/A,N/A,N/A,N/A,N/A,N/A,N/A,N/A,N/A,N/A,N/A,N/A,N/A,N/A,N/A,N/A,N/A,N/A,N/A,N/A,N/A,N/A,N/A,N/A,N/A,N/A,N/A,N/A,N/A,N/A,N/A,N/A,N/A,N/A,N/A,N/A,N/A,N/A,N/A,N/A,N/A,N/A,N/A,N/A,N/A,N/A,N/A,N/A,N/A,N/A,N/A,N/A,N/A,N/A,N/A,N/A,N/A,N/A,N/A
Matyáš Kozák,25,988959600,2001/05/04,First League,2026/2027,Forward,Teplice,23,23,0,Czech Republic,1,1,0,0,0,0,0,0,0,0,0,0,0,0,1,1,0,0,0,0,0,0,0,0,0,3.91,23,23,0,0,0,-1,-1,-1,16,0,6.90,0,69,15.65,4.00,10,4,2.00,2,0,7.83,3,0.00,0.00,0.00,0,0.00,1.00,0.00,0.00,0,0.00,0.00,0.00,0.00,0.00,0.00,0.00,1.00,0.00,11.74,2.00,0.00,0.00,1.00,0.24,0.00,1.00,0.00,0.00,0,0,,3,3.00,99,1,3.91,99,2,7.83,99,0,1,0,7,0.00,99,0,0,0.00,20,1,40,3.91,85,0,0.00,99,0,0.00,0,0,0.00,0,0.00,14,0,0.00,12,0,0.00,0.00,0,0.00,0,0,0,0.00,0,1,0.00,0,3.91,96,N/A,N/A,N/A,N/A,0.00,0,0.00,0,0.24,0.00,0,50.00,33.33,68,99,0.00,0.00,0,23,23,0,0,0,0.00,0.00,0,45,6.90,0.00,0.00,0,0,0.00,0.00,99,0.00,0,0,0,0.00,0.00,0,0.00,0.00,0.00,0.00,0,0,0.00,62,0,0,61,0,0.00,0,0.00,0.00,0.24,99,0.24,0.94,99,1,1.00,3.91,0.00,0.00,7,0,0.94,99,68,3,88,0,66,98,0,0.00,99,1,0.00,3.91,11.74,3.00,3,2,98,83,7.83,2.00,66.67,0,0.00,99,0,0.00,0,0.00,99,0,0.00,0.00,40,0,70,23,0,0,0,0,0,48,61,77,75,0,99,18,44,44,0,0,49,11,0,0
Matyás Vágner,23,1044432000,2003/02/05,First League,2026/2027,Goalkeeper,Hradec Králové,0,0,0,Czech Republic,0,0,0,0,0,0,0,0,0,0,0,0,0,0,0,0,0,0,0,0,0,0,0,0,0,0,0,0,0,0,0,-1,-1,-1,-1,N/A,N/A,N/A,N/A,N/A,N/A,N/A,N/A,N/A,N/A,N/A,N/A,N/A,N/A,N/A,N/A,N/A,N/A,N/A,N/A,N/A,N/A,N/A,N/A,N/A,N/A,N/A,N/A,N/A,N/A,N/A,N/A,N/A,N/A,N/A,N/A,N/A,N/A,N/A,N/A,N/A,N/A,N/A,N/A,N/A,N/A,N/A,N/A,N/A,N/A,N/A,N/A,N/A,N/A,N/A,N/A,N/A,N/A,N/A,N/A,N/A,N/A,N/A,N/A,N/A,N/A,N/A,N/A,N/A,N/A,N/A,N/A,N/A,N/A,N/A,N/A,N/A,N/A,N/A,N/A,N/A,N/A,N/A,N/A,N/A,N/A,N/A,N/A,N/A,N/A,N/A,N/A,N/A,N/A,N/A,N/A,N/A,N/A,N/A,N/A,N/A,N/A,N/A,N/A,N/A,N/A,N/A,N/A,N/A,N/A,N/A,N/A,N/A,N/A,N/A,N/A,N/A,N/A,N/A,N/A,N/A,N/A,N/A,N/A,N/A,N/A,N/A,N/A,N/A,N/A,N/A,N/A,N/A,N/A,N/A,N/A,N/A,N/A,N/A,N/A,N/A,N/A,N/A,N/A,N/A,N/A,N/A,N/A,N/A,N/A,N/A,N/A,N/A,N/A,N/A,N/A,N/A,N/A,N/A,N/A,N/A,N/A,N/A,N/A,N/A,N/A,N/A,N/A,N/A,N/A,N/A,N/A,N/A,N/A,N/A,N/A,N/A,N/A,N/A,N/A,N/A,N/A,N/A,N/A,N/A,N/A,N/A,N/A,N/A,N/A,N/A,N/A,N/A,N/A,N/A,N/A,N/A,N/A,N/A,N/A,N/A,N/A,N/A,N/A,N/A,N/A,N/A,N/A,N/A,N/A,N/A,N/A,N/A,N/A,N/A,N/A,N/A,N/A,N/A,N/A,N/A,N/A,N/A,N/A
Matyáš Vojta,22,1077782400,2004/02/26,First League,2026/2027,Forward,Sparta Praha,130,17,113,Czech Republic,5,1,4,0,0,0,0,0,0,0,0,1,0,1,3,0,3,0,0,0,0,0,0,0,0,2.08,43,26,0,0,0,-1,-1,-1,9,0,6.38,0,69,13.85,4.00,4,20,3.20,16,56,11.08,8,0.00,0.00,0.00,0,0.00,0.20,0.00,0.00,0,0.00,1.00,0.00,0.00,0.00,0.00,0.00,0.60,0.00,0.00,0.00,0.00,0.00,0.00,0.00,0.00,0.40,0.00,0.00,0,0,,0,0.00,13,0,0.00,32,0,0.00,17,1,4,1,7,0.00,99,0,0,0.00,20,1,40,0.69,41,0,0.00,99,0,0.00,0,0,0.00,0,0.00,14,0,0.00,12,0,0.00,0.00,0,0.00,0,0,0,0.00,0,3,0.00,15,2.08,78,N/A,N/A,N/A,N/A,0.00,0,0.00,0,0.00,0.00,0,80.00,0.00,32,6,0.40,1.38,2,23,23,0,0,0,0.00,0.00,0,45,31.92,0.20,0.69,1,0,0.00,0.00,99,0.00,0,0,0,0.00,0.00,0,0.00,0.00,0.00,0.00,0,0,0.00,62,0,24,61,15,0.03,2,0.01,0.02,0.00,13,0.00,0.00,63,2,0.40,1.38,2.77,0.80,93,4,0.00,13,7,21,88,0,66,67,0,0.00,99,2,0.00,1.38,11.08,3.20,16,4,17,78,2.77,0.80,25.00,5,3.46,0,0,0.00,0,0.00,99,0,0.00,0.00,40,3,97,62,0,0,0,0,0,48,61,77,75,0,99,42,44,44,0,0,49,29,0,0
Maxim Dyachuk,23,1058770800,2003/07/21,First League,2026/2027,Defender,Baník Ostrava,137,90,47,Ukraine,3,1,2,0,0,0,0,0,0,0,0,1,1,0,1,0,1,2,0,0,0,0,0,0,0,0.66,137,46,69,0,1.31,-1,-1,-1,22,0,6.73,0,69,32.19,16.33,50,49,12.67,38,44,24.96,50,0.00,0.00,0.33,1,0.00,0.00,0.66,0.33,1,0.00,0.00,0.00,0.00,0.00,0.67,0.67,0.33,0.00,0.66,0.33,0.67,0.00,0.00,0.02,0.00,0.67,0.00,0.00,0,0,,1,0.33,35,0,0.00,32,1,0.66,47,0,2,1,23,0.00,99,0,2,1.31,84,0,40,0.00,20,0,0.00,99,0,0.00,0,0,0.00,0,0.66,45,2,1.31,60,2,1.31,100.00,0,0.00,0,0,0,0.00,0,1,0.00,87,0.66,11,N/A,N/A,N/A,N/A,0.00,0,0.00,0,0.05,0.00,0,77.55,0.00,32,34,0.33,0.66,1,90,99,0,0,0,0.67,1.31,2,99,20.18,1.33,2.63,4,0,0.00,0.00,99,0.00,0,0,1,0.33,0.66,0,0.00,0.00,0.00,0.00,0,0,0.00,62,0,3,61,87,0.10,32,0.03,0.07,0.05,27,0.02,0.03,4,0,0.00,0.00,1.97,1.00,81,3,0.03,26,43,74,99,0,66,64,0,0.00,99,2,0.00,1.31,5.91,3.00,9,5,27,14,3.28,1.67,55.56,0,0.00,99,0,0.00,0,0.00,99,0,0.00,0.00,40,3,85,23,0,0,0,0,0,48,61,77,75,0,99,73,45,99,2,67,99,16,0,0
Merchas Doski,26,944553600,1999/12/07,First League,2026/2027,Defender,Viktoria Plzeň,506,270,236,Iraq,6,3,3,0,0,0,0,0,0,0,0,2,0,2,10,5,5,2,0,0,0,0,0,0,0,1.78,51,84,253,0,0.36,142,139,61,20,0,6.42,0,69,39.49,37.00,72,222,30.83,185,67,32.91,73,0.00,0.00,0.50,3,0.00,1.67,2.13,2.00,12,0.00,0.50,0.00,0.00,0.00,1.17,0.67,1.83,0.00,0.36,0.17,1.17,0.00,0.17,0.03,0.00,1.33,0.00,0.00,0,0,,2,0.33,21,1,0.18,39,1,0.18,22,1,0,6,81,0.00,99,0,7,1.25,81,10,54,1.78,63,0,0.00,99,0,0.00,0,0,0.00,0,0.53,37,7,1.25,58,4,0.71,57.14,0,0.00,0,0,0,0.00,0,11,0.00,29,1.96,71,N/A,N/A,N/A,N/A,0.00,0,0.00,0,0.20,0.00,0,83.33,50.00,87,45,0.50,0.53,3,69,73,0,0,0,0.00,0.00,0,45,38.53,1.50,1.60,9,0,0.00,0.00,99,0.00,0,0,0,0.00,0.00,0,0.00,0.00,0.18,0.17,1,0,0.00,62,63,48,61,30,0.55,53,0.09,0.10,0.20,33,0.03,0.04,80,10,1.67,1.78,1.25,1.17,53,7,0.04,32,8,56,88,0,71,68,0,0.00,99,8,0.00,1.42,8.89,8.33,50,33,80,48,5.87,5.50,66.00,3,0.53,50,0,20.00,0,0.00,99,2,0.33,0.36,60,78,47,62,0,0,0,0,0,48,61,77,75,0,99,73,66,79,2,33,96,14,0,0
Michal Beran,26,966927600,2000/08/22,First League,2026/2027,Midfielder,Sigma Olomouc,592,270,322,Czech Republic,7,3,4,0,0,0,0,0,0,0,0,1,1,0,8,3,5,0,0,0,0,0,0,0,0,1.22,74,85,0,0,0,87,80,-1,22,0,6.88,0,69,73.89,69.43,98,486,62.86,440,94,66.89,98,0.00,0.00,0.86,6,0.00,1.14,1.06,1.00,7,0.00,0.71,0.00,0.00,0.00,0.57,0.57,1.14,0.00,1.22,1.00,0.71,0.00,0.14,0.07,0.00,0.14,0.00,0.00,0,0,,8,1.14,56,1,0.15,34,7,1.06,68,3,0,7,41,0.00,99,0,4,0.61,44,8,63,1.22,51,0,0.00,99,0,0.00,0,0,0.00,0,0.91,57,5,0.76,43,4,0.61,80.00,0,0.00,0,0,0,0.00,0,8,0.00,55,1.22,42,N/A,N/A,N/A,N/A,0.00,0,0.00,0,0.49,0.00,0,90.53,12.50,35,28,0.71,0.76,5,63,88,0,0,0,0.14,0.15,1,49,48.16,1.29,1.37,9,0,0.00,0.00,99,0.00,0,0,0,0.00,0.00,0,0.00,0.00,0.00,0.00,0,0,0.00,62,80,89,61,56,1.18,72,0.17,0.18,0.49,43,0.07,0.07,25,4,0.57,0.61,0.76,0.71,30,5,0.07,42,64,51,88,0,66,10,0,0.00,99,1,0.00,0.15,5.02,4.71,33,15,13,11,2.28,2.14,45.45,5,0.76,40,0,25.00,0,0.00,99,2,0.29,0.30,55,99,47,95,0,0,0,0,0,48,61,77,75,0,99,31,44,44,0,0,49,7,0,0
Michal Bílek,28,876726000,1997/10/13,First League,2026/2027,Midfielder,Teplice,413,321,92,Czech Republic,6,4,2,0,0,0,0,0,0,0,0,2,1,1,10,7,3,1,0,0,0,0,0,0,0,2.18,41,69,413,0,0.22,138,137,-1,18,0,6.59,0,69,36.17,27.67,60,166,20.50,123,30,26.80,56,0.00,0.00,0.50,3,0.00,3.50,2.18,1.67,10,0.00,0.17,0.00,0.00,0.00,0.33,0.17,1.67,0.00,1.74,1.33,0.50,0.00,0.00,0.06,0.00,0.83,0.00,0.00,0,0,,8,1.33,73,0,0.00,32,8,1.74,87,1,0,6,82,0.00,99,0,2,0.44,37,21,47,4.58,91,0,0.00,99,0,0.00,0,0,0.00,0,0.65,43,3,0.65,37,1,0.22,33.33,0,0.00,0,0,0,0.00,0,10,0.00,12,2.18,79,N/A,N/A,N/A,N/A,0.00,0,0.00,0,0.38,0.00,0,74.10,0.00,32,54,0.33,0.44,2,36,45,0,0,0,0.00,0.00,0,45,39.57,2.83,3.70,17,0,0.00,0.00,99,0.00,0,0,0,0.00,0.00,0,0.00,0.00,0.00,0.00,0,0,0.00,62,46,48,61,13,0.41,46,0.07,0.09,0.38,46,0.06,0.08,90,11,1.83,2.40,1.09,0.83,45,5,0.08,45,26,79,88,0,66,57,0,0.00,99,5,0.00,1.09,8.28,6.33,38,26,77,39,5.67,4.33,68.42,1,0.22,75,0,14.29,0,0.00,99,3,0.50,0.65,75,78,47,62,0,0,0,0,0,48,61,77,75,0,99,73,83,62,1,17,77,6,0,0
Michal Cupák,27,906793200,1998/09/26,First League,2026/2027,Midfielder,Zlín,237,72,165,Czech Republic,6,3,3,0,0,0,0,0,0,0,0,0,0,0,6,2,4,0,0,0,0,0,0,0,0,2.28,40,40,0,0,0,-1,-1,-1,14,0,6.49,0,69,22.03,9.67,21,58,7.50,45,44,17.09,22,0.00,0.00,0.17,1,0.00,0.17,2.66,1.17,7,0.00,0.17,0.00,0.00,0.00,0.17,0.17,1.00,0.00,0.76,0.33,0.17,0.00,0.00,0.02,0.00,0.33,0.00,0.00,0,0,,2,0.33,40,0,0.00,32,2,0.76,53,1,4,2,90,0.00,99,0,1,0.38,34,1,40,0.38,31,0,0.00,99,0,0.00,0,0,0.00,0,0.38,28,1,0.38,23,1,0.38,100.00,0,0.00,0,0,0,0.00,0,6,0.00,8,2.28,83,N/A,N/A,N/A,N/A,0.00,0,0.00,0,0.10,0.00,0,77.59,0.00,32,1,0.83,1.90,5,49,99,0,0,0,0.17,0.38,1,71,38.94,0.17,0.38,1,1,0.00,0.38,0,0.17,0,0,0,0.00,0.00,0,0.00,0.00,0.00,0.00,0,0,0.00,62,11,48,61,11,0.14,17,0.02,0.05,0.10,33,0.02,0.04,71,4,0.67,1.52,1.14,0.50,47,3,0.04,32,13,10,88,0,66,45,0,0.00,99,2,0.00,0.76,11.01,4.83,29,14,67,77,5.32,2.33,48.28,1,0.38,62,0,0.00,0,0.00,99,0,0.00,0.00,40,8,97,62,0,0,0,0,0,48,61,77,75,0,99,18,44,44,0,0,49,26,0,0
Michal Frydrych,36,636105600,1990/02/27,First League,2026/2027,Defender,Baník Ostrava,45,45,0,Czech Republic,2,1,1,0,0,0,0,0,0,0,0,2,1,1,0,0,0,1,0,0,0,0,0,0,0,0,0,23,45,0,2,-1,-1,-1,6,0,3.45,0,69,37.17,9.50,63,19,8.00,16,70,31.30,69,0.00,0.00,0.00,0,0.00,0.00,3.91,1.00,2,0.00,0.00,0.00,0.00,0.00,0.50,0.00,0.00,0.00,0.00,0.00,0.00,0.00,0.00,0.00,0.00,1.50,0.00,0.00,0,0,,0,0.00,13,0,0.00,32,0,0.00,17,3,1,1,99,0.00,99,0,1,1.96,98,0,40,0.00,20,0,0.00,99,0,0.00,0,0,0.00,0,0.00,14,0,0.00,12,0,0.00,0.00,0,0.00,0,0,0,0.00,0,0,0.00,99,0.00,0,N/A,N/A,N/A,N/A,0.00,0,0.00,0,0.00,0.00,0,84.21,0.00,32,99,0.00,0.00,0,23,23,0,0,0,0.00,0.00,0,45,6.90,1.50,5.87,3,0,0.00,0.00,99,0.00,0,0,0,0.00,0.00,0,0.00,0.00,0.00,0.00,0,0,0.00,62,0,0,61,0,0.03,24,0.01,0.06,0.00,13,0.00,0.00,99,2,1.00,3.91,5.87,1.50,99,3,0.00,13,0,93,88,0,66,99,0,0.00,99,3,0.00,5.87,21.52,5.50,11,7,99,99,13.70,3.50,63.64,0,0.00,99,0,0.00,0,0.00,99,0,0.00,0.00,40,3,70,95,0,0,0,0,0,48,61,77,75,0,99,99,44,99,1,50,99,17,0,0
Michal Fukala,25,972198000,2000/10/22,First League,2026/2027,Defender,Zlín,445,175,270,Czech Republic,6,3,3,1,0,1,0,0,0,0,0,0,0,0,12,4,8,0,0,0.2,0,0.2,0,0.33,445,2.43,37,74,0,0,0,59,89,84,3,0,6.80,0,69,21.64,17.83,20,107,12.50,75,19,15.17,18,0.00,0.00,0.50,3,0.00,0.83,2.02,1.67,10,0.00,0.00,0.00,0.00,0.00,1.33,0.00,2.17,6.00,1.21,0.67,0.17,0.00,0.33,0.17,0.00,2.00,0.00,0.00,0,0,,6,1.00,55,2,0.40,61,4,0.81,55,1,0,6,78,0.00,99,0,8,1.62,94,5,85,1.01,49,0,0.00,99,0,0.00,0,0,0.00,0,0.61,41,1,0.20,17,0,0.00,0.00,0,0.00,0,0,0,0.00,0,13,0.00,6,2.63,90,N/A,N/A,N/A,N/A,0.00,0,0.00,0,1.04,0.00,0,70.09,33.33,68,38,0.50,0.61,3,23,23,0,0,0,0.67,0.81,4,93,40.77,4.50,5.46,27,0,0.00,0.00,99,0.00,0,0,0,0.00,0.00,0,0.00,0.00,0.00,0.00,0,0,16.67,79,51,48,89,6,0.27,17,0.05,0.05,1.04,69,0.17,0.21,46,5,0.83,1.01,2.02,1.67,83,10,0.21,68,52,91,88,0,66,87,0,0.00,99,12,0.00,2.43,8.90,7.33,44,26,66,48,5.26,4.33,59.09,0,0.00,99,0,40.00,0,0.00,99,2,0.33,0.40,62,78,47,62,0,0,0,0,0,57,73,84,75,0,99,18,44,44,0,0,49,22,0,0
Michal Hlavatý,28,898066800,1998/06/17,First League,2026/2027,Midfielder,Pardubice,537,242,295,Czech Republic,7,3,4,0,0,0,1,0,1,0,0,1,0,1,12,5,7,1,0,0.17,0.17,0,0,0,0,2.01,45,77,537,537,0.17,122,54,-1,22,0,6.80,0.14,75,38.55,32.86,68,230,26.86,188,60,31.51,69,0.00,0.00,0.86,6,0.00,0.86,1.84,1.57,11,0.00,0.71,0.00,0.00,0.00,0.71,0.29,1.71,0.00,1.68,1.00,1.00,0.00,0.43,0.10,0.00,0.43,0.00,0.00,0,0,,10,1.43,70,3,0.50,73,7,1.17,73,3,1,6,73,0.00,99,0,5,0.84,58,6,40,1.01,49,0,0.00,99,0,0.00,0,0,0.00,0,1.01,62,7,1.17,57,2,0.34,28.57,0,0.00,0,0,0,0.00,0,12,0.00,18,2.01,73,N/A,N/A,N/A,N/A,0.00,0,0.00,0,0.70,0.00,0,81.74,30.00,58,18,0.86,1.01,6,47,34,0,0,0,0.43,0.50,3,77,47.58,0.43,0.50,3,0,0.00,0.00,99,0.00,0,0,0,0.00,0.00,0,0.00,0.00,0.17,0.14,1,0,0.00,62,69,89,61,18,1.22,74,0.17,0.20,0.70,57,0.10,0.12,77,10,1.43,1.68,1.17,1.00,49,7,0.12,56,52,13,88,0,69,31,0,0.00,99,3,0.00,0.50,9.22,7.86,55,25,45,52,4.19,3.57,45.45,5,0.84,36,0,0.00,0,0.00,99,0,0.00,0.00,40,78,70,95,0,0,0,0,0,53,61,77,75,0,99,31,90,56,1,14,66,19,0,0
Michal Jeřábek,31,792144000,1995/02/07,First League,2026/2027,Defender,Líšeň,0,0,0,Czech Republic,1,0,1,0,0,0,0,0,0,0,0,0,0,0,0,0,0,0,0,0,0,0,0,0,0,0,0,0,0,0,0,-1,-1,-1,-1,0,0.00,0,69,0.00,0.00,0,0,0.00,0,0,0.00,0,0.00,0.00,0.00,0,0.00,0.00,0.00,0.00,0,0.00,0.00,0.00,0.00,0.00,0.00,0.00,0.00,0.00,0.00,0.00,0.00,0.00,0.00,0.00,0.00,0.00,0.00,0.00,0,0,,0,0.00,13,0,0.00,32,0,0.00,17,0,1,0,7,0.00,99,0,0,0.00,20,0,40,0.00,20,0,0.00,99,0,0.00,0,0,0.00,0,0.00,14,0,0.00,12,0,0.00,0.00,0,0.00,0,0,0,0.00,0,0,0.00,99,0.00,0,N/A,N/A,N/A,N/A,0.00,0,0.00,0,0.00,0.00,0,0.00,0.00,32,99,0.00,0.00,0,23,23,0,0,0,0.00,0.00,0,45,0.00,0.00,0.00,0,0,0.00,0.00,99,0.00,0,0,0,0.00,0.00,0,0.00,0.00,0.00,0.00,0,0,0.00,62,0,0,61,0,0.00,0,0.00,0.00,0.00,13,0.00,0.00,4,0,0.00,0.00,0.00,0.00,7,0,0.00,13,0,3,88,0,66,8,0,0.00,99,0,0.00,0.00,0.00,0.00,0,0,0,0,0.00,0.00,0.00,0,0.00,99,0,0.00,0,0.00,99,0,0.00,0.00,40,0,70,23,0,0,0,0,0,48,61,77,75,0,99,18,44,44,0,0,49,5,0,0
Michal Kohút,26,960102000,2000/06/04,First League,2026/2027,Midfielder,Baník Ostrava,154,108,46,Czech Republic,3,2,1,1,1,0,0,0,0,0,0,2,2,0,1,0,1,0,0,0.58,0,0.58,0.83,0,154,0.58,154,51,0,0,0,-1,-1,-1,1,0,7.03,0,69,22.79,13.00,22,39,10.67,32,61,18.70,27,0.00,0.00,0.33,1,0.00,2.00,1.75,1.00,3,0.00,0.67,0.00,0.00,0.00,0.00,0.67,0.33,7.00,4.09,1.00,1.33,0.00,1.33,0.41,0.00,0.00,0.00,0.00,0,0,,7,2.33,99,4,2.34,99,3,1.75,88,3,0,3,68,0.00,99,0,0,0.00,20,6,80,3.51,81,0,0.00,99,0,0.00,0,0,0.00,0,0.58,37,4,2.34,81,2,1.17,50.00,0,0.00,0,0,0,0.00,0,1,0.00,92,0.58,7,N/A,N/A,N/A,N/A,0.00,0,0.00,0,1.22,0.00,0,82.05,57.14,89,13,0.67,1.17,2,87,66,0,0,0,0.33,0.58,1,81,21.10,0.00,0.00,0,0,0.00,0.00,99,0.00,0,0,0,0.00,0.00,0,0.00,0.00,0.00,0.00,0,0,14.29,74,0,3,66,92,0.11,24,0.04,0.06,1.22,99,0.41,0.71,23,1,0.33,0.58,1.17,0.67,49,2,0.71,99,82,3,88,0,66,8,0,0.00,99,0,0.00,0.00,8.18,4.67,14,6,30,36,3.51,2.00,42.86,2,1.17,24,0,33.33,0,0.00,99,2,0.67,1.17,87,26,47,95,0,0,0,0,0,88,96,77,96,0,99,99,44,44,0,0,49,21,0,0
Michal Reichl,33,716454000,1992/09/14,First League,2026/2027,Goalkeeper,Bohemians 1905,0,0,0,Czech Republic,0,0,0,0,0,0,0,0,0,0,0,0,0,0,0,0,0,0,0,0,0,0,0,0,0,0,0,0,0,0,0,-1,-1,-1,-1,N/A,N/A,N/A,N/A,N/A,N/A,N/A,N/A,N/A,N/A,N/A,N/A,N/A,N/A,N/A,N/A,N/A,N/A,N/A,N/A,N/A,N/A,N/A,N/A,N/A,N/A,N/A,N/A,N/A,N/A,N/A,N/A,N/A,N/A,N/A,N/A,N/A,N/A,N/A,N/A,N/A,N/A,N/A,N/A,N/A,N/A,N/A,N/A,N/A,N/A,N/A,N/A,N/A,N/A,N/A,N/A,N/A,N/A,N/A,N/A,N/A,N/A,N/A,N/A,N/A,N/A,N/A,N/A,N/A,N/A,N/A,N/A,N/A,N/A,N/A,N/A,N/A,N/A,N/A,N/A,N/A,N/A,N/A,N/A,N/A,N/A,N/A,N/A,N/A,N/A,N/A,N/A,N/A,N/A,N/A,N/A,N/A,N/A,N/A,N/A,N/A,N/A,N/A,N/A,N/A,N/A,N/A,N/A,N/A,N/A,N/A,N/A,N/A,N/A,N/A,N/A,N/A,N/A,N/A,N/A,N/A,N/A,N/A,N/A,N/A,N/A,N/A,N/A,N/A,N/A,N/A,N/A,N/A,N/A,N/A,N/A,N/A,N/A,N/A,N/A,N/A,N/A,N/A,N/A,N/A,N/A,N/A,N/A,N/A,N/A,N/A,N/A,N/A,N/A,N/A,N/A,N/A,N/A,N/A,N/A,N/A,N/A,N/A,N/A,N/A,N/A,N/A,N/A,N/A,N/A,N/A,N/A,N/A,N/A,N/A,N/A,N/A,N/A,N/A,N/A,N/A,N/A,N/A,N/A,N/A,N/A,N/A,N/A,N/A,N/A,N/A,N/A,N/A,N/A,N/A,N/A,N/A,N/A,N/A,N/A,N/A,N/A,N/A,N/A,N/A,N/A,N/A,N/A,N/A,N/A,N/A,N/A,N/A,N/A,N/A,N/A,N/A,N/A,N/A,N/A,N/A,N/A,N/A,N/A
Michal Sadílek,27,928134000,1999/05/31,First League,2026/2027,Midfielder,Slavia Praha,630,360,270,Czech Republic,7,4,3,1,0,1,3,0,3,0,0,3,1,2,5,4,1,1,0,0.57,0.43,0.14,0,0.33,630,0.71,126,90,630,210,0.14,77,8,-1,11,0,7.58,0.43,95,39.71,39.71,72,278,31.00,217,46,31.00,68,0.00,0.00,2.00,14,0.00,5.29,2.43,2.43,17,0.00,0.29,0.00,0.00,0.00,0.71,0.14,0.71,12.00,1.71,1.43,0.14,0.00,0.29,0.20,0.00,1.71,0.00,0.00,0,0,,12,1.71,71,2,0.29,53,10,1.43,81,0,0,7,87,0.00,99,0,5,0.71,50,37,59,5.29,94,0,0.00,99,0,0.00,0,0,0.00,0,2.00,92,1,0.14,15,1,0.14,100.00,0,0.00,0,0,0,0.00,0,5,0.00,86,0.71,13,N/A,N/A,N/A,N/A,0.00,0,0.00,0,1.37,0.00,0,78.06,16.67,43,56,0.43,0.43,3,27,99,0,0,0,0.29,0.29,2,62,53.04,0.71,0.71,5,0,0.00,0.00,99,0.00,0,0,1,0.14,0.14,0,0.00,0.00,0.00,0.00,0,0,8.33,65,94,89,99,86,2.71,97,0.39,0.39,1.37,67,0.20,0.20,77,12,1.71,1.71,1.29,1.29,55,9,0.20,66,99,23,89,0,66,74,0,0.00,99,12,0.00,1.71,9.14,9.14,64,42,83,51,6.00,6.00,65.62,2,0.29,70,0,24.32,0,0.00,99,9,1.29,1.29,91,99,47,23,0,0,0,0,0,88,64,84,75,0,99,87,99,49,1,14,66,23,0,0
Michal Travnik,32,769158000,1994/05/17,First League,2026/2027,Midfielder,Slovácko,710,270,440,Czech Republic,8,3,5,0,0,0,1,0,1,0,0,1,1,0,13,3,10,2,0,0.13,0.13,0,0,0,0,1.65,55,89,355,710,0.25,179,65,-1,27,0,7.18,0.12,69,50.66,49.86,87,349,42.71,299,78,43.40,87,0.00,0.00,1.71,12,0.00,6.14,2.03,2.00,14,0.00,0.86,0.00,0.00,0.00,0.43,0.43,1.71,0.00,1.74,1.43,0.57,0.00,0.29,0.11,0.00,0.29,0.00,0.00,0,0,,12,1.71,73,2,0.29,53,10,1.45,81,1,0,7,78,0.00,99,0,3,0.44,37,43,63,6.24,97,0,0.00,99,0,0.00,0,0,0.00,0,1.74,87,4,0.58,33,3,0.44,75.00,0,0.00,0,0,0,0.00,0,12,0.00,35,1.74,61,N/A,N/A,N/A,N/A,0.00,0,0.00,0,0.76,0.00,0,85.67,16.67,43,7,1.29,1.31,9,51,87,0,0,0,0.00,0.00,0,45,50.24,1.00,1.02,7,0,0.00,0.00,99,0.00,0,0,0,0.00,0.00,0,0.00,0.00,0.00,0.00,0,0,0.00,62,97,99,61,36,1.73,82,0.25,0.25,0.76,53,0.11,0.11,98,25,3.57,3.63,1.31,1.29,56,9,0.11,52,94,40,88,0,66,18,0,0.00,99,2,0.00,0.29,10.02,9.86,69,43,90,64,6.24,6.14,62.32,6,0.87,35,0,25.58,0,0.00,99,11,1.57,1.60,94,99,47,62,0,0,0,0,0,49,61,77,75,0,99,21,79,66,2,25,87,10,0,0
Mick van Buren,34,713775600,1992/08/14,First League,2026/2027,Forward,Hradec Králové,506,331,175,Netherlands,7,4,3,2,2,0,0,0,0,0,0,2,1,1,5,3,2,1,0,0.36,0,0.36,0.54,0,253,0.89,101,72,506,0,0.18,25,73,-1,2,0,6.89,0,69,23.12,18.57,23,130,14.00,98,34,17.43,23,0.00,0.00,0.86,6,0.00,1.14,1.42,1.14,8,0.00,1.43,0.00,0.00,0.00,0.43,1.14,0.71,5.00,1.78,0.57,2.00,0.00,0.86,0.30,0.00,0.57,0.00,0.00,0,0,,10,1.43,73,6,1.07,94,4,0.71,50,1,1,6,55,0.00,99,0,3,0.53,40,8,63,1.42,55,0,0.00,99,0,0.00,0,0,0.00,0,1.07,65,14,2.49,83,8,1.42,57.14,0,0.00,0,0,0,0.00,0,5,0.00,77,0.89,22,N/A,N/A,N/A,N/A,0.00,0,0.00,0,2.12,0.00,0,75.38,60.00,91,11,1.00,1.25,7,90,73,0,0,0,0.57,0.71,4,87,48.23,1.14,1.42,8,0,0.00,0.00,99,0.00,0,0,0,0.00,0.00,0,0.00,0.00,0.36,0.29,2,0,20.00,83,63,89,76,77,0.42,32,0.06,0.07,2.12,87,0.30,0.38,49,6,0.86,1.07,0.53,0.43,18,3,0.38,87,66,52,88,0,85,42,0,0.00,99,4,0.00,0.71,11.74,9.43,66,26,52,83,4.62,3.71,39.39,10,1.78,9,0,25.00,0,0.00,99,2,0.29,0.36,60,78,70,62,0,0,0,0,0,76,86,77,88,0,99,65,88,57,1,14,66,10,0,0
Mikuláš Konečný,20,1149231600,2006/06/02,First League,2026/2027,Defender,Slavia Praha,360,180,180,Czech Republic,4,2,2,0,0,0,0,0,0,0,0,2,1,1,2,1,1,1,1,0,0,0,0,0,0,0.5,180,90,180,0,0.5,197,163,3,12,0,7.12,0,69,37.00,37.00,62,148,29.50,118,55,29.50,64,0.00,0.00,0.75,3,0.00,0.25,3.50,3.50,14,0.00,1.00,0.00,0.00,0.00,0.75,0.75,0.50,0.00,0.25,0.25,1.00,0.00,0.00,0.01,0.00,2.75,0.00,0.00,0,0,,1,0.25,17,0,0.00,32,1,0.25,25,0,0,4,98,0.00,99,0,3,0.75,53,1,99,0.25,27,0,0.00,99,0,0.00,0,0,0.00,0,0.75,50,4,1.00,52,3,0.75,75.00,0,0.00,0,0,0,0.00,0,2,0.00,95,0.50,5,N/A,N/A,N/A,N/A,0.00,0,0.00,0,0.05,0.00,0,79.73,0.00,32,11,1.25,1.25,5,73,87,0,0,0,0.50,0.50,2,77,28.49,5.00,5.00,20,0,0.00,0.00,99,0.00,0,0,1,0.25,0.25,0,0.00,0.00,0.25,0.25,1,0,0.00,62,36,12,61,95,0.40,53,0.10,0.10,0.05,18,0.01,0.01,45,4,1.00,1.00,1.00,1.00,40,4,0.01,17,89,87,94,0,78,89,0,0.00,99,11,0.00,2.75,12.25,12.25,49,32,99,87,8.00,8.00,65.31,4,1.00,30,0,100.00,0,0.00,99,1,0.25,0.25,50,41,47,23,0,0,0,0,0,48,61,77,75,0,99,95,54,91,0,0,49,42,0,0
Milan Havel,32,776242800,1994/08/07,First League,2026/2027,Defender,Bohemians 1905,581,270,311,Czech Republic,7,3,4,0,0,0,2,0,2,0,0,3,2,1,8,1,7,1,0,0.31,0.31,0,0,0,0,1.24,73,83,581,291,0.15,181,19,40,18,0,6.79,0.29,89,27.13,24.67,33,148,19.33,116,49,21.26,35,0.00,0.00,1.00,6,0.00,2.67,2.02,1.83,11,0.00,0.50,0.00,0.00,0.00,0.50,0.33,1.33,0.00,0.00,0.00,1.17,0.00,0.00,0.00,0.00,1.33,0.00,0.00,0,0,,0,0.00,13,0,0.00,32,0,0.00,17,2,0,6,78,0.00,99,0,3,0.55,41,16,82,2.93,76,0,0.00,99,0,0.00,0,0,0.00,0,1.10,67,7,1.28,60,2,0.37,28.57,0,0.00,0,0,0,0.00,0,8,0.00,54,1.47,49,N/A,N/A,N/A,N/A,0.00,0,0.00,0,0.00,0.00,0,78.38,0.00,32,43,0.50,0.55,3,48,34,0,0,0,0.67,0.73,4,89,40.74,3.83,4.22,23,0,0.00,0.00,99,0.00,0,0,0,0.00,0.00,0,0.00,0.00,0.37,0.33,2,0,0.00,62,77,89,61,55,1.59,88,0.27,0.29,0.00,13,0.00,0.00,13,2,0.33,0.37,0.73,0.67,27,4,0.00,13,50,83,88,0,86,69,0,0.00,99,8,0.00,1.47,7.70,7.00,42,23,45,32,4.22,3.83,54.76,3,0.55,48,0,37.50,0,0.00,99,6,1.00,1.10,85,78,47,86,0,0,0,0,0,71,61,77,75,0,99,87,93,52,1,14,66,24,0,0
Milan Heča,35,669542400,1991/03/21,First League,2026/2027,Goalkeeper,Slovácko,457,180,277,Czech Republic,6,2,4,0,0,0,0,0,0,0,0,1,1,0,5,1,4,2,1,0,0,0,0,0,0,0.98,91,76,152,0,0.59,163,174,29,11,0,6.43,0,69,36.78,30.00,61,150,24.60,123,61,30.16,67,0.00,0.00,0.00,0,0.00,0.00,0.00,0.00,0,0.00,0.00,0.00,0.00,1.80,0.00,0.00,2.60,0.00,0.00,0.00,0.00,0.00,0.00,0.00,0.00,1.00,0.00,0.00,0,0,,0,0.00,13,0,0.00,32,0,0.00,17,0,0,5,7,0.00,99,0,0,0.00,20,0,40,0.00,20,0,0.00,99,0,0.00,0,0,0.00,0,0.00,14,0,0.00,12,0,0.00,0.00,0,0.00,0,9,67,2.21,44,13,0.00,72,3.19,94,N/A,N/A,N/A,N/A,69.23,0,0.00,0,0.00,0.00,0,82.00,0.00,32,99,0.00,0.00,0,23,23,0,0,6,0.00,0.00,0,45,32.16,0.80,0.98,4,0,0.00,0.00,99,0.00,0,0,0,0.00,0.00,3,0.60,0.74,0.00,0.00,0,0,0.00,62,55,48,61,72,0.22,17,0.04,0.05,0.00,13,0.00,0.00,20,2,0.40,0.49,0.25,0.20,10,1,0.00,13,9,35,88,81,66,64,0,0.00,99,5,0.00,1.23,1.72,1.40,7,6,8,7,1.47,1.20,85.71,0,0.00,99,0,0.00,0,0.00,99,0,0.00,0.00,40,59,47,23,0,0,0,0,0,48,61,77,75,0,99,37,49,95,1,17,77,29,0,0
Milan Knobloch,34,714553200,1992/08/23,First League,2026/2027,Goalkeeper,Zlín,0,0,0,Czech Republic,0,0,0,0,0,0,0,0,0,0,0,0,0,0,0,0,0,0,0,0,0,0,0,0,0,0,0,0,0,0,0,-1,-1,-1,-1,N/A,N/A,N/A,N/A,N/A,N/A,N/A,N/A,N/A,N/A,N/A,N/A,N/A,N/A,N/A,N/A,N/A,N/A,N/A,N/A,N/A,N/A,N/A,N/A,N/A,N/A,N/A,N/A,N/A,N/A,N/A,N/A,N/A,N/A,N/A,N/A,N/A,N/A,N/A,N/A,N/A,N/A,N/A,N/A,N/A,N/A,N/A,N/A,N/A,N/A,N/A,N/A,N/A,N/A,N/A,N/A,N/A,N/A,N/A,N/A,N/A,N/A,N/A,N/A,N/A,N/A,N/A,N/A,N/A,N/A,N/A,N/A,N/A,N/A,N/A,N/A,N/A,N/A,N/A,N/A,N/A,N/A,N/A,N/A,N/A,N/A,N/A,N/A,N/A,N/A,N/A,N/A,N/A,N/A,N/A,N/A,N/A,N/A,N/A,N/A,N/A,N/A,N/A,N/A,N/A,N/A,N/A,N/A,N/A,N/A,N/A,N/A,N/A,N/A,N/A,N/A,N/A,N/A,N/A,N/A,N/A,N/A,N/A,N/A,N/A,N/A,N/A,N/A,N/A,N/A,N/A,N/A,N/A,N/A,N/A,N/A,N/A,N/A,N/A,N/A,N/A,N/A,N/A,N/A,N/A,N/A,N/A,N/A,N/A,N/A,N/A,N/A,N/A,N/A,N/A,N/A,N/A,N/A,N/A,N/A,N/A,N/A,N/A,N/A,N/A,N/A,N/A,N/A,N/A,N/A,N/A,N/A,N/A,N/A,N/A,N/A,N/A,N/A,N/A,N/A,N/A,N/A,N/A,N/A,N/A,N/A,N/A,N/A,N/A,N/A,N/A,N/A,N/A,N/A,N/A,N/A,N/A,N/A,N/A,N/A,N/A,N/A,N/A,N/A,N/A,N/A,N/A,N/A,N/A,N/A,N/A,N/A,N/A,N/A,N/A,N/A,N/A,N/A,N/A,N/A,N/A,N/A,N/A,N/A
Milan Lexa,22,1093071600,2004/08/21,First League,2026/2027,Midfielder,Slovan Liberec,346,185,161,Czech Republic,7,4,3,0,0,0,0,0,0,0,0,4,2,2,3,2,1,1,0,0,0,0,0,0,0,0.78,115,49,346,0,0.26,135,135,-1,14,0,6.82,0,69,28.06,14.50,36,87,9.83,59,15,19.03,28,0.00,0.00,2.83,17,0.00,4.33,1.61,0.83,5,0.00,0.67,0.00,0.00,0.00,0.17,1.00,0.50,0.00,0.65,0.17,1.83,0.00,0.17,0.03,0.00,0.17,0.00,0.00,0,0,,2,0.33,35,1,0.32,57,1,0.32,29,1,3,3,63,0.00,99,0,1,0.32,30,26,86,8.39,99,0,0.00,99,0,0.00,0,0,0.00,0,5.48,99,11,3.55,96,6,1.94,54.55,0,0.00,0,0,0,0.00,0,3,0.00,80,0.97,28,N/A,N/A,N/A,N/A,0.00,0,0.00,0,0.20,0.00,0,67.82,50.00,87,3,0.83,1.61,5,97,67,0,0,0,0.00,0.00,0,45,40.90,0.17,0.32,1,0,0.00,0.00,99,0.00,0,0,0,0.00,0.00,0,0.00,0.00,0.00,0.00,0,0,0.00,62,32,89,61,81,0.88,87,0.15,0.28,0.20,40,0.03,0.06,11,1,0.17,0.32,3.55,1.83,99,11,0.06,39,55,7,88,0,66,20,0,0.00,99,1,0.00,0.32,14.19,7.33,44,13,45,96,4.19,2.17,29.55,4,1.29,20,0,42.31,0,0.00,99,11,1.83,3.55,99,26,91,62,0,0,0,0,0,48,61,77,75,0,99,96,79,67,1,14,66,15,0,0
Miloš Kopečný,32,756892800,1993/12/26,First League,2026/2027,Defender,Zlín,520,270,250,Czech Republic,6,3,3,0,0,0,0,0,0,0,0,0,0,0,12,4,8,3,0,0,0,0,0,0,0,2.08,43,87,173,0,0.52,147,144,74,20,0,6.49,0,69,28.38,27.33,37,164,21.83,131,56,22.67,42,0.00,0.00,0.33,2,0.00,1.50,2.60,2.50,15,0.00,0.17,0.00,0.00,0.00,0.83,0.17,2.00,0.00,0.69,0.67,0.67,0.00,0.00,0.03,0.00,1.50,0.00,0.00,0,0,,4,0.67,36,0,0.00,32,4,0.69,48,1,0,6,89,0.00,99,0,5,0.87,61,9,80,1.56,59,0,0.00,99,0,0.00,0,0,0.00,0,0.35,26,4,0.69,38,1,0.17,25.00,0,0.00,0,0,0,0.00,0,12,0.00,15,2.08,78,N/A,N/A,N/A,N/A,0.00,0,0.00,0,0.20,0.00,0,79.88,0.00,32,62,0.33,0.35,2,30,32,0,0,0,0.17,0.17,1,50,38.92,2.50,2.60,15,1,0.00,0.17,3,0.17,0,0,0,0.00,0.00,0,0.00,0.00,0.00,0.00,0,0,0.00,62,66,48,61,15,0.32,24,0.05,0.06,0.20,27,0.03,0.03,73,9,1.50,1.56,1.04,1.00,43,6,0.03,26,13,74,88,0,66,71,0,0.00,99,9,0.00,1.56,8.83,8.50,51,32,73,47,5.54,5.33,62.75,1,0.17,79,0,33.33,0,0.00,99,3,0.50,0.52,70,78,47,62,0,0,0,0,0,48,61,77,75,0,99,18,53,92,3,50,99,23,0,0
Mohamed Toure,20,1131004800,2005/11/03,First League,2026/2027,Forward,Viktoria Plzeň,7,0,7,Guinea,1,0,1,0,0,0,0,0,0,0,0,1,0,1,0,0,0,0,0,0,0,0,0,0,0,0,0,7,0,0,0,-1,-1,-1,15,0,6.57,0,69,12.86,1.00,2,1,1.00,1,99,12.86,13,0.00,0.00,0.00,0,0.00,0.00,0.00,0.00,0,0.00,0.00,0.00,0.00,0.00,0.00,0.00,0.00,0.00,0.00,0.00,0.00,0.00,0.00,0.00,0.00,0.00,0.00,0.00,0,0,,0,0.00,13,0,0.00,32,0,0.00,17,0,1,0,7,0.00,99,0,0,0.00,20,0,40,0.00,20,0,0.00,99,0,0.00,0,0,0.00,0,0.00,14,0,0.00,12,0,0.00,0.00,0,0.00,0,0,0,0.00,0,0,0.00,99,0.00,0,N/A,N/A,N/A,N/A,0.00,0,0.00,0,0.00,0.00,0,100.00,0.00,32,99,0.00,0.00,0,23,23,0,0,0,0.00,0.00,0,45,6.57,0.00,0.00,0,0,0.00,0.00,99,0.00,0,0,0,0.00,0.00,0,0.00,0.00,0.00,0.00,0,0,0.00,62,0,0,61,0,0.00,0,0.00,0.00,0.00,13,0.00,0.00,99,1,1.00,12.86,0.00,0.00,7,0,0.00,13,23,3,88,0,66,8,0,0.00,99,0,0.00,0.00,12.86,1.00,1,1,99,92,12.86,1.00,100.00,0,0.00,99,0,0.00,0,0.00,99,0,0.00,0.00,40,0,70,23,0,0,0,0,0,48,61,77,75,0,99,99,44,44,0,0,49,10,0,0
Mojmír Chytil,27,925369200,1999/04/29,First League,2026/2027,Forward,Slavia Praha,367,240,127,Czech Republic,6,4,2,4,4,0,0,0,0,0,0,2,1,1,3,3,0,0,0,0.98,0,0.98,1.5,0,92,0.74,122,61,0,0,0,3,178,-1,2,0,6.96,0,69,13.00,8.83,3,53,6.50,39,27,9.56,6,0.00,0.00,1.00,6,0.00,0.00,0.00,0.00,0,0.00,1.83,0.00,0.00,0.00,0.17,0.00,0.50,3.75,3.68,1.17,0.83,0.00,1.33,0.61,0.00,1.33,0.00,0.00,0,0,,15,2.50,99,8,1.96,99,7,1.72,87,1,1,5,7,0.00,99,0,1,0.25,27,0,40,0.00,20,0,0.00,99,0,0.00,0,0,0.00,0,1.47,80,5,1.23,58,0,0.00,0.00,0,0.00,0,0,0,0.00,0,3,0.00,83,0.74,14,N/A,N/A,N/A,N/A,0.00,0,0.00,0,3.66,0.00,0,73.58,53.33,88,99,0.00,0.00,0,23,23,1,0,0,0.00,0.00,0,45,41.74,0.50,0.74,3,0,0.00,0.00,99,0.00,0,1,0,0.00,0.00,0,0.00,0.00,0.00,0.00,0,0,26.67,88,38,48,63,84,0.29,32,0.05,0.07,2.96,99,0.49,0.73,43,4,0.67,0.98,1.23,0.83,51,5,0.90,99,74,26,88,0,66,81,0,0.00,99,8,0.00,1.96,10.30,7.00,42,12,23,69,2.94,2.00,28.57,11,2.70,2,0,0.00,0,0.00,99,0,0.00,0.00,40,59,70,62,0,1,0,17,0,97,99,77,99,0,99,73,44,44,0,0,49,13,0,0
Mouhamed Moustapha Toure,18,1191481200,2007/10/04,First League,2026/2027,Forward,Zlín,0,0,0,Senegal,0,0,0,0,0,0,0,0,0,0,0,0,0,0,0,0,0,0,0,0,0,0,0,0,0,0,0,0,0,0,0,-1,-1,-1,-1,N/A,N/A,N/A,N/A,N/A,N/A,N/A,N/A,N/A,N/A,N/A,N/A,N/A,N/A,N/A,N/A,N/A,N/A,N/A,N/A,N/A,N/A,N/A,N/A,N/A,N/A,N/A,N/A,N/A,N/A,N/A,N/A,N/A,N/A,N/A,N/A,N/A,N/A,N/A,N/A,N/A,N/A,N/A,N/A,N/A,N/A,N/A,N/A,N/A,N/A,N/A,N/A,N/A,N/A,N/A,N/A,N/A,N/A,N/A,N/A,N/A,N/A,N/A,N/A,N/A,N/A,N/A,N/A,N/A,N/A,N/A,N/A,N/A,N/A,N/A,N/A,N/A,N/A,N/A,N/A,N/A,N/A,N/A,N/A,N/A,N/A,N/A,N/A,N/A,N/A,N/A,N/A,N/A,N/A,N/A,N/A,N/A,N/A,N/A,N/A,N/A,N/A,N/A,N/A,N/A,N/A,N/A,N/A,N/A,N/A,N/A,N/A,N/A,N/A,N/A,N/A,N/A,N/A,N/A,N/A,N/A,N/A,N/A,N/A,N/A,N/A,N/A,N/A,N/A,N/A,N/A,N/A,N/A,N/A,N/A,N/A,N/A,N/A,N/A,N/A,N/A,N/A,N/A,N/A,N/A,N/A,N/A,N/A,N/A,N/A,N/A,N/A,N/A,N/A,N/A,N/A,N/A,N/A,N/A,N/A,N/A,N/A,N/A,N/A,N/A,N/A,N/A,N/A,N/A,N/A,N/A,N/A,N/A,N/A,N/A,N/A,N/A,N/A,N/A,N/A,N/A,N/A,N/A,N/A,N/A,N/A,N/A,N/A,N/A,N/A,N/A,N/A,N/A,N/A,N/A,N/A,N/A,N/A,N/A,N/A,N/A,N/A,N/A,N/A,N/A,N/A,N/A,N/A,N/A,N/A,N/A,N/A,N/A,N/A,N/A,N/A,N/A,N/A,N/A,N/A,N/A,N/A,N/A,N/A
Mouhamed Tidjane Traore,23,1048233600,2003/03/21,First League,2026/2027,Defender,Pardubice,188,86,102,Ivory Coast,3,1,2,0,0,0,0,0,0,0,0,1,0,1,2,2,0,1,0,0,0,0,0,0,0,0.96,94,63,188,0,0.48,-1,-1,-1,6,0,6.76,0,69,39.26,27.33,71,82,20.67,62,34,29.68,65,0.00,0.00,0.33,1,0.00,1.00,3.83,2.67,8,0.00,0.00,0.00,0.00,0.00,1.33,0.00,0.67,0.00,0.00,0.00,0.00,0.00,0.00,0.00,0.00,1.33,0.00,0.00,0,0,,0,0.00,13,0,0.00,32,0,0.00,17,1,1,2,99,0.00,99,0,4,1.91,98,3,80,1.44,57,0,0.00,99,0,0.00,0,0,0.00,0,0.48,34,0,0.00,12,0,0.00,0.00,0,0.00,0,0,0,0.00,0,2,0.00,73,0.96,27,N/A,N/A,N/A,N/A,0.00,0,0.00,0,0.00,0.00,0,75.61,0.00,32,99,0.00,0.00,0,23,23,0,0,0,0.33,0.48,1,76,20.28,3.00,4.31,9,0,0.00,0.00,99,0.00,0,0,0,0.00,0.00,0,0.00,0.00,0.00,0.00,0,0,0.00,62,2,3,61,74,0.17,38,0.06,0.08,0.00,13,0.00,0.00,20,1,0.33,0.48,2.39,1.67,90,5,0.00,13,46,84,88,0,66,79,0,0.00,99,4,0.00,1.91,9.57,6.67,20,13,90,59,6.22,4.33,65.00,0,0.00,99,0,33.33,0,0.00,99,1,0.33,0.48,67,8,70,62,0,0,0,0,0,48,61,77,75,0,99,73,55,90,1,33,96,21,0,0
Mubarak Emmanuel Suleiman,19,1176447600,2007/04/13,First League,2026/2027,Midfielder,Slavia Praha,360,180,180,Nigeria,4,2,2,1,1,0,1,0,1,0,0,1,0,1,4,3,1,2,0,0.5,0.25,0.25,0.5,0,360,1,90,90,180,360,0.5,45,34,-1,6,0,7.13,0.25,82,31.50,31.50,47,126,22.25,89,20,22.25,39,0.00,0.00,2.50,10,0.00,3.25,1.75,1.75,7,0.00,1.25,0.00,0.00,0.00,0.75,0.50,1.00,11.00,2.75,2.25,2.25,0.00,0.50,0.31,0.00,1.50,0.00,0.00,0,0,,11,2.75,93,2,0.50,73,9,2.25,95,1,0,4,68,0.00,99,0,3,0.75,53,13,95,3.25,79,0,0.00,99,0,0.00,0,0,0.00,0,2.50,96,9,2.25,81,2,0.50,22.22,0,0.00,0,0,0,0.00,0,4,0.00,70,1.00,31,N/A,N/A,N/A,N/A,0.00,0,0.00,0,1.25,0.00,0,70.63,18.18,44,30,0.75,0.75,3,56,28,0,0,0,0.00,0.00,0,45,28.53,2.75,2.75,11,0,0.00,0.00,99,0.00,0,0,1,0.25,0.25,0,0.00,0.00,0.25,0.25,1,0,9.09,66,36,12,87,70,1.16,88,0.29,0.29,1.25,81,0.31,0.31,80,7,1.75,1.75,0.75,0.75,29,3,0.31,80,90,76,94,0,78,70,0,0.00,99,6,0.00,1.50,11.00,11.00,44,22,71,77,5.50,5.50,50.00,5,1.25,21,0,53.85,0,0.00,99,7,1.75,1.75,97,41,47,62,0,0,0,0,0,85,76,77,87,0,99,48,54,91,2,50,99,15,0,0
Naphthalene Frank Appiah,24,1029826800,2002/08/20,First League,2026/2027,Midfielder,Zlín,499,282,217,Ghana,7,4,3,1,0,1,1,0,1,0,0,0,0,0,12,5,7,1,0,0.36,0.18,0.18,0,0.41,499,2.16,42,71,499,499,0.18,64,49,-1,2,0,6.81,0.14,76,15.18,12.00,9,84,8.86,62,29,11.20,9,0.00,0.00,1.57,11,0.00,2.43,1.81,1.43,10,0.00,1.86,0.00,0.00,0.00,0.14,2.29,1.86,7.00,1.27,0.86,4.00,0.00,0.14,0.14,0.00,0.14,0.00,0.00,0,0,,7,1.00,58,1,0.18,39,6,1.08,69,2,2,5,71,0.00,99,0,1,0.18,23,17,80,3.07,78,0,0.00,99,0,0.00,0,0,0.00,0,1.99,92,28,5.06,99,16,2.89,57.14,0,0.00,0,0,0,0.00,0,13,0.00,13,2.35,86,N/A,N/A,N/A,N/A,0.00,0,0.00,0,1.01,0.00,0,73.81,14.29,37,9,1.00,1.27,7,99,73,0,0,0,0.00,0.00,0,45,47.64,0.14,0.18,1,0,0.00,0.00,99,0.00,0,0,0,0.00,0.00,0,0.00,0.00,0.18,0.14,1,0,14.29,74,62,89,93,15,1.15,76,0.16,0.21,1.01,63,0.14,0.18,66,8,1.14,1.45,1.27,1.00,54,7,0.18,63,54,4,88,0,71,12,0,0.00,99,1,0.00,0.18,13.55,10.71,75,34,88,93,6.14,4.86,45.33,13,2.35,3,0,35.29,0,0.00,99,6,0.86,1.08,84,59,85,86,0,0,0,0,0,76,69,88,75,0,99,18,88,57,1,14,66,20,0,0
Nassim Innocenti,24,1014105600,2002/02/19,First League,2026/2027,Defender,Jablonec,0,0,0,France,0,0,0,0,0,0,0,0,0,0,0,0,0,0,0,0,0,0,0,0,0,0,0,0,0,0,0,0,0,0,0,-1,-1,-1,-1,N/A,N/A,N/A,N/A,N/A,N/A,N/A,N/A,N/A,N/A,N/A,N/A,N/A,N/A,N/A,N/A,N/A,N/A,N/A,N/A,N/A,N/A,N/A,N/A,N/A,N/A,N/A,N/A,N/A,N/A,N/A,N/A,N/A,N/A,N/A,N/A,N/A,N/A,N/A,N/A,N/A,N/A,N/A,N/A,N/A,N/A,N/A,N/A,N/A,N/A,N/A,N/A,N/A,N/A,N/A,N/A,N/A,N/A,N/A,N/A,N/A,N/A,N/A,N/A,N/A,N/A,N/A,N/A,N/A,N/A,N/A,N/A,N/A,N/A,N/A,N/A,N/A,N/A,N/A,N/A,N/A,N/A,N/A,N/A,N/A,N/A,N/A,N/A,N/A,N/A,N/A,N/A,N/A,N/A,N/A,N/A,N/A,N/A,N/A,N/A,N/A,N/A,N/A,N/A,N/A,N/A,N/A,N/A,N/A,N/A,N/A,N/A,N/A,N/A,N/A,N/A,N/A,N/A,N/A,N/A,N/A,N/A,N/A,N/A,N/A,N/A,N/A,N/A,N/A,N/A,N/A,N/A,N/A,N/A,N/A,N/A,N/A,N/A,N/A,N/A,N/A,N/A,N/A,N/A,N/A,N/A,N/A,N/A,N/A,N/A,N/A,N/A,N/A,N/A,N/A,N/A,N/A,N/A,N/A,N/A,N/A,N/A,N/A,N/A,N/A,N/A,N/A,N/A,N/A,N/A,N/A,N/A,N/A,N/A,N/A,N/A,N/A,N/A,N/A,N/A,N/A,N/A,N/A,N/A,N/A,N/A,N/A,N/A,N/A,N/A,N/A,N/A,N/A,N/A,N/A,N/A,N/A,N/A,N/A,N/A,N/A,N/A,N/A,N/A,N/A,N/A,N/A,N/A,N/A,N/A,N/A,N/A,N/A,N/A,N/A,N/A,N/A,N/A,N/A,N/A,N/A,N/A,N/A,N/A
Nazar Domchak,19,1175842800,2007/04/06,First League,2026/2027,Goalkeeper,Slavia Praha,0,0,0,Ukraine,0,0,0,0,0,0,0,0,0,0,0,0,0,0,0,0,0,0,0,0,0,0,0,0,0,0,0,0,0,0,0,-1,-1,-1,-1,N/A,N/A,N/A,N/A,N/A,N/A,N/A,N/A,N/A,N/A,N/A,N/A,N/A,N/A,N/A,N/A,N/A,N/A,N/A,N/A,N/A,N/A,N/A,N/A,N/A,N/A,N/A,N/A,N/A,N/A,N/A,N/A,N/A,N/A,N/A,N/A,N/A,N/A,N/A,N/A,N/A,N/A,N/A,N/A,N/A,N/A,N/A,N/A,N/A,N/A,N/A,N/A,N/A,N/A,N/A,N/A,N/A,N/A,N/A,N/A,N/A,N/A,N/A,N/A,N/A,N/A,N/A,N/A,N/A,N/A,N/A,N/A,N/A,N/A,N/A,N/A,N/A,N/A,N/A,N/A,N/A,N/A,N/A,N/A,N/A,N/A,N/A,N/A,N/A,N/A,N/A,N/A,N/A,N/A,N/A,N/A,N/A,N/A,N/A,N/A,N/A,N/A,N/A,N/A,N/A,N/A,N/A,N/A,N/A,N/A,N/A,N/A,N/A,N/A,N/A,N/A,N/A,N/A,N/A,N/A,N/A,N/A,N/A,N/A,N/A,N/A,N/A,N/A,N/A,N/A,N/A,N/A,N/A,N/A,N/A,N/A,N/A,N/A,N/A,N/A,N/A,N/A,N/A,N/A,N/A,N/A,N/A,N/A,N/A,N/A,N/A,N/A,N/A,N/A,N/A,N/A,N/A,N/A,N/A,N/A,N/A,N/A,N/A,N/A,N/A,N/A,N/A,N/A,N/A,N/A,N/A,N/A,N/A,N/A,N/A,N/A,N/A,N/A,N/A,N/A,N/A,N/A,N/A,N/A,N/A,N/A,N/A,N/A,N/A,N/A,N/A,N/A,N/A,N/A,N/A,N/A,N/A,N/A,N/A,N/A,N/A,N/A,N/A,N/A,N/A,N/A,N/A,N/A,N/A,N/A,N/A,N/A,N/A,N/A,N/A,N/A,N/A,N/A,N/A,N/A,N/A,N/A,N/A,N/A
Neil Glossoa,22,1094799600,2004/09/10,First League,2026/2027,Defender,Líšeň,592,294,298,France,8,4,4,0,0,0,2,1,1,0,0,0,0,0,17,12,5,3,0,0.3,0.3,0,0,0,0,2.58,35,74,197,296,0.46,110,20,86,16,0,6.60,0.25,88,36.04,28.71,59,201,22.00,154,39,27.61,60,0.00,0.00,0.86,6,0.00,1.71,2.33,1.86,13,0.00,0.43,0.00,0.00,0.71,0.71,0.57,2.86,0.00,0.54,0.43,1.57,0.00,0.00,0.02,0.00,0.43,0.00,0.00,0,0,,3,0.43,30,0,0.00,32,3,0.54,38,1,0,7,86,0.00,99,0,5,0.90,65,12,85,2.15,67,0,0.00,99,0,0.00,0,0,0.00,0,1.08,66,11,1.97,75,4,0.72,36.36,0,0.00,0,5,11,0.90,11,20,0.00,3,3.59,94,N/A,N/A,N/A,N/A,25.00,0,0.00,0,0.16,0.00,0,76.62,0.00,32,80,0.14,0.18,1,70,46,0,0,0,0.29,0.36,2,70,46.18,2.14,2.69,15,0,0.00,0.00,99,0.00,0,0,0,0.00,0.00,0,0.00,0.00,0.18,0.14,1,0,0.00,62,80,99,61,3,1.72,91,0.25,0.31,0.16,27,0.02,0.03,86,12,1.71,2.15,1.43,1.14,63,8,0.03,26,27,75,88,0,71,33,0,0.00,99,3,0.00,0.54,8.96,7.14,50,31,73,49,5.56,4.43,62.00,3,0.54,49,0,41.67,0,0.00,99,5,0.71,0.90,82,99,47,62,0,0,0,0,0,70,61,77,75,0,99,18,57,88,3,38,97,33,0,0
Nelson Okeke,24,1017043200,2002/03/25,First League,2026/2027,Midfielder,Jablonec,271,81,190,Nigeria,6,3,3,0,0,0,0,0,0,0,0,2,1,1,3,1,2,1,0,0,0,0,0,0,0,1,90,45,271,0,0.33,162,70,-1,8,0,6.50,0,69,41.00,20.50,76,123,17.50,105,77,35.00,76,0.00,0.00,0.17,1,0.00,0.00,1.33,0.67,4,0.00,0.67,0.00,0.00,0.00,0.33,0.17,0.50,0.00,1.33,0.67,0.17,0.00,0.00,0.03,0.00,0.50,0.00,0.00,0,0,,4,0.67,60,0,0.00,32,4,1.33,78,3,3,3,52,0.00,99,0,2,0.67,49,0,40,0.00,20,0,0.00,99,0,0.00,0,0,0.00,0,0.33,24,1,0.33,23,1,0.33,100.00,0,0.00,0,0,0,0.00,0,3,0.00,70,1.00,31,N/A,N/A,N/A,N/A,0.00,0,0.00,0,0.19,0.00,0,85.37,0.00,32,20,0.50,1.00,3,46,99,0,0,0,0.00,0.00,0,45,39.03,0.50,1.00,3,0,0.00,0.00,99,0.00,0,0,0,0.00,0.00,0,0.00,0.00,0.00,0.00,0,0,0.00,62,15,48,61,70,0.30,53,0.05,0.10,0.19,40,0.03,0.06,61,4,0.67,1.33,2.33,1.17,89,7,0.06,39,14,37,88,0,66,56,0,0.00,99,3,0.00,1.00,9.67,4.83,29,11,33,60,3.67,1.83,37.93,4,1.33,19,0,0.00,0,0.00,99,0,0.00,0.00,40,26,91,95,0,0,0,0,0,48,61,77,75,0,99,73,67,78,1,17,77,6,0,0
Nemanja Tekijaški,29,857289600,1997/03/02,First League,2026/2027,Defender,Jablonec,450,360,90,Serbia,5,4,1,0,0,0,0,0,0,0,0,3,2,1,3,3,0,1,0,0,0,0,0,0,0,0.6,150,90,450,0,0.2,170,175,11,23,0,7.18,0,69,62.40,62.40,95,312,55.80,279,91,55.80,96,0.00,0.00,0.60,3,0.00,0.80,0.60,0.60,3,0.00,0.40,0.00,0.00,0.00,1.20,0.20,0.60,0.00,1.00,0.80,0.20,0.00,0.20,0.06,0.00,3.00,0.00,0.00,0,0,,5,1.00,48,1,0.20,42,4,0.80,54,0,0,5,20,0.00,99,0,6,1.20,78,4,63,0.80,45,0,0.00,99,0,0.00,0,0,0.00,0,0.60,39,1,0.20,17,1,0.20,100.00,0,0.00,0,0,0,0.00,0,3,0.00,91,0.60,8,N/A,N/A,N/A,N/A,0.00,0,0.00,0,0.30,0.00,0,89.42,20.00,47,39,0.60,0.60,3,33,99,0,0,0,0.60,0.60,3,82,35.89,5.80,5.80,29,0,0.00,0.00,99,0.00,0,0,0,0.00,0.00,0,0.00,0.00,0.20,0.20,1,0,0.00,62,53,24,61,91,0.82,67,0.16,0.16,0.30,40,0.06,0.06,88,11,2.20,2.20,0.20,0.20,9,1,0.06,39,94,93,88,0,73,91,0,0.00,99,15,0.00,3.00,9.80,9.80,49,29,78,62,5.80,5.80,59.18,2,0.40,60,0,25.00,0,0.00,99,1,0.20,0.20,46,59,47,23,0,0,0,0,0,48,61,77,75,0,99,98,85,60,1,20,80,4,0,0
Nicolas Penner,25,992934000,2001/06/19,First League,2026/2027,Midfielder,Mladá Boleslav,0,0,0,Czech Republic,0,0,0,0,0,0,0,0,0,0,0,0,0,0,0,0,0,0,0,0,0,0,0,0,0,0,0,0,0,0,0,-1,-1,-1,-1,N/A,N/A,N/A,N/A,N/A,N/A,N/A,N/A,N/A,N/A,N/A,N/A,N/A,N/A,N/A,N/A,N/A,N/A,N/A,N/A,N/A,N/A,N/A,N/A,N/A,N/A,N/A,N/A,N/A,N/A,N/A,N/A,N/A,N/A,N/A,N/A,N/A,N/A,N/A,N/A,N/A,N/A,N/A,N/A,N/A,N/A,N/A,N/A,N/A,N/A,N/A,N/A,N/A,N/A,N/A,N/A,N/A,N/A,N/A,N/A,N/A,N/A,N/A,N/A,N/A,N/A,N/A,N/A,N/A,N/A,N/A,N/A,N/A,N/A,N/A,N/A,N/A,N/A,N/A,N/A,N/A,N/A,N/A,N/A,N/A,N/A,N/A,N/A,N/A,N/A,N/A,N/A,N/A,N/A,N/A,N/A,N/A,N/A,N/A,N/A,N/A,N/A,N/A,N/A,N/A,N/A,N/A,N/A,N/A,N/A,N/A,N/A,N/A,N/A,N/A,N/A,N/A,N/A,N/A,N/A,N/A,N/A,N/A,N/A,N/A,N/A,N/A,N/A,N/A,N/A,N/A,N/A,N/A,N/A,N/A,N/A,N/A,N/A,N/A,N/A,N/A,N/A,N/A,N/A,N/A,N/A,N/A,N/A,N/A,N/A,N/A,N/A,N/A,N/A,N/A,N/A,N/A,N/A,N/A,N/A,N/A,N/A,N/A,N/A,N/A,N/A,N/A,N/A,N/A,N/A,N/A,N/A,N/A,N/A,N/A,N/A,N/A,N/A,N/A,N/A,N/A,N/A,N/A,N/A,N/A,N/A,N/A,N/A,N/A,N/A,N/A,N/A,N/A,N/A,N/A,N/A,N/A,N/A,N/A,N/A,N/A,N/A,N/A,N/A,N/A,N/A,N/A,N/A,N/A,N/A,N/A,N/A,N/A,N/A,N/A,N/A,N/A,N/A,N/A,N/A,N/A,N/A,N/A,N/A
Obinaiia Samuel,21,1125212400,2005/08/28,First League,2026/2027,Midfielder,Bohemians 1905,9,9,0,Ukraine,1,1,0,0,0,0,0,0,0,0,0,1,1,0,0,0,0,1,0,0,0,0,0,0,0,0,0,9,9,0,10,-1,-1,-1,23,N/A,N/A,N/A,N/A,N/A,N/A,N/A,N/A,N/A,N/A,N/A,N/A,N/A,N/A,N/A,N/A,N/A,N/A,N/A,N/A,N/A,N/A,N/A,N/A,N/A,N/A,N/A,N/A,N/A,N/A,N/A,N/A,N/A,N/A,N/A,N/A,N/A,N/A,N/A,N/A,N/A,N/A,N/A,N/A,N/A,N/A,N/A,N/A,N/A,N/A,N/A,N/A,N/A,N/A,N/A,N/A,N/A,N/A,N/A,N/A,N/A,N/A,N/A,N/A,N/A,N/A,N/A,N/A,N/A,N/A,N/A,N/A,N/A,N/A,N/A,N/A,N/A,N/A,N/A,N/A,N/A,N/A,N/A,N/A,N/A,N/A,N/A,N/A,N/A,N/A,N/A,N/A,N/A,N/A,N/A,N/A,N/A,N/A,N/A,N/A,N/A,N/A,N/A,N/A,N/A,N/A,N/A,N/A,N/A,N/A,N/A,N/A,N/A,N/A,N/A,N/A,N/A,N/A,N/A,N/A,N/A,N/A,N/A,N/A,N/A,N/A,N/A,N/A,N/A,N/A,N/A,N/A,N/A,N/A,N/A,N/A,N/A,N/A,N/A,N/A,N/A,N/A,N/A,N/A,N/A,N/A,N/A,N/A,N/A,N/A,N/A,N/A,N/A,N/A,N/A,N/A,N/A,N/A,N/A,N/A,N/A,N/A,N/A,N/A,N/A,N/A,N/A,N/A,N/A,N/A,N/A,N/A,N/A,N/A,N/A,N/A,N/A,N/A,N/A,N/A,N/A,N/A,N/A,N/A,N/A,N/A,N/A,N/A,N/A,N/A,N/A,N/A,N/A,N/A,N/A,N/A,N/A,N/A,N/A,N/A,N/A,N/A,N/A,N/A,N/A,N/A,N/A,N/A,N/A,N/A,N/A,N/A,N/A,N/A,N/A,N/A,N/A,N/A,N/A,N/A,N/A,N/A,N/A,N/A
Oliver Mikuda,21,1117609200,2005/06/01,First League,2026/2027,Midfielder,Bohemians 1905,0,0,0,,0,0,0,0,0,0,0,0,0,0,0,0,0,0,0,0,0,0,0,0,0,0,0,0,0,0,0,0,0,0,0,-1,-1,-1,-1,N/A,N/A,N/A,N/A,N/A,N/A,N/A,N/A,N/A,N/A,N/A,N/A,N/A,N/A,N/A,N/A,N/A,N/A,N/A,N/A,N/A,N/A,N/A,N/A,N/A,N/A,N/A,N/A,N/A,N/A,N/A,N/A,N/A,N/A,N/A,N/A,N/A,N/A,N/A,N/A,N/A,N/A,N/A,N/A,N/A,N/A,N/A,N/A,N/A,N/A,N/A,N/A,N/A,N/A,N/A,N/A,N/A,N/A,N/A,N/A,N/A,N/A,N/A,N/A,N/A,N/A,N/A,N/A,N/A,N/A,N/A,N/A,N/A,N/A,N/A,N/A,N/A,N/A,N/A,N/A,N/A,N/A,N/A,N/A,N/A,N/A,N/A,N/A,N/A,N/A,N/A,N/A,N/A,N/A,N/A,N/A,N/A,N/A,N/A,N/A,N/A,N/A,N/A,N/A,N/A,N/A,N/A,N/A,N/A,N/A,N/A,N/A,N/A,N/A,N/A,N/A,N/A,N/A,N/A,N/A,N/A,N/A,N/A,N/A,N/A,N/A,N/A,N/A,N/A,N/A,N/A,N/A,N/A,N/A,N/A,N/A,N/A,N/A,N/A,N/A,N/A,N/A,N/A,N/A,N/A,N/A,N/A,N/A,N/A,N/A,N/A,N/A,N/A,N/A,N/A,N/A,N/A,N/A,N/A,N/A,N/A,N/A,N/A,N/A,N/A,N/A,N/A,N/A,N/A,N/A,N/A,N/A,N/A,N/A,N/A,N/A,N/A,N/A,N/A,N/A,N/A,N/A,N/A,N/A,N/A,N/A,N/A,N/A,N/A,N/A,N/A,N/A,N/A,N/A,N/A,N/A,N/A,N/A,N/A,N/A,N/A,N/A,N/A,N/A,N/A,N/A,N/A,N/A,N/A,N/A,N/A,N/A,N/A,N/A,N/A,N/A,N/A,N/A,N/A,N/A,N/A,N/A,N/A,N/A
Oliver Velich,25,992329200,2001/06/12,First League,2026/2027,Forward,Zbrojovka Brno,67,50,17,Czech Republic,6,4,2,0,0,0,0,0,0,0,0,1,1,0,2,1,1,0,0,0,0,0,0,0,0,2.69,34,11,0,0,0,-1,-1,-1,17,0,6.47,0,69,12.09,1.50,1,9,1.17,7,45,9.40,6,0.00,0.00,0.00,0,0.00,0.00,0.00,0.00,0,0.00,0.17,0.00,0.00,0.00,0.00,0.00,0.33,0.00,2.69,0.33,0.17,0.00,0.00,0.02,0.00,0.50,0.00,0.00,0,0,,2,0.33,92,0,0.00,32,2,2.69,98,0,6,0,7,0.00,99,0,0,0.00,20,0,40,0.00,20,0,0.00,99,0,0.00,0,0,0.00,0,0.00,14,1,1.34,62,0,0.00,0.00,0,0.00,0,0,0,0.00,0,2,0.00,2,2.69,90,N/A,N/A,N/A,N/A,0.00,0,0.00,0,0.11,0.00,0,77.78,0.00,32,7,0.17,1.34,1,23,23,0,0,0,0.00,0.00,0,45,38.84,0.00,0.00,0,0,0.00,0.00,99,0.00,0,0,0,0.00,0.00,0,0.00,0.00,1.34,0.17,1,0,0.00,62,0,48,61,2,0.01,0,0.00,0.01,0.11,59,0.02,0.15,93,2,0.33,2.69,2.69,0.33,93,2,0.15,58,11,3,88,0,99,98,0,0.00,99,3,0.00,4.03,20.15,2.50,15,5,93,99,6.72,0.83,33.33,1,1.34,18,0,0.00,0,0.00,99,0,0.00,0.00,40,0,99,23,0,0,0,0,0,48,61,77,75,0,99,37,44,44,0,0,49,9,0,0
Ondřej Karafiát,31,786268800,1994/12/01,First League,2026/2027,Defender,Mladá Boleslav,625,265,360,Czech Republic,7,3,4,0,0,0,0,0,0,0,0,2,2,0,9,1,8,0,0,0,0,0,0,0,0,1.3,69,89,0,0,0,105,100,46,19,0,6.96,0,69,55.35,54.83,92,329,49.83,299,95,50.30,93,0.00,0.00,0.33,2,0.00,1.00,1.68,1.67,10,0.00,0.17,0.00,0.00,0.00,0.83,0.17,1.00,0.00,0.34,0.17,0.17,0.00,0.17,0.03,0.00,1.17,0.00,0.00,0,0,,2,0.33,21,1,0.17,37,1,0.17,21,1,0,6,65,0.00,99,0,5,0.84,58,6,80,1.01,49,0,0.00,99,0,0.00,0,0,0.00,0,0.34,24,1,0.17,16,1,0.17,100.00,0,0.00,0,0,0,0.00,0,6,0.00,50,1.01,33,N/A,N/A,N/A,N/A,0.00,0,0.00,0,0.21,0.00,0,90.88,50.00,87,34,0.67,0.67,4,30,99,0,0,0,0.50,0.50,3,77,41.75,5.67,5.72,34,0,0.00,0.00,99,0.00,0,0,0,0.00,0.00,0,0.00,0.00,0.00,0.00,0,0,0.00,62,86,89,61,50,0.68,57,0.11,0.11,0.21,33,0.03,0.04,30,4,0.67,0.67,0.50,0.50,17,3,0.04,32,74,93,88,0,66,61,0,0.00,99,7,0.00,1.18,5.72,5.67,34,20,28,13,3.36,3.33,58.82,1,0.17,79,0,33.33,0,0.00,99,2,0.33,0.34,58,78,47,62,0,0,0,0,0,48,61,77,75,0,99,65,44,44,0,0,49,44,0,0
Ondřej Kukučka,22,1080028800,2004/03/23,First League,2026/2027,Defender,Zlín,316,226,90,Czech Republic,4,3,1,0,0,0,0,0,0,0,0,0,0,0,8,5,3,0,0,0,0,0,0,0,0,2.28,40,79,0,0,0,148,146,81,18,0,6.55,0,69,38.16,33.50,67,134,28.00,112,68,31.90,71,0.00,0.00,0.25,1,0.00,1.75,1.71,1.50,6,0.00,0.00,0.00,0.00,0.00,0.50,0.00,2.00,0.00,0.00,0.00,0.50,0.00,0.00,0.00,0.00,1.75,0.00,0.00,0,0,,0,0.00,13,0,0.00,32,0,0.00,17,3,0,4,66,0.00,99,0,2,0.57,42,7,47,1.99,66,0,0.00,99,0,0.00,0,0,0.00,0,0.28,20,2,0.57,33,0,0.00,0.00,0,0.00,0,0,0,0.00,0,8,0.00,8,2.28,83,N/A,N/A,N/A,N/A,0.00,0,0.00,0,0.00,0.00,0,83.58,0.00,32,23,0.75,0.85,3,23,23,0,0,0,0.50,0.57,2,81,26.22,6.50,7.41,26,0,0.00,0.00,99,0.00,0,0,0,0.00,0.00,0,0.00,0.00,0.00,0.00,0,0,0.00,62,27,12,61,11,0.32,46,0.08,0.09,0.00,13,0.00,0.00,4,0,0.00,0.00,0.85,0.75,33,3,0.00,13,19,98,88,0,66,81,0,0.00,99,7,0.00,1.99,6.55,5.75,23,13,35,21,3.70,3.25,56.52,0,0.00,99,0,14.29,0,0.00,99,1,0.25,0.28,52,41,47,95,0,0,0,0,0,48,61,77,75,0,99,18,44,44,0,0,49,35,0,0
Ondřej Mihálik,29,859968000,1997/04/02,First League,2026/2027,Forward,Hradec Králové,164,100,64,Czech Republic,3,2,1,0,0,0,0,0,0,0,0,1,0,1,1,1,0,0,0,0,0,0,0,0,0,0.55,164,55,0,0,0,-1,-1,-1,18,0,6.46,0,69,12.62,7.67,2,23,5.33,16,17,8.78,4,0.00,0.00,0.33,1,0.00,1.00,0.00,0.00,0,0.00,0.33,0.00,0.00,0.00,0.00,0.33,0.33,0.00,0.55,0.33,1.00,0.00,0.00,0.02,0.00,0.67,0.00,0.00,0,0,,1,0.33,30,0,0.00,32,1,0.55,40,2,1,2,7,0.00,99,0,0,0.00,20,3,80,1.65,62,0,0.00,99,0,0.00,0,0,0.00,0,0.55,37,3,1.65,71,1,0.55,33.33,0,0.00,0,0,0,0.00,0,1,0.00,92,0.55,5,N/A,N/A,N/A,N/A,0.00,0,0.00,0,0.05,0.00,0,69.57,0.00,32,99,0.00,0.00,0,60,45,0,0,0,0.00,0.00,0,45,19.38,0.33,0.55,1,0,0.00,0.00,99,0.00,0,0,0,0.00,0.00,0,0.00,0.00,1.65,1.00,3,0,0.00,62,0,3,61,92,0.06,3,0.02,0.03,0.05,27,0.02,0.03,22,1,0.33,0.55,1.10,0.67,45,2,0.03,26,10,15,88,0,99,59,0,0.00,99,2,0.00,1.10,6.59,4.00,12,4,12,22,2.20,1.33,33.33,1,0.55,48,0,33.33,0,0.00,99,1,0.33,0.55,71,8,70,86,0,0,0,0,0,48,61,77,75,0,99,73,44,44,0,0,49,17,0,0
Ondřej Prodělal,20,1133251200,2005/11/29,First League,2026/2027,Midfielder,Zbrojovka Brno,0,0,0,,0,0,0,0,0,0,0,0,0,0,0,0,0,0,0,0,0,0,0,0,0,0,0,0,0,0,0,0,0,0,0,-1,-1,-1,-1,N/A,N/A,N/A,N/A,N/A,N/A,N/A,N/A,N/A,N/A,N/A,N/A,N/A,N/A,N/A,N/A,N/A,N/A,N/A,N/A,N/A,N/A,N/A,N/A,N/A,N/A,N/A,N/A,N/A,N/A,N/A,N/A,N/A,N/A,N/A,N/A,N/A,N/A,N/A,N/A,N/A,N/A,N/A,N/A,N/A,N/A,N/A,N/A,N/A,N/A,N/A,N/A,N/A,N/A,N/A,N/A,N/A,N/A,N/A,N/A,N/A,N/A,N/A,N/A,N/A,N/A,N/A,N/A,N/A,N/A,N/A,N/A,N/A,N/A,N/A,N/A,N/A,N/A,N/A,N/A,N/A,N/A,N/A,N/A,N/A,N/A,N/A,N/A,N/A,N/A,N/A,N/A,N/A,N/A,N/A,N/A,N/A,N/A,N/A,N/A,N/A,N/A,N/A,N/A,N/A,N/A,N/A,N/A,N/A,N/A,N/A,N/A,N/A,N/A,N/A,N/A,N/A,N/A,N/A,N/A,N/A,N/A,N/A,N/A,N/A,N/A,N/A,N/A,N/A,N/A,N/A,N/A,N/A,N/A,N/A,N/A,N/A,N/A,N/A,N/A,N/A,N/A,N/A,N/A,N/A,N/A,N/A,N/A,N/A,N/A,N/A,N/A,N/A,N/A,N/A,N/A,N/A,N/A,N/A,N/A,N/A,N/A,N/A,N/A,N/A,N/A,N/A,N/A,N/A,N/A,N/A,N/A,N/A,N/A,N/A,N/A,N/A,N/A,N/A,N/A,N/A,N/A,N/A,N/A,N/A,N/A,N/A,N/A,N/A,N/A,N/A,N/A,N/A,N/A,N/A,N/A,N/A,N/A,N/A,N/A,N/A,N/A,N/A,N/A,N/A,N/A,N/A,N/A,N/A,N/A,N/A,N/A,N/A,N/A,N/A,N/A,N/A,N/A,N/A,N/A,N/A,N/A,N/A,N/A
Oskars Vientiess,23,1034060400,2002/10/08,First League,2026/2027,Defender,Teplice,630,360,270,Latvia,7,4,3,0,0,0,2,1,1,0,0,2,1,1,13,8,5,0,0,0.29,0.29,0,0,0,0,1.86,48,90,0,315,0,137,22,64,14,0,6.90,0.29,88,49.57,49.57,87,347,44.43,311,92,44.43,88,0.00,0.00,0.43,3,0.00,0.14,0.86,0.86,6,0.00,0.14,0.00,0.00,0.00,0.43,0.14,1.86,0.00,0.14,0.14,0.14,0.00,0.00,0.01,0.00,3.00,0.00,0.00,0,0,,1,0.14,14,0,0.00,32,1,0.14,19,0,0,7,30,0.00,99,0,3,0.43,36,1,99,0.14,21,0,0.00,99,0,0.00,0,0,0.00,0,0.43,30,1,0.14,15,1,0.14,100.00,0,0.00,0,0,0,0.00,0,13,0.00,24,1.86,68,N/A,N/A,N/A,N/A,0.00,0,0.00,0,0.05,0.00,0,89.63,0.00,32,99,0.00,0.00,0,27,99,0,0,0,1.00,1.00,7,97,48.27,6.43,6.43,45,0,0.00,0.00,99,0.00,0,0,0,0.00,0.00,0,0.00,0.00,0.00,0.00,0,0,0.00,62,94,89,61,24,1.94,87,0.28,0.28,0.05,18,0.01,0.01,17,3,0.43,0.43,0.14,0.14,8,1,0.01,17,68,97,88,0,66,91,0,0.00,99,21,0.00,3.00,7.14,7.14,50,30,47,25,4.29,4.29,60.00,1,0.14,82,0,100.00,0,0.00,99,1,0.14,0.14,42,99,47,23,0,0,0,0,0,67,61,77,75,0,99,65,44,44,0,0,49,4,0,0
Ousman Ceesay,21,1120806000,2005/07/08,First League,2026/2027,Forward,Slovácko,32,0,32,Gambia,1,0,1,0,0,0,0,0,0,0,0,0,0,0,1,0,1,1,1,0,0,0,0,0,0,2.81,32,32,16,0,5.63,-1,-1,-1,6,0,5.74,0,69,28.80,8.00,37,8,7.00,7,83,25.20,51,0.00,0.00,0.00,0,0.00,0.00,0.00,0.00,0,0.00,1.00,0.00,0.00,0.00,0.00,0.00,1.00,0.00,3.60,0.00,0.00,0.00,1.00,0.11,0.00,0.00,0.00,0.00,0,0,,1,1.00,99,1,3.60,99,0,0.00,17,0,1,0,7,0.00,99,0,0,0.00,20,0,40,0.00,20,0,0.00,99,0,0.00,0,0,0.00,0,0.00,14,0,0.00,12,0,0.00,0.00,0,0.00,0,0,0,0.00,0,1,0.00,1,3.60,94,N/A,N/A,N/A,N/A,0.00,0,0.00,0,0.11,0.00,0,87.50,100.00,99,99,0.00,0.00,0,23,23,0,0,0,0.00,0.00,0,45,5.74,1.00,3.60,1,0,0.00,0.00,99,0.00,0,0,0,0.00,0.00,0,0.00,0.00,0.00,0.00,0,0,0.00,62,0,0,61,2,0.01,8,0.01,0.04,0.11,89,0.11,0.40,4,0,0.00,0.00,3.60,1.00,99,1,0.40,89,3,77,88,0,66,8,0,0.00,99,0,0.00,0.00,7.20,2.00,2,0,0,25,0.00,0.00,0.00,1,3.60,0,0,0.00,0,0.00,99,0,0.00,0.00,40,0,70,23,0,0,0,0,0,48,61,77,75,0,99,18,44,99,0,0,49,13,0,0
Patrik Blahút,28,876207600,1997/10/07,First League,2026/2027,Midfielder,Slovácko,376,195,181,Slovakia,7,3,4,0,0,0,0,0,0,0,0,1,1,0,8,3,5,0,0,0,0,0,0,0,0,1.91,47,54,0,0,0,164,168,-1,26,0,6.40,0,69,26.19,17.17,30,103,14.67,88,77,22.37,40,0.00,0.00,0.67,4,0.00,1.17,0.25,0.17,1,0.00,0.67,0.00,0.00,0.00,0.33,0.17,1.33,0.00,1.02,0.50,1.00,0.00,0.17,0.05,0.00,0.00,0.00,0.00,0,0,,4,0.67,49,1,0.25,45,3,0.76,53,1,2,4,11,0.00,99,0,2,0.51,40,7,71,1.78,63,0,0.00,99,0,0.00,0,0,0.00,0,1.02,63,6,1.53,68,1,0.25,16.67,0,0.00,0,0,0,0.00,0,8,0.00,21,2.03,75,N/A,N/A,N/A,N/A,0.00,0,0.00,0,0.32,0.00,0,85.44,25.00,53,75,0.17,0.25,1,37,26,0,0,0,0.00,0.00,0,45,38.42,0.67,1.02,4,1,0.00,0.25,1,0.17,0,0,0,0.00,0.00,0,0.00,0.00,0.00,0.00,0,0,0.00,62,39,89,61,22,0.29,32,0.05,0.07,0.32,46,0.05,0.08,33,3,0.50,0.76,0.51,0.33,17,2,0.08,45,7,40,88,0,66,8,0,0.00,99,0,0.00,0.00,5.85,3.83,23,5,7,14,1.27,0.83,21.74,4,1.02,28,0,28.57,0,0.00,99,2,0.33,0.51,68,41,85,62,0,0,0,0,0,48,61,77,75,0,99,31,44,44,0,0,49,15,0,0
Patrik Čavoš,31,789465600,1995/01/07,First League,2026/2027,Midfielder,Zbrojovka Brno,459,279,180,Czech Republic,6,4,2,0,0,0,0,0,0,0,0,2,1,1,8,4,4,1,0,0,0,0,0,0,0,1.57,57,77,459,0,0.2,188,193,-1,16,0,6.78,0,69,25.10,21.33,26,128,17.33,104,59,20.39,32,0.00,0.00,0.17,1,0.00,0.83,2.94,2.50,15,0.00,0.17,0.00,0.00,0.00,1.17,0.50,1.33,0.00,1.18,0.83,0.83,0.00,0.17,0.06,0.00,0.67,0.00,0.00,0,0,,6,1.00,53,1,0.20,42,5,0.98,63,1,1,5,93,0.00,99,0,7,1.37,85,5,40,0.98,47,0,0.00,99,0,0.00,0,0,0.00,0,0.20,17,5,0.98,50,3,0.59,60.00,0,0.00,0,0,0,0.00,0,8,0.00,41,1.57,52,N/A,N/A,N/A,N/A,0.00,0,0.00,0,0.34,0.00,0,81.25,16.67,43,3,1.33,1.57,8,60,77,0,0,0,0.33,0.39,2,71,40.67,1.67,1.96,10,0,0.00,0.00,99,0.00,0,0,0,0.00,0.00,0,0.00,0.00,0.00,0.00,0,0,0.00,62,56,48,61,41,0.27,17,0.05,0.05,0.34,43,0.06,0.07,63,7,1.17,1.37,1.18,1.00,49,6,0.07,42,50,63,88,0,66,45,0,0.00,99,4,0.00,0.78,10.59,9.00,54,28,70,73,5.49,4.67,51.85,1,0.20,77,0,0.00,0,0.00,99,0,0.00,0.00,40,59,70,62,0,0,0,0,0,48,61,77,75,0,99,73,86,60,1,17,77,8,0,0
Patrik Dulay,21,1109836800,2005/03/03,First League,2026/2027,Midfielder,Slovan Liberec,419,202,217,Slovakia,6,3,3,3,0,3,1,0,1,0,0,3,2,1,3,1,2,1,0,0.86,0.21,0.64,0,1.24,140,0.64,140,70,419,419,0.21,7,44,-1,1,0,7.09,0.17,79,13.38,10.20,4,51,6.80,34,13,8.92,4,0.00,0.00,0.80,4,0.00,1.40,2.89,2.20,11,0.00,0.60,0.00,0.00,0.00,0.20,0.80,0.60,2.67,2.10,0.80,2.60,0.00,0.80,0.48,0.00,0.40,0.00,0.00,0,0,,8,1.60,80,4,1.05,94,4,1.05,67,1,2,3,93,0.00,99,0,1,0.26,27,7,71,1.84,66,0,0.00,99,0,0.00,0,0,0.00,0,1.05,63,13,3.41,93,4,1.05,30.77,0,0.00,0,0,0,0.00,0,3,0.00,88,0.79,17,N/A,N/A,N/A,N/A,0.00,0,0.00,0,2.38,0.00,0,66.67,50.00,87,17,0.80,1.05,4,85,37,0,0,0,0.40,0.52,2,78,35.46,1.20,1.57,6,0,0.00,0.00,99,0.00,0,0,0,0.00,0.00,0,0.00,0.00,0.26,0.20,1,0,37.50,94,48,48,64,88,0.79,76,0.16,0.21,2.38,97,0.48,0.62,21,2,0.40,0.52,1.57,1.20,67,6,0.62,97,87,54,88,0,78,32,0,0.00,99,2,0.00,0.52,12.33,9.40,47,19,62,88,4.99,3.80,40.43,3,0.79,39,0,28.57,0,0.00,99,2,0.40,0.52,70,26,85,62,0,0,0,0,0,97,97,99,75,0,99,95,85,60,1,17,77,24,0,0
Patrik Hrošovský,34,703926000,1992/04/22,First League,2026/2027,Midfielder,Viktoria Plzeň,617,360,257,Slovakia,7,4,3,1,0,1,1,0,1,0,0,2,0,2,11,6,5,0,0,0.29,0.15,0.15,0,0.35,617,1.6,56,88,0,617,0,72,58,-1,9,0,7.02,0.14,73,43.03,42.14,79,295,37.14,260,87,37.93,82,0.00,0.00,2.14,15,0.00,4.14,0.88,0.86,6,0.00,1.00,0.00,0.00,0.00,0.71,0.43,1.71,9.00,1.31,0.86,0.71,0.00,0.43,0.18,0.00,0.14,0.00,0.00,0,0,,9,1.29,59,3,0.44,66,6,0.88,59,3,0,7,32,0.00,99,0,5,0.73,51,29,73,4.23,87,0,0.00,99,0,0.00,0,0,0.00,0,2.19,94,5,0.73,41,3,0.44,60.00,0,0.00,0,0,0,0.00,0,12,0.00,37,1.75,62,N/A,N/A,N/A,N/A,0.00,0,0.00,0,1.26,0.00,0,88.14,33.33,68,73,0.29,0.29,2,51,77,0,0,0,0.14,0.15,1,49,49.13,0.43,0.44,3,0,0.00,0.00,99,0.00,0,0,0,0.00,0.00,0,0.00,0.00,0.00,0.00,0,0,11.11,68,84,89,97,38,1.74,82,0.25,0.25,1.26,63,0.18,0.18,40,6,0.86,0.88,0.58,0.57,20,4,0.18,63,82,10,88,0,66,10,0,0.00,99,1,0.00,0.15,4.67,4.57,32,15,12,8,2.19,2.14,46.88,7,1.02,28,0,31.03,0,0.00,99,9,1.29,1.31,91,99,47,95,0,0,0,0,0,67,65,85,75,0,99,65,44,44,0,0,49,17,0,0
Patrik Vízek,33,730713600,1993/02/26,First League,2026/2027,Goalkeeper,Hradec Králové,0,0,0,Czech Republic,0,0,0,0,0,0,0,0,0,0,0,0,0,0,0,0,0,1,0,0,0,0,0,0,0,0,0,0,0,0,0,-1,-1,-1,-1,N/A,N/A,N/A,N/A,N/A,N/A,N/A,N/A,N/A,N/A,N/A,N/A,N/A,N/A,N/A,N/A,N/A,N/A,N/A,N/A,N/A,N/A,N/A,N/A,N/A,N/A,N/A,N/A,N/A,N/A,N/A,N/A,N/A,N/A,N/A,N/A,N/A,N/A,N/A,N/A,N/A,N/A,N/A,N/A,N/A,N/A,N/A,N/A,N/A,N/A,N/A,N/A,N/A,N/A,N/A,N/A,N/A,N/A,N/A,N/A,N/A,N/A,N/A,N/A,N/A,N/A,N/A,N/A,N/A,N/A,N/A,N/A,N/A,N/A,N/A,N/A,N/A,N/A,N/A,N/A,N/A,N/A,N/A,N/A,N/A,N/A,N/A,N/A,N/A,N/A,N/A,N/A,N/A,N/A,N/A,N/A,N/A,N/A,N/A,N/A,N/A,N/A,N/A,N/A,N/A,N/A,N/A,N/A,N/A,N/A,N/A,N/A,N/A,N/A,N/A,N/A,N/A,N/A,N/A,N/A,N/A,N/A,N/A,N/A,N/A,N/A,N/A,N/A,N/A,N/A,N/A,N/A,N/A,N/A,N/A,N/A,N/A,N/A,N/A,N/A,N/A,N/A,N/A,N/A,N/A,N/A,N/A,N/A,N/A,N/A,N/A,N/A,N/A,N/A,N/A,N/A,N/A,N/A,N/A,N/A,N/A,N/A,N/A,N/A,N/A,N/A,N/A,N/A,N/A,N/A,N/A,N/A,N/A,N/A,N/A,N/A,N/A,N/A,N/A,N/A,N/A,N/A,N/A,N/A,N/A,N/A,N/A,N/A,N/A,N/A,N/A,N/A,N/A,N/A,N/A,N/A,N/A,N/A,N/A,N/A,N/A,N/A,N/A,N/A,N/A,N/A,N/A,N/A,N/A,N/A,N/A,N/A,N/A,N/A,N/A,N/A,N/A,N/A,N/A,N/A,N/A,N/A,N/A,N/A
Patrik Vydra,23,1056092400,2003/06/20,First League,2026/2027,Midfielder,Sparta Praha,14,0,14,Czech Republic,1,0,1,0,0,0,0,0,0,0,0,1,0,1,0,0,0,0,0,0,0,0,0,0,0,0,0,14,0,0,0,-1,-1,-1,11,0,6.68,0,69,32.14,5.00,50,5,5.00,5,99,32.14,71,0.00,0.00,0.00,0,0.00,0.00,0.00,0.00,0,0.00,0.00,0.00,0.00,0.00,0.00,0.00,0.00,0.00,6.43,0.00,0.00,0.00,1.00,0.13,0.00,0.00,0.00,0.00,0,0,,1,1.00,99,1,6.43,99,0,0.00,17,0,1,0,7,0.00,99,0,0,0.00,20,0,40,0.00,20,0,0.00,99,0,0.00,0,0,0.00,0,0.00,14,0,0.00,12,0,0.00,0.00,0,0.00,0,0,0,0.00,0,0,0.00,99,0.00,0,N/A,N/A,N/A,N/A,0.00,0,0.00,0,0.13,0.00,0,100.00,100.00,99,99,0.00,0.00,0,23,23,0,0,0,0.00,0.00,0,45,6.68,0.00,0.00,0,0,0.00,0.00,99,0.00,0,0,0,0.00,0.00,0,0.00,0.00,0.00,0.00,0,0,0.00,62,0,0,61,0,0.01,24,0.01,0.06,0.13,99,0.13,0.84,4,0,0.00,0.00,0.00,0.00,7,0,0.84,99,36,3,88,0,66,8,0,0.00,99,0,0.00,0.00,0.00,0.00,0,0,0,0,0.00,0.00,0.00,0,0.00,99,0,0.00,0,0.00,99,0,0.00,0.00,40,0,70,23,0,0,0,0,0,48,61,77,75,0,99,99,44,44,0,0,49,26,0,0
Patrik Žitný,27,916905600,1999/01/21,First League,2026/2027,Midfielder,Zbrojovka Brno,46,0,46,Czech Republic,1,0,1,0,0,0,1,0,1,0,0,1,0,1,0,0,0,0,0,1.96,1.96,0,0,0,0,0,0,46,0,46,0,-1,-1,-1,10,0,6.75,1,99,11.74,6.00,1,6,5.00,5,67,9.78,7,0.00,0.00,0.00,0,0.00,2.00,1.96,1.00,1,0.00,1.00,0.00,0.00,0.00,1.00,0.00,0.00,0.00,0.00,0.00,0.00,0.00,0.00,0.00,0.00,0.00,0.00,0.00,0,0,,0,0.00,13,0,0.00,32,0,0.00,17,2,0,1,74,0.00,99,0,1,1.96,98,2,40,3.91,85,0,0.00,99,0,0.00,0,0,0.00,0,0.00,14,0,0.00,12,0,0.00,0.00,0,0.00,0,0,0,0.00,0,0,0.00,99,0.00,0,N/A,N/A,N/A,N/A,0.00,0,0.00,0,0.00,0.00,0,83.33,0.00,32,99,0.00,0.00,0,23,23,0,0,0,0.00,0.00,0,45,6.75,0.00,0.00,0,0,0.00,0.00,99,0.00,0,0,0,0.00,0.00,0,0.00,0.00,0.00,0.00,0,0,0.00,62,0,0,61,0,0.66,99,0.66,1.29,0.00,13,0.00,0.00,83,1,1.00,1.96,1.96,1.00,81,1,0.00,13,45,3,88,0,66,8,0,0.00,99,0,0.00,0.00,9.78,5.00,5,2,38,61,3.91,2.00,40.00,1,1.96,6,0,0.00,0,0.00,99,0,0.00,0.00,40,3,47,86,0,0,0,0,0,99,61,77,75,0,99,99,44,44,0,0,49,29,0,0
Paul Chiemela Ndubuisi,20,1130310000,2005/10/26,First League,2026/2027,Midfielder,Slovácko,38,17,21,Nigeria,3,1,2,2,1,1,0,0,0,0,0,0,0,0,0,0,0,0,0,4.74,0,4.74,5.29,4.29,19,0,0,13,0,0,0,-1,-1,-1,1,0,6.93,0,69,42.63,6.00,79,18,5.00,15,67,35.53,77,0.00,0.00,0.00,0,0.00,0.33,2.37,0.33,1,0.00,0.67,0.00,0.00,0.00,0.33,0.00,0.00,1.00,4.74,0.00,0.33,0.00,0.67,0.46,0.00,0.00,0.00,0.00,0,0,,2,0.67,99,2,4.74,99,0,0.00,17,0,3,0,86,0.00,99,0,1,2.37,98,1,40,2.37,70,0,0.00,99,0,0.00,0,0,0.00,0,0.00,14,1,2.37,81,0,0.00,0.00,0,0.00,0,0,0,0.00,0,0,0.00,99,0.00,0,N/A,N/A,N/A,N/A,0.00,0,0.00,0,1.37,0.00,0,83.33,100.00,99,0,0.33,2.37,1,23,23,0,0,0,0.00,0.00,0,45,20.79,0.33,2.37,1,0,0.00,0.00,99,0.00,0,0,0,0.00,0.00,0,0.00,0.00,0.00,0.00,0,0,100.00,99,0,3,61,0,0.03,32,0.01,0.07,1.37,99,0.46,3.24,90,1,0.33,2.37,2.37,0.33,90,1,3.24,99,71,72,88,0,66,8,0,0.00,99,0,0.00,0.00,14.21,2.00,6,1,13,96,2.37,0.33,16.67,2,4.74,0,0,0.00,0,0.00,99,0,0.00,0.00,40,0,91,23,0,0,0,0,0,99,99,99,99,0,99,18,44,44,0,0,49,25,0,0
Pavel Halouska,31,801212400,1995/05/23,First League,2026/2027,Goalkeeper,Slovácko,171,90,81,Czech Republic,2,1,1,0,0,0,0,0,0,0,0,0,0,0,3,2,1,0,0,0,0,0,0,0,0,1.58,57,86,0,0,0,-1,-1,-1,10,0,6.39,0,69,33.16,31.50,52,63,17.00,34,1,17.89,24,0.00,0.00,0.00,0,0.00,0.00,0.00,0.00,0,0.00,0.00,0.00,0.00,1.50,0.00,0.00,3.00,0.00,0.00,0.00,0.00,0.00,0.00,0.00,0.00,0.50,0.00,0.00,0,0,,0,0.00,13,0,0.00,32,0,0.00,17,0,1,1,7,0.00,99,0,0,0.00,20,0,40,0.00,20,0,0.00,99,0,0.00,0,0,0.00,0,0.00,14,0,0.00,12,0,0.00,0.00,0,0.00,0,3,17,1.58,11,6,0.00,38,3.16,93,N/A,N/A,N/A,N/A,50.00,0,0.00,0,0.00,0.00,0,53.97,0.00,32,99,0.00,0.00,0,23,23,0,0,1,0.00,0.00,0,45,12.78,3.50,3.68,7,0,0.00,0.00,99,0.00,0,0,0,0.00,0.00,0,0.00,0.00,0.00,0.00,0,0,0.00,62,0,0,61,41,0.08,8,0.04,0.04,0.00,13,0.00,0.00,21,1,0.50,0.53,0.00,0.00,7,0,0.00,13,7,78,88,0,66,33,0,0.00,99,1,0.00,0.53,0.53,0.50,1,1,4,4,0.53,0.50,100.00,0,0.00,99,0,0.00,0,0.00,99,0,0.00,0.00,40,3,70,23,0,0,0,0,0,48,61,77,75,0,99,18,44,44,0,0,49,34,0,0
Pavel Juroška,25,994489200,2001/07/07,First League,2026/2027,Midfielder,Slovácko,302,75,227,Czech Republic,5,1,4,1,0,1,0,0,0,0,0,1,1,0,6,0,6,1,1,0.3,0,0.3,0,0.4,302,1.79,50,60,151,0,0.6,29,169,-1,2,0,6.89,0,69,17.58,12.50,12,50,8.25,33,10,11.60,10,0.00,0.00,1.25,5,0.00,1.25,1.41,1.00,4,0.00,0.50,0.00,0.00,0.00,0.25,0.75,1.25,4.00,1.41,0.50,1.50,0.00,0.50,0.23,0.00,0.00,0.00,0.00,0,0,,4,1.00,62,2,0.70,80,2,0.70,49,1,0,4,54,0.00,99,0,1,0.35,32,5,85,1.76,63,0,0.00,99,0,0.00,0,0,0.00,0,1.76,88,6,2.11,80,3,1.05,50.00,0,0.00,0,0,0,0.00,0,5,0.00,28,1.76,62,N/A,N/A,N/A,N/A,0.00,0,0.00,0,0.93,0.00,0,66.00,50.00,87,99,0.00,0.00,0,85,66,0,0,0,0.00,0.00,0,45,27.54,0.00,0.00,0,0,0.00,0.00,99,0.00,0,0,0,0.00,0.00,0,0.00,0.00,0.35,0.25,1,0,25.00,87,24,24,80,28,0.31,57,0.08,0.11,0.93,83,0.23,0.33,91,7,1.75,2.46,1.41,1.00,61,4,0.33,82,66,3,88,0,84,8,0,0.00,99,0,0.00,0.00,9.14,6.50,26,14,60,51,4.92,3.50,53.85,2,0.70,43,0,40.00,0,0.00,99,2,0.50,0.70,76,41,47,62,0,0,0,0,0,70,83,87,75,0,99,42,49,96,0,0,49,77,0,0
Pavel Kacor,20,1158044400,2006/09/12,First League,2026/2027,Forward,Slavia Praha,101,101,0,Czechia,4,4,0,0,0,0,0,0,0,0,0,1,1,0,1,1,0,0,0,0,0,0,0,0,0,0.89,101,25,0,0,0,-1,-1,-1,16,0,6.35,0,69,30.30,8.50,43,34,6.25,25,27,22.28,39,0.00,0.00,0.25,1,0.00,0.25,0.00,0.00,0,0.00,0.00,0.00,0.00,0.00,0.00,0.25,0.25,0.00,2.67,0.75,1.25,0.00,0.00,0.03,0.00,0.00,0.00,0.00,0,0,,3,0.75,92,0,0.00,32,3,2.67,98,0,4,0,7,0.00,99,0,0,0.00,20,1,40,0.89,46,0,0.00,99,0,0.00,0,0,0.00,0,0.89,56,5,4.46,98,1,0.89,20.00,0,0.00,0,0,0,0.00,0,1,0.00,77,0.89,22,N/A,N/A,N/A,N/A,0.00,0,0.00,0,0.13,0.00,0,73.53,0.00,32,22,0.25,0.89,1,78,27,0,0,0,0.00,0.00,0,45,25.41,0.25,0.89,1,0,0.00,0.00,99,0.00,0,0,0,0.00,0.00,0,0.00,0.00,0.00,0.00,0,0,0.00,62,0,12,61,77,0.10,46,0.03,0.09,0.13,57,0.03,0.12,40,1,0.25,0.89,1.78,0.50,74,2,0.12,56,6,31,88,0,66,8,0,0.00,99,0,0.00,0.00,10.69,3.00,12,2,8,73,1.78,0.50,16.67,0,0.00,99,0,0.00,0,0.00,99,0,0.00,0.00,40,0,97,23,0,0,0,0,0,48,61,77,75,0,99,48,44,44,0,0,49,32,0,0
Pavel Kadeřábek,34,704185200,1992/04/25,First League,2026/2027,Midfielder,Sparta Praha,173,0,173,Czech Republic,2,0,2,0,0,0,0,0,0,0,0,0,0,0,5,0,5,1,0,0,0,0,0,0,0,2.6,35,87,173,0,0.52,-1,-1,-1,8,0,6.37,0,69,47.34,45.50,83,91,41.50,83,96,43.18,86,0.00,0.00,1.50,3,0.00,1.50,1.04,1.00,2,0.00,0.00,0.00,0.00,0.00,0.00,0.00,2.50,0.00,0.52,0.50,0.50,0.00,0.00,0.03,0.00,1.50,0.00,0.00,0,0,,1,0.50,28,0,0.00,32,1,0.52,37,3,0,2,38,0.00,99,0,0,0.00,20,3,40,1.56,59,0,0.00,99,0,0.00,0,0,0.00,0,1.56,83,1,0.52,30,0,0.00,0.00,0,0.00,0,0,0,0.00,0,5,0.00,2,2.60,90,N/A,N/A,N/A,N/A,0.00,0,0.00,0,0.05,0.00,0,91.21,0.00,32,45,0.50,0.52,1,23,23,0,0,0,0.00,0.00,0,45,12.74,2.50,2.60,5,0,0.00,0.00,99,0.00,0,0,0,0.00,0.00,0,0.00,0.00,0.00,0.00,0,0,0.00,62,0,0,61,3,0.31,67,0.15,0.16,0.05,27,0.03,0.03,21,1,0.50,0.52,1.56,1.50,66,3,0.03,26,6,74,88,0,66,71,0,0.00,99,3,0.00,1.56,6.76,6.50,13,6,25,23,3.12,3.00,46.15,0,0.00,99,0,0.00,0,0.00,99,0,0.00,0.00,40,8,47,95,0,0,0,0,0,48,61,77,75,0,99,18,53,92,1,50,99,3,0,0
Péter Baráth,24,1014278400,2002/02/21,First League,2026/2027,Midfielder,Sigma Olomouc,630,270,360,Hungary,7,3,4,3,2,1,1,1,0,0,0,1,1,0,8,3,5,1,0,0.57,0.14,0.43,0.67,0.25,210,1.14,79,90,630,630,0.14,22,64,-1,1,0,7.24,0.14,70,53.00,53.00,89,371,45.14,316,73,45.14,89,0.00,0.00,1.00,7,0.00,0.71,1.57,1.57,11,0.00,0.71,0.00,0.00,0.00,1.43,0.29,1.14,4.33,1.86,1.14,0.86,0.00,0.71,0.40,0.00,1.43,0.00,0.00,0,0,,13,1.86,74,5,0.71,82,8,1.14,71,0,0,7,63,0.00,99,0,10,1.43,87,5,85,0.71,42,0,0.00,99,0,0.00,0,0,0.00,0,1.00,61,6,0.86,45,2,0.29,33.33,0,0.00,0,0,0,0.00,0,8,0.00,61,1.14,38,N/A,N/A,N/A,N/A,0.00,0,0.00,0,2.81,0.00,0,85.18,38.46,70,73,0.29,0.29,2,40,45,0,0,0,0.14,0.14,1,46,50.71,1.00,1.00,7,0,0.00,0.00,99,0.00,0,0,0,0.00,0.00,0,0.00,0.00,0.00,0.00,0,0,23.08,85,94,89,73,61,1.46,76,0.21,0.21,2.81,89,0.40,0.40,10,2,0.29,0.29,2.57,2.57,92,18,0.40,89,95,37,88,0,66,69,0,0.00,99,10,0.00,1.43,8.29,8.29,58,25,31,39,3.57,3.57,43.10,5,0.71,42,0,40.00,0,0.00,99,2,0.29,0.29,54,99,47,23,0,0,0,0,0,88,89,78,92,0,99,31,99,49,1,14,66,88,0,0
Peter Oluwajuwonlo Kareem,23,1060498800,2003/08/10,First League,2026/2027,Defender,Bohemians 1905,293,90,203,Nigeria,4,1,3,0,0,0,0,0,0,0,0,1,0,1,6,1,5,1,0,0,0,0,0,0,0,1.84,49,73,293,0,0.31,97,96,63,8,0,6.74,0,69,39.01,31.75,70,127,25.25,101,54,31.02,68,0.00,0.00,0.75,3,0.00,2.00,1.54,1.25,5,0.00,0.75,0.00,0.00,0.00,1.25,0.50,1.50,0.00,0.00,0.00,0.50,0.00,0.00,0.00,0.00,1.25,0.00,0.00,0,0,,0,0.00,13,0,0.00,32,0,0.00,17,0,1,3,62,0.00,99,0,5,1.54,90,8,95,2.46,71,0,0.00,99,0,0.00,0,0,0.00,0,0.92,58,2,0.61,35,2,0.61,100.00,0,0.00,0,0,0,0.00,0,6,0.00,25,1.84,67,N/A,N/A,N/A,N/A,0.00,0,0.00,0,0.00,0.00,0,79.53,0.00,32,67,0.25,0.31,1,63,99,0,0,0,1.00,1.23,4,99,26.97,3.50,4.30,14,0,0.00,0.00,99,0.00,0,0,0,0.00,0.00,0,0.00,0.00,0.00,0.00,0,0,0.00,62,21,12,61,27,0.30,46,0.07,0.09,0.00,13,0.00,0.00,42,3,0.75,0.92,1.84,1.50,77,6,0.00,13,44,83,88,0,66,71,0,0.00,99,5,0.00,1.54,8.91,7.25,29,15,51,49,4.61,3.75,51.72,3,0.92,33,0,50.00,0,0.00,99,4,1.00,1.23,88,26,70,23,0,0,0,0,0,48,61,77,75,0,99,48,70,75,1,25,87,25,0,0
Petr Hodous,22,1071820800,2003/12/19,First League,2026/2027,Defender,Slovan Liberec,351,183,168,Czech Republic,7,4,3,0,0,0,0,0,0,0,0,3,2,1,1,0,1,2,1,0,0,0,0,0,0,0.26,351,50,117,0,0.77,128,127,2,17,0,6.70,0,69,17.63,11.00,13,66,8.50,51,43,13.62,15,0.00,0.00,0.50,3,0.00,1.00,3.47,2.17,13,0.00,0.50,0.00,0.00,0.00,0.00,0.33,0.17,0.00,2.40,1.17,0.67,0.00,0.33,0.09,0.00,0.33,0.00,0.00,0,0,,9,1.50,87,2,0.53,74,7,1.87,90,3,1,5,98,0.00,99,0,0,0.00,20,6,49,1.60,60,0,0.00,99,0,0.00,0,0,0.00,0,0.80,54,4,1.07,55,2,0.53,50.00,0,0.00,0,0,0,0.00,0,1,0.00,99,0.27,0,N/A,N/A,N/A,N/A,0.00,0,0.00,0,0.51,0.00,0,77.27,22.22,47,99,0.00,0.00,0,60,66,0,0,0,0.00,0.00,0,45,40.20,0.17,0.27,1,0,0.00,0.00,99,0.00,0,0,0,0.00,0.00,0,0.00,0.00,0.27,0.17,1,0,0.00,62,33,89,61,99,0.24,24,0.04,0.06,0.51,58,0.09,0.14,99,14,2.33,3.74,2.14,1.33,84,8,0.14,57,38,6,88,0,80,33,0,0.00,99,2,0.00,0.53,11.75,7.33,44,31,99,83,8.28,5.17,70.45,3,0.80,38,0,16.67,0,0.00,99,1,0.17,0.27,51,59,70,95,0,0,0,0,0,48,61,77,75,0,99,87,48,97,1,14,66,5,0,0
Petr Julis,23,1047888000,2003/03/17,First League,2026/2027,Forward,Slovan Liberec,117,114,3,Czech Republic,4,3,1,0,0,0,1,1,0,0,0,2,2,0,0,0,0,0,0,0.77,0.77,0,0,0,0,0,0,29,0,117,0,-1,-1,-1,12,0,4.41,0.25,99,33.33,3.33,53,10,1.67,5,0,16.67,21,0.00,0.00,0.33,1,0.00,0.00,3.33,0.33,1,0.00,0.67,0.00,0.00,0.00,0.00,0.00,0.00,0.00,0.00,0.00,0.33,0.00,0.00,0.00,0.00,0.33,0.00,0.00,0,0,,0,0.00,13,0,0.00,32,0,0.00,17,0,3,0,97,0.00,99,0,0,0.00,20,0,40,0.00,20,0,0.00,99,0,0.00,0,0,0.00,0,3.33,99,1,3.33,92,0,0.00,0.00,0,0.00,0,0,0,0.00,0,0,0.00,99,0.00,0,N/A,N/A,N/A,N/A,0.00,0,0.00,0,0.00,0.00,0,50.00,0.00,32,99,0.00,0.00,0,23,23,0,0,0,0.33,3.33,1,99,13.23,0.00,0.00,0,0,0.00,0.00,99,0.00,0,0,0,0.00,0.00,0,0.00,0.00,0.00,0.00,0,0,0.00,62,0,12,61,0,0.58,99,0.19,1.93,0.00,13,0.00,0.00,97,1,0.33,3.33,0.00,0.00,7,0,0.00,13,0,3,88,0,66,94,0,0.00,99,1,0.00,3.33,23.33,2.33,7,3,99,99,10.00,1.00,42.86,2,6.67,0,0,0.00,0,0.00,99,0,0.00,0.00,40,0,91,23,0,0,0,0,0,92,61,77,75,0,99,95,44,44,0,0,49,17,0,0
Petr Kodeš,30,820483200,1996/01/01,First League,2026/2027,Midfielder,Teplice,10,0,10,Czech Republic,1,0,1,0,0,0,0,0,0,0,0,1,0,1,0,0,0,0,0,0,0,0,0,0,0,0,0,10,0,0,0,-1,-1,-1,15,0,6.52,0,69,45.00,5.00,81,5,3.00,3,4,27.00,57,0.00,0.00,0.00,0,0.00,0.00,0.00,0.00,0,0.00,0.00,0.00,0.00,0.00,0.00,0.00,0.00,0.00,0.00,0.00,0.00,0.00,0.00,0.00,0.00,0.00,0.00,0.00,0,0,,0,0.00,13,0,0.00,32,0,0.00,17,0,1,0,7,0.00,99,0,0,0.00,20,0,40,0.00,20,0,0.00,99,0,0.00,0,0,0.00,0,0.00,14,0,0.00,12,0,0.00,0.00,0,0.00,0,0,0,0.00,0,0,0.00,99,0.00,0,N/A,N/A,N/A,N/A,0.00,0,0.00,0,0.00,0.00,0,60.00,0.00,32,99,0.00,0.00,0,23,23,0,0,0,0.00,0.00,0,45,6.52,3.00,27.00,3,0,0.00,0.00,99,0.00,0,0,0,0.00,0.00,0,0.00,0.00,0.00,0.00,0,0,0.00,62,0,0,61,0,0.01,46,0.01,0.09,0.00,13,0.00,0.00,4,0,0.00,0.00,0.00,0.00,7,0,0.00,13,16,99,88,0,66,8,0,0.00,99,0,0.00,0.00,18.00,2.00,2,0,0,99,0.00,0.00,0.00,0,0.00,99,0,0.00,0,0.00,99,0,0.00,0.00,40,0,70,23,0,0,0,0,0,48,61,77,75,0,99,99,44,44,0,0,49,16,0,0
Petr Mirvald,23,1034751600,2002/10/16,First League,2026/2027,Defender,Bohemians 1905,392,204,188,,6,3,3,1,0,1,0,0,0,0,0,3,2,1,3,0,3,1,0,0.23,0,0.23,0,0.48,392,0.69,131,65,392,0,0.23,52,181,14,5,0,6.66,0,69,14.60,9.80,7,49,5.80,29,3,8.64,3,0.00,0.00,0.40,2,0.00,0.40,1.79,1.20,6,0.00,0.60,0.00,0.00,0.00,1.00,0.20,0.60,4.00,1.19,0.40,0.60,0.00,0.40,0.19,0.00,0.40,0.00,0.00,0,0,,4,0.80,53,2,0.60,76,2,0.60,43,1,2,3,70,0.00,99,0,5,1.49,88,2,95,0.60,40,0,0.00,99,0,0.00,0,0,0.00,0,0.60,39,3,0.89,47,1,0.30,33.33,0,0.00,0,0,0,0.00,0,3,0.00,86,0.89,22,N/A,N/A,N/A,N/A,0.00,0,0.00,0,0.95,0.00,0,59.18,50.00,87,0,1.60,2.38,8,41,45,0,0,0,0.40,0.60,2,82,33.30,2.40,3.58,12,0,0.00,0.00,99,0.00,0,0,1,0.20,0.30,0,0.00,0.00,0.89,0.60,3,0,25.00,87,41,48,88,87,0.16,17,0.03,0.05,0.95,79,0.19,0.28,24,2,0.40,0.60,1.49,1.00,64,5,0.28,78,31,77,97,0,98,38,0,0.00,99,2,0.00,0.60,9.54,6.40,32,11,27,57,3.28,2.20,34.38,3,0.89,34,0,50.00,0,0.00,99,1,0.20,0.30,55,26,85,62,0,0,0,0,0,60,73,90,75,0,99,95,82,63,1,17,77,32,0,0
Petr Ševčík,32,768034800,1994/05/04,First League,2026/2027,Midfielder,Zbrojovka Brno,110,66,44,Czech Republic,3,1,2,0,0,0,0,0,0,0,0,1,1,0,0,0,0,0,0,0,0,0,0,0,0,0,0,37,0,0,0,-1,-1,-1,11,0,6.72,0,69,54.32,22.33,90,67,16.67,50,32,40.54,83,0.00,0.00,0.67,2,0.00,1.67,1.62,0.67,2,0.00,0.67,0.00,0.00,0.00,0.33,0.33,0.00,0.00,0.00,0.00,0.33,0.00,0.00,0.00,0.00,0.33,0.00,0.00,0,0,,0,0.00,13,0,0.00,32,0,0.00,17,2,2,1,63,0.00,99,0,1,0.81,57,5,54,4.05,87,0,0.00,99,0,0.00,0,0,0.00,0,1.62,83,1,0.81,44,1,0.81,100.00,0,0.00,0,0,0,0.00,0,0,0.00,99,0.00,0,N/A,N/A,N/A,N/A,0.00,0,0.00,0,0.00,0.00,0,74.63,0.00,32,26,0.33,0.81,1,75,99,0,0,0,0.33,0.81,1,93,20.15,0.67,1.62,2,0,0.00,0.00,99,0.00,0,0,0,0.00,0.00,0,0.00,0.00,0.00,0.00,0,0,0.00,62,0,3,61,0,0.19,67,0.06,0.15,0.00,13,0.00,0.00,35,1,0.33,0.81,0.81,0.33,32,1,0.00,13,43,56,88,0,66,46,0,0.00,99,1,0.00,0.81,7.30,3.00,9,5,41,27,4.05,1.67,55.56,2,1.62,12,0,20.00,0,0.00,99,1,0.33,0.81,80,3,85,86,0,0,0,0,0,48,61,77,75,0,99,73,44,44,0,0,49,23,0,0
Prince Kwabena Adu,22,1064300400,2003/09/23,First League,2026/2027,Forward,Viktoria Plzeň,300,168,132,Ghana,5,2,3,1,1,0,0,0,0,0,0,2,0,2,2,2,0,1,0,0.3,0,0.3,0.54,0,300,0.6,150,60,300,0,0.3,30,93,-1,4,0,6.84,0,69,18.60,12.40,15,62,9.80,49,53,14.70,18,0.00,0.00,0.20,1,0.00,1.00,0.90,0.60,3,0.00,1.60,0.00,0.00,0.00,0.20,0.40,0.40,18.00,5.40,2.40,1.20,0.00,1.20,0.41,0.00,1.20,0.00,0.00,0,0,,18,3.60,99,6,1.80,99,12,3.60,99,4,1,4,32,0.00,99,0,1,0.30,29,5,54,1.50,58,0,0.00,99,0,0.00,0,0,0.00,0,0.30,21,6,1.80,73,2,0.60,33.33,0,0.00,0,0,0,0.00,0,2,0.00,91,0.60,8,N/A,N/A,N/A,N/A,0.00,0,0.00,0,2.03,0.00,0,79.03,33.33,68,99,0.00,0.00,0,61,45,0,0,0,0.00,0.00,0,45,34.19,0.40,0.60,2,0,0.00,0.00,99,0.00,0,0,0,0.00,0.00,0,0.00,0.00,0.60,0.40,2,0,5.56,63,23,24,80,91,0.16,17,0.03,0.05,2.03,97,0.41,0.61,82,6,1.20,1.80,2.70,1.80,93,9,0.61,97,59,17,88,0,93,76,0,0.00,99,6,0.00,1.80,14.10,9.40,47,16,57,96,4.80,3.20,34.04,8,2.40,3,0,20.00,0,0.00,99,1,0.20,0.30,55,41,70,99,0,0,0,0,0,70,83,77,88,0,99,76,72,73,1,20,80,80,0,0
Prince Mbatshi Mukuba,20,1136966400,2006/01/11,First League,2026/2027,Defender,Zlín,89,0,89,France,2,0,2,0,0,0,0,0,0,0,0,0,0,0,2,0,2,0,0,0,0,0,0,0,0,2.02,45,45,0,0,0,-1,-1,-1,8,0,6.59,0,69,20.22,10.00,17,20,6.50,13,9,13.15,14,0.00,0.00,0.00,0,0.00,0.50,1.01,0.50,1,0.00,0.00,0.00,0.00,0.00,1.00,0.00,1.00,0.00,3.03,1.00,0.00,0.00,0.50,0.10,0.00,1.00,0.00,0.00,0,0,,3,1.50,96,1,1.01,93,2,2.02,93,1,1,1,37,0.00,99,0,2,2.02,98,1,40,1.01,49,0,0.00,99,0,0.00,0,0,0.00,0,0.00,14,0,0.00,12,0,0.00,0.00,0,0.00,0,0,0,0.00,0,2,0.00,17,2.02,74,N/A,N/A,N/A,N/A,0.00,0,0.00,0,0.20,0.00,0,65.00,33.33,68,99,0.00,0.00,0,23,23,0,0,0,0.00,0.00,0,45,13.18,1.00,2.02,2,0,0.00,0.00,99,0.00,0,0,0,0.00,0.00,0,0.00,0.00,0.00,0.00,0,0,0.00,62,0,0,61,18,0.03,3,0.01,0.03,0.20,67,0.10,0.20,4,0,0.00,0.00,1.01,0.50,41,1,0.20,66,26,66,88,0,66,82,0,0.00,99,2,0.00,2.02,6.07,3.00,6,3,25,15,3.03,1.50,50.00,0,0.00,99,0,0.00,0,0.00,99,0,0.00,0.00,40,3,70,62,0,0,0,0,0,48,61,77,75,0,99,18,44,44,0,0,49,45,0,0
Qendrim Zyba,25,981187200,2001/02/03,First League,2026/2027,Midfielder,Slovan Liberec,0,0,0,Kosovo,0,0,0,0,0,0,0,0,0,0,0,0,0,0,0,0,0,0,0,0,0,0,0,0,0,0,0,0,0,0,0,-1,-1,-1,-1,N/A,N/A,N/A,N/A,N/A,N/A,N/A,N/A,N/A,N/A,N/A,N/A,N/A,N/A,N/A,N/A,N/A,N/A,N/A,N/A,N/A,N/A,N/A,N/A,N/A,N/A,N/A,N/A,N/A,N/A,N/A,N/A,N/A,N/A,N/A,N/A,N/A,N/A,N/A,N/A,N/A,N/A,N/A,N/A,N/A,N/A,N/A,N/A,N/A,N/A,N/A,N/A,N/A,N/A,N/A,N/A,N/A,N/A,N/A,N/A,N/A,N/A,N/A,N/A,N/A,N/A,N/A,N/A,N/A,N/A,N/A,N/A,N/A,N/A,N/A,N/A,N/A,N/A,N/A,N/A,N/A,N/A,N/A,N/A,N/A,N/A,N/A,N/A,N/A,N/A,N/A,N/A,N/A,N/A,N/A,N/A,N/A,N/A,N/A,N/A,N/A,N/A,N/A,N/A,N/A,N/A,N/A,N/A,N/A,N/A,N/A,N/A,N/A,N/A,N/A,N/A,N/A,N/A,N/A,N/A,N/A,N/A,N/A,N/A,N/A,N/A,N/A,N/A,N/A,N/A,N/A,N/A,N/A,N/A,N/A,N/A,N/A,N/A,N/A,N/A,N/A,N/A,N/A,N/A,N/A,N/A,N/A,N/A,N/A,N/A,N/A,N/A,N/A,N/A,N/A,N/A,N/A,N/A,N/A,N/A,N/A,N/A,N/A,N/A,N/A,N/A,N/A,N/A,N/A,N/A,N/A,N/A,N/A,N/A,N/A,N/A,N/A,N/A,N/A,N/A,N/A,N/A,N/A,N/A,N/A,N/A,N/A,N/A,N/A,N/A,N/A,N/A,N/A,N/A,N/A,N/A,N/A,N/A,N/A,N/A,N/A,N/A,N/A,N/A,N/A,N/A,N/A,N/A,N/A,N/A,N/A,N/A,N/A,N/A,N/A,N/A,N/A,N/A,N/A,N/A,N/A,N/A,N/A,N/A
Quadri Adebayo Adediran,25,971161200,2000/10/10,First League,2026/2027,Forward,Líšeň,319,164,155,Nigeria,4,2,2,2,2,0,1,0,1,0,0,0,0,0,8,5,3,0,0,0.85,0.28,0.56,1.1,0,160,2.26,40,80,0,319,0,12,26,-1,1,0,7.04,0.25,86,9.92,9.33,1,28,5.00,15,1,5.31,1,0.00,0.00,0.33,1,0.00,1.33,1.77,1.67,5,0.00,1.00,0.00,0.00,0.00,0.00,0.33,2.00,3.50,2.48,1.67,3.00,0.00,0.67,0.54,0.00,2.67,0.00,0.00,0,0,,7,2.33,90,2,0.71,82,5,1.77,89,2,0,3,69,0.00,99,0,0,0.00,20,4,63,1.42,55,0,0.00,99,0,0.00,0,0,0.00,0,0.35,26,9,3.19,91,1,0.35,11.11,0,0.00,0,0,0,0.00,0,6,0.00,9,2.13,79,N/A,N/A,N/A,N/A,0.00,0,0.00,0,1.62,0.00,0,53.57,28.57,57,31,0.67,0.71,2,48,23,0,0,0,1.00,1.06,3,98,21.12,0.67,0.71,2,0,0.00,0.00,99,0.00,0,0,1,0.33,0.35,0,0.00,0.00,1.06,1.00,3,0,28.57,90,28,12,67,11,0.62,77,0.21,0.22,1.62,97,0.54,0.57,85,6,2.00,2.13,2.83,2.67,94,8,0.57,96,85,23,98,0,99,90,0,0.00,99,8,0.00,2.83,18.43,17.33,52,20,95,99,7.09,6.67,38.46,3,1.06,27,0,25.00,0,0.00,99,1,0.33,0.35,59,26,47,86,0,1,0,25,0,96,95,77,98,0,99,18,44,44,0,0,49,6,0,0
Raimonds Krollis,24,1004252400,2001/10/28,First League,2026/2027,Forward,Slovan Liberec,177,83,94,Latvia,5,2,3,0,0,0,0,0,0,0,0,2,0,2,1,1,0,2,0,0,0,0,0,0,0,0.51,177,35,89,0,1.02,-1,-1,-1,10,0,6.92,0,69,22.88,9.00,22,45,6.80,34,34,17.29,22,0.00,0.00,0.80,4,0.00,0.60,0.00,0.00,0,0.00,0.20,0.00,0.00,0.00,0.20,0.60,0.20,0.00,6.10,1.60,0.60,0.00,0.80,0.18,0.00,1.40,0.00,0.00,0,0,,12,2.40,99,4,2.03,99,8,4.07,99,4,3,2,7,0.00,99,0,1,0.51,40,3,80,1.53,58,0,0.00,99,0,0.00,0,0,0.00,0,2.03,93,3,1.53,68,3,1.53,100.00,0,0.00,0,0,0,0.00,0,1,0.00,93,0.51,5,N/A,N/A,N/A,N/A,0.00,0,0.00,0,0.91,0.00,0,75.56,33.33,68,99,0.00,0.00,0,94,99,0,0,0,0.00,0.00,0,45,34.62,0.80,2.03,4,0,0.00,0.00,99,0.00,0,0,0,0.00,0.00,0,0.00,0.00,0.00,0.00,0,0,0.00,62,0,24,61,93,0.26,62,0.05,0.13,0.91,94,0.18,0.46,71,3,0.60,1.53,2.03,0.80,83,4,0.46,93,70,66,88,0,66,95,0,0.00,99,7,0.00,3.56,12.71,5.00,25,13,93,91,6.61,2.60,52.00,1,0.51,50,0,33.33,0,0.00,99,1,0.20,0.51,68,8,91,99,0,0,0,0,0,48,61,77,75,0,99,76,45,99,2,40,97,99,0,0
Raymond Roan Nogha Nogha,22,1079078400,2004/03/12,First League,2026/2027,Midfielder,Baník Ostrava,574,270,304,Cameroon,7,3,4,0,0,0,1,0,1,0,0,3,2,1,10,3,7,1,0,0.16,0.16,0,0,0,0,1.57,57,82,574,574,0.16,154,56,-1,16,0,6.67,0.14,73,30.73,28.00,43,196,22.00,154,50,24.15,49,0.00,0.00,0.29,2,0.00,0.43,0.94,0.86,6,0.00,0.29,0.00,0.00,0.00,1.43,0.29,1.57,0.00,0.47,0.43,0.29,0.00,0.00,0.02,0.00,1.00,0.00,0.00,0,0,,3,0.43,25,0,0.00,32,3,0.47,37,0,1,6,33,0.00,99,0,10,1.57,92,3,40,0.47,36,0,0.00,99,0,0.00,0,0,0.00,0,0.31,22,2,0.31,21,2,0.31,100.00,0,0.00,0,0,0,0.00,0,11,0.00,41,1.72,60,N/A,N/A,N/A,N/A,0.00,0,0.00,0,0.14,0.00,0,78.57,0.00,32,50,0.43,0.47,3,42,99,0,0,0,0.29,0.31,2,64,46.66,1.86,2.04,13,0,0.00,0.00,99,0.00,0,0,0,0.00,0.00,0,0.00,0.00,0.00,0.00,0,0,0.00,62,76,89,61,41,0.98,67,0.14,0.15,0.14,21,0.02,0.02,34,5,0.71,0.78,1.10,1.00,45,7,0.02,20,33,67,88,0,66,59,0,0.00,99,7,0.00,1.10,5.80,5.29,37,20,26,13,3.14,2.86,54.05,2,0.31,66,0,0.00,0,0.00,99,0,0.00,0.00,40,78,70,23,0,0,0,0,0,52,61,77,75,0,99,87,92,54,1,14,66,83,0,0
Richard Kašík,18,1196841600,2007/12/05,First League,2026/2027,Goalkeeper,Líšeň,180,90,90,Czech Republic,2,1,1,0,0,0,0,0,0,0,0,0,0,0,4,2,2,0,0,0,0,0,0,0,0,2,45,90,0,0,0,-1,-1,-1,10,0,7.21,0,69,36.00,36.00,58,36,24.00,24,13,24.00,47,0.00,0.00,0.00,0,0.00,0.00,0.00,0.00,0,0.00,0.00,0.00,0.00,5.00,0.00,0.00,7.00,0.00,0.00,0.00,0.00,0.00,0.00,0.00,0.00,0.00,0.00,0.00,0,0,,0,0.00,13,0,0.00,32,0,0.00,17,0,0,1,7,0.00,99,0,0,0.00,20,0,40,0.00,20,0,0.00,99,0,0.00,0,0,0.00,0,0.00,14,0,0.00,12,0,0.00,0.00,0,0.00,0,5,78,5.00,99,7,0.00,18,7.00,99,N/A,N/A,N/A,N/A,71.43,0,0.00,0,0.00,0.00,0,66.67,0.00,32,99,0.00,0.00,0,23,23,0,0,2,0.00,0.00,0,45,7.21,0.00,0.00,0,0,0.00,0.00,99,0.00,0,0,0,0.00,0.00,0,0.00,0.00,0.00,0.00,0,0,0.00,62,0,0,61,18,0.05,17,0.05,0.05,0.00,13,0.00,0.00,4,0,0.00,0.00,0.00,0.00,7,0,0.00,13,95,3,88,0,66,8,0,0.00,99,0,0.00,0.00,0.00,0.00,0,0,0,0,0.00,0.00,0.00,0,0.00,99,0,0.00,0,0.00,99,0,0.00,0.00,40,3,47,23,0,0,0,0,0,48,61,77,75,0,99,18,44,44,0,0,49,29,0,0
Richard Sedláček,27,929948400,1999/06/21,First League,2026/2027,Midfielder,Jablonec,549,279,270,Czech Republic,7,4,3,0,0,0,2,2,0,0,0,3,2,1,6,3,3,0,0,0.33,0.33,0,0,0,0,0.98,92,78,0,275,0,173,12,-1,21,0,6.96,0.29,92,61.31,53.43,95,374,45.43,318,73,52.13,95,0.00,0.00,1.14,8,0.00,0.86,2.13,1.86,13,0.00,0.71,0.00,0.00,0.00,1.00,0.29,0.86,0.00,0.82,0.71,0.43,0.00,0.00,0.04,0.00,0.14,0.00,0.00,0,0,,5,0.71,41,0,0.00,32,5,0.82,56,4,1,6,81,0.00,99,0,7,1.15,76,6,95,0.98,47,0,0.00,99,0,0.00,0,0,0.00,0,1.31,75,3,0.49,29,2,0.33,66.67,0,0.00,0,0,0,0.00,0,6,0.00,72,0.98,28,N/A,N/A,N/A,N/A,0.00,0,0.00,0,0.27,0.00,0,85.03,0.00,32,20,0.86,0.98,6,46,80,0,0,0,0.29,0.33,2,67,48.70,1.43,1.64,10,0,0.00,0.00,99,0.00,0,0,0,0.00,0.00,0,0.00,0.00,0.00,0.00,0,0,0.00,62,72,89,61,72,2.12,94,0.30,0.35,0.27,33,0.04,0.04,54,7,1.00,1.15,1.80,1.57,75,11,0.04,32,74,58,88,0,66,11,0,0.00,99,1,0.00,0.16,7.87,6.86,48,23,37,33,3.77,3.29,47.92,5,0.82,37,0,50.00,0,0.00,99,3,0.43,0.49,67,78,70,99,0,0,0,0,0,73,61,77,75,0,99,87,44,44,0,0,49,13,0,0
Robert Jukl,27,909561600,1998/10/28,First League,2026/2027,Midfielder,Teplice,21,0,21,Czech Republic,1,0,1,0,0,0,0,0,0,0,0,0,0,0,1,0,1,0,0,0,0,0,0,0,0,4.29,21,21,0,0,0,-1,-1,-1,9,0,6.74,0,69,8.57,2.00,0,2,2.00,2,99,8.57,3,0.00,0.00,0.00,0,0.00,0.00,0.00,0.00,0,0.00,0.00,0.00,0.00,0.00,0.00,0.00,1.00,0.00,4.29,0.00,0.00,0.00,1.00,0.13,0.00,1.00,0.00,0.00,0,0,,1,1.00,99,1,4.29,99,0,0.00,17,0,1,0,7,0.00,99,0,0,0.00,20,0,40,0.00,20,0,0.00,99,0,0.00,0,0,0.00,0,0.00,14,0,0.00,12,0,0.00,0.00,0,0.00,0,0,0,0.00,0,1,0.00,0,4.29,96,N/A,N/A,N/A,N/A,0.00,0,0.00,0,0.13,0.00,0,100.00,100.00,99,99,0.00,0.00,0,23,23,0,0,0,0.00,0.00,0,45,6.74,1.00,4.29,1,0,0.00,0.00,99,0.00,0,0,0,0.00,0.00,0,0.00,0.00,0.00,0.00,0,0,0.00,62,0,0,61,0,0.00,0,0.00,0.00,0.13,96,0.13,0.56,99,1,1.00,4.29,0.00,0.00,7,0,0.56,95,44,83,88,0,66,99,0,0.00,99,1,0.00,4.29,8.57,2.00,2,2,99,43,8.57,2.00,100.00,0,0.00,99,0,0.00,0,0.00,99,0,0.00,0.00,40,0,70,23,0,0,0,0,0,48,61,77,75,0,99,18,44,44,0,0,49,19,0,0
Robi Saarma,25,990342000,2001/05/20,First League,2026/2027,Forward,Pardubice,4,0,4,Estonia,1,0,1,0,0,0,0,0,0,0,0,0,0,0,0,0,0,0,0,0,0,0,0,0,0,0,0,4,0,0,0,-1,-1,-1,26,0,0.00,0,69,112.50,5.00,99,5,3.00,3,4,67.50,98,0.00,0.00,0.00,0,0.00,1.00,0.00,0.00,0,0.00,0.00,0.00,0.00,0.00,0.00,0.00,0.00,0.00,0.00,0.00,0.00,0.00,0.00,0.00,0.00,0.00,0.00,0.00,0,0,,0,0.00,13,0,0.00,32,0,0.00,17,0,1,0,7,0.00,99,0,0,0.00,20,1,99,22.50,99,0,0.00,99,0,0.00,0,0,0.00,0,0.00,14,0,0.00,12,0,0.00,0.00,0,0.00,0,0,0,0.00,0,0,0.00,99,0.00,0,N/A,N/A,N/A,N/A,0.00,0,0.00,0,0.00,0.00,0,60.00,0.00,32,99,0.00,0.00,0,23,23,0,0,0,0.00,0.00,0,45,0.00,0.00,0.00,0,0,0.00,0.00,99,0.00,0,0,0,0.00,0.00,0,0.00,0.00,0.00,0.00,0,0,0.00,62,0,0,61,0,0.01,78,0.01,0.23,0.00,13,0.00,0.00,4,0,0.00,0.00,0.00,0.00,7,0,0.00,13,0,3,88,0,66,8,0,0.00,99,0,0.00,0.00,0.00,0.00,0,0,0,0,0.00,0.00,0.00,0,0.00,99,0,100.00,0,0.00,99,1,1.00,22.50,99,0,70,23,0,0,0,0,0,48,61,77,75,0,99,18,44,44,0,0,49,77,0,0
Rodrigo Abajas Martín,23,1052722800,2003/05/12,First League,2026/2027,Defender,Hradec Králové,14,0,14,Spain,1,0,1,0,0,0,0,0,0,0,0,0,0,0,0,0,0,0,0,0,0,0,0,0,0,0,0,14,0,0,0,-1,-1,-1,7,0,6.28,0,69,51.43,8.00,88,8,6.00,6,33,38.57,82,0.00,0.00,0.00,0,0.00,0.00,6.43,1.00,1,0.00,1.00,0.00,0.00,0.00,0.00,0.00,1.00,0.00,0.00,0.00,0.00,0.00,0.00,0.00,0.00,0.00,0.00,0.00,0,0,,0,0.00,13,0,0.00,32,0,0.00,17,0,1,0,99,0.00,99,0,0,0.00,20,0,40,0.00,20,0,0.00,99,0,0.00,0,0,0.00,0,0.00,14,0,0.00,12,0,0.00,0.00,0,0.00,0,0,0,0.00,0,1,0.00,99,6.43,99,N/A,N/A,N/A,N/A,0.00,0,0.00,0,0.00,0.00,0,75.00,0.00,32,99,0.00,0.00,0,23,23,0,0,0,0.00,0.00,0,45,6.28,0.00,0.00,0,0,0.00,0.00,99,0.00,0,0,0,0.00,0.00,0,0.00,0.00,0.00,0.00,0,0,0.00,62,0,0,61,0,0.01,24,0.01,0.06,0.00,13,0.00,0.00,99,1,1.00,6.43,6.43,1.00,99,1,0.00,13,5,3,88,0,66,8,0,0.00,99,0,0.00,0.00,25.71,4.00,4,2,99,99,12.86,2.00,50.00,1,6.43,0,0,0.00,0,0.00,99,0,0.00,0.00,40,0,70,23,0,0,0,0,0,48,61,77,75,0,99,18,44,44,0,0,49,33,0,0
Roman Horák,21,1109318400,2005/02/25,First League,2026/2027,Midfielder,Jablonec,0,0,0,Czech Republic,1,0,1,0,0,0,0,0,0,0,0,0,0,0,0,0,0,0,0,0,0,0,0,0,0,0,0,0,0,0,0,-1,-1,-1,-1,0,6.63,0,69,20.00,2.00,17,2,2.00,2,99,20.00,31,0.00,0.00,0.00,0,0.00,0.00,10.00,1.00,1,0.00,0.00,0.00,0.00,0.00,0.00,0.00,0.00,0.00,0.00,0.00,0.00,0.00,0.00,0.00,0.00,0.00,0.00,0.00,0,0,,0,0.00,13,0,0.00,32,0,0.00,17,0,1,0,99,0.00,99,0,0,0.00,20,0,40,0.00,20,0,0.00,99,0,0.00,0,0,0.00,0,0.00,14,0,0.00,12,0,0.00,0.00,0,0.00,0,0,0,0.00,0,0,0.00,99,0.00,0,N/A,N/A,N/A,N/A,0.00,0,0.00,0,0.00,0.00,0,100.00,0.00,32,99,0.00,0.00,0,23,23,0,0,0,0.00,0.00,0,45,6.63,1.00,10.00,1,0,0.00,0.00,99,0.00,0,0,0,0.00,0.00,0,0.00,0.00,0.00,0.00,0,0,0.00,62,0,0,61,0,0.00,0,0.00,0.00,0.00,13,0.00,0.00,4,0,0.00,0.00,0.00,0.00,7,0,0.00,13,30,99,88,0,66,8,0,0.00,99,0,0.00,0.00,10.00,1.00,1,1,99,63,10.00,1.00,100.00,0,0.00,99,0,0.00,0,0.00,99,0,0.00,0.00,40,0,70,23,0,0,0,0,0,48,61,77,75,0,99,18,44,44,0,0,49,22,0,0
Roman Květ,28,882345600,1997/12/17,First League,2026/2027,Midfielder,Bohemians 1905,532,262,270,Czech Republic,6,3,3,1,0,1,1,1,0,0,0,3,2,1,6,1,5,1,0,0.34,0.17,0.17,0,0.33,532,1.02,89,89,532,532,0.17,65,52,-1,4,0,7.16,0.17,75,39.91,39.20,73,196,29.40,147,33,29.93,66,0.00,0.00,1.60,8,0.00,2.20,1.43,1.40,7,0.00,0.40,0.00,0.00,0.00,0.60,0.80,1.20,7.00,1.43,0.40,1.40,0.00,1.00,0.27,0.00,0.60,0.00,0.00,0,0,,7,1.40,63,5,1.02,93,2,0.41,32,1,0,5,57,0.00,99,0,3,0.61,44,11,81,2.24,68,0,0.00,99,0,0.00,0,0,0.00,0,1.63,84,7,1.43,64,4,0.81,57.14,0,0.00,0,0,0,0.00,0,6,0.00,68,1.22,42,N/A,N/A,N/A,N/A,0.00,0,0.00,0,1.33,0.00,0,75.00,71.43,96,17,1.00,1.02,5,75,73,0,0,0,0.20,0.20,1,54,35.81,1.60,1.63,8,0,0.00,0.00,99,0.00,0,0,0,0.00,0.00,0,0.00,0.00,0.00,0.00,0,0,14.29,74,68,48,95,69,0.58,60,0.12,0.12,1.33,77,0.27,0.27,90,12,2.40,2.44,2.24,2.20,86,11,0.27,77,93,57,88,0,66,40,0,0.00,99,3,0.00,0.61,9.57,9.40,47,24,60,59,4.89,4.80,51.06,2,0.41,59,0,36.36,0,0.00,99,4,0.80,0.81,80,59,47,62,0,0,0,0,0,75,68,84,75,0,99,95,89,56,1,17,77,16,0,0
Roman Macek,29,861346800,1997/04/18,First League,2026/2027,Midfielder,Sparta Praha,515,155,360,Czech Republic,6,2,4,0,0,0,0,0,0,0,0,1,0,1,9,3,6,3,0,0,0,0,0,0,0,1.57,57,86,172,0,0.52,107,101,-1,14,0,7.02,0,69,79.69,76.00,99,456,67.33,404,89,70.60,99,0.00,0.00,0.67,4,0.00,3.83,2.10,2.00,12,0.00,0.67,0.00,0.00,0.00,1.00,0.50,1.67,0.00,0.52,0.33,0.67,0.00,0.17,0.05,0.00,1.17,0.00,0.00,0,0,,3,0.50,28,1,0.17,37,2,0.35,31,2,0,6,80,0.00,99,0,6,1.05,72,23,45,4.02,87,0,0.00,99,0,0.00,0,0,0.00,0,0.70,48,4,0.70,39,3,0.52,75.00,0,0.00,0,0,0,0.00,0,10,0.00,41,1.75,62,N/A,N/A,N/A,N/A,0.00,0,0.00,0,0.27,0.00,0,88.60,33.33,68,62,0.33,0.35,2,59,87,0,0,0,0.33,0.35,2,68,42.09,0.50,0.52,3,1,0.00,0.17,3,0.17,0,0,0,0.00,0.00,0,0.00,0.00,0.00,0.00,0,0,0.00,62,65,48,61,41,1.04,72,0.17,0.18,0.27,36,0.05,0.05,74,9,1.50,1.57,1.75,1.67,73,10,0.05,35,82,13,88,0,66,63,0,0.00,99,7,0.00,1.22,8.74,8.33,50,31,69,46,5.42,5.17,62.00,4,0.70,43,0,13.04,0,0.00,99,3,0.50,0.52,70,78,47,86,0,0,0,0,0,48,61,77,75,0,99,37,52,92,3,50,99,7,0,0
Ryan Mahuta,24,1023433200,2002/06/07,First League,2026/2027,Defender,Pardubice,63,32,31,Finland,4,2,2,1,0,1,0,0,0,0,0,1,0,1,1,1,0,0,0,1.43,0,1.43,0,2.9,63,1.43,63,16,0,0,0,-1,-1,-1,2,0,6.83,0,69,34.29,6.00,55,24,5.00,20,67,28.57,61,0.00,0.00,0.50,2,0.00,1.50,0.00,0.00,0,0.00,0.00,0.00,0.00,0.00,0.25,0.75,0.25,1.00,1.43,0.00,0.75,0.00,0.25,0.17,0.00,0.00,0.00,0.00,0,0,,1,0.25,63,1,1.43,98,0,0.00,17,0,4,0,7,0.00,99,0,1,1.43,87,6,95,8.57,99,0,0.00,99,0,0.00,0,0,0.00,0,2.86,97,3,4.29,98,3,4.29,100.00,0,0.00,0,0,0,0.00,0,1,0.00,44,1.43,48,N/A,N/A,N/A,N/A,0.00,0,0.00,0,0.67,0.00,0,83.33,100.00,99,6,0.25,1.43,1,99,99,0,0,0,0.25,1.43,1,99,27.32,0.75,4.29,3,0,0.00,0.00,99,0.00,0,0,0,0.00,0.00,0,0.00,0.00,0.00,0.00,0,0,100.00,99,0,12,61,44,0.11,67,0.03,0.16,0.67,99,0.17,0.96,65,1,0.25,1.43,0.00,0.00,7,0,0.96,99,57,83,88,0,66,8,0,0.00,99,0,0.00,0.00,5.71,1.00,4,4,77,12,5.71,1.00,100.00,0,0.00,99,0,50.00,0,0.00,99,3,0.75,4.29,99,0,97,23,0,0,0,0,0,99,99,99,75,0,99,48,44,44,0,0,49,25,0,0
Sacha Komljenovic,23,1052550000,2003/05/10,First League,2026/2027,Midfielder,Líšeň,400,201,199,Netherlands,7,4,3,1,1,0,0,0,0,0,0,0,0,0,11,7,4,0,0,0.23,0,0.23,0.45,0,400,2.48,36,57,0,0,0,53,118,-1,2,0,6.70,0,69,28.98,19.00,39,114,15.00,90,52,22.88,43,0.00,0.00,0.33,2,0.00,0.33,1.27,0.83,5,0.00,0.33,0.00,0.00,0.00,0.50,0.33,1.50,5.00,1.27,0.50,0.50,0.00,0.33,0.17,0.00,1.33,0.00,0.00,0,0,,5,0.83,58,2,0.51,73,3,0.76,53,2,2,4,49,0.00,99,0,3,0.76,54,2,40,0.51,38,0,0.00,99,0,0.00,0,0,0.00,0,0.51,36,3,0.76,43,2,0.51,66.67,0,0.00,0,0,0,0.00,0,9,0.00,5,2.29,85,N/A,N/A,N/A,N/A,0.00,0,0.00,0,0.99,0.00,0,78.95,40.00,73,99,0.00,0.00,0,57,80,0,0,0,0.00,0.00,0,45,40.22,1.50,2.29,9,0,0.00,0.00,99,0.00,0,0,0,0.00,0.00,0,0.00,0.00,0.25,0.17,1,0,20.00,83,42,89,89,6,0.28,32,0.05,0.07,0.99,76,0.17,0.25,97,13,2.17,3.31,1.53,1.00,65,6,0.25,75,38,71,88,0,78,83,0,0.00,99,8,0.00,2.03,10.17,6.67,40,28,96,67,7.12,4.67,70.00,2,0.51,50,0,0.00,0,0.00,99,0,0.00,0.00,40,41,85,86,0,0,0,0,0,60,73,77,85,0,99,18,44,44,0,0,49,8,0,0
Saidou Alioum Moubarak,23,1059116400,2003/07/25,First League,2026/2027,Forward,Jablonec,241,149,92,Cameroon,4,2,2,1,1,0,0,0,0,0,0,1,1,0,2,1,1,1,0,0.37,0,0.37,0.6,0,241,0.75,121,60,241,0,0.37,-1,-1,-1,2,0,7.08,0,69,17.55,11.75,12,47,9.75,39,65,14.56,17,0.00,0.00,2.25,9,0.00,2.50,1.12,0.75,3,0.00,2.25,0.00,0.00,0.00,0.25,0.75,0.50,8.00,2.99,1.50,1.75,0.00,0.50,0.28,0.00,0.25,0.00,0.00,0,0,,8,2.00,95,2,0.75,83,6,2.24,95,2,1,3,43,0.00,99,0,1,0.37,33,10,96,3.73,83,0,0.00,99,0,0.00,0,0,0.00,0,3.36,99,7,2.61,85,3,1.12,42.86,0,0.00,0,0,0,0.00,0,2,0.00,83,0.75,14,N/A,N/A,N/A,N/A,0.00,0,0.00,0,1.11,0.00,0,82.98,25.00,53,99,0.00,0.00,0,86,53,0,0,0,0.25,0.37,1,70,28.34,0.25,0.37,1,0,0.00,0.00,99,0.00,0,0,0,0.00,0.00,0,0.00,0.00,0.00,0.00,0,0,12.50,70,12,12,75,83,0.38,64,0.10,0.14,1.11,92,0.28,0.41,97,9,2.25,3.36,1.87,1.25,79,5,0.41,91,87,9,88,0,66,23,0,0.00,99,1,0.00,0.37,14.94,10.00,40,16,82,98,5.98,4.00,40.00,9,3.36,1,0,60.00,0,0.00,99,6,1.50,2.24,99,26,70,86,0,0,0,0,0,77,87,77,90,0,99,48,65,80,1,25,87,17,0,0
Salim Fago Lawal,23,1042617600,2003/01/15,First League,2026/2027,Forward,Viktoria Plzeň,112,82,30,Nigeria,4,3,1,0,0,0,0,0,0,0,0,1,0,1,2,2,0,0,0,0,0,0,0,0,0,1.61,56,28,0,0,0,-1,-1,-1,21,0,6.42,0,69,14.46,4.50,6,18,3.25,13,24,10.45,8,0.00,0.00,0.50,2,0.00,0.25,0.00,0.00,0,0.00,0.50,0.00,0.00,0.00,0.00,0.00,0.50,0.00,0.80,0.25,0.75,0.00,0.00,0.01,0.00,0.00,0.00,0.00,0,0,,1,0.25,40,0,0.00,32,1,0.80,54,3,3,1,7,0.00,99,0,0,0.00,20,1,99,0.80,45,0,0.00,99,0,0.00,0,0,0.00,0,1.61,83,3,2.41,82,0,0.00,0.00,0,0.00,0,0,0,0.00,0,2,0.00,36,1.61,54,N/A,N/A,N/A,N/A,0.00,0,0.00,0,0.05,0.00,0,72.22,0.00,32,99,0.00,0.00,0,23,23,0,0,0,0.00,0.00,0,45,25.67,0.50,1.61,2,0,0.00,0.00,99,0.00,0,0,0,0.00,0.00,0,0.00,0.00,0.00,0.00,0,0,0.00,62,0,12,61,38,0.09,32,0.02,0.07,0.05,33,0.01,0.04,35,1,0.25,0.80,0.00,0.00,7,0,0.04,32,8,56,88,0,66,8,0,0.00,99,0,0.00,0.00,12.86,4.00,16,1,5,92,0.80,0.25,6.25,2,1.61,12,0,100.00,0,0.00,99,1,0.25,0.80,79,3,91,95,0,0,0,0,0,48,61,77,75,0,99,48,44,44,0,0,49,7,0,0
Sampson Dweh,24,1002697200,2001/10/10,First League,2026/2027,Defender,Viktoria Plzeň,630,360,270,Liberia,7,4,3,1,0,1,0,0,0,0,0,2,0,2,11,6,5,2,0,0.14,0,0.14,0,0.33,630,1.57,57,90,315,0,0.29,76,138,52,3,0,7.25,0,69,74.43,74.43,99,521,67.71,474,96,67.71,99,0.00,0.00,0.14,1,0.00,0.00,2.57,2.57,18,0.00,0.29,0.00,0.00,0.00,1.86,0.71,1.71,5.00,0.71,0.43,0.71,0.00,0.29,0.14,0.00,3.29,0.00,0.00,0,0,,5,0.71,37,2,0.29,53,3,0.43,34,0,0,7,89,0.00,99,0,13,1.86,97,0,40,0.00,20,0,0.00,99,0,0.00,0,0,0.00,0,0.14,15,5,0.71,40,5,0.71,100.00,0,0.00,0,0,0,0.00,0,12,0.00,41,1.71,59,N/A,N/A,N/A,N/A,0.00,0,0.00,0,0.99,0.00,0,90.98,40.00,73,85,0.14,0.14,1,69,99,0,0,0,0.57,0.57,4,81,50.75,7.71,7.71,54,0,0.00,0.00,99,0.00,0,0,0,0.00,0.00,0,0.00,0.00,0.00,0.00,0,0,20.00,83,94,89,99,41,1.20,70,0.17,0.17,0.99,58,0.14,0.14,10,2,0.29,0.29,1.57,1.57,67,11,0.14,57,96,99,88,0,66,93,0,0.00,99,23,0.00,3.29,9.86,9.86,69,48,94,63,6.86,6.86,69.57,2,0.29,70,0,0.00,0,0.00,99,0,0.00,0.00,40,99,47,23,0,0,0,0,0,50,64,84,75,0,99,65,76,71,2,29,93,40,0,0
Samuel Dancák,28,889171200,1998/03/06,First League,2026/2027,Midfielder,Hradec Králové,362,259,103,Slovakia,7,4,3,0,0,0,0,0,0,0,0,2,1,1,4,3,1,2,0,0,0,0,0,0,0,0.99,91,52,181,0,0.5,83,71,-1,20,0,6.75,0,69,47.49,27.29,83,191,23.86,167,83,41.52,85,0.00,0.00,0.57,4,0.00,0.14,2.24,1.29,9,0.00,0.29,0.00,0.00,0.00,0.71,0.29,0.71,0.00,0.75,0.14,0.29,0.00,0.29,0.05,0.00,0.57,0.00,0.00,0,0,,3,0.43,39,2,0.50,73,1,0.25,25,1,3,4,83,0.00,99,0,5,1.24,81,1,40,0.25,27,0,0.00,99,0,0.00,0,0,0.00,0,0.99,61,2,0.50,30,2,0.50,100.00,0,0.00,0,0,0,0.00,0,5,0.00,71,1.24,44,N/A,N/A,N/A,N/A,0.00,0,0.00,0,0.36,0.00,0,87.43,66.67,95,2,1.00,1.74,7,56,99,0,0,0,0.00,0.00,0,45,47.25,0.57,0.99,4,0,0.00,0.00,99,0.00,0,0,0,0.00,0.00,0,0.00,0.00,0.00,0.00,0,0,0.00,62,37,89,61,72,0.58,64,0.08,0.14,0.36,49,0.05,0.09,44,4,0.57,0.99,0.75,0.43,29,3,0.09,48,45,35,88,0,66,54,0,0.00,99,4,0.00,0.99,8.45,4.86,34,19,55,41,4.72,2.71,55.88,2,0.50,53,0,0.00,0,0.00,99,0,0.00,0.00,40,41,91,62,0,0,0,0,0,48,61,77,75,0,99,65,55,91,2,29,93,11,0,0
Samuel Grygar,22,1092034800,2004/08/09,First League,2026/2027,Midfielder,Mladá Boleslav,6,6,0,Czech Republic,1,1,0,0,0,0,0,0,0,0,0,0,0,0,1,1,0,0,0,0,0,0,0,0,0,15,6,6,0,0,0,-1,-1,-1,9,0,6.49,0,69,15.00,1.00,8,1,1.00,1,99,15.00,18,0.00,0.00,0.00,0,0.00,0.00,0.00,0.00,0,0.00,0.00,0.00,0.00,0.00,1.00,0.00,1.00,0.00,0.00,0.00,0.00,0.00,0.00,0.00,0.00,0.00,0.00,0.00,0,0,,0,0.00,13,0,0.00,32,0,0.00,17,0,1,0,7,0.00,99,0,1,15.00,99,0,40,0.00,20,0,0.00,99,0,0.00,0,0,0.00,0,0.00,14,0,0.00,12,0,0.00,0.00,0,0.00,0,0,0,0.00,0,1,0.00,18,15.00,99,N/A,N/A,N/A,N/A,0.00,0,0.00,0,0.00,0.00,0,100.00,0.00,32,99,0.00,0.00,0,23,23,0,0,0,0.00,0.00,0,45,6.49,1.00,15.00,1,0,0.00,0.00,99,0.00,0,0,0,0.00,0.00,0,0.00,0.00,0.00,0.00,0,0,0.00,62,0,0,61,0,0.00,0,0.00,0.00,0.00,13,0.00,0.00,4,0,0.00,0.00,0.00,0.00,7,0,0.00,13,13,99,88,0,66,8,0,0.00,99,0,0.00,0.00,0.00,0.00,0,0,0,0,0.00,0.00,0.00,0,0.00,99,0,0.00,0,0.00,99,0,0.00,0.00,40,0,70,23,0,0,0,0,0,48,61,77,75,0,99,18,44,44,0,0,49,14,0,0
Samuel Kelechi Isife,22,1089702000,2004/07/13,First League,2026/2027,Defender,Slavia Praha,272,90,182,Nigeria,4,1,3,0,0,0,1,1,0,0,0,3,1,2,0,0,0,0,0,0.33,0.33,0,0,0,0,0,0,68,0,272,0,180,14,1,25,0,7.04,0.25,92,30.77,23.25,44,93,18.00,72,43,23.82,47,0.00,0.00,0.75,3,0.00,2.75,2.32,1.75,7,0.00,0.50,0.00,0.00,0.00,0.25,0.50,0.00,0.00,0.99,0.50,1.50,0.00,0.25,0.06,0.00,1.00,0.00,0.00,0,0,,3,0.75,47,1,0.33,58,2,0.66,47,1,1,3,86,0.00,99,0,1,0.33,30,11,40,3.64,82,0,0.00,99,0,0.00,0,0,0.00,0,0.99,61,6,1.99,76,2,0.66,33.33,0,0.00,0,0,0,0.00,0,0,0.00,99,0.00,0,N/A,N/A,N/A,N/A,0.00,0,0.00,0,0.24,0.00,0,77.42,33.33,68,65,0.25,0.33,1,66,45,0,0,0,0.50,0.66,2,85,28.17,4.00,5.29,16,0,0.00,0.00,99,0.00,0,0,0,0.00,0.00,0,0.00,0.00,0.33,0.25,1,0,0.00,62,16,12,61,0,0.85,87,0.21,0.28,0.24,46,0.06,0.08,76,5,1.25,1.65,1.65,1.25,69,5,0.08,45,85,89,88,0,84,65,0,0.00,99,4,0.00,1.32,10.26,7.75,31,17,76,68,5.62,4.25,54.84,2,0.66,45,0,0.00,0,0.00,99,0,0.00,0.00,40,26,70,62,0,0,0,0,0,73,61,77,75,0,99,99,44,44,0,0,49,14,0,0
Samuel Šimek,24,1013500800,2002/02/12,First League,2026/2027,Midfielder,Pardubice,410,187,223,Czech Republic,6,3,3,0,0,0,0,0,0,0,0,1,0,1,5,2,3,1,0,0,0,0,0,0,0,1.1,82,68,410,0,0.22,85,104,-1,16,0,6.72,0,69,26.78,20.33,32,122,16.00,96,50,21.07,34,0.00,0.00,0.50,3,0.00,2.33,1.54,1.17,7,0.00,0.33,0.00,0.00,0.00,1.17,0.17,0.83,0.00,0.88,0.50,0.33,0.00,0.17,0.05,0.00,0.83,0.00,0.00,0,0,,4,0.67,45,1,0.22,43,3,0.66,47,1,1,5,62,0.00,99,0,7,1.54,90,14,47,3.07,78,0,0.00,99,0,0.00,0,0,0.00,0,0.66,45,2,0.44,26,1,0.22,50.00,0,0.00,0,0,0,0.00,0,5,0.00,63,1.10,36,N/A,N/A,N/A,N/A,0.00,0,0.00,0,0.29,0.00,0,78.69,25.00,53,54,0.33,0.44,2,36,66,0,0,0,0.67,0.88,4,95,40.34,1.50,1.98,9,0,0.00,0.00,99,0.00,0,0,0,0.00,0.00,0,0.00,0.00,0.00,0.00,0,0,0.00,62,45,48,61,63,0.33,32,0.06,0.07,0.29,40,0.05,0.06,7,1,0.17,0.22,3.07,2.33,95,14,0.06,39,43,63,88,0,66,59,0,0.00,99,5,0.00,1.10,7.46,5.67,34,11,13,30,2.41,1.83,32.35,2,0.44,57,0,14.29,0,0.00,99,2,0.33,0.44,65,59,70,62,0,0,0,0,0,48,61,77,75,0,99,37,83,62,1,17,77,8,0,0
Santiago Bocari Eneme,25,970210800,2000/09/29,First League,2026/2027,Midfielder,Sparta Praha,167,123,44,Equatorial Guinea,4,3,1,0,0,0,0,0,0,0,0,0,0,0,2,2,0,0,0,0,0,0,0,0,0,1.08,84,42,0,0,0,-1,-1,-1,15,0,6.75,0,69,49.58,23.00,87,92,21.75,87,99,46.89,90,0.00,0.00,0.50,2,0.00,0.75,1.62,0.75,3,0.00,0.75,0.00,0.00,0.00,0.00,1.25,0.50,0.00,2.69,1.25,1.75,0.00,0.00,0.06,0.00,0.25,0.00,0.00,0,0,,5,1.25,92,0,0.00,32,5,2.69,98,1,3,1,63,0.00,99,0,0,0.00,20,3,80,1.62,61,0,0.00,99,0,0.00,0,0,0.00,0,1.08,66,7,3.77,97,5,2.69,71.43,0,0.00,0,0,0,0.00,0,2,0.00,64,1.08,35,N/A,N/A,N/A,N/A,0.00,0,0.00,0,0.25,0.00,0,94.57,0.00,32,99,0.00,0.00,0,98,82,0,0,0,0.00,0.00,0,45,26.98,0.25,0.54,1,0,0.00,0.00,99,0.00,0,0,0,0.00,0.00,0,0.00,0.00,0.00,0.00,0,0,0.00,62,0,12,61,64,0.24,62,0.06,0.13,0.25,57,0.06,0.13,21,1,0.25,0.54,0.54,0.25,18,1,0.13,56,45,13,88,0,66,33,0,0.00,99,1,0.00,0.54,9.16,4.25,17,9,57,51,4.85,2.25,52.94,3,1.62,12,0,33.33,0,0.00,99,1,0.25,0.54,70,3,91,62,0,0,0,0,0,48,61,77,75,0,99,18,44,44,0,0,49,5,0,0
Sebastian Boháč,24,1027753200,2002/07/27,First League,2026/2027,Midfielder,Líšeň,123,44,79,Czech Republic,2,1,1,0,0,0,0,0,0,0,0,0,0,0,3,1,2,1,0,0,0,0,0,0,0,2.2,41,62,123,0,0.73,-1,-1,-1,17,0,5.95,0,69,32.73,16.00,50,16,11.00,11,16,22.50,41,0.00,0.00,0.00,0,0.00,1.00,2.05,1.00,1,0.00,0.00,0.00,0.00,0.00,0.00,0.00,2.00,0.00,0.00,0.00,3.00,0.00,0.00,0.00,0.00,1.00,0.00,0.00,0,0,,0,0.00,13,0,0.00,32,0,0.00,17,0,1,0,78,0.00,99,0,0,0.00,20,1,99,2.05,67,0,0.00,99,0,0.00,0,0,0.00,0,0.00,14,3,6.14,99,0,0.00,0.00,0,0.00,0,0,0,0.00,0,2,0.00,11,4.09,96,N/A,N/A,N/A,N/A,0.00,0,0.00,0,0.00,0.00,0,68.75,0.00,32,99,0.00,0.00,0,23,23,0,0,0,0.00,0.00,0,45,5.95,1.00,2.05,1,0,0.00,0.00,99,0.00,0,0,0,0.00,0.00,0,0.00,0.00,2.05,1.00,1,0,0.00,62,0,0,61,13,0.03,24,0.03,0.06,0.00,13,0.00,0.00,85,1,1.00,2.05,4.09,2.00,99,2,0.00,13,3,67,88,0,99,83,0,0.00,99,1,0.00,2.05,18.41,9.00,9,3,88,99,6.14,3.00,33.33,0,0.00,99,0,100.00,0,0.00,99,1,1.00,2.05,98,0,70,23,0,0,0,0,0,48,61,77,75,0,99,18,48,96,1,50,99,66,0,0
Sebastian Nebyla,24,1011945600,2002/01/25,First League,2026/2027,Midfielder,Jablonec,417,345,72,Slovakia,5,4,1,0,0,0,1,1,0,0,0,3,2,1,2,2,0,0,0,0.22,0.22,0,0,0,0,0.43,209,83,0,417,0,176,40,-1,18,0,6.97,0.2,81,30.00,27.80,42,139,24.40,122,84,26.33,55,0.00,0.00,2.40,12,0.00,2.40,0.86,0.80,4,0.00,0.20,0.00,0.00,0.00,0.80,0.20,0.40,0.00,0.65,0.60,0.60,0.00,0.00,0.03,0.00,0.40,0.00,0.00,0,0,,3,0.60,35,0,0.00,32,3,0.65,46,2,0,5,30,0.00,99,0,4,0.86,60,12,95,2.59,73,0,0.00,99,0,0.00,0,0,0.00,0,2.59,97,3,0.65,37,1,0.22,33.33,0,0.00,0,0,0,0.00,0,2,0.00,97,0.43,3,N/A,N/A,N/A,N/A,0.00,0,0.00,0,0.13,0.00,0,87.77,0.00,32,56,0.40,0.43,2,36,45,0,0,0,0.20,0.22,1,56,34.86,0.60,0.65,3,0,0.00,0.00,99,0.00,0,0,0,0.00,0.00,0,0.00,0.00,0.22,0.20,1,0,0.00,62,47,24,61,97,1.29,87,0.26,0.28,0.13,27,0.03,0.03,61,6,1.20,1.29,1.73,1.60,72,8,0.03,26,76,20,88,0,74,25,0,0.00,99,2,0.00,0.43,6.47,6.00,30,13,18,19,2.81,2.60,43.33,1,0.22,75,0,50.00,0,0.00,99,6,1.20,1.29,91,59,47,86,0,0,0,0,0,58,61,77,75,0,99,98,44,44,0,0,49,25,0,0
Sebastian Pech,17,1231142400,2009/01/05,First League,2026/2027,Defender,Sparta Praha,0,0,0,Czechia,0,0,0,0,0,0,0,0,0,0,0,0,0,0,0,0,0,0,0,0,0,0,0,0,0,0,0,0,0,0,0,-1,-1,-1,-1,N/A,N/A,N/A,N/A,N/A,N/A,N/A,N/A,N/A,N/A,N/A,N/A,N/A,N/A,N/A,N/A,N/A,N/A,N/A,N/A,N/A,N/A,N/A,N/A,N/A,N/A,N/A,N/A,N/A,N/A,N/A,N/A,N/A,N/A,N/A,N/A,N/A,N/A,N/A,N/A,N/A,N/A,N/A,N/A,N/A,N/A,N/A,N/A,N/A,N/A,N/A,N/A,N/A,N/A,N/A,N/A,N/A,N/A,N/A,N/A,N/A,N/A,N/A,N/A,N/A,N/A,N/A,N/A,N/A,N/A,N/A,N/A,N/A,N/A,N/A,N/A,N/A,N/A,N/A,N/A,N/A,N/A,N/A,N/A,N/A,N/A,N/A,N/A,N/A,N/A,N/A,N/A,N/A,N/A,N/A,N/A,N/A,N/A,N/A,N/A,N/A,N/A,N/A,N/A,N/A,N/A,N/A,N/A,N/A,N/A,N/A,N/A,N/A,N/A,N/A,N/A,N/A,N/A,N/A,N/A,N/A,N/A,N/A,N/A,N/A,N/A,N/A,N/A,N/A,N/A,N/A,N/A,N/A,N/A,N/A,N/A,N/A,N/A,N/A,N/A,N/A,N/A,N/A,N/A,N/A,N/A,N/A,N/A,N/A,N/A,N/A,N/A,N/A,N/A,N/A,N/A,N/A,N/A,N/A,N/A,N/A,N/A,N/A,N/A,N/A,N/A,N/A,N/A,N/A,N/A,N/A,N/A,N/A,N/A,N/A,N/A,N/A,N/A,N/A,N/A,N/A,N/A,N/A,N/A,N/A,N/A,N/A,N/A,N/A,N/A,N/A,N/A,N/A,N/A,N/A,N/A,N/A,N/A,N/A,N/A,N/A,N/A,N/A,N/A,N/A,N/A,N/A,N/A,N/A,N/A,N/A,N/A,N/A,N/A,N/A,N/A,N/A,N/A,N/A,N/A,N/A,N/A,N/A,N/A
Sebastián Zajac,18,1193814000,2007/10/31,First League,2026/2027,Goalkeeper,Sparta Praha,0,0,0,Slovakia,0,0,0,0,0,0,0,0,0,0,0,0,0,0,0,0,0,0,0,0,0,0,0,0,0,0,0,0,0,0,0,-1,-1,-1,-1,N/A,N/A,N/A,N/A,N/A,N/A,N/A,N/A,N/A,N/A,N/A,N/A,N/A,N/A,N/A,N/A,N/A,N/A,N/A,N/A,N/A,N/A,N/A,N/A,N/A,N/A,N/A,N/A,N/A,N/A,N/A,N/A,N/A,N/A,N/A,N/A,N/A,N/A,N/A,N/A,N/A,N/A,N/A,N/A,N/A,N/A,N/A,N/A,N/A,N/A,N/A,N/A,N/A,N/A,N/A,N/A,N/A,N/A,N/A,N/A,N/A,N/A,N/A,N/A,N/A,N/A,N/A,N/A,N/A,N/A,N/A,N/A,N/A,N/A,N/A,N/A,N/A,N/A,N/A,N/A,N/A,N/A,N/A,N/A,N/A,N/A,N/A,N/A,N/A,N/A,N/A,N/A,N/A,N/A,N/A,N/A,N/A,N/A,N/A,N/A,N/A,N/A,N/A,N/A,N/A,N/A,N/A,N/A,N/A,N/A,N/A,N/A,N/A,N/A,N/A,N/A,N/A,N/A,N/A,N/A,N/A,N/A,N/A,N/A,N/A,N/A,N/A,N/A,N/A,N/A,N/A,N/A,N/A,N/A,N/A,N/A,N/A,N/A,N/A,N/A,N/A,N/A,N/A,N/A,N/A,N/A,N/A,N/A,N/A,N/A,N/A,N/A,N/A,N/A,N/A,N/A,N/A,N/A,N/A,N/A,N/A,N/A,N/A,N/A,N/A,N/A,N/A,N/A,N/A,N/A,N/A,N/A,N/A,N/A,N/A,N/A,N/A,N/A,N/A,N/A,N/A,N/A,N/A,N/A,N/A,N/A,N/A,N/A,N/A,N/A,N/A,N/A,N/A,N/A,N/A,N/A,N/A,N/A,N/A,N/A,N/A,N/A,N/A,N/A,N/A,N/A,N/A,N/A,N/A,N/A,N/A,N/A,N/A,N/A,N/A,N/A,N/A,N/A,N/A,N/A,N/A,N/A,N/A,N/A
Simon Bammens,28,895302000,1998/05/16,First League,2026/2027,Defender,Pardubice,316,180,136,Belgium,4,2,2,0,0,0,0,0,0,0,0,0,0,0,6,3,3,0,0,0,0,0,0,0,0,1.71,53,79,0,0,0,117,110,59,12,0,6.44,0,69,37.59,33.00,64,132,26.00,104,51,29.62,65,0.00,0.00,0.25,1,0.00,0.00,1.14,1.00,4,0.00,0.00,0.00,0.00,0.00,1.00,0.00,1.50,0.00,0.00,0.00,0.25,0.00,0.00,0.00,0.00,2.00,0.00,0.00,0,0,,0,0.00,13,0,0.00,32,0,0.00,17,1,0,4,43,0.00,99,0,4,1.14,75,0,40,0.00,20,0,0.00,99,0,0.00,0,0,0.00,0,0.28,20,1,0.28,18,0,0.00,0.00,0,0.00,0,0,0,0.00,0,6,0.00,33,1.71,59,N/A,N/A,N/A,N/A,0.00,0,0.00,0,0.00,0.00,0,78.79,0.00,32,43,0.50,0.57,2,23,23,0,0,0,0.25,0.28,1,60,25.75,5.75,6.55,23,0,0.00,0.00,99,0.00,0,0,0,0.00,0.00,0,0.00,0.00,0.00,0.00,0,0,0.00,62,27,12,61,33,0.30,46,0.07,0.09,0.00,13,0.00,0.00,7,1,0.25,0.28,1.71,1.50,71,6,0.00,13,9,97,88,0,66,86,0,0.00,99,8,0.00,2.28,7.41,6.50,26,13,35,29,3.70,3.25,50.00,0,0.00,99,0,0.00,0,0.00,99,0,0.00,0.00,40,41,47,62,0,0,0,0,0,48,61,77,75,0,99,18,44,44,0,0,49,44,0,0
Šimon Černý,20,1153638000,2006/07/23,First League,2026/2027,Midfielder,Bohemians 1905,94,37,57,Czech Republic,7,3,4,1,1,0,0,0,0,0,0,3,2,1,2,0,2,0,0,0.96,0,0.96,2.43,0,94,1.91,47,13,0,0,0,-1,-1,-1,3,0,5.52,0,69,53.48,6.83,90,41,5.67,34,64,44.35,87,0.00,0.00,0.33,2,0.00,0.00,2.61,0.33,2,0.00,0.33,0.00,0.00,0.00,0.33,0.17,0.33,0.00,3.91,0.33,0.50,0.00,0.17,0.04,0.00,0.00,0.00,0.00,0,0,,3,0.50,99,1,1.30,97,2,2.61,98,0,6,0,89,0.00,99,0,2,2.61,99,0,40,0.00,20,0,0.00,99,0,0.00,0,0,0.00,0,2.61,97,3,3.91,98,1,1.30,33.33,0,0.00,0,0,0,0.00,0,2,0.00,21,2.61,90,N/A,N/A,N/A,N/A,0.00,0,0.00,0,0.25,0.00,0,82.93,33.33,68,99,0.00,0.00,0,90,45,0,0,0,0.00,0.00,0,45,33.14,0.33,2.61,2,0,0.00,0.00,99,0.00,0,0,0,0.00,0.00,0,0.00,0.00,0.00,0.00,0,0,0.00,62,0,89,63,22,0.13,70,0.02,0.17,0.25,83,0.04,0.33,61,1,0.17,1.30,1.30,0.17,55,1,0.33,82,2,74,88,0,66,8,0,0.00,99,0,0.00,0.00,10.43,1.33,8,4,65,70,5.22,0.67,50.00,2,2.61,2,0,0.00,0,0.00,99,0,0.00,0.00,40,0,99,23,0,0,0,0,0,97,99,77,99,0,99,87,44,44,0,0,49,70,0,0
Šimon Slončík,19,1179212400,2007/05/15,First League,2026/2027,Defender,Slovácko,630,270,360,Czechia,7,3,4,0,0,0,0,0,0,0,0,1,1,0,8,3,5,1,0,0,0,0,0,0,0,1.14,79,90,630,0,0.14,100,91,35,8,0,7.04,0,69,57.00,57.00,93,342,47.50,285,67,47.50,90,0.00,0.00,0.33,2,0.00,0.50,2.17,2.17,13,0.00,0.17,0.00,0.00,0.00,1.00,0.17,1.17,0.00,0.17,0.17,0.67,0.00,0.00,0.01,0.00,3.17,0.00,0.00,0,0,,1,0.17,15,0,0.00,32,1,0.17,21,0,0,6,82,0.00,99,0,6,1.00,69,3,40,0.50,37,0,0.00,99,0,0.00,0,0,0.00,0,0.33,24,4,0.67,37,1,0.17,25.00,0,0.00,0,0,0,0.00,0,7,0.00,61,1.17,39,N/A,N/A,N/A,N/A,0.00,0,0.00,0,0.05,0.00,0,83.33,0.00,32,99,0.00,0.00,0,30,32,0,0,0,0.33,0.33,2,67,42.26,5.33,5.33,32,0,0.00,0.00,99,0.00,0,0,0,0.00,0.00,0,0.00,0.00,0.00,0.00,0,0,0.00,62,94,89,61,61,0.66,57,0.11,0.11,0.05,18,0.01,0.01,84,12,2.00,2.00,0.83,0.83,32,5,0.01,17,85,90,88,0,66,92,0,0.00,99,19,0.00,3.17,10.50,10.50,63,45,98,71,7.50,7.50,71.43,1,0.17,79,0,0.00,0,0.00,99,0,0.00,0.00,40,78,47,23,0,0,0,0,0,48,61,77,75,0,99,31,99,49,1,14,66,21,0,0
Soliu Afolabi,21,1123484400,2005/08/08,First League,2026/2027,Forward,Zbrojovka Brno,139,60,79,Nigeria,5,2,3,1,0,1,0,0,0,0,0,2,0,2,1,1,0,2,0,0.65,0,0.65,0,1.14,139,0.65,139,28,70,0,1.29,-1,-1,-1,3,0,6.56,0,69,31.68,11.00,48,44,8.00,32,26,23.04,44,0.00,0.00,0.50,2,0.00,0.75,0.00,0.00,0,0.00,0.75,0.00,0.00,0.00,0.25,0.25,0.25,5.00,3.60,0.50,2.00,0.00,0.75,0.27,0.00,0.00,0.00,0.00,0,0,,5,1.25,99,3,2.16,99,2,1.44,81,2,3,1,7,0.00,99,0,1,0.72,50,3,40,2.16,68,0,0.00,99,0,0.00,0,0,0.00,0,1.44,78,8,5.76,99,1,0.72,12.50,0,0.00,0,0,0,0.00,0,1,0.00,87,0.72,13,N/A,N/A,N/A,N/A,0.00,0,0.00,0,1.08,0.00,0,72.73,60.00,91,99,0.00,0.00,0,70,24,0,0,0,0.00,0.00,0,45,26.24,0.25,0.72,1,0,0.00,0.00,99,0.00,0,0,0,0.00,0.00,0,0.00,0.00,0.00,0.00,0,0,20.00,83,0,24,64,87,0.14,53,0.04,0.10,1.08,99,0.27,0.78,86,3,0.75,2.16,5.76,2.00,99,8,0.78,99,20,24,88,0,66,8,0,0.00,99,0,0.00,0.00,19.44,6.75,27,4,20,99,2.88,1.00,14.81,3,2.16,4,0,0.00,0,0.00,99,0,0.00,0.00,40,3,91,86,0,0,0,0,0,89,97,99,75,0,99,76,45,99,2,40,97,7,0,0
Solomon John,25,997254000,2001/08/08,First League,2026/2027,Forward,Mladá Boleslav,557,250,307,Nigeria,7,3,4,3,2,1,4,1,3,0,0,2,2,0,8,0,8,1,0,1.13,0.65,0.48,0.72,0.29,186,1.29,70,80,557,139,0.16,17,1,-1,2,0,7.44,0.57,99,20.00,17.67,17,106,14.33,86,57,16.23,20,0.00,0.00,1.00,6,0.00,2.50,0.75,0.67,4,0.00,1.17,0.00,0.00,0.00,0.33,2.67,0.83,6.33,3.58,1.67,4.33,0.00,1.50,0.56,0.00,0.00,0.00,0.00,0,0,,19,3.17,99,9,1.70,99,10,1.89,91,2,0,6,26,0.00,99,0,2,0.38,34,15,45,2.83,75,0,0.00,99,0,0.00,0,0,0.00,0,1.13,68,26,4.91,99,16,3.02,61.54,0,0.00,0,0,0,0.00,0,5,0.00,52,0.94,26,N/A,N/A,N/A,N/A,0.00,0,0.00,0,3.35,0.00,0,81.13,47.37,77,43,0.50,0.57,3,99,77,0,0,0,0.00,0.00,0,45,44.65,0.33,0.38,2,0,0.00,0.00,99,0.00,0,0,0,0.00,0.00,0,0.00,0.00,0.19,0.17,1,0,15.79,76,73,89,69,52,2.55,99,0.42,0.48,3.35,98,0.56,0.63,43,5,0.83,0.94,1.13,1.00,46,6,0.63,97,99,10,88,0,72,8,0,0.00,99,0,0.00,0.00,10.19,9.00,54,25,55,67,4.72,4.17,46.30,7,1.32,20,0,13.33,0,0.00,99,2,0.33,0.38,60,78,47,86,0,0,0,0,0,99,93,79,94,0,99,65,92,54,1,14,66,20,0,0
Stanislav Dostál,35,677401200,1991/06/20,First League,2026/2027,Goalkeeper,Zlín,630,360,270,Czech Republic,7,4,3,0,0,0,0,0,0,0,0,0,0,0,15,7,8,0,0,0,0,0,0,0,0,2.14,42,90,0,0,0,145,142,75,22,0,6.54,0,69,36.29,36.29,60,254,24.00,168,11,24.00,47,0.00,0.00,0.00,0,0.00,0.00,0.14,0.14,1,0.00,0.00,0.00,0.00,2.14,0.00,0.00,4.43,0.00,0.00,0.00,0.00,0.00,0.00,0.00,0.00,0.14,0.00,0.00,0,0,,0,0.00,13,0,0.00,32,0,0.00,17,0,0,7,9,0.00,99,0,0,0.00,20,0,40,0.00,20,0,0.00,99,0,0.00,0,0,0.00,0,0.00,14,0,0.00,12,0,0.00,0.00,0,0.00,0,15,17,2.14,28,31,0.00,14,4.43,98,N/A,N/A,N/A,N/A,48.39,0,0.00,0,0.00,0.00,0,66.14,0.00,32,99,0.00,0.00,0,23,23,0,0,9,0.00,0.00,0,45,45.79,2.00,2.00,14,0,0.00,0.00,99,0.00,0,0,0,0.00,0.00,7,1.00,1.00,0.00,0.00,0,0,0.00,62,94,89,61,15,0.35,17,0.05,0.05,0.00,13,0.00,0.00,4,0,0.00,0.00,0.00,0.00,7,0,0.00,13,17,65,88,99,66,9,0,0.00,99,1,0.00,0.14,0.29,0.29,2,2,3,2,0.29,0.29,100.00,0,0.00,99,0,0.00,0,0.00,99,0,0.00,0.00,40,99,47,23,0,0,0,0,0,48,61,77,75,0,99,18,44,44,0,0,49,17,0,0
Stanislav Petruta,20,1129446000,2005/10/16,First League,2026/2027,Midfielder,Zlín,285,137,148,Moldova,6,3,3,1,0,1,0,0,0,0,0,0,0,0,8,2,6,1,0,0.32,0,0.32,0,0.61,285,2.53,36,48,285,0,0.32,27,88,-1,4,0,6.49,0,69,25.58,13.50,28,81,10.50,63,45,19.89,31,0.00,0.00,0.50,3,0.00,1.33,1.89,1.00,6,0.00,1.67,0.00,0.00,0.00,0.83,0.33,1.50,7.00,2.21,0.83,1.33,0.00,0.33,0.18,0.00,0.17,0.00,0.00,0,0,,7,1.17,82,2,0.63,77,5,1.58,83,2,2,4,74,0.00,99,0,5,1.58,93,8,63,2.53,72,0,0.00,99,0,0.00,0,0,0.00,0,0.95,60,8,2.53,84,2,0.63,25.00,0,0.00,0,0,0,0.00,0,9,0.00,4,2.84,92,N/A,N/A,N/A,N/A,0.00,0,0.00,0,1.08,0.00,0,77.78,28.57,57,10,0.67,1.26,4,64,32,0,0,0,0.00,0.00,0,45,38.91,0.83,1.58,5,0,0.00,0.00,99,0.00,0,0,0,0.00,0.00,0,0.00,0.00,0.00,0.00,0,0,14.29,74,19,48,78,6,0.28,46,0.05,0.09,1.08,84,0.18,0.34,83,6,1.00,1.89,0.63,0.33,22,2,0.34,83,13,54,88,0,66,20,0,0.00,99,1,0.00,0.32,12.32,6.50,39,15,56,87,4.74,2.50,38.46,10,3.16,1,0,25.00,0,0.00,99,2,0.33,0.63,74,41,85,86,0,0,0,0,0,72,84,94,75,0,99,18,70,77,1,17,77,10,0,0
Stanley Guzorochi Kanu,27,916560000,1999/01/17,First League,2026/2027,Forward,Zlín,130,72,58,Nigeria,5,3,2,0,0,0,1,1,0,0,0,0,0,0,3,2,1,0,0,0.69,0.69,0,0,0,0,2.08,43,26,0,130,0,-1,-1,-1,15,0,6.54,0.2,99,11.77,3.40,1,17,2.20,11,9,7.62,3,0.00,0.00,0.40,2,0.00,0.60,0.00,0.00,0,0.00,0.60,0.00,0.00,0.00,0.00,0.00,0.60,0.00,2.08,0.60,0.60,0.00,0.00,0.03,0.00,0.40,0.00,0.00,0,0,,3,0.60,80,0,0.00,32,3,2.08,93,3,4,1,7,0.00,99,0,0,0.00,20,3,80,2.08,67,0,0.00,99,0,0.00,0,0,0.00,0,1.38,78,3,2.08,79,0,0.00,0.00,0,0.00,0,0,0,0.00,0,3,0.00,15,2.08,78,N/A,N/A,N/A,N/A,0.00,0,0.00,0,0.14,0.00,0,64.71,0.00,32,99,0.00,0.00,0,23,23,0,0,0,0.00,0.00,0,45,32.69,0.00,0.00,0,0,0.00,0.00,99,0.00,0,0,1,0.20,0.69,0,0.00,0.00,0.00,0.00,0,0,0.00,62,0,24,61,15,0.62,98,0.12,0.43,0.14,51,0.03,0.10,63,2,0.40,1.38,0.69,0.20,25,1,0.10,50,17,3,99,0,66,67,0,0.00,99,2,0.00,1.38,13.15,3.80,19,4,17,92,2.77,0.80,21.05,3,2.08,5,0,33.33,0,0.00,99,1,0.20,0.69,75,3,97,95,0,0,0,0,0,91,61,77,75,0,99,18,44,44,0,0,49,14,0,0
Stefan Pirgić,23,1044777600,2003/02/09,First League,2026/2027,Midfielder,Viktoria Plzeň,205,125,80,Serbia,7,4,3,0,0,0,0,0,0,0,0,2,0,2,8,3,5,1,0,0,0,0,0,0,0,3.51,26,29,205,0,0.44,-1,-1,-1,12,0,5.54,0,69,29.71,9.71,41,68,8.29,58,75,25.34,52,0.00,0.00,0.00,0,0.00,0.14,0.87,0.29,2,0.00,0.14,0.00,0.00,0.00,0.29,0.00,1.29,0.00,0.00,0.00,0.00,0.00,0.00,0.00,0.00,0.14,0.00,0.00,0,0,,0,0.00,13,0,0.00,32,0,0.00,17,2,5,2,30,0.00,99,0,2,0.87,61,1,40,0.44,34,0,0.00,99,0,0.00,0,0,0.00,0,0.00,14,0,0.00,12,0,0.00,0.00,0,0.00,0,0,0,0.00,0,9,0.00,0,3.93,96,N/A,N/A,N/A,N/A,0.00,0,0.00,0,0.00,0.00,0,85.29,0.00,32,99,0.00,0.00,0,23,23,0,0,0,0.00,0.00,0,45,38.80,0.29,0.87,2,0,0.00,0.00,99,0.00,0,0,0,0.00,0.00,0,0.00,0.00,0.00,0.00,0,0,0.00,62,6,89,61,1,0.13,24,0.02,0.06,0.00,13,0.00,0.00,87,5,0.71,2.18,0.44,0.14,15,1,0.00,13,2,30,88,0,66,26,0,0.00,99,1,0.00,0.44,6.12,2.00,14,8,30,16,3.50,1.14,57.14,1,0.44,57,0,0.00,0,0.00,99,0,0.00,0.00,40,8,99,86,0,0,0,0,0,48,61,77,75,0,99,65,59,87,1,14,66,36,0,0
Štěpán Bachůrek,24,1030172400,2002/08/24,First League,2026/2027,Goalkeeper,Zlín,0,0,0,Czechia,0,0,0,0,0,0,0,0,0,0,0,0,0,0,0,0,0,0,0,0,0,0,0,0,0,0,0,0,0,0,0,-1,-1,-1,-1,N/A,N/A,N/A,N/A,N/A,N/A,N/A,N/A,N/A,N/A,N/A,N/A,N/A,N/A,N/A,N/A,N/A,N/A,N/A,N/A,N/A,N/A,N/A,N/A,N/A,N/A,N/A,N/A,N/A,N/A,N/A,N/A,N/A,N/A,N/A,N/A,N/A,N/A,N/A,N/A,N/A,N/A,N/A,N/A,N/A,N/A,N/A,N/A,N/A,N/A,N/A,N/A,N/A,N/A,N/A,N/A,N/A,N/A,N/A,N/A,N/A,N/A,N/A,N/A,N/A,N/A,N/A,N/A,N/A,N/A,N/A,N/A,N/A,N/A,N/A,N/A,N/A,N/A,N/A,N/A,N/A,N/A,N/A,N/A,N/A,N/A,N/A,N/A,N/A,N/A,N/A,N/A,N/A,N/A,N/A,N/A,N/A,N/A,N/A,N/A,N/A,N/A,N/A,N/A,N/A,N/A,N/A,N/A,N/A,N/A,N/A,N/A,N/A,N/A,N/A,N/A,N/A,N/A,N/A,N/A,N/A,N/A,N/A,N/A,N/A,N/A,N/A,N/A,N/A,N/A,N/A,N/A,N/A,N/A,N/A,N/A,N/A,N/A,N/A,N/A,N/A,N/A,N/A,N/A,N/A,N/A,N/A,N/A,N/A,N/A,N/A,N/A,N/A,N/A,N/A,N/A,N/A,N/A,N/A,N/A,N/A,N/A,N/A,N/A,N/A,N/A,N/A,N/A,N/A,N/A,N/A,N/A,N/A,N/A,N/A,N/A,N/A,N/A,N/A,N/A,N/A,N/A,N/A,N/A,N/A,N/A,N/A,N/A,N/A,N/A,N/A,N/A,N/A,N/A,N/A,N/A,N/A,N/A,N/A,N/A,N/A,N/A,N/A,N/A,N/A,N/A,N/A,N/A,N/A,N/A,N/A,N/A,N/A,N/A,N/A,N/A,N/A,N/A,N/A,N/A,N/A,N/A,N/A,N/A
Štěpán Chaloupek,23,1059894000,2003/08/03,First League,2026/2027,Defender,Slavia Praha,389,237,152,Czech Republic,7,4,3,0,0,0,1,1,0,0,0,3,1,2,4,3,1,1,0,0.23,0.23,0,0,0,0,0.93,97,56,389,389,0.23,190,36,27,23,0,7.04,0.14,82,38.87,24.00,69,168,17.14,120,22,27.76,60,0.00,0.00,0.57,4,0.00,0.14,3.70,2.29,16,0.00,0.29,0.00,0.00,0.00,1.86,0.43,0.57,0.00,0.93,0.29,0.57,0.00,0.29,0.04,0.00,1.14,0.00,0.00,0,0,,4,0.57,46,2,0.46,67,2,0.46,36,2,3,4,99,0.00,99,0,13,3.01,99,1,40,0.23,25,0,0.00,99,0,0.00,0,0,0.00,0,0.93,59,4,0.93,48,3,0.69,75.00,0,0.00,0,0,0,0.00,0,4,0.00,75,0.93,24,N/A,N/A,N/A,N/A,0.00,0,0.00,0,0.30,0.00,0,71.43,50.00,87,33,0.43,0.69,3,68,87,0,0,0,0.43,0.69,3,86,49.25,3.71,6.02,26,0,0.00,0.00,99,0.00,0,0,0,0.00,0.00,0,0.00,0.00,0.00,0.00,0,0,0.00,62,40,89,61,75,0.98,78,0.14,0.23,0.30,43,0.04,0.07,19,2,0.29,0.46,1.85,1.14,78,8,0.07,42,85,94,88,0,66,77,0,0.00,99,8,0.00,1.85,11.57,7.14,50,29,93,81,6.71,4.14,58.00,2,0.46,54,0,0.00,0,0.00,99,0,0.00,0.00,40,41,91,86,0,0,0,0,0,60,61,77,75,0,99,87,82,63,1,14,66,2,0,0
Štěpán Harazim,26,963471600,2000/07/13,First League,2026/2027,Defender,Líšeň,92,66,26,Czech Republic,4,2,2,0,0,0,0,0,0,0,0,0,0,0,2,1,1,0,0,0,0,0,0,0,0,1.96,46,23,0,0,0,-1,-1,-1,15,0,6.53,0,69,38.15,9.75,66,39,8.00,32,61,31.30,69,0.00,0.00,0.50,2,0.00,1.50,1.96,0.50,2,0.00,0.25,0.00,0.00,1.25,0.50,0.00,1.75,0.00,0.00,0.00,0.25,0.00,0.00,0.00,0.00,0.00,0.00,0.00,0,0,,0,0.00,13,0,0.00,32,0,0.00,17,0,4,0,74,0.00,99,0,2,1.96,98,6,80,5.87,97,0,0.00,99,0,0.00,0,0,0.00,0,1.96,91,1,0.98,50,0,0.00,0.00,0,0.00,0,5,78,4.89,94,7,0.00,18,6.85,99,N/A,N/A,N/A,N/A,71.43,0,0.00,0,0.00,0.00,0,82.05,0.00,32,20,0.25,0.98,1,23,23,0,0,0,0.25,0.98,1,95,26.12,0.50,1.96,2,0,0.00,0.00,99,0.00,0,0,0,0.00,0.00,0,0.00,0.00,0.00,0.00,0,0,0.00,62,0,12,61,20,0.13,62,0.03,0.13,0.00,13,0.00,0.00,4,0,0.00,0.00,0.98,0.25,39,1,0.00,13,17,63,88,0,66,8,0,0.00,99,0,0.00,0.00,6.85,1.75,7,2,9,23,1.96,0.50,28.57,1,0.98,31,0,33.33,0,0.00,99,2,0.50,1.96,98,0,97,23,0,0,0,0,0,48,61,77,75,0,99,18,44,44,0,0,49,2,0,0
Štěpán Langer,26,966409200,2000/08/16,First League,2026/2027,Midfielder,Zbrojovka Brno,272,158,114,Czech Republic,5,3,2,0,0,0,1,1,0,0,0,1,0,1,3,1,2,0,0,0.33,0.33,0,0,0,0,0.99,91,54,0,272,0,99,13,-1,23,0,6.45,0.2,92,31.17,17.75,46,71,12.75,51,23,22.39,41,0.00,0.00,0.00,0,0.00,0.75,0.44,0.25,1,0.00,0.75,0.00,0.00,0.00,0.25,0.00,0.75,0.00,0.00,0.00,1.00,0.00,0.00,0.00,0.00,0.50,0.00,0.00,0,0,,0,0.00,13,0,0.00,32,0,0.00,17,1,2,2,15,0.00,99,0,1,0.44,37,3,40,1.32,53,0,0.00,99,0,0.00,0,0,0.00,0,0.00,14,4,1.76,73,0,0.00,0.00,0,0.00,0,0,0,0.00,0,3,0.00,71,1.32,45,N/A,N/A,N/A,N/A,0.00,0,0.00,0,0.00,0.00,0,71.83,0.00,32,99,0.00,0.00,0,23,23,0,0,0,0.50,0.88,2,95,25.79,0.75,1.32,3,0,0.00,0.00,99,0.00,0,0,0,0.00,0.00,0,0.00,0.00,0.00,0.00,0,0,0.00,62,16,24,61,72,0.11,17,0.03,0.05,0.00,13,0.00,0.00,99,10,2.50,4.39,1.32,0.75,57,3,0.00,13,10,48,88,0,66,49,0,0.00,99,2,0.00,0.88,11.85,6.75,27,13,77,84,5.71,3.25,48.15,3,1.32,20,0,0.00,0,0.00,99,0,0.00,0.00,40,8,85,62,0,0,0,0,0,73,61,77,75,0,99,42,44,44,0,0,49,7,0,0
Stepan Misek,21,1121842800,2005/07/20,First League,2026/2027,Midfielder,Pardubice,0,0,0,Czech Republic,0,0,0,0,0,0,0,0,0,0,0,0,0,0,0,0,0,0,0,0,0,0,0,0,0,0,0,0,0,0,0,-1,-1,-1,-1,N/A,N/A,N/A,N/A,N/A,N/A,N/A,N/A,N/A,N/A,N/A,N/A,N/A,N/A,N/A,N/A,N/A,N/A,N/A,N/A,N/A,N/A,N/A,N/A,N/A,N/A,N/A,N/A,N/A,N/A,N/A,N/A,N/A,N/A,N/A,N/A,N/A,N/A,N/A,N/A,N/A,N/A,N/A,N/A,N/A,N/A,N/A,N/A,N/A,N/A,N/A,N/A,N/A,N/A,N/A,N/A,N/A,N/A,N/A,N/A,N/A,N/A,N/A,N/A,N/A,N/A,N/A,N/A,N/A,N/A,N/A,N/A,N/A,N/A,N/A,N/A,N/A,N/A,N/A,N/A,N/A,N/A,N/A,N/A,N/A,N/A,N/A,N/A,N/A,N/A,N/A,N/A,N/A,N/A,N/A,N/A,N/A,N/A,N/A,N/A,N/A,N/A,N/A,N/A,N/A,N/A,N/A,N/A,N/A,N/A,N/A,N/A,N/A,N/A,N/A,N/A,N/A,N/A,N/A,N/A,N/A,N/A,N/A,N/A,N/A,N/A,N/A,N/A,N/A,N/A,N/A,N/A,N/A,N/A,N/A,N/A,N/A,N/A,N/A,N/A,N/A,N/A,N/A,N/A,N/A,N/A,N/A,N/A,N/A,N/A,N/A,N/A,N/A,N/A,N/A,N/A,N/A,N/A,N/A,N/A,N/A,N/A,N/A,N/A,N/A,N/A,N/A,N/A,N/A,N/A,N/A,N/A,N/A,N/A,N/A,N/A,N/A,N/A,N/A,N/A,N/A,N/A,N/A,N/A,N/A,N/A,N/A,N/A,N/A,N/A,N/A,N/A,N/A,N/A,N/A,N/A,N/A,N/A,N/A,N/A,N/A,N/A,N/A,N/A,N/A,N/A,N/A,N/A,N/A,N/A,N/A,N/A,N/A,N/A,N/A,N/A,N/A,N/A,N/A,N/A,N/A,N/A,N/A,N/A
Štěpán Ponikelský,19,1182754800,2007/06/25,First League,2026/2027,Midfielder,Hradec Králové,0,0,0,Czech Republic,0,0,0,0,0,0,0,0,0,0,0,0,0,0,0,0,0,0,0,0,0,0,0,0,0,0,0,0,0,0,0,-1,-1,-1,-1,N/A,N/A,N/A,N/A,N/A,N/A,N/A,N/A,N/A,N/A,N/A,N/A,N/A,N/A,N/A,N/A,N/A,N/A,N/A,N/A,N/A,N/A,N/A,N/A,N/A,N/A,N/A,N/A,N/A,N/A,N/A,N/A,N/A,N/A,N/A,N/A,N/A,N/A,N/A,N/A,N/A,N/A,N/A,N/A,N/A,N/A,N/A,N/A,N/A,N/A,N/A,N/A,N/A,N/A,N/A,N/A,N/A,N/A,N/A,N/A,N/A,N/A,N/A,N/A,N/A,N/A,N/A,N/A,N/A,N/A,N/A,N/A,N/A,N/A,N/A,N/A,N/A,N/A,N/A,N/A,N/A,N/A,N/A,N/A,N/A,N/A,N/A,N/A,N/A,N/A,N/A,N/A,N/A,N/A,N/A,N/A,N/A,N/A,N/A,N/A,N/A,N/A,N/A,N/A,N/A,N/A,N/A,N/A,N/A,N/A,N/A,N/A,N/A,N/A,N/A,N/A,N/A,N/A,N/A,N/A,N/A,N/A,N/A,N/A,N/A,N/A,N/A,N/A,N/A,N/A,N/A,N/A,N/A,N/A,N/A,N/A,N/A,N/A,N/A,N/A,N/A,N/A,N/A,N/A,N/A,N/A,N/A,N/A,N/A,N/A,N/A,N/A,N/A,N/A,N/A,N/A,N/A,N/A,N/A,N/A,N/A,N/A,N/A,N/A,N/A,N/A,N/A,N/A,N/A,N/A,N/A,N/A,N/A,N/A,N/A,N/A,N/A,N/A,N/A,N/A,N/A,N/A,N/A,N/A,N/A,N/A,N/A,N/A,N/A,N/A,N/A,N/A,N/A,N/A,N/A,N/A,N/A,N/A,N/A,N/A,N/A,N/A,N/A,N/A,N/A,N/A,N/A,N/A,N/A,N/A,N/A,N/A,N/A,N/A,N/A,N/A,N/A,N/A,N/A,N/A,N/A,N/A,N/A,N/A
Stephane Aris Noumbissie,19,1167033600,2006/12/25,First League,2026/2027,Defender,Sigma Olomouc,66,66,0,Cameroon,2,2,0,0,0,0,0,0,0,0,0,0,0,0,2,2,0,0,0,0,0,0,0,0,0,2.73,33,33,0,0,0,-1,-1,-1,16,0,6.46,0,69,33.58,12.50,53,25,9.00,18,23,24.18,49,0.00,0.00,1.00,2,0.00,2.00,2.69,1.00,2,0.00,0.50,0.00,0.00,0.00,0.50,1.00,1.00,0.00,0.00,0.00,3.00,0.00,0.00,0.00,0.00,0.50,0.00,0.00,0,0,,0,0.00,13,0,0.00,32,0,0.00,17,1,1,1,90,0.00,99,0,1,1.34,84,4,40,5.37,94,0,0.00,99,0,0.00,0,0,0.00,0,2.69,97,6,8.06,99,2,2.69,33.33,0,0.00,0,0,0,0.00,0,2,0.00,2,2.69,90,N/A,N/A,N/A,N/A,0.00,0,0.00,0,0.00,0.00,0,72.00,0.00,32,99,0.00,0.00,0,98,45,0,0,0,0.00,0.00,0,45,12.91,1.00,2.69,2,0,0.00,0.00,99,0.00,0,0,0,0.00,0.00,0,0.00,0.00,0.00,0.00,0,0,0.00,62,0,0,61,2,0.13,70,0.07,0.17,0.00,13,0.00,0.00,62,1,0.50,1.34,1.34,0.50,58,1,0.00,13,10,75,88,0,66,66,0,0.00,99,1,0.00,1.34,16.12,6.00,12,6,99,99,8.06,3.00,50.00,1,1.34,18,0,0.00,0,0.00,99,0,0.00,0.00,40,3,70,62,0,0,0,0,0,48,61,77,75,0,99,18,44,44,0,0,49,26,0,0
Tadeáš Stoppen,22,1072771200,2003/12/30,First League,2026/2027,Goalkeeper,Líšeň,540,270,270,Czech Republic,6,3,3,0,0,0,0,0,0,0,0,0,0,0,14,11,3,0,0,0,0,0,0,0,0,2.33,39,90,0,0,0,111,117,82,14,0,7.02,0,69,38.17,38.17,67,229,26.83,161,20,26.83,57,0.00,0.00,0.00,0,0.00,0.00,0.00,0.00,0,0.00,0.00,0.00,0.00,5.00,0.00,0.00,7.33,0.00,0.00,0.00,0.00,0.00,0.00,0.00,0.00,0.17,0.00,0.00,0,0,,0,0.00,13,0,0.00,32,0,0.00,17,0,0,6,7,0.00,99,0,0,0.00,20,0,40,0.00,20,0,0.00,99,0,0.00,0,0,0.00,0,0.00,14,0,0.00,12,0,0.00,0.00,0,0.00,0,30,56,5.00,99,44,0.00,6,7.33,99,N/A,N/A,N/A,N/A,68.18,0,0.00,0,0.00,0.00,0,70.31,0.00,32,99,0.00,0.00,0,23,23,0,0,20,0.00,0.00,0,45,42.14,1.17,1.17,7,0,0.00,0.00,99,0.00,0,0,0,0.00,0.00,2,0.33,0.33,0.00,0.00,0,0,0.00,62,70,48,61,7,0.37,24,0.06,0.06,0.00,13,0.00,0.00,6,1,0.17,0.17,0.00,0.00,7,0,0.00,13,82,43,88,25,66,12,0,0.00,99,1,0.00,0.17,0.33,0.33,2,2,3,2,0.33,0.33,100.00,0,0.00,99,0,0.00,0,0.00,99,0,0.00,0.00,40,78,47,23,0,0,0,0,0,48,61,77,75,0,99,18,44,44,0,0,49,32,0,0
Tadeáš Vachoušek,21,1099296000,2004/11/01,First League,2026/2027,Forward,Zbrojovka Brno,509,368,141,Czech Republic,7,5,2,1,1,0,2,1,1,0,0,1,1,0,6,4,2,1,0,0.53,0.35,0.18,0.24,0,509,1.06,85,73,509,255,0.18,62,10,-1,6,0,6.99,0.29,93,20.85,16.83,19,101,12.50,75,30,15.48,19,0.00,0.00,1.00,6,0.00,1.33,1.24,1.00,6,0.00,1.00,0.00,0.00,0.00,0.17,1.33,0.83,6.00,1.24,0.50,2.67,0.00,0.50,0.18,0.00,0.50,0.00,0.00,0,0,,6,1.00,56,3,0.62,77,3,0.62,45,3,0,6,47,0.00,99,0,1,0.21,24,8,40,1.65,62,0,0.00,99,0,0.00,0,0,0.00,0,1.24,73,16,3.30,92,8,1.65,50.00,0,0.00,0,0,0,0.00,0,5,0.00,65,1.03,34,N/A,N/A,N/A,N/A,0.00,0,0.00,0,1.10,0.00,0,74.26,50.00,87,78,0.17,0.21,1,95,66,0,0,0,0.00,0.00,0,45,41.96,0.50,0.62,3,0,0.00,0.00,99,0.00,0,0,0,0.00,0.00,0,0.00,0.00,0.00,0.00,0,0,16.67,79,64,89,93,66,1.54,92,0.26,0.32,1.10,71,0.18,0.23,37,4,0.67,0.83,0.62,0.50,21,3,0.23,70,77,18,88,0,66,41,0,0.00,99,3,0.00,0.62,9.91,8.00,48,21,49,63,4.33,3.50,43.75,6,1.24,22,0,0.00,0,0.00,99,0,0.00,0.00,40,78,47,95,0,0,0,0,0,86,69,77,76,0,99,31,88,57,1,14,66,14,0,0
Tihomir Kostadinov,30,825926400,1996/03/04,First League,2026/2027,Midfielder,Slovácko,513,90,423,FYR Macedonia,6,1,5,0,0,0,0,0,0,0,0,0,0,0,11,1,10,3,1,0,0,0,0,0,0,1.93,47,86,171,0,0.53,166,161,-1,22,0,6.58,0,69,42.03,41.00,78,205,35.00,175,77,35.88,77,0.00,0.00,1.20,6,0.00,0.40,1.23,1.20,6,0.00,0.20,0.00,0.00,0.00,0.80,0.60,2.00,0.00,1.03,0.80,1.00,0.00,0.20,0.06,0.00,0.60,0.00,0.00,0,0,,5,1.00,49,1,0.21,43,4,0.82,56,1,0,5,47,0.00,99,0,4,0.82,57,2,95,0.41,33,0,0.00,99,0,0.00,0,0,0.00,0,1.23,72,5,1.03,53,3,0.62,60.00,0,0.00,0,0,0,0.00,0,10,0.00,20,2.05,76,N/A,N/A,N/A,N/A,0.00,0,0.00,0,0.30,0.00,0,85.37,20.00,47,37,0.60,0.62,3,63,77,0,0,0,0.20,0.21,1,54,32.89,1.60,1.64,8,0,0.00,0.00,99,0.00,0,0,1,0.20,0.21,0,0.00,0.00,0.00,0.00,0,0,0.00,62,64,48,61,22,0.55,57,0.11,0.11,0.30,40,0.06,0.06,82,9,1.80,1.85,3.28,3.20,99,16,0.06,39,24,58,92,0,66,41,0,0.00,99,3,0.00,0.62,9.84,9.60,48,21,48,63,4.31,4.20,43.75,1,0.21,76,0,50.00,0,0.00,99,1,0.20,0.21,47,59,47,62,0,0,0,0,0,48,61,77,75,0,99,18,52,93,2,33,96,26,0,0
Tobias Boledovič,19,1158390000,2006/09/16,First League,2026/2027,Midfielder,Pardubice,622,270,352,Czechia,7,3,4,2,1,1,1,0,1,0,0,1,0,1,12,5,7,0,0,0.43,0.14,0.29,0.33,0.26,311,1.74,52,89,0,622,0,36,63,-1,1,0,6.91,0.14,70,20.55,20.29,19,142,18.14,127,91,18.38,26,0.00,0.00,0.71,5,0.00,1.29,0.14,0.14,1,0.00,0.43,0.00,0.00,0.00,0.57,0.43,1.71,2.50,0.72,0.29,1.71,0.00,0.43,0.24,0.00,0.71,0.00,0.00,0,0,,5,0.71,38,3,0.43,64,2,0.29,27,1,0,7,9,0.00,99,0,4,0.58,42,9,57,1.30,52,0,0.00,99,0,0.00,0,0,0.00,0,0.72,49,12,1.74,72,3,0.43,25.00,0,0.00,0,0,0,0.00,0,12,0.00,30,1.74,61,N/A,N/A,N/A,N/A,0.00,0,0.00,0,1.65,0.00,0,89.44,60.00,91,56,0.43,0.43,3,50,32,0,0,0,0.71,0.72,5,88,48.37,0.71,0.72,5,0,0.00,0.00,99,0.00,0,0,0,0.00,0.00,0,0.00,0.00,0.00,0.00,0,0,40.00,94,85,89,82,32,1.03,67,0.15,0.15,1.65,74,0.24,0.24,87,15,2.14,2.17,0.14,0.14,8,1,0.24,73,69,24,88,0,66,43,0,0.00,99,5,0.00,0.72,6.51,6.43,45,23,27,20,3.33,3.29,51.11,3,0.43,58,0,22.22,0,0.00,99,2,0.29,0.29,54,99,47,62,0,0,0,0,0,79,81,79,80,0,99,31,44,44,0,0,49,40,0,0
Tobias Kvalvågnes Guddal,24,1027580400,2002/07/25,First League,2026/2027,Defender,Sparta Praha,450,180,270,Norway,5,2,3,1,1,0,0,0,0,0,0,1,0,1,7,3,4,0,0,0.2,0,0.2,0.5,0,450,1.4,64,90,0,0,0,54,97,48,5,0,7.27,0,69,85.60,85.60,99,428,78.60,393,97,78.60,99,0.00,0.00,0.80,4,0.00,0.00,1.20,1.20,6,0.00,0.40,0.00,0.00,0.00,1.20,1.20,1.60,6.00,1.20,1.00,1.60,0.00,0.20,0.19,0.00,2.20,0.00,0.00,0,0,,6,1.20,54,1,0.20,42,5,1.00,65,0,0,5,47,0.00,99,0,6,1.20,78,0,40,0.00,20,0,0.00,99,0,0.00,0,0,0.00,0,0.80,54,8,1.60,70,6,1.20,75.00,0,0.00,0,0,0,0.00,0,8,0.00,45,1.60,53,N/A,N/A,N/A,N/A,0.00,0,0.00,0,0.96,0.00,0,91.82,16.67,43,58,0.40,0.40,2,88,87,0,0,0,0.40,0.40,2,72,36.37,4.80,4.80,24,0,0.00,0.00,99,0.00,0,0,0,0.00,0.00,0,0.00,0.00,0.00,0.00,0,0,16.67,79,53,24,91,45,0.98,74,0.20,0.20,0.96,66,0.19,0.19,82,9,1.80,1.80,0.20,0.20,9,1,0.19,65,96,86,88,0,66,83,0,0.00,99,11,0.00,2.20,8.60,8.60,43,31,89,44,6.20,6.20,72.09,2,0.40,60,0,0.00,0,0.00,99,0,0.00,0.00,40,59,47,23,0,0,0,0,0,57,73,77,87,0,99,42,44,44,0,0,49,6,0,0
Tobiáš Pališčák,18,1193295600,2007/10/25,First League,2026/2027,Defender,Viktoria Plzeň,120,0,120,Slovakia,2,0,2,0,0,0,0,0,0,0,0,2,0,2,0,0,0,0,0,0,0,0,0,0,0,0,0,60,0,0,0,-1,-1,-1,24,0,7.18,0,69,47.25,31.50,83,63,27.50,55,83,41.25,84,0.00,0.00,0.00,0,0.00,0.00,1.50,1.00,2,0.00,0.50,0.00,0.00,0.00,1.50,0.00,0.00,0.00,0.00,0.00,0.00,0.00,0.00,0.00,0.00,3.00,0.00,0.00,0,0,,0,0.00,13,0,0.00,32,0,0.00,17,0,1,1,60,0.00,99,0,3,2.25,98,0,40,0.00,20,0,0.00,99,0,0.00,0,0,0.00,0,0.00,14,0,0.00,12,0,0.00,0.00,0,0.00,0,0,0,0.00,0,0,0.00,99,0.00,0,N/A,N/A,N/A,N/A,0.00,0,0.00,0,0.00,0.00,0,87.30,0.00,32,99,0.00,0.00,0,23,23,0,0,0,1.00,1.50,2,99,14.35,6.00,9.00,12,0,0.00,0.00,99,0.00,0,0,0,0.00,0.00,0,0.00,0.00,0.00,0.00,0,0,0.00,62,0,0,61,0,0.11,38,0.06,0.08,0.00,13,0.00,0.00,4,0,0.00,0.00,0.00,0.00,7,0,0.00,13,94,99,88,0,66,99,0,0.00,99,6,0.00,4.50,7.50,5.00,10,8,83,30,6.00,4.00,80.00,1,0.75,40,0,0.00,0,0.00,99,0,0.00,0.00,40,3,70,23,0,0,0,0,0,48,61,77,75,0,99,99,44,44,0,0,49,2,0,0
Tom Slončík,21,1103616000,2004/12/21,First League,2026/2027,Midfielder,Hradec Králové,488,287,201,Czech Republic,7,4,3,2,2,0,0,0,0,0,0,2,1,1,5,3,2,0,0,0.37,0,0.37,0.63,0,244,0.92,98,70,0,0,0,24,72,-1,1,0,6.87,0,69,25.27,19.57,27,137,16.14,113,63,20.84,33,0.00,0.00,0.29,2,0.00,0.43,1.84,1.43,10,0.00,1.43,0.00,0.00,0.00,0.57,1.14,0.71,6.50,2.40,1.14,2.43,0.00,0.71,0.31,0.00,0.57,0.00,0.00,0,0,,13,1.86,87,5,0.92,89,8,1.48,82,2,0,7,73,0.00,99,0,4,0.74,52,3,80,0.55,39,0,0.00,99,0,0.00,0,0,0.00,0,0.37,27,17,3.14,90,8,1.48,47.06,0,0.00,0,0,0,0.00,0,5,0.00,75,0.92,24,N/A,N/A,N/A,N/A,0.00,0,0.00,0,2.20,0.00,0,82.48,38.46,70,1,1.71,2.21,12,93,55,0,0,0,0.00,0.00,0,45,48.11,0.43,0.55,3,0,0.00,0.00,99,0.00,0,0,0,0.00,0.00,0,0.00,0.00,0.18,0.14,1,0,15.38,76,60,89,76,76,0.29,17,0.04,0.05,2.20,92,0.31,0.41,68,8,1.14,1.48,1.84,1.43,77,10,0.41,91,62,15,88,0,71,43,0,0.00,99,4,0.00,0.74,14.39,11.14,78,30,72,97,5.53,4.29,38.46,10,1.84,8,0,33.33,0,0.00,99,1,0.14,0.18,43,99,47,86,0,1,0,14,0,77,87,77,91,0,99,65,44,44,0,0,49,19,0,0
Tomáš Břečka,32,768726000,1994/05/12,First League,2026/2027,Defender,Zbrojovka Brno,0,0,0,Czech Republic,0,0,0,0,0,0,0,0,0,0,0,0,0,0,0,0,0,0,0,0,0,0,0,0,0,0,0,0,0,0,0,-1,-1,-1,-1,N/A,N/A,N/A,N/A,N/A,N/A,N/A,N/A,N/A,N/A,N/A,N/A,N/A,N/A,N/A,N/A,N/A,N/A,N/A,N/A,N/A,N/A,N/A,N/A,N/A,N/A,N/A,N/A,N/A,N/A,N/A,N/A,N/A,N/A,N/A,N/A,N/A,N/A,N/A,N/A,N/A,N/A,N/A,N/A,N/A,N/A,N/A,N/A,N/A,N/A,N/A,N/A,N/A,N/A,N/A,N/A,N/A,N/A,N/A,N/A,N/A,N/A,N/A,N/A,N/A,N/A,N/A,N/A,N/A,N/A,N/A,N/A,N/A,N/A,N/A,N/A,N/A,N/A,N/A,N/A,N/A,N/A,N/A,N/A,N/A,N/A,N/A,N/A,N/A,N/A,N/A,N/A,N/A,N/A,N/A,N/A,N/A,N/A,N/A,N/A,N/A,N/A,N/A,N/A,N/A,N/A,N/A,N/A,N/A,N/A,N/A,N/A,N/A,N/A,N/A,N/A,N/A,N/A,N/A,N/A,N/A,N/A,N/A,N/A,N/A,N/A,N/A,N/A,N/A,N/A,N/A,N/A,N/A,N/A,N/A,N/A,N/A,N/A,N/A,N/A,N/A,N/A,N/A,N/A,N/A,N/A,N/A,N/A,N/A,N/A,N/A,N/A,N/A,N/A,N/A,N/A,N/A,N/A,N/A,N/A,N/A,N/A,N/A,N/A,N/A,N/A,N/A,N/A,N/A,N/A,N/A,N/A,N/A,N/A,N/A,N/A,N/A,N/A,N/A,N/A,N/A,N/A,N/A,N/A,N/A,N/A,N/A,N/A,N/A,N/A,N/A,N/A,N/A,N/A,N/A,N/A,N/A,N/A,N/A,N/A,N/A,N/A,N/A,N/A,N/A,N/A,N/A,N/A,N/A,N/A,N/A,N/A,N/A,N/A,N/A,N/A,N/A,N/A,N/A,N/A,N/A,N/A,N/A,N/A
Tomáš Chorý,31,791107200,1995/01/26,First League,2026/2027,Forward,Slavia Praha,161,107,54,Czech Republic,4,2,2,3,3,0,0,0,0,0,0,2,1,1,2,1,1,1,0,1.68,0,1.68,2.52,0,54,1.12,81,40,161,0,0.56,-1,-1,-1,3,0,6.95,0,69,17.89,8.00,13,32,5.50,22,16,12.30,12,0.00,0.00,0.25,1,0.00,0.50,0.56,0.25,1,0.00,0.50,0.00,0.00,0.00,0.00,0.00,0.50,3.33,5.59,1.75,0.00,0.00,0.75,0.61,0.00,1.75,0.00,0.00,0,0,,10,2.50,99,3,1.68,98,7,3.91,99,1,3,1,18,0.00,99,0,0,0.00,20,2,40,1.12,50,0,0.00,99,0,0.00,0,0,0.00,0,0.56,37,0,0.00,12,0,0.00,0.00,0,0.00,0,0,0,0.00,0,2,0.00,61,1.12,37,N/A,N/A,N/A,N/A,0.00,0,0.00,0,2.44,0.00,0,68.75,30.00,58,99,0.00,0.00,0,23,23,1,0,0,0.00,0.00,0,45,27.81,1.00,2.24,4,0,0.00,0.00,99,0.00,0,1,0,0.00,0.00,0,0.00,0.00,0.56,0.25,1,1,30.00,90,0,12,61,62,0.08,8,0.02,0.04,1.74,99,0.43,0.97,94,5,1.25,2.80,1.68,0.75,70,3,1.36,99,73,70,88,0,92,98,0,0.00,99,7,0.00,3.91,13.98,6.25,25,13,97,95,7.27,3.25,52.00,2,1.12,25,0,0.00,0,0.00,99,0,0.00,0.00,40,3,91,62,0,0,0,0,0,99,99,77,99,0,99,95,50,95,1,25,87,25,0,0
Tomáš Čvančara,26,966150000,2000/08/13,First League,2026/2027,Forward,Hradec Králové,163,163,0,Czech Republic,2,2,0,0,0,0,1,1,0,0,0,1,1,0,1,1,0,1,0,0.55,0.55,0,0,0,0,0.55,163,82,163,163,0.55,-1,-1,-1,22,0,6.75,0.5,98,19.88,18.00,17,36,14.00,28,45,15.46,19,0.00,0.00,1.50,3,0.00,1.50,0.00,0.00,0,0.00,2.00,0.00,0.00,0.00,0.00,1.00,0.50,0.00,1.10,1.00,2.00,0.00,0.00,0.06,0.00,1.50,0.00,0.00,0,0,,2,1.00,51,0,0.00,32,2,1.10,69,2,0,2,7,0.00,99,0,0,0.00,20,3,80,1.66,62,0,0.00,99,0,0.00,0,0,0.00,0,1.66,84,4,2.21,80,2,1.10,50.00,0,0.00,0,0,0,0.00,0,1,0.00,92,0.55,5,N/A,N/A,N/A,N/A,0.00,0,0.00,0,0.11,0.00,0,77.78,0.00,32,99,0.00,0.00,0,85,66,0,0,0,0.00,0.00,0,45,13.51,1.00,1.10,2,0,0.00,0.00,99,0.00,0,0,0,0.00,0.00,0,0.00,0.00,0.00,0.00,0,0,0.00,62,0,0,61,92,0.76,98,0.38,0.42,0.11,40,0.06,0.06,51,2,1.00,1.10,2.76,2.50,93,5,0.06,39,45,40,88,0,66,73,0,0.00,99,3,0.00,1.66,13.80,12.50,25,7,38,95,3.87,3.50,28.00,4,2.21,3,0,33.33,0,0.00,99,1,0.50,0.55,71,8,47,86,0,0,0,0,0,87,61,77,75,0,99,95,50,94,1,50,99,70,0,0
Tomas Fojtu,23,1059807600,2003/08/02,First League,2026/2027,Midfielder,Zlín,10,0,10,Czech Republic,1,0,1,0,0,0,0,0,0,0,0,0,0,0,0,0,0,0,0,0,0,0,0,0,0,0,0,10,0,0,0,-1,-1,-1,9,0,6.58,0,69,27.00,3.00,32,3,2.00,2,13,18.00,24,0.00,0.00,0.00,0,0.00,0.00,9.00,1.00,1,0.00,0.00,0.00,0.00,0.00,0.00,1.00,1.00,0.00,0.00,0.00,1.00,0.00,0.00,0.00,0.00,0.00,0.00,0.00,0,0,,0,0.00,13,0,0.00,32,0,0.00,17,0,1,0,99,0.00,99,0,0,0.00,20,0,40,0.00,20,0,0.00,99,0,0.00,0,0,0.00,0,0.00,14,1,9.00,99,1,9.00,100.00,0,0.00,0,0,0,0.00,0,1,0.00,99,9.00,99,N/A,N/A,N/A,N/A,0.00,0,0.00,0,0.00,0.00,0,66.67,0.00,32,99,0.00,0.00,0,99,99,0,0,0,0.00,0.00,0,45,6.58,1.00,9.00,1,0,0.00,0.00,99,0.00,0,0,0,0.00,0.00,0,0.00,0.00,0.00,0.00,0,0,0.00,62,0,0,61,0,0.00,0,0.00,0.00,0.00,13,0.00,0.00,4,0,0.00,0.00,0.00,0.00,7,0,0.00,13,24,99,88,0,66,8,0,0.00,99,0,0.00,0.00,18.00,2.00,2,2,99,99,18.00,2.00,100.00,0,0.00,99,0,0.00,0,0.00,99,0,0.00,0.00,40,0,70,23,0,0,0,0,0,48,61,77,75,0,99,18,44,44,0,0,49,37,0,0
Tomáš Frühwald,23,1032764400,2002/09/23,First League,2026/2027,Goalkeeper,Bohemians 1905,630,270,360,Slovakia,7,3,4,0,0,0,0,0,0,0,0,3,2,1,9,1,8,0,0,0,0,0,0,0,0,1.29,70,90,0,0,0,161,184,45,19,0,6.84,0,69,31.67,31.67,48,190,20.17,121,7,20.17,31,0.00,0.00,0.00,0,0.00,0.00,0.00,0.00,0,0.00,0.00,0.00,0.00,3.00,0.00,0.00,4.50,0.00,0.00,0.00,0.00,0.00,0.00,0.00,0.00,0.17,0.00,0.00,0,0,,0,0.00,13,0,0.00,32,0,0.00,17,0,0,6,7,0.00,99,0,0,0.00,20,0,40,0.00,20,0,0.00,99,0,0.00,0,0,0.00,0,0.00,14,0,0.00,12,0,0.00,0.00,0,0.00,0,18,50,3.00,78,27,0.00,52,4.50,99,N/A,N/A,N/A,N/A,66.67,0,0.00,0,0.00,0.00,0,63.68,0.00,32,99,0.00,0.00,0,23,23,0,0,11,0.00,0.00,0,45,41.07,1.17,1.17,7,0,0.00,0.00,99,0.00,0,0,0,0.00,0.00,3,0.50,0.50,0.00,0.00,0,0,0.00,62,94,89,61,52,0.24,8,0.04,0.04,0.00,13,0.00,0.00,30,4,0.67,0.67,0.00,0.00,7,0,0.00,13,59,43,88,56,66,12,0,0.00,99,1,0.00,0.17,1.00,1.00,6,5,6,6,0.83,0.83,83.33,0,0.00,99,0,0.00,0,0.00,99,0,0.00,0.00,40,78,47,23,0,0,0,0,0,48,61,77,75,0,99,87,44,44,0,0,49,23,0,0
Tomáš Hellebrand,19,1188543600,2007/08/31,First League,2026/2027,Midfielder,Zlín,200,151,49,,6,3,3,0,0,0,0,0,0,0,0,0,0,0,3,3,0,2,1,0,0,0,0,0,0,1.35,67,33,67,0,1.35,-1,-1,-1,17,0,6.31,0,69,30.15,11.17,42,67,10.00,60,92,27.00,57,0.00,0.00,0.00,0,0.00,0.17,3.15,1.17,7,0.00,0.17,0.00,0.00,0.00,0.33,0.17,0.67,0.00,3.15,1.17,0.50,0.00,0.00,0.05,0.00,0.17,0.00,0.00,0,0,,7,1.17,97,0,0.00,32,7,3.15,99,2,5,1,97,0.00,99,0,2,0.90,65,1,40,0.45,36,0,0.00,99,0,0.00,0,0,0.00,0,0.00,14,3,1.35,63,1,0.45,33.33,0,0.00,0,0,0,0.00,0,4,0.00,47,1.80,66,N/A,N/A,N/A,N/A,0.00,0,0.00,0,0.32,0.00,0,89.55,0.00,32,52,0.17,0.45,1,53,45,0,0,0,0.00,0.00,0,45,37.87,0.50,1.35,3,0,0.00,0.00,99,0.00,0,0,0,0.00,0.00,0,0.00,0.00,0.00,0.00,0,0,0.00,62,5,48,61,48,0.14,24,0.02,0.06,0.32,58,0.05,0.14,93,6,1.00,2.70,3.15,1.17,98,7,0.14,57,5,50,88,0,66,27,0,0.00,99,1,0.00,0.45,12.15,4.50,27,15,93,86,6.75,2.50,55.56,1,0.45,55,0,0.00,0,0.00,99,0,0.00,0.00,40,3,99,86,0,0,0,0,0,48,61,77,75,0,99,18,45,99,1,17,77,53,0,0
Tomáš Holeš,33,733564800,1993/03/31,First League,2026/2027,Defender,Slavia Praha,356,190,166,Czech Republic,5,3,2,1,0,1,0,0,0,0,0,1,0,1,3,2,1,1,0,0.25,0,0.25,0,0.54,356,0.76,119,71,356,0,0.25,47,170,21,5,0,6.78,0,69,54.35,43.00,90,215,34.00,170,53,42.98,86,0.00,0.00,0.20,1,0.00,0.20,1.52,1.20,6,0.00,0.80,0.00,0.00,0.00,0.40,0.40,0.60,2.00,0.51,0.20,0.40,0.00,0.20,0.15,0.00,1.80,0.00,0.00,0,0,,2,0.40,27,1,0.25,45,1,0.25,25,2,0,5,61,0.00,99,0,2,0.51,40,1,40,0.25,27,0,0.00,99,0,0.00,0,0,0.00,0,0.25,19,2,0.51,30,2,0.51,100.00,0,0.00,0,0,0,0.00,0,3,0.00,82,0.76,15,N/A,N/A,N/A,N/A,0.00,0,0.00,0,0.73,0.00,0,79.07,50.00,87,18,0.80,1.01,4,57,99,0,0,0,0.20,0.25,1,59,33.89,4.00,5.06,20,0,0.00,0.00,99,0.00,0,0,0,0.00,0.00,0,0.00,0.00,0.00,0.00,0,0,50.00,99,34,24,86,83,0.34,46,0.07,0.09,0.73,63,0.15,0.18,21,2,0.40,0.51,1.26,1.00,53,5,0.18,63,50,87,88,0,66,86,0,0.00,99,9,0.00,2.28,10.11,8.00,40,20,63,66,5.06,4.00,50.00,4,1.01,29,0,0.00,0,0.00,99,0,0.00,0.00,40,59,47,86,0,0,0,0,0,61,76,92,75,0,99,42,79,66,1,20,80,3,0,0
Tomáš Jelínek,20,1135670400,2005/12/27,First League,2026/2027,Midfielder,Pardubice,360,226,134,Czech Republic,5,3,2,0,0,0,0,0,0,0,0,1,0,1,5,4,1,0,0,0,0,0,0,0,0,1.25,72,72,0,0,0,118,103,-1,15,0,6.93,0,69,33.00,26.40,51,132,20.40,102,43,25.50,52,0.00,0.00,2.00,10,0.00,5.80,1.00,0.80,4,0.00,0.80,0.00,0.00,0.00,0.60,0.60,1.00,0.00,2.75,1.20,1.20,0.00,1.00,0.22,0.00,0.20,0.00,0.00,0,0,,11,2.20,93,5,1.25,97,6,1.50,82,2,1,4,36,0.00,99,0,3,0.75,53,29,83,7.25,98,0,0.00,99,0,0.00,0,0,0.00,0,2.50,96,6,1.50,65,3,0.75,50.00,0,0.00,0,0,0,0.00,0,5,0.00,54,1.25,44,N/A,N/A,N/A,N/A,0.00,0,0.00,0,1.12,0.00,0,77.27,45.45,76,30,0.60,0.75,3,73,66,0,0,0,0.00,0.00,0,45,34.67,1.40,1.75,7,0,0.00,0.00,99,0.00,0,0,1,0.20,0.25,0,0.00,0.00,0.00,0.00,0,0,0.00,62,36,24,61,54,0.61,67,0.12,0.15,1.12,79,0.22,0.28,80,7,1.40,1.75,1.25,1.00,53,5,0.28,78,71,60,94,0,66,14,0,0.00,99,1,0.00,0.25,7.25,5.80,29,14,30,26,3.50,2.80,48.28,4,1.00,30,0,37.93,0,0.00,99,11,2.20,2.75,99,41,70,86,0,0,0,0,0,48,61,77,75,0,99,42,44,44,0,0,49,16,0,0
Tomáš Koubek,34,714812400,1992/08/26,First League,2026/2027,Goalkeeper,Slovan Liberec,720,360,360,Czech Republic,8,4,4,0,0,0,0,0,0,0,0,4,2,2,4,2,2,0,0,0,0,0,0,0,0,0.5,180,90,0,0,0,126,134,4,16,0,7.13,0,69,35.14,35.14,57,246,21.71,152,6,21.71,37,0.00,0.00,0.00,0,0.00,0.00,0.14,0.14,1,0.00,0.00,0.00,0.00,2.57,0.00,0.14,3.14,0.00,0.00,0.00,0.14,0.00,0.00,0.00,0.00,0.00,0.00,0.00,0,0,,0,0.00,13,0,0.00,32,0,0.00,17,0,0,7,9,0.00,99,0,0,0.00,20,0,40,0.00,20,0,0.00,99,0,0.00,0,0,0.00,0,0.00,14,1,0.14,15,1,0.14,100.00,0,0.00,0,18,99,2.57,61,22,0.00,95,3.14,93,N/A,N/A,N/A,N/A,81.82,0,0.00,0,0.00,0.00,0,61.79,0.00,32,99,0.00,0.00,0,27,99,0,0,12,0.00,0.00,0,45,49.92,0.57,0.57,4,0,0.00,0.00,99,0.00,0,0,0,0.00,0.00,1,0.14,0.14,0.00,0.00,0,0,0.00,62,99,99,61,95,0.31,8,0.04,0.04,0.00,13,0.00,0.00,4,0,0.00,0.00,0.00,0.00,7,0,0.00,13,90,16,88,6,66,8,0,0.00,99,0,0.00,0.00,0.29,0.29,2,2,3,2,0.29,0.29,100.00,0,0.00,99,0,0.00,0,0.00,99,0,0.00,0.00,40,99,47,23,0,0,0,0,0,48,61,77,75,0,99,95,44,44,0,0,49,40,0,0
Tomáš Král,21,1098774000,2004/10/26,First League,2026/2027,Defender,Slovácko,90,0,90,Czechia,1,0,1,0,0,0,0,0,0,0,0,0,0,0,5,0,5,0,0,0,0,0,0,0,0,5,18,90,0,0,0,-1,-1,-1,25,0,6.07,0,69,37.00,37.00,62,37,29.00,29,49,29.00,62,0.00,0.00,0.00,0,0.00,0.00,3.00,3.00,3,0.00,0.00,0.00,0.00,0.00,1.00,0.00,5.00,0.00,0.00,0.00,1.00,0.00,0.00,0.00,0.00,0.00,0.00,0.00,0,0,,0,0.00,13,0,0.00,32,0,0.00,17,0,0,1,94,0.00,99,0,1,1.00,69,0,40,0.00,20,0,0.00,99,0,0.00,0,0,0.00,0,0.00,14,1,1.00,52,0,0.00,0.00,0,0.00,0,0,0,0.00,0,5,0.00,0,5.00,99,N/A,N/A,N/A,N/A,0.00,0,0.00,0,0.00,0.00,0,78.38,0.00,32,99,0.00,0.00,0,23,23,0,0,0,1.00,1.00,1,97,6.07,6.00,6.00,6,0,0.00,0.00,99,0.00,0,0,0,0.00,0.00,0,0.00,0.00,0.00,0.00,0,0,0.00,62,0,0,61,0,0.07,32,0.07,0.07,0.00,13,0.00,0.00,84,2,2.00,2.00,0.00,0.00,7,0,0.00,13,4,94,88,0,66,8,0,0.00,99,0,0.00,0.00,7.00,7.00,7,5,62,24,5.00,5.00,71.43,0,0.00,99,0,0.00,0,0.00,99,0,0.00,0.00,40,3,47,23,0,0,0,0,0,48,61,77,75,0,99,18,44,44,0,0,49,19,0,0
Tomáš Ladra,29,861865200,1997/04/24,First League,2026/2027,Midfielder,Viktoria Plzeň,307,263,44,Czech Republic,5,4,1,1,1,0,0,0,0,0,0,1,0,1,3,3,0,0,0,0.29,0,0.29,0.34,0,307,0.88,102,61,0,0,0,37,130,-1,11,0,6.89,0,69,31.07,21.20,45,106,16.20,81,37,23.75,46,0.00,0.00,1.20,6,0.00,3.40,0.88,0.60,3,0.00,1.20,0.00,0.00,0.00,0.40,1.00,0.60,8.00,2.35,1.20,1.40,0.00,0.40,0.23,0.00,0.00,0.00,0.00,0,0,,8,1.60,86,2,0.59,75,6,1.76,89,1,2,3,32,0.00,99,0,2,0.59,43,17,43,4.98,94,0,0.00,99,0,0.00,0,0,0.00,0,1.76,88,7,2.05,79,5,1.47,71.43,0,0.00,0,0,0,0.00,0,3,0.00,77,0.88,21,N/A,N/A,N/A,N/A,0.00,0,0.00,0,1.15,0.00,0,76.42,25.00,53,23,0.60,0.88,3,92,82,0,0,0,0.00,0.00,0,45,34.47,0.40,0.59,2,0,0.00,0.00,99,0.00,0,0,1,0.20,0.29,0,0.00,0.00,0.59,0.40,2,0,12.50,70,24,24,81,78,0.43,62,0.09,0.13,1.15,84,0.23,0.34,23,2,0.40,0.59,0.88,0.60,34,3,0.34,83,66,17,95,0,93,8,0,0.00,99,0,0.00,0.00,8.50,5.80,29,10,23,43,2.93,2.00,34.48,6,1.76,10,0,11.76,0,0.00,99,2,0.40,0.59,72,26,85,62,0,0,0,0,0,67,81,77,81,0,99,42,44,44,0,0,49,18,0,0
Tomáš Petrášek,34,699523200,1992/03/02,First League,2026/2027,Defender,Hradec Králové,93,38,55,Czech Republic,2,1,1,0,0,0,0,0,0,0,0,1,0,1,0,0,0,0,0,0,0,0,0,0,0,0,0,47,0,0,0,-1,-1,-1,9,0,6.72,0,69,25.16,13.00,27,26,10.50,21,56,20.32,32,0.00,0.00,0.00,0,0.00,0.00,0.97,0.50,1,0.00,0.00,0.00,0.00,0.00,0.50,0.00,0.00,0.00,0.00,0.00,0.00,0.00,0.00,0.00,0.00,1.50,0.00,0.00,0,0,,0,0.00,13,0,0.00,32,0,0.00,17,1,1,1,34,0.00,99,0,1,0.97,68,0,40,0.00,20,0,0.00,99,0,0.00,0,0,0.00,0,0.00,14,0,0.00,12,0,0.00,0.00,0,0.00,0,0,0,0.00,0,0,0.00,99,0.00,0,N/A,N/A,N/A,N/A,0.00,0,0.00,0,0.00,0.00,0,80.77,0.00,32,99,0.00,0.00,0,23,23,0,0,0,0.50,0.97,1,95,13.45,1.50,2.90,3,0,0.00,0.00,99,0.00,0,0,0,0.00,0.00,0,0.00,0.00,0.00,0.00,0,0,0.00,62,0,0,61,0,0.04,8,0.02,0.04,0.00,13,0.00,0.00,83,2,1.00,1.94,0.97,0.50,39,1,0.00,13,43,77,88,0,66,90,0,0.00,99,3,0.00,2.90,8.71,4.50,9,6,78,45,5.81,3.00,66.67,0,0.00,99,0,0.00,0,0.00,99,0,0.00,0.00,40,3,70,62,0,0,0,0,0,48,61,77,75,0,99,95,44,44,0,0,49,4,0,0
Tomáš Poznar,38,588668400,1988/08/27,First League,2026/2027,Forward,Zlín,222,169,53,Czech Republic,6,4,2,0,0,0,0,0,0,0,0,0,0,0,4,3,1,1,0,0,0,0,0,0,0,1.62,56,37,222,0,0.41,-1,-1,-1,12,0,6.53,0,69,17.84,7.33,13,44,4.00,24,2,9.73,7,0.00,0.00,0.00,0,0.00,0.17,0.00,0.00,0,0.00,0.67,0.00,0.00,0.00,0.00,0.00,0.67,0.00,2.03,0.83,0.17,0.00,0.00,0.04,0.00,1.67,0.00,0.00,0,0,,5,0.83,78,0,0.00,32,5,2.03,93,1,3,3,7,0.00,99,0,0,0.00,20,1,40,0.41,33,0,0.00,99,0,0.00,0,0,0.00,0,0.00,14,1,0.41,24,0,0.00,0.00,0,0.00,0,0,0,0.00,0,4,0.00,36,1.62,55,N/A,N/A,N/A,N/A,0.00,0,0.00,0,0.22,0.00,0,54.55,0.00,32,99,0.00,0.00,0,23,23,0,0,0,0.00,0.00,0,45,39.16,0.50,1.22,3,0,0.00,0.00,99,0.00,0,0,0,0.00,0.00,0,0.00,0.00,0.81,0.33,2,0,0.00,62,8,48,61,38,0.06,2,0.01,0.02,0.22,49,0.04,0.09,85,5,0.83,2.03,2.03,0.83,83,5,0.09,48,17,44,88,0,97,99,0,0.00,99,10,0.00,4.05,12.57,5.17,31,15,86,90,6.08,2.50,48.39,4,1.62,12,0,0.00,0,0.00,99,0,0.00,0.00,40,26,91,62,0,0,0,0,0,48,61,77,75,0,99,18,61,84,1,17,77,88,0,0
Tomáš Solil,26,949392000,2000/02/01,First League,2026/2027,Midfielder,Pardubice,114,41,73,Czech Republic,2,1,1,1,0,1,0,0,0,0,0,0,0,0,1,0,1,0,0,0.79,0,0.79,0,1.23,114,0.79,114,57,0,0,0,-1,-1,-1,4,0,7.06,0,69,15.79,10.00,10,20,7.50,15,33,11.84,10,0.00,0.00,0.00,0,0.00,0.00,5.53,3.50,7,0.00,0.00,0.00,0.00,0.00,0.50,0.00,0.50,1.00,0.79,0.00,0.00,0.00,0.50,0.35,0.00,1.00,0.00,0.00,0,0,,1,0.50,40,1,0.79,83,0,0.00,17,1,0,2,99,0.00,99,0,1,0.79,55,0,40,0.00,20,0,0.00,99,0,0.00,0,0,0.00,0,0.00,14,0,0.00,12,0,0.00,0.00,0,0.00,0,0,0,0.00,0,1,0.00,79,0.79,17,N/A,N/A,N/A,N/A,0.00,0,0.00,0,0.71,0.00,0,75.00,100.00,99,26,0.50,0.79,1,23,23,0,0,0,0.00,0.00,0,45,14.12,1.50,2.37,3,0,0.00,0.00,99,0.00,0,0,0,0.00,0.00,0,0.00,0.00,0.00,0.00,0,0,100.00,99,0,0,64,80,0.03,2,0.01,0.02,0.71,96,0.35,0.56,4,0,0.00,0.00,0.79,0.50,30,1,0.56,95,86,72,88,0,66,72,0,0.00,99,2,0.00,1.58,9.47,6.00,12,9,95,57,7.11,4.50,75.00,0,0.00,99,0,0.00,0,0.00,99,0,0.00,0.00,40,8,47,62,0,0,0,0,0,94,97,99,75,0,99,18,44,44,0,0,49,24,0,0
Tomáš Ulbrich,28,894870000,1998/05/11,First League,2026/2027,Midfielder,Zlín,399,240,159,Czech Republic,5,3,2,0,0,0,0,0,0,0,0,0,0,0,10,5,5,1,0,0,0,0,0,0,0,2.26,40,80,399,0,0.23,92,120,-1,6,0,6.43,0,69,18.98,16.20,17,81,11.80,59,26,13.83,16,0.00,0.00,0.60,3,0.00,0.60,1.41,1.20,6,0.00,0.80,0.00,0.00,0.00,0.40,1.00,2.00,0.00,2.34,2.00,1.80,0.00,0.00,0.10,0.00,1.00,0.00,0.00,0,0,,10,2.00,85,0,0.00,32,10,2.34,96,2,0,5,54,0.00,99,0,2,0.47,37,3,80,0.70,41,0,0.00,99,0,0.00,0,0,0.00,0,0.70,48,9,2.11,80,5,1.17,55.56,0,0.00,0,0,0,0.00,0,10,0.00,9,2.34,86,N/A,N/A,N/A,N/A,0.00,0,0.00,0,0.50,0.00,0,72.84,0.00,32,77,0.20,0.23,1,87,68,0,0,0,0.20,0.23,1,57,32.16,0.40,0.47,2,0,0.00,0.00,99,0.00,0,0,0,0.00,0.00,0,0.00,0.00,0.00,0.00,0,0,0.00,62,42,24,61,11,0.28,32,0.06,0.07,0.50,57,0.10,0.12,64,6,1.20,1.41,1.41,1.20,61,6,0.12,56,9,11,88,0,66,60,0,0.00,99,5,0.00,1.17,9.84,8.40,42,22,64,63,5.16,4.40,52.38,4,0.94,32,0,33.33,0,0.00,99,1,0.20,0.23,48,59,47,86,0,0,0,0,0,48,61,77,75,0,99,18,82,63,1,20,80,4,0,0
Tomáš Vlček,25,983347200,2001/02/28,First League,2026/2027,Defender,Slavia Praha,155,79,76,Czech Republic,4,2,2,0,0,0,0,0,0,0,0,3,1,2,1,1,0,1,0,0,0,0,0,0,0,0.58,155,39,155,0,0.58,-1,-1,-1,13,0,6.71,0,69,24.39,10.50,25,42,6.75,27,8,15.68,19,0.00,0.00,0.00,0,0.00,0.75,2.90,1.25,5,0.00,0.00,0.00,0.00,0.00,1.25,0.00,0.25,0.00,0.00,0.00,0.00,0.00,0.00,0.00,0.00,2.00,0.00,0.00,0,0,,0,0.00,13,0,0.00,32,0,0.00,17,1,3,1,93,0.00,99,0,5,2.90,99,3,40,1.74,62,0,0.00,99,0,0.00,0,0,0.00,0,0.00,14,0,0.00,12,0,0.00,0.00,0,0.00,0,0,0,0.00,0,1,0.00,92,0.58,7,N/A,N/A,N/A,N/A,0.00,0,0.00,0,0.00,0.00,0,64.29,0.00,32,40,0.25,0.58,1,23,23,0,0,0,0.25,0.58,1,81,26.86,4.00,9.29,16,0,0.00,0.00,99,0.00,0,0,0,0.00,0.00,0,0.00,0.00,0.58,0.25,1,0,0.00,62,0,12,61,92,0.06,3,0.01,0.03,0.00,13,0.00,0.00,54,2,0.50,1.16,2.32,1.00,88,4,0.00,13,40,99,88,0,92,99,0,0.00,99,8,0.00,4.65,15.10,6.50,26,15,99,98,8.71,3.75,57.69,0,0.00,99,0,0.00,0,0.00,99,0,0.00,0.00,40,3,91,62,0,0,0,0,0,48,61,77,75,0,99,99,49,95,1,25,87,27,0,0
Tomáš Wiesner,29,869122800,1997/07/17,First League,2026/2027,Midfielder,Hradec Králové,90,90,0,Czech Republic,1,1,0,0,0,0,0,0,0,0,0,0,0,0,1,1,0,1,0,0,0,0,0,0,0,1,90,90,90,0,1,-1,-1,-1,17,0,6.19,0,69,23.00,23.00,22,23,20.00,20,83,20.00,31,0.00,0.00,0.00,0,0.00,0.00,1.00,1.00,1,0.00,0.00,0.00,0.00,0.00,1.00,0.00,1.00,0.00,0.00,0.00,1.00,0.00,0.00,0.00,0.00,0.00,0.00,0.00,0,0,,0,0.00,13,0,0.00,32,0,0.00,17,4,0,1,36,0.00,99,0,1,1.00,69,0,40,0.00,20,0,0.00,99,0,0.00,0,0,0.00,0,0.00,14,1,1.00,52,0,0.00,0.00,0,0.00,0,0,0,0.00,0,1,0.00,70,1.00,31,N/A,N/A,N/A,N/A,0.00,0,0.00,0,0.00,0.00,0,86.96,0.00,32,20,1.00,1.00,1,23,23,0,0,0,0.00,0.00,0,45,6.19,1.00,1.00,1,0,0.00,0.00,99,0.00,0,0,0,0.00,0.00,0,0.00,0.00,0.00,0.00,0,0,0.00,62,0,0,61,70,0.05,17,0.05,0.05,0.00,13,0.00,0.00,84,2,2.00,2.00,3.00,3.00,94,3,0.00,13,4,37,88,0,66,8,0,0.00,99,0,0.00,0.00,10.00,10.00,10,2,10,63,2.00,2.00,20.00,0,0.00,99,0,0.00,0,0.00,99,0,0.00,0.00,40,3,47,99,0,0,0,0,0,48,61,77,75,0,99,18,45,99,1,100,99,21,0,0
Tomás Zlatohlávek,26,958978800,2000/05/22,First League,2026/2027,Forward,Teplice,139,62,77,Czech Republic,5,3,2,1,0,1,0,0,0,0,0,1,1,0,4,2,2,1,0,0.65,0,0.65,0,1.17,139,2.59,35,28,139,0,0.65,-1,-1,-1,5,0,5.45,0,69,19.85,6.00,17,30,5.00,25,67,16.54,21,0.00,0.00,0.40,2,0.00,0.60,0.66,0.20,1,0.00,0.60,0.00,0.00,0.00,0.00,0.00,0.80,4.00,2.65,0.40,0.00,0.00,0.40,0.19,0.00,0.00,0.00,0.00,0,0,,4,0.80,91,2,1.32,97,2,1.32,77,0,5,0,23,0.00,99,0,0,0.00,20,3,80,1.99,66,0,0.00,99,0,0.00,0,0,0.00,0,1.32,75,0,0.00,12,0,0.00,0.00,0,0.00,0,0,0,0.00,0,4,0.00,2,2.65,90,N/A,N/A,N/A,N/A,0.00,0,0.00,0,0.95,0.00,0,83.33,50.00,87,99,0.00,0.00,0,23,23,0,0,0,0.40,1.32,2,99,27.24,0.60,1.99,3,0,0.00,0.00,99,0.00,0,0,0,0.00,0.00,0,0.00,0.00,0.66,0.20,1,0,25.00,87,0,24,64,3,0.11,32,0.02,0.07,0.95,98,0.19,0.63,99,7,1.40,4.63,1.32,0.40,57,2,0.63,97,2,63,88,0,94,8,0,0.00,99,0,0.00,0.00,12.57,3.80,19,8,66,90,5.29,1.60,42.11,3,1.99,5,0,33.33,0,0.00,99,1,0.20,0.66,75,0,99,23,0,0,0,0,0,89,97,99,75,0,99,42,48,96,1,20,80,33,0,0
Toumani Diakité,20,1137657600,2006/01/19,First League,2026/2027,Midfielder,Slavia Praha,64,64,0,Republic of Ireland,2,2,0,0,0,0,0,0,0,0,0,1,1,0,1,1,0,0,0,0,0,0,0,0,0,1.41,64,32,0,0,0,-1,-1,-1,17,0,6.55,0,69,33.75,12.00,53,24,11.00,22,97,30.94,67,0.00,0.00,1.00,2,0.00,1.00,0.00,0.00,0,0.00,1.00,0.00,0.00,0.00,0.50,0.00,0.50,0.00,0.00,0.00,0.50,0.00,0.00,0.00,0.00,0.50,0.00,0.00,0,0,,0,0.00,13,0,0.00,32,0,0.00,17,2,1,1,7,0.00,99,0,1,1.41,87,2,40,2.81,75,0,0.00,99,0,0.00,0,0,0.00,0,2.81,97,1,1.41,63,0,0.00,0.00,0,0.00,0,0,0,0.00,0,1,0.00,44,1.41,48,N/A,N/A,N/A,N/A,0.00,0,0.00,0,0.00,0.00,0,91.67,0.00,32,6,0.50,1.41,1,23,23,0,0,0,0.00,0.00,0,45,13.11,0.00,0.00,0,0,0.00,0.00,99,0.00,0,0,0,0.00,0.00,0,0.00,0.00,0.00,0.00,0,0,0.00,62,0,0,61,45,0.11,67,0.06,0.15,0.00,13,0.00,0.00,4,0,0.00,0.00,0.00,0.00,7,0,0.00,13,19,3,88,0,66,67,0,0.00,99,1,0.00,1.41,7.03,2.50,5,1,7,24,1.41,0.50,20.00,2,2.81,1,0,0.00,0,0.00,99,0,0.00,0.00,40,3,70,86,0,0,0,0,0,48,61,77,75,0,99,95,44,44,0,0,49,22,0,0
Vaclav Drchal,27,932886000,1999/07/25,First League,2026/2027,Forward,Pardubice,280,150,130,Czech Republic,6,3,3,0,0,0,0,0,0,0,0,0,0,0,9,4,5,1,0,0,0,0,0,0,0,2.89,31,47,280,0,0.32,109,106,-1,23,0,6.57,0,69,18.96,9.83,17,59,6.67,40,14,12.86,13,0.00,0.00,0.33,2,0.00,1.17,1.29,0.67,4,0.00,0.17,0.00,0.00,0.00,0.33,0.33,1.50,0.00,1.93,0.83,0.67,0.00,0.17,0.06,0.00,0.17,0.00,0.00,0,0,,6,1.00,75,1,0.32,57,5,1.61,84,1,2,4,50,0.00,99,0,2,0.64,46,7,71,2.25,69,0,0.00,99,0,0.00,0,0,0.00,0,0.64,43,4,1.29,60,2,0.64,50.00,0,0.00,0,0,0,0.00,0,9,0.00,1,2.89,92,N/A,N/A,N/A,N/A,0.00,0,0.00,0,0.37,0.00,0,67.80,16.67,43,36,0.33,0.64,2,65,66,0,0,0,0.00,0.00,0,45,39.41,0.33,0.64,2,0,0.00,0.00,99,0.00,0,0,0,0.00,0.00,0,0.00,0.00,0.00,0.00,0,0,0.00,62,18,48,61,2,0.15,17,0.02,0.05,0.37,57,0.06,0.12,27,2,0.33,0.64,0.64,0.33,23,2,0.12,56,23,20,88,0,66,20,0,0.00,99,1,0.00,0.32,6.75,3.50,21,9,20,23,2.89,1.50,42.86,1,0.32,66,0,28.57,0,0.00,99,2,0.33,0.64,74,41,85,62,0,0,0,0,0,48,61,77,75,0,99,18,68,77,1,17,77,17,0,0
Václav Jurečka,32,772614000,1994/06/26,First League,2026/2027,Forward,Baník Ostrava,357,159,198,Czech Republic,6,3,3,1,0,1,0,0,0,0,0,3,2,1,8,3,5,0,0,0.25,0,0.25,0,0.45,357,2.02,45,60,0,0,0,46,148,-1,4,0,6.51,0,69,14.87,9.83,7,59,7.83,47,55,11.85,11,0.00,0.00,0.33,2,0.00,0.17,1.01,0.67,4,0.00,1.17,0.00,0.00,0.00,0.00,0.33,1.33,5.00,1.26,0.50,1.17,0.00,0.33,0.17,0.00,0.50,0.00,0.00,0,0,,5,0.83,57,2,0.50,73,3,0.76,53,2,1,5,37,0.00,99,0,0,0.00,20,1,40,0.25,27,0,0.00,99,0,0.00,0,0,0.00,0,0.50,35,7,1.76,73,2,0.50,28.57,0,0.00,0,0,0,0.00,0,8,0.00,17,2.02,74,N/A,N/A,N/A,N/A,0.00,0,0.00,0,0.99,0.00,0,79.66,40.00,73,47,0.33,0.50,2,56,34,0,0,0,0.17,0.25,1,59,39.05,0.67,1.01,4,0,0.00,0.00,99,0.00,0,0,0,0.00,0.00,0,0.00,0.00,1.01,0.67,4,0,20.00,83,35,48,87,18,0.15,8,0.02,0.04,0.99,76,0.17,0.25,33,3,0.50,0.76,1.76,1.17,74,7,0.25,75,15,38,88,0,99,45,0,0.00,99,3,0.00,0.76,9.33,6.17,37,12,25,53,3.03,2.00,32.43,7,1.76,10,0,0.00,0,0.00,99,0,0.00,0.00,40,59,70,86,0,0,0,0,0,61,76,89,75,0,99,95,44,44,0,0,49,15,0,0
Václav Pilař,37,592729200,1988/10/13,First League,2026/2027,Midfielder,Bohemians 1905,263,110,153,Czech Republic,6,3,3,0,0,0,0,0,0,0,0,2,2,0,5,0,5,0,0,0,0,0,0,0,0,1.71,53,44,0,0,0,-1,-1,-1,21,0,6.87,0,69,20.28,11.40,18,57,8.20,41,23,14.58,17,0.00,0.00,0.60,3,0.00,2.80,1.42,0.80,4,0.00,1.20,0.00,0.00,0.00,0.40,1.80,1.00,0.00,2.49,1.40,2.40,0.00,0.00,0.06,0.00,0.40,0.00,0.00,0,0,,7,1.40,90,0,0.00,32,7,2.49,97,2,2,3,55,0.00,99,0,2,0.71,50,14,71,4.98,94,0,0.00,99,0,0.00,0,0,0.00,0,1.07,65,12,4.27,98,9,3.20,75.00,0,0.00,0,0,0,0.00,0,5,0.00,33,1.78,63,N/A,N/A,N/A,N/A,0.00,0,0.00,0,0.31,0.00,0,71.93,0.00,32,60,0.20,0.36,1,99,87,0,0,0,0.00,0.00,0,45,34.35,0.20,0.36,1,0,0.00,0.00,99,0.00,0,0,0,0.00,0.00,0,0.00,0.00,0.00,0.00,0,0,0.00,62,13,48,61,33,0.22,38,0.04,0.08,0.31,53,0.06,0.11,96,9,1.80,3.20,0.00,0.00,7,0,0.11,52,62,8,88,0,66,42,0,0.00,99,2,0.00,0.71,14.94,8.40,42,24,99,98,8.54,4.80,57.14,6,2.13,5,0,28.57,0,0.00,99,4,0.80,1.42,93,26,85,86,0,0,0,0,0,48,61,77,75,0,99,73,44,44,0,0,49,11,0,0
Václav Sejk,24,1021705200,2002/05/18,First League,2026/2027,Forward,Sigma Olomouc,597,249,348,Czech Republic,7,3,4,2,2,0,1,0,1,0,0,1,1,0,7,2,5,1,0,0.45,0.15,0.3,0.72,0,299,1.06,85,85,597,597,0.15,33,60,-1,3,0,6.81,0.14,73,18.84,17.86,16,125,14.43,101,57,15.23,19,0.00,0.00,1.00,7,0.00,0.43,0.30,0.29,2,0.00,1.86,0.00,0.00,0.00,0.00,0.29,1.00,4.50,1.36,0.86,0.86,0.00,0.43,0.27,0.00,0.71,0.00,0.00,0,0,,9,1.29,60,3,0.45,67,6,0.90,61,1,0,7,12,0.00,99,0,0,0.00,20,3,40,0.45,36,0,0.00,99,0,0.00,0,0,0.00,0,1.06,64,6,0.90,47,2,0.30,33.33,0,0.00,0,0,0,0.00,0,7,0.00,65,1.06,34,N/A,N/A,N/A,N/A,0.00,0,0.00,0,1.87,0.00,0,80.80,33.33,68,82,0.14,0.15,1,41,45,0,0,0,0.14,0.15,1,49,47.67,0.71,0.75,5,0,0.00,0.00,99,0.00,0,0,0,0.00,0.00,0,0.00,0.00,0.30,0.29,2,0,22.22,84,81,89,79,66,1.06,67,0.15,0.16,1.87,79,0.27,0.28,33,5,0.71,0.75,0.75,0.71,29,5,0.28,78,54,26,88,0,82,44,0,0.00,99,5,0.00,0.75,7.69,7.29,51,13,9,32,1.96,1.86,25.49,13,1.96,6,0,0.00,0,0.00,99,0,0.00,0.00,40,99,47,62,0,0,0,0,0,81,83,77,94,0,99,31,94,52,1,14,66,10,0,0
Václav Zahradníček,20,1140940800,2006/02/26,First League,2026/2027,Midfielder,Sigma Olomouc,0,0,0,Czechia,0,0,0,0,0,0,0,0,0,0,0,0,0,0,0,0,0,0,0,0,0,0,0,0,0,0,0,0,0,0,0,-1,-1,-1,-1,N/A,N/A,N/A,N/A,N/A,N/A,N/A,N/A,N/A,N/A,N/A,N/A,N/A,N/A,N/A,N/A,N/A,N/A,N/A,N/A,N/A,N/A,N/A,N/A,N/A,N/A,N/A,N/A,N/A,N/A,N/A,N/A,N/A,N/A,N/A,N/A,N/A,N/A,N/A,N/A,N/A,N/A,N/A,N/A,N/A,N/A,N/A,N/A,N/A,N/A,N/A,N/A,N/A,N/A,N/A,N/A,N/A,N/A,N/A,N/A,N/A,N/A,N/A,N/A,N/A,N/A,N/A,N/A,N/A,N/A,N/A,N/A,N/A,N/A,N/A,N/A,N/A,N/A,N/A,N/A,N/A,N/A,N/A,N/A,N/A,N/A,N/A,N/A,N/A,N/A,N/A,N/A,N/A,N/A,N/A,N/A,N/A,N/A,N/A,N/A,N/A,N/A,N/A,N/A,N/A,N/A,N/A,N/A,N/A,N/A,N/A,N/A,N/A,N/A,N/A,N/A,N/A,N/A,N/A,N/A,N/A,N/A,N/A,N/A,N/A,N/A,N/A,N/A,N/A,N/A,N/A,N/A,N/A,N/A,N/A,N/A,N/A,N/A,N/A,N/A,N/A,N/A,N/A,N/A,N/A,N/A,N/A,N/A,N/A,N/A,N/A,N/A,N/A,N/A,N/A,N/A,N/A,N/A,N/A,N/A,N/A,N/A,N/A,N/A,N/A,N/A,N/A,N/A,N/A,N/A,N/A,N/A,N/A,N/A,N/A,N/A,N/A,N/A,N/A,N/A,N/A,N/A,N/A,N/A,N/A,N/A,N/A,N/A,N/A,N/A,N/A,N/A,N/A,N/A,N/A,N/A,N/A,N/A,N/A,N/A,N/A,N/A,N/A,N/A,N/A,N/A,N/A,N/A,N/A,N/A,N/A,N/A,N/A,N/A,N/A,N/A,N/A,N/A,N/A,N/A,N/A,N/A,N/A,N/A
Vakhtang Tchanturishvili,33,744534000,1993/08/05,First League,2026/2027,Midfielder,Jablonec,560,350,210,Georgia,7,4,3,0,0,0,0,0,0,0,0,3,2,1,6,3,3,0,0,0,0,0,0,0,0,0.96,93,80,0,0,0,172,176,-1,22,0,6.91,0,69,37.77,33.57,65,235,26.43,185,51,29.73,66,0.00,0.00,0.71,5,0.00,2.71,1.45,1.29,9,0.00,0.43,0.00,0.00,0.00,1.43,0.86,0.86,0.00,1.61,1.00,1.43,0.00,0.43,0.10,0.00,0.43,0.00,0.00,0,0,,10,1.43,69,3,0.48,68,7,1.12,70,2,1,6,57,0.00,99,0,10,1.61,93,19,86,3.05,77,0,0.00,99,0,0.00,0,0,0.00,0,0.80,54,10,1.61,70,6,0.96,60.00,0,0.00,0,0,0,0.00,0,6,0.00,73,0.96,27,N/A,N/A,N/A,N/A,0.00,0,0.00,0,0.73,0.00,0,78.72,30.00,58,49,0.43,0.48,3,82,77,0,0,0,0.43,0.48,3,76,48.34,2.00,2.25,14,0,0.00,0.00,99,0.00,0,0,1,0.14,0.16,0,0.00,0.00,0.48,0.43,3,0,0.00,62,74,89,61,73,0.58,46,0.08,0.09,0.73,57,0.10,0.12,35,5,0.71,0.80,0.64,0.57,23,4,0.12,56,69,70,90,0,90,29,0,0.00,99,3,0.00,0.48,6.43,5.71,40,23,35,19,3.70,3.29,57.50,3,0.48,53,0,42.11,0,0.00,99,8,1.14,1.29,91,78,70,86,0,0,0,0,0,48,61,77,75,0,99,87,44,44,0,0,49,7,0,0
Vasil Kušej,26,959151600,2000/05/24,First League,2026/2027,Forward,Slovan Liberec,404,156,248,Czech Republic,6,3,3,2,1,1,1,1,0,0,0,3,2,1,2,0,2,1,1,0.67,0.22,0.45,0.58,0.36,202,0.45,202,67,202,404,0.45,21,38,-1,3,0,6.53,0.17,81,34.68,24.20,56,121,15.60,78,9,22.36,40,0.00,0.00,2.20,11,0.00,5.20,1.15,0.80,4,0.00,1.40,0.00,0.00,0.00,0.00,0.80,0.40,7.00,2.01,0.80,2.60,0.00,0.60,0.23,0.00,0.20,0.00,0.00,0,0,,7,1.40,77,3,0.86,87,4,1.15,71,1,0,5,44,0.00,99,0,0,0.00,20,26,80,7.45,99,0,0.00,99,0,0.00,0,0,0.00,0,3.15,99,13,3.73,97,4,1.15,30.77,0,0.00,0,0,0,0.00,0,2,0.00,96,0.57,7,N/A,N/A,N/A,N/A,0.00,0,0.00,0,1.15,0.00,0,64.46,42.86,74,43,0.40,0.57,2,86,37,0,0,0,0.00,0.00,0,45,32.66,0.40,0.57,2,0,0.00,0.00,99,0.00,0,0,2,0.40,0.57,0,0.00,0.00,0.00,0.00,0,0,14.29,74,43,48,72,97,1.18,93,0.24,0.34,1.15,83,0.23,0.33,10,1,0.20,0.29,1.72,1.20,71,6,0.33,82,17,16,99,0,66,18,0,0.00,99,1,0.00,0.29,11.18,7.80,39,10,20,79,2.87,2.00,25.64,7,2.01,5,0,34.62,0,0.00,99,9,1.80,2.58,99,59,47,62,0,0,0,0,0,90,91,86,89,0,99,95,58,88,0,0,49,19,0,0
Venuste Baboula,28,903855600,1998/08/23,First League,2026/2027,Forward,Slovan Liberec,108,59,49,Central African Republic,5,3,2,1,1,0,1,0,1,0,0,3,1,2,0,0,0,0,0,1.67,0.83,0.83,1.53,0,108,0,0,22,0,108,0,-1,-1,-1,4,0,6.93,0.2,99,22.24,5.25,21,21,4.00,16,37,16.94,21,0.00,0.00,0.50,2,0.00,0.75,2.12,0.50,2,0.00,0.00,0.00,0.00,0.00,0.25,0.25,0.00,6.00,6.35,1.00,0.75,0.00,0.50,0.26,0.00,0.25,0.00,0.00,0,0,,6,1.50,99,2,2.12,99,4,4.24,99,0,4,0,80,0.00,99,0,1,1.06,73,3,80,3.18,78,0,0.00,99,0,0.00,0,0,0.00,0,2.12,93,3,3.18,90,1,1.06,33.33,0,0.00,0,0,0,0.00,0,0,0.00,99,0.00,0,N/A,N/A,N/A,N/A,0.00,0,0.00,0,1.04,0.00,0,76.19,33.33,68,17,0.25,1.06,1,85,45,0,0,0,0.00,0.00,0,45,27.73,0.00,0.00,0,0,0.00,0.00,99,0.00,0,0,0,0.00,0.00,0,0.00,0.00,0.00,0.00,0,0,16.67,79,0,24,63,0,0.74,99,0.18,0.78,1.04,99,0.26,1.10,48,1,0.25,1.06,0.00,0.00,7,0,1.10,99,71,3,88,0,66,56,0,0.00,99,1,0.00,1.06,8.47,2.00,8,4,45,42,4.24,1.00,50.00,0,0.00,99,0,33.33,0,0.00,99,1,0.25,1.06,83,0,97,23,0,0,0,0,0,99,98,77,99,0,99,98,44,44,0,0,49,94,0,0
Victor Samuel,20,1151564400,2006/06/29,First League,2026/2027,Forward,Pardubice,219,82,137,Nigeria,6,2,4,0,0,0,0,0,0,0,0,1,0,1,3,0,3,1,0,0,0,0,0,0,0,1.23,73,37,219,0,0.41,-1,-1,-1,13,0,5.38,0,69,14.38,5.83,6,35,3.17,19,2,7.81,3,0.00,0.00,0.50,3,0.00,1.17,0.82,0.33,2,0.00,0.33,0.00,0.00,0.00,0.17,0.00,0.50,0.00,2.47,0.83,0.67,0.00,0.17,0.07,0.00,0.33,0.00,0.00,0,0,,6,1.00,89,1,0.41,62,5,2.05,93,2,4,2,27,0.00,99,0,1,0.41,35,7,87,2.88,76,0,0.00,99,0,0.00,0,0,0.00,0,1.23,72,4,1.64,71,0,0.00,0.00,0,0.00,0,0,0,0.00,0,3,0.00,55,1.23,43,N/A,N/A,N/A,N/A,0.00,0,0.00,0,0.40,0.00,0,54.29,16.67,43,26,0.33,0.82,2,23,23,0,0,0,0.00,0.00,0,45,32.31,0.50,1.23,3,0,0.00,0.00,99,0.00,0,0,0,0.00,0.00,0,0.00,0.00,0.82,0.33,2,0,0.00,62,8,48,61,55,0.15,24,0.02,0.06,0.40,60,0.07,0.16,14,1,0.17,0.41,1.23,0.50,51,3,0.16,60,2,45,88,0,97,46,0,0.00,99,2,0.00,0.82,7.40,3.00,18,5,10,28,2.05,0.83,27.78,2,0.82,37,0,42.86,0,0.00,99,3,0.50,1.23,88,8,97,86,0,0,0,0,0,48,61,77,75,0,99,37,61,84,1,17,77,35,0,0
Viktor Baier,21,1105862400,2005/01/16,First League,2026/2027,Goalkeeper,Viktoria Plzeň,0,0,0,Czech Republic,0,0,0,0,0,0,0,0,0,0,0,0,0,0,0,0,0,0,0,0,0,0,0,0,0,0,0,0,0,0,0,-1,-1,-1,-1,N/A,N/A,N/A,N/A,N/A,N/A,N/A,N/A,N/A,N/A,N/A,N/A,N/A,N/A,N/A,N/A,N/A,N/A,N/A,N/A,N/A,N/A,N/A,N/A,N/A,N/A,N/A,N/A,N/A,N/A,N/A,N/A,N/A,N/A,N/A,N/A,N/A,N/A,N/A,N/A,N/A,N/A,N/A,N/A,N/A,N/A,N/A,N/A,N/A,N/A,N/A,N/A,N/A,N/A,N/A,N/A,N/A,N/A,N/A,N/A,N/A,N/A,N/A,N/A,N/A,N/A,N/A,N/A,N/A,N/A,N/A,N/A,N/A,N/A,N/A,N/A,N/A,N/A,N/A,N/A,N/A,N/A,N/A,N/A,N/A,N/A,N/A,N/A,N/A,N/A,N/A,N/A,N/A,N/A,N/A,N/A,N/A,N/A,N/A,N/A,N/A,N/A,N/A,N/A,N/A,N/A,N/A,N/A,N/A,N/A,N/A,N/A,N/A,N/A,N/A,N/A,N/A,N/A,N/A,N/A,N/A,N/A,N/A,N/A,N/A,N/A,N/A,N/A,N/A,N/A,N/A,N/A,N/A,N/A,N/A,N/A,N/A,N/A,N/A,N/A,N/A,N/A,N/A,N/A,N/A,N/A,N/A,N/A,N/A,N/A,N/A,N/A,N/A,N/A,N/A,N/A,N/A,N/A,N/A,N/A,N/A,N/A,N/A,N/A,N/A,N/A,N/A,N/A,N/A,N/A,N/A,N/A,N/A,N/A,N/A,N/A,N/A,N/A,N/A,N/A,N/A,N/A,N/A,N/A,N/A,N/A,N/A,N/A,N/A,N/A,N/A,N/A,N/A,N/A,N/A,N/A,N/A,N/A,N/A,N/A,N/A,N/A,N/A,N/A,N/A,N/A,N/A,N/A,N/A,N/A,N/A,N/A,N/A,N/A,N/A,N/A,N/A,N/A,N/A,N/A,N/A,N/A,N/A,N/A
Viktor Budinský,33,736930800,1993/05/09,First League,2026/2027,Goalkeeper,Baník Ostrava,0,0,0,Slovakia,0,0,0,0,0,0,0,0,0,0,0,0,0,0,0,0,0,0,0,0,0,0,0,0,0,0,0,0,0,0,0,-1,-1,-1,-1,N/A,N/A,N/A,N/A,N/A,N/A,N/A,N/A,N/A,N/A,N/A,N/A,N/A,N/A,N/A,N/A,N/A,N/A,N/A,N/A,N/A,N/A,N/A,N/A,N/A,N/A,N/A,N/A,N/A,N/A,N/A,N/A,N/A,N/A,N/A,N/A,N/A,N/A,N/A,N/A,N/A,N/A,N/A,N/A,N/A,N/A,N/A,N/A,N/A,N/A,N/A,N/A,N/A,N/A,N/A,N/A,N/A,N/A,N/A,N/A,N/A,N/A,N/A,N/A,N/A,N/A,N/A,N/A,N/A,N/A,N/A,N/A,N/A,N/A,N/A,N/A,N/A,N/A,N/A,N/A,N/A,N/A,N/A,N/A,N/A,N/A,N/A,N/A,N/A,N/A,N/A,N/A,N/A,N/A,N/A,N/A,N/A,N/A,N/A,N/A,N/A,N/A,N/A,N/A,N/A,N/A,N/A,N/A,N/A,N/A,N/A,N/A,N/A,N/A,N/A,N/A,N/A,N/A,N/A,N/A,N/A,N/A,N/A,N/A,N/A,N/A,N/A,N/A,N/A,N/A,N/A,N/A,N/A,N/A,N/A,N/A,N/A,N/A,N/A,N/A,N/A,N/A,N/A,N/A,N/A,N/A,N/A,N/A,N/A,N/A,N/A,N/A,N/A,N/A,N/A,N/A,N/A,N/A,N/A,N/A,N/A,N/A,N/A,N/A,N/A,N/A,N/A,N/A,N/A,N/A,N/A,N/A,N/A,N/A,N/A,N/A,N/A,N/A,N/A,N/A,N/A,N/A,N/A,N/A,N/A,N/A,N/A,N/A,N/A,N/A,N/A,N/A,N/A,N/A,N/A,N/A,N/A,N/A,N/A,N/A,N/A,N/A,N/A,N/A,N/A,N/A,N/A,N/A,N/A,N/A,N/A,N/A,N/A,N/A,N/A,N/A,N/A,N/A,N/A,N/A,N/A,N/A,N/A,N/A
Viktor Vitályos,19,1184742000,2007/07/18,First League,2026/2027,Defender,Sparta Praha,0,0,0,Hungary,0,0,0,0,0,0,0,0,0,0,0,0,0,0,0,0,0,0,0,0,0,0,0,0,0,0,0,0,0,0,0,-1,-1,-1,-1,N/A,N/A,N/A,N/A,N/A,N/A,N/A,N/A,N/A,N/A,N/A,N/A,N/A,N/A,N/A,N/A,N/A,N/A,N/A,N/A,N/A,N/A,N/A,N/A,N/A,N/A,N/A,N/A,N/A,N/A,N/A,N/A,N/A,N/A,N/A,N/A,N/A,N/A,N/A,N/A,N/A,N/A,N/A,N/A,N/A,N/A,N/A,N/A,N/A,N/A,N/A,N/A,N/A,N/A,N/A,N/A,N/A,N/A,N/A,N/A,N/A,N/A,N/A,N/A,N/A,N/A,N/A,N/A,N/A,N/A,N/A,N/A,N/A,N/A,N/A,N/A,N/A,N/A,N/A,N/A,N/A,N/A,N/A,N/A,N/A,N/A,N/A,N/A,N/A,N/A,N/A,N/A,N/A,N/A,N/A,N/A,N/A,N/A,N/A,N/A,N/A,N/A,N/A,N/A,N/A,N/A,N/A,N/A,N/A,N/A,N/A,N/A,N/A,N/A,N/A,N/A,N/A,N/A,N/A,N/A,N/A,N/A,N/A,N/A,N/A,N/A,N/A,N/A,N/A,N/A,N/A,N/A,N/A,N/A,N/A,N/A,N/A,N/A,N/A,N/A,N/A,N/A,N/A,N/A,N/A,N/A,N/A,N/A,N/A,N/A,N/A,N/A,N/A,N/A,N/A,N/A,N/A,N/A,N/A,N/A,N/A,N/A,N/A,N/A,N/A,N/A,N/A,N/A,N/A,N/A,N/A,N/A,N/A,N/A,N/A,N/A,N/A,N/A,N/A,N/A,N/A,N/A,N/A,N/A,N/A,N/A,N/A,N/A,N/A,N/A,N/A,N/A,N/A,N/A,N/A,N/A,N/A,N/A,N/A,N/A,N/A,N/A,N/A,N/A,N/A,N/A,N/A,N/A,N/A,N/A,N/A,N/A,N/A,N/A,N/A,N/A,N/A,N/A,N/A,N/A,N/A,N/A,N/A,N/A
Vít Škrkoň,18,1207724400,2008/04/09,First League,2026/2027,Forward,Baník Ostrava,288,114,174,Czechia,7,3,4,0,0,0,0,0,0,0,0,3,2,1,6,0,6,0,0,0,0,0,0,0,0,1.88,48,41,0,0,0,157,156,-1,11,0,6.37,0,69,13.12,6.00,3,42,4.00,28,13,8.75,4,0.00,0.00,0.43,3,0.00,0.14,0.62,0.29,2,0.00,1.57,0.00,0.00,0.00,0.29,0.43,1.00,0.00,2.19,0.86,1.57,0.00,0.14,0.05,0.00,0.29,0.00,0.00,0,0,,7,1.00,81,1,0.31,55,6,1.88,91,0,6,1,22,0.00,99,0,2,0.62,45,1,99,0.31,29,0,0.00,99,0,0.00,0,0,0.00,0,0.94,59,11,3.44,94,3,0.94,27.27,0,0.00,0,0,0,0.00,0,7,0.00,22,2.19,81,N/A,N/A,N/A,N/A,0.00,0,0.00,0,0.38,0.00,0,66.67,14.29,37,11,0.57,1.25,4,80,33,0,0,0,0.00,0.00,0,45,44.56,0.57,1.25,4,0,0.00,0.00,99,0.00,0,0,0,0.00,0.00,0,0.00,0.00,0.62,0.29,2,0,0.00,62,20,89,61,24,0.20,24,0.03,0.06,0.38,57,0.05,0.12,73,5,0.71,1.56,1.56,0.71,66,5,0.12,56,6,47,88,0,94,41,0,0.00,99,2,0.00,0.62,13.75,6.29,44,12,36,95,3.75,1.71,27.27,11,3.44,0,0,100.00,0,0.00,99,1,0.14,0.31,56,3,99,23,0,0,0,0,0,48,61,77,75,0,99,87,44,44,0,0,49,22,0,0
Vladimír Darida,36,650098800,1990/08/08,First League,2026/2027,Midfielder,Hradec Králové,616,360,256,Czech Republic,7,4,3,1,1,0,0,0,0,0,0,2,1,1,5,3,2,2,0,0.15,0,0.15,0.25,0,616,0.73,123,88,308,0,0.29,73,76,-1,3,0,7.43,0,69,55.23,54.00,91,378,44.14,309,60,45.15,89,0.00,0.00,2.00,14,0.00,5.43,3.07,3.00,21,0.00,1.00,0.00,0.00,0.00,0.86,0.71,0.71,17.00,2.48,1.71,0.86,0.00,0.71,0.25,0.00,0.57,0.00,0.00,0,0,,17,2.43,90,5,0.73,82,12,1.75,88,1,0,7,96,0.00,99,0,6,0.88,62,38,65,5.55,95,0,0.00,99,0,0.00,0,0,0.00,0,2.05,93,6,0.88,46,5,0.73,83.33,0,0.00,0,0,0,0.00,0,5,0.00,84,0.73,13,N/A,N/A,N/A,N/A,0.00,0,0.00,0,1.75,0.00,0,81.75,29.41,57,5,1.43,1.46,10,70,89,0,0,0,0.14,0.15,1,49,51.99,0.71,0.73,5,0,0.00,0.00,99,0.00,0,0,1,0.14,0.15,0,0.00,0.00,0.00,0.00,0,0,5.88,63,83,89,97,85,1.02,67,0.15,0.15,1.75,77,0.25,0.26,80,12,1.71,1.75,0.73,0.71,27,5,0.26,76,98,25,90,0,66,37,0,0.00,99,4,0.00,0.58,10.23,10.00,70,42,88,68,6.14,6.00,60.00,7,1.02,28,0,26.32,0,0.00,99,10,1.43,1.46,93,99,47,62,0,0,0,0,0,51,65,77,77,0,99,65,74,71,2,29,93,16,0,0
Vladimir Neuman,26,950169600,2000/02/10,First League,2026/2027,Goalkeeper,Pardubice,450,180,270,Czech Republic,5,2,3,0,0,0,0,0,0,0,0,1,0,1,8,3,5,0,0,0,0,0,0,0,0,1.6,56,90,0,0,0,96,98,55,9,0,6.51,0,69,33.00,33.00,51,165,20.20,101,6,20.20,32,0.00,0.00,0.00,0,0.00,0.00,0.00,0.00,0,0.00,0.00,0.00,0.00,2.20,0.00,0.00,3.80,0.00,0.00,0.00,0.00,0.00,0.00,0.00,0.00,0.20,0.00,0.00,0,0,,0,0.00,13,0,0.00,32,0,0.00,17,0,0,5,7,0.00,99,0,0,0.00,20,0,40,0.00,20,0,0.00,99,0,0.00,0,0,0.00,0,0.00,14,0,0.00,12,0,0.00,0.00,0,0.00,0,11,28,2.20,39,19,0.00,37,3.80,95,N/A,N/A,N/A,N/A,57.89,0,0.00,0,0.00,0.00,0,61.21,0.00,32,99,0.00,0.00,0,23,23,0,0,3,0.00,0.00,0,45,32.55,1.80,1.80,9,0,0.00,0.00,99,0.00,0,0,0,0.00,0.00,4,0.80,0.80,0.00,0.00,0,0,0.00,62,53,24,61,38,0.23,17,0.05,0.05,0.00,13,0.00,0.00,4,0,0.00,0.00,0.00,0.00,7,0,0.00,13,15,60,88,88,66,13,0,0.00,99,1,0.00,0.20,0.20,0.20,1,1,1,1,0.20,0.20,100.00,0,0.00,99,0,0.00,0,0.00,99,0,0.00,0.00,40,59,47,23,0,0,0,0,0,48,61,77,75,0,99,42,44,44,0,0,49,46,0,0
Vladimír Zeman,25,968828400,2000/09/13,First League,2026/2027,Midfielder,Bohemians 1905,60,21,39,Czechia,5,2,3,0,0,0,0,0,0,0,0,2,1,1,2,0,2,0,0,0,0,0,0,0,0,3,30,12,0,0,0,-1,-1,-1,14,0,6.47,0,69,24.00,3.20,24,16,2.60,13,59,19.50,29,0.00,0.00,0.20,1,0.00,0.60,0.00,0.00,0,0.00,0.40,0.00,0.00,0.00,0.00,0.00,0.40,0.00,1.50,0.20,0.20,0.00,0.00,0.01,0.00,0.20,0.00,0.00,0,0,,1,0.20,65,0,0.00,32,1,1.50,82,0,5,0,7,0.00,99,0,0,0.00,20,3,96,4.50,90,0,0.00,99,0,0.00,0,0,0.00,0,1.50,81,1,1.50,65,0,0.00,0.00,0,0.00,0,0,0,0.00,0,2,0.00,1,3.00,93,N/A,N/A,N/A,N/A,0.00,0,0.00,0,0.05,0.00,0,81.25,0.00,32,99,0.00,0.00,0,23,23,0,0,0,0.00,0.00,0,45,32.33,0.00,0.00,0,0,0.00,0.00,99,0.00,0,0,0,0.00,0.00,0,0.00,0.00,0.00,0.00,0,0,0.00,62,0,24,61,1,0.06,46,0.01,0.09,0.05,46,0.01,0.08,4,0,0.00,0.00,3.00,0.40,94,2,0.08,45,11,3,88,0,66,70,0,0.00,99,1,0.00,1.50,12.00,1.60,8,1,8,85,1.50,0.20,12.50,2,3.00,1,0,66.67,0,0.00,99,2,0.40,3.00,99,0,99,23,0,0,0,0,0,48,61,77,75,0,99,76,44,44,0,0,49,13,0,0
Vlasiy Sinyavskiy,29,849081600,1996/11/27,First League,2026/2027,Defender,Baník Ostrava,407,227,180,Estonia,5,3,2,0,0,0,0,0,0,0,0,3,2,1,5,3,2,1,1,0,0,0,0,0,0,1.11,81,81,204,0,0.44,155,154,33,15,0,6.64,0,69,23.22,21.00,23,105,16.00,80,37,17.69,24,0.00,0.00,0.60,3,0.00,1.00,2.21,2.00,10,0.00,0.40,0.00,0.00,0.00,0.80,1.00,1.00,0.00,0.88,0.80,1.80,0.00,0.00,0.05,0.00,1.00,0.00,0.00,0,0,,4,0.80,45,0,0.00,32,4,0.88,59,4,0,5,83,0.00,99,0,4,0.88,62,5,40,1.11,50,0,0.00,99,0,0.00,0,0,0.00,0,0.66,45,9,1.99,76,5,1.11,55.56,0,0.00,0,0,0,0.00,0,5,0.00,62,1.11,37,N/A,N/A,N/A,N/A,0.00,0,0.00,0,0.23,0.00,0,76.19,0.00,32,7,1.20,1.33,6,85,68,0,0,0,0.20,0.22,1,56,33.20,0.80,0.88,4,0,0.00,0.00,99,0.00,0,0,0,0.00,0.00,0,0.00,0.00,0.00,0.00,0,0,0.00,62,45,24,61,62,0.33,32,0.07,0.07,0.23,36,0.05,0.05,17,2,0.40,0.44,0.88,0.80,34,4,0.05,35,30,31,88,0,66,59,0,0.00,99,5,0.00,1.11,9.51,8.60,43,22,59,57,4.86,4.40,51.16,2,0.44,57,0,0.00,0,0.00,99,0,0.00,0.00,40,59,47,99,0,0,0,0,0,48,61,77,75,0,99,98,59,87,0,0,49,99,0,0
Vojtěch Patrák,26,953366400,2000/03/18,First League,2026/2027,Forward,Pardubice,223,99,124,Czech Republic,4,2,2,1,1,0,0,0,0,0,0,0,0,0,4,2,2,1,0,0.4,0,0.4,0.91,0,223,1.61,56,56,223,0,0.4,-1,-1,-1,3,0,6.97,0,69,17.35,10.75,11,43,8.25,33,39,13.32,14,0.00,0.00,1.25,5,0.00,0.75,0.81,0.50,2,0.00,0.50,0.00,0.00,0.00,0.50,0.50,1.00,5.00,2.02,0.50,1.25,0.00,0.75,0.27,0.00,0.50,0.00,0.00,0,0,,5,1.25,78,3,1.21,96,2,0.81,55,2,0,4,26,0.00,99,0,2,0.81,57,3,40,1.21,51,0,0.00,99,0,0.00,0,0,0.00,0,2.02,93,5,2.02,78,2,0.81,40.00,0,0.00,0,0,0,0.00,0,4,0.00,36,1.61,54,N/A,N/A,N/A,N/A,0.00,0,0.00,0,1.08,0.00,0,76.74,60.00,91,99,0.00,0.00,0,75,51,0,0,0,0.00,0.00,0,45,27.88,1.00,1.61,4,0,0.00,0.00,99,0.00,0,0,0,0.00,0.00,0,0.00,0.00,0.00,0.00,0,0,20.00,83,9,12,74,38,0.24,53,0.06,0.10,1.08,93,0.27,0.44,98,9,2.25,3.63,2.02,1.25,83,5,0.44,92,76,56,88,0,66,46,0,0.00,99,2,0.00,0.81,11.70,7.25,29,15,85,82,6.05,3.75,51.72,2,0.81,38,0,0.00,0,0.00,99,0,0.00,0.00,40,41,47,86,0,0,0,0,0,78,88,77,97,0,99,18,62,83,1,25,87,10,0,0
Vojtěch Smrž,29,853747200,1997/01/20,First League,2026/2027,Midfielder,Bohemians 1905,478,210,268,Czech Republic,7,3,4,0,0,0,1,1,0,0,0,3,2,1,7,1,6,2,0,0.19,0.19,0,0,0,0,1.32,68,68,239,478,0.38,184,47,-1,16,0,6.71,0.14,77,28.91,22.17,38,133,16.00,96,24,20.87,33,0.00,0.00,1.00,6,0.00,1.17,1.74,1.33,8,0.00,0.17,0.00,0.00,0.00,1.17,0.67,1.17,0.00,1.74,1.00,1.17,0.00,0.33,0.09,0.00,0.33,0.00,0.00,0,0,,8,1.33,73,2,0.43,64,6,1.30,77,1,0,6,67,0.00,99,0,7,1.52,89,7,71,1.52,58,0,0.00,99,0,0.00,0,0,0.00,0,1.30,75,7,1.52,67,4,0.87,57.14,0,0.00,0,0,0,0.00,0,7,0.00,49,1.52,52,N/A,N/A,N/A,N/A,0.00,0,0.00,0,0.51,0.00,0,72.18,25.00,53,35,0.50,0.65,3,77,73,0,0,0,0.00,0.00,0,45,40.28,0.67,0.87,4,0,0.00,0.00,99,0.00,0,0,0,0.00,0.00,0,0.00,0.00,0.00,0.00,0,0,0.00,62,58,89,61,49,0.48,53,0.08,0.10,0.51,53,0.09,0.11,28,3,0.50,0.65,1.74,1.33,73,8,0.11,52,40,30,88,0,66,25,0,0.00,99,2,0.00,0.43,7.39,5.67,34,17,35,28,3.70,2.83,50.00,1,0.22,75,0,28.57,0,0.00,99,2,0.33,0.43,64,78,47,62,0,0,0,0,0,55,61,77,75,0,99,87,64,80,2,29,93,42,0,0
Vojtech Stransky,23,1047542400,2003/03/13,First League,2026/2027,Midfielder,Slovan Liberec,264,151,113,Czech Republic,8,4,4,1,1,0,0,0,0,0,0,4,2,2,2,1,1,3,0,0.34,0,0.34,0.6,0,264,0.68,132,33,88,0,1.02,-1,-1,-1,5,0,5.72,0,69,29.28,9.71,40,68,7.14,50,27,21.53,36,0.00,0.00,0.14,1,0.00,0.86,1.72,0.57,4,0.00,0.14,0.00,0.00,0.00,0.57,0.00,0.29,0.00,3.44,0.86,0.14,0.00,0.29,0.09,0.00,0.43,0.00,0.00,0,0,,8,1.14,97,2,0.86,87,6,2.58,97,3,5,2,67,0.00,99,0,4,1.72,96,6,49,2.58,73,0,0.00,99,0,0.00,0,0,0.00,0,0.43,30,1,0.43,25,0,0.00,0.00,0,0.00,0,0,0,0.00,0,2,0.00,87,0.86,21,N/A,N/A,N/A,N/A,0.00,0,0.00,0,0.63,0.00,0,73.53,25.00,53,8,0.43,1.29,3,23,23,0,0,0,0.29,0.86,2,94,40.06,0.86,2.58,6,0,0.00,0.00,99,0.00,0,0,0,0.00,0.00,0,0.00,0.00,0.00,0.00,0,0,0.00,62,14,99,76,87,0.17,32,0.02,0.07,0.63,77,0.09,0.27,78,4,0.57,1.72,2.15,0.71,85,5,0.27,77,3,73,88,0,66,64,0,0.00,99,3,0.00,1.29,10.33,3.43,24,11,56,70,4.74,1.57,45.83,1,0.43,58,0,16.67,0,0.00,99,1,0.14,0.43,64,8,99,95,0,0,0,0,0,75,85,77,90,0,99,95,45,99,2,25,87,12,0,0
Vojtěch Sychra,24,1007107200,2001/11/30,First League,2026/2027,Midfielder,Slovan Liberec,0,0,0,Czech Republic,0,0,0,0,0,0,0,0,0,0,0,0,0,0,0,0,0,0,0,0,0,0,0,0,0,0,0,0,0,0,0,-1,-1,-1,-1,N/A,N/A,N/A,N/A,N/A,N/A,N/A,N/A,N/A,N/A,N/A,N/A,N/A,N/A,N/A,N/A,N/A,N/A,N/A,N/A,N/A,N/A,N/A,N/A,N/A,N/A,N/A,N/A,N/A,N/A,N/A,N/A,N/A,N/A,N/A,N/A,N/A,N/A,N/A,N/A,N/A,N/A,N/A,N/A,N/A,N/A,N/A,N/A,N/A,N/A,N/A,N/A,N/A,N/A,N/A,N/A,N/A,N/A,N/A,N/A,N/A,N/A,N/A,N/A,N/A,N/A,N/A,N/A,N/A,N/A,N/A,N/A,N/A,N/A,N/A,N/A,N/A,N/A,N/A,N/A,N/A,N/A,N/A,N/A,N/A,N/A,N/A,N/A,N/A,N/A,N/A,N/A,N/A,N/A,N/A,N/A,N/A,N/A,N/A,N/A,N/A,N/A,N/A,N/A,N/A,N/A,N/A,N/A,N/A,N/A,N/A,N/A,N/A,N/A,N/A,N/A,N/A,N/A,N/A,N/A,N/A,N/A,N/A,N/A,N/A,N/A,N/A,N/A,N/A,N/A,N/A,N/A,N/A,N/A,N/A,N/A,N/A,N/A,N/A,N/A,N/A,N/A,N/A,N/A,N/A,N/A,N/A,N/A,N/A,N/A,N/A,N/A,N/A,N/A,N/A,N/A,N/A,N/A,N/A,N/A,N/A,N/A,N/A,N/A,N/A,N/A,N/A,N/A,N/A,N/A,N/A,N/A,N/A,N/A,N/A,N/A,N/A,N/A,N/A,N/A,N/A,N/A,N/A,N/A,N/A,N/A,N/A,N/A,N/A,N/A,N/A,N/A,N/A,N/A,N/A,N/A,N/A,N/A,N/A,N/A,N/A,N/A,N/A,N/A,N/A,N/A,N/A,N/A,N/A,N/A,N/A,N/A,N/A,N/A,N/A,N/A,N/A,N/A,N/A,N/A,N/A,N/A,N/A,N/A
Vojtěch Vorel,30,835081200,1996/06/18,First League,2026/2027,Goalkeeper,Mladá Boleslav,0,0,0,Czech Republic,0,0,0,0,0,0,0,0,0,0,0,0,0,0,0,0,0,0,0,0,0,0,0,0,0,0,0,0,0,0,0,-1,-1,-1,-1,N/A,N/A,N/A,N/A,N/A,N/A,N/A,N/A,N/A,N/A,N/A,N/A,N/A,N/A,N/A,N/A,N/A,N/A,N/A,N/A,N/A,N/A,N/A,N/A,N/A,N/A,N/A,N/A,N/A,N/A,N/A,N/A,N/A,N/A,N/A,N/A,N/A,N/A,N/A,N/A,N/A,N/A,N/A,N/A,N/A,N/A,N/A,N/A,N/A,N/A,N/A,N/A,N/A,N/A,N/A,N/A,N/A,N/A,N/A,N/A,N/A,N/A,N/A,N/A,N/A,N/A,N/A,N/A,N/A,N/A,N/A,N/A,N/A,N/A,N/A,N/A,N/A,N/A,N/A,N/A,N/A,N/A,N/A,N/A,N/A,N/A,N/A,N/A,N/A,N/A,N/A,N/A,N/A,N/A,N/A,N/A,N/A,N/A,N/A,N/A,N/A,N/A,N/A,N/A,N/A,N/A,N/A,N/A,N/A,N/A,N/A,N/A,N/A,N/A,N/A,N/A,N/A,N/A,N/A,N/A,N/A,N/A,N/A,N/A,N/A,N/A,N/A,N/A,N/A,N/A,N/A,N/A,N/A,N/A,N/A,N/A,N/A,N/A,N/A,N/A,N/A,N/A,N/A,N/A,N/A,N/A,N/A,N/A,N/A,N/A,N/A,N/A,N/A,N/A,N/A,N/A,N/A,N/A,N/A,N/A,N/A,N/A,N/A,N/A,N/A,N/A,N/A,N/A,N/A,N/A,N/A,N/A,N/A,N/A,N/A,N/A,N/A,N/A,N/A,N/A,N/A,N/A,N/A,N/A,N/A,N/A,N/A,N/A,N/A,N/A,N/A,N/A,N/A,N/A,N/A,N/A,N/A,N/A,N/A,N/A,N/A,N/A,N/A,N/A,N/A,N/A,N/A,N/A,N/A,N/A,N/A,N/A,N/A,N/A,N/A,N/A,N/A,N/A,N/A,N/A,N/A,N/A,N/A,N/A
Vukadin Vukadinovic,35,661161600,1990/12/14,First League,2026/2027,Forward,Líšeň,29,29,0,Serbia,2,2,0,0,0,0,0,0,0,0,0,0,0,0,1,1,0,0,0,0,0,0,0,0,0,3.1,29,15,0,0,0,-1,-1,-1,9,0,6.49,0,69,37.24,6.00,63,12,4.50,9,33,27.93,60,0.00,0.00,0.50,1,0.00,0.50,0.00,0.00,0,0.00,0.00,0.00,0.00,0.00,0.00,0.50,0.50,0.00,0.00,0.00,0.50,0.00,0.00,0.00,0.00,0.00,0.00,0.00,0,0,,0,0.00,13,0,0.00,32,0,0.00,17,0,2,0,7,0.00,99,0,0,0.00,20,1,40,3.10,78,0,0.00,99,0,0.00,0,0,0.00,0,3.10,98,1,3.10,90,1,3.10,100.00,0,0.00,0,0,0,0.00,0,1,0.00,1,3.10,93,N/A,N/A,N/A,N/A,0.00,0,0.00,0,0.00,0.00,0,75.00,0.00,32,0,1.00,6.21,2,99,99,0,0,0,0.00,0.00,0,45,12.98,0.00,0.00,0,0,0.00,0.00,99,0.00,0,0,0,0.00,0.00,0,0.00,0.00,6.21,1.00,2,0,0.00,62,0,0,61,1,0.06,73,0.03,0.19,0.00,13,0.00,0.00,4,0,0.00,0.00,0.00,0.00,7,0,0.00,13,13,3,88,0,99,8,0,0.00,99,0,0.00,0.00,9.31,1.50,3,1,25,52,3.10,0.50,33.33,0,0.00,99,0,0.00,0,0.00,99,0,0.00,0.00,40,0,85,23,0,0,0,0,0,48,61,77,75,0,99,18,44,44,0,0,49,77,0,0
Wiktor Nowak,21,1095663600,2004/09/20,First League,2026/2027,Midfielder,Slavia Praha,442,242,200,Poland,7,4,3,4,2,2,1,1,0,0,0,3,1,2,3,3,0,2,0,1.02,0.2,0.81,0.74,0.9,111,0.61,147,63,221,442,0.41,6,45,-1,1,0,7.18,0.14,78,23.42,16.43,24,115,12.86,90,48,18.33,26,0.00,0.00,1.14,8,0.00,0.57,1.02,0.71,5,0.00,0.00,0.00,0.00,0.00,0.00,0.71,0.43,3.00,2.44,1.14,1.71,0.00,0.57,0.47,0.00,0.86,0.00,0.00,0,0,,12,1.71,88,4,0.81,84,8,1.63,85,1,1,6,38,0.00,99,0,0,0.00,20,4,95,0.81,46,0,0.00,99,0,0.00,0,0,0.00,0,1.63,84,12,2.44,83,5,1.02,41.67,0,0.00,0,0,0,0.00,0,3,0.00,90,0.61,10,N/A,N/A,N/A,N/A,0.00,0,0.00,0,3.29,0.00,0,78.26,33.33,68,57,0.29,0.41,2,84,52,0,0,0,0.14,0.20,1,54,50.25,1.29,1.83,9,0,0.00,0.00,99,0.00,0,0,1,0.14,0.20,0,0.00,0.00,0.00,0.00,0,0,33.33,93,50,89,64,90,1.06,77,0.15,0.22,3.29,98,0.47,0.67,65,7,1.00,1.43,1.63,1.14,68,8,0.67,98,94,61,91,0,66,63,0,0.00,99,6,0.00,1.22,9.37,6.57,46,23,53,54,4.68,3.29,50.00,0,0.00,99,0,50.00,0,0.00,99,2,0.29,0.41,63,78,70,62,0,1,0,14,0,98,98,98,94,0,99,87,61,84,2,29,93,30,0,0
Yevhen Skyba,23,1048579200,2003/03/25,First League,2026/2027,Defender,Baník Ostrava,493,180,313,Ukraine,6,2,4,0,0,0,0,0,0,0,0,2,1,1,11,3,8,2,1,0,0,0,0,0,0,2.01,45,82,164,0,0.55,153,153,72,18,0,6.47,0,69,46.19,42.17,82,253,35.67,214,71,39.07,83,0.00,0.00,0.33,2,0.00,1.83,1.83,1.67,10,0.00,0.00,0.00,0.00,0.00,1.17,0.67,2.00,0.00,0.18,0.17,1.17,0.00,0.00,0.01,0.00,1.67,0.00,0.00,0,0,,1,0.17,16,0,0.00,32,1,0.18,22,0,0,6,72,0.00,99,0,7,1.28,83,11,66,2.01,67,0,0.00,99,0,0.00,0,0,0.00,0,0.37,27,7,1.28,60,4,0.73,57.14,0,0.00,0,0,0,0.00,0,12,0.00,18,2.19,81,N/A,N/A,N/A,N/A,0.00,0,0.00,0,0.05,0.00,0,84.58,0.00,32,15,1.00,1.10,6,70,73,0,0,0,0.67,0.73,4,89,38.83,3.50,3.83,21,0,0.00,0.00,99,0.00,0,0,0,0.00,0.00,0,0.00,0.00,0.00,0.00,0,0,0.00,62,61,48,61,18,0.59,57,0.10,0.11,0.05,18,0.01,0.01,51,6,1.00,1.10,1.83,1.67,76,10,0.01,17,11,80,88,0,66,77,0,0.00,99,10,0.00,1.83,10.77,9.83,59,30,70,74,5.48,5.00,50.85,0,0.00,99,0,27.27,0,0.00,99,3,0.50,0.55,71,78,47,23,0,0,0,0,0,48,61,77,75,0,99,73,51,94,1,17,77,44,0,0
Youssoupha Sanyang,21,1125471600,2005/08/31,First League,2026/2027,Forward,Líšeň,44,0,44,Gambia,1,0,1,0,0,0,0,0,0,0,0,0,0,0,0,0,0,0,0,0,0,0,0,0,0,0,0,44,0,0,0,-1,-1,-1,8,N/A,N/A,N/A,N/A,N/A,N/A,N/A,N/A,N/A,N/A,N/A,N/A,N/A,N/A,N/A,N/A,N/A,N/A,N/A,N/A,N/A,N/A,N/A,N/A,N/A,N/A,N/A,N/A,N/A,N/A,N/A,N/A,N/A,N/A,N/A,N/A,N/A,N/A,N/A,N/A,N/A,N/A,N/A,N/A,N/A,N/A,N/A,N/A,N/A,N/A,N/A,N/A,N/A,N/A,N/A,N/A,N/A,N/A,N/A,N/A,N/A,N/A,N/A,N/A,N/A,N/A,N/A,N/A,N/A,N/A,N/A,N/A,N/A,N/A,N/A,N/A,N/A,N/A,N/A,N/A,N/A,N/A,N/A,N/A,N/A,N/A,N/A,N/A,N/A,N/A,N/A,N/A,N/A,N/A,N/A,N/A,N/A,N/A,N/A,N/A,N/A,N/A,N/A,N/A,N/A,N/A,N/A,N/A,N/A,N/A,N/A,N/A,N/A,N/A,N/A,N/A,N/A,N/A,N/A,N/A,N/A,N/A,N/A,N/A,N/A,N/A,N/A,N/A,N/A,N/A,N/A,N/A,N/A,N/A,N/A,N/A,N/A,N/A,N/A,N/A,N/A,N/A,N/A,N/A,N/A,N/A,N/A,N/A,N/A,N/A,N/A,N/A,N/A,N/A,N/A,N/A,N/A,N/A,N/A,N/A,N/A,N/A,N/A,N/A,N/A,N/A,N/A,N/A,N/A,N/A,N/A,N/A,N/A,N/A,N/A,N/A,N/A,N/A,N/A,N/A,N/A,N/A,N/A,N/A,N/A,N/A,N/A,N/A,N/A,N/A,N/A,N/A,N/A,N/A,N/A,N/A,N/A,N/A,N/A,N/A,N/A,N/A,N/A,N/A,N/A,N/A,N/A,N/A,N/A,N/A,N/A,N/A,N/A,N/A,N/A,N/A,N/A,N/A,N/A,N/A,N/A,N/A,N/A,N/A
