full_name,age,birthday,birthday_GMT,league,season,position,Current Club,minutes_played_overall,minutes_played_home,minutes_played_away,nationality,appearances_overall,appearances_home,appearances_away,goals_overall,goals_home,goals_away,assists_overall,assists_home,assists_away,penalty_goals,penalty_misses,clean_sheets_overall,clean_sheets_home,clean_sheets_away,conceded_overall,conceded_home,conceded_away,yellow_cards_overall,red_cards_overall,goals_involved_per_90_overall,assists_per_90_overall,goals_per_90_overall,goals_per_90_home,goals_per_90_away,min_per_goal_overall,conceded_per_90_overall,min_per_conceded_overall,min_per_match,min_per_card_overall,min_per_assist_overall,cards_per_90_overall,rank_in_league_top_attackers,rank_in_league_top_midfielders,rank_in_league_top_defenders,rank_in_club_top_scorer,annual_salary_eur,average_rating_overall,assists_per_game_overall,assists_per90_percentile_overall,passes_per_90_overall,passes_per_game_overall,passes_per90_percentile_overall,passes_total_overall,passes_completed_per_game_overall,passes_completed_total_overall,pass_completion_rate_percentile_overall,passes_completed_per_90_overall,passes_completed_per90_percentile_overall,short_passes_per_game_overall,long_passes_per_game_overall,key_passes_per_game_overall,key_passes_total_overall,through_passes_per_game_overall,crosses_per_game_overall,tackles_per_90_overall,tackles_per_game_overall,tackles_total_overall,tackles_successful_per_game_overall,dispossesed_per_game_overall,possession_regained_per_game_overall,pressures_per_game_overall,saves_per_game_overall,interceptions_per_game_overall,dribbles_successful_per_game_overall,shots_faced_per_game_overall,shots_per_goal_scored_overall,shots_per_90_overall,shots_off_target_per_game_overall,dribbles_per_game_overall,distance_travelled_per_game_overall,shots_on_target_per_game_overall,xg_per_game_overall,chances_created_per_game_overall,aerial_duels_won_per_game_overall,aerial_duels_per_game_overall,possession_regained_per_90_overall,possession_regained_total_overall,possession_regained_per90_percentile_overall,additional_info,shots_total_overall,shots_per_game_overall,shots_per90_percentile_overall,shots_on_target_total_overall,shots_on_target_per_90_overall,shots_on_target_per90_percentile_overall,shots_off_target_total_overall,shots_off_target_per_90_overall,shots_off_target_per90_percentile_overall,games_subbed_out,games_subbed_in,games_started,tackles_per90_percentile_overall,tackles_successful_per_90_overall,tackles_successful_per90_percentile_overall,tackles_successful_total_overall,interceptions_total_overall,interceptions_per_90_overall,interceptions_per90_percentile_overall,crosses_total_overall,cross_completion_rate_percentile_overall,crosses_per_90_overall,crosses_per90_percentile_overall,through_passes_total_overall,through_passes_per_90_overall,through_passes_per90_percentile_overall,long_passes_total_overall,long_passes_per_90_overall,long_passes_per90_percentile_overall,short_passes_total_overall,short_passes_per_90_overall,short_passes_per90_percentile_overall,key_passes_per_90_overall,key_passes_per90_percentile_overall,dribbles_total_overall,dribbles_per_90_overall,dribbles_per90_percentile_overall,dribbles_successful_total_overall,dribbles_successful_per_90_overall,dribbles_successful_percentage_overall,chances_created_total_overall,chances_created_per_90_overall,chances_created_per90_percentile_overall,saves_total_overall,save_percentage_percentile_overall,saves_per_90_overall,saves_per90_percentile_overall,shots_faced_total_overall,shots_per_goal_conceded_overall,conceded_per90_percentile_overall,shots_faced_per_90_overall,shots_faced_per90_percentile_overall,xg_faced_per_90_overall,xg_faced_per90_percentile_overall,xg_faced_per_game_overall,xg_faced_total_overall,save_percentage_overall,pressures_total_overall,pressures_per_90_overall,pressures_per90_percentile_overall,xg_total_overall,market_value,market_value_percentile,pass_completion_rate_overall,shot_accuraccy_percentage_overall,shot_accuraccy_percentage_percentile_overall,dribbled_past_per90_percentile_overall,dribbled_past_per_game_overall,dribbled_past_per_90_overall,dribbled_past_total_overall,dribbles_successful_per90_percentile_overall,dribbles_successful_percentage_percentile_overall,pen_scored_total_overall,pen_missed_total_overall,inside_box_saves_total_overall,blocks_per_game_overall,blocks_per_90_overall,blocks_total_overall,blocks_per90_percentile_overall,ratings_total_overall,clearances_per_game_overall,clearances_per_90_overall,clearances_total_overall,pen_committed_total_overall,pen_save_percentage_overall,pen_committed_per_90_overall,pen_committed_per90_percentile_overall,pen_committed_per_game_overall,pens_saved_total_overall,pens_taken_total_overall,hit_woodwork_total_overall,hit_woodwork_per_game_overall,hit_woodwork_per_90_overall,punches_total_overall,punches_per_game_overall,punches_per_90_overall,offsides_per_90_overall,offsides_per_game_overall,offsides_total_overall,penalties_won_total_overall,shot_conversion_rate_overall,shot_conversion_rate_percentile_overall,minutes_played_percentile_overall,matches_played_percentile_overall,min_per_goal_percentile_overall,min_per_conceded_percentile_overall,xa_total_overall,xa_per90_percentile_overall,xa_per_game_overall,xa_per_90_overall,npxg_total_overall,npxg_per90_percentile_overall,npxg_per_game_overall,npxg_per_90_overall,fouls_drawn_per90_percentile_overall,fouls_drawn_total_overall,fouls_drawn_per_game_overall,fouls_drawn_per_90_overall,fouls_committed_per_90_overall,fouls_committed_per_game_overall,fouls_committed_per90_percentile_overall,fouls_committed_total_overall,xg_per_90_overall,xg_per90_percentile_overall,average_rating_percentile_overall,clearances_per90_percentile_overall,hit_woodwork_per90_percentile_overall,punches_per90_percentile_overall,offsides_per90_percentile_overall,aerial_duels_won_per90_percentile_overall,aerial_duels_total_overall,aerial_duels_per_90_overall,aerial_duels_per90_percentile_overall,aerial_duels_won_total_overall,aerial_duels_won_percentage_overall,aerial_duels_won_per_90_overall,duels_per_90_overall,duels_per_game_overall,duels_total_overall,duels_won_total_overall,duels_won_per90_percentile_overall,duels_per90_percentile_overall,duels_won_per_90_overall,duels_won_per_game_overall,duels_won_percentage_overall,dispossesed_total_overall,dispossesed_per_90_overall,dispossesed_per90_percentile_overall,progressive_passes_total_overall,cross_completion_rate_overall,distance_travelled_total_overall,distance_travelled_per_90_overall,distance_travelled_per90_percentile_overall,accurate_crosses_total_overall,accurate_crosses_per_game_overall,accurate_crosses_per_90_overall,accurate_crosses_per90_percentile_overall,games_started_percentile_overall,games_subbed_in_percentile_overall,games_subbed_out_percentile_overall,hattricks_total_overall,two_goals_in_a_game_total_overall,three_goals_in_a_game_total_overall,two_goals_in_a_game_percentage_overall,three_goals_in_a_game_percentage_overall,goals_involved_per90_percentile_overall,goals_per90_percentile_overall,goals_per90_percentile_away,goals_per90_percentile_home,man_of_the_match_total_overall,annual_salary_eur_percentile,clean_sheets_percentage_percentile_overall,min_per_card_percentile_overall,cards_per90_percentile_overall,booked_over05_overall,booked_over05_percentage_overall,booked_over05_percentage_percentile_overall,shirt_number,annual_salary_gbp,annual_salary_usd
,36,615884400,1989/07/08,Superliga,2025/2026,Midfielder,Randers,0,0,0,China,0,0,0,0,0,0,0,0,0,0,0,0,0,0,0,0,0,0,0,0,0,0,0,0,0,0,0,0,0,0,0,-1,-1,-1,21,N/A,N/A,N/A,N/A,N/A,N/A,N/A,N/A,N/A,N/A,N/A,N/A,N/A,N/A,N/A,N/A,N/A,N/A,N/A,N/A,N/A,N/A,N/A,N/A,N/A,N/A,N/A,N/A,N/A,N/A,N/A,N/A,N/A,N/A,N/A,N/A,N/A,N/A,N/A,N/A,N/A,N/A,N/A,N/A,N/A,N/A,N/A,N/A,N/A,N/A,N/A,N/A,N/A,N/A,N/A,N/A,N/A,N/A,N/A,N/A,N/A,N/A,N/A,N/A,N/A,N/A,N/A,N/A,N/A,N/A,N/A,N/A,N/A,N/A,N/A,N/A,N/A,N/A,N/A,N/A,N/A,N/A,N/A,N/A,N/A,N/A,N/A,N/A,N/A,N/A,N/A,N/A,N/A,N/A,N/A,N/A,N/A,N/A,N/A,N/A,N/A,N/A,N/A,N/A,N/A,N/A,N/A,N/A,N/A,N/A,N/A,N/A,N/A,N/A,N/A,N/A,N/A,N/A,N/A,N/A,N/A,N/A,N/A,N/A,N/A,N/A,N/A,N/A,N/A,N/A,N/A,N/A,N/A,N/A,N/A,N/A,N/A,N/A,N/A,N/A,N/A,N/A,N/A,N/A,N/A,N/A,N/A,N/A,N/A,N/A,N/A,N/A,N/A,N/A,N/A,N/A,N/A,N/A,N/A,N/A,N/A,N/A,N/A,N/A,N/A,N/A,N/A,N/A,N/A,N/A,N/A,N/A,N/A,N/A,N/A,N/A,N/A,N/A,N/A,N/A,N/A,N/A,N/A,N/A,N/A,N/A,N/A,N/A,N/A,N/A,N/A,N/A,N/A,N/A,N/A,N/A,N/A,N/A,N/A,N/A,N/A,N/A,N/A,N/A,N/A,N/A,N/A,N/A,N/A,N/A,N/A,N/A,N/A,N/A,N/A,N/A,N/A,N/A,N/A,N/A,N/A,N/A,N/A,N/A
Abdou Aziz Ndiaye,17,1226995200,2008/11/18,Superliga,2025/2026,Midfielder,Midtjylland,53,53,0,Senegal,1,1,0,0,0,0,0,0,0,0,0,0,0,0,0,0,0,0,0,0,0,0,0,0,0,0,0,53,0,0,0,-1,-1,-1,29,0,1.76,0,32,22.08,3.25,17,13,3.00,12,98,20.38,25,0.00,0.00,0.25,1,0.00,0.00,1.70,0.25,1,0.00,0.25,0.00,0.00,0.00,0.25,0.25,0.00,0.00,3.40,0.25,0.50,0.00,0.25,0.04,0.00,0.25,0.00,0.00,0,0,,2,0.50,97,1,1.70,98,1,1.70,93,6,0,1,60,0.00,99,0,1,1.70,93,0,27,0.00,11,0,0.00,99,0,0.00,0,0,0.00,0,1.70,90,2,3.40,89,1,1.70,50.00,0,0.00,0,0,0,0.00,0,0,0.00,99,0.00,0,N/A,N/A,N/A,N/A,0.00,0,0.00,0,0.18,0.00,0,92.31,50.00,88,0,0.50,3.40,2,93,64,0,0,0,0.00,0.00,0,22,7.03,0.50,3.40,2,0,0.00,0.00,99,0.00,0,0,0,0.00,0.00,0,0.00,0.00,1.70,0.25,1,0,0.00,33,0,0,30,0,0.07,33,0.02,0.12,0.18,78,0.04,0.31,85,1,0.25,1.70,1.70,0.25,81,1,0.31,75,1,81,64,0,99,76,0,0.00,99,1,0.00,1.70,15.28,2.25,9,4,94,98,6.79,1.00,44.44,1,1.70,14,0,0.00,0,0.00,99,0,0.00,0.00,27,0,21,88,0,0,0,0,0,15,30,49,43,0,12,3,16,16,0,0,18,34,0,0
Abdoulaye Camara,22,1079510400,2004/03/17,Superliga,2025/2026,Forward,Vejle,639,352,287,France,19,8,11,1,1,0,0,0,0,0,0,2,1,1,11,7,4,0,0,0.14,0,0.14,0.26,0,639,1.55,58,34,0,0,0,107,215,-1,10,148200,4.19,0,32,19.02,5.27,10,116,3.50,77,3,12.62,8,0.00,0.00,0.14,3,0.00,0.64,1.64,0.45,10,0.00,0.23,0.00,0.00,0.00,0.09,0.41,0.59,0.00,1.80,0.45,0.68,0.00,0.05,0.02,0.00,0.36,0.00,0.00,0,0,,11,0.50,69,1,0.16,30,10,1.64,92,2,13,6,57,0.00,99,0,2,0.33,20,14,78,2.30,75,0,0.00,99,0,0.00,0,0,0.00,0,0.49,30,15,2.46,79,9,1.48,60.00,0,0.00,0,0,0,0.00,0,13,0.00,39,2.13,87,N/A,N/A,N/A,N/A,0.00,0,0.00,0,0.54,0.00,0,66.38,9.09,14,21,0.27,0.98,6,87,81,0,0,0,0.00,0.00,0,22,92.12,0.18,0.66,4,0,0.00,0.00,99,0.00,0,0,0,0.00,0.00,0,0.00,0.00,0.49,0.14,3,0,0.00,33,17,33,70,39,0.27,4,0.01,0.04,0.54,42,0.02,0.09,31,4,0.18,0.66,1.97,0.55,92,12,0.09,41,9,12,64,0,90,69,0,0.00,99,8,0.00,1.31,13.44,3.73,82,31,64,91,5.08,1.41,37.80,5,0.82,49,0,28.57,0,0.00,99,4,0.18,0.66,82,19,91,44,0,0,0,0,0,40,61,49,74,0,49,20,16,16,0,0,18,20,N/A,N/A
Abdul Hakim Sulemana,21,1108800000,2005/02/19,Superliga,2025/2026,Forward,Randers,1,0,1,Ghana,1,0,1,0,0,0,0,0,0,0,0,0,0,0,0,0,0,0,0,0,0,0,0,0,0,0,0,1,0,0,0,-1,-1,-1,18,0,0.00,0,32,450.00,2.50,99,5,2.50,5,99,450.00,99,0.00,0.00,0.00,0,0.00,0.00,0.00,0.00,0,0.00,0.50,0.00,0.00,0.00,0.00,0.00,0.00,0.00,0.00,0.00,0.00,0.00,0.00,0.00,0.00,0.00,0.00,0.00,0,0,,0,0.00,8,0,0.00,12,0,0.00,9,0,1,0,4,0.00,99,0,0,0.00,6,0,27,0.00,11,0,0.00,99,0,0.00,0,0,0.00,0,0.00,7,0,0.00,9,0,0.00,0.00,0,0.00,0,0,0,0.00,0,0,0.00,99,0.00,0,N/A,N/A,N/A,N/A,0.00,0,0.00,0,0.00,0.00,0,100.00,0.00,12,99,0.00,0.00,0,11,11,0,0,0,0.00,0.00,0,22,0.00,0.00,0.00,0,0,0.00,0.00,99,0.00,0,0,0,0.00,0.00,0,0.00,0.00,0.00,0.00,0,0,0.00,33,0,0,30,0,0.01,99,0.01,0.90,0.00,9,0.00,0.00,1,0,0.00,0.00,0.00,0.00,6,0,0.00,8,0,1,64,0,39,2,0,0.00,99,0,0.00,0.00,90.00,0.50,1,0,0,99,0.00,0.00,0.00,1,90.00,0,0,0.00,0,0.00,99,0,0.00,0.00,27,0,31,11,0,0,0,0,0,15,30,49,43,0,12,3,16,16,0,0,18,20,0,0
Adam Buksa,29,837154800,1996/07/12,Superliga,2025/2026,Forward,Midtjylland,209,119,90,Poland,3,2,1,1,1,0,0,0,0,0,0,1,0,1,5,5,0,0,0,0.43,0,0.43,0.76,0,209,2.15,42,70,0,0,0,-1,-1,-1,20,0,6.96,0,32,18.09,14.00,7,42,9.33,28,4,12.06,7,0.00,0.00,1.00,3,0.00,0.33,0.00,0.00,0,0.00,0.67,0.00,0.00,0.00,0.00,0.33,0.00,4.00,1.72,0.67,0.67,0.00,0.67,0.31,0.00,3.67,0.00,0.00,0,0,,4,1.33,68,2,0.86,78,2,0.86,59,5,1,2,4,0.00,99,0,0,0.00,6,1,27,0.43,34,0,0.00,99,0,0.00,0,0,0.00,0,1.29,74,2,0.86,41,1,0.43,50.00,0,0.00,0,0,0,0.00,0,0,0.00,7,0.00,0,N/A,N/A,N/A,N/A,0.00,0,0.00,0,0.94,0.00,0,66.67,50.00,88,66,0.33,0.43,1,42,64,0,0,0,0.33,0.43,1,75,20.87,0.33,0.43,1,0,0.00,0.00,99,0.00,0,0,0,0.00,0.00,0,0.00,0.00,0.86,0.67,2,0,25.00,96,0,0,37,7,0.18,17,0.06,0.08,0.94,87,0.31,0.40,86,4,1.33,1.72,0.43,0.33,14,1,0.40,84,82,7,64,0,97,99,0,0.00,99,11,0.00,4.74,14.64,11.33,34,16,94,97,6.89,5.33,47.06,2,0.86,47,0,0.00,0,0.00,99,0,0.00,0.00,27,2,31,80,0,0,0,0,0,80,93,49,98,0,12,83,16,16,0,0,18,9,0,0
Adam Gabriel,24,991033200,2001/05/28,Superliga,2025/2026,Defender,Midtjylland,269,202,67,Czech Republic,8,4,4,1,1,0,1,1,0,0,0,2,1,1,4,2,2,0,0,0.67,0.33,0.33,0.45,0,269,1.34,67,34,0,269,0,-1,-1,-1,16,266760,2.49,0.12,97,47.51,7.47,67,142,5.16,98,6,32.79,53,0.00,0.00,0.11,2,0.00,0.47,2.01,0.32,6,0.00,0.16,0.00,0.00,0.00,0.05,0.05,0.16,5.00,1.67,0.16,0.47,0.00,0.11,0.05,0.00,0.26,0.00,0.00,0,0,,5,0.26,67,2,0.67,69,3,1.00,67,5,5,3,74,0.00,99,0,1,0.33,20,9,60,3.01,82,0,0.00,99,0,0.00,0,0,0.00,0,0.67,36,9,3.01,87,1,0.33,11.11,0,0.00,0,0,0,0.00,0,3,0.00,54,1.00,28,N/A,N/A,N/A,N/A,0.00,0,0.00,0,0.99,0.00,0,69.01,40.00,64,99,0.00,0.00,0,35,12,0,0,0,0.21,1.34,4,99,47.24,0.47,3.01,9,0,0.00,0.00,99,0.00,0,0,0,0.00,0.00,0,0.00,0.00,0.00,0.00,0,0,20.00,91,0,5,46,54,0.84,91,0.04,0.28,0.99,78,0.05,0.33,84,5,0.26,1.67,0.67,0.11,22,2,0.33,76,2,78,64,0,39,76,0,0.00,99,5,0.00,1.67,11.04,1.74,33,17,80,71,5.69,0.89,51.52,3,1.00,41,0,22.22,0,0.00,99,2,0.11,0.67,82,2,57,80,0,0,0,0,0,95,84,49,91,0,69,48,16,16,0,0,18,13,N/A,N/A
Adam Kleis-Kristoffersen,17,1216018800,2008/07/14,Superliga,2025/2026,Centre Forward,Viborg,44,41,3,Denmark,3,2,1,0,0,0,0,0,0,0,0,0,0,0,0,0,0,0,0,0,0,0,0,0,0,0,0,15,0,0,0,-1,-1,-1,20,18803,2.62,0,32,14.32,1.40,2,7,1.00,5,12,10.23,3,0.00,0.00,0.40,2,0.00,0.00,0.00,0.00,0,0.00,0.20,0.00,0.00,0.00,0.00,0.00,0.20,0.00,2.05,0.00,0.00,0.00,0.20,0.02,0.00,0.20,0.00,0.00,0,0,,1,0.20,76,1,2.05,99,0,0.00,9,0,3,0,4,0.00,99,0,0,0.00,6,0,27,0.00,11,0,0.00,99,0,0.00,0,0,0.00,0,4.09,99,0,0.00,9,0,0.00,0.00,0,0.00,0,0,0,0.00,0,1,0.00,99,2.05,86,N/A,N/A,N/A,N/A,0.00,0,0.00,0,0.11,0.00,0,71.43,100.00,99,99,0.00,0.00,0,11,11,0,0,0,0.00,0.00,0,22,13.09,0.20,2.05,1,0,0.00,0.00,99,0.00,0,0,0,0.00,0.00,0,0.00,0.00,0.00,0.00,0,0,0.00,33,0,0,30,0,0.10,73,0.02,0.20,0.11,68,0.02,0.23,1,0,0.00,0.00,0.00,0.00,6,0,0.23,67,3,61,64,0,39,85,0,0.00,99,1,0.00,2.05,20.45,2.00,10,1,10,99,2.05,0.20,10.00,1,2.05,7,0,0.00,0,0.00,99,0,0.00,0.00,27,0,45,11,0,0,0,0,0,15,30,49,43,0,12,3,16,16,0,0,18,36,N/A,N/A
Adam Sørensen,25,973929600,2000/11/11,Superliga,2025/2026,Defender,OB,1502,825,677,Denmark,28,14,14,1,1,0,3,2,1,0,0,3,1,2,34,21,13,4,0,0.24,0.18,0.06,0.11,0,1502,2.04,44,54,376,501,0.24,154,57,80,13,326040,5.57,0.11,79,33.39,17.90,37,555,13.10,406,13,24.43,32,0.00,0.00,0.55,17,0.00,2.06,1.99,1.06,33,0.00,0.32,0.00,0.00,0.00,0.90,0.32,0.84,10.00,0.60,0.26,0.77,0.00,0.06,0.04,0.00,0.52,0.00,0.00,0,0,,10,0.32,34,2,0.12,25,8,0.48,41,3,9,19,74,0.00,99,0,28,1.68,93,64,58,3.85,89,0,0.00,99,0,0.00,0,0,0.00,0,1.02,56,24,1.44,59,10,0.60,41.67,0,0.00,0,0,0,0.00,0,26,0.00,11,1.56,68,N/A,N/A,N/A,N/A,0.00,0,0.00,0,1.26,0.00,0,73.15,20.00,22,15,0.58,1.08,18,58,43,0,0,0,0.19,0.36,6,67,172.58,1.23,2.29,38,0,0.00,0.00,99,0.00,0,0,0,0.00,0.00,0,0.00,0.00,0.06,0.03,1,0,10.00,57,56,73,92,12,3.26,73,0.11,0.20,1.26,38,0.04,0.08,15,6,0.19,0.36,0.78,0.42,32,13,0.08,37,24,69,64,0,47,56,0,0.00,99,16,0.00,0.96,7.58,4.06,126,63,35,31,3.79,2.03,50.00,10,0.60,59,0,21.88,0,0.00,99,14,0.45,0.84,88,61,79,61,0,0,0,0,0,57,40,49,56,0,76,20,42,75,4,14,71,3,N/A,N/A
Adam Vikman,22,1071475200,2003/12/15,Superliga,2025/2026,Midfielder,Silkeborg,968,435,533,Sweden,13,7,6,0,0,0,1,1,0,0,0,2,1,1,21,8,13,0,0,0.09,0.09,0,0,0,0,1.95,46,74,0,968,0,182,117,-1,16,0,6.65,0.08,55,62.94,52.08,88,677,46.46,604,91,56.16,89,0.00,0.00,0.31,4,0.00,0.23,2.14,1.77,23,0.00,0.31,0.00,0.00,0.00,0.62,0.00,1.69,0.00,0.28,0.23,0.31,0.00,0.00,0.01,0.00,0.08,0.00,0.00,0,0,,3,0.23,15,0,0.00,12,3,0.28,22,6,0,13,76,0.00,99,0,8,0.74,45,3,27,0.28,27,0,0.00,99,0,0.00,0,0,0.00,0,0.37,24,4,0.37,23,0,0.00,0.00,0,0.00,0,0,0,0.00,0,22,0.00,17,2.05,86,N/A,N/A,N/A,N/A,0.00,0,0.00,0,0.16,0.00,0,89.22,0.00,12,44,0.54,0.65,7,11,11,0,0,0,0.31,0.37,4,69,86.40,1.85,2.23,24,0,0.00,0.00,99,0.00,0,0,0,0.00,0.00,0,0.00,0.00,0.00,0.00,0,0,0.00,33,31,16,30,17,1.91,63,0.15,0.18,0.16,11,0.01,0.01,3,1,0.08,0.09,1.21,1.00,61,13,0.01,11,56,67,64,0,39,3,0,0.00,99,1,0.00,0.09,5.39,4.46,58,25,11,12,2.32,1.92,43.10,4,0.37,73,0,0.00,0,0.00,99,0,0.00,0.00,27,42,21,88,0,0,0,0,0,27,30,49,43,0,12,31,16,16,0,0,18,6,0,0
Agon Mucolli,27,906793200,1998/09/26,Superliga,2025/2026,Forward,Fredericia,686,305,381,Denmark,16,8,8,4,2,2,1,1,0,0,0,2,1,1,19,6,13,1,0,0.66,0.13,0.52,0.59,0.47,172,2.49,36,43,686,686,0.13,6,99,-1,5,119550,6.55,0.06,65,32.62,14.65,36,249,11.29,192,29,25.15,35,0.00,0.00,0.76,13,0.00,1.47,1.18,0.53,9,0.00,1.12,0.00,0.00,0.00,0.06,1.24,1.06,6.25,3.28,0.71,2.18,0.00,0.76,0.27,0.00,0.00,0.00,0.00,0,0,,25,1.47,96,13,1.70,98,12,1.57,90,1,11,5,35,0.00,99,0,1,0.13,9,25,27,3.28,84,0,0.00,99,0,0.00,0,0,0.00,0,1.70,90,37,4.85,96,21,2.75,56.76,0,0.00,0,0,0,0.00,0,18,0.00,2,2.36,91,N/A,N/A,N/A,N/A,0.00,0,0.00,0,4.66,0.00,0,77.11,52.00,88,27,0.41,0.92,7,99,74,0,0,0,0.00,0.00,0,22,111.42,0.41,0.92,7,0,0.00,0.00,99,0.00,0,0,2,0.12,0.26,0,0.00,0.00,0.52,0.24,4,0,16.00,78,19,25,32,2,1.49,73,0.09,0.20,4.66,99,0.27,0.61,22,4,0.24,0.52,0.66,0.29,21,5,0.61,98,51,24,99,0,91,2,0,0.00,99,0,0.00,0.00,10.48,4.71,80,34,49,65,4.45,2.00,42.50,19,2.49,2,0,4.00,0,0.00,99,1,0.06,0.13,42,14,86,27,0,1,0,6,0,95,98,93,96,0,37,27,68,50,1,6,37,98,N/A,N/A
Alamara Viriato Djabi,19,1159426800,2006/09/28,Superliga,2025/2026,Midfielder,Midtjylland,0,0,0,Guinea-Bissau,0,0,0,0,0,0,0,0,0,0,0,0,0,0,0,0,0,0,0,0,0,0,0,0,0,0,0,0,0,0,0,-1,-1,-1,-1,N/A,N/A,N/A,N/A,N/A,N/A,N/A,N/A,N/A,N/A,N/A,N/A,N/A,N/A,N/A,N/A,N/A,N/A,N/A,N/A,N/A,N/A,N/A,N/A,N/A,N/A,N/A,N/A,N/A,N/A,N/A,N/A,N/A,N/A,N/A,N/A,N/A,N/A,N/A,N/A,N/A,N/A,N/A,N/A,N/A,N/A,N/A,N/A,N/A,N/A,N/A,N/A,N/A,N/A,N/A,N/A,N/A,N/A,N/A,N/A,N/A,N/A,N/A,N/A,N/A,N/A,N/A,N/A,N/A,N/A,N/A,N/A,N/A,N/A,N/A,N/A,N/A,N/A,N/A,N/A,N/A,N/A,N/A,N/A,N/A,N/A,N/A,N/A,N/A,N/A,N/A,N/A,N/A,N/A,N/A,N/A,N/A,N/A,N/A,N/A,N/A,N/A,N/A,N/A,N/A,N/A,N/A,N/A,N/A,N/A,N/A,N/A,N/A,N/A,N/A,N/A,N/A,N/A,N/A,N/A,N/A,N/A,N/A,N/A,N/A,N/A,N/A,N/A,N/A,N/A,N/A,N/A,N/A,N/A,N/A,N/A,N/A,N/A,N/A,N/A,N/A,N/A,N/A,N/A,N/A,N/A,N/A,N/A,N/A,N/A,N/A,N/A,N/A,N/A,N/A,N/A,N/A,N/A,N/A,N/A,N/A,N/A,N/A,N/A,N/A,N/A,N/A,N/A,N/A,N/A,N/A,N/A,N/A,N/A,N/A,N/A,N/A,N/A,N/A,N/A,N/A,N/A,N/A,N/A,N/A,N/A,N/A,N/A,N/A,N/A,N/A,N/A,N/A,N/A,N/A,N/A,N/A,N/A,N/A,N/A,N/A,N/A,N/A,N/A,N/A,N/A,N/A,N/A,N/A,N/A,N/A,N/A,N/A,N/A,N/A,N/A,N/A,N/A,N/A,N/A,N/A,N/A,N/A,N/A
Alberto Vogtmann,19,1151650800,2006/06/30,Superliga,2025/2026,Midfielder,SønderjyskE,0,0,0,Denmark,0,0,0,0,0,0,0,0,0,0,0,0,0,0,0,0,0,0,0,0,0,0,0,0,0,0,0,0,0,0,0,-1,-1,-1,-1,N/A,N/A,N/A,N/A,N/A,N/A,N/A,N/A,N/A,N/A,N/A,N/A,N/A,N/A,N/A,N/A,N/A,N/A,N/A,N/A,N/A,N/A,N/A,N/A,N/A,N/A,N/A,N/A,N/A,N/A,N/A,N/A,N/A,N/A,N/A,N/A,N/A,N/A,N/A,N/A,N/A,N/A,N/A,N/A,N/A,N/A,N/A,N/A,N/A,N/A,N/A,N/A,N/A,N/A,N/A,N/A,N/A,N/A,N/A,N/A,N/A,N/A,N/A,N/A,N/A,N/A,N/A,N/A,N/A,N/A,N/A,N/A,N/A,N/A,N/A,N/A,N/A,N/A,N/A,N/A,N/A,N/A,N/A,N/A,N/A,N/A,N/A,N/A,N/A,N/A,N/A,N/A,N/A,N/A,N/A,N/A,N/A,N/A,N/A,N/A,N/A,N/A,N/A,N/A,N/A,N/A,N/A,N/A,N/A,N/A,N/A,N/A,N/A,N/A,N/A,N/A,N/A,N/A,N/A,N/A,N/A,N/A,N/A,N/A,N/A,N/A,N/A,N/A,N/A,N/A,N/A,N/A,N/A,N/A,N/A,N/A,N/A,N/A,N/A,N/A,N/A,N/A,N/A,N/A,N/A,N/A,N/A,N/A,N/A,N/A,N/A,N/A,N/A,N/A,N/A,N/A,N/A,N/A,N/A,N/A,N/A,N/A,N/A,N/A,N/A,N/A,N/A,N/A,N/A,N/A,N/A,N/A,N/A,N/A,N/A,N/A,N/A,N/A,N/A,N/A,N/A,N/A,N/A,N/A,N/A,N/A,N/A,N/A,N/A,N/A,N/A,N/A,N/A,N/A,N/A,N/A,N/A,N/A,N/A,N/A,N/A,N/A,N/A,N/A,N/A,N/A,N/A,N/A,N/A,N/A,N/A,N/A,N/A,N/A,N/A,N/A,N/A,N/A,N/A,N/A,N/A,N/A,N/A,N/A
Alexander Busch,22,1059116400,2003/07/25,Superliga,2025/2026,Defender,Silkeborg,203,90,113,Denmark,4,1,3,2,1,1,0,0,0,0,0,0,0,0,6,2,4,0,0,0.89,0,0.89,1,0.8,102,2.66,34,51,0,0,0,-1,-1,-1,5,240303,7.25,0,32,70.94,40.00,93,160,37.50,150,99,66.50,97,0.00,0.00,0.00,0,0.00,0.00,3.55,2.00,8,0.00,0.25,0.00,0.00,0.00,0.25,0.00,0.00,2.00,0.89,0.00,0.00,0.00,0.50,0.21,0.00,0.50,0.00,0.00,0,0,,2,0.50,46,2,0.89,78,0,0.00,9,2,2,2,98,0.00,99,0,1,0.44,28,0,27,0.00,11,0,0.00,99,0,0.00,0,0,0.00,0,0.00,7,0,0.00,9,0,0.00,0.00,0,0.00,0,0,0,0.00,0,0,0.00,1,0.00,0,N/A,N/A,N/A,N/A,0.00,0,0.00,0,0.86,0.00,0,93.75,100.00,99,99,0.00,0.00,0,11,11,0,0,0,0.50,0.89,2,95,28.98,3.75,6.65,15,0,0.00,0.00,99,0.00,0,0,0,0.00,0.00,0,0.00,0.00,0.00,0.00,0,1,50.00,99,0,0,31,1,0.31,43,0.08,0.14,0.86,84,0.21,0.38,95,5,1.25,2.22,0.00,0.00,6,0,0.38,82,98,96,64,0,39,50,0,0.00,99,2,0.00,0.89,7.54,4.25,17,15,92,30,6.65,3.75,88.24,1,0.44,67,0,0.00,0,0.00,99,0,0.00,0.00,27,2,38,44,0,0,0,0,0,99,99,99,99,0,68,3,16,16,0,0,18,40,N/A,N/A
Alexander Illum Simmelhack,20,1131696000,2005/11/11,Superliga,2025/2026,Midfielder,Silkeborg,302,191,111,Denmark,15,7,8,1,1,0,0,0,0,0,0,1,1,0,8,5,3,1,0,0.3,0,0.3,0.47,0,302,2.38,38,20,302,0,0.3,58,231,-1,10,120151,3.15,0,32,24.65,3.61,21,83,3.09,71,76,21.09,27,0.00,0.00,0.17,4,0.00,0.00,1.19,0.17,4,0.00,0.26,0.00,0.00,0.00,0.00,0.04,0.35,4.00,1.19,0.09,0.09,0.00,0.09,0.04,0.00,0.61,0.00,0.00,0,0,,4,0.17,53,2,0.59,65,2,0.59,47,6,12,3,36,0.00,99,0,0,0.00,6,0,27,0.00,11,0,0.00,99,0,0.00,0,0,0.00,0,1.19,68,2,0.59,29,1,0.30,50.00,0,0.00,0,0,0,0.00,0,8,0.00,2,2.38,91,N/A,N/A,N/A,N/A,0.00,0,0.00,0,0.94,0.00,0,85.54,50.00,88,99,0.00,0.00,0,33,64,0,0,0,0.04,0.30,1,61,72.53,0.22,1.49,5,0,0.00,0.00,99,0.00,0,0,0,0.00,0.00,0,0.00,0.00,0.00,0.00,0,0,25.00,96,0,22,52,3,0.30,20,0.01,0.09,0.94,74,0.04,0.28,45,3,0.13,0.89,1.78,0.26,87,6,0.28,72,3,45,64,0,39,99,0,0.00,99,14,0.00,4.16,13.07,1.91,44,21,88,89,6.24,0.91,47.73,6,1.78,12,0,0.00,0,0.00,99,0,0.00,0.00,27,2,88,88,0,0,0,0,0,64,80,49,92,0,40,11,34,84,1,7,42,9,N/A,N/A
Alexander Priesborg Madsen,21,1116054000,2005/05/14,Superliga,2025/2026,Midfielder,Silkeborg,270,90,180,Denmark,3,1,2,0,0,0,0,0,0,0,0,0,0,0,6,1,5,0,0,0,0,0,0,0,0,2,45,90,0,0,0,-1,-1,-1,15,0,4.05,0,32,52.33,31.40,75,157,24.80,124,38,41.33,69,0.00,0.00,0.00,0,0.00,0.20,3.33,2.00,10,0.00,0.20,0.00,0.00,0.00,0.40,0.00,1.40,0.00,0.67,0.40,0.20,0.00,0.00,0.02,0.00,1.20,0.00,0.00,0,0,,2,0.40,36,0,0.00,12,2,0.67,49,0,0,3,98,0.00,99,0,2,0.67,42,1,27,0.33,31,0,0.00,99,0,0.00,0,0,0.00,0,0.00,7,1,0.33,21,0,0.00,0.00,0,0.00,0,0,0,0.00,0,7,0.00,13,2.33,90,N/A,N/A,N/A,N/A,0.00,0,0.00,0,0.11,0.00,0,78.98,0.00,12,20,0.60,1.00,3,11,11,0,0,0,0.60,1.00,3,97,20.25,6.40,10.67,32,0,0.00,0.00,99,0.00,0,0,0,0.00,0.00,0,0.00,0.00,0.00,0.00,0,0,0.00,33,0,0,30,14,0.26,20,0.05,0.09,0.11,24,0.02,0.04,13,1,0.20,0.33,0.00,0.00,6,0,0.04,24,7,99,64,0,39,84,0,0.00,99,6,0.00,2.00,8.33,5.00,25,17,80,37,5.67,3.40,68.00,1,0.33,74,0,0.00,0,0.00,99,0,0.00,0.00,27,2,21,11,0,0,0,0,0,15,30,49,43,0,12,3,16,16,0,0,18,24,0,0
Alexander Rasmussen,23,1025074800,2002/06/26,Superliga,2025/2026,Forward,Nordsjælland,1316,727,589,Denmark,18,10,8,6,5,1,3,3,0,0,0,6,5,1,21,11,10,5,1,0.62,0.21,0.41,0.62,0.15,219,1.44,63,73,219,439,0.41,24,43,-1,2,901137,6.88,0.17,86,15.73,12.78,4,230,9.28,167,13,11.42,6,0.00,0.00,1.00,18,0.00,0.06,0.62,0.50,9,0.00,1.11,0.00,0.00,0.00,0.28,0.28,1.17,6.33,2.60,1.28,0.94,0.00,0.83,0.37,0.00,1.61,0.00,0.00,0,0,,38,2.11,88,15,1.03,84,23,1.57,90,3,2,16,15,0.00,99,0,5,0.34,20,1,27,0.07,15,0,0.00,99,0,0.00,0,0,0.00,0,1.23,71,17,1.16,50,5,0.34,29.41,0,0.00,0,0,0,0.00,0,21,0.00,45,1.44,63,N/A,N/A,N/A,N/A,0.00,0,0.00,0,6.64,0.00,0,72.61,39.47,58,62,0.39,0.48,7,36,20,0,0,0,0.11,0.14,2,42,123.81,0.89,1.09,16,0,0.00,0.00,99,0.00,0,0,1,0.06,0.07,0,0.00,0.00,0.21,0.17,3,1,15.79,77,47,31,39,47,2.78,68,0.15,0.19,6.64,93,0.37,0.45,89,27,1.50,1.85,1.16,0.94,57,17,0.45,91,76,32,84,0,72,83,0,0.00,99,29,0.00,1.98,10.67,8.67,156,70,58,68,4.79,3.89,44.87,20,1.37,26,0,0.00,0,0.00,99,0,0.00,0.00,27,53,38,61,0,0,0,0,0,93,91,64,96,0,95,83,23,94,4,22,88,11,N/A,N/A
Alexi Pitu,24,1012896000,2002/02/05,Superliga,2025/2026,Forward,Vejle,150,75,75,Romania,8,4,4,0,0,0,0,0,0,0,0,0,0,0,2,1,1,1,0,0,0,0,0,0,0,1.2,75,19,150,0,0.6,-1,-1,-1,17,148200,3.31,0,32,31.20,3.71,31,52,2.71,38,13,22.80,29,0.00,0.00,0.21,3,0.00,0.43,3.00,0.36,5,0.00,0.14,0.00,0.00,0.00,0.29,0.14,0.14,0.00,0.60,0.00,0.36,0.00,0.07,0.01,0.00,0.14,0.00,0.00,0,0,,1,0.07,34,1,0.60,65,0,0.00,9,0,8,0,93,0.00,99,0,4,2.40,99,6,88,3.60,87,0,0.00,99,0,0.00,0,0,0.00,0,1.80,91,5,3.00,87,2,1.20,40.00,0,0.00,0,0,0,0.00,0,2,0.00,66,1.20,45,N/A,N/A,N/A,N/A,0.00,0,0.00,0,0.13,0.00,0,73.08,100.00,99,99,0.00,0.00,0,82,40,0,0,0,0.00,0.00,0,22,46.38,0.07,0.60,1,0,0.00,0.00,99,0.00,0,0,0,0.00,0.00,0,0.00,0.00,0.60,0.07,1,0,0.00,33,0,5,30,66,0.20,33,0.01,0.12,0.13,38,0.01,0.08,1,0,0.00,0.00,2.40,0.29,97,4,0.08,37,3,10,64,0,93,64,0,0.00,99,2,0.00,1.20,11.40,1.36,19,8,58,76,4.80,0.57,42.11,2,1.20,32,0,33.33,0,0.00,99,2,0.14,1.20,95,0,75,11,0,0,0,0,0,15,30,49,43,0,49,3,16,99,1,12,63,80,N/A,N/A
Ali Al Najar,18,1201075200,2008/01/23,Superliga,2025/2026,Midfielder,Brøndby,0,0,0,Denmark,0,0,0,0,0,0,0,0,0,0,0,0,0,0,0,0,0,0,0,0,0,0,0,0,0,0,0,0,0,0,0,-1,-1,-1,-1,N/A,N/A,N/A,N/A,N/A,N/A,N/A,N/A,N/A,N/A,N/A,N/A,N/A,N/A,N/A,N/A,N/A,N/A,N/A,N/A,N/A,N/A,N/A,N/A,N/A,N/A,N/A,N/A,N/A,N/A,N/A,N/A,N/A,N/A,N/A,N/A,N/A,N/A,N/A,N/A,N/A,N/A,N/A,N/A,N/A,N/A,N/A,N/A,N/A,N/A,N/A,N/A,N/A,N/A,N/A,N/A,N/A,N/A,N/A,N/A,N/A,N/A,N/A,N/A,N/A,N/A,N/A,N/A,N/A,N/A,N/A,N/A,N/A,N/A,N/A,N/A,N/A,N/A,N/A,N/A,N/A,N/A,N/A,N/A,N/A,N/A,N/A,N/A,N/A,N/A,N/A,N/A,N/A,N/A,N/A,N/A,N/A,N/A,N/A,N/A,N/A,N/A,N/A,N/A,N/A,N/A,N/A,N/A,N/A,N/A,N/A,N/A,N/A,N/A,N/A,N/A,N/A,N/A,N/A,N/A,N/A,N/A,N/A,N/A,N/A,N/A,N/A,N/A,N/A,N/A,N/A,N/A,N/A,N/A,N/A,N/A,N/A,N/A,N/A,N/A,N/A,N/A,N/A,N/A,N/A,N/A,N/A,N/A,N/A,N/A,N/A,N/A,N/A,N/A,N/A,N/A,N/A,N/A,N/A,N/A,N/A,N/A,N/A,N/A,N/A,N/A,N/A,N/A,N/A,N/A,N/A,N/A,N/A,N/A,N/A,N/A,N/A,N/A,N/A,N/A,N/A,N/A,N/A,N/A,N/A,N/A,N/A,N/A,N/A,N/A,N/A,N/A,N/A,N/A,N/A,N/A,N/A,N/A,N/A,N/A,N/A,N/A,N/A,N/A,N/A,N/A,N/A,N/A,N/A,N/A,N/A,N/A,N/A,N/A,N/A,N/A,N/A,N/A,N/A,N/A,N/A,N/A,N/A,N/A
Amin Al-Hamawi,22,1071648000,2003/12/17,Superliga,2025/2026,Forward,Randers,109,36,73,Sweden,4,2,2,0,0,0,1,0,1,0,0,1,1,0,2,0,2,0,0,0.83,0.83,0,0,0,0,1.65,55,27,0,109,0,-1,-1,-1,26,88919,3.84,0.25,99,23.94,4.14,20,29,3.71,26,92,21.47,27,0.00,0.00,0.14,1,0.00,0.14,2.48,0.43,3,0.00,0.57,0.00,0.00,0.00,0.14,0.57,0.29,0.00,0.83,0.00,0.86,0.00,0.14,0.02,0.00,0.14,0.00,0.00,0,0,,1,0.14,44,1,0.83,75,0,0.00,9,1,3,1,84,0.00,99,0,1,0.83,52,1,99,0.83,49,0,0.00,99,0,0.00,0,0,0.00,0,0.83,45,6,4.95,96,4,3.30,66.67,0,0.00,0,0,0,0.00,0,2,0.00,31,1.65,74,N/A,N/A,N/A,N/A,0.00,0,0.00,0,0.14,0.00,0,89.66,100.00,99,99,0.00,0.00,0,99,90,0,0,0,0.00,0.00,0,22,26.85,0.43,2.48,3,0,0.00,0.00,99,0.00,0,0,0,0.00,0.00,0,0.00,0.00,0.00,0.00,0,0,0.00,33,0,0,30,33,0.62,99,0.09,0.51,0.14,50,0.02,0.12,38,1,0.14,0.83,0.00,0.00,6,0,0.12,49,6,71,64,0,39,48,0,0.00,99,1,0.00,0.83,14.86,2.57,18,9,96,97,7.43,1.29,50.00,4,3.30,0,0,100.00,0,0.00,99,1,0.14,0.83,87,0,45,27,0,0,0,0,0,98,30,49,43,0,24,48,16,16,0,0,18,9,N/A,N/A
Amin Chiakha,20,1142150400,2006/03/12,Superliga,2025/2026,Midfielder,Vejle,978,410,568,Denmark,14,6,8,2,1,1,0,0,0,0,0,1,1,0,24,9,15,1,0,0.18,0,0.18,0.22,0.16,489,2.21,41,70,978,0,0.09,87,197,-1,5,88919,6.25,0,32,18.31,13.27,8,199,8.27,124,1,11.41,5,0.00,0.00,0.27,4,0.00,0.53,1.56,1.13,17,0.00,1.80,0.00,0.00,0.00,0.20,1.20,1.60,10.50,1.93,0.93,2.53,0.00,0.47,0.19,0.00,1.27,0.00,0.00,0,0,,21,1.40,75,7,0.64,68,14,1.29,81,4,2,12,52,0.00,99,0,3,0.28,16,8,27,0.74,46,0,0.00,99,0,0.00,0,0,0.00,0,0.37,24,38,3.50,89,18,1.66,47.37,0,0.00,0,0,0,0.00,0,24,0.00,6,2.21,90,N/A,N/A,N/A,N/A,0.00,0,0.00,0,2.90,0.00,0,62.31,33.33,47,45,0.47,0.64,7,92,51,0,0,0,0.07,0.09,1,31,93.78,1.53,2.12,23,0,0.00,0.00,99,0.00,0,0,0,0.00,0.00,0,0.00,0.00,0.18,0.13,2,0,9.52,52,32,18,63,6,0.48,4,0.03,0.04,2.90,74,0.19,0.27,77,15,1.00,1.38,0.74,0.53,27,8,0.27,71,40,64,64,0,70,78,0,0.00,99,19,0.00,1.75,14.17,10.27,154,67,87,95,6.17,4.47,43.51,27,2.48,2,0,0.00,0,0.00,99,0,0.00,0.00,27,38,38,70,0,0,0,0,0,47,68,66,69,0,24,11,82,36,1,7,42,29,N/A,N/A
Amir Richardson,24,1011859200,2002/01/24,Superliga,2025/2026,Midfielder,København,192,82,110,France,4,1,3,0,0,0,0,0,0,0,0,0,0,0,8,2,6,2,0,0,0,0,0,0,0,3.75,24,48,96,0,0.94,-1,-1,-1,27,0,4.35,0,32,42.90,15.33,60,92,11.33,68,18,31.71,51,0.00,0.00,0.17,1,0.00,0.17,4.66,1.67,10,0.00,1.00,0.00,0.00,0.00,1.00,0.67,1.33,0.00,0.93,0.33,1.17,0.00,0.00,0.01,0.00,0.50,0.00,0.00,0,0,,2,0.33,47,0,0.00,12,2,0.93,64,1,2,2,99,0.00,99,0,6,2.80,99,1,27,0.47,36,0,0.00,99,0,0.00,0,0,0.00,0,0.47,29,7,3.26,89,4,1.87,57.14,0,0.00,0,0,0,0.00,0,8,0.00,0,3.73,93,N/A,N/A,N/A,N/A,0.00,0,0.00,0,0.09,0.00,0,73.91,0.00,12,5,0.50,1.40,3,93,76,0,0,0,0.00,0.00,0,22,26.09,0.33,0.93,2,0,0.00,0.00,99,0.00,0,0,0,0.00,0.00,0,0.00,0.00,0.00,0.00,0,0,0.00,33,0,0,30,0,0.19,20,0.03,0.09,0.09,24,0.01,0.04,90,4,0.67,1.87,3.26,1.17,99,7,0.04,24,11,25,64,0,39,70,0,0.00,99,3,0.00,1.40,19.59,7.00,42,21,99,99,9.79,3.50,50.00,6,2.80,1,0,0.00,0,0.00,99,0,0.00,0.00,27,2,38,27,0,0,0,0,0,15,30,49,43,0,12,3,16,99,2,50,99,25,0,0
Anders Dahl,24,1020236400,2002/05/01,Superliga,2025/2026,Midfielder,Fredericia,561,297,264,Denmark,18,11,7,1,0,1,1,0,1,0,0,1,1,0,13,8,5,0,0,0.32,0.16,0.16,0,0.34,561,2.09,43,31,0,561,0,96,76,-1,17,105433,3.58,0.06,73,42.87,8.77,60,272,7.52,233,78,36.73,63,0.00,0.00,0.26,8,0.00,0.61,2.52,0.52,16,0.00,0.23,0.00,0.00,0.00,0.10,0.10,0.32,5.00,0.79,0.10,0.32,0.00,0.06,0.03,0.00,0.06,0.00,0.00,0,0,,5,0.16,43,2,0.32,49,3,0.47,40,4,13,5,85,0.00,99,0,3,0.47,31,19,42,2.99,82,0,0.00,99,0,0.00,0,0,0.00,0,1.26,73,10,1.58,62,3,0.47,30.00,0,0.00,0,0,0,0.00,0,10,0.00,8,1.58,70,N/A,N/A,N/A,N/A,0.00,0,0.00,0,0.99,0.00,0,85.66,40.00,64,25,0.19,0.95,6,45,22,0,0,0,0.06,0.32,2,62,110.89,0.35,1.73,11,1,0.00,0.16,2,0.03,0,0,0,0.00,0.00,0,0.00,0.00,0.32,0.06,2,0,20.00,91,14,31,66,9,1.31,76,0.04,0.21,0.99,56,0.03,0.16,37,5,0.16,0.79,0.79,0.16,33,5,0.16,55,4,53,64,0,83,17,0,0.00,99,2,0.00,0.32,8.04,1.65,51,26,42,34,4.10,0.84,50.98,7,1.10,37,0,15.79,0,0.00,99,3,0.10,0.47,73,14,91,70,0,0,0,0,0,65,65,85,43,0,27,8,16,16,0,0,18,14,N/A,N/A
Anders K. Jacobsen,36,625474800,1989/10/27,Superliga,2025/2026,Forward,Vejle,369,180,189,Denmark,8,4,4,2,1,1,1,1,0,0,0,1,1,0,10,3,7,0,0,0.73,0.24,0.49,0.5,0.48,185,2.44,37,46,0,369,0,11,28,-1,7,148200,4.40,0.12,91,14.63,5.00,4,60,3.50,42,8,10.24,3,0.00,0.00,0.42,5,0.00,0.17,0.24,0.08,1,0.00,0.17,0.00,0.00,0.00,0.00,0.25,0.92,3.00,1.46,0.25,0.83,0.00,0.25,0.14,0.00,0.75,0.00,0.00,0,0,,6,0.50,62,3,0.73,72,3,0.73,51,5,4,4,9,0.00,99,0,0,0.00,6,2,27,0.49,37,0,0.00,99,0,0.00,0,0,0.00,0,1.22,69,10,2.44,78,3,0.73,30.00,0,0.00,0,0,0,0.00,0,11,0.00,2,2.68,92,N/A,N/A,N/A,N/A,0.00,0,0.00,0,1.72,0.00,0,70.00,50.00,88,61,0.17,0.49,2,64,22,0,0,0,0.00,0.00,0,22,52.84,0.42,1.22,5,0,0.00,0.00,99,0.00,0,0,0,0.00,0.00,0,0.00,0.00,0.24,0.08,1,0,33.33,99,0,5,34,2,0.88,76,0.07,0.21,1.72,89,0.14,0.42,20,2,0.17,0.49,1.46,0.50,75,6,0.42,87,11,39,64,0,77,87,0,0.00,99,9,0.00,2.20,9.51,3.25,39,14,23,53,3.41,1.17,35.90,2,0.49,64,0,0.00,0,0.00,99,0,0.00,0.00,27,9,51,80,0,0,0,0,0,97,97,94,94,0,49,27,16,16,0,0,18,18,N/A,N/A
Anders Raffnsøe Hoeg,20,1143446400,2006/03/27,Superliga,2025/2026,Midfielder,SønderjyskE,8,8,0,Denmark,1,1,0,0,0,0,0,0,0,0,0,1,1,0,0,0,0,1,0,0,0,0,0,0,0,0,0,8,8,0,11.25,-1,-1,-1,17,0,1.57,0,32,67.50,1.50,91,6,1.50,6,99,67.50,98,0.00,0.00,0.00,0,0.00,0.00,0.00,0.00,0,0.00,0.00,0.00,0.00,0.00,0.00,0.00,0.00,0.00,0.00,0.00,0.00,0.00,0.00,0.00,0.00,0.00,0.00,0.00,0,0,,0,0.00,8,0,0.00,12,0,0.00,9,0,1,0,4,0.00,99,0,0,0.00,6,0,27,0.00,11,0,0.00,99,0,0.00,0,0,0.00,0,0.00,7,0,0.00,9,0,0.00,0.00,0,0.00,0,0,0,0.00,0,0,0.00,99,0.00,0,N/A,N/A,N/A,N/A,0.00,0,0.00,0,0.00,0.00,0,100.00,0.00,12,0,0.25,11.25,1,11,11,0,0,0,0.00,0.00,0,22,6.29,0.00,0.00,0,0,0.00,0.00,99,0.00,0,0,0,0.00,0.00,0,0.00,0.00,0.00,0.00,0,0,0.00,33,0,0,30,0,0.01,29,0.00,0.11,0.00,9,0.00,0.00,1,0,0.00,0.00,11.25,0.25,99,1,0.00,8,1,1,64,0,39,2,0,0.00,99,0,0.00,0.00,33.75,0.75,3,0,0,99,0.00,0.00,0.00,0,0.00,99,0,0.00,0,0.00,99,0,0.00,0.00,27,0,31,11,0,0,0,0,0,15,30,49,43,0,12,99,16,99,1,100,99,17,0,0
Anders Sønderskov,20,1144738800,2006/04/11,Superliga,2025/2026,Defender,Vejle,232,52,180,Denmark,5,3,2,0,0,0,0,0,0,0,0,1,1,0,7,1,6,0,0,0,0,0,0,0,0,2.72,33,46,0,0,0,-1,-1,-1,27,88919,3.99,0,32,21.72,7.00,16,56,5.88,47,62,18.23,19,0.00,0.00,0.00,0,0.00,0.00,1.55,0.50,4,0.00,0.00,0.00,0.00,0.00,0.75,0.12,1.00,0.00,0.00,0.00,0.12,0.00,0.00,0.00,0.00,0.12,0.00,0.00,0,0,,0,0.00,8,0,0.00,12,0,0.00,9,0,3,2,51,0.00,99,0,6,2.33,99,0,27,0.00,11,0,0.00,99,0,0.00,0,0,0.00,0,0.00,7,1,0.39,24,1,0.39,100.00,0,0.00,0,0,0,0.00,0,8,0.00,0,3.10,92,N/A,N/A,N/A,N/A,0.00,0,0.00,0,0.00,0.00,0,83.93,0.00,12,99,0.00,0.00,0,38,99,0,0,0,0.25,0.78,2,92,31.89,0.88,2.72,7,0,0.00,0.00,99,0.00,0,0,0,0.00,0.00,0,0.00,0.00,0.00,0.00,0,0,0.00,33,0,1,30,0,0.11,4,0.01,0.04,0.00,9,0.00,0.00,1,0,0.00,0.00,1.16,0.38,57,3,0.00,8,7,73,64,0,39,22,0,0.00,99,1,0.00,0.39,4.66,1.50,12,6,11,11,2.33,0.75,50.00,0,0.00,99,0,0.00,0,0.00,99,0,0.00,0.00,27,2,45,11,0,0,0,0,0,15,30,49,43,0,24,37,16,16,0,0,18,22,N/A,N/A
André Escobar,19,1172131200,2007/02/22,Superliga,2025/2026,Attacking Midfield,Brøndby,0,0,0,Denmark,1,1,0,0,0,0,0,0,0,0,0,1,1,0,0,0,0,0,0,0,0,0,0,0,0,0,0,0,0,0,0,-1,-1,-1,-1,31239,0.00,0,32,0.00,0.00,0,0,0.00,0,0,0.00,0,0.00,0.00,0.00,0,0.00,0.00,0.00,0.00,0,0.00,0.00,0.00,0.00,0.00,0.00,0.00,0.00,0.00,0.00,0.00,0.00,0.00,0.00,0.00,0.00,0.00,0.00,0.00,0,0,,0,0.00,8,0,0.00,12,0,0.00,9,0,1,0,4,0.00,99,0,0,0.00,6,0,27,0.00,11,0,0.00,99,0,0.00,0,0,0.00,0,0.00,7,0,0.00,9,0,0.00,0.00,0,0.00,0,0,0,0.00,0,0,0.00,99,0.00,0,N/A,N/A,N/A,N/A,0.00,0,0.00,0,0.00,0.00,0,0.00,0.00,12,99,0.00,0.00,0,11,11,0,0,0,0.00,0.00,0,22,0.00,0.00,0.00,0,0,0.00,0.00,99,0.00,0,0,0,0.00,0.00,0,0.00,0.00,0.00,0.00,0,0,0.00,33,0,0,30,0,0.00,0,0.00,0.00,0.00,9,0.00,0.00,1,0,0.00,0.00,0.00,0.00,6,0,0.00,8,0,1,64,0,39,2,0,0.00,99,0,0.00,0.00,0.00,0.00,0,0,0,0,0.00,0.00,0.00,0,0.00,99,0,0.00,0,0.00,99,0,0.00,0.00,27,0,31,11,0,0,0,0,0,15,30,49,43,0,13,99,16,16,0,0,18,39,N/A,N/A
André Rømer,32,742978800,1993/07/18,Superliga,2025/2026,Midfielder,Randers,852,336,516,Denmark,23,10,13,0,0,0,0,0,0,0,0,9,5,4,10,2,8,1,0,0,0,0,0,0,0,1.06,85,37,852,0,0.11,216,198,-1,28,326040,4.86,0,32,58.31,19.03,83,552,16.31,473,78,49.96,84,0.00,0.00,0.28,8,0.00,0.38,2.75,0.90,26,0.00,0.41,0.00,0.00,0.00,0.52,0.17,0.31,0.00,0.85,0.28,0.21,0.00,0.00,0.02,0.00,0.52,0.00,0.00,0,0,,8,0.28,44,0,0.00,12,8,0.85,58,2,15,8,90,0.00,99,0,15,1.58,87,11,96,1.16,55,0,0.00,99,0,0.00,0,0,0.00,0,0.85,46,6,0.63,32,5,0.53,83.33,0,0.00,0,0,0,0.00,0,9,0.00,75,0.95,25,N/A,N/A,N/A,N/A,0.00,0,0.00,0,0.45,0.00,0,85.69,0.00,12,3,0.52,1.58,15,51,96,0,0,0,0.07,0.21,2,51,140.84,0.55,1.69,16,0,0.00,0.00,99,0.00,0,0,0,0.00,0.00,0,0.00,0.00,0.00,0.00,0,0,0.00,33,27,50,30,75,1.17,33,0.04,0.12,0.45,26,0.02,0.05,75,13,0.45,1.37,1.69,0.55,81,16,0.05,26,15,52,64,0,39,74,0,0.00,99,15,0.00,1.58,11.73,3.83,111,59,88,79,6.23,2.03,53.15,12,1.27,29,0,45.45,0,0.00,99,5,0.17,0.53,77,24,95,44,0,0,0,0,0,15,30,49,43,0,76,96,75,44,1,4,29,28,N/A,N/A
Andreas Cornelius,33,732268800,1993/03/16,Superliga,2025/2026,Forward,København,791,362,429,Denmark,18,9,9,2,0,2,1,0,1,0,0,4,4,0,16,5,11,3,0,0.34,0.11,0.23,0,0.42,396,1.82,49,44,264,791,0.34,72,107,-1,9,1896959,6.82,0.06,59,23.64,11.56,20,208,6.78,122,0,13.86,11,0.00,0.00,0.56,10,0.00,0.39,0.45,0.22,4,0.00,0.33,0.00,0.00,0.00,0.11,0.00,0.78,13.50,3.07,1.22,0.06,0.00,0.28,0.15,0.00,3.06,0.00,0.00,0,0,,27,1.50,96,5,0.57,64,22,2.50,99,7,11,7,13,0.00,99,0,2,0.23,15,7,39,0.80,48,0,0.00,99,0,0.00,0,0,0.00,0,1.14,66,1,0.11,13,0,0.00,0.00,0,0.00,0,0,0,0.00,0,14,0.00,23,1.59,71,N/A,N/A,N/A,N/A,0.00,0,0.00,0,2.76,0.00,0,58.65,18.52,19,82,0.11,0.23,2,11,11,0,0,0,0.06,0.11,1,34,122.77,1.61,3.30,29,0,0.00,0.00,99,0.00,0,0,1,0.06,0.11,0,0.00,0.00,1.25,0.61,11,0,7.41,42,24,31,57,23,1.23,43,0.07,0.14,2.76,78,0.15,0.31,47,8,0.44,0.91,1.59,0.78,77,14,0.31,75,69,80,88,0,99,99,0,0.00,99,55,0.00,6.25,14.20,6.94,125,67,98,96,7.61,3.72,53.60,6,0.68,56,0,14.29,0,0.00,99,1,0.06,0.11,40,21,86,95,0,0,0,0,0,68,75,91,43,0,99,40,29,87,3,17,77,14,N/A,N/A
Andreas Gülstorff Pedersen,23,1043568000,2003/01/26,Superliga,2025/2026,Goalkeeper,Nordsjælland,0,0,0,Denmark,0,0,0,0,0,0,0,0,0,0,0,0,0,0,0,0,0,0,0,0,0,0,0,0,0,0,0,0,0,0,0,-1,-1,-1,-1,N/A,N/A,N/A,N/A,N/A,N/A,N/A,N/A,N/A,N/A,N/A,N/A,N/A,N/A,N/A,N/A,N/A,N/A,N/A,N/A,N/A,N/A,N/A,N/A,N/A,N/A,N/A,N/A,N/A,N/A,N/A,N/A,N/A,N/A,N/A,N/A,N/A,N/A,N/A,N/A,N/A,N/A,N/A,N/A,N/A,N/A,N/A,N/A,N/A,N/A,N/A,N/A,N/A,N/A,N/A,N/A,N/A,N/A,N/A,N/A,N/A,N/A,N/A,N/A,N/A,N/A,N/A,N/A,N/A,N/A,N/A,N/A,N/A,N/A,N/A,N/A,N/A,N/A,N/A,N/A,N/A,N/A,N/A,N/A,N/A,N/A,N/A,N/A,N/A,N/A,N/A,N/A,N/A,N/A,N/A,N/A,N/A,N/A,N/A,N/A,N/A,N/A,N/A,N/A,N/A,N/A,N/A,N/A,N/A,N/A,N/A,N/A,N/A,N/A,N/A,N/A,N/A,N/A,N/A,N/A,N/A,N/A,N/A,N/A,N/A,N/A,N/A,N/A,N/A,N/A,N/A,N/A,N/A,N/A,N/A,N/A,N/A,N/A,N/A,N/A,N/A,N/A,N/A,N/A,N/A,N/A,N/A,N/A,N/A,N/A,N/A,N/A,N/A,N/A,N/A,N/A,N/A,N/A,N/A,N/A,N/A,N/A,N/A,N/A,N/A,N/A,N/A,N/A,N/A,N/A,N/A,N/A,N/A,N/A,N/A,N/A,N/A,N/A,N/A,N/A,N/A,N/A,N/A,N/A,N/A,N/A,N/A,N/A,N/A,N/A,N/A,N/A,N/A,N/A,N/A,N/A,N/A,N/A,N/A,N/A,N/A,N/A,N/A,N/A,N/A,N/A,N/A,N/A,N/A,N/A,N/A,N/A,N/A,N/A,N/A,N/A,N/A,N/A,N/A,N/A,N/A,N/A,N/A,N/A
Andreas Hansen,30,808124400,1995/08/11,Superliga,2025/2026,Goalkeeper,Nordsjælland,2430,1260,1170,Denmark,27,14,13,0,0,0,0,0,0,0,0,9,7,2,33,13,20,1,0,0,0,0,0,0,0,1.22,74,90,2430,0,0.04,203,199,29,30,385319,7.07,0,32,36.59,36.59,44,988,26.89,726,16,26.89,39,0.00,0.00,0.00,0,0.00,0.00,0.04,0.04,1,0.00,0.00,0.00,0.00,3.48,0.00,0.00,4.70,0.00,0.00,0.00,0.00,0.00,0.00,0.00,0.00,0.33,0.00,0.00,0,0,,0,0.00,8,0,0.00,12,0,0.00,9,0,0,27,6,0.00,99,0,0,0.00,6,0,27,0.00,11,0,0.00,99,0,0.00,0,0,0.00,0,0.00,7,0,0.00,9,0,0.00,0.00,0,0.00,0,94,84,3.48,84,127,0.00,65,4.70,98,N/A,N/A,N/A,N/A,74.02,0,0.00,0,0.00,0.00,0,73.48,0.00,12,95,0.04,0.04,1,11,11,0,0,62,0.00,0.00,0,22,190.85,0.85,0.85,23,0,0.00,0.00,99,0.00,1,0,0,0.00,0.00,8,0.30,0.30,0.00,0.00,0,0,0.00,33,85,68,30,65,1.31,7,0.05,0.05,0.00,9,0.00,0.00,10,6,0.22,0.22,0.00,0.00,6,0,0.00,8,89,21,64,32,39,18,0,0.00,99,9,0.00,0.33,0.67,0.67,18,16,4,5,0.59,0.59,88.89,0,0.00,99,0,0.00,0,0.00,99,0,0.00,0.00,27,84,21,11,0,0,0,0,0,15,30,49,43,0,80,83,97,23,1,4,29,13,N/A,N/A
Andreas Oggesen,32,763977600,1994/03/18,Superliga,2025/2026,Defender,SønderjyskE,2055,959,1096,Denmark,28,14,14,0,0,0,3,1,2,0,0,9,4,5,27,10,17,3,0,0.13,0.13,0,0,0,0,1.18,76,73,685,685,0.13,257,97,28,28,148200,6.13,0.11,65,47.65,35.10,68,1088,29.00,899,56,39.37,67,0.00,0.00,0.71,22,0.00,1.13,1.71,1.26,39,0.00,0.23,0.00,0.00,0.00,0.45,0.23,0.52,0.00,0.22,0.13,0.35,0.00,0.03,0.01,0.00,0.16,0.00,0.00,0,0,,5,0.16,12,1,0.04,14,4,0.18,14,2,4,24,60,0.00,99,0,14,0.61,38,35,32,1.53,62,0,0.00,99,0,0.00,0,0,0.00,0,0.96,52,11,0.48,27,7,0.31,63.64,0,0.00,0,0,0,0.00,0,16,0.00,66,0.70,6,N/A,N/A,N/A,N/A,0.00,0,0.00,0,0.37,0.00,0,82.63,20.00,22,75,0.26,0.35,8,34,84,0,0,0,0.23,0.31,7,62,190.11,1.32,1.80,41,0,0.00,0.00,99,0.00,0,0,0,0.00,0.00,0,0.00,0.00,0.00,0.00,0,0,0.00,33,72,73,30,66,4.28,68,0.14,0.19,0.37,16,0.01,0.02,23,12,0.39,0.53,0.26,0.19,10,6,0.02,15,35,56,64,0,39,11,0,0.00,99,5,0.00,0.22,4.12,3.03,94,62,14,10,2.72,2.00,65.96,7,0.31,76,0,11.43,0,0.00,99,4,0.13,0.18,50,74,51,44,0,0,0,0,0,36,30,49,43,0,49,77,68,50,3,11,60,22,N/A,N/A
Andreas Poulsen,26,939798000,1999/10/13,Superliga,2025/2026,Defender,Silkeborg,1917,966,951,Denmark,24,13,11,1,0,1,3,2,1,0,0,3,2,1,45,16,29,1,0,0.19,0.14,0.05,0,0.09,1917,2.11,43,80,1917,639,0.05,160,88,83,11,180227,6.46,0.12,69,44.14,37.76,62,944,31.28,782,58,36.56,63,0.00,0.00,1.32,33,0.00,2.24,1.68,1.44,36,0.00,0.20,0.00,0.00,0.00,1.12,0.16,1.68,12.00,0.56,0.40,0.68,0.00,0.08,0.05,0.00,0.20,0.00,0.00,0,0,,12,0.48,31,2,0.09,20,10,0.47,40,1,1,23,59,0.00,99,0,28,1.31,76,56,62,2.62,78,0,0.00,99,0,0.00,0,0,0.00,0,1.54,85,17,0.79,39,4,0.19,23.53,0,0.00,0,0,0,0.00,0,42,0.00,7,1.96,83,N/A,N/A,N/A,N/A,0.00,0,0.00,0,1.30,0.00,0,82.84,16.67,18,49,0.52,0.61,13,25,15,0,0,0,0.40,0.47,10,77,161.57,1.72,2.01,43,0,0.00,0.00,99,0.00,0,0,0,0.00,0.00,0,0.00,0.00,0.00,0.00,0,0,8.33,46,67,54,94,9,4.51,76,0.18,0.21,1.30,31,0.05,0.06,59,23,0.92,1.08,0.42,0.36,14,9,0.06,31,49,60,64,0,39,12,0,0.00,99,5,0.00,0.23,5.52,4.72,118,68,19,13,3.18,2.72,57.63,5,0.23,80,0,23.21,0,0.00,99,13,0.52,0.61,80,71,31,27,0,0,0,0,0,49,38,55,43,0,59,27,93,24,1,4,29,2,N/A,N/A
Andreas Pyndt Andersen,25,983692800,2001/03/04,Superliga,2025/2026,Midfielder,Fredericia,1760,943,817,Denmark,27,14,13,0,0,0,5,2,3,0,0,2,1,1,39,21,18,2,0,0.26,0.26,0,0,0,0,1.99,45,65,880,352,0.1,207,20,-1,26,83745,6.05,0.19,93,54.24,35.60,78,1068,30.83,925,83,46.98,80,0.00,0.00,0.73,22,0.00,2.83,1.42,0.93,28,0.00,0.17,0.00,0.00,0.00,0.73,0.03,1.23,0.00,0.36,0.20,0.30,0.00,0.03,0.02,0.00,0.00,0.00,0.00,0,0,,7,0.23,18,1,0.05,15,6,0.30,24,3,7,20,45,0.00,99,0,22,1.12,68,85,53,4.32,92,0,0.00,99,0,0.00,0,0,0.00,0,1.12,64,9,0.46,26,1,0.05,11.11,0,0.00,0,0,0,0.00,0,37,0.00,14,1.88,80,N/A,N/A,N/A,N/A,0.00,0,0.00,0,0.48,0.00,0,86.61,14.29,16,32,0.57,0.86,17,14,12,0,0,0,0.23,0.36,7,67,181.50,1.23,1.88,37,0,0.00,0.00,99,0.00,0,0,1,0.03,0.05,0,0.00,0.00,0.00,0.00,0,0,0.00,33,66,68,30,14,5.00,89,0.17,0.25,0.48,16,0.02,0.02,11,5,0.17,0.25,0.36,0.23,11,7,0.02,15,33,58,77,0,39,2,0,0.00,99,0,0.00,0.00,3.56,2.33,70,34,8,8,1.73,1.13,48.57,5,0.25,79,0,20.00,0,0.00,99,17,0.57,0.86,89,64,69,61,0,0,0,0,0,60,30,49,43,0,22,11,79,41,2,7,42,18,N/A,N/A
Andrew Hjulsager,31,790156800,1995/01/15,Superliga,2025/2026,Midfielder,Vejle,1587,800,787,Denmark,24,12,12,2,2,0,4,3,1,0,0,3,2,1,30,12,18,4,0,0.34,0.23,0.11,0.23,0,794,1.7,53,66,397,397,0.23,122,34,-1,9,207479,6.85,0.17,89,34.35,25.21,40,605,18.62,447,18,25.38,35,0.00,0.00,1.00,24,0.00,3.58,2.84,2.08,50,0.00,0.83,0.00,0.00,0.00,0.54,0.42,1.04,15.00,1.70,0.92,1.21,0.00,0.33,0.14,0.00,0.33,0.00,0.00,0,0,,30,1.25,67,8,0.45,56,22,1.25,78,2,2,22,91,0.00,99,0,13,0.74,45,86,42,4.88,95,0,0.00,99,0,0.00,0,0,0.00,0,1.36,78,29,1.65,64,10,0.57,34.48,0,0.00,0,0,0,0.00,0,25,0.00,28,1.42,62,N/A,N/A,N/A,N/A,0.00,0,0.00,0,3.38,0.00,0,73.88,26.67,31,1,1.29,1.76,31,54,31,0,0,0,0.08,0.11,2,34,164.29,0.29,0.40,7,1,0.00,0.06,10,0.04,0,0,0,0.00,0.00,0,0.00,0.00,0.17,0.12,3,0,6.67,40,59,54,77,29,4.19,84,0.17,0.24,3.38,61,0.14,0.19,59,19,0.79,1.08,0.91,0.67,41,16,0.19,60,72,6,64,0,69,28,0,0.00,99,8,0.00,0.45,10.68,7.83,188,86,60,68,4.88,3.58,45.74,20,1.14,36,0,16.28,0,0.00,99,14,0.58,0.79,87,68,38,44,0,0,0,0,0,68,54,49,70,0,64,27,46,73,4,17,77,17,N/A,N/A
Anssi Suhonen,25,979459200,2001/01/14,Superliga,2025/2026,Midfielder,OB,548,302,246,Finland,11,6,5,0,0,0,0,0,0,0,0,1,1,0,7,3,4,0,0,0,0,0,0,0,0,1.15,78,50,0,0,0,195,189,-1,17,0,6.79,0,32,47.71,26.36,68,290,22.45,247,73,40.64,69,0.00,0.00,0.82,9,0.00,3.73,3.29,1.82,20,0.00,1.55,0.00,0.00,0.00,0.27,0.45,0.73,0.00,1.65,0.36,0.91,0.00,0.55,0.08,0.00,0.27,0.00,0.00,0,0,,10,0.91,67,6,0.99,83,4,0.66,49,4,6,5,98,0.00,99,0,3,0.49,33,41,50,6.75,99,0,0.00,99,0,0.00,0,0,0.00,0,1.48,82,10,1.65,64,5,0.82,50.00,0,0.00,0,0,0,0.00,0,8,0.00,67,1.32,58,N/A,N/A,N/A,N/A,0.00,0,0.00,0,0.93,0.00,0,85.17,60.00,97,61,0.27,0.49,3,68,64,0,0,0,0.00,0.00,0,22,74.73,0.55,0.99,6,0,0.00,0.00,99,0.00,0,0,2,0.18,0.33,0,0.00,0.00,0.49,0.27,3,0,0.00,33,13,11,30,67,0.76,38,0.07,0.13,0.93,55,0.08,0.15,95,14,1.27,2.30,1.65,0.91,79,10,0.15,54,66,29,99,0,90,32,0,0.00,99,3,0.00,0.49,14.31,7.91,87,41,93,96,6.75,3.73,47.13,17,2.80,1,0,19.51,0,0.00,99,8,0.73,1.32,97,14,61,70,0,0,0,0,0,15,30,49,43,0,12,15,16,16,0,0,18,10,0,0
Aral Şimşir,23,1024470000,2002/06/19,Superliga,2025/2026,Forward,Midtjylland,2040,1081,959,Denmark,31,16,15,9,5,4,15,9,6,0,0,10,3,7,19,13,6,1,0,1.06,0.66,0.4,0.42,0.38,227,0.84,107,66,2040,136,0.04,27,1,-1,2,88919,7.10,0.48,99,37.10,26.28,47,841,20.50,656,34,28.94,45,0.00,0.00,2.31,74,0.00,4.62,0.35,0.25,8,0.00,1.38,0.00,0.00,0.00,0.31,1.53,0.56,5.78,2.29,0.91,4.06,0.00,0.72,0.30,0.00,0.06,0.00,0.00,0,0,,52,1.62,81,23,1.01,84,29,1.28,81,9,4,27,10,0.00,99,0,10,0.44,28,148,55,6.53,99,0,0.00,99,0,0.00,0,0,0.00,0,3.26,99,130,5.74,99,49,2.16,37.69,0,0.00,0,0,0,0.00,0,18,0.00,91,0.79,12,N/A,N/A,N/A,N/A,0.00,0,0.00,0,9.69,0.00,0,78.00,44.23,72,75,0.25,0.35,8,96,35,0,0,0,0.03,0.04,1,24,227.27,0.09,0.13,3,1,0.00,0.04,16,0.03,0,0,0,0.00,0.00,0,0.00,0.00,0.09,0.06,2,0,17.31,82,71,93,41,91,12.68,99,0.40,0.56,9.69,90,0.30,0.43,96,54,1.69,2.38,0.18,0.12,9,4,0.43,88,92,2,64,0,53,3,0,0.00,99,2,0.00,0.09,11.25,7.97,255,110,59,74,4.85,3.44,43.14,44,1.94,9,0,20.95,0,0.00,99,31,0.97,1.37,98,84,51,99,0,1,0,3,0,99,91,89,90,0,24,77,94,23,1,3,24,58,N/A,N/A
Arlet Junior Zé,20,1143014400,2006/03/22,Superliga,2025/2026,Midfielder,Midtjylland,25,0,25,Switzerland,1,0,1,0,0,0,0,0,0,0,0,0,0,0,0,0,0,0,0,0,0,0,0,0,0,0,0,25,0,0,0,-1,-1,-1,21,0,0.72,0,32,14.40,0.44,2,4,0.33,3,20,10.80,3,0.00,0.00,0.00,0,0.00,0.00,0.00,0.00,0,0.00,0.11,0.00,0.00,0.00,0.00,0.11,0.00,0.00,0.00,0.00,0.11,0.00,0.00,0.00,0.00,0.00,0.00,0.00,0,0,,0,0.00,8,0,0.00,12,0,0.00,9,0,1,0,4,0.00,99,0,0,0.00,6,0,27,0.00,11,0,0.00,99,0,0.00,0,0,0.00,0,0.00,7,1,3.60,90,1,3.60,100.00,0,0.00,0,0,0,0.00,0,0,0.00,99,0.00,0,N/A,N/A,N/A,N/A,0.00,0,0.00,0,0.00,0.00,0,75.00,0.00,12,99,0.00,0.00,0,99,99,0,0,0,0.00,0.00,0,22,6.49,0.00,0.00,0,0,0.00,0.00,99,0.00,0,0,0,0.00,0.00,0,0.00,0.00,0.00,0.00,0,0,0.00,33,0,0,30,0,0.01,4,0.00,0.04,0.00,9,0.00,0.00,99,1,0.11,3.60,3.60,0.11,99,1,0.00,8,0,1,64,0,39,2,0,0.00,99,0,0.00,0.00,14.40,0.44,4,2,96,96,7.20,0.22,50.00,1,3.60,0,0,0.00,0,0.00,99,0,0.00,0.00,27,0,31,11,0,0,0,0,0,15,30,49,43,0,12,3,16,16,0,0,18,39,0,0
Asbjorn Bondergaard,22,1083740400,2004/05/05,Superliga,2025/2026,Forward,Silkeborg,63,59,4,Denmark,4,3,1,0,0,0,0,0,0,0,0,0,0,0,0,0,0,0,0,0,0,0,0,0,0,0,0,16,0,0,0,-1,-1,-1,23,120151,1.60,0,32,15.47,0.92,4,11,0.67,8,13,11.25,4,0.00,0.00,0.08,1,0.00,0.08,0.00,0.00,0,0.00,0.25,0.00,0.00,0.00,0.00,0.00,0.00,0.00,5.62,0.17,0.00,0.00,0.17,0.03,0.00,0.00,0.00,0.00,0,0,,4,0.33,99,2,2.81,99,2,2.81,99,0,4,0,4,0.00,99,0,0,0.00,6,1,27,1.41,59,0,0.00,99,0,0.00,0,0,0.00,0,1.41,80,0,0.00,9,0,0.00,0.00,0,0.00,0,0,0,0.00,0,0,0.00,99,0.00,0,N/A,N/A,N/A,N/A,0.00,0,0.00,0,0.31,0.00,0,72.73,50.00,88,99,0.00,0.00,0,11,11,0,0,0,0.00,0.00,0,22,19.23,0.00,0.00,0,0,0.00,0.00,99,0.00,0,0,0,0.00,0.00,0,0.00,0.00,0.00,0.00,0,0,0.00,33,0,0,30,0,0.05,13,0.00,0.07,0.31,91,0.03,0.44,1,0,0.00,0.00,1.41,0.08,71,1,0.44,89,1,1,64,0,39,2,0,0.00,99,0,0.00,0.00,7.03,0.42,5,0,0,24,0.00,0.00,0.00,3,4.22,0,0,0.00,0,0.00,99,0,0.00,0.00,27,0,51,11,0,0,0,0,0,15,30,49,43,0,40,3,16,16,0,0,18,15,N/A,N/A
Aske Leth Andresen,20,1121151600,2005/07/12,Superliga,2025/2026,Goalkeeper,Silkeborg,91,1,90,Denmark,2,1,1,0,0,0,0,0,0,0,0,0,0,0,2,0,2,0,0,0,0,0,0,0,0,1.98,46,46,0,0,0,-1,-1,-1,22,60075,0.30,0,32,29.67,1.11,29,30,0.85,23,28,22.75,29,0.00,0.00,0.00,0,0.00,0.00,0.99,0.04,1,0.00,0.00,0.00,0.00,0.26,0.00,0.00,0.33,0.00,0.00,0.00,0.00,0.00,0.00,0.00,0.00,0.04,0.00,0.00,0,0,,0,0.00,8,0,0.00,12,0,0.00,9,0,1,1,26,0.00,99,0,0,0.00,6,0,27,0.00,11,0,0.00,99,0,0.00,0,0,0.00,0,0.00,7,0,0.00,9,0,0.00,0.00,0,0.00,0,7,99,6.92,99,9,0.00,15,8.90,99,N/A,N/A,N/A,N/A,77.78,0,0.00,0,0.00,0.00,0,76.67,0.00,12,99,0.00,0.00,0,11,11,0,0,5,0.00,0.00,0,22,8.13,0.07,1.98,2,0,0.00,0.00,99,0.00,0,0,0,0.00,0.00,0,0.00,0.00,0.00,0.00,0,0,0.00,33,0,0,30,17,0.05,7,0.00,0.05,0.00,9,0.00,0.00,53,1,0.04,0.99,0.00,0.00,6,0,0.00,8,0,59,64,0,39,58,0,0.00,99,1,0.00,0.99,1.98,0.07,2,2,9,7,1.98,0.07,100.00,0,0.00,99,0,0.00,0,0.00,99,0,0.00,0.00,27,0,31,11,0,0,0,0,0,15,30,49,43,0,21,3,16,16,0,0,18,30,N/A,N/A
Aurélio Buta,29,855561600,1997/02/10,Superliga,2025/2026,Defender,København,395,140,255,Portugal,11,6,5,0,0,0,0,0,0,0,0,4,3,1,6,2,4,1,0,0,0,0,0,0,0,1.37,66,36,395,0,0.23,191,176,43,26,0,3.86,0,32,36.05,12.23,43,159,9.77,127,42,28.79,44,0.00,0.00,0.00,0,0.00,0.77,1.81,0.62,8,0.00,0.15,0.00,0.00,0.00,0.46,0.08,0.54,0.00,1.36,0.31,0.69,0.00,0.15,0.04,0.00,0.31,0.00,0.00,0,0,,6,0.46,59,2,0.45,56,4,0.91,63,9,7,4,67,0.00,99,0,6,1.36,80,10,31,2.27,73,0,0.00,99,0,0.00,0,0,0.00,0,0.00,7,9,2.04,73,1,0.23,11.11,0,0.00,0,0,0,0.00,0,7,0.00,51,1.59,71,N/A,N/A,N/A,N/A,0.00,0,0.00,0,0.52,0.00,0,79.87,33.33,47,41,0.23,0.68,3,29,12,0,0,0,0.08,0.23,1,54,50.20,0.69,2.04,9,1,0.00,0.23,1,0.08,0,0,1,0.08,0.23,0,0.00,0.00,0.45,0.15,2,0,0.00,33,2,11,30,53,0.23,7,0.02,0.05,0.52,50,0.04,0.12,63,5,0.38,1.13,1.36,0.46,69,6,0.12,49,6,61,99,0,89,51,0,0.00,99,4,0.00,0.91,9.75,3.31,43,17,37,55,3.85,1.31,39.53,2,0.45,67,0,10.00,0,0.00,99,1,0.08,0.23,56,9,69,99,0,0,0,0,0,15,30,49,43,0,12,93,45,73,1,9,52,17,0,0
Bartosz Slisz,27,922694400,1999/03/29,Superliga,2025/2026,Midfielder,Brøndby,1170,630,540,Poland,13,7,6,1,1,0,1,0,1,0,0,6,3,3,11,6,5,6,0,0.15,0.08,0.08,0.14,0,1170,0.85,106,90,195,1170,0.46,138,125,-1,12,0,7.10,0.08,52,50.31,50.31,73,654,42.23,549,62,42.23,71,0.00,0.00,0.85,11,0.00,0.77,2.31,2.31,30,0.00,0.54,0.00,0.00,0.00,1.62,0.62,0.85,0.00,1.00,0.77,0.92,0.00,0.23,0.07,0.00,1.23,0.00,0.00,0,0,,13,1.00,48,3,0.23,40,10,0.77,53,0,0,13,80,0.00,99,0,21,1.62,90,10,53,0.77,47,0,0.00,99,0,0.00,0,0,0.00,0,0.85,46,12,0.92,43,8,0.62,66.67,0,0.00,0,0,0,0.00,0,11,0.00,91,0.85,17,N/A,N/A,N/A,N/A,0.00,0,0.00,0,0.96,0.00,0,83.94,23.08,24,6,1.38,1.38,18,60,90,0,0,0,0.77,0.77,10,91,92.29,2.23,2.23,29,0,0.00,0.00,99,0.00,0,0,0,0.00,0.00,0,0.00,0.00,0.00,0.00,0,0,0.00,33,38,16,84,91,2.08,53,0.16,0.16,0.96,33,0.07,0.07,77,18,1.38,1.38,1.69,1.69,81,22,0.07,33,92,67,64,0,39,65,0,0.00,99,16,0.00,1.23,9.77,9.77,127,69,69,56,5.31,5.31,54.33,7,0.54,62,0,20.00,0,0.00,99,2,0.15,0.15,46,42,21,11,0,0,0,0,0,43,48,49,59,0,12,99,19,97,6,46,99,99,0,0
Bastian Lykkegaard Holm,21,1108281600,2005/02/13,Superliga,2025/2026,Goalkeeper,Silkeborg,0,0,0,Denmark,0,0,0,0,0,0,0,0,0,0,0,0,0,0,0,0,0,0,0,0,0,0,0,0,0,0,0,0,0,0,0,-1,-1,-1,-1,N/A,N/A,N/A,N/A,N/A,N/A,N/A,N/A,N/A,N/A,N/A,N/A,N/A,N/A,N/A,N/A,N/A,N/A,N/A,N/A,N/A,N/A,N/A,N/A,N/A,N/A,N/A,N/A,N/A,N/A,N/A,N/A,N/A,N/A,N/A,N/A,N/A,N/A,N/A,N/A,N/A,N/A,N/A,N/A,N/A,N/A,N/A,N/A,N/A,N/A,N/A,N/A,N/A,N/A,N/A,N/A,N/A,N/A,N/A,N/A,N/A,N/A,N/A,N/A,N/A,N/A,N/A,N/A,N/A,N/A,N/A,N/A,N/A,N/A,N/A,N/A,N/A,N/A,N/A,N/A,N/A,N/A,N/A,N/A,N/A,N/A,N/A,N/A,N/A,N/A,N/A,N/A,N/A,N/A,N/A,N/A,N/A,N/A,N/A,N/A,N/A,N/A,N/A,N/A,N/A,N/A,N/A,N/A,N/A,N/A,N/A,N/A,N/A,N/A,N/A,N/A,N/A,N/A,N/A,N/A,N/A,N/A,N/A,N/A,N/A,N/A,N/A,N/A,N/A,N/A,N/A,N/A,N/A,N/A,N/A,N/A,N/A,N/A,N/A,N/A,N/A,N/A,N/A,N/A,N/A,N/A,N/A,N/A,N/A,N/A,N/A,N/A,N/A,N/A,N/A,N/A,N/A,N/A,N/A,N/A,N/A,N/A,N/A,N/A,N/A,N/A,N/A,N/A,N/A,N/A,N/A,N/A,N/A,N/A,N/A,N/A,N/A,N/A,N/A,N/A,N/A,N/A,N/A,N/A,N/A,N/A,N/A,N/A,N/A,N/A,N/A,N/A,N/A,N/A,N/A,N/A,N/A,N/A,N/A,N/A,N/A,N/A,N/A,N/A,N/A,N/A,N/A,N/A,N/A,N/A,N/A,N/A,N/A,N/A,N/A,N/A,N/A,N/A,N/A,N/A,N/A,N/A,N/A,N/A
Ben Godfrey,28,884851200,1998/01/15,Superliga,2025/2026,Defender,Brøndby,916,448,468,England,11,5,6,1,1,0,0,0,0,0,0,6,3,3,8,3,5,3,0,0.1,0,0.1,0.2,0,916,0.79,115,83,305,0,0.29,130,175,5,13,0,6.95,0,32,43.58,40.36,62,444,34.64,381,78,37.39,65,0.00,0.00,0.27,3,0.00,0.00,0.79,0.73,8,0.00,0.00,0.00,0.00,0.00,1.27,0.00,0.73,8.00,0.79,0.45,0.18,0.00,0.27,0.11,0.00,2.82,0.00,0.00,0,0,,8,0.73,43,3,0.29,46,5,0.49,42,5,0,11,20,0.00,99,0,14,1.37,81,0,27,0.00,11,0,0.00,99,0,0.00,0,0,0.00,0,0.29,18,2,0.20,17,0,0.00,0.00,0,0.00,0,0,0,0.00,0,8,0.00,94,0.79,12,N/A,N/A,N/A,N/A,0.00,0,0.00,0,1.24,0.00,0,85.81,37.50,55,79,0.27,0.29,3,11,11,0,0,0,0.45,0.49,5,79,76.50,7.55,8.15,83,1,0.00,0.10,4,0.09,0,0,0,0.00,0.00,0,0.00,0.00,0.10,0.09,1,0,12.50,68,28,11,80,95,0.90,20,0.08,0.09,1.24,50,0.11,0.12,9,2,0.18,0.20,1.67,1.55,80,17,0.12,49,81,99,64,0,56,94,0,0.00,99,31,0.00,3.04,7.16,6.64,73,41,41,26,4.02,3.73,56.16,0,0.00,99,0,0.00,0,0.00,99,0,0.00,0.00,27,33,21,80,0,0,0,0,0,30,51,49,68,0,12,99,34,82,3,27,96,14,0,0
Benicio Christian Pená,23,1048233600,2003/03/21,Superliga,2025/2026,Midfielder,SønderjyskE,90,90,0,Denmark,1,1,0,0,0,0,0,0,0,0,0,0,0,0,2,2,0,0,0,0,0,0,0,0,0,2,45,90,0,0,0,-1,-1,-1,22,46859,0.95,0,32,25.00,3.57,21,25,2.43,17,4,17.00,17,0.00,0.00,0.00,0,0.00,0.00,0.00,0.00,0,0.00,0.00,0.00,0.00,0.43,0.00,0.00,0.71,0.00,0.00,0.00,0.00,0.00,0.00,0.00,0.00,0.14,0.00,0.00,0,0,,0,0.00,8,0,0.00,12,0,0.00,9,0,0,1,4,0.00,99,0,0,0.00,6,0,27,0.00,11,0,0.00,99,0,0.00,0,0,0.00,0,0.00,7,0,0.00,9,0,0.00,0.00,0,0.00,0,3,26,3.00,47,5,0.00,13,5.00,98,N/A,N/A,N/A,N/A,60.00,0,0.00,0,0.00,0.00,0,68.00,0.00,12,99,0.00,0.00,0,11,11,0,0,1,0.00,0.00,0,22,6.62,0.00,0.00,0,0,0.00,0.00,99,0.00,0,0,0,0.00,0.00,0,0.00,0.00,0.00,0.00,0,0,0.00,33,0,0,30,14,0.04,4,0.01,0.04,0.00,9,0.00,0.00,1,0,0.00,0.00,0.00,0.00,6,0,0.00,8,0,1,64,0,39,58,0,0.00,99,1,0.00,1.00,1.00,0.14,1,1,7,7,1.00,0.14,100.00,0,0.00,99,0,0.00,0,0.00,99,0,0.00,0.00,27,0,21,11,0,0,0,0,0,15,30,49,43,0,19,3,16,16,0,0,18,27,N/A,N/A
Benjamin Clemmensen,21,1104825600,2005/01/04,Superliga,2025/2026,Midfielder,Silkeborg,0,0,0,Denmark,1,0,1,0,0,0,0,0,0,0,0,0,0,0,0,0,0,0,0,0,0,0,0,0,0,0,0,0,0,0,0,-1,-1,-1,-1,62298,0.00,0,32,540.00,0.60,99,6,0.60,6,99,540.00,99,0.00,0.00,0.00,0,0.00,0.00,0.00,0.00,0,0.00,0.00,0.00,0.00,0.00,0.00,0.00,0.00,0.00,0.00,0.00,0.00,0.00,0.00,0.00,0.00,0.00,0.00,0.00,0,0,,0,0.00,8,0,0.00,12,0,0.00,9,0,1,0,4,0.00,99,0,0,0.00,6,0,27,0.00,11,0,0.00,99,0,0.00,0,0,0.00,0,0.00,7,0,0.00,9,0,0.00,0.00,0,0.00,0,0,0,0.00,0,0,0.00,99,0.00,0,N/A,N/A,N/A,N/A,0.00,0,0.00,0,0.00,0.00,0,100.00,0.00,12,99,0.00,0.00,0,11,11,0,0,0,0.00,0.00,0,22,0.00,0.00,0.00,0,0,0.00,0.00,99,0.00,0,0,0,0.00,0.00,0,0.00,0.00,0.00,0.00,0,0,0.00,33,0,0,30,0,0.01,99,0.00,0.90,0.00,9,0.00,0.00,99,1,0.10,90.00,0.00,0.00,6,0,0.00,8,0,1,64,0,39,2,0,0.00,99,0,0.00,0.00,90.00,0.10,1,1,99,99,90.00,0.10,100.00,0,0.00,99,0,0.00,0,0.00,99,0,0.00,0.00,27,0,31,11,0,0,0,0,0,15,30,49,43,0,21,3,16,16,0,0,18,21,N/A,N/A
Benjamin Tahirovic,23,1046678400,2003/03/03,Superliga,2025/2026,Midfielder,Brøndby,1200,668,532,Sweden,25,13,12,1,0,1,1,1,0,0,0,9,4,5,15,9,6,5,0,0.15,0.08,0.08,0,0.17,1200,1.13,80,48,240,1200,0.38,135,127,-1,16,1021289,6.30,0.04,52,56.62,27.96,82,755,23.93,646,76,48.45,82,0.00,0.00,0.70,19,0.00,0.19,1.88,0.93,25,0.00,0.30,0.00,0.00,0.00,0.59,0.15,0.56,16.00,1.20,0.44,0.30,0.00,0.15,0.06,0.00,0.19,0.00,0.00,0,0,,16,0.59,53,4,0.30,47,12,0.90,62,2,12,13,71,0.00,99,0,16,1.20,72,5,93,0.38,32,0,0.00,99,0,0.00,0,0,0.00,0,1.43,81,8,0.60,30,4,0.30,50.00,0,0.00,0,0,0,0.00,0,15,0.00,69,1.12,38,N/A,N/A,N/A,N/A,0.00,0,0.00,0,1.71,0.00,0,85.56,25.00,29,34,0.41,0.82,11,33,64,0,0,0,0.37,0.75,10,90,170.23,0.52,1.05,14,0,0.00,0.00,99,0.00,0,0,0,0.00,0.00,0,0.00,0.00,0.00,0.00,0,0,6.25,37,40,58,85,70,2.61,73,0.10,0.20,1.71,52,0.06,0.13,70,17,0.63,1.27,1.50,0.74,76,20,0.13,52,42,31,64,0,39,22,0,0.00,99,5,0.00,0.38,7.58,3.74,101,51,36,31,3.83,1.89,50.50,8,0.60,59,0,40.00,0,0.00,99,2,0.07,0.15,46,42,88,44,0,0,0,0,0,43,48,68,43,0,98,93,26,92,5,20,85,8,N/A,N/A
Bilal Brahimi,26,954230400,2000/03/28,Superliga,2025/2026,Forward,Viborg,782,461,321,France,16,9,7,2,1,1,1,1,0,0,0,2,0,2,18,10,8,0,0,0.35,0.12,0.23,0.2,0.28,391,2.07,43,49,0,782,0,70,102,-1,11,180227,5.75,0.06,60,34.76,15.89,40,302,12.89,245,48,28.20,42,0.00,0.00,0.74,14,0.00,1.58,0.69,0.32,6,0.00,0.53,0.00,0.00,0.00,0.37,0.11,1.11,8.50,1.96,0.58,0.26,0.00,0.32,0.14,0.00,0.42,0.00,0.00,0,0,,17,0.89,76,6,0.69,71,11,1.27,80,1,7,9,17,0.00,99,0,7,0.81,51,30,82,3.45,85,0,0.00,99,0,0.00,0,0,0.00,0,1.61,88,5,0.58,29,2,0.23,40.00,0,0.00,0,0,0,0.00,0,21,0.00,9,2.42,91,N/A,N/A,N/A,N/A,0.00,0,0.00,0,2.57,0.00,0,81.13,35.29,49,82,0.11,0.23,2,29,40,0,0,0,0.00,0.00,0,22,109.23,0.74,1.61,14,0,0.00,0.00,99,0.00,0,0,0,0.00,0.00,0,0.00,0.00,0.23,0.11,2,0,11.76,64,23,25,56,9,1.69,68,0.09,0.19,2.57,76,0.14,0.30,82,14,0.74,1.61,0.58,0.26,18,5,0.30,73,27,49,64,0,76,52,0,0.00,99,8,0.00,0.92,6.45,2.95,56,29,21,20,3.34,1.53,51.79,10,1.15,35,0,30.00,0,0.00,99,9,0.47,1.04,93,26,69,27,0,0,0,0,0,69,75,78,68,0,59,27,16,16,0,0,18,21,N/A,N/A
Bilal Konteh Krubally,19,1171353600,2007/02/13,Superliga,2025/2026,Midfielder,Midtjylland,0,0,0,Sweden,0,0,0,0,0,0,0,0,0,0,0,0,0,0,0,0,0,0,0,0,0,0,0,0,0,0,0,0,0,0,0,-1,-1,-1,-1,N/A,N/A,N/A,N/A,N/A,N/A,N/A,N/A,N/A,N/A,N/A,N/A,N/A,N/A,N/A,N/A,N/A,N/A,N/A,N/A,N/A,N/A,N/A,N/A,N/A,N/A,N/A,N/A,N/A,N/A,N/A,N/A,N/A,N/A,N/A,N/A,N/A,N/A,N/A,N/A,N/A,N/A,N/A,N/A,N/A,N/A,N/A,N/A,N/A,N/A,N/A,N/A,N/A,N/A,N/A,N/A,N/A,N/A,N/A,N/A,N/A,N/A,N/A,N/A,N/A,N/A,N/A,N/A,N/A,N/A,N/A,N/A,N/A,N/A,N/A,N/A,N/A,N/A,N/A,N/A,N/A,N/A,N/A,N/A,N/A,N/A,N/A,N/A,N/A,N/A,N/A,N/A,N/A,N/A,N/A,N/A,N/A,N/A,N/A,N/A,N/A,N/A,N/A,N/A,N/A,N/A,N/A,N/A,N/A,N/A,N/A,N/A,N/A,N/A,N/A,N/A,N/A,N/A,N/A,N/A,N/A,N/A,N/A,N/A,N/A,N/A,N/A,N/A,N/A,N/A,N/A,N/A,N/A,N/A,N/A,N/A,N/A,N/A,N/A,N/A,N/A,N/A,N/A,N/A,N/A,N/A,N/A,N/A,N/A,N/A,N/A,N/A,N/A,N/A,N/A,N/A,N/A,N/A,N/A,N/A,N/A,N/A,N/A,N/A,N/A,N/A,N/A,N/A,N/A,N/A,N/A,N/A,N/A,N/A,N/A,N/A,N/A,N/A,N/A,N/A,N/A,N/A,N/A,N/A,N/A,N/A,N/A,N/A,N/A,N/A,N/A,N/A,N/A,N/A,N/A,N/A,N/A,N/A,N/A,N/A,N/A,N/A,N/A,N/A,N/A,N/A,N/A,N/A,N/A,N/A,N/A,N/A,N/A,N/A,N/A,N/A,N/A,N/A,N/A,N/A,N/A,N/A,N/A,N/A
Birger Meling,31,787651200,1994/12/17,Superliga,2025/2026,Defender,København,798,509,289,Norway,17,9,8,0,0,0,0,0,0,0,0,3,3,0,9,5,4,4,1,0,0,0,0,0,0,1.02,89,47,200,0,0.45,224,219,21,21,1244880,4.31,0,32,49.95,19.30,71,444,16.48,379,75,42.64,72,0.00,0.00,0.30,7,0.00,0.96,3.60,1.39,32,0.00,0.09,0.00,0.00,0.00,0.52,0.17,0.22,0.00,0.45,0.13,0.30,0.00,0.04,0.01,0.00,0.30,0.00,0.00,0,0,,4,0.17,23,1,0.11,23,3,0.34,28,8,9,8,99,0.00,99,0,12,1.35,79,22,27,2.48,77,0,0.00,99,0,0.00,0,0,0.00,0,0.79,44,7,0.79,39,4,0.45,57.14,0,0.00,0,0,0,0.00,0,5,0.00,78,0.56,2,N/A,N/A,N/A,N/A,0.00,0,0.00,0,0.29,0.00,0,85.36,25.00,29,28,0.35,0.90,8,43,76,0,0,0,0.00,0.00,0,22,99.23,0.65,1.69,15,1,0.00,0.11,3,0.04,0,0,0,0.00,0.00,0,0.00,0.00,0.23,0.09,2,0,0.00,33,24,29,30,78,1.22,43,0.05,0.14,0.29,20,0.01,0.03,32,6,0.26,0.67,2.02,0.78,93,18,0.03,18,10,52,64,0,76,46,0,0.00,99,7,0.00,0.79,10.01,3.87,89,47,69,60,5.29,2.04,52.81,2,0.23,80,0,4.55,0,0.00,99,1,0.04,0.11,40,24,79,98,0,0,0,0,0,15,30,49,43,0,99,35,20,97,3,18,80,24,N/A,N/A
Bjørn Paulsen,34,678438000,1991/07/02,Superliga,2025/2026,Defender,OB,706,478,228,Denmark,20,10,10,1,1,0,0,0,0,0,0,2,1,1,26,11,15,2,0,0.13,0,0.13,0.19,0,706,3.31,27,35,353,0,0.25,114,245,88,14,207479,3.57,0,32,63.34,17.21,88,499,14.24,413,57,52.43,86,0.00,0.00,0.14,4,0.00,0.10,1.78,0.48,14,0.00,0.10,0.00,0.00,0.00,0.59,0.00,0.45,11.00,1.40,0.28,0.10,0.00,0.10,0.05,0.00,1.45,0.00,0.00,0,0,,11,0.38,60,3,0.38,53,8,1.02,68,3,11,9,64,0.00,99,0,17,2.16,99,3,27,0.38,32,0,0.00,99,0,0.00,0,0,0.00,0,0.51,31,3,0.38,24,0,0.00,0.00,0,0.00,0,0,0,0.00,0,13,0.00,0,1.65,74,N/A,N/A,N/A,N/A,0.00,0,0.00,0,1.41,0.00,0,82.77,27.27,32,29,0.24,0.89,7,11,11,0,0,0,0.10,0.38,3,70,103.51,1.55,5.71,45,0,0.00,0.00,99,0.00,0,0,1,0.03,0.13,0,0.00,0.00,0.00,0.00,0,0,9.09,50,20,38,73,0,0.85,29,0.03,0.11,1.41,60,0.05,0.18,5,1,0.03,0.13,0.76,0.21,30,6,0.18,59,4,93,92,0,39,99,0,0.00,99,42,0.00,5.33,12.44,3.38,98,57,96,87,7.24,1.97,58.16,3,0.38,72,0,0.00,0,0.00,99,0,0.00,0.00,27,26,86,61,0,0,0,0,0,36,59,49,65,0,64,18,39,77,2,10,59,4,N/A,N/A
Caleb Marfo Yirenkyi,20,1137312000,2006/01/15,Superliga,2025/2026,Midfielder,Nordsjælland,2614,1293,1321,Ghana,30,15,15,2,1,1,6,4,2,0,0,8,6,2,41,16,25,9,0,0.28,0.21,0.07,0.07,0.07,1307,1.41,64,87,290,436,0.31,152,40,-1,14,324409,7.08,0.2,86,64.73,62.67,90,1880,57.50,1725,97,59.39,91,0.00,0.00,1.03,31,0.00,0.20,1.89,1.83,55,0.00,1.00,0.00,0.00,0.00,1.03,0.77,1.03,10.00,0.69,0.43,1.57,0.00,0.23,0.09,0.00,1.70,0.00,0.00,0,0,,20,0.67,37,7,0.24,41,13,0.45,38,3,0,30,71,0.00,99,0,31,1.07,64,6,45,0.21,24,0,0.00,99,0,0.00,0,0,0.00,0,1.07,60,47,1.62,63,23,0.79,48.94,0,0.00,0,0,0,0.00,0,31,0.00,48,1.07,33,N/A,N/A,N/A,N/A,0.00,0,0.00,0,2.76,0.00,0,91.76,35.00,48,66,0.43,0.45,13,66,53,0,0,0,0.30,0.31,9,62,212.42,2.70,2.79,81,1,0.00,0.03,18,0.03,0,0,0,0.00,0.00,0,0.00,0.00,0.24,0.23,7,0,10.00,57,93,88,89,48,8.12,91,0.27,0.28,2.76,45,0.09,0.10,77,40,1.33,1.38,1.69,1.63,81,49,0.10,44,91,74,64,0,77,78,0,0.00,99,51,0.00,1.76,10.91,10.57,317,169,83,71,5.82,5.63,53.31,30,1.03,40,0,16.67,0,0.00,99,1,0.03,0.03,29,95,21,61,0,0,0,0,0,64,45,52,48,0,75,53,32,84,9,30,98,36,N/A,N/A
Callum McCowatt,27,925455600,1999/04/30,Superliga,2025/2026,Midfielder,Silkeborg,2504,1336,1168,New Zealand,32,16,16,11,3,8,5,1,4,0,0,3,2,1,57,23,34,4,0,0.58,0.18,0.4,0.2,0.62,228,2.05,44,78,626,501,0.14,25,60,-1,2,240303,7.23,0.16,79,45.20,39.28,64,1257,31.38,1004,42,36.10,61,0.00,0.00,1.19,38,0.00,1.81,1.83,1.59,51,0.00,1.47,0.00,0.00,0.00,0.56,1.28,1.53,7.00,2.77,1.22,2.03,0.00,1.19,0.41,0.00,0.72,0.00,0.00,0,0,,77,2.41,91,38,1.37,97,39,1.40,83,3,2,30,68,0.00,99,0,18,0.65,40,58,55,2.09,71,0,0.00,99,0,0.00,0,0,0.00,0,1.37,78,65,2.34,76,41,1.47,63.08,0,0.00,0,0,0,0.00,0,49,0.00,10,1.76,77,N/A,N/A,N/A,N/A,0.00,0,0.00,0,13.02,0.00,0,79.87,49.35,81,41,0.59,0.68,19,86,84,0,0,0,0.06,0.07,2,29,231.49,0.81,0.93,26,0,0.00,0.00,99,0.00,0,0,2,0.06,0.07,0,0.00,0.00,0.11,0.09,3,1,14.29,75,87,99,42,12,6.34,83,0.20,0.23,13.02,94,0.41,0.47,78,39,1.22,1.40,0.97,0.84,48,27,0.47,92,98,25,84,0,59,48,0,0.00,99,23,0.00,0.83,10.61,9.22,295,154,76,66,5.54,4.81,52.20,47,1.69,16,0,20.69,0,0.00,99,12,0.38,0.43,70,95,38,61,1,1,1,3,3,92,91,98,68,0,68,15,64,53,4,12,63,17,N/A,N/A
Charly Ngos Nouck Horneman,22,1079856000,2004/03/21,Superliga,2025/2026,Forward,Viborg,1619,742,877,Denmark,29,14,15,6,2,4,3,1,2,0,0,9,3,6,25,10,15,1,0,0.5,0.17,0.33,0.24,0.41,270,1.39,65,56,1619,540,0.06,43,69,-1,1,120151,6.91,0.1,74,14.24,8.86,2,248,6.25,175,10,10.05,2,0.00,0.00,0.86,24,0.00,2.32,0.86,0.54,15,0.00,1.14,0.00,0.00,0.00,0.29,1.54,0.79,9.83,3.39,1.29,3.71,0.00,0.82,0.31,0.00,0.11,0.00,0.00,0,0,,59,2.11,97,23,1.32,96,36,2.07,97,2,8,21,21,0.00,99,0,8,0.46,29,65,47,3.73,88,0,0.00,99,0,0.00,0,0,0.00,0,1.38,80,104,5.97,99,43,2.47,41.35,0,0.00,0,0,0,0.00,0,22,0.00,49,1.26,52,N/A,N/A,N/A,N/A,0.00,0,0.00,0,8.62,0.00,0,70.56,38.98,57,56,0.32,0.52,9,98,42,0,0,0,0.07,0.11,2,34,193.58,0.29,0.46,8,0,0.00,0.00,99,0.00,0,0,1,0.04,0.06,0,0.00,0.00,0.23,0.14,4,1,10.17,58,59,81,47,50,3.01,58,0.11,0.17,8.62,96,0.31,0.50,77,24,0.86,1.38,1.38,0.86,71,24,0.50,95,79,7,79,0,76,7,0,0.00,99,3,0.00,0.17,12.58,7.82,219,83,57,87,4.77,2.96,37.90,32,1.84,11,0,18.46,0,0.00,99,12,0.43,0.69,82,67,75,44,0,1,0,3,0,85,84,89,71,0,40,75,92,25,1,3,24,17,N/A,N/A
Chidiebube Gideon Duru,26,933404400,1999/07/31,Superliga,2025/2026,Defender,SønderjyskE,1076,546,530,Nigeria,20,9,11,0,0,0,0,0,0,0,0,6,2,4,22,11,11,2,1,0,0,0,0,0,0,1.84,49,54,359,0,0.25,256,256,70,27,138174,4.30,0,32,28.83,11.50,27,345,9.10,273,39,22.81,29,0.00,0.00,0.17,5,0.00,0.77,3.26,1.30,39,0.00,0.30,0.00,0.00,0.00,0.30,0.03,0.43,0.00,0.33,0.13,0.13,0.00,0.00,0.01,0.00,0.50,0.00,0.00,0,0,,4,0.13,17,0,0.00,12,4,0.33,27,3,9,11,97,0.00,99,0,9,0.75,47,23,36,1.92,70,0,0.00,99,0,0.00,0,0,0.00,0,0.42,27,4,0.33,21,1,0.08,25.00,0,0.00,0,0,0,0.00,0,13,0.00,21,1.09,36,N/A,N/A,N/A,N/A,0.00,0,0.00,0,0.19,0.00,0,79.13,0.00,12,2,0.70,1.75,21,17,17,0,0,0,0.17,0.42,5,75,129.15,1.80,4.51,54,0,0.00,0.00,99,0.00,0,0,0,0.00,0.00,0,0.00,0.00,0.08,0.03,1,0,0.00,33,34,38,30,23,0.80,13,0.03,0.07,0.19,16,0.01,0.02,48,11,0.37,0.92,1.75,0.70,84,21,0.02,15,10,89,64,0,51,66,0,0.00,99,15,0.00,1.25,11.11,4.43,133,66,75,73,5.52,2.20,49.62,9,0.75,53,0,13.04,0,0.00,99,3,0.10,0.25,60,33,79,61,0,0,0,0,0,15,30,49,43,0,45,70,40,77,1,5,33,23,N/A,N/A
Christian Gammelgaard,23,1047283200,2003/03/10,Superliga,2025/2026,Forward,Vejle,2348,1237,1111,Denmark,32,16,16,8,5,3,5,2,3,0,0,4,3,1,47,19,28,2,0,0.5,0.19,0.31,0.36,0.24,294,1.8,50,73,1174,470,0.08,50,50,-1,1,142272,6.86,0.16,82,20.67,16.88,13,540,12.94,414,28,15.85,15,0.00,0.00,1.00,32,0.00,3.44,0.54,0.44,14,0.00,0.91,0.00,0.00,0.00,0.22,0.19,1.34,6.12,1.88,0.81,0.62,0.00,0.72,0.28,0.00,0.34,0.00,0.00,0,0,,49,1.53,72,23,0.88,78,26,1.00,67,7,3,29,14,0.00,99,0,7,0.27,16,110,61,4.21,91,0,0.00,99,0,0.00,0,0,0.00,0,1.23,71,20,0.77,38,6,0.23,30.00,0,0.00,0,0,0,0.00,0,43,0.00,24,1.65,74,N/A,N/A,N/A,N/A,0.00,0,0.00,0,9.10,0.00,0,76.67,46.94,78,68,0.34,0.42,11,29,22,2,0,0,0.00,0.00,0,22,219.63,0.59,0.73,19,0,0.00,0.00,99,0.00,0,2,1,0.03,0.04,0,0.00,0.00,0.27,0.22,7,0,16.33,78,82,99,50,24,4.98,68,0.16,0.19,7.70,76,0.24,0.29,28,16,0.50,0.61,1.00,0.81,49,26,0.35,78,73,16,73,0,80,24,0,0.00,99,11,0.00,0.42,5.86,4.78,153,45,8,15,1.72,1.41,29.41,29,1.11,36,0,22.73,0,0.00,99,25,0.78,0.96,91,89,45,95,0,0,0,0,0,85,81,75,84,0,47,27,87,32,2,6,37,7,N/A,N/A
Christian Nikolaj Sørensen,33,713084400,1992/08/06,Superliga,2025/2026,Defender,Vejle,2028,979,1049,Denmark,25,11,14,0,0,0,3,1,2,0,0,4,3,1,37,13,24,2,0,0.13,0.13,0,0,0,0,1.64,55,81,1014,676,0.09,221,101,60,32,204257,5.84,0.12,65,49.57,38.52,70,1117,29.90,867,32,38.48,66,0.00,0.00,0.90,26,0.00,3.90,1.20,0.93,27,0.00,0.10,0.00,0.00,0.00,0.59,0.24,1.14,0.00,1.15,0.62,0.48,0.00,0.28,0.06,0.00,0.45,0.00,0.00,0,0,,26,0.90,51,8,0.36,51,18,0.80,55,2,2,23,37,0.00,99,0,17,0.75,47,113,48,5.01,96,0,0.00,99,0,0.00,0,0,0.00,0,1.15,67,14,0.62,31,7,0.31,50.00,0,0.00,0,0,0,0.00,0,33,0.00,32,1.46,64,N/A,N/A,N/A,N/A,0.00,0,0.00,0,1.87,0.00,0,77.62,30.77,37,27,0.72,0.93,21,34,64,0,0,0,0.38,0.49,11,79,169.50,1.79,2.31,52,0,0.00,0.00,99,0.00,0,0,0,0.00,0.00,0,0.00,0.00,0.00,0.00,0,0,0.00,33,70,58,30,33,4.40,73,0.15,0.20,1.87,38,0.06,0.08,26,13,0.45,0.58,0.75,0.59,29,17,0.08,37,29,69,64,0,39,37,0,0.00,99,13,0.00,0.58,5.46,4.24,123,60,13,12,2.66,2.07,48.78,3,0.13,85,0,18.58,0,0.00,99,21,0.72,0.93,90,71,38,44,0,0,0,0,0,36,30,49,43,0,64,33,83,36,2,8,49,3,N/A,N/A
Christoffer Maul Petersen,28,877330800,1997/10/20,Superliga,2025/2026,Forward,Fredericia,0,0,0,Denmark,0,0,0,0,0,0,0,0,0,0,0,0,0,0,0,0,0,0,0,0,0,0,0,0,0,0,0,0,0,0,0,-1,-1,-1,-1,N/A,N/A,N/A,N/A,N/A,N/A,N/A,N/A,N/A,N/A,N/A,N/A,N/A,N/A,N/A,N/A,N/A,N/A,N/A,N/A,N/A,N/A,N/A,N/A,N/A,N/A,N/A,N/A,N/A,N/A,N/A,N/A,N/A,N/A,N/A,N/A,N/A,N/A,N/A,N/A,N/A,N/A,N/A,N/A,N/A,N/A,N/A,N/A,N/A,N/A,N/A,N/A,N/A,N/A,N/A,N/A,N/A,N/A,N/A,N/A,N/A,N/A,N/A,N/A,N/A,N/A,N/A,N/A,N/A,N/A,N/A,N/A,N/A,N/A,N/A,N/A,N/A,N/A,N/A,N/A,N/A,N/A,N/A,N/A,N/A,N/A,N/A,N/A,N/A,N/A,N/A,N/A,N/A,N/A,N/A,N/A,N/A,N/A,N/A,N/A,N/A,N/A,N/A,N/A,N/A,N/A,N/A,N/A,N/A,N/A,N/A,N/A,N/A,N/A,N/A,N/A,N/A,N/A,N/A,N/A,N/A,N/A,N/A,N/A,N/A,N/A,N/A,N/A,N/A,N/A,N/A,N/A,N/A,N/A,N/A,N/A,N/A,N/A,N/A,N/A,N/A,N/A,N/A,N/A,N/A,N/A,N/A,N/A,N/A,N/A,N/A,N/A,N/A,N/A,N/A,N/A,N/A,N/A,N/A,N/A,N/A,N/A,N/A,N/A,N/A,N/A,N/A,N/A,N/A,N/A,N/A,N/A,N/A,N/A,N/A,N/A,N/A,N/A,N/A,N/A,N/A,N/A,N/A,N/A,N/A,N/A,N/A,N/A,N/A,N/A,N/A,N/A,N/A,N/A,N/A,N/A,N/A,N/A,N/A,N/A,N/A,N/A,N/A,N/A,N/A,N/A,N/A,N/A,N/A,N/A,N/A,N/A,N/A,N/A,N/A,N/A,N/A,N/A,N/A,N/A,N/A,N/A,N/A,N/A
Christoffer Petersen,28,877330800,1997/10/20,Superliga,2025/2026,Goalkeeper,Fredericia,0,0,0,Denmark,0,0,0,0,0,0,0,0,0,0,0,0,0,0,0,0,0,0,0,0,0,0,0,0,0,0,0,0,0,0,0,-1,-1,-1,-1,N/A,N/A,N/A,N/A,N/A,N/A,N/A,N/A,N/A,N/A,N/A,N/A,N/A,N/A,N/A,N/A,N/A,N/A,N/A,N/A,N/A,N/A,N/A,N/A,N/A,N/A,N/A,N/A,N/A,N/A,N/A,N/A,N/A,N/A,N/A,N/A,N/A,N/A,N/A,N/A,N/A,N/A,N/A,N/A,N/A,N/A,N/A,N/A,N/A,N/A,N/A,N/A,N/A,N/A,N/A,N/A,N/A,N/A,N/A,N/A,N/A,N/A,N/A,N/A,N/A,N/A,N/A,N/A,N/A,N/A,N/A,N/A,N/A,N/A,N/A,N/A,N/A,N/A,N/A,N/A,N/A,N/A,N/A,N/A,N/A,N/A,N/A,N/A,N/A,N/A,N/A,N/A,N/A,N/A,N/A,N/A,N/A,N/A,N/A,N/A,N/A,N/A,N/A,N/A,N/A,N/A,N/A,N/A,N/A,N/A,N/A,N/A,N/A,N/A,N/A,N/A,N/A,N/A,N/A,N/A,N/A,N/A,N/A,N/A,N/A,N/A,N/A,N/A,N/A,N/A,N/A,N/A,N/A,N/A,N/A,N/A,N/A,N/A,N/A,N/A,N/A,N/A,N/A,N/A,N/A,N/A,N/A,N/A,N/A,N/A,N/A,N/A,N/A,N/A,N/A,N/A,N/A,N/A,N/A,N/A,N/A,N/A,N/A,N/A,N/A,N/A,N/A,N/A,N/A,N/A,N/A,N/A,N/A,N/A,N/A,N/A,N/A,N/A,N/A,N/A,N/A,N/A,N/A,N/A,N/A,N/A,N/A,N/A,N/A,N/A,N/A,N/A,N/A,N/A,N/A,N/A,N/A,N/A,N/A,N/A,N/A,N/A,N/A,N/A,N/A,N/A,N/A,N/A,N/A,N/A,N/A,N/A,N/A,N/A,N/A,N/A,N/A,N/A,N/A,N/A,N/A,N/A,N/A,N/A
Clement Bischoff,20,1134720000,2005/12/16,Superliga,2025/2026,Midfielder,Brøndby,479,243,236,Denmark,7,4,3,1,0,1,1,1,0,0,0,3,1,2,4,2,2,1,0,0.38,0.19,0.19,0,0.38,479,0.75,120,68,479,479,0.19,85,49,-1,17,0,7.19,0.14,82,37.77,28.71,49,201,24.14,169,64,31.75,51,0.00,0.00,2.29,16,0.00,3.29,1.69,1.29,9,0.00,1.71,0.00,0.00,0.00,0.29,2.00,0.57,16.00,3.01,1.57,4.00,0.00,0.71,0.27,0.00,0.00,0.00,0.00,0,0,,16,2.29,95,5,0.94,80,11,2.07,97,2,2,5,59,0.00,99,0,2,0.38,24,23,45,4.32,92,0,0.00,99,0,0.00,0,0,0.00,0,3.01,99,28,5.26,97,14,2.63,50.00,0,0.00,0,0,0,0.00,0,4,0.00,96,0.75,9,N/A,N/A,N/A,N/A,0.00,0,0.00,0,1.91,0.00,0,84.08,31.25,38,12,0.86,1.13,6,98,64,0,0,0,0.00,0.00,0,22,50.33,0.71,0.94,5,0,0.00,0.00,99,0.00,0,0,1,0.14,0.19,0,0.00,0.00,0.00,0.00,0,0,6.25,37,10,4,62,96,1.64,96,0.23,0.31,1.91,82,0.27,0.36,85,9,1.29,1.69,0.94,0.71,44,5,0.36,80,97,26,97,0,39,2,0,0.00,99,0,0.00,0.00,13.53,10.29,72,32,85,91,6.01,4.57,44.44,12,2.25,4,0,17.39,0,0.00,99,4,0.57,0.75,86,14,38,44,0,0,0,0,0,74,69,89,43,0,12,98,53,64,1,14,71,37,0,0
Cyril Edudzi,20,1137312000,2006/01/15,Superliga,2025/2026,Midfielder,Randers,432,220,212,Ghana,8,5,3,2,1,1,0,0,0,0,0,2,2,0,5,2,3,1,1,0.42,0,0.42,0.41,0.42,216,1.04,86,54,216,0,0.42,21,172,-1,8,0,5.30,0,32,20.46,9.80,13,98,7.20,72,16,15.03,13,0.00,0.00,0.50,5,0.00,0.50,1.04,0.50,5,0.00,0.50,0.00,0.00,0.00,0.10,0.90,0.50,5.00,2.09,0.40,1.80,0.00,0.60,0.21,0.00,0.10,0.00,0.00,0,0,,10,1.00,78,6,1.25,93,4,0.84,58,5,2,6,28,0.00,99,0,1,0.21,14,5,53,1.04,53,0,0.00,99,0,0.00,0,0,0.00,0,1.04,58,18,3.76,92,9,1.88,50.00,0,0.00,0,0,0,0.00,0,5,0.00,77,1.04,31,N/A,N/A,N/A,N/A,0.00,0,0.00,0,2.15,0.00,0,73.47,60.00,97,47,0.30,0.63,3,94,64,0,0,0,0.00,0.00,0,22,53.02,0.00,0.00,0,0,0.00,0.00,99,0.00,0,0,0,0.00,0.00,0,0.00,0.00,0.63,0.30,3,0,20.00,91,5,5,39,77,0.37,17,0.04,0.08,2.15,93,0.21,0.45,69,6,0.60,1.25,1.46,0.70,75,7,0.45,91,19,1,64,0,93,10,0,0.00,99,1,0.00,0.21,12.11,5.80,58,21,47,83,4.39,2.10,36.21,5,1.04,39,0,20.00,0,0.00,99,1,0.10,0.21,54,19,38,80,0,0,0,0,0,78,92,91,89,0,12,48,21,95,0,0,18,33,0,0
Dalton Wilkins,27,924159600,1999/04/15,Superliga,2025/2026,Defender,SønderjyskE,120,72,48,New Zealand,7,4,3,0,0,0,0,0,0,0,0,1,1,0,0,0,0,3,0,0,0,0,0,0,0,0,0,17,40,0,2.25,-1,-1,-1,14,0,6.58,0,32,44.25,8.43,63,59,6.43,45,25,33.75,56,0.00,0.00,0.57,4,0.00,0.71,3.00,0.57,4,0.00,0.29,0.00,0.00,0.00,0.14,0.86,0.14,0.00,0.00,0.00,1.57,0.00,0.00,0.00,0.00,0.57,0.00,0.00,0,0,,0,0.00,8,0,0.00,12,0,0.00,9,0,7,0,93,0.00,99,0,1,0.75,47,5,93,3.75,88,0,0.00,99,0,0.00,0,0,0.00,0,3.00,99,11,8.25,99,6,4.50,54.55,0,0.00,0,0,0,0.00,0,1,0.00,99,0.75,9,N/A,N/A,N/A,N/A,0.00,0,0.00,0,0.00,0.00,0,76.27,0.00,12,37,0.14,0.75,1,99,70,0,0,0,0.29,1.50,2,99,46.03,1.29,6.75,9,0,0.00,0.00,99,0.00,0,0,0,0.00,0.00,0,0.00,0.00,0.00,0.00,0,1,0.00,33,0,4,30,0,0.22,58,0.03,0.17,0.00,9,0.00,0.00,99,6,0.86,4.50,4.50,0.86,99,6,0.00,8,53,96,64,0,39,94,0,0.00,99,4,0.00,3.00,26.25,5.00,35,20,99,99,15.00,2.86,57.14,2,1.50,20,0,40.00,0,0.00,99,2,0.29,1.50,99,0,69,11,0,0,0,0,0,15,30,49,43,0,12,30,16,99,3,43,99,13,0,0
Damian van Bruggen,30,827136000,1996/03/18,Superliga,2025/2026,Defender,Vejle,0,0,0,Netherlands,0,0,0,0,0,0,0,0,0,0,0,0,0,0,0,0,0,0,0,0,0,0,0,0,0,0,0,0,0,0,0,-1,-1,-1,-1,N/A,N/A,N/A,N/A,N/A,N/A,N/A,N/A,N/A,N/A,N/A,N/A,N/A,N/A,N/A,N/A,N/A,N/A,N/A,N/A,N/A,N/A,N/A,N/A,N/A,N/A,N/A,N/A,N/A,N/A,N/A,N/A,N/A,N/A,N/A,N/A,N/A,N/A,N/A,N/A,N/A,N/A,N/A,N/A,N/A,N/A,N/A,N/A,N/A,N/A,N/A,N/A,N/A,N/A,N/A,N/A,N/A,N/A,N/A,N/A,N/A,N/A,N/A,N/A,N/A,N/A,N/A,N/A,N/A,N/A,N/A,N/A,N/A,N/A,N/A,N/A,N/A,N/A,N/A,N/A,N/A,N/A,N/A,N/A,N/A,N/A,N/A,N/A,N/A,N/A,N/A,N/A,N/A,N/A,N/A,N/A,N/A,N/A,N/A,N/A,N/A,N/A,N/A,N/A,N/A,N/A,N/A,N/A,N/A,N/A,N/A,N/A,N/A,N/A,N/A,N/A,N/A,N/A,N/A,N/A,N/A,N/A,N/A,N/A,N/A,N/A,N/A,N/A,N/A,N/A,N/A,N/A,N/A,N/A,N/A,N/A,N/A,N/A,N/A,N/A,N/A,N/A,N/A,N/A,N/A,N/A,N/A,N/A,N/A,N/A,N/A,N/A,N/A,N/A,N/A,N/A,N/A,N/A,N/A,N/A,N/A,N/A,N/A,N/A,N/A,N/A,N/A,N/A,N/A,N/A,N/A,N/A,N/A,N/A,N/A,N/A,N/A,N/A,N/A,N/A,N/A,N/A,N/A,N/A,N/A,N/A,N/A,N/A,N/A,N/A,N/A,N/A,N/A,N/A,N/A,N/A,N/A,N/A,N/A,N/A,N/A,N/A,N/A,N/A,N/A,N/A,N/A,N/A,N/A,N/A,N/A,N/A,N/A,N/A,N/A,N/A,N/A,N/A,N/A,N/A,N/A,N/A,N/A,N/A
Daniel Anyembe,27,901090800,1998/07/22,Superliga,2025/2026,Defender,Viborg,2441,1199,1242,Denmark,29,15,14,1,0,1,0,0,0,0,0,7,3,4,43,19,24,3,0,0.04,0,0.04,0,0.07,2441,1.59,57,84,814,0,0.11,168,225,57,17,120151,6.24,0,32,69.77,63.10,93,1893,56.13,1684,89,62.06,92,0.00,0.00,0.17,5,0.00,0.33,0.92,0.83,25,0.00,0.13,0.00,0.00,0.00,0.77,0.13,1.37,7.00,0.26,0.17,0.30,0.00,0.07,0.04,0.00,0.70,0.00,0.00,0,0,,7,0.23,14,2,0.07,18,5,0.18,14,2,2,27,23,0.00,99,0,23,0.85,53,10,31,0.37,31,0,0.00,99,0,0.00,0,0,0.00,0,0.18,11,9,0.33,21,4,0.15,44.44,0,0.00,0,0,0,0.00,0,41,0.00,36,1.51,67,N/A,N/A,N/A,N/A,0.00,0,0.00,0,1.10,0.00,0,88.96,28.57,33,90,0.13,0.15,4,21,47,1,0,0,0.47,0.52,14,80,187.32,4.57,5.05,137,0,0.00,0.00,99,0.00,0,1,0,0.00,0.00,0,0.00,0.00,0.00,0.00,0,0,14.29,75,86,81,98,37,4.06,47,0.14,0.15,0.40,11,0.01,0.01,26,16,0.53,0.59,0.44,0.40,15,12,0.04,24,40,91,64,0,39,45,0,0.00,99,21,0.00,0.77,4.13,3.73,112,65,12,10,2.40,2.17,58.04,4,0.15,83,0,10.00,0,0.00,99,1,0.03,0.04,31,84,38,44,0,0,0,0,0,20,36,52,43,0,40,45,73,44,3,10,59,24,N/A,N/A
Daniel Bisgaard Haarbo,23,1047628800,2003/03/14,Superliga,2025/2026,Midfielder,Fredericia,116,58,58,Denmark,3,1,2,0,0,0,0,0,0,0,0,0,0,0,2,0,2,1,0,0,0,0,0,0,0,1.55,58,39,116,0,0.78,-1,-1,-1,25,43314,0.88,0,32,38.57,3.00,50,45,2.80,42,99,36.00,60,0.00,0.00,0.00,0,0.00,0.00,2.57,0.20,3,0.00,0.00,0.00,0.00,0.00,0.13,0.00,0.07,0.00,0.00,0.00,0.07,0.00,0.00,0.00,0.00,0.00,0.00,0.00,0,0,,0,0.00,8,0,0.00,12,0,0.00,9,3,2,1,87,0.00,99,0,2,1.71,93,0,27,0.00,11,0,0.00,99,0,0.00,0,0,0.00,0,0.00,7,1,0.86,41,0,0.00,0.00,0,0.00,0,0,0,0.00,0,1,0.00,39,0.86,18,N/A,N/A,N/A,N/A,0.00,0,0.00,0,0.00,0.00,0,93.33,0.00,12,99,0.00,0.00,0,11,11,0,0,0,0.07,0.86,1,93,13.13,0.20,2.57,3,0,0.00,0.00,99,0.00,0,0,0,0.00,0.00,0,0.00,0.00,0.00,0.00,0,0,0.00,33,0,0,30,39,0.08,13,0.01,0.07,0.00,9,0.00,0.00,41,1,0.07,0.86,2.57,0.20,98,3,0.00,8,0,72,64,0,39,2,0,0.00,99,0,0.00,0.00,6.86,0.53,8,4,24,23,3.43,0.27,50.00,0,0.00,99,0,0.00,0,0.00,99,0,0.00,0.00,27,0,38,61,0,0,0,0,0,15,30,49,43,0,18,3,16,99,1,33,99,20,N/A,N/A
Daniel Filipe Bandeira e Silva,26,955436400,2000/04/11,Superliga,2025/2026,Midfielder,Midtjylland,398,348,50,Portugal,10,6,4,0,0,0,2,1,1,0,0,4,1,3,9,8,1,1,0,0.45,0.45,0,0,0,0,2.04,44,40,398,199,0.23,248,5,-1,26,564713,4.30,0.2,99,71.01,19.62,93,314,17.88,286,96,64.67,96,0.00,0.00,0.38,6,0.00,0.25,1.81,0.50,8,0.00,0.12,0.00,0.00,0.00,0.38,0.12,0.12,0.00,0.68,0.12,0.25,0.00,0.06,0.01,0.00,0.25,0.00,0.00,0,0,,3,0.19,36,1,0.23,40,2,0.45,38,2,6,4,67,0.00,99,0,6,1.36,80,4,71,0.90,51,0,0.00,99,0,0.00,0,0,0.00,0,1.36,78,4,0.90,42,2,0.45,50.00,0,0.00,0,0,0,0.00,0,2,0.00,11,0.45,2,N/A,N/A,N/A,N/A,0.00,0,0.00,0,0.22,0.00,0,91.08,33.33,47,82,0.06,0.23,1,43,64,0,0,0,0.25,0.90,4,96,68.85,0.44,1.58,7,0,0.00,0.00,99,0.00,0,0,0,0.00,0.00,0,0.00,0.00,0.00,0.00,0,0,0.00,33,2,7,30,12,1.99,99,0.12,0.45,0.22,26,0.01,0.05,10,1,0.06,0.23,0.90,0.25,40,4,0.05,26,10,49,64,0,39,51,0,0.00,99,4,0.00,0.90,5.65,1.56,25,15,23,14,3.39,0.94,60.00,2,0.45,67,0,25.00,0,0.00,99,1,0.06,0.23,56,9,61,44,0,0,0,0,0,82,30,49,43,0,89,97,47,73,1,10,59,80,N/A,N/A
Daniel Høegh,35,663148800,1991/01/06,Superliga,2025/2026,Defender,Randers,2614,1378,1236,Denmark,30,16,14,4,4,0,0,0,0,0,0,9,6,3,33,19,14,6,0,0.14,0,0.14,0.26,0,654,1.14,79,87,436,0,0.21,106,213,27,2,260831,6.88,0,32,67.10,62.87,91,1949,54.55,1691,83,58.22,91,0.00,0.00,0.10,3,0.00,0.06,1.51,1.42,44,0.00,0.16,0.00,0.00,0.00,1.32,0.16,0.97,5.50,0.76,0.35,0.19,0.00,0.35,0.14,0.00,3.42,0.00,0.00,0,0,,22,0.71,41,11,0.38,53,11,0.38,31,1,0,30,50,0.00,99,0,41,1.41,83,2,98,0.07,15,0,0.00,99,0,0.00,0,0,0.00,0,0.10,9,6,0.21,18,5,0.17,83.33,0,0.00,0,0,0,0.00,0,30,0.00,68,1.03,30,N/A,N/A,N/A,N/A,0.00,0,0.00,0,4.29,0.00,0,86.76,50.00,88,90,0.13,0.14,4,23,96,0,0,0,0.48,0.52,15,80,213.24,5.74,6.13,178,2,0.00,0.07,9,0.06,0,0,1,0.03,0.03,0,0.00,0.00,0.00,0.00,0,1,18.18,84,93,88,71,68,4.23,47,0.14,0.15,4.29,55,0.14,0.15,31,19,0.61,0.65,0.69,0.65,22,20,0.15,54,76,95,68,0,39,98,0,0.00,99,106,0.00,3.65,8.64,8.10,251,174,85,42,5.99,5.61,69.32,5,0.17,82,0,50.00,0,0.00,99,1,0.03,0.03,29,95,21,27,0,1,0,3,0,40,61,49,74,0,69,70,50,68,6,20,85,3,N/A,N/A
Daniel Ingi Jóhannesson,19,1175583600,2007/04/03,Superliga,2025/2026,Midfielder,Nordsjælland,11,0,11,Iceland,2,0,2,0,0,0,1,0,1,0,0,1,0,1,0,0,0,0,0,8.18,8.18,0,0,0,0,0,0,6,0,11,0,-1,-1,-1,22,84106,0.98,0.5,99,57.27,1.00,82,7,0.43,3,0,24.55,33,0.00,0.00,0.14,1,0.00,0.00,8.18,0.14,1,0.00,0.00,0.00,0.00,0.00,0.14,0.00,0.00,0.00,0.00,0.00,0.00,0.00,0.00,0.00,0.00,0.00,0.00,0.00,0,0,,0,0.00,8,0,0.00,12,0,0.00,9,0,2,0,99,0.00,99,0,1,8.18,99,0,27,0.00,11,0,0.00,99,0,0.00,0,0,0.00,0,8.18,99,0,0.00,9,0,0.00,0.00,0,0.00,0,0,0,0.00,0,0,0.00,99,0.00,0,N/A,N/A,N/A,N/A,0.00,0,0.00,0,0.00,0.00,0,42.86,0.00,12,99,0.00,0.00,0,11,11,0,0,0,0.00,0.00,0,22,6.89,0.43,24.55,3,0,0.00,0.00,99,0.00,0,0,0,0.00,0.00,0,0.00,0.00,0.00,0.00,0,0,0.00,33,0,0,30,0,0.56,99,0.08,4.58,0.00,9,0.00,0.00,1,0,0.00,0.00,0.00,0.00,6,0,0.00,8,0,99,64,0,39,2,0,0.00,99,0,0.00,0.00,16.36,0.29,2,1,98,98,8.18,0.14,50.00,0,0.00,99,0,0.00,0,0.00,99,0,0.00,0.00,27,0,38,11,0,0,0,0,0,99,30,49,43,0,22,99,16,16,0,0,18,39,N/A,N/A
Daníel Leó Grétarsson,30,812617200,1995/10/02,Superliga,2025/2026,Defender,SønderjyskE,2215,1360,855,Iceland,27,16,11,3,3,0,2,1,1,0,0,9,4,5,35,18,17,6,0,0.2,0.08,0.12,0.2,0,738,1.42,63,82,369,1108,0.24,120,121,45,8,142272,6.68,0.07,52,47.46,41.71,67,1168,31.82,891,26,36.20,62,0.00,0.00,0.89,25,0.00,2.00,2.72,2.39,67,0.00,0.25,0.00,0.00,0.00,1.36,0.32,0.89,9.00,0.73,0.50,0.71,0.00,0.14,0.08,0.00,1.57,0.00,0.00,0,0,,18,0.64,40,4,0.16,30,14,0.57,47,3,0,27,89,0.00,99,0,38,1.54,86,56,85,2.28,74,0,0.00,99,0,0.00,0,0,0.00,0,1.02,56,20,0.81,39,9,0.37,45.00,0,0.00,0,0,0,0.00,0,25,0.00,48,1.02,29,N/A,N/A,N/A,N/A,0.00,0,0.00,0,2.33,0.00,0,76.28,22.22,24,7,1.18,1.34,33,38,48,0,0,0,0.50,0.57,14,83,186.90,4.14,4.71,116,0,0.00,0.00,99,0.00,0,0,0,0.00,0.00,0,0.00,0.00,0.00,0.00,0,0,11.11,62,76,68,75,47,4.08,58,0.15,0.17,2.33,42,0.08,0.09,35,18,0.64,0.73,1.18,1.04,58,29,0.09,41,59,89,64,0,39,80,0,0.00,99,44,0.00,1.79,10.28,9.04,253,136,76,62,5.53,4.86,53.75,7,0.28,76,0,32.14,0,0.00,99,18,0.64,0.73,85,84,21,61,0,0,0,0,0,51,56,49,68,0,47,83,41,75,6,22,88,4,N/A,N/A
Daniel Lønborg Thøgersen,26,947318400,2000/01/08,Superliga,2025/2026,Defender,Fredericia,30,20,10,Denmark,2,1,1,0,0,0,0,0,0,0,0,0,0,0,2,1,1,0,0,0,0,0,0,0,0,6,15,15,0,0,0,-1,-1,-1,23,46859,1.77,0,32,24.00,1.14,20,8,1.00,7,85,21.00,27,0.00,0.00,0.00,0,0.00,1.00,3.00,0.14,1,0.00,0.00,0.00,0.00,0.00,0.14,0.00,0.14,0.00,0.00,0.00,0.14,0.00,0.00,0.00,0.00,0.00,0.00,0.00,0,0,,0,0.00,8,0,0.00,12,0,0.00,9,0,2,0,93,0.00,99,0,1,3.00,99,7,27,21.00,99,0,0.00,99,0,0.00,0,0,0.00,0,0.00,7,1,3.00,87,0,0.00,0.00,0,0.00,0,0,0,0.00,0,1,0.00,0,3.00,92,N/A,N/A,N/A,N/A,0.00,0,0.00,0,0.00,0.00,0,87.50,0.00,12,99,0.00,0.00,0,11,11,0,0,0,0.00,0.00,0,22,12.42,0.14,3.00,1,0,0.00,0.00,99,0.00,0,0,0,0.00,0.00,0,0.00,0.00,0.00,0.00,0,0,0.00,33,0,0,30,0,0.02,10,0.00,0.06,0.00,9,0.00,0.00,1,0,0.00,0.00,0.00,0.00,6,0,0.00,8,1,78,64,0,39,2,0,0.00,99,0,0.00,0.00,12.00,0.57,4,1,16,81,3.00,0.14,25.00,0,0.00,99,0,0.00,0,0.00,99,0,0.00,0.00,27,0,38,11,0,0,0,0,0,15,30,49,43,0,19,3,16,16,0,0,18,2,N/A,N/A
Daniel Wass,36,612601200,1989/05/31,Superliga,2025/2026,Midfielder,Brøndby,1435,805,630,Denmark,25,13,12,1,1,0,2,1,1,0,0,9,3,6,14,10,4,2,1,0.19,0.13,0.06,0.11,0,1435,0.88,103,57,478,718,0.19,155,94,-1,15,1021289,5.70,0.08,65,49.10,25.97,69,779,21.93,658,67,41.47,69,0.00,0.00,0.87,26,0.00,1.87,1.58,0.83,25,0.00,0.37,0.00,0.00,0.00,0.77,0.27,0.47,21.00,1.32,0.53,0.30,0.00,0.17,0.07,0.00,0.50,0.00,0.00,0,0,,21,0.70,57,5,0.32,49,16,1.01,68,6,7,18,54,0.00,99,0,23,1.45,84,56,76,3.53,87,0,0.00,99,0,0.00,0,0,0.00,0,1.64,89,9,0.57,29,8,0.50,88.89,0,0.00,0,0,0,0.00,0,14,0.00,87,0.88,20,N/A,N/A,N/A,N/A,0.00,0,0.00,0,2.04,0.00,0,84.47,23.81,26,20,0.53,1.01,16,47,96,1,0,0,0.10,0.19,3,49,171.03,0.47,0.88,14,1,0.00,0.06,10,0.03,0,1,0,0.00,0.00,0,0.00,0.00,0.06,0.03,1,0,4.76,35,52,58,91,88,3.42,80,0.11,0.22,1.34,38,0.04,0.08,84,26,0.87,1.64,1.45,0.77,73,23,0.13,52,25,22,64,0,47,55,0,0.00,99,15,0.00,0.95,8.45,4.47,134,70,48,38,4.41,2.33,52.24,11,0.69,55,0,26.79,0,0.00,99,15,0.50,0.95,91,59,69,88,0,0,0,0,0,49,40,49,56,0,98,93,53,64,1,4,29,10,N/A,N/A
Darío Esteban Osorio Osorio,22,1074931200,2004/01/24,Superliga,2025/2026,Forward,Midtjylland,1937,942,995,Chile,28,14,14,6,4,2,6,4,2,0,0,8,2,6,20,13,7,5,0,0.56,0.28,0.28,0.38,0.18,323,0.93,97,69,387,323,0.23,63,16,-1,4,444561,7.08,0.21,95,34.01,25.24,39,732,20.59,597,50,27.74,40,0.00,0.00,1.14,33,0.00,2.66,1.77,1.31,38,0.00,0.93,0.00,0.00,0.00,0.69,2.10,0.55,11.83,3.30,1.52,3.93,0.00,0.93,0.34,0.00,0.28,0.00,0.00,0,0,,71,2.45,97,27,1.25,93,44,2.04,96,7,3,25,64,0.00,99,0,20,0.93,57,77,50,3.58,87,0,0.00,99,0,0.00,0,0,0.00,0,1.53,84,114,5.30,97,61,2.83,53.51,0,0.00,0,0,0,0.00,0,16,0.00,84,0.74,8,N/A,N/A,N/A,N/A,0.00,0,0.00,0,9.73,0.00,0,81.56,38.03,55,19,0.76,1.02,22,99,69,0,0,0,0.03,0.05,1,25,205.42,0.59,0.79,17,0,0.00,0.00,99,0.00,0,0,2,0.07,0.09,0,0.00,0.00,0.23,0.17,5,0,8.45,46,68,73,53,84,5.98,91,0.21,0.28,9.73,93,0.34,0.45,98,61,2.10,2.83,1.72,1.28,82,37,0.45,91,91,20,87,0,76,21,0,0.00,99,8,0.00,0.37,14.45,10.72,311,167,98,97,7.76,5.76,53.70,27,1.25,30,0,19.48,0,0.00,99,15,0.52,0.70,83,76,45,95,0,0,0,0,0,91,78,68,86,0,83,64,44,73,5,18,80,11,N/A,N/A
David Stojanović,16,1262246400,2009/12/31,Superliga,2025/2026,Defender,Silkeborg,0,0,0,Denmark,0,0,0,0,0,0,0,0,0,0,0,0,0,0,0,0,0,0,0,0,0,0,0,0,0,0,0,0,0,0,0,-1,-1,-1,-1,N/A,N/A,N/A,N/A,N/A,N/A,N/A,N/A,N/A,N/A,N/A,N/A,N/A,N/A,N/A,N/A,N/A,N/A,N/A,N/A,N/A,N/A,N/A,N/A,N/A,N/A,N/A,N/A,N/A,N/A,N/A,N/A,N/A,N/A,N/A,N/A,N/A,N/A,N/A,N/A,N/A,N/A,N/A,N/A,N/A,N/A,N/A,N/A,N/A,N/A,N/A,N/A,N/A,N/A,N/A,N/A,N/A,N/A,N/A,N/A,N/A,N/A,N/A,N/A,N/A,N/A,N/A,N/A,N/A,N/A,N/A,N/A,N/A,N/A,N/A,N/A,N/A,N/A,N/A,N/A,N/A,N/A,N/A,N/A,N/A,N/A,N/A,N/A,N/A,N/A,N/A,N/A,N/A,N/A,N/A,N/A,N/A,N/A,N/A,N/A,N/A,N/A,N/A,N/A,N/A,N/A,N/A,N/A,N/A,N/A,N/A,N/A,N/A,N/A,N/A,N/A,N/A,N/A,N/A,N/A,N/A,N/A,N/A,N/A,N/A,N/A,N/A,N/A,N/A,N/A,N/A,N/A,N/A,N/A,N/A,N/A,N/A,N/A,N/A,N/A,N/A,N/A,N/A,N/A,N/A,N/A,N/A,N/A,N/A,N/A,N/A,N/A,N/A,N/A,N/A,N/A,N/A,N/A,N/A,N/A,N/A,N/A,N/A,N/A,N/A,N/A,N/A,N/A,N/A,N/A,N/A,N/A,N/A,N/A,N/A,N/A,N/A,N/A,N/A,N/A,N/A,N/A,N/A,N/A,N/A,N/A,N/A,N/A,N/A,N/A,N/A,N/A,N/A,N/A,N/A,N/A,N/A,N/A,N/A,N/A,N/A,N/A,N/A,N/A,N/A,N/A,N/A,N/A,N/A,N/A,N/A,N/A,N/A,N/A,N/A,N/A,N/A,N/A,N/A,N/A,N/A,N/A,N/A,N/A
Denil Castillo,22,1080115200,2004/03/24,Superliga,2025/2026,Midfielder,Midtjylland,1725,869,856,Ecuador,26,13,13,4,1,3,4,1,3,0,0,9,2,7,16,12,4,5,0,0.42,0.21,0.21,0.1,0.32,431,0.83,108,66,345,431,0.26,76,42,-1,6,320112,6.99,0.15,86,29.55,21.77,29,566,18.31,476,64,24.85,33,0.00,0.00,0.58,15,0.00,0.42,1.72,1.27,33,0.00,0.85,0.00,0.00,0.00,0.81,0.73,0.73,5.25,1.10,0.42,1.08,0.00,0.38,0.16,0.00,1.15,0.00,0.00,0,0,,21,0.81,49,10,0.52,61,11,0.57,47,9,5,21,61,0.00,99,0,21,1.10,67,11,96,0.57,41,0,0.00,99,0,0.00,0,0,0.00,0,0.78,42,28,1.46,60,19,0.99,67.86,0,0.00,0,0,0,0.00,0,19,0.00,92,0.99,28,N/A,N/A,N/A,N/A,0.00,0,0.00,0,4.18,0.00,0,84.10,47.62,80,68,0.31,0.42,8,75,90,0,0,0,0.27,0.37,7,69,181.71,1.46,1.98,38,0,0.00,0.00,99,0.00,0,0,0,0.00,0.00,0,0.00,0.00,0.21,0.15,4,1,19.05,87,63,62,59,91,3.88,73,0.15,0.20,4.18,67,0.16,0.22,94,41,1.58,2.14,1.83,1.35,89,35,0.22,66,84,59,64,0,72,73,0,0.00,99,30,0.00,1.57,11.75,8.65,225,122,91,79,6.37,4.69,54.22,22,1.15,35,0,45.45,0,0.00,99,5,0.19,0.26,61,67,57,99,0,0,0,0,0,78,72,82,54,0,74,89,39,77,5,19,82,21,N/A,N/A
Diallo Sanoussi,19,1148886000,2006/05/29,Superliga,2025/2026,Midfielder,Nordsjælland,0,0,0,Ivory Coast,0,0,0,0,0,0,0,0,0,0,0,0,0,0,0,0,0,0,0,0,0,0,0,0,0,0,0,0,0,0,0,-1,-1,-1,-1,N/A,N/A,N/A,N/A,N/A,N/A,N/A,N/A,N/A,N/A,N/A,N/A,N/A,N/A,N/A,N/A,N/A,N/A,N/A,N/A,N/A,N/A,N/A,N/A,N/A,N/A,N/A,N/A,N/A,N/A,N/A,N/A,N/A,N/A,N/A,N/A,N/A,N/A,N/A,N/A,N/A,N/A,N/A,N/A,N/A,N/A,N/A,N/A,N/A,N/A,N/A,N/A,N/A,N/A,N/A,N/A,N/A,N/A,N/A,N/A,N/A,N/A,N/A,N/A,N/A,N/A,N/A,N/A,N/A,N/A,N/A,N/A,N/A,N/A,N/A,N/A,N/A,N/A,N/A,N/A,N/A,N/A,N/A,N/A,N/A,N/A,N/A,N/A,N/A,N/A,N/A,N/A,N/A,N/A,N/A,N/A,N/A,N/A,N/A,N/A,N/A,N/A,N/A,N/A,N/A,N/A,N/A,N/A,N/A,N/A,N/A,N/A,N/A,N/A,N/A,N/A,N/A,N/A,N/A,N/A,N/A,N/A,N/A,N/A,N/A,N/A,N/A,N/A,N/A,N/A,N/A,N/A,N/A,N/A,N/A,N/A,N/A,N/A,N/A,N/A,N/A,N/A,N/A,N/A,N/A,N/A,N/A,N/A,N/A,N/A,N/A,N/A,N/A,N/A,N/A,N/A,N/A,N/A,N/A,N/A,N/A,N/A,N/A,N/A,N/A,N/A,N/A,N/A,N/A,N/A,N/A,N/A,N/A,N/A,N/A,N/A,N/A,N/A,N/A,N/A,N/A,N/A,N/A,N/A,N/A,N/A,N/A,N/A,N/A,N/A,N/A,N/A,N/A,N/A,N/A,N/A,N/A,N/A,N/A,N/A,N/A,N/A,N/A,N/A,N/A,N/A,N/A,N/A,N/A,N/A,N/A,N/A,N/A,N/A,N/A,N/A,N/A,N/A,N/A,N/A,N/A,N/A,N/A,N/A
Dominik Kotarski,26,950169600,2000/02/10,Superliga,2025/2026,Goalkeeper,København,2700,1350,1350,Croatia,30,15,15,0,0,0,1,1,0,0,0,8,6,2,39,16,23,1,0,0.03,0.03,0,0,0,0,1.3,69,90,2700,2700,0.03,225,169,36,22,829919,6.43,0.03,34,30.83,28.91,31,925,21.91,701,23,23.37,30,0.00,0.00,0.09,3,0.00,0.00,0.00,0.00,0,0.00,0.03,0.00,0.00,2.50,0.00,0.06,3.75,0.00,0.00,0.00,0.09,0.00,0.00,0.00,0.00,0.28,0.00,0.00,0,0,,0,0.00,8,0,0.00,12,0,0.00,9,0,0,30,4,0.00,99,0,0,0.00,6,0,27,0.00,11,0,0.00,99,0,0.00,0,0,0.00,0,0.10,9,3,0.10,12,2,0.07,66.67,0,0.00,0,80,63,2.67,32,120,0.00,57,4.00,94,N/A,N/A,N/A,N/A,66.67,0,0.00,0,0.00,0.00,0,75.78,0.00,12,99,0.00,0.00,0,16,90,0,0,47,0.00,0.00,0,22,205.89,0.88,0.93,28,0,0.00,0.00,99,0.00,0,0,0,0.00,0.00,13,0.41,0.43,0.00,0.00,0,0,0.00,33,96,88,30,57,2.21,13,0.07,0.07,0.00,9,0.00,0.00,4,3,0.09,0.10,0.00,0.00,6,0,0.00,8,47,25,64,58,39,16,0,0.00,99,9,0.00,0.30,0.50,0.47,15,13,2,2,0.43,0.41,86.67,1,0.03,94,0,0.00,0,0.00,99,0,0.00,0.00,27,95,21,11,0,0,0,0,0,17,30,49,43,0,94,53,99,19,1,3,24,42,N/A,N/A
Dominik Sarapata,18,1193295600,2007/10/25,Superliga,2025/2026,Midfielder,København,0,0,0,Poland,0,0,0,0,0,0,0,0,0,0,0,0,0,0,0,0,0,0,0,0,0,0,0,0,0,0,0,0,0,0,0,-1,-1,-1,-1,N/A,N/A,N/A,N/A,N/A,N/A,N/A,N/A,N/A,N/A,N/A,N/A,N/A,N/A,N/A,N/A,N/A,N/A,N/A,N/A,N/A,N/A,N/A,N/A,N/A,N/A,N/A,N/A,N/A,N/A,N/A,N/A,N/A,N/A,N/A,N/A,N/A,N/A,N/A,N/A,N/A,N/A,N/A,N/A,N/A,N/A,N/A,N/A,N/A,N/A,N/A,N/A,N/A,N/A,N/A,N/A,N/A,N/A,N/A,N/A,N/A,N/A,N/A,N/A,N/A,N/A,N/A,N/A,N/A,N/A,N/A,N/A,N/A,N/A,N/A,N/A,N/A,N/A,N/A,N/A,N/A,N/A,N/A,N/A,N/A,N/A,N/A,N/A,N/A,N/A,N/A,N/A,N/A,N/A,N/A,N/A,N/A,N/A,N/A,N/A,N/A,N/A,N/A,N/A,N/A,N/A,N/A,N/A,N/A,N/A,N/A,N/A,N/A,N/A,N/A,N/A,N/A,N/A,N/A,N/A,N/A,N/A,N/A,N/A,N/A,N/A,N/A,N/A,N/A,N/A,N/A,N/A,N/A,N/A,N/A,N/A,N/A,N/A,N/A,N/A,N/A,N/A,N/A,N/A,N/A,N/A,N/A,N/A,N/A,N/A,N/A,N/A,N/A,N/A,N/A,N/A,N/A,N/A,N/A,N/A,N/A,N/A,N/A,N/A,N/A,N/A,N/A,N/A,N/A,N/A,N/A,N/A,N/A,N/A,N/A,N/A,N/A,N/A,N/A,N/A,N/A,N/A,N/A,N/A,N/A,N/A,N/A,N/A,N/A,N/A,N/A,N/A,N/A,N/A,N/A,N/A,N/A,N/A,N/A,N/A,N/A,N/A,N/A,N/A,N/A,N/A,N/A,N/A,N/A,N/A,N/A,N/A,N/A,N/A,N/A,N/A,N/A,N/A,N/A,N/A,N/A,N/A,N/A,N/A
Dorian Junior Hanza Meha,25,989650800,2001/05/12,Superliga,2025/2026,Forward,Viborg,1471,688,783,Spain,30,15,15,3,1,2,1,0,1,0,0,9,3,6,22,8,14,3,0,0.24,0.06,0.18,0.13,0.23,490,1.35,67,49,490,1471,0.18,90,148,-1,6,107055,6.41,0.03,43,17.11,9.37,6,281,6.23,187,4,11.39,5,0.00,0.00,0.43,13,0.00,0.03,0.79,0.43,13,0.00,0.77,0.00,0.00,0.00,0.23,0.23,0.80,13.33,2.44,0.83,0.73,0.00,0.50,0.16,0.00,1.73,0.00,0.00,0,0,,40,1.33,84,15,0.91,79,25,1.52,87,3,17,13,20,0.00,99,0,7,0.43,27,1,99,0.06,13,0,0.00,99,0,0.00,0,0,0.00,0,0.79,44,22,1.34,56,7,0.43,31.82,0,0.00,0,0,0,0.00,0,24,0.00,53,1.46,64,N/A,N/A,N/A,N/A,0.00,0,0.00,0,4.88,0.00,0,66.55,37.50,55,72,0.20,0.37,6,42,24,0,0,0,0.07,0.12,2,39,192.22,0.77,1.40,23,0,0.00,0.00,99,0.00,0,0,2,0.07,0.12,0,0.00,0.00,0.18,0.10,3,0,7.50,42,55,88,63,54,1.49,20,0.05,0.09,4.88,76,0.16,0.30,51,16,0.53,0.97,1.95,1.07,92,32,0.30,73,46,43,90,0,70,95,0,0.00,99,52,0.00,3.17,13.88,7.60,228,84,67,93,5.12,2.80,36.84,23,1.40,24,0,100.00,0,0.00,99,1,0.03,0.06,34,42,97,61,0,0,0,0,0,57,68,74,58,0,28,70,55,63,3,10,59,19,N/A,N/A
Edward Chilufya,26,937551600,1999/09/17,Superliga,2025/2026,Forward,Midtjylland,360,180,180,Zambia,12,6,6,1,0,1,1,1,0,0,0,4,1,3,4,3,1,2,1,0.5,0.25,0.25,0,0.5,360,1,90,30,120,360,0.75,68,21,-1,15,254903,3.60,0.08,93,14.75,2.95,4,59,2.00,40,4,10.00,2,0.00,0.00,0.25,5,0.00,0.25,1.75,0.35,7,0.00,0.25,0.00,0.00,0.00,0.05,0.20,0.20,7.00,1.75,0.25,0.35,0.00,0.10,0.06,0.00,0.25,0.00,0.00,0,0,,7,0.35,68,2,0.50,60,5,1.25,78,9,7,5,62,0.00,99,0,1,0.25,16,5,53,1.25,57,0,0.00,99,0,0.00,0,0,0.00,0,1.25,72,7,1.75,67,4,1.00,57.14,0,0.00,0,0,0,0.00,0,4,0.00,80,1.00,28,N/A,N/A,N/A,N/A,0.00,0,0.00,0,1.10,0.00,0,67.80,28.57,33,58,0.10,0.50,2,76,76,0,0,0,0.00,0.00,0,22,71.95,0.15,0.75,3,0,0.00,0.00,99,0.00,0,0,0,0.00,0.00,0,0.00,0.00,0.25,0.05,1,0,14.29,75,0,13,55,80,0.86,76,0.04,0.21,1.10,74,0.06,0.28,80,6,0.30,1.50,1.50,0.30,76,6,0.28,72,5,17,64,0,78,66,0,0.00,99,5,0.00,1.25,10.00,2.00,40,20,63,59,5.00,1.00,50.00,5,1.25,30,0,20.00,0,0.00,99,1,0.05,0.25,60,14,69,99,0,0,0,0,0,85,75,95,43,0,69,83,16,99,1,8,49,14,N/A,N/A
Elias Achouri,27,918633600,1999/02/10,Superliga,2025/2026,Forward,København,1323,621,702,Tunisia,20,10,10,3,0,3,3,2,1,0,0,7,5,2,16,4,12,2,0,0.41,0.2,0.2,0,0.38,441,1.09,83,66,662,441,0.14,82,46,-1,7,551304,6.54,0.15,84,33.28,23.33,37,490,19.38,407,58,27.65,40,0.00,0.00,1.19,25,0.00,2.05,1.29,0.90,19,0.00,1.24,0.00,0.00,0.00,0.29,1.05,0.67,9.33,1.90,0.86,2.57,0.00,0.48,0.18,0.00,0.43,0.00,0.00,0,0,,28,1.33,73,10,0.68,70,18,1.22,78,7,5,15,41,0.00,99,0,6,0.41,26,43,82,2.92,80,0,0.00,99,0,0.00,0,0,0.00,0,1.70,90,54,3.67,91,22,1.49,40.74,0,0.00,0,0,0,0.00,0,14,0.00,73,0.95,25,N/A,N/A,N/A,N/A,0.00,0,0.00,0,3.87,0.00,0,83.06,35.71,50,25,0.67,0.95,14,88,41,0,0,0,0.00,0.00,0,22,137.38,0.19,0.27,4,0,0.00,0.00,99,0.00,0,0,2,0.10,0.14,0,0.00,0.00,0.41,0.29,6,0,10.71,60,48,38,59,73,3.49,84,0.17,0.24,3.87,71,0.18,0.26,87,26,1.24,1.77,0.95,0.67,46,14,0.26,70,50,4,94,0,87,39,0,0.00,99,9,0.00,0.61,11.68,8.19,172,75,66,78,5.09,3.57,43.60,26,1.77,12,0,30.23,0,0.00,99,13,0.62,0.88,89,49,57,95,0,0,0,0,0,76,71,89,43,0,89,89,66,53,2,10,59,30,N/A,N/A
Elias Andersson,30,823075200,1996/01/31,Superliga,2025/2026,Defender,Randers,0,0,0,Sweden,0,0,0,0,0,0,0,0,0,0,0,0,0,0,0,0,0,0,0,0,0,0,0,0,0,0,0,0,0,0,0,-1,-1,-1,-1,N/A,N/A,N/A,N/A,N/A,N/A,N/A,N/A,N/A,N/A,N/A,N/A,N/A,N/A,N/A,N/A,N/A,N/A,N/A,N/A,N/A,N/A,N/A,N/A,N/A,N/A,N/A,N/A,N/A,N/A,N/A,N/A,N/A,N/A,N/A,N/A,N/A,N/A,N/A,N/A,N/A,N/A,N/A,N/A,N/A,N/A,N/A,N/A,N/A,N/A,N/A,N/A,N/A,N/A,N/A,N/A,N/A,N/A,N/A,N/A,N/A,N/A,N/A,N/A,N/A,N/A,N/A,N/A,N/A,N/A,N/A,N/A,N/A,N/A,N/A,N/A,N/A,N/A,N/A,N/A,N/A,N/A,N/A,N/A,N/A,N/A,N/A,N/A,N/A,N/A,N/A,N/A,N/A,N/A,N/A,N/A,N/A,N/A,N/A,N/A,N/A,N/A,N/A,N/A,N/A,N/A,N/A,N/A,N/A,N/A,N/A,N/A,N/A,N/A,N/A,N/A,N/A,N/A,N/A,N/A,N/A,N/A,N/A,N/A,N/A,N/A,N/A,N/A,N/A,N/A,N/A,N/A,N/A,N/A,N/A,N/A,N/A,N/A,N/A,N/A,N/A,N/A,N/A,N/A,N/A,N/A,N/A,N/A,N/A,N/A,N/A,N/A,N/A,N/A,N/A,N/A,N/A,N/A,N/A,N/A,N/A,N/A,N/A,N/A,N/A,N/A,N/A,N/A,N/A,N/A,N/A,N/A,N/A,N/A,N/A,N/A,N/A,N/A,N/A,N/A,N/A,N/A,N/A,N/A,N/A,N/A,N/A,N/A,N/A,N/A,N/A,N/A,N/A,N/A,N/A,N/A,N/A,N/A,N/A,N/A,N/A,N/A,N/A,N/A,N/A,N/A,N/A,N/A,N/A,N/A,N/A,N/A,N/A,N/A,N/A,N/A,N/A,N/A,N/A,N/A,N/A,N/A,N/A,N/A
Elias Hansborg-Sørensen,20,1120287600,2005/07/02,Superliga,2025/2026,Midfielder,Fredericia,180,100,80,Denmark,12,9,3,0,0,0,0,0,0,0,0,0,0,0,3,1,2,0,0,0,0,0,0,0,0,1.5,60,15,0,0,0,-1,-1,-1,24,3003,1.84,0,32,43.24,2.97,60,86,2.34,68,38,34.19,58,0.00,0.00,0.14,4,0.00,0.28,4.02,0.28,8,0.00,0.07,0.00,0.00,0.00,0.10,0.07,0.17,0.00,4.53,0.21,0.17,0.00,0.10,0.02,0.00,0.03,0.00,0.00,0,0,,9,0.31,99,3,1.51,97,6,3.02,99,5,11,1,99,0.00,99,0,3,1.51,85,8,91,4.02,89,0,0.00,99,0,0.00,0,0,0.00,0,2.01,93,5,2.51,80,2,1.01,40.00,0,0.00,0,0,0,0.00,0,5,0.00,43,2.51,91,N/A,N/A,N/A,N/A,0.00,0,0.00,0,0.59,0.00,0,79.07,33.33,47,0,0.14,2.01,4,76,40,0,0,0,0.00,0.00,0,22,53.34,0.07,1.01,2,0,0.00,0.00,99,0.00,0,0,0,0.00,0.00,0,0.00,0.00,0.00,0.00,0,0,0.00,33,0,13,30,43,0.33,58,0.01,0.17,0.59,76,0.02,0.30,80,3,0.10,1.51,0.50,0.03,15,1,0.30,73,1,31,64,0,39,33,0,0.00,99,1,0.00,0.50,13.58,0.93,27,13,92,92,6.54,0.45,48.15,2,1.01,41,0,37.50,0,0.00,99,3,0.10,1.51,99,0,86,80,0,0,0,0,0,15,30,49,43,0,12,3,16,16,0,0,18,26,N/A,N/A
Elias Rafn Olafsson,26,952761600,2000/03/11,Superliga,2025/2026,Goalkeeper,Midtjylland,2430,1170,1260,Iceland,27,13,14,1,1,0,0,0,0,0,0,9,3,6,22,14,8,0,0,0.04,0,0.04,0.08,0,2430,0.81,110,90,0,0,0,169,246,6,14,136344,6.66,0,32,30.07,28.00,30,812,18.72,543,4,20.11,24,0.00,0.00,0.00,0,0.00,0.00,0.04,0.03,1,0.00,0.00,0.00,0.00,3.07,0.03,0.00,4.00,0.00,0.00,0.00,0.00,0.00,0.00,0.00,0.00,0.28,0.00,0.00,0,0,,0,0.00,8,0,0.00,12,0,0.00,9,0,0,27,6,0.00,99,0,1,0.04,8,0,27,0.00,11,0,0.00,99,0,0.00,0,0,0.00,0,0.00,7,0,0.00,9,0,0.00,0.00,0,0.00,0,89,99,3.30,68,116,0.00,93,4.30,96,N/A,N/A,N/A,N/A,76.72,0,0.00,0,0.00,0.00,0,66.87,0.00,12,99,0.00,0.00,0,11,11,0,0,60,0.00,0.00,0,22,193.12,0.86,0.93,25,0,0.00,0.00,99,0.00,1,0,0,0.00,0.00,7,0.24,0.26,0.00,0.00,0,0,0.00,33,85,68,97,93,1.13,4,0.04,0.04,0.00,9,0.00,0.00,6,4,0.14,0.15,0.00,0.00,6,0,0.00,8,58,25,64,21,39,16,0,0.00,99,8,0.00,0.30,0.52,0.48,14,13,3,2,0.48,0.45,92.86,0,0.00,99,0,0.00,0,0.00,99,0,0.00,0.00,27,84,21,11,0,0,0,0,0,20,36,49,51,0,45,83,16,16,0,0,18,16,N/A,N/A
Elies Mahmoud,25,981792000,2001/02/10,Superliga,2025/2026,Forward,Randers,2301,1114,1187,France,32,16,16,5,2,3,4,3,1,0,0,10,6,4,29,13,16,2,0,0.35,0.16,0.2,0.16,0.23,460,1.13,79,72,1151,575,0.08,80,72,-1,1,195623,7.18,0.12,73,40.72,32.53,56,1041,26.28,841,47,32.89,54,0.00,0.00,1.62,52,0.00,4.50,2.58,2.06,66,0.00,1.28,0.00,0.00,0.00,0.31,1.91,0.84,9.80,1.92,0.91,3.19,0.00,0.62,0.22,0.00,0.22,0.00,0.00,0,0,,49,1.53,74,20,0.78,74,29,1.13,72,5,4,28,87,0.00,99,0,10,0.39,24,144,65,5.63,98,0,0.00,99,0,0.00,0,0,0.00,0,2.03,94,102,3.99,93,61,2.39,59.80,0,0.00,0,0,0,0.00,0,27,0.00,69,1.06,33,N/A,N/A,N/A,N/A,0.00,0,0.00,0,7.05,0.00,0,80.79,40.82,65,7,1.09,1.37,35,97,77,1,0,0,0.03,0.04,1,24,229.70,0.50,0.63,16,0,0.00,0.00,99,0.00,0,1,1,0.03,0.04,0,0.00,0.00,0.31,0.25,8,0,10.20,58,79,99,61,68,6.27,89,0.20,0.25,6.35,70,0.20,0.25,65,30,0.94,1.17,0.98,0.78,49,25,0.28,72,96,11,73,0,82,14,0,0.00,99,7,0.00,0.27,12.32,9.84,315,163,91,86,6.38,5.09,51.75,41,1.60,18,0,24.31,0,0.00,99,35,1.09,1.37,98,87,51,80,0,0,0,0,0,69,71,74,63,0,62,75,85,32,2,6,37,11,N/A,N/A
Eman Subašić,17,1212303600,2008/06/01,Superliga,2025/2026,Midfielder,Vejle,0,0,0,Bosnia and Herzegovina,0,0,0,0,0,0,0,0,0,0,0,0,0,0,0,0,0,0,0,0,0,0,0,0,0,0,0,0,0,0,0,-1,-1,-1,-1,N/A,N/A,N/A,N/A,N/A,N/A,N/A,N/A,N/A,N/A,N/A,N/A,N/A,N/A,N/A,N/A,N/A,N/A,N/A,N/A,N/A,N/A,N/A,N/A,N/A,N/A,N/A,N/A,N/A,N/A,N/A,N/A,N/A,N/A,N/A,N/A,N/A,N/A,N/A,N/A,N/A,N/A,N/A,N/A,N/A,N/A,N/A,N/A,N/A,N/A,N/A,N/A,N/A,N/A,N/A,N/A,N/A,N/A,N/A,N/A,N/A,N/A,N/A,N/A,N/A,N/A,N/A,N/A,N/A,N/A,N/A,N/A,N/A,N/A,N/A,N/A,N/A,N/A,N/A,N/A,N/A,N/A,N/A,N/A,N/A,N/A,N/A,N/A,N/A,N/A,N/A,N/A,N/A,N/A,N/A,N/A,N/A,N/A,N/A,N/A,N/A,N/A,N/A,N/A,N/A,N/A,N/A,N/A,N/A,N/A,N/A,N/A,N/A,N/A,N/A,N/A,N/A,N/A,N/A,N/A,N/A,N/A,N/A,N/A,N/A,N/A,N/A,N/A,N/A,N/A,N/A,N/A,N/A,N/A,N/A,N/A,N/A,N/A,N/A,N/A,N/A,N/A,N/A,N/A,N/A,N/A,N/A,N/A,N/A,N/A,N/A,N/A,N/A,N/A,N/A,N/A,N/A,N/A,N/A,N/A,N/A,N/A,N/A,N/A,N/A,N/A,N/A,N/A,N/A,N/A,N/A,N/A,N/A,N/A,N/A,N/A,N/A,N/A,N/A,N/A,N/A,N/A,N/A,N/A,N/A,N/A,N/A,N/A,N/A,N/A,N/A,N/A,N/A,N/A,N/A,N/A,N/A,N/A,N/A,N/A,N/A,N/A,N/A,N/A,N/A,N/A,N/A,N/A,N/A,N/A,N/A,N/A,N/A,N/A,N/A,N/A,N/A,N/A,N/A,N/A,N/A,N/A,N/A,N/A
Emil Monrad,18,1207378800,2008/04/05,Superliga,2025/2026,Defender,Viborg,0,0,0,Denmark,0,0,0,0,0,0,0,0,0,0,0,0,0,0,0,0,0,0,0,0,0,0,0,0,0,0,0,0,0,0,0,-1,-1,-1,-1,N/A,N/A,N/A,N/A,N/A,N/A,N/A,N/A,N/A,N/A,N/A,N/A,N/A,N/A,N/A,N/A,N/A,N/A,N/A,N/A,N/A,N/A,N/A,N/A,N/A,N/A,N/A,N/A,N/A,N/A,N/A,N/A,N/A,N/A,N/A,N/A,N/A,N/A,N/A,N/A,N/A,N/A,N/A,N/A,N/A,N/A,N/A,N/A,N/A,N/A,N/A,N/A,N/A,N/A,N/A,N/A,N/A,N/A,N/A,N/A,N/A,N/A,N/A,N/A,N/A,N/A,N/A,N/A,N/A,N/A,N/A,N/A,N/A,N/A,N/A,N/A,N/A,N/A,N/A,N/A,N/A,N/A,N/A,N/A,N/A,N/A,N/A,N/A,N/A,N/A,N/A,N/A,N/A,N/A,N/A,N/A,N/A,N/A,N/A,N/A,N/A,N/A,N/A,N/A,N/A,N/A,N/A,N/A,N/A,N/A,N/A,N/A,N/A,N/A,N/A,N/A,N/A,N/A,N/A,N/A,N/A,N/A,N/A,N/A,N/A,N/A,N/A,N/A,N/A,N/A,N/A,N/A,N/A,N/A,N/A,N/A,N/A,N/A,N/A,N/A,N/A,N/A,N/A,N/A,N/A,N/A,N/A,N/A,N/A,N/A,N/A,N/A,N/A,N/A,N/A,N/A,N/A,N/A,N/A,N/A,N/A,N/A,N/A,N/A,N/A,N/A,N/A,N/A,N/A,N/A,N/A,N/A,N/A,N/A,N/A,N/A,N/A,N/A,N/A,N/A,N/A,N/A,N/A,N/A,N/A,N/A,N/A,N/A,N/A,N/A,N/A,N/A,N/A,N/A,N/A,N/A,N/A,N/A,N/A,N/A,N/A,N/A,N/A,N/A,N/A,N/A,N/A,N/A,N/A,N/A,N/A,N/A,N/A,N/A,N/A,N/A,N/A,N/A,N/A,N/A,N/A,N/A,N/A,N/A
Emilio Simonsen,26,941353200,1999/10/31,Superliga,2025/2026,Midfielder,Fredericia,1253,667,586,Denmark,20,10,10,1,0,1,4,1,3,0,0,1,0,1,30,19,11,5,0,0.36,0.29,0.07,0,0.15,1253,2.15,42,63,251,313,0.36,149,15,-1,16,105433,6.16,0.2,96,32.54,20.59,35,453,17.23,379,60,27.22,40,0.00,0.00,1.36,30,0.00,0.36,2.44,1.55,34,0.00,0.91,0.00,0.00,0.00,0.59,0.95,1.05,24.00,1.72,0.77,2.32,0.00,0.32,0.11,0.00,0.32,0.00,0.00,0,0,,24,1.09,68,7,0.50,60,17,1.22,78,6,5,15,83,0.00,99,0,13,0.93,57,8,71,0.57,41,0,0.00,99,0,0.00,0,0,0.00,0,2.15,96,51,3.66,91,21,1.51,41.18,0,0.00,0,0,0,0.00,0,23,0.00,7,1.65,74,N/A,N/A,N/A,N/A,0.00,0,0.00,0,2.50,0.00,0,83.66,29.17,34,11,0.73,1.15,16,88,42,0,0,0,0.23,0.36,5,67,135.62,0.59,0.93,13,0,0.00,0.00,99,0.00,0,0,1,0.05,0.07,0,0.00,0.00,0.43,0.27,6,0,4.17,34,44,38,87,7,4.21,95,0.19,0.30,2.50,60,0.11,0.18,86,24,1.09,1.72,2.59,1.64,98,36,0.18,59,37,25,84,0,88,33,0,0.00,99,7,0.00,0.50,14.15,8.95,197,85,87,95,6.11,3.86,43.15,20,1.44,22,0,25.00,0,0.00,99,2,0.09,0.14,44,49,57,88,0,0,0,0,0,70,45,64,43,0,27,5,27,90,5,25,93,10,N/A,N/A
Emmanuel Dennis,28,879580800,1997/11/15,Superliga,2025/2026,Forward,Brøndby,457,223,234,Nigeria,11,6,5,1,0,1,0,0,0,0,0,4,2,2,4,1,3,3,0,0.2,0,0.2,0,0.38,457,0.79,114,42,152,0,0.59,78,178,-1,11,0,6.76,0,32,17.72,8.18,7,90,6.18,68,21,13.39,9,0.00,0.00,0.45,5,0.00,0.27,1.18,0.55,6,0.00,0.73,0.00,0.00,0.00,0.36,0.82,0.36,19.00,3.74,1.18,1.64,0.00,0.55,0.17,0.00,1.36,0.00,0.00,0,0,,19,1.73,98,6,1.18,91,13,2.56,99,3,7,4,35,0.00,99,0,4,0.79,50,3,88,0.59,41,0,0.00,99,0,0.00,0,0,0.00,0,0.98,54,18,3.54,90,9,1.77,50.00,0,0.00,0,0,0,0.00,0,4,0.00,94,0.79,12,N/A,N/A,N/A,N/A,0.00,0,0.00,0,1.87,0.00,0,75.56,31.58,38,85,0.09,0.20,1,93,64,0,0,0,0.18,0.39,2,71,74.37,0.55,1.18,6,0,0.00,0.00,99,0.00,0,0,0,0.00,0.00,0,0.00,0.00,0.79,0.36,4,0,5.26,35,8,11,60,94,0.29,10,0.03,0.06,1.87,84,0.17,0.37,98,13,1.18,2.56,3.94,1.82,99,20,0.37,81,63,37,64,0,95,94,0,0.00,99,15,0.00,2.95,18.51,8.55,94,43,99,99,8.47,3.91,45.74,8,1.58,19,0,33.33,0,0.00,99,1,0.09,0.20,53,9,69,61,0,0,0,0,0,51,71,89,43,0,12,93,18,99,3,27,96,17,0,0
Eric Kahl,24,1001574000,2001/09/27,Superliga,2025/2026,Defender,AGF,2723,1359,1364,Sweden,32,16,16,0,0,0,1,1,0,0,0,9,7,2,26,12,14,4,0,0.03,0.03,0,0,0,0,0.86,105,85,681,2723,0.13,253,166,8,24,136344,6.96,0.03,34,64.32,60.81,89,1946,54.66,1749,93,57.81,90,0.00,0.00,0.66,21,0.00,1.44,1.65,1.56,50,0.00,0.12,0.00,0.00,0.00,0.72,0.44,0.78,0.00,0.43,0.38,0.62,0.00,0.03,0.02,0.00,0.69,0.00,0.00,0,0,,13,0.41,22,1,0.03,13,12,0.40,33,5,0,32,58,0.00,99,0,23,0.76,48,46,78,1.52,62,0,0.00,99,0,0.00,0,0,0.00,0,0.69,37,20,0.66,34,14,0.46,70.00,0,0.00,0,0,0,0.00,0,25,0.00,89,0.83,15,N/A,N/A,N/A,N/A,0.00,0,0.00,0,0.63,0.00,0,89.88,7.69,13,52,0.53,0.56,17,44,91,0,0,0,0.53,0.56,17,82,222.63,2.41,2.54,77,0,0.00,0.00,99,0.00,0,0,0,0.00,0.00,0,0.00,0.00,0.00,0.00,0,0,0.00,33,97,99,30,90,4.73,53,0.15,0.16,0.63,16,0.02,0.02,45,27,0.84,0.89,0.79,0.75,33,24,0.02,15,82,72,64,0,39,44,0,0.00,99,22,0.00,0.73,6.18,5.84,187,113,32,18,3.73,3.53,60.43,4,0.13,85,0,28.26,0,0.00,99,13,0.41,0.43,70,99,21,80,0,0,0,0,0,17,30,49,43,0,45,64,67,50,4,12,63,19,N/A,N/A
Eskild Munk Dall,23,1042012800,2003/01/08,Superliga,2025/2026,Forward,Fredericia,730,444,286,Denmark,23,12,11,1,0,1,2,1,1,0,0,2,1,1,13,5,8,2,0,0.37,0.25,0.12,0,0.31,730,1.6,56,32,365,365,0.25,116,25,-1,14,110119,5.31,0.09,93,14.42,4.68,3,117,3.68,92,37,11.34,4,0.00,0.00,0.24,6,0.00,0.08,0.99,0.32,8,0.00,0.32,0.00,0.00,0.00,0.12,0.08,0.48,9.00,1.11,0.16,0.24,0.00,0.20,0.06,0.00,0.36,0.00,0.00,0,0,,9,0.36,50,5,0.62,66,4,0.49,42,3,17,6,26,0.00,99,0,3,0.37,22,2,27,0.25,26,0,0.00,99,0,0.00,0,0,0.00,0,0.74,39,6,0.74,37,2,0.25,33.33,0,0.00,0,0,0,0.00,0,12,0.00,35,1.48,65,N/A,N/A,N/A,N/A,0.00,0,0.00,0,1.49,0.00,0,78.63,55.56,92,49,0.20,0.62,5,29,30,0,0,0,0.12,0.37,3,69,132.65,0.32,0.99,8,0,0.00,0.00,99,0.00,0,0,0,0.00,0.00,0,0.00,0.00,0.86,0.28,7,0,11.11,62,21,50,74,35,1.59,73,0.06,0.20,1.49,60,0.06,0.18,29,5,0.20,0.62,1.36,0.44,69,11,0.18,59,19,29,64,0,97,62,0,0.00,99,9,0.00,1.11,8.88,2.88,72,23,14,47,2.84,0.92,31.94,8,0.99,42,0,0.00,0,0.00,99,0,0.00,0.00,27,19,97,61,0,0,0,0,0,72,56,81,43,0,29,15,41,77,2,9,52,19,N/A,N/A
Etienne Green,25,963990000,2000/07/19,Superliga,2025/2026,Goalkeeper,Fredericia,360,180,180,France,4,2,2,0,0,0,0,0,0,0,0,0,0,0,8,4,4,0,0,0,0,0,0,0,0,2,45,90,0,0,0,187,187,77,19,152412,1.47,0,32,21.75,4.58,17,87,2.84,54,1,13.50,9,0.00,0.00,0.00,0,0.00,0.00,0.00,0.00,0,0.00,0.00,0.00,0.00,1.00,0.00,0.00,1.47,0.00,0.00,0.00,0.00,0.00,0.00,0.00,0.00,0.11,0.00,0.00,0,0,,0,0.00,8,0,0.00,12,0,0.00,9,0,0,4,4,0.00,99,0,0,0.00,6,0,27,0.00,11,0,0.00,99,0,0.00,0,0,0.00,0,0.00,7,0,0.00,9,0,0.00,0.00,0,0.00,0,19,68,4.75,99,28,0.00,13,7.00,99,N/A,N/A,N/A,N/A,67.86,0,0.00,0,0.00,0.00,0,62.07,0.00,12,81,0.05,0.25,1,11,11,0,0,12,0.00,0.00,0,22,27.85,0.53,2.50,10,0,0.00,0.00,99,0.00,0,0,0,0.00,0.00,3,0.16,0.75,0.00,0.00,0,0,0.00,33,0,0,30,14,0.12,1,0.01,0.03,0.00,9,0.00,0.00,21,2,0.11,0.50,0.00,0.00,6,0,0.00,8,1,71,64,89,39,33,0,0.00,99,2,0.00,0.50,1.00,0.21,4,3,7,7,0.75,0.16,75.00,0,0.00,99,0,0.00,0,0.00,99,0,0.00,0.00,27,9,21,11,0,0,0,0,0,15,30,49,43,0,49,3,16,16,0,0,18,42,N/A,N/A
Felix Beijmo,28,886233600,1998/01/31,Superliga,2025/2026,Defender,AGF,2788,1382,1406,Sweden,32,16,16,2,1,1,6,2,4,0,0,9,7,2,28,12,16,5,0,0.26,0.19,0.06,0.07,0.06,1394,0.9,100,87,558,465,0.16,157,48,12,11,195623,7.22,0.19,82,61.04,59.09,87,1891,51.72,1655,85,53.43,87,0.00,0.00,1.75,56,0.00,5.72,1.39,1.34,43,0.00,0.28,0.00,0.00,0.00,1.22,0.34,0.81,12.00,0.77,0.50,0.62,0.00,0.25,0.10,0.00,0.56,0.00,0.00,0,0,,24,0.75,42,8,0.26,43,16,0.52,44,4,1,31,44,0.00,99,0,39,1.26,76,183,53,5.91,98,0,0.00,99,0,0.00,0,0,0.00,0,1.81,92,20,0.65,33,11,0.36,55.00,0,0.00,0,0,0,0.00,0,26,0.00,85,0.84,16,N/A,N/A,N/A,N/A,0.00,0,0.00,0,3.11,0.00,0,87.52,33.33,47,53,0.53,0.55,17,38,71,1,0,0,0.47,0.48,15,78,230.96,3.31,3.42,106,0,0.00,0.00,99,0.00,0,1,1,0.03,0.03,0,0.00,0.00,0.06,0.06,2,0,8.33,46,98,99,90,84,7.70,89,0.24,0.25,2.41,38,0.08,0.08,39,26,0.81,0.84,0.71,0.69,24,22,0.10,44,98,82,68,0,47,37,0,0.00,99,18,0.00,0.58,5.78,5.59,179,98,19,14,3.16,3.06,54.75,9,0.29,76,0,20.22,0,0.00,99,37,1.16,1.19,95,96,31,70,0,0,0,0,0,60,40,50,48,0,62,64,59,59,5,16,74,2,N/A,N/A
Felix Winther,26,958633200,2000/05/18,Superliga,2025/2026,Midfielder,Fredericia,2259,1186,1073,Denmark,27,14,13,3,1,2,2,1,1,0,0,2,1,1,46,24,22,5,0,0.2,0.08,0.12,0.08,0.17,753,1.83,49,84,452,1130,0.2,115,123,-1,7,119550,7.18,0.07,52,53.47,49.70,76,1342,42.11,1137,69,45.30,76,0.00,0.00,0.70,19,0.00,0.52,3.03,2.81,76,0.00,1.33,0.00,0.00,0.00,1.44,0.93,1.41,5.00,0.60,0.37,1.30,0.00,0.19,0.11,0.00,1.59,0.00,0.00,0,0,,15,0.56,34,5,0.20,35,10,0.40,33,5,1,26,95,0.00,99,0,39,1.55,86,14,29,0.56,40,0,0.00,99,0,0.00,0,0,0.00,0,0.76,40,35,1.39,57,25,1.00,71.43,0,0.00,0,0,0,0.00,0,38,0.00,22,1.51,67,N/A,N/A,N/A,N/A,0.00,0,0.00,0,2.87,0.00,0,84.72,33.33,47,17,0.96,1.04,26,76,93,0,0,0,0.52,0.56,14,82,193.76,3.19,3.43,86,1,0.00,0.04,16,0.04,0,0,0,0.00,0.00,0,0.00,0.00,0.04,0.04,1,0,20.00,91,77,68,75,23,4.52,63,0.17,0.18,2.87,49,0.11,0.11,62,28,1.04,1.12,1.91,1.78,91,48,0.11,47,96,82,64,0,44,77,0,0.00,99,43,0.00,1.71,12.63,11.74,317,170,94,88,6.77,6.30,53.63,36,1.43,22,0,7.14,0,0.00,99,1,0.04,0.04,31,78,31,80,0,0,0,0,0,51,56,68,51,0,37,11,52,66,5,19,82,6,N/A,N/A
Filip Bundgaard,21,1088838000,2004/07/03,Superliga,2025/2026,Forward,Brøndby,1090,572,518,Denmark,19,9,10,4,2,2,2,1,1,0,0,6,2,4,10,6,4,1,0,0.5,0.17,0.33,0.31,0.35,273,0.83,109,57,1090,545,0.08,42,71,-1,4,378477,6.26,0.11,74,21.07,11.27,14,169,9.20,138,51,17.20,17,0.00,0.00,0.53,8,0.00,0.73,1.87,1.00,15,0.00,0.73,0.00,0.00,0.00,0.20,0.33,0.67,13.00,1.62,0.47,1.07,0.00,0.40,0.12,0.00,0.47,0.00,0.00,0,0,,13,0.87,67,6,0.75,73,7,0.87,60,1,7,12,69,0.00,99,0,3,0.37,22,11,47,1.37,58,0,0.00,99,0,0.00,0,0,0.00,0,1.00,55,16,1.99,72,5,0.62,31.25,0,0.00,0,0,0,0.00,0,10,0.00,92,1.25,51,N/A,N/A,N/A,N/A,0.00,0,0.00,0,1.80,0.00,0,81.66,46.15,76,37,0.40,0.75,6,60,23,0,0,0,0.00,0.00,0,22,93.85,0.27,0.50,4,0,0.00,0.00,99,0.00,0,0,0,0.00,0.00,0,0.00,0.00,0.37,0.20,3,0,7.69,44,35,33,48,92,1.74,80,0.12,0.22,1.80,67,0.12,0.22,69,10,0.67,1.25,0.87,0.47,38,7,0.22,66,41,9,64,0,85,49,0,0.00,99,7,0.00,0.87,10.22,5.47,82,36,51,62,4.49,2.40,43.90,11,1.37,26,0,18.18,0,0.00,99,2,0.13,0.25,60,38,69,27,0,1,0,5,0,85,84,86,78,0,80,77,84,32,1,5,33,11,N/A,N/A
Filip Djukic,26,933922800,1999/08/06,Superliga,2025/2026,Goalkeeper,Viborg,0,0,0,Montenegro,0,0,0,0,0,0,0,0,0,0,0,0,0,0,0,0,0,0,0,0,0,0,0,0,0,0,0,0,0,0,0,-1,-1,-1,-1,N/A,N/A,N/A,N/A,N/A,N/A,N/A,N/A,N/A,N/A,N/A,N/A,N/A,N/A,N/A,N/A,N/A,N/A,N/A,N/A,N/A,N/A,N/A,N/A,N/A,N/A,N/A,N/A,N/A,N/A,N/A,N/A,N/A,N/A,N/A,N/A,N/A,N/A,N/A,N/A,N/A,N/A,N/A,N/A,N/A,N/A,N/A,N/A,N/A,N/A,N/A,N/A,N/A,N/A,N/A,N/A,N/A,N/A,N/A,N/A,N/A,N/A,N/A,N/A,N/A,N/A,N/A,N/A,N/A,N/A,N/A,N/A,N/A,N/A,N/A,N/A,N/A,N/A,N/A,N/A,N/A,N/A,N/A,N/A,N/A,N/A,N/A,N/A,N/A,N/A,N/A,N/A,N/A,N/A,N/A,N/A,N/A,N/A,N/A,N/A,N/A,N/A,N/A,N/A,N/A,N/A,N/A,N/A,N/A,N/A,N/A,N/A,N/A,N/A,N/A,N/A,N/A,N/A,N/A,N/A,N/A,N/A,N/A,N/A,N/A,N/A,N/A,N/A,N/A,N/A,N/A,N/A,N/A,N/A,N/A,N/A,N/A,N/A,N/A,N/A,N/A,N/A,N/A,N/A,N/A,N/A,N/A,N/A,N/A,N/A,N/A,N/A,N/A,N/A,N/A,N/A,N/A,N/A,N/A,N/A,N/A,N/A,N/A,N/A,N/A,N/A,N/A,N/A,N/A,N/A,N/A,N/A,N/A,N/A,N/A,N/A,N/A,N/A,N/A,N/A,N/A,N/A,N/A,N/A,N/A,N/A,N/A,N/A,N/A,N/A,N/A,N/A,N/A,N/A,N/A,N/A,N/A,N/A,N/A,N/A,N/A,N/A,N/A,N/A,N/A,N/A,N/A,N/A,N/A,N/A,N/A,N/A,N/A,N/A,N/A,N/A,N/A,N/A,N/A,N/A,N/A,N/A,N/A,N/A
Florian Danho,25,961570800,2000/06/21,Superliga,2025/2026,Forward,Randers,347,103,244,France,7,3,4,2,1,1,0,0,0,0,0,2,1,1,3,0,3,2,0,0.52,0,0.52,0.87,0.37,174,0.78,116,50,174,0,0.52,8,207,-1,11,0,6.77,0,32,15.90,8.12,5,65,5.75,46,11,11.25,4,0.00,0.00,0.00,0,0.00,0.25,0.49,0.25,2,0.00,0.50,0.00,0.00,0.00,0.00,0.50,0.25,10.50,5.14,1.75,1.50,0.00,0.88,0.35,0.00,1.25,0.00,0.00,0,0,,21,2.62,99,7,1.71,98,14,3.42,99,5,5,2,13,0.00,99,0,0,0.00,6,2,27,0.49,37,0,0.00,99,0,0.00,0,0,0.00,0,0.00,7,12,2.93,86,4,0.98,33.33,0,0.00,0,0,0,0.00,0,2,0.00,95,0.49,2,N/A,N/A,N/A,N/A,0.00,0,0.00,0,2.82,0.00,0,70.77,33.33,47,99,0.00,0.00,0,73,30,0,0,0,0.00,0.00,0,22,54.16,0.00,0.00,0,0,0.00,0.00,99,0.00,0,0,0,0.00,0.00,0,0.00,0.00,0.24,0.12,1,0,9.52,52,0,4,33,95,0.11,1,0.01,0.03,2.82,99,0.35,0.69,92,8,1.00,1.96,3.18,1.62,99,13,0.69,99,64,1,64,0,77,89,0,0.00,99,10,0.00,2.45,14.43,7.38,59,24,84,96,5.87,3.00,40.68,4,0.98,42,0,0.00,0,0.00,99,0,0.00,0.00,27,2,57,80,0,0,0,0,0,87,98,87,99,0,12,64,18,98,1,14,71,26,0,0
Franculino Gluda Djú,21,1088406000,2004/06/28,Superliga,2025/2026,Forward,Midtjylland,1343,745,598,Guinea-Bissau,21,11,10,17,12,5,3,2,1,0,0,6,2,4,17,13,4,5,0,1.34,0.2,1.14,1.45,0.75,79,1.14,79,64,269,448,0.34,1,45,-1,1,198250,6.88,0.14,84,18.97,12.86,9,283,10.09,222,36,14.88,13,0.00,0.00,0.77,17,0.00,0.50,1.01,0.68,15,0.00,0.91,0.00,0.00,0.00,0.32,0.55,0.50,2.47,2.81,0.77,1.68,0.00,1.14,0.66,0.00,0.45,0.00,0.00,0,0,,42,1.91,92,25,1.68,98,17,1.14,73,5,4,17,27,0.00,99,0,7,0.47,31,11,47,0.74,46,0,0.00,99,0,0.00,0,0,0.00,0,1.14,66,37,2.48,79,12,0.80,32.43,0,0.00,0,0,0,0.00,0,11,0.00,68,0.74,8,N/A,N/A,N/A,N/A,0.00,0,0.00,0,14.44,0.00,0,78.45,59.52,95,50,0.41,0.60,9,67,25,2,0,0,0.14,0.20,3,51,151.44,0.27,0.40,6,0,0.00,0.00,99,0.00,0,2,0,0.00,0.00,0,0.00,0.00,0.80,0.55,12,0,40.48,99,49,42,30,68,2.87,68,0.13,0.19,13.04,99,0.59,0.87,44,13,0.59,0.87,1.01,0.68,50,15,0.97,99,76,6,64,0,96,41,0,0.00,99,10,0.00,0.67,9.18,6.23,137,50,22,50,3.35,2.27,36.50,20,1.34,27,0,18.18,0,0.00,99,2,0.09,0.13,42,57,51,80,0,4,0,19,0,99,99,99,99,0,63,64,30,87,5,24,92,7,N/A,N/A
Frederik Alves Ibsen,24,1009872000,2002/01/01,Superliga,2025/2026,Defender,Brøndby,1231,630,601,Denmark,15,7,8,0,0,0,0,0,0,0,0,5,2,3,13,8,5,0,0,0,0,0,0,0,0,0.95,95,82,0,0,0,242,240,14,19,438553,5.40,0,32,63.90,48.56,89,874,44.11,794,95,58.05,90,0.00,0.00,0.22,4,0.00,0.06,0.88,0.67,12,0.00,0.06,0.00,0.00,0.06,1.44,0.00,1.00,0.00,0.51,0.22,0.06,0.00,0.17,0.03,0.00,1.67,0.00,0.00,0,0,,7,0.39,26,3,0.22,38,4,0.29,22,1,1,14,21,0.00,99,0,26,1.90,96,1,99,0.07,15,0,0.00,99,0,0.00,0,0,0.00,0,0.29,18,1,0.07,11,0,0.00,0.00,0,0.00,0,1,5,0.07,5,18,0.00,83,1.32,58,N/A,N/A,N/A,N/A,5.56,0,0.00,0,0.61,0.00,0,90.85,42.86,70,90,0.11,0.15,2,11,11,0,0,0,0.67,0.88,12,94,97.14,4.00,5.26,72,1,0.00,0.07,9,0.06,0,0,0,0.00,0.00,0,0.00,0.00,0.00,0.00,0,0,0.00,33,43,22,30,83,1.65,33,0.09,0.12,0.61,24,0.03,0.04,16,5,0.28,0.37,0.51,0.39,16,7,0.04,24,20,91,64,0,39,87,0,0.00,99,30,0.00,2.19,5.56,4.22,76,46,22,13,3.36,2.56,60.53,1,0.07,90,0,100.00,0,0.00,99,1,0.06,0.07,36,45,31,27,0,0,0,0,0,15,30,49,43,0,83,83,16,16,0,0,18,32,N/A,N/A
Frederik Carlsen,24,1007193600,2001/12/01,Superliga,2025/2026,Midfielder,Silkeborg,0,0,0,Denmark,0,0,0,0,0,0,0,0,0,0,0,0,0,0,0,0,0,0,0,0,0,0,0,0,0,0,0,0,0,0,0,-1,-1,-1,-1,N/A,N/A,N/A,N/A,N/A,N/A,N/A,N/A,N/A,N/A,N/A,N/A,N/A,N/A,N/A,N/A,N/A,N/A,N/A,N/A,N/A,N/A,N/A,N/A,N/A,N/A,N/A,N/A,N/A,N/A,N/A,N/A,N/A,N/A,N/A,N/A,N/A,N/A,N/A,N/A,N/A,N/A,N/A,N/A,N/A,N/A,N/A,N/A,N/A,N/A,N/A,N/A,N/A,N/A,N/A,N/A,N/A,N/A,N/A,N/A,N/A,N/A,N/A,N/A,N/A,N/A,N/A,N/A,N/A,N/A,N/A,N/A,N/A,N/A,N/A,N/A,N/A,N/A,N/A,N/A,N/A,N/A,N/A,N/A,N/A,N/A,N/A,N/A,N/A,N/A,N/A,N/A,N/A,N/A,N/A,N/A,N/A,N/A,N/A,N/A,N/A,N/A,N/A,N/A,N/A,N/A,N/A,N/A,N/A,N/A,N/A,N/A,N/A,N/A,N/A,N/A,N/A,N/A,N/A,N/A,N/A,N/A,N/A,N/A,N/A,N/A,N/A,N/A,N/A,N/A,N/A,N/A,N/A,N/A,N/A,N/A,N/A,N/A,N/A,N/A,N/A,N/A,N/A,N/A,N/A,N/A,N/A,N/A,N/A,N/A,N/A,N/A,N/A,N/A,N/A,N/A,N/A,N/A,N/A,N/A,N/A,N/A,N/A,N/A,N/A,N/A,N/A,N/A,N/A,N/A,N/A,N/A,N/A,N/A,N/A,N/A,N/A,N/A,N/A,N/A,N/A,N/A,N/A,N/A,N/A,N/A,N/A,N/A,N/A,N/A,N/A,N/A,N/A,N/A,N/A,N/A,N/A,N/A,N/A,N/A,N/A,N/A,N/A,N/A,N/A,N/A,N/A,N/A,N/A,N/A,N/A,N/A,N/A,N/A,N/A,N/A,N/A,N/A,N/A,N/A,N/A,N/A,N/A,N/A
Frederik Emmery Søgaard,19,1167033600,2006/12/25,Superliga,2025/2026,Midfielder,AGF,738,477,261,Denmark,24,14,10,3,3,0,4,3,1,0,0,7,6,1,7,5,2,1,0,0.85,0.49,0.37,0.57,0,246,0.85,105,31,738,185,0.12,33,3,-1,8,38448,5.01,0.17,99,24.51,6.70,21,201,5.30,159,38,19.39,22,0.00,0.00,0.50,15,0.00,1.23,0.98,0.27,8,0.00,0.50,0.00,0.00,0.00,0.17,0.77,0.20,5.33,1.95,0.37,1.53,0.00,0.17,0.10,0.00,0.03,0.00,0.00,0,0,,16,0.53,75,5,0.61,65,11,1.34,82,2,18,6,25,0.00,99,0,5,0.61,38,37,49,4.51,93,0,0.00,99,0,0.00,0,0,0.00,0,1.83,92,46,5.61,98,23,2.80,50.00,0,0.00,0,0,0,0.00,0,6,0.00,91,0.73,7,N/A,N/A,N/A,N/A,0.00,0,0.00,0,2.93,0.00,0,79.10,31.25,38,49,0.17,0.61,5,99,64,0,0,0,0.03,0.12,1,39,150.29,0.33,1.22,10,0,0.00,0.00,99,0.00,0,0,0,0.00,0.00,0,0.00,0.00,0.00,0.00,0,1,18.75,86,21,54,43,90,3.29,99,0.11,0.40,2.93,82,0.10,0.36,98,21,0.70,2.56,0.73,0.20,26,6,0.36,80,17,39,64,0,39,4,0,0.00,99,1,0.00,0.12,13.29,3.63,109,53,92,91,6.46,1.77,48.62,15,1.83,11,0,18.92,0,0.00,99,7,0.23,0.85,88,19,99,44,0,0,0,0,0,99,87,49,95,0,15,64,70,47,1,4,29,39,N/A,N/A
Frederik Lauenborg,29,863938800,1997/05/18,Superliga,2025/2026,Midfielder,Randers,573,252,321,Denmark,22,11,11,0,0,0,0,0,0,0,0,8,5,3,10,2,8,0,0,0,0,0,0,0,0,1.57,57,26,0,0,0,212,209,-1,17,136344,4.08,0,32,44.92,10.11,64,283,8.21,230,49,36.51,62,0.00,0.00,0.36,10,0.00,0.25,2.70,0.61,17,0.00,0.11,0.00,0.00,0.00,0.39,0.07,0.43,0.00,1.59,0.29,0.14,0.00,0.07,0.03,0.00,0.21,0.00,0.00,0,0,,10,0.36,65,2,0.32,49,8,1.27,80,1,18,4,88,0.00,99,0,11,1.75,95,7,94,1.11,54,0,0.00,99,0,0.00,0,0,0.00,0,1.59,88,4,0.63,32,2,0.32,50.00,0,0.00,0,0,0,0.00,0,12,0.00,37,1.90,81,N/A,N/A,N/A,N/A,0.00,0,0.00,0,0.74,0.00,0,81.27,20.00,22,13,0.25,1.11,7,35,64,0,0,0,0.04,0.16,1,45,114.35,0.25,1.11,7,0,0.00,0.00,99,0.00,0,0,0,0.00,0.00,0,0.00,0.00,0.32,0.07,2,0,0.00,33,14,45,30,37,0.75,33,0.03,0.12,0.74,50,0.03,0.12,70,8,0.29,1.27,0.95,0.21,46,6,0.12,49,8,33,64,0,83,55,0,0.00,99,6,0.00,0.95,8.89,2.00,56,32,64,47,5.08,1.14,57.14,3,0.48,64,0,42.86,0,0.00,99,3,0.11,0.48,74,9,99,27,0,0,0,0,0,15,30,49,43,0,45,93,16,16,0,0,18,14,N/A,N/A
Frederik Tingager,33,730368000,1993/02/22,Superliga,2025/2026,Defender,AGF,1151,573,578,Denmark,20,10,10,1,1,0,1,0,1,0,0,4,4,0,14,5,9,2,0,0.16,0.08,0.08,0.16,0,1151,1.09,82,58,576,1151,0.16,137,131,26,15,373463,5.48,0.05,52,72.81,38.83,96,932,35.12,843,94,65.86,97,0.00,0.00,0.17,4,0.00,0.00,1.56,0.83,20,0.00,0.17,0.00,0.00,0.00,0.54,0.17,0.46,8.00,0.62,0.17,0.25,0.00,0.17,0.05,0.00,1.83,0.00,0.00,0,0,,8,0.33,35,4,0.31,47,4,0.31,26,3,7,13,52,0.00,99,0,13,1.02,61,0,27,0.00,11,0,0.00,99,0,0.00,0,0,0.00,0,0.31,22,6,0.47,27,4,0.31,66.67,0,0.00,0,0,0,0.00,0,11,0.00,73,0.86,18,N/A,N/A,N/A,N/A,0.00,0,0.00,0,1.26,0.00,0,90.45,50.00,88,63,0.25,0.47,6,34,90,0,0,0,0.33,0.62,8,86,131.50,3.46,6.48,83,0,0.00,0.00,99,0.00,0,0,1,0.04,0.08,0,0.00,0.00,0.00,0.00,0,0,12.50,68,37,38,83,72,2.52,73,0.10,0.20,1.26,45,0.05,0.10,13,4,0.17,0.31,0.39,0.21,13,5,0.10,44,21,96,86,0,39,96,0,0.00,99,44,0.00,3.44,8.83,4.71,113,72,79,46,5.62,3.00,63.72,4,0.31,76,0,0.00,0,0.00,99,0,0.00,0.00,27,42,69,61,0,0,0,0,0,45,48,49,63,0,79,37,60,59,2,10,59,5,N/A,N/A
Friday Ubi Etim,23,1021964400,2002/05/21,Superliga,2025/2026,Forward,Fredericia,1241,641,600,Nigeria,15,8,7,5,3,2,1,0,1,0,0,0,0,0,21,14,7,3,0,0.44,0.07,0.36,0.42,0.3,248,1.52,59,83,414,1241,0.22,35,133,-1,3,198250,5.55,0.07,48,14.50,10.53,3,200,7.26,138,6,10.01,2,0.00,0.00,1.11,21,0.00,0.11,1.09,0.79,15,0.00,1.16,0.00,0.00,0.00,0.32,1.00,1.21,7.40,2.68,1.16,2.05,0.00,0.79,0.31,0.00,1.47,0.00,0.00,0,0,,37,1.95,90,15,1.09,87,22,1.60,91,8,1,14,29,0.00,99,0,6,0.44,28,2,27,0.15,19,0,0.00,99,0,0.00,0,0,0.00,0,1.52,84,39,2.83,83,19,1.38,48.72,0,0.00,0,0,0,0.00,0,23,0.00,41,1.67,74,N/A,N/A,N/A,N/A,0.00,0,0.00,0,5.80,0.00,0,69.00,40.54,64,57,0.37,0.51,7,84,53,0,0,0,0.05,0.07,1,29,105.38,1.11,1.52,21,0,0.00,0.00,99,0.00,0,0,0,0.00,0.00,0,0.00,0.00,0.87,0.63,12,0,13.51,71,43,22,44,41,1.77,38,0.09,0.13,5.80,89,0.31,0.42,26,8,0.42,0.58,1.74,1.26,84,24,0.42,87,23,46,64,0,98,84,0,0.00,99,28,0.00,2.03,11.60,8.42,160,70,64,78,5.08,3.68,43.75,22,1.60,18,0,0.00,0,0.00,99,0,0.00,0.00,27,45,31,98,0,1,0,7,0,80,86,80,90,0,63,3,48,69,3,20,85,90,N/A,N/A
Gabriel Pereira,24,996649200,2001/08/01,Superliga,2025/2026,Forward,København,2090,1045,1045,Brazil,24,12,12,1,1,0,0,0,0,0,0,5,4,1,34,15,19,2,0,0.04,0,0.04,0.09,0,2090,1.46,61,87,1045,0,0.09,167,222,-1,16,0,0.00,0,32,0.00,0.00,0,0,0.00,0,0,0.00,0,0.00,0.00,0.00,0,0.00,0.00,0.00,0.00,0,0.00,0.00,0.00,0.00,0.00,0.00,0.00,0.00,0.00,0.00,0.00,0.00,0.00,0.00,0.00,0.00,0.00,0.00,0.00,0,0,,0,0.00,8,0,0.00,12,0,0.00,9,2,0,24,4,0.00,99,0,0,0.00,6,0,27,0.00,11,0,0.00,99,0,0.00,0,0,0.00,0,0.00,7,0,0.00,9,0,0.00,0.00,0,0.00,0,0,0,0.00,0,0,0.00,45,0.00,0,N/A,N/A,N/A,N/A,0.00,0,0.00,0,0.00,0.00,0,0.00,0.00,12,99,0.00,0.00,0,11,11,0,0,0,0.00,0.00,0,22,0.00,0.00,0.00,0,0,0.00,0.00,99,0.00,0,0,0,0.00,0.00,0,0.00,0.00,0.00,0.00,0,0,0.00,33,73,54,95,44,0.00,0,0.00,0.00,0.00,9,0.00,0.00,1,0,0.00,0.00,0.00,0.00,6,0,0.00,8,0,1,64,0,39,2,0,0.00,99,0,0.00,0.00,0.00,0.00,0,0,0,0,0.00,0.00,0.00,0,0.00,99,0,0.00,0,0.00,99,0,0.00,0.00,27,74,21,44,0,0,0,0,0,20,36,49,52,0,12,39,84,36,2,0,18,5,0,0
Gabriel Pereira Magalhães dos Santos,26,957682800,2000/05/07,Superliga,2025/2026,Defender,København,57,0,57,Brazil,1,0,1,0,0,0,1,0,1,0,0,1,0,1,0,0,0,0,0,1.58,1.58,0,0,0,0,0,0,57,0,57,0,-1,-1,-1,32,0,7.59,1,99,101.05,64.00,99,64,60.00,60,99,94.74,99,0.00,0.00,1.00,1,0.00,0.00,0.00,0.00,0,0.00,0.00,0.00,0.00,0.00,2.00,1.00,0.00,0.00,1.58,0.00,1.00,0.00,1.00,0.15,0.00,0.00,0.00,0.00,0,0,,1,1.00,65,1,1.58,97,0,0.00,9,2,0,1,4,0.00,99,0,2,3.16,99,0,27,0.00,11,0,0.00,99,0,0.00,0,0,0.00,0,1.58,87,1,1.58,62,1,1.58,100.00,0,0.00,0,0,0,0.00,0,0,0.00,99,0.00,0,N/A,N/A,N/A,N/A,0.00,0,0.00,0,0.15,0.00,0,93.75,100.00,99,3,1.00,1.58,1,90,99,0,0,0,0.00,0.00,0,22,7.59,0.00,0.00,0,0,0.00,0.00,99,0.00,0,0,0,0.00,0.00,0,0.00,0.00,0.00,0.00,0,0,0.00,33,0,0,30,0,0.77,99,0.77,1.22,0.15,69,0.15,0.24,1,0,0.00,0.00,3.16,2.00,99,2,0.24,68,99,1,64,0,39,2,0,0.00,99,0,0.00,0.00,7.89,5.00,5,1,7,33,1.58,1.00,20.00,0,0.00,99,0,0.00,0,0.00,99,0,0.00,0.00,27,0,21,44,0,0,0,0,0,99,30,49,43,0,12,99,16,16,0,0,18,5,0,0
Geovanni Ndjee,18,1190703600,2007/09/25,Superliga,2025/2026,Forward,København,142,61,81,Cameroon,10,5,5,2,0,2,0,0,0,0,0,2,2,0,3,0,3,1,0,1.27,0,1.27,0,2.22,71,1.9,47,14,142,0,0.63,-1,-1,-1,10,0,4.90,0,32,17.23,2.45,6,27,1.91,21,33,13.40,9,0.00,0.00,0.18,2,0.00,0.27,0.64,0.09,1,0.00,0.36,0.00,0.00,0.00,0.00,0.18,0.18,3.00,3.83,0.18,0.55,0.00,0.36,0.16,0.00,0.82,0.00,0.00,0,0,,6,0.55,98,4,2.55,99,2,1.28,81,0,10,0,16,0.00,99,0,0,0.00,6,3,88,1.91,69,0,0.00,99,0,0.00,0,0,0.00,0,1.28,73,6,3.83,92,2,1.28,33.33,0,0.00,0,0,0,0.00,0,2,0.00,19,1.28,55,N/A,N/A,N/A,N/A,0.00,0,0.00,0,1.78,0.00,0,77.78,66.67,99,99,0.00,0.00,0,84,30,0,0,0,0.09,0.64,1,87,53.87,0.09,0.64,1,0,0.00,0.00,99,0.00,0,0,0,0.00,0.00,0,0.00,0.00,1.28,0.18,2,0,33.33,99,0,7,30,19,0.12,17,0.01,0.08,1.78,99,0.16,1.14,97,4,0.36,2.55,5.74,0.82,99,9,1.14,99,15,11,64,0,99,99,0,0.00,99,9,0.00,5.74,26.17,3.73,41,16,99,99,10.21,1.45,39.02,4,2.55,1,0,33.33,0,0.00,99,1,0.09,0.64,82,0,81,11,0,1,0,10,0,99,99,99,43,0,12,37,16,99,1,10,59,44,0,0
German Onugkha,29,836636400,1996/07/06,Superliga,2025/2026,Forward,København,9,9,0,Russia,1,1,0,0,0,0,0,0,0,0,0,0,0,0,0,0,0,0,0,0,0,0,0,0,0,0,0,9,0,0,0,-1,-1,-1,24,0,3.28,0,32,30.00,1.50,29,3,1.00,2,4,20.00,24,0.00,0.00,0.00,0,0.00,0.00,0.00,0.00,0,0.00,0.00,0.00,0.00,0.00,0.00,0.00,0.00,0.00,10.00,0.00,0.00,0.00,0.50,0.07,0.00,1.00,0.00,0.00,0,0,,1,0.50,99,1,10.00,99,0,0.00,9,0,1,0,4,0.00,99,0,0,0.00,6,0,27,0.00,11,0,0.00,99,0,0.00,0,0,0.00,0,0.00,7,0,0.00,9,0,0.00,0.00,0,0.00,0,0,0,0.00,0,0,0.00,99,0.00,0,N/A,N/A,N/A,N/A,0.00,0,0.00,0,0.13,0.00,0,66.67,100.00,99,99,0.00,0.00,0,11,11,0,0,0,0.00,0.00,0,22,6.56,0.00,0.00,0,0,0.00,0.00,99,0.00,0,0,0,0.00,0.00,0,0.00,0.00,0.00,0.00,0,0,0.00,33,0,0,30,0,0.00,0,0.00,0.00,0.13,99,0.07,1.30,1,0,0.00,0.00,0.00,0.00,6,0,1.30,99,3,1,64,0,39,99,0,0.00,99,2,0.00,20.00,20.00,1.00,2,2,99,99,20.00,1.00,100.00,0,0.00,99,0,0.00,0,0.00,99,0,0.00,0.00,27,0,31,11,0,0,0,0,0,15,30,49,43,0,12,3,16,16,0,0,18,18,0,0
Gift Links,27,907311600,1998/10/02,Superliga,2025/2026,Midfielder,AGF,2755,1383,1372,South Africa,32,16,16,4,2,2,6,5,1,0,0,9,7,2,27,12,15,4,0,0.33,0.2,0.13,0.13,0.13,689,0.88,102,86,689,459,0.13,113,44,-1,5,130415,7.43,0.19,84,40.11,38.09,53,1219,32.06,1026,65,33.76,57,0.00,0.00,1.94,62,0.00,6.34,2.70,2.56,82,0.00,1.00,0.00,0.00,0.00,0.81,1.56,0.78,14.00,1.84,1.16,2.75,0.00,0.59,0.22,0.00,0.16,0.00,0.00,0,0,,56,1.75,70,19,0.63,67,37,1.22,78,1,0,32,88,0.00,99,0,26,0.86,53,203,58,6.68,99,0,0.00,99,0,0.00,0,0,0.00,0,2.04,94,88,2.90,85,50,1.65,56.82,0,0.00,0,0,0,0.00,0,25,0.00,87,0.82,15,N/A,N/A,N/A,N/A,0.00,0,0.00,0,7.01,0.00,0,84.17,33.93,47,25,0.91,0.95,29,91,74,0,0,0,0.19,0.20,6,51,237.80,1.34,1.41,43,0,0.00,0.00,99,0.00,0,0,1,0.03,0.03,0,0.00,0.00,0.26,0.25,8,1,7.14,41,98,99,73,86,7.62,89,0.24,0.25,7.01,68,0.22,0.23,92,59,1.84,1.94,1.18,1.12,58,36,0.23,67,99,44,68,0,78,6,0,0.00,99,5,0.00,0.16,11.35,10.78,345,196,91,75,6.45,6.12,56.81,32,1.05,38,0,22.17,0,0.00,99,45,1.41,1.48,99,99,21,27,0,0,0,0,0,67,59,61,58,0,44,64,68,50,4,12,63,11,N/A,N/A
Graham Nii Ankamah Ankamafio,18,1189407600,2007/09/10,Superliga,2025/2026,Defender,København,0,0,0,Denmark,0,0,0,0,0,0,0,0,0,0,0,0,0,0,0,0,0,0,0,0,0,0,0,0,0,0,0,0,0,0,0,-1,-1,-1,-1,N/A,N/A,N/A,N/A,N/A,N/A,N/A,N/A,N/A,N/A,N/A,N/A,N/A,N/A,N/A,N/A,N/A,N/A,N/A,N/A,N/A,N/A,N/A,N/A,N/A,N/A,N/A,N/A,N/A,N/A,N/A,N/A,N/A,N/A,N/A,N/A,N/A,N/A,N/A,N/A,N/A,N/A,N/A,N/A,N/A,N/A,N/A,N/A,N/A,N/A,N/A,N/A,N/A,N/A,N/A,N/A,N/A,N/A,N/A,N/A,N/A,N/A,N/A,N/A,N/A,N/A,N/A,N/A,N/A,N/A,N/A,N/A,N/A,N/A,N/A,N/A,N/A,N/A,N/A,N/A,N/A,N/A,N/A,N/A,N/A,N/A,N/A,N/A,N/A,N/A,N/A,N/A,N/A,N/A,N/A,N/A,N/A,N/A,N/A,N/A,N/A,N/A,N/A,N/A,N/A,N/A,N/A,N/A,N/A,N/A,N/A,N/A,N/A,N/A,N/A,N/A,N/A,N/A,N/A,N/A,N/A,N/A,N/A,N/A,N/A,N/A,N/A,N/A,N/A,N/A,N/A,N/A,N/A,N/A,N/A,N/A,N/A,N/A,N/A,N/A,N/A,N/A,N/A,N/A,N/A,N/A,N/A,N/A,N/A,N/A,N/A,N/A,N/A,N/A,N/A,N/A,N/A,N/A,N/A,N/A,N/A,N/A,N/A,N/A,N/A,N/A,N/A,N/A,N/A,N/A,N/A,N/A,N/A,N/A,N/A,N/A,N/A,N/A,N/A,N/A,N/A,N/A,N/A,N/A,N/A,N/A,N/A,N/A,N/A,N/A,N/A,N/A,N/A,N/A,N/A,N/A,N/A,N/A,N/A,N/A,N/A,N/A,N/A,N/A,N/A,N/A,N/A,N/A,N/A,N/A,N/A,N/A,N/A,N/A,N/A,N/A,N/A,N/A,N/A,N/A,N/A,N/A,N/A,N/A
Gustav Madsen,23,1043654400,2003/01/27,Superliga,2025/2026,Midfielder,OB,257,158,99,Denmark,16,8,8,0,0,0,0,0,0,0,0,1,0,1,8,4,4,1,0,0,0,0,0,0,0,2.8,32,16,257,0,0.35,-1,-1,-1,26,0,2.19,0,32,43.44,4.17,61,125,2.97,89,11,30.93,49,0.00,0.00,0.03,1,0.00,0.23,5.91,0.57,17,0.00,0.20,0.00,0.00,0.00,0.13,0.13,0.20,0.00,0.35,0.03,0.20,0.00,0.00,0.00,0.00,0.13,0.00,0.00,0,0,,1,0.03,18,0,0.00,12,1,0.35,28,1,14,2,99,0.00,99,0,4,1.39,81,7,78,2.43,76,0,0.00,99,0,0.00,0,0,0.00,0,0.35,23,6,2.08,73,4,1.39,66.67,0,0.00,0,0,0,0.00,0,6,0.00,0,2.08,86,N/A,N/A,N/A,N/A,0.00,0,0.00,0,0.05,0.00,0,71.20,0.00,12,0,0.20,2.08,6,84,90,0,0,0,0.00,0.00,0,22,65.84,0.37,3.82,11,0,0.00,0.00,99,0.00,0,0,0,0.00,0.00,0,0.00,0.00,0.00,0.00,0,0,0.00,33,0,25,30,0,0.21,13,0.01,0.07,0.05,16,0.00,0.02,54,3,0.10,1.04,2.78,0.27,99,8,0.02,15,2,84,64,0,39,70,0,0.00,99,4,0.00,1.39,19.11,1.83,55,28,99,99,9.73,0.93,50.91,6,2.08,6,0,28.57,0,0.00,99,2,0.07,0.69,82,2,92,27,0,0,0,0,0,15,30,49,43,0,12,8,28,89,1,6,37,14,0,0
Gustav Nørregaard Knudsen,19,1152514800,2006/07/10,Superliga,2025/2026,Goalkeeper,Vejle,0,0,0,Denmark,0,0,0,0,0,0,0,0,0,0,0,0,0,0,0,0,0,0,0,0,0,0,0,0,0,0,0,0,0,0,0,-1,-1,-1,-1,N/A,N/A,N/A,N/A,N/A,N/A,N/A,N/A,N/A,N/A,N/A,N/A,N/A,N/A,N/A,N/A,N/A,N/A,N/A,N/A,N/A,N/A,N/A,N/A,N/A,N/A,N/A,N/A,N/A,N/A,N/A,N/A,N/A,N/A,N/A,N/A,N/A,N/A,N/A,N/A,N/A,N/A,N/A,N/A,N/A,N/A,N/A,N/A,N/A,N/A,N/A,N/A,N/A,N/A,N/A,N/A,N/A,N/A,N/A,N/A,N/A,N/A,N/A,N/A,N/A,N/A,N/A,N/A,N/A,N/A,N/A,N/A,N/A,N/A,N/A,N/A,N/A,N/A,N/A,N/A,N/A,N/A,N/A,N/A,N/A,N/A,N/A,N/A,N/A,N/A,N/A,N/A,N/A,N/A,N/A,N/A,N/A,N/A,N/A,N/A,N/A,N/A,N/A,N/A,N/A,N/A,N/A,N/A,N/A,N/A,N/A,N/A,N/A,N/A,N/A,N/A,N/A,N/A,N/A,N/A,N/A,N/A,N/A,N/A,N/A,N/A,N/A,N/A,N/A,N/A,N/A,N/A,N/A,N/A,N/A,N/A,N/A,N/A,N/A,N/A,N/A,N/A,N/A,N/A,N/A,N/A,N/A,N/A,N/A,N/A,N/A,N/A,N/A,N/A,N/A,N/A,N/A,N/A,N/A,N/A,N/A,N/A,N/A,N/A,N/A,N/A,N/A,N/A,N/A,N/A,N/A,N/A,N/A,N/A,N/A,N/A,N/A,N/A,N/A,N/A,N/A,N/A,N/A,N/A,N/A,N/A,N/A,N/A,N/A,N/A,N/A,N/A,N/A,N/A,N/A,N/A,N/A,N/A,N/A,N/A,N/A,N/A,N/A,N/A,N/A,N/A,N/A,N/A,N/A,N/A,N/A,N/A,N/A,N/A,N/A,N/A,N/A,N/A,N/A,N/A,N/A,N/A,N/A,N/A
Gustav Ølsted Marcussen,27,897634800,1998/06/12,Superliga,2025/2026,Forward,Fredericia,2002,970,1032,Denmark,29,14,15,4,1,3,2,1,1,0,0,2,1,1,45,23,22,1,0,0.27,0.09,0.18,0.09,0.26,501,2.02,44,69,2002,1001,0.04,86,119,-1,6,128922,6.38,0.07,55,22.84,17.52,18,508,14.31,415,51,18.66,20,0.00,0.00,1.00,29,0.00,0.59,0.76,0.59,17,0.00,1.55,0.00,0.00,0.00,0.48,0.93,1.34,8.25,1.48,0.69,2.31,0.00,0.45,0.17,0.00,0.24,0.00,0.00,0,0,,33,1.14,63,13,0.58,65,20,0.90,62,4,6,23,18,0.00,99,0,14,0.63,39,17,34,0.76,47,0,0.00,99,0,0.00,0,0,0.00,0,1.30,75,67,3.01,87,27,1.21,40.30,0,0.00,0,0,0,0.00,0,39,0.00,12,1.75,77,N/A,N/A,N/A,N/A,0.00,0,0.00,0,4.88,0.00,0,81.69,39.39,57,66,0.34,0.45,10,82,41,1,0,0,0.21,0.27,6,58,184.96,0.90,1.17,26,0,0.00,0.00,99,0.00,0,1,1,0.03,0.04,0,0.00,0.00,0.13,0.10,3,1,12.12,64,69,81,64,12,3.14,43,0.11,0.14,4.18,61,0.14,0.19,74,30,1.03,1.35,0.67,0.52,22,15,0.22,66,44,36,73,0,63,16,0,0.00,99,7,0.00,0.31,8.90,6.83,198,79,26,48,3.55,2.72,39.90,45,2.02,7,0,11.76,0,0.00,99,2,0.07,0.09,38,71,61,70,0,0,0,0,0,62,68,77,52,0,43,11,93,23,1,3,24,7,N/A,N/A
Han-Beom Lee,23,1024297200,2002/06/17,Superliga,2025/2026,Defender,Midtjylland,2339,1132,1207,South Korea,29,14,15,0,0,0,1,1,0,0,0,9,2,7,26,20,6,3,0,0.04,0.04,0,0,0,0,1,90,81,780,2339,0.12,251,160,17,28,420531,6.25,0.03,40,58.37,47.41,83,1517,40.25,1288,70,49.56,83,0.00,0.00,0.31,10,0.00,0.25,1.58,1.28,41,0.00,0.28,0.00,0.00,0.00,1.00,0.09,0.75,0.00,0.42,0.31,0.16,0.00,0.03,0.02,0.00,2.97,0.00,0.00,0,0,,11,0.34,22,1,0.04,14,10,0.38,31,0,4,25,54,0.00,99,0,32,1.23,74,8,91,0.31,30,0,0.00,99,0,0.00,0,0,0.00,0,0.38,25,5,0.19,16,3,0.12,60.00,0,0.00,0,0,0,0.00,0,24,0.00,80,0.92,23,N/A,N/A,N/A,N/A,0.00,0,0.00,0,0.67,0.00,0,84.90,9.09,14,51,0.47,0.58,15,20,81,0,0,0,0.72,0.88,23,94,199.86,3.22,3.96,103,0,0.00,0.00,99,0.00,0,0,0,0.00,0.00,0,0.00,0.00,0.00,0.00,0,0,0.00,33,80,81,30,80,3.36,38,0.10,0.13,0.67,20,0.02,0.03,19,12,0.38,0.46,1.39,1.12,71,36,0.03,18,40,85,64,0,39,98,0,0.00,99,95,0.00,3.66,9.97,8.09,259,150,82,59,5.77,4.69,57.92,9,0.35,74,0,37.50,0,0.00,99,3,0.09,0.12,41,76,51,11,0,0,0,0,0,20,30,49,43,0,82,75,72,47,3,10,59,3,N/A,N/A
Hector Lux Høyrup,17,1241938800,2009/05/10,Superliga,2025/2026,Midfielder,Randers,0,0,0,Denmark,0,0,0,0,0,0,0,0,0,0,0,0,0,0,0,0,0,0,0,0,0,0,0,0,0,0,0,0,0,0,0,-1,-1,-1,-1,N/A,N/A,N/A,N/A,N/A,N/A,N/A,N/A,N/A,N/A,N/A,N/A,N/A,N/A,N/A,N/A,N/A,N/A,N/A,N/A,N/A,N/A,N/A,N/A,N/A,N/A,N/A,N/A,N/A,N/A,N/A,N/A,N/A,N/A,N/A,N/A,N/A,N/A,N/A,N/A,N/A,N/A,N/A,N/A,N/A,N/A,N/A,N/A,N/A,N/A,N/A,N/A,N/A,N/A,N/A,N/A,N/A,N/A,N/A,N/A,N/A,N/A,N/A,N/A,N/A,N/A,N/A,N/A,N/A,N/A,N/A,N/A,N/A,N/A,N/A,N/A,N/A,N/A,N/A,N/A,N/A,N/A,N/A,N/A,N/A,N/A,N/A,N/A,N/A,N/A,N/A,N/A,N/A,N/A,N/A,N/A,N/A,N/A,N/A,N/A,N/A,N/A,N/A,N/A,N/A,N/A,N/A,N/A,N/A,N/A,N/A,N/A,N/A,N/A,N/A,N/A,N/A,N/A,N/A,N/A,N/A,N/A,N/A,N/A,N/A,N/A,N/A,N/A,N/A,N/A,N/A,N/A,N/A,N/A,N/A,N/A,N/A,N/A,N/A,N/A,N/A,N/A,N/A,N/A,N/A,N/A,N/A,N/A,N/A,N/A,N/A,N/A,N/A,N/A,N/A,N/A,N/A,N/A,N/A,N/A,N/A,N/A,N/A,N/A,N/A,N/A,N/A,N/A,N/A,N/A,N/A,N/A,N/A,N/A,N/A,N/A,N/A,N/A,N/A,N/A,N/A,N/A,N/A,N/A,N/A,N/A,N/A,N/A,N/A,N/A,N/A,N/A,N/A,N/A,N/A,N/A,N/A,N/A,N/A,N/A,N/A,N/A,N/A,N/A,N/A,N/A,N/A,N/A,N/A,N/A,N/A,N/A,N/A,N/A,N/A,N/A,N/A,N/A,N/A,N/A,N/A,N/A,N/A,N/A
Henrik Dalsgaard,36,617526000,1989/07/27,Superliga,2025/2026,Defender,AGF,2420,1233,1187,Denmark,32,16,16,2,0,2,1,0,1,0,0,9,7,2,21,10,11,3,0,0.11,0.04,0.07,0,0.15,1210,0.78,115,76,807,2420,0.11,151,159,4,12,248975,6.68,0.03,40,65.72,55.25,91,1768,47.16,1509,74,56.10,89,0.00,0.00,0.25,8,0.00,0.34,1.12,0.94,30,0.00,0.22,0.00,0.00,0.00,0.94,0.22,0.59,5.50,0.41,0.22,0.31,0.00,0.12,0.06,0.00,1.69,0.00,0.00,0,0,,11,0.34,20,4,0.15,28,7,0.26,20,2,5,27,30,0.00,99,0,30,1.12,68,11,89,0.41,34,0,0.00,99,0,0.00,0,0,0.00,0,0.30,20,10,0.37,23,7,0.26,70.00,0,0.00,0,0,0,0.00,0,19,0.00,95,0.71,7,N/A,N/A,N/A,N/A,0.00,0,0.00,0,2.03,0.00,0,85.35,36.36,52,72,0.31,0.37,10,30,91,0,0,0,0.41,0.48,13,78,213.84,4.69,5.58,150,0,0.00,0.00,99,0.00,0,0,0,0.00,0.00,0,0.00,0.00,0.00,0.00,0,0,18.18,84,84,99,85,95,4.52,58,0.14,0.17,2.03,38,0.06,0.08,59,29,0.91,1.08,0.71,0.59,24,19,0.08,37,59,92,64,0,39,84,0,0.00,99,54,0.00,2.01,7.40,6.22,199,118,47,29,4.39,3.69,59.30,7,0.26,78,0,36.36,0,0.00,99,4,0.12,0.15,46,84,57,44,0,0,0,0,0,33,45,64,43,0,69,64,73,44,3,9,52,3,N/A,N/A
Hjalte Bidstrup,20,1139990400,2006/02/15,Superliga,2025/2026,Midfielder,Viborg,1728,869,859,Denmark,27,14,13,1,1,0,2,1,1,0,0,7,3,4,31,14,17,2,0,0.16,0.1,0.05,0.1,0,1728,1.61,56,64,864,864,0.1,161,114,-1,14,104000,5.91,0.07,57,41.33,25.58,57,793,19.84,615,31,32.05,52,0.00,0.00,0.65,20,0.00,1.52,2.76,1.71,53,0.00,0.23,0.00,0.00,0.00,0.68,0.35,0.97,10.00,0.52,0.26,0.71,0.00,0.06,0.04,0.00,0.52,0.00,0.00,0,0,,10,0.32,26,2,0.10,21,8,0.42,36,2,7,20,90,0.00,99,0,21,1.09,65,47,40,2.45,76,0,0.00,99,0,0.00,0,0,0.00,0,1.04,58,22,1.15,49,11,0.57,50.00,0,0.00,0,0,0,0.00,0,30,0.00,34,1.56,68,N/A,N/A,N/A,N/A,0.00,0,0.00,0,1.28,0.00,0,77.55,20.00,22,47,0.39,0.63,12,54,64,0,0,0,0.26,0.42,8,75,183.09,2.35,3.80,73,0,0.00,0.00,99,0.00,0,0,0,0.00,0.00,0,0.00,0.00,0.10,0.06,2,0,10.00,57,64,68,93,35,3.10,53,0.10,0.16,1.28,33,0.04,0.07,18,8,0.26,0.42,0.89,0.55,39,17,0.07,33,30,84,64,0,56,48,0,0.00,99,16,0.00,0.83,7.61,4.71,146,87,53,31,4.53,2.81,59.59,7,0.36,73,0,14.89,0,0.00,99,7,0.23,0.36,65,64,69,44,0,0,0,0,0,45,38,49,54,0,27,50,77,41,2,7,42,26,N/A,N/A
Hjalte Boe Kling Rasmussen,18,1192431600,2007/10/15,Superliga,2025/2026,Midfielder,Nordsjælland,198,30,168,Denmark,13,6,7,0,0,0,1,0,1,0,0,5,4,1,3,1,2,0,0,0.45,0.45,0,0,0,0,1.36,66,15,0,198,0,-1,-1,-1,27,72091,2.27,0.08,99,24.63,1.90,21,55,1.59,46,60,20.60,26,0.00,0.00,0.14,4,0.00,0.17,0.45,0.03,1,0.00,0.03,0.00,0.00,0.00,0.07,0.00,0.07,0.00,1.34,0.03,0.10,0.00,0.07,0.01,0.00,0.07,0.00,0.00,0,0,,3,0.10,59,2,0.90,78,1,0.45,38,1,12,1,13,0.00,99,0,2,0.90,55,5,27,2.24,73,0,0.00,99,0,0.00,0,0,0.00,0,1.79,91,3,1.34,56,0,0.00,0.00,0,0.00,0,0,0,0.00,0,2,0.00,52,0.90,21,N/A,N/A,N/A,N/A,0.00,0,0.00,0,0.32,0.00,0,83.64,66.67,99,7,0.10,1.34,3,11,11,0,0,0,0.00,0.00,0,22,65.71,0.03,0.45,1,0,0.00,0.00,99,0.00,0,0,0,0.00,0.00,0,0.00,0.00,0.90,0.07,2,0,0.00,33,0,16,30,53,0.81,98,0.03,0.36,0.32,53,0.01,0.14,46,2,0.07,0.90,0.45,0.03,15,1,0.14,53,2,7,64,0,98,51,0,0.00,99,2,0.00,0.90,8.06,0.62,18,5,10,34,2.24,0.17,27.78,1,0.45,67,0,0.00,0,0.00,99,0,0.00,0.00,27,0,88,27,0,0,0,0,0,82,30,49,43,0,22,95,16,16,0,0,18,40,N/A,N/A
Hjalte Gitz Christensen,18,1189148400,2007/09/07,Superliga,2025/2026,Defender,Vejle,180,90,90,Denmark,3,2,1,0,0,0,0,0,0,0,0,2,1,1,0,0,0,0,0,0,0,0,0,0,0,0,0,60,0,0,0,-1,-1,-1,33,0,2.10,0,32,40.28,11.57,53,81,10.43,73,93,36.30,62,0.00,0.00,0.00,0,0.00,0.00,1.49,0.43,3,0.00,0.00,0.00,0.00,0.00,0.43,0.00,0.00,0.00,0.50,0.14,0.00,0.00,0.00,0.01,0.00,1.14,0.00,0.00,0,0,,1,0.14,25,0,0.00,12,1,0.50,43,0,1,2,49,0.00,99,0,3,1.49,84,0,27,0.00,11,0,0.00,99,0,0.00,0,0,0.00,0,0.00,7,0,0.00,9,0,0.00,0.00,0,0.00,0,0,0,0.00,0,0,0.00,99,0.00,0,N/A,N/A,N/A,N/A,0.00,0,0.00,0,0.05,0.00,0,90.12,0.00,12,99,0.00,0.00,0,11,11,0,0,0,0.14,0.50,1,79,14.67,3.00,10.44,21,0,0.00,0.00,99,0.00,0,0,0,0.00,0.00,0,0.00,0.00,0.00,0.00,0,0,0.00,33,0,0,30,0,0.17,17,0.02,0.08,0.05,16,0.01,0.02,53,2,0.29,0.99,0.50,0.14,15,1,0.02,15,2,99,64,0,39,98,0,0.00,99,8,0.00,3.98,8.45,2.43,17,13,92,38,6.46,1.86,76.47,0,0.00,99,0,0.00,0,0.00,99,0,0.00,0.00,27,2,31,11,0,0,0,0,0,15,30,49,43,0,12,99,16,16,0,0,18,31,0,0
Ibrahim Adel,25,988700400,2001/05/01,Superliga,2025/2026,Forward,Nordsjælland,631,315,316,Egypt,11,5,6,3,2,1,1,1,0,0,0,3,2,1,4,2,2,2,0,0.57,0.14,0.43,0.57,0.28,210,0.57,158,57,316,631,0.29,19,87,-1,8,0,5.66,0.09,69,23.39,12.62,19,164,9.54,124,22,17.69,18,0.00,0.00,0.15,2,0.00,0.00,1.57,0.85,11,0.00,1.23,0.00,0.00,0.00,0.31,0.85,0.31,10.00,4.28,1.23,2.92,0.00,1.08,0.32,0.00,0.62,0.00,0.00,0,0,,30,2.31,99,14,2.00,99,16,2.28,98,3,3,8,53,0.00,99,0,4,0.57,36,0,27,0.00,11,0,0.00,99,0,0.00,0,0,0.00,0,0.29,18,38,5.42,98,11,1.57,28.95,0,0.00,0,0,0,0.00,0,4,0.00,99,0.57,3,N/A,N/A,N/A,N/A,0.00,0,0.00,0,4.19,0.00,0,75.61,46.67,77,32,0.46,0.86,6,90,18,0,0,0,0.00,0.00,0,22,73.61,0.15,0.29,2,0,0.00,0.00,99,0.00,0,0,1,0.08,0.14,0,0.00,0.00,0.14,0.08,1,0,10.00,57,16,11,38,99,0.91,38,0.07,0.13,4.19,98,0.32,0.60,93,14,1.08,2.00,2.14,1.15,96,15,0.60,98,24,4,94,0,65,63,0,0.00,99,8,0.00,1.14,16.40,8.85,115,43,87,99,6.13,3.31,37.39,16,2.28,4,0,0.00,0,0.00,99,0,0.00,0.00,27,24,45,61,0,0,0,0,0,91,93,78,95,0,12,53,35,82,2,18,80,14,0,0
Igor Vekič,28,894438000,1998/05/06,Superliga,2025/2026,Goalkeeper,Vejle,2520,1350,1170,Slovenia,28,15,13,0,0,0,0,0,0,0,0,2,2,0,51,23,28,1,0,0,0,0,0,0,0,1.82,49,90,2520,0,0.04,223,218,68,21,124487,6.89,0,32,28.18,28.18,27,789,19.68,551,8,19.68,23,0.00,0.00,0.00,0,0.00,0.00,0.00,0.00,0,0.00,0.04,0.00,0.00,3.39,0.00,0.00,5.39,0.00,0.00,0.00,0.00,0.00,0.00,0.00,0.00,0.43,0.00,0.00,0,0,,0,0.00,8,0,0.00,12,0,0.00,9,0,0,28,4,0.00,99,0,0,0.00,6,0,27,0.00,11,0,0.00,99,0,0.00,0,0,0.00,0,0.00,7,0,0.00,9,0,0.00,0.00,0,0.00,0,95,42,3.39,79,151,0.00,23,5.39,99,N/A,N/A,N/A,N/A,62.91,0,0.00,0,0.00,0.00,0,69.84,0.00,12,95,0.04,0.04,1,11,11,0,0,64,0.00,0.00,0,22,193.02,1.61,1.61,45,0,0.00,0.00,99,0.00,0,0,0,0.00,0.00,20,0.71,0.71,0.00,0.00,0,0,0.00,33,88,73,30,23,1.06,4,0.04,0.04,0.00,9,0.00,0.00,6,4,0.14,0.14,0.04,0.04,7,1,0.00,8,77,49,64,84,39,26,0,0.00,99,12,0.00,0.43,0.57,0.57,16,13,2,3,0.46,0.46,81.25,1,0.04,93,0,0.00,0,0.00,99,0,0.00,0.00,27,87,21,11,0,0,0,0,0,15,30,49,43,0,43,11,97,23,1,4,29,1,N/A,N/A
Ísak Andri Sigurgeirsson,22,1063263600,2003/09/11,Superliga,2025/2026,Forward,Viborg,113,23,90,Iceland,5,2,3,0,0,0,0,0,0,0,0,3,1,2,3,0,3,0,0,0,0,0,0,0,0,2.39,38,23,0,0,0,-1,-1,-1,22,0,4.69,0,32,17.52,3.14,7,22,2.29,16,13,12.74,8,0.00,0.00,0.29,2,0.00,0.14,0.80,0.14,1,0.00,0.14,0.00,0.00,0.00,0.14,0.29,0.43,0.00,1.59,0.14,0.57,0.00,0.14,0.03,0.00,0.29,0.00,0.00,0,0,,2,0.29,65,1,0.80,75,1,0.80,55,1,4,1,20,0.00,99,0,1,0.80,51,1,99,0.80,48,0,0.00,99,0,0.00,0,0,0.00,0,1.59,88,4,3.19,89,2,1.59,50.00,0,0.00,0,0,0,0.00,0,3,0.00,2,2.39,91,N/A,N/A,N/A,N/A,0.00,0,0.00,0,0.20,0.00,0,72.73,50.00,88,3,0.29,1.59,2,90,64,0,0,0,0.14,0.80,1,92,32.86,0.86,4.78,6,0,0.00,0.00,99,0.00,0,0,0,0.00,0.00,0,0.00,0.00,0.00,0.00,0,0,0.00,33,0,1,30,3,0.10,17,0.01,0.08,0.20,56,0.03,0.16,1,0,0.00,0.00,0.80,0.14,33,1,0.16,55,14,89,64,0,39,75,0,0.00,99,2,0.00,1.59,9.56,1.71,12,5,39,53,3.98,0.71,41.67,1,0.80,50,0,100.00,0,0.00,99,1,0.14,0.80,87,0,51,27,0,0,0,0,0,15,30,49,43,0,12,99,16,16,0,0,18,14,0,0
Ismahila Ouédraogo,26,941788800,1999/11/05,Superliga,2025/2026,Midfielder,OB,2082,992,1090,Burkina Faso,25,12,13,1,0,1,0,0,0,0,0,4,2,2,32,16,16,2,0,0.04,0,0.04,0,0.08,2082,1.38,65,83,1041,0,0.09,176,186,-1,11,183767,6.90,0,32,58.44,54.08,84,1352,47.48,1187,86,51.31,85,0.00,0.00,0.16,4,0.00,0.16,2.46,2.28,57,0.00,0.76,0.00,0.00,0.00,0.96,0.32,1.36,5.00,0.22,0.12,0.60,0.00,0.08,0.04,0.00,0.40,0.00,0.00,0,0,,5,0.20,12,2,0.09,20,3,0.13,12,2,0,25,83,0.00,99,0,24,1.04,62,4,71,0.17,20,0,0.00,99,0,0.00,0,0,0.00,0,0.17,11,15,0.65,33,8,0.35,53.33,0,0.00,0,0,0,0.00,0,34,0.00,50,1.47,64,N/A,N/A,N/A,N/A,0.00,0,0.00,0,0.99,0.00,0,87.80,40.00,64,70,0.36,0.39,9,36,69,0,0,0,0.56,0.61,14,85,172.42,2.04,2.20,51,0,0.00,0.00,99,0.00,0,0,0,0.00,0.00,0,0.00,0.00,0.00,0.00,0,0,20.00,91,73,58,95,50,3.14,43,0.13,0.14,0.99,24,0.04,0.04,90,44,1.76,1.90,1.60,1.48,78,37,0.04,24,78,67,64,0,39,26,0,0.00,99,10,0.00,0.43,8.56,7.92,198,118,67,41,5.10,4.72,59.60,19,0.82,49,0,25.00,0,0.00,99,1,0.04,0.04,31,76,21,44,0,0,0,0,0,20,36,54,43,0,61,33,84,36,2,8,49,22,N/A,N/A
Issaka Seidu,19,1149490800,2006/06/05,Superliga,2025/2026,Midfielder,Nordsjælland,18,15,3,Ghana,5,4,1,0,0,0,0,0,0,0,0,3,3,0,1,1,0,0,0,0,0,0,0,0,0,5,18,4,0,0,0,-1,-1,-1,21,55130,1.05,0,32,120.00,2.00,99,24,1.75,21,85,105.00,99,0.00,0.00,0.00,0,0.00,0.08,15.00,0.25,3,0.00,0.08,0.00,0.00,0.00,0.00,0.17,0.08,0.00,5.00,0.08,0.33,0.00,0.00,0.00,0.00,0.08,0.00,0.00,0,0,,1,0.08,99,0,0.00,12,1,5.00,99,0,5,0,99,0.00,99,0,0,0.00,6,1,99,5.00,96,0,0.00,99,0,0.00,0,0,0.00,0,0.00,7,4,20.00,99,2,10.00,50.00,0,0.00,0,0,0,0.00,0,1,0.00,0,5.00,98,N/A,N/A,N/A,N/A,0.00,0,0.00,0,0.04,0.00,0,87.50,0.00,12,99,0.00,0.00,0,99,64,0,0,0,0.00,0.00,0,22,12.66,0.08,5.00,1,0,0.00,0.00,99,0.00,0,0,0,0.00,0.00,0,0.00,0.00,0.00,0.00,0,0,0.00,33,0,1,30,0,0.04,73,0.00,0.20,0.04,63,0.00,0.20,99,3,0.25,15.00,10.00,0.17,99,2,0.20,62,0,90,64,0,39,99,0,0.00,99,1,0.00,5.00,70.00,1.17,14,9,99,99,45.00,0.75,64.29,1,5.00,0,0,100.00,0,0.00,99,1,0.08,5.00,99,0,57,11,0,0,0,0,0,15,30,49,43,0,20,99,16,16,0,0,18,30,N/A,N/A
Ivan Cabrel Djantou Tchaboutang,24,1016092800,2002/03/14,Superliga,2025/2026,Midfielder,SønderjyskE,3,0,3,Cameroon,1,0,1,0,0,0,0,0,0,0,0,0,0,0,0,0,0,0,0,0,0,0,0,0,0,0,0,3,0,0,0,-1,-1,-1,20,0,6.85,0,32,25.71,2.00,23,2,1.00,1,0,12.86,8,0.00,0.00,0.00,0,0.00,0.00,0.00,0.00,0,0.00,0.00,0.00,0.00,0.00,0.00,1.00,0.00,0.00,0.00,0.00,1.00,0.00,0.00,0.00,0.00,2.00,0.00,0.00,0,0,,0,0.00,8,0,0.00,12,0,0.00,9,0,1,0,4,0.00,99,0,0,0.00,6,0,27,0.00,11,0,0.00,99,0,0.00,0,0,0.00,0,0.00,7,1,12.86,99,1,12.86,100.00,0,0.00,0,0,0,0.00,0,0,0.00,99,0.00,0,N/A,N/A,N/A,N/A,0.00,0,0.00,0,0.00,0.00,0,50.00,0.00,12,99,0.00,0.00,0,99,99,0,0,0,0.00,0.00,0,22,6.85,0.00,0.00,0,0,0.00,0.00,99,0.00,0,0,0,0.00,0.00,0,0.00,0.00,0.00,0.00,0,0,0.00,33,0,0,30,0,0.00,0,0.00,0.00,0.00,9,0.00,0.00,1,0,0.00,0.00,0.00,0.00,6,0,0.00,8,72,1,64,0,39,99,0,0.00,99,2,0.00,25.71,51.43,4.00,4,3,99,99,38.57,3.00,75.00,0,0.00,99,0,0.00,0,0.00,99,0,0.00,0.00,27,0,31,11,0,0,0,0,0,15,30,49,43,0,12,3,16,16,0,0,18,9,0,0
Ivan Näsberg,30,830156400,1996/04/22,Superliga,2025/2026,Defender,Viborg,406,226,180,Norway,5,3,2,0,0,0,0,0,0,0,0,2,1,1,8,5,3,0,0,0,0,0,0,0,0,1.77,51,81,0,0,0,250,249,65,26,0,7.00,0,32,82.24,74.20,99,371,70.20,351,99,77.81,99,0.00,0.00,0.20,1,0.00,0.00,0.22,0.20,1,0.00,0.00,0.00,0.00,0.00,0.40,0.00,0.00,0.00,0.22,0.00,0.00,0.00,0.20,0.02,0.00,1.20,0.00,0.00,0,0,,1,0.20,12,1,0.22,38,0,0.00,9,3,0,5,8,0.00,99,0,2,0.44,28,0,27,0.00,11,0,0.00,99,0,0.00,0,0,0.00,0,0.22,14,0,0.00,9,0,0.00,0.00,0,0.00,0,0,0,0.00,0,0,0.00,25,0.00,0,N/A,N/A,N/A,N/A,0.00,0,0.00,0,0.12,0.00,0,94.61,100.00,99,99,0.00,0.00,0,11,11,0,0,0,1.60,1.77,8,99,35.01,6.60,7.32,33,0,0.00,0.00,99,0.00,0,0,0,0.00,0.00,0,0.00,0.00,0.00,0.00,0,0,0.00,33,3,1,30,25,0.74,53,0.15,0.16,0.12,20,0.02,0.03,10,1,0.20,0.22,0.00,0.00,6,0,0.03,18,85,99,64,0,39,69,0,0.00,99,6,0.00,1.33,2.88,2.60,13,8,9,8,1.77,1.60,61.54,0,0.00,99,0,0.00,0,0.00,99,0,0.00,0.00,27,14,21,61,0,0,0,0,0,15,30,49,43,0,12,97,16,16,0,0,18,2,0,0
Jacob Brøchner Ambæk,18,1206687600,2008/03/28,Superliga,2025/2026,Midfielder,Brøndby,1744,863,881,Denmark,26,12,14,7,6,1,0,0,0,0,0,10,4,6,17,9,8,2,0,0.36,0,0.36,0.63,0.1,249,0.88,103,67,872,0,0.1,37,238,-1,1,186235,6.55,0,32,14.72,10.52,4,284,7.74,209,17,10.83,4,0.00,0.00,0.56,15,0.00,0.52,0.93,0.67,18,0.00,0.93,0.00,0.00,0.00,0.15,0.74,0.63,7.29,2.64,1.11,1.93,0.00,0.78,0.31,0.00,0.85,0.00,0.00,0,0,,51,1.89,89,21,1.09,87,30,1.55,89,3,5,21,23,0.00,99,0,4,0.21,14,14,57,0.73,45,0,0.00,99,0,0.00,0,0,0.00,0,0.78,42,52,2.69,82,20,1.04,38.46,0,0.00,0,0,0,0.00,0,17,0.00,87,0.88,20,N/A,N/A,N/A,N/A,0.00,0,0.00,0,8.44,0.00,0,73.59,41.18,65,49,0.44,0.62,12,77,37,0,0,0,0.07,0.10,2,33,176.77,0.44,0.62,12,0,0.00,0.00,99,0.00,0,0,1,0.04,0.05,0,0.00,0.00,0.26,0.19,5,1,13.73,72,65,62,44,88,1.05,7,0.04,0.05,8.44,91,0.31,0.44,88,35,1.30,1.81,1.14,0.81,55,22,0.44,89,51,11,77,0,78,64,0,0.00,99,23,0.00,1.19,11.81,8.44,228,94,60,80,4.87,3.48,41.23,25,1.30,28,0,21.43,0,0.00,99,3,0.11,0.16,47,67,57,61,1,1,1,4,4,70,86,57,97,0,61,95,78,41,2,8,49,38,N/A,N/A
Jakob Bonde Jensen,32,757152000,1993/12/29,Superliga,2025/2026,Midfielder,OB,15,0,15,Denmark,3,1,2,0,0,0,0,0,0,0,0,1,0,1,0,0,0,0,0,0,0,0,0,0,0,0,0,5,0,0,0,-1,-1,-1,28,0,1.12,0,32,50.62,1.50,73,9,1.50,9,99,50.62,84,0.00,0.00,0.00,0,0.00,0.00,0.00,0.00,0,0.00,0.00,0.00,0.00,0.00,0.00,0.17,0.00,0.00,0.00,0.00,0.17,0.00,0.00,0.00,0.00,0.00,0.00,0.00,0,0,,0,0.00,8,0,0.00,12,0,0.00,9,0,3,0,4,0.00,99,0,0,0.00,6,0,27,0.00,11,0,0.00,99,0,0.00,0,0,0.00,0,0.00,7,1,5.62,98,1,5.62,100.00,0,0.00,0,0,0,0.00,0,0,0.00,99,0.00,0,N/A,N/A,N/A,N/A,0.00,0,0.00,0,0.00,0.00,0,100.00,0.00,12,99,0.00,0.00,0,99,99,0,0,0,0.00,0.00,0,22,6.70,0.17,5.62,1,0,0.00,0.00,99,0.00,0,0,0,0.00,0.00,0,0.00,0.00,0.00,0.00,0,0,0.00,33,0,0,30,0,0.02,29,0.00,0.11,0.00,9,0.00,0.00,99,1,0.17,5.62,5.62,0.17,99,1,0.00,8,0,92,64,0,39,2,0,0.00,99,0,0.00,0.00,16.88,0.50,3,2,99,99,11.25,0.33,66.67,0,0.00,99,0,0.00,0,0.00,99,0,0.00,0.00,27,0,45,11,0,0,0,0,0,15,30,49,43,0,12,83,16,16,0,0,18,6,0,0
Jakob Busk,32,747817200,1993/09/12,Superliga,2025/2026,Goalkeeper,Nordsjælland,0,0,0,Denmark,0,0,0,0,0,0,0,0,0,0,0,0,0,0,0,0,0,0,0,0,0,0,0,0,0,0,0,0,0,0,0,-1,-1,-1,-1,N/A,N/A,N/A,N/A,N/A,N/A,N/A,N/A,N/A,N/A,N/A,N/A,N/A,N/A,N/A,N/A,N/A,N/A,N/A,N/A,N/A,N/A,N/A,N/A,N/A,N/A,N/A,N/A,N/A,N/A,N/A,N/A,N/A,N/A,N/A,N/A,N/A,N/A,N/A,N/A,N/A,N/A,N/A,N/A,N/A,N/A,N/A,N/A,N/A,N/A,N/A,N/A,N/A,N/A,N/A,N/A,N/A,N/A,N/A,N/A,N/A,N/A,N/A,N/A,N/A,N/A,N/A,N/A,N/A,N/A,N/A,N/A,N/A,N/A,N/A,N/A,N/A,N/A,N/A,N/A,N/A,N/A,N/A,N/A,N/A,N/A,N/A,N/A,N/A,N/A,N/A,N/A,N/A,N/A,N/A,N/A,N/A,N/A,N/A,N/A,N/A,N/A,N/A,N/A,N/A,N/A,N/A,N/A,N/A,N/A,N/A,N/A,N/A,N/A,N/A,N/A,N/A,N/A,N/A,N/A,N/A,N/A,N/A,N/A,N/A,N/A,N/A,N/A,N/A,N/A,N/A,N/A,N/A,N/A,N/A,N/A,N/A,N/A,N/A,N/A,N/A,N/A,N/A,N/A,N/A,N/A,N/A,N/A,N/A,N/A,N/A,N/A,N/A,N/A,N/A,N/A,N/A,N/A,N/A,N/A,N/A,N/A,N/A,N/A,N/A,N/A,N/A,N/A,N/A,N/A,N/A,N/A,N/A,N/A,N/A,N/A,N/A,N/A,N/A,N/A,N/A,N/A,N/A,N/A,N/A,N/A,N/A,N/A,N/A,N/A,N/A,N/A,N/A,N/A,N/A,N/A,N/A,N/A,N/A,N/A,N/A,N/A,N/A,N/A,N/A,N/A,N/A,N/A,N/A,N/A,N/A,N/A,N/A,N/A,N/A,N/A,N/A,N/A,N/A,N/A,N/A,N/A,N/A,N/A
Jakob Jessen,22,1078300800,2004/03/03,Superliga,2025/2026,Midfielder,Fredericia,2514,1180,1334,Denmark,32,16,16,1,1,0,5,2,3,0,0,2,1,1,55,25,30,2,0,0.21,0.18,0.04,0.08,0,2514,1.97,46,79,1257,503,0.07,165,58,-1,9,110119,6.89,0.16,79,36.77,32.09,45,1027,26.06,834,49,29.86,48,0.00,0.00,1.00,32,0.00,4.28,3.08,2.69,86,0.00,0.72,0.00,0.00,0.00,1.41,0.94,1.66,24.00,0.86,0.50,1.97,0.00,0.25,0.07,0.00,0.41,0.00,0.00,0,0,,24,0.75,45,8,0.29,46,16,0.57,47,5,4,28,95,0.00,99,0,45,1.61,89,137,60,4.90,96,0,0.00,99,0,0.00,0,0,0.00,0,1.15,67,63,2.26,75,30,1.07,47.62,0,0.00,0,0,0,0.00,0,53,0.00,16,1.90,81,N/A,N/A,N/A,N/A,0.00,0,0.00,0,2.34,0.00,0,81.21,33.33,47,77,0.28,0.32,9,79,51,0,0,0,0.50,0.57,16,83,220.44,2.62,3.01,84,1,0.00,0.04,16,0.03,0,0,0,0.00,0.00,0,0.00,0.00,0.07,0.06,2,0,4.17,34,88,99,98,17,5.93,76,0.19,0.21,2.34,38,0.07,0.08,33,19,0.59,0.68,0.75,0.66,29,21,0.08,37,77,78,64,0,49,31,0,0.00,99,13,0.00,0.47,9.02,7.88,252,147,69,49,5.26,4.59,58.33,23,0.82,49,0,22.63,0,0.00,99,31,0.97,1.11,94,87,51,80,0,0,0,0,0,53,36,49,51,0,29,8,89,29,2,6,37,8,N/A,N/A
Jakob Vester Nielsen,21,1104220800,2004/12/28,Superliga,2025/2026,Midfielder,Viborg,493,233,260,Denmark,15,6,9,2,2,0,1,0,1,0,0,4,1,3,7,6,1,0,0,0.55,0.18,0.37,0.77,0,247,1.28,70,33,0,493,0,34,62,-1,9,0,5.54,0.07,79,28.01,9.12,26,155,7.41,126,49,22.77,29,0.00,0.00,0.18,3,0.00,1.12,0.90,0.29,5,0.00,0.24,0.00,0.00,0.00,0.12,0.12,0.35,3.50,1.27,0.12,0.24,0.00,0.29,0.11,0.00,0.41,0.00,0.00,0,0,,7,0.41,55,5,0.90,78,2,0.36,29,6,10,5,22,0.00,99,0,2,0.36,22,19,56,3.43,84,0,0.00,99,0,0.00,0,0,0.00,0,0.54,31,4,0.72,37,2,0.36,50.00,0,0.00,0,0,0,0.00,0,6,0.00,59,1.08,35,N/A,N/A,N/A,N/A,0.00,0,0.00,0,1.93,0.00,0,81.29,71.43,99,54,0.18,0.54,3,38,64,0,0,0,0.00,0.00,0,22,94.24,0.59,1.81,10,0,0.00,0.00,99,0.00,0,0,0,0.00,0.00,0,0.00,0.00,0.18,0.06,1,0,28.57,97,10,22,43,59,0.96,58,0.06,0.17,1.93,80,0.11,0.35,59,6,0.35,1.08,0.36,0.12,11,2,0.35,78,22,56,64,0,70,67,0,0.00,99,7,0.00,1.27,6.33,2.06,35,20,29,19,3.61,1.18,57.14,4,0.72,54,0,21.05,0,0.00,99,4,0.24,0.72,84,14,81,88,0,0,0,0,0,90,87,49,98,0,12,53,16,16,0,0,18,37,0,0
James Gomez,24,1005724800,2001/11/14,Superliga,2025/2026,Defender,OB,608,348,260,Gambia,12,6,6,1,1,0,0,0,0,0,0,1,0,1,15,8,7,3,0,0.15,0,0.15,0.26,0,608,2.22,41,51,203,0,0.44,101,243,84,15,183767,3.73,0,32,59.95,21.32,85,405,18.42,350,82,51.81,86,0.00,0.00,0.00,0,0.00,0.11,1.04,0.37,7,0.00,0.05,0.00,0.00,0.00,0.63,0.11,0.16,2.00,0.30,0.05,0.16,0.00,0.05,0.04,0.00,0.37,0.00,0.00,0,0,,2,0.11,16,1,0.15,28,1,0.15,12,7,5,7,28,0.00,99,0,12,1.78,96,2,27,0.30,29,0,0.00,99,0,0.00,0,0,0.00,0,0.00,7,3,0.44,25,2,0.30,66.67,0,0.00,0,0,0,0.00,0,3,0.00,5,0.44,1,N/A,N/A,N/A,N/A,0.00,0,0.00,0,0.74,0.00,0,86.42,50.00,88,29,0.32,0.89,6,33,90,0,0,0,0.32,0.89,6,95,70.83,2.11,5.92,40,0,0.00,0.00,99,0.00,0,0,0,0.00,0.00,0,0.00,0.00,0.00,0.00,0,0,50.00,99,15,13,68,6,0.75,29,0.04,0.11,0.74,49,0.04,0.11,1,0,0.00,0.00,1.78,0.63,87,12,0.11,47,6,94,64,0,39,59,0,0.00,99,7,0.00,1.04,6.81,2.42,46,16,11,23,2.37,0.84,34.78,1,0.15,83,0,0.00,0,0.00,99,0,0.00,0.00,27,21,57,95,0,0,0,0,0,43,62,49,74,0,61,13,20,96,3,25,93,29,N/A,N/A
Jann-Fiete Arp,26,947145600,2000/01/06,Superliga,2025/2026,Midfielder,OB,2276,1227,1049,Germany,30,16,14,10,5,5,4,3,1,0,0,4,2,2,48,27,21,4,0,0.55,0.16,0.4,0.37,0.43,228,1.9,47,76,569,569,0.16,29,73,-1,2,318402,7.19,0.13,73,32.04,27.03,33,811,19.83,595,15,23.51,31,0.00,0.00,1.77,53,0.00,6.07,1.62,1.37,41,0.00,1.43,0.00,0.00,0.00,0.73,1.03,1.27,5.30,2.09,0.93,2.00,0.00,0.83,0.35,0.00,0.37,0.00,0.00,0,0,,53,1.77,78,25,0.99,83,28,1.11,70,3,3,27,56,0.00,99,0,22,0.87,54,182,72,7.19,99,0,0.00,99,0,0.00,0,0,0.00,0,2.09,95,60,2.37,77,31,1.22,51.67,0,0.00,0,0,0,0.00,0,38,0.00,19,1.50,66,N/A,N/A,N/A,N/A,0.00,0,0.00,0,10.45,0.00,0,73.37,47.17,79,0,1.50,1.78,45,82,66,5,0,0,0.20,0.24,6,55,215.66,0.83,0.99,25,0,0.00,0.00,99,0.00,0,5,1,0.03,0.04,0,0.00,0.00,0.08,0.07,2,0,18.87,87,77,88,42,19,5.63,80,0.19,0.22,6.95,74,0.23,0.27,94,54,1.80,2.13,1.46,1.23,75,37,0.41,84,97,29,73,0,51,26,0,0.00,99,11,0.00,0.43,12.21,10.30,309,137,72,85,5.41,4.57,44.34,43,1.70,14,0,25.82,0,0.00,99,47,1.57,1.86,99,84,45,61,0,0,0,0,0,90,91,91,85,0,73,27,60,59,4,13,66,7,N/A,N/A
Janni-Luca Serra,28,889776000,1998/03/13,Superliga,2025/2026,Forward,AGF,519,250,269,Germany,20,9,11,3,1,2,0,0,0,0,0,7,5,2,4,1,3,0,0,0.52,0,0.52,0.36,0.67,173,0.69,130,26,0,0,0,7,251,-1,7,366462,5.00,0,32,23.58,5.67,19,136,4.00,96,11,16.65,16,0.00,0.00,0.29,7,0.00,0.12,1.73,0.42,10,0.00,0.46,0.00,0.00,0.00,0.08,0.08,0.21,4.00,2.08,0.21,0.38,0.00,0.29,0.12,0.00,0.96,0.00,0.00,0,0,,12,0.50,77,7,1.21,92,5,0.87,60,2,15,5,61,0.00,99,0,2,0.35,20,3,88,0.52,38,0,0.00,99,0,0.00,0,0,0.00,0,1.21,69,9,1.56,61,2,0.35,22.22,0,0.00,0,0,0,0.00,0,5,0.00,98,0.87,19,N/A,N/A,N/A,N/A,0.00,0,0.00,0,2.90,0.00,0,70.59,58.33,94,75,0.08,0.35,2,36,15,0,0,0,0.00,0.00,0,22,120.02,0.29,1.21,7,0,0.00,0.00,99,0.00,0,0,0,0.00,0.00,0,0.00,0.00,0.87,0.21,5,0,25.00,96,11,38,33,98,0.45,17,0.02,0.08,2.90,96,0.12,0.50,81,9,0.38,1.56,1.21,0.29,61,7,0.50,95,16,38,64,0,98,99,0,0.00,99,23,0.00,3.99,16.99,4.08,98,43,97,99,7.46,1.79,43.88,11,1.91,10,0,33.33,0,0.00,99,1,0.04,0.17,49,14,95,44,0,1,0,5,0,87,98,98,84,0,79,89,16,16,0,0,18,13,N/A,N/A
Jannich Storch,33,737190000,1993/05/12,Superliga,2025/2026,Goalkeeper,Randers,540,90,450,Denmark,6,1,5,0,0,0,0,0,0,0,0,2,1,1,9,0,9,1,0,0,0,0,0,0,0,1.5,60,90,540,0,0.17,202,210,48,22,183767,1.33,0,32,32.50,6.29,35,195,5.06,157,45,26.17,37,0.00,0.00,0.00,0,0.00,0.00,0.00,0.00,0,0.00,0.00,0.00,0.00,0.48,0.03,0.00,0.81,0.00,0.00,0.00,0.00,0.00,0.00,0.00,0.00,0.03,0.00,0.00,0,0,,0,0.00,8,0,0.00,12,0,0.00,9,0,0,6,4,0.00,99,0,1,0.17,12,0,27,0.00,11,0,0.00,99,0,0.00,0,0,0.00,0,0.00,7,0,0.00,9,0,0.00,0.00,0,0.00,0,15,26,2.50,26,25,0.00,43,4.17,95,N/A,N/A,N/A,N/A,60.00,0,0.00,0,0.00,0.00,0,80.51,0.00,12,87,0.03,0.17,1,11,11,0,0,9,0.00,0.00,0,22,41.38,0.13,0.67,4,0,0.00,0.00,99,0.00,1,0,0,0.00,0.00,3,0.10,0.50,0.00,0.00,0,0,0.00,33,12,3,30,43,0.36,10,0.01,0.06,0.00,9,0.00,0.00,1,0,0.00,0.00,0.00,0.00,6,0,0.00,8,1,13,64,63,39,7,0,0.00,99,1,0.00,0.17,0.33,0.06,2,1,0,1,0.17,0.03,50.00,0,0.00,99,0,0.00,0,0.00,99,0,0.00,0.00,27,19,21,11,0,0,0,0,0,15,30,49,43,0,61,83,57,60,1,17,77,32,N/A,N/A
Jay-Roy Grot,28,889776000,1998/03/13,Superliga,2025/2026,Forward,OB,2037,980,1057,Netherlands,29,14,15,7,3,4,3,2,1,0,0,4,2,2,41,18,23,1,0,0.44,0.13,0.31,0.28,0.34,291,1.81,50,70,2037,679,0.04,53,95,-1,3,124487,6.78,0.1,65,17.53,13.69,7,397,9.48,275,7,12.14,7,0.00,0.00,0.48,14,0.00,0.17,0.44,0.34,10,0.00,1.45,0.00,0.00,0.00,0.14,0.52,0.97,8.57,2.65,1.21,1.31,0.00,0.86,0.32,0.00,1.45,0.00,0.00,0,0,,60,2.07,89,25,1.10,88,35,1.55,89,4,7,22,12,0.00,99,0,4,0.18,12,5,27,0.22,24,0,0.00,99,0,0.00,0,0,0.00,0,0.62,34,38,1.68,65,15,0.66,39.47,0,0.00,0,0,0,0.00,0,28,0.00,23,1.24,49,N/A,N/A,N/A,N/A,0.00,0,0.00,0,9.16,0.00,0,69.27,41.67,67,91,0.10,0.13,3,62,38,0,0,0,0.10,0.13,3,41,196.51,0.90,1.15,26,0,0.00,0.00,99,0.00,0,0,1,0.03,0.04,0,0.00,0.00,0.35,0.28,8,1,11.67,63,71,81,50,24,2.86,38,0.10,0.13,9.16,87,0.32,0.40,39,19,0.66,0.84,0.93,0.72,42,21,0.40,84,64,35,73,0,84,81,0,0.00,99,42,0.00,1.85,9.45,7.38,214,84,32,52,3.71,2.90,39.25,42,1.85,11,0,0.00,0,0.00,99,0,0.00,0.00,27,68,69,70,1,1,1,3,3,80,81,85,75,0,43,30,94,23,1,3,24,31,N/A,N/A
Jean-Manuel Mbom,26,951379200,2000/02/24,Superliga,2025/2026,Defender,Viborg,1587,779,808,Germany,23,10,13,0,0,0,4,3,1,0,0,7,2,5,23,14,9,5,0,0.23,0.23,0,0,0,0,1.3,69,69,317,397,0.28,227,36,38,28,180227,5.24,0.17,89,43.38,28.33,61,765,22.89,618,47,35.05,59,0.00,0.00,0.93,25,0.00,1.70,1.93,1.26,34,0.00,0.33,0.00,0.00,0.00,0.41,0.26,0.63,0.00,0.28,0.11,0.56,0.00,0.07,0.01,0.00,0.70,0.00,0.00,0,0,,5,0.19,15,2,0.11,23,3,0.17,13,3,6,17,72,0.00,99,0,11,0.62,38,46,40,2.61,77,0,0.00,99,0,0.00,0,0,0.00,0,1.42,80,15,0.85,41,7,0.40,46.67,0,0.00,0,0,0,0.00,0,17,0.00,57,0.96,27,N/A,N/A,N/A,N/A,0.00,0,0.00,0,0.36,0.00,0,80.78,40.00,64,76,0.22,0.34,6,39,50,0,0,0,0.11,0.17,3,46,141.47,2.00,3.06,54,1,0.00,0.06,10,0.04,0,0,0,0.00,0.00,0,0.00,0.00,0.17,0.11,3,0,0.00,33,59,50,30,57,4.50,90,0.17,0.26,0.36,16,0.01,0.02,59,19,0.70,1.08,1.76,1.15,85,31,0.02,15,18,78,64,0,69,61,0,0.00,99,19,0.00,1.08,8.62,5.63,152,78,48,42,4.42,2.89,51.32,9,0.51,63,0,15.22,0,0.00,99,7,0.26,0.40,68,57,61,61,0,0,0,0,0,55,30,49,43,0,59,70,35,81,5,22,88,18,N/A,N/A
Jelle Duin,27,917424000,1999/01/27,Superliga,2025/2026,Forward,Vejle,212,92,120,Netherlands,6,3,3,1,1,0,0,0,0,0,0,2,1,1,4,2,2,0,0,0.42,0,0.42,0.98,0,212,1.7,53,35,0,0,0,-1,-1,-1,13,124487,5.00,0,32,11.46,3.38,0,27,2.62,21,33,8.92,0,0.00,0.00,0.12,1,0.00,0.12,1.27,0.38,3,0.00,0.12,0.00,0.00,0.00,0.00,0.00,0.50,4.00,1.70,0.38,0.12,0.00,0.12,0.11,0.00,0.75,0.00,0.00,0,0,,4,0.50,67,1,0.42,55,3,1.27,80,5,4,2,40,0.00,99,0,0,0.00,6,1,27,0.42,34,0,0.00,99,0,0.00,0,0,0.00,0,0.42,27,1,0.42,24,0,0.00,0.00,0,0.00,0,0,0,0.00,0,4,0.00,28,1.70,74,N/A,N/A,N/A,N/A,0.00,0,0.00,0,0.86,0.00,0,77.78,25.00,29,68,0.12,0.42,1,11,11,1,0,0,0.00,0.00,0,22,40.03,0.25,0.85,2,0,0.00,0.00,99,0.00,0,1,0,0.00,0.00,0,0.00,0.00,1.27,0.38,3,0,25.00,96,0,3,38,29,0.08,1,0.01,0.03,0.16,33,0.02,0.07,93,5,0.62,2.12,2.12,0.62,95,5,0.37,81,16,21,64,0,99,91,0,0.00,99,6,0.00,2.55,11.89,3.50,28,13,75,80,5.52,1.62,46.43,1,0.42,70,0,0.00,0,0.00,99,0,0.00,0.00,27,2,51,80,0,0,0,0,0,78,92,49,99,0,43,83,16,16,0,0,18,9,N/A,N/A
Jens Martin Gammelby,31,791971200,1995/02/05,Superliga,2025/2026,Defender,Silkeborg,2880,1440,1440,Denmark,32,16,16,5,1,4,1,0,1,0,0,3,2,1,65,25,40,1,0,0.19,0.03,0.16,0.06,0.25,576,2.03,44,90,2880,2880,0.03,98,167,78,3,180227,6.63,0.03,34,44.19,44.19,63,1414,37.06,1186,61,37.06,64,0.00,0.00,0.72,23,0.00,1.47,0.62,0.62,20,0.00,0.25,0.00,0.00,0.00,0.41,0.19,1.78,7.60,1.19,0.66,0.66,0.00,0.53,0.19,0.00,0.69,0.00,0.00,0,0,,38,1.19,53,17,0.53,62,21,0.66,49,0,0,32,15,0.00,99,0,13,0.41,26,47,36,1.47,60,0,0.00,99,0,0.00,0,0,0.00,0,0.72,38,21,0.66,34,6,0.19,28.57,0,0.00,0,0,0,0.00,0,57,0.00,11,1.78,79,N/A,N/A,N/A,N/A,0.00,0,0.00,0,6.02,0.00,0,83.88,44.74,74,78,0.31,0.31,10,25,18,1,1,0,0.16,0.16,5,45,212.10,3.41,3.41,109,0,0.00,0.00,99,0.00,0,2,1,0.03,0.03,0,0.00,0.00,0.16,0.16,5,0,13.16,69,99,99,68,12,3.59,29,0.11,0.11,4.62,53,0.14,0.14,19,15,0.47,0.47,0.19,0.19,9,6,0.19,60,56,81,68,0,67,42,0,0.00,99,22,0.00,0.69,3.78,3.78,121,62,9,9,1.94,1.94,51.24,8,0.25,79,0,12.77,0,0.00,99,6,0.19,0.19,51,99,21,11,0,1,0,3,0,49,65,76,45,0,59,15,99,19,1,3,24,19,N/A,N/A
Jeppe Grønning,34,675068400,1991/05/24,Superliga,2025/2026,Midfielder,Viborg,2568,1383,1185,Denmark,30,16,14,1,1,0,1,1,0,0,0,8,3,5,42,22,20,9,0,0.07,0.04,0.04,0.07,0,2568,1.47,61,86,285,2568,0.32,172,156,-1,19,180227,6.83,0.03,40,40.58,38.60,54,1158,31.70,951,54,33.33,56,0.00,0.00,0.47,14,0.00,0.20,2.63,2.50,75,0.00,0.37,0.00,0.00,0.00,2.07,0.07,1.20,15.00,0.53,0.43,0.27,0.00,0.07,0.05,0.00,1.00,0.00,0.00,0,0,,15,0.50,27,2,0.07,18,13,0.46,38,3,0,30,87,0.00,99,0,62,2.17,99,6,27,0.21,24,0,0.00,99,0,0.00,0,0,0.00,0,0.49,30,8,0.28,19,2,0.07,25.00,0,0.00,0,0,0,0.00,0,36,0.00,44,1.26,52,N/A,N/A,N/A,N/A,0.00,0,0.00,0,1.55,0.00,0,82.12,13.33,15,25,0.90,0.95,27,16,17,1,0,0,0.53,0.56,16,82,205.00,2.00,2.10,60,1,0.00,0.04,16,0.03,0,1,1,0.03,0.04,0,0.00,0.00,0.00,0.00,0,0,6.67,40,91,88,99,44,3.05,29,0.10,0.11,0.85,20,0.03,0.03,93,58,1.93,2.03,1.82,1.73,89,52,0.05,26,70,63,73,0,39,60,0,0.00,99,30,0.00,1.05,9.92,9.43,283,163,80,58,5.71,5.43,57.60,11,0.39,71,0,0.00,0,0.00,99,0,0.00,0.00,27,95,21,61,0,0,0,0,0,26,36,49,48,0,59,53,32,85,9,30,98,13,N/A,N/A
Jeppe Kudsk,23,1046160000,2003/02/25,Superliga,2025/2026,Defender,Fredericia,1318,645,673,Denmark,23,11,12,1,0,1,0,0,0,0,0,2,1,1,28,12,16,6,0,0.07,0,0.07,0,0.13,1318,1.91,47,57,220,0,0.41,147,206,73,12,124176,5.22,0,32,58.86,30.79,84,862,26.54,743,80,50.74,84,0.00,0.00,0.14,4,0.00,0.07,1.16,0.61,17,0.00,0.04,0.00,0.00,0.00,0.61,0.00,0.79,12.00,0.82,0.32,0.00,0.00,0.11,0.05,0.00,0.54,0.00,0.00,0,0,,12,0.43,43,3,0.20,35,9,0.61,47,7,10,13,33,0.00,99,0,17,1.16,70,2,98,0.14,19,0,0.00,99,0,0.00,0,0,0.00,0,0.27,17,0,0.00,9,0,0.00,0.00,0,0.00,0,0,0,0.00,0,22,0.00,19,1.50,66,N/A,N/A,N/A,N/A,0.00,0,0.00,0,1.39,0.00,0,86.19,25.00,29,76,0.18,0.34,5,11,11,0,0,0,0.68,1.30,19,98,146.24,3.36,6.42,94,0,0.00,0.00,99,0.00,0,0,0,0.00,0.00,0,0.00,0.00,0.14,0.07,2,0,8.33,46,47,50,89,19,1.57,29,0.06,0.11,1.39,42,0.05,0.09,9,3,0.11,0.20,1.71,0.89,82,25,0.09,41,18,96,64,0,65,58,0,0.00,99,15,0.00,1.02,6.49,3.39,95,35,12,21,2.39,1.25,36.84,1,0.07,90,0,50.00,0,0.00,99,1,0.04,0.07,36,42,81,95,0,0,0,0,0,26,45,61,43,0,42,15,23,94,6,26,95,4,N/A,N/A
Jesper Hansen,41,481104000,1985/03/31,Superliga,2025/2026,Goalkeeper,AGF,2700,1350,1350,Denmark,30,15,15,1,0,1,0,0,0,0,0,9,7,2,26,11,15,1,0,0.03,0,0.03,0,0.07,2700,0.87,104,90,2700,0,0.03,177,252,9,14,183767,6.85,0,32,28.07,27.16,26,842,20.13,624,18,20.80,26,0.00,0.00,0.00,0,0.00,0.00,0.00,0.00,0,0.00,0.06,0.00,0.00,2.94,0.00,0.03,3.87,0.00,0.00,0.00,0.03,0.00,0.00,0.00,0.00,0.35,0.00,0.00,0,0,,0,0.00,8,0,0.00,12,0,0.00,9,0,0,30,4,0.00,99,0,0,0.00,6,0,27,0.00,11,0,0.00,99,0,0.00,0,0,0.00,0,0.00,7,1,0.03,9,1,0.03,100.00,0,0.00,0,91,89,3.03,58,120,0.00,89,4.00,94,N/A,N/A,N/A,N/A,75.83,0,0.00,0,0.00,0.00,0,74.11,0.00,12,99,0.00,0.00,0,13,99,0,0,65,0.00,0.00,0,22,212.29,1.13,1.17,35,0,0.00,0.00,99,0.00,0,0,0,0.00,0.00,13,0.42,0.43,0.00,0.00,0,0,0.00,33,96,88,99,89,1.48,7,0.05,0.05,0.00,9,0.00,0.00,4,3,0.10,0.10,0.03,0.03,7,1,0.00,8,72,36,64,58,39,21,0,0.00,99,11,0.00,0.37,0.63,0.61,19,15,4,4,0.50,0.48,78.95,2,0.07,90,0,0.00,0,0.00,99,0,0.00,0.00,27,95,21,11,0,0,0,0,0,17,31,52,43,0,61,70,99,19,1,3,24,1,N/A,N/A
Johannes Robert Benjamin Örn,22,1082962800,2004/04/26,Superliga,2025/2026,Midfielder,Randers,171,46,125,Sweden,6,2,4,0,0,0,0,0,0,0,0,0,0,0,9,2,7,0,0,0,0,0,0,0,0,4.74,19,29,0,0,0,-1,-1,-1,29,0,2.86,0,32,49.19,10.44,69,94,8.11,73,33,38.20,65,0.00,0.00,0.11,1,0.00,0.89,2.62,0.56,5,0.00,0.00,0.00,0.00,0.00,0.56,0.33,1.11,0.00,0.00,0.00,0.78,0.00,0.00,0.00,0.00,0.33,0.00,0.00,0,0,,0,0.00,8,0,0.00,12,0,0.00,9,3,4,2,87,0.00,99,0,5,2.62,99,8,36,4.19,90,0,0.00,99,0,0.00,0,0,0.00,0,0.52,31,7,3.66,91,3,1.57,42.86,0,0.00,0,0,0,0.00,0,10,0.00,0,5.23,99,N/A,N/A,N/A,N/A,0.00,0,0.00,0,0.00,0.00,0,77.66,0.00,12,3,0.33,1.57,3,90,44,0,0,0,0.22,1.05,2,97,25.72,0.67,3.14,6,0,0.00,0.00,99,0.00,0,0,0,0.00,0.00,0,0.00,0.00,0.00,0.00,0,0,0.00,33,0,3,30,0,0.17,20,0.02,0.09,0.00,9,0.00,0.00,55,2,0.22,1.05,1.57,0.33,76,3,0.00,8,3,78,64,0,39,73,0,0.00,99,3,0.00,1.57,14.65,3.11,28,13,94,97,6.80,1.44,46.43,0,0.00,99,0,12.50,0,0.00,99,1,0.11,0.52,76,2,51,61,0,0,0,0,0,15,30,49,43,0,12,3,16,16,0,0,18,23,0,0
John Björkengren,27,913190400,1998/12/09,Superliga,2025/2026,Midfielder,Randers,2696,1440,1256,Sweden,30,16,14,2,2,0,1,1,0,0,0,10,6,4,36,21,15,8,0,0.1,0.03,0.07,0.13,0,1348,1.2,75,90,337,2696,0.27,142,168,-1,6,243047,7.02,0.03,34,50.31,50.23,73,1507,43.13,1294,79,43.20,73,0.00,0.00,0.33,10,0.00,0.63,2.17,2.17,65,0.00,0.63,0.00,0.00,0.00,1.33,0.30,1.13,7.50,0.50,0.30,0.57,0.00,0.20,0.08,0.00,1.40,0.00,0.00,0,0,,15,0.50,25,6,0.20,35,9,0.30,24,2,0,30,77,0.00,99,0,40,1.34,78,19,85,0.63,42,0,0.00,99,0,0.00,0,0,0.00,0,0.33,22,17,0.57,29,9,0.30,52.94,0,0.00,0,0,0,0.00,0,34,0.00,66,1.14,40,N/A,N/A,N/A,N/A,0.00,0,0.00,0,2.44,0.00,0,85.87,40.00,64,36,0.77,0.77,23,33,69,0,0,0,0.67,0.67,20,88,210.64,2.13,2.14,64,0,0.00,0.00,99,0.00,0,0,2,0.07,0.07,0,0.00,0.00,0.03,0.03,1,0,13.33,71,95,88,90,66,3.83,38,0.13,0.13,2.44,38,0.08,0.08,81,47,1.57,1.57,1.34,1.33,68,40,0.08,37,87,65,84,0,41,70,0,0.00,99,42,0.00,1.40,9.25,9.23,277,161,72,51,5.37,5.37,58.12,19,0.63,57,0,31.58,0,0.00,99,6,0.20,0.20,53,95,21,44,0,0,0,0,0,30,45,49,58,0,68,83,38,80,8,27,96,6,N/A,N/A
Jona Niemiec,24,1000882800,2001/09/19,Superliga,2025/2026,Forward,OB,951,514,437,Germany,25,12,13,5,4,1,2,2,0,0,0,4,2,2,18,10,8,2,0,0.66,0.19,0.47,0.7,0.21,190,1.7,53,38,476,476,0.19,13,54,-1,4,0,6.71,0.08,82,14.42,6.08,3,152,4.28,107,9,10.15,3,0.00,0.00,0.28,7,0.00,0.32,1.14,0.48,12,0.00,0.72,0.00,0.00,0.00,0.20,0.56,0.80,6.00,2.85,0.72,0.88,0.00,0.48,0.21,0.00,0.48,0.00,0.00,0,0,,30,1.20,93,12,1.14,90,18,1.71,93,5,15,10,32,0.00,99,0,5,0.47,31,8,27,0.76,47,0,0.00,99,0,0.00,0,0,0.00,0,0.66,36,22,2.09,74,14,1.33,63.64,0,0.00,0,0,0,0.00,0,20,0.00,28,1.90,81,N/A,N/A,N/A,N/A,0.00,0,0.00,0,5.33,0.00,0,70.39,40.00,64,42,0.28,0.66,7,84,84,0,0,0,0.04,0.09,1,31,167.77,0.60,1.42,15,0,0.00,0.00,99,0.00,0,0,2,0.08,0.19,0,0.00,0.00,0.28,0.12,3,0,16.67,82,30,58,35,29,1.66,53,0.07,0.16,5.33,96,0.21,0.51,64,12,0.48,1.14,1.90,0.80,91,20,0.51,96,60,45,97,0,81,63,0,0.00,99,12,0.00,1.14,11.48,4.84,121,47,50,77,4.46,1.88,38.84,18,1.71,13,0,0.00,0,0.00,99,0,0.00,0.00,27,29,95,80,0,0,0,0,0,95,95,71,98,0,12,33,52,64,2,8,49,11,0,0
Jonas Jensen-Abbew,24,1019286000,2002/04/20,Superliga,2025/2026,Defender,AGF,214,57,157,Denmark,12,2,10,0,0,0,0,0,0,0,0,3,1,2,3,0,3,0,0,0,0,0,0,0,0,1.26,71,18,0,0,0,-1,-1,-1,27,183767,2.06,0,32,43.75,4.20,62,105,3.40,85,47,35.42,60,0.00,0.00,0.00,0,0.00,0.08,2.50,0.24,6,0.00,0.00,0.00,0.00,0.00,0.08,0.00,0.08,0.00,0.00,0.00,0.00,0.00,0.00,0.00,0.00,0.28,0.00,0.00,0,0,,0,0.00,8,0,0.00,12,0,0.00,9,1,11,1,84,0.00,99,0,2,0.83,52,2,27,0.83,49,0,0.00,99,0,0.00,0,0,0.00,0,0.00,7,0,0.00,9,0,0.00,0.00,0,0.00,0,0,0,0.00,0,2,0.00,62,0.83,15,N/A,N/A,N/A,N/A,0.00,0,0.00,0,0.00,0.00,0,80.95,0.00,12,33,0.08,0.83,2,11,11,0,0,0,0.00,0.00,0,22,51.52,0.84,8.75,21,0,0.00,0.00,99,0.00,0,0,0,0.00,0.00,0,0.00,0.00,0.00,0.00,0,0,0.00,33,0,13,30,61,0.20,17,0.01,0.08,0.00,9,0.00,0.00,1,0,0.00,0.00,0.42,0.04,14,1,0.00,8,2,99,64,0,39,93,0,0.00,99,7,0.00,2.92,10.00,0.96,24,13,72,59,5.42,0.52,54.17,0,0.00,99,0,0.00,0,0.00,99,0,0.00,0.00,27,0,86,27,0,0,0,0,0,15,30,49,43,0,61,48,16,16,0,0,18,40,N/A,N/A
Jonas Lössl,37,602323200,1989/02/01,Superliga,2025/2026,Goalkeeper,Midtjylland,450,270,180,Denmark,5,3,2,0,0,0,0,0,0,0,0,1,0,1,8,7,1,0,0,0,0,0,0,0,0,1.6,56,90,0,0,0,252,250,58,25,592800,1.13,0,32,40.60,6.77,55,203,4.33,130,2,26.00,36,0.00,0.00,0.00,0,0.00,0.00,0.00,0.00,0,0.00,0.00,0.00,0.00,0.37,0.03,0.03,0.67,0.00,0.00,0.00,0.03,0.00,0.00,0.00,0.00,0.00,0.00,0.00,0,0,,0,0.00,8,0,0.00,12,0,0.00,9,0,0,5,4,0.00,99,0,1,0.20,13,0,27,0.00,11,0,0.00,99,0,0.00,0,0,0.00,0,0.00,7,1,0.20,17,1,0.20,100.00,0,0.00,0,11,21,2.20,21,20,0.00,35,4.00,94,N/A,N/A,N/A,N/A,55.00,0,0.00,0,0.00,0.00,0,64.04,0.00,12,99,0.00,0.00,0,25,99,0,0,7,0.00,0.00,0,22,34.01,0.17,1.00,5,0,0.00,0.00,99,0.00,1,0,0,0.00,0.00,3,0.10,0.60,0.00,0.00,0,0,0.00,33,6,1,30,35,0.24,7,0.01,0.05,0.00,9,0.00,0.00,9,1,0.03,0.20,0.00,0.00,6,0,0.00,8,0,30,64,68,39,2,0,0.00,99,0,0.00,0.00,0.60,0.10,3,3,6,3,0.60,0.10,100.00,0,0.00,99,0,0.00,0,0.00,99,0,0.00,0.00,27,14,21,11,0,0,0,0,0,15,30,49,43,0,90,37,16,16,0,0,18,1,N/A,N/A
Jonatan Holm Lindekilde,20,1143792000,2006/03/31,Superliga,2025/2026,Midfielder,Fredericia,985,528,457,Denmark,17,9,8,5,2,3,2,1,1,0,0,1,0,1,21,13,8,0,0,0.64,0.18,0.46,0.34,0.59,197,1.92,47,58,0,493,0,16,59,-1,4,122614,6.88,0.12,79,26.22,16.88,24,287,13.24,225,35,20.56,26,0.00,0.00,0.47,8,0.00,0.76,0.46,0.29,5,0.00,0.65,0.00,0.00,0.00,0.59,0.65,1.12,6.40,2.92,1.00,1.88,0.00,0.88,0.34,0.00,0.59,0.00,0.00,0,0,,32,1.88,94,15,1.37,97,17,1.55,89,2,5,12,13,0.00,99,0,10,0.91,56,13,41,1.19,56,0,0.00,99,0,0.00,0,0,0.00,0,0.73,38,32,2.92,85,11,1.01,34.38,0,0.00,0,0,0,0.00,0,19,0.00,18,1.74,76,N/A,N/A,N/A,N/A,0.00,0,0.00,0,5.81,0.00,0,78.40,46.88,78,91,0.06,0.09,1,76,31,0,0,0,0.12,0.18,2,48,116.91,0.24,0.37,4,0,0.00,0.00,99,0.00,0,0,1,0.06,0.09,0,0.00,0.00,0.27,0.18,3,0,15.62,77,32,29,36,19,1.94,63,0.11,0.18,5.81,97,0.34,0.53,71,14,0.82,1.28,0.73,0.47,26,8,0.53,97,76,5,87,0,80,51,0,0.00,99,10,0.00,0.91,8.77,5.65,96,40,30,45,3.65,2.35,41.67,11,1.01,41,0,15.38,0,0.00,99,2,0.12,0.18,50,38,57,44,0,1,0,6,0,94,95,97,82,0,41,8,16,16,0,0,18,21,N/A,N/A
Jonathan Amon,27,925455600,1999/04/30,Superliga,2025/2026,Forward,Vejle,183,123,60,USA,10,6,4,0,0,0,0,0,0,0,0,0,0,0,5,4,1,0,0,0,0,0,0,0,0,2.46,37,18,0,0,0,-1,-1,-1,28,124487,3.44,0,32,20.77,2.21,13,42,1.84,35,59,17.31,17,0.00,0.00,0.05,1,0.00,0.16,1.98,0.21,4,0.00,0.11,0.00,0.00,0.00,0.05,0.26,0.16,0.00,0.99,0.05,0.53,0.00,0.05,0.01,0.00,0.00,0.00,0.00,0,0,,2,0.11,48,1,0.49,59,1,0.49,42,1,10,0,73,0.00,99,0,1,0.49,33,3,27,1.48,61,0,0.00,99,0,0.00,0,0,0.00,0,0.49,30,10,4.95,96,5,2.47,50.00,0,0.00,0,0,0,0.00,0,3,0.00,2,1.48,65,N/A,N/A,N/A,N/A,0.00,0,0.00,0,0.18,0.00,0,83.33,50.00,88,61,0.05,0.49,1,98,64,0,0,0,0.00,0.00,0,22,65.37,0.00,0.00,0,0,0.00,0.00,99,0.00,0,0,0,0.00,0.00,0,0.00,0.00,0.00,0.00,0,0,0.00,33,0,7,30,2,0.11,7,0.01,0.05,0.18,42,0.01,0.09,92,4,0.21,1.98,1.98,0.21,92,4,0.09,41,3,1,64,0,39,2,0,0.00,99,0,0.00,0.00,13.35,1.42,27,13,91,91,6.43,0.68,48.15,2,0.99,42,0,0.00,0,0.00,99,0,0.00,0.00,27,0,81,27,0,0,0,0,0,15,30,49,43,0,43,3,16,16,0,0,18,11,N/A,N/A
Jonathan Moalem,19,1170316800,2007/02/01,Superliga,2025/2026,Midfielder,København,0,0,0,Denmark,0,0,0,0,0,0,0,0,0,0,0,0,0,0,0,0,0,0,0,0,0,0,0,0,0,0,0,0,0,0,0,-1,-1,-1,-1,N/A,N/A,N/A,N/A,N/A,N/A,N/A,N/A,N/A,N/A,N/A,N/A,N/A,N/A,N/A,N/A,N/A,N/A,N/A,N/A,N/A,N/A,N/A,N/A,N/A,N/A,N/A,N/A,N/A,N/A,N/A,N/A,N/A,N/A,N/A,N/A,N/A,N/A,N/A,N/A,N/A,N/A,N/A,N/A,N/A,N/A,N/A,N/A,N/A,N/A,N/A,N/A,N/A,N/A,N/A,N/A,N/A,N/A,N/A,N/A,N/A,N/A,N/A,N/A,N/A,N/A,N/A,N/A,N/A,N/A,N/A,N/A,N/A,N/A,N/A,N/A,N/A,N/A,N/A,N/A,N/A,N/A,N/A,N/A,N/A,N/A,N/A,N/A,N/A,N/A,N/A,N/A,N/A,N/A,N/A,N/A,N/A,N/A,N/A,N/A,N/A,N/A,N/A,N/A,N/A,N/A,N/A,N/A,N/A,N/A,N/A,N/A,N/A,N/A,N/A,N/A,N/A,N/A,N/A,N/A,N/A,N/A,N/A,N/A,N/A,N/A,N/A,N/A,N/A,N/A,N/A,N/A,N/A,N/A,N/A,N/A,N/A,N/A,N/A,N/A,N/A,N/A,N/A,N/A,N/A,N/A,N/A,N/A,N/A,N/A,N/A,N/A,N/A,N/A,N/A,N/A,N/A,N/A,N/A,N/A,N/A,N/A,N/A,N/A,N/A,N/A,N/A,N/A,N/A,N/A,N/A,N/A,N/A,N/A,N/A,N/A,N/A,N/A,N/A,N/A,N/A,N/A,N/A,N/A,N/A,N/A,N/A,N/A,N/A,N/A,N/A,N/A,N/A,N/A,N/A,N/A,N/A,N/A,N/A,N/A,N/A,N/A,N/A,N/A,N/A,N/A,N/A,N/A,N/A,N/A,N/A,N/A,N/A,N/A,N/A,N/A,N/A,N/A,N/A,N/A,N/A,N/A,N/A,N/A
Jordan Larsson,28,866790000,1997/06/20,Superliga,2025/2026,Forward,København,2292,1200,1092,Sweden,32,16,16,13,9,4,8,7,1,0,0,8,6,2,32,15,17,0,0,0.82,0.31,0.51,0.68,0.33,176,1.26,72,72,0,287,0,9,11,-1,1,1067040,7.25,0.25,97,31.37,24.97,32,799,20.97,671,63,26.35,38,0.00,0.00,1.75,56,0.00,2.97,0.63,0.50,16,0.00,0.81,0.00,0.00,0.00,0.47,0.75,0.94,5.15,2.63,1.19,1.69,0.00,0.91,0.41,0.00,0.34,0.00,0.00,0,0,,67,2.09,88,29,1.14,90,38,1.49,85,2,5,27,16,0.00,99,0,15,0.59,37,95,91,3.73,88,0,0.00,99,0,0.00,0,0,0.00,0,2.20,97,54,2.12,74,24,0.94,44.44,0,0.00,0,0,0,0.00,0,30,0.00,62,1.18,44,N/A,N/A,N/A,N/A,0.00,0,0.00,0,13.21,0.00,0,83.98,43.28,70,38,0.56,0.71,18,71,47,4,0,0,0.09,0.12,3,39,232.15,0.53,0.67,17,0,0.00,0.00,99,0.00,0,4,2,0.06,0.08,0,0.00,0.00,0.04,0.03,1,1,19.40,88,78,99,33,62,8.16,97,0.26,0.32,10.41,87,0.33,0.41,56,27,0.84,1.06,0.63,0.50,20,16,0.52,96,98,13,86,0,44,26,0,0.00,99,11,0.00,0.43,7.46,5.94,190,78,16,29,3.06,2.44,41.05,26,1.02,40,0,37.89,0,0.00,99,36,1.12,1.41,98,84,57,44,0,1,0,3,0,98,97,84,98,0,98,48,16,16,0,0,18,11,N/A,N/A
Jordi Vanlerberghe,29,835858800,1996/06/27,Superliga,2025/2026,Defender,Brøndby,773,301,472,Belgium,14,5,9,0,0,0,0,0,0,0,0,6,1,5,9,4,5,3,0,0,0,0,0,0,0,1.05,86,55,258,0,0.35,240,239,23,31,426538,3.41,0,32,63.42,20.92,89,544,18.00,468,80,54.56,87,0.00,0.00,0.12,3,0.00,0.31,2.56,0.85,22,0.00,0.04,0.00,0.00,0.00,0.54,0.04,0.27,0.00,0.58,0.15,0.12,0.00,0.04,0.01,0.00,0.50,0.00,0.00,0,0,,5,0.19,33,1,0.12,25,4,0.47,40,4,5,9,86,0.00,99,0,14,1.63,91,8,27,0.93,51,0,0.00,99,0,0.00,0,0,0.00,0,0.35,23,3,0.35,22,1,0.12,33.33,0,0.00,0,0,0,0.00,0,7,0.00,76,0.82,15,N/A,N/A,N/A,N/A,0.00,0,0.00,0,0.36,0.00,0,86.03,20.00,22,2,0.58,1.75,15,20,30,0,0,0,0.04,0.12,1,39,88.72,1.12,3.38,29,0,0.00,0.00,99,0.00,0,0,0,0.00,0.00,0,0.00,0.00,0.00,0.00,0,0,0.00,33,23,18,30,77,1.19,43,0.05,0.14,0.36,24,0.01,0.04,26,5,0.19,0.58,0.70,0.23,23,6,0.04,24,3,81,64,0,39,73,0,0.00,99,13,0.00,1.52,8.74,2.88,75,41,57,44,4.78,1.58,54.67,1,0.12,86,0,0.00,0,0.00,99,0,0.00,0.00,27,26,57,70,0,0,0,0,0,15,30,49,43,0,82,98,28,89,2,14,71,30,N/A,N/A
José Francisco dos Santos Júnior,27,926751600,1999/05/15,Superliga,2025/2026,Forward,Midtjylland,1136,554,582,Brazil,21,10,11,5,0,5,3,2,1,0,0,8,3,5,8,4,4,5,0,0.63,0.24,0.4,0,0.77,227,0.63,142,54,227,379,0.4,28,32,-1,5,306386,6.61,0.14,91,23.05,13.23,18,291,8.82,194,4,15.37,14,0.00,0.00,0.64,14,0.00,0.68,1.51,0.86,19,0.00,1.18,0.00,0.00,0.00,0.18,0.95,0.45,6.40,2.54,0.73,1.91,0.00,0.73,0.26,0.00,2.05,0.00,0.00,0,0,,32,1.45,86,16,1.27,94,16,1.27,80,6,11,10,50,0.00,99,0,4,0.32,19,15,28,1.19,56,0,0.00,99,0,0.00,0,0,0.00,0,1.11,63,42,3.33,89,21,1.66,50.00,0,0.00,0,0,0,0.00,0,10,0.00,99,0.79,12,N/A,N/A,N/A,N/A,0.00,0,0.00,0,5.81,0.00,0,66.67,50.00,88,69,0.23,0.40,5,92,64,1,0,0,0.00,0.00,0,22,145.41,0.73,1.27,16,1,0.00,0.08,5,0.05,0,1,1,0.05,0.08,0,0.00,0.00,0.63,0.36,8,0,15.62,77,36,42,41,99,2.70,76,0.12,0.21,5.11,87,0.23,0.40,97,32,1.45,2.54,2.06,1.18,93,26,0.46,91,55,41,86,0,93,98,0,0.00,99,45,0.00,3.57,18.78,10.77,237,114,99,99,9.03,5.18,48.10,26,2.06,7,0,6.67,0,0.00,99,1,0.05,0.08,37,29,86,88,0,1,0,5,0,94,91,99,43,0,73,95,24,93,5,24,92,74,N/A,N/A
Juho Lähteenmäki,19,1150354800,2006/06/15,Superliga,2025/2026,Midfielder,Nordsjælland,2206,1120,1086,Finland,27,14,13,2,0,2,2,1,1,0,0,8,6,2,31,13,18,1,0,0.16,0.08,0.08,0,0.17,1103,1.26,71,82,2206,1103,0.04,140,122,-1,11,183767,6.52,0.07,52,43.41,38.14,61,1068,32.43,908,72,36.91,64,0.00,0.00,0.93,26,0.00,0.71,1.75,1.54,43,0.00,0.82,0.00,0.00,0.00,0.96,0.61,0.93,6.50,0.53,0.21,1.25,0.00,0.25,0.09,0.00,0.18,0.00,0.00,0,0,,13,0.46,27,7,0.28,45,6,0.24,18,1,1,26,62,0.00,99,0,27,1.10,67,20,82,0.81,48,0,0.00,99,0,0.00,0,0,0.00,0,1.06,59,35,1.42,58,17,0.69,48.57,0,0.00,0,0,0,0.00,0,26,0.00,62,1.06,33,N/A,N/A,N/A,N/A,0.00,0,0.00,0,2.39,0.00,0,85.02,53.85,89,40,0.61,0.69,17,63,52,0,0,0,0.32,0.37,9,69,182.44,1.54,1.75,43,1,0.00,0.04,16,0.04,0,0,0,0.00,0.00,0,0.00,0.00,0.08,0.07,2,0,15.38,76,75,68,82,61,4.00,53,0.14,0.16,2.39,45,0.09,0.10,38,20,0.71,0.81,0.57,0.50,18,14,0.10,44,50,54,64,0,51,9,0,0.00,99,5,0.00,0.20,7.15,6.29,176,85,25,25,3.46,3.04,48.30,23,0.93,44,0,30.00,0,0.00,99,6,0.21,0.24,58,78,31,27,0,0,0,0,0,45,48,68,43,0,61,70,96,23,1,4,29,25,N/A,N/A
Julius Berthel Askou Harvey,19,1148713200,2006/05/27,Superliga,2025/2026,Midfielder,OB,2109,1059,1050,Denmark,30,15,15,1,1,0,0,0,0,0,0,4,2,2,36,20,16,7,0,0.04,0,0.04,0.08,0,2109,1.54,59,70,301,0,0.3,175,229,-1,12,35444,6.51,0,32,68.41,51.94,92,1610,46.23,1433,89,60.89,92,0.00,0.00,0.32,10,0.00,0.10,1.70,1.29,40,0.00,0.16,0.00,0.00,0.00,1.26,0.03,1.16,8.00,0.34,0.19,0.03,0.00,0.06,0.04,0.00,1.84,0.00,0.00,0,0,,8,0.26,18,2,0.08,19,6,0.25,20,7,7,23,60,0.00,99,0,39,1.66,92,3,99,0.13,18,0,0.00,99,0,0.00,0,0,0.00,0,0.42,27,1,0.04,10,1,0.04,100.00,0,0.00,0,0,0,0.00,0,36,0.00,40,1.53,67,N/A,N/A,N/A,N/A,0.00,0,0.00,0,1.12,0.00,0,89.01,25.00,29,57,0.39,0.51,12,13,99,0,0,0,0.84,1.10,26,98,201.78,5.32,7.01,165,1,0.00,0.04,16,0.03,0,0,0,0.00,0.00,1,0.03,0.04,0.00,0.00,0,0,12.50,68,74,88,95,41,3.52,47,0.11,0.15,1.12,26,0.04,0.05,40,20,0.65,0.85,1.06,0.81,53,25,0.05,26,49,98,64,5,39,89,0,0.00,99,57,0.00,2.42,8.07,6.13,190,116,62,34,4.93,3.74,61.05,5,0.21,80,0,66.67,0,0.00,99,2,0.06,0.08,37,71,69,95,0,0,0,0,0,20,36,49,51,0,14,27,34,84,7,23,89,13,N/A,N/A
Julius Emefile,19,1175497200,2007/04/02,Superliga,2025/2026,Midfielder,Midtjylland,104,89,15,Denmark,4,3,1,1,1,0,0,0,0,0,0,1,0,1,1,1,0,1,0,0.87,0,0.87,1.01,0,104,0.87,104,26,104,0,0.87,-1,-1,-1,18,0,2.23,0,32,23.37,2.25,18,27,1.83,22,50,19.04,21,0.00,0.00,0.33,4,0.00,0.33,0.00,0.00,0,0.00,0.17,0.00,0.00,0.00,0.08,0.00,0.17,2.00,1.73,0.00,0.08,0.00,0.17,0.07,0.00,0.17,0.00,0.00,0,0,,2,0.17,68,2,1.73,98,0,0.00,9,6,3,1,4,0.00,99,0,1,0.87,54,4,27,3.46,85,0,0.00,99,0,0.00,0,0,0.00,0,3.46,99,1,0.87,42,0,0.00,0.00,0,0.00,0,0,0,0.00,0,2,0.00,89,1.73,76,N/A,N/A,N/A,N/A,0.00,0,0.00,0,0.87,0.00,0,81.48,100.00,99,99,0.00,0.00,0,11,11,0,0,0,0.00,0.00,0,22,26.77,0.25,2.60,3,1,0.00,0.87,0,0.08,0,0,0,0.00,0.00,0,0.00,0.00,1.73,0.17,2,0,50.00,99,0,0,31,89,0.22,68,0.02,0.19,0.87,99,0.07,0.75,44,1,0.08,0.87,5.19,0.50,99,6,0.75,99,2,72,64,0,99,77,0,0.00,99,2,0.00,1.73,18.17,1.75,21,3,13,99,2.60,0.25,14.29,2,1.73,12,0,0.00,0,0.00,99,0,0.00,0.00,27,0,45,88,0,0,0,0,0,99,99,49,99,0,12,48,16,99,1,25,93,38,0,0
Julius Nielsen,20,1146034800,2006/04/26,Superliga,2025/2026,Midfielder,Silkeborg,837,324,513,Denmark,23,11,12,1,1,0,0,0,0,0,0,3,2,1,20,4,16,1,0,0.11,0,0.11,0.28,0,837,2.15,42,36,837,0,0.11,125,230,-1,12,120151,5.07,0,32,50.67,15.93,73,478,13.77,413,81,43.78,75,0.00,0.00,0.30,9,0.00,0.30,2.33,0.73,22,0.00,0.37,0.00,0.00,0.00,0.47,0.20,0.60,3.00,0.32,0.03,0.33,0.00,0.07,0.03,0.00,0.43,0.00,0.00,0,0,,3,0.10,17,2,0.21,36,1,0.11,11,3,18,5,81,0.00,99,0,14,1.48,84,9,60,0.95,53,0,0.00,99,0,0.00,0,0,0.00,0,0.95,51,10,1.06,48,6,0.64,60.00,0,0.00,0,0,0,0.00,0,18,0.00,7,1.91,82,N/A,N/A,N/A,N/A,0.00,0,0.00,0,0.89,0.00,0,86.40,66.67,99,4,0.47,1.48,14,61,81,0,0,0,0.13,0.42,4,75,151.96,0.63,2.01,19,0,0.00,0.00,99,0.00,0,0,0,0.00,0.00,0,0.00,0.00,0.00,0.00,0,0,33.33,99,26,50,77,7,1.19,38,0.04,0.13,0.89,42,0.03,0.09,49,9,0.30,0.95,1.27,0.40,64,12,0.09,41,17,60,64,0,39,70,0,0.00,99,13,0.00,1.38,10.71,3.37,101,49,68,69,5.19,1.63,48.51,11,1.17,33,0,22.22,0,0.00,99,2,0.07,0.21,54,14,99,61,0,0,0,0,0,33,54,49,75,0,40,27,74,44,1,4,29,36,N/A,N/A
Junnosuke Suzuki,22,1057993200,2003/07/12,Superliga,2025/2026,Midfielder,København,1772,965,807,Japan,21,11,10,2,2,0,0,0,0,0,0,6,5,1,26,10,16,1,0,0.1,0,0.1,0.19,0,886,1.32,68,84,1772,0,0.05,127,194,-1,11,361607,6.39,0,32,50.23,43.00,72,989,36.39,837,68,42.51,72,0.00,0.00,1.00,23,0.00,1.65,1.88,1.61,37,0.00,0.48,0.00,0.00,0.00,1.00,0.61,1.13,15.50,1.57,1.00,1.17,0.00,0.35,0.14,0.00,1.70,0.00,0.00,0,0,,31,1.35,64,8,0.41,55,23,1.17,75,10,1,20,71,0.00,99,0,23,1.17,71,38,90,1.93,70,0,0.00,99,0,0.00,0,0,0.00,0,1.17,68,27,1.37,57,14,0.71,51.85,0,0.00,0,0,0,0.00,0,26,0.00,56,1.32,58,N/A,N/A,N/A,N/A,0.00,0,0.00,0,3.27,0.00,0,84.63,25.81,29,19,0.87,1.02,20,64,66,0,0,0,0.26,0.30,6,61,146.93,2.17,2.54,50,0,0.00,0.00,99,0.00,0,0,1,0.04,0.05,0,0.00,0.00,0.10,0.09,2,1,6.45,38,66,42,80,56,2.45,33,0.11,0.12,3.27,58,0.14,0.17,38,16,0.70,0.81,1.27,1.09,64,25,0.17,57,45,72,77,0,56,83,0,0.00,99,39,0.00,1.98,10.16,8.70,200,105,70,60,5.33,4.57,52.50,11,0.56,61,0,36.84,0,0.00,99,14,0.61,0.71,84,64,31,99,0,0,0,0,0,30,51,49,65,0,78,64,93,24,1,5,33,20,N/A,N/A
Justin Che,22,1069142400,2003/11/18,Superliga,2025/2026,Defender,Brøndby,0,0,0,USA,0,0,0,0,0,0,0,0,0,0,0,0,0,0,0,0,0,0,0,0,0,0,0,0,0,0,0,0,0,0,0,-1,-1,-1,-1,N/A,N/A,N/A,N/A,N/A,N/A,N/A,N/A,N/A,N/A,N/A,N/A,N/A,N/A,N/A,N/A,N/A,N/A,N/A,N/A,N/A,N/A,N/A,N/A,N/A,N/A,N/A,N/A,N/A,N/A,N/A,N/A,N/A,N/A,N/A,N/A,N/A,N/A,N/A,N/A,N/A,N/A,N/A,N/A,N/A,N/A,N/A,N/A,N/A,N/A,N/A,N/A,N/A,N/A,N/A,N/A,N/A,N/A,N/A,N/A,N/A,N/A,N/A,N/A,N/A,N/A,N/A,N/A,N/A,N/A,N/A,N/A,N/A,N/A,N/A,N/A,N/A,N/A,N/A,N/A,N/A,N/A,N/A,N/A,N/A,N/A,N/A,N/A,N/A,N/A,N/A,N/A,N/A,N/A,N/A,N/A,N/A,N/A,N/A,N/A,N/A,N/A,N/A,N/A,N/A,N/A,N/A,N/A,N/A,N/A,N/A,N/A,N/A,N/A,N/A,N/A,N/A,N/A,N/A,N/A,N/A,N/A,N/A,N/A,N/A,N/A,N/A,N/A,N/A,N/A,N/A,N/A,N/A,N/A,N/A,N/A,N/A,N/A,N/A,N/A,N/A,N/A,N/A,N/A,N/A,N/A,N/A,N/A,N/A,N/A,N/A,N/A,N/A,N/A,N/A,N/A,N/A,N/A,N/A,N/A,N/A,N/A,N/A,N/A,N/A,N/A,N/A,N/A,N/A,N/A,N/A,N/A,N/A,N/A,N/A,N/A,N/A,N/A,N/A,N/A,N/A,N/A,N/A,N/A,N/A,N/A,N/A,N/A,N/A,N/A,N/A,N/A,N/A,N/A,N/A,N/A,N/A,N/A,N/A,N/A,N/A,N/A,N/A,N/A,N/A,N/A,N/A,N/A,N/A,N/A,N/A,N/A,N/A,N/A,N/A,N/A,N/A,N/A,N/A,N/A,N/A,N/A,N/A,N/A
Justin Meltofte Janssen,19,1153810800,2006/07/25,Superliga,2025/2026,Midfielder,Nordsjælland,1639,868,771,Denmark,29,15,14,3,3,0,3,2,1,0,0,7,6,1,23,8,15,7,1,0.33,0.16,0.16,0.31,0,546,1.26,71,57,205,546,0.44,97,75,-1,7,66083,6.84,0.1,73,75.22,47.21,98,1369,42.28,1226,92,67.36,98,0.00,0.00,0.97,28,0.00,1.07,2.80,1.76,51,0.00,0.45,0.00,0.00,0.00,1.00,0.45,0.72,5.33,0.88,0.31,0.90,0.00,0.24,0.11,0.00,0.62,0.00,0.00,0,0,,16,0.55,46,7,0.38,53,9,0.49,42,2,12,17,91,0.00,99,0,29,1.59,88,31,79,1.70,65,0,0.00,99,0,0.00,0,0,0.00,0,1.54,85,26,1.43,59,13,0.71,50.00,0,0.00,0,0,0,0.00,0,21,0.00,62,1.15,40,N/A,N/A,N/A,N/A,0.00,0,0.00,0,3.09,0.00,0,89.55,43.75,72,9,0.76,1.21,22,64,64,0,0,0,0.28,0.44,8,76,198.26,1.17,1.87,34,0,0.00,0.00,99,0.00,0,0,1,0.03,0.05,0,0.00,0.00,0.00,0.00,0,0,18.75,86,61,81,66,61,5.28,93,0.18,0.29,3.09,58,0.11,0.17,49,17,0.59,0.93,1.43,0.90,72,26,0.17,57,70,57,77,0,39,58,0,0.00,99,18,0.00,0.99,10.88,6.83,198,99,73,71,5.44,3.41,50.00,13,0.71,54,0,29.03,0,0.00,99,9,0.31,0.49,76,57,88,44,0,1,0,3,0,67,65,49,78,0,22,45,21,96,6,21,86,18,N/A,N/A
Kenay Myrie Reyes,19,1157526000,2006/09/06,Superliga,2025/2026,Defender,København,126,46,80,Costa Rica,2,1,1,0,0,0,0,0,0,0,0,0,0,0,3,2,1,0,0,0,0,0,0,0,0,2.14,42,63,0,0,0,-1,-1,-1,30,0,3.27,0,32,28.08,9.75,26,39,7.00,28,12,20.16,24,0.00,0.00,0.00,0,0.00,1.25,4.32,1.50,6,0.00,0.00,0.00,0.00,0.00,0.25,0.50,0.75,0.00,0.72,0.25,1.75,0.00,0.00,0.01,0.00,0.50,0.00,0.00,0,0,,1,0.25,39,0,0.00,12,1,0.72,50,3,0,2,99,0.00,99,0,1,0.72,44,5,27,3.60,87,0,0.00,99,0,0.00,0,0,0.00,0,0.00,7,7,5.04,96,2,1.44,28.57,0,0.00,0,0,0,0.00,0,3,0.00,7,2.16,88,N/A,N/A,N/A,N/A,0.00,0,0.00,0,0.05,0.00,0,71.79,0.00,12,0,0.75,2.16,3,85,18,0,0,0,0.00,0.00,0,22,13.08,0.75,2.16,3,0,0.00,0.00,99,0.00,0,0,0,0.00,0.00,0,0.00,0.00,0.72,0.25,1,0,0.00,33,0,0,30,7,0.05,4,0.01,0.04,0.05,24,0.01,0.04,35,1,0.25,0.72,0.72,0.25,25,1,0.04,24,3,65,64,0,94,71,0,0.00,99,2,0.00,1.44,14.40,5.00,20,11,98,96,7.92,2.75,55.00,0,0.00,99,0,0.00,0,0.00,99,0,0.00,0.00,27,2,21,61,0,0,0,0,0,15,30,49,43,0,12,3,16,16,0,0,18,18,0,0
Kevin Mbabu,31,798274800,1995/04/19,Superliga,2025/2026,Defender,Midtjylland,1206,444,762,Switzerland,25,11,14,0,0,0,1,0,1,0,0,9,2,7,12,10,2,7,0,0.07,0.07,0,0,0,0,0.9,101,48,172,1206,0.52,249,139,11,27,829919,5.92,0.04,48,42.09,20.89,58,564,16.78,453,44,33.81,58,0.00,0.00,0.70,19,0.00,2.00,1.94,0.96,26,0.00,0.59,0.00,0.00,0.00,0.67,0.78,0.30,0.00,0.15,0.04,1.85,0.00,0.04,0.01,0.00,0.41,0.00,0.00,0,0,,2,0.07,9,1,0.07,18,1,0.07,10,8,13,12,72,0.00,99,0,18,1.34,78,54,73,4.03,89,0,0.00,99,0,0.00,0,0,0.00,0,1.42,80,50,3.73,92,21,1.57,42.00,0,0.00,0,0,0,0.00,0,8,0.00,85,0.60,3,N/A,N/A,N/A,N/A,0.00,0,0.00,0,0.21,0.00,0,80.32,50.00,88,22,0.48,0.97,13,90,44,0,0,0,0.07,0.15,2,43,159.71,1.48,2.99,40,1,0.00,0.07,9,0.04,0,0,0,0.00,0.00,0,0.00,0.00,0.22,0.11,3,0,0.00,33,41,58,30,86,2.05,47,0.08,0.15,0.21,16,0.01,0.02,79,19,0.70,1.42,1.79,0.89,87,24,0.02,15,31,78,64,0,73,46,0,0.00,99,11,0.00,0.82,12.31,6.11,165,77,81,86,5.75,2.85,46.67,16,1.19,33,0,25.93,0,0.00,99,14,0.52,1.04,93,38,91,98,0,0,0,0,0,26,30,49,43,0,94,93,18,98,7,28,97,43,N/A,N/A
Kevin Yakob,25,971161200,2000/10/10,Superliga,2025/2026,Midfielder,AGF,1445,741,704,Sweden,26,14,12,4,3,1,2,1,1,0,0,8,6,2,14,7,7,2,0,0.37,0.12,0.25,0.36,0.13,361,0.87,103,56,723,723,0.12,69,104,-1,6,177839,6.59,0.08,60,46.34,27.48,65,742,22.56,609,53,38.04,65,0.00,0.00,0.67,18,0.00,0.89,1.50,0.89,24,0.00,1.70,0.00,0.00,0.00,0.70,1.04,0.52,10.25,2.56,0.89,1.70,0.00,0.63,0.22,0.00,0.78,0.00,0.00,0,0,,41,1.52,87,17,1.06,85,24,1.50,87,7,9,17,49,0.00,99,0,19,1.19,72,24,29,1.50,61,0,0.00,99,0,0.00,0,0,0.00,0,1.12,64,46,2.87,84,28,1.75,60.87,0,0.00,0,0,0,0.00,0,14,0.00,89,0.87,19,N/A,N/A,N/A,N/A,0.00,0,0.00,0,6.01,0.00,0,82.08,41.46,66,20,0.59,1.00,16,93,82,0,0,0,0.07,0.12,2,39,177.92,1.04,1.75,28,0,0.00,0.00,99,0.00,0,0,2,0.07,0.12,0,0.00,0.00,0.00,0.00,0,0,9.76,53,53,62,55,88,2.98,68,0.11,0.19,6.01,84,0.22,0.38,66,19,0.70,1.19,1.81,1.07,88,29,0.38,82,54,54,90,0,39,69,0,0.00,99,21,0.00,1.31,14.05,8.33,225,92,81,94,5.75,3.41,40.89,46,2.87,0,0,8.33,0,0.00,99,2,0.07,0.12,41,57,79,95,0,1,0,4,0,72,75,61,84,0,54,75,70,47,2,8,49,17,N/A,N/A
Kian Hansen,37,604915200,1989/03/03,Superliga,2025/2026,Defender,Nordsjælland,178,103,75,Denmark,5,2,3,0,0,0,0,0,0,0,0,1,1,0,2,1,1,0,0,0,0,0,0,0,0,1.01,89,36,0,0,0,-1,-1,-1,32,0,5.34,0,32,116.15,46.20,99,231,42.00,210,95,105.59,99,0.00,0.00,0.20,1,0.00,0.00,0.50,0.20,1,0.00,0.00,0.00,0.00,0.00,0.20,0.00,0.20,0.00,0.00,0.00,0.00,0.00,0.00,0.00,0.00,0.00,0.00,0.00,0,0,,0,0.00,8,0,0.00,12,0,0.00,9,1,3,2,13,0.00,99,0,1,0.50,33,0,27,0.00,11,0,0.00,99,0,0.00,0,0,0.00,0,0.50,30,0,0.00,9,0,0.00,0.00,0,0.00,0,0,0,0.00,0,1,0.00,78,0.50,2,N/A,N/A,N/A,N/A,0.00,0,0.00,0,0.00,0.00,0,90.91,0.00,12,99,0.00,0.00,0,11,11,0,0,0,0.00,0.00,0,22,26.69,2.20,5.53,11,0,0.00,0.00,99,0.00,0,0,0,0.00,0.00,0,0.00,0.00,0.00,0.00,0,0,0.00,33,0,1,30,78,0.48,84,0.10,0.24,0.00,9,0.00,0.00,93,4,0.80,2.01,0.50,0.20,15,1,0.00,8,20,91,64,0,39,2,0,0.00,99,0,0.00,0.00,3.52,1.40,7,5,13,8,2.51,1.00,71.43,0,0.00,99,0,0.00,0,0.00,99,0,0.00,0.00,27,2,45,27,0,0,0,0,0,15,30,49,43,0,12,37,16,16,0,0,18,4,0,0
Kotaro Uchino,21,1087628400,2004/06/19,Superliga,2025/2026,Forward,Brøndby,68,56,12,Japan,5,2,3,0,0,0,0,0,0,0,0,3,1,2,0,0,0,0,0,0,0,0,0,0,0,0,0,14,0,0,0,-1,-1,-1,27,180227,1.17,0,32,18.53,0.88,8,14,0.75,12,78,15.88,15,0.00,0.00,0.06,1,0.00,0.00,0.00,0.00,0,0.00,0.06,0.00,0.00,0.00,0.00,0.00,0.00,0.00,6.62,0.25,0.00,0.00,0.06,0.02,0.00,0.12,0.00,0.00,0,0,,5,0.31,99,1,1.32,96,4,5.29,99,0,5,0,4,0.00,99,0,0,0.00,6,0,27,0.00,11,0,0.00,99,0,0.00,0,0,0.00,0,1.32,76,0,0.00,9,0,0.00,0.00,0,0.00,0,0,0,0.00,0,0,0.00,99,0.00,0,N/A,N/A,N/A,N/A,0.00,0,0.00,0,0.37,0.00,0,85.71,20.00,22,7,0.06,1.32,1,11,11,0,0,0,0.00,0.00,0,22,18.77,0.00,0.00,0,0,0.00,0.00,99,0.00,0,0,0,0.00,0.00,0,0.00,0.00,1.32,0.06,1,0,0.00,33,0,1,30,0,0.07,20,0.00,0.09,0.37,95,0.02,0.49,1,0,0.00,0.00,0.00,0.00,6,0,0.49,93,0,1,64,0,99,91,0,0.00,99,2,0.00,2.65,9.26,0.44,7,2,13,51,2.65,0.12,28.57,1,1.32,27,0,0.00,0,0.00,99,0,0.00,0.00,27,0,57,11,0,0,0,0,0,15,30,49,43,0,59,99,16,16,0,0,18,18,N/A,N/A
Kristall Máni Ingason,24,1011340800,2002/01/18,Superliga,2025/2026,Midfielder,SønderjyskE,945,439,506,Iceland,14,6,8,6,2,4,2,2,0,0,0,5,2,3,9,5,4,1,0,0.76,0.19,0.57,0.41,0.71,158,0.86,105,68,945,473,0.1,5,56,-1,1,118559,7.04,0.14,82,20.99,15.86,13,222,13.57,190,77,17.96,19,0.00,0.00,0.93,13,0.00,2.00,0.76,0.57,8,0.00,0.79,0.00,0.00,0.00,0.50,0.36,0.64,2.33,1.32,0.36,1.07,0.00,0.64,0.35,0.00,0.36,0.00,0.00,0,0,,14,1.00,57,9,0.85,77,5,0.47,40,4,2,12,18,0.00,99,0,7,0.66,41,28,57,2.65,78,0,0.00,99,0,0.00,0,0,0.00,0,1.23,71,15,1.42,58,5,0.47,33.33,0,0.00,0,0,0,0.00,0,9,0.00,89,0.85,17,N/A,N/A,N/A,N/A,0.00,0,0.00,0,4.94,0.00,0,85.59,64.29,97,42,0.50,0.66,7,45,30,0,0,0,0.29,0.38,4,70,98.63,0.50,0.66,7,0,0.00,0.00,99,0.00,0,0,0,0.00,0.00,0,0.00,0.00,0.28,0.21,3,0,42.86,99,29,18,32,90,2.06,68,0.15,0.19,4.94,94,0.35,0.47,79,15,1.07,1.42,1.23,0.93,62,13,0.47,92,89,12,64,0,81,31,0,0.00,99,5,0.00,0.47,7.47,5.64,79,33,17,30,3.12,2.36,41.77,11,1.04,39,0,21.43,0,0.00,99,6,0.43,0.57,78,38,38,70,0,0,0,0,0,97,99,99,89,0,35,93,80,41,1,7,42,10,N/A,N/A
Kristian Arnstad,22,1062918000,2003/09/07,Superliga,2025/2026,Forward,AGF,2617,1373,1244,Norway,31,16,15,9,5,4,4,3,1,0,0,8,7,1,26,11,15,8,0,0.45,0.14,0.31,0.33,0.29,291,0.89,101,84,327,654,0.28,52,90,-1,2,533520,7.19,0.13,69,37.31,35.52,47,888,29.68,742,60,31.18,50,0.00,0.00,1.44,36,0.00,1.16,1.13,1.08,27,0.00,1.84,0.00,0.00,0.00,0.64,0.52,0.88,8.00,2.35,1.16,1.68,0.00,1.08,0.36,0.00,0.40,0.00,0.00,0,0,,56,2.24,82,27,1.13,89,29,1.22,78,4,1,30,31,0.00,99,0,16,0.67,42,29,65,1.22,57,0,0.00,99,0,0.00,0,0,0.00,0,1.51,83,42,1.76,67,13,0.55,30.95,0,0.00,0,0,0,0.00,0,22,0.00,86,0.92,23,N/A,N/A,N/A,N/A,0.00,0,0.00,0,8.97,0.00,0,83.56,48.21,81,53,0.52,0.55,13,52,23,4,1,0,0.40,0.42,10,75,179.66,1.20,1.26,30,0,0.00,0.00,99,0.00,0,5,3,0.12,0.13,0,0.00,0.00,0.13,0.12,3,2,12.50,68,94,93,50,86,4.41,68,0.18,0.19,5.47,68,0.22,0.23,91,46,1.84,1.93,1.13,1.08,55,27,0.38,82,97,40,92,0,63,24,0,0.00,99,10,0.00,0.42,9.50,9.04,226,95,40,53,3.99,3.80,42.04,46,1.93,9,0,24.14,0,0.00,99,7,0.28,0.29,62,95,31,70,0,0,0,0,0,82,81,80,81,0,88,50,36,81,8,26,95,10,N/A,N/A
Kristian Pedersen,31,775983600,1994/08/04,Superliga,2025/2026,Defender,Fredericia,82,31,51,Denmark,6,2,4,0,0,0,0,0,0,0,0,0,0,0,1,0,1,0,0,0,0,0,0,0,0,1.1,82,14,0,0,0,-1,-1,-1,18,165088,3.25,0,32,18.66,1.70,8,17,1.30,13,27,14.27,12,0.00,0.00,0.10,1,0.00,0.00,3.29,0.30,3,0.00,0.00,0.00,0.00,0.00,0.20,0.00,0.20,0.00,0.00,0.00,0.00,0.00,0.00,0.00,0.00,0.60,0.00,0.00,0,0,,0,0.00,8,0,0.00,12,0,0.00,9,0,6,0,98,0.00,99,0,2,2.20,99,0,27,0.00,11,0,0.00,99,0,0.00,0,0,0.00,0,1.10,62,0,0.00,9,0,0.00,0.00,0,0.00,0,0,0,0.00,0,2,0.00,72,2.20,89,N/A,N/A,N/A,N/A,0.00,0,0.00,0,0.00,0.00,0,76.47,0.00,12,13,0.10,1.10,1,11,11,0,0,0,0.00,0.00,0,22,32.52,1.00,10.98,10,0,0.00,0.00,99,0.00,0,0,0,0.00,0.00,0,0.00,0.00,0.00,0.00,0,0,0.00,33,0,3,30,72,0.07,17,0.01,0.08,0.00,9,0.00,0.00,1,0,0.00,0.00,0.00,0.00,6,0,0.00,8,3,99,64,0,39,99,0,0.00,99,6,0.00,6.59,15.37,1.40,14,9,99,98,9.88,0.90,64.29,0,0.00,99,0,0.00,0,0.00,99,0,0.00,0.00,27,0,61,11,0,0,0,0,0,15,30,49,43,0,50,3,16,16,0,0,18,24,N/A,N/A
Kyu-Sung Cho,28,885715200,1998/01/25,Superliga,2025/2026,Forward,Midtjylland,1349,675,674,South Korea,26,13,13,3,2,1,1,1,0,0,0,9,3,6,12,6,6,4,0,0.27,0.07,0.2,0.27,0.13,450,0.8,112,52,337,1349,0.27,79,136,-1,8,961213,6.19,0.04,48,16.89,9.37,5,253,6.59,178,9,11.88,6,0.00,0.00,0.30,8,0.00,0.30,1.14,0.63,17,0.00,0.81,0.00,0.00,0.00,0.22,0.26,0.52,12.67,2.54,0.81,0.74,0.00,0.59,0.19,0.00,1.56,0.00,0.00,0,0,,38,1.41,86,16,1.07,86,22,1.47,85,8,11,15,32,0.00,99,0,6,0.40,25,8,27,0.53,38,0,0.00,99,0,0.00,0,0,0.00,0,0.53,31,20,1.34,56,7,0.47,35.00,0,0.00,0,0,0,0.00,0,14,0.00,93,0.93,23,N/A,N/A,N/A,N/A,0.00,0,0.00,0,5.09,0.00,0,70.36,42.11,68,85,0.11,0.20,3,45,33,0,0,0,0.04,0.07,1,29,167.19,0.63,1.14,17,0,0.00,0.00,99,0.00,0,0,2,0.07,0.13,0,0.00,0.00,0.60,0.33,9,0,7.89,44,50,62,60,93,1.22,17,0.05,0.08,5.09,80,0.19,0.34,44,13,0.48,0.87,1.87,1.04,90,28,0.34,77,38,34,92,0,93,93,0,0.00,99,42,0.00,2.80,13.22,7.33,198,76,63,90,5.07,2.81,38.38,22,1.47,21,0,0.00,0,0.00,99,0,0.00,0.00,27,49,86,98,0,0,0,0,0,62,71,61,74,0,96,89,38,80,4,15,72,10,N/A,N/A
Kyung-hyun Lee,18,1186642800,2007/08/09,Superliga,2025/2026,Defender,København,0,0,0,,0,0,0,0,0,0,0,0,0,0,0,0,0,0,0,0,0,0,0,0,0,0,0,0,0,0,0,0,0,0,0,-1,-1,-1,-1,N/A,N/A,N/A,N/A,N/A,N/A,N/A,N/A,N/A,N/A,N/A,N/A,N/A,N/A,N/A,N/A,N/A,N/A,N/A,N/A,N/A,N/A,N/A,N/A,N/A,N/A,N/A,N/A,N/A,N/A,N/A,N/A,N/A,N/A,N/A,N/A,N/A,N/A,N/A,N/A,N/A,N/A,N/A,N/A,N/A,N/A,N/A,N/A,N/A,N/A,N/A,N/A,N/A,N/A,N/A,N/A,N/A,N/A,N/A,N/A,N/A,N/A,N/A,N/A,N/A,N/A,N/A,N/A,N/A,N/A,N/A,N/A,N/A,N/A,N/A,N/A,N/A,N/A,N/A,N/A,N/A,N/A,N/A,N/A,N/A,N/A,N/A,N/A,N/A,N/A,N/A,N/A,N/A,N/A,N/A,N/A,N/A,N/A,N/A,N/A,N/A,N/A,N/A,N/A,N/A,N/A,N/A,N/A,N/A,N/A,N/A,N/A,N/A,N/A,N/A,N/A,N/A,N/A,N/A,N/A,N/A,N/A,N/A,N/A,N/A,N/A,N/A,N/A,N/A,N/A,N/A,N/A,N/A,N/A,N/A,N/A,N/A,N/A,N/A,N/A,N/A,N/A,N/A,N/A,N/A,N/A,N/A,N/A,N/A,N/A,N/A,N/A,N/A,N/A,N/A,N/A,N/A,N/A,N/A,N/A,N/A,N/A,N/A,N/A,N/A,N/A,N/A,N/A,N/A,N/A,N/A,N/A,N/A,N/A,N/A,N/A,N/A,N/A,N/A,N/A,N/A,N/A,N/A,N/A,N/A,N/A,N/A,N/A,N/A,N/A,N/A,N/A,N/A,N/A,N/A,N/A,N/A,N/A,N/A,N/A,N/A,N/A,N/A,N/A,N/A,N/A,N/A,N/A,N/A,N/A,N/A,N/A,N/A,N/A,N/A,N/A,N/A,N/A,N/A,N/A,N/A,N/A,N/A,N/A
Lasse Flø Borregaard,20,1129359600,2005/10/15,Superliga,2025/2026,Midfielder,Vejle,1730,845,885,Denmark,28,14,14,2,1,1,2,1,1,0,0,4,3,1,28,11,17,2,0,0.21,0.1,0.1,0.11,0.1,865,1.46,62,62,865,865,0.1,129,113,-1,6,60075,6.32,0.07,57,42.97,28.48,60,826,21.62,627,23,32.62,53,0.00,0.00,0.86,25,0.00,1.97,3.02,2.00,58,0.00,0.38,0.00,0.00,0.00,0.45,1.03,1.03,5.00,0.26,0.07,2.03,0.00,0.10,0.04,0.00,0.41,0.00,0.00,0,0,,5,0.17,14,3,0.16,30,2,0.10,11,2,11,17,94,0.00,99,0,13,0.68,42,57,56,2.97,81,0,0.00,99,0,0.00,0,0,0.00,0,1.30,75,59,3.07,88,30,1.56,50.85,0,0.00,0,0,0,0.00,0,30,0.00,45,1.56,68,N/A,N/A,N/A,N/A,0.00,0,0.00,0,1.06,0.00,0,75.91,60.00,97,51,0.38,0.57,11,89,65,0,0,0,0.07,0.10,2,33,183.31,1.83,2.76,53,0,0.00,0.00,99,0.00,0,0,0,0.00,0.00,0,0.00,0.00,0.10,0.07,2,0,20.00,91,65,73,79,45,3.69,68,0.13,0.19,1.06,31,0.04,0.06,44,17,0.59,0.88,0.52,0.34,16,10,0.06,31,42,74,64,0,56,39,0,0.00,99,12,0.00,0.62,9.99,6.62,192,117,86,59,6.09,4.03,60.94,11,0.57,60,0,21.05,0,0.00,99,12,0.41,0.62,80,57,86,44,0,0,0,0,0,53,51,57,56,0,21,30,78,41,2,7,42,23,N/A,N/A
Lasse Legolas Embring Andersen,19,1170921600,2007/02/08,Superliga,2025/2026,Forward,OB,17,17,0,Denmark,2,1,1,0,0,0,0,0,0,0,0,0,0,0,0,0,0,0,0,0,0,0,0,0,0,0,0,9,0,0,0,-1,-1,-1,16,0,1.67,0,32,10.00,0.50,0,2,0.50,2,99,10.00,2,0.00,0.00,0.00,0,0.00,0.00,0.00,0.00,0,0.00,0.00,0.00,0.00,0.00,0.00,0.00,0.00,0.00,5.00,0.00,0.00,0.00,0.25,0.04,0.00,0.25,0.00,0.00,0,0,,1,0.25,99,1,5.00,99,0,0.00,9,0,2,0,4,0.00,99,0,0,0.00,6,0,27,0.00,11,0,0.00,99,0,0.00,0,0,0.00,0,0.00,7,0,0.00,9,0,0.00,0.00,0,0.00,0,0,0,0.00,0,0,0.00,99,0.00,0,N/A,N/A,N/A,N/A,0.00,0,0.00,0,0.14,0.00,0,100.00,100.00,99,99,0.00,0.00,0,11,11,0,0,0,0.00,0.00,0,22,6.69,0.25,5.00,1,0,0.00,0.00,99,0.00,0,0,0,0.00,0.00,0,0.00,0.00,0.00,0.00,0,0,0.00,33,0,0,30,0,0.00,0,0.00,0.00,0.14,99,0.04,0.70,1,0,0.00,0.00,0.00,0.00,6,0,0.70,99,1,90,64,0,39,99,0,0.00,99,1,0.00,5.00,15.00,0.75,3,1,63,97,5.00,0.25,33.33,0,0.00,99,0,0.00,0,0.00,99,0,0.00,0.00,27,0,38,11,0,0,0,0,0,15,30,49,43,0,12,3,16,16,0,0,18,26,0,0
Lasse Mandal Andersen,19,1172995200,2007/03/04,Superliga,2025/2026,Midfielder,SønderjyskE,0,0,0,Denmark,0,0,0,0,0,0,0,0,0,0,0,0,0,0,0,0,0,0,0,0,0,0,0,0,0,0,0,0,0,0,0,-1,-1,-1,-1,N/A,N/A,N/A,N/A,N/A,N/A,N/A,N/A,N/A,N/A,N/A,N/A,N/A,N/A,N/A,N/A,N/A,N/A,N/A,N/A,N/A,N/A,N/A,N/A,N/A,N/A,N/A,N/A,N/A,N/A,N/A,N/A,N/A,N/A,N/A,N/A,N/A,N/A,N/A,N/A,N/A,N/A,N/A,N/A,N/A,N/A,N/A,N/A,N/A,N/A,N/A,N/A,N/A,N/A,N/A,N/A,N/A,N/A,N/A,N/A,N/A,N/A,N/A,N/A,N/A,N/A,N/A,N/A,N/A,N/A,N/A,N/A,N/A,N/A,N/A,N/A,N/A,N/A,N/A,N/A,N/A,N/A,N/A,N/A,N/A,N/A,N/A,N/A,N/A,N/A,N/A,N/A,N/A,N/A,N/A,N/A,N/A,N/A,N/A,N/A,N/A,N/A,N/A,N/A,N/A,N/A,N/A,N/A,N/A,N/A,N/A,N/A,N/A,N/A,N/A,N/A,N/A,N/A,N/A,N/A,N/A,N/A,N/A,N/A,N/A,N/A,N/A,N/A,N/A,N/A,N/A,N/A,N/A,N/A,N/A,N/A,N/A,N/A,N/A,N/A,N/A,N/A,N/A,N/A,N/A,N/A,N/A,N/A,N/A,N/A,N/A,N/A,N/A,N/A,N/A,N/A,N/A,N/A,N/A,N/A,N/A,N/A,N/A,N/A,N/A,N/A,N/A,N/A,N/A,N/A,N/A,N/A,N/A,N/A,N/A,N/A,N/A,N/A,N/A,N/A,N/A,N/A,N/A,N/A,N/A,N/A,N/A,N/A,N/A,N/A,N/A,N/A,N/A,N/A,N/A,N/A,N/A,N/A,N/A,N/A,N/A,N/A,N/A,N/A,N/A,N/A,N/A,N/A,N/A,N/A,N/A,N/A,N/A,N/A,N/A,N/A,N/A,N/A,N/A,N/A,N/A,N/A,N/A,N/A
Lasse Nielsen,38,568627200,1988/01/08,Superliga,2025/2026,Defender,Vejle,2402,1329,1073,Denmark,27,15,12,0,0,0,1,1,0,0,0,3,3,0,41,20,21,8,1,0.04,0.04,0,0,0,0,1.54,59,89,300,2402,0.3,220,162,53,31,118559,6.98,0.04,40,54.31,53.70,78,1450,45.67,1233,72,46.18,78,0.00,0.00,0.19,5,0.00,0.11,2.17,2.15,58,0.00,0.04,0.00,0.00,0.00,1.59,0.22,1.41,0.00,0.56,0.41,0.22,0.00,0.15,0.04,0.00,2.48,0.00,0.00,0,0,,15,0.56,31,4,0.15,28,11,0.41,34,3,0,27,77,0.00,99,0,43,1.61,89,3,27,0.11,17,0,0.00,99,0,0.00,0,0,0.00,0,0.19,12,6,0.22,19,6,0.22,100.00,0,0.00,0,0,0,0.00,0,38,0.00,40,1.42,62,N/A,N/A,N/A,N/A,0.00,0,0.00,0,1.04,0.00,0,85.03,26.67,31,52,0.56,0.56,15,27,99,0,0,0,1.30,1.31,35,99,188.43,6.74,6.82,182,3,0.00,0.11,3,0.11,0,0,0,0.00,0.00,0,0.00,0.00,0.00,0.00,0,0,0.00,33,82,68,30,41,3.59,38,0.13,0.13,1.04,24,0.04,0.04,20,13,0.48,0.49,0.90,0.89,40,24,0.04,24,83,97,64,0,39,90,0,0.00,99,67,0.00,2.51,8.76,8.67,234,143,71,44,5.36,5.30,61.11,1,0.04,93,0,0.00,0,0.00,99,0,0.00,0.00,27,84,21,61,0,0,0,0,0,20,30,49,43,0,35,20,34,84,7,26,95,4,N/A,N/A
Laurits Raun Pedersen,20,1138176000,2006/01/25,Superliga,2025/2026,Forward,Randers,1681,860,821,Denmark,29,15,14,0,0,0,1,0,1,0,0,10,6,4,26,16,10,7,0,0.05,0.05,0,0,0,0,1.39,65,58,240,1681,0.37,211,150,-1,16,40250,6.27,0.03,41,37.48,23.33,48,700,19.93,598,76,32.02,52,0.00,0.00,0.17,5,0.00,0.13,3.59,2.23,67,0.00,0.27,0.00,0.00,0.00,0.67,0.17,0.80,0.00,0.21,0.10,0.23,0.00,0.03,0.01,0.00,0.47,0.00,0.00,0,0,,4,0.13,11,1,0.05,15,3,0.16,13,6,8,21,99,0.00,99,0,20,1.07,64,4,71,0.21,24,0,0.00,99,0,0.00,0,0,0.00,0,0.27,17,7,0.37,23,5,0.27,71.43,0,0.00,0,0,0,0.00,0,24,0.00,49,1.28,55,N/A,N/A,N/A,N/A,0.00,0,0.00,0,0.23,0.00,0,85.43,25.00,29,13,0.70,1.12,21,31,93,0,0,0,0.33,0.54,10,81,187.97,1.13,1.82,34,0,0.00,0.00,99,0.00,0,0,1,0.03,0.05,0,0.00,0.00,0.00,0.00,0,0,0.00,33,61,81,30,50,1.96,22,0.07,0.10,0.23,11,0.01,0.01,23,10,0.33,0.54,2.46,1.53,98,46,0.01,11,42,56,77,0,39,44,0,0.00,99,14,0.00,0.75,10.49,6.53,196,95,66,66,5.09,3.17,48.47,8,0.43,68,0,25.00,0,0.00,99,1,0.03,0.05,32,67,75,88,0,0,0,0,0,21,30,49,43,0,16,84,26,91,7,24,92,16,N/A,N/A
Leeroy Owusu,29,839919600,1996/08/13,Superliga,2025/2026,Defender,OB,2680,1372,1308,Netherlands,32,16,16,4,1,3,1,0,1,0,0,4,2,2,48,25,23,1,0,0.17,0.03,0.13,0.07,0.21,670,1.61,56,84,2680,2680,0.03,109,171,59,5,118559,6.93,0.03,34,49.58,46.16,70,1477,37.22,1191,46,39.98,69,0.00,0.00,1.09,35,0.00,3.94,1.54,1.44,46,0.00,0.94,0.00,0.00,0.00,0.69,0.84,1.19,8.00,1.07,0.53,1.75,0.00,0.47,0.15,0.00,0.44,0.00,0.00,0,0,,32,1.00,49,15,0.50,60,17,0.57,47,4,0,32,51,0.00,99,0,22,0.74,45,126,46,4.23,91,0,0.00,99,0,0.00,0,0,0.00,0,1.17,68,56,1.88,70,27,0.91,48.21,0,0.00,0,0,0,0.00,0,38,0.00,34,1.28,55,N/A,N/A,N/A,N/A,0.00,0,0.00,0,4.95,0.00,0,80.64,46.88,78,63,0.44,0.47,14,70,51,0,0,0,0.16,0.17,5,46,221.60,2.78,2.99,89,0,0.00,0.00,99,0.00,0,0,0,0.00,0.00,0,0.00,0.00,0.10,0.09,3,1,12.50,68,95,99,72,35,4.80,53,0.15,0.16,4.95,58,0.15,0.17,16,11,0.34,0.37,0.37,0.34,11,11,0.17,57,80,78,64,0,56,31,0,0.00,99,14,0.00,0.47,6.58,6.12,196,97,20,22,3.26,3.03,49.49,30,1.01,41,0,17.46,0,0.00,99,22,0.69,0.74,85,99,21,70,0,0,0,0,0,45,59,71,48,0,35,27,98,19,1,3,24,20,N/A,N/A
Leonel Dahl Montano,26,938847600,1999/10/02,Superliga,2025/2026,Defender,Silkeborg,474,255,219,Denmark,14,8,6,0,0,0,2,1,1,0,0,0,0,0,9,4,5,2,0,0.38,0.38,0,0,0,0,1.71,53,34,237,237,0.38,230,7,63,20,120151,4.65,0.14,98,33.92,9.94,38,179,7.67,138,28,26.15,37,0.00,0.00,0.22,4,0.00,0.94,1.14,0.33,6,0.00,0.11,0.00,0.00,0.00,0.39,0.22,0.22,0.00,0.19,0.06,0.39,0.00,0.00,0.00,0.00,0.28,0.00,0.00,0,0,,1,0.06,10,0,0.00,12,1,0.19,15,2,10,4,32,0.00,99,0,7,1.33,78,17,34,3.22,83,0,0.00,99,0,0.00,0,0,0.00,0,0.76,40,7,1.33,55,4,0.76,57.14,0,0.00,0,0,0,0.00,0,4,0.00,27,0.76,9,N/A,N/A,N/A,N/A,0.00,0,0.00,0,0.05,0.00,0,77.09,0.00,12,51,0.17,0.57,3,66,76,0,0,0,0.06,0.19,1,49,83.73,0.94,3.22,17,1,0.00,0.19,1,0.06,0,0,0,0.00,0.00,0,0.00,0.00,0.57,0.17,3,0,0.00,33,9,18,30,29,1.63,96,0.09,0.31,0.05,11,0.00,0.01,36,4,0.22,0.76,1.71,0.50,82,9,0.01,11,13,79,64,0,92,55,0,0.00,99,5,0.00,0.95,7.39,2.17,39,19,28,28,3.60,1.06,48.72,2,0.38,72,0,11.76,0,0.00,99,2,0.11,0.38,66,9,81,44,0,0,0,0,0,74,30,49,43,0,40,3,25,92,2,14,71,18,N/A,N/A
Leopold Wahlstedt,26,931071600,1999/07/04,Superliga,2025/2026,Goalkeeper,AGF,90,0,90,Sweden,1,0,1,0,0,0,0,0,0,0,0,0,0,0,1,0,1,0,0,0,0,0,0,0,0,1,90,90,0,0,0,-1,-1,-1,26,296400,0.45,0,32,36.00,2.57,43,36,1.36,19,0,19.00,21,0.00,0.00,0.00,0,0.00,0.00,1.00,0.07,1,0.00,0.00,0.00,0.00,0.14,0.00,0.00,0.21,0.00,0.00,0.00,0.00,0.00,0.00,0.00,0.00,0.00,0.00,0.00,0,0,,0,0.00,8,0,0.00,12,0,0.00,9,0,0,1,26,0.00,99,0,0,0.00,6,0,27,0.00,11,0,0.00,99,0,0.00,0,0,0.00,0,0.00,7,0,0.00,9,0,0.00,0.00,0,0.00,0,2,63,2.00,16,3,0.00,80,3.00,92,N/A,N/A,N/A,N/A,66.67,0,0.00,0,0.00,0.00,0,52.78,0.00,12,99,0.00,0.00,0,11,11,0,0,0,0.00,0.00,0,22,6.32,0.07,1.00,1,0,0.00,0.00,99,0.00,0,0,0,0.00,0.00,1,0.07,1.00,0.00,0.00,0,0,0.00,33,0,0,30,80,0.04,4,0.00,0.04,0.00,9,0.00,0.00,1,0,0.00,0.00,0.00,0.00,6,0,0.00,8,0,30,64,99,39,2,0,0.00,99,0,0.00,0.00,1.00,0.07,1,1,7,7,1.00,0.07,100.00,0,0.00,99,0,0.00,0,0.00,99,0,0.00,0.00,27,0,21,11,0,0,0,0,0,15,30,49,43,0,72,3,16,16,0,0,18,22,N/A,N/A
Lirim Qamili,27,896943600,1998/06/04,Superliga,2025/2026,Forward,SønderjyskE,1258,605,653,Denmark,25,13,12,5,3,2,1,0,1,0,0,7,3,4,17,7,10,1,0,0.43,0.07,0.36,0.45,0.28,252,1.22,74,50,1258,1258,0.07,36,144,-1,4,177839,6.70,0.04,48,21.19,11.84,15,296,7.64,191,2,13.68,10,0.00,0.00,0.44,11,0.00,1.04,0.64,0.36,9,0.00,0.92,0.00,0.00,0.00,0.20,0.28,0.76,7.80,2.79,0.88,0.96,0.00,0.68,0.25,0.00,1.08,0.00,0.00,0,0,,39,1.56,91,17,1.22,92,22,1.58,91,6,12,13,16,0.00,99,0,5,0.36,22,26,83,1.86,68,0,0.00,99,0,0.00,0,0,0.00,0,0.79,44,24,1.72,67,7,0.50,29.17,0,0.00,0,0,0,0.00,0,19,0.00,65,1.36,60,N/A,N/A,N/A,N/A,0.00,0,0.00,0,6.17,0.00,0,64.53,43.59,71,38,0.40,0.72,10,47,19,2,1,0,0.08,0.14,2,42,167.49,0.40,0.72,10,0,0.00,0.00,99,0.00,0,3,1,0.04,0.07,0,0.00,0.00,0.21,0.12,3,1,12.82,68,44,58,45,65,1.36,22,0.05,0.10,4.07,76,0.16,0.29,82,22,0.88,1.58,1.72,0.96,82,24,0.44,89,60,16,84,0,72,82,0,0.00,99,27,0.00,1.93,12.10,6.76,169,65,54,82,4.65,2.60,38.46,23,1.65,17,0,30.77,0,0.00,99,8,0.32,0.57,78,42,88,88,0,0,0,0,0,80,86,78,91,0,54,64,89,29,1,4,29,15,N/A,N/A
Lucas Høgsberg,19,1151046000,2006/06/23,Superliga,2025/2026,Forward,Nordsjælland,270,90,180,Denmark,3,1,2,0,0,0,0,0,0,0,0,0,0,0,5,1,4,1,0,0,0,0,0,0,0,1.67,54,90,270,0,0.33,-1,-1,-1,25,0,7.47,0,32,110.00,110.00,99,330,103.00,309,99,103.00,99,0.00,0.00,1.67,5,0.00,0.00,2.00,2.00,6,0.00,0.67,0.00,0.00,0.00,1.33,0.00,0.00,0.00,0.00,0.00,0.00,0.00,0.00,0.00,0.00,0.33,0.00,0.00,0,0,,0,0.00,8,0,0.00,12,0,0.00,9,1,0,3,74,0.00,99,0,4,1.33,78,0,27,0.00,11,0,0.00,99,0,0.00,0,0,0.00,0,1.67,89,0,0.00,9,0,0.00,0.00,0,0.00,0,0,0,0.00,0,0,0.00,30,0.00,0,N/A,N/A,N/A,N/A,0.00,0,0.00,0,0.00,0.00,0,93.64,0.00,12,99,0.00,0.00,0,11,11,0,0,0,0.67,0.67,2,88,22.40,1.67,1.67,5,0,0.00,0.00,99,0.00,0,0,0,0.00,0.00,0,0.00,0.00,0.00,0.00,0,0,0.00,33,0,0,30,31,0.95,97,0.32,0.32,0.00,9,0.00,0.00,13,1,0.33,0.33,0.67,0.67,22,2,0.00,8,99,51,64,0,39,18,0,0.00,99,1,0.00,0.33,5.00,5.00,15,8,13,11,2.67,2.67,53.33,2,0.67,56,0,0.00,0,0.00,99,0,0.00,0.00,27,2,21,27,0,0,0,0,0,15,30,49,43,0,12,3,30,86,1,33,99,24,0,0
Lucas Lissens,24,996044400,2001/07/25,Superliga,2025/2026,Defender,Randers,642,319,323,Belgium,15,7,8,0,0,0,1,1,0,0,0,4,2,2,11,3,8,0,0,0.14,0.14,0,0,0,0,1.54,58,43,0,642,0,213,83,52,19,177839,3.87,0.07,69,56.78,16.88,82,405,14.50,348,79,48.79,82,0.00,0.00,0.29,7,0.00,0.54,1.96,0.58,14,0.00,0.12,0.00,0.00,0.00,0.33,0.17,0.54,0.00,0.70,0.12,0.25,0.00,0.08,0.02,0.00,0.29,0.00,0.00,0,0,,5,0.21,38,2,0.28,45,3,0.42,36,4,10,5,73,0.00,99,0,8,1.12,68,13,92,1.82,67,0,0.00,99,0,0.00,0,0,0.00,0,0.98,54,6,0.84,40,4,0.56,66.67,0,0.00,0,0,0,0.00,0,13,0.00,40,1.82,79,N/A,N/A,N/A,N/A,0.00,0,0.00,0,0.44,0.00,0,85.93,40.00,64,68,0.12,0.42,3,53,90,0,0,0,0.17,0.56,4,82,92.94,0.83,2.80,20,0,0.00,0.00,99,0.00,0,0,1,0.04,0.14,0,0.00,0.00,0.56,0.17,4,0,0.00,33,17,22,30,39,1.62,83,0.07,0.23,0.44,31,0.02,0.06,34,5,0.21,0.70,0.70,0.21,23,5,0.06,31,7,75,94,0,91,57,0,0.00,99,7,0.00,0.98,8.41,2.50,60,30,44,38,4.21,1.25,50.00,3,0.42,70,0,38.46,0,0.00,99,5,0.21,0.70,83,14,81,70,0,0,0,0,0,40,30,49,43,0,54,53,16,16,0,0,18,2,N/A,N/A
Lucas Lund Pedersen,26,953452800,2000/03/19,Superliga,2025/2026,Goalkeeper,Viborg,2880,1440,1440,Denmark,32,16,16,0,0,0,0,0,0,0,0,9,3,6,46,22,24,0,0,0,0,0,0,0,0,1.44,63,90,0,0,0,200,196,46,23,120151,6.87,0,32,30.91,30.91,31,989,22.94,734,18,22.94,30,0.00,0.00,0.00,0,0.00,0.00,0.03,0.03,1,0.00,0.00,0.00,0.00,3.03,0.03,0.03,4.62,0.00,0.00,0.00,0.03,0.00,0.00,0.00,0.00,0.44,0.00,0.00,0,0,,0,0.00,8,0,0.00,12,0,0.00,9,0,0,32,5,0.00,99,0,1,0.03,7,0,27,0.00,11,0,0.00,99,0,0.00,0,0,0.00,0,0.00,7,1,0.03,9,1,0.03,100.00,0,0.00,0,97,58,3.03,58,148,0.00,45,4.62,97,N/A,N/A,N/A,N/A,65.54,0,0.00,0,0.00,0.00,0,74.22,0.00,12,93,0.06,0.06,2,13,99,0,0,67,0.00,0.00,0,22,219.73,1.22,1.22,39,0,0.00,0.00,99,0.00,0,0,0,0.00,0.00,23,0.72,0.72,0.00,0.00,0,0,0.00,33,99,99,30,47,1.61,7,0.05,0.05,0.00,9,0.00,0.00,3,3,0.09,0.09,0.00,0.00,6,0,0.00,8,74,39,64,89,39,27,0,0.00,99,14,0.00,0.44,0.72,0.72,23,19,4,6,0.59,0.59,82.61,0,0.00,99,0,0.00,0,0.00,99,0,0.00,0.00,27,99,21,11,0,0,0,0,0,15,30,49,43,0,40,64,16,16,0,0,18,1,N/A,N/A
Luis Binks,24,999414000,2001/09/02,Superliga,2025/2026,Defender,Brøndby,2340,1170,1170,England,26,13,13,2,1,1,2,2,0,0,0,9,4,5,26,14,12,9,0,0.15,0.08,0.08,0.08,0.08,1170,1,90,90,260,1170,0.35,139,124,19,8,540682,6.82,0.08,52,64.54,62.15,90,1678,53.74,1451,82,55.81,88,0.00,0.00,0.26,7,0.00,0.30,1.23,1.19,32,0.00,0.11,0.00,0.00,0.00,1.30,0.11,1.00,6.00,0.46,0.19,0.19,0.00,0.26,0.09,0.00,2.67,0.00,0.00,0,0,,12,0.44,24,7,0.27,44,5,0.19,15,0,0,26,38,0.00,99,0,35,1.35,79,8,36,0.31,30,0,0.00,99,0,0.00,0,0,0.00,0,0.27,17,5,0.19,16,3,0.12,60.00,0,0.00,0,0,0,0.00,0,27,0.00,80,1.04,31,N/A,N/A,N/A,N/A,0.00,0,0.00,0,2.33,0.00,0,86.47,58.33,94,87,0.19,0.19,5,20,81,0,0,0,0.67,0.69,18,88,184.27,5.96,6.19,161,0,0.00,0.00,99,0.00,0,0,0,0.00,0.00,0,0.00,0.00,0.08,0.07,2,0,16.67,82,81,62,84,80,4.08,53,0.15,0.16,2.33,42,0.09,0.09,62,29,1.07,1.12,1.08,1.04,53,28,0.09,41,69,95,64,0,51,92,0,0.00,99,72,0.00,2.77,8.46,8.15,220,134,68,39,5.15,4.96,60.91,3,0.12,86,0,12.50,0,0.00,99,1,0.04,0.04,31,78,21,11,0,0,0,0,0,43,48,54,51,0,88,89,29,89,9,35,99,4,N/A,N/A
Luka Callo,20,1147244400,2006/05/10,Superliga,2025/2026,Defender,AGF,21,10,11,Denmark,3,2,1,0,0,0,0,0,0,0,0,1,1,0,0,0,0,0,0,0,0,0,0,0,0,0,0,7,0,0,0,-1,-1,-1,25,0,4.20,0,32,118.64,9.67,99,29,8.00,24,57,98.18,99,0.00,0.00,0.00,0,0.00,0.00,0.00,0.00,0,0.00,0.00,0.00,0.00,0.00,0.00,0.00,0.00,0.00,0.00,0.00,0.00,0.00,0.00,0.00,0.00,0.00,0.00,0.00,0,0,,0,0.00,8,0,0.00,12,0,0.00,9,0,3,0,4,0.00,99,0,0,0.00,6,0,27,0.00,11,0,0.00,99,0,0.00,0,0,0.00,0,0.00,7,0,0.00,9,0,0.00,0.00,0,0.00,0,0,0,0.00,0,0,0.00,99,0.00,0,N/A,N/A,N/A,N/A,0.00,0,0.00,0,0.00,0.00,0,82.76,0.00,12,99,0.00,0.00,0,11,11,0,0,0,0.00,0.00,0,22,12.61,0.67,8.18,2,0,0.00,0.00,99,0.00,0,0,0,0.00,0.00,0,0.00,0.00,0.00,0.00,0,0,0.00,33,0,0,30,0,0.06,89,0.02,0.25,0.00,9,0.00,0.00,1,0,0.00,0.00,12.27,1.00,99,3,0.00,8,9,99,64,0,39,2,0,0.00,99,0,0.00,0.00,12.27,1.00,3,0,0,85,0.00,0.00,0.00,0,0.00,99,0,0.00,0,0.00,99,0,0.00,0.00,27,0,45,11,0,0,0,0,0,15,30,49,43,0,12,83,16,16,0,0,18,33,0,0
Luka Hujber,26,929516400,1999/06/16,Superliga,2025/2026,Defender,Vejle,59,15,44,Croatia,2,1,1,0,0,0,0,0,0,0,0,0,0,0,1,0,1,1,0,0,0,0,0,0,0,1.53,59,30,59,0,1.53,-1,-1,-1,22,118559,6.54,0,32,45.76,15.00,64,30,10.00,20,4,30.51,49,0.00,0.00,0.50,1,0.00,0.00,4.58,1.50,3,0.00,0.00,0.00,0.00,0.00,0.00,1.00,0.50,0.00,1.53,0.50,1.00,0.00,0.00,0.03,0.00,1.50,0.00,0.00,0,0,,1,0.50,64,0,0.00,12,1,1.53,87,0,2,0,99,0.00,99,0,0,0.00,6,0,27,0.00,11,0,0.00,99,0,0.00,0,0,0.00,0,1.53,84,2,3.05,87,2,3.05,100.00,0,0.00,0,0,0,0.00,0,1,0.00,40,1.53,67,N/A,N/A,N/A,N/A,0.00,0,0.00,0,0.06,0.00,0,66.67,0.00,12,99,0.00,0.00,0,99,99,0,0,0,0.00,0.00,0,22,13.08,2.50,7.63,5,0,0.00,0.00,99,0.00,0,0,0,0.00,0.00,0,0.00,0.00,0.00,0.00,0,0,0.00,33,0,0,30,41,0.08,33,0.04,0.12,0.06,42,0.03,0.09,1,0,0.00,0.00,4.58,1.50,99,3,0.09,41,50,99,64,0,39,99,0,0.00,99,3,0.00,4.58,16.78,5.50,11,8,99,99,12.20,4.00,72.73,0,0.00,99,0,0.00,0,0.00,99,0,0.00,0.00,27,0,38,11,0,0,0,0,0,15,30,49,43,0,35,3,16,99,1,50,99,25,N/A,N/A
Lukas Emil Kirkegaard,20,1116486000,2005/05/19,Superliga,2025/2026,Midfielder,Viborg,1261,630,631,Denmark,15,7,8,2,0,2,0,0,0,0,0,5,2,3,19,5,14,0,0,0.14,0,0.14,0,0.29,631,1.36,66,84,0,0,0,108,223,-1,13,42834,3.61,0,32,55.38,28.74,80,776,24.59,664,76,47.39,80,0.00,0.00,0.15,4,0.00,0.15,1.57,0.81,22,0.00,0.07,0.00,0.00,0.00,0.41,0.26,0.81,5.00,0.71,0.19,0.37,0.00,0.19,0.08,0.00,1.04,0.00,0.00,0,0,,10,0.37,38,5,0.36,51,5,0.36,29,0,1,14,53,0.00,99,0,11,0.79,50,4,27,0.29,28,0,0.00,99,0,0.00,0,0,0.00,0,0.29,18,10,0.71,36,7,0.50,70.00,0,0.00,0,0,0,0.00,0,22,0.00,52,1.57,69,N/A,N/A,N/A,N/A,0.00,0,0.00,0,2.06,0.00,0,85.57,50.00,88,38,0.37,0.71,10,47,91,0,0,0,0.37,0.71,10,89,97.56,2.48,4.78,67,0,0.00,0.00,99,0.00,0,0,1,0.04,0.07,0,0.00,0.00,0.14,0.07,2,0,20.00,91,45,22,69,53,1.54,29,0.06,0.11,2.06,55,0.08,0.15,21,7,0.26,0.50,0.43,0.22,14,6,0.15,54,5,89,84,0,65,84,0,0.00,99,28,0.00,2.00,7.21,3.74,101,62,49,27,4.43,2.30,61.39,2,0.14,84,0,0.00,0,0.00,99,0,0.00,0.00,27,45,31,11,0,0,0,0,0,40,61,80,43,0,18,83,16,16,0,0,18,32,N/A,N/A
Lukas Reiff Lerager,32,742460400,1993/07/12,Superliga,2025/2026,Midfielder,København,1188,646,542,Denmark,17,9,8,1,1,0,1,0,1,0,0,4,3,1,18,9,9,4,0,0.15,0.08,0.08,0.14,0,1188,1.36,66,70,297,1188,0.3,136,129,-1,17,1021289,6.85,0.06,52,50.61,39.29,73,668,33.18,564,66,42.73,73,0.00,0.00,0.76,13,0.00,0.53,2.73,2.12,36,0.00,0.47,0.00,0.00,0.00,0.94,0.24,0.88,11.00,0.83,0.59,0.47,0.00,0.06,0.07,0.00,1.24,0.00,0.00,0,0,,11,0.65,44,1,0.08,19,10,0.76,52,5,3,14,89,0.00,99,0,16,1.21,73,9,88,0.68,43,0,0.00,99,0,0.00,0,0,0.00,0,0.98,54,8,0.61,30,4,0.30,50.00,0,0.00,0,0,0,0.00,0,15,0.00,52,1.14,40,N/A,N/A,N/A,N/A,0.00,0,0.00,0,1.22,0.00,0,84.43,9.09,14,16,0.82,1.06,14,33,64,0,0,0,0.24,0.30,4,61,116.52,1.18,1.52,20,0,0.00,0.00,99,0.00,0,0,1,0.06,0.08,0,0.00,0.00,0.08,0.06,1,0,9.09,50,39,29,84,53,2.27,58,0.13,0.17,1.22,42,0.07,0.09,52,13,0.76,0.98,2.12,1.65,95,28,0.09,41,72,46,86,0,51,75,0,0.00,99,21,0.00,1.59,10.76,8.35,142,74,79,69,5.61,4.35,52.11,8,0.61,58,0,33.33,0,0.00,99,3,0.18,0.23,56,45,45,80,0,0,0,0,0,43,48,49,59,0,98,45,33,84,4,24,92,12,N/A,N/A
Mads Agger,26,945763200,1999/12/21,Superliga,2025/2026,Forward,SønderjyskE,1461,683,778,Denmark,21,10,11,3,3,0,3,1,2,0,0,6,2,4,21,7,14,1,0,0.37,0.18,0.18,0.4,0,487,1.29,70,70,1461,487,0.06,88,64,-1,9,112631,6.80,0.14,79,18.78,14.52,9,305,10.29,216,11,13.30,9,0.00,0.00,1.14,24,0.00,2.67,0.98,0.76,16,0.00,0.57,0.00,0.00,0.00,0.19,0.57,0.52,8.67,1.60,0.62,1.57,0.00,0.62,0.19,0.00,0.14,0.00,0.00,0,0,,26,1.24,66,13,0.80,75,13,0.80,55,5,4,17,25,0.00,99,0,4,0.25,16,56,39,3.45,85,0,0.00,99,0,0.00,0,0,0.00,0,1.48,82,33,2.03,73,12,0.74,36.36,0,0.00,0,0,0,0.00,0,11,0.00,59,0.68,5,N/A,N/A,N/A,N/A,0.00,0,0.00,0,4.03,0.00,0,70.82,50.00,88,49,0.48,0.62,10,65,33,0,0,0,0.05,0.06,1,26,142.90,0.76,0.98,16,0,0.00,0.00,99,0.00,0,0,0,0.00,0.00,0,0.00,0.00,0.49,0.38,8,0,11.54,63,54,42,62,59,3.09,68,0.15,0.19,4.03,70,0.19,0.25,41,14,0.67,0.86,0.55,0.43,17,9,0.25,69,67,28,64,0,90,8,0,0.00,99,3,0.00,0.18,6.71,5.19,109,44,13,22,2.71,2.10,40.37,12,0.74,53,0,14.29,0,0.00,99,8,0.38,0.49,76,57,51,80,0,1,0,5,0,72,68,49,87,0,32,64,91,25,1,5,33,25,N/A,N/A
Mads Bech Sørensen,27,915696000,1999/01/07,Superliga,2025/2026,Defender,Midtjylland,2534,1274,1260,Denmark,29,15,14,2,1,1,2,2,0,0,0,9,3,6,24,16,8,5,0,0.14,0.07,0.07,0.07,0.07,1267,0.85,106,87,507,1267,0.18,146,141,7,10,468311,7.04,0.07,48,54.41,53.45,79,1550,45.62,1323,74,46.44,78,0.00,0.00,0.48,14,0.00,0.52,1.51,1.48,43,0.00,0.03,0.00,0.00,0.00,0.90,0.00,0.83,4.50,0.32,0.21,0.03,0.00,0.10,0.06,0.00,1.62,0.00,0.00,0,0,,9,0.31,17,3,0.11,23,6,0.21,16,1,1,28,50,0.00,99,0,26,0.91,56,15,75,0.53,38,0,0.00,99,0,0.00,0,0,0.00,0,0.49,30,1,0.04,10,0,0.00,0.00,0,0.00,0,0,0,0.00,0,24,0.00,91,0.84,16,N/A,N/A,N/A,N/A,0.00,0,0.00,0,1.85,0.00,0,85.35,33.33,47,77,0.31,0.32,9,11,11,0,0,0,0.69,0.70,20,89,204.28,4.14,4.21,120,1,0.00,0.04,16,0.03,0,0,0,0.00,0.00,0,0.00,0.00,0.14,0.14,4,0,22.22,93,89,81,88,91,4.72,58,0.16,0.17,1.85,31,0.06,0.06,47,26,0.90,0.91,0.84,0.83,36,24,0.06,31,89,87,64,0,65,76,0,0.00,99,47,0.00,1.65,6.18,6.07,176,115,41,18,4.04,3.97,65.34,1,0.04,93,0,26.67,0,0.00,99,4,0.14,0.14,44,87,31,27,0,0,0,0,0,40,45,52,48,0,86,75,55,63,5,17,77,22,N/A,N/A
Mads Christiansen,25,972111600,2000/10/21,Superliga,2025/2026,Goalkeeper,AGF,90,90,0,Norway,1,1,0,0,0,0,0,0,0,0,0,0,0,0,1,1,0,0,0,0,0,0,0,0,0,1,90,90,0,0,0,-1,-1,-1,19,0,0.55,0,32,26.00,1.86,23,26,1.36,19,13,19.00,21,0.00,0.00,0.00,0,0.00,0.00,0.00,0.00,0,0.00,0.00,0.00,0.00,0.50,0.00,0.00,0.64,0.00,0.00,0.00,0.00,0.00,0.00,0.00,0.00,0.00,0.00,0.00,0,0,,0,0.00,8,0,0.00,12,0,0.00,9,0,0,1,4,0.00,99,0,0,0.00,6,0,27,0.00,11,0,0.00,99,0,0.00,0,0,0.00,0,0.00,7,0,0.00,9,0,0.00,0.00,0,0.00,0,7,99,7.00,99,9,0.00,80,9.00,99,N/A,N/A,N/A,N/A,77.78,0,0.00,0,0.00,0.00,0,73.08,0.00,12,99,0.00,0.00,0,11,11,0,0,6,0.00,0.00,0,22,7.67,0.00,0.00,0,0,0.00,0.00,99,0.00,0,0,0,0.00,0.00,0,0.00,0.00,0.00,0.00,0,0,0.00,33,0,0,30,80,0.04,4,0.00,0.04,0.00,9,0.00,0.00,1,0,0.00,0.00,0.00,0.00,6,0,0.00,8,0,1,64,0,39,2,0,0.00,99,0,0.00,0.00,0.00,0.00,0,0,0,0,0.00,0.00,0.00,0,0.00,99,0,0.00,0,0.00,99,0,0.00,0.00,27,0,21,11,0,0,0,0,0,15,30,49,43,0,12,3,16,16,0,0,18,21,0,0
Mads Emil Madsen,28,884764800,1998/01/14,Superliga,2025/2026,Midfielder,København,2065,1066,999,Denmark,29,16,13,3,2,1,3,1,2,0,0,8,7,1,26,8,18,1,0,0.26,0.13,0.13,0.17,0.09,688,1.13,79,71,2065,688,0.04,112,91,-1,8,948479,6.34,0.1,65,52.21,37.44,75,1198,31.75,1016,69,44.28,75,0.00,0.00,0.91,29,0.00,0.28,3.01,2.16,69,0.00,0.94,0.00,0.00,0.00,0.66,0.41,0.62,10.67,1.39,0.62,0.75,0.00,0.38,0.13,0.00,0.69,0.00,0.00,0,0,,32,1.00,60,12,0.52,61,20,0.87,60,3,7,22,94,0.00,99,0,21,0.92,56,9,95,0.39,33,0,0.00,99,0,0.00,0,0,0.00,0,1.26,73,24,1.05,47,13,0.57,54.17,0,0.00,0,0,0,0.00,0,20,0.00,69,0.87,19,N/A,N/A,N/A,N/A,0.00,0,0.00,0,4.30,0.00,0,84.81,37.50,55,16,0.75,1.05,24,54,70,0,0,0,0.16,0.22,5,53,203.00,0.50,0.70,16,1,0.00,0.04,16,0.03,0,0,1,0.03,0.04,0,0.00,0.00,0.04,0.03,1,0,9.38,51,73,81,72,68,4.69,73,0.15,0.20,4.30,61,0.13,0.19,53,23,0.72,1.00,1.05,0.75,52,24,0.19,60,43,14,73,0,44,56,0,0.00,99,22,0.00,0.96,10.37,7.44,238,126,74,63,5.49,3.94,52.94,30,1.31,27,0,44.44,0,0.00,99,4,0.12,0.17,49,68,69,61,0,0,0,0,0,60,59,55,64,0,96,64,95,23,1,3,24,7,N/A,N/A
Mads Enggård,22,1074585600,2004/01/20,Superliga,2025/2026,Midfielder,Vejle,1495,693,802,Denmark,25,13,12,0,0,0,1,0,1,0,0,2,2,0,32,12,20,5,0,0.06,0.06,0,0,0,0,1.93,47,60,299,1495,0.3,189,147,-1,15,231191,6.58,0.04,43,40.58,26.96,54,674,20.60,515,27,31.00,50,0.00,0.00,0.48,12,0.00,0.92,2.83,1.88,47,0.00,0.92,0.00,0.00,0.00,0.76,0.40,1.32,0.00,0.54,0.20,0.88,0.00,0.16,0.03,0.00,0.64,0.00,0.00,0,0,,9,0.36,28,4,0.24,41,5,0.30,24,5,9,16,91,0.00,99,0,19,1.14,69,23,89,1.38,59,0,0.00,99,0,0.00,0,0,0.00,0,0.72,38,22,1.32,55,10,0.60,45.45,0,0.00,0,0,0,0.00,0,33,0.00,18,1.99,84,N/A,N/A,N/A,N/A,0.00,0,0.00,0,0.72,0.00,0,76.41,44.44,73,11,0.76,1.14,19,58,49,0,1,0,0.08,0.12,2,39,164.60,1.44,2.17,36,0,0.00,0.00,99,0.00,0,1,0,0.00,0.00,0,0.00,0.00,0.00,0.00,0,0,0.00,33,55,58,30,19,2.08,38,0.08,0.13,0.02,9,0.00,0.00,80,25,1.00,1.51,2.17,1.44,97,36,0.04,24,53,65,64,0,39,56,0,0.00,99,16,0.00,0.96,12.04,8.00,200,96,82,82,5.78,3.84,48.00,23,1.38,25,0,34.78,0,0.00,99,8,0.32,0.48,74,53,79,80,0,0,0,0,0,23,30,49,43,0,67,13,33,84,5,20,85,30,N/A,N/A
Mads Frøkjær-Jensen,26,933231600,1999/07/29,Superliga,2025/2026,Midfielder,Brøndby,745,379,366,Denmark,13,7,6,0,0,0,2,2,0,0,0,5,3,2,9,3,6,1,0,0.24,0.24,0,0,0,0,1.09,83,57,745,373,0.12,194,30,-1,23,0,5.76,0.15,91,35.11,20.79,42,291,15.29,214,17,25.82,36,0.00,0.00,1.14,16,0.00,2.43,1.45,0.86,12,0.00,0.86,0.00,0.00,0.00,0.29,0.50,0.64,0.00,1.33,0.50,1.71,0.00,0.29,0.06,0.00,0.29,0.00,0.00,0,0,,11,0.79,58,4,0.48,58,7,0.84,58,2,3,10,47,0.00,99,0,4,0.48,32,34,64,4.10,90,0,0.00,99,0,0.00,0,0,0.00,0,1.93,93,24,2.90,85,7,0.84,29.17,0,0.00,0,0,0,0.00,0,9,0.00,73,1.09,36,N/A,N/A,N/A,N/A,0.00,0,0.00,0,0.78,0.00,0,73.54,36.36,52,50,0.36,0.60,5,69,19,0,0,0,0.00,0.00,0,22,80.70,0.29,0.48,4,0,0.00,0.00,99,0.00,0,0,0,0.00,0.00,0,0.00,0.00,0.12,0.07,1,0,0.00,33,22,16,30,73,2.19,90,0.16,0.26,0.78,42,0.06,0.09,51,8,0.57,0.97,1.33,0.79,67,11,0.09,41,28,9,64,0,61,31,0,0.00,99,4,0.00,0.48,10.62,6.29,88,31,33,67,3.74,2.21,35.23,12,1.45,22,0,23.53,0,0.00,99,8,0.57,0.97,92,29,45,44,0,0,0,0,0,57,30,49,43,0,12,95,71,47,1,8,49,29,0,0
Mads Krogsøe Eriksen,22,1067500800,2003/10/30,Superliga,2025/2026,Midfielder,Fredericia,0,0,0,Denmark,0,0,0,0,0,0,0,0,0,0,0,0,0,0,0,0,0,0,0,0,0,0,0,0,0,0,0,0,0,0,0,-1,-1,-1,-1,N/A,N/A,N/A,N/A,N/A,N/A,N/A,N/A,N/A,N/A,N/A,N/A,N/A,N/A,N/A,N/A,N/A,N/A,N/A,N/A,N/A,N/A,N/A,N/A,N/A,N/A,N/A,N/A,N/A,N/A,N/A,N/A,N/A,N/A,N/A,N/A,N/A,N/A,N/A,N/A,N/A,N/A,N/A,N/A,N/A,N/A,N/A,N/A,N/A,N/A,N/A,N/A,N/A,N/A,N/A,N/A,N/A,N/A,N/A,N/A,N/A,N/A,N/A,N/A,N/A,N/A,N/A,N/A,N/A,N/A,N/A,N/A,N/A,N/A,N/A,N/A,N/A,N/A,N/A,N/A,N/A,N/A,N/A,N/A,N/A,N/A,N/A,N/A,N/A,N/A,N/A,N/A,N/A,N/A,N/A,N/A,N/A,N/A,N/A,N/A,N/A,N/A,N/A,N/A,N/A,N/A,N/A,N/A,N/A,N/A,N/A,N/A,N/A,N/A,N/A,N/A,N/A,N/A,N/A,N/A,N/A,N/A,N/A,N/A,N/A,N/A,N/A,N/A,N/A,N/A,N/A,N/A,N/A,N/A,N/A,N/A,N/A,N/A,N/A,N/A,N/A,N/A,N/A,N/A,N/A,N/A,N/A,N/A,N/A,N/A,N/A,N/A,N/A,N/A,N/A,N/A,N/A,N/A,N/A,N/A,N/A,N/A,N/A,N/A,N/A,N/A,N/A,N/A,N/A,N/A,N/A,N/A,N/A,N/A,N/A,N/A,N/A,N/A,N/A,N/A,N/A,N/A,N/A,N/A,N/A,N/A,N/A,N/A,N/A,N/A,N/A,N/A,N/A,N/A,N/A,N/A,N/A,N/A,N/A,N/A,N/A,N/A,N/A,N/A,N/A,N/A,N/A,N/A,N/A,N/A,N/A,N/A,N/A,N/A,N/A,N/A,N/A,N/A,N/A,N/A,N/A,N/A,N/A,N/A
Mads Larsen,24,1000969200,2001/09/20,Superliga,2025/2026,Midfielder,Silkeborg,2141,1065,1076,Denmark,32,16,16,1,1,0,1,1,0,0,0,3,2,1,53,22,31,1,0,0.08,0.04,0.04,0.08,0,2141,2.23,40,67,2141,2141,0.04,166,158,-1,8,60075,6.66,0.03,40,49.31,36.66,69,1173,32.53,1041,88,43.76,74,0.00,0.00,0.34,11,0.00,0.19,2.48,1.84,59,0.00,0.56,0.00,0.00,0.00,0.97,0.22,1.50,0.00,0.42,0.19,0.91,0.00,0.12,0.03,0.00,0.69,0.00,0.00,0,0,,10,0.31,22,4,0.17,31,6,0.25,20,5,9,23,84,0.00,99,0,31,1.30,76,6,27,0.25,26,0,0.00,99,0,0.00,0,0,0.00,0,0.46,27,29,1.22,53,7,0.29,24.14,0,0.00,0,0,0,0.00,0,48,0.00,5,2.02,84,N/A,N/A,N/A,N/A,0.00,0,0.00,0,0.90,0.00,0,88.75,40.00,64,30,0.66,0.88,21,31,16,0,0,0,0.19,0.25,6,56,213.13,0.91,1.22,29,0,0.00,0.00,99,0.00,0,0,0,0.00,0.00,0,0.00,0.00,0.00,0.00,0,0,0.00,33,74,99,96,5,2.83,33,0.09,0.12,0.90,24,0.03,0.04,63,27,0.84,1.13,0.38,0.28,13,9,0.04,24,58,39,64,0,39,52,0,0.00,99,22,0.00,0.92,8.74,6.50,208,113,56,44,4.75,3.53,54.33,18,0.76,52,0,0.00,0,0.00,99,0,0.00,0.00,27,71,79,80,0,0,0,0,0,27,36,49,51,0,21,15,95,23,1,3,24,20,N/A,N/A
Mads Riis Abrahamsen,19,1168675200,2007/01/13,Superliga,2025/2026,Midfielder,OB,0,0,0,Denmark,0,0,0,0,0,0,0,0,0,0,0,0,0,0,0,0,0,0,0,0,0,0,0,0,0,0,0,0,0,0,0,-1,-1,-1,-1,N/A,N/A,N/A,N/A,N/A,N/A,N/A,N/A,N/A,N/A,N/A,N/A,N/A,N/A,N/A,N/A,N/A,N/A,N/A,N/A,N/A,N/A,N/A,N/A,N/A,N/A,N/A,N/A,N/A,N/A,N/A,N/A,N/A,N/A,N/A,N/A,N/A,N/A,N/A,N/A,N/A,N/A,N/A,N/A,N/A,N/A,N/A,N/A,N/A,N/A,N/A,N/A,N/A,N/A,N/A,N/A,N/A,N/A,N/A,N/A,N/A,N/A,N/A,N/A,N/A,N/A,N/A,N/A,N/A,N/A,N/A,N/A,N/A,N/A,N/A,N/A,N/A,N/A,N/A,N/A,N/A,N/A,N/A,N/A,N/A,N/A,N/A,N/A,N/A,N/A,N/A,N/A,N/A,N/A,N/A,N/A,N/A,N/A,N/A,N/A,N/A,N/A,N/A,N/A,N/A,N/A,N/A,N/A,N/A,N/A,N/A,N/A,N/A,N/A,N/A,N/A,N/A,N/A,N/A,N/A,N/A,N/A,N/A,N/A,N/A,N/A,N/A,N/A,N/A,N/A,N/A,N/A,N/A,N/A,N/A,N/A,N/A,N/A,N/A,N/A,N/A,N/A,N/A,N/A,N/A,N/A,N/A,N/A,N/A,N/A,N/A,N/A,N/A,N/A,N/A,N/A,N/A,N/A,N/A,N/A,N/A,N/A,N/A,N/A,N/A,N/A,N/A,N/A,N/A,N/A,N/A,N/A,N/A,N/A,N/A,N/A,N/A,N/A,N/A,N/A,N/A,N/A,N/A,N/A,N/A,N/A,N/A,N/A,N/A,N/A,N/A,N/A,N/A,N/A,N/A,N/A,N/A,N/A,N/A,N/A,N/A,N/A,N/A,N/A,N/A,N/A,N/A,N/A,N/A,N/A,N/A,N/A,N/A,N/A,N/A,N/A,N/A,N/A,N/A,N/A,N/A,N/A,N/A,N/A
Mads Søndergaard Clausen,23,1040889600,2002/12/26,Superliga,2025/2026,Midfielder,Viborg,1512,738,774,Denmark,23,12,11,5,4,1,1,1,0,0,0,7,3,4,17,9,8,6,0,0.36,0.06,0.3,0.49,0.12,302,1.01,89,66,252,1512,0.36,56,145,-1,2,158780,6.92,0.04,43,30.42,22.22,30,511,17.43,401,36,23.87,31,0.00,0.00,0.91,21,0.00,0.65,2.32,1.70,39,0.00,0.78,0.00,0.00,0.00,0.61,0.43,0.57,7.00,2.08,0.83,1.09,0.00,0.70,0.26,0.00,0.87,0.00,0.00,0,0,,35,1.52,77,16,0.95,81,19,1.13,72,1,4,19,80,0.00,99,0,14,0.83,52,15,28,0.89,51,0,0.00,99,0,0.00,0,0,0.00,0,1.25,72,25,1.49,61,10,0.60,40.00,0,0.00,0,0,0,0.00,0,13,0.00,78,0.77,10,N/A,N/A,N/A,N/A,0.00,0,0.00,0,5.97,0.00,0,78.47,45.71,75,36,0.57,0.77,13,58,40,0,0,0,0.09,0.12,2,39,159.05,1.00,1.37,23,0,0.00,0.00,99,0.00,0,0,0,0.00,0.00,0,0.00,0.00,0.00,0.00,0,0,14.29,75,56,50,52,78,2.08,33,0.09,0.12,5.97,82,0.26,0.36,93,34,1.48,2.02,1.61,1.17,78,27,0.36,80,80,43,64,0,39,64,0,0.00,99,20,0.00,1.19,12.14,8.87,204,102,86,84,6.07,4.43,50.00,18,1.07,37,0,6.67,0,0.00,99,1,0.04,0.06,34,61,51,27,0,0,0,0,0,70,80,59,93,0,50,70,27,90,6,26,95,6,N/A,N/A
Magnus Hvitfeldt Andersen,20,1144047600,2006/04/03,Superliga,2025/2026,Midfielder,OB,19,0,19,Denmark,2,0,2,0,0,0,0,0,0,0,0,0,0,0,1,0,1,0,0,0,0,0,0,0,0,4.74,19,10,0,0,0,-1,-1,-1,21,55870,0.75,0,32,18.95,0.44,9,4,0.22,2,0,9.47,1,0.00,0.00,0.00,0,0.00,0.11,9.47,0.22,2,0.00,0.11,0.00,0.00,0.00,0.00,0.00,0.11,0.00,0.00,0.00,0.00,0.00,0.00,0.00,0.00,0.00,0.00,0.00,0,0,,0,0.00,8,0,0.00,12,0,0.00,9,0,2,0,99,0.00,99,0,0,0.00,6,1,27,4.74,94,0,0.00,99,0,0.00,0,0,0.00,0,0.00,7,0,0.00,9,0,0.00,0.00,0,0.00,0,0,0,0.00,0,1,0.00,0,4.74,98,N/A,N/A,N/A,N/A,0.00,0,0.00,0,0.00,0.00,0,50.00,0.00,12,99,0.00,0.00,0,11,11,0,0,0,0.11,4.74,1,99,6.77,0.11,4.74,1,0,0.00,0.00,99,0.00,0,0,0,0.00,0.00,0,0.00,0.00,0.00,0.00,0,0,0.00,33,0,0,30,0,0.00,0,0.00,0.00,0.00,9,0.00,0.00,99,1,0.11,4.74,0.00,0.00,6,0,0.00,8,0,89,64,0,39,2,0,0.00,99,0,0.00,0.00,18.95,0.44,4,3,99,99,14.21,0.33,75.00,1,4.74,0,0,0.00,0,0.00,99,0,0.00,0.00,27,0,38,11,0,0,0,0,0,15,30,49,43,0,20,3,16,16,0,0,18,28,N/A,N/A
Magnus Jensen,29,846399600,1996/10/27,Superliga,2025/2026,Defender,SønderjyskE,2588,1238,1350,Denmark,29,14,15,4,3,1,0,0,0,0,0,8,3,5,37,16,21,3,0,0.14,0,0.14,0.22,0.07,647,1.29,70,89,863,0,0.1,105,244,35,6,231191,7.12,0,32,55.12,54.66,80,1585,46.41,1346,71,46.81,79,0.00,0.00,0.24,7,0.00,0.17,1.01,1.00,29,0.00,0.10,0.00,0.00,0.00,0.97,0.10,0.93,4.25,0.59,0.31,0.14,0.00,0.28,0.13,0.00,3.21,0.00,0.00,0,0,,17,0.59,33,8,0.28,45,9,0.31,26,3,0,29,27,0.00,99,0,28,0.97,59,5,53,0.17,20,0,0.00,99,0,0.00,0,0,0.00,0,0.24,15,4,0.14,14,3,0.10,75.00,0,0.00,0,0,0,0.00,0,27,0.00,59,0.94,24,N/A,N/A,N/A,N/A,0.00,0,0.00,0,3.81,0.00,0,84.92,47.06,78,61,0.48,0.49,14,18,94,3,0,0,1.14,1.15,33,98,206.59,6.97,7.02,202,0,0.00,0.00,99,0.00,0,3,1,0.03,0.03,0,0.00,0.00,0.07,0.07,2,0,23.53,94,91,81,70,59,2.83,22,0.10,0.10,1.71,31,0.06,0.06,7,5,0.17,0.17,0.63,0.62,20,18,0.13,52,93,98,68,0,49,95,0,0.00,99,93,0.00,3.23,7.02,6.97,202,129,51,24,4.49,4.45,63.86,3,0.10,87,0,20.00,0,0.00,99,1,0.03,0.03,29,89,21,61,0,0,0,0,0,40,61,52,69,0,67,64,77,41,3,10,59,5,N/A,N/A
Magnus Knudsen,24,992588400,2001/06/15,Superliga,2025/2026,Midfielder,AGF,1228,598,630,Norway,14,7,7,0,0,0,0,0,0,0,0,3,2,1,10,5,5,2,0,0,0,0,0,0,0,0.73,123,88,614,0,0.15,196,181,-1,21,0,6.91,0,32,40.68,39.64,55,555,35.00,490,87,35.91,60,0.00,0.00,0.64,9,0.00,0.43,3.00,2.93,41,0.00,0.93,0.00,0.00,0.00,1.07,0.64,0.93,0.00,0.73,0.57,1.07,0.00,0.14,0.05,0.00,0.86,0.00,0.00,0,0,,10,0.71,40,2,0.15,28,8,0.59,47,4,0,14,93,0.00,99,0,15,1.10,67,6,88,0.44,35,0,0.00,99,0,0.00,0,0,0.00,0,0.66,36,15,1.10,49,9,0.66,60.00,0,0.00,0,0,0,0.00,0,13,0.00,97,0.95,25,N/A,N/A,N/A,N/A,0.00,0,0.00,0,0.76,0.00,0,88.29,20.00,22,18,1.00,1.03,14,62,81,0,0,0,0.21,0.22,3,53,96.74,1.14,1.17,16,0,0.00,0.00,99,0.00,0,0,0,0.00,0.00,0,0.00,0.00,0.00,0.00,0,0,0.00,33,42,18,30,97,1.38,22,0.10,0.10,0.76,31,0.05,0.06,69,17,1.21,1.25,1.54,1.50,76,21,0.06,31,79,36,64,0,39,50,0,0.00,99,12,0.00,0.88,10.41,10.14,142,79,83,64,5.79,5.64,55.63,13,0.95,42,0,33.33,0,0.00,99,2,0.14,0.15,46,45,21,70,0,0,0,0,0,15,30,49,43,0,12,39,63,55,2,14,71,4,0,0
Magnus Mattsson,27,919929600,1999/02/25,Superliga,2025/2026,Midfielder,København,457,270,187,Denmark,6,3,3,2,1,1,1,0,1,0,0,2,1,1,5,4,1,0,0,0.59,0.2,0.39,0.33,0.48,229,0.98,91,76,0,457,0,31,47,-1,14,770639,6.94,0.17,84,43.52,36.83,62,221,32.67,196,88,38.60,66,0.00,0.00,2.17,13,0.00,3.67,1.38,1.17,7,0.00,1.33,0.00,0.00,0.00,0.83,1.00,0.17,4.50,1.77,0.83,2.00,0.00,0.67,0.32,0.00,0.17,0.00,0.00,0,0,,9,1.50,69,4,0.79,75,5,0.98,65,5,1,5,44,0.00,99,0,5,0.98,59,22,30,4.33,92,0,0.00,99,0,0.00,0,0,0.00,0,2.56,99,12,2.36,77,6,1.18,50.00,0,0.00,0,0,0,0.00,0,1,0.00,81,0.20,0,N/A,N/A,N/A,N/A,0.00,0,0.00,0,1.94,0.00,0,88.69,44.44,73,10,1.00,1.18,6,82,64,2,0,0,0.33,0.39,2,71,41.66,0.33,0.39,2,0,0.00,0.00,99,0.00,0,2,0,0.00,0.00,0,0.00,0.00,0.00,0.00,0,1,22.22,93,8,3,42,80,1.54,95,0.26,0.30,0.54,49,0.09,0.11,52,5,0.83,0.98,0.79,0.67,33,4,0.38,82,80,5,64,0,39,9,0,0.00,99,1,0.00,0.20,9.65,8.17,49,18,26,54,3.54,3.00,36.73,8,1.58,19,0,9.09,0,0.00,99,2,0.33,0.39,67,14,31,80,0,0,0,0,0,93,88,94,81,0,93,83,16,16,0,0,18,8,N/A,N/A
Malte Såby Heyde,19,1171785600,2007/02/18,Superliga,2025/2026,Midfielder,Nordsjælland,414,140,274,Denmark,17,6,11,0,0,0,1,1,0,0,0,4,3,1,3,0,3,1,0,0.22,0.22,0,0,0,0,0.65,138,24,414,414,0.22,188,37,-1,24,54068,4.06,0.06,87,54.17,9.77,77,254,7.77,202,41,43.08,73,0.00,0.00,0.19,5,0.00,0.15,1.71,0.31,8,0.00,0.31,0.00,0.00,0.00,0.31,0.04,0.12,0.00,1.28,0.23,0.04,0.00,0.00,0.01,0.00,0.19,0.00,0.00,0,0,,6,0.23,55,0,0.00,12,6,1.28,81,1,14,3,60,0.00,99,0,8,1.71,93,4,98,0.85,50,0,0.00,99,0,0.00,0,0,0.00,0,1.07,60,1,0.21,18,1,0.21,100.00,0,0.00,0,0,0,0.00,0,3,0.00,99,0.64,5,N/A,N/A,N/A,N/A,0.00,0,0.00,0,0.26,0.00,0,79.53,0.00,12,45,0.12,0.64,3,26,99,0,0,0,0.12,0.64,3,87,105.49,0.73,4.05,19,0,0.00,0.00,99,0.00,0,0,0,0.00,0.00,0,0.00,0.00,0.00,0.00,0,0,0.00,33,4,29,30,99,1.17,89,0.04,0.25,0.26,31,0.01,0.06,71,6,0.23,1.28,1.92,0.35,91,9,0.06,31,7,86,64,0,39,60,0,0.00,99,5,0.00,1.07,10.45,1.88,49,20,44,64,4.27,0.77,40.82,8,1.71,13,0,50.00,0,0.00,99,2,0.08,0.43,70,2,92,27,0,0,0,0,0,55,30,49,43,0,20,45,48,69,1,6,37,47,N/A,N/A
Malthe Riis Ladefoged,20,1134547200,2005/12/14,Superliga,2025/2026,Midfielder,Fredericia,111,34,77,Denmark,4,1,3,0,0,0,0,0,0,0,0,0,0,0,3,1,2,0,0,0,0,0,0,0,0,2.43,37,28,0,0,0,-1,-1,-1,22,37487,1.01,0,32,73.85,5.05,97,96,4.84,92,99,70.77,98,0.00,0.00,0.00,0,0.00,0.05,0.77,0.05,1,0.00,0.00,0.00,0.00,0.00,0.00,0.00,0.21,0.00,1.54,0.11,0.00,0.00,0.00,0.00,0.00,0.21,0.00,0.00,0,0,,2,0.11,64,0,0.00,12,2,1.54,87,6,3,1,18,0.00,99,0,0,0.00,6,1,27,0.77,47,0,0.00,99,0,0.00,0,0,0.00,0,0.00,7,0,0.00,9,0,0.00,0.00,0,0.00,0,0,0,0.00,0,4,0.00,2,3.08,92,N/A,N/A,N/A,N/A,0.00,0,0.00,0,0.08,0.00,0,95.83,0.00,12,99,0.00,0.00,0,11,11,0,0,0,0.05,0.77,1,91,19.27,0.37,5.38,7,0,0.00,0.00,99,0.00,0,0,0,0.00,0.00,0,0.00,0.00,0.00,0.00,0,0,0.00,33,0,0,30,2,0.22,58,0.01,0.17,0.08,31,0.00,0.06,1,0,0.00,0.00,0.00,0.00,6,0,0.06,31,0,91,64,0,39,94,0,0.00,99,4,0.00,3.08,5.38,0.37,7,5,37,11,3.85,0.26,71.43,0,0.00,99,0,0.00,0,0.00,99,0,0.00,0.00,27,0,45,88,0,0,0,0,0,15,30,49,43,0,14,3,16,16,0,0,18,15,N/A,N/A
Mamadou Lamine Sadio,18,1198483200,2007/12/24,Superliga,2025/2026,Midfielder,Nordsjælland,668,358,310,Senegal,10,5,5,2,1,1,1,0,1,0,0,3,2,1,6,2,4,1,0,0.4,0.13,0.27,0.25,0.29,334,0.81,111,67,668,668,0.13,66,100,-1,10,0,5.74,0.1,65,35.03,21.67,41,260,18.08,217,60,29.24,46,0.00,0.00,0.67,8,0.00,0.00,1.62,1.00,12,0.00,1.17,0.00,0.00,0.00,0.33,0.67,0.50,9.00,2.43,0.83,1.75,0.00,0.67,0.23,0.00,0.42,0.00,0.00,0,0,,18,1.50,84,8,1.08,87,10,1.35,82,2,3,7,56,0.00,99,0,4,0.54,35,0,27,0.00,11,0,0.00,99,0,0.00,0,0,0.00,0,1.08,62,21,2.83,83,8,1.08,38.10,0,0.00,0,0,0,0.00,0,6,0.00,93,0.81,14,N/A,N/A,N/A,N/A,0.00,0,0.00,0,2.70,0.00,0,83.46,44.44,73,35,0.50,0.81,6,80,36,0,0,0,0.00,0.00,0,22,68.91,0.75,1.21,9,0,0.00,0.00,99,0.00,0,0,0,0.00,0.00,0,0.00,0.00,0.13,0.08,1,0,11.11,62,18,7,55,93,1.32,63,0.11,0.18,2.70,82,0.23,0.36,74,10,0.83,1.35,2.02,1.25,93,15,0.36,80,27,38,64,0,63,41,0,0.00,99,5,0.00,0.67,12.13,7.50,90,35,56,84,4.72,2.92,38.89,14,1.89,10,0,0.00,0,0.00,99,0,0.00,0.00,27,21,45,44,0,0,0,0,0,75,77,80,72,0,12,70,66,50,1,10,59,37,0,0
Marcos López,26,943084800,1999/11/20,Superliga,2025/2026,Defender,København,2167,1033,1134,Peru,28,14,14,1,0,1,4,1,3,0,0,7,5,2,33,12,21,1,0,0.21,0.17,0.04,0,0.08,2167,1.37,66,77,2167,542,0.04,170,68,42,20,652080,6.86,0.14,74,55.32,45.93,80,1332,39.69,1151,82,47.80,81,0.00,0.00,1.79,52,0.00,3.97,1.45,1.21,35,0.00,0.21,0.00,0.00,0.00,1.62,0.34,1.10,23.00,0.96,0.69,0.79,0.00,0.10,0.07,0.00,1.17,0.00,0.00,0,0,,23,0.79,47,3,0.12,25,20,0.83,56,10,3,25,47,0.00,99,0,47,1.95,97,115,73,4.78,94,0,0.00,99,0,0.00,0,0,0.00,0,2.16,97,23,0.96,44,10,0.42,43.48,0,0.00,0,0,0,0.00,0,32,0.00,51,1.33,58,N/A,N/A,N/A,N/A,0.00,0,0.00,0,1.93,0.00,0,86.41,13.04,15,54,0.45,0.54,13,41,44,0,0,0,0.28,0.33,8,63,198.93,2.10,2.53,61,1,0.00,0.04,16,0.03,0,0,1,0.03,0.04,0,0.00,0.00,0.00,0.00,0,0,4.35,34,75,73,96,53,7.05,93,0.24,0.29,1.93,38,0.07,0.08,69,30,1.03,1.25,0.87,0.72,38,21,0.08,37,73,71,73,0,39,71,0,0.00,99,34,0.00,1.41,7.35,6.10,177,109,53,28,4.53,3.76,61.58,6,0.25,79,0,26.09,0,0.00,99,30,1.03,1.25,96,76,45,99,0,0,0,0,0,53,36,54,43,0,91,48,95,23,1,4,29,15,N/A,N/A
Marcus Bundgaard Sorensen,24,996994800,2001/08/05,Superliga,2025/2026,Goalkeeper,SønderjyskE,2099,929,1170,Denmark,24,11,13,0,0,0,1,1,0,0,0,7,3,4,30,10,20,0,0,0.04,0.04,0,0,0,0,1.29,70,87,0,2099,0,183,154,34,21,114144,6.83,0.04,40,27.70,26.92,25,646,18.50,444,5,19.04,21,0.00,0.00,0.04,1,0.00,0.00,0.00,0.00,0,0.00,0.00,0.00,0.00,2.67,0.04,0.00,3.96,0.00,0.00,0.00,0.00,0.00,0.00,0.00,0.00,0.12,0.00,0.00,0,0,,0,0.00,8,0,0.00,12,0,0.00,9,1,0,24,4,0.00,99,0,1,0.04,8,0,27,0.00,11,0,0.00,99,0,0.00,0,0,0.00,0,0.04,8,0,0.00,9,0,0.00,0.00,0,0.00,0,64,68,2.74,37,95,0.00,59,4.07,95,N/A,N/A,N/A,N/A,67.37,0,0.00,0,0.00,0.00,0,68.73,0.00,12,95,0.04,0.04,1,11,11,0,0,43,0.04,0.04,1,24,163.89,0.75,0.77,18,0,0.00,0.00,99,0.00,0,0,0,0.00,0.00,9,0.38,0.39,0.00,0.00,0,0,0.00,33,73,54,30,59,1.53,13,0.06,0.07,0.00,9,0.00,0.00,13,7,0.29,0.30,0.00,0.00,6,0,0.00,8,70,18,64,47,39,5,0,0.00,99,3,0.00,0.13,0.47,0.46,11,10,2,1,0.43,0.42,90.91,0,0.00,99,0,0.00,0,0.00,99,0,0.00,0.00,27,74,21,27,0,0,0,0,0,20,30,49,43,0,33,64,16,16,0,0,18,16,N/A,N/A
Marcus Hansen,23,1021964400,2002/05/21,Superliga,2025/2026,Forward,Silkeborg,21,0,21,Denmark,1,0,1,0,0,0,0,0,0,0,0,0,0,0,1,0,1,0,0,0,0,0,0,0,0,4.29,21,21,0,0,0,-1,-1,-1,30,0,0.00,0,32,0.00,0.00,0,0,0.00,0,0,0.00,0,0.00,0.00,0.00,0,0.00,0.00,0.00,0.00,0,0.00,0.00,0.00,0.00,0.00,0.00,0.00,0.00,0.00,0.00,0.00,0.00,0.00,0.00,0.00,0.00,0.00,0.00,0.00,0,0,,0,0.00,8,0,0.00,12,0,0.00,9,0,1,0,4,0.00,99,0,0,0.00,6,0,27,0.00,11,0,0.00,99,0,0.00,0,0,0.00,0,0.00,7,0,0.00,9,0,0.00,0.00,0,0.00,0,0,0,0.00,0,0,0.00,0,0.00,0,N/A,N/A,N/A,N/A,0.00,0,0.00,0,0.00,0.00,0,0.00,0.00,12,99,0.00,0.00,0,11,11,0,0,0,0.00,0.00,0,22,0.00,0.00,0.00,0,0,0.00,0.00,99,0.00,0,0,0,0.00,0.00,0,0.00,0.00,0.00,0.00,0,0,0.00,33,0,0,30,0,0.00,0,0.00,0.00,0.00,9,0.00,0.00,1,0,0.00,0.00,0.00,0.00,6,0,0.00,8,0,1,64,0,39,2,0,0.00,99,0,0.00,0.00,0.00,0.00,0,0,0,0,0.00,0.00,0.00,0,0.00,99,0,0.00,0,0.00,99,0,0.00,0.00,27,0,31,11,0,0,0,0,0,15,30,49,43,0,12,3,16,16,0,0,18,29,0,0
Marcus Younis,20,1120374000,2005/07/03,Superliga,2025/2026,Midfielder,Brøndby,28,5,23,Australia,2,1,1,0,0,0,0,0,0,0,0,0,0,0,0,0,0,0,0,0,0,0,0,0,0,0,0,14,0,0,0,-1,-1,-1,25,0,2.62,0,32,32.14,2.00,33,10,2.00,10,99,32.14,52,0.00,0.00,0.00,0,0.00,0.20,0.00,0.00,0,0.00,0.00,0.00,0.00,0.00,0.00,0.20,0.00,0.00,0.00,0.00,0.40,0.00,0.00,0.00,0.00,0.00,0.00,0.00,0,0,,0,0.00,8,0,0.00,12,0,0.00,9,0,2,0,4,0.00,99,0,0,0.00,6,1,27,3.21,82,0,0.00,99,0,0.00,0,0,0.00,0,0.00,7,2,6.43,99,1,3.21,50.00,0,0.00,0,0,0,0.00,0,0,0.00,99,0.00,0,N/A,N/A,N/A,N/A,0.00,0,0.00,0,0.00,0.00,0,100.00,0.00,12,99,0.00,0.00,0,99,64,0,0,0,0.00,0.00,0,22,13.10,0.00,0.00,0,0,0.00,0.00,99,0.00,0,0,0,0.00,0.00,0,0.00,0.00,0.00,0.00,0,0,0.00,33,0,0,30,0,0.02,10,0.00,0.06,0.00,9,0.00,0.00,99,2,0.40,6.43,6.43,0.40,99,2,0.00,8,3,1,64,0,39,2,0,0.00,99,0,0.00,0.00,16.07,1.00,5,3,99,98,9.64,0.60,60.00,0,0.00,99,0,0.00,0,0.00,99,0,0.00,0.00,27,0,38,11,0,0,0,0,0,15,30,49,43,0,12,3,16,16,0,0,18,21,0,0
Marius Kolind,23,1022914800,2002/06/01,Superliga,2025/2026,Midfielder,Vejle,14,12,2,Denmark,2,1,1,0,0,0,0,0,0,0,0,1,1,0,0,0,0,0,0,0,0,0,0,0,0,0,0,7,0,0,0,-1,-1,-1,18,0,6.76,0,32,25.71,2.00,23,4,1.00,2,0,12.86,8,0.00,0.00,0.00,0,0.00,0.50,0.00,0.00,0,0.00,0.50,0.00,0.00,0.00,0.00,0.00,0.00,0.00,0.00,0.00,0.00,0.00,0.00,0.00,0.00,0.00,0.00,0.00,0,0,,0,0.00,8,0,0.00,12,0,0.00,9,0,2,0,4,0.00,99,0,0,0.00,6,1,27,6.43,98,0,0.00,99,0,0.00,0,0,0.00,0,0.00,7,0,0.00,9,0,0.00,0.00,0,0.00,0,0,0,0.00,0,0,0.00,99,0.00,0,N/A,N/A,N/A,N/A,0.00,0,0.00,0,0.00,0.00,0,50.00,0.00,12,99,0.00,0.00,0,11,11,0,0,0,0.00,0.00,0,22,13.52,0.00,0.00,0,0,0.00,0.00,99,0.00,0,0,0,0.00,0.00,0,0.00,0.00,0.00,0.00,0,0,0.00,33,0,0,30,0,0.00,0,0.00,0.00,0.00,9,0.00,0.00,99,1,0.50,6.43,0.00,0.00,6,0,0.00,8,63,1,64,0,39,2,0,0.00,99,0,0.00,0.00,19.29,1.50,3,1,91,99,6.43,0.50,33.33,1,6.43,0,0,0.00,0,0.00,99,0,0.00,0.00,27,0,38,11,0,0,0,0,0,15,30,49,43,0,12,99,16,16,0,0,18,59,0,0
Mark Brink,28,889948800,1998/03/15,Superliga,2025/2026,Midfielder,Nordsjælland,1940,964,976,Denmark,29,14,15,0,0,0,3,0,3,0,0,9,7,2,23,8,15,7,1,0.14,0.14,0,0,0,0,1.07,84,67,243,647,0.37,206,89,-1,19,349751,6.79,0.1,69,73.49,54.66,97,1585,49.90,1447,96,67.09,97,0.00,0.00,0.59,17,0.00,1.10,1.11,0.83,24,0.00,0.31,0.00,0.00,0.00,0.93,0.17,0.48,0.00,0.23,0.07,0.34,0.00,0.10,0.02,0.00,0.14,0.00,0.00,0,0,,5,0.17,13,3,0.14,26,2,0.09,10,2,5,24,30,0.00,99,0,27,1.25,75,32,48,1.48,61,0,0.00,99,0,0.00,0,0,0.00,0,0.79,44,10,0.46,26,5,0.23,50.00,0,0.00,0,0,0,0.00,0,14,0.00,75,0.65,5,N/A,N/A,N/A,N/A,0.00,0,0.00,0,0.52,0.00,0,91.29,60.00,97,22,0.72,0.97,21,29,64,0,0,0,0.10,0.14,3,42,196.94,0.72,0.97,21,1,0.00,0.05,11,0.03,0,0,0,0.00,0.00,0,0.00,0.00,0.00,0.00,0,0,0.00,33,68,81,30,75,5.32,89,0.18,0.25,0.52,16,0.02,0.02,24,12,0.41,0.56,0.79,0.59,33,17,0.02,15,66,28,64,0,39,8,0,0.00,99,4,0.00,0.19,4.82,3.59,104,44,10,11,2.04,1.52,42.31,9,0.42,70,0,18.75,0,0.00,99,6,0.21,0.28,62,74,57,44,0,0,0,0,0,40,30,49,43,0,78,75,26,91,6,21,86,6,N/A,N/A
Marko Divković,26,929084400,1999/06/11,Superliga,2025/2026,Defender,Brøndby,2245,1156,1089,Croatia,29,14,15,4,3,1,1,1,0,0,0,10,3,7,24,15,9,5,1,0.2,0.04,0.16,0.23,0.08,561,0.96,94,77,374,2245,0.24,99,152,15,5,414523,6.96,0.03,40,40.33,34.69,53,1006,28.52,827,54,33.15,55,0.00,0.00,1.14,33,0.00,3.55,1.64,1.41,41,0.00,0.34,0.00,0.00,0.00,0.69,0.38,0.86,9.25,1.48,0.69,0.86,0.00,0.59,0.19,0.00,0.31,0.00,0.00,0,0,,37,1.28,63,17,0.68,70,20,0.80,55,4,5,24,57,0.00,99,0,20,0.80,51,103,62,4.13,90,0,0.00,99,0,0.00,0,0,0.00,0,1.32,76,25,1.00,45,11,0.44,44.00,0,0.00,0,0,0,0.00,0,25,0.00,82,1.00,28,N/A,N/A,N/A,N/A,0.00,0,0.00,0,5.54,0.00,0,82.21,45.95,76,15,0.93,1.08,27,42,45,0,0,0,0.17,0.20,5,51,201.74,1.41,1.64,41,0,0.00,0.00,99,0.00,0,0,0,0.00,0.00,0,0.00,0.00,0.16,0.14,4,0,10.81,61,77,81,66,82,3.82,47,0.13,0.15,5.54,67,0.19,0.22,67,31,1.07,1.24,0.72,0.62,25,18,0.22,66,82,50,64,0,67,20,0,0.00,99,9,0.00,0.36,7.06,6.07,176,89,27,25,3.57,3.07,50.57,10,0.40,71,0,23.30,0,0.00,99,24,0.83,0.96,91,74,57,70,0,0,0,0,0,51,65,54,70,0,82,84,42,75,4,14,71,24,N/A,N/A
Markus Gustav Jensen,20,1121410800,2005/07/15,Superliga,2025/2026,Midfielder,OB,16,0,16,Denmark,1,0,1,0,0,0,0,0,0,0,0,0,0,0,1,0,1,0,0,0,0,0,0,0,0,5.63,16,16,0,0,0,-1,-1,-1,27,0,6.45,0,32,11.25,2.00,0,2,2.00,2,99,11.25,4,0.00,0.00,0.00,0,0.00,0.00,5.62,1.00,1,0.00,0.00,0.00,0.00,0.00,0.00,0.00,0.00,0.00,0.00,0.00,2.00,0.00,0.00,0.00,0.00,0.00,0.00,0.00,0,0,,0,0.00,8,0,0.00,12,0,0.00,9,0,1,0,99,0.00,99,0,0,0.00,6,0,27,0.00,11,0,0.00,99,0,0.00,0,0,0.00,0,0.00,7,2,11.25,99,0,0.00,0.00,0,0.00,0,0,0,0.00,0,0,0.00,0,0.00,0,N/A,N/A,N/A,N/A,0.00,0,0.00,0,0.00,0.00,0,100.00,0.00,12,99,0.00,0.00,0,11,11,0,0,0,0.00,0.00,0,22,6.45,1.00,5.62,1,0,0.00,0.00,99,0.00,0,0,0,0.00,0.00,0,0.00,0.00,5.62,1.00,1,0,0.00,33,0,0,30,0,0.00,0,0.00,0.00,0.00,9,0.00,0.00,1,0,0.00,0.00,0.00,0.00,6,0,0.00,8,48,92,64,0,99,2,0,0.00,99,0,0.00,0.00,28.12,5.00,5,1,79,99,5.62,1.00,20.00,0,0.00,99,0,0.00,0,0.00,99,0,0.00,0.00,27,0,31,11,0,0,0,0,0,15,30,49,43,0,12,3,16,16,0,0,18,11,0,0
Markus Solbakken,25,964508400,2000/07/25,Superliga,2025/2026,Midfielder,AGF,566,221,345,Norway,12,6,6,2,0,2,0,0,0,0,0,4,3,1,6,1,5,1,0,0.32,0,0.32,0,0.52,283,0.95,94,47,566,0,0.16,49,180,-1,10,349751,6.13,0,32,59.84,31.58,85,379,28.75,345,95,54.47,87,0.00,0.00,0.42,5,0.00,0.17,0.79,0.42,5,0.00,0.42,0.00,0.00,0.00,0.50,0.08,0.58,3.00,0.95,0.25,0.50,0.00,0.25,0.14,0.00,0.17,0.00,0.00,0,0,,6,0.50,47,3,0.47,58,3,0.47,40,6,6,6,20,0.00,99,0,6,0.95,58,2,98,0.32,30,0,0.00,99,0,0.00,0,0,0.00,0,0.79,44,6,0.95,43,1,0.16,16.67,0,0.00,0,0,0,0.00,0,7,0.00,83,1.11,37,N/A,N/A,N/A,N/A,0.00,0,0.00,0,1.74,0.00,0,91.03,50.00,88,88,0.08,0.16,1,23,13,0,0,0,0.08,0.16,1,45,73.56,0.83,1.58,10,0,0.00,0.00,99,0.00,0,0,0,0.00,0.00,0,0.00,0.00,0.00,0.00,0,0,33.33,99,14,13,48,82,0.86,43,0.07,0.14,1.74,74,0.14,0.27,61,7,0.58,1.11,1.42,0.75,72,9,0.27,71,35,49,64,0,39,17,0,0.00,99,2,0.00,0.32,6.16,3.25,39,15,11,18,2.37,1.25,38.46,5,0.79,51,0,50.00,0,0.00,99,1,0.08,0.16,47,19,61,88,0,0,0,0,0,65,82,96,43,0,78,83,59,59,1,8,49,7,N/A,N/A
Markus Walker Andersen,19,1164268800,2006/11/23,Superliga,2025/2026,Midfielder,Nordsjælland,237,131,106,Denmark,7,5,2,0,0,0,0,0,0,0,0,2,2,0,5,2,3,1,0,0,0,0,0,0,0,1.9,47,34,237,0,0.38,-1,-1,-1,29,46258,5.02,0,32,70.79,20.89,93,188,19.11,172,97,64.77,96,0.00,0.00,0.33,3,0.00,0.67,1.88,0.56,5,0.00,0.11,0.00,0.00,0.00,0.11,0.00,0.11,0.00,0.00,0.00,0.56,0.00,0.00,0.00,0.00,0.44,0.00,0.00,0,0,,0,0.00,8,0,0.00,12,0,0.00,9,1,4,3,71,0.00,99,0,1,0.38,24,6,27,2.26,73,0,0.00,99,0,0.00,0,0,0.00,0,1.13,64,5,1.88,70,0,0.00,0.00,0,0.00,0,0,0,0.00,0,1,0.00,19,0.38,1,N/A,N/A,N/A,N/A,0.00,0,0.00,0,0.00,0.00,0,91.49,0.00,12,37,0.22,0.75,2,11,11,0,0,0,0.11,0.38,1,70,45.20,1.00,3.39,9,0,0.00,0.00,99,0.00,0,0,0,0.00,0.00,0,0.00,0.00,0.00,0.00,0,0,0.00,33,0,4,30,19,0.50,68,0.06,0.19,0.00,9,0.00,0.00,35,2,0.22,0.75,0.75,0.22,29,2,0.00,8,17,81,64,0,39,73,0,0.00,99,4,0.00,1.51,8.66,2.56,23,11,42,42,4.14,1.22,47.83,1,0.38,72,0,0.00,0,0.00,99,0,0.00,0.00,27,2,51,27,0,0,0,0,0,15,30,49,43,0,18,64,25,92,1,14,71,28,N/A,N/A
Martin André Sjølstad,25,963126000,2000/07/09,Superliga,2025/2026,Midfielder,Randers,403,305,98,Norway,12,6,6,1,1,0,0,0,0,0,0,3,1,2,12,6,6,0,0,0.22,0,0.22,0.3,0,403,2.68,34,34,0,0,0,75,188,-1,13,0,5.48,0,32,31.41,10.85,33,141,8.46,110,34,24.50,32,0.00,0.00,0.54,7,0.00,1.77,1.56,0.54,7,0.00,0.46,0.00,0.00,0.00,0.15,0.54,1.08,0.00,1.34,0.23,1.08,0.00,0.23,0.04,0.00,0.62,0.00,0.00,0,0,,6,0.46,59,3,0.67,69,3,0.67,49,4,8,4,52,0.00,99,0,2,0.45,29,23,73,5.12,96,0,0.00,99,0,0.00,0,0,0.00,0,1.56,87,14,3.12,88,7,1.56,50.00,0,0.00,0,0,0,0.00,0,14,0.00,1,3.12,93,N/A,N/A,N/A,N/A,0.00,0,0.00,0,0.48,0.00,0,78.01,50.00,88,13,0.38,1.11,5,89,64,0,0,0,0.23,0.67,3,88,71.20,0.54,1.56,7,0,0.00,0.00,99,0.00,0,0,0,0.00,0.00,0,0.00,0.00,0.00,0.00,0,0,0.00,33,3,13,57,1,0.42,20,0.03,0.09,0.48,49,0.04,0.11,32,3,0.23,0.67,0.45,0.15,15,2,0.11,47,21,47,64,0,39,80,0,0.00,99,8,0.00,1.78,10.92,3.77,49,25,77,71,5.57,1.92,51.02,6,1.34,27,0,26.09,0,0.00,99,6,0.46,1.34,97,9,75,70,0,0,0,0,0,55,73,49,76,0,12,48,16,16,0,0,18,15,0,0
Martin Erlić,28,885628800,1998/01/24,Superliga,2025/2026,Defender,Midtjylland,1422,690,732,Croatia,18,9,9,2,1,1,0,0,0,0,0,1,1,0,17,9,8,5,1,0.13,0,0.13,0.13,0.12,711,1.08,84,79,237,0,0.38,110,179,25,9,711359,4.78,0,32,51.10,31.08,74,808,27.38,712,87,45.03,76,0.00,0.00,0.12,3,0.00,0.04,1.33,0.81,21,0.00,0.00,0.00,0.00,0.00,0.92,0.00,0.77,6.00,0.76,0.27,0.00,0.00,0.19,0.08,0.00,1.69,0.00,0.00,0,0,,12,0.46,41,5,0.32,49,7,0.44,37,3,2,16,42,0.00,99,0,24,1.52,85,1,27,0.06,13,0,0.00,99,0,0.00,0,0,0.00,0,0.19,12,0,0.00,9,0,0.00,0.00,0,0.00,0,0,0,0.00,0,20,0.00,73,1.26,52,N/A,N/A,N/A,N/A,0.00,0,0.00,0,2.13,0.00,0,88.12,41.67,67,87,0.12,0.19,3,11,11,0,0,0,0.46,0.76,12,91,124.38,3.54,5.82,92,0,0.00,0.00,99,0.00,0,0,0,0.00,0.00,0,0.00,0.00,0.06,0.04,1,0,16.67,82,52,31,74,75,1.51,22,0.06,0.10,2.13,52,0.08,0.13,45,14,0.54,0.89,1.45,0.88,73,23,0.13,52,14,93,64,0,47,93,0,0.00,99,44,0.00,2.78,8.35,5.08,132,78,62,38,4.93,3.00,59.09,0,0.00,99,0,0.00,0,0.00,99,0,0.00,0.00,27,53,38,61,0,0,0,0,0,36,59,59,58,0,92,8,25,92,4,22,88,6,N/A,N/A
Martin Hansen,35,645433200,1990/06/15,Superliga,2025/2026,Goalkeeper,OB,270,90,180,Denmark,3,1,2,0,0,0,0,0,0,0,0,0,0,0,8,1,7,0,0,0,0,0,0,0,0,2.67,34,90,0,0,0,-1,-1,-1,20,231191,3.25,0,32,32.00,16.00,33,96,12.17,73,23,24.33,31,0.00,0.00,0.00,0,0.00,0.00,0.33,0.17,1,0.00,0.00,0.00,0.00,1.17,0.00,0.00,2.50,0.00,0.00,0.00,0.00,0.00,0.00,0.00,0.00,0.33,0.00,0.00,0,0,,0,0.00,8,0,0.00,12,0,0.00,9,0,0,3,9,0.00,99,0,0,0.00,6,0,27,0.00,11,0,0.00,99,0,0.00,0,0,0.00,0,0.00,7,0,0.00,9,0,0.00,0.00,0,0.00,0,7,16,2.33,21,15,0.00,1,5.00,98,N/A,N/A,N/A,N/A,46.67,0,0.00,0,0.00,0.00,0,76.04,0.00,12,41,0.33,0.67,2,11,11,0,0,5,0.00,0.00,0,22,19.51,1.00,2.00,6,0,0.00,0.00,99,0.00,0,0,0,0.00,0.00,2,0.33,0.67,0.00,0.00,0,0,0.00,33,0,0,30,1,0.13,4,0.02,0.04,0.00,9,0.00,0.00,13,1,0.17,0.33,0.00,0.00,6,0,0.00,8,3,59,64,74,39,41,0,0.00,99,2,0.00,0.67,2.33,1.17,7,5,7,7,1.67,0.83,71.43,0,0.00,99,0,0.00,0,0.00,99,0,0.00,0.00,27,2,21,11,0,0,0,0,0,15,30,49,43,0,67,3,16,16,0,0,18,1,N/A,N/A
Martin Huldahl,21,1095663600,2004/09/20,Superliga,2025/2026,Forward,Fredericia,108,25,83,Denmark,8,3,5,0,0,0,0,0,0,0,0,1,1,0,5,1,4,0,0,0,0,0,0,0,0,4.17,22,14,0,0,0,-1,-1,-1,21,45657,5.65,0,32,13.33,2.00,2,16,1.12,9,0,7.50,0,0.00,0.00,0.00,0,0.00,0.00,2.50,0.38,3,0.00,0.25,0.00,0.00,0.00,0.00,0.00,0.62,0.00,0.83,0.12,0.12,0.00,0.00,0.01,0.00,0.62,0.00,0.00,0,0,,1,0.12,44,0,0.00,12,1,0.83,56,0,8,0,84,0.00,99,0,0,0.00,6,0,27,0.00,11,0,0.00,99,0,0.00,0,0,0.00,0,0.00,7,1,0.83,40,0,0.00,0.00,0,0.00,0,0,0,0.00,0,5,0.00,0,4.17,95,N/A,N/A,N/A,N/A,0.00,0,0.00,0,0.06,0.00,0,56.25,0.00,12,2,0.25,1.67,2,11,11,0,0,0,0.00,0.00,0,22,45.17,0.12,0.83,1,0,0.00,0.00,99,0.00,0,0,0,0.00,0.00,0,0.00,0.00,0.00,0.00,0,0,0.00,33,0,5,30,0,0.02,0,0.00,0.02,0.06,26,0.01,0.05,84,2,0.25,1.67,0.83,0.12,35,1,0.05,26,24,20,64,0,39,99,0,0.00,99,5,0.00,4.17,20.83,3.12,25,10,99,99,8.33,1.25,40.00,2,1.67,16,0,0.00,0,0.00,99,0,0.00,0.00,27,0,75,11,0,0,0,0,0,15,30,49,43,0,18,27,16,16,0,0,18,22,N/A,N/A
Masaki Murata,26,935910000,1999/08/29,Superliga,2025/2026,Midfielder,Vejle,37,37,0,Japan,2,2,0,0,0,0,0,0,0,0,0,1,1,0,0,0,0,0,0,0,0,0,0,0,0,0,0,19,0,0,0,-1,-1,-1,23,0,6.35,0,32,38.14,8.33,49,25,6.33,19,23,28.98,45,0.00,0.00,0.00,0,0.00,0.00,1.53,0.33,1,0.00,0.67,0.00,0.00,0.00,1.00,0.00,0.00,0.00,0.00,0.00,0.33,0.00,0.00,0.00,0.00,0.33,0.00,0.00,0,0,,0,0.00,8,0,0.00,12,0,0.00,9,0,2,0,50,0.00,99,0,3,4.58,99,0,27,0.00,11,0,0.00,99,0,0.00,0,0,0.00,0,0.00,7,1,1.53,61,0,0.00,0.00,0,0.00,0,0,0,0.00,0,0,0.00,99,0.00,0,N/A,N/A,N/A,N/A,0.00,0,0.00,0,0.00,0.00,0,76.00,0.00,12,99,0.00,0.00,0,11,11,0,0,0,0.00,0.00,0,22,19.06,0.33,1.53,1,0,0.00,0.00,99,0.00,0,0,0,0.00,0.00,0,0.00,0.00,0.00,0.00,0,0,0.00,33,0,0,30,0,0.03,7,0.01,0.05,0.00,9,0.00,0.00,1,0,0.00,0.00,3.05,0.67,99,2,0.00,8,43,46,64,0,39,73,0,0.00,99,1,0.00,1.53,13.73,3.00,9,2,16,93,3.05,0.67,22.22,2,3.05,0,0,0.00,0,0.00,99,0,0.00,0.00,27,0,38,11,0,0,0,0,0,15,30,49,43,0,12,99,16,16,0,0,18,71,0,0
Matej Tuka,19,1179471600,2007/05/18,Superliga,2025/2026,Midfielder,Nordsjælland,0,0,0,Sweden,0,0,0,0,0,0,0,0,0,0,0,0,0,0,0,0,0,0,0,0,0,0,0,0,0,0,0,0,0,0,0,-1,-1,-1,-1,N/A,N/A,N/A,N/A,N/A,N/A,N/A,N/A,N/A,N/A,N/A,N/A,N/A,N/A,N/A,N/A,N/A,N/A,N/A,N/A,N/A,N/A,N/A,N/A,N/A,N/A,N/A,N/A,N/A,N/A,N/A,N/A,N/A,N/A,N/A,N/A,N/A,N/A,N/A,N/A,N/A,N/A,N/A,N/A,N/A,N/A,N/A,N/A,N/A,N/A,N/A,N/A,N/A,N/A,N/A,N/A,N/A,N/A,N/A,N/A,N/A,N/A,N/A,N/A,N/A,N/A,N/A,N/A,N/A,N/A,N/A,N/A,N/A,N/A,N/A,N/A,N/A,N/A,N/A,N/A,N/A,N/A,N/A,N/A,N/A,N/A,N/A,N/A,N/A,N/A,N/A,N/A,N/A,N/A,N/A,N/A,N/A,N/A,N/A,N/A,N/A,N/A,N/A,N/A,N/A,N/A,N/A,N/A,N/A,N/A,N/A,N/A,N/A,N/A,N/A,N/A,N/A,N/A,N/A,N/A,N/A,N/A,N/A,N/A,N/A,N/A,N/A,N/A,N/A,N/A,N/A,N/A,N/A,N/A,N/A,N/A,N/A,N/A,N/A,N/A,N/A,N/A,N/A,N/A,N/A,N/A,N/A,N/A,N/A,N/A,N/A,N/A,N/A,N/A,N/A,N/A,N/A,N/A,N/A,N/A,N/A,N/A,N/A,N/A,N/A,N/A,N/A,N/A,N/A,N/A,N/A,N/A,N/A,N/A,N/A,N/A,N/A,N/A,N/A,N/A,N/A,N/A,N/A,N/A,N/A,N/A,N/A,N/A,N/A,N/A,N/A,N/A,N/A,N/A,N/A,N/A,N/A,N/A,N/A,N/A,N/A,N/A,N/A,N/A,N/A,N/A,N/A,N/A,N/A,N/A,N/A,N/A,N/A,N/A,N/A,N/A,N/A,N/A,N/A,N/A,N/A,N/A,N/A,N/A
Mathias Greve,31,792489600,1995/02/11,Superliga,2025/2026,Forward,Randers,2493,1198,1295,Denmark,29,14,15,2,0,2,5,3,2,0,0,9,5,4,38,19,19,2,0,0.25,0.18,0.07,0,0.14,1247,1.37,66,86,1247,499,0.07,144,65,-1,7,231191,7.08,0.17,79,42.74,40.83,59,1184,33.00,957,47,34.55,58,0.00,0.00,2.17,63,0.00,4.66,1.77,1.69,49,0.00,1.52,0.00,0.00,0.00,0.45,0.83,1.17,15.50,1.12,0.72,1.69,0.00,0.34,0.12,0.00,0.69,0.00,0.00,0,0,,31,1.07,51,10,0.36,51,21,0.76,52,2,0,29,64,0.00,99,0,13,0.47,31,135,75,4.87,95,0,0.00,99,0,0.00,0,0,0.00,0,2.27,98,49,1.77,68,24,0.87,48.98,0,0.00,0,0,0,0.00,0,34,0.00,51,1.23,48,N/A,N/A,N/A,N/A,0.00,0,0.00,0,3.37,0.00,0,80.83,32.26,39,44,0.62,0.65,18,69,54,1,0,0,0.17,0.18,5,48,205.36,0.93,0.97,27,0,0.00,0.00,99,0.00,0,1,1,0.03,0.04,0,0.00,0.00,0.11,0.10,3,0,6.45,38,86,81,87,53,6.85,89,0.24,0.25,2.67,45,0.09,0.10,59,30,1.03,1.08,0.83,0.79,35,23,0.12,49,91,28,73,0,59,43,0,0.00,99,20,0.00,0.72,9.06,8.66,251,122,47,49,4.40,4.21,48.61,44,1.59,18,0,26.67,0,0.00,99,36,1.24,1.30,96,89,21,44,0,0,0,0,0,58,45,63,43,0,67,75,88,29,2,7,42,17,N/A,N/A
Mathias Jensen,21,1113462000,2005/04/14,Superliga,2025/2026,Midfielder,Brøndby,650,252,398,Denmark,15,6,9,0,0,0,0,0,0,0,0,8,4,4,8,2,6,3,0,0,0,0,0,0,0,1.11,81,43,217,0,0.42,239,237,-1,30,55269,3.52,0,32,44.45,11.96,63,323,9.89,267,57,36.74,64,0.00,0.00,0.44,12,0.00,1.19,2.89,0.78,21,0.00,0.33,0.00,0.00,0.00,0.63,0.11,0.33,0.00,1.93,0.41,0.15,0.00,0.11,0.04,0.00,0.15,0.00,0.00,0,0,,14,0.52,75,3,0.41,55,11,1.51,87,1,7,8,92,0.00,99,0,17,2.34,99,32,93,4.40,93,0,0.00,99,0,0.00,0,0,0.00,0,1.65,89,4,0.55,28,3,0.41,75.00,0,0.00,0,0,0,0.00,0,9,0.00,71,1.24,49,N/A,N/A,N/A,N/A,0.00,0,0.00,0,0.97,0.00,0,82.66,21.43,22,33,0.22,0.83,6,40,94,0,0,0,0.00,0.00,0,22,95.00,0.48,1.79,13,0,0.00,0.00,99,0.00,0,0,0,0.00,0.00,0,0.00,0.00,0.00,0.00,0,0,0.00,33,18,22,30,71,0.95,38,0.04,0.13,0.97,52,0.04,0.13,60,8,0.30,1.10,2.75,0.74,99,20,0.13,52,4,55,64,0,39,34,0,0.00,99,4,0.00,0.55,10.87,2.93,79,37,66,70,5.09,1.37,46.84,9,1.24,30,0,40.62,0,0.00,99,13,0.48,1.79,99,24,69,27,0,0,0,0,0,15,30,49,43,0,20,99,22,95,3,20,85,42,N/A,N/A
Mathias Jørgensen,36,640854000,1990/04/23,Superliga,2025/2026,Defender,København,989,539,450,Denmark,11,6,5,0,0,0,1,1,0,0,0,4,3,1,11,4,7,2,0,0.09,0.09,0,0,0,0,1,90,90,495,989,0.18,190,120,18,31,0,6.92,0.09,55,69.71,69.64,92,766,62.09,683,90,62.15,93,0.00,0.00,0.36,4,0.00,0.09,1.37,1.36,15,0.00,0.09,0.00,0.00,0.00,1.00,0.09,1.09,0.00,0.91,0.91,0.09,0.00,0.00,0.04,0.00,2.09,0.00,0.00,0,0,,10,0.91,47,0,0.00,12,10,0.91,63,1,0,11,43,0.00,99,0,11,1.00,60,1,27,0.09,16,0,0.00,99,0,0.00,0,0,0.00,0,0.36,23,1,0.09,12,1,0.09,100.00,0,0.00,0,0,0,0.00,0,12,0.00,80,1.09,36,N/A,N/A,N/A,N/A,0.00,0,0.00,0,0.45,0.00,0,89.16,0.00,12,45,0.64,0.64,7,18,99,0,0,0,0.09,0.09,1,31,76.07,4.82,4.82,53,0,0.00,0.00,99,0.00,0,0,0,0.00,0.00,0,0.00,0.00,0.00,0.00,0,0,0.00,33,32,11,30,80,2.16,73,0.20,0.20,0.45,24,0.04,0.04,19,5,0.45,0.46,0.64,0.64,20,7,0.04,24,80,90,64,0,39,86,0,0.00,99,23,0.00,2.09,6.10,6.09,67,44,40,17,4.00,4.00,65.67,1,0.09,88,0,0.00,0,0.00,99,0,0.00,0.00,27,33,21,27,0,0,0,0,0,27,30,49,43,0,12,93,55,63,2,18,80,25,0,0
Mats Köhlert,28,894092400,1998/05/02,Superliga,2025/2026,Defender,Brøndby,1583,748,835,Germany,21,10,11,0,0,0,2,1,1,0,0,8,3,5,18,11,7,3,0,0.11,0.11,0,0,0,0,1.02,88,75,528,792,0.17,231,106,20,21,294371,6.66,0.1,59,52.53,42.00,76,924,37.45,824,91,46.85,79,0.00,0.00,1.50,33,0.00,4.27,2.33,1.86,41,0.00,0.32,0.00,0.00,0.00,0.86,0.41,0.86,0.00,0.57,0.32,1.09,0.00,0.14,0.04,0.00,0.45,0.00,0.00,0,0,,10,0.45,31,3,0.17,31,7,0.40,33,5,1,20,81,0.00,99,0,19,1.08,65,94,63,5.34,97,0,0.00,99,0,0.00,0,0,0.00,0,1.88,93,24,1.36,56,9,0.51,37.50,0,0.00,0,0,0,0.00,0,19,0.00,78,1.08,35,N/A,N/A,N/A,N/A,0.00,0,0.00,0,0.77,0.00,0,89.18,30.00,36,47,0.50,0.63,11,49,35,0,0,0,0.09,0.11,2,34,146.55,1.36,1.71,30,0,0.00,0.00,99,0.00,0,0,1,0.05,0.06,0,0.00,0.00,0.11,0.09,2,0,0.00,33,58,42,30,77,3.87,80,0.18,0.22,0.77,24,0.04,0.04,59,19,0.86,1.08,0.91,0.73,41,16,0.04,24,58,52,79,0,59,36,0,0.00,99,10,0.00,0.57,7.85,6.27,138,79,51,33,4.49,3.59,57.25,7,0.40,71,0,23.40,0,0.00,99,22,1.00,1.25,96,64,31,80,0,0,0,0,0,33,30,49,43,0,72,95,57,60,3,14,71,27,N/A,N/A
Matthew Hoppe,25,984470400,2001/03/13,Superliga,2025/2026,Forward,SønderjyskE,1916,968,948,USA,29,15,14,6,4,2,0,0,0,0,0,7,4,3,32,11,21,7,0,0.28,0,0.28,0.37,0.19,319,1.5,60,66,274,0,0.33,61,253,-1,2,112631,6.35,0,32,19.93,13.65,11,423,10.23,317,20,14.94,13,0.00,0.00,0.68,21,0.00,0.48,0.75,0.52,16,0.00,0.52,0.00,0.00,0.00,0.16,0.42,0.87,7.50,2.12,0.87,1.10,0.00,0.58,0.23,0.00,0.52,0.00,0.00,0,0,,45,1.45,78,18,0.85,77,27,1.27,80,7,6,23,18,0.00,99,0,5,0.24,15,15,37,0.71,44,0,0.00,99,0,0.00,0,0,0.00,0,0.99,55,34,1.60,62,13,0.61,38.24,0,0.00,0,0,0,0.00,0,27,0.00,43,1.27,54,N/A,N/A,N/A,N/A,0.00,0,0.00,0,7.13,0.00,0,74.94,40.00,64,42,0.45,0.66,14,59,36,0,0,0,0.16,0.24,5,55,196.88,0.52,0.75,16,0,0.00,0.00,99,0.00,0,0,1,0.03,0.05,0,0.00,0.00,0.33,0.23,7,0,13.33,71,67,81,52,43,1.64,17,0.05,0.08,7.13,80,0.23,0.34,54,22,0.71,1.04,1.46,1.00,75,31,0.34,77,43,17,77,0,83,44,0,0.00,99,16,0.00,0.75,8.15,5.58,173,67,19,35,3.16,2.16,38.73,16,0.75,53,0,13.33,0,0.00,99,2,0.06,0.09,38,71,61,95,0,0,0,0,0,64,78,70,85,0,32,45,31,86,7,24,92,14,N/A,N/A
Matti Olsen,30,802508400,1995/06/07,Superliga,2025/2026,Defender,SønderjyskE,9,0,9,Denmark,1,0,1,0,0,0,0,0,0,0,0,0,0,0,0,0,0,0,0,0,0,0,0,0,0,0,0,9,0,0,0,-1,-1,-1,25,0,3.26,0,32,40.00,2.00,52,4,2.00,4,99,40.00,69,0.00,0.00,0.00,0,0.00,0.00,0.00,0.00,0,0.00,0.00,0.00,0.00,0.00,0.00,0.00,0.00,0.00,10.00,0.50,0.00,0.00,0.00,0.02,0.00,0.00,0.00,0.00,0,0,,1,0.50,99,0,0.00,12,1,10.00,99,0,1,0,4,0.00,99,0,0,0.00,6,0,27,0.00,11,0,0.00,99,0,0.00,0,0,0.00,0,0.00,7,0,0.00,9,0,0.00,0.00,0,0.00,0,0,0,0.00,0,0,0.00,99,0.00,0,N/A,N/A,N/A,N/A,0.00,0,0.00,0,0.04,0.00,0,100.00,0.00,12,99,0.00,0.00,0,11,11,0,0,0,0.00,0.00,0,22,6.52,0.00,0.00,0,0,0.00,0.00,99,0.00,0,0,0,0.00,0.00,0,0.00,0.00,0.00,0.00,0,0,0.00,33,0,0,30,0,0.01,22,0.01,0.10,0.04,87,0.02,0.40,1,0,0.00,0.00,0.00,0.00,6,0,0.40,84,3,1,64,0,39,2,0,0.00,99,0,0.00,0.00,0.00,0.00,0,0,0,0,0.00,0.00,0.00,0,0.00,99,0,0.00,0,0.00,99,0,0.00,0.00,27,0,31,11,0,0,0,0,0,15,30,49,43,0,12,3,16,16,0,0,18,2,0,0
Mattias Lamhauge,26,933577200,1999/08/02,Superliga,2025/2026,Goalkeeper,Fredericia,1350,720,630,Faroe Islands,15,8,7,0,0,0,0,0,0,0,0,1,1,0,35,16,19,0,0,0,0,0,0,0,0,2.33,39,90,0,0,0,208,203,86,27,119550,6.40,0,32,30.07,28.19,30,451,17.75,284,2,18.93,21,0.00,0.00,0.00,0,0.00,0.00,0.07,0.06,1,0.00,0.00,0.00,0.00,3.94,0.00,0.00,6.25,0.00,0.00,0.00,0.00,0.00,0.00,0.00,0.00,0.25,0.00,0.00,0,0,,0,0.00,8,0,0.00,12,0,0.00,9,0,0,15,7,0.00,99,0,0,0.00,6,0,27,0.00,11,0,0.00,99,0,0.00,0,0,0.00,0,0.00,7,0,0.00,9,0,0.00,0.00,0,0.00,0,63,47,4.20,95,100,0.00,4,6.67,99,N/A,N/A,N/A,N/A,63.00,0,0.00,0,0.00,0.00,0,62.97,0.00,12,99,0.00,0.00,0,11,11,0,0,35,0.00,0.00,0,22,102.36,1.81,1.93,29,1,0.00,0.07,9,0.06,0,0,0,0.00,0.00,10,0.62,0.67,0.00,0.00,0,0,0.00,33,50,22,30,4,0.60,4,0.04,0.04,0.00,9,0.00,0.00,5,2,0.12,0.13,0.07,0.06,8,1,0.00,8,45,58,64,74,39,14,0,0.00,99,4,0.00,0.27,0.53,0.50,8,6,1,2,0.40,0.38,75.00,0,0.00,99,0,0.00,0,0.00,99,0,0.00,0.00,27,49,21,11,0,0,0,0,0,15,30,49,43,0,37,11,16,16,0,0,18,1,N/A,N/A
Max Albæk Andersen,20,1140336000,2006/02/19,Superliga,2025/2026,Midfielder,Randers,41,18,23,Denmark,4,2,2,0,0,0,0,0,0,0,0,1,0,1,0,0,0,0,0,0,0,0,0,0,0,0,0,10,0,0,0,-1,-1,-1,23,44456,1.42,0,32,65.85,2.14,91,30,1.93,27,93,59.27,91,0.00,0.00,0.07,1,0.00,0.00,6.59,0.21,3,0.00,0.07,0.00,0.00,0.00,0.07,0.00,0.07,0.00,2.20,0.00,0.00,0.00,0.07,0.01,0.00,0.00,0.00,0.00,0,0,,1,0.07,80,1,2.20,99,0,0.00,9,0,4,0,99,0.00,99,0,1,2.20,99,0,27,0.00,11,0,0.00,99,0,0.00,0,0,0.00,0,2.20,97,0,0.00,9,0,0.00,0.00,0,0.00,0,0,0,0.00,0,1,0.00,99,2.20,89,N/A,N/A,N/A,N/A,0.00,0,0.00,0,0.14,0.00,0,90.00,100.00,99,0,0.07,2.20,1,11,11,0,0,0,0.07,2.20,1,99,19.86,0.00,0.00,0,0,0.00,0.00,99,0.00,0,0,0,0.00,0.00,0,0.00,0.00,0.00,0.00,0,0,0.00,33,0,0,30,0,0.11,84,0.01,0.24,0.14,78,0.01,0.31,95,1,0.07,2.20,0.00,0.00,6,0,0.31,75,1,1,64,0,39,2,0,0.00,99,0,0.00,0.00,13.17,0.43,6,4,99,89,8.78,0.29,66.67,1,2.20,4,0,0.00,0,0.00,99,0,0.00,0.00,27,0,51,11,0,0,0,0,0,15,30,49,43,0,18,48,16,16,0,0,18,38,N/A,N/A
Max Ejdum,21,1097823600,2004/10/15,Superliga,2025/2026,Defender,OB,2060,1006,1054,Denmark,26,13,13,1,1,0,5,2,3,0,0,3,2,1,38,17,21,2,0,0.26,0.22,0.04,0.09,0,2060,1.66,54,79,1030,412,0.09,174,38,61,9,112631,6.76,0.19,87,45.81,40.31,65,1048,34.35,893,73,39.03,67,0.00,0.00,1.04,27,0.00,0.50,1.79,1.58,41,0.00,0.77,0.00,0.00,0.00,0.92,0.42,1.04,27.00,1.18,0.81,0.73,0.00,0.23,0.10,0.00,0.96,0.00,0.00,0,0,,27,1.04,52,6,0.26,43,21,0.92,63,7,2,24,65,0.00,99,0,24,1.05,63,13,92,0.57,41,0,0.00,99,0,0.00,0,0,0.00,0,1.18,68,19,0.83,40,11,0.48,57.89,0,0.00,0,0,0,0.00,0,27,0.00,30,1.18,44,N/A,N/A,N/A,N/A,0.00,0,0.00,0,2.48,0.00,0,85.21,22.22,24,31,0.77,0.87,20,46,76,0,0,0,0.31,0.35,8,65,175.79,1.88,2.14,49,0,0.00,0.00,99,0.00,0,0,3,0.12,0.13,0,0.00,0.00,0.09,0.08,2,0,3.70,33,72,62,95,31,5.88,90,0.23,0.26,2.48,49,0.10,0.11,83,37,1.42,1.62,0.87,0.77,38,20,0.11,47,63,65,92,0,53,62,0,0.00,99,25,0.00,1.09,8.79,7.73,201,111,59,45,4.85,4.27,55.22,20,0.87,47,0,38.46,0,0.00,99,5,0.19,0.22,55,74,38,95,0,0,0,0,0,60,36,49,52,0,32,20,84,36,2,8,49,18,N/A,N/A
Max Jensen,18,1206601200,2008/03/27,Superliga,2025/2026,Midfielder,Vejle,248,99,149,Denmark,10,5,5,0,0,0,0,0,0,0,0,1,1,0,8,3,5,0,0,0,0,0,0,0,0,2.9,31,25,0,0,0,-1,-1,-1,14,0,2.43,0,32,24.77,3.15,21,41,2.23,29,11,17.52,18,0.00,0.00,0.08,1,0.00,0.15,1.81,0.23,3,0.00,0.23,0.00,0.00,0.00,0.15,0.15,0.62,0.00,0.00,0.00,0.31,0.00,0.00,0.00,0.00,0.00,0.00,0.00,0,0,,0,0.00,8,0,0.00,12,0,0.00,9,4,8,2,67,0.00,99,0,2,1.21,73,2,27,1.21,56,0,0.00,99,0,0.00,0,0,0.00,0,0.60,33,4,2.42,78,2,1.21,50.00,0,0.00,0,0,0,0.00,0,8,0.00,0,4.83,98,N/A,N/A,N/A,N/A,0.00,0,0.00,0,0.00,0.00,0,70.73,0.00,12,0,0.31,2.42,4,82,64,0,0,0,0.00,0.00,0,22,31.60,0.15,1.21,2,1,0.00,0.60,0,0.08,0,0,0,0.00,0.00,0,0.00,0.00,0.00,0.00,0,0,0.00,33,0,7,30,0,0.09,7,0.01,0.05,0.00,9,0.00,0.00,1,0,0.00,0.00,2.42,0.31,97,4,0.00,8,2,38,64,0,39,2,0,0.00,99,0,0.00,0.00,10.27,1.31,17,5,16,62,3.02,0.38,29.41,3,1.81,11,0,0.00,0,0.00,99,0,0.00,0.00,27,2,75,70,0,0,0,0,0,15,30,49,43,0,12,18,16,16,0,0,18,36,0,0
Maxime Henry Armand Soulas,27,924505200,1999/04/19,Superliga,2025/2026,Defender,SønderjyskE,2639,1306,1333,France,31,15,16,4,1,3,0,0,0,0,0,9,4,5,40,16,24,4,0,0.14,0,0.14,0.07,0.2,660,1.36,66,85,660,0,0.14,103,257,41,7,114144,7.04,0,32,50.10,47.39,71,1469,41.39,1283,84,43.76,74,0.00,0.00,0.29,9,0.00,0.06,1.60,1.52,47,0.00,0.06,0.00,0.00,0.00,1.16,0.06,1.10,7.67,0.78,0.52,0.13,0.00,0.23,0.11,0.00,2.39,0.00,0.00,0,0,,23,0.74,42,7,0.24,41,16,0.55,44,3,2,29,55,0.00,99,0,36,1.23,74,2,98,0.07,15,0,0.00,99,0,0.00,0,0,0.00,0,0.31,22,4,0.14,14,2,0.07,50.00,0,0.00,0,0,0,0.00,0,34,0.00,52,1.16,42,N/A,N/A,N/A,N/A,0.00,0,0.00,0,3.38,0.00,0,87.34,30.43,36,76,0.32,0.34,10,16,64,0,0,0,0.90,0.95,28,97,218.32,6.68,7.06,207,0,0.00,0.00,99,0.00,0,0,1,0.03,0.03,0,0.00,0.00,0.03,0.03,1,0,13.04,69,94,93,71,53,3.49,33,0.11,0.12,3.38,50,0.11,0.12,2,1,0.03,0.03,0.61,0.58,19,18,0.12,49,89,98,68,0,41,91,0,0.00,99,74,0.00,2.52,6.68,6.32,196,124,44,22,4.23,4.00,63.27,2,0.07,90,0,50.00,0,0.00,99,1,0.03,0.03,29,89,38,61,0,0,0,0,0,40,61,70,48,0,33,64,65,53,4,13,66,12,N/A,N/A
Mayckel Lahdo,23,1041408000,2003/01/01,Superliga,2025/2026,Forward,Brøndby,282,174,108,Sweden,9,5,4,1,0,1,2,1,1,0,0,3,2,1,2,1,1,1,0,0.96,0.64,0.32,0,0.83,282,0.64,141,31,282,141,0.32,46,2,-1,10,0,5.10,0.22,99,26.49,6.92,24,83,5.92,71,76,22.66,28,0.00,0.00,0.50,6,0.00,1.25,1.28,0.33,4,0.00,0.58,0.00,0.00,0.00,0.17,0.42,0.17,8.00,2.55,0.50,1.17,0.00,0.17,0.10,0.00,0.17,0.00,0.00,0,0,,8,0.67,86,2,0.64,68,6,1.91,95,1,8,1,40,0.00,99,0,2,0.64,39,15,37,4.79,94,0,0.00,99,0,0.00,0,0,0.00,0,1.91,93,14,4.47,95,5,1.60,35.71,0,0.00,0,0,0,0.00,0,2,0.00,99,0.64,5,N/A,N/A,N/A,N/A,0.00,0,0.00,0,1.15,0.00,0,85.54,25.00,29,77,0.08,0.32,1,90,33,0,0,0,0.00,0.00,0,22,61.17,0.25,0.96,3,0,0.00,0.00,99,0.00,0,0,0,0.00,0.00,0,0.00,0.00,0.32,0.08,1,0,12.50,68,0,6,48,99,1.56,99,0.13,0.50,1.15,84,0.10,0.37,71,4,0.33,1.28,1.60,0.42,78,5,0.37,81,17,26,64,0,83,40,0,0.00,99,2,0.00,0.64,13.09,3.42,41,15,58,89,4.79,1.25,36.59,7,2.23,4,0,13.33,0,0.00,99,2,0.17,0.64,82,0,75,27,0,0,0,0,0,99,82,99,43,0,12,83,31,85,1,11,60,23,0,0
Mees Hoedemakers,28,887788800,1998/02/18,Superliga,2025/2026,Midfielder,Viborg,517,221,296,Netherlands,19,11,8,1,1,0,0,0,0,0,0,4,2,2,7,3,4,3,0,0.17,0,0.17,0.41,0,517,1.22,74,27,172,0,0.52,92,191,-1,15,300379,5.53,0,32,54.66,13.65,79,314,11.57,266,68,46.31,78,0.00,0.00,0.09,2,0.00,0.48,3.13,0.78,18,0.00,0.17,0.00,0.00,0.00,0.43,0.13,0.35,11.00,1.91,0.39,0.26,0.00,0.09,0.05,0.00,0.43,0.00,0.00,0,0,,11,0.48,73,2,0.35,50,9,1.57,90,1,15,4,96,0.00,99,0,10,1.74,94,11,30,1.91,69,0,0.00,99,0,0.00,0,0,0.00,0,0.35,23,6,1.04,46,3,0.52,50.00,0,0.00,0,0,0,0.00,0,8,0.00,65,1.39,60,N/A,N/A,N/A,N/A,0.00,0,0.00,0,1.25,0.00,0,84.71,18.18,18,31,0.22,0.87,5,50,64,0,0,0,0.17,0.70,4,89,127.15,0.61,2.44,14,0,0.00,0.00,99,0.00,0,0,0,0.00,0.00,0,0.00,0.00,0.00,0.00,0,0,9.09,50,11,33,65,65,0.66,29,0.03,0.11,1.25,67,0.05,0.22,14,2,0.09,0.35,1.74,0.43,84,10,0.22,66,22,70,64,0,39,78,0,0.00,99,10,0.00,1.74,11.14,2.78,64,33,80,73,5.74,1.43,51.56,4,0.70,55,0,9.09,0,0.00,99,1,0.04,0.17,49,9,95,27,0,0,0,0,0,45,66,49,89,0,73,39,18,98,3,16,74,4,N/A,N/A
Melker Jonsson,23,1026284400,2002/07/10,Superliga,2025/2026,Defender,Silkeborg,104,14,90,Sweden,2,1,1,0,0,0,0,0,0,0,0,0,0,0,7,0,7,0,0,0,0,0,0,0,0,6.06,15,52,0,0,0,-1,-1,-1,13,0,0.86,0,32,62.31,5.14,87,72,4.93,69,99,59.71,91,0.00,0.00,0.00,0,0.00,0.00,1.73,0.14,2,0.00,0.07,0.00,0.00,0.00,0.00,0.00,0.50,0.00,0.00,0.00,0.00,0.00,0.00,0.00,0.00,0.00,0.00,0.00,0,0,,0,0.00,8,0,0.00,12,0,0.00,9,0,1,1,61,0.00,99,0,0,0.00,6,0,27,0.00,11,0,0.00,99,0,0.00,0,0,0.00,0,0.00,7,0,0.00,9,0,0.00,0.00,0,0.00,0,0,0,0.00,0,7,0.00,0,6.06,99,N/A,N/A,N/A,N/A,0.00,0,0.00,0,0.00,0.00,0,95.83,0.00,12,31,0.07,0.87,1,11,11,0,0,0,0.07,0.87,1,93,12.02,0.21,2.60,3,0,0.00,0.00,99,0.00,0,0,0,0.00,0.00,0,0.00,0.00,0.00,0.00,0,0,0.00,33,0,0,30,0,0.17,47,0.01,0.15,0.00,9,0.00,0.00,1,0,0.00,0.00,0.00,0.00,6,0,0.00,8,0,72,64,0,39,2,0,0.00,99,0,0.00,0.00,3.46,0.29,4,2,8,8,1.73,0.14,50.00,1,0.87,47,0,0.00,0,0.00,99,0,0.00,0.00,27,0,31,11,0,0,0,0,0,15,30,49,43,0,12,3,16,16,0,0,18,15,0,0
Mert Demirci Nijmeijer,22,1066892400,2003/10/23,Superliga,2025/2026,Goalkeeper,Randers,0,0,0,Spain,0,0,0,0,0,0,0,0,0,0,0,0,0,0,0,0,0,0,0,0,0,0,0,0,0,0,0,0,0,0,0,-1,-1,-1,-1,N/A,N/A,N/A,N/A,N/A,N/A,N/A,N/A,N/A,N/A,N/A,N/A,N/A,N/A,N/A,N/A,N/A,N/A,N/A,N/A,N/A,N/A,N/A,N/A,N/A,N/A,N/A,N/A,N/A,N/A,N/A,N/A,N/A,N/A,N/A,N/A,N/A,N/A,N/A,N/A,N/A,N/A,N/A,N/A,N/A,N/A,N/A,N/A,N/A,N/A,N/A,N/A,N/A,N/A,N/A,N/A,N/A,N/A,N/A,N/A,N/A,N/A,N/A,N/A,N/A,N/A,N/A,N/A,N/A,N/A,N/A,N/A,N/A,N/A,N/A,N/A,N/A,N/A,N/A,N/A,N/A,N/A,N/A,N/A,N/A,N/A,N/A,N/A,N/A,N/A,N/A,N/A,N/A,N/A,N/A,N/A,N/A,N/A,N/A,N/A,N/A,N/A,N/A,N/A,N/A,N/A,N/A,N/A,N/A,N/A,N/A,N/A,N/A,N/A,N/A,N/A,N/A,N/A,N/A,N/A,N/A,N/A,N/A,N/A,N/A,N/A,N/A,N/A,N/A,N/A,N/A,N/A,N/A,N/A,N/A,N/A,N/A,N/A,N/A,N/A,N/A,N/A,N/A,N/A,N/A,N/A,N/A,N/A,N/A,N/A,N/A,N/A,N/A,N/A,N/A,N/A,N/A,N/A,N/A,N/A,N/A,N/A,N/A,N/A,N/A,N/A,N/A,N/A,N/A,N/A,N/A,N/A,N/A,N/A,N/A,N/A,N/A,N/A,N/A,N/A,N/A,N/A,N/A,N/A,N/A,N/A,N/A,N/A,N/A,N/A,N/A,N/A,N/A,N/A,N/A,N/A,N/A,N/A,N/A,N/A,N/A,N/A,N/A,N/A,N/A,N/A,N/A,N/A,N/A,N/A,N/A,N/A,N/A,N/A,N/A,N/A,N/A,N/A,N/A,N/A,N/A,N/A,N/A,N/A
Michael Gregoritsch,32,766652400,1994/04/18,Superliga,2025/2026,Forward,Brøndby,370,179,191,Austria,11,6,5,2,1,1,1,0,1,0,0,2,1,1,8,4,4,2,0,0.73,0.24,0.49,0.5,0.47,185,1.95,46,34,185,370,0.49,10,31,-1,7,676000,6.19,0.09,91,18.73,6.42,9,77,4.42,53,6,12.89,8,0.00,0.00,0.50,6,0.00,0.25,0.97,0.33,4,0.00,0.75,0.00,0.00,0.00,0.25,0.08,0.75,6.00,2.92,0.67,0.33,0.00,0.33,0.17,0.00,0.92,0.00,0.00,0,0,,12,1.00,94,4,0.97,82,8,1.95,95,4,7,4,24,0.00,99,0,3,0.73,44,3,99,0.73,45,0,0.00,99,0,0.00,0,0,0.00,0,1.46,81,4,0.97,44,1,0.24,25.00,0,0.00,0,0,0,0.00,0,9,0.00,17,2.19,89,N/A,N/A,N/A,N/A,0.00,0,0.00,0,2.08,0.00,0,68.83,33.33,47,61,0.17,0.49,2,29,17,1,0,0,0.00,0.00,0,22,74.28,0.75,2.19,9,0,0.00,0.00,99,0.00,0,1,0,0.00,0.00,0,0.00,0.00,0.24,0.08,1,1,16.67,82,1,11,34,17,0.93,83,0.08,0.23,1.38,80,0.11,0.34,51,4,0.33,0.97,1.22,0.42,62,5,0.51,96,38,66,64,0,77,92,0,0.00,99,11,0.00,2.68,11.92,4.08,49,20,60,80,4.86,1.67,40.82,9,2.19,5,0,66.67,0,0.00,99,2,0.17,0.49,76,9,69,70,0,0,0,0,0,97,97,93,94,0,91,35,19,98,2,18,80,9,N/A,N/A
Mikael Uhre,31,780908400,1994/09/30,Superliga,2025/2026,Forward,Midtjylland,195,78,117,Denmark,6,3,3,0,0,0,0,0,0,0,0,2,1,1,2,0,2,0,0,0,0,0,0,0,0,0.92,98,33,0,0,0,-1,-1,-1,22,0,5.52,0,32,13.85,4.29,2,30,3.43,24,43,11.08,4,0.00,0.00,0.00,0,0.00,0.14,1.38,0.43,3,0.00,0.43,0.00,0.00,0.00,0.14,0.00,0.57,0.00,0.92,0.14,0.43,0.00,0.14,0.02,0.00,0.43,0.00,0.00,0,0,,2,0.29,47,1,0.46,56,1,0.46,38,0,6,0,44,0.00,99,0,1,0.46,29,1,27,0.46,36,0,0.00,99,0,0.00,0,0,0.00,0,0.00,7,3,1.38,57,0,0.00,0.00,0,0.00,0,0,0,0.00,0,4,0.00,84,1.85,80,N/A,N/A,N/A,N/A,0.00,0,0.00,0,0.17,0.00,0,80.00,50.00,88,6,0.43,1.38,3,11,11,0,0,0,0.00,0.00,0,22,38.66,0.29,0.92,2,0,0.00,0.00,99,0.00,0,0,0,0.00,0.00,0,0.00,0.00,1.38,0.43,3,0,0.00,33,0,3,30,84,0.06,1,0.01,0.03,0.17,38,0.02,0.08,77,3,0.43,1.38,2.77,0.86,99,6,0.08,37,21,24,64,0,99,70,0,0.00,99,3,0.00,1.38,15.23,4.71,33,9,42,98,4.15,1.29,27.27,3,1.38,25,0,0.00,0,0.00,99,0,0.00,0.00,27,0,61,11,0,0,0,0,0,15,30,49,43,0,12,83,16,16,0,0,18,17,0,0
Mike Vestergård,28,879926400,1997/11/19,Superliga,2025/2026,Midfielder,Vejle,2513,1271,1242,Denmark,31,16,15,0,0,0,1,1,0,0,0,4,3,1,47,21,26,6,0,0.04,0.04,0,0,0,0,1.68,53,81,419,2513,0.21,219,164,-1,30,112631,6.74,0.03,40,37.07,33.39,46,1035,25.77,799,30,28.62,44,0.00,0.00,0.55,17,0.00,0.23,3.29,2.97,92,0.00,0.58,0.00,0.00,0.00,1.42,0.42,1.42,0.00,0.32,0.23,0.65,0.00,0.06,0.02,0.00,1.03,0.00,0.00,0,0,,9,0.29,17,2,0.07,18,7,0.25,20,6,1,30,98,0.00,99,0,44,1.58,87,7,94,0.25,26,0,0.00,99,0,0.00,0,0,0.00,0,0.61,33,20,0.72,37,13,0.47,65.00,0,0.00,0,0,0,0.00,0,44,0.00,29,1.58,70,N/A,N/A,N/A,N/A,0.00,0,0.00,0,0.56,0.00,0,77.20,22.22,24,11,1.03,1.15,32,45,85,0,0,0,0.48,0.54,15,81,209.00,2.10,2.33,65,0,0.00,0.00,99,0.00,0,0,0,0.00,0.00,0,0.00,0.00,0.00,0.00,0,0,0.00,33,87,93,30,29,2.63,20,0.08,0.09,0.56,16,0.02,0.02,30,18,0.58,0.64,1.75,1.58,84,49,0.02,15,62,69,64,0,39,64,0,0.00,99,32,0.00,1.15,10.17,9.16,284,153,74,61,5.48,4.94,53.87,18,0.64,56,0,42.86,0,0.00,99,3,0.10,0.11,40,95,31,88,0,0,0,0,0,20,30,49,43,0,32,27,48,68,6,19,82,6,N/A,N/A
Mikkel Bach Løndal,19,1149058800,2006/05/31,Superliga,2025/2026,Midfielder,Viborg,29,0,29,Denmark,1,0,1,0,0,0,0,0,0,0,0,0,0,0,2,0,2,0,0,0,0,0,0,0,0,6.21,15,29,0,0,0,-1,-1,-1,24,44035,0.57,0,32,21.72,0.70,16,7,0.40,4,0,12.41,7,0.00,0.00,0.00,0,0.00,0.00,0.00,0.00,0,0.00,0.00,0.00,0.00,0.00,0.00,0.00,0.20,0.00,0.00,0.00,0.00,0.00,0.00,0.00,0.00,0.00,0.00,0.00,0,0,,0,0.00,8,0,0.00,12,0,0.00,9,0,1,0,4,0.00,99,0,0,0.00,6,0,27,0.00,11,0,0.00,99,0,0.00,0,0,0.00,0,0.00,7,0,0.00,9,0,0.00,0.00,0,0.00,0,0,0,0.00,0,2,0.00,0,6.21,99,N/A,N/A,N/A,N/A,0.00,0,0.00,0,0.00,0.00,0,57.14,0.00,12,99,0.00,0.00,0,11,11,0,0,0,0.00,0.00,0,22,5.66,0.00,0.00,0,1,0.00,3.10,0,0.10,0,0,0,0.00,0.00,0,0.00,0.00,0.00,0.00,0,0,0.00,33,0,0,30,0,0.01,1,0.00,0.03,0.00,9,0.00,0.00,1,0,0.00,0.00,3.10,0.10,99,1,0.00,8,0,1,64,0,39,2,0,0.00,99,0,0.00,0.00,3.10,0.10,1,0,0,8,0.00,0.00,0.00,0,0.00,99,0,0.00,0,0.00,99,0,0.00,0.00,27,0,31,11,0,0,0,0,0,15,30,49,43,0,18,3,16,16,0,0,18,31,N/A,N/A
Mikkel Duelund,28,867567600,1997/06/29,Superliga,2025/2026,Midfielder,Vejle,1564,813,751,Denmark,25,13,12,8,4,4,1,1,0,0,0,4,3,1,22,11,11,4,0,0.52,0.06,0.46,0.44,0.48,196,1.27,71,63,391,1564,0.23,14,146,-1,2,171911,6.45,0.04,43,22.73,14.63,17,395,11.15,301,25,17.32,18,0.00,0.00,0.52,14,0.00,0.30,1.78,1.15,31,0.00,0.78,0.00,0.00,0.00,0.26,0.67,0.67,5.75,2.65,0.89,1.67,0.00,0.81,0.32,0.00,0.70,0.00,0.00,0,0,,46,1.70,89,22,1.27,94,24,1.38,82,3,7,18,64,0.00,99,0,7,0.40,25,8,36,0.46,36,0,0.00,99,0,0.00,0,0,0.00,0,0.81,45,45,2.59,82,18,1.04,40.00,0,0.00,0,0,0,0.00,0,18,0.00,60,1.04,31,N/A,N/A,N/A,N/A,0.00,0,0.00,0,8.74,0.00,0,76.20,47.83,80,27,0.59,0.92,16,77,40,1,0,0,0.19,0.29,5,60,174.28,0.48,0.75,13,0,0.00,0.00,99,0.00,0,1,1,0.04,0.06,0,0.00,0.00,0.12,0.07,2,0,17.39,82,57,58,36,61,1.68,22,0.06,0.10,8.04,93,0.30,0.46,80,27,1.00,1.55,1.21,0.78,61,21,0.50,95,48,17,79,0,61,62,0,0.00,99,19,0.00,1.09,10.88,7.00,189,95,73,71,5.47,3.52,50.26,21,1.21,32,0,12.50,0,0.00,99,1,0.04,0.06,34,59,69,61,0,2,0,8,0,87,95,94,91,0,52,33,45,73,4,16,74,10,N/A,N/A
Mikkel Øxenberg,19,1169712000,2007/01/25,Superliga,2025/2026,Midfielder,Silkeborg,0,0,0,Denmark,0,0,0,0,0,0,0,0,0,0,0,0,0,0,0,0,0,0,0,0,0,0,0,0,0,0,0,0,0,0,0,-1,-1,-1,-1,N/A,N/A,N/A,N/A,N/A,N/A,N/A,N/A,N/A,N/A,N/A,N/A,N/A,N/A,N/A,N/A,N/A,N/A,N/A,N/A,N/A,N/A,N/A,N/A,N/A,N/A,N/A,N/A,N/A,N/A,N/A,N/A,N/A,N/A,N/A,N/A,N/A,N/A,N/A,N/A,N/A,N/A,N/A,N/A,N/A,N/A,N/A,N/A,N/A,N/A,N/A,N/A,N/A,N/A,N/A,N/A,N/A,N/A,N/A,N/A,N/A,N/A,N/A,N/A,N/A,N/A,N/A,N/A,N/A,N/A,N/A,N/A,N/A,N/A,N/A,N/A,N/A,N/A,N/A,N/A,N/A,N/A,N/A,N/A,N/A,N/A,N/A,N/A,N/A,N/A,N/A,N/A,N/A,N/A,N/A,N/A,N/A,N/A,N/A,N/A,N/A,N/A,N/A,N/A,N/A,N/A,N/A,N/A,N/A,N/A,N/A,N/A,N/A,N/A,N/A,N/A,N/A,N/A,N/A,N/A,N/A,N/A,N/A,N/A,N/A,N/A,N/A,N/A,N/A,N/A,N/A,N/A,N/A,N/A,N/A,N/A,N/A,N/A,N/A,N/A,N/A,N/A,N/A,N/A,N/A,N/A,N/A,N/A,N/A,N/A,N/A,N/A,N/A,N/A,N/A,N/A,N/A,N/A,N/A,N/A,N/A,N/A,N/A,N/A,N/A,N/A,N/A,N/A,N/A,N/A,N/A,N/A,N/A,N/A,N/A,N/A,N/A,N/A,N/A,N/A,N/A,N/A,N/A,N/A,N/A,N/A,N/A,N/A,N/A,N/A,N/A,N/A,N/A,N/A,N/A,N/A,N/A,N/A,N/A,N/A,N/A,N/A,N/A,N/A,N/A,N/A,N/A,N/A,N/A,N/A,N/A,N/A,N/A,N/A,N/A,N/A,N/A,N/A,N/A,N/A,N/A,N/A,N/A,N/A
Milan Iloski,26,933231600,1999/07/29,Superliga,2025/2026,Forward,Nordsjælland,22,22,0,USA,1,1,0,0,0,0,0,0,0,0,0,0,0,0,0,0,0,0,0,0,0,0,0,0,0,0,0,22,0,0,0,-1,-1,-1,23,0,6.44,0,32,25.71,6.00,23,6,6.00,6,99,25.71,35,0.00,0.00,0.00,0,0.00,0.00,0.00,0.00,0,0.00,0.00,0.00,0.00,0.00,0.00,0.00,0.00,0.00,4.29,1.00,0.00,0.00,0.00,0.05,0.00,0.00,0.00,0.00,0,0,,1,1.00,99,0,0.00,12,1,4.29,99,0,1,0,4,0.00,99,0,0,0.00,6,0,27,0.00,11,0,0.00,99,0,0.00,0,0,0.00,0,0.00,7,0,0.00,9,0,0.00,0.00,0,0.00,0,0,0,0.00,0,0,0.00,99,0.00,0,N/A,N/A,N/A,N/A,0.00,0,0.00,0,0.05,0.00,0,100.00,0.00,12,0,1.00,4.29,1,11,11,0,0,0,0.00,0.00,0,22,6.44,0.00,0.00,0,0,0.00,0.00,99,0.00,0,0,0,0.00,0.00,0,0.00,0.00,0.00,0.00,0,0,0.00,33,0,0,30,0,0.01,4,0.01,0.04,0.05,64,0.05,0.21,1,0,0.00,0.00,0.00,0.00,6,0,0.21,63,47,1,64,0,39,2,0,0.00,99,0,0.00,0.00,4.29,1.00,1,0,0,10,0.00,0.00,0.00,0,0.00,99,0,0.00,0,0.00,99,0,0.00,0.00,27,0,31,11,0,0,0,0,0,15,30,49,43,0,12,3,16,16,0,0,18,23,0,0
Mohamed Elyounoussi,31,775983600,1994/08/04,Superliga,2025/2026,Forward,København,2284,1027,1257,Norway,28,13,15,7,3,4,9,4,5,0,0,6,4,2,33,13,20,6,0,0.63,0.35,0.28,0.26,0.29,326,1.3,69,82,381,254,0.24,62,8,-1,3,2193360,6.97,0.32,98,37.02,31.60,46,948,24.07,722,24,28.19,42,0.00,0.00,1.83,55,0.00,3.00,1.76,1.50,45,0.00,1.03,0.00,0.00,0.00,0.27,0.60,1.00,10.29,2.81,1.60,1.63,0.00,0.80,0.33,0.00,1.20,0.00,0.00,0,0,,72,2.40,92,24,0.94,80,48,1.87,94,1,3,25,63,0.00,99,0,8,0.31,18,90,82,3.51,86,0,0.00,99,0,0.00,0,0,0.00,0,2.15,96,49,1.91,71,18,0.70,36.73,0,0.00,0,0,0,0.00,0,30,0.00,57,1.17,43,N/A,N/A,N/A,N/A,0.00,0,0.00,0,9.90,0.00,0,76.16,33.33,47,34,0.70,0.82,21,63,34,0,0,0,0.10,0.12,3,39,209.16,0.40,0.47,12,0,0.00,0.00,99,0.00,0,0,1,0.03,0.04,0,0.00,0.00,0.16,0.13,4,1,9.72,53,78,73,53,57,8.81,98,0.29,0.34,9.90,85,0.33,0.39,87,45,1.50,1.76,1.37,1.17,70,35,0.39,83,83,8,73,0,67,71,0,0.00,99,36,0.00,1.41,11.36,9.70,291,141,75,76,5.51,4.70,48.45,31,1.21,32,0,30.00,0,0.00,99,27,0.90,1.05,93,76,45,27,0,0,0,0,0,94,78,80,74,0,99,39,43,75,6,21,86,10,N/A,N/A
Mohamed Toure,22,1080288000,2004/03/26,Superliga,2025/2026,Forward,Randers,1139,572,567,Australia,17,8,9,4,2,2,3,1,2,0,0,6,4,2,14,7,7,4,0,0.55,0.24,0.32,0.31,0.32,285,1.11,81,67,285,380,0.32,45,29,-1,3,171911,6.91,0.18,91,13.04,9.53,1,162,6.53,111,5,8.94,0,0.00,0.00,1.12,19,0.00,0.47,0.32,0.24,4,0.00,0.88,0.00,0.00,0.00,0.06,0.71,0.71,8.00,2.58,0.88,1.35,0.00,1.00,0.31,0.00,0.41,0.00,0.00,0,0,,32,1.88,87,17,1.37,97,15,1.21,76,2,3,14,9,0.00,99,0,1,0.08,8,8,71,0.64,42,0,0.00,99,0,0.00,0,0,0.00,0,1.53,84,23,1.85,69,12,0.97,52.17,0,0.00,0,0,0,0.00,0,12,0.00,71,0.97,27,N/A,N/A,N/A,N/A,0.00,0,0.00,0,5.33,0.00,0,68.52,53.12,89,92,0.06,0.08,1,73,67,1,0,0,0.00,0.00,0,22,117.41,0.12,0.16,2,0,0.00,0.00,99,0.00,0,1,2,0.12,0.16,0,0.00,0.00,1.05,0.76,13,0,12.50,68,36,29,49,71,2.70,80,0.16,0.22,4.63,84,0.27,0.37,85,21,1.24,1.69,0.97,0.71,48,12,0.43,88,79,3,95,0,99,35,0,0.00,99,7,0.00,0.56,7.73,5.65,96,43,25,32,3.46,2.53,44.79,15,1.21,32,0,25.00,0,0.00,99,2,0.12,0.16,47,45,45,44,0,1,0,6,0,90,82,82,78,0,52,89,32,85,4,24,92,7,N/A,N/A
Moses Opondo,28,878025600,1997/10/28,Superliga,2025/2026,Midfielder,Fredericia,929,405,524,Denmark,17,8,9,0,0,0,1,1,0,0,0,1,0,1,24,13,11,2,0,0.1,0.1,0,0,0,0,2.33,39,55,465,929,0.19,209,112,-1,28,119550,5.77,0.06,57,21.31,12.22,16,220,9.72,175,42,16.95,17,0.00,0.00,0.22,4,0.00,0.22,1.36,0.78,14,0.00,0.89,0.00,0.00,0.00,0.50,0.56,1.06,0.00,0.58,0.28,1.06,0.00,0.06,0.02,0.00,0.50,0.00,0.00,0,0,,6,0.33,33,1,0.10,21,5,0.48,41,1,6,11,42,0.00,99,0,9,0.87,54,4,27,0.39,33,0,0.00,99,0,0.00,0,0,0.00,0,0.39,25,19,1.84,69,10,0.97,52.63,0,0.00,0,0,0,0.00,0,19,0.00,4,1.84,80,N/A,N/A,N/A,N/A,0.00,0,0.00,0,0.32,0.00,0,79.55,16.67,18,22,0.56,0.97,10,73,68,0,0,0,0.17,0.29,3,60,103.86,0.89,1.55,16,1,0.00,0.10,4,0.06,0,0,0,0.00,0.00,0,0.00,0.00,0.10,0.06,1,0,0.00,33,28,29,30,4,1.10,29,0.06,0.11,0.32,20,0.02,0.03,44,9,0.50,0.87,0.97,0.56,48,10,0.03,18,28,47,64,0,56,49,0,0.00,99,9,0.00,0.87,9.49,5.44,98,39,34,52,3.78,2.17,39.80,16,1.55,20,0,0.00,0,0.00,99,0,0.00,0.00,27,33,61,27,0,0,0,0,0,30,30,49,43,0,37,8,52,64,2,12,63,11,N/A,N/A
Mouekeinga Kone,18,1183359600,2007/07/02,Superliga,2025/2026,Centre Forward,Nordsjælland,0,0,0,Ivory Coast,0,0,0,0,0,0,0,0,0,0,0,0,0,0,0,0,0,0,0,0,0,0,0,0,0,0,0,0,0,0,0,-1,-1,-1,-1,N/A,N/A,N/A,N/A,N/A,N/A,N/A,N/A,N/A,N/A,N/A,N/A,N/A,N/A,N/A,N/A,N/A,N/A,N/A,N/A,N/A,N/A,N/A,N/A,N/A,N/A,N/A,N/A,N/A,N/A,N/A,N/A,N/A,N/A,N/A,N/A,N/A,N/A,N/A,N/A,N/A,N/A,N/A,N/A,N/A,N/A,N/A,N/A,N/A,N/A,N/A,N/A,N/A,N/A,N/A,N/A,N/A,N/A,N/A,N/A,N/A,N/A,N/A,N/A,N/A,N/A,N/A,N/A,N/A,N/A,N/A,N/A,N/A,N/A,N/A,N/A,N/A,N/A,N/A,N/A,N/A,N/A,N/A,N/A,N/A,N/A,N/A,N/A,N/A,N/A,N/A,N/A,N/A,N/A,N/A,N/A,N/A,N/A,N/A,N/A,N/A,N/A,N/A,N/A,N/A,N/A,N/A,N/A,N/A,N/A,N/A,N/A,N/A,N/A,N/A,N/A,N/A,N/A,N/A,N/A,N/A,N/A,N/A,N/A,N/A,N/A,N/A,N/A,N/A,N/A,N/A,N/A,N/A,N/A,N/A,N/A,N/A,N/A,N/A,N/A,N/A,N/A,N/A,N/A,N/A,N/A,N/A,N/A,N/A,N/A,N/A,N/A,N/A,N/A,N/A,N/A,N/A,N/A,N/A,N/A,N/A,N/A,N/A,N/A,N/A,N/A,N/A,N/A,N/A,N/A,N/A,N/A,N/A,N/A,N/A,N/A,N/A,N/A,N/A,N/A,N/A,N/A,N/A,N/A,N/A,N/A,N/A,N/A,N/A,N/A,N/A,N/A,N/A,N/A,N/A,N/A,N/A,N/A,N/A,N/A,N/A,N/A,N/A,N/A,N/A,N/A,N/A,N/A,N/A,N/A,N/A,N/A,N/A,N/A,N/A,N/A,N/A,N/A,N/A,N/A,N/A,N/A,N/A,N/A
Munashe Garananga,25,979804800,2001/01/18,Superliga,2025/2026,Defender,København,297,117,180,Zimbabwe,5,3,2,1,1,0,0,0,0,0,0,1,1,0,5,2,3,2,1,0.3,0,0.3,0.77,0,297,1.52,59,59,99,0,0.91,59,220,50,18,527592,2.18,0,32,72.79,20.08,96,241,18.42,221,97,66.74,97,0.00,0.00,0.00,0,0.00,0.00,1.21,0.33,4,0.00,0.00,0.00,0.00,0.00,0.58,0.00,0.33,2.00,0.60,0.08,0.00,0.00,0.08,0.06,0.00,0.92,0.00,0.00,0,0,,2,0.17,34,1,0.30,47,1,0.30,24,0,2,3,38,0.00,99,0,7,2.11,98,0,27,0.00,11,0,0.00,99,0,0.00,0,0,0.00,0,0.00,7,0,0.00,9,0,0.00,0.00,0,0.00,0,0,0,0.00,0,4,0.00,41,1.21,46,N/A,N/A,N/A,N/A,0.00,0,0.00,0,0.74,0.00,0,91.70,50.00,88,50,0.17,0.60,2,11,11,0,0,0,0.17,0.60,2,84,26.12,1.17,4.23,14,1,0.00,0.30,0,0.08,0,0,0,0.00,0.00,0,0.00,0.00,0.00,0.00,0,0,50.00,99,0,1,51,41,0.42,38,0.03,0.13,0.74,67,0.06,0.22,13,1,0.08,0.30,1.21,0.33,61,4,0.22,66,2,87,64,0,39,95,0,0.00,99,11,0.00,3.32,8.46,2.33,28,16,58,39,4.83,1.33,57.14,0,0.00,99,0,0.00,0,0.00,99,0,0.00,0.00,27,2,38,11,0,0,0,0,0,64,80,49,98,0,87,37,16,99,1,20,85,4,N/A,N/A
Nicklas Røjkjær,27,901263600,1998/07/24,Superliga,2025/2026,Midfielder,Nordsjælland,1954,968,986,Denmark,22,11,11,2,2,0,4,3,1,0,0,6,5,1,35,12,23,2,0,0.28,0.18,0.09,0.19,0,977,1.61,56,89,977,489,0.09,133,63,-1,9,349751,7.16,0.18,79,61.12,60.32,87,1327,55.14,1213,97,55.87,88,0.00,0.00,1.73,38,0.00,2.68,1.98,1.95,43,0.00,0.91,0.00,0.00,0.00,0.77,0.50,1.14,13.50,1.24,0.55,0.91,0.00,0.68,0.16,0.00,0.36,0.00,0.00,0,0,,27,1.23,54,15,0.69,71,12,0.55,44,2,0,22,73,0.00,99,0,17,0.78,49,59,79,2.72,79,0,0.00,99,0,0.00,0,0,0.00,0,1.75,91,20,0.92,43,11,0.51,55.00,0,0.00,0,0,0,0.00,0,25,0.00,34,1.15,40,N/A,N/A,N/A,N/A,0.00,0,0.00,0,3.47,0.00,0,91.41,55.56,92,22,0.95,0.97,21,49,71,0,0,0,0.18,0.18,4,48,157.46,0.68,0.69,15,0,0.00,0.00,99,0.00,0,0,1,0.05,0.05,0,0.00,0.00,0.05,0.05,1,0,7.41,42,69,45,81,35,6.45,95,0.29,0.30,3.47,56,0.16,0.16,56,23,1.05,1.06,0.78,0.77,32,17,0.16,55,94,13,77,0,44,21,0,0.00,99,8,0.00,0.37,7.65,7.55,166,85,38,32,3.92,3.86,51.20,20,0.92,44,0,28.81,0,0.00,99,17,0.77,0.78,87,68,21,44,0,0,0,0,0,64,50,49,65,0,78,53,82,36,2,9,52,8,N/A,N/A
Nicolai Larsen,35,668505600,1991/03/09,Superliga,2025/2026,Goalkeeper,Silkeborg,2789,1439,1350,Denmark,31,16,15,0,0,0,0,0,0,0,0,3,2,1,63,25,38,1,0,0,0,0,0,0,0,2.03,44,90,2789,0,0.03,238,236,79,19,180227,7.35,0,32,28.30,28.29,27,877,22.32,692,38,22.33,28,0.00,0.00,0.00,0,0.00,0.00,0.00,0.00,0,0.00,0.03,0.00,0.00,4.58,0.00,0.00,6.68,0.00,0.00,0.00,0.00,0.00,0.00,0.00,0.00,0.45,0.00,0.00,0,0,,0,0.00,8,0,0.00,12,0,0.00,9,1,0,31,4,0.00,99,0,0,0.00,6,0,27,0.00,11,0,0.00,99,0,0.00,0,0,0.00,0,0.00,7,0,0.00,9,0,0.00,0.00,0,0.00,0,142,74,4.58,99,207,0.00,11,6.68,99,N/A,N/A,N/A,N/A,68.60,0,0.00,0,0.00,0.00,0,78.91,0.00,12,95,0.03,0.03,1,11,11,0,0,98,0.00,0.00,0,22,227.93,1.26,1.26,39,0,0.00,0.00,99,0.00,0,0,0,0.00,0.00,22,0.71,0.71,0.00,0.00,0,0,0.00,33,98,93,30,12,1.60,7,0.05,0.05,0.00,9,0.00,0.00,11,8,0.26,0.26,0.00,0.00,6,0,0.00,8,99,40,64,84,39,28,0,0.00,99,14,0.00,0.45,0.71,0.71,22,20,6,5,0.65,0.65,90.91,1,0.03,94,0,0.00,0,0.00,99,0,0.00,0.00,27,96,21,27,0,0,0,0,0,15,30,49,43,0,59,18,99,19,1,3,24,1,N/A,N/A
Nicolai Poulsen,32,745398000,1993/08/15,Superliga,2025/2026,Midfielder,AGF,1341,766,575,Denmark,20,11,9,1,0,1,2,2,0,0,0,6,6,0,16,7,9,5,0,0.2,0.13,0.07,0,0.16,1341,1.07,84,67,268,671,0.34,153,93,-1,13,290472,5.96,0.1,65,59.06,38.26,84,880,32.22,741,65,49.73,84,0.00,0.00,0.74,17,0.00,0.35,1.88,1.22,28,0.00,0.17,0.00,0.00,0.00,0.61,0.00,0.52,10.00,0.67,0.30,0.13,0.00,0.13,0.06,0.00,0.39,0.00,0.00,0,0,,10,0.43,36,3,0.20,35,7,0.47,40,6,4,16,71,0.00,99,0,14,0.94,58,8,91,0.54,39,0,0.00,99,0,0.00,0,0,0.00,0,1.14,66,3,0.20,17,0,0.00,0.00,0,0.00,0,0,0,0.00,0,12,0.00,75,0.81,14,N/A,N/A,N/A,N/A,0.00,0,0.00,0,1.34,0.00,0,84.20,30.00,36,26,0.61,0.94,14,11,11,0,0,0,0.04,0.07,1,29,137.16,1.00,1.54,23,0,0.00,0.00,99,0.00,0,0,0,0.00,0.00,0,0.00,0.00,0.00,0.00,0,0,10.00,57,49,38,89,75,3.27,80,0.14,0.22,1.34,42,0.06,0.09,64,17,0.74,1.14,1.81,1.17,88,27,0.09,41,31,47,64,0,39,38,0,0.00,99,9,0.00,0.60,7.18,4.65,107,53,27,26,3.56,2.30,49.53,4,0.27,77,0,37.50,0,0.00,99,3,0.13,0.20,53,53,51,88,0,0,0,0,0,51,45,66,43,0,72,70,30,87,5,25,93,6,N/A,N/A
Nicolai Vallys,29,841820400,1996/09/04,Superliga,2025/2026,Forward,Brøndby,2491,1184,1307,Denmark,30,14,16,7,6,1,7,3,4,0,0,11,4,7,29,16,13,4,0,0.51,0.25,0.25,0.46,0.07,356,1.05,86,83,623,356,0.14,67,24,-1,2,780986,7.09,0.23,93,40.81,37.67,56,1130,30.67,920,50,33.23,56,0.00,0.00,1.27,38,0.00,0.80,1.19,1.10,33,0.00,1.07,0.00,0.00,0.00,0.67,0.80,1.00,7.14,1.81,1.00,1.30,0.00,0.67,0.27,0.00,0.93,0.00,0.00,0,0,,50,1.67,70,20,0.72,72,30,1.08,70,2,3,27,36,0.00,99,0,20,0.72,44,24,80,0.87,50,0,0.00,99,0,0.00,0,0,0.00,0,1.37,78,39,1.41,58,24,0.87,61.54,0,0.00,0,0,0,0.00,0,30,0.00,76,1.08,35,N/A,N/A,N/A,N/A,0.00,0,0.00,0,8.13,0.00,0,81.42,40.00,64,79,0.27,0.29,8,69,83,1,0,0,0.03,0.04,1,24,212.84,1.07,1.16,32,1,0.00,0.04,16,0.03,0,1,0,0.00,0.00,0,0.00,0.00,0.36,0.33,10,0,14.00,72,86,88,55,77,7.37,91,0.25,0.27,7.43,74,0.25,0.27,33,19,0.63,0.69,1.12,1.03,54,31,0.29,73,91,35,64,0,84,58,0,0.00,99,28,0.00,1.01,7.51,6.93,208,101,30,30,3.65,3.37,48.56,32,1.16,34,0,29.17,0,0.00,99,7,0.23,0.25,60,84,45,44,0,1,0,3,0,86,75,52,92,0,93,93,64,53,4,13,66,7,N/A,N/A
Nicolas Alexander Gammelgaard Grøndal,17,1225958400,2008/11/06,Superliga,2025/2026,Forward,Vejle,15,4,11,Denmark,2,1,1,0,0,0,0,0,0,0,0,1,0,1,0,0,0,0,0,0,0,0,0,0,0,0,0,8,0,0,0,-1,-1,-1,20,0,1.07,0,32,36.00,1.00,43,6,0.67,4,4,24.00,31,0.00,0.00,0.00,0,0.00,0.00,6.00,0.17,1,0.00,0.00,0.00,0.00,0.00,0.00,0.00,0.00,0.00,6.00,0.17,0.00,0.00,0.00,0.01,0.00,0.00,0.00,0.00,0,0,,1,0.17,99,0,0.00,12,1,6.00,99,0,2,0,99,0.00,99,0,0,0.00,6,0,27,0.00,11,0,0.00,99,0,0.00,0,0,0.00,0,0.00,7,0,0.00,9,0,0.00,0.00,0,0.00,0,0,0,0.00,0,0,0.00,99,0.00,0,N/A,N/A,N/A,N/A,0.00,0,0.00,0,0.05,0.00,0,66.67,0.00,12,0,0.33,12.00,2,11,11,0,0,0,0.00,0.00,0,22,6.40,0.17,6.00,1,0,0.00,0.00,99,0.00,0,0,0,0.00,0.00,0,0.00,0.00,0.00,0.00,0,0,0.00,33,0,0,30,0,0.01,10,0.00,0.06,0.05,76,0.01,0.30,1,0,0.00,0.00,0.00,0.00,6,0,0.30,73,0,94,64,0,39,2,0,0.00,99,0,0.00,0.00,18.00,0.50,3,1,85,99,6.00,0.17,33.33,0,0.00,99,0,0.00,0,0.00,99,0,0.00,0.00,27,0,38,11,0,0,0,0,0,15,30,49,43,0,12,99,16,16,0,0,18,25,0,0
Nicolas Bürgy,30,807778800,1995/08/07,Superliga,2025/2026,Defender,OB,2424,1193,1231,Switzerland,28,14,14,2,2,0,1,0,1,0,0,4,2,2,51,25,26,3,1,0.11,0.04,0.07,0.15,0,1212,1.89,48,87,606,2424,0.15,145,163,72,8,171911,6.81,0.04,40,71.91,69.14,95,1936,61.96,1735,92,64.44,95,0.00,0.00,0.21,6,0.00,0.32,1.30,1.25,35,0.00,0.21,0.00,0.00,0.00,1.14,0.00,1.36,7.50,0.56,0.32,0.00,0.00,0.21,0.08,0.00,1.21,0.00,0.00,0,0,,15,0.54,31,6,0.22,38,9,0.33,27,7,0,28,41,0.00,99,0,32,1.19,72,9,60,0.33,31,0,0.00,99,0,0.00,0,0,0.00,0,0.22,14,0,0.00,9,0,0.00,0.00,0,0.00,0,0,0,0.00,0,38,0.00,20,1.41,61,N/A,N/A,N/A,N/A,0.00,0,0.00,0,2.38,0.00,0,89.62,40.00,64,66,0.43,0.45,12,11,11,0,0,0,0.75,0.78,21,92,190.56,3.43,3.57,96,1,0.00,0.04,16,0.04,0,0,0,0.00,0.00,0,0.00,0.00,0.04,0.04,1,0,13.33,71,84,73,86,20,4.39,53,0.16,0.16,2.38,42,0.08,0.09,17,11,0.39,0.41,1.23,1.18,62,33,0.09,41,68,83,64,0,44,67,0,0.00,99,34,0.00,1.26,5.98,5.75,161,80,16,16,2.97,2.86,49.69,6,0.22,80,0,22.22,0,0.00,99,2,0.07,0.07,36,87,21,95,0,1,0,4,0,33,45,49,61,0,52,30,63,55,2,7,42,5,N/A,N/A
Nikolaj Flø,30,812012400,1995/09/25,Superliga,2025/2026,Goalkeeper,SønderjyskE,691,421,270,Denmark,9,6,3,0,0,0,0,0,0,0,0,2,1,1,13,6,7,0,0,0,0,0,0,0,0,1.69,53,77,0,0,0,229,227,62,19,0,2.18,0,32,29.04,7.96,28,223,5.54,155,7,20.19,24,0.00,0.00,0.00,0,0.00,0.00,0.00,0.00,0,0.00,0.00,0.00,0.00,0.89,0.00,0.00,1.43,0.00,0.00,0.00,0.00,0.00,0.00,0.00,0.00,0.04,0.00,0.00,0,0,,0,0.00,8,0,0.00,12,0,0.00,9,0,2,7,4,0.00,99,0,0,0.00,6,0,27,0.00,11,0,0.00,99,0,0.00,0,0,0.00,0,0.00,7,0,0.00,9,0,0.00,0.00,0,0.00,0,25,32,3.26,63,40,0.00,29,5.21,99,N/A,N/A,N/A,N/A,62.50,0,0.00,0,0.00,0.00,0,69.51,0.00,12,99,0.00,0.00,0,11,11,0,0,16,0.00,0.00,0,22,60.97,0.25,0.91,7,0,0.00,0.00,99,0.00,0,0,0,0.00,0.00,2,0.07,0.26,0.00,0.00,0,0,0.00,33,19,6,30,29,0.30,4,0.01,0.04,0.00,9,0.00,0.00,11,2,0.07,0.26,0.00,0.00,6,0,0.00,8,2,23,64,21,39,5,0,0.00,99,1,0.00,0.13,0.26,0.07,2,2,1,0,0.26,0.07,100.00,0,0.00,99,0,0.00,0,0.00,99,0,0.00,0.00,27,21,38,11,0,0,0,0,0,15,30,49,43,0,12,40,16,16,0,0,18,1,0,0
Nikolaj Juul-Sandberg,20,1145602800,2006/04/21,Superliga,2025/2026,Midfielder,OB,17,0,17,Denmark,1,0,1,0,0,0,0,0,0,0,0,0,0,0,0,0,0,0,0,0,0,0,0,0,0,0,0,17,0,0,0,-1,-1,-1,25,0,2.21,0,32,95.29,6.00,99,18,5.67,17,99,90.00,99,0.00,0.00,0.00,0,0.00,0.00,0.00,0.00,0,0.00,0.00,0.00,0.00,0.00,0.00,0.00,0.00,0.00,0.00,0.00,0.00,0.00,0.00,0.00,0.00,0.00,0.00,0.00,0,0,,0,0.00,8,0,0.00,12,0,0.00,9,0,1,0,4,0.00,99,0,0,0.00,6,0,27,0.00,11,0,0.00,99,0,0.00,0,0,0.00,0,0.00,7,0,0.00,9,0,0.00,0.00,0,0.00,0,0,0,0.00,0,0,0.00,99,0.00,0,N/A,N/A,N/A,N/A,0.00,0,0.00,0,0.00,0.00,0,94.44,0.00,12,99,0.00,0.00,0,11,11,0,0,0,0.00,0.00,0,22,6.63,0.00,0.00,0,0,0.00,0.00,99,0.00,0,0,0,0.00,0.00,0,0.00,0.00,0.00,0.00,0,0,0.00,33,0,0,30,0,0.03,53,0.01,0.16,0.00,9,0.00,0.00,99,1,0.33,5.29,0.00,0.00,6,0,0.00,8,2,1,64,0,39,2,0,0.00,99,0,0.00,0.00,10.59,0.67,2,1,69,66,5.29,0.33,50.00,0,0.00,99,0,0.00,0,0.00,99,0,0.00,0.00,27,0,31,11,0,0,0,0,0,15,30,49,43,0,12,3,16,16,0,0,18,21,0,0
Nikolas Dyhr,24,992847600,2001/06/18,Superliga,2025/2026,Defender,Randers,2567,1179,1388,Denmark,31,15,16,3,2,1,2,0,2,0,0,10,6,4,36,17,19,4,0,0.18,0.07,0.11,0.15,0.06,856,1.26,71,83,642,1284,0.14,124,140,32,4,171911,6.66,0.06,48,32.68,30.06,36,932,23.81,738,40,25.87,36,0.00,0.00,0.68,21,0.00,3.00,1.40,1.29,40,0.00,0.16,0.00,0.00,0.00,0.71,0.19,1.06,6.00,0.42,0.19,0.42,0.00,0.19,0.07,0.00,0.45,0.00,0.00,0,0,,12,0.39,22,6,0.21,36,6,0.21,16,5,1,30,44,0.00,99,0,22,0.77,48,93,49,3.26,83,0,0.00,99,0,0.00,0,0,0.00,0,0.74,39,13,0.46,26,6,0.21,46.15,0,0.00,0,0,0,0.00,0,33,0.00,62,1.16,42,N/A,N/A,N/A,N/A,0.00,0,0.00,0,2.28,0.00,0,79.18,50.00,88,64,0.42,0.46,13,26,49,0,0,0,0.16,0.18,5,48,206.44,1.97,2.14,61,0,0.00,0.00,99,0.00,0,0,0,0.00,0.00,0,0.00,0.00,0.04,0.03,1,0,16.67,82,90,93,79,61,3.47,33,0.11,0.12,2.28,38,0.07,0.08,6,4,0.13,0.14,0.56,0.52,18,16,0.08,37,58,65,64,0,44,32,0,0.00,99,14,0.00,0.49,3.93,3.61,112,64,10,9,2.24,2.06,57.14,5,0.18,81,0,19.35,0,0.00,99,18,0.58,0.63,81,95,31,80,0,0,0,0,0,47,54,50,61,0,52,77,65,53,4,13,66,44,N/A,N/A
Noah Ganaus,25,979891200,2001/01/19,Superliga,2025/2026,Forward,OB,2608,1314,1294,Germany,32,16,16,11,5,6,4,2,2,0,0,4,2,2,49,27,22,1,0,0.52,0.14,0.38,0.34,0.42,237,1.69,53,82,2608,652,0.03,32,82,-1,1,171911,7.01,0.12,69,13.00,11.78,1,377,8.91,285,22,9.83,2,0.00,0.00,1.00,32,0.00,1.66,0.86,0.78,25,0.00,1.28,0.00,0.00,0.00,0.16,0.47,1.19,5.73,2.17,0.91,1.53,0.00,1.06,0.38,0.00,1.19,0.00,0.00,0,0,,63,1.97,80,34,1.17,91,29,1.00,67,6,0,32,21,0.00,99,0,5,0.17,12,53,61,1.83,67,0,0.00,99,0,0.00,0,0,0.00,0,1.10,62,49,1.69,66,15,0.52,30.61,0,0.00,0,0,0,0.00,0,38,0.00,29,1.31,56,N/A,N/A,N/A,N/A,0.00,0,0.00,0,12.21,0.00,0,75.60,53.97,90,84,0.19,0.21,6,50,22,0,0,0,0.09,0.10,3,33,224.28,0.88,0.97,28,0,0.00,0.00,99,0.00,0,0,1,0.03,0.03,0,0.00,0.00,1.00,0.91,29,0,17.46,83,92,99,43,29,4.12,43,0.13,0.14,12.21,89,0.38,0.42,24,16,0.50,0.55,1.03,0.94,51,30,0.42,87,86,28,68,0,98,69,0,0.00,99,38,0.00,1.31,8.49,7.69,246,94,20,39,3.24,2.94,38.21,41,1.41,23,0,22.64,0,0.00,99,12,0.38,0.41,69,99,21,88,0,0,0,0,0,87,88,91,82,0,52,27,98,19,1,3,24,17,N/A,N/A
Noah Hesselund Markmann,19,1172304000,2007/02/24,Superliga,2025/2026,Midfielder,Nordsjælland,1728,835,893,Denmark,24,11,13,0,0,0,0,0,0,0,0,7,6,1,30,7,23,2,0,0,0,0,0,0,0,1.56,58,72,864,0,0.1,215,212,-1,26,114144,6.44,0,32,83.28,63.96,99,1599,58.96,1474,98,76.77,99,0.00,0.00,0.24,6,0.00,0.04,2.19,1.68,42,0.00,0.36,0.00,0.00,0.00,1.56,0.20,0.92,0.00,0.10,0.04,0.48,0.00,0.04,0.01,0.00,0.60,0.00,0.00,0,0,,2,0.08,9,1,0.05,15,1,0.05,9,1,5,19,78,0.00,99,0,39,2.03,98,1,27,0.05,12,0,0.00,99,0,0.00,0,0,0.00,0,0.31,22,12,0.62,31,5,0.26,41.67,0,0.00,0,0,0,0.00,0,23,0.00,38,1.20,45,N/A,N/A,N/A,N/A,0.00,0,0.00,0,0.18,0.00,0,92.18,50.00,88,17,0.80,1.04,20,30,43,0,0,0,0.32,0.42,8,75,160.94,2.16,2.81,54,0,0.00,0.00,99,0.00,0,0,0,0.00,0.00,0,0.00,0.00,0.00,0.00,0,0,0.00,33,64,54,30,39,3.25,58,0.13,0.17,0.18,11,0.01,0.01,24,11,0.44,0.57,1.20,0.92,59,23,0.01,11,47,75,64,0,39,45,0,0.00,99,15,0.00,0.78,7.97,6.12,153,72,33,33,3.75,2.88,47.06,9,0.47,66,0,0.00,0,0.00,99,0,0.00,0.00,27,61,57,27,0,0,0,0,0,15,30,49,43,0,33,64,77,41,2,8,49,45,N/A,N/A
Noah Quang Phi Nguyen,18,1200038400,2008/01/11,Superliga,2025/2026,Midfielder,SønderjyskE,0,0,0,Denmark,0,0,0,0,0,0,0,0,0,0,0,0,0,0,0,0,0,0,0,0,0,0,0,0,0,0,0,0,0,0,0,-1,-1,-1,-1,N/A,N/A,N/A,N/A,N/A,N/A,N/A,N/A,N/A,N/A,N/A,N/A,N/A,N/A,N/A,N/A,N/A,N/A,N/A,N/A,N/A,N/A,N/A,N/A,N/A,N/A,N/A,N/A,N/A,N/A,N/A,N/A,N/A,N/A,N/A,N/A,N/A,N/A,N/A,N/A,N/A,N/A,N/A,N/A,N/A,N/A,N/A,N/A,N/A,N/A,N/A,N/A,N/A,N/A,N/A,N/A,N/A,N/A,N/A,N/A,N/A,N/A,N/A,N/A,N/A,N/A,N/A,N/A,N/A,N/A,N/A,N/A,N/A,N/A,N/A,N/A,N/A,N/A,N/A,N/A,N/A,N/A,N/A,N/A,N/A,N/A,N/A,N/A,N/A,N/A,N/A,N/A,N/A,N/A,N/A,N/A,N/A,N/A,N/A,N/A,N/A,N/A,N/A,N/A,N/A,N/A,N/A,N/A,N/A,N/A,N/A,N/A,N/A,N/A,N/A,N/A,N/A,N/A,N/A,N/A,N/A,N/A,N/A,N/A,N/A,N/A,N/A,N/A,N/A,N/A,N/A,N/A,N/A,N/A,N/A,N/A,N/A,N/A,N/A,N/A,N/A,N/A,N/A,N/A,N/A,N/A,N/A,N/A,N/A,N/A,N/A,N/A,N/A,N/A,N/A,N/A,N/A,N/A,N/A,N/A,N/A,N/A,N/A,N/A,N/A,N/A,N/A,N/A,N/A,N/A,N/A,N/A,N/A,N/A,N/A,N/A,N/A,N/A,N/A,N/A,N/A,N/A,N/A,N/A,N/A,N/A,N/A,N/A,N/A,N/A,N/A,N/A,N/A,N/A,N/A,N/A,N/A,N/A,N/A,N/A,N/A,N/A,N/A,N/A,N/A,N/A,N/A,N/A,N/A,N/A,N/A,N/A,N/A,N/A,N/A,N/A,N/A,N/A,N/A,N/A,N/A,N/A,N/A,N/A
Noah Shamoun,23,1039334400,2002/12/08,Superliga,2025/2026,Forward,Randers,0,0,0,Sweden,0,0,0,0,0,0,0,0,0,0,0,0,0,0,0,0,0,0,0,0,0,0,0,0,0,0,0,0,0,0,0,-1,-1,-1,-1,N/A,N/A,N/A,N/A,N/A,N/A,N/A,N/A,N/A,N/A,N/A,N/A,N/A,N/A,N/A,N/A,N/A,N/A,N/A,N/A,N/A,N/A,N/A,N/A,N/A,N/A,N/A,N/A,N/A,N/A,N/A,N/A,N/A,N/A,N/A,N/A,N/A,N/A,N/A,N/A,N/A,N/A,N/A,N/A,N/A,N/A,N/A,N/A,N/A,N/A,N/A,N/A,N/A,N/A,N/A,N/A,N/A,N/A,N/A,N/A,N/A,N/A,N/A,N/A,N/A,N/A,N/A,N/A,N/A,N/A,N/A,N/A,N/A,N/A,N/A,N/A,N/A,N/A,N/A,N/A,N/A,N/A,N/A,N/A,N/A,N/A,N/A,N/A,N/A,N/A,N/A,N/A,N/A,N/A,N/A,N/A,N/A,N/A,N/A,N/A,N/A,N/A,N/A,N/A,N/A,N/A,N/A,N/A,N/A,N/A,N/A,N/A,N/A,N/A,N/A,N/A,N/A,N/A,N/A,N/A,N/A,N/A,N/A,N/A,N/A,N/A,N/A,N/A,N/A,N/A,N/A,N/A,N/A,N/A,N/A,N/A,N/A,N/A,N/A,N/A,N/A,N/A,N/A,N/A,N/A,N/A,N/A,N/A,N/A,N/A,N/A,N/A,N/A,N/A,N/A,N/A,N/A,N/A,N/A,N/A,N/A,N/A,N/A,N/A,N/A,N/A,N/A,N/A,N/A,N/A,N/A,N/A,N/A,N/A,N/A,N/A,N/A,N/A,N/A,N/A,N/A,N/A,N/A,N/A,N/A,N/A,N/A,N/A,N/A,N/A,N/A,N/A,N/A,N/A,N/A,N/A,N/A,N/A,N/A,N/A,N/A,N/A,N/A,N/A,N/A,N/A,N/A,N/A,N/A,N/A,N/A,N/A,N/A,N/A,N/A,N/A,N/A,N/A,N/A,N/A,N/A,N/A,N/A,N/A
Noah Teye Nartey,20,1128495600,2005/10/05,Superliga,2025/2026,Midfielder,Brøndby,1158,570,588,Denmark,17,9,8,4,2,2,3,2,1,0,0,6,2,4,10,8,2,1,1,0.54,0.23,0.31,0.32,0.31,290,0.78,116,68,579,386,0.16,51,35,-1,6,174219,7.18,0.18,89,47.57,35.88,67,610,32.06,545,91,42.50,71,0.00,0.00,2.12,36,0.00,0.35,1.48,1.12,19,0.00,1.29,0.00,0.00,0.00,0.35,1.06,0.59,3.75,1.17,0.59,1.88,0.00,0.29,0.20,0.00,0.06,0.00,0.00,0,0,,15,0.88,51,5,0.39,53,10,0.78,53,2,5,12,49,0.00,99,0,6,0.47,31,6,88,0.47,36,0,0.00,99,0,0.00,0,0,0.00,0,2.81,99,32,2.50,80,18,1.40,56.25,0,0.00,0,0,0,0.00,0,10,0.00,95,0.78,11,N/A,N/A,N/A,N/A,0.00,0,0.00,0,3.48,0.00,0,89.34,33.33,47,70,0.29,0.39,5,85,73,0,0,0,0.00,0.00,0,22,122.10,0.12,0.16,2,0,0.00,0.00,99,0.00,0,0,0,0.00,0.00,0,0.00,0.00,0.08,0.06,1,0,26.67,97,38,29,49,95,4.24,98,0.25,0.33,3.48,74,0.20,0.27,90,24,1.41,1.87,1.33,1.00,67,17,0.27,71,96,3,64,0,51,2,0,0.00,99,1,0.00,0.08,9.75,7.35,125,62,58,55,4.84,3.65,49.60,22,1.72,13,0,33.33,0,0.00,99,2,0.12,0.16,47,38,57,44,0,0,0,0,0,89,81,81,79,0,53,89,61,59,0,0,18,35,N/A,N/A
Ola Solbakken,27,905151600,1998/09/07,Superliga,2025/2026,Forward,Nordsjælland,1171,643,528,Norway,17,10,7,6,3,3,1,1,0,0,0,6,5,1,16,4,12,1,0,0.54,0.08,0.46,0.42,0.51,195,1.23,73,69,1171,1171,0.08,17,128,-1,3,521663,7.05,0.06,52,39.81,30.47,52,518,25.35,431,59,33.13,54,0.00,0.00,1.06,18,0.00,1.53,0.23,0.18,3,0.00,0.47,0.00,0.00,0.00,0.29,0.47,0.94,5.17,2.38,0.82,1.29,0.00,1.00,0.38,0.00,0.41,0.00,0.00,0,0,,31,1.82,83,17,1.31,95,14,1.08,70,4,2,15,8,0.00,99,0,5,0.38,24,26,62,2.00,71,0,0.00,99,0,0.00,0,0,0.00,0,1.38,80,22,1.69,66,8,0.61,36.36,0,0.00,0,0,0,0.00,0,16,0.00,64,1.23,48,N/A,N/A,N/A,N/A,0.00,0,0.00,0,6.44,0.00,0,83.20,54.84,90,71,0.29,0.38,5,59,33,2,0,0,0.00,0.00,0,22,119.84,0.35,0.46,6,0,0.00,0.00,99,0.00,0,2,0,0.00,0.00,0,0.00,0.00,0.08,0.06,1,0,19.35,88,39,29,36,64,2.13,53,0.13,0.16,5.04,85,0.30,0.39,28,8,0.47,0.61,0.92,0.71,42,12,0.49,93,89,7,64,0,51,33,0,0.00,99,7,0.00,0.54,4.69,3.59,61,24,9,11,1.84,1.41,39.34,8,0.61,58,0,23.08,0,0.00,99,6,0.35,0.46,71,49,38,70,0,0,0,0,0,89,95,95,90,0,86,89,86,32,1,6,37,9,N/A,N/A
Oliver Højer,19,1169625600,2007/01/24,Superliga,2025/2026,Midfielder,København,187,124,63,Denmark,5,3,2,0,0,0,0,0,0,0,0,1,1,0,4,2,2,1,0,0,0,0,0,0,0,1.93,47,37,187,0,0.48,-1,-1,-1,28,0,3.68,0,32,42.35,9.78,59,88,8.33,75,73,36.10,61,0.00,0.00,0.33,3,0.00,0.78,2.41,0.56,5,0.00,0.44,0.00,0.00,0.00,0.00,0.56,0.56,0.00,1.93,0.22,0.78,0.00,0.22,0.05,0.00,0.00,0.00,0.00,0,0,,4,0.44,75,2,0.96,81,2,0.96,64,4,3,2,82,0.00,99,0,0,0.00,6,7,78,3.37,84,0,0.00,99,0,0.00,0,0,0.00,0,1.44,81,7,3.37,89,5,2.41,71.43,0,0.00,0,0,0,0.00,0,5,0.00,18,2.41,91,N/A,N/A,N/A,N/A,0.00,0,0.00,0,0.41,0.00,0,85.23,50.00,88,4,0.33,1.44,3,97,93,0,0,0,0.00,0.00,0,22,33.10,0.33,1.44,3,0,0.00,0.00,99,0.00,0,0,0,0.00,0.00,0,0.00,0.00,0.00,0.00,0,0,0.00,33,0,1,30,19,0.24,33,0.03,0.12,0.41,63,0.05,0.20,1,0,0.00,0.00,0.96,0.22,47,2,0.20,62,5,45,64,0,39,2,0,0.00,99,0,0.00,0.00,10.11,2.33,21,10,58,60,4.81,1.11,47.62,4,1.93,9,0,28.57,0,0.00,99,2,0.22,0.96,91,2,45,70,0,0,0,0,0,15,30,49,43,0,12,37,19,97,1,20,85,38,0,0
Oliver Kristensen,24,992588400,2001/06/15,Superliga,2025/2026,Defender,Viborg,172,70,102,Denmark,7,4,3,0,0,0,0,0,0,0,0,1,1,0,4,0,4,0,0,0,0,0,0,0,0,2.09,43,25,0,0,0,-1,-1,-1,29,0,4.87,0,32,32.97,7.88,36,63,5.38,43,4,22.50,28,0.00,0.00,0.38,3,0.00,1.12,3.14,0.75,6,0.00,0.25,0.00,0.00,0.00,0.00,0.00,0.75,0.00,1.57,0.38,0.00,0.00,0.00,0.02,0.00,0.38,0.00,0.00,0,0,,3,0.38,64,0,0.00,12,3,1.57,90,1,6,1,96,0.00,99,0,0,0.00,6,9,88,4.71,94,0,0.00,99,0,0.00,0,0,0.00,0,1.57,87,0,0.00,9,0,0.00,0.00,0,0.00,0,0,0,0.00,0,6,0.00,8,3.14,93,N/A,N/A,N/A,N/A,0.00,0,0.00,0,0.16,0.00,0,68.25,0.00,12,16,0.25,1.05,2,11,11,0,0,0,0.12,0.52,1,80,38.94,0.75,3.14,6,0,0.00,0.00,99,0.00,0,0,0,0.00,0.00,0,0.00,0.00,0.52,0.12,1,0,0.00,33,0,4,30,9,0.21,29,0.03,0.11,0.16,38,0.02,0.08,93,4,0.50,2.09,1.05,0.25,52,2,0.08,37,15,78,64,0,91,73,0,0.00,99,3,0.00,1.57,10.99,2.62,21,13,94,71,6.80,1.62,61.90,2,1.05,38,0,33.33,0,0.00,99,3,0.38,1.57,99,0,61,27,0,0,0,0,0,15,30,49,43,0,12,30,16,16,0,0,18,23,0,0
Oliver Olsen,25,966150000,2000/08/13,Superliga,2025/2026,Defender,Randers,1464,790,674,Denmark,17,9,8,2,0,2,0,0,0,0,0,6,4,2,20,11,9,3,0,0.12,0,0.12,0,0.27,732,1.23,73,86,488,0,0.18,119,228,31,10,225263,7.02,0,32,46.66,44.65,66,759,34.47,586,30,36.02,61,0.00,0.00,0.65,11,0.00,1.59,2.89,2.76,47,0.00,0.41,0.00,0.00,0.00,1.94,1.12,1.00,10.50,1.29,0.76,2.18,0.00,0.47,0.18,0.00,1.71,0.00,0.00,0,0,,21,1.24,56,8,0.49,59,13,0.80,55,4,1,16,92,0.00,99,0,33,2.03,98,27,40,1.66,64,0,0.00,99,0,0.00,0,0,0.00,0,0.68,36,37,2.27,76,19,1.17,51.35,0,0.00,0,0,0,0.00,0,17,0.00,64,1.05,32,N/A,N/A,N/A,N/A,0.00,0,0.00,0,3.00,0.00,0,77.21,38.10,56,61,0.47,0.49,8,81,65,0,0,0,0.47,0.49,8,79,119.39,3.65,3.81,62,0,0.00,0.00,99,0.00,0,0,1,0.06,0.06,0,0.00,0.00,0.00,0.00,0,0,9.52,52,54,29,75,64,1.37,17,0.08,0.08,3.00,60,0.18,0.18,48,15,0.88,0.92,1.66,1.59,79,27,0.18,59,87,84,79,0,39,80,0,0.00,99,29,0.00,1.78,12.11,11.59,197,110,94,83,6.76,6.47,55.84,7,0.43,68,0,14.81,0,0.00,99,4,0.24,0.25,60,53,31,70,0,0,0,0,0,34,56,77,43,0,65,89,54,63,3,18,80,27,N/A,N/A
Oliver Ross,21,1097391600,2004/10/10,Superliga,2025/2026,Forward,Silkeborg,420,187,233,Denmark,13,6,7,1,1,0,1,1,0,0,0,2,1,1,7,2,5,3,0,0.43,0.21,0.21,0.48,0,420,1.5,60,32,140,420,0.64,77,41,-1,9,0,5.73,0.08,86,29.14,9.71,28,136,7.57,106,33,22.71,29,0.00,0.00,0.29,4,0.00,0.36,0.43,0.14,2,0.00,0.43,0.00,0.00,0.00,0.21,0.36,0.57,11.00,2.36,0.50,0.71,0.00,0.29,0.10,0.00,0.50,0.00,0.00,0,0,,11,0.79,82,4,0.86,78,7,1.50,87,6,9,4,12,0.00,99,0,3,0.64,39,5,53,1.07,54,0,0.00,99,0,0.00,0,0,0.00,0,0.86,47,10,2.14,75,5,1.07,50.00,0,0.00,0,0,0,0.00,0,8,0.00,43,1.71,75,N/A,N/A,N/A,N/A,0.00,0,0.00,0,1.46,0.00,0,77.94,36.36,52,32,0.29,0.86,4,79,64,0,0,0,0.00,0.00,0,22,80.15,0.29,0.86,4,0,0.00,0.00,99,0.00,0,0,0,0.00,0.00,0,0.00,0.00,0.43,0.14,2,0,9.09,50,4,16,58,43,0.95,73,0.07,0.20,1.46,78,0.10,0.31,91,9,0.64,1.93,1.29,0.43,65,6,0.31,75,26,22,64,0,88,73,0,0.00,99,7,0.00,1.50,11.36,3.79,53,23,62,76,4.93,1.64,43.40,6,1.29,29,0,20.00,0,0.00,99,1,0.07,0.21,54,9,79,88,0,0,0,0,0,80,72,49,93,0,12,31,16,99,3,23,89,11,0,0
Oliver Sørensen,24,1015747200,2002/03/10,Superliga,2025/2026,Midfielder,Midtjylland,172,102,70,Denmark,3,2,1,0,0,0,0,0,0,0,0,1,0,1,2,2,0,0,0,0,0,0,0,0,0,1.05,86,57,0,0,0,-1,-1,-1,24,0,6.40,0,32,45.00,28.67,64,86,23.67,71,56,37.15,64,0.00,0.00,0.33,1,0.00,0.33,3.66,2.33,7,0.00,1.00,0.00,0.00,0.00,0.00,0.00,0.00,0.00,1.57,0.67,0.33,0.00,0.33,0.09,0.00,1.00,0.00,0.00,0,0,,3,1.00,64,1,0.52,61,2,1.05,69,2,1,2,99,0.00,99,0,0,0.00,6,1,27,0.52,38,0,0.00,99,0,0.00,0,0,0.00,0,0.52,31,1,0.52,27,0,0.00,0.00,0,0.00,0,0,0,0.00,0,0,0.00,76,0.00,0,N/A,N/A,N/A,N/A,0.00,0,0.00,0,0.27,0.00,0,82.56,33.33,47,16,0.67,1.05,2,11,11,0,0,0,0.00,0.00,0,22,19.19,0.67,1.05,2,1,0.00,0.52,0,0.33,0,0,0,0.00,0.00,0,0.00,0.00,0.52,0.33,1,0,0.00,33,0,0,30,77,0.22,33,0.07,0.12,0.27,53,0.09,0.14,1,0,0.00,0.00,0.52,0.33,16,1,0.14,53,45,31,64,0,91,73,0,0.00,99,3,0.00,1.57,9.42,6.00,18,10,68,51,5.23,3.33,55.56,3,1.57,20,0,0.00,0,0.00,99,0,0.00,0.00,27,2,31,44,0,0,0,0,0,15,30,49,43,0,12,83,16,16,0,0,18,24,0,0
Oliver Villadsen,24,1005897600,2001/11/16,Superliga,2025/2026,Defender,Brøndby,1638,731,907,Denmark,29,15,14,0,0,0,2,1,1,0,0,10,4,6,17,7,10,3,0,0.11,0.11,0,0,0,0,0.93,96,56,546,819,0.16,241,109,13,29,528667,5.99,0.07,59,42.31,24.12,59,772,20.50,656,71,35.96,60,0.00,0.00,0.72,23,0.00,1.78,1.81,1.03,33,0.00,0.50,0.00,0.00,0.00,0.91,0.88,0.62,0.00,0.44,0.16,1.44,0.00,0.09,0.02,0.00,0.41,0.00,0.00,0,0,,8,0.25,23,3,0.16,30,5,0.27,21,3,13,16,67,0.00,99,0,29,1.59,88,57,77,3.12,82,0,0.00,99,0,0.00,0,0,0.00,0,1.26,73,46,2.52,81,28,1.53,60.87,0,0.00,0,0,0,0.00,0,20,0.00,84,1.10,36,N/A,N/A,N/A,N/A,0.00,0,0.00,0,0.76,0.00,0,84.97,37.50,55,7,0.75,1.32,24,89,82,0,0,0,0.25,0.44,8,76,191.79,1.84,3.23,59,0,0.00,0.00,99,0.00,0,0,1,0.03,0.05,0,0.00,0.00,0.11,0.06,2,0,0.00,33,60,81,30,84,3.61,73,0.11,0.20,0.76,24,0.02,0.04,75,25,0.78,1.37,0.77,0.44,31,14,0.04,24,32,79,77,0,59,42,0,0.00,99,13,0.00,0.71,10.41,5.94,190,98,72,64,5.37,3.06,51.58,16,0.88,46,0,28.07,0,0.00,99,16,0.50,0.88,89,53,91,61,0,0,0,0,0,33,30,49,43,0,87,84,57,59,3,10,59,2,N/A,N/A
Olti Hyseni,18,1183791600,2007/07/07,Superliga,2025/2026,Midfielder,SønderjyskE,1652,827,825,Denmark,31,15,16,5,3,2,4,2,2,0,0,9,4,5,30,12,18,3,0,0.49,0.22,0.27,0.33,0.22,330,1.63,55,53,551,413,0.16,64,39,-1,3,106703,6.57,0.13,87,25.26,14.50,22,464,10.16,325,9,17.70,18,0.00,0.00,0.91,29,0.00,2.16,1.63,0.94,30,0.00,0.97,0.00,0.00,0.00,0.44,0.94,0.78,9.40,2.56,0.94,2.84,0.00,0.53,0.21,0.00,0.16,0.00,0.00,0,0,,47,1.47,87,17,0.93,80,30,1.63,91,3,14,17,56,0.00,99,0,14,0.76,48,69,58,3.76,89,0,0.00,99,0,0.00,0,0,0.00,0,1.58,87,91,4.95,96,30,1.63,32.97,0,0.00,0,0,0,0.00,0,25,0.00,33,1.36,60,N/A,N/A,N/A,N/A,0.00,0,0.00,0,6.85,0.00,0,70.04,36.17,51,27,0.53,0.93,17,91,25,0,0,0,0.00,0.00,0,22,210.38,0.66,1.14,21,0,0.00,0.00,99,0.00,0,0,1,0.03,0.05,0,0.00,0.00,0.22,0.12,4,0,10.64,60,61,93,54,33,4.67,89,0.15,0.25,6.85,84,0.21,0.37,96,44,1.38,2.40,1.36,0.78,69,25,0.37,81,53,34,77,0,73,14,0,0.00,99,5,0.00,0.27,13.88,7.97,255,108,84,93,5.88,3.38,42.35,31,1.69,16,0,21.74,0,0.00,99,15,0.47,0.82,87,57,92,61,0,0,0,0,0,84,77,72,81,0,28,64,58,59,3,10,59,24,N/A,N/A
Oscar Buch,29,855907200,1997/02/14,Superliga,2025/2026,Forward,Fredericia,1358,619,739,Denmark,22,9,13,6,3,3,1,1,0,0,0,1,1,0,30,14,16,2,0,0.46,0.07,0.4,0.44,0.37,226,1.99,45,62,679,1358,0.13,30,135,-1,1,114804,6.55,0.05,48,21.27,13.96,16,321,10.78,248,31,16.44,16,0.00,0.00,0.57,13,0.00,1.52,1.26,0.83,19,0.00,1.09,0.00,0.00,0.00,0.43,0.52,1.35,5.17,2.05,0.74,1.26,0.00,0.61,0.27,0.00,0.48,0.00,0.00,0,0,,31,1.35,76,14,0.93,80,17,1.13,72,3,8,14,40,0.00,99,0,10,0.66,41,35,39,2.32,76,0,0.00,99,0,0.00,0,0,0.00,0,0.86,47,29,1.92,71,12,0.80,41.38,0,0.00,0,0,0,0.00,0,31,0.00,14,2.05,86,N/A,N/A,N/A,N/A,0.00,0,0.00,0,6.15,0.00,0,77.26,45.16,74,64,0.30,0.46,7,67,42,0,0,0,0.30,0.46,7,76,150.70,1.09,1.66,25,0,0.00,0.00,99,0.00,0,0,1,0.04,0.07,0,0.00,0.00,0.53,0.35,8,0,19.35,88,50,45,40,14,1.55,22,0.07,0.10,6.15,87,0.27,0.41,73,20,0.87,1.33,1.19,0.78,58,18,0.41,84,51,51,84,0,91,44,0,0.00,99,11,0.00,0.73,10.21,6.70,154,60,39,61,3.98,2.61,38.96,25,1.66,16,0,14.29,0,0.00,99,5,0.22,0.33,64,45,75,61,0,0,0,0,0,83,91,87,91,0,34,5,67,50,2,9,52,97,N/A,N/A
Oscar Hedvall,27,902646000,1998/08/09,Superliga,2025/2026,Goalkeeper,Viborg,0,0,0,Denmark,0,0,0,0,0,0,0,0,0,0,0,0,0,0,0,0,0,0,0,0,0,0,0,0,0,0,0,0,0,0,0,-1,-1,-1,-1,N/A,N/A,N/A,N/A,N/A,N/A,N/A,N/A,N/A,N/A,N/A,N/A,N/A,N/A,N/A,N/A,N/A,N/A,N/A,N/A,N/A,N/A,N/A,N/A,N/A,N/A,N/A,N/A,N/A,N/A,N/A,N/A,N/A,N/A,N/A,N/A,N/A,N/A,N/A,N/A,N/A,N/A,N/A,N/A,N/A,N/A,N/A,N/A,N/A,N/A,N/A,N/A,N/A,N/A,N/A,N/A,N/A,N/A,N/A,N/A,N/A,N/A,N/A,N/A,N/A,N/A,N/A,N/A,N/A,N/A,N/A,N/A,N/A,N/A,N/A,N/A,N/A,N/A,N/A,N/A,N/A,N/A,N/A,N/A,N/A,N/A,N/A,N/A,N/A,N/A,N/A,N/A,N/A,N/A,N/A,N/A,N/A,N/A,N/A,N/A,N/A,N/A,N/A,N/A,N/A,N/A,N/A,N/A,N/A,N/A,N/A,N/A,N/A,N/A,N/A,N/A,N/A,N/A,N/A,N/A,N/A,N/A,N/A,N/A,N/A,N/A,N/A,N/A,N/A,N/A,N/A,N/A,N/A,N/A,N/A,N/A,N/A,N/A,N/A,N/A,N/A,N/A,N/A,N/A,N/A,N/A,N/A,N/A,N/A,N/A,N/A,N/A,N/A,N/A,N/A,N/A,N/A,N/A,N/A,N/A,N/A,N/A,N/A,N/A,N/A,N/A,N/A,N/A,N/A,N/A,N/A,N/A,N/A,N/A,N/A,N/A,N/A,N/A,N/A,N/A,N/A,N/A,N/A,N/A,N/A,N/A,N/A,N/A,N/A,N/A,N/A,N/A,N/A,N/A,N/A,N/A,N/A,N/A,N/A,N/A,N/A,N/A,N/A,N/A,N/A,N/A,N/A,N/A,N/A,N/A,N/A,N/A,N/A,N/A,N/A,N/A,N/A,N/A,N/A,N/A,N/A,N/A,N/A,N/A
Oskar Fenger,18,1204876800,2008/03/07,Superliga,2025/2026,Forward,Brøndby,6,6,0,Denmark,1,1,0,0,0,0,0,0,0,0,0,1,1,0,0,0,0,0,0,0,0,0,0,0,0,0,0,6,0,0,0,-1,-1,-1,20,0,3.25,0,32,0.00,0.00,0,0,0.00,0,0,0.00,0,0.00,0.00,0.00,0,0.00,0.00,0.00,0.00,0,0.00,0.00,0.00,0.00,0.00,0.00,0.00,0.00,0.00,0.00,0.00,0.00,0.00,0.00,0.00,0.00,0.00,0.00,0.00,0,0,,0,0.00,8,0,0.00,12,0,0.00,9,0,1,0,4,0.00,99,0,0,0.00,6,0,27,0.00,11,0,0.00,99,0,0.00,0,0,0.00,0,0.00,7,0,0.00,9,0,0.00,0.00,0,0.00,0,0,0,0.00,0,0,0.00,99,0.00,0,N/A,N/A,N/A,N/A,0.00,0,0.00,0,0.00,0.00,0,0.00,0.00,12,99,0.00,0.00,0,11,11,0,0,0,0.00,0.00,0,22,6.50,0.00,0.00,0,0,0.00,0.00,99,0.00,0,0,0,0.00,0.00,0,0.00,0.00,0.00,0.00,0,0,0.00,33,0,0,30,0,0.00,0,0.00,0.00,0.00,9,0.00,0.00,1,0,0.00,0.00,0.00,0.00,6,0,0.00,8,3,1,64,0,39,2,0,0.00,99,0,0.00,0.00,0.00,0.00,0,0,0,0,0.00,0.00,0.00,0,0.00,99,0,0.00,0,0.00,99,0,0.00,0.00,27,0,31,11,0,0,0,0,0,15,30,49,43,0,12,99,16,16,0,0,18,51,0,0
Osman Abdulkadir Addo,22,1080720000,2004/03/31,Superliga,2025/2026,Forward,Viborg,143,102,41,Denmark,8,4,4,2,0,2,0,0,0,0,0,2,0,2,2,0,2,0,0,1.26,0,1.26,0,4.39,72,1.26,72,18,0,0,0,-1,-1,-1,10,0,3.86,0,32,28.32,3.21,27,45,2.86,40,88,25.17,35,0.00,0.00,0.36,5,0.00,0.07,3.78,0.43,6,0.00,0.21,0.00,0.00,0.00,0.07,0.21,0.29,2.00,2.52,0.14,0.36,0.00,0.14,0.11,0.00,0.07,0.00,0.00,0,0,,4,0.29,85,2,1.26,93,2,1.26,78,0,8,0,99,0.00,99,0,1,0.63,39,1,27,0.63,42,0,0.00,99,0,0.00,0,0,0.00,0,3.15,99,5,3.15,88,3,1.89,60.00,0,0.00,0,0,0,0.00,0,4,0.00,62,2.52,91,N/A,N/A,N/A,N/A,0.00,0,0.00,0,1.51,0.00,0,88.89,50.00,88,0,0.29,2.52,4,94,81,0,0,0,0.00,0.00,0,22,54.07,0.14,1.26,2,0,0.00,0.00,99,0.00,0,0,0,0.00,0.00,0,0.00,0.00,1.89,0.21,3,0,50.00,99,0,5,30,62,0.28,63,0.02,0.18,1.51,99,0.11,0.95,1,0,0.00,0.00,1.89,0.21,90,3,0.95,99,6,40,64,0,99,40,0,0.00,99,1,0.00,0.63,15.10,1.71,24,10,88,98,6.29,0.71,41.67,3,1.89,10,0,0.00,0,0.00,99,0,0.00,0.00,27,0,75,11,0,0,0,0,0,99,99,99,43,0,12,48,16,16,0,0,18,17,0,0
Ousmane Diao,21,1086678000,2004/06/08,Superliga,2025/2026,Defender,Midtjylland,1686,879,807,Senegal,22,11,11,1,1,0,2,1,1,0,0,8,3,5,13,9,4,6,1,0.16,0.11,0.05,0.1,0,1686,0.69,130,77,281,843,0.32,162,105,1,12,462383,6.36,0.09,59,56.26,45.83,81,1054,38.70,890,67,47.51,80,0.00,0.00,0.57,13,0.00,0.57,2.19,1.78,41,0.00,0.39,0.00,0.00,0.00,1.00,0.43,0.65,14.00,0.75,0.52,0.52,0.00,0.09,0.06,0.00,2.00,0.00,0.00,0,0,,14,0.61,40,2,0.11,23,12,0.64,48,7,3,19,78,0.00,99,0,23,1.23,74,13,98,0.69,43,0,0.00,99,0,0.00,0,0,0.00,0,0.69,37,12,0.64,33,10,0.53,83.33,0,0.00,0,0,0,0.00,0,15,0.00,98,0.80,13,N/A,N/A,N/A,N/A,0.00,0,0.00,0,1.47,0.00,0,84.44,14.29,16,40,0.57,0.69,13,51,96,0,0,0,0.48,0.59,11,84,146.35,3.04,3.74,70,0,0.00,0.00,99,0.00,0,0,0,0.00,0.00,0,0.00,0.00,0.11,0.09,2,0,7.14,41,62,45,93,98,3.36,63,0.15,0.18,1.47,38,0.06,0.08,18,8,0.35,0.43,1.28,1.04,64,24,0.08,37,44,84,64,0,59,90,0,0.00,99,46,0.00,2.46,10.78,8.78,202,105,78,69,5.60,4.57,51.98,9,0.48,64,0,53.85,0,0.00,99,7,0.30,0.37,66,61,45,95,0,0,0,0,0,45,38,49,54,0,85,93,31,85,5,23,89,4,N/A,N/A
Ousmane Sow,25,962780400,2000/07/05,Superliga,2025/2026,Forward,Brøndby,558,221,337,France,13,6,7,0,0,0,0,0,0,0,0,6,3,3,7,2,5,1,0,0,0,0,0,0,0,1.13,80,43,558,0,0.16,192,174,-1,24,0,5.59,0,32,19.32,8.57,11,120,6.43,90,20,14.49,12,0.00,0.00,0.36,5,0.00,1.29,2.09,0.93,13,0.00,0.71,0.00,0.00,0.00,0.21,0.64,0.50,0.00,0.97,0.36,1.86,0.00,0.07,0.03,0.00,0.57,0.00,0.00,0,0,,6,0.43,48,1,0.16,30,5,0.81,56,2,7,6,75,0.00,99,0,3,0.48,32,18,60,2.90,80,0,0.00,99,0,0.00,0,0,0.00,0,0.81,45,26,4.19,94,9,1.45,34.62,0,0.00,0,0,0,0.00,0,7,0.00,69,1.13,38,N/A,N/A,N/A,N/A,0.00,0,0.00,0,0.41,0.00,0,75.00,16.67,18,88,0.07,0.16,1,86,32,0,0,0,0.07,0.16,1,45,78.22,0.21,0.48,3,0,0.00,0.00,99,0.00,0,0,0,0.00,0.00,0,0.00,0.00,0.16,0.07,1,0,0.00,33,13,16,30,70,0.41,13,0.03,0.07,0.41,33,0.03,0.07,63,7,0.50,1.13,1.77,0.79,86,11,0.07,33,24,9,64,0,67,68,0,0.00,99,8,0.00,1.29,13.04,5.79,81,37,84,89,5.96,2.64,45.68,10,1.61,17,0,22.22,0,0.00,99,4,0.29,0.64,82,19,69,44,0,0,0,0,0,15,30,49,43,0,12,99,59,59,1,8,49,22,0,0
Pantelis Hatzidiakos,29,853574400,1997/01/18,Superliga,2025/2026,Defender,København,2175,1062,1113,Netherlands,28,14,14,2,0,2,0,0,0,0,0,8,6,2,34,14,20,5,0,0.08,0,0.08,0,0.16,1088,1.41,64,78,435,0,0.21,134,221,44,15,770639,6.26,0,32,83.26,64.94,99,2013,59.29,1838,96,76.02,98,0.00,0.00,0.10,3,0.00,0.13,1.20,0.94,29,0.00,0.06,0.00,0.00,0.00,0.90,0.03,0.90,7.00,0.58,0.32,0.10,0.00,0.13,0.07,0.00,1.13,0.00,0.00,0,0,,14,0.45,33,4,0.17,31,10,0.41,34,1,4,24,37,0.00,99,0,28,1.16,70,4,27,0.17,20,0,0.00,99,0,0.00,0,0,0.00,0,0.12,10,3,0.12,13,1,0.04,33.33,0,0.00,0,0,0,0.00,0,28,0.00,48,1.16,42,N/A,N/A,N/A,N/A,0.00,0,0.00,0,2.17,0.00,0,91.31,28.57,33,54,0.42,0.54,13,13,30,0,0,0,0.48,0.62,15,86,194.12,2.74,3.52,85,0,0.00,0.00,99,0.00,0,0,0,0.00,0.00,0,0.00,0.00,0.04,0.03,1,0,14.29,75,75,73,82,48,4.00,58,0.13,0.17,2.17,42,0.07,0.09,7,4,0.13,0.17,0.95,0.74,46,23,0.09,41,41,83,64,0,44,72,0,0.00,99,35,0.00,1.45,5.62,4.39,136,69,15,13,2.85,2.23,50.74,2,0.08,88,0,0.00,0,0.00,99,0,0.00,0.00,27,74,51,27,0,0,0,0,0,27,48,66,43,0,93,64,50,68,5,18,80,6,N/A,N/A
Patrick Egelund,25,965199600,2000/08/02,Superliga,2025/2026,Forward,Fredericia,471,266,205,Denmark,15,9,6,1,1,0,1,1,0,0,0,2,1,1,7,3,4,0,0,0.38,0.19,0.19,0.34,0,471,1.34,67,31,0,471,0,84,53,-1,11,46799,4.12,0.07,82,17.43,4.33,7,91,3.43,72,39,13.79,11,0.00,0.00,0.19,4,0.00,0.10,0.57,0.14,3,0.00,0.33,0.00,0.00,0.00,0.14,0.24,0.24,7.00,1.34,0.19,0.43,0.00,0.14,0.05,0.00,0.14,0.00,0.00,0,0,,7,0.33,59,3,0.57,64,4,0.77,53,2,11,4,14,0.00,99,0,3,0.57,36,2,27,0.38,32,0,0.00,99,0,0.00,0,0,0.00,0,0.77,41,9,1.72,67,5,0.96,55.56,0,0.00,0,0,0,0.00,0,5,0.00,54,0.96,27,N/A,N/A,N/A,N/A,0.00,0,0.00,0,1.15,0.00,0,79.12,42.86,70,23,0.24,0.96,5,72,72,0,0,0,0.05,0.19,1,49,86.50,0.43,1.72,9,0,0.00,0.00,99,0.00,0,0,1,0.05,0.19,0,0.00,0.00,0.38,0.10,2,0,14.29,75,9,22,61,54,0.89,58,0.04,0.17,1.15,67,0.05,0.22,86,9,0.43,1.72,0.77,0.19,31,4,0.22,66,8,53,97,0,85,36,0,0.00,99,3,0.00,0.57,9.77,2.43,51,18,24,56,3.45,0.86,35.29,7,1.34,27,0,0.00,0,0.00,99,0,0.00,0.00,27,9,86,44,0,0,0,0,0,74,69,49,82,0,19,27,16,16,0,0,18,9,N/A,N/A
Patrick Mortensen,36,616316400,1989/07/13,Superliga,2025/2026,Forward,AGF,2307,1152,1155,Denmark,32,16,16,9,6,3,1,1,0,0,0,9,7,2,24,11,13,2,0,0.39,0.04,0.35,0.47,0.23,256,0.94,96,72,1154,2307,0.08,38,165,-1,3,592800,6.74,0.03,40,13.11,10.50,2,336,7.59,243,13,9.48,1,0.00,0.00,0.75,24,0.00,0.06,0.43,0.34,11,0.00,0.41,0.00,0.00,0.00,0.12,0.06,0.62,6.11,2.15,0.94,0.34,0.00,0.78,0.32,0.00,1.66,0.00,0.00,0,0,,55,1.72,79,25,0.98,82,30,1.17,75,1,5,27,12,0.00,99,0,4,0.16,10,2,27,0.08,16,0,0.00,99,0,0.00,0,0,0.00,0,0.94,51,11,0.43,24,2,0.08,18.18,0,0.00,0,0,0,0.00,0,20,0.00,83,0.78,11,N/A,N/A,N/A,N/A,0.00,0,0.00,0,10.12,0.00,0,72.32,45.45,75,91,0.09,0.12,3,17,13,0,2,0,0.09,0.12,3,39,215.76,0.81,1.01,26,0,0.00,0.00,99,0.00,0,2,3,0.09,0.12,0,0.00,0.00,0.74,0.59,19,0,16.36,79,79,99,45,84,1.90,13,0.06,0.07,8.72,80,0.27,0.34,60,28,0.88,1.09,1.01,0.81,50,26,0.39,83,62,31,90,0,95,85,0,0.00,99,53,0.00,2.07,7.92,6.34,203,92,28,33,3.59,2.88,45.32,13,0.51,63,0,0.00,0,0.00,99,0,0.00,0.00,27,84,57,27,0,0,0,0,0,75,85,74,92,0,90,64,86,32,2,6,37,9,N/A,N/A
Patrick Pentz,29,852192000,1997/01/02,Superliga,2025/2026,Goalkeeper,Brøndby,2685,1350,1335,Austria,30,15,15,1,1,0,0,0,0,0,0,11,4,7,29,17,12,1,1,0.03,0,0.03,0.07,0,2685,0.97,93,90,1343,0,0.07,179,241,16,14,660834,7.09,0,32,32.21,32.03,34,961,24.87,746,33,25.01,34,0.00,0.00,0.00,0,0.00,0.07,0.07,0.07,2,0.00,0.03,0.00,0.00,3.47,0.03,0.00,4.57,0.00,0.00,0.00,0.00,0.00,0.00,0.00,0.00,0.33,0.00,0.00,0,0,,0,0.00,8,0,0.00,12,0,0.00,9,0,0,30,7,0.00,99,0,1,0.03,7,2,27,0.07,15,0,0.00,99,0,0.00,0,0,0.00,0,0.00,7,0,0.00,9,0,0.00,0.00,0,0.00,0,104,95,3.49,89,137,0.00,81,4.59,97,N/A,N/A,N/A,N/A,75.91,0,0.00,0,0.00,0.00,0,77.63,0.00,12,99,0.00,0.00,0,11,11,0,0,64,0.00,0.00,0,22,212.75,0.77,0.77,23,1,0.00,0.03,18,0.03,0,0,0,0.00,0.00,11,0.37,0.37,0.00,0.00,0,0,0.00,33,95,88,99,81,1.63,7,0.05,0.05,0.00,9,0.00,0.00,12,8,0.27,0.27,0.03,0.03,7,1,0.00,8,91,18,64,42,39,18,0,0.00,99,10,0.00,0.34,0.67,0.67,20,18,6,5,0.60,0.60,90.00,1,0.03,94,0,0.00,0,0.00,99,0,0.00,0.00,27,95,21,11,0,0,0,0,0,17,31,49,48,0,91,93,91,29,0,0,18,1,N/A,N/A
Paul Izzo,31,789379200,1995/01/06,Superliga,2025/2026,Goalkeeper,Randers,2340,1350,990,Australia,26,15,11,0,0,0,0,0,0,0,0,8,5,3,33,21,12,1,0,0,0,0,0,0,0,1.27,71,90,2340,0,0.04,186,192,33,24,284544,6.96,0,32,31.92,31.92,33,830,22.50,585,10,22.50,28,0.00,0.00,0.00,0,0.00,0.00,0.08,0.08,2,0.00,0.04,0.00,0.00,3.31,0.00,0.08,4.73,0.00,0.00,0.00,0.08,0.00,0.00,0.00,0.00,0.27,0.00,0.00,0,0,,0,0.00,8,0,0.00,12,0,0.00,9,0,0,26,7,0.00,99,0,0,0.00,6,0,27,0.00,11,0,0.00,99,0,0.00,0,0,0.00,0,0.00,7,2,0.08,11,2,0.08,100.00,0,0.00,0,86,79,3.31,74,123,0.00,60,4.73,98,N/A,N/A,N/A,N/A,69.92,0,0.00,0,0.00,0.00,0,70.48,0.00,12,92,0.08,0.08,2,17,99,0,0,46,0.00,0.00,0,22,180.98,1.00,1.00,26,0,0.00,0.00,99,0.00,0,0,0,0.00,0.00,8,0.31,0.31,0.00,0.00,0,0,0.00,33,81,62,30,61,1.39,7,0.05,0.05,0.00,9,0.00,0.00,2,2,0.08,0.08,0.00,0.00,6,0,0.00,8,82,30,64,37,39,14,0,0.00,99,7,0.00,0.27,0.65,0.65,17,13,4,4,0.50,0.50,76.47,1,0.04,93,0,0.00,0,0.00,99,0,0.00,0.00,27,78,21,11,0,0,0,0,0,15,30,49,43,0,71,75,96,23,1,4,29,1,N/A,N/A
Paulinho,31,789120000,1995/01/03,Superliga,2025/2026,Defender,Midtjylland,469,323,146,Brazil,16,10,6,1,1,0,1,1,0,0,0,3,2,1,9,7,2,0,0,0.38,0.19,0.19,0.28,0,469,1.73,52,29,0,469,0,83,52,64,13,462383,4.18,0.06,82,37.80,8.21,49,197,6.33,152,29,29.17,46,0.00,0.00,0.29,7,0.00,1.33,2.49,0.54,13,0.00,0.17,0.00,0.00,0.00,0.04,0.12,0.50,7.00,1.34,0.17,0.42,0.00,0.12,0.05,0.00,0.38,0.00,0.00,0,0,,7,0.29,59,3,0.58,65,4,0.77,53,6,13,3,84,0.00,99,0,1,0.19,13,32,71,6.14,98,0,0.00,99,0,0.00,0,0,0.00,0,1.34,77,10,1.92,71,3,0.58,30.00,0,0.00,0,0,0,0.00,0,12,0.00,26,2.30,90,N/A,N/A,N/A,N/A,0.00,0,0.00,0,1.18,0.00,0,77.16,42.86,70,23,0.21,0.96,5,55,22,0,0,0,0.08,0.38,2,70,100.31,0.62,2.88,15,0,0.00,0.00,99,0.00,0,0,1,0.04,0.19,0,0.00,0.00,0.19,0.04,1,0,14.29,75,8,25,61,27,1.18,83,0.05,0.23,1.18,68,0.05,0.23,91,10,0.42,1.92,1.15,0.25,56,6,0.23,67,9,77,97,0,71,77,0,0.00,99,9,0.00,1.73,11.32,2.46,59,35,93,75,6.72,1.46,59.32,4,0.77,51,0,25.00,0,0.00,99,8,0.33,1.54,99,2,91,88,0,0,0,0,0,74,69,49,75,0,85,36,16,16,0,0,18,29,N/A,N/A
Pedro Antonio Bravo Landazuri,21,1101456000,2004/11/26,Superliga,2025/2026,Midfielder,Midtjylland,1924,815,1109,Colombia,28,12,16,1,1,0,0,0,0,0,0,9,2,7,21,13,8,5,1,0.05,0,0.05,0.11,0,1924,0.98,92,69,385,0,0.23,164,248,-1,19,228288,6.56,0,32,37.61,27.72,49,804,24.52,711,87,33.26,56,0.00,0.00,0.31,9,0.00,0.14,2.53,1.86,54,0.00,0.59,0.00,0.00,0.00,1.03,0.45,0.72,10.00,0.47,0.17,0.72,0.00,0.17,0.05,0.00,1.07,0.00,0.00,0,0,,10,0.34,24,5,0.23,40,5,0.23,18,5,7,21,86,0.00,99,0,30,1.40,82,4,71,0.19,21,0,0.00,99,0,0.00,0,0,0.00,0,0.42,27,21,0.98,44,13,0.61,61.90,0,0.00,0,0,0,0.00,0,21,0.00,81,0.98,28,N/A,N/A,N/A,N/A,0.00,0,0.00,0,1.55,0.00,0,88.43,50.00,88,26,0.69,0.94,20,59,83,0,0,0,0.45,0.61,13,85,190.15,1.07,1.45,31,0,0.00,0.00,99,0.00,0,0,0,0.00,0.00,0,0.00,0.00,0.00,0.00,0,0,10.00,57,68,73,94,81,1.63,17,0.06,0.08,1.55,33,0.05,0.07,28,13,0.45,0.61,1.73,1.28,83,37,0.07,33,52,45,64,0,39,72,0,0.00,99,31,0.00,1.45,9.87,7.28,211,109,67,57,5.10,3.76,51.66,17,0.80,50,0,25.00,0,0.00,99,1,0.03,0.05,32,67,69,80,0,0,0,0,0,21,38,49,56,0,66,77,44,73,4,14,71,19,N/A,N/A
Pedro Ganchas,25,959756400,2000/05/31,Superliga,2025/2026,Defender,Silkeborg,2546,1396,1150,Portugal,29,16,13,2,1,1,1,1,0,0,0,3,2,1,50,24,26,3,0,0.11,0.04,0.07,0.06,0.08,1273,1.77,51,88,849,2546,0.11,148,153,66,6,52000,6.89,0.03,40,62.39,60.86,87,1765,56.31,1633,98,57.73,89,0.00,0.00,0.21,6,0.00,0.14,1.20,1.17,34,0.00,0.31,0.00,0.00,0.00,1.62,0.17,1.59,6.50,0.46,0.24,0.34,0.00,0.21,0.08,0.00,2.17,0.00,0.00,0,0,,13,0.45,24,6,0.21,36,7,0.25,20,3,0,29,37,0.00,99,0,47,1.66,92,4,71,0.14,19,0,0.00,99,0,0.00,0,0,0.00,0,0.21,13,10,0.35,22,5,0.18,50.00,0,0.00,0,0,0,0.00,0,46,0.00,25,1.63,72,N/A,N/A,N/A,N/A,0.00,0,0.00,0,2.25,0.00,0,92.52,46.15,76,55,0.52,0.53,15,24,64,0,0,0,0.79,0.81,23,92,199.95,4.69,4.81,136,1,0.00,0.04,16,0.03,0,0,0,0.00,0.00,0,0.00,0.00,0.07,0.07,2,0,15.38,76,89,81,88,25,3.86,43,0.13,0.14,2.25,38,0.08,0.08,48,26,0.90,0.92,0.95,0.93,46,27,0.08,37,77,90,64,0,49,88,0,0.00,99,63,0.00,2.23,7.28,7.10,206,124,46,27,4.38,4.28,60.19,9,0.32,75,0,25.00,0,0.00,99,1,0.03,0.04,31,89,21,61,0,0,0,0,0,33,45,54,45,0,20,18,75,44,3,10,59,4,N/A,N/A
Pelle Mattsson,24,996908400,2001/08/04,Superliga,2025/2026,Midfielder,Silkeborg,478,118,360,Denmark,6,2,4,0,0,0,0,0,0,0,0,0,0,0,14,4,10,2,0,0,0,0,0,0,0,2.64,34,80,239,0,0.38,236,234,-1,28,841062,7.17,0,32,72.11,63.83,96,383,56.83,341,89,64.21,94,0.00,0.00,1.50,9,0.00,0.17,1.88,1.67,10,0.00,1.50,0.00,0.00,0.00,1.00,0.83,0.67,0.00,0.56,0.50,1.17,0.00,0.00,0.03,0.00,0.83,0.00,0.00,0,0,,3,0.50,31,0,0.00,12,3,0.56,45,2,0,6,71,0.00,99,0,6,1.13,69,1,27,0.19,21,0,0.00,99,0,0.00,0,0,0.00,0,1.69,89,7,1.32,55,5,0.94,71.43,0,0.00,0,0,0,0.00,0,4,0.00,1,0.75,9,N/A,N/A,N/A,N/A,0.00,0,0.00,0,0.17,0.00,0,89.03,0.00,12,12,1.00,1.13,6,71,93,0,0,0,0.17,0.19,1,49,43.00,1.83,2.07,11,0,0.00,0.00,99,0.00,0,0,0,0.00,0.00,0,0.00,0.00,0.00,0.00,0,0,0.00,33,9,3,30,1,0.93,63,0.15,0.18,0.17,20,0.03,0.03,96,13,2.17,2.45,0.94,0.83,44,5,0.03,18,94,62,64,0,39,54,0,0.00,99,5,0.00,0.94,11.11,9.83,59,33,88,73,6.21,5.50,55.93,9,1.69,16,0,0.00,0,0.00,99,0,0.00,0.00,27,19,21,44,0,0,0,0,0,15,30,49,43,0,95,3,25,92,2,33,99,6,N/A,N/A
Peter Ankersen,35,653986800,1990/09/22,Superliga,2025/2026,Defender,Nordsjælland,2564,1240,1324,Denmark,30,14,16,3,1,2,1,1,0,0,0,9,7,2,35,12,23,6,0,0.14,0.04,0.11,0.07,0.14,855,1.23,73,85,427,2564,0.21,123,161,30,6,284544,6.99,0.03,40,71.42,67.80,94,2034,58.97,1769,84,62.12,93,0.00,0.00,0.80,24,0.00,2.80,1.09,1.03,31,0.00,0.53,0.00,0.00,0.00,1.27,0.27,0.87,11.33,1.19,0.80,0.97,0.00,0.33,0.14,0.00,0.57,0.00,0.00,0,0,,34,1.13,53,10,0.35,50,24,0.84,58,2,0,30,29,0.00,99,0,38,1.33,78,84,54,2.95,81,0,0.00,99,0,0.00,0,0,0.00,0,0.84,45,29,1.02,45,8,0.28,27.59,0,0.00,0,0,0,0.00,0,26,0.00,64,0.91,22,N/A,N/A,N/A,N/A,0.00,0,0.00,0,4.12,0.00,0,86.97,29.41,34,41,0.63,0.67,19,31,17,0,0,0,0.40,0.42,12,75,209.74,2.50,2.63,75,0,0.00,0.00,99,0.00,0,0,2,0.07,0.07,0,0.00,0.00,0.00,0.00,0,0,8.82,47,90,88,78,64,4.96,58,0.17,0.17,4.12,53,0.14,0.14,73,38,1.27,1.33,0.63,0.60,20,18,0.14,53,84,73,84,0,39,38,0,0.00,99,17,0.00,0.60,6.57,6.23,187,92,20,21,3.23,3.07,49.20,16,0.56,61,0,20.24,0,0.00,99,17,0.57,0.60,80,95,21,44,0,0,0,0,0,40,54,63,48,0,71,70,49,68,6,20,85,2,N/A,N/A
Peter Villum Berthelsen,20,1144998000,2006/04/14,Superliga,2025/2026,Midfielder,Nordsjælland,870,342,528,Denmark,21,10,11,0,0,0,0,0,0,0,0,5,4,1,17,6,11,2,0,0,0,0,0,0,0,1.76,51,41,435,0,0.21,205,201,-1,15,48060,4.44,0,32,31.34,10.82,32,303,9.14,256,67,26.48,38,0.00,0.00,0.54,15,0.00,0.11,1.24,0.43,12,0.00,0.86,0.00,0.00,0.00,0.29,0.43,0.39,0.00,1.24,0.25,0.82,0.00,0.18,0.04,0.00,0.18,0.00,0.00,0,0,,12,0.43,54,5,0.52,61,7,0.72,50,1,11,10,39,0.00,99,0,8,0.83,52,3,88,0.31,30,0,0.00,99,0,0.00,0,0,0.00,0,1.55,86,23,2.38,78,12,1.24,52.17,0,0.00,0,0,0,0.00,0,11,0.00,25,1.14,40,N/A,N/A,N/A,N/A,0.00,0,0.00,0,1.07,0.00,0,84.49,41.67,67,69,0.14,0.41,4,83,67,0,0,0,0.04,0.10,1,33,124.31,0.39,1.14,11,0,0.00,0.00,99,0.00,0,0,0,0.00,0.00,0,0.00,0.00,0.41,0.14,4,0,0.00,33,27,42,30,25,1.07,29,0.04,0.11,1.07,49,0.04,0.11,84,16,0.57,1.66,3.31,1.14,99,32,0.11,47,12,34,64,0,87,33,0,0.00,99,5,0.00,0.52,12.00,4.14,116,44,53,81,4.55,1.57,37.93,24,2.48,2,0,33.33,0,0.00,99,1,0.04,0.10,38,29,86,27,0,0,0,0,0,15,30,49,43,0,19,45,50,68,2,10,59,29,N/A,N/A
Philip Berendt Søndergaard,19,1172649600,2007/02/28,Superliga,2025/2026,Defender,Brøndby,0,0,0,Denmark,0,0,0,0,0,0,0,0,0,0,0,0,0,0,0,0,0,0,0,0,0,0,0,0,0,0,0,0,0,0,0,-1,-1,-1,-1,N/A,N/A,N/A,N/A,N/A,N/A,N/A,N/A,N/A,N/A,N/A,N/A,N/A,N/A,N/A,N/A,N/A,N/A,N/A,N/A,N/A,N/A,N/A,N/A,N/A,N/A,N/A,N/A,N/A,N/A,N/A,N/A,N/A,N/A,N/A,N/A,N/A,N/A,N/A,N/A,N/A,N/A,N/A,N/A,N/A,N/A,N/A,N/A,N/A,N/A,N/A,N/A,N/A,N/A,N/A,N/A,N/A,N/A,N/A,N/A,N/A,N/A,N/A,N/A,N/A,N/A,N/A,N/A,N/A,N/A,N/A,N/A,N/A,N/A,N/A,N/A,N/A,N/A,N/A,N/A,N/A,N/A,N/A,N/A,N/A,N/A,N/A,N/A,N/A,N/A,N/A,N/A,N/A,N/A,N/A,N/A,N/A,N/A,N/A,N/A,N/A,N/A,N/A,N/A,N/A,N/A,N/A,N/A,N/A,N/A,N/A,N/A,N/A,N/A,N/A,N/A,N/A,N/A,N/A,N/A,N/A,N/A,N/A,N/A,N/A,N/A,N/A,N/A,N/A,N/A,N/A,N/A,N/A,N/A,N/A,N/A,N/A,N/A,N/A,N/A,N/A,N/A,N/A,N/A,N/A,N/A,N/A,N/A,N/A,N/A,N/A,N/A,N/A,N/A,N/A,N/A,N/A,N/A,N/A,N/A,N/A,N/A,N/A,N/A,N/A,N/A,N/A,N/A,N/A,N/A,N/A,N/A,N/A,N/A,N/A,N/A,N/A,N/A,N/A,N/A,N/A,N/A,N/A,N/A,N/A,N/A,N/A,N/A,N/A,N/A,N/A,N/A,N/A,N/A,N/A,N/A,N/A,N/A,N/A,N/A,N/A,N/A,N/A,N/A,N/A,N/A,N/A,N/A,N/A,N/A,N/A,N/A,N/A,N/A,N/A,N/A,N/A,N/A,N/A,N/A,N/A,N/A,N/A,N/A
Philip Billing,29,834476400,1996/06/11,Superliga,2025/2026,Midfielder,Midtjylland,1567,610,957,Denmark,20,8,12,2,1,1,2,0,2,0,0,7,2,5,13,7,6,7,1,0.23,0.11,0.11,0.15,0.09,784,0.75,121,78,224,784,0.4,121,108,-1,11,2074799,7.16,0.1,59,41.79,36.40,58,728,30.55,611,62,35.07,60,0.00,0.00,0.90,18,0.00,0.25,3.39,2.95,59,0.00,0.65,0.00,0.00,0.00,1.65,0.45,0.80,13.00,1.49,1.00,0.75,0.00,0.30,0.15,0.00,2.20,0.00,0.00,0,0,,26,1.30,64,6,0.34,49,20,1.15,73,6,2,18,98,0.00,99,0,33,1.89,96,5,93,0.29,28,0,0.00,99,0,0.00,0,0,0.00,0,1.03,56,15,0.86,41,9,0.52,60.00,0,0.00,0,0,0,0.00,0,16,0.00,96,0.92,23,N/A,N/A,N/A,N/A,0.00,0,0.00,0,3.08,0.00,0,83.93,23.08,24,56,0.45,0.52,9,50,81,0,0,0,0.30,0.34,6,64,143.24,1.80,2.07,36,0,0.00,0.00,99,0.00,0,0,0,0.00,0.00,0,0.00,0.00,0.06,0.05,1,0,7.69,44,57,38,77,96,3.06,63,0.15,0.18,3.08,60,0.15,0.18,60,19,0.95,1.09,1.61,1.40,78,28,0.18,59,94,62,64,0,47,91,0,0.00,99,44,0.00,2.53,11.54,10.05,201,130,97,78,7.46,6.50,64.68,13,0.75,53,0,40.00,0,0.00,99,2,0.10,0.11,40,59,38,88,0,0,0,0,0,55,54,55,61,0,99,89,23,93,6,30,98,8,N/A,N/A
Philip Keller,18,1200988800,2008/01/22,Superliga,2025/2026,Central Midfield,Viborg,0,0,0,Denmark,0,0,0,0,0,0,0,0,0,0,0,0,0,0,0,0,0,0,0,0,0,0,0,0,0,0,0,0,0,0,0,-1,-1,-1,-1,N/A,N/A,N/A,N/A,N/A,N/A,N/A,N/A,N/A,N/A,N/A,N/A,N/A,N/A,N/A,N/A,N/A,N/A,N/A,N/A,N/A,N/A,N/A,N/A,N/A,N/A,N/A,N/A,N/A,N/A,N/A,N/A,N/A,N/A,N/A,N/A,N/A,N/A,N/A,N/A,N/A,N/A,N/A,N/A,N/A,N/A,N/A,N/A,N/A,N/A,N/A,N/A,N/A,N/A,N/A,N/A,N/A,N/A,N/A,N/A,N/A,N/A,N/A,N/A,N/A,N/A,N/A,N/A,N/A,N/A,N/A,N/A,N/A,N/A,N/A,N/A,N/A,N/A,N/A,N/A,N/A,N/A,N/A,N/A,N/A,N/A,N/A,N/A,N/A,N/A,N/A,N/A,N/A,N/A,N/A,N/A,N/A,N/A,N/A,N/A,N/A,N/A,N/A,N/A,N/A,N/A,N/A,N/A,N/A,N/A,N/A,N/A,N/A,N/A,N/A,N/A,N/A,N/A,N/A,N/A,N/A,N/A,N/A,N/A,N/A,N/A,N/A,N/A,N/A,N/A,N/A,N/A,N/A,N/A,N/A,N/A,N/A,N/A,N/A,N/A,N/A,N/A,N/A,N/A,N/A,N/A,N/A,N/A,N/A,N/A,N/A,N/A,N/A,N/A,N/A,N/A,N/A,N/A,N/A,N/A,N/A,N/A,N/A,N/A,N/A,N/A,N/A,N/A,N/A,N/A,N/A,N/A,N/A,N/A,N/A,N/A,N/A,N/A,N/A,N/A,N/A,N/A,N/A,N/A,N/A,N/A,N/A,N/A,N/A,N/A,N/A,N/A,N/A,N/A,N/A,N/A,N/A,N/A,N/A,N/A,N/A,N/A,N/A,N/A,N/A,N/A,N/A,N/A,N/A,N/A,N/A,N/A,N/A,N/A,N/A,N/A,N/A,N/A,N/A,N/A,N/A,N/A,N/A,N/A
Prince Amoako Junior,19,1171872000,2007/02/19,Superliga,2025/2026,Forward,Nordsjælland,2369,1257,1112,Ghana,31,16,15,8,4,4,5,3,2,0,0,9,7,2,35,13,22,4,0,0.49,0.19,0.3,0.29,0.32,296,1.33,68,76,592,474,0.15,55,51,-1,1,288364,6.73,0.16,82,25.06,20.62,22,660,14.72,471,12,17.89,19,0.00,0.00,1.28,41,0.00,1.81,0.95,0.78,25,0.00,1.62,0.00,0.00,0.00,0.25,2.22,0.88,9.75,2.96,1.50,5.69,0.00,0.94,0.34,0.00,0.19,0.00,0.00,0,0,,78,2.44,95,30,1.14,90,48,1.82,94,2,1,30,24,0.00,99,0,8,0.30,18,58,41,2.20,72,0,0.00,99,0,0.00,0,0,0.00,0,1.56,87,182,6.91,99,71,2.70,39.01,0,0.00,0,0,0,0.00,0,28,0.00,55,1.06,33,N/A,N/A,N/A,N/A,0.00,0,0.00,0,10.95,0.00,0,71.36,38.46,56,18,0.84,1.03,27,99,38,0,0,0,0.03,0.04,1,24,215.35,0.09,0.11,3,0,0.00,0.00,99,0.00,0,0,2,0.06,0.08,0,0.00,0.00,0.30,0.25,8,0,10.26,58,82,93,51,56,5.41,76,0.17,0.21,10.95,89,0.34,0.42,39,22,0.69,0.84,1.06,0.88,53,28,0.42,87,61,2,86,0,82,12,0,0.00,99,6,0.00,0.23,13.63,11.22,359,124,56,92,4.71,3.88,34.54,52,1.97,9,0,15.52,0,0.00,99,9,0.28,0.34,64,95,31,44,0,0,0,0,0,84,80,82,76,0,71,64,61,55,4,13,66,22,N/A,N/A
Rami Hajal,24,1000710000,2001/09/17,Superliga,2025/2026,Midfielder,Silkeborg,957,527,430,Sweden,22,12,10,0,0,0,0,0,0,0,0,1,1,0,25,11,14,1,0,0,0,0,0,0,0,2.35,38,44,957,0,0.09,235,233,-1,27,180227,4.66,0,32,44.62,15.32,64,475,12.42,385,48,36.17,62,0.00,0.00,0.52,16,0.00,0.58,2.25,0.77,24,0.00,0.84,0.00,0.00,0.00,0.13,0.84,0.68,0.00,1.60,0.35,1.42,0.00,0.19,0.04,0.00,0.13,0.00,0.00,0,0,,17,0.55,66,6,0.56,62,11,1.03,69,2,11,11,79,0.00,99,0,4,0.38,24,18,77,1.69,65,0,0.00,99,0,0.00,0,0,0.00,0,1.50,83,44,4.13,93,26,2.44,59.09,0,0.00,0,0,0,0.00,0,21,0.00,3,1.97,83,N/A,N/A,N/A,N/A,0.00,0,0.00,0,1.14,0.00,0,81.05,35.29,49,80,0.10,0.28,3,97,76,0,0,0,0.03,0.09,1,31,144.51,0.32,0.94,10,0,0.00,0.00,99,0.00,0,0,0,0.00,0.00,0,0.00,0.00,0.00,0.00,0,0,0.00,33,30,45,30,3,1.19,29,0.04,0.11,1.14,49,0.04,0.11,82,17,0.55,1.60,0.85,0.29,37,9,0.11,47,14,26,64,0,39,22,0,0.00,99,4,0.00,0.38,12.31,4.23,131,71,93,86,6.67,2.29,54.20,26,2.44,3,0,27.78,0,0.00,99,5,0.16,0.47,73,33,86,44,0,0,0,0,0,15,30,49,43,0,59,5,81,36,1,5,33,22,N/A,N/A
Raphael Canut Pedersen,17,1238482800,2009/03/31,Superliga,2025/2026,Defender,Brøndby,297,163,134,Denmark,5,3,2,0,0,0,0,0,0,0,0,1,1,0,6,3,3,0,0,0,0,0,0,0,0,1.82,50,59,0,0,0,258,258,69,33,0,4.59,0,32,53.33,25.14,76,176,21.14,148,64,44.85,75,0.00,0.00,0.00,0,0.00,0.14,2.73,1.29,9,0.00,0.71,0.00,0.00,0.00,0.71,0.14,0.86,0.00,0.61,0.14,0.14,0.00,0.14,0.02,0.00,1.00,0.00,0.00,0,0,,2,0.29,34,1,0.30,47,1,0.30,24,5,2,3,89,0.00,99,0,5,1.52,85,1,99,0.30,29,0,0.00,99,0,0.00,0,0,0.00,0,0.00,7,1,0.30,19,1,0.30,100.00,0,0.00,0,0,0,0.00,0,6,0.00,23,1.82,79,N/A,N/A,N/A,N/A,0.00,0,0.00,0,0.17,0.00,0,84.09,50.00,88,27,0.43,0.91,3,33,99,0,0,0,0.29,0.61,2,85,32.16,1.43,3.03,10,0,0.00,0.00,99,0.00,0,0,0,0.00,0.00,0,0.00,0.00,0.00,0.00,0,0,0.00,33,0,1,30,24,0.29,20,0.04,0.09,0.17,26,0.02,0.05,13,1,0.14,0.30,1.21,0.57,61,4,0.05,26,12,78,64,0,39,87,0,0.00,99,7,0.00,2.12,10.91,5.14,36,18,73,71,5.45,2.57,50.00,5,1.52,20,0,100.00,0,0.00,99,1,0.14,0.30,63,2,38,80,0,0,0,0,0,15,30,49,43,0,12,37,16,16,0,0,18,37,0,0
Rasmus Carstensen,25,971247600,2000/10/11,Superliga,2025/2026,Midfielder,AGF,1328,590,738,Denmark,23,11,12,5,2,3,1,1,0,0,0,7,6,1,13,4,9,3,0,0.41,0.07,0.34,0.31,0.37,266,0.88,102,58,443,1328,0.2,40,132,-1,4,456455,6.81,0.04,48,39.00,24.38,51,585,18.88,453,31,30.20,49,0.00,0.00,0.58,14,0.00,2.17,3.00,1.88,45,0.00,0.88,0.00,0.00,0.00,0.88,0.50,0.54,4.00,1.33,0.58,1.58,0.00,0.25,0.18,0.00,0.58,0.00,0.00,0,0,,20,0.83,58,6,0.40,54,14,0.93,64,1,8,15,93,0.00,99,0,21,1.40,82,52,33,3.47,86,0,0.00,99,0,0.00,0,0,0.00,0,0.93,50,38,2.53,81,12,0.80,31.58,0,0.00,0,0,0,0.00,0,13,0.00,87,0.87,19,N/A,N/A,N/A,N/A,0.00,0,0.00,0,4.32,0.00,0,77.44,30.00,36,8,0.79,1.27,19,67,24,0,0,0,0.08,0.13,2,41,163.51,1.54,2.47,37,1,0.00,0.07,9,0.04,0,0,0,0.00,0.00,0,0.00,0.00,0.27,0.17,4,0,25.00,96,48,50,46,86,2.02,38,0.08,0.13,4.32,76,0.18,0.29,44,13,0.54,0.87,1.87,1.17,90,28,0.29,73,68,71,64,0,80,53,0,0.00,99,14,0.00,0.93,12.20,7.62,183,84,78,84,5.60,3.50,45.90,21,1.40,24,0,11.54,0,0.00,99,6,0.25,0.40,68,49,75,27,0,1,0,4,0,76,84,87,78,0,84,70,51,66,3,13,66,29,N/A,N/A
Rasmus Falk Jensen,34,695462400,1992/01/15,Superliga,2025/2026,Midfielder,OB,2547,1126,1421,Denmark,29,13,16,1,1,0,4,1,3,0,0,4,2,2,52,23,29,3,0,0.18,0.14,0.04,0.08,0,2547,1.84,49,88,849,637,0.11,173,84,-1,10,600758,7.01,0.14,69,71.41,69.69,94,2021,62.14,1802,90,63.67,94,0.00,0.00,1.21,35,0.00,0.28,2.40,2.34,68,0.00,0.86,0.00,0.00,0.00,1.59,0.48,1.38,15.00,0.53,0.38,1.03,0.00,0.14,0.06,0.00,0.59,0.00,0.00,0,0,,15,0.52,27,4,0.14,26,11,0.39,31,1,0,29,82,0.00,99,0,46,1.63,91,8,36,0.28,27,0,0.00,99,0,0.00,0,0,0.00,0,1.24,71,30,1.06,48,14,0.49,46.67,0,0.00,0,0,0,0.00,0,40,0.00,21,1.41,61,N/A,N/A,N/A,N/A,0.00,0,0.00,0,1.65,0.00,0,89.16,26.67,31,9,1.21,1.24,35,46,50,0,0,0,0.07,0.07,2,29,203.42,1.62,1.66,47,0,0.00,0.00,99,0.00,0,0,0,0.00,0.00,0,0.00,0.00,0.00,0.00,0,0,6.67,40,89,81,98,23,7.21,89,0.25,0.25,1.65,31,0.06,0.06,40,24,0.83,0.85,0.95,0.93,46,27,0.06,31,86,51,64,0,39,38,0,0.00,99,17,0.00,0.60,8.20,8.00,232,123,46,36,4.35,4.24,53.02,25,0.88,46,0,12.50,0,0.00,99,1,0.03,0.04,31,89,21,27,0,0,0,0,0,47,36,49,51,0,90,30,75,44,3,10,59,8,N/A,N/A
Rasmus Hjorth Vinderslev,28,871369200,1997/08/12,Superliga,2025/2026,Midfielder,SønderjyskE,1468,764,704,Denmark,26,14,12,1,1,0,0,0,0,0,0,9,4,5,20,10,10,2,0,0.06,0,0.06,0.12,0,1468,1.23,73,56,734,0,0.12,158,254,-1,12,42053,5.55,0,32,39.79,22.38,51,649,19.10,554,75,33.96,58,0.00,0.00,0.17,5,0.00,0.07,1.16,0.66,19,0.00,0.34,0.00,0.00,0.00,0.83,0.10,0.69,4.00,0.25,0.10,0.21,0.00,0.03,0.03,0.00,0.62,0.00,0.00,0,0,,4,0.14,13,1,0.06,16,3,0.18,14,2,10,16,33,0.00,99,0,24,1.47,84,2,27,0.12,18,0,0.00,99,0,0.00,0,0,0.00,0,0.31,22,6,0.37,23,3,0.18,50.00,0,0.00,0,0,0,0.00,0,20,0.00,64,1.23,48,N/A,N/A,N/A,N/A,0.00,0,0.00,0,0.84,0.00,0,85.36,25.00,29,81,0.14,0.25,4,24,64,0,0,0,0.28,0.49,8,79,160.96,1.28,2.27,37,0,0.00,0.00,99,0.00,0,0,0,0.00,0.00,0,0.00,0.00,0.00,0.00,0,0,25.00,96,55,62,91,64,1.25,17,0.04,0.08,0.84,26,0.03,0.05,48,15,0.52,0.92,0.74,0.41,27,12,0.05,26,23,68,64,0,39,62,0,0.00,99,18,0.00,1.10,6.01,3.38,98,55,22,16,3.37,1.90,56.12,10,0.61,58,0,0.00,0,0.00,99,0,0.00,0.00,27,53,81,44,0,0,0,0,0,23,40,49,57,0,17,89,70,47,2,8,49,6,N/A,N/A
Rasmus Lauritsen,30,825408000,1996/02/27,Superliga,2025/2026,Defender,Brøndby,720,360,360,Denmark,9,4,5,0,0,0,1,1,0,0,0,4,1,3,6,4,2,2,0,0.13,0.13,0,0,0,0,0.75,120,80,360,720,0.25,244,98,3,32,522659,2.38,0.11,65,53.55,17.88,77,429,16.17,388,94,48.43,81,0.00,0.00,0.08,2,0.00,0.00,1.37,0.46,11,0.00,0.12,0.00,0.00,0.00,0.25,0.00,0.21,0.00,1.25,0.33,0.00,0.00,0.08,0.03,0.00,0.71,0.00,0.00,0,0,,10,0.42,54,2,0.25,41,8,1.00,67,0,1,8,43,0.00,99,0,6,0.75,47,0,27,0.00,11,0,0.00,99,0,0.00,0,0,0.00,0,0.25,16,0,0.00,9,0,0.00,0.00,0,0.00,0,0,0,0.00,0,5,0.00,96,0.62,4,N/A,N/A,N/A,N/A,0.00,0,0.00,0,0.78,0.00,0,90.44,20.00,22,81,0.08,0.25,2,11,11,0,0,0,0.29,0.87,7,93,57.21,1.92,5.74,46,0,0.00,0.00,99,0.00,0,0,1,0.04,0.12,0,0.00,0.00,0.12,0.04,1,0,0.00,33,20,6,30,96,1.47,63,0.06,0.18,0.78,45,0.03,0.10,29,5,0.21,0.62,0.75,0.25,29,6,0.10,44,2,93,90,0,61,87,0,0.00,99,17,0.00,2.12,6.74,2.25,54,32,40,23,3.99,1.33,59.26,3,0.37,73,0,0.00,0,0.00,99,0,0.00,0.00,27,24,31,11,0,0,0,0,0,36,30,49,43,0,87,98,40,77,2,22,88,5,N/A,N/A
Robert Vinicius Rodrigues Silva,21,1113375600,2005/04/13,Superliga,2025/2026,Forward,København,1247,702,545,Brazil,24,13,11,4,2,2,2,1,1,0,0,5,4,1,19,9,10,2,0,0.43,0.14,0.29,0.26,0.33,312,1.37,66,52,624,624,0.14,60,81,-1,5,522659,5.74,0.08,69,25.32,12.50,22,350,10.00,280,43,20.26,25,0.00,0.00,0.61,17,0.00,1.07,1.66,0.82,23,0.00,0.64,0.00,0.00,0.00,0.25,0.61,0.61,11.00,3.18,1.07,2.04,0.00,0.50,0.21,0.00,0.18,0.00,0.00,0,0,,44,1.57,96,14,1.01,84,30,2.17,98,2,8,16,58,0.00,99,0,7,0.51,34,30,75,2.17,72,0,0.00,99,0,0.00,0,0,0.00,0,1.23,71,57,4.12,93,17,1.23,29.82,0,0.00,0,0,0,0.00,0,17,0.00,51,1.23,48,N/A,N/A,N/A,N/A,0.00,0,0.00,0,5.83,0.00,0,80.00,31.82,39,44,0.32,0.65,9,83,20,0,0,0,0.00,0.00,0,22,160.86,0.36,0.72,10,0,0.00,0.00,99,0.00,0,0,3,0.11,0.22,0,0.00,0.00,0.65,0.32,9,0,9.09,50,43,54,52,53,2.43,63,0.09,0.18,5.83,89,0.21,0.42,22,7,0.25,0.51,1.37,0.68,70,19,0.42,87,27,16,98,0,94,20,0,0.00,99,5,0.00,0.36,11.07,5.46,153,52,34,72,3.76,1.86,33.99,18,1.30,28,0,26.67,0,0.00,99,8,0.29,0.58,79,53,75,44,0,2,0,8,0,80,78,84,74,0,87,39,64,53,2,8,49,16,N/A,N/A
Robin Dahl Østrøm,23,1028876400,2002/08/09,Superliga,2025/2026,Defender,Silkeborg,2583,1306,1277,Norway,30,15,15,0,0,0,0,0,0,0,0,3,2,1,57,23,34,2,1,0,0,0,0,0,0,1.99,45,86,861,0,0.1,237,235,76,29,180227,6.56,0,32,70.14,67.10,93,2013,62.60,1878,99,65.44,96,0.00,0.00,0.10,3,0.00,0.00,1.18,1.13,34,0.00,0.13,0.00,0.00,0.00,0.57,0.03,1.63,0.00,0.03,0.00,0.07,0.00,0.03,0.00,0.00,1.00,0.00,0.00,0,0,,1,0.03,8,1,0.03,13,0,0.00,9,3,0,30,35,0.00,99,0,17,0.59,37,0,27,0.00,11,0,0.00,99,0,0.00,0,0,0.00,0,0.10,9,2,0.07,11,1,0.03,50.00,0,0.00,0,0,0,0.00,0,49,0.00,14,1.71,75,N/A,N/A,N/A,N/A,0.00,0,0.00,0,0.11,0.00,0,93.29,100.00,99,66,0.43,0.45,13,13,64,0,0,0,0.73,0.77,22,91,196.65,3.97,4.15,119,2,0.00,0.07,9,0.07,0,0,0,0.00,0.00,0,0.00,0.00,0.00,0.00,0,0,0.00,33,91,88,30,14,3.57,33,0.12,0.12,0.11,9,0.00,0.00,9,6,0.20,0.21,0.38,0.37,13,11,0.00,8,52,87,64,0,39,60,0,0.00,99,30,0.00,1.05,3.80,3.63,109,70,13,9,2.44,2.33,64.22,4,0.14,84,0,0.00,0,0.00,99,0,0.00,0.00,27,95,21,61,0,0,0,0,0,15,30,49,43,0,59,18,76,41,1,3,24,3,N/A,N/A
Rocco Ascone,22,1063350000,2003/09/12,Superliga,2025/2026,Midfielder,Nordsjælland,24,0,24,France,1,0,1,0,0,0,0,0,0,0,0,0,0,0,1,0,1,0,0,0,0,0,0,0,0,3.75,24,24,0,0,0,-1,-1,-1,31,0,6.63,0,32,33.75,9.00,38,9,6.00,6,4,22.50,28,0.00,0.00,1.00,1,0.00,0.00,3.75,1.00,1,0.00,1.00,0.00,0.00,0.00,0.00,0.00,0.00,0.00,0.00,0.00,0.00,0.00,0.00,0.00,0.00,2.00,0.00,0.00,0,0,,0,0.00,8,0,0.00,12,0,0.00,9,0,1,0,99,0.00,99,0,0,0.00,6,0,27,0.00,11,0,0.00,99,0,0.00,0,0,0.00,0,3.75,99,0,0.00,9,0,0.00,0.00,0,0.00,0,0,0,0.00,0,0,0.00,0,0.00,0,N/A,N/A,N/A,N/A,0.00,0,0.00,0,0.00,0.00,0,66.67,0.00,12,99,0.00,0.00,0,11,11,0,0,0,0.00,0.00,0,22,6.63,0.00,0.00,0,0,0.00,0.00,99,0.00,0,0,0,0.00,0.00,0,0.00,0.00,0.00,0.00,0,0,0.00,33,0,0,30,0,0.05,68,0.05,0.19,0.00,9,0.00,0.00,1,0,0.00,0.00,0.00,0.00,6,0,0.00,8,56,1,64,0,39,99,0,0.00,99,2,0.00,7.50,18.75,5.00,5,3,99,99,11.25,3.00,60.00,1,3.75,0,0,0.00,0,0.00,99,0,0.00,0.00,27,0,31,11,0,0,0,0,0,15,30,49,43,0,12,3,16,16,0,0,18,12,0,0
Rodrigo Huescas,22,1063868400,2003/09/18,Superliga,2025/2026,Defender,København,804,344,460,Mexico,10,4,6,0,0,0,4,0,4,0,0,2,1,1,14,7,7,1,0,0.45,0.45,0,0,0,0,1.57,57,80,804,201,0.11,226,4,56,29,397175,6.76,0.4,99,52.95,47.30,76,473,41.10,411,84,46.01,77,0.00,0.00,0.80,8,0.00,1.60,1.23,1.10,11,0.00,0.80,0.00,0.00,0.00,1.50,0.50,0.80,0.00,0.34,0.20,1.30,0.00,0.10,0.02,0.00,0.80,0.00,0.00,0,0,,3,0.30,18,1,0.11,23,2,0.22,17,1,1,9,38,0.00,99,0,15,1.68,93,16,71,1.79,67,0,0.00,99,0,0.00,0,0,0.00,0,0.90,49,13,1.46,60,5,0.56,38.46,0,0.00,0,0,0,0.00,0,8,0.00,37,0.90,21,N/A,N/A,N/A,N/A,0.00,0,0.00,0,0.24,0.00,0,86.89,33.33,47,20,0.90,1.01,9,53,37,0,0,0,0.20,0.22,2,53,67.59,1.50,1.68,15,0,0.00,0.00,99,0.00,0,0,0,0.00,0.00,0,0.00,0.00,0.00,0.00,0,0,0.00,33,25,7,30,37,3.48,99,0.35,0.39,0.24,20,0.02,0.03,46,8,0.80,0.90,0.90,0.80,40,8,0.03,18,63,51,64,0,39,51,0,0.00,99,8,0.00,0.90,8.28,7.40,74,32,27,37,3.58,3.20,43.24,8,0.90,44,0,25.00,0,0.00,99,4,0.40,0.45,71,26,31,27,0,0,0,0,0,82,30,49,43,0,81,37,72,44,1,10,59,13,N/A,N/A
Rúnar Alex Rúnarsson,31,793094400,1995/02/18,Superliga,2025/2026,Goalkeeper,København,180,90,90,Iceland,2,1,1,0,0,0,0,0,0,0,0,0,0,0,4,2,2,0,0,0,0,0,0,0,0,2,45,90,0,0,0,-1,-1,-1,25,592800,0.64,0,32,34.50,3.29,40,69,2.43,51,18,25.50,35,0.00,0.00,0.00,0,0.00,0.00,0.50,0.05,1,0.00,0.00,0.00,0.00,0.24,0.00,0.00,0.43,0.00,0.00,0.00,0.00,0.00,0.00,0.00,0.00,0.05,0.00,0.00,0,0,,0,0.00,8,0,0.00,12,0,0.00,9,0,0,2,13,0.00,99,0,0,0.00,6,0,27,0.00,11,0,0.00,99,0,0.00,0,0,0.00,0,0.00,7,0,0.00,9,0,0.00,0.00,0,0.00,0,5,21,2.50,26,9,0.00,13,4.50,96,N/A,N/A,N/A,N/A,55.56,0,0.00,0,0.00,0.00,0,73.91,0.00,12,99,0.00,0.00,0,11,11,0,0,5,0.00,0.00,0,22,13.45,0.00,0.00,0,0,0.00,0.00,99,0.00,0,0,0,0.00,0.00,0,0.00,0.00,0.00,0.00,0,0,0.00,33,0,0,30,14,0.12,10,0.01,0.06,0.00,9,0.00,0.00,21,1,0.05,0.50,0.00,0.00,6,0,0.00,8,0,1,64,0,39,33,0,0.00,99,1,0.00,0.50,1.50,0.14,3,3,7,7,1.50,0.14,100.00,0,0.00,99,0,0.00,0,0.00,99,0,0.00,0.00,27,2,21,11,0,0,0,0,0,15,30,49,43,0,90,3,16,16,0,0,18,31,N/A,N/A
Rúnar Thór Sigurgeirsson,26,946368000,1999/12/28,Superliga,2025/2026,Defender,SønderjyskE,114,24,90,Iceland,3,2,1,0,0,0,0,0,0,0,0,0,0,0,2,0,2,0,0,0,0,0,0,0,0,1.58,57,38,0,0,0,-1,-1,-1,15,100775,6.78,0,32,32.37,13.67,34,41,10.00,30,13,23.68,31,0.00,0.00,1.00,3,0.00,5.33,1.58,0.67,2,0.00,0.00,0.00,0.00,0.00,0.67,1.00,0.67,0.00,0.79,0.33,1.00,0.00,0.00,0.02,0.00,0.67,0.00,0.00,0,0,,1,0.33,43,0,0.00,12,1,0.79,53,2,1,2,54,0.00,99,0,2,1.58,87,16,71,12.63,99,0,0.00,99,0,0.00,0,0,0.00,0,2.37,98,3,2.37,77,3,2.37,100.00,0,0.00,0,0,0,0.00,0,2,0.00,36,1.58,70,N/A,N/A,N/A,N/A,0.00,0,0.00,0,0.05,0.00,0,73.17,0.00,12,99,0.00,0.00,0,96,99,0,0,0,0.33,0.79,1,92,20.34,1.00,2.37,3,1,0.00,0.79,0,0.33,0,0,0,0.00,0.00,0,0.00,0.00,0.79,0.33,1,0,0.00,33,0,0,30,37,0.21,58,0.07,0.17,0.05,24,0.02,0.04,82,2,0.67,1.58,0.79,0.33,33,1,0.04,24,64,69,64,0,95,74,0,0.00,99,2,0.00,1.58,7.89,3.33,10,9,94,33,7.11,3.00,90.00,0,0.00,99,0,25.00,0,0.00,99,4,1.33,3.16,99,2,31,44,0,0,0,0,0,15,30,49,43,0,26,3,16,16,0,0,18,21,N/A,N/A
Sabil Osman Hansen,20,1131955200,2005/11/14,Superliga,2025/2026,Defender,Randers,1212,569,643,Denmark,26,12,14,1,0,1,0,0,0,0,0,8,4,4,14,9,5,3,0,0.07,0,0.07,0,0.14,1212,1.04,87,47,404,0,0.22,143,211,22,15,34844,5.88,0,32,38.47,18.50,50,518,14.14,396,27,29.41,47,0.00,0.00,0.43,12,0.00,1.11,3.86,1.86,52,0.00,0.32,0.00,0.00,0.00,0.93,0.61,0.61,10.00,0.74,0.25,1.00,0.00,0.11,0.05,0.00,0.86,0.00,0.00,0,0,,10,0.36,40,3,0.22,38,7,0.52,44,2,13,13,99,0.00,99,0,26,1.93,97,31,49,2.30,75,0,0.00,99,0,0.00,0,0,0.00,0,0.89,49,28,2.08,73,17,1.26,60.71,0,0.00,0,0,0,0.00,0,17,0.00,77,1.26,52,N/A,N/A,N/A,N/A,0.00,0,0.00,0,1.29,0.00,0,76.45,30.00,36,2,0.82,1.71,23,84,82,0,0,0,0.14,0.30,4,61,164.62,2.11,4.38,59,0,0.00,0.00,99,0.00,0,0,0,0.00,0.00,0,0.00,0.00,0.07,0.04,1,1,10.00,57,42,62,86,77,1.46,29,0.05,0.11,1.29,45,0.05,0.10,89,25,0.89,1.86,2.08,1.00,94,28,0.10,44,30,88,64,0,49,80,0,0.00,99,24,0.00,1.78,15.52,7.46,209,118,99,98,8.76,4.21,56.46,9,0.67,56,0,19.35,0,0.00,99,6,0.21,0.45,71,42,91,44,0,0,0,0,0,26,45,63,43,0,13,75,47,69,3,12,63,24,N/A,N/A
Sander Ravn,19,1176015600,2007/04/08,Superliga,2025/2026,Midfielder,Vejle,7,0,7,Denmark,1,0,1,0,0,0,0,0,0,0,0,0,0,0,0,0,0,0,0,0,0,0,0,0,0,0,0,7,0,0,0,-1,-1,-1,19,35568,1.10,0,32,64.29,0.83,89,5,0.67,4,43,51.43,85,0.00,0.00,0.00,0,0.00,0.00,12.86,0.17,1,0.00,0.00,0.00,0.00,0.00,0.17,0.00,0.17,0.00,0.00,0.00,0.00,0.00,0.00,0.00,0.00,0.17,0.00,0.00,0,0,,0,0.00,8,0,0.00,12,0,0.00,9,0,1,0,99,0.00,99,0,1,12.86,99,0,27,0.00,11,0,0.00,99,0,0.00,0,0,0.00,0,0.00,7,0,0.00,9,0,0.00,0.00,0,0.00,0,0,0,0.00,0,1,0.00,99,12.86,99,N/A,N/A,N/A,N/A,0.00,0,0.00,0,0.00,0.00,0,80.00,0.00,12,99,0.00,0.00,0,11,11,0,0,0,0.00,0.00,0,22,6.60,0.00,0.00,0,0,0.00,0.00,99,0.00,0,0,0,0.00,0.00,0,0.00,0.00,0.00,0.00,0,0,0.00,33,0,0,30,0,0.01,38,0.00,0.13,0.00,9,0.00,0.00,1,0,0.00,0.00,0.00,0.00,6,0,0.00,8,0,1,64,0,39,99,0,0.00,99,1,0.00,12.86,25.71,0.33,2,2,99,99,25.71,0.33,100.00,0,0.00,99,0,0.00,0,0.00,99,0,0.00,0.00,27,0,31,11,0,0,0,0,0,15,30,49,43,0,14,3,16,16,0,0,18,26,N/A,N/A
Sean Klaiber,31,775638000,1994/07/31,Superliga,2025/2026,Defender,Brøndby,1143,704,439,Netherlands,13,8,5,0,0,0,2,2,0,0,0,4,2,2,9,7,2,1,0,0.16,0.16,0,0,0,0,0.71,127,88,1143,572,0.08,243,74,2,22,456576,6.68,0.15,73,56.42,51.00,81,714,41.64,583,51,46.07,77,0.00,0.00,0.79,11,0.00,2.21,3.48,3.14,44,0.00,0.43,0.00,0.00,0.00,1.29,0.14,0.57,0.00,1.11,0.93,0.79,0.00,0.07,0.05,0.00,0.43,0.00,0.00,0,0,,14,1.00,50,1,0.08,19,13,1.03,69,5,0,13,98,0.00,99,0,18,1.42,83,31,42,2.45,76,0,0.00,99,0,0.00,0,0,0.00,0,0.87,47,11,0.87,42,2,0.16,18.18,0,0.00,0,0,0,0.00,0,8,0.00,98,0.63,4,N/A,N/A,N/A,N/A,0.00,0,0.00,0,0.70,0.00,0,81.65,7.14,12,31,0.79,0.87,11,23,13,0,0,0,0.36,0.40,5,72,93.58,2.43,2.69,34,1,0.00,0.08,5,0.07,0,0,0,0.00,0.00,0,0.00,0.00,0.00,0.00,0,0,0.00,33,36,16,30,98,2.82,80,0.20,0.22,0.70,31,0.05,0.06,44,11,0.79,0.87,0.95,0.86,46,12,0.06,31,59,73,64,0,39,31,0,0.00,99,6,0.00,0.47,8.30,7.50,105,63,62,37,4.98,4.50,60.00,6,0.47,66,0,16.13,0,0.00,99,5,0.36,0.40,68,42,21,80,0,0,0,0,0,45,30,49,43,0,84,75,85,32,1,8,49,31,N/A,N/A
Sebastian Biller Mikkelsen,19,1162368000,2006/11/01,Superliga,2025/2026,Midfielder,Silkeborg,10,10,0,Denmark,1,1,0,0,0,0,0,0,0,0,0,0,0,0,0,0,0,0,0,0,0,0,0,0,0,0,0,10,0,0,0,-1,-1,-1,18,0,3.35,0,32,99.00,5.50,99,11,5.00,10,95,90.00,99,0.00,0.00,0.00,0,0.00,0.50,0.00,0.00,0,0.00,0.50,0.00,0.00,0.00,0.00,0.00,0.00,0.00,9.00,0.00,0.00,0.00,0.50,0.07,0.00,0.00,0.00,0.00,0,0,,1,0.50,99,1,9.00,99,0,0.00,9,0,1,0,4,0.00,99,0,0,0.00,6,1,27,9.00,99,0,0.00,99,0,0.00,0,0,0.00,0,0.00,7,0,0.00,9,0,0.00,0.00,0,0.00,0,0,0,0.00,0,0,0.00,99,0.00,0,N/A,N/A,N/A,N/A,0.00,0,0.00,0,0.15,0.00,0,90.91,100.00,99,99,0.00,0.00,0,11,11,0,0,0,0.00,0.00,0,22,6.71,0.00,0.00,0,0,0.00,0.00,99,0.00,0,0,0,0.00,0.00,0,0.00,0.00,0.00,0.00,0,0,0.00,33,0,0,30,0,0.02,63,0.01,0.18,0.15,99,0.07,1.35,99,1,0.50,9.00,0.00,0.00,6,0,1.35,99,3,1,64,0,39,2,0,0.00,99,0,0.00,0.00,18.00,1.00,2,1,99,99,9.00,0.50,50.00,1,9.00,0,0,0.00,0,0.00,99,0,0.00,0.00,27,0,31,11,0,0,0,0,0,15,30,49,43,0,12,3,16,16,0,0,18,35,0,0
Sebastian Jørgensen,25,960447600,2000/06/08,Superliga,2025/2026,Forward,AGF,625,259,366,Denmark,27,15,12,1,1,0,2,0,2,0,0,8,6,2,4,3,1,0,0,0.43,0.29,0.14,0.35,0,625,0.58,156,23,0,313,0,102,14,-1,17,154128,4.90,0.07,96,35.91,8.37,43,251,7.03,211,64,30.19,48,0.00,0.00,0.57,17,0.00,0.30,1.57,0.37,11,0.00,0.20,0.00,0.00,0.00,0.17,0.27,0.20,15.00,2.15,0.23,0.63,0.00,0.27,0.07,0.00,0.03,0.00,0.00,0,0,,15,0.50,79,8,1.14,90,7,1.00,67,3,23,4,53,0.00,99,0,5,0.72,44,9,32,1.29,58,0,0.00,99,0,0.00,0,0,0.00,0,2.43,98,19,2.72,82,8,1.14,42.11,0,0.00,0,0,0,0.00,0,6,0.00,99,0.86,18,N/A,N/A,N/A,N/A,0.00,0,0.00,0,1.98,0.00,0,84.06,53.33,89,8,0.30,1.29,9,80,44,0,0,0,0.00,0.00,0,22,146.97,0.20,0.86,6,0,0.00,0.00,99,0.00,0,0,0,0.00,0.00,0,0.00,0.00,0.29,0.07,2,0,6.67,40,16,68,69,99,2.24,97,0.07,0.32,1.98,74,0.07,0.28,80,10,0.33,1.43,1.29,0.30,65,9,0.28,72,15,22,64,0,81,5,0,0.00,99,1,0.00,0.14,9.44,2.20,66,30,45,51,4.29,1.00,45.45,6,0.86,47,0,11.11,0,0.00,99,1,0.03,0.14,44,9,99,61,0,0,0,0,0,80,61,49,83,0,49,70,16,16,0,0,18,8,N/A,N/A
Sebastian Larsen,21,1085468400,2004/05/25,Superliga,2025/2026,Defender,SønderjyskE,0,0,0,Denmark,0,0,0,0,0,0,0,0,0,0,0,0,0,0,0,0,0,0,0,0,0,0,0,0,0,0,0,0,0,0,0,-1,-1,-1,-1,N/A,N/A,N/A,N/A,N/A,N/A,N/A,N/A,N/A,N/A,N/A,N/A,N/A,N/A,N/A,N/A,N/A,N/A,N/A,N/A,N/A,N/A,N/A,N/A,N/A,N/A,N/A,N/A,N/A,N/A,N/A,N/A,N/A,N/A,N/A,N/A,N/A,N/A,N/A,N/A,N/A,N/A,N/A,N/A,N/A,N/A,N/A,N/A,N/A,N/A,N/A,N/A,N/A,N/A,N/A,N/A,N/A,N/A,N/A,N/A,N/A,N/A,N/A,N/A,N/A,N/A,N/A,N/A,N/A,N/A,N/A,N/A,N/A,N/A,N/A,N/A,N/A,N/A,N/A,N/A,N/A,N/A,N/A,N/A,N/A,N/A,N/A,N/A,N/A,N/A,N/A,N/A,N/A,N/A,N/A,N/A,N/A,N/A,N/A,N/A,N/A,N/A,N/A,N/A,N/A,N/A,N/A,N/A,N/A,N/A,N/A,N/A,N/A,N/A,N/A,N/A,N/A,N/A,N/A,N/A,N/A,N/A,N/A,N/A,N/A,N/A,N/A,N/A,N/A,N/A,N/A,N/A,N/A,N/A,N/A,N/A,N/A,N/A,N/A,N/A,N/A,N/A,N/A,N/A,N/A,N/A,N/A,N/A,N/A,N/A,N/A,N/A,N/A,N/A,N/A,N/A,N/A,N/A,N/A,N/A,N/A,N/A,N/A,N/A,N/A,N/A,N/A,N/A,N/A,N/A,N/A,N/A,N/A,N/A,N/A,N/A,N/A,N/A,N/A,N/A,N/A,N/A,N/A,N/A,N/A,N/A,N/A,N/A,N/A,N/A,N/A,N/A,N/A,N/A,N/A,N/A,N/A,N/A,N/A,N/A,N/A,N/A,N/A,N/A,N/A,N/A,N/A,N/A,N/A,N/A,N/A,N/A,N/A,N/A,N/A,N/A,N/A,N/A,N/A,N/A,N/A,N/A,N/A,N/A
Sefer Emini,25,963644400,2000/07/15,Superliga,2025/2026,Midfielder,SønderjyskE,1015,533,482,FYR Macedonia,21,10,11,2,1,1,1,0,1,0,0,7,3,4,18,8,10,3,0,0.27,0.09,0.18,0.17,0.19,508,1.6,56,48,338,1015,0.27,91,116,-1,11,94847,5.86,0.05,55,32.41,15.29,34,367,11.58,278,22,24.55,33,0.00,0.00,0.50,12,0.00,0.75,2.47,1.17,28,0.00,0.38,0.00,0.00,0.00,0.58,0.25,0.75,10.00,1.77,0.71,0.62,0.00,0.12,0.10,0.00,0.08,0.00,0.00,0,0,,20,0.83,69,3,0.26,43,17,1.50,87,3,9,12,84,0.00,99,0,14,1.24,75,18,32,1.59,64,0,0.00,99,0,0.00,0,0,0.00,0,1.06,59,15,1.32,55,6,0.53,40.00,0,0.00,0,0,0,0.00,0,18,0.00,35,1.59,71,N/A,N/A,N/A,N/A,0.00,0,0.00,0,2.37,0.00,0,75.75,15.00,17,2,0.79,1.68,19,51,40,0,0,0,0.12,0.26,3,57,140.52,1.00,2.12,24,0,0.00,0.00,99,0.00,0,0,1,0.04,0.09,0,0.00,0.00,0.00,0.00,0,0,10.00,57,34,42,64,35,1.68,47,0.07,0.15,2.37,64,0.10,0.21,37,9,0.38,0.79,1.15,0.54,56,13,0.21,63,29,64,87,0,39,8,0,0.00,99,2,0.00,0.18,8.83,4.17,100,44,38,46,3.89,1.83,44.00,9,0.79,51,0,11.11,0,0.00,99,2,0.08,0.18,50,38,79,61,0,0,0,0,0,62,68,70,64,0,26,83,39,80,3,14,71,7,N/A,N/A
Sérgio Pereira Andrade,25,980755200,2001/01/29,Superliga,2025/2026,Midfielder,Viborg,52,21,31,Portugal,2,1,1,0,0,0,0,0,0,0,0,0,0,0,2,1,1,0,0,0,0,0,0,0,0,3.46,26,26,0,0,0,-1,-1,-1,27,0,6.78,0,32,38.08,11.00,49,22,9.50,19,81,32.88,53,0.00,0.00,3.00,6,0.00,4.50,0.00,0.00,0,0.00,0.00,0.00,0.00,0.00,0.00,1.50,0.00,0.00,1.73,0.00,4.50,0.00,0.50,0.07,0.00,0.00,0.00,0.00,0,0,,1,0.50,68,1,1.73,98,0,0.00,9,0,2,0,4,0.00,99,0,0,0.00,6,9,27,15.58,99,0,0.00,99,0,0.00,0,0,0.00,0,10.38,99,9,15.58,99,3,5.19,33.33,0,0.00,0,0,0,0.00,0,0,0.00,0,0.00,0,N/A,N/A,N/A,N/A,0.00,0,0.00,0,0.14,0.00,0,86.36,100.00,99,99,0.00,0.00,0,99,30,0,0,0,0.00,0.00,0,22,13.55,0.00,0.00,0,0,0.00,0.00,99,0.00,0,0,0,0.00,0.00,0,0.00,0.00,0.00,0.00,0,0,0.00,33,0,0,30,0,0.23,99,0.12,0.40,0.14,69,0.07,0.24,1,0,0.00,0.00,1.73,0.50,83,1,0.24,68,64,1,64,0,39,2,0,0.00,99,0,0.00,0.00,17.31,5.00,10,3,68,99,5.19,1.50,30.00,0,0.00,99,0,0.00,0,0.00,99,0,0.00,0.00,27,0,38,11,0,0,0,0,0,15,30,49,43,0,12,3,16,16,0,0,18,7,0,0
Sho Fukuda,25,985334400,2001/03/23,Superliga,2025/2026,Forward,Brøndby,970,530,440,Japan,23,13,10,5,3,2,1,1,0,0,0,6,2,4,12,7,5,3,0,0.56,0.09,0.46,0.51,0.41,194,1.11,81,42,323,970,0.28,15,118,-1,3,156197,6.02,0.04,55,22.76,10.21,18,245,8.67,208,70,19.32,22,0.00,0.00,0.50,12,0.00,1.42,2.41,1.08,26,0.00,0.62,0.00,0.00,0.00,0.54,0.67,0.54,5.00,2.32,0.42,1.96,0.00,0.62,0.22,0.00,0.25,0.00,0.00,0,0,,25,1.04,82,15,1.39,97,10,0.93,64,5,11,12,82,0.00,99,0,13,1.21,73,34,80,3.16,82,0,0.00,99,0,0.00,0,0,0.00,0,1.11,63,47,4.37,95,16,1.49,34.04,0,0.00,0,0,0,0.00,0,13,0.00,71,1.21,46,N/A,N/A,N/A,N/A,0.00,0,0.00,0,5.36,0.00,0,84.90,60.00,97,5,0.62,1.39,15,88,31,0,0,0,0.04,0.09,1,31,144.46,0.38,0.84,9,0,0.00,0.00,99,0.00,0,0,0,0.00,0.00,0,0.00,0.00,0.65,0.29,7,1,20.00,91,31,50,35,71,1.46,43,0.06,0.14,5.36,96,0.22,0.50,99,31,1.29,2.88,1.76,0.79,85,19,0.50,95,33,20,64,0,94,35,0,0.00,99,6,0.00,0.56,15.23,6.83,164,78,96,98,7.24,3.25,47.56,15,1.39,24,0,29.41,0,0.00,99,10,0.42,0.93,90,38,86,80,0,0,0,0,0,91,95,89,94,0,50,50,36,81,3,13,66,19,N/A,N/A
Sidi Mohamed Cherif Haidara,20,1137830400,2006/01/21,Superliga,2025/2026,Midfielder,SønderjyskE,1333,559,774,Guinea,27,13,14,4,1,3,1,0,1,0,0,9,4,5,21,6,15,5,1,0.34,0.07,0.27,0.16,0.35,333,1.42,63,49,267,1333,0.34,65,143,-1,5,112631,6.75,0.04,48,27.42,14.96,25,404,11.78,318,38,21.58,27,0.00,0.00,0.48,13,0.00,0.22,1.97,1.07,29,0.00,0.67,0.00,0.00,0.00,0.41,0.44,0.67,10.75,2.92,1.07,1.00,0.00,0.52,0.20,0.00,1.07,0.00,0.00,0,0,,43,1.59,94,14,0.95,81,29,1.97,96,7,15,12,73,0.00,99,0,11,0.75,47,6,27,0.41,34,0,0.00,99,0,0.00,0,0,0.00,0,0.88,48,27,1.83,69,12,0.81,44.44,0,0.00,0,0,0,0.00,0,18,0.00,48,1.22,47,N/A,N/A,N/A,N/A,0.00,0,0.00,0,5.32,0.00,0,78.71,32.56,40,69,0.22,0.41,6,68,47,0,0,0,0.33,0.61,9,85,182.37,1.30,2.38,35,1,0.00,0.07,9,0.04,0,0,0,0.00,0.00,0,0.00,0.00,0.41,0.22,6,0,9.30,50,48,68,54,47,1.64,29,0.06,0.11,5.32,82,0.20,0.36,84,24,0.89,1.63,2.65,1.44,98,39,0.36,80,62,70,64,0,87,82,0,0.00,99,29,0.00,1.97,13.57,7.41,200,93,89,92,6.31,3.44,46.50,18,1.22,31,0,0.00,0,0.00,99,0,0.00,0.00,27,38,95,95,0,0,0,0,0,68,77,86,63,0,32,83,30,87,4,15,72,31,N/A,N/A
Simon Fynbo Stücker,19,1177311600,2007/04/23,Superliga,2025/2026,Defender,Silkeborg,385,173,212,Denmark,6,2,4,0,0,0,0,0,0,0,0,1,1,0,10,4,6,1,0,0,0,0,0,0,0,2.34,39,64,385,0,0.23,193,184,87,14,0,4.00,0,32,33.90,14.50,38,145,12.10,121,59,28.29,43,0.00,0.00,0.20,2,0.00,0.40,2.34,1.00,10,0.00,0.20,0.00,0.00,0.00,0.70,0.50,1.10,3.00,0.70,0.10,0.50,0.00,0.20,0.09,0.00,0.20,0.00,0.00,0,0,,3,0.30,38,2,0.47,58,1,0.23,18,0,4,2,81,0.00,99,0,7,1.64,91,4,71,0.94,52,0,0.00,99,0,0.00,0,0,0.00,0,0.47,29,5,1.17,51,5,1.17,100.00,0,0.00,0,0,0,0.00,0,11,0.00,3,2.57,91,N/A,N/A,N/A,N/A,0.00,0,0.00,0,0.87,0.00,0,83.45,66.67,99,39,0.30,0.70,3,81,99,0,0,0,0.10,0.23,1,54,40.03,1.40,3.27,14,1,0.00,0.23,1,0.10,0,0,0,0.00,0.00,0,0.00,0.00,0.23,0.10,1,0,33.33,99,2,3,30,4,0.91,76,0.09,0.21,0.87,63,0.09,0.20,1,0,0.00,0.00,0.94,0.40,44,4,0.20,62,7,80,64,0,76,31,0,0.00,99,2,0.00,0.47,6.31,2.70,27,17,39,19,3.97,1.70,62.96,2,0.47,66,0,25.00,0,0.00,99,1,0.10,0.23,56,2,51,11,0,0,0,0,0,15,30,49,43,0,12,34,44,73,1,17,77,28,0,0
Simon Sylvest Wæver,30,822211200,1996/01/21,Superliga,2025/2026,Defender,SønderjyskE,1459,740,719,Denmark,27,14,13,0,0,0,0,0,0,0,0,7,3,4,21,11,10,0,0,0,0,0,0,0,0,1.3,69,54,0,0,0,254,255,37,24,42653,5.73,0,32,30.78,16.57,31,497,13.00,390,36,24.16,31,0.00,0.00,0.33,10,0.00,0.63,3.65,1.97,59,0.00,0.50,0.00,0.00,0.00,0.27,0.33,0.67,0.00,0.19,0.03,0.63,0.00,0.07,0.01,0.00,0.50,0.00,0.00,0,0,,3,0.10,10,2,0.12,25,1,0.06,9,1,7,20,99,0.00,99,0,8,0.50,33,19,56,1.18,56,0,0.00,99,0,0.00,0,0,0.00,0,0.62,34,19,1.18,52,10,0.62,52.63,0,0.00,0,0,0,0.00,0,20,0.00,57,1.24,49,N/A,N/A,N/A,N/A,0.00,0,0.00,0,0.34,0.00,0,78.47,66.67,99,72,0.20,0.37,6,60,68,0,0,0,0.13,0.25,4,56,172.02,1.37,2.54,41,0,0.00,0.00,99,0.00,0,0,0,0.00,0.00,0,0.00,0.00,0.19,0.10,3,0,0.00,33,53,68,30,57,1.10,13,0.04,0.07,0.34,16,0.01,0.02,67,20,0.67,1.24,0.81,0.43,34,13,0.02,15,26,72,64,0,71,53,0,0.00,99,15,0.00,0.93,9.79,5.27,158,102,89,57,6.32,3.40,64.56,15,0.93,44,0,21.05,0,0.00,99,4,0.13,0.25,60,64,69,27,0,0,0,0,0,15,30,49,43,0,18,50,16,16,0,0,18,3,N/A,N/A
Sofus Berger Brix,22,1054537200,2003/06/02,Superliga,2025/2026,Midfielder,Silkeborg,713,308,405,Denmark,20,6,14,0,0,0,2,0,2,0,0,1,0,1,17,7,10,0,0,0.25,0.25,0,0,0,0,2.15,42,36,0,357,0,232,23,-1,24,120151,4.64,0.1,93,34.71,10.19,40,275,8.19,221,44,27.90,41,0.00,0.00,0.63,17,0.00,0.37,1.26,0.37,10,0.00,0.74,0.00,0.00,0.00,0.11,0.26,0.63,0.00,1.51,0.26,0.74,0.00,0.19,0.03,0.00,0.04,0.00,0.00,0,0,,12,0.44,64,5,0.63,67,7,0.88,60,7,13,7,40,0.00,99,0,3,0.38,24,10,53,1.26,58,0,0.00,99,0,0.00,0,0,0.00,0,2.15,96,20,2.52,81,7,0.88,35.00,0,0.00,0,0,0,0.00,0,17,0.00,7,2.15,88,N/A,N/A,N/A,N/A,0.00,0,0.00,0,0.89,0.00,0,80.36,41.67,67,71,0.11,0.38,3,70,33,0,0,0,0.00,0.00,0,22,125.15,0.15,0.50,4,0,0.00,0.00,99,0.00,0,0,2,0.07,0.25,0,0.00,0.00,0.00,0.00,0,0,0.00,33,20,38,30,7,2.26,93,0.08,0.29,0.89,49,0.03,0.11,44,7,0.26,0.88,0.38,0.11,13,3,0.11,47,13,9,99,0,39,5,0,0.00,99,1,0.00,0.13,8.96,2.63,71,25,19,48,3.16,0.93,35.21,20,2.52,1,0,20.00,0,0.00,99,2,0.07,0.25,60,21,91,95,0,0,0,0,0,58,30,49,43,0,40,5,16,16,0,0,18,14,N/A,N/A
Sofus Østergaard Grandjean Johannesen,19,1178262000,2007/05/04,Superliga,2025/2026,Midfielder,Fredericia,1274,662,612,Denmark,22,11,11,6,3,3,2,1,1,0,0,0,0,0,28,16,12,1,0,0.57,0.14,0.42,0.41,0.44,212,1.98,46,58,1274,637,0.07,22,85,-1,2,79300,6.87,0.09,69,26.92,17.32,24,381,12.73,280,16,19.78,24,0.00,0.00,0.64,14,0.00,1.14,1.48,0.95,21,0.00,0.95,0.00,0.00,0.00,0.64,1.41,1.32,6.50,2.76,1.23,3.68,0.00,0.55,0.29,0.00,0.27,0.00,0.00,0,0,,39,1.77,90,12,0.85,77,27,1.91,95,5,6,16,49,0.00,99,0,14,0.99,60,25,64,1.77,66,0,0.00,99,0,0.00,0,0,0.00,0,0.99,55,81,5.72,99,31,2.19,38.27,0,0.00,0,0,0,0.00,0,29,0.00,15,2.05,86,N/A,N/A,N/A,N/A,0.00,0,0.00,0,6.34,0.00,0,73.49,30.77,37,68,0.27,0.42,6,96,36,0,0,0,0.23,0.35,5,65,151.05,0.91,1.41,20,0,0.00,0.00,99,0.00,0,0,2,0.09,0.14,0,0.00,0.00,0.14,0.09,2,0,15.38,76,45,45,38,17,2.28,53,0.10,0.16,6.34,93,0.29,0.45,99,43,1.95,3.04,0.85,0.55,37,12,0.45,91,74,44,94,0,65,24,0,0.00,99,6,0.00,0.42,14.76,9.50,209,101,95,97,7.14,4.59,48.33,21,1.48,21,0,24.00,0,0.00,99,6,0.27,0.42,69,53,61,80,0,0,0,0,0,91,92,92,89,0,22,3,90,29,1,5,33,16,N/A,N/A
Srdan Kuzmic,22,1074240000,2004/01/16,Superliga,2025/2026,Defender,Viborg,2010,1069,941,Slovenia,26,13,13,4,3,1,1,0,1,0,0,8,2,6,24,14,10,8,0,0.22,0.04,0.18,0.25,0.1,503,1.07,84,77,251,2010,0.36,89,155,24,5,120151,6.70,0.04,40,41.06,33.96,57,917,27.93,754,55,33.76,57,0.00,0.00,0.63,17,0.00,1.22,1.79,1.48,40,0.00,0.41,0.00,0.00,0.00,1.15,0.44,0.96,4.00,0.72,0.26,0.96,0.00,0.33,0.14,0.00,1.41,0.00,0.00,0,0,,16,0.59,39,9,0.40,54,7,0.31,26,2,3,23,65,0.00,99,0,31,1.39,81,33,88,1.48,61,0,0.00,99,0,0.00,0,0,0.00,0,0.76,40,26,1.16,50,12,0.54,46.15,0,0.00,0,0,0,0.00,0,26,0.00,75,1.16,42,N/A,N/A,N/A,N/A,0.00,0,0.00,0,3.83,0.00,0,82.22,56.25,93,61,0.41,0.49,11,51,49,0,0,0,0.19,0.22,5,53,181.01,3.44,4.16,93,0,0.00,0.00,99,0.00,0,0,0,0.00,0.00,0,0.00,0.00,0.13,0.11,3,0,25.00,96,70,62,64,75,2.41,29,0.09,0.11,3.83,58,0.14,0.17,71,29,1.07,1.30,1.03,0.85,51,23,0.17,57,60,87,64,0,63,76,0,0.00,99,38,0.00,1.70,8.69,7.19,194,119,70,43,5.33,4.41,61.34,11,0.49,64,0,33.33,0,0.00,99,11,0.41,0.49,76,71,45,44,0,0,0,0,0,55,68,57,72,0,40,75,27,90,8,31,99,30,N/A,N/A
Stefan Velkov,29,850377600,1996/12/12,Superliga,2025/2026,Defender,Vejle,1799,989,810,Bulgaria,20,11,9,4,2,2,0,0,0,0,0,2,2,0,36,17,19,7,1,0.2,0,0.2,0.18,0.22,450,1.8,50,90,257,0,0.35,81,217,67,3,94847,6.85,0,32,51.13,51.10,74,1022,42.10,842,56,42.12,70,0.00,0.00,0.30,6,0.00,0.05,1.25,1.25,25,0.00,0.20,0.00,0.00,0.00,1.40,0.00,1.60,4.50,0.90,0.40,0.00,0.00,0.50,0.20,0.00,4.60,0.00,0.00,0,0,,18,0.90,46,10,0.50,60,8,0.40,33,0,0,20,40,0.00,99,0,28,1.40,82,1,27,0.05,12,0,0.00,99,0,0.00,0,0,0.00,0,0.30,20,0,0.00,9,0,0.00,0.00,0,0.00,0,0,0,0.00,0,32,0.00,24,1.60,71,N/A,N/A,N/A,N/A,0.00,0,0.00,0,4.02,0.00,0,82.39,55.56,92,85,0.20,0.20,4,11,11,0,0,0,0.25,0.25,5,56,137.05,7.70,7.70,154,0,0.00,0.00,99,0.00,0,0,0,0.00,0.00,0,0.00,0.00,0.00,0.00,0,0,22.22,93,66,38,60,24,2.27,29,0.11,0.11,4.02,63,0.20,0.20,21,10,0.50,0.50,2.10,2.10,94,42,0.20,62,72,99,64,0,39,99,0,0.00,99,92,0.00,4.60,12.01,12.00,240,126,89,81,6.30,6.30,52.50,4,0.20,81,0,0.00,0,0.00,99,0,0.00,0.00,27,64,21,11,0,0,0,0,0,51,71,72,64,0,26,18,28,89,6,30,98,13,N/A,N/A
Stefen Erwan Tchamche,20,1136707200,2006/01/08,Superliga,2025/2026,Midfielder,AGF,92,32,60,Denmark,12,4,8,1,0,1,0,0,0,0,0,3,2,1,3,1,2,0,0,0.98,0,0.98,0,1.5,92,2.93,31,8,0,0,0,-1,-1,-1,16,45645,3.12,0,32,29.75,1.90,29,40,1.43,30,20,22.31,27,0.00,0.00,0.00,0,0.00,0.10,0.00,0.00,0,0.00,0.05,0.00,0.00,0.00,0.00,0.29,0.10,5.00,3.72,0.14,0.57,0.00,0.10,0.05,0.00,0.19,0.00,0.00,0,0,,5,0.24,98,2,1.49,97,3,2.23,98,0,12,0,4,0.00,99,0,0,0.00,6,2,27,1.49,61,0,0.00,99,0,0.00,0,0,0.00,0,0.00,7,12,8.93,99,6,4.46,50.00,0,0.00,0,0,0,0.00,0,2,0.00,0,1.49,65,N/A,N/A,N/A,N/A,0.00,0,0.00,0,0.99,0.00,0,75.00,40.00,64,3,0.10,1.49,2,99,64,0,0,0,0.05,0.74,1,90,65.54,0.10,1.49,2,0,0.00,0.00,99,0.00,0,0,0,0.00,0.00,0,0.00,0.00,0.74,0.05,1,0,20.00,91,0,13,31,0,0.07,7,0.00,0.05,0.99,99,0.05,0.74,95,3,0.14,2.23,1.49,0.10,76,2,0.74,99,3,45,64,0,95,94,0,0.00,99,4,0.00,2.98,23.80,1.52,32,13,99,99,9.67,0.62,40.62,1,0.74,53,0,0.00,0,0.00,99,0,0.00,0.00,27,0,88,11,0,0,0,0,0,99,99,99,43,0,18,48,16,16,0,0,18,27,N/A,N/A
Stephen Abeiku Acquah,26,937551600,1999/09/17,Superliga,2025/2026,Midfielder,Nordsjælland,455,280,175,Ghana,16,8,8,0,0,0,0,0,0,0,0,4,3,1,8,5,3,0,0,0,0,0,0,0,0,1.58,57,28,0,0,0,228,226,-1,34,0,3.59,0,32,85.11,19.77,99,435,19.00,418,99,81.78,99,0.00,0.00,0.05,1,0.00,0.05,2.74,0.64,14,0.00,0.14,0.00,0.00,0.00,0.32,0.09,0.45,0.00,0.39,0.05,0.18,0.00,0.05,0.01,0.00,0.23,0.00,0.00,0,0,,2,0.09,20,1,0.20,35,1,0.20,16,0,14,2,89,0.00,99,0,7,1.37,81,1,27,0.20,22,0,0.00,99,0,0.00,0,0,0.00,0,0.20,12,4,0.78,38,2,0.39,50.00,0,0.00,0,0,0,0.00,0,10,0.00,36,1.96,83,N/A,N/A,N/A,N/A,0.00,0,0.00,0,0.20,0.00,0,96.09,50.00,88,7,0.32,1.37,7,38,64,0,0,0,0.23,0.98,5,97,79.05,0.82,3.52,18,0,0.00,0.00,99,0.00,0,0,1,0.05,0.20,0,0.00,0.00,0.00,0.00,0,0,0.00,33,7,25,30,37,0.83,53,0.04,0.16,0.20,24,0.01,0.04,36,4,0.18,0.78,0.20,0.05,9,1,0.04,24,5,83,98,0,39,57,0,0.00,99,5,0.00,0.98,9.39,2.18,48,25,61,51,4.89,1.14,52.08,3,0.59,60,0,0.00,0,0.00,99,0,0.00,0.00,27,2,92,11,0,0,0,0,0,15,30,49,43,0,12,48,16,16,0,0,18,34,0,0
Stephen Acquah,20,1146466800,2006/05/01,Superliga,2025/2026,Midfielder,Nordsjælland,90,90,0,Ghana,1,1,0,0,0,0,0,0,0,0,0,0,0,0,4,4,0,0,0,0,0,0,0,0,0,4,23,90,0,0,0,-1,-1,-1,16,35568,25.18,0,32,0.00,43.00,0,43,33.00,33,28,0.00,0,0.00,0.00,0.00,0,0.00,2.00,0.00,0.00,0,0.00,3.00,0.00,0.00,0.00,2.00,0.00,0.00,0.00,0.00,0.00,1.00,0.00,3.00,0.44,0.00,0.00,0.00,0.00,0,0,,3,3.00,8,3,0.00,12,0,0.00,9,0,0,1,4,0.00,99,0,2,0.00,6,2,27,0.00,11,0,0.00,99,0,0.00,0,0,0.00,0,0.00,7,1,0.00,9,0,0.00,0.00,0,0.00,0,0,0,0.00,0,0,0.00,0,0.00,0,N/A,N/A,N/A,N/A,0.00,0,0.00,0,0.44,0.00,0,76.74,100.00,99,99,0.00,0.00,0,11,11,0,0,0,1.00,0.00,1,22,25.18,1.00,0.00,1,0,0.00,0.00,99,0.00,0,0,0,0.00,0.00,0,0.00,0.00,0.00,0.00,0,0,0.00,33,0,0,30,0,0.06,0,0.06,0.00,0.44,9,0.44,0.00,1,0,0.00,0.00,0.00,2.00,6,2,0.00,8,99,1,64,0,39,2,0,0.00,99,0,0.00,0.00,0.00,8.00,8,0,0,0,0.00,0.00,0.00,3,0.00,99,0,0.00,0,0.00,99,0,0.00,0.00,27,0,21,11,0,0,0,0,0,15,30,49,43,0,14,3,16,16,0,0,18,34,N/A,N/A
Stephen Odey,28,884851200,1998/01/15,Superliga,2025/2026,Forward,Randers,77,22,55,Nigeria,6,2,4,0,0,0,0,0,0,0,0,2,1,1,0,0,0,1,0,0,0,0,0,0,0,0,0,13,77,0,1.17,-1,-1,-1,20,331968,4.38,0,32,52.60,5.00,76,45,3.89,35,33,40.91,69,0.00,0.00,0.11,1,0.00,0.22,0.00,0.00,0,0.00,0.11,0.00,0.00,0.00,0.00,0.00,0.00,0.00,2.34,0.11,0.11,0.00,0.11,0.02,0.00,0.33,0.00,0.00,0,0,,2,0.22,82,1,1.17,91,1,1.17,75,0,6,0,4,0.00,99,0,0,0.00,6,2,27,2.34,76,0,0.00,99,0,0.00,0,0,0.00,0,1.17,68,1,1.17,51,0,0.00,0.00,0,0.00,0,0,0,0.00,0,0,0.00,99,0.00,0,N/A,N/A,N/A,N/A,0.00,0,0.00,0,0.18,0.00,0,77.78,50.00,88,0,0.22,2.34,2,11,11,0,0,0,0.00,0.00,0,22,39.38,0.33,3.51,3,0,0.00,0.00,99,0.00,0,0,0,0.00,0.00,0,0.00,0.00,1.17,0.11,1,0,0.00,33,0,3,30,0,0.11,38,0.01,0.13,0.18,64,0.02,0.21,95,2,0.22,2.34,3.51,0.33,99,3,0.21,63,11,82,64,0,99,97,0,0.00,99,3,0.00,3.51,16.36,1.56,14,5,83,98,5.84,0.56,35.71,1,1.17,33,0,0.00,0,0.00,99,0,0.00,0.00,27,0,61,11,0,0,0,0,0,15,30,49,43,0,76,83,16,99,1,17,77,90,N/A,N/A
Stijn Spierings,30,826617600,1996/03/12,Superliga,2025/2026,Midfielder,Brøndby,816,277,539,Netherlands,17,9,8,2,1,1,1,0,1,0,0,5,2,3,10,5,5,1,0,0.33,0.11,0.22,0.32,0.17,408,1.1,82,48,816,816,0.11,73,110,-1,9,447200,6.20,0.06,59,66.65,33.61,91,605,29.50,531,86,58.49,91,0.00,0.00,0.44,8,0.00,0.22,2.53,1.28,23,0.00,0.22,0.00,0.00,0.00,0.67,0.11,0.67,8.50,1.87,0.72,0.17,0.00,0.22,0.13,0.00,0.44,0.00,0.00,0,0,,17,0.94,71,4,0.44,56,13,1.43,84,1,8,9,86,0.00,99,0,12,1.32,77,4,71,0.44,35,0,0.00,99,0,0.00,0,0,0.00,0,0.88,48,3,0.33,21,2,0.22,66.67,0,0.00,0,0,0,0.00,0,12,0.00,72,1.32,58,N/A,N/A,N/A,N/A,0.00,0,0.00,0,2.37,0.00,0,87.77,23.53,25,30,0.44,0.88,8,27,90,0,0,0,0.17,0.33,3,63,111.68,1.11,2.20,20,0,0.00,0.00,99,0.00,0,0,0,0.00,0.00,0,0.00,0.00,0.00,0.00,0,0,11.76,64,25,29,57,72,2.14,84,0.12,0.24,2.37,71,0.13,0.26,53,9,0.50,0.99,1.21,0.61,61,11,0.26,70,38,67,64,0,39,50,0,0.00,99,8,0.00,0.88,8.26,4.17,75,42,54,36,4.63,2.33,56.00,4,0.44,67,0,25.00,0,0.00,99,1,0.06,0.11,40,26,75,27,0,0,0,0,0,67,73,68,79,0,84,64,73,44,1,6,37,6,N/A,N/A
Stipe Radić,25,960620400,2000/06/10,Superliga,2025/2026,Defender,Viborg,1621,811,810,Croatia,19,10,9,1,0,1,0,0,0,0,0,4,1,3,27,17,10,1,0,0.06,0,0.06,0,0.11,1621,1.5,60,85,1621,0,0.06,156,224,49,16,180227,4.65,0,32,76.56,49.25,98,1379,45.43,1272,98,70.62,98,0.00,0.00,0.46,13,0.00,0.07,1.00,0.64,18,0.00,0.04,0.00,0.00,0.00,0.68,0.00,0.71,10.00,0.56,0.21,0.00,0.00,0.14,0.05,0.00,1.46,0.00,0.00,0,0,,10,0.36,31,4,0.22,38,6,0.33,27,0,1,18,26,0.00,99,0,19,1.05,63,2,27,0.11,17,0,0.00,99,0,0.00,0,0,0.00,0,0.72,38,0,0.00,9,0,0.00,0.00,0,0.00,0,0,0,0.00,0,20,0.00,43,1.11,37,N/A,N/A,N/A,N/A,0.00,0,0.00,0,1.44,0.00,0,92.24,40.00,64,87,0.11,0.17,3,11,11,0,0,0,0.86,1.33,24,99,130.30,4.39,6.83,123,0,0.00,0.00,99,0.00,0,0,0,0.00,0.00,0,0.00,0.00,0.11,0.07,2,0,10.00,57,60,33,92,43,3.42,68,0.12,0.19,1.44,38,0.05,0.08,16,7,0.25,0.39,0.39,0.25,13,7,0.08,37,13,97,64,0,59,88,0,0.00,99,41,0.00,2.28,6.05,3.89,109,66,31,16,3.66,2.36,60.55,1,0.06,91,0,0.00,0,0.00,99,0,0.00,0.00,27,59,31,11,0,0,0,0,0,23,40,58,43,0,59,39,92,25,1,5,33,55,N/A,N/A
Svenn Crone,30,800953200,1995/05/20,Superliga,2025/2026,Defender,Fredericia,2313,1232,1081,Denmark,30,16,14,3,3,0,0,0,0,0,0,2,1,1,51,28,23,7,1,0.12,0,0.12,0.22,0,771,1.98,45,77,330,0,0.27,118,204,75,8,147666,6.48,0,32,35.80,30.67,42,920,25.10,753,52,29.30,47,0.00,0.00,0.40,12,0.00,1.63,1.21,1.03,31,0.00,0.40,0.00,0.00,0.00,0.57,0.13,1.50,5.33,0.62,0.23,0.40,0.00,0.30,0.11,0.00,0.40,0.00,0.00,0,0,,16,0.53,35,9,0.35,50,7,0.27,21,8,2,28,38,0.00,99,0,17,0.66,41,49,39,1.91,69,0,0.00,99,0,0.00,0,0,0.00,0,0.47,29,12,0.47,27,4,0.16,33.33,0,0.00,0,0,0,0.00,0,45,0.00,15,1.75,77,N/A,N/A,N/A,N/A,0.00,0,0.00,0,3.23,0.00,0,81.85,56.25,93,78,0.27,0.31,8,23,30,0,0,0,0.37,0.43,11,75,194.50,2.80,3.27,84,2,0.00,0.08,5,0.07,0,0,1,0.03,0.04,0,0.00,0.00,0.12,0.10,3,0,18.75,86,80,88,76,14,2.00,17,0.07,0.08,3.23,52,0.11,0.13,69,32,1.07,1.25,1.32,1.13,67,34,0.13,52,49,80,73,0,61,31,0,0.00,99,12,0.00,0.47,6.38,5.47,164,77,16,20,3.00,2.57,46.95,12,0.47,66,0,14.29,0,0.00,99,7,0.23,0.27,62,87,38,98,0,0,0,0,0,34,56,49,69,0,48,11,37,80,6,20,85,12,N/A,N/A
Theo Sander,21,1105171200,2005/01/08,Superliga,2025/2026,Goalkeeper,OB,599,360,239,Denmark,7,4,3,0,0,0,0,0,0,0,0,0,0,0,15,10,5,1,0,0,0,0,0,0,0,2.25,40,86,599,0,0.15,246,242,85,23,331968,1.56,0,32,38.61,8.86,50,257,7.28,211,53,31.70,51,0.00,0.00,0.00,0,0.00,0.00,0.00,0.00,0,0.00,0.00,0.00,0.00,0.41,0.00,0.00,0.93,0.00,0.00,0.00,0.00,0.00,0.00,0.00,0.00,0.07,0.00,0.00,0,0,,0,0.00,8,0,0.00,12,0,0.00,9,0,1,6,4,0.00,99,0,0,0.00,6,0,27,0.00,11,0,0.00,99,0,0.00,0,0,0.00,0,0.00,7,0,0.00,9,0,0.00,0.00,0,0.00,0,12,16,1.80,16,27,0.00,5,4.06,94,N/A,N/A,N/A,N/A,44.44,0,0.00,0,0.00,0.00,0,82.10,0.00,12,99,0.00,0.00,0,11,11,0,0,6,0.00,0.00,0,22,45.15,0.31,1.35,9,1,0.00,0.15,2,0.03,0,0,0,0.00,0.00,2,0.07,0.30,0.00,0.00,0,0,0.00,33,15,4,30,5,0.42,10,0.01,0.06,0.00,9,0.00,0.00,27,4,0.14,0.60,0.15,0.03,8,1,0.00,8,1,42,64,32,39,16,0,0.00,99,2,0.00,0.30,1.05,0.24,7,6,7,7,0.90,0.21,85.71,0,0.00,99,0,0.00,0,0.00,99,0,0.00,0.00,27,19,31,11,0,0,0,0,0,15,30,49,43,0,76,3,61,55,1,14,71,30,N/A,N/A
Thibault Klidje,24,994748400,2001/07/10,Superliga,2025/2026,Forward,Randers,284,163,121,Togo,9,5,4,1,1,0,0,0,0,0,0,1,1,0,8,3,5,0,0,0.32,0,0.32,0.55,0,284,2.54,36,32,0,0,0,48,193,-1,14,0,4.98,0,32,15.53,4.08,4,49,2.83,34,7,10.77,3,0.00,0.00,0.25,3,0.00,0.08,0.00,0.00,0,0.00,0.75,0.00,0.00,0.00,0.17,0.17,0.83,10.00,3.17,0.42,0.25,0.00,0.42,0.12,0.00,0.75,0.00,0.00,0,0,,10,0.83,96,5,1.58,97,5,1.58,91,4,7,2,4,0.00,99,0,2,0.63,39,1,99,0.32,30,0,0.00,99,0,0.00,0,0,0.00,0,0.95,51,3,0.95,43,2,0.63,66.67,0,0.00,0,0,0,0.00,0,10,0.00,2,3.17,93,N/A,N/A,N/A,N/A,0.00,0,0.00,0,1.44,0.00,0,69.39,50.00,88,77,0.08,0.32,1,61,90,0,0,0,0.00,0.00,0,22,59.74,0.00,0.00,0,0,0.00,0.00,99,0.00,0,0,1,0.08,0.32,0,0.00,0.00,2.22,0.58,7,0,10.00,57,0,6,48,2,0.19,10,0.02,0.06,1.44,93,0.12,0.46,95,7,0.58,2.22,0.32,0.08,10,1,0.46,91,16,1,99,0,99,93,0,0.00,99,9,0.00,2.85,13.63,3.58,43,18,80,92,5.70,1.50,41.86,9,2.85,0,0,100.00,0,0.00,99,1,0.08,0.32,64,2,69,70,0,0,0,0,0,65,82,49,95,0,12,20,16,16,0,0,18,30,0,0
Thomas Delaney,34,683881200,1991/09/03,Superliga,2025/2026,Midfielder,København,1012,479,533,Denmark,21,11,10,1,0,1,2,1,1,0,0,5,3,2,16,10,6,3,0,0.27,0.18,0.09,0,0.17,1012,1.42,63,48,337,506,0.27,131,61,-1,19,948479,6.46,0.1,79,60.09,30.95,86,681,25.36,558,52,49.24,82,0.00,0.00,0.32,7,0.00,0.82,3.00,1.55,34,0.00,0.32,0.00,0.00,0.00,0.77,0.05,0.68,8.00,0.71,0.23,0.23,0.00,0.14,0.06,0.00,0.82,0.00,0.00,0,0,,8,0.36,38,3,0.26,43,5,0.44,37,7,8,13,93,0.00,99,0,17,1.50,85,18,45,1.59,64,0,0.00,99,0,0.00,0,0,0.00,0,0.62,34,5,0.44,25,1,0.09,20.00,0,0.00,0,0,0,0.00,0,15,0.00,48,1.32,58,N/A,N/A,N/A,N/A,0.00,0,0.00,0,1.25,0.00,0,81.94,37.50,55,66,0.23,0.44,5,18,14,0,0,0,0.18,0.35,4,65,142.15,1.05,2.03,23,2,0.00,0.18,2,0.09,0,0,0,0.00,0.00,0,0.00,0.00,0.09,0.05,1,0,12.50,68,34,42,82,47,2.68,84,0.12,0.24,1.25,49,0.06,0.11,51,11,0.50,0.97,2.12,1.09,95,24,0.11,47,49,61,64,0,53,75,0,0.00,99,18,0.00,1.59,9.97,5.14,113,63,77,59,5.56,2.86,55.75,7,0.62,57,0,16.67,0,0.00,99,3,0.14,0.26,61,42,75,95,0,0,0,0,0,62,50,68,43,0,96,45,38,80,3,14,71,27,N/A,N/A
Thomas Gundelund,24,1005033600,2001/11/06,Superliga,2025/2026,Defender,Vejle,2417,1178,1239,Denmark,29,14,15,0,0,0,2,0,2,0,0,4,3,1,42,17,25,2,0,0.07,0.07,0,0,0,0,1.56,58,83,1209,1209,0.07,222,142,55,25,94847,6.43,0.07,48,43.19,38.67,60,1160,29.43,883,24,32.88,53,0.00,0.00,0.50,15,0.00,1.03,1.75,1.57,47,0.00,0.23,0.00,0.00,0.00,0.60,0.30,1.30,0.00,0.37,0.30,0.57,0.00,0.03,0.02,0.00,0.43,0.00,0.00,0,0,,10,0.33,19,1,0.04,14,9,0.34,28,5,2,27,62,0.00,99,0,18,0.67,42,31,72,1.15,55,0,0.00,99,0,0.00,0,0,0.00,0,0.56,32,17,0.63,32,9,0.34,52.94,0,0.00,0,0,0,0.00,0,39,0.00,38,1.45,63,N/A,N/A,N/A,N/A,0.00,0,0.00,0,0.68,0.00,0,76.12,10.00,14,47,0.57,0.63,17,36,69,0,0,0,0.30,0.34,9,64,192.98,2.57,2.87,77,0,0.00,0.00,99,0.00,0,0,0,0.00,0.00,0,0.00,0.00,0.04,0.03,1,0,0.00,33,83,81,30,39,3.59,38,0.12,0.13,0.68,20,0.02,0.03,41,23,0.77,0.86,0.86,0.77,37,23,0.03,18,47,76,64,0,44,31,0,0.00,99,13,0.00,0.48,6.11,5.47,164,92,24,17,3.43,3.07,56.10,7,0.26,78,0,25.81,0,0.00,99,8,0.27,0.30,63,84,38,80,0,0,0,0,0,26,30,49,43,0,26,30,88,29,2,7,42,2,N/A,N/A
Thomas Jørgensen,20,1145343600,2006/04/18,Superliga,2025/2026,Midfielder,Viborg,2597,1210,1387,Denmark,31,15,16,4,2,2,8,4,4,0,0,9,3,6,42,18,24,5,0,0.42,0.28,0.14,0.15,0.13,649,1.46,62,84,519,325,0.17,104,17,-1,4,180227,7.40,0.26,95,39.86,37.00,52,1147,28.55,885,29,30.75,49,0.00,0.00,1.97,61,0.00,4.23,3.09,2.87,89,0.00,1.55,0.00,0.00,0.00,1.06,1.74,1.26,13.75,1.91,1.06,2.68,0.00,0.71,0.22,0.00,0.42,0.00,0.00,0,0,,55,1.77,73,22,0.76,74,33,1.15,73,2,0,31,96,0.00,99,0,33,1.15,69,131,75,4.55,93,0,0.00,99,0,0.00,0,0,0.00,0,2.12,95,83,2.88,84,54,1.88,65.06,0,0.00,0,0,0,0.00,0,39,0.00,45,1.36,60,N/A,N/A,N/A,N/A,0.00,0,0.00,0,6.73,0.00,0,77.16,40.00,64,3,1.48,1.60,46,94,85,0,1,0,0.32,0.35,10,65,229.47,1.16,1.25,36,0,0.00,0.00,99,0.00,0,1,2,0.06,0.07,0,0.00,0.00,0.03,0.03,1,0,7.27,41,92,93,70,45,8.84,96,0.29,0.31,6.03,64,0.19,0.21,87,50,1.61,1.74,1.04,0.97,51,30,0.23,67,99,40,84,0,41,28,0,0.00,99,13,0.00,0.45,13.27,12.32,382,206,96,90,7.16,6.65,53.93,48,1.67,16,0,26.72,0,0.00,99,35,1.13,1.22,95,96,21,44,0,0,0,0,0,78,61,61,61,0,59,64,56,60,5,16,74,10,N/A,N/A
Thomas Korsgaard Mikkelsen,42,430815600,1983/08/27,Superliga,2025/2026,Goalkeeper,Brøndby,13,0,13,Denmark,1,0,1,0,0,0,0,0,0,0,0,0,0,0,1,0,1,0,0,0,0,0,0,0,0,6.92,13,13,0,0,0,-1,-1,-1,28,36045,1.15,0,32,103.85,2.50,99,15,1.83,11,14,76.15,98,0.00,0.00,0.00,0,0.00,0.00,6.92,0.17,1,0.00,0.00,0.00,0.00,0.17,0.00,0.00,0.33,0.00,6.92,0.17,0.00,0.00,0.00,0.01,0.00,0.00,0.00,0.00,0,0,,1,0.17,99,0,0.00,12,1,6.92,99,0,1,0,99,0.00,99,0,0,0.00,6,0,27,0.00,11,0,0.00,99,0,0.00,0,0,0.00,0,0.00,7,0,0.00,9,0,0.00,0.00,0,0.00,0,1,16,6.92,99,2,0.00,0,13.85,99,N/A,N/A,N/A,N/A,50.00,0,0.00,0,0.05,0.00,0,73.33,0.00,12,99,0.00,0.00,0,11,11,0,0,1,0.00,0.00,0,22,6.88,0.00,0.00,0,0,0.00,0.00,99,0.00,1,0,0,0.00,0.00,0,0.00,0.00,0.00,0.00,0,0,0.00,33,0,0,30,0,0.02,43,0.00,0.14,0.05,80,0.01,0.35,1,0,0.00,0.00,0.00,0.00,6,0,0.35,78,0,1,64,0,39,2,0,0.00,99,0,0.00,0.00,6.92,0.17,1,1,94,24,6.92,0.17,100.00,0,0.00,99,0,0.00,0,0.00,99,0,0.00,0.00,27,0,31,11,0,0,0,0,0,15,30,49,43,0,14,3,16,16,0,0,18,16,N/A,N/A
Thorbjørn Pløger,17,1225872000,2008/11/05,Superliga,2025/2026,Goalkeeper,Vejle,0,0,0,Denmark,0,0,0,0,0,0,0,0,0,0,0,0,0,0,0,0,0,0,0,0,0,0,0,0,0,0,0,0,0,0,0,-1,-1,-1,-1,N/A,N/A,N/A,N/A,N/A,N/A,N/A,N/A,N/A,N/A,N/A,N/A,N/A,N/A,N/A,N/A,N/A,N/A,N/A,N/A,N/A,N/A,N/A,N/A,N/A,N/A,N/A,N/A,N/A,N/A,N/A,N/A,N/A,N/A,N/A,N/A,N/A,N/A,N/A,N/A,N/A,N/A,N/A,N/A,N/A,N/A,N/A,N/A,N/A,N/A,N/A,N/A,N/A,N/A,N/A,N/A,N/A,N/A,N/A,N/A,N/A,N/A,N/A,N/A,N/A,N/A,N/A,N/A,N/A,N/A,N/A,N/A,N/A,N/A,N/A,N/A,N/A,N/A,N/A,N/A,N/A,N/A,N/A,N/A,N/A,N/A,N/A,N/A,N/A,N/A,N/A,N/A,N/A,N/A,N/A,N/A,N/A,N/A,N/A,N/A,N/A,N/A,N/A,N/A,N/A,N/A,N/A,N/A,N/A,N/A,N/A,N/A,N/A,N/A,N/A,N/A,N/A,N/A,N/A,N/A,N/A,N/A,N/A,N/A,N/A,N/A,N/A,N/A,N/A,N/A,N/A,N/A,N/A,N/A,N/A,N/A,N/A,N/A,N/A,N/A,N/A,N/A,N/A,N/A,N/A,N/A,N/A,N/A,N/A,N/A,N/A,N/A,N/A,N/A,N/A,N/A,N/A,N/A,N/A,N/A,N/A,N/A,N/A,N/A,N/A,N/A,N/A,N/A,N/A,N/A,N/A,N/A,N/A,N/A,N/A,N/A,N/A,N/A,N/A,N/A,N/A,N/A,N/A,N/A,N/A,N/A,N/A,N/A,N/A,N/A,N/A,N/A,N/A,N/A,N/A,N/A,N/A,N/A,N/A,N/A,N/A,N/A,N/A,N/A,N/A,N/A,N/A,N/A,N/A,N/A,N/A,N/A,N/A,N/A,N/A,N/A,N/A,N/A,N/A,N/A,N/A,N/A,N/A,N/A
Tim Freriks,27,907311600,1998/10/02,Superliga,2025/2026,Forward,Viborg,1198,672,526,Netherlands,23,12,11,4,3,1,1,1,0,0,0,6,2,4,17,11,6,0,0,0.38,0.08,0.3,0.4,0.17,300,1.28,70,52,0,1198,0,57,130,-1,3,120151,5.84,0.04,52,12.89,6.88,0,172,5.04,126,14,9.44,1,0.00,0.00,0.12,3,0.00,0.00,0.67,0.36,9,0.00,1.20,0.00,0.00,0.00,0.08,0.56,0.68,6.25,1.87,0.60,1.04,0.00,0.40,0.17,0.00,0.96,0.00,0.00,0,0,,25,1.00,71,10,0.75,73,15,1.12,71,1,7,16,16,0.00,99,0,2,0.15,10,0,27,0.00,11,0,0.00,99,0,0.00,0,0,0.00,0,0.22,14,26,1.95,72,14,1.05,53.85,0,0.00,0,0,0,0.00,0,17,0.00,59,1.27,54,N/A,N/A,N/A,N/A,0.00,0,0.00,0,4.36,0.00,0,73.26,40.00,64,90,0.08,0.15,2,78,70,1,0,0,0.12,0.22,3,53,145.99,0.52,0.97,13,0,0.00,0.00,99,0.00,0,1,0,0.00,0.00,0,0.00,0.00,0.45,0.24,6,1,16.00,78,39,50,51,59,0.95,13,0.04,0.07,3.66,74,0.15,0.27,55,14,0.56,1.05,1.20,0.64,59,16,0.33,76,29,28,64,0,89,80,0,0.00,99,24,0.00,1.80,12.06,6.44,161,60,52,82,4.50,2.40,37.27,30,2.25,4,0,0.00,0,0.00,99,0,0.00,0.00,27,53,69,27,0,0,0,0,0,74,80,68,87,0,40,50,16,16,0,0,18,9,N/A,N/A
Tobias Bech Kristensen,24,1014105600,2002/02/19,Superliga,2025/2026,Forward,AGF,2713,1368,1345,Denmark,32,16,16,12,3,9,4,3,1,0,0,9,7,2,25,11,14,3,0,0.53,0.13,0.4,0.2,0.6,226,0.83,109,85,904,678,0.1,26,96,-1,1,276348,7.27,0.12,65,24.11,22.53,20,721,18.16,581,45,19.43,23,0.00,0.00,0.97,31,0.00,1.41,1.10,1.03,33,0.00,1.84,0.00,0.00,0.00,0.31,0.94,0.72,7.33,2.94,1.66,1.69,0.00,1.09,0.45,0.00,0.31,0.00,0.00,0,0,,88,2.75,94,35,1.17,91,53,1.77,93,3,0,32,29,0.00,99,0,10,0.33,20,45,84,1.51,62,0,0.00,99,0,0.00,0,0,0.00,0,1.04,58,54,1.81,68,30,1.00,55.56,0,0.00,0,0,0,0.00,0,23,0.00,92,0.77,10,N/A,N/A,N/A,N/A,0.00,0,0.00,0,14.34,0.00,0,80.58,39.77,58,63,0.44,0.47,14,76,72,0,0,0,0.12,0.13,4,41,232.56,0.75,0.80,24,0,0.00,0.00,99,0.00,0,0,1,0.03,0.03,0,0.00,0.00,0.23,0.22,7,1,13.64,71,97,99,40,92,4.76,53,0.15,0.16,14.34,95,0.45,0.48,71,39,1.22,1.30,0.74,0.69,27,22,0.48,93,99,20,68,0,76,18,0,0.00,99,10,0.00,0.33,8.76,8.19,262,110,31,44,3.68,3.44,41.98,59,1.97,9,0,31.11,0,0.00,99,14,0.44,0.47,73,99,21,61,0,2,0,6,0,88,91,98,68,0,70,64,79,41,3,9,52,31,N/A,N/A
Tobias Haahr Jakobsen,22,1057215600,2003/07/03,Superliga,2025/2026,Midfielder,Vejle,360,90,270,Denmark,4,1,3,0,0,0,0,0,0,0,0,2,1,1,4,0,4,0,0,0,0,0,0,0,0,1,90,90,0,0,0,217,214,-1,26,36045,1.05,0,32,33.75,5.00,38,135,3.04,82,0,20.50,25,0.00,0.00,0.00,0,0.00,0.00,0.00,0.00,0,0.00,0.00,0.00,0.00,0.41,0.00,0.00,0.56,0.00,0.00,0.00,0.00,0.00,0.00,0.00,0.00,0.11,0.00,0.00,0,0,,0,0.00,8,0,0.00,12,0,0.00,9,0,0,4,4,0.00,99,0,0,0.00,6,0,27,0.00,11,0,0.00,99,0,0.00,0,0,0.00,0,0.00,7,0,0.00,9,0,0.00,0.00,0,0.00,0,11,79,2.75,37,15,0.00,80,3.75,93,N/A,N/A,N/A,N/A,73.33,0,0.00,0,0.00,0.00,0,60.74,0.00,12,99,0.00,0.00,0,11,11,0,0,5,0.00,0.00,0,22,28.45,0.30,2.00,8,0,0.00,0.00,99,0.00,0,0,0,0.00,0.00,4,0.15,1.00,0.00,0.00,0,0,0.00,33,0,0,30,80,0.18,4,0.01,0.04,0.00,9,0.00,0.00,1,0,0.00,0.00,0.00,0.00,6,0,0.00,8,0,59,64,99,39,44,0,0.00,99,3,0.00,0.75,0.75,0.11,3,3,7,6,0.75,0.11,100.00,0,0.00,99,0,0.00,0,0.00,99,0,0.00,0.00,27,9,21,11,0,0,0,0,0,15,30,49,43,0,14,99,16,16,0,0,18,24,N/A,N/A
Tobias Klysner,24,994143600,2001/07/03,Superliga,2025/2026,Defender,SønderjyskE,669,389,280,Denmark,21,11,10,0,0,0,2,1,1,0,0,5,2,3,14,5,9,1,0,0.27,0.27,0,0,0,0,1.88,48,32,669,335,0.13,245,19,71,29,94847,6.59,0.1,94,34.93,12.38,41,260,9.95,209,44,28.07,42,0.00,0.00,0.33,7,0.00,1.00,2.01,0.71,15,0.00,0.29,0.00,0.00,0.00,0.62,0.14,0.52,0.00,0.67,0.14,0.38,0.00,0.10,0.02,0.00,0.33,0.00,0.00,0,0,,5,0.24,36,2,0.27,44,3,0.40,33,1,17,4,74,0.00,99,0,13,1.75,95,21,39,2.82,79,0,0.00,99,0,0.00,0,0,0.00,0,0.94,51,8,1.07,48,3,0.40,37.50,0,0.00,0,0,0,0.00,0,11,0.00,20,1.48,65,N/A,N/A,N/A,N/A,0.00,0,0.00,0,0.41,0.00,0,80.38,40.00,64,9,0.43,1.21,9,39,35,0,0,0,0.00,0.00,0,22,138.31,1.00,2.82,21,0,0.00,0.00,99,0.00,0,0,0,0.00,0.00,0,0.00,0.00,0.00,0.00,0,0,0.00,33,18,42,30,20,1.85,89,0.09,0.25,0.41,31,0.02,0.06,17,3,0.14,0.40,2.15,0.76,96,16,0.06,31,54,76,64,0,39,54,0,0.00,99,7,0.00,0.94,9.13,3.24,68,28,34,50,3.76,1.33,41.18,6,0.81,49,0,14.29,0,0.00,99,3,0.14,0.40,68,9,97,27,0,0,0,0,0,62,30,49,43,0,26,45,66,50,1,5,33,20,N/A,N/A
Tobias Lauritsen,21,1087542000,2004/06/18,Superliga,2025/2026,Midfielder,Vejle,944,480,464,Denmark,15,8,7,0,0,0,1,0,1,0,0,2,2,0,18,6,12,1,0,0.1,0.1,0,0,0,0,1.72,52,63,944,944,0.1,218,111,-1,29,35568,6.59,0.07,57,37.39,25.53,48,383,20.07,301,37,29.38,47,0.00,0.00,0.67,10,0.00,0.53,2.15,1.47,22,0.00,1.07,0.00,0.00,0.00,0.40,0.40,0.87,0.00,0.88,0.47,0.80,0.00,0.13,0.04,0.00,0.27,0.00,0.00,0,0,,9,0.60,46,2,0.20,35,7,0.68,49,3,4,11,76,0.00,99,0,6,0.59,37,8,71,0.78,47,0,0.00,99,0,0.00,0,0,0.00,0,0.98,54,12,1.17,51,6,0.59,50.00,0,0.00,0,0,0,0.00,0,13,0.00,27,1.27,54,N/A,N/A,N/A,N/A,0.00,0,0.00,0,0.62,0.00,0,78.59,22.22,24,61,0.33,0.49,5,56,64,0,0,0,0.13,0.20,2,51,98.89,0.53,0.78,8,0,0.00,0.00,99,0.00,0,0,0,0.00,0.00,0,0.00,0.00,0.10,0.07,1,0,0.00,33,29,22,30,27,1.63,53,0.11,0.16,0.62,31,0.04,0.06,56,11,0.73,1.07,1.27,0.87,64,13,0.06,31,54,19,64,0,56,22,0,0.00,99,4,0.00,0.39,9.08,6.20,93,42,42,49,4.10,2.80,45.16,16,1.56,20,0,25.00,0,0.00,99,2,0.13,0.20,53,33,51,61,0,0,0,0,0,30,30,49,43,0,14,27,80,41,1,7,42,8,N/A,N/A
Tobias Lykkebak,19,1152946800,2006/07/15,Superliga,2025/2026,Midfielder,Vejle,10,10,0,Denmark,1,1,0,0,0,0,0,0,0,0,0,0,0,0,0,0,0,0,0,0,0,0,0,0,0,0,0,10,0,0,0,-1,-1,-1,24,23711,3.15,0,32,27.00,1.50,24,3,0.50,1,0,9.00,0,0.00,0.00,0.00,0,0.00,0.00,0.00,0.00,0,0.00,0.50,0.00,0.00,0.00,0.00,0.00,0.00,0.00,0.00,0.00,0.00,0.00,0.00,0.00,0.00,0.00,0.00,0.00,0,0,,0,0.00,8,0,0.00,12,0,0.00,9,0,1,0,4,0.00,99,0,0,0.00,6,0,27,0.00,11,0,0.00,99,0,0.00,0,0,0.00,0,0.00,7,0,0.00,9,0,0.00,0.00,0,0.00,0,0,0,0.00,0,0,0.00,99,0.00,0,N/A,N/A,N/A,N/A,0.00,0,0.00,0,0.00,0.00,0,33.33,0.00,12,0,0.50,9.00,1,11,11,0,0,0,0.00,0.00,0,22,6.31,0.00,0.00,0,0,0.00,0.00,99,0.00,0,0,0,0.00,0.00,0,0.00,0.00,0.00,0.00,0,0,0.00,33,0,0,30,0,0.00,0,0.00,0.00,0.00,9,0.00,0.00,1,0,0.00,0.00,0.00,0.00,6,0,0.00,8,3,1,64,0,39,2,0,0.00,99,0,0.00,0.00,27.00,1.50,3,0,0,99,0.00,0.00,0.00,1,9.00,0,0,0.00,0,0.00,99,0,0.00,0.00,27,0,31,11,0,0,0,0,0,15,30,49,43,0,13,3,16,16,0,0,18,28,N/A,N/A
Tobias M. Henriksen,29,838018800,1996/07/22,Superliga,2025/2026,Defender,AGF,3,0,3,Denmark,2,0,2,0,0,0,0,0,0,0,0,0,0,0,0,0,0,0,0,0,0,0,0,0,0,0,0,2,0,0,0,-1,-1,-1,20,0,0.00,0,32,157.50,0.64,99,7,0.27,3,0,67.50,98,0.00,0.00,0.00,0,0.00,0.00,22.50,0.09,1,0.00,0.00,0.00,0.00,0.00,0.09,0.00,0.00,0.00,0.00,0.00,0.00,0.00,0.00,0.00,0.00,0.00,0.00,0.00,0,0,,0,0.00,8,0,0.00,12,0,0.00,9,0,2,0,99,0.00,99,0,1,22.50,99,0,27,0.00,11,0,0.00,99,0,0.00,0,0,0.00,0,0.00,7,0,0.00,9,0,0.00,0.00,0,0.00,0,0,0,0.00,0,0,0.00,99,0.00,0,N/A,N/A,N/A,N/A,0.00,0,0.00,0,0.00,0.00,0,42.86,0.00,12,99,0.00,0.00,0,11,11,0,0,0,0.09,22.50,1,99,0.00,0.00,0.00,0,0,0.00,0.00,99,0.00,0,0,0,0.00,0.00,0,0.00,0.00,0.00,0.00,0,0,0.00,33,0,0,30,0,0.01,83,0.00,0.23,0.00,9,0.00,0.00,1,0,0.00,0.00,22.50,0.09,99,1,0.00,8,0,1,64,0,39,2,0,0.00,99,0,0.00,0.00,45.00,0.18,2,1,99,99,22.50,0.09,50.00,0,0.00,99,0,0.00,0,0.00,99,0,0.00,0.00,27,0,38,11,0,0,0,0,0,15,30,49,43,0,12,3,16,16,0,0,18,14,0,0
Tobias Sahlquist,31,800780400,1995/05/18,Superliga,2025/2026,Defender,Nordsjælland,2439,1133,1306,Denmark,29,14,15,2,0,2,0,0,0,0,0,7,5,2,40,14,26,4,1,0.07,0,0.07,0,0.14,1220,1.48,61,84,488,0,0.18,150,202,47,12,331968,6.83,0,32,81.66,76.31,98,2213,71.48,2073,99,76.49,99,0.00,0.00,0.28,8,0.00,0.00,1.48,1.38,40,0.00,0.10,0.00,0.00,0.00,0.90,0.10,1.10,11.00,0.41,0.28,0.17,0.00,0.10,0.05,0.00,1.00,0.00,0.00,0,0,,11,0.38,20,3,0.11,23,8,0.30,24,1,1,28,49,0.00,99,0,26,0.96,58,0,27,0.00,11,0,0.00,99,0,0.00,0,0,0.00,0,0.30,20,5,0.18,14,3,0.11,60.00,0,0.00,0,0,0,0.00,0,32,0.00,43,1.18,44,N/A,N/A,N/A,N/A,0.00,0,0.00,0,1.32,0.00,0,93.67,27.27,32,90,0.14,0.15,4,18,81,0,0,0,0.62,0.66,18,87,198.03,3.79,4.06,110,1,0.00,0.04,16,0.03,0,0,2,0.07,0.07,0,0.00,0.00,0.04,0.03,1,0,9.09,50,85,81,86,44,5.36,73,0.18,0.20,1.32,26,0.05,0.05,13,9,0.31,0.33,0.55,0.52,17,15,0.05,26,70,86,84,0,44,60,0,0.00,99,29,0.00,1.07,4.58,4.28,124,80,15,11,2.95,2.76,64.52,3,0.11,87,0,0.00,0,0.00,99,0,0.00,0.00,27,87,31,27,0,0,0,0,0,26,45,63,43,0,76,45,54,63,3,10,59,3,N/A,N/A
Tobias Sommer,24,1006848000,2001/11/27,Superliga,2025/2026,Midfielder,SønderjyskE,2413,1260,1153,Denmark,27,14,13,0,0,0,4,2,2,0,0,6,3,3,40,14,26,4,0,0.15,0.15,0,0,0,0,1.49,60,89,603,603,0.15,255,78,-1,26,40903,7.13,0.15,70,50.04,49.67,71,1341,39.44,1065,41,39.74,68,0.00,0.00,1.07,29,0.00,2.26,1.83,1.81,49,0.00,0.78,0.00,0.00,0.00,1.11,0.63,1.11,0.00,0.56,0.37,1.04,0.00,0.19,0.04,0.00,2.04,0.00,0.00,0,0,,15,0.56,31,5,0.19,33,10,0.37,30,3,0,27,68,0.00,99,0,30,1.12,68,61,84,2.28,74,0,0.00,99,0,0.00,0,0,0.00,0,1.08,62,28,1.04,46,17,0.63,60.71,0,0.00,0,0,0,0.00,0,30,0.00,43,1.12,38,N/A,N/A,N/A,N/A,0.00,0,0.00,0,1.00,0.00,0,79.42,33.33,47,56,0.52,0.52,14,61,82,0,0,0,0.63,0.63,17,86,192.54,2.81,2.84,76,0,0.00,0.00,99,0.00,0,0,0,0.00,0.00,0,0.00,0.00,0.11,0.11,3,1,0.00,33,83,68,30,43,5.49,73,0.20,0.20,1.00,24,0.04,0.04,89,49,1.81,1.83,1.38,1.37,71,37,0.04,24,93,76,64,0,59,85,0,0.00,99,55,0.00,2.05,10.63,10.56,285,170,90,67,6.34,6.30,59.65,21,0.78,51,0,31.15,0,0.00,99,19,0.70,0.71,84,84,21,61,0,0,0,0,0,43,30,49,43,0,17,40,62,55,4,15,72,26,N/A,N/A
Tom Trybull,33,731664000,1993/03/09,Superliga,2025/2026,Midfielder,OB,2,2,0,Germany,1,1,0,0,0,0,0,0,0,0,0,0,0,0,0,0,0,0,0,0,0,0,0,0,0,0,0,2,0,0,0,-1,-1,-1,22,35568,0.00,0,32,585.00,6.50,99,13,5.00,10,28,450.00,99,0.00,0.00,0.00,0,0.00,0.00,0.00,0.00,0,0.00,0.00,0.00,0.00,0.00,0.00,0.00,0.00,0.00,0.00,0.00,0.00,0.00,0.00,0.00,0.00,0.00,0.00,0.00,0,0,,0,0.00,8,0,0.00,12,0,0.00,9,0,1,0,4,0.00,99,0,0,0.00,6,0,27,0.00,11,0,0.00,99,0,0.00,0,0,0.00,0,0.00,7,0,0.00,9,0,0.00,0.00,0,0.00,0,0,0,0.00,0,0,0.00,99,0.00,0,N/A,N/A,N/A,N/A,0.00,0,0.00,0,0.00,0.00,0,76.92,0.00,12,99,0.00,0.00,0,11,11,0,0,0,0.50,45.00,1,99,0.00,0.00,0.00,0,0,0.00,0.00,99,0.00,0,0,0,0.00,0.00,0,0.00,0.00,0.00,0.00,0,0,0.00,33,0,0,30,0,0.02,99,0.01,0.90,0.00,9,0.00,0.00,1,0,0.00,0.00,0.00,0.00,6,0,0.00,8,0,1,64,0,39,2,0,0.00,99,0,0.00,0.00,45.00,0.50,1,0,0,99,0.00,0.00,0.00,0,0.00,99,0,0.00,0,0.00,99,0,0.00,0.00,27,0,31,11,0,0,0,0,0,15,30,49,43,0,14,3,16,16,0,0,18,19,N/A,N/A
Tonni Adamsen,31,784886400,1994/11/15,Superliga,2025/2026,Forward,Silkeborg,2615,1392,1223,Denmark,31,16,15,14,8,6,7,4,3,0,0,3,2,1,58,25,33,2,0,0.72,0.24,0.48,0.52,0.44,187,2,45,84,1308,374,0.07,12,26,-1,1,360455,7.01,0.23,91,33.73,30.53,38,977,23.78,761,33,26.27,38,0.00,0.00,1.81,58,0.00,1.97,0.38,0.34,11,0.00,1.53,0.00,0.00,0.00,0.16,1.00,1.56,4.71,2.28,0.91,2.28,0.00,1.16,0.45,0.00,0.59,0.00,0.00,0,0,,66,2.06,80,37,1.28,94,29,1.00,67,3,1,30,10,0.00,99,0,5,0.17,12,63,76,2.17,72,0,0.00,99,0,0.00,0,0,0.00,0,2.00,93,73,2.52,81,32,1.10,43.84,0,0.00,0,0,0,0.00,0,50,0.00,13,1.73,76,N/A,N/A,N/A,N/A,0.00,0,0.00,0,14.43,0.00,0,77.89,56.06,92,75,0.31,0.35,10,80,45,2,2,0,0.06,0.07,2,29,224.29,1.22,1.35,39,0,0.00,0.00,99,0.00,0,4,3,0.09,0.10,0,0.00,0.00,0.41,0.38,12,0,21.21,91,93,93,34,14,7.74,91,0.24,0.27,11.63,87,0.36,0.40,53,29,0.91,1.00,0.38,0.34,13,11,0.50,95,86,42,87,0,87,40,0,0.00,99,19,0.00,0.66,8.18,7.41,237,90,17,35,3.11,2.81,37.97,49,1.69,16,0,26.98,0,0.00,99,17,0.53,0.59,79,95,31,61,0,1,0,3,0,96,96,92,95,0,78,18,91,29,2,6,37,23,N/A,N/A
Valdemar Andreasen,21,1106640000,2005/01/25,Superliga,2025/2026,Midfielder,Midtjylland,1096,664,432,Denmark,28,15,13,7,5,2,3,3,0,0,0,8,3,5,9,6,3,3,0,0.82,0.25,0.57,0.68,0.42,157,0.74,122,39,365,365,0.25,4,22,-1,3,270341,6.14,0.11,93,46.72,17.78,66,569,14.72,471,58,38.68,67,0.00,0.00,0.91,29,0.00,1.38,1.56,0.59,19,0.00,0.31,0.00,0.00,0.00,0.31,0.25,0.31,4.29,2.46,0.53,0.62,0.00,0.41,0.21,0.00,0.12,0.00,0.00,0,0,,30,0.94,84,13,1.07,86,17,1.40,83,10,18,10,52,0.00,99,0,10,0.82,51,44,80,3.61,87,0,0.00,99,0,0.00,0,0,0.00,0,2.38,98,20,1.64,63,8,0.66,40.00,0,0.00,0,0,0,0.00,0,10,0.00,97,0.82,15,N/A,N/A,N/A,N/A,0.00,0,0.00,0,6.61,0.00,0,82.78,43.33,71,5,0.53,1.40,17,62,40,0,0,0,0.06,0.16,2,45,196.56,0.44,1.15,14,0,0.00,0.00,99,0.00,0,0,0,0.00,0.00,0,0.00,0.00,0.00,0.00,0,0,23.33,93,35,73,32,97,3.97,98,0.12,0.33,6.61,98,0.21,0.54,78,17,0.53,1.40,0.90,0.34,40,11,0.54,98,36,35,64,0,39,18,0,0.00,99,4,0.00,0.33,8.54,3.25,104,47,37,40,3.86,1.47,45.19,10,0.82,49,0,29.55,0,0.00,99,13,0.41,1.07,94,29,99,99,0,1,0,4,0,98,99,91,98,0,70,64,41,77,3,11,60,20,N/A,N/A
Valdemar Birksø Thorsen,25,984816000,2001/03/17,Superliga,2025/2026,Goalkeeper,Fredericia,990,450,540,Denmark,11,5,6,0,0,0,0,0,0,0,0,0,0,0,17,9,8,0,0,0,0,0,0,0,0,1.55,58,90,0,0,0,197,173,54,29,0,6.87,0,32,21.09,21.09,15,232,12.91,142,1,12.91,9,0.00,0.00,0.09,1,0.00,0.00,0.09,0.09,1,0.00,0.00,0.00,0.00,2.91,0.00,0.00,4.64,0.00,0.00,0.00,0.00,0.00,0.00,0.00,0.00,0.36,0.00,0.00,0,0,,0,0.00,8,0,0.00,12,0,0.00,9,0,0,11,7,0.00,99,0,0,0.00,6,0,27,0.00,11,0,0.00,99,0,0.00,0,0,0.00,0,0.09,8,0,0.00,9,0,0.00,0.00,0,0.00,0,32,37,2.91,47,51,0.00,39,4.64,98,N/A,N/A,N/A,N/A,62.75,0,0.00,0,0.00,0.00,0,61.21,0.00,12,99,0.00,0.00,0,11,11,0,0,26,0.00,0.00,0,22,75.61,1.91,1.91,21,0,0.00,0.00,99,0.00,1,0,0,0.00,0.00,11,1.00,1.00,0.00,0.00,0,0,0.00,33,33,11,30,39,0.35,1,0.03,0.03,0.00,9,0.00,0.00,15,4,0.36,0.36,0.00,0.00,6,0,0.00,8,74,58,64,99,39,20,0,0.00,99,4,0.00,0.36,0.73,0.73,8,8,7,6,0.73,0.73,100.00,0,0.00,99,0,0.00,0,0.00,99,0,0.00,0.00,27,33,21,11,0,0,0,0,0,15,30,49,43,0,12,3,16,16,0,0,18,90,0,0
Valdemar Lund Jensen,22,1054105200,2003/05/28,Superliga,2025/2026,Defender,Vejle,1432,684,748,Denmark,18,9,9,0,0,0,0,0,0,0,0,1,0,1,33,15,18,2,0,0,0,0,0,0,0,2.07,43,80,716,0,0.13,198,190,81,16,210265,4.44,0,32,51.41,30.30,75,818,24.85,671,53,42.17,71,0.00,0.00,0.15,4,0.00,0.26,1.38,0.81,22,0.00,0.07,0.00,0.00,0.00,0.59,0.07,1.30,0.00,0.19,0.07,0.19,0.00,0.04,0.01,0.00,2.04,0.00,0.00,0,0,,3,0.11,10,1,0.06,16,2,0.13,12,5,1,17,44,0.00,99,0,16,1.01,61,7,78,0.44,35,0,0.00,99,0,0.00,0,0,0.00,0,0.25,16,5,0.31,20,2,0.13,40.00,0,0.00,0,0,0,0.00,0,35,0.00,9,2.20,89,N/A,N/A,N/A,N/A,0.00,0,0.00,0,0.27,0.00,0,82.03,33.33,47,40,0.41,0.69,11,20,40,0,0,0,0.52,0.88,14,94,119.82,3.44,5.84,93,0,0.00,0.00,99,0.00,0,0,0,0.00,0.00,0,0.00,0.00,0.25,0.15,4,1,0.00,33,52,31,30,9,1.49,20,0.06,0.09,0.27,16,0.01,0.02,21,8,0.30,0.50,0.75,0.44,29,12,0.02,15,12,94,64,0,78,97,0,0.00,99,55,0.00,3.46,8.55,5.04,136,85,71,40,5.34,3.15,62.50,2,0.13,85,0,28.57,0,0.00,99,2,0.07,0.13,42,57,31,80,0,0,0,0,0,15,30,49,43,0,65,8,69,50,2,11,60,5,N/A,N/A
Victor Bak Jensen,22,1065164400,2003/10/03,Superliga,2025/2026,Defender,Midtjylland,2333,1099,1234,Denmark,30,14,16,1,1,0,2,0,2,0,0,10,3,7,23,17,6,2,0,0.12,0.08,0.04,0.08,0,2333,0.89,101,78,1167,1167,0.08,171,126,10,17,270341,6.43,0.07,52,36.34,29.44,44,942,22.53,721,27,27.81,41,0.00,0.00,0.94,30,0.00,1.44,2.20,1.78,57,0.00,0.34,0.00,0.00,0.00,0.88,0.47,0.56,17.00,0.66,0.41,0.97,0.00,0.12,0.05,0.00,0.56,0.00,0.00,0,0,,17,0.53,35,4,0.15,28,13,0.50,43,7,3,27,78,0.00,99,0,28,1.08,65,46,83,1.77,66,0,0.00,99,0,0.00,0,0,0.00,0,1.16,67,31,1.20,52,15,0.58,48.39,0,0.00,0,0,0,0.00,0,18,0.00,86,0.69,6,N/A,N/A,N/A,N/A,0.00,0,0.00,0,1.67,0.00,0,76.54,23.53,25,15,0.88,1.08,28,55,52,0,0,0,0.09,0.12,3,39,205.90,2.12,2.62,68,0,0.00,0.00,99,0.00,0,0,1,0.03,0.04,0,0.00,0.00,0.12,0.09,3,0,5.88,36,80,88,97,86,3.54,43,0.11,0.14,1.67,31,0.05,0.06,12,7,0.22,0.27,0.96,0.78,47,25,0.06,31,47,73,73,0,61,42,0,0.00,99,18,0.00,0.69,7.41,6.00,192,96,31,29,3.70,3.00,50.00,11,0.42,70,0,30.43,0,0.00,99,14,0.44,0.54,77,84,45,95,0,0,0,0,0,34,36,49,51,0,70,83,86,32,2,7,42,55,N/A,N/A
Victor Froholdt,20,1140854400,2006/02/25,Superliga,2025/2026,Midfielder,København,90,0,90,Denmark,1,0,1,0,0,0,0,0,0,0,0,0,0,0,2,0,2,0,0,0,0,0,0,0,0,2,45,90,0,0,0,-1,-1,-1,23,0,7.54,0,32,53.00,53.00,76,53,47.00,47,87,47.00,80,0.00,0.00,3.00,3,0.00,0.00,1.00,1.00,1,0.00,0.00,0.00,0.00,0.00,1.00,2.00,0.00,0.00,1.00,1.00,3.00,0.00,0.00,0.05,0.00,2.00,0.00,0.00,0,0,,1,1.00,48,0,0.00,12,1,1.00,67,0,0,1,26,0.00,99,0,1,1.00,60,0,27,0.00,11,0,0.00,99,0,0.00,0,0,0.00,0,3.00,99,3,3.00,87,2,2.00,66.67,0,0.00,0,0,0,0.00,0,0,0.00,13,0.00,0,N/A,N/A,N/A,N/A,0.00,0,0.00,0,0.05,0.00,0,88.68,0.00,12,0,3.00,3.00,3,94,90,0,0,0,0.00,0.00,0,22,7.54,2.00,2.00,2,0,0.00,0.00,99,0.00,0,0,1,1.00,1.00,0,0.00,0.00,0.00,0.00,0,0,0.00,33,0,0,30,14,0.22,80,0.22,0.22,0.05,26,0.05,0.05,1,0,0.00,0.00,2.00,2.00,92,2,0.05,26,99,59,99,0,39,84,0,0.00,99,2,0.00,2.00,12.00,12.00,12,5,63,81,5.00,5.00,41.67,0,0.00,99,0,0.00,0,0.00,99,0,0.00,0.00,27,0,21,11,0,0,0,0,0,15,30,49,43,0,12,3,16,16,0,0,18,17,0,0
Victor Malmqvist Gustafsen,18,1195027200,2007/11/14,Superliga,2025/2026,Midfielder,Nordsjælland,59,42,17,Denmark,7,4,3,0,0,0,0,0,0,0,0,2,1,1,2,0,2,0,0,0,0,0,0,0,0,3.05,30,8,0,0,0,-1,-1,-1,18,34243,1.73,0,32,37.50,1.67,48,25,1.07,16,2,24.00,31,0.00,0.00,0.07,1,0.00,0.07,1.50,0.07,1,0.00,0.00,0.00,0.00,0.00,0.00,0.00,0.13,0.00,3.00,0.13,0.07,0.00,0.00,0.01,0.00,0.00,0.00,0.00,0,0,,2,0.13,95,0,0.00,12,2,3.00,99,0,7,0,49,0.00,99,0,0,0.00,6,1,27,1.50,61,0,0.00,99,0,0.00,0,0,0.00,0,1.50,83,1,1.50,61,0,0.00,0.00,0,0.00,0,0,0,0.00,0,2,0.00,0,3.00,92,N/A,N/A,N/A,N/A,0.00,0,0.00,0,0.09,0.00,0,64.00,0.00,12,0,0.13,3.00,2,11,11,0,0,0,0.13,3.00,2,99,25.98,0.20,4.50,3,0,0.00,0.00,99,0.00,0,0,0,0.00,0.00,0,0.00,0.00,0.00,0.00,0,0,0.00,33,0,4,30,0,0.08,33,0.01,0.12,0.09,53,0.01,0.14,80,1,0.07,1.50,3.00,0.13,99,2,0.14,53,1,88,64,0,39,2,0,0.00,99,0,0.00,0.00,15.00,0.67,10,2,16,97,3.00,0.13,20.00,0,0.00,99,0,0.00,0,0.00,99,0,0.00,0.00,27,0,69,11,0,0,0,0,0,15,30,49,43,0,13,64,16,16,0,0,18,32,N/A,N/A
Viggo Poulsen,18,1207551600,2008/04/07,Superliga,2025/2026,Midfielder,Brøndby,150,132,18,Denmark,8,5,3,0,0,0,0,0,0,0,0,3,3,0,1,1,0,0,0,0,0,0,0,0,0,0.6,150,19,0,0,0,-1,-1,-1,26,3003,3.32,0,32,32.40,4.50,34,54,3.42,41,23,24.60,33,0.00,0.00,0.17,2,0.00,0.08,1.20,0.17,2,0.00,0.33,0.00,0.00,0.00,0.00,0.25,0.08,0.00,1.80,0.17,0.50,0.00,0.08,0.02,0.00,0.25,0.00,0.00,0,0,,3,0.25,69,1,0.60,65,2,1.20,76,2,7,1,37,0.00,99,0,0,0.00,6,1,99,0.60,41,0,0.00,99,0,0.00,0,0,0.00,0,1.20,68,6,3.60,90,3,1.80,50.00,0,0.00,0,0,0,0.00,0,1,0.00,99,0.60,3,N/A,N/A,N/A,N/A,0.00,0,0.00,0,0.24,0.00,0,75.93,33.33,47,0,0.33,2.40,4,93,64,0,0,0,0.00,0.00,0,22,39.81,0.25,1.80,3,0,0.00,0.00,99,0.00,0,0,0,0.00,0.00,0,0.00,0.00,0.00,0.00,0,0,0.00,33,0,5,30,99,0.16,22,0.01,0.10,0.24,53,0.02,0.14,99,7,0.58,4.20,0.60,0.08,18,1,0.14,53,3,56,64,0,39,80,0,0.00,99,3,0.00,1.80,17.40,2.42,29,15,99,99,9.00,1.25,51.72,4,2.40,3,0,100.00,0,0.00,99,1,0.08,0.60,80,0,69,44,0,0,0,0,0,15,30,49,43,0,12,95,16,16,0,0,18,36,N/A,N/A
Viktor Claesson,34,694339200,1992/01/02,Superliga,2025/2026,Forward,København,1262,711,551,Sweden,29,14,15,6,3,3,1,0,1,0,0,7,5,2,19,11,8,1,0,0.5,0.07,0.43,0.38,0.49,210,1.35,66,44,1262,1262,0.07,20,137,-1,4,1126320,6.10,0.03,48,35.43,16.00,42,496,12.81,397,43,28.36,44,0.00,0.00,0.52,16,0.00,0.29,1.43,0.65,20,0.00,0.55,0.00,0.00,0.00,0.16,0.06,0.55,5.67,2.43,0.71,0.32,0.00,0.39,0.20,0.00,0.87,0.00,0.00,0,0,,34,1.10,84,12,0.86,78,22,1.57,90,1,17,12,46,0.00,99,0,5,0.36,22,9,60,0.64,42,0,0.00,99,0,0.00,0,0,0.00,0,1.14,66,10,0.71,36,2,0.14,20.00,0,0.00,0,0,0,0.00,0,17,0.00,53,1.21,46,N/A,N/A,N/A,N/A,0.00,0,0.00,0,6.16,0.00,0,80.04,35.29,49,58,0.23,0.50,7,21,14,0,0,0,0.00,0.00,0,22,189.00,0.32,0.71,10,0,0.00,0.00,99,0.00,0,0,1,0.03,0.07,0,0.00,0.00,0.21,0.10,3,0,17.65,83,45,81,38,53,1.90,43,0.06,0.14,6.16,91,0.20,0.44,37,11,0.35,0.79,1.21,0.55,61,17,0.44,89,34,14,84,0,72,82,0,0.00,99,27,0.00,1.93,10.07,4.55,141,60,45,60,4.29,1.94,42.55,17,1.21,32,0,22.22,0,0.00,99,2,0.06,0.14,44,38,97,27,0,0,0,0,0,85,93,95,86,0,98,45,89,29,1,3,24,7,N/A,N/A
Viktor Dadason,17,1214809200,2008/06/30,Superliga,2025/2026,Midfielder,København,622,284,338,Iceland,17,9,8,3,1,2,1,0,1,0,0,4,3,1,6,2,4,0,0,0.58,0.14,0.43,0.32,0.53,207,0.87,104,37,0,622,0,18,86,-1,6,40250,4.95,0.06,69,17.07,5.36,6,118,3.86,85,12,12.30,7,0.00,0.00,0.50,11,0.00,0.09,1.16,0.36,8,0.00,0.27,0.00,0.00,0.00,0.23,0.14,0.32,5.33,2.32,0.32,0.23,0.00,0.41,0.15,0.00,1.05,0.00,0.00,0,0,,16,0.73,82,9,1.30,95,7,1.01,68,6,11,6,33,0.00,99,0,5,0.72,44,2,27,0.29,28,0,0.00,99,0,0.00,0,0,0.00,0,1.59,88,5,0.72,37,3,0.43,60.00,0,0.00,0,0,0,0.00,0,7,0.00,89,1.01,29,N/A,N/A,N/A,N/A,0.00,0,0.00,0,3.24,0.00,0,72.03,56.25,93,79,0.09,0.29,2,42,81,0,0,0,0.09,0.29,2,60,108.79,0.32,1.01,7,0,0.00,0.00,99,0.00,0,0,0,0.00,0.00,0,0.00,0.00,0.14,0.05,1,1,18.75,86,16,29,37,89,1.16,58,0.05,0.17,3.24,94,0.15,0.47,64,8,0.36,1.16,1.30,0.41,66,9,0.47,92,16,31,64,0,65,96,0,0.00,99,23,0.00,3.33,14.04,4.41,97,39,80,94,5.64,1.77,40.21,6,0.87,47,0,0.00,0,0.00,99,0,0.00,0.00,27,19,86,88,0,0,0,0,0,92,93,96,79,0,16,45,16,16,0,0,18,39,N/A,N/A
Viljar Myhra,29,837932400,1996/07/21,Superliga,2025/2026,Goalkeeper,OB,2009,990,1019,Norway,23,11,12,0,0,0,0,0,0,0,0,4,2,2,34,17,17,1,1,0,0,0,0,0,0,1.52,59,87,1005,0,0.09,185,182,51,19,385319,6.62,0,32,36.42,33.88,44,813,26.29,631,32,28.27,43,0.00,0.00,0.00,0,0.00,0.00,0.00,0.00,0,0.00,0.04,0.00,0.00,2.67,0.00,0.00,4.21,0.00,0.00,0.00,0.00,0.00,0.00,0.00,0.00,0.58,0.00,0.00,0,0,,0,0.00,8,0,0.00,12,0,0.00,9,0,0,23,4,0.00,99,0,0,0.00,6,0,27,0.00,11,0,0.00,99,0,0.00,0,0,0.00,0,0.00,7,0,0.00,9,0,0.00,0.00,0,0.00,0,64,53,2.87,42,101,0.00,41,4.52,96,N/A,N/A,N/A,N/A,63.37,0,0.00,0,0.00,0.00,0,77.61,0.00,12,95,0.04,0.04,1,11,11,0,0,52,0.00,0.00,0,22,158.83,1.88,2.02,45,0,0.00,0.00,99,0.00,1,0,0,0.00,0.00,22,0.92,0.99,0.00,0.00,0,0,0.00,33,70,50,30,41,1.43,10,0.06,0.06,0.00,9,0.00,0.00,3,2,0.08,0.09,0.04,0.04,7,1,0.00,8,55,60,64,95,39,40,0,0.00,99,14,0.00,0.63,0.81,0.75,18,15,7,7,0.67,0.62,83.33,1,0.04,93,0,0.00,0,0.00,99,0,0.00,0.00,27,71,21,11,0,0,0,0,0,15,30,49,43,0,80,34,83,36,0,0,18,16,N/A,N/A
Villads Rutkjær,17,1223103600,2008/10/04,Superliga,2025/2026,Midfielder,Nordsjælland,73,72,1,Denmark,4,3,1,0,0,0,0,0,0,0,0,3,2,1,0,0,0,0,0,0,0,0,0,0,0,0,0,18,0,0,0,-1,-1,-1,17,3003,1.38,0,32,107.26,8.70,99,87,8.50,85,99,104.79,99,0.00,0.00,0.20,2,0.00,0.00,1.23,0.10,1,0.00,0.00,0.00,0.00,0.00,0.00,0.00,0.00,0.00,0.00,0.00,0.00,0.00,0.00,0.00,0.00,0.00,0.00,0.00,0,0,,0,0.00,8,0,0.00,12,0,0.00,9,0,4,0,38,0.00,99,0,0,0.00,6,0,27,0.00,11,0,0.00,99,0,0.00,0,0,0.00,0,2.47,98,0,0.00,9,0,0.00,0.00,0,0.00,0,0,0,0.00,0,0,0.00,99,0.00,0,N/A,N/A,N/A,N/A,0.00,0,0.00,0,0.00,0.00,0,97.70,0.00,12,99,0.00,0.00,0,11,11,0,0,0,0.10,1.23,1,98,13.82,0.30,3.70,3,0,0.00,0.00,99,0.00,0,0,0,0.00,0.00,0,0.00,0.00,0.00,0.00,0,0,0.00,33,0,0,30,0,0.27,98,0.03,0.33,0.00,9,0.00,0.00,1,0,0.00,0.00,0.00,0.00,6,0,0.00,8,1,83,64,0,39,2,0,0.00,99,0,0.00,0.00,6.16,0.50,5,1,7,18,1.23,0.10,20.00,0,0.00,99,0,0.00,0,0.00,99,0,0.00,0.00,27,0,51,11,0,0,0,0,0,15,30,49,43,0,12,99,16,16,0,0,18,35,N/A,N/A
Villads Westh,22,1082876400,2004/04/25,Superliga,2025/2026,Midfielder,Silkeborg,1284,627,657,Denmark,22,11,11,0,0,0,0,0,0,0,0,3,2,1,30,11,19,1,0,0,0,0,0,0,0,2.1,43,58,1284,0,0.07,199,183,-1,17,46438,6.21,0,32,54.29,32.25,78,774,27.08,650,63,45.60,76,0.00,0.00,0.58,14,0.00,1.12,2.24,1.33,32,0.00,0.62,0.00,0.00,0.00,1.04,0.62,1.29,0.00,0.49,0.25,0.96,0.00,0.04,0.02,0.00,0.33,0.00,0.00,0,0,,7,0.29,25,1,0.07,18,6,0.42,36,7,8,14,78,0.00,99,0,25,1.75,95,27,81,1.89,69,0,0.00,99,0,0.00,0,0,0.00,0,0.98,54,23,1.61,62,15,1.05,65.22,0,0.00,0,0,0,0.00,0,31,0.00,8,2.17,88,N/A,N/A,N/A,N/A,0.00,0,0.00,0,0.42,0.00,0,83.98,14.29,16,10,0.71,1.19,17,78,86,0,0,0,0.25,0.42,6,75,149.15,1.33,2.24,32,0,0.00,0.00,99,0.00,0,0,0,0.00,0.00,0,0.00,0.00,0.00,0.00,0,0,0.00,33,46,45,30,9,1.71,33,0.07,0.12,0.42,20,0.02,0.03,88,26,1.08,1.82,0.77,0.46,31,11,0.03,18,39,68,64,0,39,35,0,0.00,99,8,0.00,0.56,9.75,5.79,139,80,79,55,5.61,3.33,57.55,15,1.05,38,0,29.63,0,0.00,99,8,0.33,0.56,78,45,75,95,0,0,0,0,0,15,30,49,43,0,18,30,90,29,1,5,33,7,N/A,N/A
Vitus Friis,19,1175324400,2007/03/31,Superliga,2025/2026,Defender,OB,4,0,4,Denmark,1,0,1,0,0,0,0,0,0,0,0,0,0,0,0,0,0,0,0,0,0,0,0,0,0,0,0,4,0,0,0,-1,-1,-1,18,25490,0.00,0,32,90.00,0.24,99,4,0.18,3,20,67.50,98,0.00,0.00,0.00,0,0.00,0.00,0.00,0.00,0,0.00,0.00,0.00,0.00,0.00,0.00,0.00,0.00,0.00,22.50,0.00,0.00,0.00,0.06,0.01,0.00,0.00,0.00,0.00,0,0,,1,0.06,99,1,22.50,99,0,0.00,9,0,1,0,4,0.00,99,0,0,0.00,6,0,27,0.00,11,0,0.00,99,0,0.00,0,0,0.00,0,0.00,7,0,0.00,9,0,0.00,0.00,0,0.00,0,0,0,0.00,0,0,0.00,99,0.00,0,N/A,N/A,N/A,N/A,0.00,0,0.00,0,0.11,0.00,0,75.00,100.00,99,99,0.00,0.00,0,11,11,0,0,0,0.00,0.00,0,22,0.00,0.00,0.00,0,0,0.00,0.00,99,0.00,0,0,0,0.00,0.00,0,0.00,0.00,0.00,0.00,0,0,0.00,33,0,0,30,0,0.01,83,0.00,0.23,0.11,99,0.01,2.48,1,0,0.00,0.00,0.00,0.00,6,0,2.48,99,0,1,64,0,39,2,0,0.00,99,0,0.00,0.00,0.00,0.00,0,0,0,0,0.00,0.00,0.00,0,0.00,99,0,0.00,0,0.00,99,0,0.00,0.00,27,0,31,11,0,0,0,0,0,15,30,49,43,0,13,3,16,16,0,0,18,21,N/A,N/A
Wahidullah Faghir,22,1059462000,2003/07/29,Superliga,2025/2026,Forward,Vejle,431,202,229,Denmark,15,8,7,2,2,0,0,0,0,0,0,1,1,0,8,4,4,0,0,0.42,0,0.42,0.89,0,216,1.67,54,29,0,0,0,23,216,-1,8,144182,6.21,0,32,18.42,5.87,8,88,3.80,57,3,11.93,7,0.00,0.00,0.07,1,0.00,0.00,0.42,0.13,2,0.00,0.13,0.00,0.00,0.00,0.00,0.13,0.67,6.00,2.51,0.53,0.47,0.00,0.27,0.14,0.00,1.13,0.00,0.00,0,0,,12,0.80,85,4,0.84,76,8,1.67,93,6,11,4,11,0.00,99,0,0,0.00,6,0,27,0.00,11,0,0.00,99,0,0.00,0,0,0.00,0,0.21,13,7,1.47,60,2,0.42,28.57,0,0.00,0,0,0,0.00,0,10,0.00,30,2.09,86,N/A,N/A,N/A,N/A,0.00,0,0.00,0,2.07,0.00,0,64.77,33.33,47,99,0.00,0.00,0,41,18,0,0,0,0.00,0.00,0,22,93.15,0.20,0.63,3,0,0.00,0.00,99,0.00,0,0,1,0.07,0.21,0,0.00,0.00,0.84,0.27,4,0,16.67,82,5,22,39,31,0.16,1,0.01,0.03,2.07,90,0.14,0.43,55,5,0.33,1.05,1.05,0.33,52,5,0.43,88,39,11,98,0,96,97,0,0.00,99,17,0.00,3.56,12.35,3.93,59,26,73,87,5.44,1.73,44.07,2,0.42,70,0,0.00,0,0.00,99,0,0.00,0.00,27,9,86,88,0,0,0,0,0,78,92,49,99,0,47,11,16,16,0,0,18,19,N/A,N/A
Warren Caddy,29,860569200,1997/04/09,Superliga,2025/2026,Forward,Randers,826,444,382,France,12,7,5,2,1,1,0,0,0,0,0,4,2,2,13,7,6,0,0,0.22,0,0.22,0.2,0.24,413,1.42,64,69,0,0,0,74,195,-1,9,0,5.72,0,32,21.25,13.93,16,195,10.21,143,14,15.58,14,0.00,0.00,0.43,6,0.00,0.36,0.33,0.21,3,0.00,0.57,0.00,0.00,0.00,0.07,0.64,0.93,13.00,2.83,1.36,1.14,0.00,0.50,0.22,0.00,2.21,0.00,0.00,0,0,,26,1.86,92,7,0.76,74,19,2.07,97,6,2,10,9,0.00,99,0,1,0.11,9,5,53,0.54,39,0,0.00,99,0,0.00,0,0,0.00,0,0.65,35,16,1.74,67,9,0.98,56.25,0,0.00,0,0,0,0.00,0,13,0.00,48,1.42,62,N/A,N/A,N/A,N/A,0.00,0,0.00,0,3.06,0.00,0,73.33,26.92,31,83,0.14,0.22,2,73,73,1,0,0,0.00,0.00,0,22,80.10,0.50,0.76,7,0,0.00,0.00,99,0.00,0,1,0,0.00,0.00,0,0.00,0.00,0.98,0.64,9,0,7.69,44,26,13,58,48,0.59,10,0.04,0.06,2.36,71,0.17,0.26,44,8,0.57,0.87,1.20,0.79,59,11,0.33,76,25,17,64,0,98,96,0,0.00,99,31,0.00,3.38,12.64,8.29,116,51,77,88,5.56,3.64,43.97,8,0.87,47,0,20.00,0,0.00,99,1,0.07,0.11,40,29,38,88,0,0,0,0,0,55,73,75,68,0,12,83,16,16,0,0,18,10,0,0
Wessel Dammers,31,794044800,1995/03/01,Superliga,2025/2026,Defender,Randers,2836,1396,1440,Netherlands,32,16,16,2,0,2,1,1,0,0,0,10,6,4,42,21,21,3,0,0.1,0.03,0.06,0,0.13,1418,1.33,68,89,945,2836,0.1,159,170,40,5,142272,7.18,0.03,34,72.83,71.72,97,2295,64.41,2061,93,65.41,96,0.00,0.00,0.16,5,0.00,0.09,1.17,1.16,37,0.00,0.16,0.00,0.00,0.00,1.16,0.12,1.25,18.00,0.57,0.38,0.19,0.00,0.19,0.06,0.00,2.50,0.00,0.00,0,0,,18,0.56,31,6,0.19,33,12,0.38,31,1,0,32,34,0.00,99,0,37,1.17,71,3,27,0.10,16,0,0.00,99,0,0.00,0,0,0.00,0,0.16,10,6,0.19,16,4,0.13,66.67,0,0.00,0,0,0,0.00,0,40,0.00,55,1.27,54,N/A,N/A,N/A,N/A,0.00,0,0.00,0,1.96,0.00,0,89.80,33.33,47,57,0.50,0.51,16,20,90,0,0,0,0.94,0.95,30,97,229.85,6.12,6.22,196,1,0.00,0.03,18,0.03,0,0,1,0.03,0.03,0,0.00,0.00,0.03,0.03,1,1,5.56,36,99,99,91,56,4.75,47,0.15,0.15,1.96,31,0.06,0.06,30,20,0.62,0.63,0.51,0.50,16,16,0.06,31,96,96,68,0,41,91,0,0.00,99,80,0.00,2.54,7.30,7.19,230,140,49,27,4.44,4.38,60.87,5,0.16,82,0,0.00,0,0.00,99,0,0.00,0.00,27,99,21,27,0,0,0,0,0,30,40,61,43,0,47,75,80,41,3,9,52,4,N/A,N/A
William Christian Martin,19,1177311600,2007/04/23,Superliga,2025/2026,Midfielder,OB,263,143,120,Republic of Ireland,15,10,5,2,1,1,2,2,0,0,0,3,2,1,7,4,3,0,0,1.37,0.68,0.68,0.63,0.75,132,2.4,38,18,0,132,0,-1,-1,-1,6,24030,3.11,0.13,99,46.58,4.90,65,147,3.87,116,38,36.76,64,0.00,0.00,0.30,9,0.00,0.33,2.54,0.27,8,0.00,0.30,0.00,0.00,0.00,0.00,0.07,0.07,2.50,1.58,0.07,0.13,0.00,0.10,0.05,0.00,0.07,0.00,0.00,0,0,,5,0.17,65,3,0.95,81,2,0.63,47,0,15,0,86,0.00,99,0,0,0.00,6,10,98,3.17,82,0,0.00,99,0,0.00,0,0,0.00,0,2.85,99,4,1.27,53,2,0.63,50.00,0,0.00,0,0,0,0.00,0,2,0.00,2,0.63,4,N/A,N/A,N/A,N/A,0.00,0,0.00,0,1.59,0.00,0,78.91,60.00,97,47,0.07,0.63,2,61,64,0,0,0,0.00,0.00,0,22,93.35,0.07,0.63,2,0,0.00,0.00,99,0.00,0,0,0,0.00,0.00,0,0.00,0.00,0.00,0.00,0,0,40.00,99,0,22,31,3,1.72,99,0.06,0.55,1.59,96,0.05,0.50,70,4,0.13,1.27,2.54,0.27,98,8,0.50,95,3,11,64,0,39,40,0,0.00,99,2,0.00,0.63,12.04,1.27,38,16,63,82,5.07,0.53,42.11,9,2.85,0,0,50.00,0,0.00,99,5,0.17,1.58,99,0,95,11,0,0,0,0,0,99,99,99,97,0,13,37,16,16,0,0,18,23,N/A,N/A
William Clem,21,1087714800,2004/06/20,Superliga,2025/2026,Midfielder,København,1200,573,627,Denmark,24,11,13,2,1,1,2,1,1,0,0,7,5,2,13,3,10,2,0,0.3,0.15,0.15,0.16,0.14,600,0.98,92,50,600,600,0.15,100,79,-1,12,320112,5.53,0.08,70,57.52,25.57,82,767,21.90,657,78,49.27,83,0.00,0.00,0.27,8,0.00,0.37,2.40,1.07,32,0.00,0.23,0.00,0.00,0.00,1.30,0.27,0.47,9.50,1.43,0.33,0.47,0.00,0.30,0.09,0.00,0.27,0.00,0.00,0,0,,19,0.63,61,9,0.67,69,10,0.75,51,3,12,12,82,0.00,99,0,39,2.93,99,11,89,0.82,49,0,0.00,99,0,0.00,0,0,0.00,0,0.60,33,14,1.05,47,8,0.60,57.14,0,0.00,0,0,0,0.00,0,14,0.00,81,1.05,32,N/A,N/A,N/A,N/A,0.00,0,0.00,0,2.73,0.00,0,85.66,47.37,80,4,0.63,1.43,19,58,76,0,0,0,0.07,0.15,2,43,166.01,0.80,1.80,24,0,0.00,0.00,99,0.00,0,0,0,0.00,0.00,0,0.00,0.00,0.00,0.00,0,0,10.53,59,40,54,68,81,2.95,80,0.10,0.22,2.73,63,0.09,0.20,70,17,0.57,1.27,1.58,0.70,77,21,0.20,62,22,56,64,0,39,38,0,0.00,99,8,0.00,0.60,9.60,4.27,128,64,58,53,4.80,2.13,50.00,7,0.53,62,0,36.36,0,0.00,99,4,0.13,0.30,63,38,88,61,0,0,0,0,0,64,62,63,63,0,74,64,62,55,2,8,49,36,N/A,N/A
William Kirk,19,1168675200,2007/01/13,Superliga,2025/2026,Midfielder,Silkeborg,762,393,369,Denmark,13,6,7,1,0,1,1,1,0,0,0,2,1,1,14,4,10,1,0,0.24,0.12,0.12,0,0.24,762,1.65,54,59,762,762,0.12,117,103,-1,7,0,6.15,0.08,60,33.20,23.33,36,280,17.58,211,21,25.02,34,0.00,0.00,0.33,4,0.00,1.00,1.90,1.33,16,0.00,0.25,0.00,0.00,0.00,0.75,0.42,1.25,11.00,1.30,0.58,0.58,0.00,0.33,0.12,0.00,0.58,0.00,0.00,0,0,,11,0.92,56,4,0.47,58,7,0.83,56,3,3,10,71,0.00,99,0,9,1.07,64,12,45,1.42,59,0,0.00,99,0,0.00,0,0,0.00,0,0.47,29,7,0.83,40,5,0.59,71.43,0,0.00,0,0,0,0.00,0,15,0.00,31,1.78,79,N/A,N/A,N/A,N/A,0.00,0,0.00,0,1.45,0.00,0,75.36,36.36,52,16,0.75,1.07,9,56,93,0,0,0,0.08,0.12,1,39,73.82,1.00,1.42,12,0,0.00,0.00,99,0.00,0,0,0,0.00,0.00,0,0.00,0.00,0.00,0.00,0,0,9.09,50,22,16,76,31,1.18,43,0.10,0.14,1.45,58,0.12,0.17,35,6,0.50,0.71,1.07,0.75,53,9,0.17,57,36,45,64,0,39,48,0,0.00,99,7,0.00,0.83,7.00,4.92,59,32,35,24,3.79,2.67,54.24,3,0.36,73,0,16.67,0,0.00,99,2,0.17,0.24,58,29,45,61,0,0,0,0,0,57,56,75,43,0,12,31,71,47,1,8,49,27,0,0
William Lykke,21,1096354800,2004/09/28,Superliga,2025/2026,Midfielder,Nordsjælland,450,180,270,Denmark,5,2,3,0,0,0,0,0,0,0,0,0,0,0,10,3,7,0,0,0,0,0,0,0,0,2,45,90,0,0,0,204,200,-1,33,23711,1.86,0,32,29.80,8.28,29,149,6.94,125,62,25.00,33,0.00,0.00,0.00,0,0.00,0.00,0.00,0.00,0,0.00,0.00,0.00,0.00,0.44,0.00,0.00,1.17,0.00,0.00,0.00,0.00,0.00,0.00,0.00,0.00,0.06,0.00,0.00,0,0,,0,0.00,8,0,0.00,12,0,0.00,9,0,0,5,4,0.00,99,0,0,0.00,6,0,27,0.00,11,0,0.00,99,0,0.00,0,0,0.00,0,0.00,7,0,0.00,9,0,0.00,0.00,0,0.00,0,8,11,1.60,11,21,0.00,13,4.20,95,N/A,N/A,N/A,N/A,38.10,0,0.00,0,0.00,0.00,0,83.89,0.00,12,85,0.06,0.20,1,11,11,0,0,5,0.00,0.00,0,22,33.52,0.17,0.60,3,0,0.00,0.00,99,0.00,1,0,0,0.00,0.00,1,0.06,0.20,0.00,0.00,0,0,0.00,33,6,1,30,14,0.31,10,0.02,0.06,0.00,9,0.00,0.00,27,3,0.17,0.60,0.00,0.00,6,0,0.00,8,2,10,64,11,39,9,0,0.00,99,1,0.00,0.20,0.80,0.22,4,3,6,7,0.60,0.17,75.00,0,0.00,99,0,0.00,0,0.00,99,0,0.00,0.00,27,14,21,11,0,0,0,0,0,15,30,49,43,0,13,3,16,16,0,0,18,38,N/A,N/A
William Madsen,24,1017993600,2002/04/05,Superliga,2025/2026,Forward,Fredericia,963,481,482,Denmark,20,10,10,1,0,1,1,0,1,0,0,2,1,1,21,9,12,1,0,0.19,0.09,0.09,0,0.19,963,1.96,46,48,963,963,0.09,132,115,-1,15,99545,5.56,0.05,55,39.63,17.67,51,424,14.79,355,61,33.18,55,0.00,0.00,0.58,14,0.00,0.71,1.21,0.54,13,0.00,0.46,0.00,0.00,0.00,0.46,0.33,0.75,12.00,1.12,0.38,0.50,0.00,0.12,0.06,0.00,0.54,0.00,0.00,0,0,,12,0.50,51,3,0.28,45,9,0.84,58,4,8,12,38,0.00,99,0,11,1.03,62,17,34,1.59,64,0,0.00,99,0,0.00,0,0,0.00,0,1.31,75,12,1.12,49,8,0.75,66.67,0,0.00,0,0,0,0.00,0,18,0.00,16,1.68,74,N/A,N/A,N/A,N/A,0.00,0,0.00,0,1.38,0.00,0,83.73,25.00,29,44,0.29,0.65,7,65,90,0,0,0,0.17,0.37,4,69,133.37,0.83,1.87,20,0,0.00,0.00,99,0.00,0,0,0,0.00,0.00,0,0.00,0.00,0.00,0.00,0,0,8.33,46,30,38,81,17,1.84,58,0.08,0.17,1.38,52,0.06,0.13,72,14,0.58,1.31,0.84,0.38,36,9,0.13,52,23,57,64,0,39,65,0,0.00,99,13,0.00,1.21,8.50,3.79,91,48,51,40,4.49,2.00,52.75,11,1.03,40,0,11.76,0,0.00,99,2,0.08,0.19,51,38,75,70,0,0,0,0,0,49,50,70,43,0,26,18,81,36,1,5,33,13,N/A,N/A
Yahya Bojang,21,1094799600,2004/09/10,Superliga,2025/2026,Midfielder,OB,1205,444,761,Gambia,27,12,15,0,0,0,1,0,1,0,0,3,1,2,22,9,13,8,1,0.07,0.07,0,0,0,0,1.64,55,45,151,1205,0.6,247,138,-1,24,18969,5.32,0.04,48,72.25,33.41,96,969,29.21,847,85,63.16,93,0.00,0.00,0.17,5,0.00,0.14,3.21,1.48,43,0.00,0.07,0.00,0.00,0.00,0.93,0.03,0.76,0.00,0.22,0.10,0.10,0.00,0.00,0.00,0.00,0.66,0.00,0.00,0,0,,3,0.10,12,0,0.00,12,3,0.22,17,6,16,11,96,0.00,99,0,27,2.01,98,4,71,0.30,29,0,0.00,99,0,0.00,0,0,0.00,0,0.37,24,3,0.22,19,1,0.07,33.33,0,0.00,0,0,0,0.00,0,22,0.00,32,1.64,72,N/A,N/A,N/A,N/A,0.00,0,0.00,0,0.13,0.00,0,87.41,0.00,12,34,0.38,0.82,11,16,30,0,0,0,0.38,0.82,11,93,154.28,2.55,5.52,74,1,0.00,0.07,9,0.03,0,0,0,0.00,0.00,0,0.00,0.00,0.00,0.00,0,0,0.00,33,41,68,30,33,2.58,68,0.09,0.19,0.13,11,0.00,0.01,16,5,0.17,0.37,2.31,1.07,97,31,0.01,11,20,91,64,0,39,71,0,0.00,99,19,0.00,1.42,9.77,4.52,131,67,63,56,5.00,2.31,51.15,2,0.15,83,0,25.00,0,0.00,99,1,0.03,0.07,36,33,96,88,0,0,0,0,0,26,30,49,43,0,12,20,17,99,7,26,95,24,N/A,N/A
Yonis Njoh,22,1074326400,2004/01/17,Superliga,2025/2026,Forward,Viborg,509,255,254,France,10,5,5,2,1,1,1,0,1,0,0,4,1,3,6,4,2,1,0,0.53,0.18,0.35,0.35,0.35,255,1.06,85,51,509,509,0.18,39,66,-1,12,138595,6.80,0.1,79,21.74,12.10,17,121,10.30,103,73,18.50,20,0.00,0.00,0.60,6,0.00,1.60,1.44,0.80,8,0.00,1.20,0.00,0.00,0.00,0.30,0.80,0.20,4.00,1.44,0.50,2.50,0.00,0.30,0.18,0.00,0.10,0.00,0.00,0,0,,8,0.80,62,3,0.54,62,5,0.90,62,8,4,6,46,0.00,99,0,3,0.54,35,16,36,2.87,80,0,0.00,99,0,0.00,0,0,0.00,0,1.08,62,25,4.49,96,8,1.44,32.00,0,0.00,0,0,0,0.00,0,2,0.00,75,0.36,1,N/A,N/A,N/A,N/A,0.00,0,0.00,0,1.77,0.00,0,85.12,37.50,55,73,0.20,0.36,2,85,24,0,0,0,0.40,0.72,4,90,68.02,0.50,0.90,5,0,0.00,0.00,99,0.00,0,0,0,0.00,0.00,0,0.00,0.00,0.00,0.00,0,0,25.00,96,11,7,45,75,1.02,63,0.10,0.18,1.77,78,0.18,0.32,83,9,0.90,1.62,0.00,0.00,6,0,0.32,75,67,23,64,0,39,8,0,0.00,99,1,0.00,0.18,11.86,6.60,66,26,55,80,4.67,2.60,39.39,12,2.16,6,0,12.50,0,0.00,99,2,0.20,0.36,65,19,51,98,0,0,0,0,0,88,85,86,83,0,46,97,56,63,1,10,59,27,N/A,N/A
Yoram	 Zague,20,1147676400,2006/05/15,Superliga,2025/2026,Defender,København,149,16,133,France,7,2,5,2,0,2,0,0,0,0,0,2,1,1,3,0,3,1,0,1.21,0,1.21,0,1.35,75,1.81,50,21,149,0,0.6,-1,-1,-1,13,829919,2.46,0,32,52.80,5.18,76,88,4.41,75,73,45.00,75,0.00,0.00,0.29,5,0.00,0.35,1.80,0.18,3,0.00,0.06,0.00,0.00,0.00,0.24,0.06,0.18,1.00,1.20,0.00,0.29,0.00,0.12,0.08,0.00,0.00,0.00,0.00,0,0,,2,0.12,53,2,1.20,91,0,0.00,9,4,5,2,65,0.00,99,0,4,2.40,99,6,45,3.60,87,0,0.00,99,0,0.00,0,0,0.00,0,3.00,99,5,3.00,87,1,0.60,20.00,0,0.00,0,0,0,0.00,0,3,0.00,23,1.80,79,N/A,N/A,N/A,N/A,0.00,0,0.00,0,1.32,0.00,0,85.23,100.00,99,0,0.18,1.80,3,58,14,0,0,0,0.00,0.00,0,22,41.83,0.12,1.20,2,0,0.00,0.00,99,0.00,0,0,0,0.00,0.00,0,0.00,0.00,0.00,0.00,0,0,100.00,99,0,4,30,24,0.40,84,0.02,0.24,1.32,99,0.08,0.79,27,1,0.06,0.60,0.00,0.00,6,0,0.79,99,2,37,64,0,39,2,0,0.00,99,0,0.00,0.00,8.40,0.82,14,5,16,38,3.00,0.29,35.71,1,0.60,59,0,16.67,0,0.00,99,1,0.06,0.60,80,2,57,70,0,0,0,0,0,99,99,99,43,0,94,64,16,99,1,14,71,22,N/A,N/A
Younes Bakiz,27,918201600,1999/02/05,Superliga,2025/2026,Midfielder,Silkeborg,1418,739,679,Denmark,24,13,11,2,2,0,3,0,3,0,0,2,1,1,26,11,15,2,0,0.32,0.19,0.13,0.24,0,709,1.65,55,59,709,473,0.13,111,55,-1,4,240303,6.78,0.12,82,40.18,26.38,53,633,21.29,511,46,32.43,53,0.00,0.00,0.75,18,0.00,0.54,1.02,0.67,16,0.00,0.75,0.00,0.00,0.00,0.38,0.38,0.83,14.00,1.78,0.75,0.83,0.00,0.42,0.15,0.00,0.29,0.00,0.00,0,0,,28,1.17,69,10,0.63,67,18,1.14,73,6,5,19,27,0.00,99,0,9,0.57,36,13,29,0.83,49,0,0.00,99,0,0.00,0,0,0.00,0,1.14,66,20,1.27,53,9,0.57,45.00,0,0.00,0,0,0,0.00,0,20,0.00,31,1.27,54,N/A,N/A,N/A,N/A,0.00,0,0.00,0,3.54,0.00,0,80.73,35.71,50,36,0.50,0.76,12,54,48,0,0,0,0.04,0.06,1,26,162.66,0.71,1.08,17,0,0.00,0.00,99,0.00,0,0,2,0.08,0.13,0,0.00,0.00,0.13,0.08,2,1,7.14,41,51,54,73,33,3.58,83,0.15,0.23,3.54,67,0.15,0.22,95,34,1.42,2.16,1.27,0.83,64,20,0.22,66,64,32,92,0,63,27,0,0.00,99,7,0.00,0.44,8.57,5.62,135,66,43,41,4.19,2.75,48.89,18,1.14,36,0,7.69,0,0.00,99,1,0.04,0.06,34,61,57,88,0,0,0,0,0,65,59,49,71,0,68,13,69,50,2,8,49,10,N/A,N/A
Youssoufa Moukoko,21,1100937600,2004/11/20,Superliga,2025/2026,Forward,København,1206,685,521,Germany,24,12,12,9,6,3,2,2,0,0,0,6,4,2,15,8,7,1,0,0.82,0.15,0.67,0.79,0.52,134,1.12,80,50,1206,603,0.07,3,80,-1,2,711359,5.24,0.08,70,19.10,8.00,11,256,5.88,188,15,14.03,11,0.00,0.00,0.56,18,0.00,0.19,0.90,0.38,12,0.00,0.66,0.00,0.00,0.00,0.12,1.00,0.38,5.44,3.66,0.69,1.81,0.00,0.84,0.31,0.00,0.09,0.00,0.00,0,0,,49,1.53,98,27,2.01,99,22,1.64,92,8,9,15,22,0.00,99,0,4,0.30,18,6,45,0.45,36,0,0.00,99,0,0.00,0,0,0.00,0,1.34,77,58,4.33,95,32,2.39,55.17,0,0.00,0,0,0,0.00,0,12,0.00,70,0.90,21,N/A,N/A,N/A,N/A,0.00,0,0.00,0,9.97,0.00,0,73.44,55.10,91,93,0.03,0.07,1,97,71,3,0,0,0.03,0.07,1,29,167.78,0.12,0.30,4,0,0.00,0.00,99,0.00,0,3,2,0.06,0.15,0,0.00,0.00,0.82,0.34,11,0,18.37,84,41,54,31,70,2.27,58,0.07,0.17,7.87,98,0.25,0.59,32,9,0.28,0.67,0.75,0.31,29,10,0.74,99,18,4,94,0,96,11,0,0.00,99,3,0.00,0.22,8.66,3.62,116,56,43,42,4.18,1.75,48.28,21,1.57,20,0,16.67,0,0.00,99,1,0.03,0.07,36,49,79,98,1,1,1,4,4,98,99,96,99,0,92,48,87,29,1,4,29,9,N/A,N/A
Youssouph Badji,24,1008835200,2001/12/20,Superliga,2025/2026,Forward,AGF,22,6,16,Senegal,6,2,4,0,0,0,0,0,0,0,0,2,2,0,0,0,0,0,0,0,0,0,0,0,0,0,0,4,0,0,0,-1,-1,-1,22,254903,1.61,0,32,43.20,1.50,60,12,0.50,4,0,14.40,12,0.00,0.00,0.00,0,0.00,0.00,0.00,0.00,0,0.00,0.12,0.00,0.00,0.00,0.00,0.00,0.00,0.00,0.00,0.00,0.12,0.00,0.00,0.00,0.00,0.38,0.00,0.00,0,0,,0,0.00,8,0,0.00,12,0,0.00,9,0,6,0,4,0.00,99,0,0,0.00,6,0,27,0.00,11,0,0.00,99,0,0.00,0,0,0.00,0,0.00,7,1,3.60,90,0,0.00,0.00,0,0.00,0,0,0,0.00,0,0,0.00,99,0.00,0,N/A,N/A,N/A,N/A,0.00,0,0.00,0,0.00,0.00,0,33.33,0.00,12,0,0.12,3.60,1,11,11,0,0,0,0.00,0.00,0,22,12.88,0.12,3.60,1,0,0.00,0.00,99,0.00,0,0,0,0.00,0.00,0,0.00,0.00,0.00,0.00,0,0,0.00,33,0,3,30,0,0.01,4,0.00,0.04,0.00,9,0.00,0.00,1,0,0.00,0.00,3.60,0.12,99,1,0.00,8,1,83,64,0,39,99,0,0.00,99,3,0.00,10.80,28.80,1.00,8,3,99,99,10.80,0.38,37.50,1,3.60,0,0,0.00,0,0.00,99,0,0.00,0.00,27,0,61,11,0,0,0,0,0,15,30,49,43,0,69,83,16,16,0,0,18,15,N/A,N/A
Žan Zaletel,26,937465200,1999/09/16,Superliga,2025/2026,Defender,Viborg,219,100,119,Slovenia,7,3,4,0,0,0,0,0,0,0,0,3,1,2,2,0,2,0,0,0,0,0,0,0,0,0.82,110,31,0,0,0,-1,-1,-1,21,120151,2.20,0,32,55.64,9.07,80,136,7.93,119,85,48.68,82,0.00,0.00,0.13,2,0.00,0.00,0.41,0.07,1,0.00,0.07,0.00,0.00,0.00,0.20,0.00,0.27,0.00,0.41,0.00,0.00,0.00,0.07,0.01,0.00,0.33,0.00,0.00,0,0,,1,0.07,20,1,0.41,55,0,0.00,9,0,5,2,11,0.00,99,0,3,1.23,74,0,27,0.00,11,0,0.00,99,0,0.00,0,0,0.00,0,0.82,45,0,0.00,9,0,0.00,0.00,0,0.00,0,0,0,0.00,0,4,0.00,92,1.64,72,N/A,N/A,N/A,N/A,0.00,0,0.00,0,0.14,0.00,0,87.50,100.00,99,69,0.07,0.41,1,11,11,0,0,0,0.13,0.82,2,93,33.04,1.27,7.77,19,0,0.00,0.00,99,0.00,0,0,0,0.00,0.00,0,0.00,0.00,0.00,0.00,0,0,0.00,33,0,4,30,93,0.32,38,0.02,0.13,0.14,31,0.01,0.06,17,1,0.07,0.41,0.00,0.00,6,0,0.06,31,2,99,64,0,39,85,0,0.00,99,5,0.00,2.05,5.73,0.93,14,7,15,14,2.86,0.47,50.00,1,0.41,70,0,0.00,0,0.00,99,0,0.00,0.00,27,2,57,11,0,0,0,0,0,15,30,49,43,0,40,98,16,16,0,0,18,5,N/A,N/A
Zander Zander Grantzau,17,1227427200,2008/11/23,Superliga,2025/2026,Defender,AGF,0,0,0,Denmark,0,0,0,0,0,0,0,0,0,0,0,0,0,0,0,0,0,0,0,0,0,0,0,0,0,0,0,0,0,0,0,-1,-1,-1,-1,N/A,N/A,N/A,N/A,N/A,N/A,N/A,N/A,N/A,N/A,N/A,N/A,N/A,N/A,N/A,N/A,N/A,N/A,N/A,N/A,N/A,N/A,N/A,N/A,N/A,N/A,N/A,N/A,N/A,N/A,N/A,N/A,N/A,N/A,N/A,N/A,N/A,N/A,N/A,N/A,N/A,N/A,N/A,N/A,N/A,N/A,N/A,N/A,N/A,N/A,N/A,N/A,N/A,N/A,N/A,N/A,N/A,N/A,N/A,N/A,N/A,N/A,N/A,N/A,N/A,N/A,N/A,N/A,N/A,N/A,N/A,N/A,N/A,N/A,N/A,N/A,N/A,N/A,N/A,N/A,N/A,N/A,N/A,N/A,N/A,N/A,N/A,N/A,N/A,N/A,N/A,N/A,N/A,N/A,N/A,N/A,N/A,N/A,N/A,N/A,N/A,N/A,N/A,N/A,N/A,N/A,N/A,N/A,N/A,N/A,N/A,N/A,N/A,N/A,N/A,N/A,N/A,N/A,N/A,N/A,N/A,N/A,N/A,N/A,N/A,N/A,N/A,N/A,N/A,N/A,N/A,N/A,N/A,N/A,N/A,N/A,N/A,N/A,N/A,N/A,N/A,N/A,N/A,N/A,N/A,N/A,N/A,N/A,N/A,N/A,N/A,N/A,N/A,N/A,N/A,N/A,N/A,N/A,N/A,N/A,N/A,N/A,N/A,N/A,N/A,N/A,N/A,N/A,N/A,N/A,N/A,N/A,N/A,N/A,N/A,N/A,N/A,N/A,N/A,N/A,N/A,N/A,N/A,N/A,N/A,N/A,N/A,N/A,N/A,N/A,N/A,N/A,N/A,N/A,N/A,N/A,N/A,N/A,N/A,N/A,N/A,N/A,N/A,N/A,N/A,N/A,N/A,N/A,N/A,N/A,N/A,N/A,N/A,N/A,N/A,N/A,N/A,N/A,N/A,N/A,N/A,N/A,N/A,N/A
Zidan Sertdemir,21,1107504000,2005/02/04,Superliga,2025/2026,Midfielder,Nordsjælland,40,12,28,Denmark,3,1,2,0,0,0,0,0,0,0,0,1,1,0,1,0,1,1,0,0,0,0,0,0,0,2.25,40,13,40,0,2.25,-1,-1,-1,28,0,6.52,0,32,57.69,8.33,82,25,6.67,20,43,46.15,77,0.00,0.00,0.33,1,0.00,0.67,2.31,0.33,1,0.00,0.33,0.00,0.00,0.00,0.00,0.33,0.00,0.00,0.00,0.00,0.67,0.00,0.00,0.00,0.00,0.00,0.00,0.00,0,0,,0,0.00,8,0,0.00,12,0,0.00,9,0,3,0,80,0.00,99,0,0,0.00,6,2,27,4.62,93,0,0.00,99,0,0.00,0,0,0.00,0,2.31,98,2,4.62,96,1,2.31,50.00,0,0.00,0,0,0,0.00,0,0,0.00,5,0.00,0,N/A,N/A,N/A,N/A,0.00,0,0.00,0,0.00,0.00,0,80.00,0.00,12,0,0.33,2.31,1,96,64,0,0,0,0.00,0.00,0,22,19.57,0.00,0.00,0,0,0.00,0.00,99,0.00,0,0,0,0.00,0.00,0,0.00,0.00,0.00,0.00,0,0,0.00,33,0,0,30,5,0.09,76,0.03,0.21,0.00,9,0.00,0.00,99,2,0.67,4.62,4.62,0.67,99,2,0.00,8,50,1,64,0,39,2,0,0.00,99,0,0.00,0.00,20.77,3.00,9,4,99,99,9.23,1.33,44.44,1,2.31,3,0,0.00,0,0.00,99,0,0.00,0.00,27,0,45,11,0,0,0,0,0,15,30,49,43,0,12,83,16,99,1,33,99,21,0,0
