full_name,age,birthday,birthday_GMT,league,season,position,Current Club,minutes_played_overall,minutes_played_home,minutes_played_away,nationality,appearances_overall,appearances_home,appearances_away,goals_overall,goals_home,goals_away,assists_overall,assists_home,assists_away,penalty_goals,penalty_misses,clean_sheets_overall,clean_sheets_home,clean_sheets_away,conceded_overall,conceded_home,conceded_away,yellow_cards_overall,red_cards_overall,goals_involved_per_90_overall,assists_per_90_overall,goals_per_90_overall,goals_per_90_home,goals_per_90_away,min_per_goal_overall,conceded_per_90_overall,min_per_conceded_overall,min_per_match,min_per_card_overall,min_per_assist_overall,cards_per_90_overall,rank_in_league_top_attackers,rank_in_league_top_midfielders,rank_in_league_top_defenders,rank_in_club_top_scorer,annual_salary_eur,average_rating_overall,assists_per_game_overall,assists_per90_percentile_overall,passes_per_90_overall,passes_per_game_overall,passes_per90_percentile_overall,passes_total_overall,passes_completed_per_game_overall,passes_completed_total_overall,pass_completion_rate_percentile_overall,passes_completed_per_90_overall,passes_completed_per90_percentile_overall,short_passes_per_game_overall,long_passes_per_game_overall,key_passes_per_game_overall,key_passes_total_overall,through_passes_per_game_overall,crosses_per_game_overall,tackles_per_90_overall,tackles_per_game_overall,tackles_total_overall,tackles_successful_per_game_overall,dispossesed_per_game_overall,possession_regained_per_game_overall,pressures_per_game_overall,saves_per_game_overall,interceptions_per_game_overall,dribbles_successful_per_game_overall,shots_faced_per_game_overall,shots_per_goal_scored_overall,shots_per_90_overall,shots_off_target_per_game_overall,dribbles_per_game_overall,distance_travelled_per_game_overall,shots_on_target_per_game_overall,xg_per_game_overall,chances_created_per_game_overall,aerial_duels_won_per_game_overall,aerial_duels_per_game_overall,possession_regained_per_90_overall,possession_regained_total_overall,possession_regained_per90_percentile_overall,additional_info,shots_total_overall,shots_per_game_overall,shots_per90_percentile_overall,shots_on_target_total_overall,shots_on_target_per_90_overall,shots_on_target_per90_percentile_overall,shots_off_target_total_overall,shots_off_target_per_90_overall,shots_off_target_per90_percentile_overall,games_subbed_out,games_subbed_in,games_started,tackles_per90_percentile_overall,tackles_successful_per_90_overall,tackles_successful_per90_percentile_overall,tackles_successful_total_overall,interceptions_total_overall,interceptions_per_90_overall,interceptions_per90_percentile_overall,crosses_total_overall,cross_completion_rate_percentile_overall,crosses_per_90_overall,crosses_per90_percentile_overall,through_passes_total_overall,through_passes_per_90_overall,through_passes_per90_percentile_overall,long_passes_total_overall,long_passes_per_90_overall,long_passes_per90_percentile_overall,short_passes_total_overall,short_passes_per_90_overall,short_passes_per90_percentile_overall,key_passes_per_90_overall,key_passes_per90_percentile_overall,dribbles_total_overall,dribbles_per_90_overall,dribbles_per90_percentile_overall,dribbles_successful_total_overall,dribbles_successful_per_90_overall,dribbles_successful_percentage_overall,chances_created_total_overall,chances_created_per_90_overall,chances_created_per90_percentile_overall,saves_total_overall,save_percentage_percentile_overall,saves_per_90_overall,saves_per90_percentile_overall,shots_faced_total_overall,shots_per_goal_conceded_overall,conceded_per90_percentile_overall,shots_faced_per_90_overall,shots_faced_per90_percentile_overall,xg_faced_per_90_overall,xg_faced_per90_percentile_overall,xg_faced_per_game_overall,xg_faced_total_overall,save_percentage_overall,pressures_total_overall,pressures_per_90_overall,pressures_per90_percentile_overall,xg_total_overall,market_value,market_value_percentile,pass_completion_rate_overall,shot_accuraccy_percentage_overall,shot_accuraccy_percentage_percentile_overall,dribbled_past_per90_percentile_overall,dribbled_past_per_game_overall,dribbled_past_per_90_overall,dribbled_past_total_overall,dribbles_successful_per90_percentile_overall,dribbles_successful_percentage_percentile_overall,pen_scored_total_overall,pen_missed_total_overall,inside_box_saves_total_overall,blocks_per_game_overall,blocks_per_90_overall,blocks_total_overall,blocks_per90_percentile_overall,ratings_total_overall,clearances_per_game_overall,clearances_per_90_overall,clearances_total_overall,pen_committed_total_overall,pen_save_percentage_overall,pen_committed_per_90_overall,pen_committed_per90_percentile_overall,pen_committed_per_game_overall,pens_saved_total_overall,pens_taken_total_overall,hit_woodwork_total_overall,hit_woodwork_per_game_overall,hit_woodwork_per_90_overall,punches_total_overall,punches_per_game_overall,punches_per_90_overall,offsides_per_90_overall,offsides_per_game_overall,offsides_total_overall,penalties_won_total_overall,shot_conversion_rate_overall,shot_conversion_rate_percentile_overall,minutes_played_percentile_overall,matches_played_percentile_overall,min_per_goal_percentile_overall,min_per_conceded_percentile_overall,xa_total_overall,xa_per90_percentile_overall,xa_per_game_overall,xa_per_90_overall,npxg_total_overall,npxg_per90_percentile_overall,npxg_per_game_overall,npxg_per_90_overall,fouls_drawn_per90_percentile_overall,fouls_drawn_total_overall,fouls_drawn_per_game_overall,fouls_drawn_per_90_overall,fouls_committed_per_90_overall,fouls_committed_per_game_overall,fouls_committed_per90_percentile_overall,fouls_committed_total_overall,xg_per_90_overall,xg_per90_percentile_overall,average_rating_percentile_overall,clearances_per90_percentile_overall,hit_woodwork_per90_percentile_overall,punches_per90_percentile_overall,offsides_per90_percentile_overall,aerial_duels_won_per90_percentile_overall,aerial_duels_total_overall,aerial_duels_per_90_overall,aerial_duels_per90_percentile_overall,aerial_duels_won_total_overall,aerial_duels_won_percentage_overall,aerial_duels_won_per_90_overall,duels_per_90_overall,duels_per_game_overall,duels_total_overall,duels_won_total_overall,duels_won_per90_percentile_overall,duels_per90_percentile_overall,duels_won_per_90_overall,duels_won_per_game_overall,duels_won_percentage_overall,dispossesed_total_overall,dispossesed_per_90_overall,dispossesed_per90_percentile_overall,progressive_passes_total_overall,cross_completion_rate_overall,distance_travelled_total_overall,distance_travelled_per_90_overall,distance_travelled_per90_percentile_overall,accurate_crosses_total_overall,accurate_crosses_per_game_overall,accurate_crosses_per_90_overall,accurate_crosses_per90_percentile_overall,games_started_percentile_overall,games_subbed_in_percentile_overall,games_subbed_out_percentile_overall,hattricks_total_overall,two_goals_in_a_game_total_overall,three_goals_in_a_game_total_overall,two_goals_in_a_game_percentage_overall,three_goals_in_a_game_percentage_overall,goals_involved_per90_percentile_overall,goals_per90_percentile_overall,goals_per90_percentile_away,goals_per90_percentile_home,man_of_the_match_total_overall,annual_salary_eur_percentile,clean_sheets_percentage_percentile_overall,min_per_card_percentile_overall,cards_per90_percentile_overall,booked_over05_overall,booked_over05_percentage_overall,booked_over05_percentage_percentile_overall,shirt_number,annual_salary_gbp,annual_salary_usd
,36,615884400,1989/07/08,NB I,2025/2026,Midfielder,Zalaegerszegi TE,360,180,180,,4,2,2,0,0,0,0,0,0,0,0,0,0,0,6,5,1,0,0,0,0,0,0,0,0,1.5,60,90,0,0,0,252,218,-1,18,N/A,N/A,N/A,N/A,N/A,N/A,N/A,N/A,N/A,N/A,N/A,N/A,N/A,N/A,N/A,N/A,N/A,N/A,N/A,N/A,N/A,N/A,N/A,N/A,N/A,N/A,N/A,N/A,N/A,N/A,N/A,N/A,N/A,N/A,N/A,N/A,N/A,N/A,N/A,N/A,N/A,N/A,N/A,N/A,N/A,N/A,N/A,N/A,N/A,N/A,N/A,N/A,N/A,N/A,N/A,N/A,N/A,N/A,N/A,N/A,N/A,N/A,N/A,N/A,N/A,N/A,N/A,N/A,N/A,N/A,N/A,N/A,N/A,N/A,N/A,N/A,N/A,N/A,N/A,N/A,N/A,N/A,N/A,N/A,N/A,N/A,N/A,N/A,N/A,N/A,N/A,N/A,N/A,N/A,N/A,N/A,N/A,N/A,N/A,N/A,N/A,N/A,N/A,N/A,N/A,N/A,N/A,N/A,N/A,N/A,N/A,N/A,N/A,N/A,N/A,N/A,N/A,N/A,N/A,N/A,N/A,N/A,N/A,N/A,N/A,N/A,N/A,N/A,N/A,N/A,N/A,N/A,N/A,N/A,N/A,N/A,N/A,N/A,N/A,N/A,N/A,N/A,N/A,N/A,N/A,N/A,N/A,N/A,N/A,N/A,N/A,N/A,N/A,N/A,N/A,N/A,N/A,N/A,N/A,N/A,N/A,N/A,N/A,N/A,N/A,N/A,N/A,N/A,N/A,N/A,N/A,N/A,N/A,N/A,N/A,N/A,N/A,N/A,N/A,N/A,N/A,N/A,N/A,N/A,N/A,N/A,N/A,N/A,N/A,N/A,N/A,N/A,N/A,N/A,N/A,N/A,N/A,N/A,N/A,N/A,N/A,N/A,N/A,N/A,N/A,N/A,N/A,N/A,N/A,N/A,N/A,N/A,N/A,N/A,N/A,N/A,N/A,N/A,N/A,N/A,N/A,N/A,N/A,N/A
Ábel György Krajcsovics,21,1092726000,2004/08/17,NB I,2025/2026,Midfielder,Újpest,395,282,113,Hungary,18,10,8,2,0,2,0,0,0,0,0,6,4,2,5,5,0,3,0,0.46,0,0.46,0,1.59,198,1.14,79,22,132,0,0.68,16,196,-1,7,0,4.66,0,46,27.27,4.80,30,120,3.56,89,39,20.23,36,0.00,0.00,0.04,1,0.00,0.28,2.27,0.40,10,0.00,0.36,0.00,0.00,0.00,0.12,0.40,0.16,3.40,3.86,0.24,0.96,0.00,0.44,0.18,0.00,0.20,0.00,0.00,0,0,,17,0.68,99,11,2.50,99,6,1.36,87,1,17,1,88,0.00,99,0,3,0.68,45,7,97,1.59,63,0,0.00,99,0,0.00,0,0,0.00,0,0.23,21,24,5.45,99,10,2.27,41.67,0,0.00,0,0,0,0.00,0,4,0.00,73,0.91,21,N/A,N/A,N/A,N/A,0.00,0,0.00,0,4.62,0.00,0,74.17,64.71,97,4,0.24,1.36,6,98,50,0,0,0,0.00,0.00,0,20,116.60,0.20,1.14,5,0,0.00,0.00,99,0.00,0,0,0,0.00,0.00,0,0.00,0.00,0.68,0.12,3,2,29.41,95,2,57,42,73,0.19,7,0.01,0.04,4.62,99,0.18,1.05,82,9,0.36,2.05,2.50,0.44,92,11,1.05,99,24,31,71,0,93,44,0,0.00,99,5,0.00,1.14,18.64,3.28,82,34,95,98,7.73,1.36,41.46,9,2.05,4,0,57.14,0,0.00,99,4,0.16,0.91,85,1,99,35,0,0,0,0,0,84,95,99,56,0,21,88,16,99,3,17,62,27,0,0
Aboubakar Keita,28,878716800,1997/11/05,NB I,2025/2026,Midfielder,Diósgyőr,1287,632,655,Ivory Coast,23,12,11,3,1,2,0,0,0,0,0,2,2,0,28,14,14,1,0,0.21,0,0.21,0.14,0.27,429,1.96,46,56,1287,0,0.07,67,262,-1,3,0,6.84,0,46,31.23,18.62,42,447,13.50,324,33,22.64,41,0.00,0.00,0.46,11,0.00,0.25,1.54,0.92,22,0.00,0.75,0.00,0.00,0.00,0.58,0.58,0.96,6.33,1.33,0.46,1.12,0.00,0.33,0.14,0.00,1.83,0.00,0.00,0,0,,19,0.79,62,8,0.56,69,11,0.77,57,6,10,13,59,0.00,99,0,14,0.98,65,6,48,0.42,31,0,0.00,99,0,0.00,0,0,0.00,0,0.77,50,27,1.89,75,14,0.98,51.85,0,0.00,0,0,0,0.00,0,23,0.00,9,1.61,76,N/A,N/A,N/A,N/A,0.00,0,0.00,0,3.39,0.00,0,72.48,42.11,75,39,0.38,0.63,9,81,74,1,0,0,0.29,0.49,7,77,164.25,2.62,4.40,63,0,0.00,0.00,99,0.00,0,1,0,0.00,0.00,0,0.00,0.00,0.21,0.12,3,0,15.79,77,64,88,61,10,1.09,31,0.05,0.08,2.69,67,0.11,0.19,72,24,1.00,1.68,1.54,0.92,65,22,0.24,72,83,79,71,0,74,86,0,0.00,99,44,0.00,3.07,13.49,8.04,193,99,88,83,6.92,4.12,51.30,18,1.26,17,0,16.67,0,0.00,99,1,0.04,0.07,34,59,91,92,0,0,0,0,0,57,77,78,68,0,21,16,96,19,1,4,17,8,0,0
Ádám Bálint Czimer-Nyitrai,56,N/A,N/A,NB I,2025/2026,Midfielder,Nyíregyháza Spartacus,0,0,0,,0,0,0,0,0,0,0,0,0,0,0,0,0,0,0,0,0,0,0,0,0,0,0,0,0,0,0,0,0,0,0,-1,-1,-1,-1,N/A,N/A,N/A,N/A,N/A,N/A,N/A,N/A,N/A,N/A,N/A,N/A,N/A,N/A,N/A,N/A,N/A,N/A,N/A,N/A,N/A,N/A,N/A,N/A,N/A,N/A,N/A,N/A,N/A,N/A,N/A,N/A,N/A,N/A,N/A,N/A,N/A,N/A,N/A,N/A,N/A,N/A,N/A,N/A,N/A,N/A,N/A,N/A,N/A,N/A,N/A,N/A,N/A,N/A,N/A,N/A,N/A,N/A,N/A,N/A,N/A,N/A,N/A,N/A,N/A,N/A,N/A,N/A,N/A,N/A,N/A,N/A,N/A,N/A,N/A,N/A,N/A,N/A,N/A,N/A,N/A,N/A,N/A,N/A,N/A,N/A,N/A,N/A,N/A,N/A,N/A,N/A,N/A,N/A,N/A,N/A,N/A,N/A,N/A,N/A,N/A,N/A,N/A,N/A,N/A,N/A,N/A,N/A,N/A,N/A,N/A,N/A,N/A,N/A,N/A,N/A,N/A,N/A,N/A,N/A,N/A,N/A,N/A,N/A,N/A,N/A,N/A,N/A,N/A,N/A,N/A,N/A,N/A,N/A,N/A,N/A,N/A,N/A,N/A,N/A,N/A,N/A,N/A,N/A,N/A,N/A,N/A,N/A,N/A,N/A,N/A,N/A,N/A,N/A,N/A,N/A,N/A,N/A,N/A,N/A,N/A,N/A,N/A,N/A,N/A,N/A,N/A,N/A,N/A,N/A,N/A,N/A,N/A,N/A,N/A,N/A,N/A,N/A,N/A,N/A,N/A,N/A,N/A,N/A,N/A,N/A,N/A,N/A,N/A,N/A,N/A,N/A,N/A,N/A,N/A,N/A,N/A,N/A,N/A,N/A,N/A,N/A,N/A,N/A,N/A,N/A,N/A,N/A,N/A,N/A,N/A,N/A,N/A,N/A,N/A,N/A,N/A,N/A,N/A,N/A,N/A,N/A,N/A,N/A
Ádám Dániel Szentmihályi,56,N/A,N/A,NB I,2025/2026,Goalkeeper,Újpest,0,0,0,,0,0,0,0,0,0,0,0,0,0,0,0,0,0,0,0,0,0,0,0,0,0,0,0,0,0,0,0,0,0,0,-1,-1,-1,-1,N/A,N/A,N/A,N/A,N/A,N/A,N/A,N/A,N/A,N/A,N/A,N/A,N/A,N/A,N/A,N/A,N/A,N/A,N/A,N/A,N/A,N/A,N/A,N/A,N/A,N/A,N/A,N/A,N/A,N/A,N/A,N/A,N/A,N/A,N/A,N/A,N/A,N/A,N/A,N/A,N/A,N/A,N/A,N/A,N/A,N/A,N/A,N/A,N/A,N/A,N/A,N/A,N/A,N/A,N/A,N/A,N/A,N/A,N/A,N/A,N/A,N/A,N/A,N/A,N/A,N/A,N/A,N/A,N/A,N/A,N/A,N/A,N/A,N/A,N/A,N/A,N/A,N/A,N/A,N/A,N/A,N/A,N/A,N/A,N/A,N/A,N/A,N/A,N/A,N/A,N/A,N/A,N/A,N/A,N/A,N/A,N/A,N/A,N/A,N/A,N/A,N/A,N/A,N/A,N/A,N/A,N/A,N/A,N/A,N/A,N/A,N/A,N/A,N/A,N/A,N/A,N/A,N/A,N/A,N/A,N/A,N/A,N/A,N/A,N/A,N/A,N/A,N/A,N/A,N/A,N/A,N/A,N/A,N/A,N/A,N/A,N/A,N/A,N/A,N/A,N/A,N/A,N/A,N/A,N/A,N/A,N/A,N/A,N/A,N/A,N/A,N/A,N/A,N/A,N/A,N/A,N/A,N/A,N/A,N/A,N/A,N/A,N/A,N/A,N/A,N/A,N/A,N/A,N/A,N/A,N/A,N/A,N/A,N/A,N/A,N/A,N/A,N/A,N/A,N/A,N/A,N/A,N/A,N/A,N/A,N/A,N/A,N/A,N/A,N/A,N/A,N/A,N/A,N/A,N/A,N/A,N/A,N/A,N/A,N/A,N/A,N/A,N/A,N/A,N/A,N/A,N/A,N/A,N/A,N/A,N/A,N/A,N/A,N/A,N/A,N/A,N/A,N/A,N/A,N/A,N/A,N/A,N/A,N/A
Ádám Décsy,56,N/A,N/A,NB I,2025/2026,Midfielder,Győri ETO,202,135,67,,4,2,2,0,0,0,0,0,0,0,0,1,1,0,1,0,1,0,0,0,0,0,0,0,0,0.45,202,51,0,0,0,-1,-1,-1,21,24000,2.26,0,46,39.46,9.89,71,89,8.11,73,76,32.36,72,0.00,0.00,0.00,0,0.00,0.00,1.77,0.44,4,0.00,0.11,0.00,0.00,0.00,0.22,0.22,0.11,0.00,0.44,0.11,0.33,0.00,0.00,0.01,0.00,0.00,0.00,0.00,0,0,,1,0.11,24,0,0.00,18,1,0.44,36,4,1,3,69,0.00,99,0,2,0.89,59,0,29,0.00,13,0,0.00,99,0,0.00,0,0,0.00,0,0.00,9,3,1.33,56,2,0.89,66.67,0,0.00,0,0,0,0.00,0,1,0.00,99,0.44,1,N/A,N/A,N/A,N/A,0.00,0,0.00,0,0.05,0.00,0,82.02,0.00,18,99,0.00,0.00,0,77,90,0,0,0,0.00,0.00,0,20,20.33,0.22,0.89,2,0,0.00,0.00,99,0.00,0,0,0,0.00,0.00,0,0.00,0.00,0.00,0.00,0,0,0.00,38,0,0,37,99,0.16,22,0.02,0.07,0.05,19,0.01,0.02,98,7,0.78,3.10,1.77,0.44,75,4,0.02,19,0,21,71,0,46,0,0,0.00,99,0,0.00,0.00,8.87,2.22,20,13,67,36,5.76,1.44,65.00,1,0.44,61,0,0.00,0,0.00,99,0,0.00,0.00,29,4,36,83,0,0,0,0,0,24,37,51,56,0,22,65,14,14,0,0,14,47,N/A,N/A
Ádám Kovácsik,34,670752000,1991/04/04,NB I,2025/2026,Goalkeeper,Paksi SE,2160,990,1170,Hungary,24,11,13,0,0,0,0,0,0,0,0,4,1,3,32,19,13,1,0,0,0,0,0,0,0,1.33,68,90,2160,0,0.04,231,234,42,23,115000,6.67,0,46,23.67,22.72,18,568,11.32,283,1,11.79,5,0.00,0.00,0.04,1,0.00,0.00,0.08,0.08,2,0.00,0.00,0.00,0.00,3.16,0.00,0.00,4.52,0.00,0.00,0.00,0.00,0.00,0.00,0.00,0.00,0.08,0.00,0.00,0,0,,0,0.00,8,0,0.00,18,0,0.00,10,0,0,24,7,0.00,99,0,0,0.00,8,0,29,0.00,13,0,0.00,99,0,0.00,0,0,0.00,0,0.04,10,0,0.00,7,0,0.00,0.00,0,0.00,0,79,61,3.29,50,113,0.00,55,4.71,97,N/A,N/A,N/A,N/A,69.91,0,0.00,0,0.00,0.00,0,49.82,0.00,18,89,0.12,0.12,3,13,13,0,0,57,0.00,0.00,0,20,166.77,0.60,0.62,15,2,0.00,0.08,14,0.08,1,0,0,0.00,0.00,8,0.32,0.33,0.00,0.00,0,0,0.00,38,98,95,37,56,0.74,3,0.03,0.03,0.00,9,0.00,0.00,4,3,0.12,0.12,0.08,0.08,6,2,0.00,9,75,11,71,22,46,1,0,0.00,99,2,0.00,0.08,0.54,0.52,13,7,2,4,0.29,0.28,53.85,0,0.00,99,0,0.00,0,0.00,99,0,0.00,0.00,29,97,22,15,0,0,0,0,0,24,37,51,56,0,48,45,99,15,1,4,17,1,N/A,N/A
Ádám Lang,33,727257600,1993/01/17,NB I,2025/2026,Defender,Debrecen,2006,926,1080,Hungary,23,11,12,0,0,0,0,0,0,0,0,6,2,4,25,12,13,5,0,0,0,0,0,0,0,1.12,80,87,401,0,0.22,175,200,28,20,210000,6.85,0,46,44.24,42.87,78,986,37.17,855,92,38.36,83,0.00,0.00,0.13,3,0.00,0.00,0.40,0.39,9,0.00,0.09,0.00,0.00,0.00,1.48,0.13,1.00,0.00,0.31,0.30,0.17,0.00,0.00,0.02,0.00,2.57,0.00,0.00,0,0,,7,0.30,19,0,0.00,18,7,0.31,27,1,1,22,11,0.00,99,0,34,1.53,88,0,29,0.00,13,0,0.00,99,0,0.00,0,0,0.00,0,0.13,14,4,0.18,14,3,0.13,75.00,0,0.00,0,0,0,0.00,0,23,0.00,75,1.03,32,N/A,N/A,N/A,N/A,0.00,0,0.00,0,0.36,0.00,0,86.71,0.00,18,91,0.09,0.09,2,22,92,0,0,0,1.17,1.21,27,98,157.58,6.00,6.19,138,2,0.00,0.09,11,0.09,0,0,0,0.00,0.00,0,0.00,0.00,0.00,0.00,0,0,0.00,38,93,88,37,75,1.75,31,0.08,0.08,0.36,19,0.02,0.02,7,6,0.26,0.27,0.94,0.91,28,21,0.02,19,84,91,71,0,46,79,0,0.00,99,59,0.00,2.65,6.77,6.57,151,75,17,16,3.36,3.26,49.67,2,0.09,85,0,0.00,0,0.00,99,0,0.00,0.00,29,91,36,35,0,0,0,0,0,24,37,51,56,0,79,68,56,58,5,22,76,26,N/A,N/A
Ádám Madarász,56,N/A,N/A,NB I,2025/2026,Midfielder,Ferencváros,397,176,221,Hungary,12,5,7,1,0,1,0,0,0,0,0,4,2,2,7,5,2,0,0,0.23,0,0.23,0,0.41,397,1.59,57,33,0,0,0,61,167,-1,21,0,3.16,0,46,51.65,12.05,91,229,10.00,190,81,42.86,91,0.00,0.00,0.21,4,0.00,0.26,1.80,0.42,8,0.00,0.26,0.00,0.00,0.00,0.16,0.11,0.37,6.00,1.35,0.21,0.26,0.00,0.11,0.05,0.00,0.11,0.00,0.00,0,0,,6,0.32,63,2,0.45,61,4,0.90,64,0,9,3,70,0.00,99,0,3,0.68,45,5,92,1.13,53,0,0.00,99,0,0.00,0,0,0.00,0,0.90,58,5,1.13,50,2,0.45,40.00,0,0.00,0,0,0,0.00,0,7,0.00,32,1.58,75,N/A,N/A,N/A,N/A,0.00,0,0.00,0,1.04,0.00,0,82.97,33.33,56,60,0.11,0.45,2,50,45,0,0,0,0.11,0.45,2,73,60.06,0.32,1.35,6,0,0.00,0.00,99,0.00,0,0,0,0.00,0.00,0,0.00,0.00,0.00,0.00,0,0,16.67,80,2,24,59,33,0.48,47,0.03,0.11,1.04,72,0.05,0.23,14,2,0.11,0.45,1.58,0.37,68,7,0.23,69,4,39,71,0,46,14,0,0.00,99,2,0.00,0.45,6.99,1.63,31,13,11,19,2.93,0.68,41.94,5,1.13,21,0,40.00,0,0.00,99,2,0.11,0.45,69,4,87,15,0,0,0,0,0,60,79,91,56,0,21,88,14,14,0,0,14,72,0,0
Ádám Varga,27,918806400,1999/02/12,NB I,2025/2026,Goalkeeper,Ferencváros,1710,810,900,Hungary,19,9,10,0,0,0,0,0,0,0,0,5,1,4,20,10,10,2,0,0,0,0,0,0,0,1.05,86,90,855,0,0.11,254,198,19,30,0,5.65,0,46,29.65,23.72,37,593,15.52,388,11,19.40,31,0.00,0.00,0.04,1,0.00,0.04,0.00,0.00,0,0.00,0.00,0.00,0.00,2.80,0.00,0.00,3.96,0.00,0.00,0.00,0.00,0.00,0.00,0.00,0.00,0.20,0.00,0.00,0,0,,0,0.00,8,0,0.00,18,0,0.00,10,0,0,19,5,0.00,99,0,0,0.00,8,1,29,0.05,15,0,0.00,99,0,0.00,0,0,0.00,0,0.05,11,0,0.00,7,0,0.00,0.00,0,0.00,0,70,72,3.50,83,99,0.00,81,4.95,98,N/A,N/A,N/A,N/A,70.71,0,0.00,0,0.00,0.00,0,65.43,0.00,18,99,0.00,0.00,0,13,13,0,0,47,0.00,0.00,0,20,141.36,1.08,1.35,27,0,0.00,0.00,99,0.00,0,0,0,0.00,0.00,10,0.40,0.50,0.00,0.00,0,0,0.00,38,83,64,37,81,0.78,7,0.03,0.04,0.00,9,0.00,0.00,2,1,0.04,0.05,0.00,0.00,4,0,0.00,9,45,39,71,61,46,5,0,0.00,99,5,0.00,0.25,0.40,0.32,8,6,3,3,0.30,0.24,75.00,0,0.00,99,0,0.00,0,0.00,99,0,0.00,0.00,29,82,22,15,0,0,0,0,0,24,37,51,56,0,21,68,88,26,2,11,41,1,0,0
Ádin Molnár,21,1087542000,2004/06/18,NB I,2025/2026,Midfielder,MTK,1799,988,811,Hungary,24,13,11,8,5,3,3,3,0,0,0,4,4,0,37,18,19,4,0,0.55,0.15,0.4,0.46,0.33,225,1.85,49,75,450,600,0.2,25,66,-1,1,96000,6.56,0.12,77,19.97,15.81,11,332,11.48,241,33,14.50,14,0.00,0.00,0.76,16,0.00,2.48,1.38,1.10,23,0.00,0.76,0.00,0.00,0.00,0.24,1.24,1.67,4.50,2.17,0.86,2.52,0.00,0.86,0.37,0.00,0.10,0.00,0.00,0,0,,36,1.71,83,18,1.08,90,18,1.08,75,4,1,23,51,0.00,99,0,5,0.30,21,52,71,3.13,78,0,0.00,99,0,0.00,0,0,0.00,0,0.96,62,53,3.19,91,26,1.56,49.06,0,0.00,0,0,0,0.00,0,35,0.00,14,2.11,91,N/A,N/A,N/A,N/A,0.00,0,0.00,0,7.87,0.00,0,72.59,50.00,89,16,0.76,0.96,16,92,66,1,0,0,0.14,0.18,3,45,137.77,0.48,0.60,10,0,0.00,0.00,99,0.00,0,1,1,0.05,0.06,0,0.00,0.00,0.30,0.24,5,0,22.22,88,86,95,46,16,1.24,22,0.06,0.07,7.17,93,0.34,0.43,49,19,0.90,1.14,0.72,0.57,17,12,0.47,93,70,11,79,0,79,3,0,0.00,99,2,0.00,0.12,8.90,7.05,148,70,32,37,4.21,3.33,47.30,16,0.96,28,0,25.00,0,0.00,99,13,0.62,0.78,83,94,36,83,0,1,0,4,0,91,92,84,92,0,43,45,64,51,4,17,62,7,N/A,N/A
Adrián Guerrero,28,885974400,1998/01/28,NB I,2025/2026,Midfielder,Debrecen,1208,571,637,Spain,18,9,9,2,0,2,2,1,1,0,0,5,1,4,10,5,5,0,0,0.3,0.15,0.15,0,0.28,604,0.75,121,67,0,604,0,98,63,-1,9,165000,6.13,0.11,77,33.16,22.81,51,479,17.76,373,59,25.82,54,0.00,0.00,0.86,18,0.00,1.81,1.25,0.86,18,0.00,0.38,0.00,0.00,0.00,0.48,0.29,0.43,5.50,0.76,0.43,0.52,0.00,0.10,0.09,0.00,0.52,0.00,0.00,0,0,,11,0.52,40,2,0.14,32,9,0.62,47,5,3,15,42,0.00,99,0,10,0.69,47,38,58,2.63,74,0,0.00,99,0,0.00,0,0,0.00,0,1.25,71,11,0.76,35,6,0.42,54.55,0,0.00,0,0,0,0.00,0,9,0.00,98,0.62,3,N/A,N/A,N/A,N/A,0.00,0,0.00,0,1.86,0.00,0,77.87,18.18,24,13,0.71,1.04,15,46,79,0,0,0,0.14,0.21,3,50,128.69,1.29,1.87,27,0,0.00,0.00,99,0.00,0,0,0,0.00,0.00,0,0.00,0.00,0.00,0.00,0,0,18.18,82,59,57,72,98,2.58,74,0.12,0.18,1.86,55,0.09,0.13,25,10,0.48,0.69,0.83,0.57,23,12,0.13,52,56,52,71,0,46,28,0,0.00,99,11,0.00,0.76,6.30,4.33,91,42,11,12,2.91,2.00,46.15,8,0.55,52,0,21.05,0,0.00,99,8,0.38,0.55,74,69,55,88,0,0,0,0,0,69,66,79,56,0,67,75,14,14,0,0,14,3,N/A,N/A
Adrian Zeljković,23,1029740400,2002/08/19,NB I,2025/2026,Midfielder,MTK,478,208,270,Slovenia,6,3,3,1,1,0,0,0,0,0,0,1,0,1,10,4,6,0,0,0.19,0,0.19,0.43,0,478,1.88,48,80,0,0,0,75,268,-1,13,0,6.93,0,46,52.15,46.17,93,277,38.17,229,79,43.12,92,0.00,0.00,0.33,2,0.00,0.50,1.88,1.67,10,0.00,0.83,0.00,0.00,0.00,1.33,0.50,1.67,4.00,0.75,0.50,0.83,0.00,0.17,0.14,0.00,1.33,0.00,0.00,0,0,,4,0.67,40,1,0.19,36,3,0.56,43,0,1,5,74,0.00,99,0,8,1.51,86,3,29,0.56,36,0,0.00,99,0,0.00,0,0,0.00,0,0.38,29,5,0.94,43,3,0.56,60.00,0,0.00,0,0,0,0.00,0,10,0.00,12,1.88,86,N/A,N/A,N/A,N/A,0.00,0,0.00,0,0.83,0.00,0,82.67,25.00,38,5,1.17,1.32,7,56,84,0,0,0,0.67,0.75,4,87,41.57,3.50,3.95,21,1,0.00,0.19,2,0.17,0,0,0,0.00,0.00,0,0.00,0.00,0.00,0.00,0,0,25.00,91,7,3,64,13,0.55,43,0.09,0.10,0.83,62,0.14,0.16,48,6,1.00,1.13,1.51,1.33,63,8,0.16,59,88,77,71,0,46,59,0,0.00,99,8,0.00,1.51,9.79,8.67,52,27,50,51,5.08,4.50,51.92,5,0.94,29,0,0.00,0,0.00,99,0,0.00,0.00,29,10,36,15,0,0,0,0,0,54,74,51,90,0,21,45,14,14,0,0,14,80,0,0
Ahmed Nadir Benbouali,25,955954800,2000/04/17,NB I,2025/2026,Forward,Győri ETO,1976,1036,940,Algeria,25,13,12,11,4,7,3,1,2,0,0,9,6,3,19,7,12,4,0,0.64,0.14,0.5,0.35,0.67,180,0.87,104,79,494,659,0.18,13,68,-1,1,324000,7.19,0.12,74,18.35,16.17,7,388,10.46,251,9,11.87,6,0.00,0.00,1.38,33,0.00,0.21,0.71,0.62,15,0.00,1.29,0.00,0.00,0.00,0.21,0.33,0.71,6.00,2.84,1.50,1.25,0.00,1.00,0.45,0.00,3.92,0.00,0.00,0,0,,60,2.50,94,24,1.14,92,36,1.70,93,2,2,23,19,0.00,99,0,5,0.24,17,5,29,0.24,24,0,0.00,99,0,0.00,0,0,0.00,0,1.56,81,30,1.42,59,8,0.38,26.67,0,0.00,0,0,0,0.00,0,17,0.00,93,0.80,12,N/A,N/A,N/A,N/A,0.00,0,0.00,0,10.79,0.00,0,64.69,40.00,72,67,0.33,0.38,8,42,24,0,0,0,0.12,0.14,3,36,172.61,1.50,1.70,36,0,0.00,0.00,99,0.00,0,0,2,0.08,0.09,0,0.00,0.00,1.14,1.00,24,2,16.67,80,92,97,41,93,3.54,70,0.15,0.17,10.79,98,0.45,0.51,59,29,1.21,1.37,1.14,1.00,42,24,0.51,95,98,49,90,0,98,95,0,0.00,99,94,0.00,4.45,14.28,12.58,302,143,87,88,6.76,5.96,47.35,31,1.47,11,0,0.00,0,0.00,99,0,0.00,0.00,29,94,45,55,0,2,0,8,0,96,96,98,87,0,92,93,70,46,4,16,56,7,N/A,N/A
Aiden Joshua Harangi,20,1139385600,2006/02/08,NB I,2025/2026,Midfielder,Zalaegerszegi TE,0,0,0,USA,0,0,0,0,0,0,0,0,0,0,0,0,0,0,0,0,0,0,0,0,0,0,0,0,0,0,0,0,0,0,0,-1,-1,-1,-1,N/A,N/A,N/A,N/A,N/A,N/A,N/A,N/A,N/A,N/A,N/A,N/A,N/A,N/A,N/A,N/A,N/A,N/A,N/A,N/A,N/A,N/A,N/A,N/A,N/A,N/A,N/A,N/A,N/A,N/A,N/A,N/A,N/A,N/A,N/A,N/A,N/A,N/A,N/A,N/A,N/A,N/A,N/A,N/A,N/A,N/A,N/A,N/A,N/A,N/A,N/A,N/A,N/A,N/A,N/A,N/A,N/A,N/A,N/A,N/A,N/A,N/A,N/A,N/A,N/A,N/A,N/A,N/A,N/A,N/A,N/A,N/A,N/A,N/A,N/A,N/A,N/A,N/A,N/A,N/A,N/A,N/A,N/A,N/A,N/A,N/A,N/A,N/A,N/A,N/A,N/A,N/A,N/A,N/A,N/A,N/A,N/A,N/A,N/A,N/A,N/A,N/A,N/A,N/A,N/A,N/A,N/A,N/A,N/A,N/A,N/A,N/A,N/A,N/A,N/A,N/A,N/A,N/A,N/A,N/A,N/A,N/A,N/A,N/A,N/A,N/A,N/A,N/A,N/A,N/A,N/A,N/A,N/A,N/A,N/A,N/A,N/A,N/A,N/A,N/A,N/A,N/A,N/A,N/A,N/A,N/A,N/A,N/A,N/A,N/A,N/A,N/A,N/A,N/A,N/A,N/A,N/A,N/A,N/A,N/A,N/A,N/A,N/A,N/A,N/A,N/A,N/A,N/A,N/A,N/A,N/A,N/A,N/A,N/A,N/A,N/A,N/A,N/A,N/A,N/A,N/A,N/A,N/A,N/A,N/A,N/A,N/A,N/A,N/A,N/A,N/A,N/A,N/A,N/A,N/A,N/A,N/A,N/A,N/A,N/A,N/A,N/A,N/A,N/A,N/A,N/A,N/A,N/A,N/A,N/A,N/A,N/A,N/A,N/A,N/A,N/A,N/A,N/A,N/A,N/A,N/A,N/A,N/A,N/A
Ákos Debreceni,22,1048492800,2003/03/24,NB I,2025/2026,Midfielder,Paksi SE,6,0,6,Hungary,1,0,1,0,0,0,0,0,0,0,0,0,0,0,0,0,0,0,0,0,0,0,0,0,0,0,0,6,0,0,0,-1,-1,-1,16,0,0.00,0,46,30.00,2.00,39,2,2.00,2,99,30.00,66,0.00,0.00,0.00,0,0.00,0.00,0.00,0.00,0,0.00,0.00,0.00,0.00,0.00,0.00,0.00,0.00,0.00,0.00,0.00,0.00,0.00,0.00,0.00,0.00,0.00,0.00,0.00,0,0,,0,0.00,8,0,0.00,18,0,0.00,10,0,1,0,5,0.00,99,0,0,0.00,8,0,29,0.00,13,0,0.00,99,0,0.00,0,0,0.00,0,0.00,9,0,0.00,7,0,0.00,0.00,0,0.00,0,0,0,0.00,0,0,0.00,99,0.00,0,N/A,N/A,N/A,N/A,0.00,0,0.00,0,0.00,0.00,0,100.00,0.00,18,99,0.00,0.00,0,13,13,0,0,0,0.00,0.00,0,20,0.00,0.00,0.00,0,0,0.00,0.00,99,0.00,0,0,0,0.00,0.00,0,0.00,0.00,0.00,0.00,0,0,0.00,38,0,0,37,0,0.00,0,0.00,0.00,0.00,9,0.00,0.00,2,0,0.00,0.00,0.00,0.00,4,0,0.00,9,0,0,71,0,46,0,0,0.00,99,0,0.00,0.00,0.00,0.00,0,0,0,0,0.00,0.00,0.00,0,0.00,99,0,0.00,0,0.00,99,0,0.00,0.00,29,0,36,15,0,0,0,0,0,24,37,51,56,0,21,4,14,14,0,0,14,3,0,0
Ákos Kecskés,30,820742400,1996/01/04,NB I,2025/2026,Defender,Diósgyőr,996,360,636,Hungary,12,4,8,0,0,0,0,0,0,0,0,2,2,0,18,2,16,2,0,0,0,0,0,0,0,1.63,55,83,498,0,0.18,259,220,63,22,280000,4.94,0,46,37.82,26.19,65,419,23.81,381,99,34.39,74,0.00,0.00,0.00,0,0.00,0.00,1.17,0.81,13,0.00,0.00,0.00,0.00,0.00,0.50,0.00,0.62,0.00,0.09,0.06,0.00,0.00,0.00,0.00,0.00,1.62,0.00,0.00,0,0,,1,0.06,9,0,0.00,18,1,0.09,11,1,1,11,37,0.00,99,0,8,0.72,49,0,29,0.00,13,0,0.00,99,0,0.00,0,0,0.00,0,0.00,9,0,0.00,7,0,0.00,0.00,0,0.00,0,0,0,0.00,0,10,0.00,29,0.90,19,N/A,N/A,N/A,N/A,0.00,0,0.00,0,0.05,0.00,0,90.93,0.00,18,78,0.19,0.27,3,13,13,0,0,0,0.38,0.54,6,81,78.98,4.38,6.32,70,0,0.00,0.00,99,0.00,0,0,0,0.00,0.00,0,0.00,0.00,0.09,0.06,1,0,0.00,38,47,24,37,29,0.81,22,0.05,0.07,0.05,9,0.00,0.00,14,5,0.31,0.45,0.27,0.19,8,3,0.00,9,32,94,71,0,55,74,0,0.00,99,26,0.00,2.35,5.87,4.06,65,44,28,10,3.97,2.75,67.69,0,0.00,99,0,0.00,0,0.00,99,0,0.00,0.00,29,49,36,35,0,0,0,0,0,24,37,51,56,0,88,45,72,46,2,17,62,5,N/A,N/A
Ákos Kinyik,32,737190000,1993/05/12,NB I,2025/2026,Defender,Paksi SE,1217,587,630,Hungary,14,7,7,0,0,0,1,0,1,0,0,2,1,1,19,11,8,6,0,0.07,0.07,0,0,0,0,1.41,64,87,203,1217,0.44,242,115,46,19,175000,5.59,0.07,56,32.83,26.12,50,444,19.29,328,37,24.26,48,0.00,0.00,0.12,2,0.00,0.06,1.63,1.29,22,0.00,0.00,0.00,0.00,0.00,0.47,0.00,0.94,0.00,0.07,0.06,0.00,0.00,0.00,0.00,0.00,1.53,0.00,0.00,0,0,,1,0.06,8,0,0.00,18,1,0.07,10,0,1,13,64,0.00,99,0,8,0.59,40,1,29,0.07,15,0,0.00,99,0,0.00,0,0,0.00,0,0.15,16,0,0.00,7,0,0.00,0.00,0,0.00,0,0,0,0.00,0,16,0.00,48,1.18,47,N/A,N/A,N/A,N/A,0.00,0,0.00,0,0.04,0.00,0,73.87,0.00,18,20,0.71,0.89,12,13,13,0,0,0,0.65,0.81,11,91,94.95,4.53,5.69,77,0,0.00,0.00,99,0.00,0,0,0,0.00,0.00,0,0.00,0.00,0.00,0.00,0,0,0.00,38,60,35,37,49,1.34,43,0.08,0.10,0.04,9,0.00,0.00,10,5,0.29,0.37,0.81,0.65,22,11,0.00,9,44,88,71,0,46,67,0,0.00,99,26,0.00,1.92,7.10,5.65,96,53,27,20,3.92,3.12,55.21,0,0.00,99,0,0.00,0,0.00,99,0,0.00,0.00,29,59,36,15,0,0,0,0,0,30,37,51,56,0,69,35,28,87,6,43,98,2,N/A,N/A
Ákos Markgráf,20,1120114800,2005/06/30,NB I,2025/2026,Defender,Puskás,1889,906,983,Hungary,22,11,11,0,0,0,0,0,0,0,0,4,1,3,27,14,13,8,1,0,0,0,0,0,0,1.29,70,86,210,0,0.43,228,243,38,23,60000,6.30,0,46,38.59,35.22,68,810,27.26,627,56,29.87,66,0.00,0.00,0.57,13,0.00,1.13,1.29,1.17,27,0.00,0.35,0.00,0.00,0.00,0.74,0.48,1.04,0.00,0.95,0.61,0.74,0.00,0.26,0.07,0.00,1.74,0.00,0.00,0,0,,20,0.87,48,6,0.29,48,14,0.67,51,3,0,22,44,0.00,99,0,17,0.81,54,26,52,1.24,57,0,0.00,99,0,0.00,0,0,0.00,0,0.62,41,17,0.81,38,11,0.52,64.71,0,0.00,0,0,0,0.00,0,24,0.00,59,1.14,41,N/A,N/A,N/A,N/A,0.00,0,0.00,0,1.57,0.00,0,77.41,30.00,45,31,0.65,0.71,15,52,87,0,0,0,0.43,0.48,10,76,144.86,4.00,4.38,92,1,0.00,0.05,17,0.04,0,0,0,0.00,0.00,0,0.00,0.00,0.00,0.00,0,0,0.00,38,90,82,37,60,2.14,43,0.09,0.10,1.57,34,0.07,0.07,47,23,1.00,1.10,1.86,1.70,79,39,0.07,34,62,79,71,0,46,66,0,0.00,99,40,0.00,1.91,9.62,8.78,202,100,42,49,4.76,4.35,49.50,8,0.38,66,0,19.23,0,0.00,99,5,0.22,0.24,54,91,22,70,0,0,0,0,0,24,37,51,56,0,29,47,29,86,7,32,92,66,N/A,N/A
Ákos Szendrei,23,1043308800,2003/01/23,NB I,2025/2026,Forward,Paksi SE,701,248,453,Hungary,13,5,8,3,0,3,1,0,1,0,0,3,1,2,9,4,5,2,0,0.51,0.13,0.39,0,0.6,234,1.16,78,54,351,701,0.26,27,79,-1,6,85000,4.85,0.08,71,19.90,8.61,10,155,5.72,103,12,13.22,11,0.00,0.00,0.67,12,0.00,0.33,0.51,0.22,4,0.00,1.33,0.00,0.00,0.00,0.06,0.44,0.44,7.33,2.82,0.67,1.28,0.00,0.56,0.20,0.00,0.72,0.00,0.00,0,0,,22,1.22,93,10,1.28,95,12,1.54,91,2,3,10,12,0.00,99,0,1,0.13,11,6,29,0.77,44,0,0.00,99,0,0.00,0,0,0.00,0,1.54,79,23,2.95,90,8,1.03,34.78,0,0.00,0,0,0,0.00,0,8,0.00,71,1.03,32,N/A,N/A,N/A,N/A,0.00,0,0.00,0,3.61,0.00,0,66.45,45.45,80,51,0.22,0.51,4,83,37,0,0,0,0.06,0.13,1,34,87.37,0.17,0.39,3,0,0.00,0.00,99,0.00,0,0,1,0.06,0.13,0,0.00,0.00,0.77,0.33,6,1,13.64,72,25,30,47,72,1.22,67,0.07,0.16,3.61,95,0.20,0.46,91,19,1.06,2.44,1.93,0.83,82,15,0.46,92,31,5,93,0,95,62,0,0.00,99,13,0.00,1.67,18.36,7.94,143,43,60,98,5.52,2.39,30.07,24,3.08,0,0,0.00,0,0.00,99,0,0.00,0.00,29,45,55,55,0,1,0,8,0,87,91,97,56,0,39,56,52,63,2,15,55,15,N/A,N/A
Akpe Victory Maduabuchukwu,19,1153292400,2006/07/19,NB I,2025/2026,Midfielder,Zalaegerszegi TE,242,49,193,Nigeria,6,3,3,1,0,1,0,0,0,0,0,1,0,1,1,0,1,0,0,0.37,0,0.37,0,0.47,242,0.37,242,40,0,0,0,-1,-1,-1,12,65000,4.31,0,46,37.78,12.75,64,102,10.62,85,81,31.48,70,0.00,0.00,0.00,0,0.00,0.00,0.37,0.12,1,0.00,0.00,0.00,0.00,0.00,0.38,0.00,0.12,3.00,1.11,0.25,0.00,0.00,0.12,0.10,0.00,0.75,0.00,0.00,0,0,,3,0.38,54,1,0.37,55,2,0.74,54,0,4,2,10,0.00,99,0,3,1.11,72,0,29,0.00,13,0,0.00,99,0,0.00,0,0,0.00,0,0.00,9,0,0.00,7,0,0.00,0.00,0,0.00,0,0,0,0.00,0,1,0.00,99,0.37,0,N/A,N/A,N/A,N/A,0.00,0,0.00,0,0.82,0.00,0,83.33,33.33,56,99,0.00,0.00,0,13,13,0,0,0,0.12,0.37,1,66,34.46,4.62,13.70,37,0,0.00,0.00,99,0.00,0,0,0,0.00,0.00,0,0.00,0.00,0.00,0.00,0,0,33.33,98,0,3,47,99,0.20,22,0.03,0.07,0.82,82,0.10,0.30,2,0,0.00,0.00,1.48,0.50,62,4,0.30,81,19,99,71,0,46,72,0,0.00,99,6,0.00,2.22,6.30,2.12,17,7,10,12,2.59,0.88,41.18,0,0.00,99,0,0.00,0,0.00,99,0,0.00,0.00,29,2,62,15,0,0,0,0,0,77,90,93,56,0,29,45,14,14,0,0,14,55,N/A,N/A
Alejandro Vallejo Mínguez,34,695548800,1992/01/16,NB I,2025/2026,Midfielder,Diósgyőr,1850,806,1044,Spain,23,10,13,1,0,1,0,0,0,0,0,3,3,0,32,10,22,3,0,0.05,0,0.05,0,0.09,1850,1.56,58,80,617,0,0.15,163,224,-1,14,200000,6.28,0,46,48.82,40.16,87,1004,31.68,792,64,38.51,84,0.00,0.00,0.68,17,0.00,0.80,1.51,1.24,31,0.00,0.36,0.00,0.00,0.00,1.56,0.20,0.88,16.00,0.78,0.44,0.36,0.00,0.20,0.08,0.00,1.56,0.00,0.00,0,0,,16,0.64,41,5,0.24,43,11,0.53,40,8,2,21,58,0.00,99,0,39,1.90,98,20,87,0.97,50,0,0.00,99,0,0.00,0,0,0.00,0,0.83,53,9,0.44,24,5,0.24,55.56,0,0.00,0,0,0,0.00,0,22,0.00,35,1.07,35,N/A,N/A,N/A,N/A,0.00,0,0.00,0,1.92,0.00,0,78.88,31.25,47,54,0.40,0.49,10,32,81,0,0,0,0.16,0.19,4,47,156.90,3.16,3.84,79,1,0.00,0.05,17,0.04,0,0,1,0.04,0.05,0,0.00,0.00,0.05,0.04,1,1,6.25,45,89,88,98,37,2.72,57,0.11,0.13,1.92,43,0.08,0.09,30,16,0.64,0.78,1.07,0.88,37,22,0.09,41,60,76,77,0,49,66,0,0.00,99,39,0.00,1.90,7.20,5.92,148,91,36,21,4.42,3.64,61.49,9,0.44,61,0,35.00,0,0.00,99,7,0.28,0.34,62,89,45,98,0,0,0,0,0,26,40,53,56,0,77,30,78,38,3,13,50,50,N/A,N/A
Aleksandar Ćirković,24,1001055600,2001/09/21,NB I,2025/2026,Forward,Ferencváros,3,3,0,Serbia,1,1,0,0,0,0,0,0,0,0,0,1,1,0,0,0,0,0,0,0,0,0,0,0,0,0,0,3,0,0,0,-1,-1,-1,27,0,6.31,0,46,120.00,4.00,99,4,2.00,2,1,60.00,99,0.00,0.00,0.00,0,0.00,1.00,0.00,0.00,0,0.00,0.00,0.00,0.00,0.00,0.00,0.00,0.00,0.00,30.00,0.00,0.00,0.00,1.00,0.15,0.00,1.00,0.00,0.00,0,0,,1,1.00,99,1,30.00,99,0,0.00,10,0,1,0,5,0.00,99,0,0,0.00,8,1,29,30.00,99,0,0.00,99,0,0.00,0,0,0.00,0,0.00,9,0,0.00,7,0,0.00,0.00,0,0.00,0,0,0,0.00,0,0,0.00,99,0.00,0,N/A,N/A,N/A,N/A,0.00,0,0.00,0,0.15,0.00,0,50.00,100.00,99,99,0.00,0.00,0,13,13,0,0,0,0.00,0.00,0,20,6.31,0.00,0.00,0,0,0.00,0.00,99,0.00,0,0,0,0.00,0.00,0,0.00,0.00,0.00,0.00,0,0,0.00,38,0,0,37,0,0.00,0,0.00,0.00,0.15,99,0.15,4.50,2,0,0.00,0.00,0.00,0.00,4,0,4.50,99,62,0,71,0,46,99,0,0.00,99,1,0.00,30.00,30.00,1.00,1,1,99,99,30.00,1.00,100.00,0,0.00,99,0,0.00,0,0.00,99,0,0.00,0.00,29,0,36,15,0,0,0,0,0,24,37,51,56,0,21,99,14,14,0,0,14,32,0,0
Aleksandar Jovičić,31,790416000,1995/01/18,NB I,2025/2026,Midfielder,Várda SE,1346,750,596,Bosnia and Herzegovina,18,9,9,1,0,1,1,1,0,0,0,6,4,2,25,10,15,4,0,0.13,0.07,0.07,0,0.15,1346,1.67,54,75,337,1346,0.27,147,121,-1,12,135000,5.71,0.06,56,38.31,27.29,67,573,21.10,443,55,29.62,66,0.00,0.00,0.43,9,0.00,0.86,1.74,1.24,26,0.00,0.33,0.00,0.00,0.00,1.05,0.29,1.19,6.00,0.40,0.14,0.62,0.00,0.14,0.05,0.00,2.48,0.00,0.00,0,0,,6,0.29,24,3,0.20,39,3,0.20,18,4,2,16,68,0.00,99,0,22,1.47,86,18,76,1.20,55,0,0.00,99,0,0.00,0,0,0.00,0,0.60,40,13,0.87,40,6,0.40,46.15,0,0.00,0,0,0,0.00,0,25,0.00,27,1.67,78,N/A,N/A,N/A,N/A,0.00,0,0.00,0,1.13,0.00,0,77.31,50.00,89,58,0.33,0.47,7,43,61,0,0,0,0.29,0.40,6,67,119.89,3.14,4.41,66,0,0.00,0.00,99,0.00,0,0,0,0.00,0.00,0,0.00,0.00,0.00,0.00,0,0,16.67,80,68,57,93,27,2.00,57,0.10,0.13,1.13,39,0.05,0.08,62,21,1.00,1.40,1.00,0.71,31,15,0.08,38,47,80,71,0,46,90,0,0.00,99,52,0.00,3.48,11.70,8.33,175,105,90,71,7.02,5.00,60.00,7,0.47,59,0,27.78,0,0.00,99,5,0.24,0.33,62,73,45,83,0,0,0,0,0,42,46,65,56,0,56,88,50,67,4,22,76,3,N/A,N/A
Aleksandar Pešić,33,706431600,1992/05/21,NB I,2025/2026,Forward,Ferencváros,331,195,136,Serbia,10,6,4,1,1,0,0,0,0,0,0,3,1,2,3,3,0,0,0,0.27,0,0.27,0.46,0,331,0.82,110,33,0,0,0,49,254,-1,16,680000,4.52,0,46,23.11,5.67,15,85,4.47,67,63,18.22,26,0.00,0.00,0.33,5,0.00,0.13,0.54,0.13,2,0.00,0.47,0.00,0.00,0.00,0.00,0.27,0.20,17.00,4.62,0.67,0.53,0.00,0.47,0.13,0.00,0.47,0.00,0.00,0,0,,17,1.13,99,7,1.90,98,10,2.72,99,4,6,4,13,0.00,99,0,0,0.00,8,2,96,0.54,35,0,0.00,99,0,0.00,0,0,0.00,0,1.36,75,8,2.18,81,4,1.09,50.00,0,0.00,0,0,0,0.00,0,3,0.00,95,0.82,12,N/A,N/A,N/A,N/A,0.00,0,0.00,0,1.93,0.00,0,78.82,41.18,74,78,0.07,0.27,1,86,73,0,0,0,0.00,0.00,0,20,67.81,0.07,0.27,1,0,0.00,0.00,99,0.00,0,0,0,0.00,0.00,0,0.00,0.00,1.90,0.47,7,0,5.88,44,0,16,54,95,0.33,36,0.02,0.09,1.93,98,0.13,0.52,71,6,0.40,1.63,0.54,0.13,12,2,0.52,95,23,2,71,0,99,66,0,0.00,99,7,0.00,1.90,10.60,2.60,39,19,52,58,5.17,1.27,48.72,7,1.90,5,0,50.00,0,0.00,99,1,0.07,0.27,59,5,76,83,0,0,0,0,0,66,83,51,92,0,99,77,14,14,0,0,14,8,N/A,N/A
Alen Martin Skribek,24,986972400,2001/04/11,NB I,2025/2026,Forward,Zalaegerszegi TE,1699,802,897,Hungary,22,10,12,8,5,3,4,1,3,0,0,5,1,4,24,13,11,0,0,0.64,0.21,0.42,0.56,0.3,212,1.27,71,77,0,425,0,21,37,-1,1,185000,6.69,0.18,88,37.91,29.62,65,711,22.54,541,49,28.84,61,0.00,0.00,1.62,39,0.00,3.62,0.37,0.29,7,0.00,0.38,0.00,0.00,0.00,0.54,0.50,0.83,8.12,3.47,1.46,1.08,0.00,1.25,0.44,0.00,0.25,0.00,0.00,0,0,,65,2.71,98,30,1.60,98,35,1.87,95,3,1,21,10,0.00,99,0,13,0.69,47,87,80,4.64,89,0,0.00,99,0,0.00,0,0,0.00,0,2.08,94,26,1.39,59,12,0.64,46.15,0,0.00,0,0,0,0.00,0,20,0.00,61,1.07,35,N/A,N/A,N/A,N/A,0.00,0,0.00,0,10.47,0.00,0,76.09,46.15,81,55,0.38,0.48,9,62,61,3,1,0,0.00,0.00,0,20,160.52,0.79,1.01,19,0,0.00,0.00,99,0.00,0,4,3,0.12,0.16,0,0.00,0.00,0.27,0.21,5,0,12.31,67,82,82,44,62,4.92,90,0.20,0.26,7.67,93,0.32,0.41,20,11,0.46,0.59,0.21,0.17,8,4,0.56,97,76,26,97,0,77,8,0,0.00,99,6,0.00,0.32,3.73,2.92,70,34,7,7,1.81,1.42,48.57,9,0.48,58,0,29.89,0,0.00,99,26,1.08,1.39,93,89,36,70,0,0,0,0,0,96,93,81,94,0,72,56,14,14,0,0,14,7,N/A,N/A
Álex Bermejo Escribano,27,913363200,1998/12/11,NB I,2025/2026,Forward,Debrecen,395,77,318,Spain,13,4,9,0,0,0,1,0,1,0,0,5,2,3,2,0,2,2,0,0.23,0.23,0,0,0,0,0.46,198,30,198,395,0.46,201,26,-1,16,160000,4.68,0.08,91,30.53,6.70,40,134,5.50,110,76,25.06,50,0.00,0.00,0.45,9,0.00,0.35,1.37,0.30,6,0.00,0.40,0.00,0.00,0.00,0.05,0.50,0.15,0.00,3.42,0.45,0.70,0.00,0.30,0.06,0.00,0.15,0.00,0.00,0,0,,15,0.75,98,6,1.37,97,9,2.05,98,2,10,3,48,0.00,99,0,1,0.23,17,7,29,1.59,63,0,0.00,99,0,0.00,0,0,0.00,0,2.05,94,14,3.19,91,10,2.28,71.43,0,0.00,0,0,0,0.00,0,3,0.00,99,0.68,6,N/A,N/A,N/A,N/A,0.00,0,0.00,0,1.19,0.00,0,82.09,40.00,72,1,0.40,1.82,8,99,91,0,0,0,0.10,0.46,2,74,93.54,0.25,1.14,5,0,0.00,0.00,99,0.00,0,0,0,0.00,0.00,0,0.00,0.00,0.00,0.00,0,0,0.00,38,2,30,37,99,1.18,91,0.06,0.27,1.19,79,0.06,0.27,95,12,0.60,2.73,2.28,0.50,89,10,0.27,77,26,31,71,0,46,24,0,0.00,99,3,0.00,0.68,15.49,3.40,68,30,88,92,6.84,1.50,44.12,8,1.82,6,0,0.00,0,0.00,99,0,0.00,0.00,29,4,91,55,0,0,0,0,0,60,37,51,56,0,66,97,27,88,2,15,55,95,N/A,N/A
Alex Hrabina,30,797065200,1995/04/05,NB I,2025/2026,Goalkeeper,Várda SE,0,0,0,Hungary,0,0,0,0,0,0,0,0,0,0,0,0,0,0,0,0,0,0,0,0,0,0,0,0,0,0,0,0,0,0,0,-1,-1,-1,-1,N/A,N/A,N/A,N/A,N/A,N/A,N/A,N/A,N/A,N/A,N/A,N/A,N/A,N/A,N/A,N/A,N/A,N/A,N/A,N/A,N/A,N/A,N/A,N/A,N/A,N/A,N/A,N/A,N/A,N/A,N/A,N/A,N/A,N/A,N/A,N/A,N/A,N/A,N/A,N/A,N/A,N/A,N/A,N/A,N/A,N/A,N/A,N/A,N/A,N/A,N/A,N/A,N/A,N/A,N/A,N/A,N/A,N/A,N/A,N/A,N/A,N/A,N/A,N/A,N/A,N/A,N/A,N/A,N/A,N/A,N/A,N/A,N/A,N/A,N/A,N/A,N/A,N/A,N/A,N/A,N/A,N/A,N/A,N/A,N/A,N/A,N/A,N/A,N/A,N/A,N/A,N/A,N/A,N/A,N/A,N/A,N/A,N/A,N/A,N/A,N/A,N/A,N/A,N/A,N/A,N/A,N/A,N/A,N/A,N/A,N/A,N/A,N/A,N/A,N/A,N/A,N/A,N/A,N/A,N/A,N/A,N/A,N/A,N/A,N/A,N/A,N/A,N/A,N/A,N/A,N/A,N/A,N/A,N/A,N/A,N/A,N/A,N/A,N/A,N/A,N/A,N/A,N/A,N/A,N/A,N/A,N/A,N/A,N/A,N/A,N/A,N/A,N/A,N/A,N/A,N/A,N/A,N/A,N/A,N/A,N/A,N/A,N/A,N/A,N/A,N/A,N/A,N/A,N/A,N/A,N/A,N/A,N/A,N/A,N/A,N/A,N/A,N/A,N/A,N/A,N/A,N/A,N/A,N/A,N/A,N/A,N/A,N/A,N/A,N/A,N/A,N/A,N/A,N/A,N/A,N/A,N/A,N/A,N/A,N/A,N/A,N/A,N/A,N/A,N/A,N/A,N/A,N/A,N/A,N/A,N/A,N/A,N/A,N/A,N/A,N/A,N/A,N/A,N/A,N/A,N/A,N/A,N/A,N/A
Alex Tóth,20,1130050800,2005/10/23,NB I,2025/2026,Midfielder,Ferencváros,998,362,636,Hungary,14,6,8,1,0,1,2,0,2,0,0,4,0,4,11,7,4,3,0,0.27,0.18,0.09,0,0.14,998,0.99,91,71,333,499,0.27,134,44,-1,15,0,6.59,0.14,84,47.90,35.20,86,528,30.40,456,91,41.37,87,0.00,0.00,1.87,28,0.00,5.93,1.27,0.93,14,0.00,0.67,0.00,0.00,0.00,0.20,1.53,0.67,13.00,1.18,0.60,2.73,0.00,0.27,0.11,0.00,0.67,0.00,0.00,0,0,,13,0.87,58,4,0.36,54,9,0.82,60,4,3,11,44,0.00,99,0,3,0.27,19,89,74,8.07,97,0,0.00,99,0,0.00,0,0,0.00,0,2.54,98,41,3.72,94,23,2.09,56.10,0,0.00,0,0,0,0.00,0,10,0.00,86,0.91,21,N/A,N/A,N/A,N/A,0.00,0,0.00,0,1.60,0.00,0,86.36,30.77,47,49,0.40,0.54,6,97,81,0,0,0,0.13,0.18,2,45,98.84,0.60,0.82,9,1,0.00,0.09,11,0.07,0,0,0,0.00,0.00,0,0.00,0.00,0.00,0.00,0,0,7.69,50,48,35,88,86,3.17,94,0.21,0.29,1.60,59,0.11,0.15,58,15,1.00,1.36,0.82,0.60,23,9,0.15,57,72,17,71,0,46,37,0,0.00,99,10,0.00,0.91,10.98,8.07,121,61,60,64,5.53,4.07,50.41,10,0.91,30,0,26.97,0,0.00,99,24,1.60,2.18,97,49,55,83,0,0,0,0,0,66,50,62,56,0,21,75,49,67,3,21,73,64,0,0
Alexander Abrahamsson,26,934009200,1999/08/07,NB I,2025/2026,Defender,Győri ETO,746,360,386,Sweden,10,4,6,0,0,0,0,0,0,0,0,4,2,2,8,3,5,1,0,0,0,0,0,0,0,0.97,93,75,746,0,0.12,246,240,14,22,168000,4.53,0,46,62.37,34.47,98,517,29.73,446,90,53.81,98,0.00,0.00,0.00,0,0.00,0.00,0.84,0.47,7,0.00,0.13,0.00,0.00,0.00,0.80,0.00,0.47,0.00,0.36,0.20,0.07,0.00,0.00,0.01,0.00,2.40,0.00,0.00,0,0,,3,0.20,22,0,0.00,18,3,0.36,29,2,2,8,22,0.00,99,0,12,1.45,85,0,29,0.00,13,0,0.00,99,0,0.00,0,0,0.00,0,0.00,9,1,0.12,10,0,0.00,0.00,0,0.00,0,0,0,0.00,0,7,0.00,88,0.84,14,N/A,N/A,N/A,N/A,0.00,0,0.00,0,0.17,0.00,0,86.27,0.00,18,43,0.33,0.60,5,13,13,0,0,0,0.20,0.36,3,65,67.89,3.13,5.67,47,0,0.00,0.00,99,0.00,0,0,0,0.00,0.00,0,0.00,0.00,0.00,0.00,0,0,0.00,38,30,16,37,88,1.09,57,0.07,0.13,0.17,19,0.01,0.02,10,3,0.20,0.36,0.97,0.53,28,8,0.02,19,24,88,71,0,46,95,0,0.00,99,36,0.00,4.34,10.25,5.67,85,45,57,55,5.43,3.00,52.94,2,0.24,75,0,0.00,0,0.00,99,0,0.00,0.00,29,31,45,55,0,0,0,0,0,24,37,51,56,0,68,98,86,28,1,10,37,4,N/A,N/A
Aljoša Matko,25,954316800,2000/03/29,NB I,2025/2026,Forward,Újpest,2120,1096,1024,Slovenia,26,14,12,13,8,5,1,0,1,0,0,2,1,1,36,16,20,2,0,0.59,0.04,0.55,0.66,0.44,163,1.53,59,82,1060,2120,0.08,10,140,-1,1,350000,7.06,0.04,47,14.22,12.88,2,335,9.00,234,24,9.93,2,0.00,0.00,0.58,15,0.00,0.92,0.68,0.62,16,0.00,0.92,0.00,0.00,0.00,0.35,0.69,1.31,3.14,1.87,0.69,1.50,0.00,1.00,0.48,0.00,0.77,0.00,0.00,0,0,,44,1.69,76,26,1.10,90,18,0.76,56,2,0,26,18,0.00,99,0,9,0.38,25,24,48,1.02,51,0,0.00,99,0,0.00,0,0,0.00,0,0.64,43,39,1.66,67,18,0.76,46.15,0,0.00,0,0,0,0.00,0,34,0.00,38,1.44,66,N/A,N/A,N/A,N/A,0.00,0,0.00,0,12.51,0.00,0,69.85,59.09,95,58,0.42,0.47,11,71,61,0,1,0,0.08,0.08,2,26,183.53,0.92,1.02,24,0,0.00,0.00,99,0.00,0,1,4,0.15,0.17,0,0.00,0.00,0.38,0.35,9,1,31.82,96,98,99,40,40,1.62,22,0.06,0.07,11.81,97,0.45,0.50,56,31,1.19,1.32,0.98,0.88,29,23,0.53,96,93,27,97,0,82,34,0,0.00,99,20,0.00,0.85,7.68,6.96,181,80,18,25,3.40,3.08,44.20,24,1.02,24,0,16.67,0,0.00,99,4,0.15,0.17,47,99,22,55,0,4,0,15,0,94,97,93,98,0,94,13,93,21,2,8,29,17,N/A,N/A
Amos Youga,33,723801600,1992/12/08,NB I,2025/2026,Midfielder,Debrecen,1133,544,589,Central African Republic,17,8,9,2,1,1,1,1,0,0,0,6,1,5,13,7,6,7,0,0.24,0.08,0.16,0.17,0.15,567,1.03,87,67,162,1133,0.56,89,113,-1,7,175000,5.15,0.06,58,44.29,26.57,78,558,20.76,436,61,34.60,75,0.00,0.00,0.48,10,0.00,0.86,1.35,0.81,17,0.00,0.29,0.00,0.00,0.00,0.57,0.14,0.71,4.50,0.71,0.19,0.33,0.00,0.24,0.10,0.00,0.90,0.00,0.00,0,0,,9,0.43,37,5,0.40,57,4,0.32,28,7,4,13,47,0.00,99,0,12,0.95,63,18,33,1.43,59,0,0.00,99,0,0.00,0,0,0.00,0,0.79,51,7,0.56,30,3,0.24,42.86,0,0.00,0,0,0,0.00,0,15,0.00,82,1.19,48,N/A,N/A,N/A,N/A,0.00,0,0.00,0,2.01,0.00,0,78.14,55.56,93,80,0.14,0.24,3,32,52,0,0,0,0.19,0.32,4,60,108.18,1.19,1.98,25,0,0.00,0.00,99,0.00,0,0,0,0.00,0.00,0,0.00,0.00,0.00,0.00,0,0,22.22,88,56,51,70,82,1.80,62,0.09,0.14,2.01,62,0.10,0.16,18,7,0.33,0.56,2.22,1.33,88,28,0.16,59,35,56,71,0,46,59,0,0.00,99,19,0.00,1.51,7.38,4.43,93,45,21,22,3.57,2.14,48.39,6,0.48,58,0,11.11,0,0.00,99,2,0.10,0.16,45,59,62,97,0,0,0,0,0,62,68,65,72,0,69,91,19,95,7,41,97,20,N/A,N/A
Anderson Esiti,31,769762800,1994/05/24,NB I,2025/2026,Midfielder,Diósgyőr,957,468,489,Nigeria,13,7,6,0,0,0,0,0,0,0,0,0,0,0,14,6,8,3,0,0,0,0,0,0,0,1.32,68,74,319,0,0.28,229,223,-1,29,320000,6.33,0,46,32.54,24.71,49,346,22.50,315,99,29.62,66,0.00,0.00,0.00,0,0.00,0.07,3.29,2.50,35,0.00,0.79,0.00,0.00,0.00,0.64,0.93,0.93,0.00,0.38,0.21,1.21,0.00,0.07,0.02,0.00,0.64,0.00,0.00,0,0,,4,0.29,23,1,0.09,22,3,0.28,23,3,1,12,98,0.00,99,0,9,0.85,56,1,29,0.09,16,0,0.00,99,0,0.00,0,0,0.00,0,0.00,9,17,1.60,63,13,1.22,76.47,0,0.00,0,0,0,0.00,0,13,0.00,56,1.22,49,N/A,N/A,N/A,N/A,0.00,0,0.00,0,0.26,0.00,0,91.04,25.00,38,34,0.50,0.66,7,89,93,0,0,0,0.29,0.38,4,66,88.65,0.79,1.03,11,1,0.00,0.09,11,0.07,0,0,0,0.00,0.00,0,0.00,0.00,0.00,0.00,0,0,0.00,38,43,30,37,56,0.67,17,0.05,0.06,0.26,19,0.02,0.02,90,25,1.79,2.35,2.82,2.14,96,30,0.02,19,63,28,71,0,46,34,0,0.00,99,9,0.00,0.85,12.88,9.79,137,82,95,79,7.71,5.86,59.85,11,1.03,24,0,0.00,0,0.00,99,0,0.00,0.00,29,55,36,70,0,0,0,0,0,24,37,51,56,0,91,4,46,68,3,23,78,44,N/A,N/A
Andor Lapu,20,1116658800,2005/05/21,NB I,2025/2026,Midfielder,Paksi SE,0,0,0,Hungary,0,0,0,0,0,0,0,0,0,0,0,0,0,0,0,0,0,0,0,0,0,0,0,0,0,0,0,0,0,0,0,-1,-1,-1,-1,N/A,N/A,N/A,N/A,N/A,N/A,N/A,N/A,N/A,N/A,N/A,N/A,N/A,N/A,N/A,N/A,N/A,N/A,N/A,N/A,N/A,N/A,N/A,N/A,N/A,N/A,N/A,N/A,N/A,N/A,N/A,N/A,N/A,N/A,N/A,N/A,N/A,N/A,N/A,N/A,N/A,N/A,N/A,N/A,N/A,N/A,N/A,N/A,N/A,N/A,N/A,N/A,N/A,N/A,N/A,N/A,N/A,N/A,N/A,N/A,N/A,N/A,N/A,N/A,N/A,N/A,N/A,N/A,N/A,N/A,N/A,N/A,N/A,N/A,N/A,N/A,N/A,N/A,N/A,N/A,N/A,N/A,N/A,N/A,N/A,N/A,N/A,N/A,N/A,N/A,N/A,N/A,N/A,N/A,N/A,N/A,N/A,N/A,N/A,N/A,N/A,N/A,N/A,N/A,N/A,N/A,N/A,N/A,N/A,N/A,N/A,N/A,N/A,N/A,N/A,N/A,N/A,N/A,N/A,N/A,N/A,N/A,N/A,N/A,N/A,N/A,N/A,N/A,N/A,N/A,N/A,N/A,N/A,N/A,N/A,N/A,N/A,N/A,N/A,N/A,N/A,N/A,N/A,N/A,N/A,N/A,N/A,N/A,N/A,N/A,N/A,N/A,N/A,N/A,N/A,N/A,N/A,N/A,N/A,N/A,N/A,N/A,N/A,N/A,N/A,N/A,N/A,N/A,N/A,N/A,N/A,N/A,N/A,N/A,N/A,N/A,N/A,N/A,N/A,N/A,N/A,N/A,N/A,N/A,N/A,N/A,N/A,N/A,N/A,N/A,N/A,N/A,N/A,N/A,N/A,N/A,N/A,N/A,N/A,N/A,N/A,N/A,N/A,N/A,N/A,N/A,N/A,N/A,N/A,N/A,N/A,N/A,N/A,N/A,N/A,N/A,N/A,N/A,N/A,N/A,N/A,N/A,N/A,N/A
András Huszti,25,980755200,2001/01/29,NB I,2025/2026,Defender,Zalaegerszegi TE,3,0,3,Hungary,1,0,1,0,0,0,0,0,0,0,0,0,0,0,0,0,0,0,0,0,0,0,0,0,0,0,0,3,0,0,0,-1,-1,-1,22,0,3.35,0,46,13.50,0.75,1,3,0.75,3,99,13.50,12,0.00,0.00,0.00,0,0.00,0.00,13.50,0.75,3,0.00,0.25,0.00,0.00,0.00,0.00,0.00,0.00,0.00,4.50,0.25,0.00,0.00,0.00,0.01,0.00,0.00,0.00,0.00,0,0,,1,0.25,99,0,0.00,18,1,4.50,99,0,1,0,99,0.00,99,0,0,0.00,8,0,29,0.00,13,0,0.00,99,0,0.00,0,0,0.00,0,0.00,9,0,0.00,7,0,0.00,0.00,0,0.00,0,0,0,0.00,0,0,0.00,99,0.00,0,N/A,N/A,N/A,N/A,0.00,0,0.00,0,0.05,0.00,0,100.00,0.00,18,99,0.00,0.00,0,13,13,0,0,0,0.00,0.00,0,20,13.42,1.00,18.00,4,0,0.00,0.00,99,0.00,0,0,0,0.00,0.00,0,0.00,0.00,0.00,0.00,0,0,0.00,38,0,0,37,0,0.01,7,0.00,0.04,0.05,72,0.01,0.23,2,0,0.00,0.00,0.00,0.00,4,0,0.23,69,5,99,71,0,46,0,0,0.00,99,0,0.00,0.00,18.00,1.00,4,3,99,97,13.50,0.75,75.00,1,4.50,0,0,0.00,0,0.00,99,0,0.00,0.00,29,0,36,15,0,0,0,0,0,24,37,51,56,0,21,4,14,14,0,0,14,18,0,0
András Mátyás Csonka,25,957164400,2000/05/01,NB I,2025/2026,Midfielder,Zalaegerszegi TE,1410,690,720,Hungary,22,12,10,0,0,0,0,0,0,0,0,5,2,3,20,13,7,5,0,0,0,0,0,0,0,1.28,71,64,282,0,0.32,227,199,-1,25,125000,6.16,0,46,40.06,26.17,72,628,20.83,500,67,31.89,71,0.00,0.00,0.42,10,0.00,0.46,2.42,1.58,38,0.00,0.38,0.00,0.00,0.00,1.00,0.54,0.62,0.00,0.32,0.17,1.33,0.00,0.04,0.02,0.00,0.42,0.00,0.00,0,0,,5,0.21,19,1,0.06,19,4,0.26,22,2,5,17,92,0.00,99,0,24,1.53,88,11,88,0.70,41,0,0.00,99,0,0.00,0,0,0.00,0,0.64,43,32,2.04,78,13,0.83,40.62,0,0.00,0,0,0,0.00,0,15,0.00,60,0.96,25,N/A,N/A,N/A,N/A,0.00,0,0.00,0,0.37,0.00,0,79.62,20.00,27,8,0.79,1.21,19,75,46,0,0,0,0.38,0.57,9,83,147.85,1.46,2.23,35,0,0.00,0.00,99,0.00,0,0,0,0.00,0.00,0,0.00,0.00,0.00,0.00,0,0,0.00,38,72,82,37,62,1.38,36,0.06,0.09,0.37,19,0.02,0.02,50,18,0.75,1.15,1.72,1.12,74,27,0.02,19,57,59,71,0,46,23,0,0.00,99,10,0.00,0.64,10.46,6.83,164,78,47,57,4.98,3.25,47.56,9,0.57,51,0,36.36,0,0.00,99,4,0.17,0.26,57,77,69,55,0,0,0,0,0,24,37,51,56,0,53,56,42,73,5,23,78,8,N/A,N/A
András Németh,23,1036828800,2002/11/09,NB I,2025/2026,Forward,Puskás,635,366,269,Hungary,14,9,5,1,0,1,1,1,0,0,0,3,1,2,12,7,5,0,0,0.28,0.14,0.14,0,0.33,635,1.7,53,45,0,635,0,105,73,-1,6,420000,4.05,0.07,74,23.67,7.26,18,167,5.39,124,41,17.57,24,0.00,0.00,0.52,12,0.00,0.17,0.85,0.26,6,0.00,0.70,0.00,0.00,0.00,0.09,0.30,0.39,13.00,1.84,0.35,0.57,0.00,0.22,0.07,0.00,0.78,0.00,0.00,0,0,,13,0.57,76,5,0.71,74,8,1.13,78,2,7,7,23,0.00,99,0,2,0.28,20,4,71,0.57,37,0,0.00,99,0,0.00,0,0,0.00,0,1.70,86,13,1.84,73,7,0.99,53.85,0,0.00,0,0,0,0.00,0,9,0.00,24,1.28,53,N/A,N/A,N/A,N/A,0.00,0,0.00,0,1.58,0.00,0,74.25,38.46,66,76,0.09,0.28,2,81,78,0,0,0,0.09,0.28,2,57,93.24,0.22,0.71,5,0,0.00,0.00,99,0.00,0,0,0,0.00,0.00,0,0.00,0.00,0.43,0.13,3,0,7.69,50,20,35,74,24,1.32,76,0.06,0.19,1.58,71,0.07,0.22,35,6,0.26,0.85,1.70,0.52,72,12,0.22,67,14,14,71,0,85,76,0,0.00,99,18,0.00,2.55,14.17,4.35,100,37,52,86,5.24,1.61,37.00,16,2.27,2,0,25.00,0,0.00,99,1,0.04,0.14,43,22,80,55,0,0,0,0,0,67,63,84,56,0,97,53,14,14,0,0,14,90,N/A,N/A
André Lourenço Duarte,28,874047600,1997/09/12,NB I,2025/2026,Defender,Újpest,822,462,360,Portugal,10,6,4,0,0,0,1,0,1,0,0,1,0,1,15,8,7,2,0,0.11,0.11,0,0,0,0,1.64,55,82,411,822,0.22,262,92,65,26,0,7.09,0.1,65,63.94,58.40,98,584,51.40,514,94,56.28,98,0.00,0.00,0.40,4,0.00,0.20,1.20,1.10,11,0.00,0.40,0.00,0.00,0.00,0.50,0.30,1.20,0.00,0.66,0.50,0.40,0.00,0.10,0.03,0.00,2.40,0.00,0.00,0,0,,6,0.60,36,1,0.11,27,5,0.55,42,0,1,9,39,0.00,99,0,5,0.55,36,2,96,0.22,23,0,0.00,99,0,0.00,0,0,0.00,0,0.44,31,4,0.44,24,3,0.33,75.00,0,0.00,0,0,0,0.00,0,12,0.00,28,1.31,55,N/A,N/A,N/A,N/A,0.00,0,0.00,0,0.34,0.00,0,88.01,16.67,22,71,0.30,0.33,3,38,92,0,0,0,0.60,0.66,6,85,70.91,6.70,7.34,67,0,0.00,0.00,99,0.00,0,0,0,0.00,0.00,0,0.00,0.00,0.00,0.00,0,0,0.00,38,34,16,37,29,1.79,80,0.18,0.20,0.34,26,0.03,0.04,41,9,0.90,0.99,0.77,0.70,21,7,0.04,25,95,97,71,0,46,78,0,0.00,99,24,0.00,2.63,7.99,7.30,73,47,51,27,5.15,4.70,64.38,4,0.44,61,0,50.00,0,0.00,99,1,0.10,0.11,40,39,36,15,0,0,0,0,0,38,37,51,56,0,21,19,59,58,2,20,69,3,0,0
André Monteiro Ferreira,22,1049785200,2003/04/08,NB I,2025/2026,Midfielder,Zalaegerszegi TE,99,66,33,Portugal,3,2,1,0,0,0,0,0,0,0,0,0,0,0,0,0,0,0,0,0,0,0,0,0,0,0,0,33,0,0,0,-1,-1,-1,13,0,6.80,0,46,36.36,13.33,61,40,12.00,36,98,32.73,72,0.00,0.00,0.33,1,0.00,2.67,1.82,0.67,2,0.00,0.00,0.00,0.00,0.00,1.00,0.00,0.00,0.00,0.91,0.33,0.00,0.00,0.00,0.02,0.00,0.00,0.00,0.00,0,0,,1,0.33,47,0,0.00,18,1,0.91,65,2,2,1,71,0.00,99,0,3,2.73,99,8,35,7.27,95,0,0.00,99,0,0.00,0,0,0.00,0,0.91,59,0,0.00,7,0,0.00,0.00,0,0.00,0,0,0,0.00,0,0,0.00,99,0.00,0,N/A,N/A,N/A,N/A,0.00,0,0.00,0,0.05,0.00,0,90.00,0.00,18,99,0.00,0.00,0,13,13,0,0,0,0.00,0.00,0,20,20.40,0.67,1.82,2,0,0.00,0.00,99,0.00,0,0,0,0.00,0.00,0,0.00,0.00,0.00,0.00,0,0,0.00,38,0,0,37,0,0.10,36,0.03,0.09,0.05,28,0.02,0.05,95,3,1.00,2.73,0.00,0.00,4,0,0.05,28,81,51,71,0,46,0,0,0.00,99,0,0.00,0.00,6.36,2.33,7,5,38,14,4.55,1.67,71.43,0,0.00,99,0,12.50,0,0.00,99,1,0.33,0.91,85,1,45,55,0,0,0,0,0,24,37,51,56,0,21,4,14,14,0,0,14,20,0,0
Ante Roguljić,30,826531200,1996/03/11,NB I,2025/2026,Midfielder,Diósgyőr,498,241,257,Croatia,12,6,6,1,0,1,2,1,1,0,0,1,1,0,12,4,8,1,0,0.54,0.36,0.18,0,0.35,498,2.17,42,42,498,249,0.18,81,10,-1,12,190000,3.79,0.17,97,34.70,9.14,58,192,7.05,148,53,26.75,57,0.00,0.00,0.57,12,0.00,1.33,1.27,0.33,7,0.00,0.24,0.00,0.00,0.00,0.05,0.14,0.43,10.00,1.81,0.24,0.43,0.00,0.24,0.07,0.00,0.52,0.00,0.00,0,0,,10,0.48,74,5,0.90,85,5,0.90,64,4,6,6,44,0.00,99,0,1,0.18,13,28,40,5.06,90,0,0.00,99,0,0.00,0,0,0.00,0,2.17,95,9,1.63,66,3,0.54,33.33,0,0.00,0,0,0,0.00,0,9,0.00,4,1.63,77,N/A,N/A,N/A,N/A,0.00,0,0.00,0,1.47,0.00,0,77.08,50.00,89,30,0.19,0.72,4,54,35,0,0,0,0.00,0.00,0,20,79.59,0.38,1.45,8,0,0.00,0.00,99,0.00,0,0,0,0.00,0.00,0,0.00,0.00,0.18,0.05,1,0,10.00,61,9,24,66,5,1.93,97,0.09,0.35,1.47,79,0.07,0.27,53,7,0.33,1.27,1.08,0.29,37,6,0.27,77,11,41,71,0,70,69,0,0.00,99,11,0.00,1.99,9.58,2.52,53,26,40,48,4.70,1.24,49.06,5,0.90,31,0,14.29,0,0.00,99,4,0.19,0.72,79,16,76,83,0,0,0,0,0,90,72,85,56,0,74,13,72,46,1,8,29,24,N/A,N/A
Arijan Ademi,34,675500400,1991/05/29,NB I,2025/2026,Midfielder,Újpest,570,378,192,FYR Macedonia,13,8,5,0,0,0,1,0,1,0,0,0,0,0,15,9,6,4,0,0.16,0.16,0,0,0,0,2.37,38,44,143,570,0.63,195,56,-1,33,338000,3.34,0.08,79,38.68,11.14,69,245,9.82,216,95,34.11,74,0.00,0.00,0.14,3,0.00,0.14,2.37,0.68,15,0.00,0.41,0.00,0.00,0.00,0.36,0.23,0.55,0.00,0.95,0.23,0.27,0.00,0.05,0.02,0.00,0.50,0.00,0.00,0,0,,6,0.27,48,1,0.16,33,5,0.79,58,5,6,6,91,0.00,99,0,8,1.26,78,3,29,0.47,33,0,0.00,99,0,0.00,0,0,0.00,0,0.47,33,6,0.95,44,5,0.79,83.33,0,0.00,0,0,0,0.00,0,12,0.00,2,1.89,87,N/A,N/A,N/A,N/A,0.00,0,0.00,0,0.38,0.00,0,88.16,16.67,22,58,0.14,0.47,3,72,95,0,0,0,0.23,0.79,5,89,73.58,0.36,1.26,8,0,0.00,0.00,99,0.00,0,0,0,0.00,0.00,0,0.00,0.00,0.32,0.09,2,0,0.00,38,14,30,37,2,1.13,74,0.05,0.18,0.38,32,0.02,0.06,74,11,0.50,1.74,1.42,0.41,59,9,0.06,31,5,36,71,0,79,63,0,0.00,99,11,0.00,1.74,11.68,3.36,74,42,85,70,6.63,1.91,56.76,9,1.42,12,0,0.00,0,0.00,99,0,0.00,0.00,29,16,76,88,0,0,0,0,0,47,37,51,56,0,93,4,17,97,4,31,91,8,N/A,N/A
Arne Maier,27,915782400,1999/01/08,NB I,2025/2026,Midfielder,Újpest,42,7,35,Germany,2,1,1,0,0,0,0,0,0,0,0,0,0,0,1,0,1,0,0,0,0,0,0,0,0,2.14,42,21,0,0,0,-1,-1,-1,34,442000,6.50,0,46,38.57,9.00,67,18,7.50,15,81,32.14,72,0.00,0.00,0.00,0,0.00,0.00,2.14,0.50,1,0.00,0.50,0.00,0.00,0.00,0.00,0.00,0.50,0.00,0.00,0.00,0.50,0.00,0.00,0.00,0.00,0.00,0.00,0.00,0,0,,0,0.00,8,0,0.00,18,0,0.00,10,4,1,1,82,0.00,99,0,0,0.00,8,0,29,0.00,13,0,0.00,99,0,0.00,0,0,0.00,0,0.00,9,1,2.14,80,0,0.00,0.00,0,0.00,0,0,0,0.00,0,1,0.00,4,2.14,91,N/A,N/A,N/A,N/A,0.00,0,0.00,0,0.00,0.00,0,83.33,0.00,18,99,0.00,0.00,0,13,13,0,0,0,0.50,2.14,1,99,12.99,0.00,0.00,0,0,0.00,0.00,99,0.00,0,0,0,0.00,0.00,0,0.00,0.00,0.00,0.00,0,0,0.00,38,0,0,37,5,0.03,17,0.01,0.06,0.00,9,0.00,0.00,85,1,0.50,2.14,2.14,0.50,85,1,0.00,9,68,0,71,0,46,0,0,0.00,99,0,0.00,0.00,10.71,2.50,5,2,33,60,4.29,1.00,40.00,1,2.14,3,0,0.00,0,0.00,99,0,0.00,0.00,29,1,36,83,0,0,0,0,0,24,37,51,56,0,97,4,14,14,0,0,14,10,N/A,N/A
Áron Alaxai,22,1050044400,2003/04/11,NB I,2025/2026,Defender,Paksi SE,645,335,310,Hungary,14,7,7,0,0,0,1,0,1,0,0,2,0,2,14,6,8,6,0,0.14,0.14,0,0,0,0,1.95,46,46,108,645,0.84,189,71,81,22,100000,4.07,0.07,74,28.84,10.89,35,207,7.58,144,23,20.06,35,0.00,0.00,0.16,3,0.00,0.11,1.25,0.47,9,0.00,0.00,0.00,0.00,0.00,0.58,0.00,0.58,0.00,0.14,0.05,0.05,0.00,0.00,0.00,0.00,1.37,0.00,0.00,0,0,,1,0.05,11,0,0.00,18,1,0.14,14,0,8,6,42,0.00,99,0,11,1.53,88,2,29,0.28,26,0,0.00,99,0,0.00,0,0,0.00,0,0.42,29,1,0.14,13,0,0.00,0.00,0,0.00,0,0,0,0.00,0,11,0.00,10,1.53,72,N/A,N/A,N/A,N/A,0.00,0,0.00,0,0.06,0.00,0,69.57,0.00,18,99,0.00,0.00,0,13,13,0,0,0,0.21,0.56,4,83,77.31,1.79,4.74,34,1,0.00,0.14,4,0.05,0,0,0,0.00,0.00,0,0.00,0.00,0.00,0.00,0,0,0.00,38,21,35,37,10,1.00,62,0.05,0.14,0.06,14,0.00,0.01,60,10,0.53,1.39,3.20,1.21,98,23,0.01,14,14,82,71,0,46,92,0,0.00,99,26,0.00,3.62,10.59,4.00,76,42,70,58,5.85,2.21,55.26,0,0.00,99,0,0.00,0,0.00,99,0,0.00,0.00,29,16,84,15,0,0,0,0,0,45,37,51,56,0,44,35,14,99,6,43,98,4,N/A,N/A
Áron Palkó,56,N/A,N/A,NB I,2025/2026,Forward,Újpest,0,0,0,,0,0,0,0,0,0,0,0,0,0,0,0,0,0,0,0,0,0,0,0,0,0,0,0,0,0,0,0,0,0,0,-1,-1,-1,-1,N/A,N/A,N/A,N/A,N/A,N/A,N/A,N/A,N/A,N/A,N/A,N/A,N/A,N/A,N/A,N/A,N/A,N/A,N/A,N/A,N/A,N/A,N/A,N/A,N/A,N/A,N/A,N/A,N/A,N/A,N/A,N/A,N/A,N/A,N/A,N/A,N/A,N/A,N/A,N/A,N/A,N/A,N/A,N/A,N/A,N/A,N/A,N/A,N/A,N/A,N/A,N/A,N/A,N/A,N/A,N/A,N/A,N/A,N/A,N/A,N/A,N/A,N/A,N/A,N/A,N/A,N/A,N/A,N/A,N/A,N/A,N/A,N/A,N/A,N/A,N/A,N/A,N/A,N/A,N/A,N/A,N/A,N/A,N/A,N/A,N/A,N/A,N/A,N/A,N/A,N/A,N/A,N/A,N/A,N/A,N/A,N/A,N/A,N/A,N/A,N/A,N/A,N/A,N/A,N/A,N/A,N/A,N/A,N/A,N/A,N/A,N/A,N/A,N/A,N/A,N/A,N/A,N/A,N/A,N/A,N/A,N/A,N/A,N/A,N/A,N/A,N/A,N/A,N/A,N/A,N/A,N/A,N/A,N/A,N/A,N/A,N/A,N/A,N/A,N/A,N/A,N/A,N/A,N/A,N/A,N/A,N/A,N/A,N/A,N/A,N/A,N/A,N/A,N/A,N/A,N/A,N/A,N/A,N/A,N/A,N/A,N/A,N/A,N/A,N/A,N/A,N/A,N/A,N/A,N/A,N/A,N/A,N/A,N/A,N/A,N/A,N/A,N/A,N/A,N/A,N/A,N/A,N/A,N/A,N/A,N/A,N/A,N/A,N/A,N/A,N/A,N/A,N/A,N/A,N/A,N/A,N/A,N/A,N/A,N/A,N/A,N/A,N/A,N/A,N/A,N/A,N/A,N/A,N/A,N/A,N/A,N/A,N/A,N/A,N/A,N/A,N/A,N/A,N/A,N/A,N/A,N/A,N/A,N/A
Artem Favorov,31,764064000,1994/03/19,NB I,2025/2026,Forward,Puskás,1300,585,715,Ukraine,20,9,11,1,0,1,2,1,1,0,0,4,1,3,18,9,9,5,0,0.21,0.14,0.07,0,0.13,1300,1.25,72,65,260,650,0.35,148,69,-1,7,280000,5.45,0.1,74,44.38,26.71,79,641,22.04,529,79,36.62,79,0.00,0.00,0.46,11,0.00,0.29,2.01,1.21,29,0.00,0.25,0.00,0.00,0.00,0.62,0.33,0.58,19.00,1.32,0.54,0.71,0.00,0.25,0.08,0.00,1.29,0.00,0.00,0,0,,19,0.79,61,6,0.42,57,13,0.90,64,1,6,14,77,0.00,99,0,15,1.04,69,7,40,0.48,33,0,0.00,99,0,0.00,0,0,0.00,0,0.76,50,17,1.18,52,8,0.55,47.06,0,0.00,0,0,0,0.00,0,14,0.00,64,0.97,26,N/A,N/A,N/A,N/A,0.00,0,0.00,0,2.03,0.00,0,82.53,31.58,48,26,0.46,0.76,11,55,63,0,1,0,0.21,0.35,5,64,130.68,1.67,2.77,40,0,0.00,0.00,99,0.00,0,1,0,0.00,0.00,0,0.00,0.00,0.14,0.08,2,0,5.26,41,65,70,92,64,2.68,76,0.11,0.19,1.33,43,0.06,0.09,37,13,0.54,0.90,1.80,1.08,76,26,0.14,56,40,67,71,0,64,72,0,0.00,99,31,0.00,2.15,10.32,6.21,149,81,63,56,5.61,3.38,54.36,6,0.42,62,0,14.29,0,0.00,99,1,0.04,0.07,34,64,76,35,0,0,0,0,0,57,46,59,56,0,88,51,37,79,5,25,85,19,N/A,N/A
Artúr Horváth,22,1065078000,2003/10/02,NB I,2025/2026,Midfielder,MTK,1203,618,585,Hungary,22,12,10,1,1,0,2,1,1,0,0,5,4,1,26,13,13,2,0,0.22,0.15,0.07,0.15,0,1203,1.95,46,55,602,602,0.15,144,62,-1,14,108000,5.34,0.09,77,38.16,20.46,66,491,17.71,425,91,33.03,73,0.00,0.00,0.71,17,0.00,0.92,1.17,0.62,15,0.00,0.38,0.00,0.00,0.00,0.71,0.38,1.04,10.00,0.78,0.29,0.71,0.00,0.12,0.06,0.00,0.25,0.00,0.00,0,0,,10,0.42,41,3,0.23,41,7,0.54,41,6,8,14,37,0.00,99,0,17,1.32,79,22,37,1.71,64,0,0.00,99,0,0.00,0,0,0.00,0,1.32,74,17,1.32,56,9,0.70,52.94,0,0.00,0,0,0,0.00,0,25,0.00,10,1.94,89,N/A,N/A,N/A,N/A,0.00,0,0.00,0,1.32,0.00,0,86.56,30.00,45,49,0.29,0.54,7,66,76,0,0,0,0.25,0.47,6,75,128.16,1.29,2.41,31,0,0.00,0.00,99,0.00,0,0,0,0.00,0.00,0,0.00,0.00,0.08,0.04,1,0,10.00,61,59,82,91,10,2.69,84,0.11,0.21,1.32,47,0.06,0.10,35,11,0.46,0.85,1.55,0.83,66,20,0.10,45,38,61,71,0,54,16,0,0.00,99,6,0.00,0.47,6.84,3.67,88,41,15,17,3.19,1.71,46.59,9,0.70,43,0,13.64,0,0.00,99,3,0.12,0.23,53,64,84,92,0,0,0,0,0,58,46,51,68,0,45,56,77,38,2,9,33,14,N/A,N/A
Átrók István Zalán,20,1133856000,2005/12/06,NB I,2025/2026,Midfielder,MTK,1137,504,633,Hungary,18,9,9,0,0,0,0,0,0,0,0,3,2,1,24,11,13,0,0,0,0,0,0,0,0,1.9,47,63,0,0,0,206,209,-1,18,24000,6.68,0,46,23.12,14.32,16,315,10.59,233,38,17.10,22,0.00,0.00,0.55,12,0.00,0.64,1.25,0.77,17,0.00,0.55,0.00,0.00,0.00,0.27,0.55,1.23,7.25,2.13,0.68,1.50,0.00,0.64,0.22,0.00,0.36,0.00,0.00,0,0,,29,1.32,82,14,1.03,89,15,1.10,76,2,6,12,42,0.00,99,0,6,0.44,30,14,88,1.03,52,0,0.00,99,0,0.00,0,0,0.00,0,0.88,55,33,2.42,86,12,0.88,36.36,0,0.00,0,0,0,0.00,0,27,0.00,12,1.98,90,N/A,N/A,N/A,N/A,0.00,0,0.00,0,4.78,0.00,0,73.97,48.28,83,9,0.73,1.17,16,77,38,0,0,0,0.14,0.22,3,52,147.00,0.77,1.25,17,0,0.00,0.00,99,0.00,0,0,0,0.00,0.00,0,0.00,0.00,0.37,0.23,5,0,13.79,72,56,57,37,12,1.47,47,0.07,0.11,4.78,88,0.22,0.35,36,12,0.55,0.88,1.32,0.82,53,18,0.35,87,75,36,71,0,82,21,0,0.00,99,8,0.00,0.59,9.25,5.73,126,47,19,43,3.45,2.14,37.30,12,0.88,33,0,35.71,0,0.00,99,5,0.23,0.37,63,55,76,55,0,0,0,0,0,24,37,51,56,0,22,45,14,14,0,0,14,21,N/A,N/A
Attila Filip Pintér,20,1130569200,2005/10/29,NB I,2025/2026,Midfielder,Várda SE,505,338,167,Hungary,16,10,6,0,0,0,0,0,0,0,0,6,4,2,7,4,3,2,0,0,0,0,0,0,0,1.25,72,32,253,0,0.36,255,171,-1,19,0,4.79,0,46,15.18,3.86,3,85,3.00,66,58,11.79,5,0.00,0.00,0.14,3,0.00,0.14,1.43,0.36,8,0.00,0.41,0.00,0.00,0.00,0.00,0.09,0.27,0.00,1.61,0.23,0.41,0.00,0.18,0.04,0.00,0.41,0.00,0.00,0,0,,9,0.41,69,4,0.71,74,5,0.89,63,2,12,4,53,0.00,99,0,0,0.00,8,3,85,0.54,35,0,0.00,99,0,0.00,0,0,0.00,0,0.54,37,9,1.61,64,2,0.36,22.22,0,0.00,0,0,0,0.00,0,6,0.00,64,1.07,35,N/A,N/A,N/A,N/A,0.00,0,0.00,0,0.81,0.00,0,77.65,44.44,80,84,0.05,0.18,1,40,18,0,0,0,0.05,0.18,1,45,105.38,0.23,0.89,5,0,0.00,0.00,99,0.00,0,0,0,0.00,0.00,0,0.00,0.00,1.61,0.41,9,0,0.00,38,9,46,37,64,0.27,11,0.01,0.05,0.81,59,0.04,0.14,97,16,0.73,2.86,2.50,0.64,92,14,0.14,56,29,21,71,0,99,60,0,0.00,99,9,0.00,1.61,15.00,3.82,84,35,78,91,6.25,1.59,41.67,9,1.61,8,0,33.33,0,0.00,99,1,0.05,0.18,48,5,96,55,0,0,0,0,0,24,37,51,56,0,21,97,35,80,2,12,47,95,0,0
Attila Fiola,36,635241600,1990/02/17,NB I,2025/2026,Defender,Újpest,1577,903,674,Hungary,20,12,8,0,0,0,1,1,0,0,0,1,1,0,24,13,11,9,1,0.06,0.06,0,0,0,0,1.37,66,79,158,1577,0.57,247,127,44,25,273000,6.32,0.05,53,50.74,44.45,90,889,37.60,752,85,42.92,91,0.00,0.00,0.25,5,0.00,0.65,1.66,1.45,29,0.00,0.35,0.00,0.00,0.00,0.75,0.40,1.15,0.00,0.46,0.30,0.90,0.00,0.10,0.03,0.00,1.05,0.00,0.00,0,0,,8,0.40,26,2,0.11,27,6,0.34,28,4,4,16,66,0.00,99,0,15,0.86,57,13,31,0.74,43,0,0.00,99,0,0.00,0,0,0.00,0,0.29,24,18,1.03,47,8,0.46,44.44,0,0.00,0,0,0,0.00,0,23,0.00,51,1.31,55,N/A,N/A,N/A,N/A,0.00,0,0.00,0,0.54,0.00,0,84.59,25.00,38,39,0.55,0.63,11,50,56,0,0,0,0.20,0.23,4,53,126.43,2.35,2.68,47,0,0.00,0.00,99,0.00,0,0,0,0.00,0.00,0,0.00,0.00,0.00,0.00,0,0,0.00,38,79,70,37,53,2.15,50,0.11,0.12,0.54,22,0.03,0.03,40,17,0.85,0.97,1.77,1.55,75,31,0.03,22,63,65,71,0,46,46,0,0.00,99,21,0.00,1.20,8.62,7.55,151,73,30,34,4.17,3.65,48.34,7,0.40,65,0,7.69,0,0.00,99,1,0.05,0.06,32,73,62,83,0,0,0,0,0,28,37,51,56,0,86,5,19,96,8,40,97,55,N/A,N/A
Attila Kersák Roland,28,870332400,1997/07/31,NB I,2025/2026,Midfielder,Nyíregyháza Spartacus,270,180,90,Hungary,3,2,1,0,0,0,0,0,0,0,0,0,0,0,8,5,3,0,0,0,0,0,0,0,0,2.67,34,90,0,0,0,-1,-1,-1,23,0,1.87,0,46,23.00,6.90,14,69,3.30,33,0,11.00,3,0.00,0.00,0.00,0,0.00,0.00,0.00,0.00,0,0.00,0.00,0.00,0.00,0.60,0.00,0.00,1.40,0.00,0.00,0.00,0.00,0.00,0.00,0.00,0.00,0.00,0.00,0.00,0,0,,0,0.00,8,0,0.00,18,0,0.00,10,0,0,3,5,0.00,99,0,0,0.00,8,0,29,0.00,13,0,0.00,99,0,0.00,0,0,0.00,0,0.00,9,0,0.00,7,0,0.00,0.00,0,0.00,0,6,0,2.00,0,14,0.00,0,4.67,97,N/A,N/A,N/A,N/A,42.86,0,0.00,0,0.00,0.00,0,47.83,0.00,18,71,0.10,0.33,1,13,13,0,0,3,0.00,0.00,0,20,18.68,0.30,1.00,3,0,0.00,0.00,99,0.00,0,0,0,0.00,0.00,0,0.00,0.00,0.00,0.00,0,0,0.00,38,0,0,37,0,0.06,0,0.01,0.02,0.00,9,0.00,0.00,2,0,0.00,0.00,0.00,0.00,4,0,0.00,9,0,25,71,0,46,0,0,0.00,99,0,0.00,0.00,0.33,0.10,1,0,0,2,0.00,0.00,0.00,0,0.00,99,0,0.00,0,0.00,99,0,0.00,0.00,29,4,22,15,0,0,0,0,0,24,37,51,56,0,21,4,14,14,0,0,14,46,0,0
Attila Osváth,30,818582400,1995/12/10,NB I,2025/2026,Defender,Ferencváros,1858,842,1016,Hungary,23,10,13,1,0,1,1,1,0,0,0,3,1,2,25,13,12,4,0,0.1,0.05,0.05,0,0.09,1858,1.21,74,81,465,1858,0.19,161,136,33,13,0,6.70,0.04,50,32.60,28.04,49,673,20.25,486,31,23.54,44,0.00,0.00,1.12,27,0.00,8.12,2.28,1.96,47,0.00,0.50,0.00,0.00,0.00,0.58,0.96,1.00,30.00,1.45,0.88,1.79,0.00,0.38,0.12,0.00,0.17,0.00,0.00,0,0,,30,1.25,66,9,0.44,59,21,1.02,72,0,3,20,89,0.00,99,0,14,0.68,45,195,65,9.45,99,0,0.00,99,0,0.00,0,0,0.00,0,1.31,74,43,2.08,79,23,1.11,53.49,0,0.00,0,0,0,0.00,0,24,0.00,67,1.16,45,N/A,N/A,N/A,N/A,0.00,0,0.00,0,2.87,0.00,0,72.21,30.00,45,16,0.83,0.97,20,86,76,0,0,0,0.12,0.15,3,38,160.83,1.62,1.89,39,1,0.00,0.05,17,0.04,0,0,1,0.04,0.05,0,0.00,0.00,0.05,0.04,1,0,3.33,40,89,88,99,67,2.87,62,0.12,0.14,2.87,59,0.12,0.14,74,36,1.50,1.74,1.40,1.21,58,29,0.14,56,77,53,77,0,49,4,0,0.00,99,4,0.00,0.19,9.40,8.08,194,110,54,44,5.33,4.58,56.70,12,0.58,50,0,24.10,0,0.00,99,47,1.96,2.28,98,85,55,15,0,0,0,0,0,36,40,53,56,0,21,30,66,49,4,17,62,11,0,0
Attila Szujó,22,1063522800,2003/09/14,NB I,2025/2026,Midfielder,Kazincbarcika,66,3,63,Hungary,2,1,1,0,0,0,0,0,0,0,0,0,0,0,0,0,0,0,0,0,0,0,0,0,0,0,0,33,0,0,0,-1,-1,-1,21,44000,1.14,0,46,39.55,4.83,71,29,2.83,17,5,23.18,42,0.00,0.00,0.00,0,0.00,0.00,5.45,0.67,4,0.00,0.00,0.00,0.00,0.00,0.17,0.00,0.17,0.00,0.00,0.00,0.00,0.00,0.00,0.00,0.00,0.17,0.00,0.00,0,0,,0,0.00,8,0,0.00,18,0,0.00,10,3,1,1,99,0.00,99,0,1,1.36,82,0,29,0.00,13,0,0.00,99,0,0.00,0,0,0.00,0,0.00,9,0,0.00,7,0,0.00,0.00,0,0.00,0,0,0,0.00,0,1,0.00,99,1.36,59,N/A,N/A,N/A,N/A,0.00,0,0.00,0,0.00,0.00,0,58.62,0.00,18,99,0.00,0.00,0,13,13,0,0,0,0.17,1.36,1,99,6.82,0.83,6.82,5,0,0.00,0.00,99,0.00,0,0,0,0.00,0.00,0,0.00,0.00,0.00,0.00,0,0,0.00,38,0,0,37,0,0.04,11,0.01,0.05,0.00,9,0.00,0.00,2,0,0.00,0.00,4.09,0.50,99,3,0.00,9,0,95,71,0,46,52,0,0.00,99,1,0.00,1.36,10.91,1.33,8,5,87,62,6.82,0.83,62.50,0,0.00,99,0,0.00,0,0.00,99,0,0.00,0.00,29,1,36,70,0,0,0,0,0,24,37,51,56,0,23,4,14,14,0,0,14,44,N/A,N/A
Attila Temesvári,25,965286000,2000/08/03,NB I,2025/2026,Defender,Nyíregyháza Spartacus,1457,678,779,Hungary,20,9,11,3,1,2,2,0,2,0,0,3,0,3,28,15,13,5,1,0.31,0.12,0.19,0.13,0.23,486,1.73,52,73,243,729,0.37,74,86,71,5,85000,6.57,0.1,67,33.10,25.86,51,569,18.23,401,26,23.33,43,0.00,0.00,0.59,13,0.00,0.00,0.64,0.50,11,0.00,0.05,0.00,0.00,0.00,1.00,0.05,1.00,3.67,0.64,0.23,0.14,0.00,0.27,0.12,0.00,5.00,0.00,0.00,0,0,,11,0.50,34,6,0.35,53,5,0.29,24,1,3,17,17,0.00,99,0,22,1.28,79,0,29,0.00,13,0,0.00,99,0,0.00,0,0,0.00,0,0.76,50,3,0.17,14,1,0.06,33.33,0,0.00,0,0,0,0.00,0,22,0.00,21,1.28,53,N/A,N/A,N/A,N/A,0.00,0,0.00,0,2.74,0.00,0,70.47,54.55,92,99,0.00,0.00,0,14,35,0,0,0,0.86,1.11,19,97,144.43,6.50,8.32,143,0,0.00,0.00,99,0.00,0,0,0,0.00,0.00,0,0.00,0.00,0.00,0.00,0,0,27.27,93,75,70,65,22,2.52,65,0.11,0.15,2.74,62,0.12,0.16,20,10,0.45,0.58,0.99,0.77,29,17,0.16,59,71,99,71,0,46,99,0,0.00,99,110,0.00,6.40,10.94,8.55,188,131,93,63,7.62,5.95,69.68,1,0.06,87,0,0.00,0,0.00,99,0,0.00,0.00,29,77,55,35,0,0,0,0,0,71,74,74,65,0,39,38,33,81,4,20,69,15,N/A,N/A
Balász Balogh,35,645087600,1990/06/11,NB I,2025/2026,Midfielder,Paksi SE,735,334,401,Hungary,14,7,7,1,1,0,2,2,0,0,0,3,0,3,14,9,5,4,0,0.37,0.24,0.12,0.27,0,735,1.71,53,53,184,368,0.49,120,25,-1,9,110000,3.79,0.14,91,45.98,18.85,82,377,13.90,278,36,33.90,73,0.00,0.00,0.75,15,0.00,3.30,2.07,0.85,17,0.00,0.15,0.00,0.00,0.00,0.20,0.10,0.75,16.00,1.95,0.50,0.20,0.00,0.30,0.09,0.00,0.60,0.00,0.00,0,0,,16,0.80,78,6,0.73,76,10,1.22,82,1,5,9,78,0.00,99,0,4,0.49,32,66,62,8.05,97,0,0.00,99,0,0.00,0,0,0.00,0,1.83,88,4,0.49,27,2,0.24,50.00,0,0.00,0,0,0,0.00,0,15,0.00,23,1.83,84,N/A,N/A,N/A,N/A,0.00,0,0.00,0,1.83,0.00,0,73.74,37.50,63,22,0.35,0.85,7,32,73,0,0,0,0.00,0.00,0,20,75.84,0.65,1.59,13,0,0.00,0.00,99,0.00,0,0,0,0.00,0.00,0,0.00,0.00,0.00,0.00,0,0,6.25,45,30,35,82,24,2.34,94,0.12,0.29,1.83,71,0.09,0.22,16,4,0.20,0.49,1.71,0.70,73,14,0.22,67,11,46,71,0,46,55,0,0.00,99,12,0.00,1.46,9.76,4.00,80,35,33,51,4.27,1.75,43.75,3,0.37,68,0,22.73,0,0.00,99,15,0.75,1.83,95,39,69,35,0,0,0,0,0,77,55,51,82,0,48,53,24,91,4,29,89,8,N/A,N/A
Balázs Bakti,21,1104480000,2004/12/31,NB I,2025/2026,Midfielder,Zalaegerszegi TE,404,292,112,Hungary,13,6,7,1,0,1,1,1,0,0,0,4,1,3,7,5,2,1,0,0.45,0.22,0.22,0,0.8,404,1.56,58,31,404,404,0.22,63,29,-1,9,85000,5.06,0.08,89,47.78,13.44,85,215,12.00,192,97,42.67,90,0.00,0.00,0.56,9,0.00,1.06,2.22,0.62,10,0.00,0.38,0.00,0.00,0.00,0.06,0.19,0.19,10.00,2.22,0.38,0.50,0.00,0.25,0.09,0.00,0.25,0.00,0.00,0,0,,10,0.62,84,4,0.89,84,6,1.33,85,2,12,1,85,0.00,99,0,1,0.22,16,17,34,3.78,84,0,0.00,99,0,0.00,0,0,0.00,0,2.00,91,8,1.78,70,3,0.67,37.50,0,0.00,0,0,0,0.00,0,3,0.00,35,0.67,5,N/A,N/A,N/A,N/A,0.00,0,0.00,0,1.39,0.00,0,89.30,40.00,72,60,0.12,0.44,2,63,40,0,0,0,0.12,0.44,2,71,81.00,0.31,1.11,5,0,0.00,0.00,99,0.00,0,0,0,0.00,0.00,0,0.00,0.00,0.00,0.00,0,0,10.00,61,3,30,59,37,1.38,95,0.09,0.31,1.39,83,0.09,0.31,81,9,0.56,2.00,1.33,0.38,54,6,0.31,82,34,29,71,0,46,35,0,0.00,99,4,0.00,0.89,12.22,3.44,55,26,68,73,5.78,1.62,47.27,6,1.33,15,0,11.76,0,0.00,99,2,0.12,0.44,67,1,96,55,0,0,0,0,0,83,78,99,56,0,39,79,57,58,1,8,29,67,N/A,N/A
Balázs Bese,27,916992000,1999/01/22,NB I,2025/2026,Goalkeeper,Nyíregyháza Spartacus,0,0,0,Hungary,0,0,0,0,0,0,0,0,0,0,0,0,0,0,0,0,0,0,0,0,0,0,0,0,0,0,0,0,0,0,0,-1,-1,-1,-1,N/A,N/A,N/A,N/A,N/A,N/A,N/A,N/A,N/A,N/A,N/A,N/A,N/A,N/A,N/A,N/A,N/A,N/A,N/A,N/A,N/A,N/A,N/A,N/A,N/A,N/A,N/A,N/A,N/A,N/A,N/A,N/A,N/A,N/A,N/A,N/A,N/A,N/A,N/A,N/A,N/A,N/A,N/A,N/A,N/A,N/A,N/A,N/A,N/A,N/A,N/A,N/A,N/A,N/A,N/A,N/A,N/A,N/A,N/A,N/A,N/A,N/A,N/A,N/A,N/A,N/A,N/A,N/A,N/A,N/A,N/A,N/A,N/A,N/A,N/A,N/A,N/A,N/A,N/A,N/A,N/A,N/A,N/A,N/A,N/A,N/A,N/A,N/A,N/A,N/A,N/A,N/A,N/A,N/A,N/A,N/A,N/A,N/A,N/A,N/A,N/A,N/A,N/A,N/A,N/A,N/A,N/A,N/A,N/A,N/A,N/A,N/A,N/A,N/A,N/A,N/A,N/A,N/A,N/A,N/A,N/A,N/A,N/A,N/A,N/A,N/A,N/A,N/A,N/A,N/A,N/A,N/A,N/A,N/A,N/A,N/A,N/A,N/A,N/A,N/A,N/A,N/A,N/A,N/A,N/A,N/A,N/A,N/A,N/A,N/A,N/A,N/A,N/A,N/A,N/A,N/A,N/A,N/A,N/A,N/A,N/A,N/A,N/A,N/A,N/A,N/A,N/A,N/A,N/A,N/A,N/A,N/A,N/A,N/A,N/A,N/A,N/A,N/A,N/A,N/A,N/A,N/A,N/A,N/A,N/A,N/A,N/A,N/A,N/A,N/A,N/A,N/A,N/A,N/A,N/A,N/A,N/A,N/A,N/A,N/A,N/A,N/A,N/A,N/A,N/A,N/A,N/A,N/A,N/A,N/A,N/A,N/A,N/A,N/A,N/A,N/A,N/A,N/A,N/A,N/A,N/A,N/A,N/A,N/A
Balázs Dzsudzsák,39,535708800,1986/12/23,NB I,2025/2026,Midfielder,Debrecen,2092,995,1097,Hungary,26,13,13,6,2,4,4,1,3,0,0,7,2,5,24,12,12,4,0,0.43,0.17,0.26,0.18,0.33,349,1.03,87,80,523,523,0.17,50,55,-1,2,320000,7.16,0.15,81,35.78,32.11,60,867,22.93,619,28,25.54,52,0.00,0.00,2.07,56,0.00,7.33,0.37,0.33,9,0.00,0.59,0.00,0.00,0.00,0.33,0.26,0.78,8.33,2.06,1.22,0.44,0.00,0.63,0.28,0.00,0.11,0.00,0.00,0,0,,50,1.85,81,17,0.70,73,33,1.36,87,10,1,25,10,0.00,99,0,9,0.37,24,198,51,8.17,98,0,0.00,99,0,0.00,0,0,0.00,0,2.31,97,12,0.50,28,7,0.29,58.33,0,0.00,0,0,0,0.00,0,21,0.00,82,0.87,17,N/A,N/A,N/A,N/A,0.00,0,0.00,0,7.57,0.00,0,71.40,34.00,56,49,0.48,0.54,13,36,83,1,1,0,0.07,0.08,2,26,193.20,0.37,0.41,10,0,0.00,0.00,99,0.00,0,2,2,0.07,0.08,0,0.00,0.00,0.00,0.00,0,0,12.00,67,95,99,55,82,5.58,87,0.21,0.23,6.17,77,0.23,0.25,52,29,1.07,1.20,0.33,0.30,9,8,0.31,82,97,6,85,0,46,3,0,0.00,99,3,0.00,0.12,3.84,3.44,93,47,8,8,1.94,1.74,50.54,16,0.66,46,0,18.69,0,0.00,99,37,1.37,1.53,94,99,36,99,0,0,0,0,0,82,82,84,74,0,91,70,73,41,4,15,55,10,N/A,N/A
Balázs Manner,20,1114498800,2005/04/26,NB I,2025/2026,Midfielder,Nyíregyháza Spartacus,1104,532,572,Hungary,20,10,10,2,0,2,1,1,0,0,0,3,0,3,19,12,7,4,0,0.24,0.08,0.16,0,0.31,552,1.55,58,55,276,1104,0.33,88,109,-1,7,85000,5.48,0.05,58,24.89,12.71,20,305,8.67,208,18,16.97,21,0.00,0.00,0.38,9,0.00,0.79,1.55,0.79,19,0.00,0.71,0.00,0.00,0.00,0.21,0.46,0.71,15.00,2.45,0.83,1.42,0.00,0.42,0.13,0.00,0.42,0.00,0.00,0,0,,30,1.25,89,10,0.82,81,20,1.63,91,4,3,17,61,0.00,99,0,5,0.41,29,19,44,1.55,62,0,0.00,99,0,0.00,0,0,0.00,0,0.73,48,34,2.77,88,11,0.90,32.35,0,0.00,0,0,0,0.00,0,17,0.00,36,1.39,62,N/A,N/A,N/A,N/A,0.00,0,0.00,0,3.22,0.00,0,68.20,33.33,56,7,0.62,1.22,15,78,30,0,0,0,0.04,0.08,1,26,131.46,0.25,0.49,6,0,0.00,0.00,99,0.00,0,0,1,0.04,0.08,0,0.00,0.00,0.16,0.08,2,0,6.67,47,54,70,69,37,1.39,47,0.06,0.11,3.22,78,0.13,0.26,71,20,0.83,1.63,3.18,1.62,98,39,0.26,75,41,9,85,0,67,33,0,0.00,99,10,0.00,0.82,13.63,6.96,167,59,43,84,4.81,2.46,35.33,17,1.39,13,0,15.79,0,0.00,99,3,0.12,0.24,54,77,55,83,0,0,0,0,0,62,68,81,56,0,39,38,40,76,4,20,69,10,N/A,N/A
Balázs Megyeri,35,638870400,1990/03/31,NB I,2025/2026,Goalkeeper,Győri ETO,900,360,540,Hungary,10,4,6,0,0,0,0,0,0,0,0,3,2,1,11,3,8,0,0,0,0,0,0,0,0,1.1,82,90,0,0,0,209,184,26,16,192000,3.58,0,46,36.60,18.30,61,366,13.15,263,30,26.30,55,0.00,0.00,0.00,0,0.00,0.00,0.00,0.00,0,0.00,0.05,0.00,0.00,1.65,0.00,0.00,2.20,0.00,0.00,0.00,0.00,0.00,0.00,0.00,0.00,0.20,0.00,0.00,0,0,,0,0.00,8,0,0.00,18,0,0.00,10,0,0,10,5,0.00,99,0,0,0.00,8,0,29,0.00,13,0,0.00,99,0,0.00,0,0,0.00,0,0.00,9,0,0.00,7,0,0.00,0.00,0,0.00,0,33,99,3.30,56,44,0.00,77,4.40,95,N/A,N/A,N/A,N/A,75.00,0,0.00,0,0.00,0.00,0,71.86,0.00,18,99,0.00,0.00,0,13,13,0,0,23,0.00,0.00,0,20,71.62,0.55,1.10,11,0,0.00,0.00,99,0.00,0,0,0,0.00,0.00,6,0.30,0.60,0.00,0.00,0,0,0.00,38,40,16,37,77,0.54,11,0.03,0.05,0.00,9,0.00,0.00,8,3,0.15,0.30,0.00,0.00,4,0,0.00,9,8,29,71,78,46,12,0,0.00,99,4,0.00,0.40,0.80,0.40,8,7,6,6,0.70,0.35,87.50,1,0.10,84,0,0.00,0,0.00,99,0,0.00,0.00,29,45,22,15,0,0,0,0,0,24,37,51,56,0,76,77,14,14,0,0,14,16,N/A,N/A
Bálint Geiger,21,1080288000,2004/03/26,NB I,2025/2026,Midfielder,Újpest,119,85,34,Hungary,7,4,3,0,0,0,0,0,0,0,0,1,0,1,2,1,1,2,0,0,0,0,0,0,0,1.51,60,17,60,0,1.51,-1,-1,-1,18,0,3.50,0,46,31.24,3.23,42,42,2.54,33,62,24.55,49,0.00,0.00,0.15,2,0.00,0.15,0.74,0.08,1,0.00,0.08,0.00,0.00,0.00,0.08,0.08,0.23,0.00,0.74,0.08,0.08,0.00,0.00,0.00,0.00,0.08,0.00,0.00,0,0,,1,0.08,39,0,0.00,18,1,0.74,54,2,5,1,19,0.00,99,0,1,0.74,51,2,29,1.49,60,0,0.00,99,0,0.00,0,0,0.00,0,1.49,78,1,0.74,34,1,0.74,100.00,0,0.00,0,0,0,0.00,0,3,0.00,40,2.23,92,N/A,N/A,N/A,N/A,0.00,0,0.00,0,0.05,0.00,0,78.57,0.00,18,99,0.00,0.00,0,69,99,0,0,0,0.00,0.00,0,20,45.50,0.54,5.21,7,0,0.00,0.00,99,0.00,0,0,0,0.00,0.00,0,0.00,0.00,0.00,0.00,0,0,0.00,38,0,5,37,42,0.13,43,0.01,0.10,0.05,26,0.00,0.04,27,1,0.08,0.74,0.74,0.08,19,1,0.04,25,7,84,71,0,46,26,0,0.00,99,1,0.00,0.74,3.72,0.38,5,4,12,7,2.98,0.31,80.00,1,0.74,40,0,0.00,0,0.00,99,0,0.00,0.00,29,1,69,55,0,0,0,0,0,24,37,51,56,0,21,35,14,99,2,29,89,26,0,0
Bálint Kártik,28,861346800,1997/04/18,NB I,2025/2026,Defender,Kazincbarcika,2088,1051,1037,Hungary,26,13,13,4,2,2,3,0,3,0,0,3,1,2,37,20,17,3,0,0.3,0.13,0.17,0.17,0.17,522,1.59,56,80,696,696,0.13,82,76,61,1,70000,6.84,0.12,71,37.24,33.23,63,864,26.15,680,63,29.31,64,0.00,0.00,0.85,22,0.00,1.42,0.95,0.85,22,0.00,1.00,0.00,0.00,0.00,0.81,1.15,1.31,4.25,0.73,0.38,2.23,0.00,0.27,0.14,0.00,0.69,0.00,0.00,0,0,,17,0.65,39,7,0.30,49,10,0.43,35,5,1,25,27,0.00,99,0,21,0.91,61,37,66,1.59,63,0,0.00,99,0,0.00,0,0,0.00,0,0.95,61,58,2.50,87,30,1.29,51.72,0,0.00,0,0,0,0.00,0,34,0.00,32,1.47,67,N/A,N/A,N/A,N/A,0.00,0,0.00,0,3.74,0.00,0,78.70,41.18,74,26,0.69,0.78,18,90,74,4,0,0,0.19,0.22,5,52,177.73,1.54,1.72,40,0,0.00,0.00,99,0.00,0,4,2,0.08,0.09,0,0.00,0.00,0.13,0.12,3,1,23.53,88,95,99,67,31,4.18,74,0.16,0.18,0.94,26,0.04,0.04,94,59,2.27,2.54,0.73,0.65,18,17,0.16,59,83,50,90,0,62,29,0,0.00,99,18,0.00,0.78,10.95,9.77,254,129,61,64,5.56,4.96,50.79,26,1.12,21,0,24.32,0,0.00,99,9,0.35,0.39,64,99,36,88,0,0,0,0,0,69,70,67,72,0,31,24,84,32,3,12,47,10,N/A,N/A
Bálint Katona,23,1031382000,2002/09/07,NB I,2025/2026,Midfielder,Nyíregyháza Spartacus,1445,703,742,Hungary,21,10,11,1,1,0,1,0,1,0,0,2,0,2,25,11,14,3,1,0.12,0.06,0.06,0.13,0,1445,1.56,58,69,361,1445,0.25,156,130,-1,11,100000,7.10,0.05,53,38.62,29.52,68,620,24.14,507,76,31.58,71,0.00,0.00,1.14,24,0.00,0.71,1.25,0.95,20,0.00,1.71,0.00,0.00,0.00,0.67,1.71,1.24,28.00,1.74,0.86,3.95,0.00,0.48,0.12,0.00,0.95,0.00,0.00,0,0,,28,1.33,73,10,0.62,71,18,1.12,77,6,7,14,42,0.00,99,0,14,0.87,58,15,29,0.93,48,0,0.00,99,0,0.00,0,0,0.00,0,1.49,78,83,5.17,98,36,2.24,43.37,0,0.00,0,0,0,0.00,0,26,0.00,35,1.62,76,N/A,N/A,N/A,N/A,0.00,0,0.00,0,2.51,0.00,0,81.77,35.71,59,68,0.29,0.37,6,98,52,0,0,0,0.10,0.12,2,31,149.02,0.38,0.50,8,0,0.00,0.00,99,0.00,0,0,1,0.05,0.06,0,0.00,0.00,0.00,0.00,0,0,3.57,40,75,77,95,37,2.84,74,0.14,0.18,2.51,62,0.12,0.16,98,52,2.48,3.24,1.12,0.86,41,18,0.16,59,96,9,79,0,46,48,0,0.00,99,20,0.00,1.25,15.76,12.05,253,125,96,94,7.79,5.95,49.41,36,2.24,3,0,0.00,0,0.00,99,0,0.00,0.00,29,64,80,92,0,0,0,0,0,39,44,51,65,0,44,19,55,61,2,10,37,55,N/A,N/A
Bálint Oláh,31,786355200,1994/12/02,NB I,2025/2026,Midfielder,Várda SE,990,450,540,Hungary,11,5,6,0,0,0,0,0,0,0,0,3,2,1,15,9,6,2,0,0,0,0,0,0,0,1.36,66,90,495,0,0.18,256,267,-1,25,85000,4.05,0,46,47.91,27.74,86,527,22.21,422,69,38.36,83,0.00,0.00,0.26,5,0.00,0.63,1.82,1.05,20,0.00,0.16,0.00,0.00,0.00,0.84,0.26,0.53,0.00,0.36,0.16,0.37,0.00,0.05,0.02,0.00,1.53,0.00,0.00,0,0,,4,0.21,22,1,0.09,22,3,0.27,22,0,0,11,71,0.00,99,0,16,1.45,85,12,48,1.09,53,0,0.00,99,0,0.00,0,0,0.00,0,0.45,31,7,0.64,33,5,0.45,71.43,0,0.00,0,0,0,0.00,0,10,0.00,52,0.91,21,N/A,N/A,N/A,N/A,0.00,0,0.00,0,0.29,0.00,0,80.08,25.00,38,78,0.16,0.27,3,50,91,0,0,0,0.47,0.82,9,91,76.97,3.16,5.45,60,0,0.00,0.00,99,0.00,0,0,1,0.05,0.09,0,0.00,0.00,0.00,0.00,0,0,0.00,38,46,19,37,53,1.07,43,0.06,0.10,0.29,22,0.02,0.03,7,3,0.16,0.27,0.82,0.47,23,9,0.03,22,14,86,90,0,46,79,0,0.00,99,29,0.00,2.64,8.27,4.79,91,55,48,31,5.00,2.89,60.44,3,0.27,72,0,16.67,0,0.00,99,2,0.11,0.18,48,49,22,15,0,0,0,0,0,24,37,51,56,0,39,70,70,46,2,18,65,50,N/A,N/A
Bálint Tuska,56,N/A,N/A,NB I,2025/2026,Goalkeeper,Diósgyőr,0,0,0,,0,0,0,0,0,0,0,0,0,0,0,0,0,0,0,0,0,0,0,0,0,0,0,0,0,0,0,0,0,0,0,-1,-1,-1,-1,N/A,N/A,N/A,N/A,N/A,N/A,N/A,N/A,N/A,N/A,N/A,N/A,N/A,N/A,N/A,N/A,N/A,N/A,N/A,N/A,N/A,N/A,N/A,N/A,N/A,N/A,N/A,N/A,N/A,N/A,N/A,N/A,N/A,N/A,N/A,N/A,N/A,N/A,N/A,N/A,N/A,N/A,N/A,N/A,N/A,N/A,N/A,N/A,N/A,N/A,N/A,N/A,N/A,N/A,N/A,N/A,N/A,N/A,N/A,N/A,N/A,N/A,N/A,N/A,N/A,N/A,N/A,N/A,N/A,N/A,N/A,N/A,N/A,N/A,N/A,N/A,N/A,N/A,N/A,N/A,N/A,N/A,N/A,N/A,N/A,N/A,N/A,N/A,N/A,N/A,N/A,N/A,N/A,N/A,N/A,N/A,N/A,N/A,N/A,N/A,N/A,N/A,N/A,N/A,N/A,N/A,N/A,N/A,N/A,N/A,N/A,N/A,N/A,N/A,N/A,N/A,N/A,N/A,N/A,N/A,N/A,N/A,N/A,N/A,N/A,N/A,N/A,N/A,N/A,N/A,N/A,N/A,N/A,N/A,N/A,N/A,N/A,N/A,N/A,N/A,N/A,N/A,N/A,N/A,N/A,N/A,N/A,N/A,N/A,N/A,N/A,N/A,N/A,N/A,N/A,N/A,N/A,N/A,N/A,N/A,N/A,N/A,N/A,N/A,N/A,N/A,N/A,N/A,N/A,N/A,N/A,N/A,N/A,N/A,N/A,N/A,N/A,N/A,N/A,N/A,N/A,N/A,N/A,N/A,N/A,N/A,N/A,N/A,N/A,N/A,N/A,N/A,N/A,N/A,N/A,N/A,N/A,N/A,N/A,N/A,N/A,N/A,N/A,N/A,N/A,N/A,N/A,N/A,N/A,N/A,N/A,N/A,N/A,N/A,N/A,N/A,N/A,N/A,N/A,N/A,N/A,N/A,N/A,N/A
Bálint Vécsei,32,742546800,1993/07/13,NB I,2025/2026,Midfielder,Paksi SE,1624,742,882,Hungary,19,9,10,1,0,1,0,0,0,0,0,3,0,3,24,16,8,0,0,0.06,0,0.06,0,0.1,1624,1.33,68,85,0,0,0,155,235,-1,10,320000,5.21,0,46,45.00,32.48,80,812,25.36,634,60,35.14,77,0.00,0.00,0.48,12,0.00,1.56,1.61,1.16,29,0.00,0.28,0.00,0.00,0.00,0.76,0.08,0.84,13.00,0.72,0.40,0.36,0.00,0.12,0.06,0.00,1.44,0.00,0.00,0,0,,13,0.52,38,3,0.17,34,10,0.55,42,2,1,18,63,0.00,99,0,19,1.05,69,39,71,2.16,68,0,0.00,99,0,0.00,0,0,0.00,0,0.67,44,9,0.50,28,2,0.11,22.22,0,0.00,0,0,0,0.00,0,21,0.00,55,1.16,45,N/A,N/A,N/A,N/A,0.00,0,0.00,0,1.42,0.00,0,78.08,23.08,29,41,0.44,0.61,11,21,18,0,0,0,0.40,0.55,10,82,130.13,3.00,4.16,75,1,0.00,0.06,16,0.04,0,0,0,0.00,0.00,0,0.00,0.00,0.00,0.00,0,0,7.69,50,80,64,97,56,1.66,36,0.07,0.09,1.42,39,0.06,0.08,24,12,0.48,0.67,1.11,0.80,40,20,0.08,38,36,78,71,0,46,69,0,0.00,99,36,0.00,2.00,8.20,5.92,148,78,34,29,4.32,3.12,52.70,7,0.39,66,0,25.64,0,0.00,99,10,0.40,0.55,74,79,36,55,0,0,0,0,0,28,44,55,56,0,91,40,14,14,0,0,14,5,N/A,N/A
Bamidele Isa Yusuf,25,982828800,2001/02/22,NB I,2025/2026,Midfielder,Ferencváros,617,351,266,Nigeria,16,9,7,2,1,1,2,1,1,0,0,4,2,2,10,7,3,1,0,0.58,0.29,0.29,0.26,0.34,309,1.46,62,39,617,309,0.15,44,18,-1,9,0,5.10,0.12,94,16.63,5.70,4,114,3.85,77,16,11.23,3,0.00,0.00,0.75,15,0.00,0.65,0.58,0.20,4,0.00,0.85,0.00,0.00,0.00,0.10,0.60,0.60,11.50,3.35,0.70,1.35,0.00,0.45,0.16,0.00,0.60,0.00,0.00,0,0,,23,1.15,98,9,1.31,96,14,2.04,98,10,11,5,15,0.00,99,0,2,0.29,20,13,63,1.90,66,0,0.00,99,0,0.00,0,0,0.00,0,2.19,96,27,3.94,95,12,1.75,44.44,0,0.00,0,0,0,0.00,0,12,0.00,44,1.75,82,N/A,N/A,N/A,N/A,0.00,0,0.00,0,3.21,0.00,0,67.54,39.13,67,87,0.05,0.15,1,94,56,0,0,0,0.00,0.00,0,20,101.96,0.40,1.17,8,0,0.00,0.00,99,0.00,0,0,0,0.00,0.00,0,0.00,0.00,1.02,0.35,7,0,8.70,55,18,46,53,45,1.87,91,0.09,0.27,3.21,95,0.16,0.47,98,21,1.05,3.06,2.04,0.70,85,14,0.47,93,34,33,71,0,97,64,0,0.00,99,12,0.00,1.75,16.48,5.65,113,49,91,96,7.15,2.45,43.36,17,2.48,1,0,23.08,0,0.00,99,3,0.15,0.44,67,10,93,99,0,0,0,0,0,92,84,84,81,0,21,65,78,38,1,6,23,11,0,0
Barna Benczenleitner,22,1063695600,2003/09/16,NB I,2025/2026,Defender,Nyíregyháza Spartacus,1301,659,642,Hungary,18,9,9,2,1,1,0,0,0,0,0,2,0,2,23,13,10,3,0,0.14,0,0.14,0.14,0.14,651,1.59,57,72,434,0,0.21,101,260,60,8,60000,4.35,0,46,29.54,17.08,37,427,12.20,305,29,21.10,37,0.00,0.00,0.36,9,0.00,0.88,1.52,0.88,22,0.00,0.28,0.00,0.00,0.00,1.00,0.24,0.68,6.00,0.83,0.36,0.56,0.00,0.12,0.08,0.00,1.32,0.00,0.00,0,0,,12,0.48,44,3,0.21,41,9,0.62,47,3,3,15,58,0.00,99,0,25,1.73,95,22,82,1.52,60,0,0.00,99,0,0.00,0,0,0.00,0,0.62,41,14,0.97,45,6,0.42,42.86,0,0.00,0,0,0,0.00,0,17,0.00,32,1.18,47,N/A,N/A,N/A,N/A,0.00,0,0.00,0,1.99,0.00,0,71.43,25.00,38,19,0.52,0.90,13,46,52,0,0,0,0.12,0.21,3,50,108.73,1.40,2.42,35,0,0.00,0.00,99,0.00,0,0,1,0.04,0.07,0,0.00,0.00,0.07,0.04,1,0,16.67,80,65,57,75,33,0.97,22,0.04,0.07,1.99,59,0.08,0.14,79,28,1.12,1.94,1.52,0.88,64,22,0.14,56,21,62,83,0,52,74,0,0.00,99,33,0.00,2.28,10.72,6.20,155,88,76,60,6.09,3.52,56.77,7,0.48,58,0,31.82,0,0.00,99,7,0.28,0.48,70,69,55,70,0,0,0,0,0,45,63,62,68,0,29,22,63,54,3,17,62,66,N/A,N/A
Barna Tóth,31,795081600,1995/03/13,NB I,2025/2026,Forward,Paksi SE,1393,834,559,Hungary,21,11,10,6,6,0,2,2,0,0,0,4,1,3,20,14,6,3,0,0.52,0.13,0.39,0.65,0,232,1.29,70,66,464,697,0.19,26,82,-1,2,215000,7.12,0.1,71,24.16,17.81,18,374,10.76,226,5,14.60,14,0.00,0.00,0.95,20,0.00,0.48,0.52,0.38,8,0.00,1.62,0.00,0.00,0.00,0.14,0.38,0.86,11.67,4.52,1.86,1.38,0.00,1.48,0.44,0.00,4.81,0.00,0.00,0,0,,70,3.33,99,31,2.00,99,39,2.52,99,3,6,15,13,0.00,99,0,3,0.19,14,10,29,0.65,39,0,0.00,99,0,0.00,0,0,0.00,0,1.29,73,29,1.87,74,8,0.52,27.59,0,0.00,0,0,0,0.00,0,18,0.00,59,1.16,45,N/A,N/A,N/A,N/A,0.00,0,0.00,0,9.33,0.00,0,60.43,44.29,78,45,0.43,0.58,9,52,25,0,0,0,0.10,0.13,2,34,149.51,1.10,1.49,23,0,0.00,0.00,99,0.00,0,0,3,0.14,0.19,0,0.00,0.00,0.39,0.29,6,3,8.57,54,71,77,46,60,2.38,65,0.11,0.15,9.33,98,0.44,0.60,87,35,1.67,2.26,2.33,1.71,90,36,0.60,98,97,42,98,0,83,99,0,0.00,99,101,0.00,6.53,21.58,15.90,334,150,99,99,9.69,7.14,44.91,34,2.20,3,0,0.00,0,0.00,99,0,0.00,0.00,29,69,76,70,0,1,0,5,0,88,91,51,97,0,79,48,65,49,3,14,53,29,N/A,N/A
Barnabás Bese,31,768207600,1994/05/06,NB I,2025/2026,Defender,Újpest,495,338,157,Hungary,11,7,4,2,1,1,0,0,0,0,0,0,0,0,6,4,2,1,1,0.36,0,0.36,0.27,0.57,248,1.09,83,45,248,0,0.36,32,212,24,6,145000,3.40,0,46,31.21,9.56,42,172,7.28,131,49,23.77,46,0.00,0.00,0.17,3,0.00,0.22,1.09,0.33,6,0.00,0.06,0.00,0.00,0.00,0.44,0.00,0.22,2.50,0.91,0.11,0.17,0.00,0.17,0.09,0.00,0.89,0.00,0.00,0,0,,5,0.28,47,3,0.54,67,2,0.36,29,5,5,6,32,0.00,99,0,8,1.45,85,4,71,0.73,42,0,0.00,99,0,0.00,0,0,0.00,0,0.54,37,3,0.54,29,0,0.00,0.00,0,0.00,0,0,0,0.00,0,4,0.00,77,0.73,7,N/A,N/A,N/A,N/A,0.00,0,0.00,0,1.61,0.00,0,76.16,60.00,95,69,0.11,0.36,2,13,13,0,0,0,0.11,0.36,2,65,61.18,2.00,6.53,36,0,0.00,0.00,99,0.00,0,0,0,0.00,0.00,0,0.00,0.00,0.00,0.00,0,0,40.00,98,9,19,48,79,0.42,31,0.02,0.08,1.61,81,0.09,0.29,10,2,0.11,0.36,0.54,0.17,12,3,0.29,80,6,95,71,0,46,84,0,0.00,99,16,0.00,2.90,7.62,2.33,42,23,30,24,4.17,1.28,54.76,1,0.18,80,0,25.00,0,0.00,99,1,0.06,0.18,48,16,69,88,0,0,0,0,0,77,89,97,82,0,61,4,34,80,0,0,14,33,N/A,N/A
Barnabás Bíró,56,N/A,N/A,NB I,2025/2026,Defender,Győri ETO,432,220,212,,9,6,3,0,0,0,1,0,1,0,0,4,3,1,4,0,4,0,0,0.21,0.21,0,0,0,0,0.83,108,48,0,432,0,239,33,6,24,42000,2.30,0.11,88,32.92,6.87,50,158,5.00,115,34,23.96,47,0.00,0.00,0.22,5,0.00,0.74,1.67,0.35,8,0.00,0.04,0.00,0.00,0.00,0.04,0.35,0.17,0.00,0.21,0.04,0.70,0.00,0.00,0.00,0.00,0.13,0.00,0.00,0,0,,1,0.04,14,0,0.00,18,1,0.21,19,4,4,5,67,0.00,99,0,1,0.21,16,17,49,3.54,81,0,0.00,99,0,0.00,0,0,0.00,0,1.04,65,16,3.33,92,8,1.67,50.00,0,0.00,0,0,0,0.00,0,4,0.00,95,0.83,13,N/A,N/A,N/A,N/A,0.00,0,0.00,0,0.05,0.00,0,72.78,0.00,18,22,0.17,0.83,4,93,73,0,0,0,0.09,0.42,2,70,52.98,0.57,2.71,13,0,0.00,0.00,99,0.00,0,0,0,0.00,0.00,0,0.00,0.00,0.21,0.04,1,0,0.00,38,4,12,37,95,1.01,84,0.04,0.21,0.05,14,0.00,0.01,21,3,0.13,0.62,0.21,0.04,8,1,0.01,14,1,66,71,0,74,22,0,0.00,99,3,0.00,0.62,8.96,1.87,43,22,38,39,4.58,0.96,51.16,1,0.21,78,0,17.65,0,0.00,99,3,0.13,0.62,77,10,62,83,0,0,0,0,0,57,37,51,56,0,23,99,14,14,0,0,14,20,N/A,N/A
Barnabás Nagy,25,968137200,2000/09/05,NB I,2025/2026,Defender,Ferencváros,1680,868,812,Hungary,23,12,11,2,2,0,4,1,3,0,0,7,3,4,18,11,7,3,0,0.32,0.21,0.11,0.21,0,840,0.96,93,73,560,420,0.16,126,34,13,8,0,6.31,0.17,88,28.49,21.36,34,534,16.40,410,52,21.87,40,0.00,0.00,0.80,20,0.00,3.24,0.85,0.64,16,0.00,0.44,0.00,0.00,0.00,0.24,0.56,0.68,6.00,0.64,0.24,1.28,0.00,0.24,0.09,0.00,0.44,0.00,0.00,0,0,,12,0.48,34,6,0.32,51,6,0.32,28,7,4,19,23,0.00,99,0,6,0.32,23,81,64,4.32,88,0,0.00,99,0,0.00,0,0,0.00,0,1.07,66,32,1.71,69,14,0.75,43.75,0,0.00,0,0,0,0.00,0,17,0.00,89,0.91,21,N/A,N/A,N/A,N/A,0.00,0,0.00,0,2.24,0.00,0,76.78,50.00,89,50,0.40,0.53,10,69,53,0,0,0,0.24,0.32,6,60,157.80,1.44,1.92,36,0,0.00,0.00,99,0.00,0,0,0,0.00,0.00,0,0.00,0.00,0.21,0.16,4,1,16.67,80,81,88,84,88,3.93,84,0.16,0.21,2.24,53,0.09,0.12,69,29,1.16,1.55,0.91,0.68,25,17,0.12,51,62,54,71,0,74,21,0,0.00,99,11,0.00,0.59,7.04,5.28,132,68,22,19,3.63,2.72,51.52,11,0.59,50,0,23.46,0,0.00,99,19,0.76,1.01,88,82,62,97,0,0,0,0,0,72,54,51,76,0,21,77,75,40,3,13,50,77,0,0
Barnabás Simon,22,1076659200,2004/02/13,NB I,2025/2026,Goalkeeper,Paksi SE,180,180,0,Hungary,2,2,0,0,0,0,0,0,0,0,0,0,0,0,4,4,0,1,0,0,0,0,0,0,0,2,45,90,180,0,0.5,-1,-1,-1,25,72000,0.60,0,46,18.00,1.64,7,36,0.55,12,0,6.00,0,0.00,0.00,0.00,0,0.00,0.00,0.00,0.00,0,0.00,0.00,0.00,0.00,0.36,0.00,0.00,0.55,0.00,0.00,0.00,0.00,0.00,0.00,0.00,0.00,0.00,0.00,0.00,0,0,,0,0.00,8,0,0.00,18,0,0.00,10,0,0,2,5,0.00,99,0,0,0.00,8,0,29,0.00,13,0,0.00,99,0,0.00,0,0,0.00,0,0.00,9,0,0.00,7,0,0.00,0.00,0,0.00,0,8,33,4.00,94,12,0.00,8,6.00,99,N/A,N/A,N/A,N/A,66.67,0,0.00,0,0.00,0.00,0,33.33,0.00,18,99,0.00,0.00,0,13,13,0,0,4,0.00,0.00,0,20,13.13,0.05,0.50,1,0,0.00,0.00,99,0.00,0,0,0,0.00,0.00,1,0.05,0.50,0.00,0.00,0,0,0.00,38,0,0,37,8,0.03,0,0.00,0.01,0.00,9,0.00,0.00,2,0,0.00,0.00,0.50,0.05,10,1,0.00,9,0,9,71,61,46,0,0,0.00,99,0,0.00,0.00,0.00,0.00,0,0,0,0,0.00,0.00,0.00,0,0.00,99,0,0.00,0,0.00,99,0,0.00,0.00,29,2,22,15,0,0,0,0,0,24,37,51,56,0,33,4,23,92,1,50,99,25,N/A,N/A
Barnabás Varga,32,759484800,1994/01/25,NB I,2025/2026,Forward,Ferencváros,1272,644,628,Hungary,17,9,8,10,4,6,1,0,1,0,0,6,2,4,13,9,4,3,0,0.78,0.07,0.71,0.56,0.86,127,0.92,98,75,424,1272,0.21,5,123,-1,1,0,7.44,0.06,56,20.46,17.00,13,289,10.47,178,5,12.60,9,0.00,0.00,0.94,16,0.00,0.12,0.57,0.47,8,0.00,0.65,0.00,0.00,0.00,0.00,0.59,0.59,3.90,2.76,1.12,1.41,0.00,1.18,0.54,0.00,5.12,0.00,0.00,0,0,,39,2.29,91,20,1.42,97,19,1.35,86,3,3,14,14,0.00,99,0,0,0.00,8,2,99,0.14,19,0,0.00,99,0,0.00,0,0,0.00,0,1.13,67,24,1.70,68,10,0.71,41.67,0,0.00,0,0,0,0.00,0,10,0.00,91,0.71,6,N/A,N/A,N/A,N/A,0.00,0,0.00,0,9.24,0.00,0,61.59,51.28,89,76,0.24,0.28,4,67,50,0,0,0,0.12,0.14,2,36,126.50,1.18,1.42,20,0,0.00,0.00,99,0.00,0,0,1,0.06,0.07,0,0.00,0.00,0.57,0.47,8,2,25.64,91,63,51,38,91,1.60,47,0.09,0.11,9.24,99,0.54,0.65,90,33,1.94,2.34,1.20,1.00,45,17,0.65,98,99,40,83,0,91,99,0,0.00,99,87,0.00,6.16,17.28,14.35,244,138,99,97,9.77,8.12,56.56,11,0.78,37,0,100.00,0,0.00,99,2,0.12,0.14,43,64,55,70,0,1,0,6,0,98,99,99,94,0,21,91,61,54,3,18,65,19,0,0
Bence Babos,22,1076572800,2004/02/12,NB I,2025/2026,Forward,Diósgyőr,1319,762,557,Hungary,20,12,8,6,3,3,1,1,0,0,0,3,3,0,19,8,11,2,0,0.48,0.07,0.41,0.35,0.48,220,1.3,69,66,660,1319,0.14,23,116,-1,1,60000,6.09,0.05,56,16.95,11.27,5,248,8.05,177,27,12.10,7,0.00,0.00,0.36,8,0.00,0.77,1.50,1.00,22,0.00,0.64,0.00,0.00,0.00,0.36,0.73,0.86,3.00,1.23,0.41,2.73,0.00,0.41,0.24,0.00,0.86,0.00,0.00,0,0,,18,0.82,60,9,0.62,71,9,0.62,47,2,4,16,57,0.00,99,0,8,0.55,36,17,92,1.16,54,0,0.00,99,0,0.00,0,0,0.00,0,0.55,39,60,4.10,97,16,1.09,26.67,0,0.00,0,0,0,0.00,0,19,0.00,58,1.30,53,N/A,N/A,N/A,N/A,0.00,0,0.00,0,5.19,0.00,0,71.37,50.00,89,23,0.55,0.82,12,86,24,0,0,0,0.05,0.07,1,24,133.88,0.45,0.68,10,0,0.00,0.00,99,0.00,0,0,0,0.00,0.00,0,0.00,0.00,0.21,0.14,3,0,33.33,98,67,70,45,58,1.30,36,0.06,0.09,5.19,88,0.24,0.35,78,28,1.27,1.91,1.09,0.73,38,16,0.35,87,55,13,71,0,74,50,0,0.00,99,19,0.00,1.30,13.33,8.86,195,85,69,82,5.81,3.86,43.59,14,0.96,28,0,41.18,0,0.00,99,7,0.32,0.48,70,73,62,55,0,1,0,5,0,84,92,94,87,0,29,38,82,35,2,10,37,74,N/A,N/A
Bence Balazs Bíró,27,900399600,1998/07/14,NB I,2025/2026,Forward,Várda SE,1951,950,1001,Hungary,24,12,12,7,3,4,2,0,2,0,0,8,5,3,29,11,18,2,0,0.42,0.09,0.32,0.28,0.36,279,1.34,67,81,976,976,0.09,40,103,-1,1,125000,6.88,0.08,61,25.23,22.79,22,547,17.29,415,48,19.14,30,0.00,0.00,0.67,16,0.00,0.58,1.25,1.12,27,0.00,0.83,0.00,0.00,0.00,1.08,0.38,1.12,3.29,1.06,0.54,1.21,0.00,0.42,0.25,0.00,1.25,0.00,0.00,0,0,,23,0.96,52,10,0.46,62,13,0.60,44,5,1,23,42,0.00,99,0,26,1.20,76,14,88,0.65,39,0,0.00,99,0,0.00,0,0,0.00,0,0.74,48,29,1.34,57,9,0.42,31.03,0,0.00,0,0,0,0.00,0,27,0.00,53,1.25,51,N/A,N/A,N/A,N/A,0.00,0,0.00,0,5.95,0.00,0,75.87,43.48,77,62,0.38,0.42,9,46,29,0,0,0,0.21,0.23,5,53,165.10,1.12,1.25,27,0,0.00,0.00,99,0.00,0,0,1,0.04,0.05,0,0.00,0.00,0.18,0.17,4,1,30.43,95,91,95,51,53,2.67,50,0.11,0.12,5.95,79,0.25,0.27,40,21,0.88,0.97,1.43,1.29,60,31,0.27,77,85,36,77,0,70,53,0,0.00,99,30,0.00,1.38,9.92,8.96,215,86,28,53,3.97,3.58,40.00,20,0.92,29,0,35.71,0,0.00,99,5,0.21,0.23,53,94,36,88,0,1,0,4,0,80,86,87,83,0,53,88,90,24,2,8,29,29,N/A,N/A
Bence Bárdos,28,886665600,1998/02/05,NB I,2025/2026,Defender,Diósgyőr,916,412,504,Hungary,14,7,7,0,0,0,0,0,0,0,0,0,0,0,17,9,8,4,0,0,0,0,0,0,0,1.67,54,65,229,0,0.39,244,186,67,18,0,6.22,0,46,45.00,30.53,80,458,24.53,368,70,36.16,78,0.00,0.00,0.13,2,0.00,0.13,1.08,0.73,11,0.00,0.13,0.00,0.00,0.00,1.27,0.00,1.27,0.00,0.49,0.20,0.07,0.00,0.13,0.03,0.00,2.13,0.00,0.00,0,0,,5,0.33,28,2,0.20,39,3,0.29,24,1,5,9,32,0.00,99,0,19,1.87,97,2,29,0.20,21,0,0.00,99,0,0.00,0,0,0.00,0,0.20,19,1,0.10,10,0,0.00,0.00,0,0.00,0,0,0,0.00,0,19,0.00,27,1.87,86,N/A,N/A,N/A,N/A,0.00,0,0.00,0,0.39,0.00,0,80.35,40.00,72,65,0.27,0.39,4,13,13,0,0,0,0.60,0.88,9,93,93.25,5.60,8.25,84,0,0.00,0.00,99,0.00,0,0,0,0.00,0.00,0,0.00,0.00,0.00,0.00,0,0,0.00,38,42,35,37,27,0.99,43,0.07,0.10,0.39,26,0.03,0.04,16,5,0.33,0.49,1.67,1.13,71,17,0.04,25,59,99,71,0,46,87,0,0.00,99,32,0.00,3.14,9.04,6.13,92,48,40,41,4.72,3.20,52.17,2,0.20,78,0,0.00,0,0.00,99,0,0.00,0.00,29,39,69,35,0,0,0,0,0,24,37,51,56,0,21,4,32,83,4,29,89,6,0,0
Bence Batik,32,752745600,1993/11/08,NB I,2025/2026,Defender,Debrecen,1476,750,726,Hungary,19,10,9,1,1,0,1,0,1,0,0,5,2,3,17,10,7,8,0,0.12,0.06,0.06,0.12,0,1476,1.04,87,78,185,1476,0.49,159,128,18,12,145000,6.39,0.05,53,40.17,33.29,72,699,24.62,517,38,29.71,66,0.00,0.00,0.62,13,0.00,0.14,1.55,1.29,27,0.00,0.19,0.00,0.00,0.00,0.95,0.14,0.62,18.00,1.03,0.52,0.52,0.00,0.33,0.09,0.00,4.19,0.00,0.00,0,0,,18,0.86,50,7,0.40,57,11,0.63,47,0,3,16,61,0.00,99,0,20,1.15,74,3,29,0.17,19,0,0.00,99,0,0.00,0,0,0.00,0,0.75,49,11,0.63,33,3,0.17,27.27,0,0.00,0,0,0,0.00,0,13,0.00,81,0.75,8,N/A,N/A,N/A,N/A,0.00,0,0.00,0,1.97,0.00,0,73.96,38.89,66,21,0.71,0.86,15,26,25,0,0,0,0.29,0.34,6,62,134.14,2.38,2.87,50,1,0.00,0.06,16,0.05,0,0,0,0.00,0.00,0,0.00,0.00,0.06,0.05,1,0,5.56,43,76,64,95,82,2.30,57,0.11,0.13,1.97,51,0.09,0.11,50,20,0.95,1.15,1.44,1.19,61,25,0.11,49,65,69,71,0,51,97,0,0.00,99,88,0.00,5.06,14.20,11.76,247,134,94,87,7.70,6.38,54.25,4,0.23,76,0,0.00,0,0.00,99,0,0.00,0.00,29,73,55,15,0,0,0,0,0,39,44,51,63,0,61,68,24,91,8,42,98,5,N/A,N/A
Bence Gergényi,28,890035200,1998/03/16,NB I,2025/2026,Defender,Újpest,589,366,223,Hungary,11,5,6,0,0,0,0,0,0,0,0,1,1,0,10,5,5,0,0,0,0,0,0,0,0,1.53,59,54,0,0,0,214,213,56,32,120000,4.67,0,46,40.91,16.18,73,275,12.24,208,48,30.94,68,0.00,0.00,0.35,6,0.00,0.53,2.08,0.82,14,0.00,0.35,0.00,0.00,0.00,0.29,0.24,0.53,0.00,0.30,0.12,0.53,0.00,0.00,0.01,0.00,0.53,0.00,0.00,0,0,,2,0.12,17,0,0.00,18,2,0.30,25,3,5,6,79,0.00,99,0,5,0.74,51,9,85,1.34,58,0,0.00,99,0,0.00,0,0,0.00,0,0.89,56,9,1.34,57,4,0.60,44.44,0,0.00,0,0,0,0.00,0,9,0.00,38,1.34,58,N/A,N/A,N/A,N/A,0.00,0,0.00,0,0.12,0.00,0,75.64,0.00,18,60,0.18,0.45,3,60,56,0,0,0,0.24,0.60,4,84,79.43,1.12,2.83,19,0,0.00,0.00,99,0.00,0,0,0,0.00,0.00,0,0.00,0.00,0.00,0.00,0,0,0.00,38,16,19,37,40,0.56,31,0.03,0.08,0.12,19,0.01,0.02,66,10,0.59,1.49,0.74,0.29,19,5,0.02,19,25,67,71,0,46,51,0,0.00,99,9,0.00,1.34,8.93,3.53,60,37,59,38,5.50,2.18,61.67,6,0.89,31,0,33.33,0,0.00,99,3,0.18,0.45,69,16,69,70,0,0,0,0,0,24,37,51,56,0,50,16,14,14,0,0,14,44,N/A,N/A
Bence Gundel-Takács,27,891846000,1998/04/06,NB I,2025/2026,Goalkeeper,Zalaegerszegi TE,2340,1170,1170,Hungary,26,13,13,0,0,0,0,0,0,0,0,7,3,4,31,16,15,3,0,0,0,0,0,0,0,1.19,75,90,780,0,0.12,232,208,32,21,145000,7.09,0,46,27.96,27.96,32,727,19.31,502,21,19.31,31,0.00,0.00,0.08,2,0.00,0.00,0.04,0.04,1,0.00,0.00,0.00,0.00,3.38,0.00,0.00,4.62,0.00,0.00,0.00,0.00,0.00,0.00,0.00,0.00,0.50,0.00,0.00,0,0,,0,0.00,8,0,0.00,18,0,0.00,10,0,0,26,6,0.00,99,0,0,0.00,8,0,29,0.00,13,0,0.00,99,0,0.00,0,0,0.00,0,0.08,12,0,0.00,7,0,0.00,0.00,0,0.00,0,88,89,3.38,61,120,0.00,68,4.62,97,N/A,N/A,N/A,N/A,73.33,0,0.00,0,0.00,0.00,0,69.05,0.00,18,93,0.04,0.04,1,13,13,0,0,57,0.00,0.00,0,20,184.37,2.00,2.00,52,0,0.00,0.00,99,0.00,1,0,1,0.04,0.04,29,1.12,1.12,0.00,0.00,0,0,0.00,38,99,99,37,68,1.12,7,0.04,0.04,0.00,9,0.00,0.00,5,5,0.19,0.19,0.04,0.04,5,1,0.00,9,95,57,74,94,46,17,0,0.00,99,13,0.00,0.50,0.85,0.85,22,19,7,6,0.73,0.73,86.36,0,0.00,99,0,0.00,0,0.00,99,0,0.00,0.00,29,99,22,15,0,0,0,0,0,24,37,51,56,0,61,70,87,28,3,12,47,1,N/A,N/A
Bence Kiss,26,930812400,1999/07/01,NB I,2025/2026,Midfielder,Zalaegerszegi TE,1847,965,882,Hungary,24,13,11,4,2,2,2,1,1,0,0,7,3,4,24,12,12,5,0,0.29,0.1,0.19,0.19,0.2,462,1.17,77,77,369,924,0.24,76,100,-1,4,160000,6.77,0.08,63,43.88,36.00,76,900,30.08,752,83,36.66,80,0.00,0.00,1.04,26,0.00,0.56,2.24,1.84,46,0.00,0.84,0.00,0.00,0.00,0.32,0.92,0.68,7.50,1.46,0.76,1.80,0.00,0.44,0.19,0.00,0.24,0.00,0.00,0,0,,30,1.20,67,11,0.54,67,19,0.93,68,2,3,21,86,0.00,99,0,8,0.39,26,14,40,0.68,40,0,0.00,99,0,0.00,0,0,0.00,0,1.27,72,45,2.19,82,23,1.12,51.11,0,0.00,0,0,0,0.00,0,17,0.00,70,0.83,13,N/A,N/A,N/A,N/A,0.00,0,0.00,0,4.74,0.00,0,83.56,36.67,60,39,0.52,0.63,13,87,73,0,0,0,0.08,0.10,2,28,169.18,0.68,0.83,17,0,0.00,0.00,99,0.00,0,0,0,0.00,0.00,0,0.00,0.00,0.00,0.00,0,0,13.33,71,88,95,63,70,3.61,74,0.14,0.18,4.74,72,0.19,0.23,67,31,1.24,1.51,1.32,1.08,53,27,0.23,69,80,18,71,0,46,7,0,0.00,99,6,0.00,0.29,9.70,7.96,199,104,49,50,5.07,4.16,52.26,21,1.02,24,0,14.29,0,0.00,99,2,0.08,0.10,38,89,55,55,0,1,0,4,0,67,74,70,75,0,66,75,55,59,5,21,73,49,N/A,N/A
Bence Komlósi,20,1125558000,2005/09/01,NB I,2025/2026,Defender,Diósgyőr,153,132,21,Hungary,5,3,2,0,0,0,0,0,0,0,0,1,1,0,2,2,0,1,0,0,0,0,0,0,0,1.18,77,31,153,0,0.59,-1,-1,-1,26,35000,2.18,0,46,43.60,4.33,75,78,3.67,66,85,36.89,80,0.00,0.00,0.06,1,0.00,0.06,1.12,0.11,2,0.00,0.11,0.00,0.00,0.00,0.11,0.06,0.06,0.00,0.56,0.06,0.11,0.00,0.00,0.00,0.00,0.28,0.00,0.00,0,0,,1,0.06,32,0,0.00,18,1,0.56,43,0,4,1,34,0.00,99,0,2,1.12,72,1,29,0.56,36,0,0.00,99,0,0.00,0,0,0.00,0,0.56,39,2,1.12,50,1,0.56,50.00,0,0.00,0,0,0,0.00,0,1,0.00,68,0.56,2,N/A,N/A,N/A,N/A,0.00,0,0.00,0,0.05,0.00,0,84.62,0.00,18,99,0.00,0.00,0,56,73,0,0,0,0.00,0.00,0,20,39.20,0.22,2.24,4,0,0.00,0.00,99,0.00,0,0,0,0.00,0.00,0,0.00,0.00,0.00,0.00,0,0,0.00,38,0,0,37,70,0.18,43,0.01,0.10,0.05,22,0.00,0.03,18,1,0.06,0.56,2.80,0.28,95,5,0.03,22,0,59,71,0,46,82,0,0.00,99,5,0.00,2.80,13.42,1.33,24,8,36,82,4.47,0.44,33.33,2,1.12,21,0,0.00,0,0.00,99,0,0.00,0.00,29,1,62,15,0,0,0,0,0,24,37,51,56,0,22,51,18,97,1,20,69,16,N/A,N/A
Bence Lenzsér,29,829033200,1996/04/09,NB I,2025/2026,Defender,Paksi SE,1543,756,787,Hungary,18,9,9,2,1,1,0,0,0,0,0,3,1,2,22,14,8,5,1,0.12,0,0.12,0.12,0.11,772,1.28,70,86,257,0,0.35,122,161,37,7,145000,6.85,0,46,38.03,36.22,66,652,26.22,472,32,27.53,59,0.00,0.00,0.67,12,0.00,2.44,2.33,2.22,40,0.00,0.61,0.00,0.00,0.00,1.44,0.67,1.17,6.50,0.76,0.33,1.33,0.00,0.39,0.13,0.00,1.39,0.00,0.00,0,0,,13,0.72,40,7,0.41,57,6,0.35,28,1,0,18,90,0.00,99,0,26,1.52,87,44,44,2.57,73,0,0.00,99,0,0.00,0,0,0.00,0,0.70,46,24,1.40,59,12,0.70,50.00,0,0.00,0,0,0,0.00,0,21,0.00,60,1.22,49,N/A,N/A,N/A,N/A,0.00,0,0.00,0,2.35,0.00,0,72.39,53.85,91,10,1.06,1.11,19,66,73,0,0,0,0.72,0.76,13,88,123.29,3.06,3.21,55,0,0.00,0.00,99,0.00,0,0,0,0.00,0.00,0,0.00,0.00,0.06,0.06,1,2,15.38,76,78,57,82,60,1.58,36,0.09,0.09,2.35,59,0.13,0.14,33,14,0.78,0.82,2.16,2.06,86,37,0.14,56,84,72,71,0,51,55,0,0.00,99,25,0.00,1.46,10.85,10.33,186,91,53,62,5.31,5.06,48.92,11,0.64,48,0,15.91,0,0.00,99,7,0.39,0.41,65,79,22,35,0,0,0,0,0,39,55,58,63,0,61,45,36,79,4,22,76,24,N/A,N/A
Bence Ötvös,28,889776000,1998/03/13,NB I,2025/2026,Defender,Ferencváros,1100,661,439,Hungary,19,10,9,3,1,2,0,0,0,0,0,7,3,4,15,11,4,7,0,0.25,0,0.25,0.14,0.41,367,1.23,73,58,157,0,0.57,54,251,34,6,180000,6.57,0,46,59.76,38.68,97,735,33.21,631,89,51.30,97,0.00,0.00,0.74,14,0.00,1.00,2.85,1.84,35,0.00,0.21,0.00,0.00,0.00,0.47,0.21,0.74,7.00,1.71,0.74,0.26,0.00,0.37,0.18,0.00,0.68,0.00,0.00,0,0,,21,1.11,72,7,0.57,69,14,1.14,78,1,9,10,97,0.00,99,0,9,0.73,49,19,30,1.54,61,0,0.00,99,0,0.00,0,0,0.00,0,1.14,68,5,0.41,22,4,0.33,80.00,0,0.00,0,0,0,0.00,0,14,0.00,66,1.14,41,N/A,N/A,N/A,N/A,0.00,0,0.00,0,3.37,0.00,0,85.85,33.33,56,20,0.58,0.89,11,38,95,2,0,0,0.26,0.41,5,69,124.80,1.26,1.95,24,0,0.00,0.00,99,0.00,0,2,0,0.00,0.00,0,0.00,0.00,0.08,0.05,1,0,14.29,75,54,64,56,66,1.73,62,0.09,0.14,1.97,62,0.10,0.16,64,18,0.95,1.46,2.85,1.84,97,35,0.27,77,71,55,71,0,54,41,0,0.00,99,13,0.00,1.06,10.73,6.95,132,70,64,61,5.69,3.68,53.03,4,0.33,70,0,5.26,0,0.00,99,1,0.05,0.08,34,45,87,35,0,0,0,0,0,63,82,91,68,0,71,94,18,96,7,37,94,23,N/A,N/A
Bence Sós,31,768553200,1994/05/10,NB I,2025/2026,Midfielder,Kazincbarcika,1215,630,585,Hungary,14,7,7,2,1,1,1,1,0,0,0,2,1,1,24,10,14,3,0,0.22,0.07,0.15,0.14,0.15,608,1.78,51,87,405,1215,0.22,95,118,-1,9,0,6.30,0.07,56,40.59,36.53,72,548,28.40,426,59,31.56,70,0.00,0.00,0.87,13,0.00,4.73,1.11,1.00,15,0.00,0.40,0.00,0.00,0.00,1.27,0.73,1.33,7.00,1.04,0.53,1.47,0.00,0.40,0.16,0.00,1.40,0.00,0.00,0,0,,14,0.93,51,6,0.44,59,8,0.59,43,3,0,14,33,0.00,99,0,19,1.41,83,71,34,5.26,91,0,0.00,99,0,0.00,0,0,0.00,0,0.96,62,22,1.63,66,11,0.81,50.00,0,0.00,0,0,0,0.00,0,20,0.00,18,1.48,68,N/A,N/A,N/A,N/A,0.00,0,0.00,0,2.40,0.00,0,77.74,42.86,76,50,0.47,0.52,7,74,73,0,1,0,0.27,0.30,4,58,94.45,5.07,5.63,76,0,0.00,0.00,99,0.00,0,1,0,0.00,0.00,0,0.00,0.00,0.07,0.07,1,0,14.29,75,60,35,73,19,1.97,65,0.13,0.15,1.70,55,0.11,0.13,79,26,1.73,1.93,1.04,0.93,34,14,0.18,63,62,87,71,0,52,60,0,0.00,99,21,0.00,1.56,9.48,8.53,128,72,54,47,5.33,4.80,56.25,6,0.44,61,0,11.27,0,0.00,99,8,0.53,0.59,76,64,22,70,0,0,0,0,0,58,66,65,68,0,21,35,58,58,3,21,73,38,0,0
Bence Szakos,56,N/A,N/A,NB I,2025/2026,Defender,Diósgyőr,977,500,477,,16,9,7,0,0,0,0,0,0,0,0,1,1,0,20,7,13,1,0,0,0,0,0,0,0,1.84,49,61,977,0,0.09,236,225,77,28,25000,5.54,0,46,26.76,15.53,29,264,11.53,196,40,19.86,34,0.00,0.00,0.53,9,0.00,1.35,2.43,1.41,24,0.00,0.24,0.00,0.00,0.00,0.59,0.59,0.65,0.00,0.91,0.35,1.35,0.00,0.18,0.04,0.00,0.29,0.00,0.00,0,0,,9,0.53,47,3,0.30,49,6,0.61,45,4,6,10,92,0.00,99,0,10,1.01,67,23,60,2.33,70,0,0.00,99,0,0.00,0,0,0.00,0,0.91,59,23,2.33,84,10,1.01,43.48,0,0.00,0,0,0,0.00,0,11,0.00,15,1.11,37,N/A,N/A,N/A,N/A,0.00,0,0.00,0,0.64,0.00,0,74.24,33.33,56,74,0.18,0.30,3,82,52,0,0,0,0.24,0.41,4,69,94.23,1.94,3.34,33,1,0.00,0.10,8,0.06,0,0,0,0.00,0.00,0,0.00,0.00,0.10,0.06,1,1,0.00,38,45,46,37,16,0.87,36,0.05,0.09,0.64,32,0.04,0.06,82,20,1.18,2.03,0.91,0.53,25,9,0.06,31,43,73,71,0,58,17,0,0.00,99,5,0.00,0.51,9.43,5.47,93,59,74,45,5.98,3.47,63.44,4,0.41,62,0,21.74,0,0.00,99,5,0.29,0.51,72,45,76,83,0,0,0,0,0,24,37,51,56,0,22,7,91,24,1,6,23,85,N/A,N/A
Bence Trencsényi,24,993020400,2001/06/20,NB I,2025/2026,Midfielder,Kazincbarcika,176,95,81,Hungary,5,4,1,0,0,0,0,0,0,0,0,0,0,0,3,1,2,0,0,0,0,0,0,0,0,1.53,59,35,0,0,0,-1,-1,-1,22,32000,3.01,0,46,16.65,3.56,4,32,2.33,21,11,10.92,3,0.00,0.00,0.33,3,0.00,0.44,1.56,0.33,3,0.00,0.22,0.00,0.00,0.00,0.00,0.11,0.33,0.00,2.08,0.00,0.33,0.00,0.44,0.05,0.00,0.33,0.00,0.00,0,0,,4,0.44,81,4,2.08,99,0,0.00,10,1,2,3,61,0.00,99,0,0,0.00,8,4,96,2.08,67,0,0.00,99,0,0.00,0,0,0.00,0,1.56,81,3,1.56,61,1,0.52,33.33,0,0.00,0,0,0,0.00,0,3,0.00,38,1.56,74,N/A,N/A,N/A,N/A,0.00,0,0.00,0,0.49,0.00,0,65.62,100.00,99,99,0.00,0.00,0,52,35,0,0,0,0.00,0.00,0,20,27.10,0.00,0.00,0,0,0.00,0.00,99,0.00,0,0,0,0.00,0.00,0,0.00,0.00,0.52,0.11,1,0,0.00,38,0,0,37,40,0.16,31,0.02,0.08,0.49,77,0.05,0.25,69,3,0.33,1.56,1.04,0.22,34,2,0.25,74,3,0,71,0,89,60,0,0.00,99,3,0.00,1.56,10.40,2.22,20,9,38,57,4.68,1.00,45.00,2,1.04,23,0,50.00,0,0.00,99,2,0.22,1.04,88,4,45,35,0,0,0,0,0,24,37,51,56,0,22,4,14,14,0,0,14,88,N/A,N/A
Bence Várkonyi,23,1016438400,2002/03/18,NB I,2025/2026,Defender,Zalaegerszegi TE,2111,1080,1031,Hungary,24,12,12,0,0,0,1,1,0,0,0,6,3,3,29,15,14,8,2,0.04,0.04,0,0,0,0,1.24,73,88,235,2111,0.38,220,138,35,26,130000,6.70,0.04,47,47.41,46.33,84,1112,41.79,1003,98,42.76,91,0.00,0.00,0.17,4,0.00,0.00,1.66,1.62,39,0.00,0.17,0.00,0.00,0.00,0.54,0.04,1.00,0.00,0.55,0.46,0.08,0.00,0.08,0.04,0.00,1.42,0.00,0.00,0,0,,13,0.54,31,2,0.09,22,11,0.47,37,0,0,24,66,0.00,99,0,13,0.55,36,0,29,0.00,13,0,0.00,99,0,0.00,0,0,0.00,0,0.17,16,2,0.09,9,1,0.04,50.00,0,0.00,0,0,0,0.00,0,24,0.00,65,1.02,31,N/A,N/A,N/A,N/A,0.00,0,0.00,0,0.89,0.00,0,90.20,15.38,21,74,0.29,0.30,7,13,73,0,0,0,0.75,0.77,18,88,160.71,5.83,5.97,140,2,0.00,0.09,11,0.08,0,0,0,0.00,0.00,0,0.00,0.00,0.00,0.00,0,0,0.00,38,97,95,37,66,2.92,50,0.12,0.12,0.89,26,0.04,0.04,18,13,0.54,0.55,0.72,0.71,17,17,0.04,25,77,89,71,0,46,55,0,0.00,99,34,0.00,1.45,6.44,6.29,151,86,22,14,3.67,3.58,56.95,4,0.17,81,0,0.00,0,0.00,99,0,0.00,0.00,29,97,22,15,0,0,0,0,0,25,37,51,56,0,55,65,32,82,6,25,85,5,N/A,N/A
Bence Zsolt Vekony,21,1105516800,2005/01/12,NB I,2025/2026,Midfielder,Puskás,664,303,361,Hungary,16,7,9,0,0,0,0,0,0,0,0,3,1,2,10,5,5,2,0,0,0,0,0,0,0,1.36,66,42,332,0,0.27,224,246,-1,18,45000,4.12,0,46,32.12,10.77,47,237,7.50,165,23,22.36,40,0.00,0.00,0.32,7,0.00,0.50,1.63,0.55,12,0.00,0.45,0.00,0.00,0.00,0.14,0.09,0.32,0.00,0.14,0.05,0.55,0.00,0.00,0.00,0.00,0.68,0.00,0.00,0,0,,1,0.05,11,0,0.00,18,1,0.14,14,4,10,6,64,0.00,99,0,3,0.41,29,11,50,1.49,60,0,0.00,99,0,0.00,0,0,0.00,0,0.95,61,12,1.63,66,2,0.27,16.67,0,0.00,0,0,0,0.00,0,7,0.00,52,0.95,22,N/A,N/A,N/A,N/A,0.00,0,0.00,0,0.04,0.00,0,69.62,0.00,18,49,0.18,0.54,4,34,16,0,0,0,0.05,0.14,1,36,90.61,0.55,1.63,12,0,0.00,0.00,99,0.00,0,0,0,0.00,0.00,0,0.00,0.00,0.00,0.00,0,0,0.00,38,23,46,37,53,0.52,22,0.02,0.07,0.04,14,0.00,0.01,52,9,0.41,1.22,2.71,0.91,94,20,0.01,14,15,47,71,0,46,70,0,0.00,99,15,0.00,2.03,12.61,4.23,93,37,48,76,5.02,1.68,39.78,10,1.36,14,0,18.18,0,0.00,99,2,0.09,0.27,59,16,91,83,0,0,0,0,0,24,37,51,56,0,24,48,49,67,2,12,47,88,N/A,N/A
Bendegúz Bence Farkas,21,1091689200,2004/08/05,NB I,2025/2026,Midfielder,Nyíregyháza Spartacus,1025,498,527,Hungary,15,8,7,0,0,0,0,0,0,0,0,1,0,1,15,7,8,3,0,0,0,0,0,0,0,1.32,68,68,342,0,0.26,219,166,-1,27,0,6.81,0,46,28.10,21.33,33,320,13.93,209,10,18.35,27,0.00,0.00,0.40,6,0.00,1.53,2.99,2.27,34,0.00,0.13,0.00,0.00,0.00,1.53,0.13,1.07,0.00,0.79,0.47,0.33,0.00,0.13,0.04,0.00,1.93,0.00,0.00,0,0,,9,0.60,41,2,0.18,35,7,0.61,45,4,4,11,97,0.00,99,0,23,2.02,99,23,86,2.02,67,0,0.00,99,0,0.00,0,0,0.00,0,0.53,36,5,0.44,24,2,0.18,40.00,0,0.00,0,0,0,0.00,0,16,0.00,56,1.40,62,N/A,N/A,N/A,N/A,0.00,0,0.00,0,0.55,0.00,0,65.31,22.22,28,10,0.87,1.14,13,28,45,0,0,0,0.53,0.70,8,86,102.09,3.87,5.09,58,0,0.00,0.00,99,0.00,0,0,0,0.00,0.00,0,0.00,0.00,0.00,0.00,0,0,0.00,38,49,39,37,56,0.68,17,0.05,0.06,0.55,28,0.04,0.05,40,11,0.73,0.97,1.76,1.33,74,20,0.05,28,81,84,71,0,46,76,0,0.00,99,29,0.00,2.55,12.73,9.67,145,76,85,78,6.67,5.07,52.41,2,0.18,80,0,34.78,0,0.00,99,8,0.53,0.70,79,49,62,83,0,0,0,0,0,24,37,51,56,0,21,10,51,63,3,20,69,88,0,0
Benedek Miklós Erdélyi,20,1127890800,2005/09/28,NB I,2025/2026,Midfielder,Debrecen,720,360,360,Hungary,8,4,4,0,0,0,0,0,0,0,0,2,1,1,9,5,4,0,0,0,0,0,0,0,0,1.13,80,90,0,0,0,208,201,-1,17,32000,5.48,0,46,27.12,21.70,30,217,14.50,145,13,18.12,26,0.00,0.00,0.00,0,0.00,0.00,0.00,0.00,0,0.00,0.00,0.00,0.00,2.40,0.00,0.00,3.40,0.00,0.00,0.00,0.00,0.00,0.00,0.00,0.00,0.10,0.00,0.00,0,0,,0,0.00,8,0,0.00,18,0,0.00,10,0,0,8,5,0.00,99,0,0,0.00,8,0,29,0.00,13,0,0.00,99,0,0.00,0,0,0.00,0,0.00,9,0,0.00,7,0,0.00,0.00,0,0.00,0,24,67,3.00,39,34,0.00,74,4.25,95,N/A,N/A,N/A,N/A,70.59,0,0.00,0,0.00,0.00,0,66.82,0.00,18,99,0.00,0.00,0,13,13,0,0,15,0.00,0.00,0,20,54.76,0.40,0.50,4,0,0.00,0.00,99,0.00,0,0,0,0.00,0.00,1,0.10,0.12,0.00,0.00,0,0,0.00,38,29,9,37,75,0.32,7,0.03,0.04,0.00,9,0.00,0.00,2,0,0.00,0.00,0.00,0.00,4,0,0.00,9,41,9,71,6,46,3,0,0.00,99,1,0.00,0.12,0.12,0.10,1,1,0,0,0.12,0.10,100.00,0,0.00,99,0,0.00,0,0.00,99,0,0.00,0.00,29,31,22,15,0,0,0,0,0,24,37,51,56,0,22,65,14,14,0,0,14,12,N/A,N/A
Benedek Varju,24,990428400,2001/05/21,NB I,2025/2026,Defender,MTK,1484,707,777,Hungary,17,8,9,1,1,0,2,1,1,0,0,3,3,0,35,13,22,3,0,0.18,0.12,0.06,0.13,0,1484,2.12,42,87,495,742,0.18,153,90,88,10,132000,6.67,0.12,67,45.70,44.35,82,754,36.00,612,72,37.09,81,0.00,0.00,0.59,10,0.00,0.88,2.06,2.00,34,0.00,0.65,0.00,0.00,0.00,1.06,0.47,2.18,2.00,0.12,0.00,0.88,0.00,0.12,0.05,0.00,1.18,0.00,0.00,0,0,,2,0.12,9,2,0.12,28,0,0.00,10,1,0,17,78,0.00,99,0,18,1.09,71,15,85,0.91,47,0,0.00,99,0,0.00,0,0,0.00,0,0.61,41,15,0.91,42,8,0.48,53.33,0,0.00,0,0,0,0.00,0,37,0.00,5,2.24,93,N/A,N/A,N/A,N/A,0.00,0,0.00,0,0.86,0.00,0,81.17,100.00,99,29,0.71,0.73,12,51,76,0,0,0,0.29,0.30,5,58,113.39,2.94,3.03,50,2,0.00,0.12,6,0.12,0,0,0,0.00,0.00,0,0.00,0.00,0.12,0.12,2,0,50.00,99,77,51,96,5,2.93,74,0.17,0.18,0.86,28,0.05,0.05,46,18,1.06,1.09,0.67,0.65,15,11,0.05,28,75,71,71,0,59,47,0,0.00,99,20,0.00,1.21,8.24,8.00,136,80,45,30,4.85,4.71,58.82,11,0.67,46,0,33.33,0,0.00,99,5,0.29,0.30,60,77,22,35,0,0,0,0,0,51,44,51,65,0,55,47,70,46,3,18,65,2,N/A,N/A
Benjámin Oláh,20,1133769600,2005/12/05,NB I,2025/2026,Forward,Nyíregyháza Spartacus,147,80,67,Hungary,10,6,4,1,0,1,1,0,1,0,0,1,0,1,3,2,1,0,0,1.22,0.61,0.61,0,1.34,147,1.84,49,15,0,147,0,-1,-1,-1,10,0,3.32,0.1,99,25.54,2.62,23,42,1.50,24,3,14.59,14,0.00,0.00,0.19,3,0.00,0.12,0.00,0.00,0,0.00,0.25,0.00,0.00,0.00,0.00,0.00,0.25,6.00,3.65,0.25,0.12,0.00,0.12,0.07,0.00,0.44,0.00,0.00,0,0,,6,0.38,98,2,1.22,94,4,2.43,99,0,10,0,5,0.00,99,0,0,0.00,8,2,29,1.22,56,0,0.00,99,0,0.00,0,0,0.00,0,1.82,88,2,1.22,53,0,0.00,0.00,0,0.00,0,0,0,0.00,0,4,0.00,15,2.43,93,N/A,N/A,N/A,N/A,0.00,0,0.00,0,1.04,0.00,0,57.14,33.33,56,99,0.00,0.00,0,13,13,0,0,0,0.00,0.00,0,20,53.07,0.12,1.22,2,0,0.00,0.00,99,0.00,0,0,0,0.00,0.00,0,0.00,0.00,0.61,0.06,1,0,16.67,80,0,16,39,16,0.70,99,0.04,0.43,1.04,98,0.07,0.63,91,4,0.25,2.43,2.43,0.25,90,4,0.63,98,5,34,71,0,93,95,0,0.00,99,7,0.00,4.26,15.81,1.62,26,11,86,94,6.69,0.69,42.31,4,2.43,1,0,0.00,0,0.00,99,0,0.00,0.00,29,0,91,15,0,0,0,0,0,99,97,99,56,0,21,19,14,14,0,0,14,17,0,0
Benjamin Sándor Bacsa,56,N/A,N/A,NB I,2025/2026,Defender,Diósgyőr,0,0,0,Hungary,0,0,0,0,0,0,0,0,0,0,0,0,0,0,0,0,0,0,0,0,0,0,0,0,0,0,0,0,0,0,0,-1,-1,-1,-1,N/A,N/A,N/A,N/A,N/A,N/A,N/A,N/A,N/A,N/A,N/A,N/A,N/A,N/A,N/A,N/A,N/A,N/A,N/A,N/A,N/A,N/A,N/A,N/A,N/A,N/A,N/A,N/A,N/A,N/A,N/A,N/A,N/A,N/A,N/A,N/A,N/A,N/A,N/A,N/A,N/A,N/A,N/A,N/A,N/A,N/A,N/A,N/A,N/A,N/A,N/A,N/A,N/A,N/A,N/A,N/A,N/A,N/A,N/A,N/A,N/A,N/A,N/A,N/A,N/A,N/A,N/A,N/A,N/A,N/A,N/A,N/A,N/A,N/A,N/A,N/A,N/A,N/A,N/A,N/A,N/A,N/A,N/A,N/A,N/A,N/A,N/A,N/A,N/A,N/A,N/A,N/A,N/A,N/A,N/A,N/A,N/A,N/A,N/A,N/A,N/A,N/A,N/A,N/A,N/A,N/A,N/A,N/A,N/A,N/A,N/A,N/A,N/A,N/A,N/A,N/A,N/A,N/A,N/A,N/A,N/A,N/A,N/A,N/A,N/A,N/A,N/A,N/A,N/A,N/A,N/A,N/A,N/A,N/A,N/A,N/A,N/A,N/A,N/A,N/A,N/A,N/A,N/A,N/A,N/A,N/A,N/A,N/A,N/A,N/A,N/A,N/A,N/A,N/A,N/A,N/A,N/A,N/A,N/A,N/A,N/A,N/A,N/A,N/A,N/A,N/A,N/A,N/A,N/A,N/A,N/A,N/A,N/A,N/A,N/A,N/A,N/A,N/A,N/A,N/A,N/A,N/A,N/A,N/A,N/A,N/A,N/A,N/A,N/A,N/A,N/A,N/A,N/A,N/A,N/A,N/A,N/A,N/A,N/A,N/A,N/A,N/A,N/A,N/A,N/A,N/A,N/A,N/A,N/A,N/A,N/A,N/A,N/A,N/A,N/A,N/A,N/A,N/A,N/A,N/A,N/A,N/A,N/A,N/A
Bényei Ágoston András,22,1049356800,2003/04/03,NB I,2025/2026,Midfielder,Diósgyőr,840,493,347,Hungary,20,10,10,1,1,0,0,0,0,0,0,2,2,0,15,6,9,4,0,0.11,0,0.11,0.18,0,840,1.61,56,42,210,0,0.43,125,221,-1,16,110000,4.82,0,46,29.96,10.77,38,280,7.15,186,12,19.90,34,0.00,0.00,0.46,12,0.00,1.19,2.14,0.77,20,0.00,0.46,0.00,0.00,0.00,0.35,0.15,0.35,11.00,1.18,0.38,0.58,0.00,0.04,0.05,0.00,0.50,0.00,0.00,0,0,,11,0.42,58,1,0.11,27,10,1.07,74,3,12,8,82,0.00,99,0,9,0.96,64,31,36,3.32,79,0,0.00,99,0,0.00,0,0,0.00,0,1.28,73,15,1.61,64,4,0.43,26.67,0,0.00,0,0,0,0.00,0,9,0.00,30,0.96,25,N/A,N/A,N/A,N/A,0.00,0,0.00,0,1.23,0.00,0,66.43,9.09,18,99,0.00,0.00,0,47,24,0,0,0,0.04,0.11,1,30,125.26,0.31,0.86,8,0,0.00,0.00,99,0.00,0,0,0,0.00,0.00,0,0.00,0.00,0.00,0.00,0,0,9.09,56,35,70,84,31,0.71,31,0.03,0.08,1.23,55,0.05,0.13,60,13,0.50,1.39,1.93,0.69,82,18,0.13,52,31,19,71,0,46,53,0,0.00,99,13,0.00,1.39,10.92,3.92,102,49,52,62,5.24,1.88,48.04,12,1.28,17,0,12.90,0,0.00,99,4,0.15,0.43,66,31,96,70,0,0,0,0,0,38,54,51,74,0,48,19,29,86,4,20,69,20,N/A,N/A
Bernardo Matić,31,775292400,1994/07/27,NB I,2025/2026,Defender,Várda SE,810,360,450,Croatia,9,4,5,3,1,2,0,0,0,0,0,3,1,2,12,7,5,3,0,0.33,0,0.33,0.25,0.4,270,1.33,68,90,270,0,0.33,35,265,41,4,0,7.22,0,46,35.78,35.78,60,322,30.33,273,86,30.33,67,0.00,0.00,0.11,1,0.00,0.11,1.33,1.33,12,0.00,0.11,0.00,0.00,0.00,1.67,0.22,0.67,5.00,0.56,0.44,0.22,0.00,0.11,0.10,0.00,3.56,0.00,0.00,0,0,,5,0.56,32,1,0.11,27,4,0.44,36,0,0,9,46,0.00,99,0,15,1.67,92,1,29,0.11,17,0,0.00,99,0,0.00,0,0,0.00,0,0.11,13,2,0.22,16,2,0.22,100.00,0,0.00,0,0,0,0.00,0,6,0.00,55,0.67,5,N/A,N/A,N/A,N/A,0.00,0,0.00,0,0.91,0.00,0,84.78,20.00,27,81,0.22,0.22,2,29,99,0,0,0,1.33,1.33,12,99,64.96,7.78,7.78,70,0,0.00,0.00,99,0.00,0,0,0,0.00,0.00,0,0.00,0.00,0.00,0.00,0,0,20.00,86,33,12,49,56,0.68,31,0.08,0.08,0.91,47,0.10,0.10,47,10,1.11,1.11,1.00,1.00,31,9,0.10,45,98,98,71,0,46,91,0,0.00,99,32,0.00,3.56,8.67,8.67,78,56,78,35,6.22,6.22,71.79,1,0.11,84,0,0.00,0,0.00,99,0,0.00,0.00,29,39,22,15,0,0,0,0,0,74,88,89,79,0,21,88,39,76,3,33,93,4,0,0
Blessing Chibukie Eleke,30,826012800,1996/03/05,NB I,2025/2026,Forward,Kazincbarcika,195,149,46,Nigeria,6,4,2,0,0,0,1,1,0,0,0,2,1,1,5,2,3,1,0,0.46,0.46,0,0,0,0,2.31,39,33,195,195,0.46,-1,-1,-1,25,0,6.53,0.17,98,21.69,7.83,13,47,5.83,35,42,16.15,18,0.00,0.00,0.33,2,0.00,0.17,0.46,0.17,1,0.00,0.50,0.00,0.00,0.00,0.00,0.33,1.00,0.00,0.92,0.33,0.50,0.00,0.00,0.02,0.00,1.00,0.00,0.00,0,0,,2,0.33,47,0,0.00,18,2,0.92,66,3,4,2,12,0.00,99,0,0,0.00,8,1,99,0.46,32,0,0.00,99,0,0.00,0,0,0.00,0,0.92,59,3,1.38,58,2,0.92,66.67,0,0.00,0,0,0,0.00,0,6,0.00,2,2.77,93,N/A,N/A,N/A,N/A,0.00,0,0.00,0,0.11,0.00,0,74.47,0.00,18,99,0.00,0.00,0,78,90,0,0,0,0.33,0.92,2,93,39.18,0.67,1.85,4,0,0.00,0.00,99,0.00,0,0,0,0.00,0.00,0,0.00,0.00,2.77,1.00,6,0,0.00,38,0,3,37,2,0.73,97,0.12,0.34,0.11,28,0.02,0.05,14,1,0.17,0.46,2.77,1.00,95,6,0.05,28,69,52,71,0,99,81,0,0.00,99,6,0.00,2.77,13.38,4.83,29,10,38,82,4.62,1.67,34.48,3,1.38,13,0,100.00,0,0.00,99,1,0.17,0.46,69,2,62,70,0,0,0,0,0,84,37,51,56,0,21,88,26,88,1,17,62,9,0,0
Bogdán Bánhegyi,22,1077264000,2004/02/20,NB I,2025/2026,Goalkeeper,Diósgyőr,0,0,0,Hungary,0,0,0,0,0,0,0,0,0,0,0,0,0,0,0,0,0,0,0,0,0,0,0,0,0,0,0,0,0,0,0,-1,-1,-1,-1,N/A,N/A,N/A,N/A,N/A,N/A,N/A,N/A,N/A,N/A,N/A,N/A,N/A,N/A,N/A,N/A,N/A,N/A,N/A,N/A,N/A,N/A,N/A,N/A,N/A,N/A,N/A,N/A,N/A,N/A,N/A,N/A,N/A,N/A,N/A,N/A,N/A,N/A,N/A,N/A,N/A,N/A,N/A,N/A,N/A,N/A,N/A,N/A,N/A,N/A,N/A,N/A,N/A,N/A,N/A,N/A,N/A,N/A,N/A,N/A,N/A,N/A,N/A,N/A,N/A,N/A,N/A,N/A,N/A,N/A,N/A,N/A,N/A,N/A,N/A,N/A,N/A,N/A,N/A,N/A,N/A,N/A,N/A,N/A,N/A,N/A,N/A,N/A,N/A,N/A,N/A,N/A,N/A,N/A,N/A,N/A,N/A,N/A,N/A,N/A,N/A,N/A,N/A,N/A,N/A,N/A,N/A,N/A,N/A,N/A,N/A,N/A,N/A,N/A,N/A,N/A,N/A,N/A,N/A,N/A,N/A,N/A,N/A,N/A,N/A,N/A,N/A,N/A,N/A,N/A,N/A,N/A,N/A,N/A,N/A,N/A,N/A,N/A,N/A,N/A,N/A,N/A,N/A,N/A,N/A,N/A,N/A,N/A,N/A,N/A,N/A,N/A,N/A,N/A,N/A,N/A,N/A,N/A,N/A,N/A,N/A,N/A,N/A,N/A,N/A,N/A,N/A,N/A,N/A,N/A,N/A,N/A,N/A,N/A,N/A,N/A,N/A,N/A,N/A,N/A,N/A,N/A,N/A,N/A,N/A,N/A,N/A,N/A,N/A,N/A,N/A,N/A,N/A,N/A,N/A,N/A,N/A,N/A,N/A,N/A,N/A,N/A,N/A,N/A,N/A,N/A,N/A,N/A,N/A,N/A,N/A,N/A,N/A,N/A,N/A,N/A,N/A,N/A,N/A,N/A,N/A,N/A,N/A,N/A
Bogdan Melnyk,29,852364800,1997/01/04,NB I,2025/2026,Midfielder,Várda SE,1959,917,1042,Ukraine,23,11,12,0,0,0,3,2,1,0,0,7,4,3,29,13,16,4,0,0.14,0.14,0,0,0,0,1.33,68,85,490,653,0.18,253,72,-1,27,140000,6.70,0.13,74,34.46,32.61,57,750,25.57,588,62,27.01,58,0.00,0.00,0.52,12,0.00,1.26,1.38,1.30,30,0.00,1.00,0.00,0.00,0.00,0.74,0.52,1.04,0.00,0.87,0.57,0.96,0.00,0.26,0.06,0.00,1.13,0.00,0.00,0,0,,19,0.83,45,6,0.28,45,13,0.60,44,1,0,23,51,0.00,99,0,17,0.78,53,29,57,1.33,58,0,0.00,99,0,0.00,0,0,0.00,0,0.55,39,22,1.01,46,12,0.55,54.55,0,0.00,0,0,0,0.00,0,24,0.00,55,1.10,36,N/A,N/A,N/A,N/A,0.00,0,0.00,0,1.37,0.00,0,78.40,31.58,48,71,0.30,0.32,7,55,79,0,0,0,0.13,0.14,3,36,154.00,1.22,1.29,28,0,0.00,0.00,99,0.00,0,0,0,0.00,0.00,0,0.00,0.00,0.00,0.00,0,0,0.00,38,91,88,37,56,3.38,67,0.15,0.16,1.37,32,0.06,0.06,54,28,1.22,1.29,1.29,1.22,51,28,0.06,31,77,37,71,0,46,45,0,0.00,99,26,0.00,1.19,8.82,8.35,192,96,36,36,4.41,4.17,50.00,23,1.06,23,0,20.69,0,0.00,99,6,0.26,0.28,59,94,22,35,0,0,0,0,0,45,37,51,56,0,58,77,68,46,4,17,62,14,N/A,N/A
Bojan Sanković,32,753868800,1993/11/21,NB I,2025/2026,Midfielder,Nyíregyháza Spartacus,925,466,459,Montenegro,13,7,6,0,0,0,0,0,0,0,0,1,0,1,16,7,9,0,0,0,0,0,0,0,0,1.56,58,71,0,0,0,181,149,-1,26,125000,4.23,0,46,43.54,22.32,75,491,18.64,410,82,36.35,79,0.00,0.00,0.23,5,0.00,0.05,2.22,1.14,25,0.00,0.27,0.00,0.00,0.00,0.77,0.23,0.68,0.00,0.27,0.14,0.59,0.00,0.00,0.01,0.00,0.41,0.00,0.00,0,0,,3,0.14,16,0,0.00,18,3,0.27,22,7,0,13,85,0.00,99,0,17,1.51,86,1,99,0.09,16,0,0.00,99,0,0.00,0,0,0.00,0,0.44,31,13,1.15,51,5,0.44,38.46,0,0.00,0,0,0,0.00,0,15,0.00,35,1.33,57,N/A,N/A,N/A,N/A,0.00,0,0.00,0,0.15,0.00,0,83.50,0.00,18,40,0.32,0.62,7,48,41,0,0,0,0.18,0.35,4,64,93.14,0.68,1.33,15,0,0.00,0.00,99,0.00,0,0,1,0.05,0.09,0,0.00,0.00,0.00,0.00,0,0,0.00,38,43,30,37,37,0.98,36,0.04,0.09,0.15,14,0.01,0.01,50,13,0.59,1.15,2.04,1.05,85,23,0.01,14,17,38,90,0,46,31,0,0.00,99,9,0.00,0.80,9.67,4.95,109,51,37,50,4.52,2.32,46.79,6,0.53,53,0,100.00,0,0.00,99,1,0.05,0.09,36,59,22,97,0,0,0,0,0,24,37,51,56,0,53,13,14,14,0,0,14,18,N/A,N/A
Botond Kocsis,56,N/A,N/A,NB I,2025/2026,Goalkeeper,Kazincbarcika,180,90,90,Hungary,2,1,1,0,0,0,0,0,0,0,0,1,0,1,3,3,0,1,0,0,0,0,0,0,0,1.5,60,90,180,0,0.5,-1,-1,-1,23,18000,1.47,0,46,34.00,7.56,54,68,4.00,36,1,18.00,26,0.00,0.00,0.00,0,0.00,0.00,0.00,0.00,0,0.00,0.00,0.00,0.00,0.44,0.00,0.00,0.78,0.00,0.00,0.00,0.00,0.00,0.00,0.00,0.00,0.00,0.00,0.00,0,0,,0,0.00,8,0,0.00,18,0,0.00,10,0,0,2,5,0.00,99,0,0,0.00,8,0,29,0.00,13,0,0.00,99,0,0.00,0,0,0.00,0,0.00,9,0,0.00,7,0,0.00,0.00,0,0.00,0,4,6,2.00,0,7,0.00,41,3.50,94,N/A,N/A,N/A,N/A,57.14,0,0.00,0,0.00,0.00,0,52.94,0.00,18,99,0.00,0.00,0,13,13,0,0,3,0.00,0.00,0,20,13.19,0.44,2.00,4,0,0.00,0.00,99,0.00,0,0,0,0.00,0.00,3,0.33,1.50,0.00,0.00,0,0,0.00,38,0,0,37,42,0.07,7,0.01,0.04,0.00,9,0.00,0.00,16,1,0.11,0.50,0.00,0.00,4,0,0.00,9,0,57,71,99,46,0,0,0.00,99,0,0.00,0.00,0.50,0.11,1,1,4,3,0.50,0.11,100.00,0,0.00,99,0,0.00,0,0.00,99,0,0.00,0.00,29,2,22,15,0,0,0,0,0,24,37,51,56,0,21,99,23,92,1,50,99,89,N/A,N/A
Botond Vajda,22,1079337600,2004/03/15,NB I,2025/2026,Midfielder,Debrecen,1170,648,522,Hungary,19,10,9,0,0,0,2,1,1,0,0,5,1,4,19,10,9,1,0,0.15,0.15,0,0,0,0,1.46,62,62,1170,585,0.08,180,61,-1,24,70000,5.54,0.11,77,37.34,20.21,64,485,16.25,390,71,30.03,67,0.00,0.00,0.29,7,0.00,1.38,2.85,1.54,37,0.00,0.42,0.00,0.00,0.00,0.38,0.46,0.71,0.00,1.00,0.38,1.00,0.00,0.17,0.03,0.00,0.29,0.00,0.00,0,0,,13,0.54,49,4,0.31,50,9,0.69,51,4,8,11,97,0.00,99,0,9,0.69,47,33,75,2.54,72,0,0.00,99,0,0.00,0,0,0.00,0,0.54,37,24,1.85,73,11,0.85,45.83,0,0.00,0,0,0,0.00,0,17,0.00,44,1.31,55,N/A,N/A,N/A,N/A,0.00,0,0.00,0,0.81,0.00,0,80.41,30.77,47,17,0.50,0.92,12,76,59,0,0,0,0.08,0.15,2,38,132.97,1.17,2.16,28,1,0.00,0.08,14,0.04,0,0,0,0.00,0.00,0,0.00,0.00,0.00,0.00,0,1,0.00,38,58,64,37,45,2.25,70,0.09,0.17,0.81,32,0.03,0.06,68,20,0.83,1.54,1.00,0.54,31,13,0.06,31,43,58,71,0,46,19,0,0.00,99,7,0.00,0.54,10.09,5.46,131,71,58,53,5.47,2.96,54.20,10,0.77,38,0,27.27,0,0.00,99,9,0.38,0.69,78,49,84,83,0,0,0,0,0,46,37,51,56,0,31,68,95,21,1,5,20,22,N/A,N/A
Brandon Ormonde-Ottewill,30,819532800,1995/12/21,NB I,2025/2026,Defender,Puskás,686,348,338,England,9,4,5,0,0,0,0,0,0,0,0,4,2,2,6,3,3,1,0,0,0,0,0,0,0,0.79,114,76,686,0,0.13,184,147,4,15,180000,4.35,0,46,31.88,17.36,46,243,13.00,182,44,23.88,46,0.00,0.00,0.00,0,0.00,1.07,1.05,0.57,8,0.00,0.14,0.00,0.00,0.00,0.50,0.21,0.43,0.00,0.00,0.00,0.43,0.00,0.00,0.00,0.00,0.29,0.00,0.00,0,0,,0,0.00,8,0,0.00,18,0,0.00,10,2,1,8,31,0.00,99,0,7,0.92,62,15,37,1.97,66,0,0.00,99,0,0.00,0,0,0.00,0,0.00,9,6,0.79,37,3,0.39,50.00,0,0.00,0,0,0,0.00,0,6,0.00,95,0.79,10,N/A,N/A,N/A,N/A,0.00,0,0.00,0,0.00,0.00,0,74.90,0.00,18,65,0.21,0.39,3,43,73,0,0,0,0.14,0.26,2,55,60.83,2.07,3.80,29,0,0.00,0.00,99,0.00,0,0,0,0.00,0.00,0,0.00,0.00,0.00,0.00,0,0,0.00,38,24,12,37,95,0.42,17,0.03,0.06,0.00,9,0.00,0.00,51,9,0.64,1.18,1.05,0.57,35,8,0.00,9,21,75,71,0,46,18,0,0.00,99,4,0.00,0.52,5.51,3.00,42,23,13,10,3.02,1.64,54.76,2,0.26,73,0,13.33,0,0.00,99,2,0.14,0.26,57,31,36,55,0,0,0,0,0,24,37,51,56,0,71,99,83,32,1,11,41,33,N/A,N/A
Branimir Cipetić,30,801298800,1995/05/24,NB I,2025/2026,Defender,Várda SE,1810,1026,784,Croatia,24,13,11,4,3,1,2,0,2,0,0,7,5,2,31,15,16,7,0,0.3,0.1,0.2,0.26,0.11,453,1.54,58,75,259,905,0.35,72,97,57,2,190000,6.29,0.08,63,45.70,36.48,82,912,30.32,758,81,37.98,82,0.00,0.00,0.72,18,0.00,2.72,1.15,0.92,23,0.00,0.40,0.00,0.00,0.00,0.64,0.52,1.00,3.75,0.75,0.32,0.96,0.00,0.28,0.15,0.00,0.60,0.00,0.00,0,0,,15,0.60,40,7,0.35,53,8,0.40,33,5,3,21,35,0.00,99,0,16,0.80,54,68,40,3.41,79,0,0.00,99,0,0.00,0,0,0.00,0,0.90,58,24,1.20,53,13,0.65,54.17,0,0.00,0,0,0,0.00,0,25,0.00,37,1.25,51,N/A,N/A,N/A,N/A,0.00,0,0.00,0,3.69,0.00,0,83.11,46.67,82,43,0.48,0.60,12,62,78,3,0,0,0.36,0.45,9,73,157.13,2.40,3.01,60,0,0.00,0.00,99,0.00,0,3,0,0.00,0.00,0,0.00,0.00,0.10,0.08,2,0,26.67,93,87,95,63,37,3.62,74,0.14,0.18,1.59,39,0.06,0.08,37,18,0.72,0.90,1.10,0.88,39,22,0.18,63,61,70,71,0,58,26,0,0.00,99,15,0.00,0.75,6.82,5.44,136,69,20,16,3.46,2.76,50.74,10,0.50,55,0,14.71,0,0.00,99,10,0.40,0.50,71,89,55,88,0,0,0,0,0,69,75,58,81,0,74,75,37,79,7,29,89,24,N/A,N/A
Bright Osagie Edomwonyi,31,775033200,1994/07/24,NB I,2025/2026,Forward,Nyíregyháza Spartacus,1070,627,443,Nigeria,17,9,8,5,4,1,1,1,0,0,0,1,0,1,20,10,10,6,0,0.5,0.08,0.42,0.57,0.2,214,1.68,54,63,178,1070,0.5,22,111,-1,1,160000,6.86,0.06,58,16.99,12.17,5,219,8.22,148,17,11.48,4,0.00,0.00,0.67,12,0.00,1.06,0.39,0.28,5,0.00,0.94,0.00,0.00,0.00,0.11,1.06,0.83,7.20,2.79,0.83,2.56,0.00,1.17,0.36,0.00,2.00,0.00,0.00,0,0,,36,2.00,92,21,1.63,98,15,1.16,79,8,5,12,10,0.00,99,0,2,0.16,12,19,44,1.47,60,0,0.00,99,0,0.00,0,0,0.00,0,0.93,59,46,3.57,93,19,1.47,41.30,0,0.00,0,0,0,0.00,0,15,0.00,25,1.16,45,N/A,N/A,N/A,N/A,0.00,0,0.00,0,6.57,0.00,0,67.58,58.33,94,65,0.28,0.39,5,91,47,1,1,0,0.11,0.16,2,40,123.56,1.11,1.55,20,1,0.00,0.08,14,0.06,0,2,0,0.00,0.00,0,0.00,0.00,1.47,1.06,19,0,13.89,73,52,51,44,27,1.35,43,0.08,0.10,5.17,92,0.29,0.40,76,24,1.33,1.86,2.72,1.94,95,35,0.51,95,84,44,71,0,99,81,0,0.00,99,36,0.00,2.79,17.30,12.39,223,84,84,97,6.52,4.67,37.67,17,1.32,16,0,15.79,0,0.00,99,3,0.17,0.23,53,55,69,98,0,0,0,0,0,86,93,70,95,0,66,7,23,92,6,35,93,34,N/A,N/A
Callum O'Dowda,30,798620400,1995/04/23,NB I,2025/2026,Midfielder,Ferencváros,343,63,280,Republic of Ireland,9,1,8,0,0,0,0,0,0,0,0,4,0,4,4,2,2,1,0,0,0,0,0,0,0,1.05,86,38,343,0,0.26,210,252,-1,37,500000,4.89,0,46,30.96,9.83,41,118,8.75,105,97,27.55,59,0.00,0.00,0.50,6,0.00,1.92,1.05,0.33,4,0.00,0.33,0.00,0.00,0.00,0.08,0.00,0.25,0.00,0.26,0.08,0.33,0.00,0.00,0.00,0.00,0.42,0.00,0.00,0,0,,1,0.08,16,0,0.00,18,1,0.26,22,8,5,4,31,0.00,99,0,1,0.26,19,23,60,6.03,93,0,0.00,99,0,0.00,0,0,0.00,0,1.57,81,4,1.05,47,0,0.00,0.00,0,0.00,0,0,0,0.00,0,3,0.00,81,0.79,10,N/A,N/A,N/A,N/A,0.00,0,0.00,0,0.05,0.00,0,88.98,0.00,18,79,0.08,0.26,1,13,13,0,0,0,0.08,0.26,1,55,58.71,0.58,1.84,7,0,0.00,0.00,99,0.00,0,0,0,0.00,0.00,0,0.00,0.00,0.00,0.00,0,0,0.00,38,0,12,37,81,0.47,50,0.04,0.12,0.05,14,0.00,0.01,16,2,0.17,0.52,0.52,0.17,10,2,0.01,14,31,52,71,0,46,50,0,0.00,99,5,0.00,1.31,6.03,1.92,23,11,10,11,2.89,0.92,47.83,4,1.05,23,0,21.74,0,0.00,99,5,0.42,1.31,92,5,69,98,0,0,0,0,0,24,37,51,56,0,97,99,51,63,1,11,41,47,N/A,N/A
Carlos Eduardo Lopes Cruz,28,871023600,1997/08/08,NB I,2025/2026,Midfielder,Ferencváros,909,555,354,Brazil,11,7,4,1,1,0,1,0,1,0,0,4,1,3,9,8,1,1,0,0.2,0.1,0.1,0.16,0,909,0.89,101,83,909,909,0.1,131,101,-1,19,0,3.59,0.09,63,48.02,22.05,86,485,18.23,401,79,39.70,85,0.00,0.00,0.73,16,0.00,2.59,1.49,0.68,15,0.00,0.18,0.00,0.00,0.00,0.41,0.23,0.27,9.00,0.89,0.18,0.77,0.00,0.23,0.07,0.00,0.18,0.00,0.00,0,0,,9,0.41,47,5,0.50,65,4,0.40,33,3,1,10,55,0.00,99,0,9,0.89,59,57,48,5.64,92,0,0.00,99,0,0.00,0,0,0.00,0,1.58,82,17,1.68,67,5,0.50,29.41,0,0.00,0,0,0,0.00,0,6,0.00,92,0.59,3,N/A,N/A,N/A,N/A,0.00,0,0.00,0,1.48,0.00,0,82.68,55.56,93,44,0.27,0.59,6,52,27,0,0,0,0.18,0.40,4,67,78.88,0.55,1.19,12,0,0.00,0.00,99,0.00,0,0,0,0.00,0.00,0,0.00,0.00,0.30,0.14,3,0,11.11,64,41,19,86,92,1.97,80,0.09,0.20,1.48,59,0.07,0.15,32,8,0.36,0.79,1.29,0.59,51,13,0.15,57,9,33,71,0,79,12,0,0.00,99,4,0.00,0.40,7.43,3.41,75,32,14,23,3.17,1.45,42.67,4,0.40,65,0,17.54,0,0.00,99,10,0.45,0.99,87,45,36,70,0,0,0,0,0,55,52,51,70,0,21,93,89,26,1,9,33,33,0,0
Cebrails Makreckis,25,957942000,2000/05/10,NB I,2025/2026,Midfielder,Ferencváros,845,389,456,Latvia,12,6,6,1,0,1,2,1,1,0,0,3,1,2,11,7,4,0,0,0.32,0.21,0.11,0,0.2,845,1.17,77,70,0,423,0,123,35,-1,20,350000,4.22,0.17,88,44.17,20.19,77,424,17.10,359,85,37.40,81,0.00,0.00,0.48,10,0.00,1.14,1.04,0.48,10,0.00,0.24,0.00,0.00,0.00,0.24,0.86,0.57,4.00,0.42,0.14,1.33,0.00,0.05,0.04,0.00,0.19,0.00,0.00,0,0,,4,0.19,24,1,0.10,24,3,0.31,27,2,3,9,31,0.00,99,0,5,0.52,33,24,79,2.50,71,0,0.00,99,0,0.00,0,0,0.00,0,1.04,65,28,2.92,89,18,1.88,64.29,0,0.00,0,0,0,0.00,0,12,0.00,70,1.25,51,N/A,N/A,N/A,N/A,0.00,0,0.00,0,0.85,0.00,0,84.67,25.00,38,50,0.24,0.52,5,95,86,0,0,0,0.05,0.10,1,28,88.54,0.76,1.67,16,0,0.00,0.00,99,0.00,0,0,0,0.00,0.00,0,0.00,0.00,0.10,0.05,1,0,25.00,91,36,24,85,70,2.25,87,0.11,0.23,0.85,43,0.04,0.09,44,10,0.48,1.04,1.04,0.48,34,10,0.09,41,17,48,71,0,58,13,0,0.00,99,4,0.00,0.42,8.23,3.76,79,41,33,30,4.27,1.95,51.90,5,0.52,54,0,29.17,0,0.00,99,7,0.33,0.73,81,39,55,55,0,0,0,0,0,72,54,70,56,0,94,65,14,14,0,0,14,25,N/A,N/A
Claudiu Vasile Bumba,32,757756800,1994/01/05,NB I,2025/2026,Midfielder,Győri ETO,1764,987,777,Romania,24,13,11,3,1,2,4,1,3,0,0,9,6,3,22,9,13,1,0,0.36,0.2,0.15,0.09,0.23,588,1.12,80,74,1764,441,0.05,93,40,-1,7,240000,6.72,0.17,85,32.36,25.33,48,608,19.79,475,60,25.28,52,0.00,0.00,1.21,29,0.00,2.00,1.01,0.79,19,0.00,0.58,0.00,0.00,0.00,0.25,0.46,0.83,19.00,3.03,1.46,1.58,0.00,0.92,0.28,0.00,0.62,0.00,0.00,0,0,,57,2.38,95,22,1.17,93,35,1.86,95,4,4,20,29,0.00,99,0,6,0.32,23,48,79,2.55,72,0,0.00,99,0,0.00,0,0,0.00,0,1.54,79,38,2.02,77,11,0.59,28.95,0,0.00,0,0,0,0.00,0,20,0.00,75,1.06,33,N/A,N/A,N/A,N/A,0.00,0,0.00,0,6.63,0.00,0,78.12,38.60,66,68,0.29,0.37,7,59,26,0,0,0,0.00,0.00,0,20,161.17,0.25,0.32,6,0,0.00,0.00,99,0.00,0,0,1,0.04,0.05,0,0.00,0.00,0.59,0.46,11,0,5.26,41,84,95,71,75,3.18,70,0.13,0.17,6.63,88,0.28,0.35,66,28,1.17,1.49,0.85,0.67,24,16,0.35,87,78,3,77,0,92,31,0,0.00,99,15,0.00,0.80,8.36,6.54,157,71,25,31,3.78,2.96,45.22,14,0.75,38,0,29.17,0,0.00,99,14,0.58,0.75,82,85,62,83,0,0,0,0,0,77,66,74,58,0,83,97,98,16,1,4,17,10,N/A,N/A
Csaba Máté,56,N/A,N/A,NB I,2025/2026,Midfielder,Paksi SE,123,60,63,,5,3,2,0,0,0,0,0,0,0,0,1,0,1,2,1,1,0,0,0,0,0,0,0,0,1.46,62,25,0,0,0,-1,-1,-1,28,28000,4.00,0,46,21.22,3.62,13,29,3.00,24,79,17.56,24,0.00,0.00,0.00,0,0.00,0.75,2.93,0.50,4,0.00,0.75,0.00,0.00,0.00,0.12,0.00,0.25,0.00,2.20,0.12,0.62,0.00,0.25,0.04,0.00,0.12,0.00,0.00,0,0,,3,0.38,84,2,1.46,97,1,0.73,53,2,4,1,97,0.00,99,0,1,0.73,49,6,85,4.39,88,0,0.00,99,0,0.00,0,0,0.00,0,0.00,9,5,3.66,93,0,0.00,0.00,0,0.00,0,0,0,0.00,0,2,0.00,44,1.46,67,N/A,N/A,N/A,N/A,0.00,0,0.00,0,0.28,0.00,0,82.76,66.67,97,29,0.12,0.73,1,13,13,0,0,0,0.00,0.00,0,20,32.03,0.25,1.46,2,0,0.00,0.00,99,0.00,0,0,0,0.00,0.00,0,0.00,0.00,0.00,0.00,0,0,0.00,38,0,0,37,45,0.05,7,0.01,0.04,0.28,67,0.04,0.20,26,1,0.12,0.73,0.73,0.12,18,1,0.20,65,12,41,71,0,46,26,0,0.00,99,1,0.00,0.73,19.02,3.25,26,6,35,99,4.39,0.75,23.08,6,4.39,0,0,33.33,0,0.00,99,2,0.25,1.46,93,1,62,55,0,0,0,0,0,24,37,51,56,0,22,51,14,14,0,0,14,23,N/A,N/A
Csaba Szatmári,31,771577200,1994/06/14,NB I,2025/2026,Defender,Diósgyőr,1435,761,674,Hungary,17,9,8,1,0,1,0,0,0,0,0,2,2,0,22,10,12,1,0,0.06,0,0.06,0,0.13,1435,1.38,65,84,1435,0,0.06,151,162,45,13,160000,5.97,0,46,40.04,35.18,71,598,27.65,470,63,31.47,70,0.00,0.00,0.18,3,0.00,0.24,1.74,1.53,26,0.00,0.06,0.00,0.00,0.00,0.88,0.12,1.29,0.00,0.47,0.41,0.12,0.00,0.00,0.02,0.00,2.35,0.00,0.00,0,0,,7,0.41,26,0,0.00,18,7,0.47,37,2,1,16,68,0.00,99,0,15,1.00,66,4,29,0.27,26,0,0.00,99,0,0.00,0,0,0.00,0,0.20,19,2,0.13,11,2,0.13,100.00,0,0.00,0,0,0,0.00,0,22,0.00,50,1.47,67,N/A,N/A,N/A,N/A,0.00,0,0.00,0,0.39,0.00,0,78.60,0.00,18,58,0.41,0.47,7,22,99,0,0,0,0.53,0.60,9,84,101.41,5.35,6.09,91,0,0.00,0.00,99,0.00,0,0,0,0.00,0.00,0,0.00,0.00,0.00,0.00,0,0,0.00,38,73,51,94,50,1.20,31,0.07,0.08,0.39,22,0.02,0.03,9,5,0.29,0.33,0.94,0.82,28,14,0.03,22,52,90,71,0,46,80,0,0.00,99,40,0.00,2.68,7.77,6.82,116,71,41,25,4.75,4.18,61.21,1,0.07,86,0,0.00,0,0.00,99,0,0.00,0.00,29,73,36,55,0,0,0,0,0,28,44,59,56,0,66,24,98,17,1,6,23,3,N/A,N/A
Csanád Fehér,23,1023951600,2002/06/13,NB I,2025/2026,Midfielder,Újpest,30,0,30,Hungary,1,0,1,0,0,0,0,0,0,0,0,0,0,0,1,0,1,0,0,0,0,0,0,0,0,3,30,30,0,0,0,-1,-1,-1,17,0,2.02,0,46,24.00,2.67,18,8,2.67,8,99,24.00,47,0.00,0.00,0.00,0,0.00,0.00,3.00,0.33,1,0.00,0.33,0.00,0.00,0.00,0.00,0.00,0.67,0.00,0.00,0.00,0.00,0.00,0.00,0.00,0.00,0.00,0.00,0.00,0,0,,0,0.00,8,0,0.00,18,0,0.00,10,1,1,0,97,0.00,99,0,0,0.00,8,0,29,0.00,13,0,0.00,99,0,0.00,0,0,0.00,0,0.00,9,0,0.00,7,0,0.00,0.00,0,0.00,0,0,0,0.00,0,2,0.00,0,6.00,99,N/A,N/A,N/A,N/A,0.00,0,0.00,0,0.00,0.00,0,100.00,0.00,18,99,0.00,0.00,0,13,13,0,0,0,0.00,0.00,0,20,6.06,0.00,0.00,0,0,0.00,0.00,99,0.00,0,0,0,0.00,0.00,0,0.00,0.00,0.00,0.00,0,0,0.00,38,0,0,37,0,0.02,17,0.01,0.06,0.00,9,0.00,0.00,2,0,0.00,0.00,0.00,0.00,4,0,0.00,9,0,0,71,0,46,0,0,0.00,99,0,0.00,0.00,9.00,1.00,3,1,12,40,3.00,0.33,33.33,1,3.00,0,0,0.00,0,0.00,99,0,0.00,0.00,29,0,36,35,0,0,0,0,0,24,37,51,56,0,21,4,14,14,0,0,14,4,0,0
Csanád Vilmos Dénes,21,1100678400,2004/11/17,NB I,2025/2026,Forward,Zalaegerszegi TE,396,256,140,Hungary,5,3,2,1,1,0,0,0,0,0,0,0,0,0,8,5,3,3,1,0.23,0,0.23,0.35,0,396,1.82,50,79,132,0,0.68,59,193,-1,10,0,6.86,0,46,26.76,22.60,29,113,15.80,79,24,18.71,28,0.00,0.00,1.00,5,0.00,2.40,2.37,2.00,10,0.00,1.00,0.00,0.00,0.00,0.60,2.40,0.40,6.00,1.42,0.80,4.80,0.00,0.40,0.21,0.00,0.40,0.00,0.00,0,0,,6,1.20,66,2,0.47,63,4,0.95,69,2,0,5,91,0.00,99,0,3,0.71,48,12,29,2.84,76,0,0.00,99,0,0.00,0,0,0.00,0,1.18,69,24,5.68,99,12,2.84,50.00,0,0.00,0,0,0,0.00,0,2,0.00,16,0.47,1,N/A,N/A,N/A,N/A,0.00,0,0.00,0,1.03,0.00,0,69.91,33.33,56,58,0.40,0.47,2,99,73,0,0,0,0.00,0.00,0,20,34.28,0.20,0.24,1,0,0.00,0.00,99,0.00,0,0,0,0.00,0.00,0,0.00,0.00,0.24,0.20,1,0,16.67,80,2,0,58,17,0.39,36,0.08,0.09,1.03,75,0.21,0.24,77,8,1.60,1.89,3.08,2.60,97,13,0.24,72,84,2,71,0,76,16,0,0.00,99,2,0.00,0.47,15.63,13.20,66,32,93,93,7.58,6.40,48.48,5,1.18,19,0,0.00,0,0.00,99,0,0.00,0.00,29,10,22,55,0,0,0,0,0,60,79,51,87,0,21,4,16,99,2,40,97,99,0,0
Csongor Lakatos,56,N/A,N/A,NB I,2025/2026,Midfielder,Ferencváros,5,5,0,,1,1,0,0,0,0,0,0,0,0,0,1,1,0,0,0,0,0,0,0,0,0,0,0,0,0,0,5,0,0,0,-1,-1,-1,25,0,1.63,0,46,18.00,0.25,7,1,0.25,1,99,18.00,26,0.00,0.00,0.00,0,0.00,0.00,0.00,0.00,0,0.00,0.00,0.00,0.00,0.00,0.00,0.00,0.00,0.00,0.00,0.00,0.00,0.00,0.00,0.00,0.00,0.25,0.00,0.00,0,0,,0,0.00,8,0,0.00,18,0,0.00,10,0,1,0,5,0.00,99,0,0,0.00,8,0,29,0.00,13,0,0.00,99,0,0.00,0,0,0.00,0,0.00,9,0,0.00,7,0,0.00,0.00,0,0.00,0,0,0,0.00,0,0,0.00,99,0.00,0,N/A,N/A,N/A,N/A,0.00,0,0.00,0,0.00,0.00,0,100.00,0.00,18,99,0.00,0.00,0,13,13,0,0,0,0.00,0.00,0,20,6.51,0.25,18.00,1,0,0.00,0.00,99,0.00,0,0,0,0.00,0.00,0,0.00,0.00,0.00,0.00,0,0,0.00,38,0,0,37,0,0.00,0,0.00,0.00,0.00,9,0.00,0.00,2,0,0.00,0.00,0.00,0.00,4,0,0.00,9,0,99,71,0,46,99,0,0.00,99,1,0.00,18.00,36.00,0.50,2,1,99,99,18.00,0.25,50.00,0,0.00,99,0,0.00,0,0.00,99,0,0.00,0.00,29,0,36,15,0,0,0,0,0,24,37,51,56,0,21,99,14,14,0,0,14,71,0,0
Csongor Papp,21,1109059200,2005/02/22,NB I,2025/2026,Forward,Zalaegerszegi TE,624,363,261,Hungary,9,5,4,0,0,0,3,2,1,0,0,0,0,0,14,9,5,2,0,0.43,0.43,0,0,0,0,2.02,45,69,312,208,0.29,264,6,-1,23,70000,4.32,0.33,98,25.53,12.64,23,177,9.64,135,50,19.47,32,0.00,0.00,0.79,11,0.00,1.79,2.31,1.14,16,0.00,0.50,0.00,0.00,0.00,0.50,0.36,0.57,0.00,0.14,0.07,1.07,0.00,0.00,0.00,0.00,0.21,0.00,0.00,0,0,,1,0.07,11,0,0.00,18,1,0.14,14,4,2,7,89,0.00,99,0,7,1.01,67,25,55,3.61,81,0,0.00,99,0,0.00,0,0,0.00,0,1.59,82,15,2.16,81,5,0.72,33.33,0,0.00,0,0,0,0.00,0,8,0.00,8,1.15,42,N/A,N/A,N/A,N/A,0.00,0,0.00,0,0.04,0.00,0,76.27,0.00,18,9,0.57,1.15,8,67,35,0,0,0,0.29,0.58,4,83,60.48,1.14,2.31,16,0,0.00,0.00,99,0.00,0,0,0,0.00,0.00,0,0.00,0.00,0.14,0.07,1,0,0.00,38,19,12,37,8,2.50,98,0.18,0.36,0.04,14,0.00,0.01,26,5,0.36,0.72,0.72,0.36,17,5,0.01,14,19,61,71,0,64,13,0,0.00,99,3,0.00,0.43,9.09,4.50,63,29,31,42,4.18,2.07,46.03,7,1.01,26,0,20.00,0,0.00,99,5,0.36,0.72,79,22,45,83,0,0,0,0,0,82,37,51,56,0,31,4,45,70,2,22,76,77,N/A,N/A
Damian Rasak,30,823766400,1996/02/08,NB I,2025/2026,Midfielder,Újpest,1349,596,753,Poland,18,8,10,0,0,0,0,0,0,0,0,1,0,1,26,11,15,2,0,0,0,0,0,0,0,1.73,52,75,675,0,0.13,173,215,-1,30,182000,6.08,0,46,46.47,34.80,83,696,29.75,595,88,39.73,86,0.00,0.00,0.55,11,0.00,0.80,1.20,0.90,18,0.00,0.50,0.00,0.00,0.00,0.45,0.45,1.30,0.00,1.00,0.60,0.65,0.00,0.15,0.05,0.00,1.10,0.00,0.00,0,0,,15,0.75,49,3,0.20,39,12,0.80,59,7,3,15,39,0.00,99,0,9,0.60,40,16,71,1.07,52,0,0.00,99,0,0.00,0,0,0.00,0,0.73,48,13,0.87,40,9,0.60,69.23,0,0.00,0,0,0,0.00,0,26,0.00,21,1.74,82,N/A,N/A,N/A,N/A,0.00,0,0.00,0,1.05,0.00,0,85.49,20.00,27,29,0.55,0.73,11,60,90,0,0,0,0.20,0.27,4,56,121.55,0.85,1.14,17,1,0.00,0.07,14,0.05,0,0,0,0.00,0.00,0,0.00,0.00,0.00,0.00,0,0,0.00,38,69,57,37,22,1.57,43,0.08,0.10,1.05,34,0.05,0.07,92,37,1.85,2.47,0.93,0.70,27,14,0.07,34,55,31,71,0,46,56,0,0.00,99,22,0.00,1.47,9.61,7.20,144,84,63,48,5.61,4.20,58.33,10,0.67,46,0,25.00,0,0.00,99,4,0.20,0.27,59,69,55,97,0,0,0,0,0,24,37,51,56,0,72,7,82,32,2,11,41,6,N/A,N/A
Daniel Alves de Lima,21,1102320000,2004/12/06,NB I,2025/2026,Forward,Zalaegerszegi TE,774,389,385,Brazil,18,9,9,4,3,1,2,1,1,0,0,6,3,3,7,2,5,1,0,0.7,0.23,0.47,0.69,0.23,194,0.81,111,43,774,387,0.12,15,27,-1,3,0,6.53,0.11,91,24.59,10.75,19,215,7.40,148,20,16.93,20,0.00,0.00,0.55,11,0.00,0.20,1.26,0.55,11,0.00,0.65,0.00,0.00,0.00,0.10,0.35,0.35,5.75,2.63,0.65,0.70,0.00,0.50,0.21,0.00,1.20,0.00,0.00,0,0,,23,1.15,91,10,1.14,92,13,1.49,90,2,11,7,43,0.00,99,0,2,0.23,17,4,71,0.46,32,0,0.00,99,0,0.00,0,0,0.00,0,1.26,72,14,1.60,63,7,0.80,50.00,0,0.00,0,0,0,0.00,0,7,0.00,95,0.80,12,N/A,N/A,N/A,N/A,0.00,0,0.00,0,4.28,0.00,0,68.84,43.48,77,32,0.30,0.69,6,73,73,0,0,0,0.05,0.11,1,30,130.62,1.25,2.86,25,0,0.00,0.00,99,0.00,0,0,0,0.00,0.00,0,0.00,0.00,0.34,0.15,3,1,17.39,81,32,57,42,95,1.89,86,0.09,0.22,4.28,97,0.21,0.49,93,22,1.10,2.52,1.49,0.65,62,13,0.49,94,69,68,71,0,81,81,0,0.00,99,24,0.00,2.74,15.55,6.80,136,64,91,93,7.32,3.20,47.06,13,1.49,10,0,25.00,0,0.00,99,1,0.05,0.11,40,22,93,55,0,0,0,0,0,96,95,74,98,0,21,88,87,28,1,6,23,9,0,0
Daniel Arzani,27,915436800,1999/01/04,NB I,2025/2026,Forward,Ferencváros,63,56,7,Australia,3,2,1,0,0,0,0,0,0,0,0,0,0,0,1,1,0,0,0,0,0,0,0,0,0,1.43,63,21,0,0,0,-1,-1,-1,28,0,2.24,0,46,79.84,6.11,99,55,5.33,48,93,69.68,99,0.00,0.00,0.22,2,0.00,0.44,0.00,0.00,0,0.00,0.11,0.00,0.00,0.00,0.11,0.11,0.11,0.00,1.45,0.00,0.44,0.00,0.11,0.01,0.00,0.00,0.00,0.00,0,0,,1,0.11,66,1,1.45,97,0,0.00,10,0,3,0,5,0.00,99,0,1,1.45,85,4,29,5.81,92,0,0.00,99,0,0.00,0,0,0.00,0,2.90,99,4,5.81,99,1,1.45,25.00,0,0.00,0,0,0,0.00,0,1,0.00,46,1.45,66,N/A,N/A,N/A,N/A,0.00,0,0.00,0,0.13,0.00,0,87.27,100.00,99,99,0.00,0.00,0,91,23,0,0,0,0.11,1.45,1,99,20.14,0.11,1.45,1,0,0.00,0.00,99,0.00,0,0,0,0.00,0.00,0,0.00,0.00,0.00,0.00,0,0,0.00,38,0,0,37,46,0.17,89,0.02,0.25,0.13,67,0.01,0.19,2,0,0.00,0.00,1.45,0.11,61,1,0.19,64,0,41,71,0,46,0,0,0.00,99,0,0.00,0.00,10.16,0.78,7,1,7,54,1.45,0.11,14.29,1,1.45,11,0,0.00,0,0.00,99,0,0.00,0.00,29,0,55,15,0,0,0,0,0,24,37,51,56,0,21,4,14,14,0,0,14,7,0,0
Dániel Böde,39,530521200,1986/10/24,NB I,2025/2026,Forward,Paksi SE,519,348,171,Hungary,16,10,6,5,5,0,1,1,0,0,0,2,1,1,9,6,3,0,0,1.04,0.17,0.87,1.29,0,104,1.56,58,32,0,519,0,2,52,-1,4,125000,6.47,0.06,81,22.63,7.82,14,133,4.18,71,1,12.08,7,0.00,0.00,0.59,10,0.00,0.41,0.34,0.12,2,0.00,0.65,0.00,0.00,0.00,0.06,0.24,0.47,4.40,3.74,0.47,0.29,0.00,0.82,0.30,0.00,1.82,0.00,0.00,0,0,,22,1.29,99,14,2.38,99,8,1.36,87,6,14,2,9,0.00,99,0,1,0.17,13,7,93,1.19,55,0,0.00,99,0,0.00,0,0,0.00,0,1.70,86,5,0.85,39,4,0.68,80.00,0,0.00,0,0,0,0.00,0,8,0.00,35,1.36,59,N/A,N/A,N/A,N/A,0.00,0,0.00,0,5.13,0.00,0,53.38,63.64,96,33,0.24,0.68,4,64,95,0,0,0,0.06,0.17,1,42,110.00,0.29,0.85,5,0,0.00,0.00,99,0.00,0,0,1,0.06,0.17,0,0.00,0.00,0.85,0.29,5,0,22.73,88,10,46,37,37,1.10,76,0.06,0.19,5.13,99,0.30,0.87,72,10,0.59,1.70,1.02,0.35,33,6,0.87,99,68,19,97,0,96,98,0,0.00,99,31,0.00,5.27,16.16,5.59,95,46,97,95,7.83,2.71,48.42,11,1.87,5,0,42.86,0,0.00,99,3,0.18,0.51,72,2,98,92,0,1,0,6,0,99,99,51,99,0,53,30,14,14,0,0,14,13,N/A,N/A
Daniel Csóka,25,954831600,2000/04/04,NB I,2025/2026,Defender,Zalaegerszegi TE,692,376,316,Hungary,9,5,4,0,0,0,0,0,0,0,0,1,1,0,16,10,6,2,0,0,0,0,0,0,0,2.08,43,77,346,0,0.26,267,192,87,24,85000,2.90,0,46,46.82,18.00,83,360,15.90,318,95,41.36,87,0.00,0.00,0.00,0,0.00,0.00,1.04,0.40,8,0.00,0.00,0.00,0.00,0.00,0.20,0.05,0.45,0.00,0.26,0.05,0.10,0.00,0.05,0.01,0.00,0.50,0.00,0.00,0,0,,2,0.10,16,1,0.13,31,1,0.13,12,1,1,8,31,0.00,99,0,4,0.52,33,0,29,0.00,13,0,0.00,99,0,0.00,0,0,0.00,0,0.00,9,2,0.26,17,1,0.13,50.00,0,0.00,0,0,0,0.00,0,9,0.00,5,1.17,46,N/A,N/A,N/A,N/A,0.00,0,0.00,0,0.15,0.00,0,88.33,50.00,89,79,0.10,0.26,2,22,73,0,0,0,0.40,1.04,8,95,57.91,2.75,7.15,55,2,0.00,0.26,0,0.10,0,0,0,0.00,0.00,0,0.00,0.00,0.00,0.00,0,0,0.00,38,25,12,37,5,0.75,43,0.04,0.10,0.15,19,0.01,0.02,37,7,0.35,0.91,1.17,0.45,44,9,0.02,19,2,96,71,0,46,50,0,0.00,99,10,0.00,1.30,5.98,2.30,46,26,17,11,3.38,1.30,56.52,0,0.00,99,0,0.00,0,0.00,99,0,0.00,0.00,29,31,36,35,0,0,0,0,0,24,37,51,56,0,39,22,52,63,2,22,76,21,N/A,N/A
Daniel Gera,30,809679600,1995/08/29,NB I,2025/2026,Forward,Diósgyőr,1247,592,655,Hungary,15,7,8,1,0,1,1,1,0,0,0,3,3,0,17,5,12,3,0,0.14,0.07,0.07,0,0.14,1247,1.23,73,83,416,1247,0.22,149,117,-1,17,0,6.41,0.07,56,26.47,23.31,26,373,15.62,250,14,17.74,24,0.00,0.00,0.56,9,0.00,1.56,1.70,1.50,24,0.00,0.44,0.00,0.00,0.00,1.12,0.31,0.88,12.00,0.85,0.56,0.88,0.00,0.19,0.09,0.00,1.38,0.00,0.00,0,0,,12,0.75,44,3,0.21,41,9,0.64,49,5,0,15,67,0.00,99,0,18,1.28,79,25,55,1.77,64,0,0.00,99,0,0.00,0,0,0.00,0,0.64,43,14,0.99,45,5,0.35,35.71,0,0.00,0,0,0,0.00,0,14,0.00,66,0.99,27,N/A,N/A,N/A,N/A,0.00,0,0.00,0,1.45,0.00,0,67.02,25.00,38,31,0.62,0.71,10,40,37,0,0,0,0.25,0.28,4,57,102.55,4.06,4.61,65,0,0.00,0.00,99,0.00,0,0,1,0.06,0.07,0,0.00,0.00,0.00,0.00,0,2,8.33,53,61,39,91,66,1.48,47,0.09,0.11,1.45,47,0.09,0.10,62,20,1.25,1.42,2.27,2.00,88,32,0.10,45,65,81,83,0,46,60,0,0.00,99,22,0.00,1.56,10.08,8.88,142,70,47,53,4.97,4.38,49.30,7,0.50,55,0,20.00,0,0.00,99,5,0.31,0.35,63,69,22,88,0,0,0,0,0,45,46,62,56,0,21,51,60,58,3,20,69,11,0,0
Dániel Gyollai,28,860396400,1997/04/07,NB I,2025/2026,Goalkeeper,Kazincbarcika,1326,516,810,Hungary,16,7,9,0,0,0,0,0,0,0,0,1,1,0,30,10,20,3,0,0,0,0,0,0,0,2.04,44,83,442,0,0.2,223,229,83,18,250000,4.18,0,46,31.06,17.62,41,458,9.50,247,2,16.75,20,0.00,0.00,0.00,0,0.00,0.00,0.00,0.00,0,0.00,0.00,0.00,0.00,2.23,0.00,0.08,3.50,0.00,0.00,0.00,0.08,0.00,0.00,0.00,0.00,0.35,0.00,0.00,0,0,,0,0.00,8,0,0.00,18,0,0.00,10,1,1,15,5,0.00,99,0,0,0.00,8,0,29,0.00,13,0,0.00,99,0,0.00,0,0,0.00,0,0.00,9,2,0.14,13,2,0.14,100.00,0,0.00,0,58,11,3.93,94,91,0.00,7,6.17,99,N/A,N/A,N/A,N/A,63.74,0,0.00,0,0.00,0.00,0,53.93,0.00,18,92,0.04,0.07,1,23,99,0,0,37,0.00,0.00,0,20,108.60,1.54,2.71,40,2,0.00,0.14,4,0.08,0,0,0,0.00,0.00,20,0.77,1.36,0.00,0.00,0,0,0.00,38,67,46,37,7,0.45,3,0.02,0.03,0.00,9,0.00,0.00,3,1,0.04,0.07,0.20,0.12,7,3,0.00,9,16,66,71,99,46,21,0,0.00,99,9,0.00,0.61,1.09,0.62,16,12,7,7,0.81,0.46,75.00,0,0.00,99,0,0.00,0,0.00,99,0,0.00,0.00,29,69,36,35,0,0,0,0,0,24,37,51,56,0,84,7,63,51,3,19,66,1,N/A,N/A
Dániel Kovács,32,758707200,1994/01/16,NB I,2025/2026,Goalkeeper,Nyíregyháza Spartacus,2070,990,1080,Hungary,23,11,12,0,0,0,0,0,0,0,0,3,0,3,35,19,16,2,0,0,0,0,0,0,0,1.52,59,90,1035,0,0.09,205,264,55,29,110000,6.71,0,46,24.46,24.46,19,587,13.29,319,2,13.29,11,0.00,0.00,0.00,0,0.00,0.00,0.04,0.04,1,0.00,0.00,0.00,0.00,2.92,0.00,0.00,4.54,0.00,0.00,0.00,0.00,0.00,0.00,0.00,0.00,0.33,0.00,0.00,0,0,,0,0.00,8,0,0.00,18,0,0.00,10,0,0,23,6,0.00,99,0,0,0.00,8,0,29,0.00,13,0,0.00,99,0,0.00,0,0,0.00,0,0.00,9,0,0.00,7,0,0.00,0.00,0,0.00,0,70,17,2.92,28,109,0.00,39,4.54,96,N/A,N/A,N/A,N/A,64.22,0,0.00,0,0.00,0.00,0,54.34,0.00,18,99,0.00,0.00,0,13,13,0,0,42,0.00,0.00,0,20,161.13,1.17,1.17,28,1,0.00,0.04,19,0.04,0,0,0,0.00,0.00,14,0.58,0.58,0.00,0.00,0,0,0.00,38,95,88,37,40,0.78,3,0.03,0.03,0.00,9,0.00,0.00,2,0,0.00,0.00,0.08,0.08,6,2,0.00,9,77,33,71,72,46,9,0,0.00,99,8,0.00,0.33,0.50,0.50,12,9,3,3,0.38,0.38,75.00,0,0.00,99,0,0.00,0,0.00,99,0,0.00,0.00,29,94,22,15,0,0,0,0,0,24,37,51,56,0,48,30,93,24,2,9,33,63,N/A,N/A
Daniel Lukacs,29,828518400,1996/04/03,NB I,2025/2026,Forward,Puskás,2135,990,1145,Hungary,25,12,13,12,6,6,2,1,1,0,0,6,2,4,27,14,13,3,0,0.59,0.08,0.51,0.55,0.47,178,1.14,79,85,712,1068,0.13,12,112,-1,1,190000,7.10,0.08,58,15.09,14.32,3,358,9.84,246,20,10.37,3,0.00,0.00,1.48,37,0.00,4.08,0.93,0.88,22,0.00,0.56,0.00,0.00,0.00,0.56,0.56,0.96,3.33,1.69,0.72,1.36,0.00,0.88,0.44,0.00,0.72,0.00,0.00,0,0,,40,1.60,71,22,0.93,86,18,0.76,56,2,0,25,26,0.00,99,0,14,0.59,40,102,78,4.30,87,0,0.00,99,0,0.00,0,0,0.00,0,1.56,81,34,1.43,60,14,0.59,41.18,0,0.00,0,0,0,0.00,0,24,0.00,73,1.01,29,N/A,N/A,N/A,N/A,0.00,0,0.00,0,10.93,0.00,0,68.72,55.00,92,34,0.64,0.67,16,59,47,0,0,0,0.16,0.17,4,42,177.49,0.84,0.89,21,0,0.00,0.00,99,0.00,0,0,1,0.04,0.04,0,0.00,0.00,0.55,0.52,13,0,30.00,95,98,97,40,73,3.10,57,0.12,0.13,10.93,95,0.44,0.46,36,21,0.84,0.89,1.10,1.04,39,26,0.46,92,96,21,74,0,91,28,0,0.00,99,18,0.00,0.76,8.14,7.72,193,71,12,28,2.99,2.84,36.79,14,0.59,50,0,28.43,0,0.00,99,29,1.16,1.22,91,99,22,55,0,3,0,12,0,94,96,93,93,0,74,59,84,32,3,12,47,8,N/A,N/A
Dániel Mulasics,56,N/A,N/A,NB I,2025/2026,Midfielder,Zalaegerszegi TE,0,0,0,,0,0,0,0,0,0,0,0,0,0,0,0,0,0,0,0,0,0,0,0,0,0,0,0,0,0,0,0,0,0,0,-1,-1,-1,-1,N/A,N/A,N/A,N/A,N/A,N/A,N/A,N/A,N/A,N/A,N/A,N/A,N/A,N/A,N/A,N/A,N/A,N/A,N/A,N/A,N/A,N/A,N/A,N/A,N/A,N/A,N/A,N/A,N/A,N/A,N/A,N/A,N/A,N/A,N/A,N/A,N/A,N/A,N/A,N/A,N/A,N/A,N/A,N/A,N/A,N/A,N/A,N/A,N/A,N/A,N/A,N/A,N/A,N/A,N/A,N/A,N/A,N/A,N/A,N/A,N/A,N/A,N/A,N/A,N/A,N/A,N/A,N/A,N/A,N/A,N/A,N/A,N/A,N/A,N/A,N/A,N/A,N/A,N/A,N/A,N/A,N/A,N/A,N/A,N/A,N/A,N/A,N/A,N/A,N/A,N/A,N/A,N/A,N/A,N/A,N/A,N/A,N/A,N/A,N/A,N/A,N/A,N/A,N/A,N/A,N/A,N/A,N/A,N/A,N/A,N/A,N/A,N/A,N/A,N/A,N/A,N/A,N/A,N/A,N/A,N/A,N/A,N/A,N/A,N/A,N/A,N/A,N/A,N/A,N/A,N/A,N/A,N/A,N/A,N/A,N/A,N/A,N/A,N/A,N/A,N/A,N/A,N/A,N/A,N/A,N/A,N/A,N/A,N/A,N/A,N/A,N/A,N/A,N/A,N/A,N/A,N/A,N/A,N/A,N/A,N/A,N/A,N/A,N/A,N/A,N/A,N/A,N/A,N/A,N/A,N/A,N/A,N/A,N/A,N/A,N/A,N/A,N/A,N/A,N/A,N/A,N/A,N/A,N/A,N/A,N/A,N/A,N/A,N/A,N/A,N/A,N/A,N/A,N/A,N/A,N/A,N/A,N/A,N/A,N/A,N/A,N/A,N/A,N/A,N/A,N/A,N/A,N/A,N/A,N/A,N/A,N/A,N/A,N/A,N/A,N/A,N/A,N/A,N/A,N/A,N/A,N/A,N/A,N/A
Dániel Németh,22,1065682800,2003/10/09,NB I,2025/2026,Forward,Zalaegerszegi TE,14,14,0,Hungary,1,1,0,0,0,0,0,0,0,0,0,0,0,0,1,1,0,0,0,0,0,0,0,0,0,6.43,14,14,0,0,0,-1,-1,-1,20,0,3.16,0,46,19.29,1.50,9,3,0.50,1,0,6.43,0,0.00,0.00,0.00,0,0.00,0.00,0.00,0.00,0,0.00,0.00,0.00,0.00,0.00,0.00,0.00,0.00,0.00,0.00,0.00,0.00,0.00,0.00,0.00,0.00,0.00,0.00,0.00,0,0,,0,0.00,8,0,0.00,18,0,0.00,10,0,1,0,5,0.00,99,0,0,0.00,8,0,29,0.00,13,0,0.00,99,0,0.00,0,0,0.00,0,0.00,9,0,0.00,7,0,0.00,0.00,0,0.00,0,0,0,0.00,0,0,0.00,0,0.00,0,N/A,N/A,N/A,N/A,0.00,0,0.00,0,0.00,0.00,0,33.33,0.00,18,99,0.00,0.00,0,13,13,0,0,0,0.00,0.00,0,20,6.32,0.00,0.00,0,0,0.00,0.00,99,0.00,0,0,0,0.00,0.00,0,0.00,0.00,0.00,0.00,0,0,0.00,38,0,0,37,0,0.00,0,0.00,0.00,0.00,9,0.00,0.00,2,0,0.00,0.00,12.86,1.00,99,2,0.00,9,4,0,71,0,46,0,0,0.00,99,0,0.00,0.00,12.86,1.00,2,0,0,79,0.00,0.00,0.00,0,0.00,99,0,0.00,0,0.00,99,0,0.00,0.00,29,0,36,15,0,0,0,0,0,24,37,51,56,0,21,4,14,14,0,0,14,97,0,0
Dániel Prosser,31,771663600,1994/06/15,NB I,2025/2026,Forward,Kazincbarcika,70,10,60,Hungary,3,1,2,0,0,0,0,0,0,0,0,0,0,0,0,0,0,0,0,0,0,0,0,0,0,0,0,23,0,0,0,-1,-1,-1,15,82000,1.96,0,46,11.57,0.90,0,9,0.60,6,13,7.71,0,0.00,0.00,0.00,0,0.00,0.40,3.86,0.30,3,0.00,0.10,0.00,0.00,0.00,0.00,0.00,0.00,0.00,1.29,0.00,0.10,0.00,0.10,0.01,0.00,0.10,0.00,0.00,0,0,,1,0.10,60,1,1.29,95,0,0.00,10,6,2,1,99,0.00,99,0,0,0.00,8,4,29,5.14,91,0,0.00,99,0,0.00,0,0,0.00,0,0.00,9,1,1.29,55,0,0.00,0.00,0,0.00,0,0,0,0.00,0,0,0.00,99,0.00,0,N/A,N/A,N/A,N/A,0.00,0,0.00,0,0.14,0.00,0,66.67,100.00,99,99,0.00,0.00,0,13,13,0,0,0,0.00,0.00,0,20,19.64,0.10,1.29,1,0,0.00,0.00,99,0.00,0,0,0,0.00,0.00,0,0.00,0.00,0.00,0.00,0,0,0.00,38,0,0,37,0,0.01,0,0.00,0.01,0.14,66,0.01,0.18,94,2,0.20,2.57,0.00,0.00,4,0,0.18,63,0,37,71,0,46,48,0,0.00,99,1,0.00,1.29,14.14,1.10,11,6,95,86,7.71,0.60,54.55,1,1.29,16,0,0.00,0,0.00,99,0,0.00,0.00,29,1,45,92,0,0,0,0,0,24,37,51,56,0,36,4,14,14,0,0,14,17,N/A,N/A
Dániel Radnóti,19,1159686000,2006/10/01,NB I,2025/2026,Midfielder,Ferencváros,0,0,0,Hungary,0,0,0,0,0,0,0,0,0,0,0,0,0,0,0,0,0,0,0,0,0,0,0,0,0,0,0,0,0,0,0,-1,-1,-1,-1,N/A,N/A,N/A,N/A,N/A,N/A,N/A,N/A,N/A,N/A,N/A,N/A,N/A,N/A,N/A,N/A,N/A,N/A,N/A,N/A,N/A,N/A,N/A,N/A,N/A,N/A,N/A,N/A,N/A,N/A,N/A,N/A,N/A,N/A,N/A,N/A,N/A,N/A,N/A,N/A,N/A,N/A,N/A,N/A,N/A,N/A,N/A,N/A,N/A,N/A,N/A,N/A,N/A,N/A,N/A,N/A,N/A,N/A,N/A,N/A,N/A,N/A,N/A,N/A,N/A,N/A,N/A,N/A,N/A,N/A,N/A,N/A,N/A,N/A,N/A,N/A,N/A,N/A,N/A,N/A,N/A,N/A,N/A,N/A,N/A,N/A,N/A,N/A,N/A,N/A,N/A,N/A,N/A,N/A,N/A,N/A,N/A,N/A,N/A,N/A,N/A,N/A,N/A,N/A,N/A,N/A,N/A,N/A,N/A,N/A,N/A,N/A,N/A,N/A,N/A,N/A,N/A,N/A,N/A,N/A,N/A,N/A,N/A,N/A,N/A,N/A,N/A,N/A,N/A,N/A,N/A,N/A,N/A,N/A,N/A,N/A,N/A,N/A,N/A,N/A,N/A,N/A,N/A,N/A,N/A,N/A,N/A,N/A,N/A,N/A,N/A,N/A,N/A,N/A,N/A,N/A,N/A,N/A,N/A,N/A,N/A,N/A,N/A,N/A,N/A,N/A,N/A,N/A,N/A,N/A,N/A,N/A,N/A,N/A,N/A,N/A,N/A,N/A,N/A,N/A,N/A,N/A,N/A,N/A,N/A,N/A,N/A,N/A,N/A,N/A,N/A,N/A,N/A,N/A,N/A,N/A,N/A,N/A,N/A,N/A,N/A,N/A,N/A,N/A,N/A,N/A,N/A,N/A,N/A,N/A,N/A,N/A,N/A,N/A,N/A,N/A,N/A,N/A,N/A,N/A,N/A,N/A,N/A,N/A
Daniel Štefulj,26,942048000,1999/11/08,NB I,2025/2026,Defender,Győri ETO,2110,990,1120,Croatia,24,11,13,3,1,2,8,3,5,0,0,8,5,3,25,7,18,3,0,0.47,0.34,0.13,0.09,0.16,703,1.07,84,88,703,264,0.13,116,12,20,5,264000,7.08,0.33,96,44.56,42.21,79,1013,32.79,787,58,34.62,76,0.00,0.00,1.62,39,0.00,4.21,1.19,1.12,27,0.00,0.33,0.00,0.00,0.00,1.29,0.54,0.92,18.50,1.63,1.17,1.21,0.00,0.38,0.16,0.00,1.08,0.00,0.00,0,0,,37,1.54,69,9,0.40,57,28,1.23,82,1,0,24,38,0.00,99,0,31,1.36,82,101,72,4.44,88,0,0.00,99,0,0.00,0,0,0.00,0,1.72,86,29,1.28,55,13,0.57,44.83,0,0.00,0,0,0,0.00,0,22,0.00,81,0.97,26,N/A,N/A,N/A,N/A,0.00,0,0.00,0,3.93,0.00,0,77.69,24.32,30,45,0.54,0.57,13,57,57,0,0,0,0.21,0.22,5,52,169.88,2.08,2.20,50,2,0.00,0.09,11,0.08,0,0,1,0.04,0.04,0,0.00,0.00,0.70,0.67,16,0,5.41,42,96,95,79,80,7.19,97,0.30,0.32,3.93,63,0.16,0.17,19,13,0.54,0.57,0.79,0.75,21,18,0.17,60,94,59,74,0,94,44,0,0.00,99,26,0.00,1.14,6.64,6.29,151,78,18,15,3.43,3.25,51.66,8,0.35,69,0,25.74,0,0.00,99,26,1.08,1.14,90,97,22,35,0,0,0,0,0,84,60,67,58,0,86,88,84,32,3,12,47,23,N/A,N/A
Daniel Stephen Adayilo,25,959238000,2000/05/25,NB I,2025/2026,Defender,Várda SE,9,9,0,Nigeria,1,1,0,0,0,0,0,0,0,0,0,0,0,0,0,0,0,0,0,0,0,0,0,0,0,0,0,9,0,0,0,-1,-1,-1,15,30000,3.33,0,46,60.00,3.00,97,6,1.00,2,0,20.00,34,0.00,0.00,1.50,3,0.00,1.50,0.00,0.00,0,0.00,0.50,0.00,0.00,0.00,0.00,0.50,0.00,0.00,0.00,0.00,0.50,0.00,0.00,0.00,0.00,0.50,0.00,0.00,0,0,,0,0.00,8,0,0.00,18,0,0.00,10,0,1,0,5,0.00,99,0,0,0.00,8,3,97,30.00,99,0,0.00,99,0,0.00,0,0,0.00,0,30.00,99,1,10.00,99,1,10.00,100.00,0,0.00,0,0,0,0.00,0,0,0.00,99,0.00,0,N/A,N/A,N/A,N/A,0.00,0,0.00,0,0.00,0.00,0,33.33,0.00,18,99,0.00,0.00,0,99,99,0,0,0,0.00,0.00,0,20,6.66,0.00,0.00,0,0,0.00,0.00,99,0.00,0,0,0,0.00,0.00,0,0.00,0.00,0.00,0.00,0,0,0.00,38,0,0,37,0,0.14,99,0.07,1.40,0.00,9,0.00,0.00,2,0,0.00,0.00,10.00,0.50,99,1,0.00,9,5,0,71,0,46,99,0,0.00,99,1,0.00,10.00,40.00,2.00,4,2,99,99,20.00,1.00,50.00,1,10.00,0,0,66.67,0,0.00,99,2,1.00,20.00,99,0,36,15,0,0,0,0,0,24,37,51,56,0,22,4,14,14,0,0,14,2,N/A,N/A
Dantaye Gilbert,21,1102060800,2004/12/03,NB I,2025/2026,Midfielder,Nyíregyháza Spartacus,476,215,261,Trinidad and Tobago,8,3,5,0,0,0,1,0,1,0,0,1,0,1,9,4,5,0,0,0.19,0.19,0,0,0,0,1.7,53,60,0,476,0,172,41,-1,22,65000,3.99,0.12,85,19.10,8.42,9,101,5.92,71,25,13.42,12,0.00,0.00,0.42,5,0.00,0.42,1.89,0.83,10,0.00,0.58,0.00,0.00,0.00,0.33,0.50,0.83,0.00,2.46,0.67,0.92,0.00,0.42,0.10,0.00,1.25,0.00,0.00,0,0,,13,1.08,89,5,0.95,86,8,1.51,91,1,3,5,74,0.00,99,0,4,0.76,52,5,29,0.95,49,0,0.00,99,0,0.00,0,0,0.00,0,0.95,61,11,2.08,79,6,1.13,54.55,0,0.00,0,0,0,0.00,0,10,0.00,24,1.89,87,N/A,N/A,N/A,N/A,0.00,0,0.00,0,1.15,0.00,0,70.30,38.46,66,67,0.17,0.38,2,88,79,0,0,0,0.00,0.00,0,20,47.85,0.42,0.95,5,0,0.00,0.00,99,0.00,0,0,0,0.00,0.00,0,0.00,0.00,1.13,0.50,6,0,0.00,38,7,9,37,24,0.91,70,0.08,0.17,1.15,71,0.10,0.22,5,1,0.08,0.19,1.89,0.83,80,10,0.22,67,12,22,71,0,97,83,0,0.00,99,15,0.00,2.84,13.61,6.00,72,32,76,84,6.05,2.67,44.44,7,1.32,16,0,0.00,0,0.00,99,0,0.00,0.00,29,10,55,35,0,0,0,0,0,54,37,51,56,0,29,30,14,14,0,0,14,8,N/A,N/A
Dávid Attila Grof,36,608799600,1989/04/17,NB I,2025/2026,Goalkeeper,Ferencváros,1080,540,540,Hungary,12,6,6,0,0,0,0,0,0,0,0,5,2,3,11,7,4,3,1,0,0,0,0,0,0,0.92,98,90,270,0,0.33,185,257,11,29,120000,4.24,0,46,25.17,15.89,21,302,9.26,176,4,14.67,15,0.00,0.00,0.00,0,0.00,0.00,0.00,0.00,0,0.00,0.00,0.00,0.00,1.58,0.00,0.05,2.21,0.00,0.00,0.00,0.05,0.00,0.00,0.00,0.00,0.05,0.00,0.00,0,0,,0,0.00,8,0,0.00,18,0,0.00,10,0,0,12,5,0.00,99,0,0,0.00,8,0,29,0.00,13,0,0.00,99,0,0.00,0,0,0.00,0,0.00,9,1,0.08,9,1,0.08,100.00,0,0.00,0,30,78,2.50,17,42,0.00,91,3.50,94,N/A,N/A,N/A,N/A,71.43,0,0.00,0,0.00,0.00,0,58.28,0.00,18,99,0.00,0.00,0,17,99,0,0,13,0.00,0.00,0,20,80.48,0.74,1.17,14,0,0.00,0.00,99,0.00,0,0,0,0.00,0.00,5,0.26,0.42,0.00,0.00,0,0,0.00,38,53,24,37,91,0.41,3,0.02,0.03,0.00,9,0.00,0.00,3,1,0.05,0.08,0.00,0.00,4,0,0.00,9,18,33,71,28,46,1,0,0.00,99,1,0.00,0.08,0.25,0.16,3,3,1,1,0.25,0.16,100.00,0,0.00,99,0,0.00,0,0.00,99,0,0.00,0.00,29,55,22,15,0,0,0,0,0,24,37,51,56,0,50,99,39,76,2,17,62,99,N/A,N/A
Dávid Banai,31,768466800,1994/05/09,NB I,2025/2026,Goalkeeper,Újpest,1260,630,630,Hungary,14,7,7,0,0,0,0,0,0,0,0,1,1,0,20,6,14,0,0,0,0,0,0,0,0,1.43,63,90,0,0,0,188,217,49,28,78000,4.35,0,46,28.71,18.27,34,402,11.95,263,10,18.79,28,0.00,0.00,0.00,0,0.00,0.00,0.00,0.00,0,0.00,0.00,0.00,0.00,2.09,0.00,0.00,3.05,0.00,0.00,0.00,0.00,0.00,0.00,0.00,0.00,0.00,0.00,0.00,0,0,,0,0.00,8,0,0.00,18,0,0.00,10,0,0,14,5,0.00,99,0,0,0.00,8,0,29,0.00,13,0,0.00,99,0,0.00,0,0,0.00,0,0.00,9,0,0.00,7,0,0.00,0.00,0,0.00,0,46,44,3.29,50,67,0.00,46,4.79,98,N/A,N/A,N/A,N/A,68.66,0,0.00,0,0.00,0.00,0,65.42,0.00,18,99,0.00,0.00,0,13,13,0,0,33,0.00,0.00,0,20,95.80,0.45,0.71,10,0,0.00,0.00,99,0.00,1,0,0,0.00,0.00,6,0.27,0.43,0.00,0.00,0,0,0.00,38,62,35,37,46,0.49,3,0.02,0.03,0.00,9,0.00,0.00,7,4,0.18,0.29,0.00,0.00,4,0,0.00,9,21,14,71,39,46,0,0,0.00,99,0,0.00,0.00,0.29,0.18,4,4,2,1,0.29,0.18,100.00,0,0.00,99,0,0.00,0,0.00,99,0,0.00,0.00,29,64,22,15,0,0,0,0,0,24,37,51,56,0,33,10,14,14,0,0,14,23,N/A,N/A
Dávid Dombó,33,730713600,1993/02/26,NB I,2025/2026,Goalkeeper,Újpest,0,0,0,Hungary,0,0,0,0,0,0,0,0,0,0,0,0,0,0,0,0,0,0,0,0,0,0,0,0,0,0,0,0,0,0,0,-1,-1,-1,15,N/A,N/A,N/A,N/A,N/A,N/A,N/A,N/A,N/A,N/A,N/A,N/A,N/A,N/A,N/A,N/A,N/A,N/A,N/A,N/A,N/A,N/A,N/A,N/A,N/A,N/A,N/A,N/A,N/A,N/A,N/A,N/A,N/A,N/A,N/A,N/A,N/A,N/A,N/A,N/A,N/A,N/A,N/A,N/A,N/A,N/A,N/A,N/A,N/A,N/A,N/A,N/A,N/A,N/A,N/A,N/A,N/A,N/A,N/A,N/A,N/A,N/A,N/A,N/A,N/A,N/A,N/A,N/A,N/A,N/A,N/A,N/A,N/A,N/A,N/A,N/A,N/A,N/A,N/A,N/A,N/A,N/A,N/A,N/A,N/A,N/A,N/A,N/A,N/A,N/A,N/A,N/A,N/A,N/A,N/A,N/A,N/A,N/A,N/A,N/A,N/A,N/A,N/A,N/A,N/A,N/A,N/A,N/A,N/A,N/A,N/A,N/A,N/A,N/A,N/A,N/A,N/A,N/A,N/A,N/A,N/A,N/A,N/A,N/A,N/A,N/A,N/A,N/A,N/A,N/A,N/A,N/A,N/A,N/A,N/A,N/A,N/A,N/A,N/A,N/A,N/A,N/A,N/A,N/A,N/A,N/A,N/A,N/A,N/A,N/A,N/A,N/A,N/A,N/A,N/A,N/A,N/A,N/A,N/A,N/A,N/A,N/A,N/A,N/A,N/A,N/A,N/A,N/A,N/A,N/A,N/A,N/A,N/A,N/A,N/A,N/A,N/A,N/A,N/A,N/A,N/A,N/A,N/A,N/A,N/A,N/A,N/A,N/A,N/A,N/A,N/A,N/A,N/A,N/A,N/A,N/A,N/A,N/A,N/A,N/A,N/A,N/A,N/A,N/A,N/A,N/A,N/A,N/A,N/A,N/A,N/A,N/A,N/A,N/A,N/A,N/A,N/A,N/A,N/A,N/A,N/A,N/A,N/A,N/A
David Lopez,56,N/A,N/A,NB I,2025/2026,Defender,Zalaegerszegi TE,173,108,65,,11,6,5,0,0,0,2,1,1,0,0,5,2,3,4,4,0,2,0,1.04,1.04,0,0,0,0,2.08,43,16,87,87,1.04,-1,-1,-1,19,90000,2.24,0.18,99,27.88,2.48,31,57,1.70,39,18,19.08,29,0.00,0.00,0.13,3,0.00,0.26,1.47,0.13,3,0.00,0.13,0.00,0.00,0.00,0.13,0.00,0.17,0.00,0.00,0.00,0.04,0.00,0.00,0.00,0.00,0.04,0.00,0.00,0,0,,0,0.00,8,0,0.00,18,0,0.00,10,1,10,1,55,0.00,99,0,3,1.47,86,6,48,2.93,76,0,0.00,99,0,0.00,0,0,0.00,0,1.47,78,1,0.49,27,0,0.00,0.00,0,0.00,0,0,0,0.00,0,4,0.00,5,1.96,89,N/A,N/A,N/A,N/A,0.00,0,0.00,0,0.00,0.00,0,68.42,0.00,18,2,0.13,1.47,3,13,13,0,0,0,0.00,0.00,0,20,51.47,0.22,2.45,5,0,0.00,0.00,99,0.00,0,0,0,0.00,0.00,0,0.00,0.00,0.00,0.00,0,0,0.00,38,0,19,37,5,1.31,99,0.06,0.64,0.00,9,0.00,0.00,16,1,0.04,0.49,3.42,0.30,99,7,0.00,9,0,62,71,0,46,16,0,0.00,99,1,0.00,0.49,10.27,0.91,21,5,9,55,2.45,0.22,23.81,3,1.47,11,0,16.67,0,0.00,99,1,0.04,0.49,71,1,91,35,0,0,0,0,0,99,37,51,56,0,40,99,14,99,2,18,65,12,N/A,N/A
Dávid Noah Fenyö,20,1138608000,2006/01/30,NB I,2025/2026,Midfielder,Újpest,558,394,164,Germany,8,5,3,0,0,0,0,0,0,0,0,1,1,0,7,3,4,1,0,0,0,0,0,0,0,1.13,80,70,558,0,0.16,204,173,-1,21,0,6.74,0,46,36.94,28.62,62,229,22.62,181,64,29.19,63,0.00,0.00,0.00,0,0.00,0.00,2.26,1.75,14,0.00,0.62,0.00,0.00,0.00,0.88,0.12,0.88,0.00,0.65,0.50,0.38,0.00,0.00,0.03,0.00,0.62,0.00,0.00,0,0,,4,0.50,35,0,0.00,18,4,0.65,49,4,1,7,87,0.00,99,0,7,1.13,73,0,29,0.00,13,0,0.00,99,0,0.00,0,0,0.00,0,0.00,9,3,0.48,26,1,0.16,33.33,0,0.00,0,0,0,0.00,0,7,0.00,74,1.13,39,N/A,N/A,N/A,N/A,0.00,0,0.00,0,0.21,0.00,0,79.04,0.00,18,86,0.12,0.16,1,26,35,0,0,0,0.62,0.81,5,91,53.95,3.00,3.87,24,0,0.00,0.00,99,0.00,0,0,0,0.00,0.00,0,0.00,0.00,0.16,0.12,1,0,0.00,38,13,9,37,75,0.38,17,0.05,0.06,0.21,22,0.03,0.03,96,17,2.12,2.74,0.81,0.62,22,5,0.03,22,78,76,71,0,67,31,0,0.00,99,5,0.00,0.81,8.87,6.88,55,37,72,36,5.97,4.62,67.27,5,0.81,35,0,0.00,0,0.00,99,0,0.00,0.00,29,22,36,83,0,0,0,0,0,24,37,51,56,0,21,30,75,40,1,12,47,77,0,0
Dávid Patai,56,N/A,N/A,NB I,2025/2026,Midfielder,Debrecen,10,0,10,,2,0,2,0,0,0,0,0,0,0,0,1,0,1,0,0,0,0,0,0,0,0,0,0,0,0,0,5,0,0,0,-1,-1,-1,27,18000,0.73,0,46,63.00,0.78,98,7,0.67,6,89,54.00,98,0.00,0.00,0.11,1,0.00,0.00,0.00,0.00,0,0.00,0.11,0.00,0.00,0.00,0.00,0.00,0.00,0.00,0.00,0.00,0.00,0.00,0.00,0.00,0.00,0.11,0.00,0.00,0,0,,0,0.00,8,0,0.00,18,0,0.00,10,0,2,0,5,0.00,99,0,0,0.00,8,0,29,0.00,13,0,0.00,99,0,0.00,0,0,0.00,0,9.00,99,0,0.00,7,0,0.00,0.00,0,0.00,0,0,0,0.00,0,0,0.00,99,0.00,0,N/A,N/A,N/A,N/A,0.00,0,0.00,0,0.00,0.00,0,85.71,0.00,18,99,0.00,0.00,0,13,13,0,0,0,0.00,0.00,0,20,6.59,0.11,9.00,1,0,0.00,0.00,99,0.00,0,0,0,0.00,0.00,0,0.00,0.00,0.00,0.00,0,0,0.00,38,0,0,37,0,0.05,99,0.01,0.45,0.00,9,0.00,0.00,2,0,0.00,0.00,9.00,0.11,99,1,0.00,9,0,99,71,0,46,99,0,0.00,99,1,0.00,9.00,36.00,0.44,4,1,99,99,9.00,0.11,25.00,1,9.00,0,0,0.00,0,0.00,99,0,0.00,0.00,29,0,45,15,0,0,0,0,0,24,37,51,56,0,21,99,14,14,0,0,14,15,N/A,N/A
Davit Kobouri,28,885628800,1998/01/24,NB I,2025/2026,Defender,Újpest,650,168,482,Georgia,10,2,8,0,0,0,0,0,0,0,0,1,0,1,9,2,7,1,0,0,0,0,0,0,0,1.25,72,65,650,0,0.14,192,214,36,31,208000,3.27,0,46,53.36,21.44,94,386,18.78,338,93,46.73,94,0.00,0.00,0.06,1,0.00,0.17,1.38,0.56,10,0.00,0.00,0.00,0.00,0.00,0.39,0.00,0.61,0.00,0.14,0.06,0.06,0.00,0.00,0.00,0.00,0.67,0.00,0.00,0,0,,1,0.06,11,0,0.00,18,1,0.14,14,1,1,8,51,0.00,99,0,7,0.97,64,3,29,0.41,30,0,0.00,99,0,0.00,0,0,0.00,0,0.14,15,1,0.14,13,0,0.00,0.00,0,0.00,0,0,0,0.00,0,11,0.00,64,1.52,71,N/A,N/A,N/A,N/A,0.00,0,0.00,0,0.04,0.00,0,87.56,0.00,18,76,0.11,0.28,2,13,13,0,0,0,0.17,0.41,3,69,58.95,1.44,3.59,26,1,0.00,0.14,4,0.06,0,0,0,0.00,0.00,0,0.00,0.00,0.00,0.00,0,0,0.00,38,21,16,37,64,0.78,47,0.04,0.11,0.04,14,0.00,0.01,18,4,0.22,0.55,1.52,0.61,64,11,0.01,14,5,74,71,0,46,62,0,0.00,99,12,0.00,1.66,6.36,2.56,46,25,20,14,3.46,1.39,54.35,0,0.00,99,0,0.00,0,0.00,99,0,0.00,0.00,29,31,36,35,0,0,0,0,0,24,37,51,56,0,78,19,80,35,1,10,37,5,N/A,N/A
Deian Boldor,31,791798400,1995/02/03,NB I,2025/2026,Defender,Győri ETO,427,106,321,Romania,10,3,7,1,0,1,0,0,0,0,0,2,1,1,9,1,8,1,0,0.21,0,0.21,0,0.28,427,1.9,47,43,427,0,0.21,64,230,78,13,144000,2.30,0,46,59.72,12.35,96,284,10.09,232,75,48.79,95,0.00,0.00,0.04,1,0.00,0.04,1.05,0.22,5,0.00,0.00,0.00,0.00,0.00,0.26,0.00,0.35,3.00,0.63,0.09,0.00,0.00,0.04,0.03,0.00,0.74,0.00,0.00,0,0,,3,0.13,34,1,0.21,41,2,0.42,34,2,6,4,31,0.00,99,0,6,1.26,78,1,29,0.21,22,0,0.00,99,0,0.00,0,0,0.00,0,0.21,20,0,0.00,7,0,0.00,0.00,0,0.00,0,0,0,0.00,0,8,0.00,12,1.68,78,N/A,N/A,N/A,N/A,0.00,0,0.00,0,0.79,0.00,0,81.69,33.33,56,12,0.22,1.05,5,13,13,0,0,0,0.09,0.42,2,70,52.96,1.30,6.31,30,1,0.00,0.21,1,0.04,0,0,0,0.00,0.00,0,0.00,0.00,0.00,0.00,0,0,33.33,98,4,16,61,12,0.60,57,0.03,0.13,0.79,63,0.03,0.17,12,2,0.09,0.42,1.26,0.26,48,6,0.17,60,1,93,71,0,46,91,0,0.00,99,17,0.00,3.57,8.83,1.83,42,24,49,36,5.05,1.04,57.14,0,0.00,99,0,0.00,0,0.00,99,0,0.00,0.00,29,5,76,55,0,0,0,0,0,57,77,79,56,0,59,51,62,54,1,10,37,25,N/A,N/A
Dejan Djokic,25,969951600,2000/09/26,NB I,2025/2026,Midfielder,Debrecen,84,44,40,Bosnia and Herzegovina,5,2,3,0,0,0,0,0,0,0,0,1,0,1,2,1,1,1,0,0,0,0,0,0,0,2.14,42,17,84,0,1.07,-1,-1,-1,22,0,3.29,0,46,18.21,1.70,7,17,1.30,13,50,13.93,12,0.00,0.00,0.10,1,0.00,0.20,4.29,0.40,4,0.00,0.00,0.00,0.00,0.00,0.00,0.00,0.20,0.00,1.07,0.00,0.10,0.00,0.10,0.01,0.00,0.30,0.00,0.00,0,0,,1,0.10,52,1,1.07,89,0,0.00,10,0,5,0,99,0.00,99,0,0,0.00,8,2,96,2.14,67,0,0.00,99,0,0.00,0,0,0.00,0,1.07,66,1,1.07,48,0,0.00,0.00,0,0.00,0,0,0,0.00,0,2,0.00,4,2.14,91,N/A,N/A,N/A,N/A,0.00,0,0.00,0,0.13,0.00,0,76.47,100.00,99,99,0.00,0.00,0,13,13,0,0,0,0.00,0.00,0,20,32.93,0.00,0.00,0,0,0.00,0.00,99,0.00,0,0,0,0.00,0.00,0,0.00,0.00,1.07,0.10,1,0,0.00,38,0,0,37,5,0.07,31,0.01,0.08,0.13,59,0.01,0.14,85,2,0.20,2.14,4.29,0.40,99,4,0.14,56,5,0,71,0,97,88,0,0.00,99,3,0.00,3.21,20.36,1.90,19,9,99,99,9.64,0.90,47.37,0,0.00,99,0,50.00,0,0.00,99,1,0.10,1.07,88,0,69,15,0,0,0,0,0,24,37,51,56,0,21,51,14,99,1,20,69,90,0,0
Dénes Dibusz,35,658742400,1990/11/16,NB I,2025/2026,Goalkeeper,Ferencváros,1080,540,540,Hungary,12,6,6,0,0,0,0,0,0,0,0,3,1,2,13,9,4,0,0,0,0,0,0,0,0,1.08,83,90,0,0,0,211,253,23,35,550000,6.32,0,46,26.83,24.77,29,322,18.46,240,43,20.00,34,0.00,0.00,0.00,0,0.00,0.00,0.00,0.00,0,0.00,0.00,0.00,0.00,2.46,0.00,0.00,3.54,0.00,0.00,0.00,0.00,0.00,0.00,0.00,0.00,0.15,0.00,0.00,0,0,,0,0.00,8,0,0.00,18,0,0.00,10,0,0,12,5,0.00,99,0,0,0.00,8,0,29,0.00,13,0,0.00,99,0,0.00,0,0,0.00,0,0.00,9,0,0.00,7,0,0.00,0.00,0,0.00,0,32,56,2.67,22,46,0.00,79,3.83,94,N/A,N/A,N/A,N/A,69.57,0,0.00,0,0.00,0.00,0,74.53,0.00,18,92,0.08,0.08,1,13,13,0,0,16,0.00,0.00,0,20,82.14,0.77,0.83,10,0,0.00,0.00,99,0.00,0,0,0,0.00,0.00,6,0.46,0.50,0.00,0.00,0,0,0.00,38,53,24,37,79,0.50,7,0.04,0.04,0.00,9,0.00,0.00,3,1,0.08,0.08,0.00,0.00,4,0,0.00,9,63,18,71,61,46,4,0,0.00,99,2,0.00,0.17,0.33,0.31,4,3,1,2,0.25,0.23,75.00,0,0.00,99,0,0.00,0,0.00,99,0,0.00,0.00,29,55,22,15,0,0,0,0,0,24,37,51,56,0,98,65,14,14,0,0,14,90,N/A,N/A
Diego Henrique Borges da Silva,21,1103097600,2004/12/15,NB I,2025/2026,Midfielder,Zalaegerszegi TE,475,161,314,Brazil,6,2,4,0,0,0,0,0,0,0,0,2,1,1,6,1,5,2,1,0,0,0,0,0,0,1.14,79,79,238,0,0.38,213,148,-1,17,95000,4.90,0,46,51.16,33.75,90,270,28.75,230,87,43.58,93,0.00,0.00,0.00,0,0.00,0.00,1.33,0.88,7,0.00,0.12,0.00,0.00,0.00,0.50,0.50,0.75,0.00,0.19,0.12,0.62,0.00,0.00,0.01,0.00,0.88,0.00,0.00,0,0,,1,0.12,12,0,0.00,18,1,0.19,16,2,1,5,46,0.00,99,0,4,0.76,52,0,29,0.00,13,0,0.00,99,0,0.00,0,0,0.00,0,0.00,9,5,0.95,44,4,0.76,80.00,0,0.00,0,0,0,0.00,0,6,0.00,73,1.14,41,N/A,N/A,N/A,N/A,0.00,0,0.00,0,0.05,0.00,0,85.19,0.00,18,83,0.12,0.19,1,71,95,0,0,0,0.12,0.19,1,47,39.24,2.62,3.98,21,0,0.00,0.00,99,0.00,0,0,0,0.00,0.00,0,0.00,0.00,0.00,0.00,0,0,0.00,38,7,3,37,73,0.55,43,0.07,0.10,0.05,14,0.01,0.01,19,3,0.38,0.57,1.52,1.00,64,8,0.01,14,31,78,71,0,46,51,0,0.00,99,7,0.00,1.33,6.63,4.38,35,21,28,14,3.98,2.62,60.00,1,0.19,79,0,0.00,0,0.00,99,0,0.00,0.00,29,10,36,55,0,0,0,0,0,24,37,51,56,0,42,88,33,82,1,17,62,56,N/A,N/A
Diogo Antonio Rodrigues da Silva,20,1128582000,2005/10/06,NB I,2025/2026,Midfielder,Zalaegerszegi TE,44,0,44,Brazil,1,0,1,0,0,0,0,0,0,0,0,0,0,0,0,0,0,0,0,0,0,0,0,0,0,0,0,44,0,0,0,-1,-1,-1,27,0,6.91,0,46,36.82,18.00,62,18,17.00,17,99,34.77,76,0.00,0.00,0.00,0,0.00,0.00,2.05,1.00,1,0.00,1.00,0.00,0.00,0.00,0.00,1.00,0.00,0.00,0.00,0.00,1.00,0.00,0.00,0.00,0.00,0.00,0.00,0.00,0,0,,0,0.00,8,0,0.00,18,0,0.00,10,0,1,0,78,0.00,99,0,0,0.00,8,0,29,0.00,13,0,0.00,99,0,0.00,0,0,0.00,0,0.00,9,1,2.05,78,1,2.05,100.00,0,0.00,0,0,0,0.00,0,0,0.00,99,0.00,0,N/A,N/A,N/A,N/A,0.00,0,0.00,0,0.00,0.00,0,94.44,0.00,18,99,0.00,0.00,0,96,99,0,0,0,1.00,2.05,1,99,6.91,6.00,12.27,6,0,0.00,0.00,99,0.00,0,0,0,0.00,0.00,0,0.00,0.00,0.00,0.00,0,0,0.00,38,0,0,37,0,0.03,17,0.03,0.06,0.00,9,0.00,0.00,2,0,0.00,0.00,0.00,0.00,4,0,0.00,9,86,99,71,0,46,0,0,0.00,99,0,0.00,0.00,8.18,4.00,4,2,29,29,4.09,2.00,50.00,1,2.05,4,0,0.00,0,0.00,99,0,0.00,0.00,29,0,36,15,0,0,0,0,0,24,37,51,56,0,21,4,14,14,0,0,14,33,0,0
Divaio Jhaïr-Bobson,22,1076054400,2004/02/06,NB I,2025/2026,Midfielder,Zalaegerszegi TE,0,0,0,Netherlands,1,0,1,0,0,0,0,0,0,0,0,1,0,1,0,0,0,0,0,0,0,0,0,0,0,0,0,0,0,0,0,-1,-1,-1,-1,90000,0.00,0,46,0.00,0.00,0,0,0.00,0,0,0.00,0,0.00,0.00,0.00,0,0.00,0.00,0.00,0.00,0,0.00,0.00,0.00,0.00,0.00,0.00,0.00,0.00,0.00,0.00,0.00,0.00,0.00,0.00,0.00,0.00,0.00,0.00,0.00,0,0,,0,0.00,8,0,0.00,18,0,0.00,10,0,1,0,5,0.00,99,0,0,0.00,8,0,29,0.00,13,0,0.00,99,0,0.00,0,0,0.00,0,0.00,9,0,0.00,7,0,0.00,0.00,0,0.00,0,0,0,0.00,0,0,0.00,99,0.00,0,N/A,N/A,N/A,N/A,0.00,0,0.00,0,0.00,0.00,0,0.00,0.00,18,99,0.00,0.00,0,13,13,0,0,0,0.00,0.00,0,20,0.00,0.00,0.00,0,0,0.00,0.00,99,0.00,0,0,0,0.00,0.00,0,0.00,0.00,0.00,0.00,0,0,0.00,38,0,0,37,0,0.00,0,0.00,0.00,0.00,9,0.00,0.00,2,0,0.00,0.00,0.00,0.00,4,0,0.00,9,0,0,71,0,46,0,0,0.00,99,0,0.00,0.00,0.00,0.00,0,0,0,0,0.00,0.00,0.00,0,0.00,99,0,0.00,0,0.00,99,0,0.00,0.00,29,0,36,15,0,0,0,0,0,24,37,51,56,0,40,99,14,14,0,0,14,16,N/A,N/A
Dognimani Yacouba Silue,24,1009872000,2002/01/01,NB I,2025/2026,Forward,Debrecen,0,0,0,Ivory Coast,0,0,0,0,0,0,0,0,0,0,0,0,0,0,0,0,0,0,0,0,0,0,0,0,0,0,0,0,0,0,0,-1,-1,-1,-1,N/A,N/A,N/A,N/A,N/A,N/A,N/A,N/A,N/A,N/A,N/A,N/A,N/A,N/A,N/A,N/A,N/A,N/A,N/A,N/A,N/A,N/A,N/A,N/A,N/A,N/A,N/A,N/A,N/A,N/A,N/A,N/A,N/A,N/A,N/A,N/A,N/A,N/A,N/A,N/A,N/A,N/A,N/A,N/A,N/A,N/A,N/A,N/A,N/A,N/A,N/A,N/A,N/A,N/A,N/A,N/A,N/A,N/A,N/A,N/A,N/A,N/A,N/A,N/A,N/A,N/A,N/A,N/A,N/A,N/A,N/A,N/A,N/A,N/A,N/A,N/A,N/A,N/A,N/A,N/A,N/A,N/A,N/A,N/A,N/A,N/A,N/A,N/A,N/A,N/A,N/A,N/A,N/A,N/A,N/A,N/A,N/A,N/A,N/A,N/A,N/A,N/A,N/A,N/A,N/A,N/A,N/A,N/A,N/A,N/A,N/A,N/A,N/A,N/A,N/A,N/A,N/A,N/A,N/A,N/A,N/A,N/A,N/A,N/A,N/A,N/A,N/A,N/A,N/A,N/A,N/A,N/A,N/A,N/A,N/A,N/A,N/A,N/A,N/A,N/A,N/A,N/A,N/A,N/A,N/A,N/A,N/A,N/A,N/A,N/A,N/A,N/A,N/A,N/A,N/A,N/A,N/A,N/A,N/A,N/A,N/A,N/A,N/A,N/A,N/A,N/A,N/A,N/A,N/A,N/A,N/A,N/A,N/A,N/A,N/A,N/A,N/A,N/A,N/A,N/A,N/A,N/A,N/A,N/A,N/A,N/A,N/A,N/A,N/A,N/A,N/A,N/A,N/A,N/A,N/A,N/A,N/A,N/A,N/A,N/A,N/A,N/A,N/A,N/A,N/A,N/A,N/A,N/A,N/A,N/A,N/A,N/A,N/A,N/A,N/A,N/A,N/A,N/A,N/A,N/A,N/A,N/A,N/A,N/A
Dominik Kocsis,23,1028185200,2002/08/01,NB I,2025/2026,Midfielder,Debrecen,1628,840,788,Hungary,22,11,11,3,2,1,3,2,1,0,0,6,1,5,18,9,9,3,1,0.33,0.17,0.17,0.21,0.11,543,1,90,74,407,543,0.22,85,54,-1,4,80000,6.85,0.14,81,20.20,16.91,12,389,13.39,308,65,16.00,18,0.00,0.00,1.04,24,0.00,3.22,0.62,0.52,12,0.00,0.61,0.00,0.00,0.00,0.48,1.35,0.61,14.00,2.18,1.26,2.96,0.00,0.57,0.22,0.00,0.43,0.00,0.00,0,0,,42,1.83,83,13,0.68,72,29,1.51,91,4,1,21,16,0.00,99,0,11,0.57,38,74,52,3.84,84,0,0.00,99,0,0.00,0,0,0.00,0,1.25,71,68,3.53,93,31,1.61,45.59,0,0.00,0,0,0,0.00,0,14,0.00,86,0.73,7,N/A,N/A,N/A,N/A,0.00,0,0.00,0,4.98,0.00,0,79.18,30.95,47,29,0.61,0.73,14,93,58,0,0,0,0.00,0.00,0,20,157.48,0.22,0.26,5,0,0.00,0.00,99,0.00,0,0,4,0.17,0.21,0,0.00,0.00,0.42,0.35,8,0,7.14,48,80,82,68,86,3.28,70,0.14,0.17,4.98,78,0.22,0.26,41,19,0.83,0.99,0.68,0.57,16,13,0.26,75,84,2,99,0,84,18,0,0.00,99,10,0.00,0.52,8.36,7.00,161,72,24,31,3.74,3.13,44.72,14,0.73,42,0,18.92,0,0.00,99,14,0.61,0.73,81,89,36,83,0,0,0,0,0,74,70,58,76,0,36,70,58,58,2,9,33,19,N/A,N/A
Dominik Nagy,30,799916400,1995/05/08,NB I,2025/2026,Midfielder,Nyíregyháza Spartacus,546,296,250,Hungary,12,6,6,0,0,0,0,0,0,0,0,2,0,2,11,9,2,3,0,0,0,0,0,0,0,1.81,50,46,182,0,0.49,217,250,-1,19,180000,4.53,0,46,32.08,12.19,47,195,8.75,140,30,23.03,42,0.00,0.00,0.31,5,0.00,0.88,2.63,1.00,16,0.00,0.19,0.00,0.00,0.00,0.31,0.00,0.38,0.00,0.49,0.06,0.25,0.00,0.12,0.02,0.00,0.50,0.00,0.00,0,0,,3,0.19,28,2,0.33,52,1,0.16,16,1,3,9,95,0.00,99,0,5,0.82,55,14,59,2.30,70,0,0.00,99,0,0.00,0,0,0.00,0,0.82,53,4,0.66,34,0,0.00,0.00,0,0.00,0,0,0,0.00,0,6,0.00,17,0.99,27,N/A,N/A,N/A,N/A,0.00,0,0.00,0,0.27,0.00,0,71.79,66.67,97,54,0.19,0.49,3,13,13,0,0,0,0.12,0.33,2,61,72.45,0.44,1.15,7,0,0.00,0.00,99,0.00,0,0,0,0.00,0.00,0,0.00,0.00,0.00,0.00,0,0,0.00,38,12,24,37,17,0.50,31,0.03,0.08,0.27,26,0.02,0.04,80,12,0.75,1.97,1.81,0.69,76,11,0.04,25,24,31,71,0,46,50,0,0.00,99,8,0.00,1.32,10.69,4.06,65,35,67,59,5.76,2.19,53.85,3,0.49,57,0,21.43,0,0.00,99,3,0.19,0.49,71,39,55,35,0,0,0,0,0,24,37,51,56,0,71,45,23,91,3,25,85,14,N/A,N/A
Dominik Soltész,25,975484800,2000/11/29,NB I,2025/2026,Midfielder,Várda SE,976,466,510,Hungary,16,9,7,0,0,0,2,2,0,0,0,6,4,2,16,8,8,2,0,0.18,0.18,0,0,0,0,1.48,61,61,488,488,0.18,249,45,-1,28,140000,6.00,0.12,84,35.45,21.33,59,384,15.94,287,43,26.49,55,0.00,0.00,1.28,23,0.00,5.00,2.12,1.28,23,0.00,0.44,0.00,0.00,0.00,0.61,0.44,0.61,0.00,1.48,0.72,1.28,0.00,0.17,0.05,0.00,0.61,0.00,0.00,0,0,,16,0.89,67,3,0.28,45,13,1.20,81,2,5,11,81,0.00,99,0,11,1.02,68,90,66,8.31,98,0,0.00,99,0,0.00,0,0,0.00,0,2.12,95,23,2.12,80,8,0.74,34.78,0,0.00,0,0,0,0.00,0,11,0.00,42,1.02,31,N/A,N/A,N/A,N/A,0.00,0,0.00,0,0.89,0.00,0,74.74,18.75,24,3,0.83,1.38,15,69,37,0,0,0,0.06,0.09,1,26,107.93,1.17,1.94,21,1,0.00,0.09,11,0.06,0,0,0,0.00,0.00,0,0.00,0.00,0.28,0.17,3,0,0.00,38,44,46,37,43,2.20,80,0.12,0.20,0.89,39,0.05,0.08,54,14,0.78,1.29,0.92,0.56,26,10,0.08,38,53,55,71,0,78,40,0,0.00,99,11,0.00,1.02,10.62,6.39,115,56,52,58,5.17,3.11,48.70,8,0.74,40,0,24.44,0,0.00,99,22,1.22,2.03,97,49,69,55,0,0,0,0,0,51,37,51,56,0,58,97,68,46,2,12,47,10,N/A,N/A
Domonkos Ásványi,56,N/A,N/A,NB I,2025/2026,Defender,Puskás,46,46,0,Hungary,1,1,0,0,0,0,0,0,0,0,0,0,0,0,1,1,0,1,0,0,0,0,0,0,0,1.96,46,46,46,0,1.96,-1,-1,-1,12,28000,1.00,0,46,13.70,1.17,1,7,0.67,4,3,7.83,0,0.00,0.00,0.00,0,0.00,0.00,7.83,0.67,4,0.00,0.00,0.00,0.00,0.00,0.00,0.00,0.17,0.00,0.00,0.00,0.00,0.00,0.00,0.00,0.00,0.33,0.00,0.00,0,0,,0,0.00,8,0,0.00,18,0,0.00,10,1,0,1,99,0.00,99,0,0,0.00,8,0,29,0.00,13,0,0.00,99,0,0.00,0,0,0.00,0,0.00,9,0,0.00,7,0,0.00,0.00,0,0.00,0,0,0,0.00,0,1,0.00,9,1.96,89,N/A,N/A,N/A,N/A,0.00,0,0.00,0,0.00,0.00,0,57.14,0.00,18,0,0.33,3.91,2,13,13,0,0,0,0.00,0.00,0,20,6.02,0.33,3.91,2,1,0.00,1.96,0,0.17,0,0,0,0.00,0.00,0,0.00,0.00,0.00,0.00,0,0,0.00,38,0,0,37,10,0.01,0,0.00,0.02,0.00,9,0.00,0.00,2,0,0.00,0.00,1.96,0.17,83,1,0.00,9,0,76,71,0,46,93,0,0.00,99,2,0.00,3.91,21.52,1.83,11,6,99,99,11.74,1.00,54.55,0,0.00,99,0,0.00,0,0.00,99,0,0.00,0.00,29,1,22,35,0,0,0,0,0,24,37,51,56,0,22,4,14,99,1,100,99,5,N/A,N/A
Domonkos Bene,56,N/A,N/A,NB I,2025/2026,Midfielder,MTK,0,0,0,Hungary,0,0,0,0,0,0,0,0,0,0,0,0,0,0,0,0,0,0,0,0,0,0,0,0,0,0,0,0,0,0,0,-1,-1,-1,-1,N/A,N/A,N/A,N/A,N/A,N/A,N/A,N/A,N/A,N/A,N/A,N/A,N/A,N/A,N/A,N/A,N/A,N/A,N/A,N/A,N/A,N/A,N/A,N/A,N/A,N/A,N/A,N/A,N/A,N/A,N/A,N/A,N/A,N/A,N/A,N/A,N/A,N/A,N/A,N/A,N/A,N/A,N/A,N/A,N/A,N/A,N/A,N/A,N/A,N/A,N/A,N/A,N/A,N/A,N/A,N/A,N/A,N/A,N/A,N/A,N/A,N/A,N/A,N/A,N/A,N/A,N/A,N/A,N/A,N/A,N/A,N/A,N/A,N/A,N/A,N/A,N/A,N/A,N/A,N/A,N/A,N/A,N/A,N/A,N/A,N/A,N/A,N/A,N/A,N/A,N/A,N/A,N/A,N/A,N/A,N/A,N/A,N/A,N/A,N/A,N/A,N/A,N/A,N/A,N/A,N/A,N/A,N/A,N/A,N/A,N/A,N/A,N/A,N/A,N/A,N/A,N/A,N/A,N/A,N/A,N/A,N/A,N/A,N/A,N/A,N/A,N/A,N/A,N/A,N/A,N/A,N/A,N/A,N/A,N/A,N/A,N/A,N/A,N/A,N/A,N/A,N/A,N/A,N/A,N/A,N/A,N/A,N/A,N/A,N/A,N/A,N/A,N/A,N/A,N/A,N/A,N/A,N/A,N/A,N/A,N/A,N/A,N/A,N/A,N/A,N/A,N/A,N/A,N/A,N/A,N/A,N/A,N/A,N/A,N/A,N/A,N/A,N/A,N/A,N/A,N/A,N/A,N/A,N/A,N/A,N/A,N/A,N/A,N/A,N/A,N/A,N/A,N/A,N/A,N/A,N/A,N/A,N/A,N/A,N/A,N/A,N/A,N/A,N/A,N/A,N/A,N/A,N/A,N/A,N/A,N/A,N/A,N/A,N/A,N/A,N/A,N/A,N/A,N/A,N/A,N/A,N/A,N/A,N/A
Donát Bálint Ferencsik,20,1127545200,2005/09/24,NB I,2025/2026,Defender,Kazincbarcika,24,7,17,Hungary,5,1,4,0,0,0,0,0,0,0,0,0,0,0,0,0,0,1,0,0,0,0,0,0,0,0,0,5,24,0,3.75,-1,-1,-1,30,22000,1.82,0,46,61.88,1.22,98,22,0.89,16,34,45.00,93,0.00,0.00,0.00,0,0.00,0.06,8.44,0.17,3,0.00,0.06,0.00,0.00,0.00,0.00,0.00,0.00,0.00,2.81,0.00,0.00,0.00,0.06,0.01,0.00,0.11,0.00,0.00,0,0,,1,0.06,93,1,2.81,99,0,0.00,10,0,5,0,99,0.00,99,0,0,0.00,8,1,29,2.81,76,0,0.00,99,0,0.00,0,0,0.00,0,0.00,9,0,0.00,7,0,0.00,0.00,0,0.00,0,0,0,0.00,0,0,0.00,99,0.00,0,N/A,N/A,N/A,N/A,0.00,0,0.00,0,0.15,0.00,0,72.73,100.00,99,99,0.00,0.00,0,13,13,0,0,0,0.00,0.00,0,20,32.68,0.06,2.81,1,0,0.00,0.00,99,0.00,0,0,0,0.00,0.00,0,0.00,0.00,0.00,0.00,0,0,0.00,38,0,0,37,0,0.04,47,0.00,0.11,0.15,93,0.01,0.42,99,2,0.11,5.62,8.44,0.17,99,3,0.42,90,0,67,71,0,46,98,0,0.00,99,2,0.00,5.62,39.38,0.78,14,7,99,99,19.69,0.39,50.00,1,2.81,0,0,0.00,0,0.00,99,0,0.00,0.00,29,0,69,15,0,0,0,0,0,24,37,51,56,0,21,4,14,99,1,20,69,66,N/A,N/A
Donát Bárány,25,968050800,2000/09/04,NB I,2025/2026,Forward,Debrecen,1842,940,902,Hungary,24,12,12,11,6,5,1,1,0,0,0,6,2,4,20,10,10,2,0,0.59,0.05,0.54,0.57,0.5,167,0.98,92,77,921,1842,0.1,11,131,-1,1,225000,6.67,0.04,50,17.23,14.23,5,370,9.96,259,25,12.06,6,0.00,0.00,0.58,15,0.00,0.15,0.93,0.77,20,0.00,1.00,0.00,0.00,0.00,0.04,0.35,0.62,4.82,2.47,0.96,1.50,0.00,1.08,0.43,0.00,2.23,0.00,0.00,0,0,,53,2.04,90,28,1.30,95,25,1.16,79,1,4,20,26,0.00,99,0,1,0.05,9,4,96,0.19,21,0,0.00,99,0,0.00,0,0,0.00,0,0.70,46,39,1.82,72,9,0.42,23.08,0,0.00,0,0,0,0.00,0,16,0.00,87,0.74,8,N/A,N/A,N/A,N/A,0.00,0,0.00,0,11.27,0.00,0,70.00,52.83,90,68,0.31,0.37,8,46,19,0,1,0,0.15,0.19,4,47,173.52,0.81,0.98,21,0,0.00,0.00,99,0.00,0,1,0,0.00,0.00,0,0.00,0.00,0.47,0.38,10,1,20.75,86,88,95,40,87,1.65,31,0.06,0.08,10.57,97,0.41,0.49,86,47,1.81,2.19,1.82,1.50,77,39,0.52,95,75,24,71,0,88,80,0,0.00,99,58,0.00,2.70,16.81,13.88,361,129,75,97,6.01,4.96,35.73,26,1.21,19,0,50.00,0,0.00,99,2,0.08,0.09,36,85,62,35,0,3,0,12,0,94,97,95,95,0,82,65,90,26,2,8,29,17,N/A,N/A
Donát Pálfi,26,952502400,2000/03/08,NB I,2025/2026,Goalkeeper,Debrecen,0,0,0,Hungary,0,0,0,0,0,0,0,0,0,0,0,0,0,0,0,0,0,0,0,0,0,0,0,0,0,0,0,0,0,0,0,-1,-1,-1,-1,N/A,N/A,N/A,N/A,N/A,N/A,N/A,N/A,N/A,N/A,N/A,N/A,N/A,N/A,N/A,N/A,N/A,N/A,N/A,N/A,N/A,N/A,N/A,N/A,N/A,N/A,N/A,N/A,N/A,N/A,N/A,N/A,N/A,N/A,N/A,N/A,N/A,N/A,N/A,N/A,N/A,N/A,N/A,N/A,N/A,N/A,N/A,N/A,N/A,N/A,N/A,N/A,N/A,N/A,N/A,N/A,N/A,N/A,N/A,N/A,N/A,N/A,N/A,N/A,N/A,N/A,N/A,N/A,N/A,N/A,N/A,N/A,N/A,N/A,N/A,N/A,N/A,N/A,N/A,N/A,N/A,N/A,N/A,N/A,N/A,N/A,N/A,N/A,N/A,N/A,N/A,N/A,N/A,N/A,N/A,N/A,N/A,N/A,N/A,N/A,N/A,N/A,N/A,N/A,N/A,N/A,N/A,N/A,N/A,N/A,N/A,N/A,N/A,N/A,N/A,N/A,N/A,N/A,N/A,N/A,N/A,N/A,N/A,N/A,N/A,N/A,N/A,N/A,N/A,N/A,N/A,N/A,N/A,N/A,N/A,N/A,N/A,N/A,N/A,N/A,N/A,N/A,N/A,N/A,N/A,N/A,N/A,N/A,N/A,N/A,N/A,N/A,N/A,N/A,N/A,N/A,N/A,N/A,N/A,N/A,N/A,N/A,N/A,N/A,N/A,N/A,N/A,N/A,N/A,N/A,N/A,N/A,N/A,N/A,N/A,N/A,N/A,N/A,N/A,N/A,N/A,N/A,N/A,N/A,N/A,N/A,N/A,N/A,N/A,N/A,N/A,N/A,N/A,N/A,N/A,N/A,N/A,N/A,N/A,N/A,N/A,N/A,N/A,N/A,N/A,N/A,N/A,N/A,N/A,N/A,N/A,N/A,N/A,N/A,N/A,N/A,N/A,N/A,N/A,N/A,N/A,N/A,N/A,N/A
Dorian Babunski,29,841302000,1996/08/29,NB I,2025/2026,Forward,Nyíregyháza Spartacus,880,334,546,FYR Macedonia,19,8,11,1,0,1,0,0,0,0,0,3,0,3,18,9,9,0,0,0.1,0,0.1,0,0.16,880,1.84,49,46,0,0,0,130,263,-1,12,125000,4.67,0,46,26.01,10.37,24,280,6.81,184,11,17.09,21,0.00,0.00,0.19,5,0.00,0.15,0.56,0.22,6,0.00,0.33,0.00,0.00,0.00,0.26,0.04,0.48,15.00,1.39,0.33,0.19,0.00,0.22,0.07,0.00,2.41,0.00,0.00,0,0,,15,0.56,65,6,0.56,69,9,0.84,61,1,7,12,13,0.00,99,0,7,0.65,44,4,29,0.37,29,0,0.00,99,0,0.00,0,0,0.00,0,0.46,32,5,0.46,26,1,0.09,20.00,0,0.00,0,0,0,0.00,0,13,0.00,15,1.21,48,N/A,N/A,N/A,N/A,0.00,0,0.00,0,1.81,0.00,0,65.71,40.00,72,28,0.30,0.74,8,19,17,0,0,0,0.00,0.00,0,20,126.03,0.41,1.02,11,0,0.00,0.00,99,0.00,0,0,0,0.00,0.00,0,0.00,0.00,0.84,0.33,9,0,6.67,47,39,64,85,16,0.65,17,0.02,0.06,1.81,63,0.07,0.17,66,16,0.59,1.49,1.86,0.74,79,20,0.17,60,25,27,71,0,96,98,0,0.00,99,65,0.00,6.04,16.63,6.63,179,85,97,96,7.89,3.15,47.49,9,0.84,34,0,0.00,0,0.00,99,0,0.00,0.00,29,55,80,35,0,0,0,0,0,36,52,67,56,0,53,40,14,14,0,0,14,20,N/A,N/A
Edgar Sevikyan,24,997254000,2001/08/08,NB I,2025/2026,Midfielder,Ferencváros,11,0,11,Russia,1,0,1,0,0,0,0,0,0,0,0,0,0,0,0,0,0,0,0,0,0,0,0,0,0,0,0,11,0,0,0,-1,-1,-1,32,0,6.83,0,46,65.45,8.00,99,8,6.00,6,45,49.09,95,0.00,0.00,0.00,0,0.00,2.00,0.00,0.00,0,0.00,0.00,0.00,0.00,0.00,0.00,1.00,0.00,0.00,8.18,0.00,3.00,0.00,1.00,0.11,0.00,1.00,0.00,0.00,0,0,,1,1.00,99,1,8.18,99,0,0.00,10,0,1,0,5,0.00,99,0,0,0.00,8,2,29,16.36,99,0,0.00,99,0,0.00,0,0,0.00,0,0.00,9,3,24.55,99,1,8.18,33.33,0,0.00,0,0,0,0.00,0,0,0.00,99,0.00,0,N/A,N/A,N/A,N/A,0.00,0,0.00,0,0.11,0.00,0,75.00,100.00,99,0,1.00,8.18,1,99,35,0,0,0,0.00,0.00,0,20,6.83,0.00,0.00,0,0,0.00,0.00,99,0.00,0,0,0,0.00,0.00,0,0.00,0.00,0.00,0.00,0,0,0.00,38,0,0,37,0,0.01,31,0.01,0.08,0.11,99,0.11,0.90,2,0,0.00,0.00,0.00,0.00,4,0,0.90,99,81,0,71,0,46,99,0,0.00,99,1,0.00,8.18,40.91,5.00,5,2,99,99,16.36,2.00,40.00,0,0.00,99,0,0.00,0,0.00,99,0,0.00,0.00,29,0,36,15,0,0,0,0,0,24,37,51,56,0,21,4,14,14,0,0,14,17,0,0
Eduvie Ikoba,28,877849200,1997/10/26,NB I,2025/2026,Forward,Kazincbarcika,114,41,73,USA,4,2,2,0,0,0,0,0,0,0,0,1,0,1,3,2,1,0,0,0,0,0,0,0,0,2.37,38,29,0,0,0,-1,-1,-1,19,110000,6.62,0,46,24.47,7.75,19,31,4.75,19,5,15.00,15,0.00,0.00,0.25,1,0.00,1.00,2.37,0.75,3,0.00,0.00,0.00,0.00,0.00,0.00,0.00,0.75,0.00,2.37,0.75,0.50,0.00,0.00,0.04,0.00,3.00,0.00,0.00,0,0,,3,0.75,86,0,0.00,18,3,2.37,99,6,3,1,91,0.00,99,0,0,0.00,8,4,71,3.16,78,0,0.00,99,0,0.00,0,0,0.00,0,0.79,51,2,1.58,62,0,0.00,0.00,0,0.00,0,0,0,0.00,0,3,0.00,2,2.37,93,N/A,N/A,N/A,N/A,0.00,0,0.00,0,0.14,0.00,0,61.29,0.00,18,99,0.00,0.00,0,13,13,0,0,0,0.00,0.00,0,20,26.47,1.00,3.16,4,0,0.00,0.00,99,0.00,0,0,0,0.00,0.00,0,0.00,0.00,0.79,0.25,1,0,0.00,38,0,0,37,2,0.07,17,0.02,0.06,0.14,51,0.04,0.11,32,1,0.25,0.79,3.95,1.25,99,5,0.11,49,73,72,71,0,95,99,0,0.00,99,12,0.00,9.47,25.26,8.00,32,16,99,99,12.63,4.00,50.00,0,0.00,99,0,25.00,0,0.00,99,1,0.25,0.79,83,1,55,92,0,0,0,0,0,24,37,51,56,0,48,65,14,14,0,0,14,12,N/A,N/A
Elton Acolatse,30,806655600,1995/07/25,NB I,2025/2026,Forward,Ferencváros,1688,800,888,Netherlands,22,11,11,8,4,4,7,2,5,0,0,4,3,1,27,8,19,4,0,0.8,0.37,0.43,0.45,0.41,211,1.44,63,77,422,241,0.21,19,8,-1,3,0,6.37,0.32,97,19.21,14.40,9,360,10.36,259,31,13.82,12,0.00,0.00,1.60,40,0.00,4.84,0.69,0.52,13,0.00,1.12,0.00,0.00,0.00,0.12,1.64,0.72,5.75,2.45,1.04,3.44,0.00,0.80,0.34,0.00,0.80,0.00,0.00,0,0,,46,1.84,89,20,1.07,89,26,1.39,88,4,2,20,19,0.00,99,0,3,0.16,12,121,74,6.46,94,0,0.00,99,0,0.00,0,0,0.00,0,2.13,95,86,4.59,98,41,2.19,47.67,0,0.00,0,0,0,0.00,0,18,0.00,45,0.96,25,N/A,N/A,N/A,N/A,0.00,0,0.00,0,8.59,0.00,0,71.94,43.48,77,78,0.20,0.27,5,98,64,3,1,0,0.00,0.00,0,20,159.29,0.08,0.11,2,0,0.00,0.00,99,0.00,0,4,2,0.08,0.11,0,0.00,0.00,0.69,0.52,13,0,17.39,81,82,82,43,46,6.03,97,0.24,0.32,5.79,83,0.23,0.31,73,32,1.28,1.71,1.44,1.08,61,27,0.46,92,64,0,91,0,94,41,0,0.00,99,20,0.00,1.07,12.96,9.72,243,105,62,80,5.60,4.20,43.21,28,1.49,10,0,26.45,0,0.00,99,32,1.28,1.71,95,85,45,83,0,0,0,0,0,98,94,91,91,0,21,47,60,54,4,18,65,7,0,0
Endre Botka,31,777798000,1994/08/25,NB I,2025/2026,Defender,Ferencváros,258,168,90,Hungary,3,2,1,0,0,0,0,0,0,0,0,1,1,0,3,2,1,1,0,0,0,0,0,0,0,1.05,86,86,258,0,0.35,-1,-1,-1,31,450000,2.73,0,46,73.95,26.50,99,212,22.88,183,90,63.84,99,0.00,0.00,0.25,2,0.00,0.25,2.09,0.75,6,0.00,0.00,0.00,0.00,0.00,0.62,0.38,0.00,0.00,0.00,0.00,0.38,0.00,0.00,0.00,0.00,1.00,0.00,0.00,0,0,,0,0.00,8,0,0.00,18,0,0.00,10,1,0,3,79,0.00,99,0,5,1.74,95,2,29,0.70,41,0,0.00,99,0,0.00,0,0,0.00,0,0.70,46,3,1.05,47,3,1.05,100.00,0,0.00,0,0,0,0.00,0,0,0.00,81,0.00,0,N/A,N/A,N/A,N/A,0.00,0,0.00,0,0.00,0.00,0,86.32,0.00,18,99,0.00,0.00,0,83,99,0,0,0,0.25,0.70,2,86,21.88,1.25,3.49,10,0,0.00,0.00,99,0.00,0,0,0,0.00,0.00,0,0.00,0.00,0.00,0.00,0,0,0.00,38,0,0,37,81,0.43,65,0.05,0.15,0.00,9,0.00,0.00,44,3,0.38,1.05,1.40,0.50,58,4,0.00,9,2,74,71,0,46,81,0,0.00,99,8,0.00,2.79,9.42,3.38,27,20,89,44,6.98,2.50,74.07,0,0.00,99,0,0.00,0,0.00,99,0,0.00,0.00,29,4,22,35,0,0,0,0,0,24,37,51,56,0,97,88,36,79,1,33,93,21,N/A,N/A
Enea Bitri,29,841042800,1996/08/26,NB I,2025/2026,Defender,Nyíregyháza Spartacus,414,184,230,Albania,7,3,4,0,0,0,0,0,0,0,0,1,0,1,5,3,2,0,0,0,0,0,0,0,0,1.09,83,59,0,0,0,212,169,25,20,155000,2.28,0,46,33.61,10.33,53,155,8.27,124,69,26.89,57,0.00,0.00,0.07,1,0.00,0.00,0.87,0.27,4,0.00,0.00,0.00,0.00,0.00,0.53,0.00,0.47,0.00,1.08,0.33,0.07,0.00,0.00,0.02,0.00,1.47,0.00,0.00,0,0,,5,0.33,53,0,0.00,18,5,1.08,75,1,3,4,24,0.00,99,0,8,1.73,95,0,29,0.00,13,0,0.00,99,0,0.00,0,0,0.00,0,0.22,20,1,0.22,16,0,0.00,0.00,0,0.00,0,0,0,0.00,0,7,0.00,77,1.52,71,N/A,N/A,N/A,N/A,0.00,0,0.00,0,0.26,0.00,0,80.00,0.00,18,81,0.07,0.22,1,13,13,0,0,0,0.27,0.87,4,92,34.27,3.07,9.98,46,0,0.00,0.00,99,0.00,0,0,0,0.00,0.00,0,0.00,0.00,0.00,0.00,0,0,0.00,38,4,5,37,79,0.30,22,0.02,0.07,0.26,32,0.02,0.06,12,2,0.13,0.43,0.65,0.20,14,3,0.06,31,0,99,71,0,46,97,0,0.00,99,22,0.00,4.77,9.54,2.93,44,28,76,47,6.07,1.87,63.64,0,0.00,99,0,0.00,0,0.00,99,0,0.00,0.00,29,5,55,35,0,0,0,0,0,24,37,51,56,0,63,35,14,14,0,0,14,33,N/A,N/A
Erik Kusnyír,26,949910400,2000/02/07,NB I,2025/2026,Midfielder,Debrecen,706,360,346,Hungary,8,4,4,1,1,0,0,0,0,0,0,2,1,1,9,5,4,0,0,0.13,0,0.13,0.25,0,706,1.15,78,88,0,0,0,114,183,-1,11,110000,6.98,0,46,35.46,34.62,59,277,26.25,210,48,26.88,57,0.00,0.00,0.88,7,0.00,1.75,1.92,1.88,15,0.00,0.12,0.00,0.00,0.00,1.00,0.25,1.25,8.00,1.02,0.75,0.75,0.00,0.25,0.14,0.00,1.62,0.00,0.00,0,0,,8,1.00,50,2,0.26,44,6,0.77,57,6,0,8,74,0.00,99,0,8,1.02,68,14,97,1.79,65,0,0.00,99,0,0.00,0,0,0.00,0,0.90,58,6,0.77,36,2,0.26,33.33,0,0.00,0,0,0,0.00,0,10,0.00,72,1.28,53,N/A,N/A,N/A,N/A,0.00,0,0.00,0,1.13,0.00,0,75.81,25.00,38,88,0.12,0.13,1,34,35,0,0,0,0.50,0.51,4,80,55.81,3.25,3.33,26,0,0.00,0.00,99,0.00,0,0,0,0.00,0.00,0,0.00,0.00,0.00,0.00,0,0,12.50,70,26,9,79,72,0.61,31,0.08,0.08,1.13,59,0.14,0.14,86,17,2.12,2.18,0.77,0.75,21,6,0.14,56,90,73,71,0,46,62,0,0.00,99,13,0.00,1.66,8.19,8.00,64,46,71,29,5.89,5.75,71.88,1,0.13,83,0,64.29,0,0.00,99,9,1.12,1.15,91,31,22,92,0,0,0,0,0,42,60,51,79,0,48,65,14,14,0,0,14,29,N/A,N/A
Erik Silye,29,834562800,1996/06/12,NB I,2025/2026,Defender,Paksi SE,999,549,450,Hungary,15,9,6,1,1,0,3,3,0,0,0,1,0,1,23,15,8,1,0,0.36,0.27,0.09,0.16,0,999,2.07,43,67,999,333,0.09,141,21,86,15,185000,3.92,0.2,93,32.25,14.71,48,353,9.79,235,13,21.47,38,0.00,0.00,0.75,18,0.00,2.71,0.64,0.29,7,0.00,0.17,0.00,0.00,0.00,0.29,0.17,0.79,13.00,1.19,0.42,0.54,0.00,0.12,0.06,0.00,0.75,0.00,0.00,0,0,,13,0.54,59,3,0.27,45,10,0.91,65,5,4,11,17,0.00,99,0,7,0.64,43,65,38,5.94,93,0,0.00,99,0,0.00,0,0,0.00,0,1.64,84,13,1.19,52,4,0.37,30.77,0,0.00,0,0,0,0.00,0,19,0.00,5,1.74,82,N/A,N/A,N/A,N/A,0.00,0,0.00,0,1.53,0.00,0,66.57,23.08,29,91,0.04,0.09,1,40,28,0,0,0,0.00,0.00,0,20,94.06,0.88,1.92,21,0,0.00,0.00,99,0.00,0,0,0,0.00,0.00,0,0.00,0.00,0.46,0.21,5,0,7.69,50,48,39,88,5,2.92,91,0.12,0.27,1.53,59,0.06,0.14,47,12,0.50,1.10,0.73,0.33,18,8,0.14,56,12,54,71,0,86,61,0,0.00,99,18,0.00,1.64,6.85,3.12,75,41,24,17,3.75,1.71,54.67,4,0.37,68,0,13.85,0,0.00,99,9,0.38,0.82,84,49,62,88,0,0,0,0,0,77,50,51,70,0,72,10,91,24,1,7,24,14,N/A,N/A
Fabricio Amato,21,1086332400,2004/06/04,NB I,2025/2026,Midfielder,Zalaegerszegi TE,1564,734,830,Argentina,20,9,11,1,0,1,0,0,0,0,0,7,3,4,16,6,10,5,0,0.06,0,0.06,0,0.11,1564,0.92,98,78,313,0,0.29,152,197,-1,7,0,6.13,0,46,50.95,38.52,90,886,31.78,731,78,42.04,88,0.00,0.00,0.43,10,0.00,0.22,2.19,1.65,38,0.00,0.30,0.00,0.00,0.00,1.17,0.17,0.70,10.00,0.58,0.35,0.48,0.00,0.09,0.05,0.00,2.22,0.00,0.00,0,0,,10,0.43,33,2,0.12,28,8,0.46,36,3,3,17,84,0.00,99,0,27,1.55,90,5,55,0.29,27,0,0.00,99,0,0.00,0,0,0.00,0,0.58,39,11,0.63,33,4,0.23,36.36,0,0.00,0,0,0,0.00,0,16,0.00,91,0.92,21,N/A,N/A,N/A,N/A,0.00,0,0.00,0,1.25,0.00,0,82.51,20.00,27,39,0.48,0.63,11,31,38,0,0,0,0.83,1.09,19,96,141.05,3.74,4.95,86,0,0.00,0.00,99,0.00,0,0,0,0.00,0.00,0,0.00,0.00,0.00,0.00,0,0,10.00,61,79,70,96,91,2.03,50,0.09,0.12,1.25,34,0.05,0.07,44,18,0.78,1.04,1.21,0.91,45,21,0.07,34,56,83,71,0,46,84,0,0.00,99,51,0.00,2.93,10.70,8.09,186,110,81,59,6.33,4.78,59.14,7,0.40,65,0,20.00,0,0.00,99,1,0.04,0.06,32,77,55,70,0,0,0,0,0,28,44,58,56,0,21,91,45,70,5,25,85,30,0,0
Flórián Cibla,20,1111564800,2005/03/23,NB I,2025/2026,Midfielder,Debrecen,641,428,213,Hungary,15,9,6,2,2,0,2,1,1,0,0,3,2,1,10,8,2,2,0,0.56,0.28,0.28,0.42,0,321,1.4,64,43,321,321,0.28,46,19,-1,10,45000,3.53,0.13,93,33.50,10.39,52,239,6.61,152,7,21.31,38,0.00,0.00,0.39,9,0.00,0.87,2.24,0.70,16,0.00,0.26,0.00,0.00,0.00,0.17,0.22,0.48,8.00,2.24,0.39,0.70,0.00,0.30,0.11,0.00,0.74,0.00,0.00,0,0,,16,0.70,85,7,0.98,88,9,1.26,83,6,8,7,86,0.00,99,0,4,0.56,38,20,55,2.80,76,0,0.00,99,0,0.00,0,0,0.00,0,1.26,72,16,2.24,82,5,0.70,31.25,0,0.00,0,0,0,0.00,0,11,0.00,49,1.54,72,N/A,N/A,N/A,N/A,0.00,0,0.00,0,2.48,0.00,0,63.60,43.75,78,32,0.22,0.70,5,66,29,0,0,0,0.00,0.00,0,20,81.12,0.48,1.54,11,0,0.00,0.00,99,0.00,0,0,0,0.00,0.00,0,0.00,0.00,0.14,0.04,1,0,12.50,70,20,39,53,49,1.80,89,0.08,0.25,2.48,88,0.11,0.35,68,11,0.48,1.54,2.80,0.87,95,20,0.35,87,8,44,71,0,64,75,0,0.00,99,17,0.00,2.38,14.72,4.57,105,48,86,90,6.73,2.09,45.71,6,0.84,34,0,20.00,0,0.00,99,4,0.17,0.56,74,22,84,92,0,0,0,0,0,92,84,51,90,0,24,51,46,68,2,13,50,99,N/A,N/A
Fran Brodić,29,852710400,1997/01/08,NB I,2025/2026,Forward,Újpest,591,424,167,Croatia,13,9,4,1,0,1,1,1,0,0,0,1,1,0,8,7,1,1,0,0.3,0.15,0.15,0,0.54,591,1.22,74,45,591,591,0.15,92,65,-1,12,190000,6.38,0.08,77,25.28,11.86,22,166,8.64,121,34,18.43,27,0.00,0.00,1.29,18,0.00,0.29,0.61,0.29,4,0.00,0.71,0.00,0.00,0.00,0.14,0.07,0.29,15.00,2.28,0.50,0.43,0.00,0.57,0.15,0.00,1.21,0.00,0.00,0,0,,15,1.07,86,8,1.22,94,7,1.07,74,3,7,6,15,0.00,99,0,2,0.30,21,4,29,0.61,38,0,0.00,99,0,0.00,0,0,0.00,0,2.74,99,6,0.91,42,1,0.15,16.67,0,0.00,0,0,0,0.00,0,4,0.00,67,0.61,3,N/A,N/A,N/A,N/A,0.00,0,0.00,0,2.08,0.00,0,72.89,53.33,90,74,0.14,0.30,2,25,16,0,0,0,0.00,0.00,0,20,89.26,0.57,1.22,8,0,0.00,0.00,99,0.00,0,0,1,0.07,0.15,0,0.00,0.00,0.46,0.21,3,0,6.67,47,17,30,72,67,1.56,88,0.11,0.24,2.08,85,0.15,0.32,88,15,1.07,2.28,2.28,1.07,89,15,0.32,83,64,34,96,0,86,77,0,0.00,99,17,0.00,2.59,12.94,6.07,85,37,64,79,5.63,2.64,43.53,10,1.52,9,0,0.00,0,0.00,99,0,0.00,0.00,29,16,80,70,0,0,0,0,0,69,66,96,56,0,74,13,76,38,1,8,29,9,N/A,N/A
Francisco Jesús López De La Manzanara Delgado,29,842511600,1996/09/12,NB I,2025/2026,Midfielder,Debrecen,136,53,83,Spain,10,5,5,0,0,0,0,0,0,0,0,2,0,2,1,1,0,2,0,0,0,0,0,0,0,0.66,136,14,68,0,1.32,-1,-1,-1,21,140000,2.65,0,46,55.84,3.86,95,85,3.18,70,78,45.99,94,0.00,0.00,0.09,2,0.00,0.00,1.97,0.14,3,0.00,0.00,0.00,0.00,0.00,0.14,0.00,0.09,0.00,0.00,0.00,0.00,0.00,0.00,0.00,0.00,0.23,0.00,0.00,0,0,,0,0.00,8,0,0.00,18,0,0.00,10,0,10,0,76,0.00,99,0,3,1.97,98,0,29,0.00,13,0,0.00,99,0,0.00,0,0,0.00,0,1.31,74,0,0.00,7,0,0.00,0.00,0,0.00,0,0,0,0.00,0,2,0.00,99,1.31,55,N/A,N/A,N/A,N/A,0.00,0,0.00,0,0.00,0.00,0,82.35,0.00,18,5,0.09,1.31,2,13,13,0,0,0,0.00,0.00,0,20,58.37,0.41,5.91,9,0,0.00,0.00,99,0.00,0,0,0,0.00,0.00,0,0.00,0.00,0.00,0.00,0,0,0.00,38,0,16,37,99,0.22,62,0.01,0.14,0.00,9,0.00,0.00,95,4,0.18,2.63,1.97,0.14,83,3,0.00,9,2,88,71,0,46,88,0,0.00,99,5,0.00,3.28,15.11,1.05,23,12,97,91,7.88,0.55,52.17,0,0.00,99,0,0.00,0,0.00,99,0,0.00,0.00,29,0,91,15,0,0,0,0,0,24,37,51,56,0,58,51,14,99,2,20,69,16,N/A,N/A
Franko Kovačević,26,934095600,1999/08/08,NB I,2025/2026,Forward,Ferencváros,461,248,213,Croatia,6,3,3,4,3,1,0,0,0,0,0,2,1,1,5,4,1,1,0,0.78,0,0.78,1.09,0.42,115,0.98,92,77,461,0,0.2,3,141,-1,4,380000,5.99,0,46,11.91,8.71,1,61,5.86,41,14,8.00,1,0.00,0.00,0.29,2,0.00,0.29,0.39,0.29,2,0.00,0.71,0.00,0.00,0.00,0.14,0.14,0.71,4.00,3.12,0.71,0.57,0.00,1.57,0.57,0.00,1.00,0.00,0.00,0,0,,16,2.29,96,11,2.15,99,5,0.98,71,11,0,6,10,0.00,99,0,1,0.20,15,2,96,0.39,30,0,0.00,99,0,0.00,0,0,0.00,0,0.39,29,4,0.78,36,1,0.20,25.00,0,0.00,0,0,0,0.00,0,5,0.00,87,0.98,26,N/A,N/A,N/A,N/A,0.00,0,0.00,0,4.01,0.00,0,67.21,68.75,97,65,0.29,0.39,2,28,23,0,1,0,0.14,0.20,1,48,41.94,0.71,0.98,5,0,0.00,0.00,99,0.00,0,1,1,0.14,0.20,0,0.00,0.00,0.78,0.57,4,0,25.00,91,5,3,37,87,0.19,7,0.03,0.04,3.31,99,0.47,0.65,90,12,1.71,2.34,1.37,1.00,57,7,0.78,99,53,24,98,0,95,52,0,0.00,99,7,0.00,1.37,10.35,7.57,53,22,33,57,4.30,3.14,41.51,5,0.98,28,0,50.00,0,0.00,99,1,0.14,0.20,49,16,22,99,0,0,0,0,0,98,99,92,99,0,95,88,65,51,1,17,62,19,N/A,N/A
Gábor Jurek,21,1088924400,2004/07/04,NB I,2025/2026,Forward,MTK,784,378,406,Hungary,20,9,11,2,1,1,1,1,0,0,0,3,2,1,20,10,10,1,0,0.34,0.11,0.23,0.24,0.22,392,2.3,39,39,784,784,0.11,58,94,-1,8,0,5.43,0.05,65,27.08,9.76,29,244,7.00,175,29,19.42,31,0.00,0.00,0.68,17,0.00,2.12,1.22,0.44,11,0.00,0.48,0.00,0.00,0.00,0.40,0.32,0.68,9.00,2.00,0.40,0.52,0.00,0.32,0.11,0.00,0.36,0.00,0.00,0,0,,18,0.72,79,8,0.89,84,10,1.11,76,3,12,8,40,0.00,99,0,10,1.11,72,53,41,5.88,93,0,0.00,99,0,0.00,0,0,0.00,0,1.89,89,13,1.44,60,8,0.89,61.54,0,0.00,0,0,0,0.00,0,17,0.00,2,1.89,87,N/A,N/A,N/A,N/A,0.00,0,0.00,0,2.74,0.00,0,71.72,44.44,80,26,0.28,0.78,7,77,84,0,0,0,0.08,0.22,2,52,135.81,0.36,1.00,9,0,0.00,0.00,99,0.00,0,0,0,0.00,0.00,0,0.00,0.00,0.22,0.08,2,0,11.11,64,32,70,58,2,1.66,74,0.07,0.18,2.74,82,0.11,0.30,57,12,0.48,1.33,1.11,0.40,40,10,0.30,81,40,25,71,0,75,40,0,0.00,99,9,0.00,1.00,8.99,3.24,81,38,32,40,4.22,1.52,46.91,12,1.33,15,0,15.09,0,0.00,99,8,0.32,0.89,85,31,96,70,0,0,0,0,0,74,79,72,78,0,21,38,88,26,1,5,20,10,0,0
Gábor Makrai,29,835772400,1996/06/26,NB I,2025/2026,Forward,Kazincbarcika,222,82,140,Hungary,11,4,7,1,1,0,1,0,1,0,0,0,0,0,3,2,1,1,0,0.81,0.41,0.41,1.1,0,222,1.22,74,20,222,222,0.41,-1,-1,-1,11,58000,2.91,0.09,98,18.00,2.44,7,44,1.83,33,45,13.50,12,0.00,0.00,0.17,3,0.00,0.11,0.82,0.11,2,0.00,0.39,0.00,0.00,0.00,0.00,0.17,0.17,4.00,1.64,0.11,0.44,0.00,0.11,0.05,0.00,0.11,0.00,0.00,0,0,,4,0.22,70,2,0.82,81,2,0.82,60,3,10,1,21,0.00,99,0,0,0.00,8,2,96,0.82,45,0,0.00,99,0,0.00,0,0,0.00,0,1.23,70,8,3.27,91,3,1.23,37.50,0,0.00,0,0,0,0.00,0,3,0.00,67,1.23,49,N/A,N/A,N/A,N/A,0.00,0,0.00,0,0.95,0.00,0,75.00,50.00,89,23,0.11,0.82,2,89,40,0,0,0,0.00,0.00,0,20,52.33,0.11,0.82,2,0,0.00,0.00,99,0.00,0,0,0,0.00,0.00,0,0.00,0.00,0.00,0.00,0,0,25.00,91,0,19,45,67,0.74,94,0.04,0.30,0.95,91,0.05,0.39,71,4,0.22,1.64,2.45,0.33,90,6,0.39,90,2,17,71,0,46,33,0,0.00,99,2,0.00,0.82,14.32,1.94,35,10,29,88,4.09,0.56,28.57,7,2.86,0,0,50.00,0,0.00,99,1,0.06,0.41,65,1,91,70,0,0,0,0,0,99,92,51,99,0,27,4,30,84,1,9,33,7,N/A,N/A
Gábor Megyeri,23,1040025600,2002/12/16,NB I,2025/2026,Goalkeeper,Diósgyőr,90,90,0,Hungary,1,1,0,0,0,0,0,0,0,0,0,0,0,0,2,2,0,1,0,0,0,0,0,0,0,2,45,90,90,0,1,-1,-1,-1,24,75000,0.31,0,46,27.00,1.29,29,27,0.90,19,25,19.00,29,0.00,0.00,0.00,0,0.00,0.00,0.00,0.00,0,0.00,0.00,0.00,0.00,0.19,0.00,0.00,0.29,0.00,0.00,0.00,0.00,0.00,0.00,0.00,0.00,0.00,0.00,0.00,0,0,,0,0.00,8,0,0.00,18,0,0.00,10,0,0,1,5,0.00,99,0,0,0.00,8,0,29,0.00,13,0,0.00,99,0,0.00,0,0,0.00,0,0.00,9,0,0.00,7,0,0.00,0.00,0,0.00,0,4,33,4.00,94,6,0.00,8,6.00,99,N/A,N/A,N/A,N/A,66.67,0,0.00,0,0.00,0.00,0,70.37,0.00,18,15,0.05,1.00,1,13,13,0,0,3,0.00,0.00,0,20,6.42,0.05,1.00,1,1,0.00,1.00,0,0.05,1,0,0,0.00,0.00,0,0.00,0.00,0.00,0.00,0,0,0.00,38,0,0,37,8,0.04,7,0.00,0.04,0.00,9,0.00,0.00,2,0,0.00,0.00,1.00,0.05,31,1,0.00,9,0,25,71,0,46,0,0,0.00,99,0,0.00,0.00,2.00,0.10,2,0,0,7,0.00,0.00,0.00,0,0.00,99,0,0.00,0,0.00,99,0,0.00,0.00,29,1,22,15,0,0,0,0,0,24,37,51,56,0,33,4,14,99,1,100,99,31,N/A,N/A
Gábor Molnár,31,769071600,1994/05/16,NB I,2025/2026,Forward,Várda SE,661,470,191,Hungary,21,11,10,2,2,0,1,1,0,0,0,7,5,2,12,10,2,2,0,0.41,0.14,0.27,0.38,0,331,1.63,55,31,331,661,0.27,48,75,-1,6,115000,5.40,0.05,74,45.07,13.20,81,330,10.16,254,53,34.69,76,0.00,0.00,0.48,12,0.00,1.20,1.50,0.44,11,0.00,0.24,0.00,0.00,0.00,0.08,0.28,0.24,7.50,2.05,0.44,0.48,0.00,0.16,0.09,0.00,0.24,0.00,0.00,0,0,,15,0.60,80,4,0.55,68,11,1.50,90,4,16,5,57,0.00,99,0,2,0.27,19,30,63,4.10,86,0,0.00,99,0,0.00,0,0,0.00,0,1.64,84,12,1.64,66,7,0.96,58.33,0,0.00,0,0,0,0.00,0,6,0.00,29,0.82,12,N/A,N/A,N/A,N/A,0.00,0,0.00,0,2.23,0.00,0,76.97,26.67,40,47,0.16,0.55,4,80,83,0,0,0,0.12,0.41,3,69,135.12,0.44,1.50,11,1,0.00,0.14,4,0.04,0,0,2,0.08,0.27,0,0.00,0.00,0.41,0.12,3,0,13.33,71,22,77,54,29,1.52,84,0.06,0.21,2.23,82,0.09,0.30,46,8,0.32,1.09,0.82,0.24,23,6,0.30,81,38,43,99,0,84,33,0,0.00,99,6,0.00,0.82,7.78,2.28,57,32,35,26,4.37,1.28,56.14,6,0.82,35,0,23.33,0,0.00,99,7,0.28,0.96,86,10,99,83,0,0,0,0,0,79,83,51,88,0,48,88,49,67,2,10,37,16,N/A,N/A
Gábor Sándor Szalai,25,960534000,2000/06/09,NB I,2025/2026,Defender,Ferencváros,1935,863,1072,Hungary,24,11,13,2,1,1,0,0,0,0,0,7,2,5,23,15,8,1,0,0.09,0,0.09,0.1,0.08,968,1.07,84,81,1935,0,0.05,135,249,21,10,260000,6.62,0,46,51.81,44.56,92,1114,36.00,900,72,41.86,88,0.00,0.00,0.16,4,0.00,0.28,1.40,1.20,30,0.00,0.08,0.00,0.00,0.00,0.88,0.04,0.88,11.50,1.07,0.76,0.12,0.00,0.16,0.10,0.00,2.72,0.00,0.00,0,0,,23,0.92,52,4,0.19,36,19,0.88,63,2,4,20,51,0.00,99,0,22,1.02,68,7,97,0.33,28,0,0.00,99,0,0.00,0,0,0.00,0,0.19,18,3,0.14,13,1,0.05,33.33,0,0.00,0,0,0,0.00,0,22,0.00,81,1.02,31,N/A,N/A,N/A,N/A,0.00,0,0.00,0,2.55,0.00,0,80.79,17.39,22,81,0.20,0.23,5,14,35,0,0,0,0.44,0.51,11,80,165.47,5.36,6.23,134,0,0.00,0.00,99,0.00,0,0,2,0.08,0.09,0,0.00,0.00,0.00,0.00,0,1,8.70,55,90,95,87,80,2.25,43,0.09,0.10,2.55,53,0.10,0.12,32,17,0.68,0.79,0.98,0.84,29,21,0.12,51,73,92,90,0,46,88,0,0.00,99,68,0.00,3.16,9.02,7.76,194,115,55,40,5.35,4.60,59.28,2,0.09,85,0,57.14,0,0.00,99,4,0.16,0.19,48,85,62,55,0,0,0,0,0,33,50,51,60,0,85,75,99,16,1,4,17,22,N/A,N/A
Gábor Vas,22,1062140400,2003/08/29,NB I,2025/2026,Defender,Paksi SE,223,133,90,Hungary,3,2,1,0,0,0,0,0,0,0,0,0,0,0,5,4,1,0,0,0,0,0,0,0,0,2.02,45,74,0,0,0,-1,-1,-1,27,225000,4.77,0,46,41.97,26.00,74,104,20.75,83,67,33.50,73,0.00,0.00,0.25,1,0.00,0.00,1.21,0.75,3,0.00,0.00,0.00,0.00,0.00,2.00,0.00,1.25,0.00,0.00,0.00,0.00,0.00,0.00,0.00,0.00,1.00,0.00,0.00,0,0,,0,0.00,8,0,0.00,18,0,0.00,10,1,0,3,39,0.00,99,0,8,3.23,99,0,29,0.00,13,0,0.00,99,0,0.00,0,0,0.00,0,0.40,29,0,0.00,7,0,0.00,0.00,0,0.00,0,0,0,0.00,0,5,0.00,8,2.02,90,N/A,N/A,N/A,N/A,0.00,0,0.00,0,0.00,0.00,0,79.81,0.00,18,8,0.75,1.21,3,13,13,0,0,0,0.00,0.00,0,20,19.06,3.50,5.65,14,1,0.00,0.40,0,0.25,0,0,0,0.00,0.00,0,0.00,0.00,0.00,0.00,0,0,0.00,38,0,0,37,8,0.19,31,0.05,0.08,0.00,9,0.00,0.00,52,3,0.75,1.21,0.81,0.50,22,2,0.00,9,28,87,71,0,46,60,0,0.00,99,4,0.00,1.61,8.07,5.00,20,10,28,27,4.04,2.50,50.00,0,0.00,99,0,0.00,0,0.00,99,0,0.00,0.00,29,4,22,35,0,0,0,0,0,24,37,51,56,0,82,4,14,14,0,0,14,12,N/A,N/A
Gavriel Gilad Kanichowsky,28,872406000,1997/08/24,NB I,2025/2026,Midfielder,Ferencváros,1472,650,822,Israel,20,10,10,3,2,1,1,1,0,0,0,7,2,5,16,11,5,0,0,0.24,0.06,0.18,0.28,0.11,491,0.98,92,74,0,1472,0,78,129,-1,5,550000,6.87,0.05,53,53.32,41.67,94,875,36.52,767,94,46.74,95,0.00,0.00,1.57,33,0.00,2.19,2.01,1.57,33,0.00,0.57,0.00,0.00,0.00,0.86,0.52,0.76,9.00,1.65,0.86,1.19,0.00,0.43,0.18,0.00,0.57,0.00,0.00,0,0,,27,1.29,70,9,0.55,68,18,1.10,76,3,2,18,77,0.00,99,0,18,1.10,72,46,73,2.80,76,0,0.00,99,0,0.00,0,0,0.00,0,2.01,92,25,1.52,61,11,0.67,44.00,0,0.00,0,0,0,0.00,0,16,0.00,87,0.97,26,N/A,N/A,N/A,N/A,0.00,0,0.00,0,3.87,0.00,0,87.66,33.33,56,7,0.95,1.22,20,63,53,0,0,0,0.10,0.12,2,31,144.20,0.57,0.73,12,0,0.00,0.00,99,0.00,0,0,1,0.05,0.06,0,0.00,0.00,0.12,0.10,2,0,11.11,64,76,70,65,87,3.59,86,0.17,0.22,3.87,75,0.18,0.24,74,29,1.38,1.77,0.73,0.57,18,12,0.24,72,85,15,79,0,59,26,0,0.00,99,12,0.00,0.73,9.57,7.48,157,84,50,48,5.12,4.00,53.50,12,0.73,42,0,26.09,0,0.00,99,12,0.57,0.73,81,79,45,70,0,0,0,0,0,62,72,58,83,0,98,91,14,14,0,0,14,36,N/A,N/A
George Dănuţ Ganea,26,927702000,1999/05/26,NB I,2025/2026,Forward,Újpest,37,16,21,Romania,7,3,4,0,0,0,0,0,0,0,0,1,0,1,0,0,0,1,0,0,0,0,0,0,0,0,0,5,37,0,2.43,-1,-1,-1,27,0,1.84,0,46,31.50,1.00,43,14,0.50,7,1,15.75,16,0.00,0.00,0.07,1,0.00,0.36,0.00,0.00,0,0.00,0.07,0.00,0.00,0.00,0.07,0.00,0.00,0.00,2.25,0.07,0.21,0.00,0.00,0.00,0.00,0.14,0.00,0.00,0,0,,1,0.07,85,0,0.00,18,1,2.25,98,0,6,0,5,0.00,99,0,1,2.25,99,5,92,11.25,99,0,0.00,99,0,0.00,0,0,0.00,0,2.25,96,3,6.75,99,0,0.00,0.00,0,0.00,0,0,0,0.00,0,0,0.00,99,0.00,0,N/A,N/A,N/A,N/A,0.00,0,0.00,0,0.05,0.00,0,50.00,0.00,18,99,0.00,0.00,0,13,13,0,0,0,0.00,0.00,0,20,25.77,0.07,2.25,1,0,0.00,0.00,99,0.00,0,0,0,0.00,0.00,0,0.00,0.00,2.25,0.07,1,0,0.00,38,0,5,37,0,0.05,47,0.00,0.11,0.05,51,0.00,0.11,87,1,0.07,2.25,6.75,0.21,99,3,0.11,49,0,59,71,0,99,96,0,0.00,99,2,0.00,4.50,29.25,0.93,13,2,36,99,4.50,0.14,15.38,1,2.25,2,0,40.00,0,0.00,99,2,0.14,4.50,99,0,76,15,0,0,0,0,0,24,37,51,56,0,21,35,14,99,1,14,53,32,0,0
Georgiy Harutyunyan,21,1092034800,2004/08/09,NB I,2025/2026,Defender,Puskás,986,513,473,Armenia,19,11,8,0,0,0,1,0,1,0,0,5,2,3,15,8,7,2,0,0.09,0.09,0,0,0,0,1.37,66,52,493,986,0.18,226,106,43,20,220000,4.27,0.05,61,44.22,19.40,78,485,16.08,402,80,36.66,80,0.00,0.00,0.08,2,0.00,0.08,2.37,1.04,26,0.00,0.04,0.00,0.00,0.00,0.68,0.04,0.60,0.00,0.55,0.24,0.16,0.00,0.00,0.01,0.00,1.24,0.00,0.00,0,0,,6,0.24,31,0,0.00,18,6,0.55,42,2,10,9,91,0.00,99,0,17,1.55,90,2,29,0.18,20,0,0.00,99,0,0.00,0,0,0.00,0,0.18,17,4,0.36,20,1,0.09,25.00,0,0.00,0,0,0,0.00,0,15,0.00,51,1.37,61,N/A,N/A,N/A,N/A,0.00,0,0.00,0,0.35,0.00,0,82.89,0.00,18,29,0.32,0.73,8,19,23,0,0,0,0.16,0.36,4,65,106.69,2.96,6.75,74,0,0.00,0.00,99,0.00,0,0,0,0.00,0.00,0,0.00,0.00,0.09,0.04,1,0,0.00,38,46,64,37,53,1.49,62,0.06,0.14,0.35,22,0.01,0.03,14,5,0.20,0.46,1.55,0.68,66,17,0.03,22,18,95,71,0,55,83,0,0.00,99,31,0.00,2.83,11.03,4.84,121,63,66,65,5.74,2.52,52.07,1,0.09,85,0,0.00,0,0.00,99,0,0.00,0.00,29,39,91,55,0,0,0,0,0,33,37,51,56,0,81,68,69,46,2,11,41,21,N/A,N/A
Gergő Bánfalvi,20,1121324400,2005/07/14,NB I,2025/2026,Midfielder,Kazincbarcika,0,0,0,Hungary,0,0,0,0,0,0,0,0,0,0,0,0,0,0,0,0,0,0,0,0,0,0,0,0,0,0,0,0,0,0,0,-1,-1,-1,-1,N/A,N/A,N/A,N/A,N/A,N/A,N/A,N/A,N/A,N/A,N/A,N/A,N/A,N/A,N/A,N/A,N/A,N/A,N/A,N/A,N/A,N/A,N/A,N/A,N/A,N/A,N/A,N/A,N/A,N/A,N/A,N/A,N/A,N/A,N/A,N/A,N/A,N/A,N/A,N/A,N/A,N/A,N/A,N/A,N/A,N/A,N/A,N/A,N/A,N/A,N/A,N/A,N/A,N/A,N/A,N/A,N/A,N/A,N/A,N/A,N/A,N/A,N/A,N/A,N/A,N/A,N/A,N/A,N/A,N/A,N/A,N/A,N/A,N/A,N/A,N/A,N/A,N/A,N/A,N/A,N/A,N/A,N/A,N/A,N/A,N/A,N/A,N/A,N/A,N/A,N/A,N/A,N/A,N/A,N/A,N/A,N/A,N/A,N/A,N/A,N/A,N/A,N/A,N/A,N/A,N/A,N/A,N/A,N/A,N/A,N/A,N/A,N/A,N/A,N/A,N/A,N/A,N/A,N/A,N/A,N/A,N/A,N/A,N/A,N/A,N/A,N/A,N/A,N/A,N/A,N/A,N/A,N/A,N/A,N/A,N/A,N/A,N/A,N/A,N/A,N/A,N/A,N/A,N/A,N/A,N/A,N/A,N/A,N/A,N/A,N/A,N/A,N/A,N/A,N/A,N/A,N/A,N/A,N/A,N/A,N/A,N/A,N/A,N/A,N/A,N/A,N/A,N/A,N/A,N/A,N/A,N/A,N/A,N/A,N/A,N/A,N/A,N/A,N/A,N/A,N/A,N/A,N/A,N/A,N/A,N/A,N/A,N/A,N/A,N/A,N/A,N/A,N/A,N/A,N/A,N/A,N/A,N/A,N/A,N/A,N/A,N/A,N/A,N/A,N/A,N/A,N/A,N/A,N/A,N/A,N/A,N/A,N/A,N/A,N/A,N/A,N/A,N/A,N/A,N/A,N/A,N/A,N/A,N/A
Gergő Gyurkits,23,1023260400,2002/06/05,NB I,2025/2026,Midfielder,Paksi SE,1032,557,475,Hungary,22,12,10,5,4,1,2,0,2,0,0,2,1,1,17,14,3,4,0,0.61,0.17,0.44,0.65,0.19,206,1.48,61,47,258,516,0.35,18,50,-1,3,95000,5.65,0.09,81,27.56,12.80,31,320,9.08,227,26,19.55,33,0.00,0.00,0.68,17,0.00,3.52,1.55,0.72,18,0.00,0.40,0.00,0.00,0.00,0.12,0.48,0.68,6.40,2.76,0.76,1.08,0.00,0.52,0.22,0.00,0.32,0.00,0.00,0,0,,32,1.28,91,13,1.12,91,19,1.64,92,7,10,12,61,0.00,99,0,3,0.26,19,88,52,7.58,95,0,0.00,99,0,0.00,0,0,0.00,0,1.46,78,27,2.33,84,12,1.03,44.44,0,0.00,0,0,0,0.00,0,17,0.00,42,1.46,67,N/A,N/A,N/A,N/A,0.00,0,0.00,0,5.58,0.00,0,70.94,40.62,72,8,0.56,1.21,14,83,56,1,1,0,0.08,0.17,2,42,141.13,0.44,0.95,11,1,0.00,0.09,11,0.04,0,2,0,0.00,0.00,0,0.00,0.00,0.00,0.00,0,0,15.62,76,50,82,43,43,2.25,76,0.09,0.19,4.18,89,0.17,0.36,75,21,0.84,1.81,2.58,1.20,93,30,0.48,94,45,22,71,0,46,25,0,0.00,99,8,0.00,0.69,12.83,5.96,149,59,50,78,5.08,2.36,39.60,10,0.86,33,0,19.32,0,0.00,99,17,0.68,1.46,93,55,91,97,0,0,0,0,0,94,94,68,97,0,42,16,36,79,4,18,65,18,N/A,N/A
Gergő Holdampf,31,775638000,1994/07/31,NB I,2025/2026,Midfielder,Diósgyőr,991,490,501,Hungary,21,10,11,0,0,0,0,0,0,0,0,3,3,0,14,6,8,6,0,0,0,0,0,0,0,1.27,71,47,165,0,0.54,241,226,-1,25,150000,5.47,0,46,34.08,15.54,55,373,12.08,290,59,26.50,56,0.00,0.00,0.25,6,0.00,0.38,1.19,0.54,13,0.00,0.17,0.00,0.00,0.00,0.75,0.04,0.54,2.00,0.18,-0.04,0.25,0.00,0.12,0.04,0.00,0.50,0.00,0.00,0,0,,2,0.08,12,3,0.27,45,-1,-0.09,0,2,11,10,38,0.00,99,0,18,1.64,91,9,33,0.82,45,0,0.00,99,0,0.00,0,0,0.00,0,0.55,39,6,0.55,30,1,0.09,16.67,0,0.00,0,0,0,0.00,0,13,0.00,61,1.19,48,N/A,N/A,N/A,N/A,0.00,0,0.00,0,0.92,0.00,0,77.75,150.00,99,14,0.46,1.01,11,19,16,0,0,0,0.17,0.37,4,66,131.17,1.42,3.11,34,0,0.00,0.00,99,0.00,0,0,0,0.00,0.00,0,0.00,0.00,0.18,0.08,2,0,50.00,99,46,77,37,62,0.71,17,0.03,0.06,0.92,39,0.04,0.08,42,11,0.46,1.01,2.19,1.00,87,24,0.08,38,40,71,71,0,70,42,0,0.00,99,12,0.00,1.10,8.50,3.88,93,36,16,33,3.29,1.50,38.71,4,0.37,68,0,11.11,0,0.00,99,1,0.04,0.09,36,45,93,55,0,0,0,0,0,24,37,51,56,0,62,35,20,94,6,29,89,25,N/A,N/A
Gergő Szécsi,37,602841600,1989/02/07,NB I,2025/2026,Goalkeeper,Ferencváros,0,0,0,Hungary,0,0,0,0,0,0,0,0,0,0,0,0,0,0,0,0,0,0,0,0,0,0,0,0,0,0,0,0,0,0,0,-1,-1,-1,-1,N/A,N/A,N/A,N/A,N/A,N/A,N/A,N/A,N/A,N/A,N/A,N/A,N/A,N/A,N/A,N/A,N/A,N/A,N/A,N/A,N/A,N/A,N/A,N/A,N/A,N/A,N/A,N/A,N/A,N/A,N/A,N/A,N/A,N/A,N/A,N/A,N/A,N/A,N/A,N/A,N/A,N/A,N/A,N/A,N/A,N/A,N/A,N/A,N/A,N/A,N/A,N/A,N/A,N/A,N/A,N/A,N/A,N/A,N/A,N/A,N/A,N/A,N/A,N/A,N/A,N/A,N/A,N/A,N/A,N/A,N/A,N/A,N/A,N/A,N/A,N/A,N/A,N/A,N/A,N/A,N/A,N/A,N/A,N/A,N/A,N/A,N/A,N/A,N/A,N/A,N/A,N/A,N/A,N/A,N/A,N/A,N/A,N/A,N/A,N/A,N/A,N/A,N/A,N/A,N/A,N/A,N/A,N/A,N/A,N/A,N/A,N/A,N/A,N/A,N/A,N/A,N/A,N/A,N/A,N/A,N/A,N/A,N/A,N/A,N/A,N/A,N/A,N/A,N/A,N/A,N/A,N/A,N/A,N/A,N/A,N/A,N/A,N/A,N/A,N/A,N/A,N/A,N/A,N/A,N/A,N/A,N/A,N/A,N/A,N/A,N/A,N/A,N/A,N/A,N/A,N/A,N/A,N/A,N/A,N/A,N/A,N/A,N/A,N/A,N/A,N/A,N/A,N/A,N/A,N/A,N/A,N/A,N/A,N/A,N/A,N/A,N/A,N/A,N/A,N/A,N/A,N/A,N/A,N/A,N/A,N/A,N/A,N/A,N/A,N/A,N/A,N/A,N/A,N/A,N/A,N/A,N/A,N/A,N/A,N/A,N/A,N/A,N/A,N/A,N/A,N/A,N/A,N/A,N/A,N/A,N/A,N/A,N/A,N/A,N/A,N/A,N/A,N/A,N/A,N/A,N/A,N/A,N/A,N/A
Gergő Szőke,22,1072425600,2003/12/26,NB I,2025/2026,Midfielder,Kazincbarcika,912,268,644,Hungary,19,8,11,0,0,0,1,0,1,0,0,3,1,2,23,8,15,6,0,0.1,0.1,0,0,0,0,2.27,40,48,152,912,0.59,221,102,-1,31,50000,4.46,0.05,63,34.37,13.96,57,349,10.72,268,52,26.39,55,0.00,0.00,0.12,3,0.00,0.08,2.26,0.92,23,0.00,0.32,0.00,0.00,0.00,0.44,0.04,0.76,0.00,0.20,0.08,0.24,0.00,0.00,0.00,0.00,0.40,0.00,0.00,0,0,,2,0.08,13,0,0.00,18,2,0.20,18,4,9,10,87,0.00,99,0,11,1.08,70,2,29,0.20,21,0,0.00,99,0,0.00,0,0,0.00,0,0.30,25,6,0.59,32,1,0.10,16.67,0,0.00,0,0,0,0.00,0,19,0.00,3,1.87,86,N/A,N/A,N/A,N/A,0.00,0,0.00,0,0.12,0.00,0,76.79,0.00,18,54,0.20,0.49,5,20,16,0,0,0,0.04,0.10,1,28,111.44,1.56,3.84,39,0,0.00,0.00,99,0.00,0,0,1,0.04,0.10,0,0.00,0.00,0.00,0.00,0,0,0.00,38,41,64,37,3,1.28,57,0.05,0.13,0.12,14,0.00,0.01,32,8,0.32,0.79,2.66,1.08,93,27,0.01,14,22,76,90,0,46,39,0,0.00,99,10,0.00,0.98,9.45,3.84,96,42,29,46,4.14,1.68,43.75,8,0.79,36,0,0.00,0,0.00,99,0,0.00,0.00,29,45,87,83,0,0,0,0,0,36,37,51,56,0,26,40,18,97,6,32,92,6,N/A,N/A
Gergő Tercza,56,N/A,N/A,NB I,2025/2026,Defender,Debrecen,0,0,0,Hungary,0,0,0,0,0,0,0,0,0,0,0,0,0,0,0,0,0,0,0,0,0,0,0,0,0,0,0,0,0,0,0,-1,-1,-1,-1,N/A,N/A,N/A,N/A,N/A,N/A,N/A,N/A,N/A,N/A,N/A,N/A,N/A,N/A,N/A,N/A,N/A,N/A,N/A,N/A,N/A,N/A,N/A,N/A,N/A,N/A,N/A,N/A,N/A,N/A,N/A,N/A,N/A,N/A,N/A,N/A,N/A,N/A,N/A,N/A,N/A,N/A,N/A,N/A,N/A,N/A,N/A,N/A,N/A,N/A,N/A,N/A,N/A,N/A,N/A,N/A,N/A,N/A,N/A,N/A,N/A,N/A,N/A,N/A,N/A,N/A,N/A,N/A,N/A,N/A,N/A,N/A,N/A,N/A,N/A,N/A,N/A,N/A,N/A,N/A,N/A,N/A,N/A,N/A,N/A,N/A,N/A,N/A,N/A,N/A,N/A,N/A,N/A,N/A,N/A,N/A,N/A,N/A,N/A,N/A,N/A,N/A,N/A,N/A,N/A,N/A,N/A,N/A,N/A,N/A,N/A,N/A,N/A,N/A,N/A,N/A,N/A,N/A,N/A,N/A,N/A,N/A,N/A,N/A,N/A,N/A,N/A,N/A,N/A,N/A,N/A,N/A,N/A,N/A,N/A,N/A,N/A,N/A,N/A,N/A,N/A,N/A,N/A,N/A,N/A,N/A,N/A,N/A,N/A,N/A,N/A,N/A,N/A,N/A,N/A,N/A,N/A,N/A,N/A,N/A,N/A,N/A,N/A,N/A,N/A,N/A,N/A,N/A,N/A,N/A,N/A,N/A,N/A,N/A,N/A,N/A,N/A,N/A,N/A,N/A,N/A,N/A,N/A,N/A,N/A,N/A,N/A,N/A,N/A,N/A,N/A,N/A,N/A,N/A,N/A,N/A,N/A,N/A,N/A,N/A,N/A,N/A,N/A,N/A,N/A,N/A,N/A,N/A,N/A,N/A,N/A,N/A,N/A,N/A,N/A,N/A,N/A,N/A,N/A,N/A,N/A,N/A,N/A,N/A
Giorgi Beridze,28,863420400,1997/05/12,NB I,2025/2026,Forward,Újpest,1220,600,620,Georgia,23,12,11,2,0,2,2,2,0,0,0,2,1,1,26,11,15,1,0,0.3,0.15,0.15,0,0.29,610,1.92,47,53,1220,610,0.07,97,67,-1,9,150000,5.41,0.09,77,31.53,16.65,44,433,13.69,356,78,25.92,54,0.00,0.00,0.58,15,0.00,1.46,0.87,0.46,12,0.00,0.46,0.00,0.00,0.00,0.23,0.31,0.96,11.50,1.67,0.50,1.00,0.00,0.38,0.12,0.00,0.19,0.00,0.00,0,0,,23,0.88,71,10,0.73,76,13,0.95,69,3,10,13,24,0.00,99,0,6,0.44,30,38,44,2.77,75,0,0.00,99,0,0.00,0,0,0.00,0,1.09,67,26,1.89,75,8,0.58,30.77,0,0.00,0,0,0,0.00,0,25,0.00,11,1.82,84,N/A,N/A,N/A,N/A,0.00,0,0.00,0,3.20,0.00,0,82.22,43.48,77,51,0.27,0.51,7,57,28,0,1,0,0.04,0.07,1,24,140.75,0.54,1.02,14,0,0.00,0.00,99,0.00,0,1,0,0.00,0.00,0,0.00,0.00,0.58,0.31,8,2,8.70,55,60,88,73,12,2.51,74,0.10,0.18,2.50,66,0.10,0.18,80,27,1.04,1.97,0.66,0.35,15,9,0.23,69,39,27,71,0,92,10,0,0.00,99,5,0.00,0.36,8.08,4.27,111,51,24,28,3.71,1.96,45.95,12,0.87,33,0,15.79,0,0.00,99,6,0.23,0.44,67,59,91,70,0,0,0,0,0,69,66,80,56,0,62,16,95,19,1,4,17,7,N/A,N/A
Gleofilo Hasselbaink,26,937551600,1999/09/17,NB I,2025/2026,Forward,Újpest,662,375,287,Suriname,18,11,7,1,1,0,3,3,0,0,0,2,1,1,5,2,3,2,0,0.54,0.41,0.14,0.24,0,662,0.68,132,37,331,221,0.27,99,7,-1,14,160000,4.73,0.17,98,19.28,6.04,9,139,4.39,101,33,14.01,13,0.00,0.00,0.43,10,0.00,1.00,2.36,0.74,17,0.00,0.39,0.00,0.00,0.00,0.22,0.13,0.35,13.00,1.80,0.26,0.57,0.00,0.30,0.08,0.00,0.26,0.00,0.00,0,0,,13,0.57,74,7,0.97,87,6,0.83,60,2,10,8,90,0.00,99,0,5,0.69,47,23,36,3.19,78,0,0.00,99,0,0.00,0,0,0.00,0,1.39,75,13,1.80,71,3,0.42,23.08,0,0.00,0,0,0,0.00,0,8,0.00,99,1.11,37,N/A,N/A,N/A,N/A,0.00,0,0.00,0,1.73,0.00,0,72.66,53.85,91,99,0.00,0.00,0,46,19,0,0,0,0.00,0.00,0,20,108.81,0.09,0.28,2,0,0.00,0.00,99,0.00,0,0,0,0.00,0.00,0,0.00,0.00,0.55,0.17,4,0,7.69,50,23,57,76,99,2.30,97,0.10,0.32,1.73,75,0.08,0.24,75,13,0.57,1.80,1.80,0.57,76,13,0.24,72,28,3,71,0,91,33,0,0.00,99,6,0.00,0.83,10.96,3.43,79,39,56,64,5.41,1.70,49.37,9,1.25,18,0,13.04,0,0.00,99,3,0.13,0.42,66,31,91,55,0,0,0,0,0,90,63,51,78,0,66,22,49,67,2,11,41,39,N/A,N/A
Gólik Benjámin János,56,N/A,N/A,NB I,2025/2026,Attacking Midfield,Ferencváros,0,0,0,Hungary,0,0,0,0,0,0,0,0,0,0,0,0,0,0,0,0,0,0,0,0,0,0,0,0,0,0,0,0,0,0,0,-1,-1,-1,-1,N/A,N/A,N/A,N/A,N/A,N/A,N/A,N/A,N/A,N/A,N/A,N/A,N/A,N/A,N/A,N/A,N/A,N/A,N/A,N/A,N/A,N/A,N/A,N/A,N/A,N/A,N/A,N/A,N/A,N/A,N/A,N/A,N/A,N/A,N/A,N/A,N/A,N/A,N/A,N/A,N/A,N/A,N/A,N/A,N/A,N/A,N/A,N/A,N/A,N/A,N/A,N/A,N/A,N/A,N/A,N/A,N/A,N/A,N/A,N/A,N/A,N/A,N/A,N/A,N/A,N/A,N/A,N/A,N/A,N/A,N/A,N/A,N/A,N/A,N/A,N/A,N/A,N/A,N/A,N/A,N/A,N/A,N/A,N/A,N/A,N/A,N/A,N/A,N/A,N/A,N/A,N/A,N/A,N/A,N/A,N/A,N/A,N/A,N/A,N/A,N/A,N/A,N/A,N/A,N/A,N/A,N/A,N/A,N/A,N/A,N/A,N/A,N/A,N/A,N/A,N/A,N/A,N/A,N/A,N/A,N/A,N/A,N/A,N/A,N/A,N/A,N/A,N/A,N/A,N/A,N/A,N/A,N/A,N/A,N/A,N/A,N/A,N/A,N/A,N/A,N/A,N/A,N/A,N/A,N/A,N/A,N/A,N/A,N/A,N/A,N/A,N/A,N/A,N/A,N/A,N/A,N/A,N/A,N/A,N/A,N/A,N/A,N/A,N/A,N/A,N/A,N/A,N/A,N/A,N/A,N/A,N/A,N/A,N/A,N/A,N/A,N/A,N/A,N/A,N/A,N/A,N/A,N/A,N/A,N/A,N/A,N/A,N/A,N/A,N/A,N/A,N/A,N/A,N/A,N/A,N/A,N/A,N/A,N/A,N/A,N/A,N/A,N/A,N/A,N/A,N/A,N/A,N/A,N/A,N/A,N/A,N/A,N/A,N/A,N/A,N/A,N/A,N/A,N/A,N/A,N/A,N/A,N/A,N/A
Gruber Zsombor,21,1094540400,2004/09/07,NB I,2025/2026,Forward,Ferencváros,1084,550,534,Hungary,21,11,10,9,4,5,4,3,1,0,0,6,2,4,9,6,3,1,0,1.08,0.33,0.75,0.65,0.84,120,0.75,120,52,1084,271,0.08,4,14,-1,2,200000,6.00,0.19,95,27.97,13.56,32,339,10.76,269,65,22.19,40,0.00,0.00,0.92,23,0.00,2.40,0.58,0.28,7,0.00,0.60,0.00,0.00,0.00,0.20,1.00,0.32,3.89,2.89,0.60,2.56,0.00,0.80,0.34,0.00,0.24,0.00,0.00,0,0,,35,1.40,94,20,1.65,98,15,1.24,83,11,8,13,15,0.00,99,0,5,0.41,29,60,71,4.95,90,0,0.00,99,0,0.00,0,0,0.00,0,1.90,90,64,5.28,99,25,2.06,39.06,0,0.00,0,0,0,0.00,0,8,0.00,98,0.66,5,N/A,N/A,N/A,N/A,0.00,0,0.00,0,8.52,0.00,0,79.35,57.14,94,63,0.20,0.41,5,97,41,4,0,0,0.04,0.08,1,26,149.96,0.32,0.66,8,0,0.00,0.00,99,0.00,0,4,1,0.04,0.08,0,0.00,0.00,0.33,0.16,4,1,25.71,92,53,77,38,98,3.78,95,0.15,0.31,5.72,95,0.23,0.47,71,19,0.76,1.57,1.15,0.56,43,14,0.70,99,53,12,85,0,80,16,0,0.00,99,6,0.00,0.49,12.04,5.84,146,57,40,72,4.70,2.28,39.04,15,1.24,18,0,25.00,0,0.00,99,15,0.60,1.24,92,59,84,99,0,1,0,5,0,99,99,99,97,0,77,75,94,21,1,5,20,30,N/A,N/A
Guilherme Luiz Teixeira,56,N/A,N/A,NB I,2025/2026,Midfielder,Zalaegerszegi TE,89,26,63,Brazil,4,2,2,0,0,0,0,0,0,0,0,0,0,0,1,0,1,0,0,0,0,0,0,0,0,1.01,89,22,0,0,0,-1,-1,-1,14,0,6.48,0,46,35.39,8.75,58,35,6.75,27,53,27.30,58,0.00,0.00,0.00,0,0.00,0.25,0.00,0.00,0,0.00,0.50,0.00,0.00,0.00,0.00,0.25,0.25,0.00,3.03,0.75,0.75,0.00,0.00,0.04,0.00,0.00,0.00,0.00,0,0,,3,0.75,95,0,0.00,18,3,3.03,99,1,3,1,5,0.00,99,0,0,0.00,8,1,29,1.01,50,0,0.00,99,0,0.00,0,0,0.00,0,0.00,9,3,3.03,91,1,1.01,33.33,0,0.00,0,0,0,0.00,0,1,0.00,84,1.01,29,N/A,N/A,N/A,N/A,0.00,0,0.00,0,0.14,0.00,0,77.14,0.00,18,99,0.00,0.00,0,82,35,0,0,0,0.00,0.00,0,20,25.92,0.25,1.01,1,0,0.00,0.00,99,0.00,0,0,0,0.00,0.00,0,0.00,0.00,0.00,0.00,0,0,0.00,38,0,0,37,84,0.06,17,0.01,0.06,0.14,59,0.04,0.14,99,5,1.25,5.06,0.00,0.00,4,0,0.14,56,68,26,71,0,46,0,0,0.00,99,0,0.00,0.00,13.15,3.25,13,6,76,81,6.07,1.50,46.15,2,2.02,4,0,0.00,0,0.00,99,0,0.00,0.00,29,1,55,35,0,0,0,0,0,24,37,51,56,0,21,4,14,14,0,0,14,17,0,0
György Komáromi,24,1011427200,2002/01/19,NB I,2025/2026,Defender,Debrecen,491,217,274,Hungary,17,6,11,2,1,1,1,0,1,0,0,6,1,5,3,1,2,3,0,0.55,0.18,0.37,0.41,0.33,246,0.55,164,29,164,491,0.55,30,46,1,8,0,4.94,0.06,84,18.51,4.39,8,101,2.96,68,16,12.46,9,0.00,0.00,0.48,11,0.00,0.87,0.73,0.17,4,0.00,0.13,0.00,0.00,0.00,0.09,0.22,0.13,3.50,1.28,0.22,0.57,0.00,0.09,0.07,0.00,0.35,0.00,0.00,0,0,,7,0.30,60,2,0.37,55,5,0.92,66,3,14,3,19,0.00,99,0,2,0.37,24,20,41,3.67,82,0,0.00,99,0,0.00,0,0,0.00,0,2.02,93,13,2.38,85,5,0.92,38.46,0,0.00,0,0,0,0.00,0,3,0.00,99,0.55,2,N/A,N/A,N/A,N/A,0.00,0,0.00,0,1.71,0.00,0,67.33,28.57,42,47,0.13,0.55,3,78,41,0,0,0,0.00,0.00,0,20,113.54,0.09,0.37,2,0,0.00,0.00,99,0.00,0,0,1,0.04,0.18,0,0.00,0.00,0.37,0.09,2,0,28.57,94,8,51,48,99,1.12,84,0.05,0.21,1.71,83,0.07,0.31,76,10,0.43,1.83,1.83,0.43,78,10,0.31,82,32,4,98,0,82,56,0,0.00,99,8,0.00,1.47,12.10,2.87,66,26,43,72,4.77,1.13,39.39,3,0.55,52,0,15.00,0,0.00,99,3,0.13,0.55,74,4,98,70,0,0,0,0,0,91,90,84,89,0,21,91,20,94,3,18,65,11,0,0
Habib Maïga,30,820483200,1996/01/01,NB I,2025/2026,Midfielder,Ferencváros,179,27,152,Ivory Coast,3,1,2,0,0,0,0,0,0,0,0,1,1,0,2,0,2,0,0,0,0,0,0,0,0,1.01,90,60,0,0,0,-1,-1,-1,36,650000,6.61,0,46,58.83,39.00,95,117,34.67,104,96,52.29,97,0.00,0.00,0.67,2,0.00,0.00,2.51,1.67,5,0.00,0.33,0.00,0.00,0.00,0.67,1.00,0.00,0.00,1.01,0.67,2.00,0.00,0.00,0.03,0.00,1.67,0.00,0.00,0,0,,2,0.67,50,0,0.00,18,2,1.01,72,2,1,2,93,0.00,99,0,2,1.01,67,0,29,0.00,13,0,0.00,99,0,0.00,0,0,0.00,0,1.01,63,6,3.02,91,3,1.51,50.00,0,0.00,0,0,0,0.00,0,0,0.00,84,0.00,0,N/A,N/A,N/A,N/A,0.00,0,0.00,0,0.09,0.00,0,88.89,0.00,18,14,0.67,1.01,2,91,73,0,0,0,0.00,0.00,0,20,19.84,2.00,3.02,6,0,0.00,0.00,99,0.00,0,0,0,0.00,0.00,0,0.00,0.00,0.00,0.00,0,0,0.00,38,0,0,37,86,0.32,67,0.11,0.16,0.09,28,0.03,0.05,2,0,0.00,0.00,2.01,1.33,84,4,0.05,28,72,70,71,0,46,75,0,0.00,99,5,0.00,2.51,13.07,8.67,26,13,84,81,6.54,4.33,50.00,1,0.50,55,0,0.00,0,0.00,99,0,0.00,0.00,29,2,36,55,0,0,0,0,0,24,37,51,56,0,99,88,14,14,0,0,14,80,N/A,N/A
Hennagyij Szikszai,56,N/A,N/A,NB I,2025/2026,Forward,Várda SE,15,6,9,,2,1,1,0,0,0,0,0,0,0,0,1,1,0,0,0,0,0,0,0,0,0,0,0,0,0,0,8,0,0,0,-1,-1,-1,17,18000,0.00,0,46,0.00,0.00,0,0,0.00,0,0,0.00,0,0.00,0.00,0.00,0,0.00,0.00,0.00,0.00,0,0.00,0.00,0.00,0.00,0.00,0.00,0.00,0.00,0.00,0.00,0.00,0.00,0.00,0.00,0.00,0.00,0.00,0.00,0.00,0,0,,0,0.00,8,0,0.00,18,0,0.00,10,0,2,0,5,0.00,99,0,0,0.00,8,0,29,0.00,13,0,0.00,99,0,0.00,0,0,0.00,0,0.00,9,0,0.00,7,0,0.00,0.00,0,0.00,0,0,0,0.00,0,0,0.00,99,0.00,0,N/A,N/A,N/A,N/A,0.00,0,0.00,0,0.00,0.00,0,0.00,0.00,18,99,0.00,0.00,0,13,13,0,0,0,0.00,0.00,0,20,0.00,0.00,0.00,0,0,0.00,0.00,99,0.00,0,0,0,0.00,0.00,0,0.00,0.00,0.00,0.00,0,0,0.00,38,0,0,37,0,0.00,0,0.00,0.00,0.00,9,0.00,0.00,2,0,0.00,0.00,0.00,0.00,4,0,0.00,9,0,0,71,0,46,0,0,0.00,99,0,0.00,0.00,0.00,0.00,0,0,0,0,0.00,0.00,0.00,0,0.00,99,0,0.00,0,0.00,99,0,0.00,0.00,29,0,45,15,0,0,0,0,0,24,37,51,56,0,21,99,14,14,0,0,14,96,N/A,N/A
Herczeg Marcell,19,1159686000,2006/10/01,NB I,2025/2026,Midfielder,Győri ETO,0,0,0,Hungary,0,0,0,0,0,0,0,0,0,0,0,0,0,0,0,0,0,0,0,0,0,0,0,0,0,0,0,0,0,0,0,-1,-1,-1,-1,N/A,N/A,N/A,N/A,N/A,N/A,N/A,N/A,N/A,N/A,N/A,N/A,N/A,N/A,N/A,N/A,N/A,N/A,N/A,N/A,N/A,N/A,N/A,N/A,N/A,N/A,N/A,N/A,N/A,N/A,N/A,N/A,N/A,N/A,N/A,N/A,N/A,N/A,N/A,N/A,N/A,N/A,N/A,N/A,N/A,N/A,N/A,N/A,N/A,N/A,N/A,N/A,N/A,N/A,N/A,N/A,N/A,N/A,N/A,N/A,N/A,N/A,N/A,N/A,N/A,N/A,N/A,N/A,N/A,N/A,N/A,N/A,N/A,N/A,N/A,N/A,N/A,N/A,N/A,N/A,N/A,N/A,N/A,N/A,N/A,N/A,N/A,N/A,N/A,N/A,N/A,N/A,N/A,N/A,N/A,N/A,N/A,N/A,N/A,N/A,N/A,N/A,N/A,N/A,N/A,N/A,N/A,N/A,N/A,N/A,N/A,N/A,N/A,N/A,N/A,N/A,N/A,N/A,N/A,N/A,N/A,N/A,N/A,N/A,N/A,N/A,N/A,N/A,N/A,N/A,N/A,N/A,N/A,N/A,N/A,N/A,N/A,N/A,N/A,N/A,N/A,N/A,N/A,N/A,N/A,N/A,N/A,N/A,N/A,N/A,N/A,N/A,N/A,N/A,N/A,N/A,N/A,N/A,N/A,N/A,N/A,N/A,N/A,N/A,N/A,N/A,N/A,N/A,N/A,N/A,N/A,N/A,N/A,N/A,N/A,N/A,N/A,N/A,N/A,N/A,N/A,N/A,N/A,N/A,N/A,N/A,N/A,N/A,N/A,N/A,N/A,N/A,N/A,N/A,N/A,N/A,N/A,N/A,N/A,N/A,N/A,N/A,N/A,N/A,N/A,N/A,N/A,N/A,N/A,N/A,N/A,N/A,N/A,N/A,N/A,N/A,N/A,N/A,N/A,N/A,N/A,N/A,N/A,N/A
Hiang'a Mbock,26,946368000,1999/12/28,NB I,2025/2026,Midfielder,Várda SE,511,214,297,France,7,3,4,1,1,0,0,0,0,0,0,2,2,0,7,1,6,1,0,0.18,0,0.18,0.42,0,511,1.23,73,73,511,0,0.18,79,152,-1,14,180000,6.80,0,46,33.82,27.43,54,192,20.43,143,43,25.19,51,0.00,0.00,0.57,4,0.00,2.57,1.94,1.57,11,0.00,0.29,0.00,0.00,0.00,0.71,0.43,1.00,7.00,1.23,0.57,0.86,0.00,0.43,0.17,0.00,1.71,0.00,0.00,0,0,,7,1.00,60,3,0.53,66,4,0.70,52,3,0,7,75,0.00,99,0,5,0.88,59,18,90,3.17,78,0,0.00,99,0,0.00,0,0,0.00,0,0.70,46,6,1.06,48,3,0.53,50.00,0,0.00,0,0,0,0.00,0,7,0.00,66,1.23,49,N/A,N/A,N/A,N/A,0.00,0,0.00,0,1.18,0.00,0,74.48,42.86,76,32,0.57,0.70,4,54,73,0,0,0,0.00,0.00,0,20,47.60,1.00,1.23,7,0,0.00,0.00,99,0.00,0,0,0,0.00,0.00,0,0.00,0.00,0.00,0.00,0,0,14.29,75,10,5,67,66,0.47,31,0.07,0.08,1.18,69,0.17,0.21,89,13,1.86,2.29,3.17,2.57,98,18,0.21,66,81,35,71,0,46,71,0,0.00,99,12,0.00,2.11,13.74,11.14,78,38,86,85,6.69,5.43,48.72,2,0.35,69,0,38.89,0,0.00,99,7,1.00,1.23,91,22,22,70,0,0,0,0,0,51,72,51,90,0,71,75,73,46,1,14,53,80,N/A,N/A
Ibrahim Cissé,29,831020400,1996/05/02,NB I,2025/2026,Defender,Ferencváros,1427,791,636,France,17,9,8,1,1,0,1,0,1,0,0,6,3,3,16,12,4,3,1,0.13,0.06,0.06,0.11,0,1427,1.01,89,84,357,1427,0.25,150,126,17,18,420000,4.98,0.06,53,54.18,37.35,95,859,33.83,778,98,49.07,95,0.00,0.00,0.13,3,0.00,0.22,1.26,0.87,20,0.00,0.09,0.00,0.00,0.00,0.74,0.17,0.52,0.00,0.32,0.17,0.39,0.00,0.04,0.01,0.00,0.83,0.00,0.00,0,0,,5,0.22,19,1,0.06,19,4,0.25,21,3,0,17,43,0.00,99,0,17,1.07,70,5,55,0.32,28,0,0.00,99,0,0.00,0,0,0.00,0,0.19,18,9,0.57,31,4,0.25,44.44,0,0.00,0,0,0,0.00,0,12,0.00,84,0.76,9,N/A,N/A,N/A,N/A,0.00,0,0.00,0,0.30,0.00,0,90.57,20.00,27,83,0.13,0.19,3,33,56,0,0,0,0.09,0.13,2,34,114.55,2.17,3.15,50,2,0.00,0.13,5,0.09,0,0,0,0.00,0.00,0,0.00,0.00,0.06,0.04,1,0,0.00,38,72,51,93,84,2.32,65,0.10,0.15,0.30,19,0.01,0.02,60,22,0.96,1.39,1.07,0.74,37,17,0.02,19,33,72,71,0,51,46,0,0.00,99,19,0.00,1.20,6.69,4.61,106,65,29,16,4.10,2.83,61.32,2,0.13,83,0,20.00,0,0.00,99,1,0.04,0.06,32,77,22,70,0,0,0,0,0,42,44,51,62,0,97,91,54,61,2,12,47,27,N/A,N/A
Ilia Beriashvili,27,899967600,1998/07/09,NB I,2025/2026,Defender,MTK,1776,810,966,Georgia,20,9,11,0,0,0,0,0,0,0,0,2,1,1,38,18,20,5,1,0,0,0,0,0,0,1.93,47,89,296,0,0.3,235,205,80,24,144000,6.59,0,46,51.53,47.71,91,1002,41.19,865,91,44.49,93,0.00,0.00,0.33,7,0.00,0.05,2.16,2.00,42,0.00,0.19,0.00,0.00,0.00,1.71,0.14,1.76,0.00,0.21,0.19,0.14,0.00,0.00,0.01,0.00,3.33,0.00,0.00,0,0,,4,0.19,14,0,0.00,18,4,0.21,19,0,0,20,83,0.00,99,0,36,1.85,97,1,29,0.05,15,0,0.00,99,0,0.00,0,0,0.00,0,0.36,28,3,0.15,13,3,0.15,100.00,0,0.00,0,0,0,0.00,0,37,0.00,10,1.90,88,N/A,N/A,N/A,N/A,0.00,0,0.00,0,0.17,0.00,0,86.33,0.00,18,45,0.52,0.57,11,25,99,0,0,0,1.05,1.13,22,97,138.42,8.43,9.10,177,2,0.00,0.10,8,0.10,0,0,1,0.05,0.05,0,0.00,0.00,0.05,0.05,1,0,0.00,38,84,70,37,12,1.85,43,0.09,0.10,0.17,14,0.01,0.01,12,8,0.38,0.41,1.23,1.14,46,24,0.01,14,72,99,77,0,49,91,0,0.00,99,70,0.00,3.60,9.26,8.57,180,123,81,43,6.33,5.86,68.33,4,0.21,78,0,0.00,0,0.00,99,0,0.00,0.00,29,85,22,15,0,0,0,0,0,24,37,51,56,0,59,19,43,71,4,20,69,4,N/A,N/A
Ilya Popovich,56,N/A,N/A,NB I,2025/2026,Goalkeeper,Várda SE,2333,1170,1163,,26,13,13,0,0,0,0,0,0,0,0,8,5,3,38,17,21,1,0,0,0,0,0,0,0,1.47,61,90,2333,0,0.04,245,266,51,26,72000,6.77,0,46,27.68,27.68,31,692,15.76,394,3,15.76,17,0.00,0.00,0.04,1,0.00,0.00,0.00,0.00,0,0.00,0.04,0.00,0.00,3.00,0.00,0.08,4.52,0.00,0.00,0.00,0.08,0.00,0.00,0.00,0.00,0.36,0.00,0.00,0,0,,0,0.00,8,0,0.00,18,0,0.00,10,4,0,26,5,0.00,99,0,0,0.00,8,0,29,0.00,13,0,0.00,99,0,0.00,0,0,0.00,0,0.04,10,2,0.08,9,2,0.08,100.00,0,0.00,0,75,33,3.00,39,113,0.00,43,4.52,96,N/A,N/A,N/A,N/A,66.37,0,0.00,0,0.00,0.00,0,56.94,0.00,18,89,0.12,0.12,3,17,99,0,0,42,0.00,0.00,0,20,169.26,1.40,1.40,35,2,0.00,0.08,14,0.08,1,0,0,0.00,0.00,19,0.76,0.76,0.00,0.00,0,0,0.00,38,99,99,37,43,0.88,7,0.04,0.04,0.00,9,0.00,0.00,6,5,0.20,0.20,0.08,0.08,6,2,0.00,9,80,40,71,89,46,10,0,0.00,99,9,0.00,0.36,0.92,0.92,23,16,6,7,0.64,0.64,69.57,1,0.04,88,0,0.00,0,0.00,99,0,0.00,0.00,29,99,22,83,0,0,0,0,0,24,37,51,56,0,33,79,99,15,1,4,17,30,N/A,N/A
Imre Adrián Tollár,56,N/A,N/A,NB I,2025/2026,Midfielder,Győri ETO,131,50,81,,4,2,2,0,0,0,0,0,0,0,0,1,1,0,2,1,1,0,0,0,0,0,0,0,0,1.37,66,33,0,0,0,-1,-1,-1,20,36000,1.79,0,46,32.86,4.18,50,46,3.45,38,79,27.14,58,0.00,0.00,0.00,0,0.00,0.00,3.57,0.45,5,0.00,0.36,0.00,0.00,0.00,0.36,0.00,0.09,0.00,1.43,0.09,0.55,0.00,0.09,0.02,0.00,0.00,0.00,0.00,0,0,,2,0.18,66,1,0.71,74,1,0.71,52,2,3,1,99,0.00,99,0,4,2.86,99,0,29,0.00,13,0,0.00,99,0,0.00,0,0,0.00,0,0.00,9,6,4.29,97,0,0.00,0.00,0,0.00,0,0,0,0.00,0,1,0.00,51,0.71,6,N/A,N/A,N/A,N/A,0.00,0,0.00,0,0.21,0.00,0,82.61,50.00,89,0,0.27,2.14,3,13,13,0,0,0,0.00,0.00,0,20,19.66,0.18,1.43,2,0,0.00,0.00,99,0.00,0,0,0,0.00,0.00,0,0.00,0.00,0.00,0.00,0,0,0.00,38,0,0,37,53,0.71,99,0.06,0.51,0.21,59,0.02,0.15,62,2,0.18,1.43,0.71,0.09,16,1,0.15,57,0,40,71,0,46,0,0,0.00,99,0,0.00,0.00,15.71,2.00,22,7,48,93,5.00,0.64,31.82,4,2.86,0,0,0.00,0,0.00,99,0,0.00,0.00,29,1,55,55,0,0,0,0,0,24,37,51,56,0,22,65,14,14,0,0,14,70,N/A,N/A
Imre Antal Szeles,30,817718400,1995/11/30,NB I,2025/2026,Midfielder,MTK,197,134,63,Hungary,4,2,2,0,0,0,0,0,0,0,0,0,0,0,9,6,3,1,0,0,0,0,0,0,0,4.11,22,49,197,0,0.46,-1,-1,-1,29,96000,0.82,0,46,68.24,5.04,99,116,4.39,101,93,59.41,99,0.00,0.00,0.13,3,0.00,0.26,1.76,0.13,3,0.00,0.04,0.00,0.00,0.00,0.09,0.04,0.26,0.00,0.59,0.04,0.04,0.00,0.00,0.00,0.00,0.17,0.00,0.00,0,0,,1,0.04,33,0,0.00,18,1,0.59,43,1,2,2,69,0.00,99,0,2,1.18,74,6,48,3.53,80,0,0.00,99,0,0.00,0,0,0.00,0,1.76,87,1,0.59,32,1,0.59,100.00,0,0.00,0,0,0,0.00,0,6,0.00,0,3.53,94,N/A,N/A,N/A,N/A,0.00,0,0.00,0,0.06,0.00,0,87.07,0.00,18,99,0.00,0.00,0,59,99,0,0,0,0.04,0.59,1,84,18.96,0.09,1.18,2,1,0.00,0.59,0,0.04,0,0,0,0.00,0.00,0,0.00,0.00,0.00,0.00,0,0,0.00,38,0,0,37,0,0.29,70,0.01,0.17,0.06,26,0.00,0.04,51,2,0.09,1.18,2.35,0.17,90,4,0.04,25,0,33,71,0,46,74,0,0.00,99,4,0.00,2.35,9.41,0.70,16,9,52,44,5.29,0.39,56.25,1,0.59,50,0,16.67,0,0.00,99,1,0.04,0.59,76,2,45,35,0,0,0,0,0,24,37,51,56,0,43,4,26,88,1,25,85,15,N/A,N/A
Imre Egri,18,1187420400,2007/08/18,NB I,2025/2026,Midfielder,Debrecen,0,0,0,Hungary,0,0,0,0,0,0,0,0,0,0,0,0,0,0,0,0,0,0,0,0,0,0,0,0,0,0,0,0,0,0,0,-1,-1,-1,-1,N/A,N/A,N/A,N/A,N/A,N/A,N/A,N/A,N/A,N/A,N/A,N/A,N/A,N/A,N/A,N/A,N/A,N/A,N/A,N/A,N/A,N/A,N/A,N/A,N/A,N/A,N/A,N/A,N/A,N/A,N/A,N/A,N/A,N/A,N/A,N/A,N/A,N/A,N/A,N/A,N/A,N/A,N/A,N/A,N/A,N/A,N/A,N/A,N/A,N/A,N/A,N/A,N/A,N/A,N/A,N/A,N/A,N/A,N/A,N/A,N/A,N/A,N/A,N/A,N/A,N/A,N/A,N/A,N/A,N/A,N/A,N/A,N/A,N/A,N/A,N/A,N/A,N/A,N/A,N/A,N/A,N/A,N/A,N/A,N/A,N/A,N/A,N/A,N/A,N/A,N/A,N/A,N/A,N/A,N/A,N/A,N/A,N/A,N/A,N/A,N/A,N/A,N/A,N/A,N/A,N/A,N/A,N/A,N/A,N/A,N/A,N/A,N/A,N/A,N/A,N/A,N/A,N/A,N/A,N/A,N/A,N/A,N/A,N/A,N/A,N/A,N/A,N/A,N/A,N/A,N/A,N/A,N/A,N/A,N/A,N/A,N/A,N/A,N/A,N/A,N/A,N/A,N/A,N/A,N/A,N/A,N/A,N/A,N/A,N/A,N/A,N/A,N/A,N/A,N/A,N/A,N/A,N/A,N/A,N/A,N/A,N/A,N/A,N/A,N/A,N/A,N/A,N/A,N/A,N/A,N/A,N/A,N/A,N/A,N/A,N/A,N/A,N/A,N/A,N/A,N/A,N/A,N/A,N/A,N/A,N/A,N/A,N/A,N/A,N/A,N/A,N/A,N/A,N/A,N/A,N/A,N/A,N/A,N/A,N/A,N/A,N/A,N/A,N/A,N/A,N/A,N/A,N/A,N/A,N/A,N/A,N/A,N/A,N/A,N/A,N/A,N/A,N/A,N/A,N/A,N/A,N/A,N/A,N/A
István Bence Juhász,20,1126594800,2005/09/13,NB I,2025/2026,Midfielder,Kazincbarcika,831,561,270,Hungary,11,8,3,0,0,0,0,0,0,0,0,1,0,1,13,10,3,2,1,0,0,0,0,0,0,1.41,64,76,277,0,0.32,186,182,-1,26,0,3.76,0,46,28.08,12.95,33,259,5.95,119,0,12.90,10,0.00,0.00,0.00,0,0.00,0.00,0.00,0.00,0,0.00,0.00,0.00,0.00,2.05,0.00,0.05,2.85,0.00,0.00,0.00,0.05,0.00,0.00,0.00,0.00,0.05,0.00,0.00,0,0,,0,0.00,8,0,0.00,18,0,0.00,10,0,2,9,5,0.00,99,0,0,0.00,8,0,29,0.00,13,0,0.00,99,0,0.00,0,0,0.00,0,0.00,9,1,0.11,10,1,0.11,100.00,0,0.00,0,41,83,4.45,99,57,0.00,48,6.18,99,N/A,N/A,N/A,N/A,71.93,0,0.00,0,0.00,0.00,0,45.95,0.00,18,99,0.00,0.00,0,21,99,0,0,27,0.05,0.11,1,30,75.27,0.80,1.73,16,0,0.00,0.00,99,0.00,1,0,0,0.00,0.00,4,0.20,0.43,0.00,0.00,0,0,0.00,38,34,19,37,49,0.28,3,0.01,0.03,0.00,9,0.00,0.00,9,3,0.15,0.33,0.11,0.05,7,1,0.00,9,10,50,71,39,46,2,0,0.00,99,1,0.00,0.11,0.76,0.35,7,5,5,5,0.54,0.25,71.43,0,0.00,99,0,0.00,0,0.00,99,0,0.00,0.00,29,39,45,15,0,0,0,0,0,24,37,51,56,0,21,16,41,73,1,9,33,99,0,0
István Bognár,34,673426800,1991/05/05,NB I,2025/2026,Midfielder,MTK,1108,734,374,Hungary,17,11,6,3,2,1,7,7,0,0,0,4,4,0,20,12,8,2,0,0.81,0.57,0.24,0.25,0.24,369,1.62,55,65,554,158,0.16,57,3,-1,5,180000,7.23,0.41,99,38.82,27.50,69,440,20.56,329,44,29.03,62,0.00,0.00,1.75,28,0.00,3.81,1.32,0.94,15,0.00,0.38,0.00,0.00,0.00,0.38,0.56,0.88,10.67,2.82,1.31,0.75,0.00,0.69,0.26,0.00,0.19,0.00,0.00,0,0,,32,2.00,93,11,0.97,87,21,1.85,94,3,4,13,45,0.00,99,0,6,0.53,34,61,62,5.38,92,0,0.00,99,0,0.00,0,0,0.00,0,2.47,97,12,1.06,48,9,0.79,75.00,0,0.00,0,0,0,0.00,0,14,0.00,29,1.24,50,N/A,N/A,N/A,N/A,0.00,0,0.00,0,4.13,0.00,0,74.77,34.38,57,3,1.00,1.41,16,72,92,0,0,0,0.00,0.00,0,20,115.67,0.12,0.18,2,0,0.00,0.00,99,0.00,0,0,1,0.06,0.09,0,0.00,0.00,0.09,0.06,1,0,9.38,56,55,51,56,29,5.19,99,0.32,0.46,4.13,89,0.26,0.36,21,7,0.44,0.62,0.35,0.25,9,4,0.36,88,99,1,90,0,55,6,0,0.00,99,3,0.00,0.26,6.35,4.50,72,34,12,13,3.00,2.12,47.22,6,0.53,53,0,22.95,0,0.00,99,14,0.88,1.24,92,59,62,70,0,0,0,0,0,99,81,75,79,0,71,59,75,40,2,12,47,10,N/A,N/A
István Soltész,25,975484800,2000/11/29,NB I,2025/2026,Midfielder,Várda SE,79,60,19,Hungary,4,2,2,0,0,0,0,0,0,0,0,1,1,0,1,1,0,0,0,0,0,0,0,0,0,1.14,79,20,0,0,0,-1,-1,-1,24,50000,2.19,0,46,39.87,2.92,71,35,2.08,25,29,28.48,61,0.00,0.00,0.08,1,0.00,0.17,4.56,0.33,4,0.00,0.00,0.00,0.00,0.00,0.08,0.00,0.08,0.00,0.00,0.00,0.08,0.00,0.00,0.00,0.00,0.42,0.00,0.00,0,0,,0,0.00,8,0,0.00,18,0,0.00,10,3,2,2,99,0.00,99,0,1,1.14,73,2,96,2.28,69,0,0.00,99,0,0.00,0,0,0.00,0,1.14,68,1,1.14,50,0,0.00,0.00,0,0.00,0,0,0,0.00,0,1,0.00,73,1.14,41,N/A,N/A,N/A,N/A,0.00,0,0.00,0,0.00,0.00,0,71.43,0.00,18,10,0.08,1.14,1,13,13,0,0,0,0.00,0.00,0,20,26.34,0.17,2.28,2,0,0.00,0.00,99,0.00,0,0,0,0.00,0.00,0,0.00,0.00,0.00,0.00,0,0,0.00,38,0,0,37,73,0.09,43,0.01,0.10,0.00,9,0.00,0.00,49,1,0.08,1.14,2.28,0.17,89,2,0.00,9,0,60,71,0,46,98,0,0.00,99,5,0.00,5.70,14.81,1.08,13,10,99,90,11.39,0.83,76.92,0,0.00,99,0,50.00,0,0.00,99,1,0.08,1.14,90,2,45,70,0,0,0,0,0,24,37,51,56,0,26,65,14,14,0,0,14,8,N/A,N/A
Iuri Medeiros,31,773823600,1994/07/10,NB I,2025/2026,Forward,Újpest,963,520,443,Portugal,14,8,6,2,0,2,1,1,0,0,0,1,0,1,20,10,10,3,0,0.28,0.09,0.19,0,0.41,482,1.87,48,69,321,963,0.28,77,107,-1,8,429000,5.40,0.07,61,36.64,21.78,62,392,17.39,313,67,29.25,63,0.00,0.00,1.61,29,0.00,2.72,0.65,0.39,7,0.00,0.39,0.00,0.00,0.00,0.33,0.50,1.06,15.00,2.80,1.17,1.11,0.00,0.50,0.20,0.00,0.17,0.00,0.00,0,0,,30,1.67,93,9,0.84,82,21,1.96,96,4,4,10,17,0.00,99,0,6,0.56,38,49,57,4.58,89,0,0.00,99,0,0.00,0,0,0.00,0,2.71,98,20,1.87,74,9,0.84,45.00,0,0.00,0,0,0,0.00,0,19,0.00,13,1.78,83,N/A,N/A,N/A,N/A,0.00,0,0.00,0,3.63,0.00,0,79.85,30.00,45,83,0.11,0.19,2,75,57,2,0,0,0.00,0.00,0,20,97.25,0.33,0.56,6,0,0.00,0.00,99,0.00,0,2,1,0.06,0.09,0,0.00,0.00,0.47,0.28,5,1,6.67,47,44,35,65,13,2.28,84,0.13,0.21,2.23,69,0.12,0.21,62,15,0.83,1.40,0.75,0.44,19,8,0.34,85,38,10,90,0,88,6,0,0.00,99,3,0.00,0.28,6.36,3.78,68,33,13,14,3.08,1.83,48.53,7,0.65,47,0,20.41,0,0.00,99,10,0.56,0.93,86,45,62,83,0,0,0,0,0,67,74,91,56,0,97,10,46,68,3,21,73,45,N/A,N/A
Ivan Šaponjić,28,870505200,1997/08/02,NB I,2025/2026,Forward,Diósgyőr,675,436,239,Serbia,14,8,6,3,2,1,1,1,0,0,0,1,1,0,12,4,8,4,0,0.53,0.13,0.4,0.41,0.38,225,1.6,56,48,169,675,0.53,24,81,-1,4,300000,5.92,0.07,71,17.44,8.73,6,131,7.20,108,78,14.38,13,0.00,0.00,0.60,9,0.00,0.00,0.13,0.07,1,0.00,0.67,0.00,0.00,0.00,0.07,0.27,0.20,5.00,2.00,0.60,0.60,0.00,0.40,0.20,0.00,1.87,0.00,0.00,0,0,,15,1.00,79,6,0.80,80,9,1.20,81,4,6,8,7,0.00,99,0,1,0.13,11,0,29,0.00,13,0,0.00,99,0,0.00,0,0,0.00,0,1.20,69,9,1.20,53,4,0.53,44.44,0,0.00,0,0,0,0.00,0,3,0.00,30,0.40,1,N/A,N/A,N/A,N/A,0.00,0,0.00,0,2.96,0.00,0,82.44,40.00,72,78,0.13,0.27,2,54,56,2,0,0,0.13,0.27,2,56,88.81,0.80,1.60,12,0,0.00,0.00,99,0.00,0,2,0,0.00,0.00,0,0.00,0.00,1.33,0.67,10,1,20.00,86,23,35,46,31,1.13,65,0.08,0.15,1.56,69,0.10,0.21,98,25,1.67,3.33,2.00,1.00,83,15,0.39,90,51,47,71,0,99,92,0,0.00,99,28,0.00,3.73,14.25,7.13,107,58,95,87,7.72,3.87,54.21,10,1.33,15,0,0.00,0,0.00,99,0,0.00,0.00,29,31,76,83,0,0,0,0,0,89,92,87,89,0,90,10,21,93,4,29,89,8,N/A,N/A
Jakub Plšek,32,755769600,1993/12/13,NB I,2025/2026,Midfielder,MTK,877,309,568,Czech Republic,12,5,7,0,0,0,1,0,1,0,0,3,3,0,21,5,16,3,0,0.1,0.1,0,0,0,0,2.16,42,73,292,877,0.31,196,99,-1,23,192000,6.82,0.08,63,42.69,34.67,74,416,29.08,349,83,35.82,78,0.00,0.00,1.67,20,0.00,0.58,1.95,1.58,19,0.00,0.33,0.00,0.00,0.00,0.50,0.17,1.75,0.00,0.82,0.42,0.42,0.00,0.25,0.06,0.00,1.17,0.00,0.00,0,0,,8,0.67,43,3,0.31,50,5,0.51,39,0,3,9,76,0.00,99,0,6,0.62,41,7,79,0.72,42,0,0.00,99,0,0.00,0,0,0.00,0,2.05,94,5,0.51,29,2,0.21,40.00,0,0.00,0,0,0,0.00,0,21,0.00,4,2.16,91,N/A,N/A,N/A,N/A,0.00,0,0.00,0,0.72,0.00,0,83.89,37.50,63,90,0.08,0.10,1,29,45,0,0,0,0.25,0.31,3,59,81.83,1.17,1.44,14,0,0.00,0.00,99,0.00,0,0,0,0.00,0.00,0,0.00,0.00,0.10,0.08,1,0,0.00,38,38,24,37,5,1.99,80,0.17,0.20,0.72,34,0.06,0.07,26,7,0.58,0.72,1.03,0.83,33,10,0.07,34,81,41,71,0,58,54,0,0.00,99,14,0.00,1.44,7.59,6.17,74,41,32,24,4.21,3.42,55.41,4,0.41,62,0,28.57,0,0.00,99,2,0.17,0.21,51,39,55,15,0,0,0,0,0,36,37,51,56,0,76,65,43,72,3,25,85,23,N/A,N/A
János Csaba Hahn,31,795254400,1995/03/15,NB I,2025/2026,Forward,Paksi SE,1243,582,661,Hungary,22,11,11,9,4,5,0,0,0,0,0,3,1,2,20,13,7,2,0,0.65,0,0.65,0.62,0.68,138,1.45,62,57,622,0,0.14,7,247,-1,1,205000,6.59,0,46,10.70,6.57,0,151,4.57,105,22,7.44,0,0.00,0.00,0.70,16,0.00,0.57,0.64,0.39,9,0.00,0.74,0.00,0.00,0.00,0.04,0.65,0.87,3.10,2.20,0.48,1.61,0.00,0.87,0.38,0.00,0.74,0.00,0.00,0,0,,31,1.35,84,20,1.42,97,11,0.78,57,5,5,17,17,0.00,99,0,1,0.07,9,13,81,0.92,48,0,0.00,99,0,0.00,0,0,0.00,0,1.13,67,37,2.62,88,15,1.06,40.54,0,0.00,0,0,0,0.00,0,20,0.00,45,1.42,64,N/A,N/A,N/A,N/A,0.00,0,0.00,0,8.85,0.00,0,69.54,64.52,96,52,0.30,0.50,7,84,46,3,0,0,0.04,0.07,1,24,151.60,0.26,0.43,6,0,0.00,0.00,99,0.00,0,3,0,0.00,0.00,0,0.00,0.00,1.20,0.74,17,1,32.26,96,61,82,39,45,0.84,17,0.04,0.06,6.75,96,0.29,0.48,22,9,0.39,0.64,1.49,0.91,62,21,0.63,98,72,7,71,0,98,46,0,0.00,99,17,0.00,1.20,11.41,7.00,161,49,20,67,3.47,2.13,30.43,17,1.20,19,0,30.77,0,0.00,99,4,0.17,0.28,59,77,69,88,0,2,0,9,0,96,98,98,96,0,78,35,79,35,2,9,33,9,N/A,N/A
János Ferenczi,34,670665600,1991/04/03,NB I,2025/2026,Midfielder,Kazincbarcika,587,270,317,Hungary,7,3,4,0,0,0,1,0,1,0,0,1,0,1,11,8,3,0,0,0.15,0.15,0,0,0,0,1.69,53,84,0,587,0,199,60,-1,37,80000,5.76,0.14,77,26.68,21.75,28,174,14.62,117,15,17.94,25,0.00,0.00,1.38,11,0.00,5.12,0.92,0.75,6,0.00,0.50,0.00,0.00,0.00,0.50,0.12,1.62,0.00,0.46,0.25,0.62,0.00,0.12,0.03,0.00,0.50,0.00,0.00,0,0,,3,0.38,26,1,0.15,33,2,0.31,27,0,1,6,25,0.00,99,0,4,0.61,41,41,89,6.29,93,0,0.00,99,0,0.00,0,0,0.00,0,1.69,85,5,0.77,36,1,0.15,20.00,0,0.00,0,0,0,0.00,0,13,0.00,24,1.99,90,N/A,N/A,N/A,N/A,0.00,0,0.00,0,0.24,0.00,0,67.24,33.33,56,99,0.00,0.00,0,25,17,0,0,0,0.12,0.15,1,38,46.09,3.62,4.45,29,0,0.00,0.00,99,0.00,0,0,0,0.00,0.00,0,0.00,0.00,0.00,0.00,0,0,0.00,38,16,5,37,24,1.28,80,0.16,0.20,0.24,26,0.03,0.04,30,5,0.62,0.77,0.92,0.75,26,6,0.04,25,48,80,71,0,46,21,0,0.00,99,4,0.00,0.61,4.91,4.00,32,13,8,9,1.99,1.62,40.62,4,0.61,48,0,36.59,0,0.00,99,15,1.88,2.30,98,16,36,15,0,0,0,0,0,46,37,51,56,0,36,35,14,14,0,0,14,91,N/A,N/A
János Galambos,18,1202112000,2008/02/04,NB I,2025/2026,Midfielder,Paksi SE,126,120,6,Hungary,4,3,1,1,1,0,0,0,0,0,0,0,0,0,2,1,1,0,0,0.71,0,0.71,0.75,0,126,1.43,63,32,0,0,0,-1,-1,-1,11,30000,1.66,0,46,12.86,1.12,1,18,0.62,10,2,7.14,0,0.00,0.00,0.00,0,0.00,0.06,0.71,0.06,1,0.00,0.06,0.00,0.00,0.00,0.00,0.06,0.12,3.00,2.14,0.06,0.19,0.00,0.12,0.06,0.00,0.12,0.00,0.00,0,0,,3,0.19,82,2,1.43,97,1,0.71,52,4,2,2,19,0.00,99,0,0,0.00,8,1,29,0.71,41,0,0.00,99,0,0.00,0,0,0.00,0,0.00,9,3,2.14,80,1,0.71,33.33,0,0.00,0,0,0,0.00,0,2,0.00,46,1.43,65,N/A,N/A,N/A,N/A,0.00,0,0.00,0,0.88,0.00,0,55.56,66.67,97,31,0.06,0.71,1,67,35,0,0,0,0.00,0.00,0,20,26.62,0.00,0.00,0,0,0.00,0.00,99,0.00,0,0,0,0.00,0.00,0,0.00,0.00,0.00,0.00,0,0,33.33,98,0,0,38,46,0.02,0,0.00,0.01,0.88,98,0.06,0.63,62,2,0.12,1.43,2.14,0.19,85,3,0.63,98,0,0,71,0,46,54,0,0.00,99,2,0.00,1.43,12.86,1.12,18,5,21,79,3.57,0.31,27.78,1,0.71,43,0,0.00,0,0.00,99,0,0.00,0.00,29,2,45,83,0,0,0,0,0,96,99,51,99,0,22,4,14,14,0,0,14,27,N/A,N/A
János Szabó,36,616143600,1989/07/11,NB I,2025/2026,Defender,Paksi SE,1440,810,630,Hungary,16,9,7,1,1,0,2,1,1,0,0,3,1,2,21,15,6,2,0,0.19,0.13,0.06,0.11,0,1440,1.31,69,90,720,720,0.13,157,80,40,13,130000,4.82,0.12,71,35.50,24.70,59,568,16.00,368,9,23.00,42,0.00,0.00,0.52,12,0.00,1.00,2.12,1.48,34,0.00,0.17,0.00,0.00,0.00,0.74,0.30,1.00,13.00,0.81,0.35,0.57,0.00,0.22,0.07,0.00,2.13,0.00,0.00,0,0,,13,0.57,42,5,0.31,50,8,0.50,38,0,0,16,81,0.00,99,0,17,1.06,69,23,73,1.44,59,0,0.00,99,0,0.00,0,0,0.00,0,0.75,49,13,0.81,38,7,0.44,53.85,0,0.00,0,0,0,0.00,0,23,0.00,57,1.44,66,N/A,N/A,N/A,N/A,0.00,0,0.00,0,1.54,0.00,0,64.79,38.46,66,21,0.61,0.88,14,48,78,0,0,0,0.30,0.44,7,71,110.83,4.30,6.19,99,0,0.00,0.00,99,0.00,0,0,1,0.04,0.06,0,0.00,0.00,0.19,0.13,3,0,7.69,50,74,46,95,58,2.39,65,0.10,0.15,1.54,47,0.07,0.10,13,7,0.30,0.44,1.06,0.74,36,17,0.10,45,31,91,79,0,71,86,0,0.00,99,49,0.00,3.06,10.81,7.52,173,93,69,61,5.81,4.04,53.76,4,0.25,74,0,26.09,0,0.00,99,6,0.26,0.38,64,73,22,15,0,0,0,0,0,54,44,51,62,0,55,48,85,32,2,12,47,30,N/A,N/A
János Szépe,30,826876800,1996/03/15,NB I,2025/2026,Defender,MTK,1184,693,491,Slovakia,19,9,10,0,0,0,0,0,0,0,0,3,3,0,26,17,9,2,0,0,0,0,0,0,0,1.98,46,62,592,0,0.15,198,204,82,16,120000,4.71,0,46,44.14,22.38,77,537,19.25,462,90,37.97,82,0.00,0.00,0.12,3,0.00,0.38,0.99,0.50,12,0.00,0.04,0.00,0.00,0.00,0.21,0.04,0.79,0.00,0.16,0.08,0.17,0.00,0.00,0.00,0.00,1.00,0.00,0.00,0,0,,2,0.08,11,0,0.00,18,2,0.16,16,6,7,12,28,0.00,99,0,5,0.41,29,9,93,0.74,43,0,0.00,99,0,0.00,0,0,0.00,0,0.25,22,4,0.33,19,1,0.08,25.00,0,0.00,0,0,0,0.00,0,19,0.00,9,1.56,74,N/A,N/A,N/A,N/A,0.00,0,0.00,0,0.10,0.00,0,86.03,0.00,18,71,0.17,0.33,4,17,23,0,0,0,0.62,1.23,15,98,112.95,2.42,4.77,58,0,0.00,0.00,99,0.00,0,0,0,0.00,0.00,0,0.00,0.00,0.00,0.00,0,0,0.00,38,58,64,37,10,1.21,43,0.05,0.10,0.10,14,0.00,0.01,33,10,0.42,0.82,0.58,0.29,13,7,0.01,14,27,83,71,0,46,69,0,0.00,99,24,0.00,1.97,6.33,3.21,77,45,23,12,3.70,1.88,58.44,1,0.08,86,0,44.44,0,0.00,99,4,0.17,0.33,62,55,80,92,0,0,0,0,0,24,37,51,56,0,50,40,77,38,2,11,41,3,N/A,N/A
Jasmin Mešanović,33,709110000,1992/06/21,NB I,2025/2026,Forward,Várda SE,1246,643,603,Bosnia and Herzegovina,18,10,8,2,1,1,5,3,2,0,0,6,3,3,18,9,9,3,0,0.51,0.36,0.14,0.14,0.15,623,1.3,69,69,415,249,0.22,106,9,-1,10,160000,6.08,0.28,97,28.17,19.75,33,395,12.50,250,7,17.83,25,0.00,0.00,0.75,15,0.00,0.85,0.78,0.55,11,0.00,0.40,0.00,0.00,0.00,0.25,0.30,0.80,9.50,1.35,0.75,0.75,0.00,0.20,0.12,0.00,1.95,0.00,0.00,0,0,,19,0.95,63,4,0.29,48,15,1.07,74,6,1,17,21,0.00,99,0,5,0.36,24,17,49,1.21,56,0,0.00,99,0,0.00,0,0,0.00,0,1.07,66,15,1.07,48,6,0.43,40.00,0,0.00,0,0,0,0.00,0,16,0.00,58,1.14,41,N/A,N/A,N/A,N/A,0.00,0,0.00,0,2.47,0.00,0,63.29,21.05,27,36,0.45,0.64,9,47,45,0,0,0,0.05,0.07,1,24,121.54,1.40,2.00,28,0,0.00,0.00,99,0.00,0,0,1,0.05,0.07,0,0.00,0.00,0.07,0.05,1,0,10.53,61,61,57,74,58,4.13,94,0.21,0.29,2.47,66,0.12,0.18,79,27,1.35,1.93,0.93,0.65,27,13,0.18,63,55,57,83,0,52,81,0,0.00,99,39,0.00,2.78,12.48,8.75,175,83,72,75,5.92,4.15,47.43,8,0.57,51,0,17.65,0,0.00,99,3,0.15,0.21,51,77,36,92,0,0,0,0,0,87,63,65,68,0,66,88,59,58,3,17,62,27,N/A,N/A
João Nunes,30,816768000,1995/11/19,NB I,2025/2026,Defender,Újpest,2190,1244,946,Portugal,25,14,11,2,1,1,0,0,0,0,0,2,1,1,40,18,22,4,0,0.08,0,0.08,0.07,0.1,1095,1.64,55,88,548,0,0.16,142,211,64,5,223000,6.47,0,46,51.29,48.00,91,1248,42.65,1109,96,45.58,93,0.00,0.00,0.08,2,0.00,0.42,0.86,0.81,21,0.00,0.00,0.00,0.00,0.00,0.69,0.08,1.42,12.00,0.49,0.35,0.19,0.00,0.12,0.05,0.00,1.81,0.00,0.00,0,0,,12,0.46,28,3,0.12,28,9,0.37,31,4,0,25,24,0.00,99,0,18,0.74,51,11,75,0.45,32,0,0.00,99,0,0.00,0,0,0.00,0,0.08,12,5,0.21,15,2,0.08,40.00,0,0.00,0,0,0,0.00,0,37,0.00,28,1.52,71,N/A,N/A,N/A,N/A,0.00,0,0.00,0,1.40,0.00,0,88.86,25.00,38,86,0.15,0.16,4,17,45,0,0,0,0.88,0.95,23,94,168.18,5.12,5.47,133,2,0.00,0.08,14,0.08,0,0,1,0.04,0.04,0,0.00,0.00,0.16,0.15,4,0,8.33,53,99,97,90,29,2.46,43,0.09,0.10,1.40,32,0.05,0.06,16,13,0.50,0.53,1.07,1.00,37,26,0.06,31,68,86,74,0,67,67,0,0.00,99,47,0.00,1.93,6.21,5.81,151,82,17,12,3.37,3.15,54.30,0,0.00,99,0,27.27,0,0.00,99,3,0.12,0.12,40,99,22,83,0,0,0,0,0,30,47,55,57,0,81,13,74,40,4,16,56,30,N/A,N/A
João Victor Vieira Ferreira Sousa,21,1083049200,2004/04/27,NB I,2025/2026,Forward,Zalaegerszegi TE,1701,799,902,Brazil,26,13,13,6,3,3,0,0,0,0,0,7,3,4,24,13,11,4,0,0.32,0,0.32,0.34,0.3,284,1.27,71,65,425,0,0.21,38,190,-1,2,200000,6.89,0,46,25.64,18.62,24,484,14.54,378,60,20.02,35,0.00,0.00,0.65,17,0.00,0.42,0.85,0.62,16,0.00,0.69,0.00,0.00,0.00,0.19,0.62,0.73,6.33,2.01,0.96,1.69,0.00,0.50,0.25,0.00,0.46,0.00,0.00,0,0,,38,1.46,80,13,0.69,73,25,1.32,84,1,5,21,23,0.00,99,0,5,0.26,19,11,50,0.58,37,0,0.00,99,0,0.00,0,0,0.00,0,0.90,58,44,2.33,84,16,0.85,36.36,0,0.00,0,0,0,0.00,0,19,0.00,61,1.01,29,N/A,N/A,N/A,N/A,0.00,0,0.00,0,6.45,0.00,0,78.10,34.21,57,55,0.35,0.48,9,76,38,0,0,0,0.00,0.00,0,20,179.23,0.35,0.48,9,0,0.00,0.00,99,0.00,0,0,1,0.04,0.05,0,0.00,0.00,0.42,0.31,8,0,15.79,77,83,99,51,62,1.20,17,0.05,0.06,6.45,86,0.25,0.34,91,46,1.77,2.44,0.53,0.38,11,10,0.34,85,86,8,77,0,84,23,0,0.00,99,12,0.00,0.64,9.48,6.88,179,89,40,47,4.71,3.42,49.72,18,0.95,29,0,18.18,0,0.00,99,2,0.08,0.11,40,89,69,35,0,0,0,0,0,72,86,81,85,0,77,70,61,54,4,15,55,70,N/A,N/A
Joel Fameyeh,28,863593200,1997/05/14,NB I,2025/2026,Forward,Puskás,690,306,384,Ghana,16,8,8,2,1,1,0,0,0,0,0,4,1,3,6,4,2,1,0,0.26,0,0.26,0.29,0.23,345,0.78,115,43,690,0,0.13,51,164,-1,5,230000,4.35,0,46,12.10,4.23,1,93,3.36,74,66,9.62,1,0.00,0.00,0.23,5,0.00,0.27,1.30,0.45,10,0.00,0.55,0.00,0.00,0.00,0.05,0.36,0.23,8.50,2.21,0.50,0.73,0.00,0.27,0.12,0.00,0.32,0.00,0.00,0,0,,17,0.77,84,6,0.78,79,11,1.43,89,4,8,8,45,0.00,99,0,1,0.13,11,6,48,0.78,45,0,0.00,99,0,0.00,0,0,0.00,0,0.65,43,16,2.08,79,8,1.04,50.00,0,0.00,0,0,0,0.00,0,5,0.00,96,0.65,4,N/A,N/A,N/A,N/A,0.00,0,0.00,0,2.55,0.00,0,79.57,35.29,57,13,0.36,1.04,8,83,73,0,0,0,0.05,0.13,1,34,95.75,0.09,0.26,2,0,0.00,0.00,99,0.00,0,0,1,0.05,0.13,0,0.00,0.00,0.78,0.27,6,1,11.76,66,25,46,54,96,0.40,11,0.02,0.05,2.55,86,0.12,0.33,99,29,1.32,3.77,1.43,0.50,60,11,0.33,84,21,2,93,0,95,37,0,0.00,99,7,0.00,0.91,14.44,5.05,111,54,90,89,7.02,2.45,48.65,12,1.56,9,0,16.67,0,0.00,99,1,0.05,0.13,41,31,84,83,0,0,0,0,0,64,82,74,84,0,82,65,83,32,1,6,23,7,N/A,N/A
Jonathan Levi,30,822384000,1996/01/23,NB I,2025/2026,Forward,Ferencváros,735,398,337,Sweden,13,7,6,3,1,2,1,0,1,0,0,3,1,2,9,6,3,1,0,0.49,0.12,0.37,0.23,0.53,245,1.1,82,57,735,735,0.12,31,91,-1,7,0,3.70,0.08,67,38.27,13.22,66,304,10.74,247,73,31.09,69,0.00,0.00,0.96,22,0.00,2.48,1.38,0.48,11,0.00,0.30,0.00,0.00,0.00,0.26,0.43,0.22,6.33,2.39,0.57,0.83,0.00,0.26,0.14,0.00,0.26,0.00,0.00,0,0,,19,0.83,87,6,0.76,77,13,1.64,92,1,4,9,51,0.00,99,0,6,0.76,52,57,44,7.17,95,0,0.00,99,0,0.00,0,0,0.00,0,2.77,99,19,2.39,85,10,1.26,52.63,0,0.00,0,0,0,0.00,0,5,0.00,77,0.63,4,N/A,N/A,N/A,N/A,0.00,0,0.00,0,3.14,0.00,0,81.25,31.58,48,21,0.30,0.88,7,90,75,0,0,0,0.00,0.00,0,20,85.15,0.30,0.88,7,0,0.00,0.00,99,0.00,0,0,0,0.00,0.00,0,0.00,0.00,0.00,0.00,0,0,15.79,77,30,30,47,77,2.01,89,0.09,0.25,3.14,92,0.14,0.40,59,11,0.48,1.38,1.01,0.35,31,8,0.40,90,10,20,71,0,46,28,0,0.00,99,6,0.00,0.76,8.81,3.04,70,38,43,35,4.78,1.65,54.29,7,0.88,33,0,15.79,0,0.00,99,9,0.39,1.13,90,39,62,35,0,0,0,0,0,86,90,96,77,0,21,56,86,28,1,8,29,10,0,0
Joseth Peraza,21,1102579200,2004/12/09,NB I,2025/2026,Midfielder,Zalaegerszegi TE,1381,841,540,Costa Rica,19,10,9,1,1,0,0,0,0,0,0,6,3,3,12,8,4,4,0,0.07,0,0.07,0.11,0,1381,0.78,115,73,345,0,0.26,145,194,-1,8,0,5.31,0,46,39.14,27.32,71,601,22.77,501,82,32.63,72,0.00,0.00,0.00,0,0.00,0.00,1.43,1.00,22,0.00,0.18,0.00,0.00,0.00,0.55,0.18,0.50,8.00,0.52,0.27,0.23,0.00,0.09,0.05,0.00,1.55,0.00,0.00,0,0,,8,0.36,29,2,0.13,31,6,0.39,32,1,3,16,53,0.00,99,0,12,0.78,53,0,29,0.00,13,0,0.00,99,0,0.00,0,0,0.00,0,0.00,9,5,0.33,19,4,0.26,80.00,0,0.00,0,0,0,0.00,0,11,0.00,96,0.72,7,N/A,N/A,N/A,N/A,0.00,0,0.00,0,1.15,0.00,0,83.36,25.00,38,19,0.64,0.91,14,34,95,0,0,0,0.64,0.91,14,93,116.91,4.36,6.25,96,0,0.00,0.00,99,0.00,0,0,1,0.05,0.07,0,0.00,0.00,0.00,0.00,0,1,12.50,70,70,64,93,96,0.92,17,0.04,0.06,1.15,34,0.05,0.07,52,19,0.86,1.24,1.43,1.00,60,22,0.07,34,37,92,83,0,46,72,0,0.00,99,34,0.00,2.21,8.92,6.23,137,77,48,38,5.01,3.50,56.20,4,0.26,73,0,0.00,0,0.00,99,0,0.00,0.00,29,73,55,35,0,0,0,0,0,30,46,51,62,0,21,81,51,63,4,21,73,4,0,0
Josua Antonio Mejías García,27,897375600,1998/06/09,NB I,2025/2026,Defender,Debrecen,1782,972,810,Venezuela,21,11,10,0,0,0,1,1,0,0,0,5,2,3,23,12,11,5,0,0.05,0.05,0,0,0,0,1.16,77,85,356,1782,0.25,218,132,30,28,180000,5.79,0.05,50,43.80,36.40,76,910,29.64,741,74,35.66,78,0.00,0.00,0.28,7,0.00,0.28,1.16,0.96,24,0.00,0.24,0.00,0.00,0.00,1.20,0.24,0.80,0.00,0.53,0.36,0.36,0.00,0.08,0.03,0.00,2.00,0.00,0.00,0,0,,11,0.44,30,2,0.10,24,9,0.43,35,1,1,20,36,0.00,99,0,30,1.44,83,7,29,0.34,28,0,0.00,99,0,0.00,0,0,0.00,0,0.34,27,9,0.43,23,6,0.29,66.67,0,0.00,0,0,0,0.00,0,20,0.00,71,0.96,25,N/A,N/A,N/A,N/A,0.00,0,0.00,0,0.76,0.00,0,81.43,18.18,24,19,0.76,0.91,19,36,90,0,0,0,0.44,0.53,11,80,144.85,4.52,5.44,113,0,0.00,0.00,99,0.00,0,0,0,0.00,0.00,0,0.00,0.00,0.14,0.12,3,0,0.00,38,85,77,37,70,2.63,57,0.11,0.13,0.76,26,0.03,0.04,79,40,1.60,1.93,1.11,0.92,40,23,0.04,25,49,85,71,0,64,75,0,0.00,99,50,0.00,2.41,9.91,8.24,206,119,66,52,5.73,4.76,57.77,6,0.29,71,0,0.00,0,0.00,99,0,0.00,0.00,29,85,36,35,0,0,0,0,0,26,37,51,56,0,71,59,53,61,4,19,66,4,N/A,N/A
Jovan Živković,19,1148367600,2006/05/23,NB I,2025/2026,Forward,Győri ETO,87,65,22,Austria,6,3,3,0,0,0,0,0,0,0,0,4,3,1,0,0,0,1,0,0,0,0,0,0,0,0,0,15,87,0,1.03,-1,-1,-1,19,120000,1.08,0,46,27.93,1.08,31,27,0.56,14,1,14.48,14,0.00,0.00,0.08,2,0.00,0.28,5.17,0.20,5,0.00,0.00,0.00,0.00,0.00,0.00,0.08,0.00,0.00,2.07,0.04,0.16,0.00,0.04,0.01,0.00,0.08,0.00,0.00,0,0,,2,0.08,81,1,1.03,89,1,1.03,72,1,5,1,99,0.00,99,0,0,0.00,8,7,93,7.24,95,0,0.00,99,0,0.00,0,0,0.00,0,2.07,94,4,4.14,97,2,2.07,50.00,0,0.00,0,0,0,0.00,0,0,0.00,99,0.00,0,N/A,N/A,N/A,N/A,0.00,0,0.00,0,0.21,0.00,0,51.85,50.00,89,0,0.12,3.10,3,97,73,0,0,0,0.00,0.00,0,20,26.93,0.00,0.00,0,0,0.00,0.00,99,0.00,0,0,1,0.04,1.03,0,0.00,0.00,1.03,0.04,1,0,0.00,38,0,3,37,0,0.12,50,0.00,0.12,0.21,71,0.01,0.22,99,5,0.20,5.17,5.17,0.20,99,5,0.22,67,0,0,99,0,97,71,0,0.00,99,2,0.00,2.07,28.97,1.12,28,14,99,99,14.48,0.56,50.00,0,0.00,99,0,42.86,0,0.00,99,3,0.12,3.10,99,1,69,35,0,0,0,0,0,24,37,51,56,0,50,99,14,99,1,17,62,76,N/A,N/A
József Balázs,22,1070352000,2003/12/02,NB I,2025/2026,Goalkeeper,MTK,0,0,0,Hungary,0,0,0,0,0,0,0,0,0,0,0,0,0,0,0,0,0,0,0,0,0,0,0,0,0,0,0,0,0,0,0,-1,-1,-1,-1,N/A,N/A,N/A,N/A,N/A,N/A,N/A,N/A,N/A,N/A,N/A,N/A,N/A,N/A,N/A,N/A,N/A,N/A,N/A,N/A,N/A,N/A,N/A,N/A,N/A,N/A,N/A,N/A,N/A,N/A,N/A,N/A,N/A,N/A,N/A,N/A,N/A,N/A,N/A,N/A,N/A,N/A,N/A,N/A,N/A,N/A,N/A,N/A,N/A,N/A,N/A,N/A,N/A,N/A,N/A,N/A,N/A,N/A,N/A,N/A,N/A,N/A,N/A,N/A,N/A,N/A,N/A,N/A,N/A,N/A,N/A,N/A,N/A,N/A,N/A,N/A,N/A,N/A,N/A,N/A,N/A,N/A,N/A,N/A,N/A,N/A,N/A,N/A,N/A,N/A,N/A,N/A,N/A,N/A,N/A,N/A,N/A,N/A,N/A,N/A,N/A,N/A,N/A,N/A,N/A,N/A,N/A,N/A,N/A,N/A,N/A,N/A,N/A,N/A,N/A,N/A,N/A,N/A,N/A,N/A,N/A,N/A,N/A,N/A,N/A,N/A,N/A,N/A,N/A,N/A,N/A,N/A,N/A,N/A,N/A,N/A,N/A,N/A,N/A,N/A,N/A,N/A,N/A,N/A,N/A,N/A,N/A,N/A,N/A,N/A,N/A,N/A,N/A,N/A,N/A,N/A,N/A,N/A,N/A,N/A,N/A,N/A,N/A,N/A,N/A,N/A,N/A,N/A,N/A,N/A,N/A,N/A,N/A,N/A,N/A,N/A,N/A,N/A,N/A,N/A,N/A,N/A,N/A,N/A,N/A,N/A,N/A,N/A,N/A,N/A,N/A,N/A,N/A,N/A,N/A,N/A,N/A,N/A,N/A,N/A,N/A,N/A,N/A,N/A,N/A,N/A,N/A,N/A,N/A,N/A,N/A,N/A,N/A,N/A,N/A,N/A,N/A,N/A,N/A,N/A,N/A,N/A,N/A,N/A
Jozsef Windecker,36,628588800,1989/12/02,NB I,2025/2026,Midfielder,Paksi SE,1289,565,724,Hungary,22,11,11,4,2,2,1,1,0,0,0,3,1,2,18,9,9,1,0,0.35,0.07,0.28,0.32,0.25,322,1.26,72,59,1289,1289,0.07,47,114,-1,5,210000,7.02,0.05,56,33.38,22.57,52,474,17.24,362,50,25.49,52,0.00,0.00,0.24,5,0.00,0.24,1.83,1.24,26,0.00,0.33,0.00,0.00,0.00,1.19,0.24,0.90,3.75,1.06,0.38,0.62,0.00,0.33,0.17,0.00,1.33,0.00,0.00,0,0,,15,0.71,52,7,0.49,64,8,0.56,43,3,10,12,71,0.00,99,0,25,1.76,96,5,92,0.35,29,0,0.00,99,0,0.00,0,0,0.00,0,0.35,28,13,0.92,43,5,0.35,38.46,0,0.00,0,0,0,0.00,0,19,0.00,63,1.34,58,N/A,N/A,N/A,N/A,0.00,0,0.00,0,3.57,0.00,0,76.37,46.67,82,26,0.52,0.77,11,40,41,3,1,0,0.14,0.21,3,50,147.45,1.14,1.69,24,0,0.00,0.00,99,0.00,0,4,0,0.00,0.00,0,0.00,0.00,0.00,0.00,0,1,26.67,93,64,82,54,64,1.55,47,0.07,0.11,0.77,28,0.04,0.05,65,21,1.00,1.48,1.69,1.14,72,24,0.25,74,92,49,71,0,46,69,0,0.00,99,28,0.00,1.97,10.99,7.43,156,78,59,65,5.49,3.71,50.00,7,0.49,57,0,40.00,0,0.00,99,2,0.10,0.14,43,55,91,70,0,0,0,0,0,75,84,76,84,0,79,35,96,19,1,5,20,22,N/A,N/A
Julien Da Costa,29,833353200,1996/05/29,NB I,2025/2026,Midfielder,Debrecen,887,409,478,France,12,5,7,0,0,0,1,0,1,0,0,4,1,3,9,4,5,1,0,0.1,0.1,0,0,0,0,0.91,99,74,887,887,0.1,216,98,-1,19,95000,4.69,0.08,63,23.03,13.35,15,227,9.94,169,41,17.15,22,0.00,0.00,0.18,3,0.00,1.29,1.83,1.06,18,0.00,0.29,0.00,0.00,0.00,0.94,0.06,0.29,0.00,0.81,0.47,0.29,0.00,0.00,0.03,0.00,1.18,0.00,0.00,0,0,,8,0.47,42,0,0.00,18,8,0.81,59,1,2,10,71,0.00,99,0,16,1.62,91,22,30,2.23,69,0,0.00,99,0,0.00,0,0,0.00,0,0.30,25,5,0.51,29,1,0.10,20.00,0,0.00,0,0,0,0.00,0,5,0.00,91,0.51,2,N/A,N/A,N/A,N/A,0.00,0,0.00,0,0.45,0.00,0,74.45,0.00,18,24,0.47,0.81,8,20,17,0,0,0,0.29,0.51,5,80,79.77,1.41,2.44,24,1,0.00,0.10,8,0.06,0,0,0,0.00,0.00,0,0.00,0.00,0.00,0.00,0,0,0.00,38,39,24,37,91,1.04,47,0.06,0.11,0.45,28,0.03,0.05,67,15,0.88,1.52,1.93,1.12,82,19,0.05,28,27,62,71,0,46,70,0,0.00,99,20,0.00,2.03,11.26,6.53,111,54,58,66,5.48,3.18,48.65,5,0.51,55,0,4.55,0,0.00,99,1,0.06,0.10,38,45,45,35,0,0,0,0,0,36,37,51,56,0,42,88,89,26,1,8,29,96,N/A,N/A
Júlio Romão,27,891158400,1998/03/29,NB I,2025/2026,Defender,Ferencváros,282,90,192,Brazil,11,3,8,0,0,0,0,0,0,0,0,5,2,3,2,0,2,3,0,0,0,0,0,0,0,0.64,141,26,94,0,0.96,174,154,2,24,580000,3.21,0,46,53.56,10.56,94,169,9.25,148,93,46.90,95,0.00,0.00,0.00,0,0.00,0.00,3.49,0.69,11,0.00,0.19,0.00,0.00,0.00,0.19,0.44,0.19,0.00,1.27,0.25,0.62,0.00,0.00,0.01,0.00,0.19,0.00,0.00,0,0,,4,0.25,60,0,0.00,18,4,1.27,83,3,8,3,99,0.00,99,0,3,0.95,63,0,29,0.00,13,0,0.00,99,0,0.00,0,0,0.00,0,0.00,9,10,3.17,91,7,2.22,70.00,0,0.00,0,0,0,0.00,0,3,0.00,99,0.95,22,N/A,N/A,N/A,N/A,0.00,0,0.00,0,0.21,0.00,0,87.57,0.00,18,2,0.31,1.58,5,98,90,0,0,0,0.12,0.63,2,84,51.41,0.44,2.22,7,1,0.00,0.32,0,0.06,0,0,0,0.00,0.00,0,0.00,0.00,0.00,0.00,0,0,0.00,38,0,19,37,99,0.31,43,0.02,0.10,0.21,34,0.01,0.07,77,6,0.38,1.90,4.44,0.88,99,14,0.07,34,4,59,71,0,46,38,0,0.00,99,3,0.00,0.95,15.85,3.12,50,25,97,94,7.92,1.56,50.00,3,0.95,29,0,0.00,0,0.00,99,0,0.00,0.00,29,4,84,70,0,0,0,0,0,24,37,51,56,0,98,99,14,99,3,27,86,66,N/A,N/A
Kacper Radkowski,24,985680000,2001/03/27,NB I,2025/2026,Defender,Kazincbarcika,623,321,302,Poland,8,4,4,1,0,1,0,0,0,0,0,1,0,1,12,9,3,1,0,0.14,0,0.14,0,0.3,623,1.73,52,78,623,0,0.14,100,175,72,10,72000,6.89,0,46,36.98,32.00,63,256,24.12,193,47,27.88,59,0.00,0.00,0.75,6,0.00,0.12,0.43,0.38,3,0.00,0.25,0.00,0.00,0.00,0.50,0.38,1.75,8.00,1.16,0.62,0.38,0.00,0.38,0.15,0.00,3.88,0.00,0.00,0,0,,8,1.00,56,3,0.43,58,5,0.72,53,0,2,6,12,0.00,99,0,4,0.58,39,1,99,0.14,19,0,0.00,99,0,0.00,0,0,0.00,0,0.87,54,3,0.43,23,3,0.43,100.00,0,0.00,0,0,0,0.00,0,14,0.00,21,2.02,90,N/A,N/A,N/A,N/A,0.00,0,0.00,0,1.23,0.00,0,75.39,37.50,63,88,0.12,0.14,1,47,99,0,0,0,1.25,1.44,10,99,55.10,5.62,6.50,45,1,0.00,0.14,4,0.12,0,0,1,0.12,0.14,0,0.00,0.00,0.14,0.12,1,1,12.50,70,19,9,74,22,0.63,36,0.08,0.09,1.23,66,0.15,0.18,20,4,0.50,0.58,1.16,1.00,43,8,0.18,63,86,95,94,0,64,96,0,0.00,99,31,0.00,4.48,8.96,7.75,62,40,68,39,5.78,5.00,64.52,2,0.29,71,0,100.00,0,0.00,99,1,0.12,0.14,43,16,45,15,0,0,0,0,0,45,63,81,56,0,33,30,79,35,1,12,47,21,N/A,N/A
Karlo Sentić,24,991551600,2001/06/03,NB I,2025/2026,Goalkeeper,Diósgyőr,2250,1080,1170,Croatia,25,12,13,1,0,1,0,0,0,0,0,3,3,0,38,13,25,2,0,0.04,0,0.04,0,0.08,2250,1.52,59,90,1125,0,0.08,165,222,54,15,240000,7.00,0,46,26.48,26.48,26,662,16.36,409,6,16.36,19,0.00,0.00,0.00,0,0.00,0.00,0.00,0.00,0,0.00,0.00,0.00,0.00,3.60,0.00,0.00,5.28,0.00,0.00,0.00,0.00,0.00,0.00,0.00,0.00,0.36,0.00,0.00,0,0,,0,0.00,8,0,0.00,18,0,0.00,10,0,0,25,5,0.00,99,0,0,0.00,8,0,29,0.00,13,0,0.00,99,0,0.00,0,0,0.00,0,0.00,9,0,0.00,7,0,0.00,0.00,0,0.00,0,90,39,3.60,89,132,0.00,39,5.28,99,N/A,N/A,N/A,N/A,68.18,0,0.00,0,0.00,0.00,0,61.78,0.00,18,93,0.04,0.04,1,13,13,0,0,64,0.00,0.00,0,20,175.11,1.60,1.60,40,1,0.00,0.04,19,0.04,2,0,0,0.00,0.00,14,0.56,0.56,0.00,0.00,0,0,0.00,38,99,97,99,40,0.91,7,0.04,0.04,0.00,9,0.00,0.00,2,1,0.04,0.04,0.04,0.04,5,1,0.00,9,92,47,71,67,46,10,0,0.00,99,9,0.00,0.36,0.52,0.52,13,10,4,3,0.40,0.40,76.92,0,0.00,99,0,0.00,0,0.00,99,0,0.00,0.00,29,99,22,15,0,0,0,0,0,25,38,51,56,0,83,24,95,21,2,8,29,30,N/A,N/A
Kerezsi Zalán Márk,22,1058425200,2003/07/17,NB I,2025/2026,Midfielder,MTK,90,0,90,Hungary,1,0,1,0,0,0,0,0,0,0,0,0,0,0,4,0,4,0,0,0,0,0,0,0,0,4,23,90,0,0,0,-1,-1,-1,26,0,6.34,0,46,18.00,6.00,7,6,4.00,4,13,12.00,6,0.00,0.00,0.00,0,0.00,0.00,3.00,1.00,1,0.00,3.00,0.00,0.00,0.00,0.00,0.00,0.00,0.00,0.00,0.00,0.00,0.00,0.00,0.00,0.00,0.00,0.00,0.00,0,0,,0,0.00,8,0,0.00,18,0,0.00,10,0,0,1,97,0.00,99,0,0,0.00,8,0,29,0.00,13,0,0.00,99,0,0.00,0,0,0.00,0,0.00,9,0,0.00,7,0,0.00,0.00,0,0.00,0,0,0,0.00,0,0,0.00,0,0.00,0,N/A,N/A,N/A,N/A,0.00,0,0.00,0,0.00,0.00,0,66.67,0.00,18,0,1.00,3.00,1,13,13,0,0,0,0.00,0.00,0,20,6.34,1.00,3.00,1,0,0.00,0.00,99,0.00,0,0,0,0.00,0.00,0,0.00,0.00,0.00,0.00,0,0,0.00,38,0,0,37,0,0.01,3,0.01,0.03,0.00,9,0.00,0.00,2,0,0.00,0.00,9.00,3.00,99,3,0.00,9,63,70,71,0,46,0,0,0.00,99,0,0.00,0.00,24.00,8.00,8,1,12,99,3.00,1.00,12.50,3,9.00,0,0,0.00,0,0.00,99,0,0.00,0.00,29,1,22,15,0,0,0,0,0,24,37,51,56,0,21,4,14,14,0,0,14,20,0,0
Kevin Bánáti,20,1115794800,2005/05/11,NB I,2025/2026,Midfielder,Győri ETO,1406,804,602,Hungary,24,12,12,2,1,1,1,0,1,0,0,8,5,3,15,7,8,1,0,0.19,0.06,0.13,0.11,0.15,703,0.96,94,59,1406,1406,0.06,107,124,-1,9,48000,6.76,0.04,53,30.55,19.96,40,459,15.87,365,66,24.30,48,0.00,0.00,1.04,24,0.00,1.43,1.46,0.96,22,0.00,0.30,0.00,0.00,0.00,0.39,0.39,0.57,10.50,1.40,0.61,1.22,0.00,0.30,0.12,0.00,0.65,0.00,0.00,0,0,,21,0.91,65,7,0.47,63,14,0.93,68,1,5,19,55,0.00,99,0,9,0.60,40,33,65,2.20,69,0,0.00,99,0,0.00,0,0,0.00,0,1.60,83,28,1.86,74,9,0.60,32.14,0,0.00,0,0,0,0.00,0,13,0.00,89,0.87,17,N/A,N/A,N/A,N/A,0.00,0,0.00,0,2.76,0.00,0,79.52,33.33,56,58,0.30,0.47,7,60,30,0,0,0,0.04,0.07,1,24,155.41,0.52,0.80,12,0,0.00,0.00,99,0.00,0,0,2,0.09,0.13,0,0.00,0.00,0.33,0.22,5,0,9.52,57,71,95,79,89,2.07,62,0.09,0.14,2.76,66,0.12,0.18,62,21,0.91,1.40,1.13,0.74,41,17,0.18,63,79,16,93,0,80,40,0,0.00,99,15,0.00,1.00,9.85,6.43,148,66,35,52,4.39,2.87,44.59,7,0.47,59,0,24.24,0,0.00,99,8,0.35,0.53,73,82,69,35,0,0,0,0,0,54,60,65,62,0,26,88,97,17,1,4,17,90,N/A,N/A
Kevin Horváth,21,1109750400,2005/03/02,NB I,2025/2026,Midfielder,Paksi SE,1984,1023,961,Hungary,26,13,13,2,0,2,4,1,3,0,0,4,1,3,31,21,10,4,0,0.27,0.18,0.09,0,0.19,992,1.41,64,76,496,496,0.18,138,49,-1,8,140000,7.04,0.15,84,36.31,30.62,61,796,23.65,615,54,28.05,60,0.00,0.00,1.69,44,0.00,2.50,2.28,1.92,50,0.00,0.62,0.00,0.00,0.00,0.54,0.77,1.12,18.50,1.69,0.88,1.69,0.00,0.54,0.17,0.00,1.27,0.00,0.00,0,0,,37,1.42,71,14,0.64,72,23,1.05,73,4,3,23,89,0.00,99,0,14,0.64,43,65,86,2.97,77,0,0.00,99,0,0.00,0,0,0.00,0,2.01,92,44,2.01,77,20,0.91,45.45,0,0.00,0,0,0,0.00,0,29,0.00,48,1.32,55,N/A,N/A,N/A,N/A,0.00,0,0.00,0,4.39,0.00,0,77.26,37.84,63,19,0.77,0.91,20,78,58,1,0,0,0.04,0.05,1,21,182.96,0.69,0.82,18,0,0.00,0.00,99,0.00,0,1,3,0.12,0.14,0,0.00,0.00,0.18,0.15,4,1,5.41,42,92,99,88,49,5.48,89,0.21,0.25,3.69,63,0.14,0.17,88,50,1.92,2.28,1.92,1.62,81,42,0.20,65,93,17,94,0,70,59,0,0.00,99,33,0.00,1.51,13.73,11.58,301,152,89,84,6.93,5.85,50.50,16,0.73,42,0,33.85,0,0.00,99,22,0.85,1.00,88,94,55,83,0,0,0,0,0,66,50,68,56,0,58,38,71,46,4,15,55,19,N/A,N/A
Kevin Mondovics,19,1173855600,2007/03/14,NB I,2025/2026,Defender,Puskás,337,110,227,Hungary,7,3,4,0,0,0,0,0,0,0,0,2,0,2,3,2,1,0,0,0,0,0,0,0,0,0.8,112,48,0,0,0,225,245,5,19,35000,5.64,0,46,14.46,6.75,2,54,4.00,32,5,8.57,1,0.00,0.00,0.25,2,0.00,0.50,1.07,0.50,4,0.00,0.62,0.00,0.00,0.00,0.38,0.12,0.50,0.00,2.68,0.88,0.50,0.00,0.38,0.08,0.00,0.75,0.00,0.00,0,0,,10,1.25,91,3,0.80,80,7,1.88,95,1,3,4,31,0.00,99,0,3,0.80,54,4,29,1.07,52,0,0.00,99,0,0.00,0,0,0.00,0,0.54,37,4,1.07,48,1,0.27,25.00,0,0.00,0,0,0,0.00,0,4,0.00,95,1.07,35,N/A,N/A,N/A,N/A,0.00,0,0.00,0,0.64,0.00,0,59.26,30.00,45,78,0.12,0.27,1,34,23,0,0,0,0.00,0.00,0,20,45.11,0.12,0.27,1,0,0.00,0.00,99,0.00,0,0,0,0.00,0.00,0,0.00,0.00,0.00,0.00,0,1,0.00,38,0,5,37,95,0.14,7,0.02,0.04,0.64,63,0.08,0.17,44,4,0.50,1.07,1.88,0.88,79,7,0.17,60,45,2,71,0,46,60,0,0.00,99,6,0.00,1.61,11.52,5.38,43,14,24,69,3.75,1.75,32.56,5,1.34,14,0,0.00,0,0.00,99,0,0.00,0.00,29,5,55,35,0,0,0,0,0,24,37,51,56,0,22,75,14,14,0,0,14,77,N/A,N/A
Kevin Varga,29,828172800,1996/03/30,NB I,2025/2026,Midfielder,Nyíregyháza Spartacus,152,107,45,Hungary,6,4,2,0,0,0,0,0,0,0,0,0,0,0,3,1,2,2,1,0,0,0,0,0,0,1.78,51,25,76,0,1.18,-1,-1,-1,21,200000,3.76,0,46,26.47,4.50,26,45,3.20,32,26,18.82,28,0.00,0.00,0.30,3,0.00,1.60,2.35,0.40,4,0.00,0.20,0.00,0.00,0.00,0.00,0.10,0.30,0.00,0.59,0.10,0.30,0.00,0.00,0.01,0.00,0.10,0.00,0.00,0,0,,1,0.10,33,0,0.00,18,1,0.59,43,0,5,1,90,0.00,99,0,0,0.00,8,16,30,9.41,99,0,0.00,99,0,0.00,0,0,0.00,0,1.76,87,3,1.76,70,1,0.59,33.33,0,0.00,0,0,0,0.00,0,3,0.00,18,1.76,82,N/A,N/A,N/A,N/A,0.00,0,0.00,0,0.05,0.00,0,71.11,0.00,18,44,0.10,0.59,1,59,35,0,0,0,0.00,0.00,0,20,37.56,0.10,0.59,1,0,0.00,0.00,99,0.00,0,0,0,0.00,0.00,0,0.00,0.00,0.00,0.00,0,0,0.00,38,0,3,37,19,0.17,43,0.02,0.10,0.05,22,0.01,0.03,20,1,0.10,0.59,1.18,0.20,45,2,0.03,22,10,10,71,0,46,21,0,0.00,99,1,0.00,0.59,11.18,1.90,19,7,29,65,4.12,0.70,36.84,2,1.18,19,0,6.25,0,0.00,99,1,0.10,0.59,76,1,69,15,0,0,0,0,0,24,37,51,56,0,77,4,14,99,1,17,62,21,N/A,N/A
Kovácsréti Márk,25,967791600,2000/09/01,NB I,2025/2026,Forward,Nyíregyháza Spartacus,1005,482,523,Hungary,19,9,10,2,1,1,3,2,1,0,0,2,0,2,23,10,13,2,0,0.45,0.27,0.18,0.19,0.17,503,2.06,44,53,503,335,0.18,80,22,-1,6,0,4.76,0.16,93,31.86,15.52,45,388,11.92,298,52,24.47,49,0.00,0.00,1.08,27,0.00,4.44,1.31,0.64,16,0.00,0.24,0.00,0.00,0.00,0.20,0.68,0.76,17.00,2.79,0.96,1.64,0.00,0.40,0.14,0.00,0.20,0.00,0.00,0,0,,34,1.36,92,10,0.82,81,24,1.97,97,7,8,11,45,0.00,99,0,5,0.41,29,111,76,9.11,99,0,0.00,99,0,0.00,0,0,0.00,0,2.22,96,41,3.37,92,17,1.40,41.46,0,0.00,0,0,0,0.00,0,19,0.00,7,1.56,74,N/A,N/A,N/A,N/A,0.00,0,0.00,0,3.51,0.00,0,76.80,29.41,43,28,0.36,0.74,9,91,48,1,0,0,0.00,0.00,0,20,118.89,0.44,0.90,11,0,0.00,0.00,99,0.00,0,1,0,0.00,0.00,0,0.00,0.00,0.16,0.08,2,0,5.88,44,49,64,66,7,3.45,92,0.14,0.28,2.81,72,0.11,0.23,23,8,0.32,0.66,1.81,0.88,76,22,0.29,80,28,21,71,0,67,12,0,0.00,99,5,0.00,0.41,10.10,4.92,123,46,25,54,3.78,1.84,37.40,6,0.49,57,0,27.93,0,0.00,99,31,1.24,2.55,98,49,84,97,0,0,0,0,0,83,72,67,75,0,21,22,72,46,2,11,41,23,0,0
Kristóf Hinora,28,886665600,1998/02/05,NB I,2025/2026,Defender,Paksi SE,591,329,262,Hungary,10,5,5,0,0,0,0,0,0,0,0,2,1,1,11,7,4,1,0,0,0,0,0,0,0,1.68,54,59,591,0,0.15,266,231,68,26,105000,3.04,0,46,24.95,7.00,21,168,5.42,130,55,19.31,31,0.00,0.00,0.46,11,0.00,1.00,1.34,0.38,9,0.00,0.12,0.00,0.00,0.00,0.38,0.12,0.42,0.00,1.78,0.38,0.46,0.00,0.12,0.03,0.00,0.08,0.00,0.00,0,0,,12,0.50,73,3,0.45,61,9,1.34,86,5,2,8,47,0.00,99,0,9,1.34,81,24,58,3.56,81,0,0.00,99,0,0.00,0,0,0.00,0,1.63,83,11,1.63,66,3,0.45,27.27,0,0.00,0,0,0,0.00,0,10,0.00,25,1.49,69,N/A,N/A,N/A,N/A,0.00,0,0.00,0,0.71,0.00,0,77.38,25.00,38,60,0.12,0.45,3,50,25,0,0,0,0.00,0.00,0,20,73.05,0.21,0.74,5,0,0.00,0.00,99,0.00,0,0,0,0.00,0.00,0,0.00,0.00,0.15,0.04,1,0,0.00,38,17,16,37,27,0.78,50,0.03,0.12,0.71,51,0.03,0.11,57,9,0.38,1.34,1.04,0.29,34,7,0.11,49,3,15,71,0,65,7,0,0.00,99,2,0.00,0.30,7.28,2.04,49,21,14,21,3.12,0.88,42.86,3,0.45,60,0,20.83,0,0.00,99,5,0.21,0.74,81,31,45,88,0,0,0,0,0,24,37,51,56,0,45,51,76,38,1,10,37,17,N/A,N/A
Kristóf Papp,32,737362800,1993/05/14,NB I,2025/2026,Midfielder,Paksi SE,1830,974,856,Hungary,22,12,10,1,0,1,0,0,0,0,0,3,1,2,26,17,9,9,0,0.05,0,0.05,0,0.11,1830,1.28,70,83,203,0,0.44,164,232,-1,12,165000,6.94,0,46,33.54,31.00,53,682,23.23,511,45,25.13,51,0.00,0.00,0.32,7,0.00,0.36,2.75,2.55,56,0.00,0.55,0.00,0.00,0.00,1.14,0.41,1.05,22.00,1.08,0.73,0.86,0.00,0.27,0.10,0.00,2.41,0.00,0.00,0,0,,22,1.00,53,6,0.30,49,16,0.79,58,4,0,22,96,0.00,99,0,25,1.23,77,8,71,0.39,30,0,0.00,99,0,0.00,0,0,0.00,0,0.34,27,19,0.93,43,9,0.44,47.37,0,0.00,0,0,0,0.00,0,23,0.00,60,1.13,39,N/A,N/A,N/A,N/A,0.00,0,0.00,0,2.25,0.00,0,74.93,27.27,40,15,0.91,0.98,20,48,64,0,0,0,0.55,0.59,12,84,152.65,2.36,2.56,52,0,0.00,0.00,99,0.00,0,0,1,0.05,0.05,0,0.00,0.00,0.15,0.14,3,0,4.55,41,87,82,98,60,1.35,22,0.06,0.07,2.25,51,0.10,0.11,43,21,0.95,1.03,1.57,1.45,67,32,0.11,49,89,63,77,0,65,78,0,0.00,99,53,0.00,2.61,12.30,11.36,250,138,87,74,6.79,6.27,55.20,12,0.59,50,0,25.00,0,0.00,99,2,0.09,0.10,38,91,22,83,0,0,0,0,0,26,40,58,56,0,67,35,28,87,9,41,97,21,N/A,N/A
Kristóf Polgár,29,849168000,1996/11/28,NB I,2025/2026,Defender,Kazincbarcika,900,360,540,Hungary,10,4,6,0,0,0,0,0,0,0,0,2,1,1,17,3,14,1,0,0,0,0,0,0,0,1.7,53,90,900,0,0.1,243,158,69,36,68000,5.88,0,46,38.90,35.36,69,389,28.18,310,67,31.00,68,0.00,0.00,0.09,1,0.00,0.91,0.80,0.73,8,0.00,0.00,0.00,0.00,0.00,0.73,0.09,1.36,0.00,0.20,0.09,0.36,0.00,0.09,0.01,0.00,1.09,0.00,0.00,0,0,,2,0.18,13,1,0.10,24,1,0.10,11,0,0,10,21,0.00,99,0,8,0.80,54,10,32,1.00,50,0,0.00,99,0,0.00,0,0,0.00,0,0.10,13,4,0.40,22,1,0.10,25.00,0,0.00,0,0,0,0.00,0,15,0.00,24,1.50,70,N/A,N/A,N/A,N/A,0.00,0,0.00,0,0.15,0.00,0,79.69,50.00,89,43,0.55,0.60,6,20,23,0,0,0,0.64,0.70,7,86,64.63,5.73,6.30,63,0,0.00,0.00,99,0.00,0,0,0,0.00,0.00,0,0.00,0.00,0.00,0.00,0,0,0.00,38,40,16,37,24,0.73,22,0.07,0.07,0.15,14,0.01,0.01,33,8,0.73,0.80,0.40,0.36,10,4,0.01,14,51,93,71,0,46,46,0,0.00,99,12,0.00,1.20,5.10,4.64,51,28,10,9,2.80,2.55,54.90,0,0.00,99,0,10.00,0,0.00,99,1,0.09,0.10,38,45,22,15,0,0,0,0,0,24,37,51,56,0,29,51,89,26,1,10,37,13,N/A,N/A
Kristóf Sarkadi,56,N/A,N/A,NB I,2025/2026,Forward,Újpest,0,0,0,,0,0,0,0,0,0,0,0,0,0,0,0,0,0,0,0,0,0,0,0,0,0,0,0,0,0,0,0,0,0,0,-1,-1,-1,-1,N/A,N/A,N/A,N/A,N/A,N/A,N/A,N/A,N/A,N/A,N/A,N/A,N/A,N/A,N/A,N/A,N/A,N/A,N/A,N/A,N/A,N/A,N/A,N/A,N/A,N/A,N/A,N/A,N/A,N/A,N/A,N/A,N/A,N/A,N/A,N/A,N/A,N/A,N/A,N/A,N/A,N/A,N/A,N/A,N/A,N/A,N/A,N/A,N/A,N/A,N/A,N/A,N/A,N/A,N/A,N/A,N/A,N/A,N/A,N/A,N/A,N/A,N/A,N/A,N/A,N/A,N/A,N/A,N/A,N/A,N/A,N/A,N/A,N/A,N/A,N/A,N/A,N/A,N/A,N/A,N/A,N/A,N/A,N/A,N/A,N/A,N/A,N/A,N/A,N/A,N/A,N/A,N/A,N/A,N/A,N/A,N/A,N/A,N/A,N/A,N/A,N/A,N/A,N/A,N/A,N/A,N/A,N/A,N/A,N/A,N/A,N/A,N/A,N/A,N/A,N/A,N/A,N/A,N/A,N/A,N/A,N/A,N/A,N/A,N/A,N/A,N/A,N/A,N/A,N/A,N/A,N/A,N/A,N/A,N/A,N/A,N/A,N/A,N/A,N/A,N/A,N/A,N/A,N/A,N/A,N/A,N/A,N/A,N/A,N/A,N/A,N/A,N/A,N/A,N/A,N/A,N/A,N/A,N/A,N/A,N/A,N/A,N/A,N/A,N/A,N/A,N/A,N/A,N/A,N/A,N/A,N/A,N/A,N/A,N/A,N/A,N/A,N/A,N/A,N/A,N/A,N/A,N/A,N/A,N/A,N/A,N/A,N/A,N/A,N/A,N/A,N/A,N/A,N/A,N/A,N/A,N/A,N/A,N/A,N/A,N/A,N/A,N/A,N/A,N/A,N/A,N/A,N/A,N/A,N/A,N/A,N/A,N/A,N/A,N/A,N/A,N/A,N/A,N/A,N/A,N/A,N/A,N/A,N/A
Kristoffer Zachariassen,32,759657600,1994/01/27,NB I,2025/2026,Midfielder,Ferencváros,465,286,179,Norway,11,5,6,0,0,0,0,0,0,0,0,4,3,1,2,1,1,1,0,0,0,0,0,0,0,0.39,233,42,465,0,0.19,176,255,-1,33,720000,3.28,0,46,29.14,6.58,36,158,4.83,116,35,21.39,38,0.00,0.00,0.42,10,0.00,1.21,1.66,0.38,9,0.00,0.17,0.00,0.00,0.00,0.17,0.17,0.08,0.00,1.11,0.17,0.25,0.00,0.08,0.02,0.00,0.42,0.00,0.00,0,0,,6,0.25,54,2,0.37,55,4,0.74,54,2,6,5,66,0.00,99,0,4,0.74,51,29,57,5.35,91,0,0.00,99,0,0.00,0,0,0.00,0,1.84,88,6,1.11,50,4,0.74,66.67,0,0.00,0,0,0,0.00,0,2,0.00,99,0.37,0,N/A,N/A,N/A,N/A,0.00,0,0.00,0,0.50,0.00,0,73.42,33.33,56,17,0.21,0.92,5,69,90,0,0,0,0.04,0.18,1,45,78.65,0.33,1.48,8,0,0.00,0.00,99,0.00,0,0,0,0.00,0.00,0,0.00,0.00,0.00,0.00,0,0,0.00,38,6,19,37,99,0.71,57,0.03,0.13,0.50,43,0.02,0.09,71,9,0.38,1.66,1.29,0.29,51,7,0.09,41,5,41,71,0,46,65,0,0.00,99,10,0.00,1.84,11.43,2.58,62,31,65,68,5.72,1.29,50.00,4,0.74,40,0,20.69,0,0.00,99,6,0.25,1.11,88,10,76,55,0,0,0,0,0,24,37,51,56,0,99,93,66,49,1,9,33,16,N/A,N/A
Krisztián Hegyi,23,1032850800,2002/09/24,NB I,2025/2026,Goalkeeper,MTK,720,360,360,Hungary,8,4,4,0,0,0,0,0,0,0,0,1,0,1,17,9,8,0,0,0,0,0,0,0,0,2.13,42,90,0,0,0,203,187,89,27,0,6.46,0,46,30.12,30.12,39,241,17.50,140,4,17.50,24,0.00,0.00,0.00,0,0.00,0.00,0.00,0.00,0,0.00,0.00,0.00,0.00,2.25,0.00,0.00,4.38,0.00,0.00,0.00,0.00,0.00,0.00,0.00,0.00,0.38,0.00,0.00,0,0,,0,0.00,8,0,0.00,18,0,0.00,10,0,0,8,5,0.00,99,0,0,0.00,8,0,29,0.00,13,0,0.00,99,0,0.00,0,0,0.00,0,0.00,9,0,0.00,7,0,0.00,0.00,0,0.00,0,18,6,2.25,11,35,0.00,4,4.38,95,N/A,N/A,N/A,N/A,51.43,0,0.00,0,0.00,0.00,0,58.09,0.00,18,99,0.00,0.00,0,13,13,0,0,9,0.00,0.00,0,20,51.66,1.00,1.00,8,0,0.00,0.00,99,0.00,1,0,0,0.00,0.00,4,0.50,0.50,0.00,0.00,0,0,0.00,38,29,9,37,5,0.27,3,0.03,0.03,0.00,9,0.00,0.00,2,0,0.00,0.00,0.00,0.00,4,0,0.00,9,67,25,71,61,46,10,0,0.00,99,3,0.00,0.38,0.38,0.38,3,3,3,2,0.38,0.38,100.00,0,0.00,99,0,0.00,0,0.00,99,0,0.00,0.00,29,31,22,15,0,0,0,0,0,24,37,51,56,0,21,30,14,14,0,0,14,47,0,0
Krisztián Lisztes,20,1115362800,2005/05/06,NB I,2025/2026,Midfielder,Ferencváros,6,6,0,Hungary,1,1,0,0,0,0,0,0,0,0,0,0,0,0,1,1,0,0,0,0,0,0,0,0,0,15,6,6,0,0,0,-1,-1,-1,23,0,1.70,0,46,38.57,0.75,67,3,0.75,3,99,38.57,84,0.00,0.00,0.25,1,0.00,0.25,0.00,0.00,0,0.00,0.00,0.00,0.00,0.00,0.00,0.25,0.25,0.00,12.86,0.00,0.50,0.00,0.25,0.03,0.00,0.00,0.00,0.00,0,0,,1,0.25,99,1,12.86,99,0,0.00,10,0,1,0,5,0.00,99,0,0,0.00,8,1,99,12.86,99,0,0.00,99,0,0.00,0,0,0.00,0,12.86,99,2,25.71,99,1,12.86,50.00,0,0.00,0,0,0,0.00,0,1,0.00,8,12.86,99,N/A,N/A,N/A,N/A,0.00,0,0.00,0,0.13,0.00,0,100.00,100.00,99,99,0.00,0.00,0,99,73,0,0,0,0.00,0.00,0,20,6.79,0.00,0.00,0,0,0.00,0.00,99,0.00,0,0,0,0.00,0.00,0,0.00,0.00,0.00,0.00,0,0,0.00,38,0,0,37,0,0.04,99,0.01,0.51,0.13,99,0.03,1.67,99,1,0.25,12.86,0.00,0.00,4,0,1.67,99,0,0,71,0,46,0,0,0.00,99,0,0.00,0.00,38.57,0.75,3,2,99,99,25.71,0.50,66.67,0,0.00,99,0,100.00,0,0.00,99,1,0.25,12.86,99,0,36,15,0,0,0,0,0,24,37,51,56,0,21,4,14,14,0,0,14,76,0,0
Krisztián Nagy,30,806050800,1995/07/18,NB I,2025/2026,Forward,Várda SE,1126,464,662,Hungary,19,8,11,2,1,1,0,0,0,0,0,4,1,3,19,9,10,4,0,0.16,0,0.16,0.19,0.14,563,1.52,59,59,282,0,0.32,90,259,-1,5,105000,4.81,0,46,34.08,16.38,55,426,13.58,353,80,28.24,60,0.00,0.00,0.35,9,0.00,1.50,1.12,0.54,14,0.00,0.12,0.00,0.00,0.00,0.27,0.08,0.65,3.50,0.56,0.19,0.15,0.00,0.08,0.06,0.00,0.23,0.00,0.00,0,0,,7,0.27,32,2,0.16,33,5,0.40,33,2,4,15,34,0.00,99,0,7,0.56,38,39,35,3.12,77,0,0.00,99,0,0.00,0,0,0.00,0,0.72,47,4,0.32,19,2,0.16,50.00,0,0.00,0,0,0,0.00,0,17,0.00,39,1.36,59,N/A,N/A,N/A,N/A,0.00,0,0.00,0,1.66,0.00,0,82.86,28.57,42,80,0.12,0.24,3,26,73,0,0,0,0.15,0.32,4,60,125.15,0.88,1.84,23,0,0.00,0.00,99,0.00,0,0,0,0.00,0.00,0,0.00,0.00,0.00,0.00,0,0,28.57,94,55,64,69,40,1.24,43,0.05,0.10,1.66,55,0.06,0.13,11,5,0.19,0.40,1.04,0.50,34,13,0.13,52,30,52,71,0,46,16,0,0.00,99,6,0.00,0.48,4.72,2.27,59,27,9,8,2.16,1.04,45.76,3,0.24,75,0,12.82,0,0.00,99,5,0.19,0.40,65,69,62,55,0,0,0,0,0,47,68,62,75,0,45,53,42,73,4,21,73,55,N/A,N/A
Krisztián Németh,37,599990400,1989/01/05,NB I,2025/2026,Forward,MTK,442,160,282,Hungary,18,8,10,1,0,1,3,2,1,0,0,5,4,1,9,2,7,4,0,0.81,0.61,0.2,0,0.32,442,1.83,49,25,111,147,0.81,71,2,-1,12,168000,6.06,0.17,99,25.12,6.29,21,132,4.52,95,31,18.08,26,0.00,0.00,0.48,10,0.00,0.14,1.14,0.29,6,0.00,0.14,0.00,0.00,0.00,0.14,0.10,0.48,17.00,3.23,0.62,0.19,0.00,0.19,0.08,0.00,0.95,0.00,0.00,0,0,,17,0.81,97,4,0.76,77,13,2.47,99,2,17,1,35,0.00,99,0,3,0.57,38,3,29,0.57,37,0,0.00,99,0,0.00,0,0,0.00,0,1.90,90,4,0.76,35,2,0.38,50.00,0,0.00,0,0,0,0.00,0,10,0.00,16,1.90,88,N/A,N/A,N/A,N/A,0.00,0,0.00,0,1.70,0.00,0,71.97,23.53,29,67,0.10,0.38,2,42,73,0,0,0,0.05,0.19,1,47,127.19,0.10,0.38,2,0,0.00,0.00,99,0.00,0,0,0,0.00,0.00,0,0.00,0.00,0.57,0.14,3,0,5.88,44,5,57,62,16,2.41,99,0.11,0.46,1.70,85,0.08,0.32,57,7,0.33,1.33,3.04,0.76,97,16,0.32,83,54,4,71,0,91,93,0,0.00,99,20,0.00,3.81,13.32,3.33,70,33,79,81,6.28,1.57,47.14,3,0.57,51,0,0.00,0,0.00,99,0,0.00,0.00,29,1,99,55,0,0,0,0,0,99,75,82,56,0,68,75,15,99,4,22,76,18,N/A,N/A
Krisztián Tamás,30,798188400,1995/04/18,NB I,2025/2026,Defender,Újpest,266,57,209,Hungary,4,1,3,0,0,0,0,0,0,0,0,0,0,0,6,2,4,0,0,0,0,0,0,0,0,2.03,44,67,0,0,0,-1,-1,-1,19,100000,3.14,0,46,42.29,15.62,74,125,11.25,90,31,30.45,67,0.00,0.00,0.12,1,0.00,1.38,0.68,0.25,2,0.00,0.00,0.00,0.00,0.00,0.00,0.12,0.75,0.00,0.34,0.12,0.38,0.00,0.00,0.01,0.00,0.12,0.00,0.00,0,0,,1,0.12,21,0,0.00,18,1,0.34,28,2,1,3,18,0.00,99,0,0,0.00,8,11,31,3.72,83,0,0.00,99,0,0.00,0,0,0.00,0,0.34,27,3,1.02,46,1,0.34,33.33,0,0.00,0,0,0,0.00,0,6,0.00,7,2.03,90,N/A,N/A,N/A,N/A,0.00,0,0.00,0,0.05,0.00,0,72.00,0.00,18,99,0.00,0.00,0,38,35,0,0,0,0.00,0.00,0,20,25.09,1.25,3.38,10,0,0.00,0.00,99,0.00,0,0,0,0.00,0.00,0,0.00,0.00,0.00,0.00,0,0,0.00,38,0,0,37,7,0.25,31,0.03,0.08,0.05,19,0.01,0.02,9,1,0.12,0.34,1.35,0.50,55,4,0.02,19,4,73,71,0,46,9,0,0.00,99,1,0.00,0.34,4.74,1.75,14,5,7,8,1.69,0.62,35.71,0,0.00,99,0,9.09,0,0.00,99,1,0.12,0.34,62,4,36,55,0,0,0,0,0,24,37,51,56,0,44,4,14,14,0,0,14,22,N/A,N/A
Krisztofer Horváth,24,1010476800,2002/01/08,NB I,2025/2026,Midfielder,Újpest,1377,704,673,Hungary,23,12,11,3,1,2,5,1,4,0,0,2,1,1,23,9,14,8,0,0.52,0.33,0.2,0.13,0.27,459,1.5,60,60,172,275,0.52,69,13,-1,3,220000,6.92,0.22,95,43.01,28.61,74,658,21.30,490,42,32.03,71,0.00,0.00,1.35,31,0.00,2.35,1.63,1.09,25,0.00,0.96,0.00,0.00,0.00,0.43,1.26,0.91,9.33,1.83,0.61,2.70,0.00,0.61,0.19,0.00,0.52,0.00,0.00,0,0,,28,1.22,75,14,0.92,85,14,0.92,66,5,7,16,64,0.00,99,0,10,0.65,44,54,64,3.53,80,0,0.00,99,0,0.00,0,0,0.00,0,2.03,93,62,4.05,96,29,1.90,46.77,0,0.00,0,0,0,0.00,0,21,0.00,41,1.37,61,N/A,N/A,N/A,N/A,0.00,0,0.00,0,4.45,0.00,0,74.47,50.00,89,2,1.00,1.50,23,96,62,0,0,0,0.22,0.33,5,61,159.25,0.74,1.11,17,0,0.00,0.00,99,0.00,0,0,0,0.00,0.00,0,0.00,0.00,0.20,0.13,3,0,10.71,62,70,88,63,42,4.58,94,0.20,0.30,4.45,81,0.19,0.29,84,32,1.39,2.09,1.83,1.22,78,28,0.29,80,87,29,71,0,72,29,0,0.00,99,12,0.00,0.78,14.84,9.87,227,96,79,90,6.27,4.17,42.29,22,1.44,11,0,24.07,0,0.00,99,13,0.57,0.85,84,73,80,88,0,0,0,0,0,88,75,78,65,0,81,16,21,93,8,35,93,11,N/A,N/A
Lamin Colley,32,741855600,1993/07/05,NB I,2025/2026,Forward,Diósgyőr,1168,602,566,Gambia,19,9,10,5,3,2,1,0,1,0,0,2,1,1,14,6,8,6,1,0.46,0.08,0.39,0.45,0.32,234,1.08,83,61,195,1168,0.46,28,110,-1,2,0,5.51,0.05,58,13.95,8.23,2,181,6.09,134,38,10.33,2,0.00,0.00,0.55,12,0.00,0.36,0.85,0.50,11,0.00,0.95,0.00,0.00,0.00,0.05,0.45,0.64,8.40,3.24,1.18,1.18,0.00,0.73,0.28,0.00,1.05,0.00,0.00,0,0,,42,1.91,97,16,1.23,94,26,2.00,97,3,6,13,23,0.00,99,0,1,0.08,10,8,29,0.62,38,0,0.00,99,0,0.00,0,0,0.00,0,0.92,59,26,2.00,76,10,0.77,38.46,0,0.00,0,0,0,0.00,0,14,0.00,79,1.08,35,N/A,N/A,N/A,N/A,0.00,0,0.00,0,6.25,0.00,0,74.03,38.10,64,92,0.05,0.08,1,71,41,0,1,0,0.05,0.08,1,26,121.30,0.32,0.54,7,2,0.00,0.15,2,0.09,0,1,1,0.05,0.08,0,0.00,0.00,1.00,0.59,13,0,11.90,66,57,64,47,79,1.30,43,0.06,0.10,5.55,93,0.25,0.43,99,45,2.05,3.47,3.47,2.05,99,45,0.48,94,42,10,85,0,97,64,0,0.00,99,23,0.00,1.77,14.95,8.82,194,86,85,91,6.63,3.91,44.33,21,1.62,8,0,0.00,0,0.00,99,0,0.00,0.00,29,59,76,70,0,1,0,5,0,84,91,82,91,0,21,22,26,88,5,26,86,9,0,0
Laros Duarte,29,857116800,1997/02/28,NB I,2025/2026,Midfielder,Puskás,1862,873,989,Netherlands,23,10,13,0,0,0,4,2,2,0,0,6,2,4,21,11,10,3,0,0.19,0.19,0,0,0,0,1.02,89,81,621,466,0.15,237,42,-1,11,340000,6.73,0.17,85,36.93,33.22,62,764,28.13,647,86,31.27,69,0.00,0.00,1.74,40,0.00,3.39,1.35,1.22,28,0.00,0.61,0.00,0.00,0.00,0.78,0.78,0.78,0.00,1.16,0.65,1.48,0.00,0.39,0.09,0.00,0.74,0.00,0.00,0,0,,24,1.04,56,9,0.44,59,15,0.73,53,1,2,21,47,0.00,99,0,18,0.87,58,78,60,3.77,83,0,0.00,99,0,0.00,0,0,0.00,0,1.93,90,34,1.64,66,18,0.87,52.94,0,0.00,0,0,0,0.00,0,18,0.00,83,0.87,17,N/A,N/A,N/A,N/A,0.00,0,0.00,0,2.00,0.00,0,84.69,37.50,63,10,1.00,1.11,23,76,76,0,0,0,0.04,0.05,1,21,154.75,1.70,1.89,39,0,0.00,0.00,99,0.00,0,0,1,0.04,0.05,0,0.00,0.00,0.05,0.04,1,0,0.00,38,89,88,37,84,5.28,90,0.23,0.26,2.00,47,0.09,0.10,64,30,1.30,1.45,1.60,1.43,69,33,0.10,45,78,53,77,0,49,33,0,0.00,99,17,0.00,0.82,9.91,8.91,205,91,36,52,4.40,3.96,44.39,14,0.68,45,0,21.79,0,0.00,99,17,0.74,0.82,84,89,45,35,0,0,0,0,0,54,37,51,56,0,93,68,79,38,3,13,50,6,N/A,N/A
László Deutsch,27,920966400,1999/03/09,NB I,2025/2026,Defender,Kazincbarcika,612,331,281,Hungary,10,5,5,0,0,0,0,0,0,0,0,1,0,1,14,7,7,4,0,0,0,0,0,0,0,2.06,44,61,153,0,0.59,170,178,84,24,60000,3.65,0,46,26.62,10.06,28,181,6.56,118,10,17.35,23,0.00,0.00,0.33,6,0.00,0.39,2.35,0.89,16,0.00,0.28,0.00,0.00,0.00,0.39,0.17,0.83,0.00,0.59,0.17,0.39,0.00,0.06,0.02,0.00,1.11,0.00,0.00,0,0,,4,0.22,33,1,0.15,33,3,0.44,36,7,3,7,90,0.00,99,0,7,1.03,68,7,40,1.03,52,0,0.00,99,0,0.00,0,0,0.00,0,0.88,55,7,1.03,47,3,0.44,42.86,0,0.00,0,0,0,0.00,0,15,0.00,7,2.21,92,N/A,N/A,N/A,N/A,0.00,0,0.00,0,0.30,0.00,0,65.19,25.00,38,28,0.28,0.74,5,48,52,0,0,0,0.17,0.44,3,71,65.73,2.00,5.29,36,0,0.00,0.00,99,0.00,0,0,1,0.06,0.15,0,0.00,0.00,0.15,0.06,1,0,0.00,38,18,16,37,7,0.55,31,0.03,0.08,0.30,26,0.02,0.04,65,10,0.56,1.47,1.18,0.44,45,8,0.04,25,9,85,96,0,65,84,0,0.00,99,20,0.00,2.94,12.65,4.78,86,48,90,77,7.06,2.67,55.81,5,0.74,40,0,14.29,0,0.00,99,1,0.06,0.15,44,22,55,97,0,0,0,0,0,24,37,51,56,0,29,19,18,97,4,40,97,19,N/A,N/A
László Rácz,30,798879600,1995/04/26,NB I,2025/2026,Defender,Kazincbarcika,1062,512,550,Hungary,15,7,8,2,0,2,0,0,0,0,0,1,0,1,19,12,7,7,0,0.17,0,0.17,0,0.33,531,1.61,56,71,152,0,0.59,84,160,62,8,56000,4.08,0,46,30.87,15.87,41,365,12.17,280,51,23.68,45,0.00,0.00,0.09,2,0.00,0.00,1.18,0.61,14,0.00,0.09,0.00,0.00,0.00,0.70,0.09,0.96,2.00,0.34,0.00,0.13,0.00,0.17,0.07,0.00,1.61,0.00,0.00,0,0,,4,0.17,21,4,0.34,52,0,0.00,10,1,3,12,37,0.00,99,0,16,1.35,82,0,29,0.00,13,0,0.00,99,0,0.00,0,0,0.00,0,0.17,16,3,0.25,17,2,0.17,66.67,0,0.00,0,0,0,0.00,0,22,0.00,30,1.86,85,N/A,N/A,N/A,N/A,0.00,0,0.00,0,1.71,0.00,0,76.71,100.00,99,62,0.22,0.42,5,26,90,0,0,0,0.48,0.93,11,93,93.94,4.22,8.20,97,0,0.00,0.00,99,0.00,0,0,0,0.00,0.00,0,0.00,0.00,0.08,0.04,1,0,50.00,99,51,39,68,31,0.76,17,0.03,0.06,1.71,59,0.07,0.14,38,11,0.48,0.93,1.35,0.70,55,16,0.14,56,14,98,71,0,54,87,0,0.00,99,37,0.00,3.13,10.23,5.26,121,63,54,55,5.33,2.74,52.07,2,0.17,81,0,0.00,0,0.00,99,0,0.00,0.00,29,55,55,35,0,0,0,0,0,49,70,84,56,0,27,10,18,97,7,47,99,5,N/A,N/A
László Vingler,20,1130745600,2005/10/31,NB I,2025/2026,Midfielder,Győri ETO,832,232,600,Hungary,16,7,9,0,0,0,0,0,0,0,0,4,3,1,14,3,11,6,1,0,0,0,0,0,0,1.51,59,52,139,0,0.65,234,236,-1,25,48000,4.17,0,46,51.91,22.53,93,428,18.74,356,81,43.18,92,0.00,0.00,0.11,2,0.00,0.05,2.18,0.95,18,0.00,0.11,0.00,0.00,0.00,0.21,0.05,0.58,0.00,0.73,0.00,0.21,0.00,0.32,0.04,0.00,0.89,0.00,0.00,0,0,,6,0.32,39,6,0.73,76,0,0.00,10,3,8,8,83,0.00,99,0,4,0.49,32,1,29,0.12,17,0,0.00,99,0,0.00,0,0,0.00,0,0.24,21,4,0.49,27,1,0.12,25.00,0,0.00,0,0,0,0.00,0,11,0.00,40,1.33,57,N/A,N/A,N/A,N/A,0.00,0,0.00,0,0.75,0.00,0,83.18,100.00,99,11,0.47,1.09,9,21,23,0,0,0,0.11,0.24,2,54,79.20,0.68,1.58,13,0,0.00,0.00,99,0.00,0,0,0,0.00,0.00,0,0.00,0.00,0.00,0.00,0,0,0.00,38,35,46,37,40,0.85,43,0.04,0.10,0.75,43,0.04,0.09,46,9,0.47,1.09,2.18,0.95,86,18,0.09,41,16,45,71,0,46,71,0,0.00,99,17,0.00,2.06,11.40,4.95,94,44,55,67,5.34,2.32,46.81,2,0.24,75,0,0.00,0,0.00,99,0,0.00,0.00,29,31,84,70,0,0,0,0,0,24,37,51,56,0,26,65,16,98,5,31,91,18,N/A,N/A
Levente Babós,22,1074240000,2004/01/16,NB I,2025/2026,Defender,Diósgyőr,118,90,28,Hungary,2,1,1,0,0,0,0,0,0,0,0,0,0,0,3,2,1,1,0,0,0,0,0,0,0,2.29,39,59,118,0,0.76,-1,-1,-1,23,0,1.71,0,46,76.92,12.50,99,100,10.88,87,93,66.92,99,0.00,0.00,0.00,0,0.00,0.12,0.77,0.12,1,0.00,0.00,0.00,0.00,0.00,0.25,0.00,0.00,0.00,0.00,0.00,0.00,0.00,0.00,0.00,0.00,0.25,0.00,0.00,0,0,,0,0.00,8,0,0.00,18,0,0.00,10,0,1,1,20,0.00,99,0,2,1.54,88,1,29,0.77,44,0,0.00,99,0,0.00,0,0,0.00,0,0.00,9,0,0.00,7,0,0.00,0.00,0,0.00,0,0,0,0.00,0,0,0.00,2,0.00,0,N/A,N/A,N/A,N/A,0.00,0,0.00,0,0.00,0.00,0,87.00,0.00,18,99,0.00,0.00,0,13,13,0,0,0,0.00,0.00,0,20,13.69,0.50,3.08,4,0,0.00,0.00,99,0.00,0,0,0,0.00,0.00,0,0.00,0.00,0.00,0.00,0,0,0.00,38,0,0,37,2,0.22,70,0.03,0.17,0.00,9,0.00,0.00,68,2,0.25,1.54,0.77,0.12,21,1,0.00,9,0,71,71,0,46,59,0,0.00,99,2,0.00,1.54,4.62,0.75,6,5,26,8,3.85,0.62,83.33,0,0.00,99,0,0.00,0,0.00,99,0,0.00,0.00,29,1,36,15,0,0,0,0,0,24,37,51,56,0,21,4,15,99,1,50,99,21,0,0
Levente Katona,24,1009785600,2001/12/31,NB I,2025/2026,Defender,Nyíregyháza Spartacus,1801,900,901,Hungary,21,10,11,0,0,0,1,1,0,0,0,3,0,3,30,18,12,6,1,0.05,0.05,0,0,0,0,1.5,60,86,300,1801,0.3,178,135,53,25,105000,7.12,0.05,50,45.02,42.90,81,901,35.24,740,77,36.98,80,0.00,0.00,0.52,11,0.00,0.24,1.85,1.76,37,0.00,0.29,0.00,0.00,0.00,1.48,0.24,1.48,0.00,0.25,0.14,0.43,0.00,0.10,0.02,0.00,2.67,0.00,0.00,0,0,,5,0.24,15,2,0.10,24,3,0.15,14,0,1,20,72,0.00,99,0,31,1.55,90,5,92,0.25,25,0,0.00,99,0,0.00,0,0,0.00,0,0.55,39,9,0.45,25,5,0.25,55.56,0,0.00,0,0,0,0.00,0,31,0.00,41,1.55,73,N/A,N/A,N/A,N/A,0.00,0,0.00,0,0.46,0.00,0,82.13,40.00,72,52,0.48,0.50,10,33,81,0,0,0,0.76,0.80,16,90,149.56,4.43,4.65,93,1,0.00,0.05,17,0.05,0,0,0,0.00,0.00,0,0.00,0.00,0.05,0.05,1,0,0.00,38,86,77,37,42,2.57,57,0.12,0.13,0.46,19,0.02,0.02,33,16,0.76,0.80,1.50,1.43,63,30,0.02,19,97,81,71,0,49,82,0,0.00,99,56,0.00,2.80,8.90,8.48,178,112,62,37,5.60,5.33,62.92,6,0.30,71,0,40.00,0,0.00,99,2,0.10,0.10,38,85,36,15,0,0,0,0,0,26,37,51,56,0,45,35,44,71,5,24,79,31,N/A,N/A
Levente Kristóf Balázsi,56,N/A,N/A,NB I,2025/2026,Forward,Kazincbarcika,157,110,47,Hungary,6,4,2,0,0,0,0,0,0,0,0,1,1,0,2,0,2,0,0,0,0,0,0,0,0,1.15,79,26,0,0,0,-1,-1,-1,29,20000,1.62,0,46,8.54,0.94,0,15,0.56,9,5,5.13,0,0.00,0.00,0.06,1,0.00,0.06,1.14,0.12,2,0.00,0.19,0.00,0.00,0.00,0.19,0.19,0.19,0.00,0.57,0.06,0.19,0.00,0.00,0.00,0.00,0.00,0.00,0.00,0,0,,1,0.06,32,0,0.00,18,1,0.57,43,2,4,2,35,0.00,99,0,3,1.71,92,1,29,0.57,37,0,0.00,99,0,0.00,0,0,0.00,0,0.57,39,3,1.71,69,3,1.71,100.00,0,0.00,0,0,0,0.00,0,3,0.00,72,1.71,80,N/A,N/A,N/A,N/A,0.00,0,0.00,0,0.04,0.00,0,60.00,0.00,18,45,0.06,0.57,1,93,99,0,0,0,0.00,0.00,0,20,25.96,0.06,0.57,1,0,0.00,0.00,99,0.00,0,0,0,0.00,0.00,0,0.00,0.00,0.00,0.00,0,0,0.00,38,0,3,37,73,0.05,3,0.00,0.03,0.04,19,0.00,0.02,19,1,0.06,0.57,1.71,0.19,73,3,0.02,19,0,10,71,0,46,0,0,0.00,99,0,0.00,0.00,7.97,0.88,14,6,18,27,3.42,0.38,42.86,3,1.71,7,0,0.00,0,0.00,99,0,0.00,0.00,29,2,62,55,0,0,0,0,0,24,37,51,56,0,21,45,14,14,0,0,14,78,N/A,N/A
Levente Szőr,25,979459200,2001/01/14,NB I,2025/2026,Forward,Várda SE,542,258,284,Hungary,13,7,6,2,2,0,0,0,0,0,0,4,3,1,6,4,2,2,0,0.33,0,0.33,0.7,0,271,1,90,42,271,0,0.33,37,168,-1,9,55000,4.24,0,46,55.73,15.95,95,335,11.38,239,27,39.76,86,0.00,0.00,0.14,3,0.00,0.19,3.49,1.00,21,0.00,0.29,0.00,0.00,0.00,0.57,0.10,0.29,4.00,1.33,0.29,0.14,0.00,0.10,0.08,0.00,1.14,0.00,0.00,0,0,,8,0.38,62,2,0.33,52,6,1.00,71,2,10,3,99,0.00,99,0,12,2.00,98,4,71,0.67,40,0,0.00,99,0,0.00,0,0,0.00,0,0.50,35,3,0.50,28,2,0.33,66.67,0,0.00,0,0,0,0.00,0,6,0.00,86,1.00,28,N/A,N/A,N/A,N/A,0.00,0,0.00,0,1.76,0.00,0,71.34,25.00,38,15,0.29,1.00,6,38,90,0,0,0,0.19,0.67,4,85,89.05,0.76,2.66,16,0,0.00,0.00,99,0.00,0,0,0,0.00,0.00,0,0.00,0.00,0.00,0.00,0,0,25.00,91,12,30,50,86,0.71,50,0.03,0.12,1.76,81,0.08,0.29,50,7,0.33,1.16,1.33,0.38,54,8,0.29,80,18,64,71,0,46,94,0,0.00,99,24,0.00,3.99,16.30,4.67,98,54,99,95,8.98,2.57,55.10,6,1.00,26,0,25.00,0,0.00,99,1,0.05,0.17,47,4,91,55,0,0,0,0,0,74,88,51,98,0,27,79,40,76,2,15,55,70,N/A,N/A
Lirim Kastrati,27,917942400,1999/02/02,NB I,2025/2026,Defender,Diósgyőr,150,70,80,Kosovo,3,1,2,0,0,0,0,0,0,0,0,0,0,0,0,0,0,1,0,0,0,0,0,0,0,0,0,50,150,0,0.6,-1,-1,-1,19,260000,2.80,0,46,39.60,9.43,71,66,6.43,45,18,27.00,58,0.00,0.00,0.14,1,0.00,0.29,3.00,0.71,5,0.00,0.14,0.00,0.00,0.00,0.71,0.14,0.00,0.00,1.20,0.29,0.57,0.00,0.00,0.02,0.00,0.29,0.00,0.00,0,0,,2,0.29,59,0,0.00,18,2,1.20,81,7,2,1,97,0.00,99,0,5,3.00,99,2,29,1.20,55,0,0.00,99,0,0.00,0,0,0.00,0,0.60,40,4,2.40,85,1,0.60,25.00,0,0.00,0,0,0,0.00,0,0,0.00,99,0.00,0,N/A,N/A,N/A,N/A,0.00,0,0.00,0,0.12,0.00,0,68.18,0.00,18,0,0.71,3.00,5,60,23,0,0,0,0.00,0.00,0,20,19.63,0.71,3.00,5,0,0.00,0.00,99,0.00,0,0,0,0.00,0.00,0,0.00,0.00,0.00,0.00,0,0,0.00,38,0,0,37,0,0.13,31,0.02,0.08,0.12,34,0.02,0.07,20,1,0.14,0.60,0.60,0.14,13,1,0.07,34,2,70,71,0,46,46,0,0.00,99,2,0.00,1.20,12.60,3.00,21,9,56,76,5.40,1.29,42.86,1,0.60,48,0,0.00,0,0.00,99,0,0.00,0.00,29,1,45,97,0,0,0,0,0,24,37,51,56,0,85,4,17,97,1,33,93,62,N/A,N/A
Magyar Zsolt János,24,994834800,2001/07/11,NB I,2025/2026,Forward,Puskás,227,60,167,Hungary,4,1,3,0,0,0,1,0,1,0,0,1,0,1,2,1,1,1,0,0.4,0.4,0,0,0,0,0.79,114,57,227,227,0.4,-1,-1,-1,26,60000,3.76,0.25,97,25.37,9.14,23,64,5.71,40,6,15.86,17,0.00,0.00,0.29,2,0.00,2.14,3.57,1.29,9,0.00,0.29,0.00,0.00,0.00,0.43,0.29,0.29,0.00,2.78,0.71,0.57,0.00,0.29,0.07,0.00,0.43,0.00,0.00,0,0,,7,1.00,91,2,0.79,79,5,1.98,97,5,1,3,99,0.00,99,0,3,1.19,76,15,74,5.95,93,0,0.00,99,0,0.00,0,0,0.00,0,0.79,51,4,1.59,62,2,0.79,50.00,0,0.00,0,0,0,0.00,0,2,0.00,95,0.79,10,N/A,N/A,N/A,N/A,0.00,0,0.00,0,0.46,0.00,0,62.50,28.57,42,8,0.43,1.19,3,72,73,0,0,0,0.00,0.00,0,20,26.31,0.71,1.98,5,0,0.00,0.00,99,0.00,0,0,2,0.29,0.79,0,0.00,0.00,0.00,0.00,0,0,0.00,38,0,0,37,95,0.77,95,0.11,0.31,0.46,66,0.07,0.18,32,2,0.29,0.79,3.57,1.29,99,9,0.18,63,10,56,99,0,46,45,0,0.00,99,3,0.00,1.19,13.88,5.00,35,16,81,85,6.34,2.29,45.71,2,0.79,36,0,26.67,0,0.00,99,4,0.57,1.59,95,4,36,88,0,0,0,0,0,79,37,51,56,0,29,65,31,83,1,25,85,30,N/A,N/A
Maksym Pukhtieiev,22,1075708800,2004/02/02,NB I,2025/2026,Forward,Kazincbarcika,103,40,63,Hungary,4,2,2,0,0,0,0,0,0,0,0,1,0,1,2,2,0,1,0,0,0,0,0,0,0,1.75,52,26,103,0,0.87,-1,-1,-1,17,40000,3.26,0,46,12.98,2.50,1,15,2.00,12,69,10.38,3,0.00,0.00,0.00,0,0.00,0.00,0.87,0.17,1,0.00,0.17,0.00,0.00,0.00,0.00,0.17,0.33,0.00,0.87,0.17,0.33,0.00,0.00,0.01,0.00,0.00,0.00,0.00,0,0,,1,0.17,45,0,0.00,18,1,0.87,61,7,3,1,24,0.00,99,0,0,0.00,8,0,29,0.00,13,0,0.00,99,0,0.00,0,0,0.00,0,0.00,9,2,1.73,69,1,0.87,50.00,0,0.00,0,0,0,0.00,0,2,0.00,19,1.73,81,N/A,N/A,N/A,N/A,0.00,0,0.00,0,0.06,0.00,0,80.00,0.00,18,21,0.17,0.87,1,76,73,0,0,0,0.00,0.00,0,20,19.55,0.17,0.87,1,0,0.00,0.00,99,0.00,0,0,0,0.00,0.00,0,0.00,0.00,0.00,0.00,0,0,0.00,38,0,0,37,22,0.02,0,0.00,0.02,0.06,28,0.01,0.05,99,4,0.67,3.46,2.60,0.50,93,3,0.05,28,4,19,71,0,46,0,0,0.00,99,0,0.00,0.00,13.85,2.67,16,6,52,85,5.19,1.00,37.50,1,0.87,33,0,0.00,0,0.00,99,0,0.00,0.00,29,1,55,97,0,0,0,0,0,24,37,51,56,0,22,65,14,99,1,25,85,27,N/A,N/A
Marcell Béla Huszár,20,1115449200,2005/05/07,NB I,2025/2026,Forward,Győri ETO,136,89,47,Hungary,13,7,6,3,1,2,0,0,0,0,0,5,3,2,1,1,0,2,0,1.99,0,1.99,1.01,3.83,45,0.66,136,10,68,0,1.32,-1,-1,-1,8,36000,2.36,0,46,32.91,2.13,50,49,1.52,35,29,23.51,43,0.00,0.00,0.13,3,0.00,0.09,1.34,0.09,2,0.00,0.13,0.00,0.00,0.00,0.04,0.04,0.04,5.50,7.39,0.26,0.26,0.00,0.22,0.09,0.00,0.04,0.00,0.00,0,0,,11,0.48,99,5,3.36,99,6,4.03,99,0,13,0,47,0.00,99,0,1,0.67,44,2,99,1.34,58,0,0.00,99,0,0.00,0,0,0.00,0,2.01,92,6,4.03,96,1,0.67,16.67,0,0.00,0,0,0,0.00,0,1,0.00,99,0.67,5,N/A,N/A,N/A,N/A,0.00,0,0.00,0,2.12,0.00,0,71.43,45.45,80,34,0.04,0.67,1,63,16,0,0,0,0.00,0.00,0,20,54.19,0.17,2.69,4,0,0.00,0.00,99,0.00,0,0,1,0.04,0.67,0,0.00,0.00,1.34,0.09,2,0,18.18,82,0,30,37,99,0.22,65,0.01,0.15,2.12,99,0.09,1.42,98,5,0.22,3.36,2.69,0.17,94,4,1.42,99,1,66,99,0,99,23,0,0.00,99,1,0.00,0.67,14.10,0.91,21,9,75,85,6.04,0.39,42.86,3,2.01,4,0,100.00,0,0.00,99,2,0.09,1.34,92,0,97,15,0,0,0,0,0,99,99,99,99,0,22,97,14,99,2,15,55,96,N/A,N/A
Marcell Kovács,23,1044777600,2003/02/09,NB I,2025/2026,Goalkeeper,Várda SE,0,0,0,Hungary,0,0,0,0,0,0,0,0,0,0,0,0,0,0,0,0,0,0,0,0,0,0,0,0,0,0,0,0,0,0,0,-1,-1,-1,-1,N/A,N/A,N/A,N/A,N/A,N/A,N/A,N/A,N/A,N/A,N/A,N/A,N/A,N/A,N/A,N/A,N/A,N/A,N/A,N/A,N/A,N/A,N/A,N/A,N/A,N/A,N/A,N/A,N/A,N/A,N/A,N/A,N/A,N/A,N/A,N/A,N/A,N/A,N/A,N/A,N/A,N/A,N/A,N/A,N/A,N/A,N/A,N/A,N/A,N/A,N/A,N/A,N/A,N/A,N/A,N/A,N/A,N/A,N/A,N/A,N/A,N/A,N/A,N/A,N/A,N/A,N/A,N/A,N/A,N/A,N/A,N/A,N/A,N/A,N/A,N/A,N/A,N/A,N/A,N/A,N/A,N/A,N/A,N/A,N/A,N/A,N/A,N/A,N/A,N/A,N/A,N/A,N/A,N/A,N/A,N/A,N/A,N/A,N/A,N/A,N/A,N/A,N/A,N/A,N/A,N/A,N/A,N/A,N/A,N/A,N/A,N/A,N/A,N/A,N/A,N/A,N/A,N/A,N/A,N/A,N/A,N/A,N/A,N/A,N/A,N/A,N/A,N/A,N/A,N/A,N/A,N/A,N/A,N/A,N/A,N/A,N/A,N/A,N/A,N/A,N/A,N/A,N/A,N/A,N/A,N/A,N/A,N/A,N/A,N/A,N/A,N/A,N/A,N/A,N/A,N/A,N/A,N/A,N/A,N/A,N/A,N/A,N/A,N/A,N/A,N/A,N/A,N/A,N/A,N/A,N/A,N/A,N/A,N/A,N/A,N/A,N/A,N/A,N/A,N/A,N/A,N/A,N/A,N/A,N/A,N/A,N/A,N/A,N/A,N/A,N/A,N/A,N/A,N/A,N/A,N/A,N/A,N/A,N/A,N/A,N/A,N/A,N/A,N/A,N/A,N/A,N/A,N/A,N/A,N/A,N/A,N/A,N/A,N/A,N/A,N/A,N/A,N/A,N/A,N/A,N/A,N/A,N/A,N/A
Marcell Major,20,1111046400,2005/03/17,NB I,2025/2026,Midfielder,Kazincbarcika,887,307,580,Hungary,16,6,10,1,0,1,0,0,0,0,0,0,0,0,17,6,11,4,0,0.1,0,0.1,0,0.16,887,1.72,52,55,222,0,0.41,129,157,-1,13,0,4.28,0,46,24.69,10.52,19,242,8.13,187,54,19.08,29,0.00,0.00,0.26,6,0.00,0.65,1.63,0.70,16,0.00,0.22,0.00,0.00,0.00,0.17,0.00,0.61,7.00,0.71,0.22,0.43,0.00,0.09,0.05,0.00,0.35,0.00,0.00,0,0,,7,0.30,37,2,0.20,39,5,0.51,39,1,6,10,64,0.00,99,0,4,0.41,29,15,92,1.53,61,0,0.00,99,0,0.00,0,0,0.00,0,0.61,41,10,1.02,46,0,0.00,0.00,0,0.00,0,0,0,0.00,0,14,0.00,22,1.43,65,N/A,N/A,N/A,N/A,0.00,0,0.00,0,1.09,0.00,0,77.27,28.57,42,23,0.35,0.82,8,13,13,0,0,0,0.00,0.00,0,20,98.47,0.57,1.33,13,0,0.00,0.00,99,0.00,0,0,0,0.00,0.00,0,0.00,0.00,0.00,0.00,0,0,14.29,75,39,46,86,22,0.73,22,0.03,0.07,1.09,51,0.05,0.11,99,33,1.43,3.37,1.53,0.65,65,15,0.11,49,19,38,71,0,46,33,0,0.00,99,8,0.00,0.82,11.33,4.83,111,56,65,66,5.71,2.43,50.45,5,0.51,55,0,40.00,0,0.00,99,6,0.26,0.61,76,45,76,35,0,0,0,0,0,36,52,67,56,0,21,4,30,84,4,25,85,15,0,0
Marco Lund,29,836118000,1996/06/30,NB I,2025/2026,Defender,Diósgyőr,44,44,0,Denmark,1,1,0,0,0,0,0,0,0,0,0,0,0,0,1,1,0,0,0,0,0,0,0,0,0,2.05,44,44,0,0,0,-1,-1,-1,21,220000,1.12,0,46,69.55,5.67,99,34,5.33,32,99,65.45,99,0.00,0.00,0.17,1,0.00,0.17,0.00,0.00,0,0.00,0.00,0.00,0.00,0.00,0.00,0.00,0.17,0.00,0.00,0.00,0.00,0.00,0.00,0.00,0.00,0.00,0.00,0.00,0,0,,0,0.00,8,0,0.00,18,0,0.00,10,0,1,0,5,0.00,99,0,0,0.00,8,1,99,2.05,67,0,0.00,99,0,0.00,0,0,0.00,0,2.05,94,0,0.00,7,0,0.00,0.00,0,0.00,0,0,0,0.00,0,1,0.00,7,2.05,90,N/A,N/A,N/A,N/A,0.00,0,0.00,0,0.00,0.00,0,94.12,0.00,18,0,0.17,2.05,1,13,13,0,0,0,0.17,2.05,1,99,6.75,0.50,6.14,3,0,0.00,0.00,99,0.00,0,0,0,0.00,0.00,0,0.00,0.00,0.00,0.00,0,0,0.00,38,0,0,37,7,0.11,87,0.02,0.23,0.00,9,0.00,0.00,2,0,0.00,0.00,0.00,0.00,4,0,0.00,9,0,90,71,0,46,0,0,0.00,99,0,0.00,0.00,2.05,0.17,1,0,0,7,0.00,0.00,0.00,0,0.00,99,0,100.00,0,0.00,99,1,0.17,2.05,97,0,36,15,0,0,0,0,0,24,37,51,56,0,81,4,14,14,0,0,14,4,N/A,N/A
Mariano Gómez,27,918201600,1999/02/05,NB I,2025/2026,Defender,Ferencváros,540,180,360,Argentina,6,2,4,2,1,1,0,0,0,0,0,2,1,1,5,1,4,1,0,0.33,0,0.33,0.5,0.25,270,0.83,108,90,540,0,0.17,34,153,7,11,400000,7.18,0,46,47.16,45.50,84,273,37.17,223,75,38.52,84,0.00,0.00,0.00,0,0.00,0.50,1.55,1.50,9,0.00,0.17,0.00,0.00,0.00,1.67,0.00,0.83,6.50,2.25,1.33,0.17,0.00,0.83,0.37,0.00,2.17,0.00,0.00,0,0,,13,2.17,85,5,0.86,83,8,1.38,88,0,0,6,61,0.00,99,0,10,1.73,95,3,29,0.52,35,0,0.00,99,0,0.00,0,0,0.00,0,0.00,9,1,0.17,14,0,0.00,0.00,0,0.00,0,0,0,0.00,0,5,0.00,95,0.86,15,N/A,N/A,N/A,N/A,0.00,0,0.00,0,2.22,0.00,0,81.68,38.46,66,85,0.17,0.17,1,13,13,0,0,0,0.33,0.35,2,64,43.07,2.83,2.94,17,0,0.00,0.00,99,0.00,0,0,0,0.00,0.00,0,0.00,0.00,0.00,0.00,0,0,15.38,76,12,3,49,95,0.44,31,0.07,0.08,2.22,90,0.37,0.38,44,6,1.00,1.04,0.69,0.67,16,4,0.38,89,98,69,71,0,46,73,0,0.00,99,13,0.00,2.25,8.46,8.17,49,28,45,32,4.84,4.67,57.14,1,0.17,81,0,0.00,0,0.00,99,0,0.00,0.00,29,16,22,15,0,0,0,0,0,74,88,76,93,0,96,88,74,41,1,17,62,4,N/A,N/A
Marin Jurina,32,754300800,1993/11/26,NB I,2025/2026,Forward,MTK,1316,667,649,Croatia,22,12,10,2,2,0,2,0,2,0,0,5,4,1,27,14,13,2,0,0.27,0.14,0.14,0.27,0,658,1.85,49,60,658,658,0.14,102,74,-1,9,132000,5.64,0.09,74,18.39,10.28,7,257,6.92,173,15,12.38,9,0.00,0.00,0.28,7,0.00,0.08,0.36,0.20,5,0.00,0.36,0.00,0.00,0.00,0.04,0.08,0.80,35.00,2.50,1.04,0.32,0.00,0.36,0.12,0.00,2.24,0.00,0.00,0,0,,35,1.40,90,9,0.64,72,26,1.86,95,1,6,16,9,0.00,99,0,1,0.07,9,2,99,0.14,19,0,0.00,99,0,0.00,0,0,0.00,0,0.50,35,8,0.57,31,2,0.14,25.00,0,0.00,0,0,0,0.00,0,20,0.00,14,1.43,65,N/A,N/A,N/A,N/A,0.00,0,0.00,0,2.98,0.00,0,67.32,25.71,39,69,0.20,0.36,5,23,23,0,0,0,0.08,0.14,2,36,140.98,0.68,1.22,17,1,0.00,0.07,14,0.04,0,0,1,0.04,0.07,0,0.00,0.00,0.50,0.28,7,0,2.86,39,66,82,75,16,1.78,57,0.07,0.13,2.98,69,0.12,0.21,83,29,1.16,2.07,1.43,0.80,60,20,0.21,66,45,34,83,0,89,95,0,0.00,99,56,0.00,4.01,12.59,7.04,176,92,84,76,6.58,3.68,52.27,9,0.64,48,0,100.00,0,0.00,99,2,0.08,0.14,43,73,76,35,0,0,0,0,0,66,63,51,82,0,55,56,81,35,2,9,33,11,N/A,N/A
Márió Zeke,25,967791600,2000/09/01,NB I,2025/2026,Defender,Paksi SE,1328,608,720,Hungary,18,10,8,0,0,0,2,1,1,0,0,4,1,3,14,9,5,1,0,0.14,0.14,0,0,0,0,0.95,95,74,1328,664,0.07,222,70,12,20,125000,5.12,0.11,74,26.50,17.00,27,391,12.57,289,37,19.59,33,0.00,0.00,1.13,26,0.00,5.00,1.42,0.91,21,0.00,0.48,0.00,0.00,0.00,0.30,0.26,0.65,0.00,0.88,0.48,0.83,0.00,0.09,0.03,0.00,1.00,0.00,0.00,0,0,,13,0.57,46,2,0.14,32,11,0.75,54,2,3,15,52,0.00,99,0,7,0.47,31,115,71,7.79,96,0,0.00,99,0,0.00,0,0,0.00,0,1.76,87,19,1.29,55,6,0.41,31.58,0,0.00,0,0,0,0.00,0,15,0.00,89,1.02,31,N/A,N/A,N/A,N/A,0.00,0,0.00,0,0.76,0.00,0,73.91,15.38,21,82,0.13,0.20,3,44,29,0,0,0,0.26,0.41,6,69,117.83,1.00,1.56,23,0,0.00,0.00,99,0.00,0,0,0,0.00,0.00,0,0.00,0.00,0.00,0.00,0,0,0.00,38,68,57,37,89,2.78,76,0.12,0.19,0.76,28,0.03,0.05,80,29,1.26,1.97,1.02,0.65,33,15,0.05,28,35,45,71,0,46,60,0,0.00,99,23,0.00,1.56,9.15,5.87,135,79,55,42,5.35,3.43,58.52,11,0.75,38,0,25.22,0,0.00,99,29,1.26,1.97,96,69,55,55,0,0,0,0,0,45,37,51,56,0,53,54,96,19,1,6,23,20,N/A,N/A
Márk Csinger,22,1054364400,2003/05/31,NB I,2025/2026,Defender,Győri ETO,2106,1170,936,Hungary,25,13,12,1,0,1,0,0,0,0,0,9,6,3,20,9,11,1,0,0.04,0,0.04,0,0.1,2106,0.85,105,84,2106,0,0.04,167,181,9,15,0,6.99,0,46,60.31,56.29,97,1351,50.04,1201,97,53.62,97,0.00,0.00,0.17,4,0.00,0.21,1.43,1.33,32,0.00,0.12,0.00,0.00,0.00,1.08,0.00,0.75,8.00,0.36,0.21,0.25,0.00,0.12,0.05,0.00,1.92,0.00,0.00,0,0,,8,0.33,22,3,0.13,31,5,0.22,19,1,1,24,53,0.00,99,0,26,1.16,74,5,29,0.22,23,0,0.00,99,0,0.00,0,0,0.00,0,0.18,17,6,0.27,18,0,0.00,0.00,0,0.00,0,0,0,0.00,0,18,0.00,93,0.80,12,N/A,N/A,N/A,N/A,0.00,0,0.00,0,1.22,0.00,0,88.90,37.50,63,84,0.17,0.18,4,13,13,0,0,0,0.46,0.49,11,77,167.74,4.29,4.60,103,0,0.00,0.00,99,0.00,0,0,1,0.04,0.04,0,0.00,0.00,0.00,0.00,0,0,12.50,70,96,97,99,93,2.27,43,0.09,0.10,1.22,28,0.05,0.05,54,29,1.21,1.29,1.29,1.21,51,29,0.05,28,91,81,74,0,46,71,0,0.00,99,46,0.00,2.05,8.17,7.62,183,106,41,29,4.73,4.42,57.92,3,0.13,83,0,0.00,0,0.00,99,0,0.00,0.00,29,97,36,35,0,0,0,0,0,25,38,55,56,0,21,93,99,15,1,4,17,21,0,0
Márk Gyetván,21,1107244800,2005/02/01,NB I,2025/2026,Midfielder,Paksi SE,0,0,0,Hungary,0,0,0,0,0,0,0,0,0,0,0,0,0,0,0,0,0,0,0,0,0,0,0,0,0,0,0,0,0,0,0,-1,-1,-1,-1,N/A,N/A,N/A,N/A,N/A,N/A,N/A,N/A,N/A,N/A,N/A,N/A,N/A,N/A,N/A,N/A,N/A,N/A,N/A,N/A,N/A,N/A,N/A,N/A,N/A,N/A,N/A,N/A,N/A,N/A,N/A,N/A,N/A,N/A,N/A,N/A,N/A,N/A,N/A,N/A,N/A,N/A,N/A,N/A,N/A,N/A,N/A,N/A,N/A,N/A,N/A,N/A,N/A,N/A,N/A,N/A,N/A,N/A,N/A,N/A,N/A,N/A,N/A,N/A,N/A,N/A,N/A,N/A,N/A,N/A,N/A,N/A,N/A,N/A,N/A,N/A,N/A,N/A,N/A,N/A,N/A,N/A,N/A,N/A,N/A,N/A,N/A,N/A,N/A,N/A,N/A,N/A,N/A,N/A,N/A,N/A,N/A,N/A,N/A,N/A,N/A,N/A,N/A,N/A,N/A,N/A,N/A,N/A,N/A,N/A,N/A,N/A,N/A,N/A,N/A,N/A,N/A,N/A,N/A,N/A,N/A,N/A,N/A,N/A,N/A,N/A,N/A,N/A,N/A,N/A,N/A,N/A,N/A,N/A,N/A,N/A,N/A,N/A,N/A,N/A,N/A,N/A,N/A,N/A,N/A,N/A,N/A,N/A,N/A,N/A,N/A,N/A,N/A,N/A,N/A,N/A,N/A,N/A,N/A,N/A,N/A,N/A,N/A,N/A,N/A,N/A,N/A,N/A,N/A,N/A,N/A,N/A,N/A,N/A,N/A,N/A,N/A,N/A,N/A,N/A,N/A,N/A,N/A,N/A,N/A,N/A,N/A,N/A,N/A,N/A,N/A,N/A,N/A,N/A,N/A,N/A,N/A,N/A,N/A,N/A,N/A,N/A,N/A,N/A,N/A,N/A,N/A,N/A,N/A,N/A,N/A,N/A,N/A,N/A,N/A,N/A,N/A,N/A,N/A,N/A,N/A,N/A,N/A,N/A
Márk Szécsi,31,769590000,1994/05/22,NB I,2025/2026,Forward,Debrecen,814,392,422,Hungary,18,8,10,1,0,1,0,0,0,0,0,5,2,3,11,5,6,3,0,0.11,0,0.11,0,0.21,814,1.22,74,45,271,0,0.33,128,202,-1,14,125000,4.45,0,46,31.52,13.21,43,317,10.12,243,51,24.17,47,0.00,0.00,0.33,8,0.00,0.50,2.19,0.92,22,0.00,0.17,0.00,0.00,0.00,0.50,0.46,0.38,4.00,0.40,0.12,0.58,0.00,0.04,0.04,0.00,0.42,0.00,0.00,0,0,,4,0.17,24,1,0.10,24,3,0.30,25,4,9,9,84,0.00,99,0,12,1.19,76,12,48,1.19,55,0,0.00,99,0,0.00,0,0,0.00,0,0.80,52,14,1.39,59,11,1.09,78.57,0,0.00,0,0,0,0.00,0,9,0.00,67,0.90,19,N/A,N/A,N/A,N/A,0.00,0,0.00,0,0.86,0.00,0,76.66,25.00,38,25,0.33,0.80,8,86,93,0,0,0,0.21,0.50,5,78,106.80,1.25,2.98,30,0,0.00,0.00,99,0.00,0,0,0,0.00,0.00,0,0.00,0.00,0.20,0.08,2,0,25.00,91,33,57,83,67,0.80,31,0.03,0.08,0.86,43,0.04,0.09,25,7,0.29,0.70,1.39,0.58,57,14,0.09,41,21,70,71,0,72,39,0,0.00,99,10,0.00,0.99,9.05,3.79,91,47,38,41,4.67,1.96,51.65,4,0.40,65,0,16.67,0,0.00,99,2,0.08,0.20,49,39,87,83,0,0,0,0,0,38,54,70,56,0,53,75,40,76,3,17,62,77,N/A,N/A
Márk Tamás,32,751791600,1993/10/28,NB I,2025/2026,Defender,Diósgyőr,1050,554,496,Hungary,14,7,7,1,1,0,0,0,0,0,0,2,2,0,17,5,12,1,0,0.09,0,0.09,0.16,0,1050,1.46,62,75,1050,0,0.09,139,174,50,11,140000,3.88,0,46,41.96,21.30,74,490,17.43,401,76,34.34,74,0.00,0.00,0.04,1,0.00,0.26,2.14,1.09,25,0.00,0.00,0.00,0.00,0.00,0.35,0.04,0.48,4.00,0.34,0.13,0.04,0.00,0.04,0.04,0.00,1.52,0.00,0.00,0,0,,4,0.17,21,1,0.09,22,3,0.26,22,1,2,12,82,0.00,99,0,8,0.69,47,6,29,0.51,34,0,0.00,99,0,0.00,0,0,0.00,0,0.09,12,1,0.09,9,1,0.09,100.00,0,0.00,0,0,0,0.00,0,11,0.00,44,0.94,22,N/A,N/A,N/A,N/A,0.00,0,0.00,0,0.88,0.00,0,81.84,25.00,38,61,0.22,0.43,5,19,99,0,0,0,0.52,1.03,12,95,89.25,3.65,7.19,84,0,0.00,0.00,99,0.00,0,0,0,0.00,0.00,0,0.00,0.00,0.09,0.04,1,0,25.00,91,50,35,90,45,0.90,31,0.04,0.08,0.88,39,0.04,0.08,30,9,0.39,0.77,1.28,0.65,49,15,0.08,38,12,97,71,0,55,85,0,0.00,99,35,0.00,3.00,8.99,4.57,105,69,71,40,5.91,3.00,65.71,0,0.00,99,0,0.00,0,0.00,99,0,0.00,0.00,29,55,45,35,0,0,0,0,0,33,50,51,70,0,58,35,93,24,1,7,24,93,N/A,N/A
Marko Kvasina,29,851068800,1996/12/20,NB I,2025/2026,Forward,Nyíregyháza Spartacus,717,360,357,Austria,8,4,4,5,3,2,0,0,0,0,0,2,0,2,10,8,2,2,0,0.63,0,0.63,0.75,0.5,143,1.26,72,90,359,0,0.25,9,165,-1,2,100000,7.30,0,46,25.23,25.12,22,201,17.12,137,17,17.20,23,0.00,0.00,0.50,4,0.00,0.88,1.51,1.50,12,0.00,0.88,0.00,0.00,0.00,0.62,0.38,1.25,3.40,2.13,0.88,1.12,0.00,1.25,0.56,0.00,6.12,0.00,0.00,0,0,,17,2.12,82,10,1.26,95,7,0.88,63,3,0,8,58,0.00,99,0,5,0.63,41,7,40,0.88,47,0,0.00,99,0,0.00,0,0,0.00,0,0.50,35,9,1.13,50,3,0.38,33.33,0,0.00,0,0,0,0.00,0,10,0.00,63,1.26,52,N/A,N/A,N/A,N/A,0.00,0,0.00,0,4.52,0.00,0,68.16,58.82,95,79,0.25,0.25,2,42,35,1,0,0,0.25,0.25,2,54,58.38,1.00,1.00,8,0,0.00,0.00,99,0.00,0,1,0,0.00,0.00,0,0.00,0.00,0.50,0.50,4,0,29.41,95,28,9,39,64,0.39,11,0.05,0.05,3.82,96,0.48,0.48,41,8,1.00,1.00,1.63,1.62,69,13,0.57,97,99,25,71,0,89,99,0,0.00,99,49,0.00,6.15,18.95,18.88,151,70,99,99,8.79,8.75,46.36,7,0.88,33,0,14.29,0,0.00,99,1,0.12,0.13,41,31,22,70,0,0,0,0,0,95,98,95,99,0,44,65,54,61,2,25,85,9,N/A,N/A
Marko Matanović,25,963817200,2000/07/17,NB I,2025/2026,Midfielder,Várda SE,986,407,579,Montenegro,21,9,12,0,0,0,2,1,1,0,0,7,4,3,15,4,11,3,0,0.18,0.18,0,0,0,0,1.37,66,47,329,493,0.27,260,48,-1,29,110000,5.82,0.1,84,26.11,11.92,25,286,8.88,213,43,19.44,32,0.00,0.00,0.46,11,0.00,1.71,1.00,0.46,11,0.00,0.50,0.00,0.00,0.00,0.29,0.92,0.62,0.00,2.01,0.54,1.83,0.00,0.38,0.08,0.00,0.75,0.00,0.00,0,0,,22,0.92,80,9,0.82,81,13,1.19,80,1,12,9,29,0.00,99,0,7,0.64,43,41,74,3.74,83,0,0.00,99,0,0.00,0,0,0.00,0,1.00,63,44,4.02,96,22,2.01,50.00,0,0.00,0,0,0,0.00,0,15,0.00,51,1.37,61,N/A,N/A,N/A,N/A,0.00,0,0.00,0,1.94,0.00,0,74.48,40.91,73,78,0.12,0.27,3,96,73,0,0,0,0.04,0.09,1,26,139.73,0.83,1.83,20,0,0.00,0.00,99,0.00,0,0,1,0.04,0.09,0,0.00,0.00,0.18,0.08,2,1,0.00,38,46,77,37,53,1.40,57,0.06,0.13,1.94,66,0.08,0.18,69,17,0.71,1.55,1.46,0.67,62,16,0.18,63,50,51,90,0,70,61,0,0.00,99,18,0.00,1.64,13.60,6.21,149,67,77,83,6.12,2.79,44.97,12,1.10,22,0,26.83,0,0.00,99,11,0.46,1.00,88,39,96,35,0,0,0,0,0,51,37,51,56,0,48,88,47,67,3,14,53,11,N/A,N/A
Martin Ádám,31,784108800,1994/11/06,NB I,2025/2026,Forward,Paksi SE,209,87,122,Hungary,8,3,5,1,1,0,0,0,0,0,0,1,0,1,3,3,0,1,0,0.43,0,0.43,1.03,0,209,1.29,70,26,209,0,0.43,-1,-1,-1,14,380000,6.56,0,46,19.81,5.75,10,46,4.00,32,23,13.78,12,0.00,0.00,0.25,2,0.00,0.00,0.00,0.00,0,0.00,0.25,0.00,0.00,0.00,0.00,0.12,0.50,9.00,3.88,0.50,0.12,0.00,0.62,0.18,0.00,1.50,0.00,0.00,0,0,,9,1.12,99,5,2.15,99,4,1.72,93,0,8,0,5,0.00,99,0,0,0.00,8,0,29,0.00,13,0,0.00,99,0,0.00,0,0,0.00,0,0.86,53,1,0.43,23,1,0.43,100.00,0,0.00,0,0,0,0.00,0,4,0.00,59,1.72,81,N/A,N/A,N/A,N/A,0.00,0,0.00,0,1.41,0.00,0,69.57,55.56,93,99,0.00,0.00,0,47,99,1,0,0,0.00,0.00,0,20,52.47,0.00,0.00,0,0,0.00,0.00,99,0.00,0,1,0,0.00,0.00,0,0.00,0.00,0.00,0.00,0,0,11.11,64,0,9,43,60,0.17,22,0.02,0.07,0.71,83,0.09,0.31,73,4,0.50,1.72,3.44,1.00,99,8,0.61,98,70,0,71,0,46,97,0,0.00,99,12,0.00,5.17,18.09,5.25,42,17,91,97,7.32,2.12,40.48,2,0.86,33,0,0.00,0,0.00,99,0,0.00,0.00,29,0,84,15,0,0,0,0,0,82,94,51,99,0,95,30,28,86,1,12,47,7,N/A,N/A
Martin Chlumecký,29,852969600,1997/01/11,NB I,2025/2026,Defender,Várda SE,2040,1080,960,Czech Republic,23,12,11,2,2,0,0,0,0,0,0,8,5,3,32,12,20,5,0,0.09,0,0.09,0.17,0,1020,1.41,64,89,408,0,0.22,133,248,48,7,145000,6.91,0,46,49.59,48.87,88,1124,37.83,870,56,38.38,83,0.00,0.00,0.52,12,0.00,2.00,1.37,1.35,31,0.00,0.26,0.00,0.00,0.00,1.17,0.17,1.35,10.00,0.88,0.61,0.52,0.00,0.26,0.12,0.00,2.22,0.00,0.00,0,0,,20,0.87,46,6,0.26,44,14,0.62,47,4,0,23,48,0.00,99,0,27,1.19,76,46,73,2.03,67,0,0.00,99,0,0.00,0,0,0.00,0,0.53,36,12,0.53,29,4,0.18,33.33,0,0.00,0,0,0,0.00,0,31,0.00,48,1.37,61,N/A,N/A,N/A,N/A,0.00,0,0.00,0,2.65,0.00,0,77.40,30.00,45,50,0.52,0.53,12,28,35,0,0,0,0.78,0.79,18,89,158.84,4.09,4.15,94,1,0.00,0.04,19,0.04,0,0,1,0.04,0.04,0,0.00,0.00,0.13,0.13,3,0,10.00,61,94,88,89,49,2.03,36,0.09,0.09,2.65,53,0.12,0.12,21,14,0.61,0.62,0.88,0.87,24,20,0.12,51,86,78,74,0,62,73,0,0.00,99,51,0.00,2.25,7.85,7.74,178,98,34,26,4.32,4.26,55.06,6,0.26,73,0,26.09,0,0.00,99,12,0.52,0.53,73,94,22,83,0,0,0,0,0,33,50,51,72,0,61,91,58,58,5,22,76,5,N/A,N/A
Martin Dala,21,1082962800,2004/04/26,NB I,2025/2026,Goalkeeper,Nyíregyháza Spartacus,90,90,0,Hungary,1,1,0,0,0,0,0,0,0,0,0,0,0,0,2,2,0,0,0,0,0,0,0,0,0,2,45,90,0,0,0,-1,-1,-1,28,75000,0.26,0,46,10.00,0.45,0,10,0.09,2,0,2.00,0,0.00,0.00,0.00,0,0.00,0.00,0.00,0.00,0,0.00,0.00,0.00,0.00,0.05,0.00,0.00,0.14,0.00,0.00,0.00,0.00,0.00,0.00,0.00,0.00,0.00,0.00,0.00,0,0,,0,0.00,8,0,0.00,18,0,0.00,10,0,0,1,5,0.00,99,0,0,0.00,8,0,29,0.00,13,0,0.00,99,0,0.00,0,0,0.00,0,0.00,9,0,0.00,7,0,0.00,0.00,0,0.00,0,1,0,1.00,0,3,0.00,8,3.00,93,N/A,N/A,N/A,N/A,33.33,0,0.00,0,0.00,0.00,0,20.00,0.00,18,99,0.00,0.00,0,13,13,0,0,1,0.00,0.00,0,20,5.62,0.00,0.00,0,0,0.00,0.00,99,0.00,0,0,0,0.00,0.00,0,0.00,0.00,0.00,0.00,0,0,0.00,38,0,0,37,8,0.00,0,0.00,0.00,0.00,9,0.00,0.00,2,0,0.00,0.00,0.00,0.00,4,0,0.00,9,0,0,71,0,46,0,0,0.00,99,0,0.00,0.00,1.00,0.05,1,0,0,7,0.00,0.00,0.00,0,0.00,99,0,0.00,0,0.00,99,0,0.00,0.00,29,1,22,15,0,0,0,0,0,24,37,51,56,0,33,4,14,14,0,0,14,57,N/A,N/A
Martin Kern,19,1143100800,2006/03/23,NB I,2025/2026,Midfielder,Puskás,385,127,258,Hungary,15,5,10,1,1,0,0,0,0,0,0,6,2,4,6,2,4,2,0,0.23,0,0.23,0.71,0,385,1.4,64,26,193,0,0.47,60,179,-1,9,120000,3.60,0,46,38.97,7.64,70,168,5.27,116,21,26.91,58,0.00,0.00,0.09,2,0.00,0.73,1.86,0.36,8,0.00,0.32,0.00,0.00,0.00,0.41,0.50,0.23,6.00,1.39,0.18,0.86,0.00,0.09,0.05,0.00,0.36,0.00,0.00,0,0,,6,0.27,65,2,0.46,62,4,0.93,68,2,13,2,72,0.00,99,0,9,2.09,99,16,35,3.71,83,0,0.00,99,0,0.00,0,0,0.00,0,0.46,32,19,4.41,97,11,2.55,57.89,0,0.00,0,0,0,0.00,0,5,0.00,49,1.16,45,N/A,N/A,N/A,N/A,0.00,0,0.00,0,1.03,0.00,0,69.05,33.33,56,9,0.23,1.16,5,99,82,0,0,0,0.05,0.23,1,53,79.31,0.18,0.93,4,0,0.00,0.00,99,0.00,0,0,0,0.00,0.00,0,0.00,0.00,0.23,0.05,1,0,16.67,80,1,39,58,49,0.28,17,0.01,0.06,1.03,75,0.05,0.24,89,10,0.45,2.32,3.71,0.73,99,16,0.24,72,9,22,71,0,75,65,0,0.00,99,8,0.00,1.86,19.02,3.73,82,36,98,99,8.35,1.64,43.90,7,1.62,8,0,12.50,0,0.00,99,2,0.09,0.46,69,2,97,55,0,0,0,0,0,60,79,51,99,0,50,98,25,89,2,13,50,74,N/A,N/A
Martin Kulcsár,56,N/A,N/A,NB I,2025/2026,Midfielder,Győri ETO,0,0,0,Hungary,0,0,0,0,0,0,0,0,0,0,0,0,0,0,0,0,0,0,0,0,0,0,0,0,0,0,0,0,0,0,0,-1,-1,-1,-1,N/A,N/A,N/A,N/A,N/A,N/A,N/A,N/A,N/A,N/A,N/A,N/A,N/A,N/A,N/A,N/A,N/A,N/A,N/A,N/A,N/A,N/A,N/A,N/A,N/A,N/A,N/A,N/A,N/A,N/A,N/A,N/A,N/A,N/A,N/A,N/A,N/A,N/A,N/A,N/A,N/A,N/A,N/A,N/A,N/A,N/A,N/A,N/A,N/A,N/A,N/A,N/A,N/A,N/A,N/A,N/A,N/A,N/A,N/A,N/A,N/A,N/A,N/A,N/A,N/A,N/A,N/A,N/A,N/A,N/A,N/A,N/A,N/A,N/A,N/A,N/A,N/A,N/A,N/A,N/A,N/A,N/A,N/A,N/A,N/A,N/A,N/A,N/A,N/A,N/A,N/A,N/A,N/A,N/A,N/A,N/A,N/A,N/A,N/A,N/A,N/A,N/A,N/A,N/A,N/A,N/A,N/A,N/A,N/A,N/A,N/A,N/A,N/A,N/A,N/A,N/A,N/A,N/A,N/A,N/A,N/A,N/A,N/A,N/A,N/A,N/A,N/A,N/A,N/A,N/A,N/A,N/A,N/A,N/A,N/A,N/A,N/A,N/A,N/A,N/A,N/A,N/A,N/A,N/A,N/A,N/A,N/A,N/A,N/A,N/A,N/A,N/A,N/A,N/A,N/A,N/A,N/A,N/A,N/A,N/A,N/A,N/A,N/A,N/A,N/A,N/A,N/A,N/A,N/A,N/A,N/A,N/A,N/A,N/A,N/A,N/A,N/A,N/A,N/A,N/A,N/A,N/A,N/A,N/A,N/A,N/A,N/A,N/A,N/A,N/A,N/A,N/A,N/A,N/A,N/A,N/A,N/A,N/A,N/A,N/A,N/A,N/A,N/A,N/A,N/A,N/A,N/A,N/A,N/A,N/A,N/A,N/A,N/A,N/A,N/A,N/A,N/A,N/A,N/A,N/A,N/A,N/A,N/A,N/A
Martin Šlogar,25,969519600,2000/09/21,NB I,2025/2026,Midfielder,Kazincbarcika,1319,735,584,Croatia,19,10,9,2,2,0,1,1,0,0,0,1,0,1,23,14,9,5,0,0.2,0.07,0.14,0.24,0,660,1.57,57,69,264,1319,0.34,103,119,-1,7,350000,5.97,0.05,56,18.94,13.24,8,278,8.48,178,8,12.13,7,0.00,0.00,0.62,13,0.00,1.14,1.43,1.00,21,0.00,0.95,0.00,0.00,0.00,0.38,0.38,1.24,12.50,1.70,0.67,1.52,0.00,0.52,0.16,0.00,0.24,0.00,0.00,0,0,,25,1.19,72,11,0.75,76,14,0.95,69,1,4,15,53,0.00,99,0,8,0.55,36,24,29,1.64,63,0,0.00,99,0,0.00,0,0,0.00,0,0.89,56,32,2.18,81,8,0.55,25.00,0,0.00,0,0,0,0.00,0,26,0.00,33,1.77,83,N/A,N/A,N/A,N/A,0.00,0,0.00,0,3.41,0.00,0,64.03,44.00,78,41,0.43,0.61,9,55,23,0,0,0,0.10,0.14,2,36,125.29,0.33,0.48,7,0,0.00,0.00,99,0.00,0,0,0,0.00,0.00,0,0.00,0.00,0.55,0.38,8,2,8.00,52,67,64,76,33,1.38,36,0.07,0.09,3.41,72,0.16,0.23,58,20,0.95,1.36,1.64,1.14,70,24,0.23,69,52,8,71,0,91,9,0,0.00,99,5,0.00,0.34,11.51,8.05,169,52,21,69,3.54,2.48,30.77,20,1.36,14,0,4.17,0,0.00,99,1,0.05,0.07,34,69,62,35,0,0,0,0,0,55,63,51,78,0,94,5,38,77,5,26,86,11,N/A,N/A
Márton Szép,18,1185433200,2007/07/26,NB I,2025/2026,Midfielder,Győri ETO,0,0,0,Hungary,0,0,0,0,0,0,0,0,0,0,0,0,0,0,0,0,0,0,0,0,0,0,0,0,0,0,0,0,0,0,0,-1,-1,-1,-1,N/A,N/A,N/A,N/A,N/A,N/A,N/A,N/A,N/A,N/A,N/A,N/A,N/A,N/A,N/A,N/A,N/A,N/A,N/A,N/A,N/A,N/A,N/A,N/A,N/A,N/A,N/A,N/A,N/A,N/A,N/A,N/A,N/A,N/A,N/A,N/A,N/A,N/A,N/A,N/A,N/A,N/A,N/A,N/A,N/A,N/A,N/A,N/A,N/A,N/A,N/A,N/A,N/A,N/A,N/A,N/A,N/A,N/A,N/A,N/A,N/A,N/A,N/A,N/A,N/A,N/A,N/A,N/A,N/A,N/A,N/A,N/A,N/A,N/A,N/A,N/A,N/A,N/A,N/A,N/A,N/A,N/A,N/A,N/A,N/A,N/A,N/A,N/A,N/A,N/A,N/A,N/A,N/A,N/A,N/A,N/A,N/A,N/A,N/A,N/A,N/A,N/A,N/A,N/A,N/A,N/A,N/A,N/A,N/A,N/A,N/A,N/A,N/A,N/A,N/A,N/A,N/A,N/A,N/A,N/A,N/A,N/A,N/A,N/A,N/A,N/A,N/A,N/A,N/A,N/A,N/A,N/A,N/A,N/A,N/A,N/A,N/A,N/A,N/A,N/A,N/A,N/A,N/A,N/A,N/A,N/A,N/A,N/A,N/A,N/A,N/A,N/A,N/A,N/A,N/A,N/A,N/A,N/A,N/A,N/A,N/A,N/A,N/A,N/A,N/A,N/A,N/A,N/A,N/A,N/A,N/A,N/A,N/A,N/A,N/A,N/A,N/A,N/A,N/A,N/A,N/A,N/A,N/A,N/A,N/A,N/A,N/A,N/A,N/A,N/A,N/A,N/A,N/A,N/A,N/A,N/A,N/A,N/A,N/A,N/A,N/A,N/A,N/A,N/A,N/A,N/A,N/A,N/A,N/A,N/A,N/A,N/A,N/A,N/A,N/A,N/A,N/A,N/A,N/A,N/A,N/A,N/A,N/A,N/A
Mascoe Lawrenzo Nathaniel,56,N/A,N/A,NB I,2025/2026,Forward,Győri ETO,0,0,0,,0,0,0,0,0,0,0,0,0,0,0,0,0,0,0,0,0,0,0,0,0,0,0,0,0,0,0,0,0,0,0,-1,-1,-1,-1,N/A,N/A,N/A,N/A,N/A,N/A,N/A,N/A,N/A,N/A,N/A,N/A,N/A,N/A,N/A,N/A,N/A,N/A,N/A,N/A,N/A,N/A,N/A,N/A,N/A,N/A,N/A,N/A,N/A,N/A,N/A,N/A,N/A,N/A,N/A,N/A,N/A,N/A,N/A,N/A,N/A,N/A,N/A,N/A,N/A,N/A,N/A,N/A,N/A,N/A,N/A,N/A,N/A,N/A,N/A,N/A,N/A,N/A,N/A,N/A,N/A,N/A,N/A,N/A,N/A,N/A,N/A,N/A,N/A,N/A,N/A,N/A,N/A,N/A,N/A,N/A,N/A,N/A,N/A,N/A,N/A,N/A,N/A,N/A,N/A,N/A,N/A,N/A,N/A,N/A,N/A,N/A,N/A,N/A,N/A,N/A,N/A,N/A,N/A,N/A,N/A,N/A,N/A,N/A,N/A,N/A,N/A,N/A,N/A,N/A,N/A,N/A,N/A,N/A,N/A,N/A,N/A,N/A,N/A,N/A,N/A,N/A,N/A,N/A,N/A,N/A,N/A,N/A,N/A,N/A,N/A,N/A,N/A,N/A,N/A,N/A,N/A,N/A,N/A,N/A,N/A,N/A,N/A,N/A,N/A,N/A,N/A,N/A,N/A,N/A,N/A,N/A,N/A,N/A,N/A,N/A,N/A,N/A,N/A,N/A,N/A,N/A,N/A,N/A,N/A,N/A,N/A,N/A,N/A,N/A,N/A,N/A,N/A,N/A,N/A,N/A,N/A,N/A,N/A,N/A,N/A,N/A,N/A,N/A,N/A,N/A,N/A,N/A,N/A,N/A,N/A,N/A,N/A,N/A,N/A,N/A,N/A,N/A,N/A,N/A,N/A,N/A,N/A,N/A,N/A,N/A,N/A,N/A,N/A,N/A,N/A,N/A,N/A,N/A,N/A,N/A,N/A,N/A,N/A,N/A,N/A,N/A,N/A,N/A
Máté Gyurkó,23,1036396800,2002/11/04,NB I,2025/2026,Midfielder,Várda SE,7,0,7,Hungary,1,0,1,0,0,0,0,0,0,0,0,1,0,1,0,0,0,1,0,0,0,0,0,0,0,0,0,7,7,0,12.86,-1,-1,-1,16,0,0.00,0,46,0.00,0.00,0,0,0.00,0,0,0.00,0,0.00,0.00,0.00,0,0.00,0.00,0.00,0.00,0,0.00,0.00,0.00,0.00,0.00,0.00,0.00,0.00,0.00,0.00,0.00,0.00,0.00,0.00,0.00,0.00,0.00,0.00,0.00,0,0,,0,0.00,8,0,0.00,18,0,0.00,10,0,1,0,5,0.00,99,0,0,0.00,8,0,29,0.00,13,0,0.00,99,0,0.00,0,0,0.00,0,0.00,9,0,0.00,7,0,0.00,0.00,0,0.00,0,0,0,0.00,0,0,0.00,99,0.00,0,N/A,N/A,N/A,N/A,0.00,0,0.00,0,0.00,0.00,0,0.00,0.00,18,99,0.00,0.00,0,13,13,0,0,0,0.00,0.00,0,20,0.00,0.00,0.00,0,0,0.00,0.00,99,0.00,0,0,0,0.00,0.00,0,0.00,0.00,0.00,0.00,0,0,0.00,38,0,0,37,0,0.00,0,0.00,0.00,0.00,9,0.00,0.00,2,0,0.00,0.00,0.00,0.00,4,0,0.00,9,0,0,71,0,46,0,0,0.00,99,0,0.00,0.00,0.00,0.00,0,0,0,0,0.00,0.00,0.00,0,0.00,99,0,0.00,0,0.00,99,0,0.00,0.00,29,0,36,15,0,0,0,0,0,24,37,51,56,0,21,99,14,99,1,100,99,98,0,0
Máté Macsó,56,N/A,N/A,NB I,2025/2026,Midfielder,Diósgyőr,0,0,0,,0,0,0,0,0,0,0,0,0,0,0,0,0,0,0,0,0,0,0,0,0,0,0,0,0,0,0,0,0,0,0,-1,-1,-1,-1,N/A,N/A,N/A,N/A,N/A,N/A,N/A,N/A,N/A,N/A,N/A,N/A,N/A,N/A,N/A,N/A,N/A,N/A,N/A,N/A,N/A,N/A,N/A,N/A,N/A,N/A,N/A,N/A,N/A,N/A,N/A,N/A,N/A,N/A,N/A,N/A,N/A,N/A,N/A,N/A,N/A,N/A,N/A,N/A,N/A,N/A,N/A,N/A,N/A,N/A,N/A,N/A,N/A,N/A,N/A,N/A,N/A,N/A,N/A,N/A,N/A,N/A,N/A,N/A,N/A,N/A,N/A,N/A,N/A,N/A,N/A,N/A,N/A,N/A,N/A,N/A,N/A,N/A,N/A,N/A,N/A,N/A,N/A,N/A,N/A,N/A,N/A,N/A,N/A,N/A,N/A,N/A,N/A,N/A,N/A,N/A,N/A,N/A,N/A,N/A,N/A,N/A,N/A,N/A,N/A,N/A,N/A,N/A,N/A,N/A,N/A,N/A,N/A,N/A,N/A,N/A,N/A,N/A,N/A,N/A,N/A,N/A,N/A,N/A,N/A,N/A,N/A,N/A,N/A,N/A,N/A,N/A,N/A,N/A,N/A,N/A,N/A,N/A,N/A,N/A,N/A,N/A,N/A,N/A,N/A,N/A,N/A,N/A,N/A,N/A,N/A,N/A,N/A,N/A,N/A,N/A,N/A,N/A,N/A,N/A,N/A,N/A,N/A,N/A,N/A,N/A,N/A,N/A,N/A,N/A,N/A,N/A,N/A,N/A,N/A,N/A,N/A,N/A,N/A,N/A,N/A,N/A,N/A,N/A,N/A,N/A,N/A,N/A,N/A,N/A,N/A,N/A,N/A,N/A,N/A,N/A,N/A,N/A,N/A,N/A,N/A,N/A,N/A,N/A,N/A,N/A,N/A,N/A,N/A,N/A,N/A,N/A,N/A,N/A,N/A,N/A,N/A,N/A,N/A,N/A,N/A,N/A,N/A,N/A
Máté Sajbán,30,819360000,1995/12/19,NB I,2025/2026,Midfielder,Diósgyőr,994,422,572,Hungary,23,11,12,0,0,0,2,1,1,0,0,3,3,0,17,7,10,1,0,0.18,0.18,0,0,0,0,1.54,58,43,994,497,0.09,238,47,-1,27,130000,6.39,0.09,84,17.53,8.08,7,194,5.33,128,12,11.57,4,0.00,0.00,0.46,11,0.00,0.50,0.90,0.42,10,0.00,0.46,0.00,0.00,0.00,0.25,0.08,0.79,0.00,1.63,0.50,0.50,0.00,0.25,0.05,0.00,1.62,0.00,0.00,0,0,,18,0.75,69,6,0.54,67,12,1.08,75,3,15,8,25,0.00,99,0,6,0.54,34,12,48,1.08,52,0,0.00,99,0,0.00,0,0,0.00,0,0.99,63,12,1.08,49,2,0.18,16.67,0,0.00,0,0,0,0.00,0,19,0.00,37,1.72,81,N/A,N/A,N/A,N/A,0.00,0,0.00,0,1.21,0.00,0,65.98,33.33,56,84,0.08,0.18,2,28,16,0,0,0,0.12,0.27,3,56,153.42,0.88,1.90,21,0,0.00,0.00,99,0.00,0,0,1,0.04,0.09,0,0.00,0.00,0.00,0.00,0,2,0.00,38,47,88,37,37,1.87,70,0.08,0.17,1.21,51,0.05,0.11,64,16,0.67,1.45,1.17,0.54,44,13,0.11,49,65,53,90,0,46,90,0,0.00,99,39,0.00,3.52,11.84,5.46,131,64,68,71,5.78,2.67,48.85,11,0.99,27,0,16.67,0,0.00,99,2,0.08,0.18,48,31,99,70,0,0,0,0,0,51,37,51,56,0,55,30,91,24,1,4,17,9,N/A,N/A
Máté Szabó,27,917337600,1999/01/26,NB I,2025/2026,Forward,Kazincbarcika,245,65,180,Hungary,4,1,3,0,0,0,0,0,0,0,0,0,0,0,8,1,7,0,0,0,0,0,0,0,0,2.94,31,61,0,0,0,-1,-1,-1,28,0,5.03,0,46,21.67,14.75,13,59,11.25,45,50,16.53,19,0.00,0.00,0.75,3,0.00,0.50,2.20,1.50,6,0.00,1.50,0.00,0.00,0.00,0.50,0.50,1.25,0.00,1.84,0.75,1.75,0.00,0.50,0.12,0.00,0.25,0.00,0.00,0,0,,5,1.25,76,2,0.73,76,3,1.10,76,8,1,3,84,0.00,99,0,2,0.73,49,2,29,0.73,42,0,0.00,99,0,0.00,0,0,0.00,0,1.10,67,7,2.57,87,2,0.73,28.57,0,0.00,0,0,0,0.00,0,5,0.00,0,1.84,84,N/A,N/A,N/A,N/A,0.00,0,0.00,0,0.48,0.00,0,76.27,40.00,72,29,0.50,0.73,2,68,26,0,0,0,0.25,0.37,1,66,20.12,1.75,2.57,7,0,0.00,0.00,99,0.00,0,0,1,0.25,0.37,0,0.00,0.00,0.00,0.00,0,0,0.00,38,0,0,37,0,0.18,22,0.04,0.07,0.48,66,0.12,0.18,99,10,2.50,3.67,1.10,0.75,39,3,0.18,63,33,63,99,0,46,10,0,0.00,99,1,0.00,0.37,13.22,9.00,36,19,89,81,6.98,4.75,52.78,6,2.20,3,0,0.00,0,0.00,99,0,0.00,0.00,29,4,36,98,0,0,0,0,0,24,37,51,56,0,21,4,14,14,0,0,14,77,0,0
Matija Ljujić,32,751791600,1993/10/28,NB I,2025/2026,Midfielder,Újpest,1439,809,630,Serbia,24,14,10,1,1,0,2,1,1,0,0,2,1,1,24,9,15,3,0,0.19,0.13,0.06,0.11,0,1439,1.5,60,60,480,720,0.19,154,84,-1,13,244000,6.43,0.08,71,43.78,26.92,76,700,21.31,554,64,34.65,76,0.00,0.00,1.19,31,0.00,2.46,2.56,1.58,41,0.00,0.42,0.00,0.00,0.00,0.62,0.42,0.88,31.00,1.94,0.88,0.85,0.00,0.31,0.10,0.00,0.81,0.00,0.00,0,0,,31,1.19,78,8,0.50,65,23,1.44,89,6,7,17,93,0.00,99,0,16,1.00,66,64,77,4.00,85,0,0.00,99,0,0.00,0,0,0.00,0,1.94,90,22,1.38,58,11,0.69,50.00,0,0.00,0,0,0,0.00,0,23,0.00,41,1.44,66,N/A,N/A,N/A,N/A,0.00,0,0.00,0,2.49,0.00,0,79.14,25.81,39,16,0.58,0.94,15,64,73,1,0,0,0.08,0.13,2,34,167.24,0.81,1.31,21,0,0.00,0.00,99,0.00,0,1,2,0.08,0.13,0,0.00,0.00,0.06,0.04,1,0,3.23,39,74,95,94,42,3.41,84,0.13,0.21,1.79,51,0.07,0.11,48,18,0.69,1.13,1.56,0.96,66,25,0.16,59,67,37,93,0,51,50,0,0.00,99,21,0.00,1.31,10.63,6.54,170,89,61,59,5.57,3.42,52.35,11,0.69,45,0,28.12,0,0.00,99,18,0.69,1.13,90,77,80,92,0,0,0,0,0,54,44,51,62,0,84,13,67,49,3,12,47,88,N/A,N/A
Mátyás Katona,26,946540800,1999/12/30,NB I,2025/2026,Midfielder,Nyíregyháza Spartacus,711,296,415,Hungary,13,6,7,1,0,1,0,0,0,0,0,1,0,1,14,8,6,0,0,0.13,0,0.13,0,0.22,711,1.77,51,55,0,0,0,113,261,-1,17,150000,5.42,0,46,23.40,12.24,17,208,9.41,160,53,18.00,26,0.00,0.00,0.41,7,0.00,0.76,1.69,0.88,15,0.00,0.53,0.00,0.00,0.00,0.24,0.41,0.41,13.00,1.46,0.35,1.00,0.00,0.41,0.11,0.00,0.88,0.00,0.00,0,0,,13,0.76,67,7,0.79,79,6,0.67,51,7,5,8,67,0.00,99,0,4,0.45,30,13,29,1.46,59,0,0.00,99,0,0.00,0,0,0.00,0,0.79,51,17,1.91,76,7,0.79,41.18,0,0.00,0,0,0,0.00,0,7,0.00,19,0.79,10,N/A,N/A,N/A,N/A,0.00,0,0.00,0,1.84,0.00,0,76.92,53.85,91,0,1.06,2.02,18,72,47,0,0,0,0.06,0.11,1,30,92.16,0.35,0.67,6,0,0.00,0.00,99,0.00,0,0,0,0.00,0.00,0,0.00,0.00,0.34,0.18,3,0,7.69,50,26,30,80,19,0.71,31,0.04,0.08,1.84,69,0.11,0.21,93,22,1.29,2.48,2.48,1.29,91,22,0.21,66,39,12,71,0,81,62,0,0.00,99,15,0.00,1.69,15.08,7.88,134,57,82,91,6.41,3.35,42.54,9,1.01,26,0,0.00,0,0.00,99,0,0.00,0.00,29,31,69,97,0,0,0,0,0,42,60,72,56,0,62,13,14,14,0,0,14,70,N/A,N/A
Mátyás Kovács,22,1057561200,2003/07/07,NB I,2025/2026,Forward,MTK,0,0,0,Hungary,0,0,0,0,0,0,0,0,0,0,0,0,0,0,0,0,0,0,0,0,0,0,0,0,0,0,0,0,0,0,0,-1,-1,-1,-1,N/A,N/A,N/A,N/A,N/A,N/A,N/A,N/A,N/A,N/A,N/A,N/A,N/A,N/A,N/A,N/A,N/A,N/A,N/A,N/A,N/A,N/A,N/A,N/A,N/A,N/A,N/A,N/A,N/A,N/A,N/A,N/A,N/A,N/A,N/A,N/A,N/A,N/A,N/A,N/A,N/A,N/A,N/A,N/A,N/A,N/A,N/A,N/A,N/A,N/A,N/A,N/A,N/A,N/A,N/A,N/A,N/A,N/A,N/A,N/A,N/A,N/A,N/A,N/A,N/A,N/A,N/A,N/A,N/A,N/A,N/A,N/A,N/A,N/A,N/A,N/A,N/A,N/A,N/A,N/A,N/A,N/A,N/A,N/A,N/A,N/A,N/A,N/A,N/A,N/A,N/A,N/A,N/A,N/A,N/A,N/A,N/A,N/A,N/A,N/A,N/A,N/A,N/A,N/A,N/A,N/A,N/A,N/A,N/A,N/A,N/A,N/A,N/A,N/A,N/A,N/A,N/A,N/A,N/A,N/A,N/A,N/A,N/A,N/A,N/A,N/A,N/A,N/A,N/A,N/A,N/A,N/A,N/A,N/A,N/A,N/A,N/A,N/A,N/A,N/A,N/A,N/A,N/A,N/A,N/A,N/A,N/A,N/A,N/A,N/A,N/A,N/A,N/A,N/A,N/A,N/A,N/A,N/A,N/A,N/A,N/A,N/A,N/A,N/A,N/A,N/A,N/A,N/A,N/A,N/A,N/A,N/A,N/A,N/A,N/A,N/A,N/A,N/A,N/A,N/A,N/A,N/A,N/A,N/A,N/A,N/A,N/A,N/A,N/A,N/A,N/A,N/A,N/A,N/A,N/A,N/A,N/A,N/A,N/A,N/A,N/A,N/A,N/A,N/A,N/A,N/A,N/A,N/A,N/A,N/A,N/A,N/A,N/A,N/A,N/A,N/A,N/A,N/A,N/A,N/A,N/A,N/A,N/A,N/A
Mátyás Molnár,56,N/A,N/A,NB I,2025/2026,Goalkeeper,Nyíregyháza Spartacus,0,0,0,Hungary,0,0,0,0,0,0,0,0,0,0,0,0,0,0,0,0,0,0,0,0,0,0,0,0,0,0,0,0,0,0,0,-1,-1,-1,-1,N/A,N/A,N/A,N/A,N/A,N/A,N/A,N/A,N/A,N/A,N/A,N/A,N/A,N/A,N/A,N/A,N/A,N/A,N/A,N/A,N/A,N/A,N/A,N/A,N/A,N/A,N/A,N/A,N/A,N/A,N/A,N/A,N/A,N/A,N/A,N/A,N/A,N/A,N/A,N/A,N/A,N/A,N/A,N/A,N/A,N/A,N/A,N/A,N/A,N/A,N/A,N/A,N/A,N/A,N/A,N/A,N/A,N/A,N/A,N/A,N/A,N/A,N/A,N/A,N/A,N/A,N/A,N/A,N/A,N/A,N/A,N/A,N/A,N/A,N/A,N/A,N/A,N/A,N/A,N/A,N/A,N/A,N/A,N/A,N/A,N/A,N/A,N/A,N/A,N/A,N/A,N/A,N/A,N/A,N/A,N/A,N/A,N/A,N/A,N/A,N/A,N/A,N/A,N/A,N/A,N/A,N/A,N/A,N/A,N/A,N/A,N/A,N/A,N/A,N/A,N/A,N/A,N/A,N/A,N/A,N/A,N/A,N/A,N/A,N/A,N/A,N/A,N/A,N/A,N/A,N/A,N/A,N/A,N/A,N/A,N/A,N/A,N/A,N/A,N/A,N/A,N/A,N/A,N/A,N/A,N/A,N/A,N/A,N/A,N/A,N/A,N/A,N/A,N/A,N/A,N/A,N/A,N/A,N/A,N/A,N/A,N/A,N/A,N/A,N/A,N/A,N/A,N/A,N/A,N/A,N/A,N/A,N/A,N/A,N/A,N/A,N/A,N/A,N/A,N/A,N/A,N/A,N/A,N/A,N/A,N/A,N/A,N/A,N/A,N/A,N/A,N/A,N/A,N/A,N/A,N/A,N/A,N/A,N/A,N/A,N/A,N/A,N/A,N/A,N/A,N/A,N/A,N/A,N/A,N/A,N/A,N/A,N/A,N/A,N/A,N/A,N/A,N/A,N/A,N/A,N/A,N/A,N/A,N/A
Mátyás Tajti,27,896770800,1998/06/02,NB I,2025/2026,Midfielder,Újpest,381,164,217,Hungary,7,3,4,1,0,1,0,0,0,0,0,0,0,0,5,2,3,1,0,0.24,0,0.24,0,0.41,381,1.18,76,54,381,0,0.24,55,180,-1,10,0,2.72,0,46,47.48,13.40,84,201,9.87,148,36,34.96,77,0.00,0.00,0.47,7,0.00,0.27,2.13,0.60,9,0.00,0.20,0.00,0.00,0.00,0.20,0.20,0.40,8.00,1.89,0.47,0.80,0.00,0.07,0.07,0.00,0.13,0.00,0.00,0,0,,8,0.53,77,1,0.24,43,7,1.65,93,3,2,5,81,0.00,99,0,3,0.71,48,4,71,0.94,49,0,0.00,99,0,0.00,0,0,0.00,0,1.65,84,12,2.83,88,3,0.71,25.00,0,0.00,0,0,0,0.00,0,6,0.00,68,1.42,64,N/A,N/A,N/A,N/A,0.00,0,0.00,0,1.06,0.00,0,73.63,12.50,20,99,0.00,0.00,0,67,23,0,0,0,0.13,0.47,2,75,40.87,0.20,0.71,3,0,0.00,0.00,99,0.00,0,0,1,0.07,0.24,0,0.00,0.00,0.00,0.00,0,0,12.50,70,0,5,57,68,0.66,67,0.04,0.16,1.06,77,0.07,0.25,85,9,0.60,2.13,2.83,0.80,96,12,0.25,74,2,14,99,0,46,16,0,0.00,99,2,0.00,0.47,13.94,3.93,59,23,57,85,5.43,1.53,38.98,3,0.71,43,0,25.00,0,0.00,99,1,0.07,0.24,54,10,45,70,0,0,0,0,0,62,81,91,56,0,21,4,56,59,1,14,53,10,0,0
Maxim Osztrovka,56,N/A,N/A,NB I,2025/2026,Midfielder,Várda SE,13,13,0,,1,1,0,0,0,0,0,0,0,0,0,0,0,0,1,1,0,0,0,0,0,0,0,0,0,6.92,13,13,0,0,0,-1,-1,-1,21,24000,0.69,0,46,34.62,0.56,57,5,0.33,3,5,20.77,36,0.00,0.00,0.00,0,0.00,0.00,0.00,0.00,0,0.00,0.11,0.00,0.00,0.00,0.00,0.00,0.00,0.00,6.92,0.00,0.00,0.00,0.11,0.01,0.00,0.00,0.00,0.00,0,0,,1,0.11,99,1,6.92,99,0,0.00,10,0,1,0,5,0.00,99,0,0,0.00,8,0,29,0.00,13,0,0.00,99,0,0.00,0,0,0.00,0,0.00,9,0,0.00,7,0,0.00,0.00,0,0.00,0,0,0,0.00,0,0,0.00,0,0.00,0,N/A,N/A,N/A,N/A,0.00,0,0.00,0,0.11,0.00,0,60.00,100.00,99,99,0.00,0.00,0,13,13,0,0,0,0.00,0.00,0,20,6.23,0.00,0.00,0,0,0.00,0.00,99,0.00,0,0,0,0.00,0.00,0,0.00,0.00,0.00,0.00,0,0,0.00,38,0,0,37,0,0.01,22,0.00,0.07,0.11,99,0.01,0.76,2,0,0.00,0.00,6.92,0.11,99,1,0.76,99,0,0,71,0,46,0,0,0.00,99,0,0.00,0.00,13.85,0.22,2,0,0,85,0.00,0.00,0.00,1,6.92,0,0,0.00,0,0.00,99,0,0.00,0.00,29,0,36,15,0,0,0,0,0,24,37,51,56,0,22,4,14,14,0,0,14,66,N/A,N/A
Maximilian Hofmann,32,744706800,1993/08/07,NB I,2025/2026,Defender,Debrecen,526,256,270,Austria,8,5,3,0,0,0,0,0,0,0,0,1,0,1,5,3,2,2,0,0,0,0,0,0,0,0.86,105,66,263,0,0.34,183,144,10,23,135000,4.69,0,46,59.46,31.31,96,407,26.31,342,84,49.97,96,0.00,0.00,0.15,2,0.00,0.08,1.75,0.92,12,0.00,0.00,0.00,0.00,0.00,0.92,0.00,0.31,0.00,0.58,0.15,0.00,0.00,0.15,0.03,0.00,1.00,0.00,0.00,0,0,,4,0.31,33,2,0.29,48,2,0.29,24,8,1,7,69,0.00,99,0,12,1.75,95,1,99,0.15,19,0,0.00,99,0,0.00,0,0,0.00,0,0.29,24,0,0.00,7,0,0.00,0.00,0,0.00,0,0,0,0.00,0,4,0.00,93,0.58,2,N/A,N/A,N/A,N/A,0.00,0,0.00,0,0.42,0.00,0,84.03,50.00,89,45,0.31,0.58,4,13,13,0,0,0,0.15,0.29,2,57,60.93,3.62,6.87,47,0,0.00,0.00,99,0.00,0,0,0,0.00,0.00,0,0.00,0.00,0.29,0.15,2,0,0.00,38,11,9,37,93,0.90,57,0.07,0.13,0.42,32,0.03,0.06,55,9,0.69,1.31,1.31,0.69,52,9,0.06,31,27,96,71,0,78,66,0,0.00,99,13,0.00,1.90,8.47,4.46,58,34,47,33,4.97,2.62,58.62,0,0.00,99,0,100.00,0,0.00,99,1,0.08,0.15,44,22,36,98,0,0,0,0,0,24,37,51,56,0,56,30,37,77,2,25,85,28,N/A,N/A
Maxsuel Alexandre Alves Soares,22,1073635200,2004/01/09,NB I,2025/2026,Midfielder,Zalaegerszegi TE,1612,748,864,Brazil,21,10,11,3,2,1,4,1,3,0,0,7,3,4,16,6,10,3,0,0.39,0.22,0.17,0.24,0.1,537,0.89,101,77,537,403,0.17,86,30,-1,5,0,6.60,0.19,89,23.45,19.09,17,420,15.41,339,71,18.93,29,0.00,0.00,0.77,17,0.00,0.45,1.00,0.82,18,0.00,1.50,0.00,0.00,0.00,0.32,1.73,0.73,12.67,2.12,1.05,3.32,0.00,0.68,0.23,0.00,0.55,0.00,0.00,0,0,,38,1.73,81,15,0.84,82,23,1.28,84,4,2,19,29,0.00,99,0,7,0.39,26,10,80,0.56,36,0,0.00,99,0,0.00,0,0,0.00,0,0.95,61,73,4.08,97,38,2.12,52.05,0,0.00,0,0,0,0.00,0,16,0.00,92,0.89,18,N/A,N/A,N/A,N/A,0.00,0,0.00,0,4.97,0.00,0,80.71,39.47,67,34,0.55,0.67,12,97,74,0,0,0,0.05,0.06,1,22,145.19,0.32,0.39,7,0,0.00,0.00,99,0.00,0,0,2,0.09,0.11,0,0.00,0.00,0.28,0.23,5,0,7.89,52,79,77,68,92,3.63,80,0.17,0.20,4.97,80,0.23,0.28,87,40,1.82,2.23,2.01,1.64,84,36,0.28,78,72,5,91,0,78,23,0,0.00,99,12,0.00,0.67,14.29,11.64,256,104,69,88,5.81,4.73,40.62,33,1.84,5,0,30.00,0,0.00,99,3,0.14,0.17,47,82,45,83,0,0,0,0,0,79,70,55,78,0,21,88,74,41,3,14,53,23,0,0
Meldin Drešković,27,890899200,1998/03/26,NB I,2025/2026,Midfielder,Nyíregyháza Spartacus,676,316,360,Montenegro,8,4,4,1,1,0,1,1,0,0,0,2,0,2,10,8,2,2,0,0.27,0.13,0.13,0.28,0,676,1.33,68,85,338,676,0.27,110,78,-1,9,90000,6.92,0.12,71,32.22,30.25,48,242,22.25,178,36,23.70,45,0.00,0.00,0.25,2,0.00,0.25,1.60,1.50,12,0.00,0.38,0.00,0.00,0.00,1.62,0.25,1.25,8.00,1.07,0.88,0.75,0.00,0.12,0.13,0.00,4.38,0.00,0.00,0,0,,8,1.00,52,1,0.13,31,7,0.93,68,1,0,8,62,0.00,99,0,13,1.73,95,2,96,0.27,26,0,0.00,99,0,0.00,0,0,0.00,0,0.27,23,6,0.80,38,2,0.27,33.33,0,0.00,0,0,0,0.00,0,10,0.00,55,1.33,57,N/A,N/A,N/A,N/A,0.00,0,0.00,0,1.06,0.00,0,73.55,12.50,20,64,0.38,0.40,3,34,35,0,0,0,0.25,0.27,2,56,55.38,6.00,6.39,48,0,0.00,0.00,99,0.00,0,0,0,0.00,0.00,0,0.00,0.00,0.27,0.25,2,0,12.50,70,24,9,77,56,1.03,62,0.13,0.14,1.06,59,0.13,0.14,38,7,0.88,0.93,1.60,1.50,69,12,0.14,56,87,94,71,0,77,97,0,0.00,99,35,0.00,4.66,11.98,11.25,90,56,93,72,7.46,7.00,62.22,3,0.40,65,0,50.00,0,0.00,99,1,0.12,0.13,41,31,22,35,0,0,0,0,0,66,60,51,83,0,40,65,50,67,2,25,85,98,N/A,N/A
Meshack Izuchukwu Ubochioma,24,1004601600,2001/11/01,NB I,2025/2026,Forward,Kazincbarcika,1773,975,798,Nigeria,24,13,11,4,2,2,1,1,0,0,0,3,1,2,31,18,13,2,0,0.25,0.05,0.2,0.18,0.23,443,1.57,57,74,887,1773,0.1,70,133,-1,2,300000,6.78,0.04,50,24.84,20.38,20,489,15.29,367,46,18.64,28,0.00,0.00,0.83,20,0.00,1.00,1.93,1.58,38,0.00,1.50,0.00,0.00,0.00,0.58,1.50,1.33,7.50,1.52,0.79,3.21,0.00,0.46,0.20,0.00,0.67,0.00,0.00,0,0,,30,1.25,68,11,0.56,69,19,0.97,70,7,3,21,75,0.00,99,0,14,0.71,48,24,31,1.22,56,0,0.00,99,0,0.00,0,0,0.00,0,1.02,64,77,3.91,95,36,1.83,46.75,0,0.00,0,0,0,0.00,0,32,0.00,33,1.63,77,N/A,N/A,N/A,N/A,0.00,0,0.00,0,4.77,0.00,0,75.05,36.67,60,63,0.33,0.41,8,95,62,0,0,0,0.12,0.15,3,38,162.75,0.33,0.41,8,0,0.00,0.00,99,0.00,0,0,0,0.00,0.00,0,0.00,0.00,0.20,0.17,4,1,13.33,71,84,95,62,33,2.09,47,0.09,0.11,4.77,75,0.20,0.24,89,45,1.88,2.29,2.03,1.67,84,40,0.24,72,80,6,71,0,72,31,0,0.00,99,16,0.00,0.81,15.39,12.62,303,132,86,92,6.70,5.50,43.56,36,1.83,6,0,8.33,0,0.00,99,2,0.08,0.10,38,89,55,97,0,0,0,0,0,63,75,74,74,0,90,30,89,26,2,8,29,70,N/A,N/A
Mihály Kata,23,1018681200,2002/04/13,NB I,2025/2026,Midfielder,MTK,1661,876,785,Hungary,21,11,10,1,1,0,2,1,1,0,0,5,4,1,34,16,18,6,0,0.16,0.11,0.05,0.1,0,1661,1.84,49,79,277,831,0.33,162,95,-1,15,300000,7.03,0.1,65,48.15,42.05,87,841,36.65,733,93,41.97,88,0.00,0.00,0.95,19,0.00,0.10,2.69,2.35,47,0.00,1.00,0.00,0.00,0.00,1.35,1.00,1.25,12.00,0.69,0.45,1.60,0.00,0.15,0.07,0.00,1.30,0.00,0.00,0,0,,12,0.60,36,3,0.17,34,9,0.52,40,7,2,19,95,0.00,99,0,27,1.55,90,2,96,0.11,17,0,0.00,99,0,0.00,0,0,0.00,0,1.09,67,32,1.83,72,20,1.15,62.50,0,0.00,0,0,0,0.00,0,25,0.00,15,1.43,65,N/A,N/A,N/A,N/A,0.00,0,0.00,0,1.41,0.00,0,87.16,25.00,38,25,0.70,0.80,14,88,86,0,0,0,0.60,0.69,12,86,140.56,1.40,1.60,28,1,0.00,0.06,16,0.05,0,0,0,0.00,0.00,0,0.00,0.00,0.00,0.00,0,1,8.33,53,81,77,97,16,3.46,80,0.17,0.20,1.41,39,0.07,0.08,93,44,2.20,2.52,2.46,2.15,91,43,0.08,38,93,47,71,0,46,57,0,0.00,99,26,0.00,1.49,14.26,12.45,249,134,94,88,7.67,6.70,53.82,20,1.15,20,0,50.00,0,0.00,99,1,0.05,0.06,32,82,45,97,0,0,0,0,0,47,40,51,60,0,90,59,41,76,6,29,89,6,N/A,N/A
Mikael Soisalo,27,893401200,1998/04/24,NB I,2025/2026,Forward,Puskás,656,360,296,Finland,18,9,9,0,0,0,2,0,2,0,0,3,1,2,7,4,3,2,0,0.27,0.27,0,0,0,0,0.96,94,36,328,328,0.27,230,23,-1,25,240000,5.19,0.11,93,22.98,7.30,14,168,5.22,120,29,16.41,19,0.00,0.00,0.96,22,0.00,2.91,1.50,0.48,11,0.00,0.65,0.00,0.00,0.00,0.13,0.26,0.26,0.00,0.82,0.04,0.70,0.00,0.22,0.03,0.00,0.39,0.00,0.00,0,0,,6,0.26,43,5,0.68,72,1,0.14,14,2,11,7,57,0.00,99,0,3,0.41,29,67,77,9.16,99,0,0.00,99,0,0.00,0,0,0.00,0,3.01,99,16,2.19,82,6,0.82,37.50,0,0.00,0,0,0,0.00,0,6,0.00,89,0.82,12,N/A,N/A,N/A,N/A,0.00,0,0.00,0,0.77,0.00,0,71.43,83.33,98,11,0.35,1.09,8,74,40,0,0,0,0.04,0.14,1,36,119.36,0.39,1.23,9,0,0.00,0.00,99,0.00,0,0,0,0.00,0.00,0,0.00,0.00,0.41,0.13,3,0,0.00,38,21,57,37,89,2.29,95,0.10,0.31,0.77,51,0.03,0.11,18,4,0.17,0.55,2.33,0.74,90,17,0.11,49,36,35,71,0,84,47,0,0.00,99,9,0.00,1.23,12.86,4.09,94,29,28,79,3.97,1.26,30.85,15,2.05,4,0,28.36,0,0.00,99,19,0.83,2.60,99,22,93,55,0,0,0,0,0,66,37,51,56,0,83,45,47,67,2,11,41,20,N/A,N/A
Milán Demeter,21,1108972800,2005/02/21,NB I,2025/2026,Midfielder,Diósgyőr,704,240,464,Hungary,13,7,6,1,1,0,0,0,0,0,0,2,2,0,15,4,11,3,0,0.13,0,0.13,0.38,0,704,1.92,47,54,235,0,0.38,118,185,-1,8,50000,3.13,0,46,22.47,8.00,14,176,5.59,123,24,15.70,16,0.00,0.00,0.18,4,0.00,0.77,1.02,0.36,8,0.00,0.32,0.00,0.00,0.00,0.09,0.09,0.41,4.00,0.51,0.14,0.45,0.00,0.05,0.04,0.00,0.32,0.00,0.00,0,0,,4,0.18,29,1,0.13,31,3,0.38,31,5,4,9,29,0.00,99,0,2,0.26,19,17,34,2.17,68,0,0.00,99,0,0.00,0,0,0.00,0,0.51,35,10,1.28,55,2,0.26,20.00,0,0.00,0,0,0,0.00,0,9,0.00,11,1.15,42,N/A,N/A,N/A,N/A,0.00,0,0.00,0,0.85,0.00,0,69.89,25.00,38,36,0.23,0.64,5,34,17,0,0,0,0.18,0.51,4,80,68.77,1.09,3.06,24,1,0.00,0.13,5,0.05,0,0,0,0.00,0.00,0,0.00,0.00,0.13,0.05,1,0,25.00,91,26,30,79,12,0.42,11,0.02,0.05,0.85,51,0.04,0.11,11,3,0.14,0.38,2.04,0.73,85,16,0.11,49,4,71,71,0,62,35,0,0.00,99,7,0.00,0.89,7.53,2.68,59,19,9,23,2.43,0.86,32.20,7,0.89,31,0,11.76,0,0.00,99,2,0.09,0.26,57,39,62,88,0,0,0,0,0,42,60,51,88,0,26,38,32,82,3,23,78,70,N/A,N/A
Milán Gábor Klausz,21,1109232000,2005/02/24,NB I,2025/2026,Forward,Kazincbarcika,555,307,248,Hungary,17,10,7,3,2,1,0,0,0,0,0,2,1,1,8,6,2,2,0,0.49,0,0.49,0.59,0.36,185,1.3,69,33,278,0,0.32,14,195,-1,3,0,4.68,0,46,20.07,5.39,12,124,4.04,93,45,15.05,15,0.00,0.00,0.43,10,0.00,0.13,0.81,0.22,5,0.00,0.43,0.00,0.00,0.00,0.04,0.22,0.39,5.00,2.43,0.52,0.65,0.00,0.13,0.12,0.00,0.70,0.00,0.00,0,0,,15,0.65,88,3,0.49,64,12,1.94,96,2,11,6,21,0.00,99,0,1,0.16,12,3,29,0.49,33,0,0.00,99,0,0.00,0,0,0.00,0,1.62,83,15,2.43,86,5,0.81,33.33,0,0.00,0,0,0,0.00,0,9,0.00,58,1.46,67,N/A,N/A,N/A,N/A,0.00,0,0.00,0,2.75,0.00,0,75.00,20.00,27,71,0.09,0.32,2,74,35,0,0,0,0.00,0.00,0,20,107.74,0.78,2.91,18,0,0.00,0.00,99,0.00,0,0,1,0.04,0.16,0,0.00,0.00,0.32,0.09,2,0,20.00,86,13,51,41,58,0.57,36,0.02,0.09,2.75,94,0.12,0.45,95,16,0.70,2.59,1.46,0.39,62,9,0.45,91,26,69,97,0,79,77,0,0.00,99,16,0.00,2.59,14.73,3.96,91,40,83,90,6.47,1.74,43.96,10,1.62,8,0,0.00,0,0.00,99,0,0.00,0.00,29,16,93,55,0,0,0,0,0,86,96,87,95,0,21,24,41,73,2,12,47,19,0,0
Milán Kovács,26,938156400,1999/09/24,NB I,2025/2026,Midfielder,Nyíregyháza Spartacus,1145,510,635,Hungary,18,9,9,3,2,1,0,0,0,0,0,3,0,3,18,9,9,3,0,0.24,0,0.24,0.35,0.14,382,1.41,64,64,382,0,0.24,56,151,-1,4,80000,5.74,0,46,43.23,27.50,75,550,20.40,408,40,32.07,72,0.00,0.00,0.15,3,0.00,0.60,2.59,1.65,33,0.00,0.45,0.00,0.00,0.00,1.10,0.25,0.95,7.00,1.10,0.45,0.40,0.00,0.25,0.11,0.00,1.10,0.00,0.00,0,0,,14,0.70,53,5,0.39,55,9,0.71,52,1,7,11,94,0.00,99,0,22,1.73,95,12,48,0.94,49,0,0.00,99,0,0.00,0,0,0.00,0,0.24,21,8,0.63,33,5,0.39,62.50,0,0.00,0,0,0,0.00,0,19,0.00,48,1.49,69,N/A,N/A,N/A,N/A,0.00,0,0.00,0,2.28,0.00,0,74.18,35.71,59,2,1.00,1.57,20,43,86,0,0,0,0.20,0.31,4,59,114.87,1.15,1.81,23,1,0.00,0.08,14,0.05,0,0,1,0.05,0.08,0,0.00,0.00,0.08,0.05,1,2,14.29,75,57,57,57,49,1.04,31,0.05,0.08,2.28,66,0.11,0.18,53,16,0.80,1.26,2.52,1.60,92,32,0.18,63,47,51,85,0,54,63,0,0.00,99,22,0.00,1.73,11.63,7.40,148,76,72,69,5.97,3.80,51.35,9,0.71,43,0,16.67,0,0.00,99,2,0.10,0.16,45,49,80,35,0,0,0,0,0,62,81,62,87,0,36,45,56,59,3,17,62,12,N/A,N/A
Milán Májer,26,930553200,1999/06/28,NB I,2025/2026,Forward,Nyíregyháza Spartacus,713,308,405,Hungary,10,5,5,1,0,1,2,0,2,0,0,0,0,0,19,9,10,4,0,0.38,0.25,0.13,0,0.22,713,2.4,38,71,178,357,0.5,108,24,-1,15,80000,6.18,0.2,91,31.08,23.08,41,277,17.33,208,46,23.34,43,0.00,0.00,0.92,11,0.00,3.08,2.02,1.50,18,0.00,0.25,0.00,0.00,0.00,1.00,0.42,0.83,10.00,1.12,0.50,1.00,0.00,0.33,0.12,0.00,0.58,0.00,0.00,0,0,,10,0.83,55,4,0.45,61,6,0.67,51,3,2,8,78,0.00,99,0,12,1.35,82,37,45,4.15,86,0,0.00,99,0,0.00,0,0,0.00,0,1.23,70,12,1.35,57,5,0.56,41.67,0,0.00,0,0,0,0.00,0,10,0.00,0,1.12,38,N/A,N/A,N/A,N/A,0.00,0,0.00,0,1.46,0.00,0,75.09,40.00,72,70,0.25,0.34,3,56,50,0,0,0,0.00,0.00,0,20,74.20,2.00,2.69,24,0,0.00,0.00,99,0.00,0,0,0,0.00,0.00,0,0.00,0.00,0.11,0.08,1,0,10.00,61,27,16,81,2,2.01,87,0.17,0.23,1.46,62,0.12,0.16,64,13,1.08,1.46,1.68,1.25,72,15,0.16,59,57,66,71,0,58,30,0,0.00,99,7,0.00,0.79,8.53,6.33,76,43,44,33,4.83,3.58,56.58,3,0.34,69,0,16.22,0,0.00,99,6,0.50,0.67,77,31,45,70,0,0,0,0,0,78,60,72,56,0,36,4,23,92,4,40,97,11,N/A,N/A
Milan Pető,21,1106640000,2005/01/25,NB I,2025/2026,Midfielder,Diósgyőr,752,303,449,Hungary,21,9,12,1,0,1,1,1,0,0,0,2,0,2,11,3,8,1,0,0.24,0.12,0.12,0,0.2,752,1.32,68,36,752,752,0.12,121,87,-1,10,0,5.82,0.05,67,23.22,8.08,16,194,5.54,133,19,15.92,17,0.00,0.00,0.50,12,0.00,1.50,2.51,0.88,21,0.00,0.79,0.00,0.00,0.00,0.29,0.54,0.46,10.00,2.39,0.42,1.58,0.00,0.42,0.13,0.00,0.38,0.00,0.00,0,0,,20,0.83,87,10,1.20,93,10,1.20,81,1,13,8,93,0.00,99,0,7,0.84,56,36,85,4.31,87,0,0.00,99,0,0.00,0,0,0.00,0,1.44,76,38,4.55,98,13,1.56,34.21,0,0.00,0,0,0,0.00,0,11,0.00,56,1.32,55,N/A,N/A,N/A,N/A,0.00,0,0.00,0,3.14,0.00,0,68.56,50.00,89,43,0.21,0.60,5,92,36,0,0,0,0.04,0.12,1,31,139.71,0.33,0.96,8,0,0.00,0.00,99,0.00,0,0,2,0.08,0.24,0,0.00,0.00,0.00,0.00,0,0,10.00,61,31,77,82,56,1.36,67,0.06,0.16,3.14,90,0.13,0.38,56,11,0.46,1.32,1.91,0.67,81,16,0.38,89,50,23,99,0,46,42,0,0.00,99,9,0.00,1.08,15.92,5.54,133,50,74,94,5.98,2.08,37.59,19,2.27,2,0,33.33,0,0.00,99,12,0.50,1.44,93,31,97,35,0,0,0,0,0,62,55,70,56,0,21,19,86,28,1,5,20,23,0,0
Milán Szekszárdi,25,981619200,2001/02/08,NB I,2025/2026,Midfielder,Paksi SE,718,339,379,Hungary,11,5,6,0,0,0,0,0,0,0,0,2,0,2,11,6,5,4,0,0,0,0,0,0,0,1.38,65,65,180,0,0.5,257,233,-1,24,78000,3.50,0,46,29.71,11.29,38,237,6.48,136,3,17.05,21,0.00,0.00,0.19,4,0.00,0.67,2.26,0.86,18,0.00,0.05,0.00,0.00,0.00,0.67,0.05,0.43,0.00,0.50,0.19,0.14,0.00,0.00,0.01,0.00,1.24,0.00,0.00,0,0,,4,0.19,29,0,0.00,18,4,0.50,38,0,4,7,87,0.00,99,0,14,1.75,95,14,40,1.75,64,0,0.00,99,0,0.00,0,0,0.00,0,0.50,35,3,0.38,21,1,0.13,33.33,0,0.00,0,0,0,0.00,0,9,0.00,50,1.13,39,N/A,N/A,N/A,N/A,0.00,0,0.00,0,0.19,0.00,0,57.38,0.00,18,52,0.19,0.50,4,22,35,0,0,0,0.29,0.75,6,87,73.45,2.81,7.40,59,0,0.00,0.00,99,0.00,0,0,0,0.00,0.00,0,0.00,0.00,0.00,0.00,0,0,0.00,38,28,19,37,50,0.47,17,0.02,0.06,0.19,19,0.01,0.02,28,6,0.29,0.75,1.25,0.48,48,10,0.02,19,7,97,71,0,46,88,0,0.00,99,26,0.00,3.26,10.53,4.00,84,50,79,57,6.27,2.38,59.52,1,0.13,83,0,14.29,0,0.00,99,2,0.10,0.25,56,22,62,15,0,0,0,0,0,24,37,51,56,0,33,47,23,92,4,36,94,26,N/A,N/A
Milan Tučić,29,840092400,1996/08/15,NB I,2025/2026,Forward,Újpest,809,470,339,Slovenia,20,11,9,3,1,2,2,2,0,0,0,2,1,1,16,8,8,0,0,0.56,0.22,0.33,0.19,0.53,270,1.78,51,40,0,405,0,36,32,-1,2,110000,5.06,0.1,89,19.53,7.78,10,179,4.87,112,7,12.22,8,0.00,0.00,0.48,11,0.00,0.17,1.75,0.70,16,0.00,0.00,0.00,0.00,0.00,0.22,0.13,0.74,5.00,1.64,0.35,0.35,0.00,0.30,0.13,0.00,1.17,0.00,0.00,0,0,,15,0.65,70,7,0.76,77,8,0.87,61,1,12,7,69,0.00,99,0,5,0.55,36,4,96,0.44,31,0,0.00,99,0,0.00,0,0,0.00,0,1.20,69,8,0.87,40,3,0.33,37.50,0,0.00,0,0,0,0.00,0,17,0.00,18,1.85,84,N/A,N/A,N/A,N/A,0.00,0,0.00,0,3.05,0.00,0,62.57,46.67,82,34,0.26,0.65,6,38,40,0,0,0,0.00,0.00,0,20,116.44,0.65,1.64,15,0,0.00,0.00,99,0.00,0,0,0,0.00,0.00,0,0.00,0.00,0.55,0.22,5,0,20.00,86,33,70,49,19,1.81,80,0.08,0.20,3.05,86,0.13,0.33,83,19,0.83,2.07,2.62,1.04,93,24,0.33,84,34,48,71,0,91,85,0,0.00,99,27,0.00,2.95,15.60,6.22,143,64,89,93,6.98,2.78,44.76,0,0.00,99,0,50.00,0,0.00,99,2,0.09,0.22,51,22,96,35,0,1,0,5,0,92,88,96,75,0,48,19,14,14,0,0,14,34,N/A,N/A
Milán Vitális,24,1012204800,2002/01/28,NB I,2025/2026,Midfielder,Győri ETO,2120,1061,1059,Hungary,24,12,12,5,2,3,3,1,2,0,0,9,6,3,24,8,16,5,0,0.34,0.13,0.21,0.17,0.25,424,1.02,88,88,424,707,0.21,66,77,-1,3,216000,7.33,0.12,71,48.97,48.00,88,1104,41.57,956,92,42.41,90,0.00,0.00,1.74,40,0.00,3.61,2.22,2.17,50,0.00,0.96,0.00,0.00,0.00,1.13,0.96,0.91,12.75,2.26,1.30,1.78,0.00,0.91,0.29,0.00,0.57,0.00,0.00,0,0,,51,2.22,86,21,0.93,86,30,1.33,85,4,0,24,85,0.00,99,0,26,1.15,74,83,81,3.68,82,0,0.00,99,0,0.00,0,0,0.00,0,1.77,87,41,1.82,72,22,0.98,53.66,0,0.00,0,0,0,0.00,0,21,0.00,83,0.93,22,N/A,N/A,N/A,N/A,0.00,0,0.00,0,6.61,0.00,0,86.59,41.18,74,14,1.00,1.02,23,81,77,2,1,0,0.35,0.35,8,64,168.59,0.87,0.89,20,0,0.00,0.00,99,0.00,0,3,0,0.00,0.00,0,0.00,0.00,0.00,0.00,0,0,7.84,51,98,95,60,82,4.94,86,0.21,0.22,4.51,67,0.20,0.20,81,45,1.96,2.00,1.33,1.30,54,30,0.29,80,99,21,71,0,46,20,0,0.00,99,13,0.00,0.58,10.20,10.00,230,127,64,55,5.63,5.52,55.22,22,0.98,28,0,31.33,0,0.00,99,26,1.13,1.15,91,97,22,83,0,0,0,0,0,74,77,76,72,0,79,97,61,54,5,21,73,27,N/A,N/A
Miljan Krpić,22,1057215600,2003/07/03,NB I,2025/2026,Midfielder,Győri ETO,1267,628,639,Serbia,15,7,8,1,0,1,0,0,0,0,0,5,4,1,16,4,12,5,0,0.07,0,0.07,0,0.14,1267,1.14,79,84,253,0,0.36,146,237,-1,12,84000,6.43,0,46,65.15,56.80,99,852,51.07,766,98,58.57,99,0.00,0.00,0.13,2,0.00,0.20,1.38,1.20,18,0.00,0.27,0.00,0.00,0.00,1.27,0.27,0.93,0.00,0.31,0.20,0.60,0.00,0.07,0.02,0.00,1.13,0.00,0.00,0,0,,4,0.27,19,1,0.08,20,3,0.23,20,1,1,14,51,0.00,99,0,19,1.45,85,3,29,0.23,24,0,0.00,99,0,0.00,0,0,0.00,0,0.15,16,9,0.69,34,4,0.31,44.44,0,0.00,0,0,0,0.00,0,14,0.00,73,1.07,35,N/A,N/A,N/A,N/A,0.00,0,0.00,0,0.24,0.00,0,89.91,25.00,38,87,0.13,0.15,2,36,56,0,0,0,0.47,0.54,7,81,96.41,3.73,4.28,56,0,0.00,0.00,99,0.00,0,0,0,0.00,0.00,0,0.00,0.00,0.00,0.00,0,0,0.00,38,63,39,91,73,1.76,57,0.12,0.13,0.24,19,0.02,0.02,28,10,0.67,0.76,1.30,1.13,52,17,0.02,19,67,79,71,0,46,50,0,0.00,99,17,0.00,1.30,6.96,6.07,91,46,21,17,3.52,3.07,50.55,4,0.31,70,0,0.00,0,0.00,99,0,0.00,0.00,29,64,36,35,0,0,0,0,0,30,46,62,56,0,36,88,35,80,5,33,93,24,N/A,N/A
Mohammad Abu Fani,27,893660400,1998/04/27,NB I,2025/2026,Midfielder,Ferencváros,581,361,220,Israel,12,8,4,1,0,1,5,4,1,0,0,2,1,1,7,5,2,3,0,0.93,0.77,0.15,0,0.41,581,1.08,83,48,194,116,0.46,96,1,-1,17,850000,5.48,0.42,99,52.91,21.31,93,341,17.06,273,69,42.36,89,0.00,0.00,2.19,35,0.00,4.38,1.55,0.62,10,0.00,0.56,0.00,0.00,0.00,0.38,0.44,0.50,14.00,2.17,0.56,0.94,0.00,0.31,0.10,0.00,0.12,0.00,0.00,0,0,,14,0.88,83,5,0.78,79,9,1.40,88,4,6,6,61,0.00,99,0,6,0.93,62,70,83,10.86,99,0,0.00,99,0,0.00,0,0,0.00,0,5.43,99,15,2.33,84,7,1.09,46.67,0,0.00,0,0,0,0.00,0,8,0.00,79,1.24,50,N/A,N/A,N/A,N/A,0.00,0,0.00,0,1.62,0.00,0,80.06,35.71,59,58,0.19,0.47,3,86,62,0,0,0,0.06,0.16,1,40,87.72,0.19,0.47,3,0,0.00,0.00,99,0.00,0,0,0,0.00,0.00,0,0.00,0.00,0.00,0.00,0,0,7.14,48,15,24,71,79,4.81,99,0.30,0.75,1.62,77,0.10,0.25,99,24,1.50,3.72,1.24,0.50,47,8,0.25,74,41,7,71,0,46,8,0,0.00,99,2,0.00,0.31,12.57,5.06,81,42,84,75,6.52,2.62,51.85,9,1.40,13,0,32.86,0,0.00,99,23,1.44,3.57,99,16,76,83,0,0,0,0,0,99,66,91,56,0,99,45,26,88,3,25,85,15,N/A,N/A
Mucsányi Márk Arion,24,1005897600,2001/11/16,NB I,2025/2026,Forward,Diósgyőr,575,253,322,Hungary,13,6,7,1,0,1,0,0,0,0,0,2,2,0,11,1,10,3,0,0.16,0,0.16,0,0.28,575,1.72,52,44,192,0,0.47,87,219,-1,9,70000,4.01,0,46,16.43,5.00,4,105,3.76,79,47,12.37,8,0.00,0.00,0.29,6,0.00,0.24,0.94,0.29,6,0.00,0.33,0.00,0.00,0.00,0.10,0.14,0.33,10.00,1.57,0.24,0.71,0.00,0.24,0.07,0.00,0.29,0.00,0.00,0,0,,10,0.48,68,5,0.78,79,5,0.78,57,4,5,8,26,0.00,99,0,2,0.31,22,5,29,0.78,45,0,0.00,99,0,0.00,0,0,0.00,0,0.94,60,15,2.35,84,3,0.47,20.00,0,0.00,0,0,0,0.00,0,7,0.00,22,1.10,36,N/A,N/A,N/A,N/A,0.00,0,0.00,0,1.50,0.00,0,75.24,50.00,89,72,0.10,0.31,2,51,17,0,0,0,0.05,0.16,1,40,84.30,0.24,0.78,5,0,0.00,0.00,99,0.00,0,0,0,0.00,0.00,0,0.00,0.00,0.16,0.05,1,0,10.00,61,14,30,70,22,0.34,11,0.02,0.05,1.50,72,0.07,0.23,38,6,0.29,0.94,1.72,0.52,74,11,0.23,69,13,16,71,0,67,38,0,0.00,99,6,0.00,0.94,9.70,2.95,62,21,16,50,3.29,1.00,33.87,7,1.10,22,0,0.00,0,0.00,99,0,0.00,0.00,29,31,69,83,0,0,0,0,0,47,68,79,56,0,31,38,25,89,3,23,78,47,N/A,N/A
Mucsányi Miron Máté,20,1129273200,2005/10/14,NB I,2025/2026,Midfielder,Újpest,538,324,214,Hungary,7,4,3,0,0,0,1,0,1,0,0,2,2,0,7,3,4,4,0,0.17,0.17,0,0,0,0,1.17,77,77,135,538,0.67,258,51,-1,16,0,2.92,0.14,81,17.43,6.50,6,104,4.81,77,39,12.91,10,0.00,0.00,0.19,3,0.00,0.19,3.02,1.12,18,0.00,0.31,0.00,0.00,0.00,0.31,0.25,0.44,0.00,1.34,0.31,0.44,0.00,0.19,0.05,0.00,0.19,0.00,0.00,0,0,,8,0.50,62,3,0.50,65,5,0.84,61,2,0,7,98,0.00,99,0,5,0.84,56,3,85,0.50,34,0,0.00,99,0,0.00,0,0,0.00,0,0.50,35,7,1.17,51,4,0.67,57.14,0,0.00,0,0,0,0.00,0,7,0.00,70,1.17,46,N/A,N/A,N/A,N/A,0.00,0,0.00,0,0.76,0.00,0,74.04,37.50,63,5,0.50,1.34,8,63,81,0,0,0,0.12,0.34,2,62,46.71,0.56,1.51,9,0,0.00,0.00,99,0.00,0,0,0,0.00,0.00,0,0.00,0.00,0.00,0.00,0,0,0.00,38,11,5,37,70,0.85,62,0.05,0.14,0.76,55,0.05,0.13,57,8,0.50,1.34,2.68,1.00,94,16,0.13,52,3,43,71,0,46,17,0,0.00,99,3,0.00,0.50,13.07,4.88,78,33,60,81,5.53,2.06,42.31,5,0.84,34,0,33.33,0,0.00,99,1,0.06,0.17,47,22,22,55,0,0,0,0,0,49,37,51,56,0,21,75,16,98,4,57,99,88,0,0
Muhamed Tijani,25,964594800,2000/07/26,NB I,2025/2026,Forward,Nyíregyháza Spartacus,573,278,295,Nigeria,8,4,4,4,2,2,0,0,0,0,0,2,0,2,7,6,1,2,0,0.63,0,0.63,0.65,0.61,143,1.1,82,72,287,0,0.31,8,172,-1,3,0,6.98,0,46,20.42,16.25,12,130,9.25,74,3,11.62,5,0.00,0.00,0.62,5,0.00,0.25,0.63,0.50,4,0.00,1.00,0.00,0.00,0.00,0.25,0.75,0.88,4.75,2.98,1.50,1.62,0.00,0.88,0.48,0.00,4.50,0.00,0.00,0,0,,19,2.38,95,7,1.10,90,12,1.88,95,4,1,7,16,0.00,99,0,2,0.31,22,2,99,0.31,27,0,0.00,99,0,0.00,0,0,0.00,0,0.79,51,13,2.04,78,6,0.94,46.15,0,0.00,0,0,0,0.00,0,7,0.00,77,1.10,36,N/A,N/A,N/A,N/A,0.00,0,0.00,0,3.83,0.00,0,56.92,36.84,60,72,0.25,0.31,2,79,61,2,0,0,0.12,0.16,1,40,55.85,1.38,1.73,11,0,0.00,0.00,99,0.00,0,2,0,0.00,0.00,0,0.00,0.00,0.47,0.38,3,0,21.05,87,14,9,39,77,0.32,11,0.04,0.05,2.43,90,0.30,0.38,47,7,0.88,1.10,4.40,3.50,99,28,0.60,98,90,50,71,0,88,98,0,0.00,99,36,0.00,5.65,18.53,14.75,118,53,97,98,8.32,6.62,44.92,8,1.26,17,0,100.00,0,0.00,99,2,0.25,0.31,60,22,36,83,0,0,0,0,0,95,98,98,97,0,21,65,42,72,2,25,85,26,0,0
Mykhailo Meskhi,29,856944000,1997/02/26,NB I,2025/2026,Midfielder,Kazincbarcika,1937,1003,934,Ukraine,23,12,11,2,1,1,0,0,0,0,0,3,1,2,35,19,16,8,1,0.09,0,0.09,0.09,0.1,969,1.63,55,84,242,0,0.37,137,156,-1,5,90000,6.76,0,46,31.87,29.83,46,686,23.96,551,70,25.60,53,0.00,0.00,0.30,7,0.00,0.04,2.88,2.70,62,0.00,0.39,0.00,0.00,0.00,1.65,0.22,1.43,5.00,0.46,0.35,0.74,0.00,0.09,0.08,0.00,2.43,0.00,0.00,0,0,,10,0.43,26,2,0.09,22,8,0.37,31,3,1,22,97,0.00,99,0,38,1.77,96,1,99,0.05,15,0,0.00,99,0,0.00,0,0,0.00,0,0.33,26,17,0.79,37,5,0.23,29.41,0,0.00,0,0,0,0.00,0,33,0.00,29,1.53,72,N/A,N/A,N/A,N/A,0.00,0,0.00,0,1.80,0.00,0,80.32,20.00,27,43,0.57,0.60,13,31,27,0,0,0,0.91,0.98,21,94,155.54,4.39,4.69,101,0,0.00,0.00,99,0.00,0,0,0,0.00,0.00,0,0.00,0.00,0.00,0.00,0,0,20.00,86,91,88,87,29,1.42,22,0.06,0.07,1.80,39,0.08,0.08,34,18,0.78,0.84,1.91,1.78,81,41,0.08,38,79,82,71,0,46,78,0,0.00,99,56,0.00,2.60,12.82,12.00,276,139,83,78,6.46,6.04,50.36,9,0.42,62,0,100.00,0,0.00,99,1,0.04,0.05,30,91,36,70,0,0,0,0,0,33,50,55,58,0,40,30,33,81,7,30,90,23,N/A,N/A
Naby Keïta,31,792403200,1995/02/10,NB I,2025/2026,Midfielder,Ferencváros,586,220,366,Guinea,10,4,6,0,0,0,2,0,2,0,0,3,1,2,7,4,3,3,0,0.31,0.31,0,0,0,0,1.08,84,59,195,293,0.46,191,15,-1,34,1250000,4.52,0.2,95,65.01,28.27,99,424,25.80,387,99,59.34,99,0.00,0.00,0.27,4,0.00,0.33,2.61,1.13,17,0.00,0.47,0.00,0.00,0.00,0.80,0.47,0.33,0.00,1.23,0.40,0.93,0.00,0.13,0.04,0.00,0.60,0.00,0.00,0,0,,8,0.53,60,2,0.31,50,6,0.92,66,2,1,9,94,0.00,99,0,12,1.84,97,5,29,0.77,44,0,0.00,99,0,0.00,0,0,0.00,0,0.61,41,14,2.15,80,7,1.07,50.00,0,0.00,0,0,0,0.00,0,5,0.00,79,0.77,9,N/A,N/A,N/A,N/A,0.00,0,0.00,0,0.61,0.00,0,91.27,25.00,38,6,0.53,1.23,8,84,73,0,0,0,0.07,0.15,1,38,67.84,0.47,1.07,7,0,0.00,0.00,99,0.00,0,0,0,0.00,0.00,0,0.00,0.00,0.00,0.00,0,0,0.00,38,16,16,37,80,2.11,97,0.14,0.32,0.61,43,0.04,0.09,59,9,0.60,1.38,2.30,1.00,90,15,0.09,41,23,28,71,0,46,53,0,0.00,99,9,0.00,1.38,13.49,5.87,88,42,82,83,6.44,2.80,47.73,7,1.07,23,0,0.00,0,0.00,99,0,0.00,0.00,29,39,36,55,0,0,0,0,0,71,37,51,56,0,99,77,26,88,3,30,90,5,N/A,N/A
Naruki Milán Mándi,56,N/A,N/A,NB I,2025/2026,Defender,Újpest,0,0,0,,0,0,0,0,0,0,0,0,0,0,0,0,0,0,0,0,0,0,0,0,0,0,0,0,0,0,0,0,0,0,0,-1,-1,-1,-1,N/A,N/A,N/A,N/A,N/A,N/A,N/A,N/A,N/A,N/A,N/A,N/A,N/A,N/A,N/A,N/A,N/A,N/A,N/A,N/A,N/A,N/A,N/A,N/A,N/A,N/A,N/A,N/A,N/A,N/A,N/A,N/A,N/A,N/A,N/A,N/A,N/A,N/A,N/A,N/A,N/A,N/A,N/A,N/A,N/A,N/A,N/A,N/A,N/A,N/A,N/A,N/A,N/A,N/A,N/A,N/A,N/A,N/A,N/A,N/A,N/A,N/A,N/A,N/A,N/A,N/A,N/A,N/A,N/A,N/A,N/A,N/A,N/A,N/A,N/A,N/A,N/A,N/A,N/A,N/A,N/A,N/A,N/A,N/A,N/A,N/A,N/A,N/A,N/A,N/A,N/A,N/A,N/A,N/A,N/A,N/A,N/A,N/A,N/A,N/A,N/A,N/A,N/A,N/A,N/A,N/A,N/A,N/A,N/A,N/A,N/A,N/A,N/A,N/A,N/A,N/A,N/A,N/A,N/A,N/A,N/A,N/A,N/A,N/A,N/A,N/A,N/A,N/A,N/A,N/A,N/A,N/A,N/A,N/A,N/A,N/A,N/A,N/A,N/A,N/A,N/A,N/A,N/A,N/A,N/A,N/A,N/A,N/A,N/A,N/A,N/A,N/A,N/A,N/A,N/A,N/A,N/A,N/A,N/A,N/A,N/A,N/A,N/A,N/A,N/A,N/A,N/A,N/A,N/A,N/A,N/A,N/A,N/A,N/A,N/A,N/A,N/A,N/A,N/A,N/A,N/A,N/A,N/A,N/A,N/A,N/A,N/A,N/A,N/A,N/A,N/A,N/A,N/A,N/A,N/A,N/A,N/A,N/A,N/A,N/A,N/A,N/A,N/A,N/A,N/A,N/A,N/A,N/A,N/A,N/A,N/A,N/A,N/A,N/A,N/A,N/A,N/A,N/A,N/A,N/A,N/A,N/A,N/A,N/A
Nejc Gradišar,23,1028617200,2002/08/06,NB I,2025/2026,Forward,Újpest,522,348,174,Slovenia,7,5,2,1,1,0,0,0,0,0,0,1,1,0,9,4,5,0,0,0.17,0,0.17,0.26,0,522,1.55,58,75,0,0,0,83,145,-1,11,0,6.94,0,46,30.00,24.86,39,174,17.29,121,22,20.86,37,0.00,0.00,0.57,4,0.00,0.43,1.03,0.86,6,0.00,0.43,0.00,0.00,0.00,0.29,0.29,1.29,12.00,2.07,1.00,0.57,0.00,0.71,0.23,0.00,3.14,0.00,0.00,0,0,,12,1.71,81,5,0.86,83,7,1.21,81,2,1,6,30,0.00,99,0,2,0.34,23,3,29,0.52,35,0,0.00,99,0,0.00,0,0,0.00,0,0.69,45,4,0.69,34,2,0.34,50.00,0,0.00,0,0,0,0.00,0,9,0.00,36,1.55,73,N/A,N/A,N/A,N/A,0.00,0,0.00,0,1.61,0.00,0,69.54,41.67,74,85,0.14,0.17,1,38,73,0,0,0,0.14,0.17,1,42,48.56,1.14,1.38,8,0,0.00,0.00,99,0.00,0,0,0,0.00,0.00,0,0.00,0.00,0.17,0.14,1,0,8.33,53,11,5,67,37,0.46,31,0.07,0.08,1.61,80,0.23,0.28,95,15,2.14,2.59,1.72,1.43,74,10,0.28,78,89,40,71,0,68,93,0,0.00,99,22,0.00,3.79,14.14,11.71,82,45,96,86,7.76,6.43,54.88,3,0.52,54,0,0.00,0,0.00,99,0,0.00,0.00,29,16,36,55,0,0,0,0,0,49,70,51,81,0,21,35,14,14,0,0,14,19,0,0
Nemanja Antonov,30,799743600,1995/05/06,NB I,2025/2026,Defender,Nyíregyháza Spartacus,1332,673,659,Serbia,21,10,11,1,1,0,7,3,4,0,0,3,0,3,23,14,9,2,0,0.54,0.47,0.07,0.13,0,1332,1.55,58,63,666,190,0.14,143,4,58,14,195000,6.15,0.33,99,34.18,21.60,55,540,15.44,386,29,24.43,48,0.00,0.00,1.48,37,0.00,5.08,1.14,0.72,18,0.00,0.12,0.00,0.00,0.00,0.96,0.48,0.84,0.00,1.14,0.52,1.00,0.00,0.20,0.06,0.00,0.28,0.00,0.00,0,0,,18,0.72,55,5,0.32,51,13,0.82,60,2,7,14,35,0.00,99,0,24,1.52,87,127,90,8.04,97,0,0.00,99,0,0.00,0,0,0.00,0,2.34,97,25,1.58,62,12,0.76,48.00,0,0.00,0,0,0,0.00,0,21,0.00,36,1.33,57,N/A,N/A,N/A,N/A,0.00,0,0.00,0,1.42,0.00,0,71.48,27.78,40,60,0.28,0.44,7,71,65,0,0,0,0.32,0.51,8,80,153.76,0.96,1.52,24,0,0.00,0.00,99,0.00,0,0,1,0.04,0.06,0,0.00,0.00,0.13,0.08,2,0,0.00,38,68,77,92,37,6.29,99,0.25,0.40,1.42,43,0.06,0.09,28,12,0.48,0.76,0.76,0.48,20,12,0.09,41,57,43,79,0,62,14,0,0.00,99,7,0.00,0.44,5.44,3.44,86,47,12,10,2.97,1.88,54.65,3,0.19,79,0,37.80,0,0.00,99,48,1.92,3.04,99,64,80,55,0,0,0,0,0,90,46,51,65,0,76,35,82,35,2,10,37,7,N/A,N/A
Niama Pape Sissoko,20,1134720000,2005/12/16,NB I,2025/2026,Midfielder,Debrecen,62,62,0,Mali,7,7,0,0,0,0,0,0,0,0,0,0,0,0,3,3,0,0,0,0,0,0,0,0,0,4.35,21,9,0,0,0,-1,-1,-1,25,0,3.03,0,46,31.43,1.69,43,22,1.23,16,34,22.86,41,0.00,0.00,0.08,1,0.00,0.08,4.29,0.23,3,0.00,0.15,0.00,0.00,0.00,0.00,0.23,0.31,0.00,2.86,0.15,0.31,0.00,0.00,0.01,0.00,0.23,0.00,0.00,0,0,,2,0.15,94,0,0.00,18,2,2.86,99,0,7,0,99,0.00,99,0,0,0.00,8,1,29,1.43,59,0,0.00,99,0,0.00,0,0,0.00,0,1.43,76,4,5.71,99,3,4.29,75.00,0,0.00,0,0,0,0.00,0,4,0.00,0,5.71,99,N/A,N/A,N/A,N/A,0.00,0,0.00,0,0.08,0.00,0,72.73,0.00,18,0,0.15,2.86,2,99,92,0,0,0,0.00,0.00,0,20,39.34,0.15,2.86,2,0,0.00,0.00,99,0.00,0,0,0,0.00,0.00,0,0.00,0.00,0.00,0.00,0,0,0.00,38,0,5,37,0,0.06,36,0.00,0.09,0.08,51,0.01,0.11,2,0,0.00,0.00,0.00,0.00,4,0,0.11,49,3,68,71,0,46,95,0,0.00,99,3,0.00,4.29,27.14,1.46,19,9,99,99,12.86,0.69,47.37,2,2.86,0,0,0.00,0,0.00,99,0,0.00,0.00,29,0,80,15,0,0,0,0,0,24,37,51,56,0,21,4,14,14,0,0,14,74,0,0
Nicolás Elosú Larumbe,56,N/A,N/A,NB I,2025/2026,Midfielder,Zalaegerszegi TE,0,0,0,,1,0,1,0,0,0,0,0,0,0,0,1,0,1,0,0,0,0,0,0,0,0,0,0,0,0,0,0,0,0,0,-1,-1,-1,-1,80000,0.00,0,46,0.00,0.00,0,0,0.00,0,0,0.00,0,0.00,0.00,0.00,0,0.00,0.00,0.00,0.00,0,0.00,0.00,0.00,0.00,0.00,0.00,0.00,0.00,0.00,0.00,0.00,0.00,0.00,0.00,0.00,0.00,0.00,0.00,0.00,0,0,,0,0.00,8,0,0.00,18,0,0.00,10,0,1,0,5,0.00,99,0,0,0.00,8,0,29,0.00,13,0,0.00,99,0,0.00,0,0,0.00,0,0.00,9,0,0.00,7,0,0.00,0.00,0,0.00,0,0,0,0.00,0,0,0.00,99,0.00,0,N/A,N/A,N/A,N/A,0.00,0,0.00,0,0.00,0.00,0,0.00,0.00,18,99,0.00,0.00,0,13,13,0,0,0,0.00,0.00,0,20,0.00,0.00,0.00,0,0,0.00,0.00,99,0.00,0,0,0,0.00,0.00,0,0.00,0.00,0.00,0.00,0,0,0.00,38,0,0,37,0,0.00,0,0.00,0.00,0.00,9,0.00,0.00,2,0,0.00,0.00,0.00,0.00,4,0,0.00,9,0,0,71,0,46,0,0,0.00,99,0,0.00,0.00,0.00,0.00,0,0,0,0,0.00,0.00,0.00,0,0.00,99,0,0.00,0,0.00,99,0,0.00,0.00,29,0,36,15,0,0,0,0,0,24,37,51,56,0,36,99,14,14,0,0,14,15,N/A,N/A
Nikola Radmanovac,29,854611200,1997/01/30,NB I,2025/2026,Defender,Várda SE,630,270,360,Serbia,7,3,4,0,0,0,0,0,0,0,0,2,2,0,7,1,6,1,0,0,0,0,0,0,0,1,90,90,630,0,0.14,193,177,16,18,220000,6.24,0,46,50.71,44.38,89,355,36.12,289,74,41.29,86,0.00,0.00,0.12,1,0.00,0.00,0.29,0.25,2,0.00,0.00,0.00,0.00,0.00,0.62,0.00,0.88,2.00,0.29,0.00,0.00,0.00,0.25,0.10,0.00,4.00,0.00,0.00,0,0,,2,0.25,17,2,0.29,48,0,0.00,10,0,0,7,8,0.00,99,0,5,0.71,48,0,29,0.00,13,0,0.00,99,0,0.00,0,0,0.00,0,0.14,15,0,0.00,7,0,0.00,0.00,0,0.00,0,0,0,0.00,0,7,0.00,86,1.00,28,N/A,N/A,N/A,N/A,0.00,0,0.00,0,0.84,0.00,0,81.41,100.00,99,88,0.12,0.14,1,13,13,0,0,0,1.75,2.00,14,99,49.90,5.50,6.29,44,1,0.00,0.14,4,0.12,0,0,0,0.00,0.00,0,0.00,0.00,0.00,0.00,0,0,50.00,99,19,5,37,86,0.76,47,0.10,0.11,0.84,53,0.10,0.12,26,5,0.62,0.71,1.14,1.00,42,8,0.12,51,60,93,71,0,46,96,0,0.00,99,32,0.00,4.57,7.29,6.38,51,38,57,22,5.43,4.75,74.51,0,0.00,99,0,0.00,0,0.00,99,0,0.00,0.00,29,22,22,15,0,0,0,0,0,24,37,51,56,0,81,75,80,35,1,14,53,26,N/A,N/A
Nimród Baranyai,22,1060153200,2003/08/06,NB I,2025/2026,Defender,Kazincbarcika,1688,856,832,Hungary,21,10,11,2,1,1,0,0,0,0,0,2,0,2,32,18,14,1,0,0.11,0,0.11,0.11,0.11,844,1.71,53,80,1688,0,0.05,124,143,70,4,0,5.77,0,46,29.13,22.75,35,546,16.25,390,29,20.81,36,0.00,0.00,0.33,8,0.00,0.96,1.49,1.17,28,0.00,0.29,0.00,0.00,0.00,0.92,0.42,1.25,9.00,0.48,0.33,0.71,0.00,0.04,0.05,0.00,0.71,0.00,0.00,0,0,,9,0.38,27,1,0.05,18,8,0.43,35,2,2,19,55,0.00,99,0,22,1.17,74,23,60,1.23,57,0,0.00,99,0,0.00,0,0,0.00,0,0.43,30,17,0.91,42,10,0.53,58.82,0,0.00,0,0,0,0.00,0,30,0.00,23,1.60,76,N/A,N/A,N/A,N/A,0.00,0,0.00,0,1.10,0.00,0,71.43,11.11,19,55,0.38,0.48,9,54,83,0,0,0,0.62,0.80,15,90,138.40,3.71,4.75,89,2,0.00,0.11,7,0.08,0,0,0,0.00,0.00,0,0.00,0.00,0.05,0.04,1,0,11.11,64,82,77,84,24,1.29,22,0.05,0.07,1.10,32,0.05,0.06,35,16,0.67,0.85,0.91,0.71,25,17,0.06,31,48,83,71,0,49,37,0,0.00,99,17,0.00,0.91,6.99,5.46,131,71,26,19,3.79,2.96,54.20,7,0.37,68,0,21.74,0,0.00,99,5,0.21,0.27,59,82,45,55,0,0,0,0,0,38,54,58,62,0,21,19,98,16,1,5,20,25,0,0
Noel Asztalos,56,N/A,N/A,NB I,2025/2026,Midfielder,Debrecen,0,0,0,,0,0,0,0,0,0,0,0,0,0,0,0,0,0,0,0,0,0,0,0,0,0,0,0,0,0,0,0,0,0,0,-1,-1,-1,-1,N/A,N/A,N/A,N/A,N/A,N/A,N/A,N/A,N/A,N/A,N/A,N/A,N/A,N/A,N/A,N/A,N/A,N/A,N/A,N/A,N/A,N/A,N/A,N/A,N/A,N/A,N/A,N/A,N/A,N/A,N/A,N/A,N/A,N/A,N/A,N/A,N/A,N/A,N/A,N/A,N/A,N/A,N/A,N/A,N/A,N/A,N/A,N/A,N/A,N/A,N/A,N/A,N/A,N/A,N/A,N/A,N/A,N/A,N/A,N/A,N/A,N/A,N/A,N/A,N/A,N/A,N/A,N/A,N/A,N/A,N/A,N/A,N/A,N/A,N/A,N/A,N/A,N/A,N/A,N/A,N/A,N/A,N/A,N/A,N/A,N/A,N/A,N/A,N/A,N/A,N/A,N/A,N/A,N/A,N/A,N/A,N/A,N/A,N/A,N/A,N/A,N/A,N/A,N/A,N/A,N/A,N/A,N/A,N/A,N/A,N/A,N/A,N/A,N/A,N/A,N/A,N/A,N/A,N/A,N/A,N/A,N/A,N/A,N/A,N/A,N/A,N/A,N/A,N/A,N/A,N/A,N/A,N/A,N/A,N/A,N/A,N/A,N/A,N/A,N/A,N/A,N/A,N/A,N/A,N/A,N/A,N/A,N/A,N/A,N/A,N/A,N/A,N/A,N/A,N/A,N/A,N/A,N/A,N/A,N/A,N/A,N/A,N/A,N/A,N/A,N/A,N/A,N/A,N/A,N/A,N/A,N/A,N/A,N/A,N/A,N/A,N/A,N/A,N/A,N/A,N/A,N/A,N/A,N/A,N/A,N/A,N/A,N/A,N/A,N/A,N/A,N/A,N/A,N/A,N/A,N/A,N/A,N/A,N/A,N/A,N/A,N/A,N/A,N/A,N/A,N/A,N/A,N/A,N/A,N/A,N/A,N/A,N/A,N/A,N/A,N/A,N/A,N/A,N/A,N/A,N/A,N/A,N/A,N/A
Norbert Könyves,36,613465200,1989/06/10,NB I,2025/2026,Forward,Kazincbarcika,1432,788,644,Hungary,24,13,11,2,0,2,1,1,0,0,0,3,1,2,28,13,15,3,0,0.19,0.06,0.13,0,0.28,716,1.76,51,60,477,1432,0.19,109,125,-1,6,92000,6.51,0.04,53,14.09,9.33,2,224,6.58,158,26,9.94,2,0.00,0.00,0.46,11,0.00,0.58,0.57,0.38,9,0.00,1.29,0.00,0.00,0.00,0.12,0.67,1.12,18.00,2.26,0.75,2.25,0.00,0.75,0.17,0.00,0.58,0.00,0.00,0,0,,36,1.50,86,18,1.13,91,18,1.13,78,3,12,12,14,0.00,99,0,3,0.19,14,14,31,0.88,47,0,0.00,99,0,0.00,0,0,0.00,0,0.69,45,54,3.40,93,16,1.01,29.63,0,0.00,0,0,0,0.00,0,27,0.00,19,1.70,80,N/A,N/A,N/A,N/A,0.00,0,0.00,0,4.14,0.00,0,70.54,50.00,89,27,0.50,0.75,12,82,28,0,0,0,0.08,0.13,2,34,156.21,0.67,1.01,16,0,0.00,0.00,99,0.00,0,0,2,0.08,0.13,0,0.00,0.00,1.19,0.79,19,0,5.56,43,73,95,81,19,1.32,31,0.06,0.08,4.14,78,0.17,0.26,71,25,1.04,1.57,2.26,1.50,88,36,0.26,75,69,26,93,0,98,34,0,0.00,99,14,0.00,0.88,14.15,9.38,225,61,26,86,3.84,2.54,27.11,31,1.95,4,0,7.14,0,0.00,99,1,0.04,0.06,32,55,96,70,0,0,0,0,0,54,60,79,56,0,41,30,67,49,3,12,47,42,N/A,N/A
Norbert Szendrei,25,954144000,2000/03/27,NB I,2025/2026,Forward,Zalaegerszegi TE,2129,1080,1049,Hungary,24,12,12,1,1,0,0,0,0,0,0,7,3,4,28,15,13,9,1,0.04,0,0.04,0.08,0,2129,1.18,76,89,237,0,0.38,168,207,-1,11,0,0.00,0,46,0.00,0.00,0,0,0.00,0,0,0.00,0,0.00,0.00,0.00,0,0.00,0.00,0.00,0.00,0,0.00,0.00,0.00,0.00,0.00,0.00,0.00,0.00,0.00,0.00,0.00,0.00,0.00,0.00,0.00,0.00,0.00,0.00,0.00,0,0,,0,0.00,8,0,0.00,18,0,0.00,10,4,0,24,5,0.00,99,0,0,0.00,8,0,29,0.00,13,0,0.00,99,0,0.00,0,0,0.00,0,0.00,9,0,0.00,7,0,0.00,0.00,0,0.00,0,0,0,0.00,0,0,0.00,68,0.00,0,N/A,N/A,N/A,N/A,0.00,0,0.00,0,0.00,0.00,0,0.00,0.00,18,99,0.00,0.00,0,13,13,0,0,0,0.00,0.00,0,20,0.00,0.00,0.00,0,0,0.00,0.00,99,0.00,0,0,0,0.00,0.00,0,0.00,0.00,0.00,0.00,0,0,0.00,38,98,95,99,68,0.00,0,0.00,0.00,0.00,9,0.00,0.00,2,0,0.00,0.00,0.00,0.00,4,0,0.00,9,0,0,71,0,46,0,0,0.00,99,0,0.00,0.00,0.00,0.00,0,0,0,0,0.00,0.00,0.00,0,0.00,99,0,0.00,0,0.00,99,0,0.00,0.00,29,97,22,83,0,0,0,0,0,25,38,51,57,0,21,75,32,82,8,0,14,11,0,0
Norbert Urblík,21,1082271600,2004/04/18,NB I,2025/2026,Defender,Győri ETO,0,0,0,Hungary,1,1,0,0,0,0,0,0,0,0,0,1,1,0,0,0,0,0,0,0,0,0,0,0,0,0,0,0,0,0,0,-1,-1,-1,-1,108000,0.00,0,46,90.00,0.07,99,1,0.00,0,0,0.00,0,0.00,0.00,0.00,0,0.00,0.00,0.00,0.00,0,0.00,0.00,0.00,0.00,0.00,0.00,0.00,0.00,0.00,0.00,0.00,0.00,0.00,0.00,0.00,0.00,0.00,0.00,0.00,0,0,,0,0.00,8,0,0.00,18,0,0.00,10,0,1,0,5,0.00,99,0,0,0.00,8,0,29,0.00,13,0,0.00,99,0,0.00,0,0,0.00,0,0.00,9,0,0.00,7,0,0.00,0.00,0,0.00,0,0,0,0.00,0,0,0.00,99,0.00,0,N/A,N/A,N/A,N/A,0.00,0,0.00,0,0.00,0.00,0,0.00,0.00,18,99,0.00,0.00,0,13,13,0,0,0,0.00,0.00,0,20,0.00,0.00,0.00,0,0,0.00,0.00,99,0.00,0,0,0,0.00,0.00,0,0.00,0.00,0.00,0.00,0,0,0.00,38,0,0,37,0,0.00,0,0.00,0.00,0.00,9,0.00,0.00,2,0,0.00,0.00,90.00,0.07,99,1,0.00,9,0,0,71,0,46,0,0,0.00,99,0,0.00,0.00,180.00,0.13,2,0,0,99,0.00,0.00,0.00,0,0.00,99,0,0.00,0,0.00,99,0,0.00,0.00,29,0,36,15,0,0,0,0,0,24,37,51,56,0,45,99,14,14,0,0,14,37,N/A,N/A
Oleksandr Pishchur,45,349344000,1981/01/26,NB I,2025/2026,Forward,Győri ETO,271,97,174,Ukraine,18,11,7,2,1,1,0,0,0,0,0,6,5,1,6,1,5,2,0,0.66,0,0.66,0.93,0.52,136,1.99,45,15,136,0,0.66,6,241,-1,11,96000,2.66,0,46,36.37,2.95,61,59,1.80,36,5,22.19,40,0.00,0.00,0.10,2,0.00,0.00,0.00,0.00,0,0.00,0.15,0.00,0.00,0.00,0.10,0.10,0.15,0.00,4.32,0.25,0.15,0.00,0.10,0.03,0.00,1.15,0.00,0.00,0,0,,7,0.35,99,2,1.23,94,5,3.08,99,1,16,2,5,0.00,99,0,2,1.23,77,0,29,0.00,13,0,0.00,99,0,0.00,0,0,0.00,0,1.23,70,3,1.85,73,2,1.23,66.67,0,0.00,0,0,0,0.00,0,3,0.00,8,1.85,84,N/A,N/A,N/A,N/A,0.00,0,0.00,0,0.54,0.00,0,61.02,28.57,42,99,0.00,0.00,0,89,90,0,0,0,0.00,0.00,0,20,53.11,0.20,2.47,4,0,0.00,0.00,99,0.00,0,0,1,0.05,0.62,0,0.00,0.00,0.62,0.05,1,0,0.00,38,0,57,38,8,0.17,43,0.01,0.10,0.54,86,0.03,0.33,92,4,0.20,2.47,2.47,0.20,91,4,0.33,84,2,62,99,0,93,99,0,0.00,99,23,0.00,14.18,25.89,2.10,42,29,99,99,17.88,1.45,69.05,3,1.85,5,0,0.00,0,0.00,99,0,0.00,0.00,29,2,99,35,0,0,0,0,0,96,98,95,99,0,43,88,16,98,2,11,41,19,N/A,N/A
Olivér Kun,20,1136275200,2006/01/03,NB I,2025/2026,Midfielder,Kazincbarcika,267,190,77,Hungary,7,4,3,0,0,0,1,0,1,0,0,1,1,0,7,2,5,1,0,0.34,0.34,0,0,0,0,2.36,38,38,267,267,0.34,-1,-1,-1,34,24000,2.54,0.14,96,21.57,4.27,13,64,3.60,54,84,18.20,26,0.00,0.00,0.20,3,0.00,0.13,2.02,0.40,6,0.00,0.20,0.00,0.00,0.00,0.13,0.13,0.53,0.00,0.67,0.13,0.47,0.00,0.00,0.01,0.00,0.20,0.00,0.00,0,0,,2,0.13,36,0,0.00,18,2,0.67,51,2,5,2,78,0.00,99,0,2,0.67,44,2,29,0.67,40,0,0.00,99,0,0.00,0,0,0.00,0,1.01,63,7,2.36,84,2,0.67,28.57,0,0.00,0,0,0,0.00,0,8,0.00,2,2.70,93,N/A,N/A,N/A,N/A,0.00,0,0.00,0,0.09,0.00,0,84.38,0.00,18,14,0.20,1.01,3,63,26,0,0,0,0.00,0.00,0,20,38.09,0.40,2.02,6,0,0.00,0.00,99,0.00,0,0,0,0.00,0.00,0,0.00,0.00,0.34,0.07,1,0,0.00,38,0,5,37,2,0.81,91,0.05,0.27,0.09,22,0.01,0.03,42,3,0.20,1.01,1.35,0.27,55,4,0.03,22,2,57,71,0,81,40,0,0.00,99,3,0.00,1.01,11.80,2.33,35,14,40,71,4.72,0.93,40.00,3,1.01,26,0,0.00,0,0.00,99,0,0.00,0.00,29,2,69,55,0,0,0,0,0,74,37,51,56,0,22,35,38,77,1,14,53,24,N/A,N/A
Pal Dardai,26,924937200,1999/04/24,NB I,2025/2026,Forward,Puskás,1092,519,573,Germany,22,12,10,4,3,1,2,2,0,0,0,4,2,2,15,6,9,1,0,0.49,0.16,0.33,0.52,0.16,273,1.24,73,50,1092,546,0.08,33,58,-1,3,600000,6.22,0.09,79,19.95,10.08,11,242,6.88,165,18,13.60,12,0.00,0.00,0.92,22,0.00,3.67,1.24,0.62,15,0.00,0.38,0.00,0.00,0.00,0.08,0.29,0.58,5.25,1.73,0.46,0.88,0.00,0.42,0.17,0.00,0.46,0.00,0.00,0,0,,21,0.88,72,10,0.82,81,11,0.91,65,3,8,14,40,0.00,99,0,2,0.16,12,88,59,7.25,95,0,0.00,99,0,0.00,0,0,0.00,0,1.81,88,21,1.73,69,7,0.58,33.33,0,0.00,0,0,0,0.00,0,14,0.00,65,1.15,42,N/A,N/A,N/A,N/A,0.00,0,0.00,0,4.16,0.00,0,68.18,47.62,83,92,0.04,0.08,1,57,35,0,0,0,0.00,0.00,0,20,149.29,0.42,0.82,10,0,0.00,0.00,99,0.00,0,0,0,0.00,0.00,0,0.00,0.00,0.41,0.21,5,0,19.05,83,54,82,50,66,1.65,62,0.07,0.14,4.16,86,0.17,0.34,41,12,0.50,0.99,1.24,0.62,47,15,0.34,85,59,17,71,0,84,37,0,0.00,99,11,0.00,0.91,7.58,3.83,92,45,24,24,3.71,1.88,48.91,9,0.74,40,0,21.59,0,0.00,99,19,0.79,1.57,95,64,84,70,0,0,0,0,0,86,88,67,93,0,99,47,94,21,1,5,20,10,N/A,N/A
Patrik Demjén,27,890553600,1998/03/22,NB I,2025/2026,Goalkeeper,Debrecen,1530,810,720,Hungary,17,9,8,0,0,0,0,0,0,0,0,4,4,0,35,16,19,0,0,0,0,0,0,0,0,2.06,44,90,0,0,0,200,203,85,18,0,4.42,0,46,33.50,21.44,52,536,14.44,361,16,22.56,41,0.00,0.00,0.00,0,0.00,0.00,0.00,0.00,0,0.00,0.00,0.00,0.00,2.24,0.00,0.04,3.40,0.00,0.00,0.00,0.04,0.00,0.00,0.00,0.00,0.36,0.00,0.00,0,0,,0,0.00,8,0,0.00,18,0,0.00,10,0,0,17,5,0.00,99,0,0,0.00,8,0,29,0.00,13,0,0.00,99,0,0.00,0,0,0.00,0,0.00,9,1,0.06,8,1,0.06,100.00,0,0.00,0,56,22,3.50,83,85,0.00,7,5.31,99,N/A,N/A,N/A,N/A,65.88,0,0.00,0,0.00,0.00,0,67.35,0.00,18,93,0.04,0.06,1,14,99,0,0,27,0.00,0.00,0,20,110.40,0.56,0.88,14,0,0.00,0.00,99,0.00,0,0,0,0.00,0.00,8,0.32,0.50,0.00,0.00,0,0,0.00,38,78,51,37,7,0.71,7,0.03,0.04,0.00,9,0.00,0.00,2,0,0.00,0.00,0.00,0.00,4,0,0.00,9,21,20,71,61,46,19,0,0.00,99,9,0.00,0.56,0.69,0.44,11,10,5,5,0.62,0.40,90.91,0,0.00,99,0,0.00,0,0.00,99,0,0.00,0.00,29,77,22,15,0,0,0,0,0,24,37,51,56,0,21,59,14,14,0,0,14,1,0,0
Patrik Kovács,21,1107936000,2005/02/09,NB I,2025/2026,Defender,MTK,1253,644,609,Hungary,19,8,11,3,2,1,3,3,0,0,0,5,4,1,22,8,14,6,0,0.43,0.22,0.22,0.28,0.15,418,1.58,57,66,209,418,0.43,62,31,59,7,48000,5.04,0.16,89,31.59,17.92,44,430,13.88,333,57,24.47,49,0.00,0.00,0.58,14,0.00,2.25,3.38,1.92,46,0.00,0.33,0.00,0.00,0.00,0.62,0.62,0.79,9.00,0.66,0.21,1.00,0.00,0.17,0.06,0.00,0.58,0.00,0.00,0,0,,9,0.38,36,4,0.29,48,5,0.37,31,2,5,14,99,0.00,99,0,15,1.10,72,54,36,3.97,85,0,0.00,99,0,0.00,0,0,0.00,0,1.03,64,24,1.76,70,15,1.10,62.50,0,0.00,0,0,0,0.00,0,19,0.00,32,1.40,62,N/A,N/A,N/A,N/A,0.00,0,0.00,0,1.37,0.00,0,77.44,44.44,80,1,0.96,1.69,23,86,86,0,0,0,0.29,0.51,7,80,121.04,1.88,3.31,45,0,0.00,0.00,99,0.00,0,0,1,0.04,0.07,0,0.00,0.00,0.00,0.00,0,0,11.11,64,62,64,60,33,2.96,86,0.12,0.22,1.37,47,0.06,0.10,23,9,0.38,0.66,2.20,1.25,87,30,0.10,45,33,72,83,0,46,41,0,0.00,99,14,0.00,1.03,12.42,7.04,169,83,77,74,6.10,3.46,49.11,8,0.59,50,0,12.96,0,0.00,99,7,0.29,0.51,72,64,69,55,0,0,0,0,0,82,78,65,83,0,26,68,28,86,6,32,92,27,N/A,N/A
Patrik Péter Szűcs,20,1123138800,2005/08/04,NB I,2025/2026,Midfielder,MTK,29,5,24,Hungary,3,1,2,0,0,0,0,0,0,0,0,0,0,0,0,0,0,1,0,0,0,0,0,0,0,0,0,10,29,0,3.1,-1,-1,-1,21,0,1.87,0,46,45.00,1.57,80,22,1.21,17,54,34.77,76,0.00,0.00,0.00,0,0.00,0.14,2.05,0.07,1,0.00,0.07,0.00,0.00,0.00,0.00,0.14,0.14,0.00,2.05,0.00,0.29,0.00,0.07,0.01,0.00,0.07,0.00,0.00,0,0,,1,0.07,80,1,2.05,99,0,0.00,10,0,3,0,78,0.00,99,0,0,0.00,8,2,96,4.09,85,0,0.00,99,0,0.00,0,0,0.00,0,0.00,9,4,8.18,99,2,4.09,50.00,0,0.00,0,0,0,0.00,0,2,0.00,99,4.09,94,N/A,N/A,N/A,N/A,0.00,0,0.00,0,0.13,0.00,0,77.27,100.00,99,0,0.07,2.05,1,99,73,0,0,0,0.00,0.00,0,20,26.12,0.07,2.05,1,0,0.00,0.00,99,0.00,0,0,1,0.07,2.05,0,0.00,0.00,0.00,0.00,0,0,0.00,38,0,0,37,0,0.04,31,0.00,0.08,0.13,79,0.01,0.27,2,0,0.00,0.00,2.05,0.07,85,1,0.27,77,0,57,99,0,46,71,0,0.00,99,1,0.00,2.05,18.41,0.64,9,4,97,98,8.18,0.29,44.44,1,2.05,4,0,50.00,0,0.00,99,1,0.07,2.05,97,0,55,15,0,0,0,0,0,24,37,51,56,0,21,4,14,99,1,33,93,28,0,0
Patrizio Stronati,31,785059200,1994/11/17,NB I,2025/2026,Defender,Újpest,1408,854,554,Czech Republic,17,10,7,0,0,0,0,0,0,0,0,1,1,0,23,11,12,1,0,0,0,0,0,0,0,1.47,61,83,1408,0,0.06,233,242,52,22,0,4.47,0,46,46.66,28.08,83,730,23.69,616,84,39.38,85,0.00,0.00,0.19,5,0.00,0.00,0.77,0.46,12,0.00,0.04,0.00,0.00,0.00,0.81,0.00,0.77,0.00,0.45,0.23,0.08,0.00,0.04,0.01,0.00,2.38,0.00,0.00,0,0,,7,0.27,25,1,0.06,19,6,0.38,31,0,2,15,20,0.00,99,0,21,1.34,81,0,29,0.00,13,0,0.00,99,0,0.00,0,0,0.00,0,0.32,26,2,0.13,11,0,0.00,0.00,0,0.00,0,0,0,0.00,0,20,0.00,43,1.28,53,N/A,N/A,N/A,N/A,0.00,0,0.00,0,0.36,0.00,0,84.38,14.29,20,83,0.12,0.19,3,13,13,0,0,0,0.65,1.09,17,96,116.23,4.65,7.73,121,2,0.00,0.13,5,0.08,0,0,0,0.00,0.00,0,0.00,0.00,0.06,0.04,1,0,0.00,38,72,51,37,43,1.31,31,0.05,0.08,0.36,19,0.01,0.02,30,12,0.46,0.77,1.02,0.62,33,16,0.02,19,22,98,71,0,51,94,0,0.00,99,62,0.00,3.96,9.08,5.46,142,86,59,41,5.50,3.31,60.56,1,0.06,87,0,0.00,0,0.00,99,0,0.00,0.00,29,69,45,15,0,0,0,0,0,24,37,51,56,0,21,7,97,17,1,6,23,17,0,0
Paul Viorel Anton,34,673858800,1991/05/10,NB I,2025/2026,Midfielder,Győri ETO,1182,717,465,Romania,14,8,6,2,0,2,3,2,1,0,0,6,3,3,10,6,4,0,0,0.38,0.23,0.15,0,0.39,591,0.76,118,84,0,394,0,94,28,-1,10,220000,5.86,0.21,91,77.13,56.28,99,1013,47.17,849,83,64.64,99,0.00,0.00,1.94,35,0.00,5.11,1.45,1.06,19,0.00,0.33,0.00,0.00,0.00,0.39,0.56,0.56,8.00,1.22,0.56,0.89,0.00,0.33,0.14,0.00,0.50,0.00,0.00,0,0,,16,0.89,59,6,0.46,62,10,0.76,56,1,1,13,54,0.00,99,0,7,0.53,34,92,82,7.01,94,0,0.00,99,0,0.00,0,0,0.00,0,2.66,98,16,1.22,53,10,0.76,62.50,0,0.00,0,0,0,0.00,0,10,0.00,97,0.76,9,N/A,N/A,N/A,N/A,0.00,0,0.00,0,2.45,0.00,0,83.81,37.50,63,41,0.44,0.61,8,71,86,2,0,0,0.17,0.23,3,53,105.47,1.39,1.90,25,0,0.00,0.00,99,0.00,0,2,1,0.06,0.08,0,0.00,0.00,0.00,0.00,0,0,12.50,70,58,35,72,97,5.13,98,0.28,0.39,1.05,39,0.06,0.08,25,9,0.50,0.69,1.29,0.94,51,17,0.19,64,50,53,85,0,46,25,0,0.00,99,9,0.00,0.69,7.01,5.11,92,44,16,19,3.35,2.44,47.83,6,0.46,59,0,31.52,0,0.00,99,29,1.61,2.21,97,59,36,35,0,0,0,0,0,78,66,89,56,0,81,99,14,14,0,0,14,5,N/A,N/A
Pavlos Korrea,27,900399600,1998/07/14,NB I,2025/2026,Defender,Nyíregyháza Spartacus,245,180,65,Cyprus,5,2,3,0,0,0,0,0,0,0,0,0,0,0,6,2,4,2,1,0,0,0,0,0,0,2.2,41,49,123,0,0.73,-1,-1,-1,18,115000,1.17,0,46,36.95,4.81,62,101,3.62,76,47,27.80,59,0.00,0.00,0.05,1,0.00,0.14,0.37,0.05,1,0.00,0.00,0.00,0.00,0.00,0.24,0.00,0.14,0.00,0.73,0.10,0.00,0.00,0.00,0.00,0.00,0.29,0.00,0.00,0,0,,2,0.10,39,0,0.00,18,2,0.73,53,2,2,3,10,0.00,99,0,5,1.83,96,3,85,1.10,53,0,0.00,99,0,0.00,0,0,0.00,0,0.37,28,0,0.00,7,0,0.00,0.00,0,0.00,0,0,0,0.00,0,3,0.00,3,1.10,36,N/A,N/A,N/A,N/A,0.00,0,0.00,0,0.09,0.00,0,75.25,0.00,18,99,0.00,0.00,0,13,13,0,0,0,0.05,0.37,1,66,24.57,0.76,5.85,16,0,0.00,0.00,99,0.00,0,0,0,0.00,0.00,0,0.00,0.00,0.00,0.00,0,0,0.00,38,0,0,37,3,0.20,22,0.01,0.07,0.09,22,0.00,0.03,26,2,0.10,0.73,1.46,0.19,62,4,0.03,22,0,88,71,0,46,72,0,0.00,99,6,0.00,2.20,5.85,0.76,16,9,16,10,3.29,0.43,56.25,0,0.00,99,0,33.33,0,0.00,99,1,0.05,0.37,63,4,45,55,0,0,0,0,0,24,37,51,56,0,48,4,15,99,1,20,69,44,N/A,N/A
Peter Ambrose,23,1023692400,2002/06/10,NB I,2025/2026,Forward,Diósgyőr,90,8,82,Nigeria,4,1,3,0,0,0,0,0,0,0,0,0,0,0,3,1,2,0,0,0,0,0,0,0,0,3,30,23,0,0,0,-1,-1,-1,31,0,4.32,0,46,25.00,4.17,21,25,2.33,14,2,14.00,12,0.00,0.00,0.17,1,0.00,0.17,1.00,0.17,1,0.00,0.00,0.00,0.00,0.00,0.00,0.00,0.67,0.00,2.00,0.33,0.50,0.00,0.00,0.02,0.00,0.50,0.00,0.00,0,0,,2,0.33,79,0,0.00,18,2,2.00,97,3,3,1,29,0.00,99,0,0,0.00,8,1,29,1.00,50,0,0.00,99,0,0.00,0,0,0.00,0,1.00,63,3,3.00,91,0,0.00,0.00,0,0.00,0,0,0,0.00,0,4,0.00,0,4.00,94,N/A,N/A,N/A,N/A,0.00,0,0.00,0,0.10,0.00,0,56.00,0.00,18,99,0.00,0.00,0,13,13,0,0,0,0.17,1.00,1,95,25.93,0.00,0.00,0,0,0.00,0.00,99,0.00,0,0,0,0.00,0.00,0,0.00,0.00,0.00,0.00,0,0,0.00,38,0,0,37,0,0.08,31,0.01,0.08,0.10,47,0.02,0.10,81,2,0.33,2.00,3.00,0.50,97,3,0.10,45,19,0,71,0,46,85,0,0.00,99,3,0.00,3.00,13.00,2.17,13,6,74,80,6.00,1.00,46.15,0,0.00,99,0,0.00,0,0.00,99,0,0.00,0.00,29,1,55,70,0,0,0,0,0,24,37,51,56,0,21,4,14,14,0,0,14,32,0,0
Péter Beke,25,984556800,2001/03/14,NB I,2025/2026,Forward,Nyíregyháza Spartacus,94,64,30,Hungary,3,1,2,0,0,0,0,0,0,0,0,0,0,0,2,1,1,0,0,0,0,0,0,0,0,1.91,47,31,0,0,0,-1,-1,-1,30,0,8.62,0,46,19.15,6.67,9,20,2.67,8,0,7.66,0,0.00,0.00,0.00,0,0.00,1.00,0.96,0.33,1,0.00,0.00,0.00,0.00,0.00,1.00,0.67,0.00,0.00,0.00,0.00,1.00,0.00,0.00,0.00,0.00,1.33,0.00,0.00,0,0,,0,0.00,8,0,0.00,18,0,0.00,10,2,2,1,27,0.00,99,0,3,2.87,99,3,29,2.87,76,0,0.00,99,0,0.00,0,0,0.00,0,0.00,9,3,2.87,89,2,1.91,66.67,0,0.00,0,0,0,0.00,0,0,0.00,11,0.00,0,N/A,N/A,N/A,N/A,0.00,0,0.00,0,0.00,0.00,0,40.00,0.00,18,0,0.67,1.91,2,96,90,0,0,0,0.00,0.00,0,20,25.87,0.00,0.00,0,0,0.00,0.00,99,0.00,0,0,0,0.00,0.00,0,0.00,0.00,0.96,0.33,1,0,0.00,38,0,0,37,12,0.02,0,0.01,0.02,0.00,9,0.00,0.00,78,2,0.67,1.91,0.00,0.00,4,0,0.00,9,99,0,71,0,96,93,0,0.00,99,4,0.00,3.83,15.32,5.33,16,9,98,91,8.62,3.00,56.25,0,0.00,99,0,0.00,0,0.00,99,0,0.00,0.00,29,1,45,55,0,0,0,0,0,24,37,51,56,0,21,4,14,14,0,0,14,9,0,0
Péter Molnár,56,N/A,N/A,NB I,2025/2026,Midfielder,MTK,90,0,90,Hungary,1,0,1,0,0,0,0,0,0,0,0,0,0,0,4,0,4,0,0,0,0,0,0,0,0,4,23,90,0,0,0,-1,-1,-1,25,14400,7.68,0,46,13.00,13.00,1,13,10.00,10,53,10.00,2,0.00,0.00,0.00,0,0.00,3.00,0.00,0.00,0,0.00,1.00,0.00,0.00,0.00,0.00,4.00,0.00,3.00,3.00,1.00,5.00,0.00,2.00,0.88,0.00,2.00,0.00,0.00,0,0,,3,3.00,95,2,2.00,99,1,1.00,71,0,0,1,5,0.00,99,0,0,0.00,8,3,29,3.00,77,0,0.00,99,0,0.00,0,0,0.00,0,0.00,9,5,5.00,98,4,4.00,80.00,0,0.00,0,0,0,0.00,0,0,0.00,0,0.00,0,N/A,N/A,N/A,N/A,0.00,0,0.00,0,0.88,0.00,0,76.92,66.67,97,99,0.00,0.00,0,99,95,0,0,0,0.00,0.00,0,20,7.68,1.00,1.00,1,0,0.00,0.00,99,0.00,0,0,0,0.00,0.00,0,0.00,0.00,1.00,1.00,1,0,33.33,98,0,0,37,0,0.02,0,0.02,0.02,0.88,99,0.88,0.88,2,0,0.00,0.00,0.00,0.00,4,0,0.88,99,99,25,71,0,97,69,0,0.00,99,2,0.00,2.00,9.00,9.00,9,6,74,40,6.00,6.00,66.67,1,1.00,26,0,0.00,0,0.00,99,0,0.00,0.00,29,1,22,15,0,0,0,0,0,24,37,51,56,0,21,4,14,14,0,0,14,7,N/A,N/A
Peter Szappanos,35,658569600,1990/11/14,NB I,2025/2026,Goalkeeper,Puskás,2070,900,1170,Hungary,23,10,13,1,1,0,1,1,0,0,0,6,2,4,27,13,14,2,0,0.09,0.04,0.04,0.1,0,2070,1.17,77,90,1035,2070,0.09,166,137,31,10,380000,6.99,0.04,47,26.52,26.52,27,610,14.48,333,2,14.48,14,0.00,0.00,0.04,1,0.00,0.00,0.00,0.00,0,0.00,0.00,0.00,0.00,3.43,0.00,0.00,4.65,0.00,0.00,0.00,0.00,0.00,0.00,0.00,0.00,0.30,0.00,0.00,0,0,,0,0.00,8,0,0.00,18,0,0.00,10,0,0,23,5,0.00,99,0,0,0.00,8,0,29,0.00,13,0,0.00,99,0,0.00,0,0,0.00,0,0.04,10,0,0.00,7,0,0.00,0.00,0,0.00,0,79,94,3.43,72,107,0.00,70,4.65,97,N/A,N/A,N/A,N/A,73.83,0,0.00,0,0.00,0.00,0,54.59,0.00,18,91,0.09,0.09,2,13,13,0,0,54,0.00,0.00,0,20,160.78,1.22,1.22,28,1,0.00,0.04,19,0.04,0,0,0,0.00,0.00,15,0.65,0.65,0.00,0.00,0,0,0.00,38,95,88,99,70,1.32,17,0.06,0.06,0.00,9,0.00,0.00,6,5,0.22,0.22,0.04,0.04,5,1,0.00,9,91,34,71,83,46,7,0,0.00,99,7,0.00,0.30,0.70,0.70,16,12,5,5,0.52,0.52,75.00,0,0.00,99,0,0.00,0,0.00,99,0,0.00,0.00,29,94,22,15,0,0,0,0,0,33,38,51,60,0,95,68,93,24,2,9,33,1,N/A,N/A
Péter Törőcsik,24,993625200,2001/06/27,NB I,2025/2026,Forward,MTK,150,39,111,Hungary,4,2,2,1,1,0,0,0,0,0,0,1,1,0,5,2,3,0,0,0.6,0,0.6,2.31,0,150,3,30,38,0,0,0,-1,-1,-1,11,48000,2.56,0,46,28.12,3.85,33,50,3.00,39,59,21.94,40,0.00,0.00,0.00,0,0.00,0.08,1.69,0.23,3,0.00,0.23,0.00,0.00,0.00,0.00,0.15,0.38,3.00,1.69,0.15,0.38,0.00,0.08,0.06,0.00,0.00,0.00,0.00,0,0,,3,0.23,71,1,0.56,69,2,1.12,77,3,3,1,67,0.00,99,0,0,0.00,8,1,99,0.56,36,0,0.00,99,0,0.00,0,0,0.00,0,0.00,9,5,2.81,88,2,1.12,40.00,0,0.00,0,0,0,0.00,0,5,0.00,0,2.81,93,N/A,N/A,N/A,N/A,0.00,0,0.00,0,0.83,0.00,0,78.00,33.33,56,99,0.00,0.00,0,87,45,0,0,0,0.00,0.00,0,20,33.32,0.00,0.00,0,0,0.00,0.00,99,0.00,0,0,0,0.00,0.00,0,0.00,0.00,0.00,0.00,0,0,33.33,98,0,0,39,0,0.07,7,0.01,0.04,0.83,95,0.06,0.47,99,11,0.85,6.19,2.25,0.31,88,4,0.47,93,2,0,71,0,46,0,0,0.00,99,0,0.00,0.00,15.19,2.08,27,15,98,91,8.44,1.15,55.56,3,1.69,7,0,100.00,0,0.00,99,1,0.08,0.56,74,1,55,70,0,0,0,0,0,94,97,51,99,0,26,65,14,14,0,0,14,16,N/A,N/A
Philippe Rommens,28,872060400,1997/08/20,NB I,2025/2026,Midfielder,Ferencváros,12,0,12,Belgium,1,0,1,0,0,0,0,0,0,0,0,0,0,0,1,0,1,0,0,0,0,0,0,0,0,7.5,12,12,0,0,0,-1,-1,-1,22,280000,2.17,0,46,67.50,3.00,99,9,2.67,8,96,60.00,99,0.00,0.00,0.33,1,0.00,0.00,7.50,0.33,1,0.00,0.00,0.00,0.00,0.00,0.00,0.00,0.33,0.00,15.00,0.67,0.00,0.00,0.00,0.04,0.00,0.00,0.00,0.00,0,0,,2,0.67,99,0,0.00,18,2,15.00,99,0,1,0,99,0.00,99,0,0,0.00,8,0,29,0.00,13,0,0.00,99,0,0.00,0,0,0.00,0,7.50,99,0,0.00,7,0,0.00,0.00,0,0.00,0,0,0,0.00,0,1,0.00,0,7.50,99,N/A,N/A,N/A,N/A,0.00,0,0.00,0,0.11,0.00,0,88.89,0.00,18,99,0.00,0.00,0,13,13,0,0,0,0.00,0.00,0,20,6.51,0.00,0.00,0,0,0.00,0.00,99,0.00,0,0,0,0.00,0.00,0,0.00,0.00,0.00,0.00,0,0,0.00,38,0,0,37,0,0.06,99,0.02,0.45,0.11,99,0.04,0.82,2,0,0.00,0.00,0.00,0.00,4,0,0.82,99,0,0,71,0,46,0,0,0.00,99,0,0.00,0.00,7.50,0.33,1,1,93,23,7.50,0.33,100.00,0,0.00,99,0,0.00,0,0.00,99,0,0.00,0.00,29,0,36,15,0,0,0,0,0,24,37,51,56,0,88,4,14,14,0,0,14,88,N/A,N/A
Quentin Maceiras,30,813308400,1995/10/10,NB I,2025/2026,Defender,Puskás,1790,811,979,Switzerland,21,10,11,1,0,1,3,2,1,0,0,5,2,3,22,10,12,5,0,0.2,0.15,0.05,0,0.09,1790,1.11,81,85,358,597,0.25,160,64,27,8,320000,6.93,0.14,77,39.12,37.05,70,778,29.43,618,66,31.07,69,0.00,0.00,1.24,26,0.00,2.43,2.51,2.38,50,0.00,0.67,0.00,0.00,0.00,1.24,0.76,0.90,0.00,0.20,0.19,1.52,0.00,0.00,0.01,0.00,1.14,0.00,0.00,0,0,,4,0.19,13,0,0.00,18,4,0.20,18,2,0,21,93,0.00,99,0,26,1.31,79,51,64,2.56,72,0,0.00,99,0,0.00,0,0,0.00,0,1.31,74,32,1.61,64,16,0.80,50.00,0,0.00,0,0,0,0.00,0,19,0.00,75,0.96,25,N/A,N/A,N/A,N/A,0.00,0,0.00,0,0.21,0.00,0,79.43,0.00,18,47,0.52,0.55,11,73,73,0,0,0,0.43,0.45,9,73,145.59,2.62,2.77,55,0,0.00,0.00,99,0.00,0,0,0,0.00,0.00,0,0.00,0.00,0.00,0.00,0,0,0.00,38,85,77,98,75,4.19,84,0.20,0.21,0.21,14,0.01,0.01,69,31,1.48,1.56,1.86,1.76,79,37,0.01,14,88,67,71,0,46,47,0,0.00,99,24,0.00,1.21,11.46,10.86,228,119,74,68,5.98,5.67,52.19,14,0.70,43,0,23.53,0,0.00,99,12,0.57,0.60,76,89,22,55,0,0,0,0,0,55,40,53,56,0,91,59,54,61,5,24,79,23,N/A,N/A
Rajmund Molnár,23,1030518000,2002/08/28,NB I,2025/2026,Forward,MTK,359,296,63,Hungary,5,4,1,5,5,0,0,0,0,0,0,1,1,0,11,10,1,1,0,1.25,0,1.25,1.52,0,72,2.76,33,72,359,0,0.25,1,206,-1,2,0,7.77,0,46,25.33,19.00,23,76,14.25,57,45,19.00,29,0.00,0.00,0.75,3,0.00,2.75,1.00,0.75,3,0.00,0.50,0.00,0.00,0.00,0.25,0.00,0.50,3.00,4.00,0.50,1.75,0.00,2.50,0.93,0.00,0.50,0.00,0.00,0,0,,12,3.00,99,10,3.33,99,2,0.67,51,1,0,5,29,0.00,99,0,1,0.33,23,11,29,3.67,82,0,0.00,99,0,0.00,0,0,0.00,0,1.00,63,7,2.33,84,0,0.00,0.00,0,0.00,0,0,0,0.00,0,2,0.00,0,0.67,5,N/A,N/A,N/A,N/A,0.00,0,0.00,0,3.73,0.00,0,75.00,83.33,98,71,0.25,0.33,1,13,13,2,0,0,0.00,0.00,0,20,31.06,0.50,0.67,2,0,0.00,0.00,99,0.00,0,2,1,0.25,0.33,0,0.00,0.00,0.33,0.25,1,1,33.33,98,0,0,37,0,0.22,22,0.06,0.07,2.33,99,0.58,0.78,41,3,0.75,1.00,1.33,1.00,54,4,1.24,99,99,12,99,0,80,23,0,0.00,99,2,0.00,0.67,7.67,5.75,23,8,10,24,2.67,2.00,34.78,2,0.67,46,0,0.00,0,0.00,99,0,0.00,0.00,29,10,22,35,0,0,0,0,0,99,99,51,99,0,21,51,54,61,1,20,69,9,0,0
Ranko Jokić,26,924764400,1999/04/22,NB I,2025/2026,Defender,Nyíregyháza Spartacus,136,90,46,Serbia,2,1,1,0,0,0,0,0,0,0,0,0,0,0,5,4,1,2,0,0,0,0,0,0,0,3.31,27,68,68,0,1.32,-1,-1,-1,24,0,1.21,0,46,29.87,4.69,38,75,3.94,63,83,25.09,50,0.00,0.00,0.00,0,0.00,0.00,1.19,0.19,3,0.00,0.19,0.00,0.00,0.00,0.12,0.00,0.00,0.00,0.00,0.00,0.00,0.00,0.00,0.00,0.00,0.31,0.00,0.00,0,0,,0,0.00,8,0,0.00,18,0,0.00,10,1,0,2,38,0.00,99,0,2,0.80,54,0,29,0.00,13,0,0.00,99,0,0.00,0,0,0.00,0,0.00,9,0,0.00,7,0,0.00,0.00,0,0.00,0,0,0,0.00,0,0,0.00,0,0.00,0,N/A,N/A,N/A,N/A,0.00,0,0.00,0,0.00,0.00,0,84.00,0.00,18,25,0.12,0.80,2,13,13,0,0,0,0.06,0.40,1,67,19.28,0.75,4.78,12,0,0.00,0.00,99,0.00,0,0,0,0.00,0.00,0,0.00,0.00,0.00,0.00,0,0,0.00,38,0,0,37,0,0.13,11,0.01,0.05,0.00,9,0.00,0.00,51,3,0.19,1.19,1.99,0.31,83,5,0.00,9,0,83,71,0,46,69,0,0.00,99,5,0.00,1.99,9.16,1.44,23,11,35,42,4.38,0.69,47.83,3,1.19,19,0,0.00,0,0.00,99,0,0.00,0.00,29,2,22,35,0,0,0,0,0,24,37,51,56,0,21,4,14,99,2,100,99,3,0,0
Raúl Martín Stefan,21,1086937200,2004/06/11,NB I,2025/2026,Midfielder,Várda SE,0,0,0,Spain,0,0,0,0,0,0,0,0,0,0,0,0,0,0,0,0,0,0,0,0,0,0,0,0,0,0,0,0,0,0,0,-1,-1,-1,-1,N/A,N/A,N/A,N/A,N/A,N/A,N/A,N/A,N/A,N/A,N/A,N/A,N/A,N/A,N/A,N/A,N/A,N/A,N/A,N/A,N/A,N/A,N/A,N/A,N/A,N/A,N/A,N/A,N/A,N/A,N/A,N/A,N/A,N/A,N/A,N/A,N/A,N/A,N/A,N/A,N/A,N/A,N/A,N/A,N/A,N/A,N/A,N/A,N/A,N/A,N/A,N/A,N/A,N/A,N/A,N/A,N/A,N/A,N/A,N/A,N/A,N/A,N/A,N/A,N/A,N/A,N/A,N/A,N/A,N/A,N/A,N/A,N/A,N/A,N/A,N/A,N/A,N/A,N/A,N/A,N/A,N/A,N/A,N/A,N/A,N/A,N/A,N/A,N/A,N/A,N/A,N/A,N/A,N/A,N/A,N/A,N/A,N/A,N/A,N/A,N/A,N/A,N/A,N/A,N/A,N/A,N/A,N/A,N/A,N/A,N/A,N/A,N/A,N/A,N/A,N/A,N/A,N/A,N/A,N/A,N/A,N/A,N/A,N/A,N/A,N/A,N/A,N/A,N/A,N/A,N/A,N/A,N/A,N/A,N/A,N/A,N/A,N/A,N/A,N/A,N/A,N/A,N/A,N/A,N/A,N/A,N/A,N/A,N/A,N/A,N/A,N/A,N/A,N/A,N/A,N/A,N/A,N/A,N/A,N/A,N/A,N/A,N/A,N/A,N/A,N/A,N/A,N/A,N/A,N/A,N/A,N/A,N/A,N/A,N/A,N/A,N/A,N/A,N/A,N/A,N/A,N/A,N/A,N/A,N/A,N/A,N/A,N/A,N/A,N/A,N/A,N/A,N/A,N/A,N/A,N/A,N/A,N/A,N/A,N/A,N/A,N/A,N/A,N/A,N/A,N/A,N/A,N/A,N/A,N/A,N/A,N/A,N/A,N/A,N/A,N/A,N/A,N/A,N/A,N/A,N/A,N/A,N/A,N/A
Riccardo Piscitelli,32,750236400,1993/10/10,NB I,2025/2026,Goalkeeper,Újpest,1080,630,450,Italy,12,7,5,0,0,0,0,0,0,0,0,1,0,1,20,12,8,0,0,0,0,0,0,0,0,1.67,54,90,0,0,0,268,188,66,23,338000,3.44,0,46,31.25,15.62,43,375,10.83,260,22,21.67,39,0.00,0.00,0.00,0,0.00,0.00,0.08,0.04,1,0.00,0.04,0.00,0.00,1.71,0.00,0.00,2.58,0.00,0.00,0.00,0.00,0.00,0.00,0.00,0.00,0.12,0.00,0.00,0,0,,0,0.00,8,0,0.00,18,0,0.00,10,0,0,12,7,0.00,99,0,0,0.00,8,0,29,0.00,13,0,0.00,99,0,0.00,0,0,0.00,0,0.00,9,0,0.00,7,0,0.00,0.00,0,0.00,0,41,28,3.42,67,62,0.00,27,5.17,98,N/A,N/A,N/A,N/A,66.13,0,0.00,0,0.00,0.00,0,69.33,0.00,18,99,0.00,0.00,0,13,13,0,0,26,0.00,0.00,0,20,82.64,0.33,0.67,8,0,0.00,0.00,99,0.00,0,0,0,0.00,0.00,2,0.08,0.17,0.00,0.00,0,0,0.00,38,53,24,37,27,0.65,11,0.03,0.05,0.00,9,0.00,0.00,5,2,0.08,0.17,0.00,0.00,4,0,0.00,9,7,12,71,17,46,5,0,0.00,99,3,0.00,0.25,0.67,0.33,8,6,4,4,0.50,0.25,75.00,1,0.08,86,0,0.00,0,0.00,99,0,0.00,0.00,29,55,22,15,0,0,0,0,0,24,37,51,56,0,93,13,14,14,0,0,14,1,N/A,N/A
Róbert Polievka,29,834303600,1996/06/09,NB I,2025/2026,Forward,MTK,870,442,428,Slovakia,17,9,8,3,2,1,2,0,2,0,0,2,2,0,23,12,11,0,0,0.52,0.21,0.31,0.41,0.21,290,2.38,38,51,0,435,0,42,36,-1,4,374400,5.49,0.12,88,19.63,8.86,10,195,5.77,127,9,12.79,10,0.00,0.00,0.64,14,0.00,0.86,0.30,0.14,3,0.00,0.45,0.00,0.00,0.00,0.09,0.59,1.05,10.33,3.12,0.95,1.09,0.00,0.45,0.18,0.00,0.32,0.00,0.00,0,0,,31,1.41,96,10,1.01,88,21,2.11,98,1,7,10,8,0.00,99,0,2,0.20,15,19,44,1.91,66,0,0.00,99,0,0.00,0,0,0.00,0,1.41,76,24,2.42,86,13,1.31,54.17,0,0.00,0,0,0,0.00,0,23,0.00,1,2.32,93,N/A,N/A,N/A,N/A,0.00,0,0.00,0,3.91,0.00,0,65.13,32.26,49,24,0.36,0.81,8,90,78,0,0,0,0.00,0.00,0,20,120.82,0.45,1.01,10,0,0.00,0.00,99,0.00,0,0,0,0.00,0.00,0,0.00,0.00,0.50,0.23,5,0,9.68,57,38,51,52,2,1.95,80,0.09,0.20,3.91,91,0.18,0.39,42,10,0.45,1.01,1.11,0.50,40,11,0.39,90,42,26,71,0,89,25,0,0.00,99,7,0.00,0.70,8.15,3.68,81,31,14,28,3.12,1.41,38.27,10,1.01,26,0,15.79,0,0.00,99,3,0.14,0.30,60,45,80,35,0,0,0,0,0,88,86,70,89,0,95,24,14,14,0,0,14,17,N/A,N/A
Roland Orján,56,N/A,N/A,NB I,2025/2026,Defender,Puskás,0,0,0,Hungary,0,0,0,0,0,0,0,0,0,0,0,0,0,0,0,0,0,0,0,0,0,0,0,0,0,0,0,0,0,0,0,-1,-1,-1,-1,N/A,N/A,N/A,N/A,N/A,N/A,N/A,N/A,N/A,N/A,N/A,N/A,N/A,N/A,N/A,N/A,N/A,N/A,N/A,N/A,N/A,N/A,N/A,N/A,N/A,N/A,N/A,N/A,N/A,N/A,N/A,N/A,N/A,N/A,N/A,N/A,N/A,N/A,N/A,N/A,N/A,N/A,N/A,N/A,N/A,N/A,N/A,N/A,N/A,N/A,N/A,N/A,N/A,N/A,N/A,N/A,N/A,N/A,N/A,N/A,N/A,N/A,N/A,N/A,N/A,N/A,N/A,N/A,N/A,N/A,N/A,N/A,N/A,N/A,N/A,N/A,N/A,N/A,N/A,N/A,N/A,N/A,N/A,N/A,N/A,N/A,N/A,N/A,N/A,N/A,N/A,N/A,N/A,N/A,N/A,N/A,N/A,N/A,N/A,N/A,N/A,N/A,N/A,N/A,N/A,N/A,N/A,N/A,N/A,N/A,N/A,N/A,N/A,N/A,N/A,N/A,N/A,N/A,N/A,N/A,N/A,N/A,N/A,N/A,N/A,N/A,N/A,N/A,N/A,N/A,N/A,N/A,N/A,N/A,N/A,N/A,N/A,N/A,N/A,N/A,N/A,N/A,N/A,N/A,N/A,N/A,N/A,N/A,N/A,N/A,N/A,N/A,N/A,N/A,N/A,N/A,N/A,N/A,N/A,N/A,N/A,N/A,N/A,N/A,N/A,N/A,N/A,N/A,N/A,N/A,N/A,N/A,N/A,N/A,N/A,N/A,N/A,N/A,N/A,N/A,N/A,N/A,N/A,N/A,N/A,N/A,N/A,N/A,N/A,N/A,N/A,N/A,N/A,N/A,N/A,N/A,N/A,N/A,N/A,N/A,N/A,N/A,N/A,N/A,N/A,N/A,N/A,N/A,N/A,N/A,N/A,N/A,N/A,N/A,N/A,N/A,N/A,N/A,N/A,N/A,N/A,N/A,N/A,N/A
Roland Patrik Lehoczky,23,1019199600,2002/04/19,NB I,2025/2026,Defender,MTK,94,23,71,Hungary,3,1,2,0,0,0,0,0,0,0,0,0,0,0,4,3,1,1,0,0,0,0,0,0,0,3.83,24,31,94,0,0.96,-1,-1,-1,17,60000,0.96,0,46,49.44,2.79,88,39,2.21,31,66,39.30,84,0.00,0.00,0.07,1,0.00,0.00,2.54,0.14,2,0.00,0.00,0.00,0.00,0.00,0.14,0.00,0.07,0.00,1.27,0.07,0.00,0.00,0.00,0.00,0.00,0.14,0.00,0.00,0,0,,1,0.07,60,0,0.00,18,1,1.27,83,4,2,1,93,0.00,99,0,2,2.54,99,0,29,0.00,13,0,0.00,99,0,0.00,0,0,0.00,0,1.27,72,0,0.00,7,0,0.00,0.00,0,0.00,0,0,0,0.00,0,1,0.00,0,1.27,52,N/A,N/A,N/A,N/A,0.00,0,0.00,0,0.04,0.00,0,79.49,0.00,18,99,0.00,0.00,0,13,13,0,0,0,0.07,1.27,1,98,13.49,0.14,2.54,2,0,0.00,0.00,99,0.00,0,0,0,0.00,0.00,0,0.00,0.00,1.27,0.07,1,0,0.00,38,0,0,37,0,0.09,47,0.01,0.11,0.04,28,0.00,0.05,2,0,0.00,0.00,1.27,0.07,48,1,0.05,28,0,63,71,0,98,75,0,0.00,99,2,0.00,2.54,6.34,0.36,5,4,49,12,5.07,0.29,80.00,0,0.00,99,0,0.00,0,0.00,99,0,0.00,0.00,29,1,45,83,0,0,0,0,0,24,37,51,56,0,29,4,14,99,1,33,93,5,N/A,N/A
Roland Szolnoki,34,695980800,1992/01/21,NB I,2025/2026,Defender,Puskás,754,184,570,Hungary,14,4,10,0,0,0,0,0,0,0,0,5,1,4,9,3,6,7,0,0,0,0,0,0,0,1.07,84,54,108,0,0.84,251,163,22,16,160000,3.73,0,46,27.66,11.05,31,232,6.86,144,6,17.17,22,0.00,0.00,0.05,1,0.00,0.10,0.95,0.38,8,0.00,0.05,0.00,0.00,0.00,0.48,0.00,0.43,0.00,0.24,0.10,0.10,0.00,0.00,0.00,0.00,1.14,0.00,0.00,0,0,,2,0.10,15,0,0.00,18,2,0.24,20,1,5,9,27,0.00,99,0,10,1.19,76,2,29,0.24,24,0,0.00,99,0,0.00,0,0,0.00,0,0.12,14,2,0.24,17,0,0.00,0.00,0,0.00,0,0,0,0.00,0,9,0.00,81,1.07,35,N/A,N/A,N/A,N/A,0.00,0,0.00,0,0.10,0.00,0,62.07,0.00,18,69,0.14,0.36,3,13,13,0,0,0,0.33,0.83,7,92,78.38,2.00,5.01,42,0,0.00,0.00,99,0.00,0,0,0,0.00,0.00,0,0.00,0.00,0.12,0.05,1,0,0.00,38,31,35,37,80,0.29,3,0.01,0.03,0.10,14,0.00,0.01,39,8,0.38,0.95,2.15,0.86,86,18,0.01,14,10,84,71,0,59,83,0,0.00,99,24,0.00,2.86,10.13,4.05,85,40,43,54,4.77,1.90,47.06,1,0.12,83,0,0.00,0,0.00,99,0,0.00,0.00,29,39,69,35,0,0,0,0,0,24,37,51,56,0,66,93,14,99,7,50,99,22,N/A,N/A
Ronald Schuszter,23,1032332400,2002/09/18,NB I,2025/2026,Midfielder,Kazincbarcika,492,274,218,Hungary,15,9,6,0,0,0,0,0,0,0,0,2,1,1,11,6,5,1,0,0,0,0,0,0,0,2.01,45,33,492,0,0.18,265,142,-1,35,46000,3.38,0,46,33.75,7.44,53,186,5.44,136,35,24.68,50,0.00,0.00,0.32,8,0.00,0.04,1.45,0.32,8,0.00,0.16,0.00,0.00,0.00,0.12,0.00,0.40,0.00,0.73,0.12,0.20,0.00,0.04,0.01,0.00,0.12,0.00,0.00,0,0,,4,0.16,39,1,0.18,35,3,0.54,41,2,10,5,54,0.00,99,0,3,0.54,34,1,29,0.18,20,0,0.00,99,0,0.00,0,0,0.00,0,1.45,77,5,0.91,42,0,0.00,0.00,0,0.00,0,0,0,0.00,0,10,0.00,8,1.81,83,N/A,N/A,N/A,N/A,0.00,0,0.00,0,0.31,0.00,0,73.12,25.00,38,3,0.32,1.45,8,13,13,0,0,0,0.04,0.18,1,45,84.60,0.08,0.36,2,0,0.00,0.00,99,0.00,0,0,0,0.00,0.00,0,0.00,0.00,0.00,0.00,0,0,0.00,38,8,39,37,8,0.69,57,0.03,0.13,0.31,32,0.01,0.06,64,8,0.32,1.45,0.54,0.12,12,3,0.06,31,6,3,71,0,46,19,0,0.00,99,3,0.00,0.54,7.80,1.72,43,19,19,26,3.45,0.76,44.19,4,0.73,42,0,0.00,0,0.00,99,0,0.00,0.00,29,10,91,55,0,0,0,0,0,24,37,51,56,0,24,30,69,46,1,7,24,18,N/A,N/A
Rudi Vancaš Požeg,32,763718400,1994/03/15,NB I,2025/2026,Midfielder,Diósgyőr,107,61,46,Slovenia,2,1,1,1,1,0,0,0,0,0,0,0,0,0,5,1,4,0,0,0.84,0,0.84,1.48,0,107,4.21,21,54,0,0,0,-1,-1,-1,7,0,7.58,0,46,31.12,18.50,41,37,15.50,31,83,26.07,54,0.00,0.00,1.50,3,0.00,2.50,0.00,0.00,0,0.00,0.00,0.00,0.00,0.00,0.00,1.00,0.00,2.00,1.68,0.50,1.00,0.00,0.50,0.38,0.00,0.50,0.00,0.00,0,0,,2,1.00,71,1,0.84,82,1,0.84,61,1,0,2,5,0.00,99,0,0,0.00,8,5,29,4.21,86,0,0.00,99,0,0.00,0,0,0.00,0,2.52,97,2,1.68,67,2,1.68,100.00,0,0.00,0,0,0,0.00,0,0,0.00,0,0.00,0,N/A,N/A,N/A,N/A,0.00,0,0.00,0,0.75,0.00,0,83.78,50.00,89,22,0.50,0.84,1,93,99,0,0,0,0.00,0.00,0,20,15.16,0.00,0.00,0,0,0.00,0.00,99,0.00,0,0,0,0.00,0.00,0,0.00,0.00,0.84,0.50,1,0,50.00,99,0,0,37,0,0.19,67,0.10,0.16,0.75,98,0.38,0.63,98,4,2.00,3.36,1.68,1.00,72,2,0.63,98,99,0,71,0,96,33,0,0.00,99,1,0.00,0.84,10.09,6.00,12,7,71,53,5.89,3.50,58.33,0,0.00,99,0,0.00,0,0.00,99,0,0.00,0.00,29,2,22,35,0,0,0,0,0,99,99,51,99,0,21,4,14,14,0,0,14,94,0,0
Samsindin Ouro,26,951984000,2000/03/02,NB I,2025/2026,Midfielder,Győri ETO,191,0,191,Germany,3,0,3,1,0,1,0,0,0,0,0,0,0,0,5,0,5,0,0,0.47,0,0.47,0,0.47,191,2.36,38,64,0,0,0,-1,-1,-1,14,0,6.51,0,46,18.98,15.50,8,31,13.00,26,83,15.92,17,0.00,0.00,0.50,1,0.00,1.50,1.84,1.50,3,0.00,1.50,0.00,0.00,0.00,0.50,0.50,1.50,2.00,1.22,0.50,1.00,0.00,0.50,0.36,0.00,0.50,0.00,0.00,0,0,,2,1.00,59,1,0.61,70,1,0.61,45,3,1,2,71,0.00,99,0,1,0.61,41,3,29,1.84,65,0,0.00,99,0,0.00,0,0,0.00,0,0.61,41,2,1.22,53,1,0.61,50.00,0,0.00,0,0,0,0.00,0,3,0.00,2,1.84,84,N/A,N/A,N/A,N/A,0.00,0,0.00,0,0.72,0.00,0,83.87,50.00,89,41,0.50,0.61,1,60,73,1,0,0,0.00,0.00,0,20,13.01,0.50,0.61,1,0,0.00,0.00,99,0.00,0,1,0,0.00,0.00,0,0.00,0.00,0.61,0.50,1,0,50.00,99,0,0,41,2,0.08,11,0.04,0.05,0.02,14,0.01,0.01,52,2,1.00,1.22,2.45,2.00,90,4,0.44,90,69,11,71,0,93,21,0,0.00,99,1,0.00,0.61,10.41,8.50,17,7,33,57,4.29,3.50,41.18,3,1.84,5,0,0.00,0,0.00,99,0,0.00,0.00,29,2,36,70,0,0,0,0,0,84,95,93,56,0,21,4,14,14,0,0,14,44,0,0
Samuel Petráš,26,923727600,1999/04/10,NB I,2025/2026,Goalkeeper,Győri ETO,1440,810,630,Slovakia,16,9,7,0,0,0,0,0,0,0,0,6,4,2,16,6,10,0,0,0,0,0,0,0,0,1,90,90,0,0,0,169,238,15,23,180000,4.10,0,46,29.47,17.68,36,442,13.68,342,55,22.80,41,0.00,0.00,0.04,1,0.00,0.00,0.00,0.00,0,0.00,0.00,0.00,0.00,1.28,0.00,0.00,1.84,0.00,0.00,0.00,0.00,0.00,0.00,0.00,0.00,0.08,0.00,0.00,0,0,,0,0.00,8,0,0.00,18,0,0.00,10,0,0,16,5,0.00,99,0,0,0.00,8,0,29,0.00,13,0,0.00,99,0,0.00,0,0,0.00,0,0.07,11,0,0.00,7,0,0.00,0.00,0,0.00,0,32,56,2.13,6,46,0.00,86,3.07,93,N/A,N/A,N/A,N/A,69.57,0,0.00,0,0.00,0.00,0,77.38,0.00,18,99,0.00,0.00,0,13,13,0,0,19,0.00,0.00,0,20,102.47,0.28,0.47,7,0,0.00,0.00,99,0.00,0,0,0,0.00,0.00,2,0.08,0.13,0.00,0.00,0,0,0.00,38,74,46,37,86,0.63,7,0.03,0.04,0.00,9,0.00,0.00,4,2,0.08,0.13,0.00,0.00,4,0,0.00,9,15,7,71,11,46,3,0,0.00,99,2,0.00,0.13,0.33,0.20,5,4,2,2,0.27,0.16,80.00,0,0.00,99,0,0.00,0,0.00,99,0,0.00,0.00,29,73,22,15,0,0,0,0,0,24,37,51,56,0,71,97,14,14,0,0,14,99,N/A,N/A
Semir Smajlagić,27,906102000,1998/09/18,NB I,2025/2026,Forward,Kazincbarcika,137,136,1,Bosnia and Herzegovina,5,2,3,0,0,0,0,0,0,0,0,0,0,0,5,5,0,1,0,0,0,0,0,0,0,3.28,27,27,137,0,0.66,-1,-1,-1,20,115000,1.61,0,46,17.48,3.38,6,27,2.50,20,39,12.95,10,0.00,0.00,0.38,3,0.00,0.25,1.94,0.38,3,0.00,0.25,0.00,0.00,0.00,0.00,0.00,0.88,0.00,2.59,0.38,0.50,0.00,0.12,0.04,0.00,0.38,0.00,0.00,0,0,,4,0.50,90,1,0.65,72,3,1.94,96,6,3,2,75,0.00,99,0,0,0.00,8,2,29,1.29,57,0,0.00,99,0,0.00,0,0,0.00,0,1.94,90,4,2.59,87,0,0.00,0.00,0,0.00,0,0,0,0.00,0,7,0.00,0,4.53,96,N/A,N/A,N/A,N/A,0.00,0,0.00,0,0.28,0.00,0,74.07,25.00,38,34,0.12,0.65,1,13,13,0,0,0,0.00,0.00,0,20,12.88,0.62,3.24,5,0,0.00,0.00,99,0.00,0,0,0,0.00,0.00,0,0.00,0.00,0.65,0.12,1,0,0.00,38,0,0,37,0,0.18,50,0.02,0.12,0.28,66,0.04,0.18,22,1,0.12,0.65,1.29,0.25,51,2,0.18,63,0,72,71,0,93,67,0,0.00,99,3,0.00,1.94,21.37,4.12,33,7,38,99,4.53,0.88,21.21,2,1.29,16,0,0.00,0,0.00,99,0,0.00,0.00,29,2,55,92,0,0,0,0,0,24,37,51,56,0,48,4,16,98,1,20,69,9,N/A,N/A
Senna Miangue,29,855129600,1997/02/05,NB I,2025/2026,Defender,Győri ETO,187,92,95,Belgium,5,2,3,0,0,0,1,0,1,0,0,1,1,0,2,1,1,1,0,0.48,0.48,0,0,0,0,0.96,94,37,187,187,0.48,-1,-1,-1,26,204000,1.38,0.2,99,66.43,10.33,99,155,8.00,120,56,51.43,97,0.00,0.00,0.13,2,0.00,0.00,2.57,0.40,6,0.00,0.00,0.00,0.00,0.00,0.13,0.20,0.13,0.00,0.00,0.00,0.20,0.00,0.00,0.00,0.00,1.07,0.00,0.00,0,0,,0,0.00,8,0,0.00,18,0,0.00,10,0,3,2,93,0.00,99,0,2,0.86,57,0,29,0.00,13,0,0.00,99,0,0.00,0,0,0.00,0,0.86,53,3,1.29,55,3,1.29,100.00,0,0.00,0,0,0,0.00,0,2,0.00,89,0.86,15,N/A,N/A,N/A,N/A,0.00,0,0.00,0,0.00,0.00,0,77.42,0.00,18,61,0.07,0.43,1,90,99,0,0,0,0.00,0.00,0,20,20.72,0.67,4.29,10,0,0.00,0.00,99,0.00,0,0,0,0.00,0.00,0,0.00,0.00,0.00,0.00,0,0,0.00,38,0,0,37,89,0.91,98,0.06,0.39,0.00,9,0.00,0.00,35,2,0.13,0.86,2.14,0.33,85,5,0.00,9,0,79,71,0,46,99,0,0.00,99,16,0.00,6.86,14.14,2.20,33,26,99,86,11.14,1.73,78.79,0,0.00,99,0,0.00,0,0.00,99,0,0.00,0.00,29,2,55,15,0,0,0,0,0,84,37,51,56,0,77,51,24,89,1,20,69,18,N/A,N/A
Sinan Medgyes,32,741423600,1993/06/30,NB I,2025/2026,Midfielder,Várda SE,584,329,255,Hungary,15,8,7,0,0,0,0,0,0,0,0,3,2,1,12,4,8,0,0,0,0,0,0,0,0,1.85,49,39,0,0,0,263,239,-1,22,120000,4.16,0,46,39.93,11.82,71,260,8.59,189,34,29.03,62,0.00,0.00,0.09,2,0.00,0.82,3.38,1.00,22,0.00,0.23,0.00,0.00,0.00,0.27,0.18,0.50,0.00,0.31,0.09,0.27,0.00,0.00,0.01,0.00,0.23,0.00,0.00,0,0,,2,0.09,19,0,0.00,18,2,0.31,27,1,8,7,99,0.00,99,0,6,0.92,62,18,76,2.76,74,0,0.00,99,0,0.00,0,0,0.00,0,0.31,25,6,0.92,43,4,0.61,66.67,0,0.00,0,0,0,0.00,0,11,0.00,14,1.69,80,N/A,N/A,N/A,N/A,0.00,0,0.00,0,0.11,0.00,0,72.69,0.00,18,12,0.32,1.08,7,60,90,0,0,0,0.09,0.31,2,59,91.59,0.68,2.30,15,0,0.00,0.00,99,0.00,0,0,0,0.00,0.00,0,0.00,0.00,0.00,0.00,0,0,0.00,38,15,39,37,16,0.42,17,0.02,0.06,0.11,19,0.01,0.02,30,5,0.23,0.77,0.61,0.18,14,4,0.02,19,16,60,71,0,46,28,0,0.00,99,5,0.00,0.77,8.60,2.55,56,35,56,34,5.38,1.59,62.50,5,0.77,38,0,27.78,0,0.00,99,5,0.23,0.77,82,22,84,35,0,0,0,0,0,24,37,51,56,0,50,51,14,14,0,0,14,23,N/A,N/A
Siniša Saničanin,30,798706800,1995/04/24,NB I,2025/2026,Defender,Diósgyőr,65,0,65,Bosnia and Herzegovina,1,0,1,0,0,0,0,0,0,0,0,0,0,0,3,0,3,2,1,0,0,0,0,0,0,4.15,22,65,33,0,2.77,-1,-1,-1,30,0,5.10,0,46,45.69,33.00,81,33,30.00,30,99,41.54,87,0.00,0.00,0.00,0,0.00,0.00,0.00,0.00,0,0.00,0.00,0.00,0.00,0.00,0.00,0.00,0.00,0.00,1.38,1.00,0.00,0.00,0.00,0.05,0.00,1.00,0.00,0.00,0,0,,1,1.00,64,0,0.00,18,1,1.38,88,0,0,1,5,0.00,99,0,0,0.00,8,0,29,0.00,13,0,0.00,99,0,0.00,0,0,0.00,0,0.00,9,0,0.00,7,0,0.00,0.00,0,0.00,0,0,0,0.00,0,0,0.00,0,0.00,0,N/A,N/A,N/A,N/A,0.00,0,0.00,0,0.05,0.00,0,90.91,0.00,18,99,0.00,0.00,0,13,13,0,0,0,1.00,1.38,1,99,5.10,3.00,4.15,3,0,0.00,0.00,99,0.00,0,0,0,0.00,0.00,0,0.00,0.00,0.00,0.00,0,0,0.00,38,0,0,37,0,0.07,43,0.07,0.10,0.05,34,0.05,0.07,2,0,0.00,0.00,2.77,2.00,95,2,0.07,34,34,78,71,0,46,53,0,0.00,99,1,0.00,1.38,6.92,5.00,5,1,7,17,1.38,1.00,20.00,0,0.00,99,0,0.00,0,0.00,99,0,0.00,0.00,29,1,22,15,0,0,0,0,0,24,37,51,56,0,21,4,14,99,1,100,99,15,0,0
Sodiq Anthony Rasheed,25,957078000,2000/04/30,NB I,2025/2026,Defender,Kazincbarcika,1299,849,450,Nigeria,16,10,6,0,0,0,0,0,0,0,0,2,1,1,26,15,11,4,0,0,0,0,0,0,0,1.8,50,81,325,0,0.28,179,159,75,27,400000,6.11,0,46,32.01,28.67,47,430,22.93,344,69,25.61,53,0.00,0.00,0.00,0,0.00,0.00,1.86,1.67,25,0.00,0.00,0.00,0.00,0.00,0.73,0.13,1.93,0.00,0.30,0.27,0.27,0.00,0.00,0.01,0.00,2.07,0.00,0.00,0,0,,4,0.27,17,0,0.00,18,4,0.30,25,1,1,15,72,0.00,99,0,11,0.82,55,0,29,0.00,13,0,0.00,99,0,0.00,0,0,0.00,0,0.00,9,4,0.30,18,2,0.15,50.00,0,0.00,0,0,0,0.00,0,29,0.00,17,2.16,91,N/A,N/A,N/A,N/A,0.00,0,0.00,0,0.21,0.00,0,80.00,0.00,18,60,0.40,0.45,6,25,73,0,0,0,1.13,1.27,17,98,91.70,5.13,5.73,77,0,0.00,0.00,99,0.00,0,0,0,0.00,0.00,0,0.00,0.00,0.00,0.00,0,0,0.00,38,65,46,37,17,0.68,11,0.05,0.05,0.21,19,0.01,0.02,14,6,0.40,0.45,0.60,0.53,13,8,0.02,19,55,88,71,0,46,74,0,0.00,99,31,0.00,2.31,7.89,7.07,106,63,39,27,4.69,4.20,59.43,0,0.00,99,0,0.00,0,0.00,99,0,0.00,0.00,29,69,36,35,0,0,0,0,0,24,37,51,56,0,96,30,47,68,4,25,85,14,N/A,N/A
Soma Novothny,31,771750000,1994/06/16,NB I,2025/2026,Forward,Várda SE,1302,651,651,Hungary,25,12,13,2,1,1,1,0,1,0,0,8,5,3,22,10,12,2,0,0.21,0.07,0.14,0.14,0.14,651,1.52,59,52,651,1302,0.14,104,120,-1,8,130000,6.43,0.04,56,15.53,8.65,3,225,5.92,154,19,10.63,3,0.00,0.00,0.27,7,0.00,0.12,1.17,0.65,17,0.00,0.12,0.00,0.00,0.00,0.12,0.04,0.65,11.00,1.52,0.65,0.23,0.00,0.19,0.11,0.00,1.69,0.00,0.00,0,0,,22,0.85,68,5,0.35,53,17,1.17,79,5,11,14,37,0.00,99,0,3,0.21,16,3,85,0.21,22,0,0.00,99,0,0.00,0,0,0.00,0,0.48,33,6,0.41,22,1,0.07,16.67,0,0.00,0,0,0,0.00,0,17,0.00,39,1.17,46,N/A,N/A,N/A,N/A,0.00,0,0.00,0,2.77,0.00,0,68.44,22.73,28,76,0.15,0.28,4,15,16,0,0,0,0.12,0.21,3,50,167.18,0.65,1.17,17,0,0.00,0.00,99,0.00,0,0,1,0.04,0.07,0,0.00,0.00,0.21,0.12,3,0,9.09,56,66,97,75,40,1.14,31,0.04,0.08,2.77,67,0.11,0.19,76,27,1.04,1.86,1.31,0.73,52,19,0.19,64,67,33,83,0,74,86,0,0.00,99,44,0.00,3.04,11.53,6.42,167,87,74,69,6.00,3.35,52.10,3,0.21,78,0,33.33,0,0.00,99,1,0.04,0.07,34,64,93,88,0,0,0,0,0,57,63,62,68,0,55,81,81,35,2,8,29,86,N/A,N/A
Soma Szuhodovszki,26,946540800,1999/12/30,NB I,2025/2026,Midfielder,Debrecen,856,390,466,Hungary,16,8,8,2,0,2,2,1,1,0,0,5,2,3,13,6,7,4,0,0.42,0.21,0.21,0,0.39,428,1.37,66,54,214,428,0.42,65,38,-1,6,190000,4.75,0.12,88,28.49,11.78,34,271,9.61,221,74,23.24,43,0.00,0.00,0.65,15,0.00,0.30,1.37,0.57,13,0.00,0.61,0.00,0.00,0.00,0.17,0.39,0.48,8.50,1.79,0.52,0.83,0.00,0.22,0.10,0.00,0.39,0.00,0.00,0,0,,17,0.74,74,5,0.53,66,12,1.26,83,3,5,11,48,0.00,99,0,4,0.42,29,7,93,0.74,43,0,0.00,99,0,0.00,0,0,0.00,0,1.58,82,19,2.00,76,9,0.95,47.37,0,0.00,0,0,0,0.00,0,11,0.00,51,1.16,45,N/A,N/A,N/A,N/A,0.00,0,0.00,0,2.39,0.00,0,81.55,29.41,43,39,0.26,0.63,6,79,64,0,0,0,0.04,0.11,1,30,109.16,0.17,0.42,4,0,0.00,0.00,99,0.00,0,0,0,0.00,0.00,0,0.00,0.00,0.21,0.09,2,0,11.76,66,37,46,61,53,2.20,87,0.10,0.23,2.39,77,0.10,0.25,72,16,0.70,1.68,1.37,0.57,57,13,0.25,74,28,6,71,0,74,38,0,0.00,99,9,0.00,0.95,10.93,4.52,104,46,45,63,4.84,2.00,44.23,14,1.47,11,0,42.86,0,0.00,99,3,0.13,0.32,61,49,69,70,0,0,0,0,0,80,77,89,56,0,74,79,29,85,4,25,85,13,N/A,N/A
Ștefan Bîtca,20,1127804400,2005/09/27,NB I,2025/2026,Midfielder,Zalaegerszegi TE,193,88,105,Moldova,4,1,3,0,0,0,1,0,1,0,0,1,1,0,2,0,2,1,0,0.47,0.47,0,0,0,0,0.93,97,48,193,193,0.47,-1,-1,-1,15,0,3.89,0.25,99,22.38,6.86,13,48,5.14,36,45,16.79,20,0.00,0.00,0.86,6,0.00,1.71,2.80,0.86,6,0.00,0.14,0.00,0.00,0.00,0.57,0.00,0.29,0.00,1.40,0.29,0.14,0.00,0.14,0.03,0.00,0.14,0.00,0.00,0,0,,3,0.43,65,1,0.47,63,2,0.93,68,1,2,2,96,0.00,99,0,4,1.87,97,12,85,5.60,92,0,0.00,99,0,0.00,0,0,0.00,0,2.80,99,1,0.47,26,0,0.00,0.00,0,0.00,0,0,0,0.00,0,2,0.00,89,0.93,22,N/A,N/A,N/A,N/A,0.00,0,0.00,0,0.21,0.00,0,75.00,33.33,56,3,0.43,1.40,3,13,13,0,0,0,0.00,0.00,0,20,27.25,0.71,2.33,5,0,0.00,0.00,99,0.00,0,0,0,0.00,0.00,0,0.00,0.00,0.47,0.14,1,0,0.00,38,0,0,37,89,0.88,99,0.13,0.41,0.21,47,0.03,0.10,76,4,0.57,1.87,1.40,0.43,58,3,0.10,45,12,61,71,0,88,16,0,0.00,99,1,0.00,0.47,8.86,2.71,19,11,50,36,5.13,1.57,57.89,1,0.47,59,0,33.33,0,0.00,99,4,0.57,1.87,95,2,45,35,0,0,0,0,0,84,37,51,56,0,21,65,25,89,1,25,85,73,0,0
Stefan Gartenmann,29,854870400,1997/02/02,NB I,2025/2026,Defender,Ferencváros,470,200,270,Denmark,6,3,3,1,1,0,1,1,0,0,0,2,0,2,4,3,1,1,0,0.38,0.19,0.19,0.45,0,470,0.77,118,78,470,470,0.19,73,43,3,14,300000,6.24,0.17,85,70.09,52.29,99,366,45.43,318,93,60.89,99,0.00,0.00,0.29,2,0.00,1.86,2.11,1.57,11,0.00,0.29,0.00,0.00,0.00,1.00,0.29,0.71,5.00,0.96,0.43,0.29,0.00,0.29,0.14,0.00,2.00,0.00,0.00,0,0,,5,0.71,48,2,0.38,55,3,0.57,43,2,0,6,80,0.00,99,0,7,1.34,81,13,63,2.49,71,0,0.00,99,0,0.00,0,0,0.00,0,0.38,29,2,0.38,21,2,0.38,100.00,0,0.00,0,0,0,0.00,0,5,0.00,97,0.96,25,N/A,N/A,N/A,N/A,0.00,0,0.00,0,0.99,0.00,0,86.89,40.00,72,67,0.29,0.38,2,42,99,0,0,0,0.29,0.38,2,66,43.66,2.71,3.64,19,0,0.00,0.00,99,0.00,0,0,0,0.00,0.00,0,0.00,0.00,0.00,0.00,0,0,20.00,86,6,3,64,97,1.35,90,0.19,0.26,0.99,67,0.14,0.19,78,10,1.43,1.91,1.34,1.00,55,7,0.19,64,60,74,71,0,46,80,0,0.00,99,14,0.00,2.68,10.72,8.00,56,37,91,60,7.09,5.29,66.07,2,0.38,66,0,23.08,0,0.00,99,3,0.43,0.57,75,16,22,55,0,0,0,0,0,78,74,51,91,0,90,88,66,49,1,17,62,3,N/A,N/A
Ştefan Marinel Vlădoiu,27,914832000,1998/12/28,NB I,2025/2026,Defender,Győri ETO,967,546,421,Romania,15,8,7,0,0,0,3,1,2,0,0,4,2,2,14,8,6,2,0,0.28,0.28,0,0,0,0,1.3,69,64,484,322,0.19,250,20,39,17,156000,4.81,0.2,93,31.71,16.05,45,321,12.10,242,47,23.91,47,0.00,0.00,1.00,20,0.00,2.60,2.27,1.15,23,0.00,0.35,0.00,0.00,0.00,0.70,0.30,0.60,0.00,0.49,0.25,0.65,0.00,0.00,0.01,0.00,0.75,0.00,0.00,0,0,,5,0.25,28,0,0.00,18,5,0.49,38,3,5,10,88,0.00,99,0,14,1.38,83,52,90,5.14,91,0,0.00,99,0,0.00,0,0,0.00,0,1.98,91,13,1.28,55,6,0.59,46.15,0,0.00,0,0,0,0.00,0,12,0.00,58,1.19,48,N/A,N/A,N/A,N/A,0.00,0,0.00,0,0.26,0.00,0,75.39,0.00,18,64,0.20,0.40,4,59,61,0,0,0,0.10,0.20,2,48,96.14,1.35,2.67,27,0,0.00,0.00,99,0.00,0,0,0,0.00,0.00,0,0.00,0.00,0.10,0.05,1,0,0.00,38,44,39,37,58,2.41,88,0.12,0.24,0.26,22,0.01,0.03,83,21,1.05,2.07,1.58,0.80,68,16,0.03,22,30,65,71,0,58,57,0,0.00,99,15,0.00,1.48,11.36,5.75,115,64,80,67,6.32,3.20,55.65,7,0.69,45,0,38.46,0,0.00,99,20,1.00,1.98,96,45,69,70,0,0,0,0,0,67,37,51,56,0,64,70,67,49,2,13,50,2,N/A,N/A
Stefanos Evangelou,27,894956400,1998/05/12,NB I,2025/2026,Defender,Nyíregyháza Spartacus,900,540,360,Greece,10,6,4,1,0,1,0,0,0,0,0,0,0,0,19,12,7,4,0,0.1,0,0.1,0,0.25,900,1.9,47,90,225,0,0.4,132,258,79,16,145000,5.34,0,46,34.64,27.21,57,381,22.07,309,72,28.09,60,0.00,0.00,0.14,2,0.00,0.07,2.09,1.64,23,0.00,0.00,0.00,0.00,0.00,1.64,0.14,0.71,6.00,0.55,0.29,0.36,0.00,0.14,0.07,0.00,2.21,0.00,0.00,0,0,,6,0.43,31,2,0.18,35,4,0.36,29,0,0,10,79,0.00,99,0,23,2.09,99,1,99,0.09,16,0,0.00,99,0,0.00,0,0,0.00,0,0.18,17,5,0.45,25,2,0.18,40.00,0,0.00,0,0,0,0.00,0,10,0.00,12,0.91,21,N/A,N/A,N/A,N/A,0.00,0,0.00,0,1.04,0.00,0,81.10,33.33,56,36,0.50,0.64,7,28,45,0,0,0,0.36,0.45,5,73,74.72,4.86,6.18,68,0,0.00,0.00,99,0.00,0,0,0,0.00,0.00,0,0.00,0.00,0.00,0.00,0,0,16.67,80,40,16,86,12,0.65,17,0.05,0.06,1.04,43,0.07,0.09,22,7,0.50,0.64,1.09,0.86,38,12,0.09,41,38,90,71,0,46,82,0,0.00,99,31,0.00,2.82,9.45,7.43,104,63,66,46,5.73,4.50,60.58,0,0.00,99,0,100.00,0,0.00,99,1,0.07,0.09,36,45,22,15,0,0,0,0,0,36,52,76,56,0,61,4,31,83,4,40,97,41,N/A,N/A
Stephen Odey,28,884851200,1998/01/15,NB I,2025/2026,Forward,Debrecen,0,0,0,Nigeria,0,0,0,0,0,0,0,0,0,0,0,0,0,0,0,0,0,0,0,0,0,0,0,0,0,0,0,0,0,0,0,-1,-1,-1,-1,N/A,N/A,N/A,N/A,N/A,N/A,N/A,N/A,N/A,N/A,N/A,N/A,N/A,N/A,N/A,N/A,N/A,N/A,N/A,N/A,N/A,N/A,N/A,N/A,N/A,N/A,N/A,N/A,N/A,N/A,N/A,N/A,N/A,N/A,N/A,N/A,N/A,N/A,N/A,N/A,N/A,N/A,N/A,N/A,N/A,N/A,N/A,N/A,N/A,N/A,N/A,N/A,N/A,N/A,N/A,N/A,N/A,N/A,N/A,N/A,N/A,N/A,N/A,N/A,N/A,N/A,N/A,N/A,N/A,N/A,N/A,N/A,N/A,N/A,N/A,N/A,N/A,N/A,N/A,N/A,N/A,N/A,N/A,N/A,N/A,N/A,N/A,N/A,N/A,N/A,N/A,N/A,N/A,N/A,N/A,N/A,N/A,N/A,N/A,N/A,N/A,N/A,N/A,N/A,N/A,N/A,N/A,N/A,N/A,N/A,N/A,N/A,N/A,N/A,N/A,N/A,N/A,N/A,N/A,N/A,N/A,N/A,N/A,N/A,N/A,N/A,N/A,N/A,N/A,N/A,N/A,N/A,N/A,N/A,N/A,N/A,N/A,N/A,N/A,N/A,N/A,N/A,N/A,N/A,N/A,N/A,N/A,N/A,N/A,N/A,N/A,N/A,N/A,N/A,N/A,N/A,N/A,N/A,N/A,N/A,N/A,N/A,N/A,N/A,N/A,N/A,N/A,N/A,N/A,N/A,N/A,N/A,N/A,N/A,N/A,N/A,N/A,N/A,N/A,N/A,N/A,N/A,N/A,N/A,N/A,N/A,N/A,N/A,N/A,N/A,N/A,N/A,N/A,N/A,N/A,N/A,N/A,N/A,N/A,N/A,N/A,N/A,N/A,N/A,N/A,N/A,N/A,N/A,N/A,N/A,N/A,N/A,N/A,N/A,N/A,N/A,N/A,N/A,N/A,N/A,N/A,N/A,N/A,N/A
Szabó Szilárd,19,1159686000,2006/10/01,NB I,2025/2026,Midfielder,Várda SE,405,265,140,Hungary,9,5,4,0,0,0,2,2,0,0,0,3,2,1,7,1,6,1,0,0.44,0.44,0,0,0,0,1.56,58,45,405,203,0.22,182,5,-1,20,0,5.94,0.22,98,37.56,16.90,64,169,13.10,131,57,29.11,62,0.00,0.00,0.70,7,0.00,3.60,1.56,0.70,7,0.00,0.10,0.00,0.00,0.00,0.40,0.10,0.70,0.00,1.11,0.30,0.40,0.00,0.20,0.04,0.00,0.50,0.00,0.00,0,0,,5,0.50,54,2,0.44,59,3,0.67,51,1,5,4,61,0.00,99,0,4,0.89,59,36,53,8.00,96,0,0.00,99,0,0.00,0,0,0.00,0,1.56,81,4,0.89,40,1,0.22,25.00,0,0.00,0,0,0,0.00,0,7,0.00,35,1.56,74,N/A,N/A,N/A,N/A,0.00,0,0.00,0,0.45,0.00,0,77.51,40.00,72,20,0.40,0.89,4,29,23,0,0,0,0.00,0.00,0,20,59.40,1.00,2.22,10,1,0.00,0.22,1,0.10,0,0,0,0.00,0.00,0,0.00,0.00,0.00,0.00,0,0,0.00,38,3,12,37,37,1.65,98,0.16,0.37,0.45,47,0.04,0.10,24,3,0.30,0.67,0.44,0.20,10,2,0.10,45,52,59,71,0,46,43,0,0.00,99,5,0.00,1.11,7.11,3.20,32,15,16,20,3.33,1.50,46.88,1,0.22,76,0,19.44,0,0.00,99,7,0.70,1.56,94,5,69,35,0,0,0,0,0,82,37,51,56,0,21,88,58,58,1,11,41,7,0,0
Szabolcs Dusinszki,20,1123311600,2005/08/06,NB I,2025/2026,Midfielder,Puskás,30,30,0,Hungary,1,1,0,0,0,0,0,0,0,0,0,0,0,0,0,0,0,0,0,0,0,0,0,0,0,0,0,30,0,0,0,-1,-1,-1,17,0,6.39,0,46,21.72,7.00,13,7,7.00,7,99,21.72,39,0.00,0.00,0.00,0,0.00,1.00,6.21,2.00,2,0.00,2.00,0.00,0.00,0.00,0.00,0.00,1.00,0.00,0.00,0.00,0.00,0.00,0.00,0.00,0.00,0.00,0.00,0.00,0,0,,0,0.00,8,0,0.00,18,0,0.00,10,0,1,0,99,0.00,99,0,0,0.00,8,1,29,3.10,77,0,0.00,99,0,0.00,0,0,0.00,0,0.00,9,0,0.00,7,0,0.00,0.00,0,0.00,0,0,0,0.00,0,1,0.00,99,3.10,93,N/A,N/A,N/A,N/A,0.00,0,0.00,0,0.00,0.00,0,100.00,0.00,18,99,0.00,0.00,0,13,13,0,0,0,0.00,0.00,0,20,6.39,0.00,0.00,0,0,0.00,0.00,99,0.00,0,0,0,0.00,0.00,0,0.00,0.00,0.00,0.00,0,0,0.00,38,0,0,37,0,0.02,17,0.02,0.06,0.00,9,0.00,0.00,2,0,0.00,0.00,3.10,1.00,97,1,0.00,9,65,0,71,0,46,0,0,0.00,99,0,0.00,0.00,15.52,5.00,5,2,78,92,6.21,2.00,40.00,2,6.21,0,0,0.00,0,0.00,99,0,0.00,0.00,29,0,36,15,0,0,0,0,0,24,37,51,56,0,21,4,14,14,0,0,14,44,0,0
Szabolcs Schön,25,970038000,2000/09/27,NB I,2025/2026,Midfielder,Győri ETO,1275,658,617,Hungary,20,10,10,4,1,3,1,1,0,0,0,8,5,3,11,4,7,5,0,0.35,0.07,0.28,0.14,0.44,319,0.78,116,64,255,1275,0.35,45,122,-1,4,0,7.12,0.05,56,34.71,24.55,58,491,20.95,419,88,29.62,66,0.00,0.00,1.05,21,0.00,1.60,2.19,1.55,31,0.00,1.00,0.00,0.00,0.00,0.45,1.30,0.55,9.00,2.55,1.25,2.65,0.00,0.55,0.25,0.00,0.50,0.00,0.00,0,0,,36,1.80,90,11,0.78,79,25,1.77,93,3,6,14,84,0.00,99,0,9,0.64,43,32,71,2.26,69,0,0.00,99,0,0.00,0,0,0.00,0,1.48,78,53,3.75,94,26,1.84,49.06,0,0.00,0,0,0,0.00,0,11,0.00,96,0.78,10,N/A,N/A,N/A,N/A,0.00,0,0.00,0,4.97,0.00,0,85.34,30.56,46,36,0.45,0.64,9,95,66,0,0,0,0.15,0.21,3,50,142.32,0.75,1.06,15,0,0.00,0.00,99,0.00,0,0,1,0.05,0.07,0,0.00,0.00,0.49,0.35,7,1,11.11,64,63,70,53,96,2.38,70,0.12,0.17,4.97,88,0.25,0.35,95,37,1.85,2.62,1.13,0.80,41,16,0.35,87,97,28,83,0,88,26,0,0.00,99,10,0.00,0.71,13.57,9.60,192,104,92,83,7.35,5.20,54.17,20,1.41,12,0,25.00,0,0.00,99,8,0.40,0.57,75,64,76,70,0,1,0,5,0,75,84,93,68,0,21,98,35,79,5,25,85,17,0,0
Szilárd Bokros,25,954230400,2000/03/28,NB I,2025/2026,Midfielder,Diósgyőr,1376,804,572,Hungary,19,11,8,2,1,1,2,0,2,0,0,3,3,0,19,9,10,4,0,0.26,0.13,0.13,0.11,0.16,688,1.24,72,72,344,688,0.26,112,85,-1,6,90000,5.75,0.11,71,29.83,21.71,38,456,14.95,314,21,20.54,36,0.00,0.00,0.52,11,0.00,2.81,1.50,1.10,23,0.00,0.57,0.00,0.00,0.00,0.67,0.05,1.00,5.00,0.33,0.14,0.43,0.00,0.10,0.05,0.00,1.29,0.00,0.00,0,0,,5,0.24,20,2,0.13,31,3,0.20,18,1,4,15,57,0.00,99,0,14,0.92,62,59,56,3.86,84,0,0.00,99,0,0.00,0,0,0.00,0,0.72,47,9,0.59,32,1,0.07,11.11,0,0.00,0,0,0,0.00,0,21,0.00,65,1.37,61,N/A,N/A,N/A,N/A,0.00,0,0.00,0,0.99,0.00,0,68.86,40.00,72,79,0.19,0.26,4,15,13,0,0,0,0.33,0.46,7,74,120.80,3.81,5.23,80,0,0.00,0.00,99,0.00,0,0,0,0.00,0.00,0,0.00,0.00,0.07,0.05,1,0,20.00,86,70,64,78,64,2.27,65,0.11,0.15,0.99,32,0.05,0.06,22,10,0.48,0.65,0.92,0.67,26,14,0.06,31,47,84,71,0,52,64,0,0.00,99,27,0.00,1.77,7.13,5.19,109,58,26,21,3.79,2.76,53.21,12,0.78,37,0,20.34,0,0.00,99,12,0.57,0.78,83,69,62,35,0,0,0,0,0,64,60,67,62,0,40,40,51,63,4,21,73,22,N/A,N/A
Szilárd Szentkirályi,56,N/A,N/A,NB I,2025/2026,Defender,Újpest,0,0,0,,0,0,0,0,0,0,0,0,0,0,0,0,0,0,0,0,0,0,0,0,0,0,0,0,0,0,0,0,0,0,0,-1,-1,-1,-1,N/A,N/A,N/A,N/A,N/A,N/A,N/A,N/A,N/A,N/A,N/A,N/A,N/A,N/A,N/A,N/A,N/A,N/A,N/A,N/A,N/A,N/A,N/A,N/A,N/A,N/A,N/A,N/A,N/A,N/A,N/A,N/A,N/A,N/A,N/A,N/A,N/A,N/A,N/A,N/A,N/A,N/A,N/A,N/A,N/A,N/A,N/A,N/A,N/A,N/A,N/A,N/A,N/A,N/A,N/A,N/A,N/A,N/A,N/A,N/A,N/A,N/A,N/A,N/A,N/A,N/A,N/A,N/A,N/A,N/A,N/A,N/A,N/A,N/A,N/A,N/A,N/A,N/A,N/A,N/A,N/A,N/A,N/A,N/A,N/A,N/A,N/A,N/A,N/A,N/A,N/A,N/A,N/A,N/A,N/A,N/A,N/A,N/A,N/A,N/A,N/A,N/A,N/A,N/A,N/A,N/A,N/A,N/A,N/A,N/A,N/A,N/A,N/A,N/A,N/A,N/A,N/A,N/A,N/A,N/A,N/A,N/A,N/A,N/A,N/A,N/A,N/A,N/A,N/A,N/A,N/A,N/A,N/A,N/A,N/A,N/A,N/A,N/A,N/A,N/A,N/A,N/A,N/A,N/A,N/A,N/A,N/A,N/A,N/A,N/A,N/A,N/A,N/A,N/A,N/A,N/A,N/A,N/A,N/A,N/A,N/A,N/A,N/A,N/A,N/A,N/A,N/A,N/A,N/A,N/A,N/A,N/A,N/A,N/A,N/A,N/A,N/A,N/A,N/A,N/A,N/A,N/A,N/A,N/A,N/A,N/A,N/A,N/A,N/A,N/A,N/A,N/A,N/A,N/A,N/A,N/A,N/A,N/A,N/A,N/A,N/A,N/A,N/A,N/A,N/A,N/A,N/A,N/A,N/A,N/A,N/A,N/A,N/A,N/A,N/A,N/A,N/A,N/A,N/A,N/A,N/A,N/A,N/A,N/A
Tamas Fadgyas,30,816854400,1995/11/20,NB I,2025/2026,Goalkeeper,MTK,90,0,90,Hungary,1,0,1,0,0,0,0,0,0,0,0,0,0,0,0,0,0,1,0,0,0,0,0,0,0,0,0,90,90,0,1,-1,-1,-1,19,84000,0.32,0,46,56.00,2.55,95,56,1.77,39,23,39.00,84,0.00,0.00,0.00,0,0.00,0.00,0.00,0.00,0,0.00,0.00,0.00,0.00,0.14,0.00,0.00,0.18,0.00,0.00,0.00,0.00,0.00,0.00,0.00,0.00,0.00,0.00,0.00,0,0,,0,0.00,8,0,0.00,18,0,0.00,10,0,0,1,5,0.00,99,0,0,0.00,8,0,29,0.00,13,0,0.00,99,0,0.00,0,0,0.00,0,0.00,9,0,0.00,7,0,0.00,0.00,0,0.00,0,3,99,3.00,39,4,0.00,99,4.00,94,N/A,N/A,N/A,N/A,75.00,0,0.00,0,0.00,0.00,0,69.64,0.00,18,99,0.00,0.00,0,13,13,0,0,2,0.00,0.00,0,20,7.09,0.00,0.00,0,0,0.00,0.00,99,0.00,1,0,0,0.00,0.00,0,0.00,0.00,0.00,0.00,0,0,0.00,38,0,0,37,0,0.08,31,0.00,0.08,0.00,9,0.00,0.00,41,1,0.05,1.00,0.00,0.00,4,0,0.00,9,0,0,71,0,46,0,0,0.00,99,0,0.00,0.00,1.00,0.05,1,1,7,7,1.00,0.05,100.00,0,0.00,99,0,0.00,0,0.00,99,0,0.00,0.00,29,1,22,15,0,0,0,0,0,24,37,51,56,0,36,4,14,99,1,100,99,24,N/A,N/A
Tamás Kádár,36,637401600,1990/03/14,NB I,2025/2026,Defender,MTK,2022,1030,992,Hungary,24,12,12,0,0,0,0,0,0,0,0,5,4,1,41,19,22,2,0,0,0,0,0,0,0,1.82,49,84,1011,0,0.09,197,227,76,20,192000,6.60,0,46,57.21,52.33,95,1256,47.42,1138,99,51.83,97,0.00,0.00,0.29,7,0.00,0.21,1.55,1.42,34,0.00,0.04,0.00,0.00,0.00,1.00,0.21,1.54,0.00,0.23,0.12,0.21,0.00,0.08,0.02,0.00,1.79,0.00,0.00,0,0,,5,0.21,14,2,0.09,22,3,0.14,14,7,0,24,61,0.00,99,0,24,1.09,71,5,55,0.23,24,0,0.00,99,0,0.00,0,0,0.00,0,0.32,26,5,0.23,16,5,0.23,100.00,0,0.00,0,0,0,0.00,0,37,0.00,16,1.69,80,N/A,N/A,N/A,N/A,0.00,0,0.00,0,0.37,0.00,0,90.61,40.00,72,88,0.12,0.14,3,31,99,0,0,0,0.50,0.55,12,82,158.51,5.62,6.15,135,0,0.00,0.00,99,0.00,0,0,0,0.00,0.00,0,0.00,0.00,0.00,0.00,0,0,0.00,38,93,95,37,16,2.46,47,0.10,0.11,0.37,19,0.02,0.02,18,12,0.50,0.55,0.50,0.46,10,11,0.02,19,72,90,71,0,46,68,0,0.00,99,43,0.00,1.96,5.92,5.42,130,92,31,11,4.19,3.83,70.77,1,0.05,88,0,20.00,0,0.00,99,1,0.04,0.05,30,97,22,97,0,0,0,0,0,24,37,51,56,0,76,53,92,24,2,8,29,25,N/A,N/A
Tamás Markek,34,683535600,1991/08/30,NB I,2025/2026,Goalkeeper,Puskás,90,90,0,Hungary,1,1,0,0,0,0,0,0,0,0,0,0,0,0,0,0,0,0,0,0,0,0,0,0,0,0,0,90,0,0,0,-1,-1,-1,24,140000,0.74,0,46,25.00,2.78,21,25,2.11,19,48,19.00,29,0.00,0.00,0.00,0,0.00,0.00,0.00,0.00,0,0.00,0.00,0.00,0.00,0.22,0.00,0.00,0.33,0.00,0.00,0.00,0.00,0.00,0.00,0.00,0.00,0.00,0.00,0.00,0,0,,0,0.00,8,0,0.00,18,0,0.00,10,0,0,1,5,0.00,99,0,0,0.00,8,0,29,0.00,13,0,0.00,99,0,0.00,0,0,0.00,0,0.00,9,0,0.00,7,0,0.00,0.00,0,0.00,0,2,33,2.00,0,3,0.00,99,3.00,93,N/A,N/A,N/A,N/A,66.67,0,0.00,0,0.00,0.00,0,76.00,0.00,18,99,0.00,0.00,0,13,13,0,0,1,0.00,0.00,0,20,6.69,0.00,0.00,0,0,0.00,0.00,99,0.00,0,0,0,0.00,0.00,0,0.00,0.00,0.00,0.00,0,0,0.00,38,0,0,37,0,0.04,7,0.00,0.04,0.00,9,0.00,0.00,2,0,0.00,0.00,0.00,0.00,4,0,0.00,9,0,0,71,0,46,0,0,0.00,99,0,0.00,0.00,0.00,0.00,0,0,0,0,0.00,0.00,0.00,0,0.00,99,0,0.00,0,0.00,99,0,0.00,0.00,29,1,22,15,0,0,0,0,0,24,37,51,56,0,58,4,14,14,0,0,14,24,N/A,N/A
Tamás Olivér,24,987231600,2001/04/14,NB I,2025/2026,Defender,Paksi SE,0,0,0,Hungary,0,0,0,0,0,0,0,0,0,0,0,0,0,0,0,0,0,0,0,0,0,0,0,0,0,0,0,0,0,0,0,-1,-1,-1,-1,N/A,N/A,N/A,N/A,N/A,N/A,N/A,N/A,N/A,N/A,N/A,N/A,N/A,N/A,N/A,N/A,N/A,N/A,N/A,N/A,N/A,N/A,N/A,N/A,N/A,N/A,N/A,N/A,N/A,N/A,N/A,N/A,N/A,N/A,N/A,N/A,N/A,N/A,N/A,N/A,N/A,N/A,N/A,N/A,N/A,N/A,N/A,N/A,N/A,N/A,N/A,N/A,N/A,N/A,N/A,N/A,N/A,N/A,N/A,N/A,N/A,N/A,N/A,N/A,N/A,N/A,N/A,N/A,N/A,N/A,N/A,N/A,N/A,N/A,N/A,N/A,N/A,N/A,N/A,N/A,N/A,N/A,N/A,N/A,N/A,N/A,N/A,N/A,N/A,N/A,N/A,N/A,N/A,N/A,N/A,N/A,N/A,N/A,N/A,N/A,N/A,N/A,N/A,N/A,N/A,N/A,N/A,N/A,N/A,N/A,N/A,N/A,N/A,N/A,N/A,N/A,N/A,N/A,N/A,N/A,N/A,N/A,N/A,N/A,N/A,N/A,N/A,N/A,N/A,N/A,N/A,N/A,N/A,N/A,N/A,N/A,N/A,N/A,N/A,N/A,N/A,N/A,N/A,N/A,N/A,N/A,N/A,N/A,N/A,N/A,N/A,N/A,N/A,N/A,N/A,N/A,N/A,N/A,N/A,N/A,N/A,N/A,N/A,N/A,N/A,N/A,N/A,N/A,N/A,N/A,N/A,N/A,N/A,N/A,N/A,N/A,N/A,N/A,N/A,N/A,N/A,N/A,N/A,N/A,N/A,N/A,N/A,N/A,N/A,N/A,N/A,N/A,N/A,N/A,N/A,N/A,N/A,N/A,N/A,N/A,N/A,N/A,N/A,N/A,N/A,N/A,N/A,N/A,N/A,N/A,N/A,N/A,N/A,N/A,N/A,N/A,N/A,N/A,N/A,N/A,N/A,N/A,N/A,N/A
Tamás Szücs,21,1105862400,2005/01/16,NB I,2025/2026,Forward,Debrecen,2028,1067,961,Hungary,24,12,12,3,2,1,2,2,0,0,0,7,2,5,24,13,11,4,1,0.22,0.09,0.13,0.17,0.09,676,1.07,85,85,507,1014,0.18,115,108,-1,3,85000,7.07,0.08,61,34.25,32.24,56,806,25.00,625,57,26.56,56,0.00,0.00,1.00,25,0.00,1.12,1.87,1.76,44,0.00,1.04,0.00,0.00,0.00,1.52,0.68,0.80,14.67,1.87,1.24,1.72,0.00,0.52,0.20,0.00,1.20,0.00,0.00,0,0,,44,1.76,76,13,0.55,68,31,1.32,84,1,0,24,73,0.00,99,0,38,1.61,91,28,79,1.19,55,0,0.00,99,0,0.00,0,0,0.00,0,1.06,65,43,1.83,72,17,0.72,39.53,0,0.00,0,0,0,0.00,0,20,0.00,81,0.85,14,N/A,N/A,N/A,N/A,0.00,0,0.00,0,4.98,0.00,0,77.54,29.55,43,33,0.64,0.68,16,67,43,0,0,0,0.04,0.04,1,21,176.65,1.48,1.57,37,0,0.00,0.00,99,0.00,0,0,2,0.08,0.08,0,0.00,0.00,0.00,0.00,0,0,6.82,47,93,95,77,81,3.55,65,0.14,0.15,4.98,69,0.20,0.21,98,72,2.88,3.06,1.36,1.28,56,32,0.21,66,94,45,85,0,46,48,0,0.00,99,30,0.00,1.27,11.94,11.24,281,162,88,71,6.88,6.48,57.65,26,1.10,22,0,28.57,0,0.00,99,8,0.32,0.34,62,97,22,35,0,0,0,0,0,58,60,53,72,0,39,75,72,46,3,12,47,8,N/A,N/A
Tamás Zalán Galántai,56,N/A,N/A,NB I,2025/2026,Forward,Diósgyőr,0,0,0,,0,0,0,0,0,0,0,0,0,0,0,0,0,0,0,0,0,0,0,0,0,0,0,0,0,0,0,0,0,0,0,-1,-1,-1,-1,N/A,N/A,N/A,N/A,N/A,N/A,N/A,N/A,N/A,N/A,N/A,N/A,N/A,N/A,N/A,N/A,N/A,N/A,N/A,N/A,N/A,N/A,N/A,N/A,N/A,N/A,N/A,N/A,N/A,N/A,N/A,N/A,N/A,N/A,N/A,N/A,N/A,N/A,N/A,N/A,N/A,N/A,N/A,N/A,N/A,N/A,N/A,N/A,N/A,N/A,N/A,N/A,N/A,N/A,N/A,N/A,N/A,N/A,N/A,N/A,N/A,N/A,N/A,N/A,N/A,N/A,N/A,N/A,N/A,N/A,N/A,N/A,N/A,N/A,N/A,N/A,N/A,N/A,N/A,N/A,N/A,N/A,N/A,N/A,N/A,N/A,N/A,N/A,N/A,N/A,N/A,N/A,N/A,N/A,N/A,N/A,N/A,N/A,N/A,N/A,N/A,N/A,N/A,N/A,N/A,N/A,N/A,N/A,N/A,N/A,N/A,N/A,N/A,N/A,N/A,N/A,N/A,N/A,N/A,N/A,N/A,N/A,N/A,N/A,N/A,N/A,N/A,N/A,N/A,N/A,N/A,N/A,N/A,N/A,N/A,N/A,N/A,N/A,N/A,N/A,N/A,N/A,N/A,N/A,N/A,N/A,N/A,N/A,N/A,N/A,N/A,N/A,N/A,N/A,N/A,N/A,N/A,N/A,N/A,N/A,N/A,N/A,N/A,N/A,N/A,N/A,N/A,N/A,N/A,N/A,N/A,N/A,N/A,N/A,N/A,N/A,N/A,N/A,N/A,N/A,N/A,N/A,N/A,N/A,N/A,N/A,N/A,N/A,N/A,N/A,N/A,N/A,N/A,N/A,N/A,N/A,N/A,N/A,N/A,N/A,N/A,N/A,N/A,N/A,N/A,N/A,N/A,N/A,N/A,N/A,N/A,N/A,N/A,N/A,N/A,N/A,N/A,N/A,N/A,N/A,N/A,N/A,N/A,N/A
Taras Vepryk,56,N/A,N/A,NB I,2025/2026,Defender,Várda SE,0,0,0,,0,0,0,0,0,0,0,0,0,0,0,0,0,0,0,0,0,0,0,0,0,0,0,0,0,0,0,0,0,0,0,-1,-1,-1,-1,N/A,N/A,N/A,N/A,N/A,N/A,N/A,N/A,N/A,N/A,N/A,N/A,N/A,N/A,N/A,N/A,N/A,N/A,N/A,N/A,N/A,N/A,N/A,N/A,N/A,N/A,N/A,N/A,N/A,N/A,N/A,N/A,N/A,N/A,N/A,N/A,N/A,N/A,N/A,N/A,N/A,N/A,N/A,N/A,N/A,N/A,N/A,N/A,N/A,N/A,N/A,N/A,N/A,N/A,N/A,N/A,N/A,N/A,N/A,N/A,N/A,N/A,N/A,N/A,N/A,N/A,N/A,N/A,N/A,N/A,N/A,N/A,N/A,N/A,N/A,N/A,N/A,N/A,N/A,N/A,N/A,N/A,N/A,N/A,N/A,N/A,N/A,N/A,N/A,N/A,N/A,N/A,N/A,N/A,N/A,N/A,N/A,N/A,N/A,N/A,N/A,N/A,N/A,N/A,N/A,N/A,N/A,N/A,N/A,N/A,N/A,N/A,N/A,N/A,N/A,N/A,N/A,N/A,N/A,N/A,N/A,N/A,N/A,N/A,N/A,N/A,N/A,N/A,N/A,N/A,N/A,N/A,N/A,N/A,N/A,N/A,N/A,N/A,N/A,N/A,N/A,N/A,N/A,N/A,N/A,N/A,N/A,N/A,N/A,N/A,N/A,N/A,N/A,N/A,N/A,N/A,N/A,N/A,N/A,N/A,N/A,N/A,N/A,N/A,N/A,N/A,N/A,N/A,N/A,N/A,N/A,N/A,N/A,N/A,N/A,N/A,N/A,N/A,N/A,N/A,N/A,N/A,N/A,N/A,N/A,N/A,N/A,N/A,N/A,N/A,N/A,N/A,N/A,N/A,N/A,N/A,N/A,N/A,N/A,N/A,N/A,N/A,N/A,N/A,N/A,N/A,N/A,N/A,N/A,N/A,N/A,N/A,N/A,N/A,N/A,N/A,N/A,N/A,N/A,N/A,N/A,N/A,N/A,N/A
Tiago Lisboa Silva Gonçalves,25,966668400,2000/08/19,NB I,2025/2026,Defender,Újpest,916,467,449,Portugal,12,6,6,0,0,0,0,0,0,0,0,1,0,1,18,9,9,3,0,0,0,0,0,0,0,1.77,51,76,305,0,0.29,187,216,74,29,0,6.20,0,46,35.57,27.85,60,362,21.85,284,62,27.90,59,0.00,0.00,1.00,13,0.00,3.77,1.38,1.08,14,0.00,0.54,0.00,0.00,0.00,0.69,1.23,1.23,0.00,1.18,0.77,2.23,0.00,0.15,0.06,0.00,0.54,0.00,0.00,0,0,,12,0.92,58,2,0.20,39,10,0.98,71,2,2,10,51,0.00,99,0,9,0.88,59,49,57,4.81,90,0,0.00,99,0,0.00,0,0,0.00,0,1.28,73,29,2.85,89,16,1.57,55.17,0,0.00,0,0,0,0.00,0,16,0.00,19,1.57,75,N/A,N/A,N/A,N/A,0.00,0,0.00,0,0.82,0.00,0,78.45,16.67,22,74,0.23,0.29,3,93,80,0,0,0,0.38,0.49,5,77,80.64,3.08,3.93,40,0,0.00,0.00,99,0.00,0,0,0,0.00,0.00,0,0.00,0.00,0.10,0.08,1,0,0.00,38,42,24,37,19,0.93,36,0.07,0.09,0.82,39,0.06,0.08,36,9,0.69,0.88,1.18,0.92,45,12,0.08,38,58,77,71,0,58,25,0,0.00,99,7,0.00,0.69,8.94,7.00,91,46,37,38,4.52,3.54,50.55,7,0.69,45,0,20.41,0,0.00,99,10,0.77,0.98,86,45,45,55,0,0,0,0,0,24,37,51,56,0,21,13,44,70,3,25,85,15,0,0
Tibor Lippai,28,882950400,1997/12/24,NB I,2025/2026,Defender,Várda SE,157,47,110,Hungary,9,4,5,1,1,0,0,0,0,0,0,3,1,2,3,1,2,1,0,0.57,0,0.57,1.91,0,157,1.72,52,17,157,0,0.57,-1,-1,-1,11,75000,2.04,0,46,33.96,2.73,54,60,2.00,44,35,24.91,50,0.00,0.00,0.00,0,0.00,0.18,1.70,0.14,3,0.00,0.00,0.00,0.00,0.00,0.05,0.00,0.14,0.00,1.13,0.05,0.00,0.00,0.05,0.01,0.00,0.36,0.00,0.00,0,0,,2,0.09,55,1,0.57,69,1,0.57,43,0,9,0,67,0.00,99,0,1,0.57,38,4,29,2.26,69,0,0.00,99,0,0.00,0,0,0.00,0,0.00,9,0,0.00,7,0,0.00,0.00,0,0.00,0,0,0,0.00,0,3,0.00,22,1.70,80,N/A,N/A,N/A,N/A,0.00,0,0.00,0,0.17,0.00,0,73.33,50.00,89,0,0.18,2.26,4,13,13,0,0,0,0.05,0.57,1,83,44.88,0.59,7.36,13,0,0.00,0.00,99,0.00,0,0,0,0.00,0.00,0,0.00,0.00,0.00,0.00,0,0,0.00,38,0,12,39,22,0.10,17,0.00,0.06,0.17,47,0.01,0.10,48,2,0.09,1.13,4.53,0.36,99,8,0.10,45,0,97,71,0,46,96,0,0.00,99,8,0.00,4.53,15.28,1.23,27,13,92,91,7.36,0.59,48.15,0,0.00,99,0,0.00,0,0.00,99,0,0.00,0.00,29,0,87,15,0,0,0,0,0,92,97,51,99,0,33,88,18,96,1,11,41,42,N/A,N/A
Tonislav Yordanov,27,912153600,1998/11/27,NB I,2025/2026,Forward,Várda SE,857,357,500,Bulgaria,18,9,9,4,2,2,1,1,0,0,0,4,3,1,16,8,8,0,0,0.53,0.11,0.42,0.5,0.36,214,1.68,54,48,0,857,0,20,93,-1,3,280000,4.56,0.06,65,23.34,8.88,16,222,5.96,149,14,15.67,16,0.00,0.00,0.32,8,0.00,0.72,0.42,0.16,4,0.00,0.28,0.00,0.00,0.00,0.12,0.24,0.52,5.75,2.42,0.40,0.40,0.00,0.52,0.18,0.00,0.24,0.00,0.00,0,0,,23,0.92,88,13,1.37,97,10,1.05,73,3,9,9,11,0.00,99,0,3,0.32,23,18,33,1.89,65,0,0.00,99,0,0.00,0,0,0.00,0,0.84,53,10,1.05,47,6,0.63,60.00,0,0.00,0,0,0,0.00,0,13,0.00,25,1.37,61,N/A,N/A,N/A,N/A,0.00,0,0.00,0,4.46,0.00,0,67.12,56.52,93,39,0.24,0.63,6,61,84,1,0,0,0.00,0.00,0,20,114.11,0.20,0.53,5,0,0.00,0.00,99,0.00,0,1,0,0.00,0.00,0,0.00,0.00,1.47,0.56,14,0,17.39,81,37,57,44,27,1.19,57,0.05,0.13,3.76,92,0.15,0.40,27,7,0.28,0.74,0.53,0.20,11,5,0.47,93,24,10,71,0,99,22,0,0.00,99,6,0.00,0.63,7.36,2.80,70,22,9,22,2.31,0.88,31.43,7,0.74,40,0,11.11,0,0.00,99,2,0.08,0.21,51,39,87,70,0,0,0,0,0,89,93,87,93,0,88,54,14,14,0,0,14,99,N/A,N/A
Toon Raemaekers,25,968482800,2000/09/09,NB I,2025/2026,Defender,Ferencváros,1833,753,1080,Belgium,21,9,12,0,0,0,0,0,0,0,0,8,3,5,17,9,8,3,0,0,0,0,0,0,0,0.83,108,87,611,0,0.15,177,256,8,26,320000,6.49,0,46,61.13,54.13,98,1245,47.78,1099,95,53.96,98,0.00,0.00,0.04,1,0.00,0.04,1.77,1.57,36,0.00,0.17,0.00,0.00,0.00,1.09,0.26,0.78,0.00,1.18,0.78,0.35,0.00,0.26,0.06,0.00,2.91,0.00,0.00,0,0,,24,1.04,58,6,0.29,48,18,0.88,63,3,0,21,69,0.00,99,0,25,1.23,77,1,29,0.05,15,0,0.00,99,0,0.00,0,0,0.00,0,0.05,11,8,0.39,21,6,0.29,75.00,0,0.00,0,0,0,0.00,0,18,0.00,95,0.88,17,N/A,N/A,N/A,N/A,0.00,0,0.00,0,1.41,0.00,0,88.27,25.00,38,49,0.48,0.54,11,36,92,0,0,0,0.74,0.83,17,92,149.19,4.87,5.50,112,0,0.00,0.00,99,0.00,0,0,0,0.00,0.00,0,0.00,0.00,0.00,0.00,0,1,0.00,38,88,77,37,95,2.68,57,0.12,0.13,1.41,34,0.06,0.07,48,23,1.00,1.13,1.28,1.13,49,26,0.07,34,68,86,71,0,46,89,0,0.00,99,67,0.00,3.29,10.90,9.65,222,130,81,62,6.38,5.65,58.56,4,0.20,78,0,0.00,0,0.00,99,0,0.00,0.00,29,89,22,70,0,0,0,0,0,24,37,51,56,0,91,97,77,38,3,14,53,28,N/A,N/A
Tóth Rajmund,21,1081494000,2004/04/09,NB I,2025/2026,Midfielder,Győri ETO,1511,666,845,Hungary,23,11,12,0,0,0,2,1,1,0,0,8,5,3,17,3,14,7,1,0.12,0.12,0,0,0,0,1.01,89,66,216,756,0.42,240,89,-1,18,0,6.53,0.09,67,41.53,29.41,73,647,23.05,507,62,32.55,72,0.00,0.00,0.64,14,0.00,1.45,3.02,2.14,47,0.00,0.45,0.00,0.00,0.00,1.23,0.50,0.64,0.00,0.83,0.45,1.14,0.00,0.14,0.04,0.00,0.95,0.00,0.00,0,0,,13,0.59,44,3,0.19,36,10,0.64,49,1,7,16,98,0.00,99,0,27,1.73,95,32,61,2.05,67,0,0.00,99,0,0.00,0,0,0.00,0,0.90,58,25,1.60,63,11,0.71,44.00,0,0.00,0,0,0,0.00,0,14,0.00,84,0.90,19,N/A,N/A,N/A,N/A,0.00,0,0.00,0,0.85,0.00,0,78.36,23.08,29,7,0.86,1.22,19,67,53,0,0,0,0.32,0.45,7,73,143.67,1.77,2.50,39,0,0.00,0.00,99,0.00,0,0,0,0.00,0.00,0,0.00,0.00,0.13,0.09,2,0,0.00,38,77,88,37,84,2.84,74,0.13,0.18,0.85,28,0.04,0.05,46,17,0.77,1.09,1.35,0.95,55,21,0.05,28,69,63,71,0,62,52,0,0.00,99,21,0.00,1.35,11.23,7.95,175,96,78,66,6.16,4.36,54.86,10,0.64,48,0,21.88,0,0.00,99,7,0.32,0.45,69,73,80,35,0,0,0,0,0,39,37,51,56,0,21,91,30,85,6,26,86,6,0,0
Urho Nissilä,29,828604800,1996/04/04,NB I,2025/2026,Midfielder,Puskás,149,149,0,Finland,5,4,1,0,0,0,0,0,0,0,0,0,0,0,3,3,0,0,0,0,0,0,0,0,0,1.81,50,30,0,0,0,-1,-1,-1,21,210000,1.20,0,46,45.00,3.41,80,75,2.64,58,55,34.80,76,0.00,0.00,0.00,0,0.00,0.09,0.60,0.05,1,0.00,0.00,0.00,0.00,0.00,0.05,0.05,0.18,0.00,1.80,0.09,0.05,0.00,0.05,0.01,0.00,0.05,0.00,0.00,0,0,,3,0.14,74,1,0.60,69,2,1.20,81,0,5,0,15,0.00,99,0,1,0.60,40,2,29,1.20,55,0,0.00,99,0,0.00,0,0,0.00,0,0.00,9,1,0.60,32,1,0.60,100.00,0,0.00,0,0,0,0.00,0,4,0.00,17,2.40,93,N/A,N/A,N/A,N/A,0.00,0,0.00,0,0.24,0.00,0,77.33,33.33,56,99,0.00,0.00,0,60,99,0,0,0,0.00,0.00,0,20,26.34,0.14,1.80,3,0,0.00,0.00,99,0.00,0,0,0,0.00,0.00,0,0.00,0.00,0.60,0.05,1,0,0.00,38,0,0,37,17,0.11,22,0.01,0.07,0.24,59,0.01,0.14,52,2,0.09,1.20,1.80,0.14,76,3,0.14,56,0,50,71,0,93,21,0,0.00,99,1,0.00,0.60,6.00,0.45,10,5,12,11,3.00,0.23,50.00,0,0.00,99,0,0.00,0,0.00,99,0,0.00,0.00,29,0,69,15,0,0,0,0,0,24,37,51,56,0,79,4,14,14,0,0,14,16,N/A,N/A
Vane Jovanov,27,914832000,1998/12/28,NB I,2025/2026,Defender,Nyíregyháza Spartacus,447,180,267,FYR Macedonia,6,3,3,0,0,0,0,0,0,0,0,1,0,1,7,5,2,1,0,0,0,0,0,0,0,1.41,64,75,447,0,0.2,194,155,47,31,80000,6.63,0,46,26.17,21.67,25,130,12.67,76,5,15.30,16,0.00,0.00,0.17,1,0.00,2.17,2.01,1.67,10,0.00,0.33,0.00,0.00,0.00,0.33,0.00,1.17,0.00,0.60,0.33,0.83,0.00,0.17,0.04,0.00,1.17,0.00,0.00,0,0,,3,0.50,33,1,0.20,39,2,0.40,33,4,1,5,77,0.00,99,0,2,0.40,26,13,42,2.62,73,0,0.00,99,0,0.00,0,0,0.00,0,0.20,19,5,1.01,46,0,0.00,0.00,0,0.00,0,0,0,0.00,0,7,0.00,48,1.41,63,N/A,N/A,N/A,N/A,0.00,0,0.00,0,0.22,0.00,0,58.46,33.33,56,99,0.00,0.00,0,13,13,0,0,0,0.17,0.20,1,48,39.77,2.17,2.62,13,0,0.00,0.00,99,0.00,0,0,0,0.00,0.00,0,0.00,0.00,0.00,0.00,0,1,0.00,38,5,3,37,49,0.17,3,0.03,0.03,0.22,26,0.04,0.04,91,12,2.00,2.42,1.41,1.17,58,7,0.04,25,74,64,71,0,46,54,0,0.00,99,7,0.00,1.41,9.66,8.00,48,29,70,49,5.84,4.83,60.42,2,0.40,65,0,15.38,0,0.00,99,2,0.33,0.40,65,10,36,83,0,0,0,0,0,24,37,51,56,0,36,45,63,51,1,17,62,24,N/A,N/A
Varazdat Haroyan,33,714639600,1992/08/24,NB I,2025/2026,Defender,Kazincbarcika,798,267,531,Armenia,9,3,6,1,1,0,0,0,0,0,0,1,1,0,21,5,16,5,0,0.11,0,0.11,0.34,0,798,2.37,38,89,160,0,0.56,127,189,90,14,0,5.02,0,46,38.46,28.42,67,341,25.42,305,97,34.40,75,0.00,0.00,0.00,0,0.00,0.00,1.80,1.33,16,0.00,0.08,0.00,0.00,0.00,0.67,0.25,1.25,1.00,0.11,0.00,0.25,0.00,0.08,0.06,0.00,1.67,0.00,0.00,0,0,,1,0.08,9,1,0.11,27,0,0.00,10,1,0,9,70,0.00,99,0,8,0.90,60,0,29,0.00,13,0,0.00,99,0,0.00,0,0,0.00,0,0.00,9,3,0.34,20,3,0.34,100.00,0,0.00,0,0,0,0.00,0,15,0.00,2,1.69,80,N/A,N/A,N/A,N/A,0.00,0,0.00,0,0.68,0.00,0,89.44,100.00,99,60,0.33,0.45,4,38,99,0,0,0,0.83,1.13,10,97,60.22,4.08,5.53,49,1,0.00,0.11,7,0.08,0,0,0,0.00,0.00,0,0.00,0.00,0.00,0.00,0,0,100.00,99,32,12,83,2,0.73,31,0.06,0.08,0.68,39,0.06,0.08,9,3,0.25,0.34,2.82,2.08,96,25,0.08,38,33,87,71,0,46,73,0,0.00,99,20,0.00,2.26,9.25,6.83,82,42,41,43,4.74,3.50,51.22,1,0.11,84,0,0.00,0,0.00,99,0,0.00,0.00,29,39,22,35,0,0,0,0,0,38,54,51,85,0,21,22,19,95,5,56,99,3,0,0
Viacheslav Kulbachuk,21,1093417200,2004/08/25,NB I,2025/2026,Midfielder,Debrecen,284,181,103,Hungary,6,3,3,1,0,1,0,0,0,0,0,2,0,2,6,5,1,1,0,0.32,0,0.32,0,0.87,284,1.9,47,47,284,0,0.32,39,150,-1,13,75000,1.74,0,46,42.48,5.87,74,135,4.78,110,74,34.62,76,0.00,0.00,0.04,1,0.00,0.17,1.57,0.22,5,0.00,0.04,0.00,0.00,0.00,0.30,0.00,0.26,2.00,0.63,0.04,0.00,0.00,0.04,0.03,0.00,0.43,0.00,0.00,0,0,,2,0.09,34,1,0.31,50,1,0.31,27,9,3,3,62,0.00,99,0,7,2.20,99,4,71,1.26,57,0,0.00,99,0,0.00,0,0,0.00,0,0.31,25,0,0.00,7,0,0.00,0.00,0,0.00,0,0,0,0.00,0,6,0.00,12,1.89,87,N/A,N/A,N/A,N/A,0.00,0,0.00,0,0.79,0.00,0,81.48,50.00,89,72,0.04,0.31,1,13,13,0,0,0,0.09,0.63,2,84,40.04,1.17,8.50,27,0,0.00,0.00,99,0.00,0,0,0,0.00,0.00,0,0.00,0.00,0.31,0.04,1,0,50.00,99,0,3,51,12,0.32,43,0.01,0.10,0.79,77,0.03,0.25,53,4,0.17,1.26,1.26,0.17,48,4,0.25,74,0,99,71,0,79,87,0,0.00,99,10,0.00,3.15,10.70,1.48,34,19,74,59,5.98,0.83,55.88,1,0.31,70,0,25.00,0,0.00,99,1,0.04,0.31,60,4,55,98,0,0,0,0,0,72,86,99,56,0,33,88,42,73,1,17,62,49,N/A,N/A
Víctor Camarasa,31,770108400,1994/05/28,NB I,2025/2026,Midfielder,Debrecen,12,6,6,Spain,2,1,1,0,0,0,0,0,0,0,0,1,0,1,0,0,0,0,0,0,0,0,0,0,0,0,0,6,0,0,0,-1,-1,-1,26,280000,1.46,0,46,37.50,0.56,64,5,0.44,4,69,30.00,66,0.00,0.00,0.00,0,0.00,0.11,0.00,0.00,0,0.00,0.00,0.00,0.00,0.00,0.00,0.00,0.00,0.00,7.50,0.11,0.00,0.00,0.00,0.01,0.00,0.00,0.00,0.00,0,0,,1,0.11,99,0,0.00,18,1,7.50,99,0,2,0,5,0.00,99,0,0,0.00,8,1,29,7.50,95,0,0.00,99,0,0.00,0,0,0.00,0,0.00,9,0,0.00,7,0,0.00,0.00,0,0.00,0,0,0,0.00,0,0,0.00,99,0.00,0,N/A,N/A,N/A,N/A,0.00,0,0.00,0,0.05,0.00,0,80.00,0.00,18,99,0.00,0.00,0,13,13,0,0,0,0.00,0.00,0,20,13.14,0.00,0.00,0,0,0.00,0.00,99,0.00,0,0,0,0.00,0.00,0,0.00,0.00,0.00,0.00,0,0,0.00,38,0,0,37,0,0.01,31,0.00,0.08,0.05,90,0.01,0.38,2,0,0.00,0.00,0.00,0.00,4,0,0.38,89,0,0,71,0,46,0,0,0.00,99,0,0.00,0.00,0.00,0.00,0,0,0,0,0.00,0.00,0.00,0,0.00,99,0,0.00,0,0.00,99,0,0.00,0.00,29,0,45,15,0,0,0,0,0,24,37,51,56,0,88,99,14,14,0,0,14,6,N/A,N/A
Viktor Petrók,56,N/A,N/A,NB I,2025/2026,Midfielder,Zalaegerszegi TE,0,0,0,,0,0,0,0,0,0,0,0,0,0,0,0,0,0,0,0,0,0,0,0,0,0,0,0,0,0,0,0,0,0,0,-1,-1,-1,-1,N/A,N/A,N/A,N/A,N/A,N/A,N/A,N/A,N/A,N/A,N/A,N/A,N/A,N/A,N/A,N/A,N/A,N/A,N/A,N/A,N/A,N/A,N/A,N/A,N/A,N/A,N/A,N/A,N/A,N/A,N/A,N/A,N/A,N/A,N/A,N/A,N/A,N/A,N/A,N/A,N/A,N/A,N/A,N/A,N/A,N/A,N/A,N/A,N/A,N/A,N/A,N/A,N/A,N/A,N/A,N/A,N/A,N/A,N/A,N/A,N/A,N/A,N/A,N/A,N/A,N/A,N/A,N/A,N/A,N/A,N/A,N/A,N/A,N/A,N/A,N/A,N/A,N/A,N/A,N/A,N/A,N/A,N/A,N/A,N/A,N/A,N/A,N/A,N/A,N/A,N/A,N/A,N/A,N/A,N/A,N/A,N/A,N/A,N/A,N/A,N/A,N/A,N/A,N/A,N/A,N/A,N/A,N/A,N/A,N/A,N/A,N/A,N/A,N/A,N/A,N/A,N/A,N/A,N/A,N/A,N/A,N/A,N/A,N/A,N/A,N/A,N/A,N/A,N/A,N/A,N/A,N/A,N/A,N/A,N/A,N/A,N/A,N/A,N/A,N/A,N/A,N/A,N/A,N/A,N/A,N/A,N/A,N/A,N/A,N/A,N/A,N/A,N/A,N/A,N/A,N/A,N/A,N/A,N/A,N/A,N/A,N/A,N/A,N/A,N/A,N/A,N/A,N/A,N/A,N/A,N/A,N/A,N/A,N/A,N/A,N/A,N/A,N/A,N/A,N/A,N/A,N/A,N/A,N/A,N/A,N/A,N/A,N/A,N/A,N/A,N/A,N/A,N/A,N/A,N/A,N/A,N/A,N/A,N/A,N/A,N/A,N/A,N/A,N/A,N/A,N/A,N/A,N/A,N/A,N/A,N/A,N/A,N/A,N/A,N/A,N/A,N/A,N/A,N/A,N/A,N/A,N/A,N/A,N/A
Viktor Vitályos,18,1184742000,2007/07/18,NB I,2025/2026,Midfielder,MTK,913,442,471,Hungary,14,8,6,0,0,0,1,1,0,0,0,3,2,1,22,12,10,4,1,0.1,0.1,0,0,0,0,2.17,42,65,228,913,0.39,261,96,-1,22,24000,5.58,0.07,63,47.71,26.44,85,423,21.31,341,71,38.46,84,0.00,0.00,0.25,4,0.00,0.50,1.58,0.88,14,0.00,0.12,0.00,0.00,0.00,1.06,0.38,0.94,0.00,0.34,0.12,0.81,0.00,0.06,0.01,0.00,1.81,0.00,0.00,0,0,,3,0.19,21,1,0.11,27,2,0.23,20,2,5,9,62,0.00,99,0,17,1.92,98,8,71,0.90,47,0,0.00,99,0,0.00,0,0,0.00,0,0.45,31,13,1.47,60,6,0.68,46.15,0,0.00,0,0,0,0.00,0,15,0.00,4,1.69,80,N/A,N/A,N/A,N/A,0.00,0,0.00,0,0.24,0.00,0,80.61,33.33,56,81,0.12,0.23,2,64,61,0,0,0,0.81,1.47,13,99,89.31,3.44,6.20,55,0,0.00,0.00,99,0.00,0,0,0,0.00,0.00,0,0.00,0.00,0.00,0.00,0,0,0.00,38,42,35,37,5,1.50,70,0.09,0.17,0.24,22,0.01,0.03,32,7,0.44,0.79,1.02,0.56,33,9,0.03,22,43,91,71,0,46,88,0,0.00,99,29,0.00,3.27,10.71,5.94,95,56,80,60,6.32,3.50,58.95,2,0.23,76,0,25.00,0,0.00,99,2,0.12,0.23,53,39,69,55,0,0,0,0,0,36,37,51,56,0,22,53,31,83,3,21,73,30,N/A,N/A
Vilius Armalas,25,964162800,2000/07/21,NB I,2025/2026,Midfielder,MTK,304,90,214,Lithuania,5,1,4,0,0,0,1,0,1,0,0,1,0,1,5,1,4,0,0,0.3,0.3,0,0,0,0,1.48,61,61,0,304,0,202,17,-1,28,96000,4.01,0.2,94,29.01,12.25,35,98,7.12,57,4,16.88,20,0.00,0.00,0.25,2,0.00,0.25,1.48,0.62,5,0.00,0.12,0.00,0.00,0.00,0.50,0.12,0.62,0.00,0.59,0.25,0.25,0.00,0.00,0.01,0.00,1.38,0.00,0.00,0,0,,2,0.25,33,0,0.00,18,2,0.59,43,0,2,3,55,0.00,99,0,4,1.18,74,2,29,0.59,37,0,0.00,99,0,0.00,0,0,0.00,0,0.59,39,2,0.59,32,1,0.30,50.00,0,0.00,0,0,0,0.00,0,5,0.00,42,1.48,68,N/A,N/A,N/A,N/A,0.00,0,0.00,0,0.11,0.00,0,58.16,0.00,18,20,0.38,0.89,3,36,73,0,0,0,0.00,0.00,0,20,32.11,2.38,5.62,19,1,0.00,0.30,0,0.12,0,0,0,0.00,0.00,0,0.00,0.00,0.00,0.00,0,0,0.00,38,0,0,37,43,0.79,87,0.10,0.23,0.11,22,0.01,0.03,36,3,0.38,0.89,2.66,1.12,93,9,0.03,22,13,87,71,0,46,88,0,0.00,99,11,0.00,3.26,11.25,4.75,38,19,63,66,5.62,2.38,50.00,1,0.30,71,0,0.00,0,0.00,99,0,0.00,0.00,29,4,45,15,0,0,0,0,0,69,37,51,56,0,43,51,14,14,0,0,14,26,N/A,N/A
Vilmos Borsos,25,969519600,2000/09/21,NB I,2025/2026,Goalkeeper,Zalaegerszegi TE,0,0,0,Hungary,0,0,0,0,0,0,0,0,0,0,0,0,0,0,0,0,0,0,0,0,0,0,0,0,0,0,0,0,0,0,0,-1,-1,-1,-1,N/A,N/A,N/A,N/A,N/A,N/A,N/A,N/A,N/A,N/A,N/A,N/A,N/A,N/A,N/A,N/A,N/A,N/A,N/A,N/A,N/A,N/A,N/A,N/A,N/A,N/A,N/A,N/A,N/A,N/A,N/A,N/A,N/A,N/A,N/A,N/A,N/A,N/A,N/A,N/A,N/A,N/A,N/A,N/A,N/A,N/A,N/A,N/A,N/A,N/A,N/A,N/A,N/A,N/A,N/A,N/A,N/A,N/A,N/A,N/A,N/A,N/A,N/A,N/A,N/A,N/A,N/A,N/A,N/A,N/A,N/A,N/A,N/A,N/A,N/A,N/A,N/A,N/A,N/A,N/A,N/A,N/A,N/A,N/A,N/A,N/A,N/A,N/A,N/A,N/A,N/A,N/A,N/A,N/A,N/A,N/A,N/A,N/A,N/A,N/A,N/A,N/A,N/A,N/A,N/A,N/A,N/A,N/A,N/A,N/A,N/A,N/A,N/A,N/A,N/A,N/A,N/A,N/A,N/A,N/A,N/A,N/A,N/A,N/A,N/A,N/A,N/A,N/A,N/A,N/A,N/A,N/A,N/A,N/A,N/A,N/A,N/A,N/A,N/A,N/A,N/A,N/A,N/A,N/A,N/A,N/A,N/A,N/A,N/A,N/A,N/A,N/A,N/A,N/A,N/A,N/A,N/A,N/A,N/A,N/A,N/A,N/A,N/A,N/A,N/A,N/A,N/A,N/A,N/A,N/A,N/A,N/A,N/A,N/A,N/A,N/A,N/A,N/A,N/A,N/A,N/A,N/A,N/A,N/A,N/A,N/A,N/A,N/A,N/A,N/A,N/A,N/A,N/A,N/A,N/A,N/A,N/A,N/A,N/A,N/A,N/A,N/A,N/A,N/A,N/A,N/A,N/A,N/A,N/A,N/A,N/A,N/A,N/A,N/A,N/A,N/A,N/A,N/A,N/A,N/A,N/A,N/A,N/A,N/A
Vince Tóbiás Nyíri,24,993625200,2001/06/27,NB I,2025/2026,Defender,Kazincbarcika,714,373,341,Hungary,12,6,6,1,0,1,0,0,0,0,0,2,0,2,14,8,6,1,0,0.13,0,0.13,0,0.26,714,1.76,51,60,714,0,0.13,111,191,73,12,70000,2.96,0,46,37.63,11.69,64,304,9.15,238,61,29.46,64,0.00,0.00,0.08,2,0.00,0.38,1.11,0.35,9,0.00,0.12,0.00,0.00,0.00,0.23,0.19,0.46,3.00,0.37,0.08,0.46,0.00,0.04,0.03,0.00,0.35,0.00,0.00,0,0,,3,0.12,22,1,0.12,28,2,0.25,21,2,3,9,33,0.00,99,0,6,0.74,51,10,32,1.24,57,0,0.00,99,0,0.00,0,0,0.00,0,0.25,22,12,1.49,61,5,0.62,41.67,0,0.00,0,0,0,0.00,0,12,0.00,19,1.49,69,N/A,N/A,N/A,N/A,0.00,0,0.00,0,0.83,0.00,0,78.29,33.33,56,40,0.19,0.62,5,61,50,0,0,0,0.15,0.50,4,78,76.85,1.15,3.71,30,0,0.00,0.00,99,0.00,0,0,0,0.00,0.00,0,0.00,0.00,0.00,0.00,0,0,33.33,98,28,24,81,19,0.55,22,0.02,0.07,0.83,47,0.03,0.10,85,17,0.65,2.10,1.98,0.62,83,16,0.10,45,3,75,71,0,46,43,0,0.00,99,9,0.00,1.11,10.28,3.19,83,40,46,56,4.95,1.54,48.19,3,0.37,68,0,10.00,0,0.00,99,1,0.04,0.12,40,39,55,55,0,0,0,0,0,42,60,77,56,0,31,45,85,32,1,8,29,17,N/A,N/A
Wojciech Golla,34,695203200,1992/01/12,NB I,2025/2026,Defender,Puskás,2099,929,1170,Poland,24,11,13,2,0,2,1,1,0,0,0,6,2,4,27,13,14,5,0,0.13,0.04,0.09,0,0.15,1050,1.16,78,87,420,2099,0.21,136,139,29,4,260000,6.94,0.04,47,49.22,47.83,88,1148,40.96,983,89,42.15,89,0.00,0.00,0.25,6,0.00,0.25,1.11,1.08,26,0.00,0.04,0.00,0.00,0.00,1.62,0.08,1.00,10.00,0.86,0.62,0.21,0.00,0.21,0.10,0.00,3.21,0.00,0.00,0,0,,20,0.83,45,5,0.21,41,15,0.64,49,1,0,24,33,0.00,99,0,39,1.67,92,6,48,0.26,25,0,0.00,99,0,0.00,0,0,0.00,0,0.26,23,5,0.21,15,2,0.09,40.00,0,0.00,0,0,0,0.00,0,24,0.00,71,1.03,32,N/A,N/A,N/A,N/A,0.00,0,0.00,0,2.51,0.00,0,85.63,25.00,38,46,0.54,0.56,13,19,45,0,0,0,0.75,0.77,18,88,166.58,5.79,5.96,139,2,0.00,0.09,11,0.08,0,0,0,0.00,0.00,0,0.00,0.00,0.17,0.17,4,0,10.00,61,96,95,90,72,2.96,57,0.12,0.13,2.51,51,0.10,0.11,9,8,0.33,0.34,1.24,1.21,47,29,0.11,49,89,89,71,0,68,90,0,0.00,99,77,0.00,3.30,8.62,8.38,201,113,45,34,4.85,4.71,56.22,1,0.04,88,0,16.67,0,0.00,99,1,0.04,0.04,29,97,22,35,0,0,0,0,0,42,50,65,56,0,85,65,60,54,5,21,73,14,N/A,N/A
Yohan Croizet,34,698140800,1992/02/15,NB I,2025/2026,Midfielder,Diósgyőr,842,487,355,France,16,8,8,2,0,2,2,1,1,0,0,1,1,0,13,8,5,0,0,0.43,0.21,0.21,0,0.51,421,1.39,65,53,0,421,0,68,39,-1,5,0,6.26,0.12,88,26.40,15.44,26,247,12.56,201,73,21.48,39,0.00,0.00,0.69,11,0.00,1.62,0.75,0.44,7,0.00,1.12,0.00,0.00,0.00,0.00,0.69,0.62,8.50,1.82,0.56,1.75,0.00,0.50,0.16,0.00,0.56,0.00,0.00,0,0,,17,1.06,75,8,0.86,83,9,0.96,70,2,7,9,20,0.00,99,0,0,0.00,8,26,42,2.78,75,0,0.00,99,0,0.00,0,0,0.00,0,1.18,69,28,2.99,90,11,1.18,39.29,0,0.00,0,0,0,0.00,0,10,0.00,49,1.07,35,N/A,N/A,N/A,N/A,0.00,0,0.00,0,2.54,0.00,0,81.38,47.06,83,36,0.38,0.64,6,89,42,2,0,0,0.00,0.00,0,20,100.11,0.44,0.75,7,0,0.00,0.00,99,0.00,0,2,0,0.00,0.00,0,0.00,0.00,0.43,0.25,4,0,11.76,66,35,46,60,50,2.00,84,0.12,0.21,1.14,53,0.07,0.12,92,23,1.44,2.46,1.82,1.06,77,17,0.27,77,60,16,71,0,85,38,0,0.00,99,9,0.00,0.96,12.61,7.38,118,50,55,76,5.34,3.12,42.37,18,1.92,5,0,15.38,0,0.00,99,4,0.25,0.43,66,39,80,55,0,0,0,0,0,82,77,95,56,0,21,7,14,14,0,0,14,10,0,0
Yurii Toma,29,830588400,1996/04/27,NB I,2025/2026,Midfielder,Nyíregyháza Spartacus,1027,655,372,Ukraine,22,12,10,1,0,1,1,1,0,0,0,2,0,2,19,10,9,4,0,0.18,0.09,0.09,0,0.24,1027,1.67,54,47,257,1027,0.35,140,104,-1,13,80000,5.27,0.05,61,31.84,14.56,45,364,10.80,270,40,23.62,45,0.00,0.00,0.40,10,0.00,0.32,2.71,1.24,31,0.00,0.60,0.00,0.00,0.00,0.72,0.16,0.52,10.00,0.87,0.28,0.56,0.00,0.12,0.05,0.00,0.36,0.00,0.00,0,0,,10,0.40,45,3,0.26,44,7,0.61,45,5,14,8,95,0.00,99,0,18,1.57,90,8,89,0.70,41,0,0.00,99,0,0.00,0,0,0.00,0,0.87,54,14,1.22,53,4,0.35,28.57,0,0.00,0,0,0,0.00,0,13,0.00,27,1.14,41,N/A,N/A,N/A,N/A,0.00,0,0.00,0,1.34,0.00,0,74.18,30.00,45,12,0.48,1.05,12,40,26,0,0,0,0.16,0.35,4,64,131.75,0.96,2.10,24,0,0.00,0.00,99,0.00,0,0,0,0.00,0.00,0,0.00,0.00,0.17,0.08,2,0,10.00,61,49,82,89,27,1.45,57,0.06,0.13,1.34,53,0.05,0.12,74,20,0.80,1.75,3.32,1.52,99,38,0.12,51,36,58,71,0,68,30,0,0.00,99,9,0.00,0.79,13.29,6.08,152,64,62,81,5.60,2.56,42.11,15,1.31,16,0,37.50,0,0.00,99,3,0.12,0.26,57,31,98,88,0,0,0,0,0,51,50,75,56,0,36,16,36,79,4,18,65,6,N/A,N/A
Zalán Kerezsi,22,1058425200,2003/07/17,NB I,2025/2026,Forward,MTK,864,402,462,Hungary,17,9,8,3,1,2,0,0,0,0,0,4,3,1,13,6,7,2,0,0.31,0,0.31,0.22,0.39,288,1.35,66,51,432,0,0.21,41,244,-1,6,0,5.68,0,46,26.09,14.35,24,287,10.40,208,32,18.91,29,0.00,0.00,0.50,10,0.00,2.45,1.27,0.70,14,0.00,0.60,0.00,0.00,0.00,0.50,0.55,0.95,5.00,1.36,0.35,1.65,0.00,0.40,0.16,0.00,0.50,0.00,0.00,0,0,,15,0.75,64,8,0.73,76,7,0.64,49,2,8,9,44,0.00,99,0,10,0.91,61,49,50,4.45,88,0,0.00,99,0,0.00,0,0,0.00,0,0.91,59,33,3.00,91,11,1.00,33.33,0,0.00,0,0,0,0.00,0,19,0.00,53,1.73,81,N/A,N/A,N/A,N/A,0.00,0,0.00,0,3.13,0.00,0,72.47,53.33,90,4,0.75,1.36,15,81,35,0,0,0,0.10,0.18,2,45,113.53,0.75,1.36,15,0,0.00,0.00,99,0.00,0,0,1,0.05,0.09,0,0.00,0.00,0.45,0.25,5,0,20.00,86,37,51,51,53,0.89,31,0.04,0.08,3.13,80,0.16,0.28,96,31,1.55,2.82,0.64,0.35,14,7,0.28,78,46,39,90,0,86,37,0,0.00,99,10,0.00,0.91,12.73,7.00,140,65,71,78,5.91,3.25,46.43,12,1.09,22,0,18.37,0,0.00,99,9,0.45,0.82,84,39,84,55,0,0,0,0,0,71,86,89,76,0,21,59,62,54,2,12,47,20,0,0
Žan Mauricio,21,1100592000,2004/11/16,NB I,2025/2026,Goalkeeper,Zalaegerszegi TE,0,0,0,Slovenia,0,0,0,0,0,0,0,0,0,0,0,0,0,0,0,0,0,0,0,0,0,0,0,0,0,0,0,0,0,0,0,-1,-1,-1,-1,N/A,N/A,N/A,N/A,N/A,N/A,N/A,N/A,N/A,N/A,N/A,N/A,N/A,N/A,N/A,N/A,N/A,N/A,N/A,N/A,N/A,N/A,N/A,N/A,N/A,N/A,N/A,N/A,N/A,N/A,N/A,N/A,N/A,N/A,N/A,N/A,N/A,N/A,N/A,N/A,N/A,N/A,N/A,N/A,N/A,N/A,N/A,N/A,N/A,N/A,N/A,N/A,N/A,N/A,N/A,N/A,N/A,N/A,N/A,N/A,N/A,N/A,N/A,N/A,N/A,N/A,N/A,N/A,N/A,N/A,N/A,N/A,N/A,N/A,N/A,N/A,N/A,N/A,N/A,N/A,N/A,N/A,N/A,N/A,N/A,N/A,N/A,N/A,N/A,N/A,N/A,N/A,N/A,N/A,N/A,N/A,N/A,N/A,N/A,N/A,N/A,N/A,N/A,N/A,N/A,N/A,N/A,N/A,N/A,N/A,N/A,N/A,N/A,N/A,N/A,N/A,N/A,N/A,N/A,N/A,N/A,N/A,N/A,N/A,N/A,N/A,N/A,N/A,N/A,N/A,N/A,N/A,N/A,N/A,N/A,N/A,N/A,N/A,N/A,N/A,N/A,N/A,N/A,N/A,N/A,N/A,N/A,N/A,N/A,N/A,N/A,N/A,N/A,N/A,N/A,N/A,N/A,N/A,N/A,N/A,N/A,N/A,N/A,N/A,N/A,N/A,N/A,N/A,N/A,N/A,N/A,N/A,N/A,N/A,N/A,N/A,N/A,N/A,N/A,N/A,N/A,N/A,N/A,N/A,N/A,N/A,N/A,N/A,N/A,N/A,N/A,N/A,N/A,N/A,N/A,N/A,N/A,N/A,N/A,N/A,N/A,N/A,N/A,N/A,N/A,N/A,N/A,N/A,N/A,N/A,N/A,N/A,N/A,N/A,N/A,N/A,N/A,N/A,N/A,N/A,N/A,N/A,N/A,N/A
Željko Gavrić,25,976003200,2000/12/05,NB I,2025/2026,Midfielder,Győri ETO,1464,778,686,Serbia,21,10,11,6,3,3,2,1,1,0,0,8,5,3,15,5,10,3,0,0.49,0.12,0.37,0.35,0.39,244,0.92,98,70,488,732,0.18,29,88,-1,2,288000,6.62,0.1,67,34.34,26.00,56,546,22.19,466,88,29.31,64,0.00,0.00,1.19,25,0.00,0.52,0.69,0.52,11,0.00,1.14,0.00,0.00,0.00,0.38,0.81,0.67,5.33,2.01,0.76,1.95,0.00,0.76,0.30,0.00,0.19,0.00,0.00,0,0,,32,1.52,80,16,1.01,88,16,1.01,72,1,3,18,19,0.00,99,0,8,0.50,32,11,88,0.69,40,0,0.00,99,0,0.00,0,0,0.00,0,1.57,81,41,2.58,87,17,1.07,41.46,0,0.00,0,0,0,0.00,0,14,0.00,91,0.88,17,N/A,N/A,N/A,N/A,0.00,0,0.00,0,6.38,0.00,0,85.35,50.00,89,23,0.62,0.82,13,84,48,0,0,0,0.00,0.00,0,20,138.97,0.10,0.13,2,0,0.00,0.00,99,0.00,0,0,2,0.10,0.13,0,0.00,0.00,0.00,0.00,0,0,18.75,83,75,77,47,91,3.20,80,0.15,0.20,6.38,92,0.30,0.40,71,25,1.19,1.57,0.75,0.57,19,12,0.40,90,73,1,93,0,46,5,0,0.00,99,4,0.00,0.25,8.43,6.38,134,57,22,32,3.58,2.71,42.54,24,1.51,9,0,36.36,0,0.00,99,4,0.19,0.25,56,79,55,35,0,0,0,0,0,86,90,89,87,0,88,97,68,46,3,14,53,80,N/A,N/A
Zétény Péter Garai,18,1195632000,2007/11/21,NB I,2025/2026,Midfielder,Zalaegerszegi TE,0,0,0,Hungary,0,0,0,0,0,0,0,0,0,0,0,0,0,0,0,0,0,0,0,0,0,0,0,0,0,0,0,0,0,0,0,-1,-1,-1,-1,N/A,N/A,N/A,N/A,N/A,N/A,N/A,N/A,N/A,N/A,N/A,N/A,N/A,N/A,N/A,N/A,N/A,N/A,N/A,N/A,N/A,N/A,N/A,N/A,N/A,N/A,N/A,N/A,N/A,N/A,N/A,N/A,N/A,N/A,N/A,N/A,N/A,N/A,N/A,N/A,N/A,N/A,N/A,N/A,N/A,N/A,N/A,N/A,N/A,N/A,N/A,N/A,N/A,N/A,N/A,N/A,N/A,N/A,N/A,N/A,N/A,N/A,N/A,N/A,N/A,N/A,N/A,N/A,N/A,N/A,N/A,N/A,N/A,N/A,N/A,N/A,N/A,N/A,N/A,N/A,N/A,N/A,N/A,N/A,N/A,N/A,N/A,N/A,N/A,N/A,N/A,N/A,N/A,N/A,N/A,N/A,N/A,N/A,N/A,N/A,N/A,N/A,N/A,N/A,N/A,N/A,N/A,N/A,N/A,N/A,N/A,N/A,N/A,N/A,N/A,N/A,N/A,N/A,N/A,N/A,N/A,N/A,N/A,N/A,N/A,N/A,N/A,N/A,N/A,N/A,N/A,N/A,N/A,N/A,N/A,N/A,N/A,N/A,N/A,N/A,N/A,N/A,N/A,N/A,N/A,N/A,N/A,N/A,N/A,N/A,N/A,N/A,N/A,N/A,N/A,N/A,N/A,N/A,N/A,N/A,N/A,N/A,N/A,N/A,N/A,N/A,N/A,N/A,N/A,N/A,N/A,N/A,N/A,N/A,N/A,N/A,N/A,N/A,N/A,N/A,N/A,N/A,N/A,N/A,N/A,N/A,N/A,N/A,N/A,N/A,N/A,N/A,N/A,N/A,N/A,N/A,N/A,N/A,N/A,N/A,N/A,N/A,N/A,N/A,N/A,N/A,N/A,N/A,N/A,N/A,N/A,N/A,N/A,N/A,N/A,N/A,N/A,N/A,N/A,N/A,N/A,N/A,N/A,N/A
Zétény Varga,19,1153292400,2006/07/19,NB I,2025/2026,Midfielder,Diósgyőr,57,23,34,Hungary,2,1,1,0,0,0,0,0,0,0,0,0,0,0,2,2,0,0,0,0,0,0,0,0,0,3.16,29,29,0,0,0,-1,-1,-1,20,0,1.68,0,46,22.11,1.75,13,14,0.88,7,1,11.05,3,0.00,0.00,0.12,1,0.00,0.38,3.16,0.25,2,0.00,0.00,0.00,0.00,0.00,0.00,0.12,0.25,0.00,4.74,0.38,0.25,0.00,0.00,0.02,0.00,0.12,0.00,0.00,0,0,,3,0.38,99,0,0.00,18,3,4.74,99,0,2,0,98,0.00,99,0,0,0.00,8,3,29,4.74,89,0,0.00,99,0,0.00,0,0,0.00,0,1.58,82,2,3.16,91,1,1.58,50.00,0,0.00,0,0,0,0.00,0,2,0.00,0,3.16,93,N/A,N/A,N/A,N/A,0.00,0,0.00,0,0.13,0.00,0,50.00,0.00,18,99,0.00,0.00,0,93,73,0,0,0,0.12,1.58,1,99,13.43,0.12,1.58,1,0,0.00,0.00,99,0.00,0,0,0,0.00,0.00,0,0.00,0.00,0.00,0.00,0,0,0.00,38,0,0,37,0,0.05,31,0.01,0.08,0.13,69,0.02,0.21,71,1,0.12,1.58,1.58,0.12,68,1,0.21,66,0,45,71,0,46,60,0,0.00,99,1,0.00,1.58,14.21,1.12,9,5,97,87,7.89,0.62,55.56,0,0.00,99,0,0.00,0,0.00,99,0,0.00,0.00,29,0,45,15,0,0,0,0,0,24,37,51,56,0,21,4,14,14,0,0,14,68,0,0
Zoárd Nagy,25,956041200,2000/04/18,NB I,2025/2026,Forward,Puskás,53,51,2,Hungary,5,3,2,0,0,0,0,0,0,0,0,1,1,0,2,1,1,1,0,0,0,0,0,0,0,3.4,27,11,53,0,1.7,-1,-1,-1,14,0,1.49,0,46,30.00,1.38,39,18,0.85,11,5,18.33,26,0.00,0.00,0.00,0,0.00,0.00,0.00,0.00,0,0.00,0.08,0.00,0.00,0.00,0.00,0.00,0.23,0.00,1.67,0.08,0.08,0.00,0.00,0.00,0.00,0.23,0.00,0.00,0,0,,1,0.08,71,0,0.00,18,1,1.67,93,0,5,0,5,0.00,99,0,0,0.00,8,0,29,0.00,13,0,0.00,99,0,0.00,0,0,0.00,0,0.00,9,1,1.67,67,0,0.00,0.00,0,0.00,0,0,0,0.00,0,3,0.00,0,5.00,98,N/A,N/A,N/A,N/A,0.00,0,0.00,0,0.06,0.00,0,61.11,0.00,18,99,0.00,0.00,0,13,13,0,0,0,0.00,0.00,0,20,19.39,0.00,0.00,0,0,0.00,0.00,99,0.00,0,0,0,0.00,0.00,0,0.00,0.00,0.00,0.00,0,0,0.00,38,0,0,37,0,0.02,3,0.00,0.03,0.06,47,0.00,0.10,99,6,0.46,10.00,1.67,0.08,71,1,0.10,45,0,0,71,0,46,97,0,0.00,99,3,0.00,5.00,28.33,1.31,17,9,99,99,15.00,0.69,52.94,1,1.67,7,0,0.00,0,0.00,99,0,0.00,0.00,29,0,69,15,0,0,0,0,0,24,37,51,56,0,21,51,14,99,1,20,69,99,0,0
Zoltán Pesti,20,1114326000,2005/04/24,NB I,2025/2026,Midfielder,Paksi SE,17,0,17,Hungary,1,0,1,0,0,0,0,0,0,0,0,0,0,0,0,0,0,0,0,0,0,0,0,0,0,0,0,17,0,0,0,-1,-1,-1,17,35000,1.11,0,46,5.29,0.17,0,1,0.17,1,99,5.29,0,0.00,0.00,0.00,0,0.00,0.00,0.00,0.00,0,0.00,0.00,0.00,0.00,0.00,0.00,0.17,0.00,0.00,5.29,0.17,0.17,0.00,0.00,0.01,0.00,0.17,0.00,0.00,0,0,,1,0.17,99,0,0.00,18,1,5.29,99,0,1,0,5,0.00,99,0,0,0.00,8,0,29,0.00,13,0,0.00,99,0,0.00,0,0,0.00,0,0.00,9,1,5.29,99,1,5.29,100.00,0,0.00,0,0,0,0.00,0,0,0.00,99,0.00,0,N/A,N/A,N/A,N/A,0.00,0,0.00,0,0.06,0.00,0,100.00,0.00,18,99,0.00,0.00,0,99,99,0,0,0,0.00,0.00,0,20,6.69,0.00,0.00,0,0,0.00,0.00,99,0.00,0,0,0,0.00,0.00,0,0.00,0.00,0.00,0.00,0,0,0.00,38,0,0,37,0,0.00,0,0.00,0.00,0.06,85,0.01,0.32,99,1,0.17,5.29,0.00,0.00,4,0,0.32,83,0,0,71,0,46,98,0,0.00,99,1,0.00,5.29,26.47,0.83,5,3,99,99,15.88,0.50,60.00,0,0.00,99,0,0.00,0,0.00,99,0,0.00,0.00,29,0,36,15,0,0,0,0,0,24,37,51,56,0,22,4,14,14,0,0,14,16,N/A,N/A
Zsolt Haraszti,34,689241600,1991/11/04,NB I,2025/2026,Forward,Paksi SE,205,60,145,Hungary,8,4,4,0,0,0,1,1,0,0,0,2,1,1,4,2,2,2,0,0.44,0.44,0,0,0,0,1.76,51,26,103,205,0.88,-1,-1,-1,21,0,4.16,0.12,98,39.26,6.85,71,89,5.62,73,76,32.21,72,0.00,0.00,0.54,7,0.00,2.15,1.32,0.23,3,0.00,0.08,0.00,0.00,0.00,0.08,0.00,0.15,0.00,0.00,0.00,0.23,0.00,0.00,0.00,0.00,0.08,0.00,0.00,0,0,,0,0.00,8,0,0.00,18,0,0.00,10,4,6,2,45,0.00,99,0,1,0.44,30,28,71,12.35,99,0,0.00,99,0,0.00,0,0,0.00,0,3.09,99,3,1.32,56,0,0.00,0.00,0,0.00,0,0,0,0.00,0,2,0.00,19,0.88,17,N/A,N/A,N/A,N/A,0.00,0,0.00,0,0.00,0.00,0,82.02,0.00,18,60,0.08,0.44,1,13,13,0,0,0,0.08,0.44,1,71,54.14,0.08,0.44,1,0,0.00,0.00,99,0.00,0,0,0,0.00,0.00,0,0.00,0.00,0.88,0.15,2,0,0.00,38,0,9,37,19,1.00,99,0.08,0.44,0.00,9,0.00,0.00,74,4,0.31,1.76,1.32,0.23,53,3,0.00,9,16,7,71,0,96,14,0,0.00,99,1,0.00,0.44,7.94,1.38,18,7,13,27,3.09,0.54,38.89,1,0.44,61,0,25.00,0,0.00,99,7,0.54,3.09,99,2,76,83,0,0,0,0,0,82,37,51,56,0,21,65,14,99,2,25,85,10,0,0
Zsolt Nagy,32,738313200,1993/05/25,NB I,2025/2026,Midfielder,Puskás,1795,969,826,Hungary,21,11,10,6,1,5,1,1,0,0,0,6,2,4,23,13,10,4,0,0.35,0.05,0.3,0.09,0.54,299,1.15,78,85,449,1795,0.2,43,134,-1,2,550000,6.95,0.05,50,25.30,24.10,23,506,15.38,323,8,16.15,18,0.00,0.00,1.38,29,0.00,2.57,1.65,1.57,33,0.00,1.10,0.00,0.00,0.00,1.05,0.38,1.00,12.80,3.20,2.19,1.29,0.00,0.86,0.36,0.00,2.43,0.00,0.00,0,0,,64,3.05,97,18,0.90,85,46,2.30,99,7,0,21,65,0.00,99,0,22,1.10,72,54,72,2.70,74,0,0.00,99,0,0.00,0,0,0.00,0,1.45,77,27,1.35,57,8,0.40,29.63,0,0.00,0,0,0,0.00,0,21,0.00,72,1.05,32,N/A,N/A,N/A,N/A,0.00,0,0.00,0,7.51,0.00,0,63.83,28.12,41,5,1.24,1.30,26,43,28,4,0,0,0.19,0.20,4,48,145.88,2.19,2.30,46,0,0.00,0.00,99,0.00,0,4,1,0.05,0.05,0,0.00,0.00,0.20,0.19,4,1,7.81,51,86,77,52,72,1.50,31,0.07,0.08,4.71,75,0.22,0.24,55,26,1.24,1.30,1.95,1.86,83,39,0.38,89,90,60,77,0,72,76,0,0.00,99,51,0.00,2.55,13.05,12.43,261,115,67,80,5.75,5.48,44.06,23,1.15,20,0,25.93,0,0.00,99,14,0.67,0.70,79,89,22,97,0,0,0,0,0,75,85,96,58,0,98,75,64,51,4,19,66,25,N/A,N/A
Zsombor Berecz,30,818841600,1995/12/13,NB I,2025/2026,Midfielder,Kazincbarcika,993,513,480,Hungary,13,7,6,0,0,0,1,0,1,0,0,2,1,1,19,9,10,3,0,0.09,0.09,0,0,0,0,1.72,52,76,331,993,0.27,171,105,-1,16,95000,6.84,0.08,61,38.56,32.69,67,425,26.15,340,69,30.85,67,0.00,0.00,0.69,9,0.00,0.38,2.00,1.69,22,0.00,0.38,0.00,0.00,0.00,0.77,0.62,1.62,0.00,1.18,0.62,0.92,0.00,0.38,0.08,0.00,1.08,0.00,0.00,0,0,,13,1.00,58,5,0.45,61,8,0.73,53,8,2,11,76,0.00,99,0,10,0.91,61,5,55,0.45,32,0,0.00,99,0,0.00,0,0,0.00,0,0.82,53,12,1.09,49,8,0.73,66.67,0,0.00,0,0,0,0.00,0,21,0.00,22,1.91,88,N/A,N/A,N/A,N/A,0.00,0,0.00,0,1.03,0.00,0,80.00,38.46,66,19,0.77,0.91,10,68,90,0,0,0,0.15,0.18,2,45,88.86,2.08,2.45,27,1,0.00,0.09,11,0.08,0,0,0,0.00,0.00,0,0.00,0.00,0.00,0.00,0,0,0.00,38,47,30,37,22,1.54,62,0.12,0.14,1.03,43,0.08,0.09,84,23,1.77,2.09,1.27,1.08,48,14,0.09,41,83,62,71,0,46,48,0,0.00,99,14,0.00,1.27,9.53,8.08,105,66,74,47,5.99,5.08,62.86,5,0.45,60,0,20.00,0,0.00,99,1,0.08,0.09,36,49,45,98,0,0,0,0,0,33,37,51,56,0,42,38,49,67,3,23,78,8,N/A,N/A
Zsombor Bévárdi,27,917683200,1999/01/30,NB I,2025/2026,Forward,Paksi SE,657,428,229,Hungary,13,7,6,0,0,0,0,0,0,0,0,2,1,1,15,12,3,1,0,0,0,0,0,0,0,2.05,44,51,657,0,0.14,207,228,-1,18,156000,3.50,0,46,21.89,5.76,13,144,4.28,107,41,16.27,19,0.00,0.00,0.44,11,0.00,2.20,2.13,0.56,14,0.00,0.24,0.00,0.00,0.00,0.32,0.12,0.44,0.00,1.37,0.20,0.48,0.00,0.16,0.03,0.00,0.36,0.00,0.00,0,0,,9,0.36,64,4,0.61,70,5,0.76,56,3,6,7,81,0.00,99,0,8,1.22,76,55,81,8.36,98,0,0.00,99,0,0.00,0,0,0.00,0,1.67,85,12,1.82,72,3,0.46,25.00,0,0.00,0,0,0,0.00,0,11,0.00,7,1.67,78,N/A,N/A,N/A,N/A,0.00,0,0.00,0,0.73,0.00,0,74.31,44.44,80,41,0.16,0.61,4,50,23,0,0,0,0.00,0.00,0,20,87.54,0.44,1.67,11,0,0.00,0.00,99,0.00,0,0,1,0.04,0.15,0,0.00,0.00,0.15,0.04,1,1,0.00,38,22,30,37,7,0.74,47,0.03,0.11,0.73,51,0.03,0.11,44,7,0.28,1.06,1.06,0.28,36,7,0.11,49,7,48,96,0,65,52,0,0.00,99,9,0.00,1.37,9.43,2.48,62,32,46,45,4.86,1.28,51.61,6,0.91,30,0,30.91,0,0.00,99,17,0.68,2.58,99,22,76,70,0,0,0,0,0,24,37,51,56,0,64,38,81,35,1,8,29,22,N/A,N/A
Zsombor Boros,21,1107763200,2005/02/07,NB I,2025/2026,Midfielder,Kazincbarcika,54,0,54,Hungary,1,0,1,0,0,0,0,0,0,0,0,0,0,0,2,0,2,0,0,0,0,0,0,0,0,3.33,27,54,0,0,0,-1,-1,-1,32,22000,0.56,0,46,18.33,1.00,7,11,0.73,8,34,13.33,11,0.00,0.00,0.00,0,0.00,0.09,1.67,0.09,1,0.00,0.09,0.00,0.00,0.00,0.00,0.00,0.18,0.00,0.00,0.00,0.00,0.00,0.00,0.00,0.00,0.00,0.00,0.00,0,0,,0,0.00,8,0,0.00,18,0,0.00,10,3,0,1,67,0.00,99,0,0,0.00,8,1,29,1.67,63,0,0.00,99,0,0.00,0,0,0.00,0,0.00,9,0,0.00,7,0,0.00,0.00,0,0.00,0,0,0,0.00,0,2,0.00,0,3.33,93,N/A,N/A,N/A,N/A,0.00,0,0.00,0,0.00,0.00,0,72.73,0.00,18,0,0.18,3.33,2,13,13,0,0,0,0.00,0.00,0,20,6.20,0.00,0.00,0,0,0.00,0.00,99,0.00,0,0,0,0.00,0.00,0,0.00,0.00,0.00,0.00,0,0,0.00,38,0,0,37,0,0.02,3,0.00,0.03,0.00,9,0.00,0.00,2,0,0.00,0.00,1.67,0.09,71,1,0.00,9,0,0,71,0,46,0,0,0.00,99,0,0.00,0.00,8.33,0.45,5,1,7,31,1.67,0.09,20.00,1,1.67,7,0,0.00,0,0.00,99,0,0.00,0.00,29,1,22,70,0,0,0,0,0,24,37,51,56,0,21,4,14,14,0,0,14,30,N/A,N/A
Zsombor Nagy,27,890467200,1998/03/21,NB I,2025/2026,Defender,Kazincbarcika,228,49,179,Hungary,4,2,2,0,0,0,0,0,0,0,0,1,0,1,3,2,1,0,0,0,0,0,0,0,0,1.18,76,57,0,0,0,-1,-1,-1,33,0,1.23,0,46,24.08,2.77,18,61,1.86,41,14,16.18,18,0.00,0.00,0.05,1,0.00,0.05,0.79,0.09,2,0.00,0.00,0.00,0.00,0.00,0.09,0.00,0.09,0.00,0.00,0.00,0.00,0.00,0.00,0.00,0.00,0.32,0.00,0.00,0,0,,0,0.00,8,0,0.00,18,0,0.00,10,3,1,3,21,0.00,99,0,2,0.79,53,1,99,0.39,30,0,0.00,99,0,0.00,0,0,0.00,0,0.39,29,0,0.00,7,0,0.00,0.00,0,0.00,0,0,0,0.00,0,2,0.00,68,0.79,10,N/A,N/A,N/A,N/A,0.00,0,0.00,0,0.00,0.00,0,67.21,0.00,18,65,0.05,0.39,1,13,13,0,0,0,0.09,0.79,2,89,27.11,0.68,5.92,15,0,0.00,0.00,99,0.00,0,0,0,0.00,0.00,0,0.00,0.00,0.00,0.00,0,0,0.00,38,0,0,37,68,0.13,11,0.01,0.05,0.00,9,0.00,0.00,71,4,0.18,1.58,0.39,0.05,9,1,0.00,9,0,88,71,0,46,81,0,0.00,99,7,0.00,2.76,6.71,0.77,17,13,50,16,5.13,0.59,76.47,0,0.00,99,0,100.00,0,0.00,99,1,0.05,0.39,64,4,36,70,0,0,0,0,0,24,37,51,56,0,21,65,14,14,0,0,14,3,0,0
Zsombor Szlifka,56,N/A,N/A,NB I,2025/2026,Defender,Diósgyőr,0,0,0,,0,0,0,0,0,0,0,0,0,0,0,0,0,0,0,0,0,0,0,0,0,0,0,0,0,0,0,0,0,0,0,-1,-1,-1,-1,N/A,N/A,N/A,N/A,N/A,N/A,N/A,N/A,N/A,N/A,N/A,N/A,N/A,N/A,N/A,N/A,N/A,N/A,N/A,N/A,N/A,N/A,N/A,N/A,N/A,N/A,N/A,N/A,N/A,N/A,N/A,N/A,N/A,N/A,N/A,N/A,N/A,N/A,N/A,N/A,N/A,N/A,N/A,N/A,N/A,N/A,N/A,N/A,N/A,N/A,N/A,N/A,N/A,N/A,N/A,N/A,N/A,N/A,N/A,N/A,N/A,N/A,N/A,N/A,N/A,N/A,N/A,N/A,N/A,N/A,N/A,N/A,N/A,N/A,N/A,N/A,N/A,N/A,N/A,N/A,N/A,N/A,N/A,N/A,N/A,N/A,N/A,N/A,N/A,N/A,N/A,N/A,N/A,N/A,N/A,N/A,N/A,N/A,N/A,N/A,N/A,N/A,N/A,N/A,N/A,N/A,N/A,N/A,N/A,N/A,N/A,N/A,N/A,N/A,N/A,N/A,N/A,N/A,N/A,N/A,N/A,N/A,N/A,N/A,N/A,N/A,N/A,N/A,N/A,N/A,N/A,N/A,N/A,N/A,N/A,N/A,N/A,N/A,N/A,N/A,N/A,N/A,N/A,N/A,N/A,N/A,N/A,N/A,N/A,N/A,N/A,N/A,N/A,N/A,N/A,N/A,N/A,N/A,N/A,N/A,N/A,N/A,N/A,N/A,N/A,N/A,N/A,N/A,N/A,N/A,N/A,N/A,N/A,N/A,N/A,N/A,N/A,N/A,N/A,N/A,N/A,N/A,N/A,N/A,N/A,N/A,N/A,N/A,N/A,N/A,N/A,N/A,N/A,N/A,N/A,N/A,N/A,N/A,N/A,N/A,N/A,N/A,N/A,N/A,N/A,N/A,N/A,N/A,N/A,N/A,N/A,N/A,N/A,N/A,N/A,N/A,N/A,N/A,N/A,N/A,N/A,N/A,N/A,N/A
Zsombor Vukk,56,N/A,N/A,NB I,2025/2026,Midfielder,Nyíregyháza Spartacus,0,0,0,,0,0,0,0,0,0,0,0,0,0,0,0,0,0,0,0,0,0,0,0,0,0,0,0,0,0,0,0,0,0,0,-1,-1,-1,-1,N/A,N/A,N/A,N/A,N/A,N/A,N/A,N/A,N/A,N/A,N/A,N/A,N/A,N/A,N/A,N/A,N/A,N/A,N/A,N/A,N/A,N/A,N/A,N/A,N/A,N/A,N/A,N/A,N/A,N/A,N/A,N/A,N/A,N/A,N/A,N/A,N/A,N/A,N/A,N/A,N/A,N/A,N/A,N/A,N/A,N/A,N/A,N/A,N/A,N/A,N/A,N/A,N/A,N/A,N/A,N/A,N/A,N/A,N/A,N/A,N/A,N/A,N/A,N/A,N/A,N/A,N/A,N/A,N/A,N/A,N/A,N/A,N/A,N/A,N/A,N/A,N/A,N/A,N/A,N/A,N/A,N/A,N/A,N/A,N/A,N/A,N/A,N/A,N/A,N/A,N/A,N/A,N/A,N/A,N/A,N/A,N/A,N/A,N/A,N/A,N/A,N/A,N/A,N/A,N/A,N/A,N/A,N/A,N/A,N/A,N/A,N/A,N/A,N/A,N/A,N/A,N/A,N/A,N/A,N/A,N/A,N/A,N/A,N/A,N/A,N/A,N/A,N/A,N/A,N/A,N/A,N/A,N/A,N/A,N/A,N/A,N/A,N/A,N/A,N/A,N/A,N/A,N/A,N/A,N/A,N/A,N/A,N/A,N/A,N/A,N/A,N/A,N/A,N/A,N/A,N/A,N/A,N/A,N/A,N/A,N/A,N/A,N/A,N/A,N/A,N/A,N/A,N/A,N/A,N/A,N/A,N/A,N/A,N/A,N/A,N/A,N/A,N/A,N/A,N/A,N/A,N/A,N/A,N/A,N/A,N/A,N/A,N/A,N/A,N/A,N/A,N/A,N/A,N/A,N/A,N/A,N/A,N/A,N/A,N/A,N/A,N/A,N/A,N/A,N/A,N/A,N/A,N/A,N/A,N/A,N/A,N/A,N/A,N/A,N/A,N/A,N/A,N/A,N/A,N/A,N/A,N/A,N/A,N/A
Đorđe Gordić,21,1099641600,2004/11/05,NB I,2025/2026,Forward,Debrecen,1063,559,504,Serbia,21,11,10,3,1,2,4,2,2,0,0,4,1,3,12,8,4,3,0,0.59,0.34,0.25,0.16,0.36,354,1.02,89,51,354,266,0.25,52,11,-1,5,0,5.69,0.19,96,30.23,14.88,40,387,12.23,318,77,24.84,50,0.00,0.00,0.65,17,0.00,0.54,1.88,0.92,24,0.00,1.12,0.00,0.00,0.00,0.42,0.58,0.42,5.67,1.33,0.35,1.46,0.00,0.31,0.12,0.00,0.23,0.00,0.00,0,0,,17,0.65,62,8,0.62,71,9,0.70,52,3,9,12,74,0.00,99,0,11,0.86,57,14,59,1.09,53,0,0.00,99,0,0.00,0,0,0.00,0,1.33,75,38,2.97,90,15,1.17,39.47,0,0.00,0,0,0,0.00,0,11,0.00,83,0.86,15,N/A,N/A,N/A,N/A,0.00,0,0.00,0,3.23,0.00,0,82.17,47.06,83,32,0.35,0.70,9,88,42,0,0,0,0.00,0.00,0,20,147.93,0.35,0.70,9,0,0.00,0.00,99,0.00,0,0,0,0.00,0.00,0,0.00,0.00,0.00,0.00,0,0,17.65,82,51,77,56,84,3.65,94,0.14,0.29,3.23,77,0.12,0.25,51,15,0.58,1.17,1.88,0.92,79,24,0.25,74,46,13,71,0,46,16,0,0.00,99,6,0.00,0.47,12.42,6.12,159,58,38,74,4.53,2.23,36.48,29,2.27,2,0,21.43,0,0.00,99,3,0.12,0.23,53,55,87,70,0,0,0,0,0,94,82,87,70,0,21,48,53,61,3,14,53,14,0,0
