full_name,age,birthday,birthday_GMT,league,season,position,Current Club,minutes_played_overall,minutes_played_home,minutes_played_away,nationality,appearances_overall,appearances_home,appearances_away,goals_overall,goals_home,goals_away,assists_overall,assists_home,assists_away,penalty_goals,penalty_misses,clean_sheets_overall,clean_sheets_home,clean_sheets_away,conceded_overall,conceded_home,conceded_away,yellow_cards_overall,red_cards_overall,goals_involved_per_90_overall,assists_per_90_overall,goals_per_90_overall,goals_per_90_home,goals_per_90_away,min_per_goal_overall,conceded_per_90_overall,min_per_conceded_overall,min_per_match,min_per_card_overall,min_per_assist_overall,cards_per_90_overall,rank_in_league_top_attackers,rank_in_league_top_midfielders,rank_in_league_top_defenders,rank_in_club_top_scorer,annual_salary_eur,average_rating_overall,assists_per_game_overall,assists_per90_percentile_overall,passes_per_90_overall,passes_per_game_overall,passes_per90_percentile_overall,passes_total_overall,passes_completed_per_game_overall,passes_completed_total_overall,pass_completion_rate_percentile_overall,passes_completed_per_90_overall,passes_completed_per90_percentile_overall,short_passes_per_game_overall,long_passes_per_game_overall,key_passes_per_game_overall,key_passes_total_overall,through_passes_per_game_overall,crosses_per_game_overall,tackles_per_90_overall,tackles_per_game_overall,tackles_total_overall,tackles_successful_per_game_overall,dispossesed_per_game_overall,possession_regained_per_game_overall,pressures_per_game_overall,saves_per_game_overall,interceptions_per_game_overall,dribbles_successful_per_game_overall,shots_faced_per_game_overall,shots_per_goal_scored_overall,shots_per_90_overall,shots_off_target_per_game_overall,dribbles_per_game_overall,distance_travelled_per_game_overall,shots_on_target_per_game_overall,xg_per_game_overall,chances_created_per_game_overall,aerial_duels_won_per_game_overall,aerial_duels_per_game_overall,possession_regained_per_90_overall,possession_regained_total_overall,possession_regained_per90_percentile_overall,additional_info,shots_total_overall,shots_per_game_overall,shots_per90_percentile_overall,shots_on_target_total_overall,shots_on_target_per_90_overall,shots_on_target_per90_percentile_overall,shots_off_target_total_overall,shots_off_target_per_90_overall,shots_off_target_per90_percentile_overall,games_subbed_out,games_subbed_in,games_started,tackles_per90_percentile_overall,tackles_successful_per_90_overall,tackles_successful_per90_percentile_overall,tackles_successful_total_overall,interceptions_total_overall,interceptions_per_90_overall,interceptions_per90_percentile_overall,crosses_total_overall,cross_completion_rate_percentile_overall,crosses_per_90_overall,crosses_per90_percentile_overall,through_passes_total_overall,through_passes_per_90_overall,through_passes_per90_percentile_overall,long_passes_total_overall,long_passes_per_90_overall,long_passes_per90_percentile_overall,short_passes_total_overall,short_passes_per_90_overall,short_passes_per90_percentile_overall,key_passes_per_90_overall,key_passes_per90_percentile_overall,dribbles_total_overall,dribbles_per_90_overall,dribbles_per90_percentile_overall,dribbles_successful_total_overall,dribbles_successful_per_90_overall,dribbles_successful_percentage_overall,chances_created_total_overall,chances_created_per_90_overall,chances_created_per90_percentile_overall,saves_total_overall,save_percentage_percentile_overall,saves_per_90_overall,saves_per90_percentile_overall,shots_faced_total_overall,shots_per_goal_conceded_overall,conceded_per90_percentile_overall,shots_faced_per_90_overall,shots_faced_per90_percentile_overall,xg_faced_per_90_overall,xg_faced_per90_percentile_overall,xg_faced_per_game_overall,xg_faced_total_overall,save_percentage_overall,pressures_total_overall,pressures_per_90_overall,pressures_per90_percentile_overall,xg_total_overall,market_value,market_value_percentile,pass_completion_rate_overall,shot_accuraccy_percentage_overall,shot_accuraccy_percentage_percentile_overall,dribbled_past_per90_percentile_overall,dribbled_past_per_game_overall,dribbled_past_per_90_overall,dribbled_past_total_overall,dribbles_successful_per90_percentile_overall,dribbles_successful_percentage_percentile_overall,pen_scored_total_overall,pen_missed_total_overall,inside_box_saves_total_overall,blocks_per_game_overall,blocks_per_90_overall,blocks_total_overall,blocks_per90_percentile_overall,ratings_total_overall,clearances_per_game_overall,clearances_per_90_overall,clearances_total_overall,pen_committed_total_overall,pen_save_percentage_overall,pen_committed_per_90_overall,pen_committed_per90_percentile_overall,pen_committed_per_game_overall,pens_saved_total_overall,pens_taken_total_overall,hit_woodwork_total_overall,hit_woodwork_per_game_overall,hit_woodwork_per_90_overall,punches_total_overall,punches_per_game_overall,punches_per_90_overall,offsides_per_90_overall,offsides_per_game_overall,offsides_total_overall,penalties_won_total_overall,shot_conversion_rate_overall,shot_conversion_rate_percentile_overall,minutes_played_percentile_overall,matches_played_percentile_overall,min_per_goal_percentile_overall,min_per_conceded_percentile_overall,xa_total_overall,xa_per90_percentile_overall,xa_per_game_overall,xa_per_90_overall,npxg_total_overall,npxg_per90_percentile_overall,npxg_per_game_overall,npxg_per_90_overall,fouls_drawn_per90_percentile_overall,fouls_drawn_total_overall,fouls_drawn_per_game_overall,fouls_drawn_per_90_overall,fouls_committed_per_90_overall,fouls_committed_per_game_overall,fouls_committed_per90_percentile_overall,fouls_committed_total_overall,xg_per_90_overall,xg_per90_percentile_overall,average_rating_percentile_overall,clearances_per90_percentile_overall,hit_woodwork_per90_percentile_overall,punches_per90_percentile_overall,offsides_per90_percentile_overall,aerial_duels_won_per90_percentile_overall,aerial_duels_total_overall,aerial_duels_per_90_overall,aerial_duels_per90_percentile_overall,aerial_duels_won_total_overall,aerial_duels_won_percentage_overall,aerial_duels_won_per_90_overall,duels_per_90_overall,duels_per_game_overall,duels_total_overall,duels_won_total_overall,duels_won_per90_percentile_overall,duels_per90_percentile_overall,duels_won_per_90_overall,duels_won_per_game_overall,duels_won_percentage_overall,dispossesed_total_overall,dispossesed_per_90_overall,dispossesed_per90_percentile_overall,progressive_passes_total_overall,cross_completion_rate_overall,distance_travelled_total_overall,distance_travelled_per_90_overall,distance_travelled_per90_percentile_overall,accurate_crosses_total_overall,accurate_crosses_per_game_overall,accurate_crosses_per_90_overall,accurate_crosses_per90_percentile_overall,games_started_percentile_overall,games_subbed_in_percentile_overall,games_subbed_out_percentile_overall,hattricks_total_overall,two_goals_in_a_game_total_overall,three_goals_in_a_game_total_overall,two_goals_in_a_game_percentage_overall,three_goals_in_a_game_percentage_overall,goals_involved_per90_percentile_overall,goals_per90_percentile_overall,goals_per90_percentile_away,goals_per90_percentile_home,man_of_the_match_total_overall,annual_salary_eur_percentile,clean_sheets_percentage_percentile_overall,min_per_card_percentile_overall,cards_per90_percentile_overall,booked_over05_overall,booked_over05_percentage_overall,booked_over05_percentage_percentile_overall,shirt_number,annual_salary_gbp,annual_salary_usd
,37,615884400,1989/07/08,First Division,2026,Midfielder,Stabæk,3960,1800,2160,China,44,20,24,3,1,2,0,0,0,0,0,10,4,6,41,15,26,0,0,0.07,0,0.07,0.05,0.08,1320,0.93,97,90,0,0,0,142,233,-1,7,N/A,N/A,N/A,N/A,N/A,N/A,N/A,N/A,N/A,N/A,N/A,N/A,N/A,N/A,N/A,N/A,N/A,N/A,N/A,N/A,N/A,N/A,N/A,N/A,N/A,N/A,N/A,N/A,N/A,N/A,N/A,N/A,N/A,N/A,N/A,N/A,N/A,N/A,N/A,N/A,N/A,N/A,N/A,N/A,N/A,N/A,N/A,N/A,N/A,N/A,N/A,N/A,N/A,N/A,N/A,N/A,N/A,N/A,N/A,N/A,N/A,N/A,N/A,N/A,N/A,N/A,N/A,N/A,N/A,N/A,N/A,N/A,N/A,N/A,N/A,N/A,N/A,N/A,N/A,N/A,N/A,N/A,N/A,N/A,N/A,N/A,N/A,N/A,N/A,N/A,N/A,N/A,N/A,N/A,N/A,N/A,N/A,N/A,N/A,N/A,N/A,N/A,N/A,N/A,N/A,N/A,N/A,N/A,N/A,N/A,N/A,N/A,N/A,N/A,N/A,N/A,N/A,N/A,N/A,N/A,N/A,N/A,N/A,N/A,N/A,N/A,N/A,N/A,N/A,N/A,N/A,N/A,N/A,N/A,N/A,N/A,N/A,N/A,N/A,N/A,N/A,N/A,N/A,N/A,N/A,N/A,N/A,N/A,N/A,N/A,N/A,N/A,N/A,N/A,N/A,N/A,N/A,N/A,N/A,N/A,N/A,N/A,N/A,N/A,N/A,N/A,N/A,N/A,N/A,N/A,N/A,N/A,N/A,N/A,N/A,N/A,N/A,N/A,N/A,N/A,N/A,N/A,N/A,N/A,N/A,N/A,N/A,N/A,N/A,N/A,N/A,N/A,N/A,N/A,N/A,N/A,N/A,N/A,N/A,N/A,N/A,N/A,N/A,N/A,N/A,N/A,N/A,N/A,N/A,N/A,N/A,N/A,N/A,N/A,N/A,N/A,N/A,N/A,N/A,N/A,N/A,N/A,N/A,N/A
Abderrahmane Sarr,21,1112342400,2005/04/01,First Division,2026,Goalkeeper,Raufoss,0,0,0,Mauritania,0,0,0,0,0,0,0,0,0,0,0,0,0,0,0,0,0,0,0,0,0,0,0,0,0,0,0,0,0,0,0,-1,-1,-1,-1,N/A,N/A,N/A,N/A,N/A,N/A,N/A,N/A,N/A,N/A,N/A,N/A,N/A,N/A,N/A,N/A,N/A,N/A,N/A,N/A,N/A,N/A,N/A,N/A,N/A,N/A,N/A,N/A,N/A,N/A,N/A,N/A,N/A,N/A,N/A,N/A,N/A,N/A,N/A,N/A,N/A,N/A,N/A,N/A,N/A,N/A,N/A,N/A,N/A,N/A,N/A,N/A,N/A,N/A,N/A,N/A,N/A,N/A,N/A,N/A,N/A,N/A,N/A,N/A,N/A,N/A,N/A,N/A,N/A,N/A,N/A,N/A,N/A,N/A,N/A,N/A,N/A,N/A,N/A,N/A,N/A,N/A,N/A,N/A,N/A,N/A,N/A,N/A,N/A,N/A,N/A,N/A,N/A,N/A,N/A,N/A,N/A,N/A,N/A,N/A,N/A,N/A,N/A,N/A,N/A,N/A,N/A,N/A,N/A,N/A,N/A,N/A,N/A,N/A,N/A,N/A,N/A,N/A,N/A,N/A,N/A,N/A,N/A,N/A,N/A,N/A,N/A,N/A,N/A,N/A,N/A,N/A,N/A,N/A,N/A,N/A,N/A,N/A,N/A,N/A,N/A,N/A,N/A,N/A,N/A,N/A,N/A,N/A,N/A,N/A,N/A,N/A,N/A,N/A,N/A,N/A,N/A,N/A,N/A,N/A,N/A,N/A,N/A,N/A,N/A,N/A,N/A,N/A,N/A,N/A,N/A,N/A,N/A,N/A,N/A,N/A,N/A,N/A,N/A,N/A,N/A,N/A,N/A,N/A,N/A,N/A,N/A,N/A,N/A,N/A,N/A,N/A,N/A,N/A,N/A,N/A,N/A,N/A,N/A,N/A,N/A,N/A,N/A,N/A,N/A,N/A,N/A,N/A,N/A,N/A,N/A,N/A,N/A,N/A,N/A,N/A,N/A,N/A,N/A,N/A,N/A,N/A,N/A,N/A
Abdul Zakaria Mugeese,24,1009440000,2001/12/27,First Division,2026,Forward,Odd,56,20,36,Ghana,6,3,3,0,0,0,0,0,0,0,0,1,0,1,1,0,1,0,0,0,0,0,0,0,0,1.61,56,9,0,0,0,-1,-1,-1,16,0,5.45,0,36,18.00,2.00,41,12,1.83,11,98,16.50,50,0.00,0.00,0.00,0,0.00,0.17,0.00,0.00,0,0.00,0.00,0.00,0.00,0.00,0.17,0.00,0.17,0.00,3.00,0.33,0.17,0.00,0.00,0.02,0.00,0.50,0.00,0.00,0,0,,2,0.33,99,0,0.00,29,2,3.00,99,0,6,0,63,0.00,99,0,1,1.50,91,1,34,1.50,81,0,0.00,99,0,0.00,0,0,0.00,0,0.00,17,1,1.50,90,0,0.00,0.00,0,0.00,0,0,0,0.00,0,1,0.00,55,1.50,23,N/A,N/A,N/A,N/A,0.00,0,0.00,0,0.10,0.00,0,91.67,0.00,29,99,0.00,0.00,0,24,24,0,0,0,0.00,0.00,0,26,32.69,0.00,0.00,0,0,0.00,0.00,99,0.00,0,0,0,0.00,0.00,0,0.00,0.00,3.00,0.33,2,0,0.00,41,0,2,39,56,0.02,14,0.00,0.03,0.10,69,0.02,0.15,96,1,0.17,1.50,1.50,0.17,98,1,0.15,68,5,8,82,0,99,99,0,0.00,99,3,0.00,4.50,13.50,1.50,9,6,99,96,9.00,1.00,66.67,0,0.00,99,0,0.00,0,0.00,99,0,0.00,0.00,34,0,84,14,0,0,0,0,0,22,39,57,51,0,99,52,23,23,0,0,23,26,0,0
Abduljeleel Toluwalashe Abdulateef,20,1149058800,2006/05/31,First Division,2026,Midfielder,Odd,65,65,0,Nigeria,1,1,0,0,0,0,0,0,0,0,0,1,1,0,0,0,0,0,0,0,0,0,0,0,0,0,0,65,0,0,0,-1,-1,-1,23,0,0.00,0,36,0.00,0.00,2,0,0.00,0,2,0.00,2,0.00,0.00,0.00,0,0.00,0.00,0.00,0.00,0,0.00,0.00,0.00,0.00,0.00,0.00,0.00,0.00,0.00,0.00,0.00,0.00,0.00,0.00,0.00,0.00,0.00,0.00,0.00,0,0,,0,0.00,14,0,0.00,29,0,0.00,16,2,0,1,63,0.00,99,0,0,0.00,6,0,34,0.00,16,0,0.00,99,0,0.00,0,0,0.00,0,0.00,17,0,0.00,18,0,0.00,0.00,0,0.00,0,0,0,0.00,0,0,0.00,99,0.00,0,N/A,N/A,N/A,N/A,0.00,0,0.00,0,0.00,0.00,0,0.00,0.00,29,99,0.00,0.00,0,24,24,0,0,0,0.00,0.00,0,26,0.00,0.00,0.00,0,0,0.00,0.00,99,0.00,0,0,0,0.00,0.00,0,0.00,0.00,0.00,0.00,0,0,0.00,41,0,0,39,0,0.00,3,0.00,0.00,0.00,15,0.00,0.00,8,0,0.00,0.00,0.00,0.00,9,0,0.00,15,0,8,82,0,59,10,0,0.00,99,0,0.00,0.00,0.00,0.00,0,0,2,2,0.00,0.00,0.00,0,0.00,99,0,0.00,0,0.00,99,0,0.00,0.00,34,0,36,57,0,0,0,0,0,22,39,57,51,0,99,99,23,23,0,0,23,19,0,0
Ådne Gikling Bruseth,27,910425600,1998/11/07,First Division,2026,Midfielder,Sandnes Ulf,1111,598,513,Norway,17,9,8,1,0,1,3,2,1,0,0,4,2,2,20,11,9,4,0,0.32,0.24,0.08,0,0.18,1111,1.62,56,65,278,370,0.32,140,71,-1,8,0,6.55,0.18,77,17.11,12.41,38,211,9.12,155,25,12.57,33,0.00,0.00,0.35,6,0.00,1.24,0.00,0.00,0,0.00,0.00,0.00,0.00,0.00,0.29,0.12,1.24,8.00,0.65,0.29,0.24,0.00,0.18,0.07,0.00,0.12,0.00,0.00,0,0,,8,0.47,58,3,0.24,61,5,0.41,59,3,5,12,63,0.00,99,0,5,0.41,32,21,54,1.70,86,0,0.00,99,0,0.00,0,0,0.00,0,0.49,64,4,0.32,48,2,0.16,50.00,0,0.00,0,0,0,0.00,0,21,0.00,54,1.70,35,N/A,N/A,N/A,N/A,0.00,0,0.00,0,1.25,0.00,0,73.46,37.50,61,99,0.00,0.00,0,45,40,0,0,0,0.00,0.00,0,26,111.33,0.65,0.89,11,0,0.00,0.00,99,0.00,0,0,0,0.00,0.00,0,0.00,0.00,0.00,0.00,0,0,12.50,49,44,47,89,56,2.30,75,0.14,0.19,1.25,57,0.07,0.10,50,6,0.35,0.49,0.65,0.47,64,8,0.10,57,56,51,82,0,59,20,0,0.00,99,2,0.00,0.16,4.86,3.53,60,28,36,35,2.27,1.65,46.67,0,0.00,99,0,28.57,0,0.00,99,6,0.35,0.49,81,40,80,79,0,0,0,0,0,64,51,70,51,0,99,65,34,90,4,24,89,18,0,0
Ådne Midtskogen,27,930639600,1999/06/29,First Division,2026,Defender,Lyn,1527,900,627,Norway,19,11,8,0,0,0,0,0,0,0,0,3,1,2,32,22,10,2,0,0,0,0,0,0,0,1.89,48,80,764,0,0.12,229,243,75,21,0,6.31,0,36,29.45,26.42,75,502,24.26,461,99,27.05,82,0.00,0.00,0.05,1,0.00,0.05,0.00,0.00,0,0.00,0.00,0.00,0.00,0.00,0.58,0.05,1.79,0.00,0.12,0.05,0.05,0.00,0.05,0.01,0.00,1.05,0.00,0.00,0,0,,2,0.11,21,1,0.06,35,1,0.06,20,2,2,17,63,0.00,99,0,11,0.65,52,1,34,0.06,18,0,0.00,99,0,0.00,0,0,0.00,0,0.06,20,1,0.06,23,1,0.06,100.00,0,0.00,0,0,0,0.00,0,34,0.00,39,1.99,51,N/A,N/A,N/A,N/A,0.00,0,0.00,0,0.18,0.00,0,91.83,50.00,86,99,0.00,0.00,0,32,99,0,0,0,0.53,0.59,10,91,119.96,2.26,2.52,43,1,0.00,0.06,5,0.05,0,0,0,0.00,0.00,0,0.00,0.00,0.00,0.00,0,0,0.00,41,68,69,39,41,1.07,32,0.06,0.06,0.18,23,0.01,0.01,15,2,0.11,0.12,0.47,0.42,50,8,0.01,23,29,82,82,0,59,78,0,0.00,99,20,0.00,1.17,4.81,4.32,82,43,45,34,2.52,2.26,52.44,0,0.00,99,0,0.00,0,0.00,99,0,0.00,0.00,34,67,59,57,0,0,0,0,0,22,39,57,51,0,99,50,81,44,2,11,56,6,0,0
Adrian Aleksander Hansen,25,999500400,2001/09/03,First Division,2026,Defender,Kongsvinger,114,112,2,Norway,3,2,1,0,0,0,0,0,0,0,0,0,0,0,2,2,0,0,0,0,0,0,0,0,0,1.58,57,38,0,0,0,-1,-1,-1,15,0,4.29,0,36,15.79,6.67,33,20,6.33,19,99,15.00,45,0.00,0.00,0.00,0,0.00,0.00,0.00,0.00,0,0.00,0.00,0.00,0.00,0.00,0.67,0.00,0.67,0.00,0.00,0.00,0.00,0.00,0.00,0.00,0.00,0.00,0.00,0.00,0,0,,0,0.00,14,0,0.00,29,0,0.00,16,0,2,1,63,0.00,99,0,2,1.58,93,0,34,0.00,16,0,0.00,99,0,0.00,0,0,0.00,0,0.00,17,0,0.00,18,0,0.00,0.00,0,0.00,0,0,0,0.00,0,2,0.00,58,1.58,27,N/A,N/A,N/A,N/A,0.00,0,0.00,0,0.00,0.00,0,95.00,0.00,29,99,0.00,0.00,0,24,24,0,0,0,0.33,0.79,1,98,12.87,0.67,1.58,2,0,0.00,0.00,99,0.00,0,0,0,0.00,0.00,0,0.00,0.00,0.00,0.00,0,0,0.00,41,0,0,39,58,0.04,14,0.01,0.03,0.00,15,0.00,0.00,77,1,0.33,0.79,0.00,0.00,9,0,0.00,15,0,66,82,0,59,10,0,0.00,99,0,0.00,0.00,1.58,0.67,2,1,12,11,0.79,0.33,50.00,0,0.00,99,0,0.00,0,0.00,99,0,0.00,0.00,34,0,59,14,0,0,0,0,0,22,39,57,51,0,99,7,23,23,0,0,23,6,0,0
Adrian Nicolai Anhanger Solberg,26,946800000,2000/01/02,First Division,2026,Defender,Strømmen,859,510,349,Norway,11,7,4,0,0,0,1,0,1,0,0,3,3,0,23,13,10,0,0,0.1,0.1,0,0,0,0,2.41,37,78,0,859,0,170,145,108,20,0,5.69,0.09,52,28.98,25.00,73,275,19.91,219,48,23.08,70,0.00,0.00,0.09,1,0.00,0.45,0.00,0.00,0,0.00,0.00,0.00,0.00,0.00,0.91,0.00,2.09,0.00,0.32,0.27,0.00,0.00,0.00,0.01,0.00,1.27,0.00,0.00,0,0,,3,0.27,37,0,0.00,29,3,0.32,48,2,1,10,63,0.00,99,0,10,1.05,79,5,34,0.53,53,0,0.00,99,0,0.00,0,0,0.00,0,0.11,25,0,0.00,18,0,0.00,0.00,0,0.00,0,0,0,0.00,0,23,0.00,12,2.42,75,N/A,N/A,N/A,N/A,0.00,0,0.00,0,0.16,0.00,0,79.64,0.00,29,99,0.00,0.00,0,24,24,0,0,0,0.18,0.21,2,67,62.55,3.18,3.69,35,0,0.00,0.00,99,0.00,0,0,0,0.00,0.00,0,0.00,0.00,0.00,0.00,0,0,0.00,41,31,17,39,12,1.07,50,0.10,0.11,0.16,28,0.01,0.02,80,8,0.73,0.84,0.74,0.64,70,7,0.02,28,8,95,82,0,59,87,0,0.00,99,14,0.00,1.48,5.80,5.00,55,31,65,45,3.27,2.82,56.36,0,0.00,99,0,0.00,0,0.00,99,0,0.00,0.00,34,33,48,57,0,0,0,0,0,33,39,57,51,0,99,74,23,23,0,0,23,13,0,0
Adrian Rogulj,27,923126400,1999/04/03,First Division,2026,Forward,Raufoss,1408,678,730,Norway,21,10,11,6,3,3,1,1,0,0,0,2,2,0,36,9,27,2,0,0.45,0.06,0.38,0.4,0.37,235,2.3,39,67,704,1408,0.13,50,153,-1,1,0,5.92,0.05,45,9.25,6.90,14,145,5.00,105,23,6.70,14,0.00,0.00,0.19,4,0.00,0.24,0.00,0.00,0,0.00,0.67,0.00,0.00,0.00,0.14,0.05,1.76,3.17,1.21,0.62,0.19,0.00,0.29,0.24,0.00,0.76,0.00,0.00,0,0,,19,0.90,79,6,0.38,72,13,0.83,87,2,5,16,63,0.00,99,0,3,0.19,19,5,95,0.32,39,0,0.00,99,0,0.00,0,0,0.00,0,0.26,42,4,0.26,45,1,0.06,25.00,0,0.00,0,0,0,0.00,0,37,0.00,15,2.36,72,N/A,N/A,N/A,N/A,0.00,0,0.00,0,4.94,0.00,0,72.41,31.58,48,99,0.00,0.00,0,32,25,1,1,0,0.05,0.06,1,33,124.37,0.38,0.51,8,0,0.00,0.00,99,0.00,0,2,3,0.14,0.19,0,0.00,0.00,0.13,0.10,2,0,31.58,77,59,99,57,16,0.95,32,0.05,0.06,3.54,76,0.17,0.23,36,5,0.24,0.32,0.96,0.71,84,15,0.32,81,12,31,99,0,78,71,0,0.00,99,16,0.00,1.02,7.21,5.38,113,35,34,64,2.23,1.67,30.97,14,0.89,5,0,60.00,0,0.00,99,3,0.14,0.19,58,61,80,57,0,1,0,5,0,70,83,86,83,0,99,29,77,49,2,10,50,9,0,0
Adrian Røragen Hermansen,20,1134547200,2005/12/14,First Division,2026,Defender,Bryne,716,356,360,Norway,8,4,4,2,1,1,0,0,0,0,0,1,1,0,10,4,6,1,0,0.25,0,0.25,0.25,0.25,358,1.26,72,90,716,0,0.13,74,267,23,9,0,6.14,0,36,0.00,0.00,2,0,0.00,0,2,0.00,2,0.00,0.00,0.00,0,0.00,0.00,0.00,0.00,0,0.00,0.00,0.00,0.00,0.00,0.00,0.00,1.88,0.00,0.00,0.00,0.00,0.00,0.00,0.15,0.00,0.00,0.00,0.00,0,0,,0,0.00,14,0,0.00,29,0,0.00,16,1,0,8,63,0.00,99,0,0,0.00,6,0,34,0.00,16,0,0.00,99,0,0.00,0,0,0.00,0,0.00,17,0,0.00,18,0,0.00,0.00,0,0.00,0,0,0,0.00,0,15,0.00,82,1.89,47,N/A,N/A,N/A,N/A,0.00,0,0.00,0,1.18,0.00,0,0.00,0.00,29,99,0.00,0.00,0,24,24,0,0,0,0.00,0.00,0,26,49.12,0.00,0.00,0,0,0.00,0.00,99,0.00,0,0,0,0.00,0.00,0,0.00,0.00,0.00,0.00,0,0,0.00,41,23,7,64,85,0.00,3,0.00,0.00,1.18,69,0.15,0.15,8,0,0.00,0.00,0.00,0.00,9,0,0.15,68,18,8,82,0,59,10,0,0.00,99,0,0.00,0.00,0.00,0.00,0,0,2,2,0.00,0.00,0.00,0,0.00,99,0,0.00,0,0.00,99,0,0.00,0.00,34,25,36,38,0,0,0,0,0,59,76,77,74,0,99,39,78,49,1,12,61,33,0,0
Aksel Aasheim Engesvik,22,1077868800,2004/02/27,First Division,2026,Midfielder,Moss,0,0,0,Norway,1,1,0,0,0,0,0,0,0,0,0,0,0,0,0,0,0,0,0,0,0,0,0,0,0,0,0,0,0,0,0,-1,-1,-1,-1,0,0.00,0,36,90.00,1.00,99,1,1.00,1,99,90.00,99,0.00,0.00,0.00,0,0.00,0.00,0.00,0.00,0,0.00,0.00,0.00,0.00,0.00,0.00,0.00,0.00,0.00,0.00,0.00,0.00,0.00,0.00,0.00,0.00,0.00,0.00,0.00,0,0,,0,0.00,14,0,0.00,29,0,0.00,16,0,1,0,63,0.00,99,0,0,0.00,6,0,34,0.00,16,0,0.00,99,0,0.00,0,0,0.00,0,0.00,17,0,0.00,18,0,0.00,0.00,0,0.00,0,0,0,0.00,0,0,0.00,99,0.00,0,N/A,N/A,N/A,N/A,0.00,0,0.00,0,0.00,0.00,0,100.00,0.00,29,99,0.00,0.00,0,24,24,0,0,0,0.00,0.00,0,26,0.00,0.00,0.00,0,0,0.00,0.00,99,0.00,0,0,0,0.00,0.00,0,0.00,0.00,0.00,0.00,0,0,0.00,41,0,0,39,0,0.00,3,0.00,0.00,0.00,15,0.00,0.00,8,0,0.00,0.00,0.00,0.00,9,0,0.00,15,0,8,82,0,59,10,0,0.00,99,0,0.00,0.00,0.00,0.00,0,0,2,2,0.00,0.00,0.00,0,0.00,99,0,0.00,0,0.00,99,0,0.00,0.00,34,0,48,14,0,0,0,0,0,22,39,57,51,0,99,7,23,23,0,0,23,15,0,0
Aksel Lund Jørgensen,19,1168502400,2007/01/11,First Division,2026,Midfielder,Sandnes Ulf,70,70,0,Denmark,1,1,0,0,0,0,0,0,0,0,0,0,0,0,1,1,0,0,0,0,0,0,0,0,0,1.29,70,70,0,0,0,-1,-1,-1,13,0,6.32,0,36,37.29,29.00,89,29,27.00,27,99,34.71,91,0.00,0.00,1.00,1,0.00,1.00,0.00,0.00,0,0.00,3.00,0.00,0.00,0.00,0.00,0.00,1.00,0.00,1.29,0.00,0.00,0.00,1.00,0.11,0.00,2.00,0.00,0.00,0,0,,1,1.00,81,1,1.29,99,0,0.00,16,1,0,1,63,0.00,99,0,0,0.00,6,1,99,1.29,75,0,0.00,99,0,0.00,0,0,0.00,0,1.29,96,0,0.00,18,0,0.00,0.00,0,0.00,0,0,0,0.00,0,1,0.00,80,1.29,8,N/A,N/A,N/A,N/A,0.00,0,0.00,0,0.11,0.00,0,93.10,100.00,99,99,0.00,0.00,0,24,24,0,0,0,0.00,0.00,0,26,6.32,1.00,1.29,1,0,0.00,0.00,99,0.00,0,0,0,0.00,0.00,0,0.00,0.00,0.00,0.00,0,0,0.00,41,0,0,39,80,0.09,55,0.09,0.12,0.11,66,0.11,0.14,99,2,2.00,2.57,3.86,3.00,99,3,0.14,66,29,60,82,0,59,96,0,0.00,99,2,0.00,2.57,23.14,18.00,18,6,99,99,7.71,6.00,33.33,3,3.86,0,0,100.00,0,0.00,99,1,1.00,1.29,99,0,36,38,0,0,0,0,0,22,39,57,51,0,99,7,23,23,0,0,23,6,0,0
Aksle Bergsvik,19,1165392000,2006/12/06,First Division,2026,Goalkeeper,Hødd,0,0,0,Norway,0,0,0,0,0,0,0,0,0,0,0,0,0,0,0,0,0,0,0,0,0,0,0,0,0,0,0,0,0,0,0,-1,-1,-1,-1,N/A,N/A,N/A,N/A,N/A,N/A,N/A,N/A,N/A,N/A,N/A,N/A,N/A,N/A,N/A,N/A,N/A,N/A,N/A,N/A,N/A,N/A,N/A,N/A,N/A,N/A,N/A,N/A,N/A,N/A,N/A,N/A,N/A,N/A,N/A,N/A,N/A,N/A,N/A,N/A,N/A,N/A,N/A,N/A,N/A,N/A,N/A,N/A,N/A,N/A,N/A,N/A,N/A,N/A,N/A,N/A,N/A,N/A,N/A,N/A,N/A,N/A,N/A,N/A,N/A,N/A,N/A,N/A,N/A,N/A,N/A,N/A,N/A,N/A,N/A,N/A,N/A,N/A,N/A,N/A,N/A,N/A,N/A,N/A,N/A,N/A,N/A,N/A,N/A,N/A,N/A,N/A,N/A,N/A,N/A,N/A,N/A,N/A,N/A,N/A,N/A,N/A,N/A,N/A,N/A,N/A,N/A,N/A,N/A,N/A,N/A,N/A,N/A,N/A,N/A,N/A,N/A,N/A,N/A,N/A,N/A,N/A,N/A,N/A,N/A,N/A,N/A,N/A,N/A,N/A,N/A,N/A,N/A,N/A,N/A,N/A,N/A,N/A,N/A,N/A,N/A,N/A,N/A,N/A,N/A,N/A,N/A,N/A,N/A,N/A,N/A,N/A,N/A,N/A,N/A,N/A,N/A,N/A,N/A,N/A,N/A,N/A,N/A,N/A,N/A,N/A,N/A,N/A,N/A,N/A,N/A,N/A,N/A,N/A,N/A,N/A,N/A,N/A,N/A,N/A,N/A,N/A,N/A,N/A,N/A,N/A,N/A,N/A,N/A,N/A,N/A,N/A,N/A,N/A,N/A,N/A,N/A,N/A,N/A,N/A,N/A,N/A,N/A,N/A,N/A,N/A,N/A,N/A,N/A,N/A,N/A,N/A,N/A,N/A,N/A,N/A,N/A,N/A,N/A,N/A,N/A,N/A,N/A,N/A
Alagie Sanyang,30,842425200,1996/09/11,First Division,2026,Forward,Stabæk,489,218,271,Gambia,15,6,9,5,2,3,0,0,0,0,0,5,2,3,8,3,5,1,0,0.92,0,0.92,0.83,1,98,1.47,61,33,489,0,0.18,4,235,-1,5,0,6.75,0,36,9.19,3.43,14,48,2.21,31,7,5.94,11,0.00,0.00,0.14,2,0.00,0.36,0.00,0.00,0,0.00,0.00,0.00,0.00,0.00,0.14,0.14,0.64,1.80,1.72,0.36,0.29,0.00,0.29,0.24,0.00,0.29,0.00,0.00,0,0,,9,0.64,91,4,0.77,90,5,0.96,89,3,11,4,63,0.00,99,0,2,0.38,28,5,34,0.96,68,0,0.00,99,0,0.00,0,0,0.00,0,0.38,54,4,0.77,71,2,0.38,50.00,0,0.00,0,0,0,0.00,0,9,0.00,68,1.72,36,N/A,N/A,N/A,N/A,0.00,0,0.00,0,3.42,0.00,0,64.58,44.44,75,99,0.00,0.00,0,67,40,0,0,0,0.07,0.19,1,64,94.50,0.21,0.57,3,0,0.00,0.00,99,0.00,0,0,0,0.00,0.00,0,0.00,0.00,0.57,0.21,3,0,55.56,94,8,33,41,68,0.76,64,0.05,0.15,3.42,98,0.24,0.65,8,0,0.00,0.00,0.57,0.21,59,3,0.65,98,77,37,82,0,97,61,0,0.00,99,4,0.00,0.77,4.79,1.79,25,11,30,33,2.11,0.79,44.00,0,0.00,99,0,0.00,0,0.00,99,0,0.00,0.00,34,6,96,79,0,0,0,0,0,94,99,98,97,0,99,91,58,66,1,7,36,9,0,0
Aleksa Matić,23,1032505200,2002/09/20,First Division,2026,Midfielder,Stabæk,899,492,407,Serbia,18,9,9,5,4,1,0,0,0,0,0,8,4,4,11,9,2,3,0,0.5,0,0.5,0.73,0.22,180,1.1,82,50,300,0,0.3,31,261,-1,4,0,6.77,0,36,45.89,25.78,95,464,22.22,400,80,39.56,95,0.00,0.00,0.44,8,0.00,0.28,0.00,0.00,0,0.00,0.33,0.00,0.00,0.00,0.56,0.33,0.67,4.20,2.08,0.67,0.56,0.00,0.50,0.26,0.00,0.22,0.00,0.00,0,0,,21,1.17,95,9,0.89,92,12,1.19,95,3,8,10,63,0.00,99,0,10,0.99,75,5,39,0.49,51,0,0.00,99,0,0.00,0,0,0.00,0,0.79,83,10,0.99,79,6,0.59,60.00,0,0.00,0,0,0,0.00,0,12,0.00,96,1.19,2,N/A,N/A,N/A,N/A,0.00,0,0.00,0,4.61,0.00,0,86.21,42.86,74,99,0.00,0.00,0,75,49,0,0,0,0.06,0.10,1,45,121.91,0.56,0.99,10,0,0.00,0.00,99,0.00,0,0,0,0.00,0.00,0,0.00,0.00,0.00,0.00,0,0,23.81,66,33,56,49,96,1.08,50,0.06,0.11,4.61,92,0.26,0.46,88,11,0.61,1.09,1.29,0.72,94,13,0.46,92,80,54,82,0,59,36,0,0.00,99,4,0.00,0.40,11.27,6.33,114,41,80,91,4.05,2.28,35.96,6,0.59,15,0,20.00,0,0.00,99,1,0.06,0.10,43,33,92,79,0,1,0,6,0,73,91,75,94,0,99,99,36,88,3,17,77,6,0,0
Aleksander van der Spa,21,1108972800,2005/02/21,First Division,2026,Defender,Raufoss,162,72,90,Norway,2,1,1,0,0,0,0,0,0,0,0,0,0,0,4,1,3,0,0,0,0,0,0,0,0,2.22,41,81,0,0,0,-1,-1,-1,17,0,6.47,0,36,55.00,49.50,98,99,43.00,86,82,47.78,98,0.00,0.00,0.00,0,0.00,0.50,0.00,0.00,0,0.00,0.00,0.00,0.00,0.00,1.50,0.50,2.00,0.00,0.00,0.00,0.50,0.00,0.00,0.00,0.00,2.00,0.00,0.00,0,0,,0,0.00,14,0,0.00,29,0,0.00,16,1,0,2,63,0.00,99,0,3,1.67,95,1,34,0.56,54,0,0.00,99,0,0.00,0,0,0.00,0,0.00,17,1,0.56,65,1,0.56,100.00,0,0.00,0,0,0,0.00,0,4,0.00,20,2.22,65,N/A,N/A,N/A,N/A,0.00,0,0.00,0,0.00,0.00,0,86.87,0.00,29,99,0.00,0.00,0,73,99,0,0,0,0.50,0.56,1,91,12.94,5.00,5.56,10,0,0.00,0.00,99,0.00,0,0,0,0.00,0.00,0,0.00,0.00,0.00,0.00,0,0,0.00,41,0,0,39,22,0.15,39,0.07,0.08,0.00,15,0.00,0.00,88,2,1.00,1.11,1.11,1.00,89,2,0.00,15,49,99,82,0,59,95,0,0.00,99,4,0.00,2.22,9.44,8.50,17,8,84,84,4.44,4.00,47.06,0,0.00,99,0,0.00,0,0.00,99,0,0.00,0.00,34,1,36,38,0,0,0,0,0,22,39,57,51,0,99,7,23,23,0,0,23,28,0,0
Aleksey Gorodovoy,33,744966000,1993/08/10,First Division,2026,Goalkeeper,Kongsvinger,1890,990,900,Russia,21,11,10,0,0,0,0,0,0,0,0,3,1,2,30,19,11,0,0,0,0,0,0,0,0,1.43,63,90,0,0,0,185,225,36,13,0,6.44,0,36,18.71,18.71,44,393,14.57,306,41,14.57,44,0.00,0.00,0.00,0,0.00,0.00,0.00,0.00,0,0.00,0.00,0.00,0.00,1.76,0.10,0.00,3.33,0.00,0.00,0.00,0.00,0.00,0.00,0.00,0.00,0.14,0.00,0.00,0,0,,0,0.00,14,0,0.00,29,0,0.00,16,0,0,21,63,0.00,99,0,2,0.10,8,0,34,0.00,16,0,0.00,99,0,0.00,0,0,0.00,0,0.00,17,0,0.00,18,0,0.00,0.00,0,0.00,0,37,67,1.76,39,70,0.00,71,3.33,95,N/A,N/A,N/A,N/A,52.86,0,0.00,0,0.00,0.00,0,77.86,0.00,29,99,0.00,0.00,0,24,24,0,0,26,0.00,0.00,0,26,135.17,0.05,0.05,1,1,0.00,0.05,8,0.05,1,0,0,0.00,0.00,0,0.00,0.00,0.00,0.00,0,0,0.00,41,99,99,39,72,0.69,14,0.03,0.03,0.00,15,0.00,0.00,13,2,0.10,0.10,0.05,0.05,10,1,0.00,15,45,10,82,0,59,18,0,0.00,99,3,0.00,0.14,0.33,0.33,7,6,10,8,0.29,0.29,85.71,0,0.00,99,0,0.00,0,0.00,99,0,0.00,0.00,34,99,36,14,0,0,0,0,0,22,39,57,51,0,99,43,23,23,0,0,23,93,0,0
Alexander Achinioti-Jönsson,30,829724400,1996/04/17,First Division,2026,Defender,Raufoss,1573,860,713,Sweden,19,10,9,2,1,1,1,0,1,0,0,2,2,0,35,15,20,1,0,0.17,0.06,0.11,0.1,0.13,787,2,45,83,1573,1573,0.06,125,158,78,3,0,6.46,0.05,45,18.44,16.95,43,322,15.11,287,91,16.43,49,0.00,0.00,0.00,0,0.00,0.11,0.00,0.00,0,0.00,0.05,0.00,0.00,0.00,1.32,0.21,1.89,3.00,0.34,0.26,0.32,0.00,0.05,0.08,0.00,1.16,0.00,0.00,0,0,,6,0.32,38,1,0.06,35,5,0.29,45,2,0,19,63,0.00,99,0,25,1.43,88,2,99,0.11,20,0,0.00,99,0,0.00,0,0,0.00,0,0.00,17,6,0.34,51,4,0.23,66.67,0,0.00,0,0,0,0.00,0,36,0.00,36,2.06,57,N/A,N/A,N/A,N/A,0.00,0,0.00,0,1.60,0.00,0,89.13,16.67,32,99,0.00,0.00,0,52,59,0,0,0,0.16,0.17,3,59,122.73,2.58,2.81,49,0,0.00,0.00,99,0.00,0,0,0,0.00,0.00,0,0.00,0.00,0.00,0.00,0,0,33.33,80,72,69,81,36,1.18,35,0.06,0.07,1.60,55,0.08,0.09,53,9,0.47,0.52,0.29,0.26,29,5,0.09,54,47,86,82,0,59,81,0,0.00,99,22,0.00,1.26,3.89,3.58,68,44,45,23,2.52,2.32,64.71,1,0.06,73,0,100.00,0,0.00,99,2,0.11,0.11,46,84,36,57,0,0,0,0,0,48,58,65,54,0,99,35,96,30,1,5,30,13,0,0
Alexander Pedersen,31,807087600,1995/07/30,First Division,2026,Goalkeeper,Lyn,1800,990,810,Norway,20,11,9,0,0,0,1,0,1,0,0,3,1,2,40,23,17,3,0,0.05,0.05,0,0,0,0,2,45,90,600,1800,0.15,237,168,80,7,0,6.33,0.05,39,14.70,14.70,29,294,10.15,203,11,10.15,26,0.00,0.00,0.00,0,0.00,0.00,0.00,0.00,0,0.00,0.00,0.00,0.00,2.20,0.15,0.05,4.40,0.00,0.00,0.00,0.05,0.00,0.00,0.00,0.00,0.00,0.00,0.00,0,0,,0,0.00,14,0,0.00,29,0,0.00,16,0,0,20,63,0.00,99,0,3,0.15,14,0,34,0.00,16,0,0.00,99,0,0.00,0,0,0.00,0,0.00,17,1,0.05,20,1,0.05,100.00,0,0.00,0,44,61,2.20,72,88,0.00,36,4.40,98,N/A,N/A,N/A,N/A,50.00,0,0.00,0,0.00,0.00,0,69.05,0.00,29,99,0.00,0.00,0,28,99,0,0,29,0.00,0.00,0,26,126.61,0.00,0.00,0,0,0.00,0.00,99,0.00,1,0,0,0.00,0.00,0,0.00,0.00,0.00,0.00,0,0,0.00,41,92,84,39,36,1.01,24,0.05,0.05,0.00,15,0.00,0.00,8,0,0.00,0.00,0.00,0.00,9,0,0.00,15,30,8,82,0,59,10,0,0.00,99,0,0.00,0.00,0.15,0.15,3,3,7,5,0.15,0.15,100.00,0,0.00,99,0,0.00,0,0.00,99,0,0.00,0.00,34,92,36,14,0,0,0,0,0,25,39,57,51,0,99,47,71,56,3,15,71,1,0,0
Alfred Gustad Lie,18,1217228400,2008/07/28,First Division,2026,Midfielder,Stabæk,0,0,0,Norway,0,0,0,0,0,0,0,0,0,0,0,0,0,0,0,0,0,0,0,0,0,0,0,0,0,0,0,0,0,0,0,-1,-1,-1,-1,N/A,N/A,N/A,N/A,N/A,N/A,N/A,N/A,N/A,N/A,N/A,N/A,N/A,N/A,N/A,N/A,N/A,N/A,N/A,N/A,N/A,N/A,N/A,N/A,N/A,N/A,N/A,N/A,N/A,N/A,N/A,N/A,N/A,N/A,N/A,N/A,N/A,N/A,N/A,N/A,N/A,N/A,N/A,N/A,N/A,N/A,N/A,N/A,N/A,N/A,N/A,N/A,N/A,N/A,N/A,N/A,N/A,N/A,N/A,N/A,N/A,N/A,N/A,N/A,N/A,N/A,N/A,N/A,N/A,N/A,N/A,N/A,N/A,N/A,N/A,N/A,N/A,N/A,N/A,N/A,N/A,N/A,N/A,N/A,N/A,N/A,N/A,N/A,N/A,N/A,N/A,N/A,N/A,N/A,N/A,N/A,N/A,N/A,N/A,N/A,N/A,N/A,N/A,N/A,N/A,N/A,N/A,N/A,N/A,N/A,N/A,N/A,N/A,N/A,N/A,N/A,N/A,N/A,N/A,N/A,N/A,N/A,N/A,N/A,N/A,N/A,N/A,N/A,N/A,N/A,N/A,N/A,N/A,N/A,N/A,N/A,N/A,N/A,N/A,N/A,N/A,N/A,N/A,N/A,N/A,N/A,N/A,N/A,N/A,N/A,N/A,N/A,N/A,N/A,N/A,N/A,N/A,N/A,N/A,N/A,N/A,N/A,N/A,N/A,N/A,N/A,N/A,N/A,N/A,N/A,N/A,N/A,N/A,N/A,N/A,N/A,N/A,N/A,N/A,N/A,N/A,N/A,N/A,N/A,N/A,N/A,N/A,N/A,N/A,N/A,N/A,N/A,N/A,N/A,N/A,N/A,N/A,N/A,N/A,N/A,N/A,N/A,N/A,N/A,N/A,N/A,N/A,N/A,N/A,N/A,N/A,N/A,N/A,N/A,N/A,N/A,N/A,N/A,N/A,N/A,N/A,N/A,N/A,N/A
Alfred Scriven,28,885801600,1998/01/26,First Division,2026,Forward,Bryne,1401,690,711,Norway,18,9,9,3,3,0,5,3,2,0,0,4,2,2,15,8,7,1,0,0.51,0.32,0.19,0.39,0,467,0.96,93,78,1401,280,0.06,83,34,-1,3,0,6.75,0.28,88,9.51,8.22,15,148,5.44,98,8,6.30,12,0.00,0.00,0.44,8,0.00,0.39,0.00,0.00,0,0.00,0.67,0.00,0.00,0.00,0.67,0.56,1.22,4.00,0.77,0.50,0.78,0.00,0.17,0.14,0.00,2.78,0.00,0.00,0,0,,12,0.67,65,3,0.19,57,9,0.58,72,3,2,16,63,0.00,99,0,12,0.77,61,7,35,0.45,48,0,0.00,99,0,0.00,0,0,0.00,0,0.51,65,14,0.90,76,10,0.64,71.43,0,0.00,0,0,0,0.00,0,22,0.00,99,1.41,15,N/A,N/A,N/A,N/A,0.00,0,0.00,0,2.52,0.00,0,66.22,25.00,43,99,0.00,0.00,0,77,65,0,0,0,0.28,0.32,5,80,121.54,0.56,0.64,10,0,0.00,0.00,99,0.00,0,0,0,0.00,0.00,0,0.00,0.00,0.26,0.22,4,0,25.00,71,58,56,67,99,2.70,70,0.15,0.17,2.52,71,0.14,0.16,94,22,1.22,1.41,1.03,0.89,87,16,0.16,71,77,41,82,0,88,99,0,0.00,99,50,0.00,3.21,14.45,12.50,225,101,97,97,6.49,5.61,44.89,12,0.77,8,0,14.29,0,0.00,99,1,0.06,0.06,36,61,59,79,0,0,0,0,0,74,73,57,82,0,99,62,94,30,1,6,34,11,0,0
Ali Memed,23,1056956400,2003/06/30,First Division,2026,Forward,Sandnes Ulf,231,117,114,Norway,6,3,3,1,1,0,0,0,0,0,0,0,0,0,7,5,2,0,0,0.39,0,0.39,0.77,0,231,2.73,33,39,0,0,0,-1,-1,-1,9,0,5.55,0,36,14.42,6.17,28,37,4.00,24,7,9.35,23,0.00,0.00,0.17,1,0.00,0.17,0.00,0.00,0,0.00,0.33,0.00,0.00,0.00,0.33,0.33,1.33,7.00,2.73,0.67,0.50,0.00,0.50,0.20,0.00,0.67,0.00,0.00,0,0,,7,1.17,99,3,1.17,98,4,1.56,98,3,4,2,63,0.00,99,0,2,0.78,62,1,34,0.39,43,0,0.00,99,0,0.00,0,0,0.00,0,0.39,54,3,1.17,86,2,0.78,66.67,0,0.00,0,0,0,0.00,0,8,0.00,3,3.12,92,N/A,N/A,N/A,N/A,0.00,0,0.00,0,1.19,0.00,0,64.86,42.86,74,99,0.00,0.00,0,84,59,0,0,0,0.00,0.00,0,26,33.28,0.33,0.78,2,0,0.00,0.00,99,0.00,0,0,0,0.00,0.00,0,0.00,0.00,0.00,0.00,0,0,14.29,52,0,2,56,3,0.09,19,0.01,0.04,1.19,92,0.20,0.46,42,1,0.17,0.39,1.56,0.67,99,4,0.46,92,7,45,82,0,59,88,0,0.00,99,4,0.00,1.56,13.64,5.83,35,13,89,96,5.06,2.17,37.14,2,0.78,7,0,0.00,0,0.00,99,0,0.00,0.00,34,1,73,79,0,0,0,0,0,67,84,57,95,0,99,7,23,23,0,0,23,77,0,0
Ali Suljic,28,874566000,1997/09/18,First Division,2026,Defender,Egersund,215,61,154,Sweden,5,3,2,0,0,0,0,0,0,0,0,1,1,0,8,2,6,1,0,0,0,0,0,0,0,3.35,27,43,215,0,0.42,-1,-1,-1,16,0,6.29,0,36,90.42,43.20,99,216,40.00,200,99,83.72,99,0.00,0.00,0.00,0,0.00,0.00,0.00,0.00,0,0.00,0.00,0.00,0.00,0.00,0.60,0.20,1.80,0.00,0.42,0.20,0.20,0.00,0.00,0.01,0.00,0.80,0.00,0.00,0,0,,1,0.20,46,0,0.00,29,1,0.42,60,1,2,3,63,0.00,99,0,3,1.26,85,0,34,0.00,16,0,0.00,99,0,0.00,0,0,0.00,0,0.00,17,1,0.42,57,1,0.42,100.00,0,0.00,0,0,0,0.00,0,9,0.00,1,3.77,96,N/A,N/A,N/A,N/A,0.00,0,0.00,0,0.05,0.00,0,92.59,0.00,29,99,0.00,0.00,0,68,99,0,0,0,0.20,0.42,1,85,31.43,1.20,2.51,6,0,0.00,0.00,99,0.00,0,0,0,0.00,0.00,0,0.00,0.00,0.00,0.00,0,0,0.00,41,0,1,39,1,0.47,77,0.09,0.20,0.05,28,0.01,0.02,80,2,0.40,0.84,2.51,1.20,99,6,0.02,28,26,82,82,0,59,90,0,0.00,99,4,0.00,1.67,10.47,5.00,25,11,86,89,4.60,2.20,44.00,0,0.00,99,0,0.00,0,0.00,99,0,0.00,0.00,34,2,59,38,0,0,0,0,0,22,39,57,51,0,99,59,28,95,1,20,86,4,0,0
Almar Gjerd Grindhaug,20,1139040000,2006/02/04,First Division,2026,Midfielder,Haugesund,404,182,222,Norway,19,10,9,0,0,0,2,2,0,0,0,6,3,3,6,1,5,1,0,0.45,0.45,0,0,0,0,1.34,67,21,404,202,0.22,208,16,-1,22,0,5.47,0.11,95,41.07,10.17,93,183,8.94,161,85,36.13,94,0.00,0.00,0.28,5,0.00,0.11,0.00,0.00,0,0.00,0.11,0.00,0.00,0.00,0.39,0.22,0.56,0.00,0.22,0.06,0.22,0.00,0.00,0.00,0.00,0.28,0.00,0.00,0,0,,1,0.06,30,0,0.00,29,1,0.22,38,0,18,1,63,0.00,99,0,7,1.57,93,2,34,0.45,48,0,0.00,99,0,0.00,0,0,0.00,0,1.12,94,4,0.90,76,4,0.90,100.00,0,0.00,0,0,0,0.00,0,10,0.00,78,2.24,66,N/A,N/A,N/A,N/A,0.00,0,0.00,0,0.04,0.00,0,87.98,0.00,29,99,0.00,0.00,0,88,99,0,0,0,0.11,0.45,2,88,98.44,0.61,2.47,11,0,0.00,0.00,99,0.00,0,0,0,0.00,0.00,0,0.00,0.00,0.00,0.00,0,0,0.00,41,3,69,39,78,1.66,97,0.09,0.37,0.04,23,0.00,0.01,67,3,0.17,0.67,0.90,0.22,81,4,0.01,23,6,81,82,0,59,75,0,0.00,99,5,0.00,1.12,9.20,2.28,41,24,92,82,5.39,1.33,58.54,2,0.45,27,0,0.00,0,0.00,99,0,0.00,0.00,34,0,99,14,0,0,0,0,0,70,39,57,51,0,99,88,46,78,1,5,30,40,0,0
Amund Fossum Sundsøy,18,1203148800,2008/02/16,First Division,2026,Midfielder,Åsane,0,0,0,Norway,0,0,0,0,0,0,0,0,0,0,0,0,0,0,0,0,0,0,0,0,0,0,0,0,0,0,0,0,0,0,0,-1,-1,-1,-1,N/A,N/A,N/A,N/A,N/A,N/A,N/A,N/A,N/A,N/A,N/A,N/A,N/A,N/A,N/A,N/A,N/A,N/A,N/A,N/A,N/A,N/A,N/A,N/A,N/A,N/A,N/A,N/A,N/A,N/A,N/A,N/A,N/A,N/A,N/A,N/A,N/A,N/A,N/A,N/A,N/A,N/A,N/A,N/A,N/A,N/A,N/A,N/A,N/A,N/A,N/A,N/A,N/A,N/A,N/A,N/A,N/A,N/A,N/A,N/A,N/A,N/A,N/A,N/A,N/A,N/A,N/A,N/A,N/A,N/A,N/A,N/A,N/A,N/A,N/A,N/A,N/A,N/A,N/A,N/A,N/A,N/A,N/A,N/A,N/A,N/A,N/A,N/A,N/A,N/A,N/A,N/A,N/A,N/A,N/A,N/A,N/A,N/A,N/A,N/A,N/A,N/A,N/A,N/A,N/A,N/A,N/A,N/A,N/A,N/A,N/A,N/A,N/A,N/A,N/A,N/A,N/A,N/A,N/A,N/A,N/A,N/A,N/A,N/A,N/A,N/A,N/A,N/A,N/A,N/A,N/A,N/A,N/A,N/A,N/A,N/A,N/A,N/A,N/A,N/A,N/A,N/A,N/A,N/A,N/A,N/A,N/A,N/A,N/A,N/A,N/A,N/A,N/A,N/A,N/A,N/A,N/A,N/A,N/A,N/A,N/A,N/A,N/A,N/A,N/A,N/A,N/A,N/A,N/A,N/A,N/A,N/A,N/A,N/A,N/A,N/A,N/A,N/A,N/A,N/A,N/A,N/A,N/A,N/A,N/A,N/A,N/A,N/A,N/A,N/A,N/A,N/A,N/A,N/A,N/A,N/A,N/A,N/A,N/A,N/A,N/A,N/A,N/A,N/A,N/A,N/A,N/A,N/A,N/A,N/A,N/A,N/A,N/A,N/A,N/A,N/A,N/A,N/A,N/A,N/A,N/A,N/A,N/A,N/A
Amund Wichne,29,863420400,1997/05/12,First Division,2026,Goalkeeper,Haugesund,0,0,0,Norway,0,0,0,0,0,0,0,0,0,0,0,0,0,0,0,0,0,0,0,0,0,0,0,0,0,0,0,0,0,0,0,-1,-1,-1,-1,N/A,N/A,N/A,N/A,N/A,N/A,N/A,N/A,N/A,N/A,N/A,N/A,N/A,N/A,N/A,N/A,N/A,N/A,N/A,N/A,N/A,N/A,N/A,N/A,N/A,N/A,N/A,N/A,N/A,N/A,N/A,N/A,N/A,N/A,N/A,N/A,N/A,N/A,N/A,N/A,N/A,N/A,N/A,N/A,N/A,N/A,N/A,N/A,N/A,N/A,N/A,N/A,N/A,N/A,N/A,N/A,N/A,N/A,N/A,N/A,N/A,N/A,N/A,N/A,N/A,N/A,N/A,N/A,N/A,N/A,N/A,N/A,N/A,N/A,N/A,N/A,N/A,N/A,N/A,N/A,N/A,N/A,N/A,N/A,N/A,N/A,N/A,N/A,N/A,N/A,N/A,N/A,N/A,N/A,N/A,N/A,N/A,N/A,N/A,N/A,N/A,N/A,N/A,N/A,N/A,N/A,N/A,N/A,N/A,N/A,N/A,N/A,N/A,N/A,N/A,N/A,N/A,N/A,N/A,N/A,N/A,N/A,N/A,N/A,N/A,N/A,N/A,N/A,N/A,N/A,N/A,N/A,N/A,N/A,N/A,N/A,N/A,N/A,N/A,N/A,N/A,N/A,N/A,N/A,N/A,N/A,N/A,N/A,N/A,N/A,N/A,N/A,N/A,N/A,N/A,N/A,N/A,N/A,N/A,N/A,N/A,N/A,N/A,N/A,N/A,N/A,N/A,N/A,N/A,N/A,N/A,N/A,N/A,N/A,N/A,N/A,N/A,N/A,N/A,N/A,N/A,N/A,N/A,N/A,N/A,N/A,N/A,N/A,N/A,N/A,N/A,N/A,N/A,N/A,N/A,N/A,N/A,N/A,N/A,N/A,N/A,N/A,N/A,N/A,N/A,N/A,N/A,N/A,N/A,N/A,N/A,N/A,N/A,N/A,N/A,N/A,N/A,N/A,N/A,N/A,N/A,N/A,N/A,N/A
Anders Björntvedt Olsen,26,937810800,1999/09/20,First Division,2026,Forward,Lyn,1874,974,900,Norway,21,11,10,6,2,4,6,2,4,0,0,4,1,3,40,23,17,4,0,0.58,0.29,0.29,0.18,0.4,312,1.92,47,89,469,312,0.19,68,46,-1,2,0,6.80,0.29,85,18.62,18.45,44,369,12.80,256,11,12.91,36,0.00,0.00,0.50,10,0.00,2.25,0.00,0.00,0,0.00,0.75,0.00,0.00,0.00,0.40,0.65,2.20,8.00,2.02,1.10,0.75,0.00,0.90,0.32,0.00,1.50,0.00,0.00,0,0,,40,2.00,95,18,0.91,93,22,1.11,93,1,0,21,63,0.00,99,0,8,0.40,30,45,54,2.27,93,0,0.00,99,0,0.00,0,0,0.00,0,0.50,64,15,0.76,71,13,0.66,86.67,0,0.00,0,0,0,0.00,0,44,0.00,37,2.22,65,N/A,N/A,N/A,N/A,0.00,0,0.00,0,6.46,0.00,0,69.38,45.00,76,99,0.00,0.00,0,79,76,1,0,0,0.00,0.00,0,26,136.08,0.85,0.86,17,0,0.00,0.00,99,0.00,0,1,0,0.00,0.00,0,0.00,0.00,0.05,0.05,1,0,12.50,49,95,99,62,38,3.25,68,0.16,0.16,5.76,81,0.29,0.29,70,14,0.70,0.71,0.71,0.70,68,14,0.33,83,81,49,82,0,64,88,0,0.00,99,30,0.00,1.51,9.38,9.30,186,79,79,84,3.99,3.95,42.47,15,0.76,9,0,28.89,0,0.00,99,13,0.65,0.66,88,99,36,38,0,1,0,5,0,79,78,87,65,0,99,57,56,69,4,19,80,9,0,0
Anders Bondhus,21,1119078000,2005/06/18,First Division,2026,Defender,Haugesund,1738,867,871,Norway,20,10,10,1,1,0,2,0,2,0,0,6,3,3,26,9,17,5,0,0.16,0.1,0.05,0.1,0,1738,1.35,67,87,348,869,0.26,166,138,31,10,0,6.35,0.1,52,24.60,23.75,60,475,20.05,401,70,20.77,63,0.00,0.00,0.50,10,0.00,0.85,0.00,0.00,0,0.00,0.05,0.00,0.00,0.00,0.55,0.25,1.50,5.00,0.26,0.20,0.35,0.00,0.05,0.04,0.00,0.80,0.00,0.00,0,0,,5,0.25,32,1,0.05,31,4,0.21,36,1,0,20,63,0.00,99,0,11,0.57,43,17,81,0.88,66,0,0.00,99,0,0.00,0,0,0.00,0,0.52,66,7,0.36,52,5,0.26,71.43,0,0.00,0,0,0,0.00,0,30,0.00,76,1.55,27,N/A,N/A,N/A,N/A,0.00,0,0.00,0,0.89,0.00,0,84.42,20.00,39,99,0.00,0.00,0,56,65,0,0,0,0.15,0.16,3,57,126.94,1.30,1.35,26,0,0.00,0.00,99,0.00,0,0,0,0.00,0.00,0,0.00,0.00,0.10,0.10,2,0,20.00,60,86,84,98,78,2.32,55,0.12,0.12,0.89,41,0.04,0.05,56,11,0.55,0.57,0.88,0.85,80,17,0.05,41,33,62,82,0,73,64,0,0.00,99,16,0.00,0.83,6.73,6.50,130,59,61,57,3.06,2.95,45.38,1,0.05,75,0,47.06,0,0.00,99,8,0.40,0.41,74,92,36,38,0,0,0,0,0,46,44,57,54,0,99,85,41,83,5,25,92,42,0,0
Anders Johannessen Nord,25,971766000,2000/10/17,First Division,2026,Midfielder,Strømmen,789,421,368,Norway,12,7,5,1,1,0,4,2,2,0,0,2,2,0,13,3,10,1,0,0.57,0.46,0.11,0.21,0,789,1.48,61,66,789,197,0.11,123,15,-1,7,0,6.75,0.33,95,12.76,9.33,23,112,6.58,79,15,9.00,22,0.00,0.00,0.50,6,0.00,1.08,0.11,0.08,1,0.00,0.33,0.00,0.00,0.00,0.67,1.50,1.17,14.00,1.59,0.75,2.33,0.00,0.42,0.15,0.00,0.17,0.00,0.00,0,0,,14,1.17,88,5,0.57,85,9,1.03,91,1,1,11,83,0.00,99,0,8,0.91,72,13,72,1.48,80,0,0.00,99,0,0.00,0,0,0.00,0,0.68,77,28,3.19,99,18,2.05,64.29,0,0.00,0,0,0,0.00,0,14,0.00,66,1.59,29,N/A,N/A,N/A,N/A,0.00,0,0.00,0,1.78,0.00,0,70.54,35.71,57,99,0.00,0.00,0,98,54,0,0,0,0.00,0.00,0,26,80.94,0.25,0.34,3,0,0.00,0.00,99,0.00,0,0,0,0.00,0.00,0,0.00,0.00,0.00,0.00,0,0,7.14,43,28,20,82,68,2.65,92,0.22,0.30,1.78,74,0.15,0.20,85,9,0.75,1.03,0.80,0.58,75,7,0.20,72,77,24,82,0,59,26,0,0.00,99,2,0.00,0.23,11.05,8.08,97,47,91,90,5.35,3.92,48.45,4,0.46,26,0,38.46,0,0.00,99,5,0.42,0.57,84,38,48,38,0,0,0,0,0,78,58,57,68,0,99,52,82,41,1,8,39,16,0,0
Anders Klemensson,29,847353600,1996/11/07,First Division,2026,Goalkeeper,Raufoss,1620,810,810,Norway,18,9,9,0,0,0,0,0,0,0,0,2,2,0,39,13,26,1,0,0,0,0,0,0,0,2.17,42,90,1620,0,0.06,261,179,98,24,0,6.30,0,36,11.56,11.56,21,208,9.61,173,63,9.61,24,0.00,0.00,0.00,0,0.00,0.00,0.00,0.00,0,0.00,0.00,0.00,0.00,2.39,0.00,0.00,4.78,0.00,0.00,0.00,0.00,0.00,0.00,0.00,0.00,0.11,0.00,0.00,0,0,,0,0.00,14,0,0.00,29,0,0.00,16,0,0,18,63,0.00,99,0,0,0.00,6,0,34,0.00,16,0,0.00,99,0,0.00,0,0,0.00,0,0.00,17,0,0.00,18,0,0.00,0.00,0,0.00,0,43,61,2.39,89,86,0.00,23,4.78,99,N/A,N/A,N/A,N/A,50.00,0,0.00,0,0.00,0.00,0,83.17,0.00,29,99,0.00,0.00,0,24,24,0,0,19,0.00,0.00,0,26,113.48,0.00,0.00,0,0,0.00,0.00,99,0.00,0,0,0,0.00,0.00,0,0.00,0.00,0.00,0.00,0,0,0.00,41,78,56,39,27,0.39,8,0.02,0.02,0.00,15,0.00,0.00,14,2,0.11,0.11,0.00,0.00,9,0,0.00,15,27,8,82,0,59,16,0,0.00,99,2,0.00,0.11,0.17,0.17,3,2,5,6,0.11,0.11,66.67,0,0.00,99,0,0.00,0,0.00,99,0,0.00,0.00,34,75,36,14,0,0,0,0,0,22,39,57,51,0,99,35,98,30,1,6,34,1,0,0
Anders Molund,22,1080720000,2004/03/31,First Division,2026,Defender,Bryne,1750,810,940,Norway,20,9,11,2,1,1,4,2,2,0,0,5,2,3,21,10,11,3,0,0.31,0.21,0.1,0.11,0.1,875,1.08,83,88,583,438,0.15,133,83,7,7,0,6.57,0.2,73,16.82,16.35,36,327,11.70,234,20,12.03,31,0.00,0.00,1.10,22,0.00,1.50,0.05,0.05,1,0.00,0.05,0.00,0.00,0.00,0.55,0.45,1.20,4.00,0.41,0.30,0.85,0.00,0.10,0.09,0.00,0.65,0.00,0.00,0,0,,8,0.40,43,2,0.10,42,6,0.31,47,5,0,20,69,0.00,99,0,11,0.57,43,30,56,1.54,82,0,0.00,99,0,0.00,0,0,0.00,0,1.13,95,17,0.87,74,9,0.46,52.94,0,0.00,0,0,0,0.00,0,24,0.00,98,1.23,5,N/A,N/A,N/A,N/A,0.00,0,0.00,0,1.75,0.00,0,71.56,25.00,43,99,0.00,0.00,0,70,40,0,0,0,0.05,0.05,1,29,131.39,0.85,0.87,17,0,0.00,0.00,99,0.00,0,0,1,0.05,0.05,0,0.00,0.00,0.00,0.00,0,0,25.00,71,88,84,86,97,3.60,75,0.18,0.19,1.75,55,0.09,0.09,25,4,0.20,0.21,0.26,0.25,23,5,0.09,54,59,50,88,0,59,54,0,0.00,99,13,0.00,0.67,5.55,5.40,108,41,30,43,2.11,2.05,37.96,1,0.05,75,0,30.00,0,0.00,99,9,0.45,0.46,77,92,36,95,0,0,0,0,0,63,54,60,58,0,99,70,69,56,3,15,71,14,0,0
André Stavås Skistad,19,1168502400,2007/01/11,First Division,2026,Midfielder,Strømsgodset,20,20,0,Norway,2,2,0,0,0,0,0,0,0,0,0,0,0,0,0,0,0,0,0,0,0,0,0,0,0,0,0,10,0,0,0,-1,-1,-1,14,0,6.45,0,36,21.43,2.50,50,5,2.50,5,99,21.43,64,0.00,0.00,0.00,0,0.00,0.00,0.00,0.00,0,0.00,0.00,0.00,0.00,0.00,0.00,0.00,0.00,0.00,4.29,0.50,0.00,0.00,0.00,0.03,0.00,0.50,0.00,0.00,0,0,,1,0.50,99,0,0.00,29,1,4.29,99,0,2,0,63,0.00,99,0,0,0.00,6,0,34,0.00,16,0,0.00,99,0,0.00,0,0,0.00,0,0.00,17,0,0.00,18,0,0.00,0.00,0,0.00,0,0,0,0.00,0,0,0.00,99,0.00,0,N/A,N/A,N/A,N/A,0.00,0,0.00,0,0.05,0.00,0,100.00,0.00,29,99,0.00,0.00,0,24,24,0,0,0,0.00,0.00,0,26,12.90,0.00,0.00,0,0,0.00,0.00,99,0.00,0,0,0,0.00,0.00,0,0.00,0.00,0.00,0.00,0,0,0.00,41,0,0,39,0,0.01,19,0.01,0.04,0.05,75,0.03,0.21,8,0,0.00,0.00,0.00,0.00,9,0,0.21,73,46,8,82,0,59,99,0,0.00,99,1,0.00,4.29,17.14,2.00,4,2,99,99,8.57,1.00,50.00,0,0.00,99,0,0.00,0,0.00,99,0,0.00,0.00,34,0,59,14,0,0,0,0,0,22,39,57,51,0,99,7,23,23,0,0,23,19,0,0
Andreas Dybevik,28,886665600,1998/02/05,First Division,2026,Midfielder,Kongsvinger,1800,900,900,Norway,20,10,10,10,8,2,8,5,3,0,0,3,1,2,26,15,11,4,0,0.9,0.4,0.5,0.8,0.2,180,1.3,69,90,450,225,0.2,32,26,-1,1,0,6.84,0.4,91,21.25,21.25,50,425,15.15,303,18,15.15,45,0.00,0.00,0.90,18,0.00,0.60,0.00,0.00,0,0.00,0.55,0.00,0.00,0.00,0.60,0.25,1.45,2.60,1.30,0.75,0.50,0.00,0.55,0.38,0.00,0.40,0.00,0.00,0,0,,26,1.30,82,11,0.55,84,15,0.75,82,0,0,20,63,0.00,99,0,12,0.60,46,12,64,0.60,56,0,0.00,99,0,0.00,0,0,0.00,0,0.90,87,10,0.50,62,5,0.25,50.00,0,0.00,0,0,0,0.00,0,29,0.00,80,1.45,19,N/A,N/A,N/A,N/A,0.00,0,0.00,0,7.63,0.00,0,71.29,42.31,69,99,0.00,0.00,0,54,40,1,0,0,0.05,0.05,1,29,136.71,1.35,1.35,27,0,0.00,0.00,99,0.00,0,1,2,0.10,0.10,0,0.00,0.00,0.00,0.00,0,0,38.46,84,92,84,49,80,5.35,91,0.27,0.27,6.93,87,0.35,0.35,38,7,0.35,0.35,0.65,0.65,64,13,0.38,87,84,62,96,0,59,36,0,0.00,99,8,0.00,0.40,6.75,6.75,135,52,47,58,2.60,2.60,38.52,11,0.55,18,0,33.33,0,0.00,99,4,0.20,0.20,59,92,36,14,0,1,0,5,0,93,91,73,95,0,99,47,54,73,4,20,86,8,0,0
Andreas Hellum,28,879926400,1997/11/19,First Division,2026,Forward,Lyn,1870,971,899,Norway,21,11,10,15,7,8,1,1,0,0,0,4,1,3,39,22,17,4,0,0.77,0.05,0.72,0.65,0.8,125,1.88,48,89,468,1870,0.19,13,173,-1,1,0,6.91,0.05,39,7.19,7.05,7,141,5.45,109,38,5.55,7,0.00,0.00,0.45,9,0.00,0.15,0.00,0.00,0,0.00,0.30,0.00,0.00,0.00,0.00,0.15,2.00,3.00,1.99,0.85,0.25,0.00,1.10,0.57,0.00,0.15,0.00,0.00,0,0,,39,1.95,94,22,1.12,98,17,0.87,88,1,0,21,63,0.00,99,0,0,0.00,6,3,34,0.15,23,0,0.00,99,0,0.00,0,0,0.00,0,0.46,61,5,0.25,45,3,0.15,60.00,0,0.00,0,0,0,0.00,0,40,0.00,40,2.04,56,N/A,N/A,N/A,N/A,0.00,0,0.00,0,11.48,0.00,0,77.30,56.41,89,99,0.00,0.00,0,43,49,1,0,0,0.10,0.10,2,45,138.19,0.10,0.10,2,0,0.00,0.00,99,0.00,0,1,0,0.00,0.00,0,0.00,0.00,0.51,0.50,10,0,33.33,80,95,99,44,41,1.16,32,0.06,0.06,10.78,96,0.54,0.55,45,8,0.40,0.41,0.66,0.65,65,13,0.59,96,88,12,82,0,95,19,0,0.00,99,3,0.00,0.15,3.62,3.55,71,21,15,21,1.07,1.05,29.58,6,0.31,40,0,0.00,0,0.00,99,0,0.00,0.00,34,99,36,38,0,4,0,19,0,90,96,96,92,0,99,57,56,69,4,19,80,11,0,0
Andreas Heredia-Randen,20,1140595200,2006/02/22,First Division,2026,Midfielder,Strømsgodset,114,28,86,Norway,3,1,2,0,0,0,0,0,0,0,0,3,1,2,0,0,0,0,0,0,0,0,0,0,0,0,0,38,0,0,0,-1,-1,-1,16,0,6.82,0,36,19.96,17.00,47,51,14.33,43,69,16.83,50,0.00,0.00,0.33,1,0.00,0.67,0.39,0.33,1,0.00,0.67,0.00,0.00,0.00,2.33,0.00,0.33,0.00,0.00,0.00,0.00,0.00,0.00,0.00,0.00,0.33,0.00,0.00,0,0,,0,0.00,14,0,0.00,29,0,0.00,16,7,1,2,99,0.00,99,0,7,2.74,99,2,92,0.78,62,0,0.00,99,0,0.00,0,0,0.00,0,0.39,54,0,0.00,18,0,0.00,0.00,0,0.00,0,0,0,0.00,0,1,0.00,99,0.39,0,N/A,N/A,N/A,N/A,0.00,0,0.00,0,0.00,0.00,0,84.31,0.00,29,99,0.00,0.00,0,24,24,0,0,0,0.33,0.39,1,85,20.45,1.00,1.17,3,0,0.00,0.00,99,0.00,0,0,0,0.00,0.00,0,0.00,0.00,0.00,0.00,0,0,0.00,41,0,0,39,0,0.12,24,0.04,0.05,0.00,15,0.00,0.00,75,2,0.67,0.78,0.78,0.67,72,2,0.00,15,83,59,82,0,59,34,0,0.00,99,1,0.00,0.39,5.09,4.33,13,7,52,40,2.74,2.33,53.85,2,0.78,7,0,50.00,0,0.00,99,1,0.33,0.39,72,1,48,99,0,0,0,0,0,22,39,57,51,0,99,99,23,23,0,0,23,15,0,0
Andreas Hoven,28,887961600,1998/02/20,First Division,2026,Defender,Stabæk,226,91,135,Norway,15,8,7,2,1,1,0,0,0,0,0,7,3,4,1,0,1,0,0,0.8,0,0.8,0.99,0.67,113,0.4,226,15,0,0,0,-1,-1,-1,11,0,6.17,0,36,35.69,6.13,87,92,4.93,74,52,28.71,85,0.00,0.00,0.40,6,0.00,0.33,0.39,0.07,1,0.00,0.07,0.00,0.00,0.00,0.13,0.00,0.13,3.00,2.33,0.20,0.00,0.00,0.20,0.11,0.00,0.07,0.00,0.00,0,0,,6,0.40,96,3,1.16,98,3,1.16,94,0,15,0,99,0.00,99,0,2,0.78,62,5,76,1.94,88,0,0.00,99,0,0.00,0,0,0.00,0,2.33,99,0,0.00,18,0,0.00,0.00,0,0.00,0,0,0,0.00,0,2,0.00,99,0.78,0,N/A,N/A,N/A,N/A,0.00,0,0.00,0,1.67,0.00,0,80.43,50.00,86,99,0.00,0.00,0,24,24,0,0,0,0.13,0.78,2,97,92.61,0.60,3.49,9,0,0.00,0.00,99,0.00,0,0,0,0.00,0.00,0,0.00,0.00,0.00,0.00,0,0,33.33,80,0,33,43,99,0.42,68,0.03,0.16,1.67,98,0.11,0.65,42,1,0.07,0.39,1.16,0.20,91,3,0.65,98,20,92,82,0,59,34,0,0.00,99,1,0.00,0.39,10.86,1.87,28,5,25,89,1.94,0.33,17.86,1,0.39,33,0,40.00,0,0.00,99,2,0.13,0.78,92,0,99,14,0,0,0,0,0,90,97,94,98,0,99,99,23,23,0,0,23,16,0,0
Andreas Rosendal Nyhagen,27,910166400,1998/11/04,First Division,2026,Defender,Sandnes Ulf,1779,990,789,Norway,20,11,9,3,2,1,4,2,2,0,0,5,3,2,29,18,11,3,0,0.35,0.2,0.15,0.18,0.11,593,1.47,61,89,593,445,0.15,101,85,41,4,0,6.61,0.2,71,28.55,28.20,70,564,22.65,453,52,22.93,69,0.00,0.00,0.55,11,0.00,0.85,0.10,0.10,2,0.00,0.15,0.00,0.00,0.00,0.90,0.35,1.60,4.67,0.71,0.35,0.55,0.00,0.35,0.15,0.00,0.45,0.00,0.00,0,0,,14,0.70,62,7,0.35,71,7,0.35,54,4,0,20,80,0.00,99,0,18,0.91,72,17,81,0.86,65,0,0.00,99,0,0.00,0,0,0.00,0,0.56,70,11,0.56,65,7,0.35,63.64,0,0.00,0,0,0,0.00,0,32,0.00,68,1.62,30,N/A,N/A,N/A,N/A,0.00,0,0.00,0,3.00,0.00,0,80.32,50.00,86,99,0.00,0.00,0,64,53,0,0,0,0.35,0.35,7,83,132.27,1.65,1.67,33,1,0.00,0.05,8,0.05,0,0,0,0.00,0.00,0,0.00,0.00,0.00,0.00,0,0,21.43,62,90,84,74,68,3.68,75,0.18,0.19,3.00,69,0.15,0.15,43,8,0.40,0.40,0.40,0.40,44,8,0.15,68,66,68,82,0,59,39,0,0.00,99,9,0.00,0.46,4.20,4.15,83,46,39,26,2.33,2.30,55.42,3,0.15,58,0,47.06,0,0.00,99,8,0.40,0.40,73,92,36,89,0,0,0,0,0,66,66,62,65,0,99,70,69,56,3,15,71,17,0,0
Andreas Solstrand Fossli,29,870073200,1997/07/28,First Division,2026,Forward,Ranheim,1496,810,686,Norway,21,11,10,10,6,4,4,2,2,0,0,1,1,0,34,17,17,0,0,0.84,0.24,0.6,0.67,0.52,150,2.05,44,71,0,374,0,20,72,-1,2,0,7.56,0.19,77,12.37,9.63,23,183,6.95,132,22,8.93,21,0.00,0.00,0.21,4,0.00,0.47,0.00,0.00,0,0.00,0.11,0.00,0.00,0.00,0.47,0.53,1.79,1.90,1.28,0.58,0.58,0.00,0.42,0.38,0.00,0.84,0.00,0.00,0,0,,19,1.00,81,8,0.54,82,11,0.74,81,7,1,20,63,0.00,99,0,9,0.61,48,9,43,0.61,57,0,0.00,99,0,0.00,0,0,0.00,0,0.27,45,11,0.74,70,10,0.68,90.91,0,0.00,0,0,0,0.00,0,34,0.00,32,2.30,69,N/A,N/A,N/A,N/A,0.00,0,0.00,0,7.17,0.00,0,72.13,42.11,68,99,0.00,0.00,0,80,79,0,0,0,0.05,0.07,1,36,143.66,0.47,0.61,9,0,0.00,0.00,99,0.00,0,0,0,0.00,0.00,0,0.00,0.00,0.20,0.16,3,0,52.63,93,64,99,46,33,2.95,77,0.16,0.20,7.17,94,0.38,0.48,93,19,1.00,1.28,0.88,0.68,80,13,0.48,93,98,39,82,0,84,74,0,0.00,99,16,0.00,1.08,7.71,6.00,114,55,73,71,3.72,2.89,48.25,2,0.14,59,0,22.22,0,0.00,99,2,0.11,0.14,52,92,48,99,0,2,0,10,0,92,93,90,93,0,99,13,23,23,0,0,23,20,0,0
Andreas Vindheim,31,807519600,1995/08/04,First Division,2026,Defender,Åsane,0,0,0,Norway,0,0,0,0,0,0,0,0,0,0,0,0,0,0,0,0,0,0,0,0,0,0,0,0,0,0,0,0,0,0,0,-1,-1,-1,-1,N/A,N/A,N/A,N/A,N/A,N/A,N/A,N/A,N/A,N/A,N/A,N/A,N/A,N/A,N/A,N/A,N/A,N/A,N/A,N/A,N/A,N/A,N/A,N/A,N/A,N/A,N/A,N/A,N/A,N/A,N/A,N/A,N/A,N/A,N/A,N/A,N/A,N/A,N/A,N/A,N/A,N/A,N/A,N/A,N/A,N/A,N/A,N/A,N/A,N/A,N/A,N/A,N/A,N/A,N/A,N/A,N/A,N/A,N/A,N/A,N/A,N/A,N/A,N/A,N/A,N/A,N/A,N/A,N/A,N/A,N/A,N/A,N/A,N/A,N/A,N/A,N/A,N/A,N/A,N/A,N/A,N/A,N/A,N/A,N/A,N/A,N/A,N/A,N/A,N/A,N/A,N/A,N/A,N/A,N/A,N/A,N/A,N/A,N/A,N/A,N/A,N/A,N/A,N/A,N/A,N/A,N/A,N/A,N/A,N/A,N/A,N/A,N/A,N/A,N/A,N/A,N/A,N/A,N/A,N/A,N/A,N/A,N/A,N/A,N/A,N/A,N/A,N/A,N/A,N/A,N/A,N/A,N/A,N/A,N/A,N/A,N/A,N/A,N/A,N/A,N/A,N/A,N/A,N/A,N/A,N/A,N/A,N/A,N/A,N/A,N/A,N/A,N/A,N/A,N/A,N/A,N/A,N/A,N/A,N/A,N/A,N/A,N/A,N/A,N/A,N/A,N/A,N/A,N/A,N/A,N/A,N/A,N/A,N/A,N/A,N/A,N/A,N/A,N/A,N/A,N/A,N/A,N/A,N/A,N/A,N/A,N/A,N/A,N/A,N/A,N/A,N/A,N/A,N/A,N/A,N/A,N/A,N/A,N/A,N/A,N/A,N/A,N/A,N/A,N/A,N/A,N/A,N/A,N/A,N/A,N/A,N/A,N/A,N/A,N/A,N/A,N/A,N/A,N/A,N/A,N/A,N/A,N/A,N/A
Anestis Tricholidis,16,1275030000,2010/05/28,First Division,2026,Defender,Sandnes Ulf,385,156,229,Norway,10,5,5,0,0,0,0,0,0,0,0,3,3,0,9,6,3,1,0,0,0,0,0,0,0,2.1,43,39,385,0,0.23,220,204,90,15,0,5.72,0,36,43.38,18.70,93,187,15.40,154,61,35.72,93,0.00,0.00,0.40,4,0.00,0.60,0.23,0.10,1,0.00,0.00,0.00,0.00,0.00,0.80,0.20,1.20,0.00,0.23,0.10,0.20,0.00,0.00,0.01,0.00,0.70,0.00,0.00,0,0,,1,0.10,31,0,0.00,29,1,0.23,40,3,6,4,97,0.00,99,0,8,1.86,98,6,64,1.39,77,0,0.00,99,0,0.00,0,0,0.00,0,0.93,88,2,0.46,59,2,0.46,100.00,0,0.00,0,0,0,0.00,0,12,0.00,28,2.78,84,N/A,N/A,N/A,N/A,0.00,0,0.00,0,0.06,0.00,0,82.35,0.00,29,99,0.00,0.00,0,70,99,0,0,0,0.20,0.46,2,89,57.23,1.70,3.94,17,0,0.00,0.00,99,0.00,0,0,0,0.00,0.00,0,0.00,0.00,0.00,0.00,0,0,0.00,41,1,12,39,30,0.52,55,0.05,0.12,0.06,23,0.01,0.01,91,5,0.50,1.16,1.39,0.60,96,6,0.01,23,9,96,82,0,59,89,0,0.00,99,7,0.00,1.62,14.61,6.30,63,29,98,98,6.73,2.90,46.03,0,0.00,99,0,33.33,0,0.00,99,2,0.20,0.46,77,6,84,79,0,0,0,0,0,22,39,57,51,0,99,85,45,79,1,10,50,26,0,0
Angelos Chaminta,19,1173600000,2007/03/11,First Division,2026,Forward,Kongsvinger,319,206,113,Norway,9,5,4,2,1,1,1,0,1,0,0,1,0,1,6,5,1,0,0,0.85,0.28,0.56,0.44,0.8,160,1.69,53,35,0,319,0,22,55,-1,8,0,6.22,0.11,83,32.22,12.89,82,116,9.78,88,31,24.44,75,0.00,0.00,0.56,5,0.00,1.56,0.28,0.11,1,0.00,0.56,0.00,0.00,0.00,0.00,1.89,0.89,9.00,5.00,1.00,2.78,0.00,1.00,0.32,0.00,0.11,0.00,0.00,0,0,,18,2.00,99,9,2.50,99,9,2.50,99,5,6,3,98,0.00,99,0,0,0.00,6,14,66,3.89,99,0,0.00,99,0,0.00,0,0,0.00,0,1.39,97,25,6.94,99,17,4.72,68.00,0,0.00,0,0,0,0.00,0,8,0.00,49,2.22,65,N/A,N/A,N/A,N/A,0.00,0,0.00,0,2.89,0.00,0,75.86,50.00,86,99,0.00,0.00,0,99,59,0,0,0,0.00,0.00,0,26,55.94,0.22,0.56,2,0,0.00,0.00,99,0.00,0,0,0,0.00,0.00,0,0.00,0.00,0.83,0.33,3,0,11.11,45,0,8,46,50,0.95,89,0.11,0.26,2.89,99,0.32,0.80,99,8,0.89,2.22,2.50,1.00,99,9,0.80,99,23,36,82,0,99,28,0,0.00,99,1,0.00,0.28,21.94,8.78,79,38,99,99,10.56,4.22,48.10,5,1.39,1,0,35.71,0,0.00,99,5,0.56,1.39,99,2,84,95,0,0,0,0,0,92,93,96,83,0,99,35,23,23,0,0,23,21,0,0
Ard Ragnar Sundal,18,1196668800,2007/12/03,First Division,2026,Goalkeeper,Sogndal,0,0,0,Norway,0,0,0,0,0,0,0,0,0,0,0,0,0,0,0,0,0,0,0,0,0,0,0,0,0,0,0,0,0,0,0,-1,-1,-1,-1,N/A,N/A,N/A,N/A,N/A,N/A,N/A,N/A,N/A,N/A,N/A,N/A,N/A,N/A,N/A,N/A,N/A,N/A,N/A,N/A,N/A,N/A,N/A,N/A,N/A,N/A,N/A,N/A,N/A,N/A,N/A,N/A,N/A,N/A,N/A,N/A,N/A,N/A,N/A,N/A,N/A,N/A,N/A,N/A,N/A,N/A,N/A,N/A,N/A,N/A,N/A,N/A,N/A,N/A,N/A,N/A,N/A,N/A,N/A,N/A,N/A,N/A,N/A,N/A,N/A,N/A,N/A,N/A,N/A,N/A,N/A,N/A,N/A,N/A,N/A,N/A,N/A,N/A,N/A,N/A,N/A,N/A,N/A,N/A,N/A,N/A,N/A,N/A,N/A,N/A,N/A,N/A,N/A,N/A,N/A,N/A,N/A,N/A,N/A,N/A,N/A,N/A,N/A,N/A,N/A,N/A,N/A,N/A,N/A,N/A,N/A,N/A,N/A,N/A,N/A,N/A,N/A,N/A,N/A,N/A,N/A,N/A,N/A,N/A,N/A,N/A,N/A,N/A,N/A,N/A,N/A,N/A,N/A,N/A,N/A,N/A,N/A,N/A,N/A,N/A,N/A,N/A,N/A,N/A,N/A,N/A,N/A,N/A,N/A,N/A,N/A,N/A,N/A,N/A,N/A,N/A,N/A,N/A,N/A,N/A,N/A,N/A,N/A,N/A,N/A,N/A,N/A,N/A,N/A,N/A,N/A,N/A,N/A,N/A,N/A,N/A,N/A,N/A,N/A,N/A,N/A,N/A,N/A,N/A,N/A,N/A,N/A,N/A,N/A,N/A,N/A,N/A,N/A,N/A,N/A,N/A,N/A,N/A,N/A,N/A,N/A,N/A,N/A,N/A,N/A,N/A,N/A,N/A,N/A,N/A,N/A,N/A,N/A,N/A,N/A,N/A,N/A,N/A,N/A,N/A,N/A,N/A,N/A,N/A
Arne Bjørnemo Hetland,18,1205996400,2008/03/20,First Division,2026,Midfielder,Egersund,0,0,0,Norway,0,0,0,0,0,0,0,0,0,0,0,0,0,0,0,0,0,0,0,0,0,0,0,0,0,0,0,0,0,0,0,-1,-1,-1,-1,N/A,N/A,N/A,N/A,N/A,N/A,N/A,N/A,N/A,N/A,N/A,N/A,N/A,N/A,N/A,N/A,N/A,N/A,N/A,N/A,N/A,N/A,N/A,N/A,N/A,N/A,N/A,N/A,N/A,N/A,N/A,N/A,N/A,N/A,N/A,N/A,N/A,N/A,N/A,N/A,N/A,N/A,N/A,N/A,N/A,N/A,N/A,N/A,N/A,N/A,N/A,N/A,N/A,N/A,N/A,N/A,N/A,N/A,N/A,N/A,N/A,N/A,N/A,N/A,N/A,N/A,N/A,N/A,N/A,N/A,N/A,N/A,N/A,N/A,N/A,N/A,N/A,N/A,N/A,N/A,N/A,N/A,N/A,N/A,N/A,N/A,N/A,N/A,N/A,N/A,N/A,N/A,N/A,N/A,N/A,N/A,N/A,N/A,N/A,N/A,N/A,N/A,N/A,N/A,N/A,N/A,N/A,N/A,N/A,N/A,N/A,N/A,N/A,N/A,N/A,N/A,N/A,N/A,N/A,N/A,N/A,N/A,N/A,N/A,N/A,N/A,N/A,N/A,N/A,N/A,N/A,N/A,N/A,N/A,N/A,N/A,N/A,N/A,N/A,N/A,N/A,N/A,N/A,N/A,N/A,N/A,N/A,N/A,N/A,N/A,N/A,N/A,N/A,N/A,N/A,N/A,N/A,N/A,N/A,N/A,N/A,N/A,N/A,N/A,N/A,N/A,N/A,N/A,N/A,N/A,N/A,N/A,N/A,N/A,N/A,N/A,N/A,N/A,N/A,N/A,N/A,N/A,N/A,N/A,N/A,N/A,N/A,N/A,N/A,N/A,N/A,N/A,N/A,N/A,N/A,N/A,N/A,N/A,N/A,N/A,N/A,N/A,N/A,N/A,N/A,N/A,N/A,N/A,N/A,N/A,N/A,N/A,N/A,N/A,N/A,N/A,N/A,N/A,N/A,N/A,N/A,N/A,N/A,N/A
Aron Wilhelmsen,19,1182236400,2007/06/19,First Division,2026,Midfielder,Kongsvinger,0,0,0,Norway,0,0,0,0,0,0,0,0,0,0,0,0,0,0,0,0,0,0,0,0,0,0,0,0,0,0,0,0,0,0,0,-1,-1,-1,-1,N/A,N/A,N/A,N/A,N/A,N/A,N/A,N/A,N/A,N/A,N/A,N/A,N/A,N/A,N/A,N/A,N/A,N/A,N/A,N/A,N/A,N/A,N/A,N/A,N/A,N/A,N/A,N/A,N/A,N/A,N/A,N/A,N/A,N/A,N/A,N/A,N/A,N/A,N/A,N/A,N/A,N/A,N/A,N/A,N/A,N/A,N/A,N/A,N/A,N/A,N/A,N/A,N/A,N/A,N/A,N/A,N/A,N/A,N/A,N/A,N/A,N/A,N/A,N/A,N/A,N/A,N/A,N/A,N/A,N/A,N/A,N/A,N/A,N/A,N/A,N/A,N/A,N/A,N/A,N/A,N/A,N/A,N/A,N/A,N/A,N/A,N/A,N/A,N/A,N/A,N/A,N/A,N/A,N/A,N/A,N/A,N/A,N/A,N/A,N/A,N/A,N/A,N/A,N/A,N/A,N/A,N/A,N/A,N/A,N/A,N/A,N/A,N/A,N/A,N/A,N/A,N/A,N/A,N/A,N/A,N/A,N/A,N/A,N/A,N/A,N/A,N/A,N/A,N/A,N/A,N/A,N/A,N/A,N/A,N/A,N/A,N/A,N/A,N/A,N/A,N/A,N/A,N/A,N/A,N/A,N/A,N/A,N/A,N/A,N/A,N/A,N/A,N/A,N/A,N/A,N/A,N/A,N/A,N/A,N/A,N/A,N/A,N/A,N/A,N/A,N/A,N/A,N/A,N/A,N/A,N/A,N/A,N/A,N/A,N/A,N/A,N/A,N/A,N/A,N/A,N/A,N/A,N/A,N/A,N/A,N/A,N/A,N/A,N/A,N/A,N/A,N/A,N/A,N/A,N/A,N/A,N/A,N/A,N/A,N/A,N/A,N/A,N/A,N/A,N/A,N/A,N/A,N/A,N/A,N/A,N/A,N/A,N/A,N/A,N/A,N/A,N/A,N/A,N/A,N/A,N/A,N/A,N/A,N/A
Artan Memedov,21,1102924800,2004/12/13,First Division,2026,Forward,Lyn,20,20,0,Norway,2,2,0,0,0,0,0,0,0,0,0,0,0,0,0,0,0,0,0,0,0,0,0,0,0,0,0,10,0,0,0,-1,-1,-1,11,0,3.31,0,36,40.50,4.50,92,9,3.00,6,8,27.00,81,0.00,0.00,0.00,0,0.00,0.00,0.00,0.00,0,0.00,0.00,0.00,0.00,0.00,0.00,0.00,0.00,0.00,4.50,0.50,0.00,0.00,0.00,0.03,0.00,0.00,0.00,0.00,0,0,,1,0.50,99,0,0.00,29,1,4.50,99,0,2,0,63,0.00,99,0,0,0.00,6,0,34,0.00,16,0,0.00,99,0,0.00,0,0,0.00,0,0.00,17,0,0.00,18,0,0.00,0.00,0,0.00,0,0,0,0.00,0,0,0.00,99,0.00,0,N/A,N/A,N/A,N/A,0.00,0,0.00,0,0.06,0.00,0,66.67,0.00,29,99,0.00,0.00,0,24,24,0,0,0,0.00,0.00,0,26,6.63,0.00,0.00,0,0,0.00,0.00,99,0.00,0,0,0,0.00,0.00,0,0.00,0.00,0.00,0.00,0,0,0.00,41,0,0,39,0,0.01,19,0.01,0.04,0.06,80,0.03,0.27,99,2,1.00,9.00,4.50,0.50,99,1,0.27,78,0,8,82,0,59,10,0,0.00,99,0,0.00,0.00,13.50,1.50,3,2,99,96,9.00,1.00,66.67,0,0.00,99,0,0.00,0,0.00,99,0,0.00,0.00,34,0,59,14,0,0,0,0,0,22,39,57,51,0,99,7,23,23,0,0,23,26,0,0
Aslak Falch,34,706777200,1992/05/25,First Division,2026,Goalkeeper,Sandnes Ulf,450,180,270,Norway,5,2,3,0,0,0,0,0,0,0,0,1,0,1,8,4,4,1,0,0,0,0,0,0,0,1.6,56,90,450,0,0.2,231,278,53,17,0,6.34,0,36,11.00,11.00,19,55,7.80,39,16,7.80,19,0.00,0.00,0.00,0,0.00,0.00,0.20,0.20,1,0.00,0.00,0.00,0.00,1.80,0.40,0.00,3.40,0.00,0.00,0.00,0.00,0.00,0.00,0.00,0.00,0.20,0.00,0.00,0,0,,0,0.00,14,0,0.00,29,0,0.00,16,0,0,5,95,0.00,99,0,2,0.40,30,0,34,0.00,16,0,0.00,99,0,0.00,0,0,0.00,0,0.00,17,0,0.00,18,0,0.00,0.00,0,0.00,0,9,72,1.80,50,17,0.00,56,3.40,95,N/A,N/A,N/A,N/A,52.94,0,0.00,0,0.00,0.00,0,70.91,0.00,29,99,0.00,0.00,0,24,24,0,0,5,0.00,0.00,0,26,31.68,0.00,0.00,0,0,0.00,0.00,99,0.00,0,0,0,0.00,0.00,0,0.00,0.00,0.00,0.00,0,0,0.00,41,5,1,39,56,0.09,8,0.02,0.02,0.00,15,0.00,0.00,24,1,0.20,0.20,0.00,0.00,9,0,0.00,15,31,8,82,0,59,24,0,0.00,99,1,0.00,0.20,0.40,0.40,2,1,9,9,0.20,0.20,50.00,0,0.00,99,0,0.00,0,0.00,99,0,0.00,0.00,34,10,36,14,0,0,0,0,0,22,39,57,51,0,99,59,54,73,1,20,86,1,0,0
Åsmund Dimmen Roppen,20,1158044400,2006/09/12,First Division,2026,Defender,Hødd,744,419,325,Norway,17,8,9,0,0,0,1,0,1,0,0,1,1,0,12,5,7,2,0,0.12,0.12,0,0,0,0,1.45,62,44,372,744,0.24,227,125,37,13,0,4.83,0.06,56,15.06,7.35,30,125,5.76,98,44,11.81,30,0.00,0.00,0.06,1,0.00,0.18,0.00,0.00,0,0.00,0.06,0.00,0.00,0.00,0.18,0.00,0.94,0.00,0.00,0.00,0.00,0.00,0.00,0.00,0.00,0.24,0.00,0.00,0,0,,0,0.00,14,0,0.00,29,0,0.00,16,4,10,7,63,0.00,99,0,3,0.36,28,3,34,0.36,41,0,0.00,99,0,0.00,0,0,0.00,0,0.12,27,0,0.00,18,0,0.00,0.00,0,0.00,0,0,0,0.00,0,16,0.00,69,1.93,49,N/A,N/A,N/A,N/A,0.00,0,0.00,0,0.00,0.00,0,78.40,0.00,29,99,0.00,0.00,0,24,24,0,0,0,0.00,0.00,0,26,82.06,1.12,2.29,19,1,0.00,0.12,2,0.06,0,0,0,0.00,0.00,0,0.00,0.00,0.00,0.00,0,0,0.00,41,25,47,39,69,0.85,45,0.05,0.10,0.00,15,0.00,0.00,27,2,0.12,0.24,0.36,0.18,39,3,0.00,15,2,78,82,0,59,40,0,0.00,99,4,0.00,0.48,3.01,1.47,25,12,20,16,1.45,0.71,48.00,1,0.12,63,0,0.00,0,0.00,99,0,0.00,0.00,34,21,95,89,0,0,0,0,0,37,39,57,51,0,99,17,43,81,2,12,61,21,0,0
Atli Barkarson,25,984988800,2001/03/19,First Division,2026,Defender,Sogndal,1599,720,879,Iceland,18,8,10,2,1,1,4,2,2,0,0,1,1,0,40,14,26,3,0,0.34,0.23,0.11,0.13,0.1,800,2.25,40,89,533,400,0.17,129,78,103,6,0,6.28,0.22,74,24.42,24.11,59,458,17.11,325,16,17.33,52,0.00,0.00,1.21,23,0.00,3.21,0.00,0.00,0,0.00,0.05,0.00,0.00,0.00,1.11,0.68,2.47,7.00,0.75,0.68,0.68,0.00,0.05,0.10,0.00,1.16,0.00,0.00,0,0,,14,0.74,64,1,0.05,31,13,0.69,78,4,0,18,63,0.00,99,0,21,1.12,81,61,67,3.25,99,0,0.00,99,0,0.00,0,0,0.00,0,1.23,95,13,0.69,68,13,0.69,100.00,0,0.00,0,0,0,0.00,0,47,0.00,17,2.51,77,N/A,N/A,N/A,N/A,0.00,0,0.00,0,1.92,0.00,0,70.96,7.14,30,99,0.00,0.00,0,81,99,0,0,0,0.05,0.05,1,29,119.23,1.68,1.71,32,0,0.00,0.00,99,0.00,0,0,0,0.00,0.00,0,0.00,0.00,0.05,0.05,1,0,14.29,52,75,56,83,19,3.86,80,0.20,0.21,1.92,57,0.10,0.10,9,1,0.05,0.05,0.27,0.26,26,5,0.10,57,25,70,82,0,64,78,0,0.00,99,22,0.00,1.17,5.28,5.21,99,55,57,41,2.93,2.89,55.56,1,0.05,75,0,36.07,0,0.00,99,22,1.16,1.17,99,75,36,89,0,0,0,0,0,65,58,60,61,0,99,17,63,63,3,17,77,23,0,0
Axel Kryger,28,877417200,1997/10/21,First Division,2026,Defender,Sandnes Ulf,1220,682,538,Norway,14,8,6,0,0,0,0,0,0,0,0,4,3,1,20,12,8,2,0,0,0,0,0,0,0,1.48,61,87,610,0,0.15,222,175,43,18,0,6.38,0,36,32.25,29.93,83,449,24.33,365,56,26.22,80,0.00,0.00,0.33,5,0.00,1.07,0.22,0.20,3,0.00,0.07,0.00,0.00,0.00,0.80,0.27,1.53,0.00,0.36,0.27,0.27,0.00,0.07,0.02,0.00,0.80,0.00,0.00,0,0,,5,0.33,39,1,0.07,38,4,0.29,45,4,0,14,96,0.00,99,0,12,0.86,68,16,50,1.15,74,0,0.00,99,0,0.00,0,0,0.00,0,0.36,51,4,0.29,47,4,0.29,100.00,0,0.00,0,0,0,0.00,0,23,0.00,66,1.65,32,N/A,N/A,N/A,N/A,0.00,0,0.00,0,0.31,0.00,0,81.29,20.00,39,99,0.00,0.00,0,60,99,0,0,0,0.40,0.43,6,86,95.63,1.80,1.94,27,1,0.00,0.07,4,0.07,0,0,0,0.00,0.00,0,0.00,0.00,0.00,0.00,0,0,0.00,41,47,27,39,68,0.90,32,0.06,0.06,0.31,28,0.02,0.02,39,5,0.33,0.36,0.29,0.27,29,4,0.02,28,38,72,82,0,59,66,0,0.00,99,12,0.00,0.86,5.17,4.80,72,35,44,40,2.51,2.33,48.61,1,0.07,70,0,25.00,0,0.00,99,4,0.27,0.29,65,49,36,89,0,0,0,0,0,22,39,57,51,0,99,81,71,56,2,14,67,4,0,0
Axel Ostvold Aamodt,16,1258704000,2009/11/20,First Division,2026,Midfielder,Stabæk,467,212,255,Norway,8,4,4,2,2,0,4,2,2,0,0,3,1,2,9,6,3,0,0,1.16,0.77,0.39,0.85,0,234,1.73,52,58,0,117,0,49,3,-1,10,0,7.24,0.5,99,38.27,24.88,91,199,18.25,146,24,28.08,84,0.00,0.00,1.38,11,0.00,5.62,0.00,0.00,0,0.00,0.50,0.00,0.00,0.00,0.38,2.25,1.12,8.50,3.27,1.25,4.00,0.00,0.88,0.33,0.00,0.00,0.00,0.00,0,0,,17,2.12,99,7,1.35,99,10,1.92,99,1,3,5,63,0.00,99,0,3,0.58,45,45,80,8.65,99,0,0.00,99,0,0.00,0,0,0.00,0,2.12,99,32,6.15,99,18,3.46,56.25,0,0.00,0,0,0,0.00,0,9,0.00,46,1.73,38,N/A,N/A,N/A,N/A,0.00,0,0.00,0,2.60,0.00,0,73.37,41.18,67,99,0.00,0.00,0,99,43,0,0,0,0.00,0.00,0,26,57.91,0.25,0.38,2,0,0.00,0.00,99,0.00,0,0,0,0.00,0.00,0,0.00,0.00,0.19,0.12,1,0,11.76,46,6,7,56,47,2.97,99,0.37,0.57,2.60,95,0.33,0.50,74,4,0.50,0.77,0.19,0.12,18,1,0.50,94,97,26,82,0,83,10,0,0.00,99,0,0.00,0.00,17.12,11.12,89,39,99,99,7.50,4.88,43.82,4,0.77,8,0,46.67,0,0.00,99,21,2.62,4.04,99,10,69,38,0,0,0,0,0,99,84,57,97,0,99,97,23,23,0,0,23,33,0,0
Bent Sørmo,30,835426800,1996/06/22,First Division,2026,Defender,Strømsgodset,832,436,396,Norway,17,7,10,1,0,1,1,1,0,0,0,5,2,3,10,6,4,2,0,0.22,0.11,0.11,0,0.23,832,1.08,83,49,416,832,0.22,120,134,6,13,0,6.48,0.06,55,24.41,13.35,59,227,11.82,201,88,21.61,66,0.00,0.00,0.06,1,0.00,0.12,0.00,0.00,0,0.00,0.06,0.00,0.00,0.00,0.18,0.06,0.71,1.00,0.11,0.00,0.06,0.00,0.06,0.04,0.00,0.47,0.00,0.00,0,0,,1,0.06,20,1,0.11,44,0,0.00,16,1,7,10,63,0.00,99,0,3,0.32,25,2,92,0.22,31,0,0.00,99,0,0.00,0,0,0.00,0,0.11,25,1,0.11,30,1,0.11,100.00,0,0.00,0,0,0,0.00,0,12,0.00,98,1.29,8,N/A,N/A,N/A,N/A,0.00,0,0.00,0,0.70,0.00,0,88.55,100.00,99,99,0.00,0.00,0,36,99,0,0,0,0.24,0.43,4,86,110.09,0.65,1.18,11,0,0.00,0.00,99,0.00,0,0,0,0.00,0.00,0,0.00,0.00,0.00,0.00,0,0,100.00,99,30,47,84,97,0.46,24,0.03,0.05,0.70,52,0.04,0.08,47,4,0.24,0.43,0.32,0.18,34,3,0.08,52,50,59,82,0,59,66,0,0.00,99,8,0.00,0.86,2.69,1.47,25,14,21,15,1.51,0.82,56.00,1,0.11,65,0,50.00,0,0.00,99,1,0.06,0.11,46,33,88,38,0,0,0,0,0,55,58,76,51,0,99,81,48,78,2,12,61,5,0,0
Bjørn Mæland,25,983001600,2001/02/24,First Division,2026,Defender,Egersund,1415,855,560,Norway,18,11,7,0,0,0,0,0,0,0,0,7,5,2,17,9,8,7,1,0,0,0,0,0,0,1.08,83,79,202,0,0.45,241,254,5,22,0,6.78,0,36,33.40,29.06,84,494,25.00,425,78,28.74,86,0.00,0.00,0.06,1,0.00,0.12,0.00,0.00,0,0.00,0.06,0.00,0.00,0.00,0.88,0.12,1.12,0.00,0.20,0.18,0.12,0.00,0.00,0.01,0.00,0.71,0.00,0.00,0,0,,3,0.18,29,0,0.00,29,3,0.20,35,3,3,15,63,0.00,99,0,15,1.01,76,2,34,0.14,23,0,0.00,99,0,0.00,0,0,0.00,0,0.07,22,2,0.14,33,2,0.14,100.00,0,0.00,0,0,0,0.00,0,19,0.00,98,1.28,7,N/A,N/A,N/A,N/A,0.00,0,0.00,0,0.12,0.00,0,86.03,0.00,29,99,0.00,0.00,0,41,99,0,0,0,0.53,0.61,9,92,115.27,2.18,2.50,37,0,0.00,0.00,99,0.00,0,0,0,0.00,0.00,0,0.00,0.00,0.07,0.06,1,0,0.00,41,60,56,39,97,0.82,32,0.05,0.06,0.12,23,0.01,0.01,16,2,0.12,0.14,0.54,0.47,57,8,0.01,23,80,81,82,0,70,63,0,0.00,99,12,0.00,0.81,5.07,4.41,75,30,28,39,2.03,1.76,40.00,1,0.07,70,0,0.00,0,0.00,99,0,0.00,0.00,34,53,69,79,0,0,0,0,0,22,39,57,51,0,99,98,27,97,6,33,97,3,0,0
Brage Tobiassen,19,1159254000,2006/09/26,First Division,2026,Midfielder,Stabæk,745,319,426,Norway,11,5,6,1,0,1,5,3,2,0,0,4,2,2,8,1,7,3,0,0.72,0.6,0.12,0,0.21,745,0.97,93,68,248,149,0.36,115,6,-1,14,0,6.48,0.45,98,4.65,3.20,5,16,3.00,15,99,4.35,5,0.00,0.00,0.20,1,0.00,0.20,0.00,0.00,0,0.00,0.00,0.00,0.00,0.00,0.20,0.20,0.80,0.00,0.00,0.00,0.20,0.00,0.00,0.00,0.00,0.00,0.00,0.00,0,0,,0,0.00,14,0,0.00,29,0,0.00,16,4,2,9,63,0.00,99,0,1,0.29,24,1,34,0.29,35,0,0.00,99,0,0.00,0,0,0.00,0,0.29,46,1,0.29,47,1,0.29,100.00,0,0.00,0,0,0,0.00,0,4,0.00,99,1.16,1,N/A,N/A,N/A,N/A,0.00,0,0.00,0,0.00,0.00,0,93.75,0.00,29,99,0.00,0.00,0,60,99,0,0,0,0.00,0.00,0,26,32.39,0.00,0.00,0,0,0.00,0.00,99,0.00,0,0,0,0.00,0.00,0,0.00,0.00,0.00,0.00,0,0,0.00,41,25,17,80,99,1.10,94,0.22,0.32,0.00,15,0.00,0.00,8,0,0.00,0.00,0.58,0.40,59,2,0.00,15,50,8,82,0,59,10,0,0.00,99,0,0.00,0.00,1.16,0.80,4,1,10,11,0.29,0.20,25.00,0,0.00,99,0,0.00,0,0.00,99,0,0.00,0.00,34,28,59,89,0,0,0,0,0,87,61,74,51,0,99,92,31,93,3,27,94,28,0,0
Breki Baldursson,20,1155279600,2006/08/11,First Division,2026,Midfielder,Åsane,241,151,90,Iceland,5,4,1,0,0,0,0,0,0,0,0,0,0,0,10,6,4,0,0,0,0,0,0,0,0,3.73,24,48,0,0,0,-1,-1,-1,18,0,6.33,0,36,39.44,22.00,91,110,19.40,97,86,34.78,91,0.00,0.00,0.40,2,0.00,1.00,0.00,0.00,0,0.00,0.00,0.00,0.00,0.00,0.20,0.00,2.20,0.00,0.72,0.40,0.00,0.00,0.00,0.02,0.00,0.00,0.00,0.00,0,0,,2,0.40,62,0,0.00,29,2,0.72,80,1,3,2,63,0.00,99,0,1,0.36,28,5,95,1.79,87,0,0.00,99,0,0.00,0,0,0.00,0,0.72,79,0,0.00,18,0,0.00,0.00,0,0.00,0,0,0,0.00,0,11,0.00,0,3.94,97,N/A,N/A,N/A,N/A,0.00,0,0.00,0,0.11,0.00,0,88.18,0.00,29,99,0.00,0.00,0,24,24,0,0,0,0.60,1.08,3,99,31.66,0.40,0.72,2,0,0.00,0.00,99,0.00,0,0,0,0.00,0.00,0,0.00,0.00,0.00,0.00,0,0,0.00,41,0,1,39,1,0.24,43,0.05,0.09,0.11,36,0.02,0.04,39,1,0.20,0.36,1.43,0.80,98,4,0.04,35,30,43,82,0,59,10,0,0.00,99,0,0.00,0.00,9.32,5.20,26,11,78,83,3.94,2.20,42.31,0,0.00,99,0,60.00,0,0.00,99,3,0.60,1.08,97,1,69,38,0,0,0,0,0,22,39,57,51,0,99,7,23,23,0,0,23,27,0,0
Bruno Leite,31,795772800,1995/03/21,First Division,2026,Midfielder,Haugesund,743,282,461,Portugal,15,6,9,2,2,0,3,1,2,0,0,3,1,2,10,4,6,4,0,0.61,0.36,0.24,0.64,0,372,1.21,74,50,186,248,0.48,77,28,-1,6,0,6.79,0.2,90,41.01,23.69,92,308,20.00,260,70,34.62,91,0.00,0.00,0.62,8,0.00,0.23,0.13,0.08,1,0.00,0.31,0.00,0.00,0.00,0.85,1.08,0.77,8.00,2.13,0.92,1.69,0.00,0.31,0.17,0.00,0.92,0.00,0.00,0,0,,16,1.23,96,4,0.53,80,12,1.60,98,1,7,8,89,0.00,99,0,11,1.46,89,3,34,0.40,44,0,0.00,99,0,0.00,0,0,0.00,0,1.07,93,22,2.93,98,14,1.86,63.64,0,0.00,0,0,0,0.00,0,10,0.00,89,1.33,11,N/A,N/A,N/A,N/A,0.00,0,0.00,0,2.26,0.00,0,84.42,25.00,43,99,0.00,0.00,0,98,53,0,0,0,0.15,0.27,2,76,88.25,1.15,2.00,15,0,0.00,0.00,99,0.00,0,0,0,0.00,0.00,0,0.00,0.00,0.00,0.00,0,0,12.50,49,25,33,65,89,2.58,95,0.20,0.34,2.26,82,0.17,0.30,99,15,1.15,2.00,1.73,1.00,99,13,0.30,79,81,74,82,0,59,89,0,0.00,99,12,0.00,1.60,18.37,10.62,138,69,99,99,9.19,5.31,50.00,4,0.53,21,0,0.00,0,0.00,99,0,0.00,0.00,34,25,88,38,0,0,0,0,0,81,75,57,91,0,99,59,26,97,4,27,94,16,0,0
Cameron Crestani,30,829810800,1996/04/18,First Division,2026,Defender,Strømmen,750,375,375,Australia,11,5,6,0,0,0,2,1,1,0,0,2,2,0,11,7,4,5,0,0.24,0.24,0,0,0,0,1.32,68,68,150,375,0.6,249,73,26,17,0,7.24,0.18,77,34.21,25.20,86,252,19.40,194,36,26.33,80,0.00,0.00,0.60,6,0.00,0.90,0.14,0.10,1,0.00,0.30,0.00,0.00,0.00,1.60,0.10,1.50,0.00,0.27,0.10,0.10,0.00,0.10,0.02,0.00,0.90,0.00,0.00,0,0,,2,0.20,34,1,0.14,48,1,0.14,28,2,2,9,90,0.00,99,0,16,2.17,99,9,43,1.22,75,0,0.00,99,0,0.00,0,0,0.00,0,0.81,84,1,0.14,33,1,0.14,100.00,0,0.00,0,0,0,0.00,0,15,0.00,79,2.04,56,N/A,N/A,N/A,N/A,0.00,0,0.00,0,0.16,0.00,0,76.98,50.00,86,99,0.00,0.00,0,41,99,0,0,0,0.50,0.68,5,96,72.39,2.80,3.80,28,0,0.00,0.00,99,0.00,0,0,0,0.00,0.00,0,0.00,0.00,0.00,0.00,0,0,0.00,41,26,17,39,79,1.19,68,0.12,0.16,0.16,28,0.02,0.02,88,8,0.80,1.09,1.36,1.00,96,10,0.02,28,97,95,82,0,59,80,0,0.00,99,9,0.00,1.22,10.18,7.50,75,30,81,88,4.07,3.00,40.00,3,0.41,32,0,22.22,0,0.00,99,2,0.20,0.27,63,28,59,57,0,0,0,0,0,58,39,57,51,0,99,54,24,99,5,45,99,3,0,0
Cameron Streete,27,918547200,1999/02/09,First Division,2026,Forward,Hødd,1337,619,718,Sweden,21,10,11,8,2,6,1,1,0,0,0,2,1,1,21,9,12,0,0,0.61,0.07,0.54,0.29,0.75,167,1.41,64,64,0,1337,0,26,149,-1,2,0,6.81,0.05,46,5.24,3.85,5,77,3.10,62,53,4.22,5,0.00,0.00,0.25,5,0.00,0.05,0.00,0.00,0,0.00,0.50,0.00,0.00,0.00,0.30,0.30,1.20,1.88,1.02,0.15,0.65,0.00,0.60,0.33,0.00,1.00,0.00,0.00,0,0,,15,0.75,74,12,0.82,91,3,0.20,35,2,6,15,63,0.00,99,0,6,0.41,32,1,34,0.07,19,0,0.00,99,0,0.00,0,0,0.00,0,0.34,49,13,0.89,75,6,0.41,46.15,0,0.00,0,0,0,0.00,0,24,0.00,73,1.63,31,N/A,N/A,N/A,N/A,0.00,0,0.00,0,6.50,0.00,0,80.52,80.00,97,99,0.00,0.00,0,68,30,0,0,0,0.05,0.07,1,36,136.27,0.55,0.75,11,0,0.00,0.00,99,0.00,0,0,0,0.00,0.00,0,0.00,0.00,0.54,0.40,8,1,53.33,94,53,99,47,73,0.90,32,0.04,0.06,6.50,92,0.33,0.44,82,13,0.65,0.89,0.41,0.30,45,6,0.44,91,83,44,82,0,96,84,0,0.00,99,20,0.00,1.36,8.85,6.50,130,47,64,80,3.20,2.35,36.15,10,0.68,11,0,0.00,0,0.00,99,0,0.00,0.00,34,53,84,57,0,2,0,10,0,81,92,96,75,0,99,29,23,23,0,0,23,9,0,0
Casper Glenna Andersen,21,1107763200,2005/02/07,First Division,2026,Defender,Odd,82,42,40,Norway,7,3,4,0,0,0,0,0,0,0,0,2,1,1,2,1,1,1,0,0,0,0,0,0,0,2.2,41,12,82,0,1.1,-1,-1,-1,13,0,4.66,0,36,50.82,6.86,97,48,4.86,34,16,36.00,93,0.00,0.00,0.14,1,0.00,0.57,0.00,0.00,0,0.00,0.00,0.00,0.00,0.00,0.14,0.57,0.29,0.00,1.06,0.14,0.57,0.00,0.00,0.01,0.00,0.29,0.00,0.00,0,0,,1,0.14,75,0,0.00,29,1,1.06,91,0,7,0,63,0.00,99,0,1,1.06,79,4,34,4.24,99,0,0.00,99,0,0.00,0,0,0.00,0,1.06,92,4,4.24,99,4,4.24,100.00,0,0.00,0,0,0,0.00,0,2,0.00,20,2.12,58,N/A,N/A,N/A,N/A,0.00,0,0.00,0,0.06,0.00,0,70.83,0.00,29,99,0.00,0.00,0,99,99,0,0,0,0.00,0.00,0,26,32.64,0.14,1.06,1,0,0.00,0.00,99,0.00,0,0,0,0.00,0.00,0,0.00,0.00,1.06,0.14,1,0,0.00,41,0,5,39,22,0.09,45,0.01,0.10,0.06,46,0.01,0.06,99,2,0.29,2.12,3.18,0.43,99,3,0.06,45,1,54,82,0,99,94,0,0.00,99,2,0.00,2.12,20.12,2.71,19,9,99,99,9.53,1.29,47.37,0,0.00,99,0,0.00,0,0.00,99,0,0.00,0.00,34,0,88,14,0,0,0,0,0,22,39,57,51,0,99,81,23,99,1,14,67,11,0,0
Chris Sleveland,29,860655600,1997/04/10,First Division,2026,Midfielder,Egersund,1890,990,900,Norway,21,11,10,2,0,2,1,1,0,0,0,7,5,2,34,13,21,2,0,0.14,0.05,0.1,0,0.2,945,1.62,56,90,945,1890,0.1,132,169,-1,7,0,7.04,0.05,39,42.75,42.75,93,855,35.05,701,59,35.05,92,0.00,0.00,0.55,11,0.00,0.45,0.05,0.05,1,0.00,0.20,0.00,0.00,0.00,1.50,0.55,1.90,7.50,0.75,0.50,0.65,0.00,0.25,0.11,0.00,1.00,0.00,0.00,0,0,,15,0.75,64,5,0.25,63,10,0.50,65,0,0,21,69,0.00,99,0,30,1.50,91,9,43,0.45,48,0,0.00,99,0,0.00,0,0,0.00,0,0.55,68,13,0.65,67,11,0.55,84.62,0,0.00,0,0,0,0.00,0,38,0.00,54,1.90,48,N/A,N/A,N/A,N/A,0.00,0,0.00,0,2.30,0.00,0,81.99,33.33,56,99,0.00,0.00,0,73,75,0,0,0,0.45,0.45,9,88,140.70,1.20,1.20,24,0,0.00,0.00,99,0.00,0,0,0,0.00,0.00,0,0.00,0.00,0.00,0.00,0,0,13.33,50,99,99,87,56,2.59,59,0.13,0.13,2.30,61,0.11,0.11,59,12,0.60,0.60,1.30,1.30,95,26,0.11,60,93,59,82,0,59,71,0,0.00,99,20,0.00,1.00,8.45,8.45,169,80,79,77,4.00,4.00,47.34,4,0.20,50,0,22.22,0,0.00,99,2,0.10,0.10,43,99,36,14,0,0,0,0,0,42,54,73,51,0,99,91,91,37,2,10,50,8,0,0
Christian Benedict Bantilan Hansen,18,1199347200,2008/01/03,First Division,2026,Goalkeeper,Hødd,0,0,0,Norway,0,0,0,0,0,0,0,0,0,0,0,0,0,0,0,0,0,0,0,0,0,0,0,0,0,0,0,0,0,0,0,-1,-1,-1,-1,N/A,N/A,N/A,N/A,N/A,N/A,N/A,N/A,N/A,N/A,N/A,N/A,N/A,N/A,N/A,N/A,N/A,N/A,N/A,N/A,N/A,N/A,N/A,N/A,N/A,N/A,N/A,N/A,N/A,N/A,N/A,N/A,N/A,N/A,N/A,N/A,N/A,N/A,N/A,N/A,N/A,N/A,N/A,N/A,N/A,N/A,N/A,N/A,N/A,N/A,N/A,N/A,N/A,N/A,N/A,N/A,N/A,N/A,N/A,N/A,N/A,N/A,N/A,N/A,N/A,N/A,N/A,N/A,N/A,N/A,N/A,N/A,N/A,N/A,N/A,N/A,N/A,N/A,N/A,N/A,N/A,N/A,N/A,N/A,N/A,N/A,N/A,N/A,N/A,N/A,N/A,N/A,N/A,N/A,N/A,N/A,N/A,N/A,N/A,N/A,N/A,N/A,N/A,N/A,N/A,N/A,N/A,N/A,N/A,N/A,N/A,N/A,N/A,N/A,N/A,N/A,N/A,N/A,N/A,N/A,N/A,N/A,N/A,N/A,N/A,N/A,N/A,N/A,N/A,N/A,N/A,N/A,N/A,N/A,N/A,N/A,N/A,N/A,N/A,N/A,N/A,N/A,N/A,N/A,N/A,N/A,N/A,N/A,N/A,N/A,N/A,N/A,N/A,N/A,N/A,N/A,N/A,N/A,N/A,N/A,N/A,N/A,N/A,N/A,N/A,N/A,N/A,N/A,N/A,N/A,N/A,N/A,N/A,N/A,N/A,N/A,N/A,N/A,N/A,N/A,N/A,N/A,N/A,N/A,N/A,N/A,N/A,N/A,N/A,N/A,N/A,N/A,N/A,N/A,N/A,N/A,N/A,N/A,N/A,N/A,N/A,N/A,N/A,N/A,N/A,N/A,N/A,N/A,N/A,N/A,N/A,N/A,N/A,N/A,N/A,N/A,N/A,N/A,N/A,N/A,N/A,N/A,N/A,N/A
Christoffer Aasbak,33,743324400,1993/07/22,First Division,2026,Defender,Ranheim,575,358,217,Norway,10,6,4,0,0,0,0,0,0,0,0,0,0,0,17,10,7,1,0,0,0,0,0,0,0,2.66,34,58,575,0,0.16,265,183,116,21,0,5.50,0,36,51.67,38.25,97,306,34.12,273,92,46.10,97,0.00,0.00,0.00,0,0.00,0.50,0.00,0.00,0,0.00,0.00,0.00,0.00,0.00,1.38,0.00,2.38,0.00,0.17,0.12,0.00,0.00,0.00,0.01,0.00,0.50,0.00,0.00,0,0,,1,0.12,26,0,0.00,29,1,0.17,32,1,4,6,63,0.00,99,0,11,1.86,98,4,92,0.68,61,0,0.00,99,0,0.00,0,0,0.00,0,0.00,17,0,0.00,18,0,0.00,0.00,0,0.00,0,0,0,0.00,0,19,0.00,4,3.21,93,N/A,N/A,N/A,N/A,0.00,0,0.00,0,0.05,0.00,0,89.22,0.00,29,99,0.00,0.00,0,24,24,0,0,0,0.12,0.17,1,59,44.03,3.00,4.05,24,0,0.00,0.00,99,0.00,0,0,0,0.00,0.00,0,0.00,0.00,0.00,0.00,0,1,0.00,41,14,12,39,6,0.57,45,0.07,0.10,0.05,23,0.01,0.01,21,1,0.12,0.17,0.51,0.38,55,3,0.01,23,7,96,82,0,59,55,0,0.00,99,4,0.00,0.68,3.38,2.50,20,5,13,18,0.84,0.62,25.00,0,0.00,99,0,50.00,0,0.00,99,2,0.25,0.34,69,16,73,38,0,0,0,0,0,22,39,57,51,0,99,7,67,59,1,10,50,3,0,0
Christoffer Voll,17,1231056000,2009/01/04,First Division,2026,Midfielder,Bryne,0,0,0,Norway,0,0,0,0,0,0,0,0,0,0,0,0,0,0,0,0,0,0,0,0,0,0,0,0,0,0,0,0,0,0,0,-1,-1,-1,-1,N/A,N/A,N/A,N/A,N/A,N/A,N/A,N/A,N/A,N/A,N/A,N/A,N/A,N/A,N/A,N/A,N/A,N/A,N/A,N/A,N/A,N/A,N/A,N/A,N/A,N/A,N/A,N/A,N/A,N/A,N/A,N/A,N/A,N/A,N/A,N/A,N/A,N/A,N/A,N/A,N/A,N/A,N/A,N/A,N/A,N/A,N/A,N/A,N/A,N/A,N/A,N/A,N/A,N/A,N/A,N/A,N/A,N/A,N/A,N/A,N/A,N/A,N/A,N/A,N/A,N/A,N/A,N/A,N/A,N/A,N/A,N/A,N/A,N/A,N/A,N/A,N/A,N/A,N/A,N/A,N/A,N/A,N/A,N/A,N/A,N/A,N/A,N/A,N/A,N/A,N/A,N/A,N/A,N/A,N/A,N/A,N/A,N/A,N/A,N/A,N/A,N/A,N/A,N/A,N/A,N/A,N/A,N/A,N/A,N/A,N/A,N/A,N/A,N/A,N/A,N/A,N/A,N/A,N/A,N/A,N/A,N/A,N/A,N/A,N/A,N/A,N/A,N/A,N/A,N/A,N/A,N/A,N/A,N/A,N/A,N/A,N/A,N/A,N/A,N/A,N/A,N/A,N/A,N/A,N/A,N/A,N/A,N/A,N/A,N/A,N/A,N/A,N/A,N/A,N/A,N/A,N/A,N/A,N/A,N/A,N/A,N/A,N/A,N/A,N/A,N/A,N/A,N/A,N/A,N/A,N/A,N/A,N/A,N/A,N/A,N/A,N/A,N/A,N/A,N/A,N/A,N/A,N/A,N/A,N/A,N/A,N/A,N/A,N/A,N/A,N/A,N/A,N/A,N/A,N/A,N/A,N/A,N/A,N/A,N/A,N/A,N/A,N/A,N/A,N/A,N/A,N/A,N/A,N/A,N/A,N/A,N/A,N/A,N/A,N/A,N/A,N/A,N/A,N/A,N/A,N/A,N/A,N/A,N/A
Dadi Dodou Gaye,31,795772800,1995/03/21,First Division,2026,Defender,Bryne,1829,900,929,Norway,21,10,11,1,1,0,3,2,1,0,0,5,2,3,22,13,9,2,0,0.2,0.15,0.05,0.1,0,1829,1.08,83,87,915,610,0.1,169,106,8,11,0,6.50,0.14,64,27.36,26.48,68,556,21.24,446,51,21.95,67,0.00,0.00,0.43,9,0.00,1.29,0.00,0.00,0,0.00,0.14,0.00,0.00,0.00,0.71,0.29,1.29,1.00,0.05,0.05,0.33,0.00,0.00,0.03,0.00,1.14,0.00,0.00,0,0,,1,0.05,16,0,0.00,29,1,0.05,18,1,1,20,63,0.00,99,0,15,0.74,59,27,94,1.33,76,0,0.00,99,0,0.00,0,0,0.00,0,0.44,59,7,0.34,51,6,0.30,85.71,0,0.00,0,0,0,0.00,0,27,0.00,98,1.33,11,N/A,N/A,N/A,N/A,0.00,0,0.00,0,0.63,0.00,0,80.22,0.00,29,99,0.00,0.00,0,61,76,0,0,0,0.33,0.34,7,82,136.49,1.48,1.53,31,0,0.00,0.00,99,0.00,0,0,0,0.00,0.00,0,0.00,0.00,0.00,0.00,0,0,100.00,99,93,99,99,97,3.02,64,0.14,0.15,0.63,32,0.03,0.03,48,9,0.43,0.44,0.30,0.29,30,6,0.03,32,52,66,82,0,59,78,0,0.00,99,24,0.00,1.18,6.15,5.95,125,63,62,52,3.10,3.00,50.40,3,0.15,58,0,59.26,0,0.00,99,16,0.76,0.79,93,92,48,38,0,0,0,0,0,53,44,57,54,0,99,65,88,37,2,10,50,16,0,0
Daniel Gjerde Saetren,20,1143964800,2006/04/02,First Division,2026,Goalkeeper,Sogndal,0,0,0,Norway,0,0,0,0,0,0,0,0,0,0,0,0,0,0,0,0,0,0,0,0,0,0,0,0,0,0,0,0,0,0,0,-1,-1,-1,-1,N/A,N/A,N/A,N/A,N/A,N/A,N/A,N/A,N/A,N/A,N/A,N/A,N/A,N/A,N/A,N/A,N/A,N/A,N/A,N/A,N/A,N/A,N/A,N/A,N/A,N/A,N/A,N/A,N/A,N/A,N/A,N/A,N/A,N/A,N/A,N/A,N/A,N/A,N/A,N/A,N/A,N/A,N/A,N/A,N/A,N/A,N/A,N/A,N/A,N/A,N/A,N/A,N/A,N/A,N/A,N/A,N/A,N/A,N/A,N/A,N/A,N/A,N/A,N/A,N/A,N/A,N/A,N/A,N/A,N/A,N/A,N/A,N/A,N/A,N/A,N/A,N/A,N/A,N/A,N/A,N/A,N/A,N/A,N/A,N/A,N/A,N/A,N/A,N/A,N/A,N/A,N/A,N/A,N/A,N/A,N/A,N/A,N/A,N/A,N/A,N/A,N/A,N/A,N/A,N/A,N/A,N/A,N/A,N/A,N/A,N/A,N/A,N/A,N/A,N/A,N/A,N/A,N/A,N/A,N/A,N/A,N/A,N/A,N/A,N/A,N/A,N/A,N/A,N/A,N/A,N/A,N/A,N/A,N/A,N/A,N/A,N/A,N/A,N/A,N/A,N/A,N/A,N/A,N/A,N/A,N/A,N/A,N/A,N/A,N/A,N/A,N/A,N/A,N/A,N/A,N/A,N/A,N/A,N/A,N/A,N/A,N/A,N/A,N/A,N/A,N/A,N/A,N/A,N/A,N/A,N/A,N/A,N/A,N/A,N/A,N/A,N/A,N/A,N/A,N/A,N/A,N/A,N/A,N/A,N/A,N/A,N/A,N/A,N/A,N/A,N/A,N/A,N/A,N/A,N/A,N/A,N/A,N/A,N/A,N/A,N/A,N/A,N/A,N/A,N/A,N/A,N/A,N/A,N/A,N/A,N/A,N/A,N/A,N/A,N/A,N/A,N/A,N/A,N/A,N/A,N/A,N/A,N/A,N/A
Daniel Job,21,1125039600,2005/08/26,First Division,2026,Forward,Kongsvinger,1585,821,764,Nigeria,19,10,9,6,2,4,8,5,3,0,0,3,1,2,27,17,10,2,0,0.79,0.45,0.34,0.22,0.47,264,1.53,59,83,793,198,0.11,54,19,-1,4,0,7.59,0.42,95,18.31,16.89,42,304,12.06,217,19,13.07,37,0.00,0.00,1.50,27,0.00,1.94,0.06,0.06,1,0.00,0.33,0.00,0.00,0.00,0.44,3.17,1.61,3.17,1.14,0.61,3.78,0.00,0.44,0.28,0.00,0.00,0.00,0.00,0,0,,19,1.06,77,8,0.48,78,11,0.66,76,3,1,18,72,0.00,99,0,8,0.48,36,35,82,2.11,91,0,0.00,99,0,0.00,0,0,0.00,0,1.63,99,68,4.10,99,57,3.43,83.82,0,0.00,0,0,0,0.00,0,29,0.00,63,1.75,39,N/A,N/A,N/A,N/A,0.00,0,0.00,0,5.12,0.00,0,71.38,42.11,68,99,0.00,0.00,0,99,74,0,0,0,0.06,0.06,1,33,136.61,0.22,0.24,4,0,0.00,0.00,99,0.00,0,0,1,0.06,0.06,0,0.00,0.00,0.72,0.67,12,0,31.58,77,73,69,58,63,6.37,97,0.35,0.38,5.12,83,0.28,0.31,86,18,1.00,1.08,0.48,0.44,52,8,0.31,80,99,19,91,0,99,10,0,0.00,99,0,0.00,0.00,9.82,9.06,163,101,95,86,6.08,5.61,61.96,6,0.36,37,0,48.57,0,0.00,99,17,0.94,1.02,96,75,48,79,0,0,0,0,0,90,82,89,71,0,99,50,83,41,2,11,56,11,0,0
Daniel Lysgård,27,920707200,1999/03/06,First Division,2026,Defender,Kongsvinger,477,301,176,Norway,16,8,8,0,0,0,0,0,0,0,0,2,0,2,13,8,5,2,0,0,0,0,0,0,0,2.45,37,30,239,0,0.38,191,245,109,14,0,5.95,0,36,70.65,31.33,99,376,25.33,304,54,57.12,99,0.00,0.00,0.33,4,0.00,1.33,0.00,0.00,0,0.00,0.08,0.00,0.00,0.00,0.83,0.17,1.17,0.00,0.75,0.33,0.17,0.00,0.00,0.02,0.00,1.58,0.00,0.00,0,0,,4,0.33,64,0,0.00,29,4,0.75,82,4,12,4,63,0.00,99,0,10,1.88,98,16,50,3.01,98,0,0.00,99,0,0.00,0,0,0.00,0,0.75,80,2,0.38,54,2,0.38,100.00,0,0.00,0,0,0,0.00,0,14,0.00,11,2.63,81,N/A,N/A,N/A,N/A,0.00,0,0.00,0,0.20,0.00,0,80.85,0.00,29,99,0.00,0.00,0,67,99,0,0,0,0.42,0.94,5,99,71.42,2.08,4.70,25,0,0.00,0.00,99,0.00,0,0,1,0.08,0.19,0,0.00,0.00,0.00,0.00,0,0,0.00,41,8,42,39,12,0.75,62,0.06,0.14,0.20,36,0.02,0.04,72,4,0.33,0.75,1.13,0.50,91,6,0.04,35,13,99,99,0,59,99,0,0.00,99,19,0.00,3.57,12.21,5.42,65,35,97,94,6.58,2.92,53.85,1,0.19,52,0,25.00,0,0.00,99,4,0.33,0.75,90,6,97,89,0,0,0,0,0,22,39,57,51,0,99,39,30,94,2,12,61,5,0,0
Daniel Samuelsen Arifagic,20,1154415600,2006/08/01,First Division,2026,Midfielder,Sandnes Ulf,251,120,131,Norway,11,6,5,0,0,0,0,0,0,0,0,4,3,1,4,3,1,0,0,0,0,0,0,0,0,1.43,63,23,0,0,0,-1,-1,-1,12,0,3.51,0,36,29.76,7.45,75,82,5.82,64,42,23.23,71,0.00,0.00,0.00,0,0.00,0.36,0.00,0.00,0,0.00,0.09,0.00,0.00,0.00,0.45,0.18,0.64,0.00,0.36,0.09,0.27,0.00,0.00,0.00,0.00,0.00,0.00,0.00,0,0,,1,0.09,39,0,0.00,29,1,0.36,54,1,9,2,63,0.00,99,0,5,1.81,97,4,50,1.45,79,0,0.00,99,0,0.00,0,0,0.00,0,0.00,17,3,1.09,84,2,0.73,66.67,0,0.00,0,0,0,0.00,0,7,0.00,71,2.54,78,N/A,N/A,N/A,N/A,0.00,0,0.00,0,0.04,0.00,0,78.05,0.00,29,99,0.00,0.00,0,83,59,0,0,0,0.00,0.00,0,26,38.58,0.36,1.45,4,0,0.00,0.00,99,0.00,0,0,0,0.00,0.00,0,0.00,0.00,0.36,0.09,1,0,0.00,41,0,17,39,72,0.12,19,0.01,0.04,0.04,23,0.00,0.01,88,3,0.27,1.09,1.09,0.27,89,3,0.01,23,0,64,82,0,91,10,0,0.00,99,0,0.00,0.00,8.35,2.09,23,9,65,76,3.27,0.82,39.13,1,0.36,37,0,25.00,0,0.00,99,1,0.09,0.36,71,1,94,38,0,0,0,0,0,22,39,57,51,0,99,92,23,23,0,0,23,22,0,0
Daniel Söderberg,29,852883200,1997/01/10,First Division,2026,Midfielder,Odd,1619,809,810,Sweden,18,9,9,2,2,0,0,0,0,0,0,5,3,2,28,9,19,4,0,0.11,0,0.11,0.22,0,810,1.56,58,90,405,0,0.22,122,258,-1,8,0,6.21,0,36,30.65,30.63,78,582,26.58,505,82,26.59,81,0.00,0.00,0.37,7,0.00,0.16,0.21,0.21,4,0.00,0.21,0.00,0.00,0.00,0.74,0.05,1.47,3.50,0.37,0.26,0.11,0.00,0.11,0.09,0.00,1.37,0.00,0.00,0,0,,7,0.37,41,2,0.11,44,5,0.26,43,2,0,18,95,0.00,99,0,14,0.74,59,3,34,0.16,27,0,0.00,99,0,0.00,0,0,0.00,0,0.37,53,2,0.11,30,1,0.05,50.00,0,0.00,0,0,0,0.00,0,28,0.00,60,1.47,21,N/A,N/A,N/A,N/A,0.00,0,0.00,0,1.64,0.00,0,86.77,28.57,46,99,0.00,0.00,0,28,40,0,0,0,0.05,0.05,1,29,117.93,0.53,0.53,10,0,0.00,0.00,99,0.00,0,0,0,0.00,0.00,0,0.00,0.00,0.00,0.00,0,0,28.57,75,77,56,83,62,1.51,39,0.08,0.08,1.64,55,0.09,0.09,40,7,0.37,0.37,0.79,0.79,73,15,0.09,54,22,34,82,0,59,84,0,0.00,99,26,0.00,1.37,7.48,7.47,142,71,74,67,3.74,3.74,50.00,4,0.21,49,0,0.00,0,0.00,99,0,0.00,0.00,34,75,36,57,0,0,0,0,0,35,58,57,71,0,99,81,47,78,4,22,88,8,0,0
Danilo dos Santos Jonker,22,1087455600,2004/06/17,First Division,2026,Midfielder,Stabæk,61,28,33,Norway,5,3,2,0,0,0,0,0,0,0,0,1,0,1,2,1,1,0,0,0,0,0,0,0,0,2.95,31,12,0,0,0,-1,-1,-1,23,0,6.44,0,36,40.78,5.80,92,29,4.40,22,31,30.94,88,0.00,0.00,0.20,1,0.00,0.20,0.00,0.00,0,0.00,0.40,0.00,0.00,0.00,0.20,0.00,0.40,0.00,0.00,0.00,0.20,0.00,0.00,0.00,0.00,0.60,0.00,0.00,0,0,,0,0.00,14,0,0.00,29,0,0.00,16,0,5,0,63,0.00,99,0,1,1.41,87,1,34,1.41,77,0,0.00,99,0,0.00,0,0,0.00,0,1.41,98,1,1.41,90,0,0.00,0.00,0,0.00,0,0,0,0.00,0,2,0.00,2,2.81,84,N/A,N/A,N/A,N/A,0.00,0,0.00,0,0.00,0.00,0,75.86,0.00,29,99,0.00,0.00,0,24,24,0,0,0,0.40,2.81,2,99,32.22,0.20,1.41,1,0,0.00,0.00,99,0.00,0,0,0,0.00,0.00,0,0.00,0.00,0.00,0.00,0,1,0.00,41,0,1,39,2,0.08,50,0.02,0.11,0.00,15,0.00,0.00,94,1,0.20,1.41,1.41,0.20,97,1,0.00,15,45,62,82,0,59,99,0,0.00,99,3,0.00,4.22,25.31,3.60,18,9,99,99,12.66,1.80,50.00,2,2.81,0,0,0.00,0,0.00,99,0,0.00,0.00,34,0,80,14,0,0,0,0,0,22,39,57,51,0,99,59,23,23,0,0,23,28,0,0
David Aksnes,18,1190962800,2007/09/28,First Division,2026,Midfielder,Bryne,0,0,0,Norway,0,0,0,0,0,0,0,0,0,0,0,0,0,0,0,0,0,0,0,0,0,0,0,0,0,0,0,0,0,0,0,-1,-1,-1,-1,N/A,N/A,N/A,N/A,N/A,N/A,N/A,N/A,N/A,N/A,N/A,N/A,N/A,N/A,N/A,N/A,N/A,N/A,N/A,N/A,N/A,N/A,N/A,N/A,N/A,N/A,N/A,N/A,N/A,N/A,N/A,N/A,N/A,N/A,N/A,N/A,N/A,N/A,N/A,N/A,N/A,N/A,N/A,N/A,N/A,N/A,N/A,N/A,N/A,N/A,N/A,N/A,N/A,N/A,N/A,N/A,N/A,N/A,N/A,N/A,N/A,N/A,N/A,N/A,N/A,N/A,N/A,N/A,N/A,N/A,N/A,N/A,N/A,N/A,N/A,N/A,N/A,N/A,N/A,N/A,N/A,N/A,N/A,N/A,N/A,N/A,N/A,N/A,N/A,N/A,N/A,N/A,N/A,N/A,N/A,N/A,N/A,N/A,N/A,N/A,N/A,N/A,N/A,N/A,N/A,N/A,N/A,N/A,N/A,N/A,N/A,N/A,N/A,N/A,N/A,N/A,N/A,N/A,N/A,N/A,N/A,N/A,N/A,N/A,N/A,N/A,N/A,N/A,N/A,N/A,N/A,N/A,N/A,N/A,N/A,N/A,N/A,N/A,N/A,N/A,N/A,N/A,N/A,N/A,N/A,N/A,N/A,N/A,N/A,N/A,N/A,N/A,N/A,N/A,N/A,N/A,N/A,N/A,N/A,N/A,N/A,N/A,N/A,N/A,N/A,N/A,N/A,N/A,N/A,N/A,N/A,N/A,N/A,N/A,N/A,N/A,N/A,N/A,N/A,N/A,N/A,N/A,N/A,N/A,N/A,N/A,N/A,N/A,N/A,N/A,N/A,N/A,N/A,N/A,N/A,N/A,N/A,N/A,N/A,N/A,N/A,N/A,N/A,N/A,N/A,N/A,N/A,N/A,N/A,N/A,N/A,N/A,N/A,N/A,N/A,N/A,N/A,N/A,N/A,N/A,N/A,N/A,N/A,N/A
David de Ornelas,18,1214377200,2008/06/25,First Division,2026,Forward,Raufoss,258,123,135,Norway,8,4,4,2,2,0,1,1,0,0,0,2,2,0,8,1,7,1,0,1.05,0.35,0.7,1.46,0,129,2.79,32,32,258,258,0.35,-1,-1,-1,5,0,4.95,0.12,90,17.44,6.25,40,50,5.12,41,59,14.30,43,0.00,0.00,0.38,3,0.00,0.25,0.00,0.00,0,0.00,0.12,0.00,0.00,0.00,0.62,0.50,1.38,1.00,0.70,0.00,0.75,0.00,0.25,0.18,0.00,0.00,0.00,0.00,0,0,,2,0.25,61,2,0.70,88,0,0.00,16,2,6,2,63,0.00,99,0,5,1.74,96,2,92,0.70,61,0,0.00,99,0,0.00,0,0,0.00,0,1.05,91,6,2.09,95,4,1.40,66.67,0,0.00,0,0,0,0.00,0,11,0.00,3,3.84,96,N/A,N/A,N/A,N/A,0.00,0,0.00,0,1.47,0.00,0,82.00,100.00,99,99,0.00,0.00,0,95,59,0,0,0,0.00,0.00,0,26,39.59,1.75,4.88,14,0,0.00,0.00,99,0.00,0,0,0,0.00,0.00,0,0.00,0.00,1.74,0.62,5,0,100.00,99,0,7,44,3,0.75,89,0.09,0.26,1.47,95,0.18,0.51,68,2,0.25,0.70,1.05,0.38,88,3,0.51,95,2,99,82,0,99,10,0,0.00,99,0,0.00,0.00,8.72,3.12,25,8,53,78,2.79,1.00,32.00,1,0.35,38,0,50.00,0,0.00,99,1,0.12,0.35,71,1,84,57,0,1,0,12,0,97,95,57,99,0,99,70,31,93,1,12,61,15,0,0
David Kongelf,17,1251615600,2009/08/30,First Division,2026,Defender,Sogndal,13,0,13,Norway,1,0,1,0,0,0,0,0,0,0,0,0,0,0,0,0,0,0,0,0,0,0,0,0,0,0,0,13,0,0,0,-1,-1,-1,24,0,6.42,0,36,27.69,4.00,68,4,1.00,1,2,6.92,15,0.00,0.00,0.00,0,0.00,0.00,0.00,0.00,0,0.00,0.00,0.00,0.00,0.00,0.00,0.00,0.00,0.00,0.00,0.00,0.00,0.00,0.00,0.00,0.00,0.00,0.00,0.00,0,0,,0,0.00,14,0,0.00,29,0,0.00,16,0,1,0,63,0.00,99,0,0,0.00,6,0,34,0.00,16,0,0.00,99,0,0.00,0,0,0.00,0,0.00,17,0,0.00,18,0,0.00,0.00,0,0.00,0,0,0,0.00,0,0,0.00,99,0.00,0,N/A,N/A,N/A,N/A,0.00,0,0.00,0,0.00,0.00,0,25.00,0.00,29,99,0.00,0.00,0,24,24,0,0,0,0.00,0.00,0,26,6.42,0.00,0.00,0,0,0.00,0.00,99,0.00,0,0,0,0.00,0.00,0,0.00,0.00,0.00,0.00,0,0,0.00,41,0,0,39,0,0.00,3,0.00,0.00,0.00,15,0.00,0.00,8,0,0.00,0.00,0.00,0.00,9,0,0.00,15,40,8,82,0,59,10,0,0.00,99,0,0.00,0.00,0.00,0.00,0,0,2,2,0.00,0.00,0.00,0,0.00,99,0,0.00,0,0.00,99,0,0.00,0.00,34,0,48,14,0,0,0,0,0,22,39,57,51,0,99,7,23,23,0,0,23,31,0,0
Deni Dashaev,21,1099468800,2004/11/03,First Division,2026,Defender,Strømmen,936,421,515,Norway,13,7,6,1,1,0,5,2,3,0,0,1,1,0,24,11,13,2,0,0.58,0.48,0.1,0.21,0,936,2.31,39,72,468,187,0.19,130,10,106,8,0,6.83,0.38,97,3.65,2.83,4,34,1.67,20,3,2.15,4,0.00,0.00,0.08,1,0.00,0.50,0.11,0.08,1,0.00,0.08,0.00,0.00,0.00,0.08,0.25,2.17,1.00,0.11,0.08,0.25,0.00,0.00,0.05,0.00,0.08,0.00,0.00,0,0,,1,0.08,20,0,0.00,29,1,0.11,25,3,2,11,83,0.00,99,0,1,0.11,9,6,38,0.64,58,0,0.00,99,0,0.00,0,0,0.00,0,0.11,25,3,0.32,48,3,0.32,100.00,0,0.00,0,0,0,0.00,0,26,0.00,14,2.79,84,N/A,N/A,N/A,N/A,0.00,0,0.00,0,0.65,0.00,0,58.82,0.00,29,99,0.00,0.00,0,62,99,0,0,0,0.08,0.11,1,46,81.95,0.25,0.32,3,0,0.00,0.00,99,0.00,0,0,0,0.00,0.00,0,0.00,0.00,0.00,0.00,0,0,100.00,99,34,24,86,16,3.13,95,0.26,0.34,0.65,48,0.05,0.07,14,1,0.08,0.11,0.21,0.17,20,2,0.07,48,83,23,82,0,59,16,0,0.00,99,1,0.00,0.11,2.36,1.83,22,7,12,13,0.75,0.58,31.82,1,0.11,65,0,16.67,0,0.00,99,1,0.08,0.11,46,38,59,79,0,0,0,0,0,79,54,57,68,0,99,22,56,69,2,15,71,17,0,0
Dennis Møller Wolfe,26,964681200,2000/07/27,First Division,2026,Defender,Åsane,1286,630,656,Norway,16,7,9,1,1,0,1,1,0,0,0,2,2,0,23,13,10,4,0,0.14,0.07,0.07,0.14,0,1286,1.61,56,80,322,1286,0.28,147,150,56,12,0,6.37,0.06,46,14.21,12.69,27,203,8.94,143,14,10.01,25,0.00,0.00,0.19,3,0.00,1.31,0.00,0.00,0,0.00,0.12,0.00,0.00,0.00,0.69,0.25,1.56,6.00,0.42,0.25,0.38,0.00,0.12,0.07,0.00,0.62,0.00,0.00,0,0,,6,0.38,46,2,0.14,48,4,0.28,44,1,3,13,63,0.00,99,0,11,0.77,61,21,44,1.47,80,0,0.00,99,0,0.00,0,0,0.00,0,0.21,37,6,0.42,57,4,0.28,66.67,0,0.00,0,0,0,0.00,0,25,0.00,55,1.75,39,N/A,N/A,N/A,N/A,0.00,0,0.00,0,1.04,0.00,0,70.44,33.33,56,99,0.00,0.00,0,59,59,0,0,0,0.12,0.14,2,52,101.98,1.44,1.61,23,1,0.00,0.07,4,0.06,0,0,0,0.00,0.00,0,0.00,0.00,0.00,0.00,0,0,16.67,55,50,42,91,56,0.99,35,0.06,0.07,1.04,48,0.07,0.07,33,4,0.25,0.28,0.35,0.31,36,5,0.07,48,36,67,82,0,59,57,0,0.00,99,10,0.00,0.70,4.62,4.12,66,33,38,31,2.31,2.06,50.00,2,0.14,59,0,23.81,0,0.00,99,5,0.31,0.35,71,45,69,38,0,0,0,0,0,42,50,57,63,0,99,39,38,86,4,25,92,22,0,0
Didrik Fredriksen,27,908780400,1998/10/19,First Division,2026,Midfielder,Lyn,1750,957,793,Norway,20,11,9,0,0,0,2,1,1,0,0,3,1,2,37,22,15,3,0,0.1,0.1,0,0,0,0,1.9,47,88,583,875,0.15,253,137,-1,19,0,6.69,0.1,52,58.26,57.35,98,1147,51.15,1023,91,51.96,98,0.00,0.00,0.55,11,0.00,0.85,0.05,0.05,1,0.00,0.40,0.00,0.00,0.00,0.80,0.35,2.10,0.00,0.10,0.10,0.40,0.00,0.00,0.00,0.00,0.25,0.00,0.00,0,0,,2,0.10,19,0,0.00,29,2,0.10,23,1,0,20,69,0.00,99,0,16,0.81,63,17,92,0.86,65,0,0.00,99,0,0.00,0,0,0.00,0,0.56,70,8,0.41,57,7,0.36,87.50,0,0.00,0,0,0,0.00,0,42,0.00,38,2.13,59,N/A,N/A,N/A,N/A,0.00,0,0.00,0,0.09,0.00,0,89.19,0.00,29,99,0.00,0.00,0,65,77,0,0,0,0.15,0.15,3,53,133.84,1.25,1.27,25,1,0.00,0.05,8,0.05,0,0,0,0.00,0.00,0,0.00,0.00,0.00,0.00,0,0,0.00,41,88,84,39,38,3.88,77,0.19,0.20,0.09,15,0.00,0.00,70,14,0.70,0.71,0.36,0.35,39,7,0.00,15,73,60,82,0,59,27,0,0.00,99,5,0.00,0.25,6.09,6.00,120,52,48,51,2.64,2.60,43.33,8,0.41,32,0,52.94,0,0.00,99,9,0.45,0.46,77,92,36,38,0,0,0,0,0,33,39,57,51,0,99,47,69,56,3,15,71,24,0,0
Diogo Brás,26,953193600,2000/03/16,First Division,2026,Defender,Sogndal,475,190,285,Portugal,11,5,6,0,0,0,0,0,0,0,0,1,1,0,11,4,7,1,0,0,0,0,0,0,0,2.08,43,43,475,0,0.19,246,239,87,19,0,5.15,0,36,12.31,6.10,22,61,4.70,47,37,9.48,23,0.00,0.00,0.20,2,0.00,1.00,0.00,0.00,0,0.00,0.00,0.00,0.00,0.00,0.00,0.40,0.80,0.00,0.20,0.00,0.40,0.00,0.10,0.01,0.00,0.00,0.00,0.00,0,0,,1,0.10,29,1,0.20,59,0,0.00,16,3,6,5,63,0.00,99,0,0,0.00,6,10,92,2.02,89,0,0.00,99,0,0.00,0,0,0.00,0,0.40,55,4,0.81,73,4,0.81,100.00,0,0.00,0,0,0,0.00,0,8,0.00,29,1.61,30,N/A,N/A,N/A,N/A,0.00,0,0.00,0,0.15,0.00,0,77.05,100.00,99,99,0.00,0.00,0,86,99,0,0,0,0.00,0.00,0,26,51.46,0.10,0.20,1,0,0.00,0.00,99,0.00,0,0,0,0.00,0.00,0,0.00,0.00,0.00,0.00,0,0,0.00,41,7,17,39,30,0.15,14,0.01,0.03,0.15,32,0.01,0.03,8,0,0.00,0.00,0.20,0.10,18,1,0.03,32,4,17,82,0,59,10,0,0.00,99,0,0.00,0.00,1.82,0.90,9,4,12,11,0.81,0.40,44.44,0,0.00,99,0,50.00,0,0.00,99,5,0.50,1.01,95,10,84,79,0,0,0,0,0,22,39,57,51,0,99,24,57,69,1,9,41,2,0,0
Duarte Miguel Ramos Moreira,24,1001746800,2001/09/29,First Division,2026,Forward,Bryne,1393,691,702,Portugal,17,8,9,2,0,2,1,0,1,0,0,4,2,2,19,9,10,2,0,0.19,0.06,0.13,0,0.26,697,1.23,73,82,697,1393,0.13,108,165,-1,8,0,6.59,0.06,45,9.94,9.06,16,154,6.53,111,21,7.16,17,0.00,0.00,0.12,2,0.00,0.53,0.06,0.06,1,0.00,0.18,0.00,0.00,0.00,0.12,0.29,1.35,5.50,0.71,0.35,0.47,0.00,0.29,0.12,0.00,1.00,0.00,0.00,0,0,,11,0.65,62,5,0.32,70,6,0.39,58,1,1,16,72,0.00,99,0,2,0.13,12,9,93,0.58,55,0,0.00,99,0,0.00,0,0,0.00,0,0.13,28,8,0.52,63,5,0.32,62.50,0,0.00,0,0,0,0.00,0,23,0.00,86,1.48,22,N/A,N/A,N/A,N/A,0.00,0,0.00,0,2.11,0.00,0,72.08,45.45,77,99,0.00,0.00,0,62,51,0,0,0,0.00,0.00,0,26,112.01,0.24,0.26,4,0,0.00,0.00,99,0.00,0,0,0,0.00,0.00,0,0.00,0.00,0.13,0.12,2,0,18.18,55,56,47,78,86,0.89,32,0.05,0.06,2.11,66,0.12,0.14,58,9,0.53,0.58,0.32,0.29,34,5,0.14,66,62,20,82,0,78,75,0,0.00,99,17,0.00,1.10,5.81,5.29,90,40,46,46,2.58,2.35,44.44,3,0.19,52,0,55.56,0,0.00,99,5,0.29,0.32,66,61,48,38,0,0,0,0,0,52,63,77,51,0,99,65,76,49,2,12,61,18,0,0
Ebrima Sawaneh,26,966322800,2000/08/15,First Division,2026,Forward,Lyn,474,342,132,England,12,8,4,0,0,0,0,0,0,0,0,3,1,2,12,9,3,0,0,0,0,0,0,0,0,2.28,40,40,0,0,0,210,219,-1,8,0,5.83,0,36,8.74,3.33,12,40,2.75,33,62,7.21,18,0.00,0.00,0.08,1,0.00,0.00,0.00,0.00,0,0.00,0.25,0.00,0.00,0.00,0.08,0.00,0.92,0.00,0.00,0.00,0.00,0.00,0.00,0.00,0.00,0.00,0.00,0.00,0,0,,0,0.00,14,0,0.00,29,0,0.00,16,4,8,4,63,0.00,99,0,1,0.22,21,0,34,0.00,16,0,0.00,99,0,0.00,0,0,0.00,0,0.22,38,0,0.00,18,0,0.00,0.00,0,0.00,0,0,0,0.00,0,11,0.00,16,2.40,74,N/A,N/A,N/A,N/A,0.00,0,0.00,0,0.00,0.00,0,82.50,0.00,29,99,0.00,0.00,0,24,24,0,0,0,0.00,0.00,0,26,69.99,0.00,0.00,0,0,0.00,0.00,99,0.00,0,0,0,0.00,0.00,0,0.00,0.00,0.00,0.00,0,0,0.00,41,7,20,39,19,0.09,8,0.01,0.02,0.00,15,0.00,0.00,8,0,0.00,0.00,0.00,0.00,9,0,0.00,15,10,8,82,0,59,10,0,0.00,99,0,0.00,0.00,3.06,1.17,14,4,13,16,0.87,0.33,28.57,3,0.66,12,0,0.00,0,0.00,99,0,0.00,0.00,34,6,92,89,0,0,0,0,0,22,39,57,51,0,99,70,23,23,0,0,23,26,0,0
Edvard Linnebo Race,29,864284400,1997/05/22,First Division,2026,Defender,Lyn,1403,558,845,Norway,18,7,11,0,0,0,0,0,0,0,0,1,1,0,29,7,22,3,0,0,0,0,0,0,0,1.86,48,78,468,0,0.19,221,218,73,12,0,6.46,0,36,36.19,30.22,89,544,27.22,490,96,32.59,90,0.00,0.00,0.06,1,0.00,0.17,0.07,0.06,1,0.00,0.00,0.00,0.00,0.00,1.39,0.06,1.67,0.00,0.33,0.28,0.06,0.00,0.00,0.01,0.00,1.50,0.00,0.00,0,0,,5,0.28,38,0,0.00,29,5,0.33,49,1,3,15,77,0.00,99,0,25,1.66,95,3,34,0.20,29,0,0.00,99,0,0.00,0,0,0.00,0,0.07,22,1,0.07,25,1,0.07,100.00,0,0.00,0,0,0,0.00,0,30,0.00,41,2.00,53,N/A,N/A,N/A,N/A,0.00,0,0.00,0,0.22,0.00,0,90.07,0.00,29,99,0.00,0.00,0,33,99,0,0,0,0.56,0.67,10,95,116.25,3.44,4.12,62,2,0.00,0.13,1,0.11,0,0,0,0.00,0.00,0,0.00,0.00,0.00,0.00,0,0,0.00,41,58,56,39,41,1.07,35,0.06,0.07,0.22,23,0.01,0.01,59,9,0.50,0.60,0.80,0.67,75,12,0.01,23,47,97,82,0,59,92,0,0.00,99,27,0.00,1.80,6.65,5.56,100,65,83,56,4.32,3.61,65.00,0,0.00,99,0,0.00,0,0.00,99,0,0.00,0.00,34,53,69,38,0,0,0,0,0,22,39,57,51,0,99,17,56,69,3,17,77,5,0,0
Einar Bøe Fauskanger,18,1216364400,2008/07/18,First Division,2026,Goalkeeper,Haugesund,1399,620,779,Norway,18,8,10,0,0,0,0,0,0,0,0,4,1,3,23,9,14,0,0,0,0,0,0,0,0,1.48,61,78,0,0,0,173,213,44,25,0,6.20,0,36,12.93,11.17,25,201,7.61,137,10,8.81,21,0.00,0.00,0.00,0,0.00,0.00,0.00,0.00,0,0.00,0.00,0.00,0.00,1.06,0.00,0.00,2.61,0.00,0.00,0.00,0.00,0.00,0.00,0.00,0.00,0.00,0.00,0.00,0,0,,0,0.00,14,0,0.00,29,0,0.00,16,1,3,15,63,0.00,99,0,0,0.00,6,0,34,0.00,16,0,0.00,99,0,0.00,0,0,0.00,0,0.00,17,0,0.00,18,0,0.00,0.00,0,0.00,0,19,17,1.22,22,47,0.00,66,3.02,90,N/A,N/A,N/A,N/A,40.43,0,0.00,0,0.00,0.00,0,68.16,0.00,29,99,0.00,0.00,0,24,24,0,0,8,0.00,0.00,0,26,111.63,0.00,0.00,0,0,0.00,0.00,99,0.00,0,0,0,0.00,0.00,0,0.00,0.00,0.00,0.00,0,0,0.00,41,58,56,39,68,0.28,8,0.02,0.02,0.00,15,0.00,0.00,11,1,0.06,0.06,0.06,0.06,11,1,0.00,15,21,8,82,0,59,10,0,0.00,99,0,0.00,0.00,0.06,0.06,1,1,4,4,0.06,0.06,100.00,0,0.00,99,0,0.00,0,0.00,99,0,0.00,0.00,34,53,69,38,0,0,0,0,0,22,39,57,51,0,99,62,23,23,0,0,23,21,0,0
Einar Iversen,25,991810800,2001/06/06,First Division,2026,Midfielder,Åsane,822,387,435,England,10,5,5,0,0,0,2,1,1,0,0,1,1,0,24,8,16,4,0,0.22,0.22,0,0,0,0,2.63,34,82,206,411,0.44,238,79,-1,26,0,6.44,0.2,73,22.69,19.27,54,212,16.55,182,76,19.48,59,0.00,0.00,0.36,4,0.00,0.36,0.11,0.09,1,0.00,0.36,0.00,0.00,0.00,0.73,0.36,2.18,0.00,0.86,0.45,0.36,0.00,0.27,0.06,0.00,1.73,0.00,0.00,0,0,,8,0.73,68,3,0.32,70,5,0.54,68,3,0,10,83,0.00,99,0,8,0.86,68,4,34,0.43,45,0,0.00,99,0,0.00,0,0,0.00,0,0.43,58,4,0.43,58,4,0.43,100.00,0,0.00,0,0,0,0.00,0,24,0.00,5,2.57,80,N/A,N/A,N/A,N/A,0.00,0,0.00,0,0.68,0.00,0,85.85,37.50,61,99,0.00,0.00,0,69,99,0,0,0,0.27,0.32,3,80,70.88,2.36,2.78,26,0,0.00,0.00,99,0.00,0,0,0,0.00,0.00,0,0.00,0.00,0.21,0.18,2,0,0.00,41,29,12,39,6,1.70,72,0.15,0.18,0.68,48,0.06,0.07,72,7,0.64,0.75,1.39,1.18,96,13,0.07,48,45,86,82,0,87,94,0,0.00,99,19,0.00,2.03,7.92,6.73,74,38,81,72,4.07,3.45,51.35,4,0.43,29,0,0.00,0,0.00,99,0,0.00,0.00,34,33,36,79,0,0,0,0,0,55,39,57,51,0,99,29,28,96,4,40,98,5,0,0
Eirik Dahl Åsvestad,25,969606000,2000/09/22,First Division,2026,Defender,Raufoss,1714,724,990,Norway,20,9,11,1,1,0,5,1,4,0,0,2,2,0,51,13,38,3,0,0.32,0.26,0.05,0.12,0,1714,2.68,34,86,571,343,0.16,162,62,117,10,0,6.08,0.25,80,17.46,16.05,41,337,10.10,212,5,10.98,28,0.00,0.00,0.57,12,0.00,1.33,0.00,0.00,0,0.00,0.14,0.00,0.00,0.00,0.62,0.38,2.67,14.00,0.73,0.43,0.43,0.00,0.24,0.08,0.00,0.33,0.00,0.00,0,0,,14,0.67,63,5,0.26,65,9,0.47,64,0,1,19,63,0.00,99,0,13,0.67,54,28,59,1.45,79,0,0.00,99,0,0.00,0,0,0.00,0,0.62,73,9,0.47,61,8,0.41,88.89,0,0.00,0,0,0,0.00,0,56,0.00,4,2.90,88,N/A,N/A,N/A,N/A,0.00,0,0.00,0,1.64,0.00,0,62.91,35.71,57,99,0.00,0.00,0,68,78,0,0,0,0.10,0.10,2,45,127.71,1.71,1.87,36,0,0.00,0.00,99,0.00,0,0,1,0.05,0.05,0,0.00,0.00,0.16,0.14,3,0,7.14,43,85,84,97,6,4.48,86,0.21,0.23,1.64,52,0.08,0.08,67,13,0.62,0.67,0.36,0.33,39,7,0.08,52,17,71,88,0,81,33,0,0.00,99,7,0.00,0.36,4.87,4.48,94,44,37,36,2.28,2.10,46.81,3,0.16,56,0,32.14,0,0.00,99,9,0.43,0.47,78,84,48,14,0,0,0,0,0,64,44,57,59,0,99,29,67,59,3,15,71,3,0,0
Eirik Espelid Blikstad,22,1084690800,2004/05/16,First Division,2026,Defender,Hødd,694,333,361,Norway,18,9,9,0,0,0,0,0,0,0,0,2,1,1,16,6,10,0,0,0,0,0,0,0,0,2.07,43,39,0,0,0,279,272,85,14,0,4.88,0,36,28.77,13.35,71,227,11.82,201,88,25.48,78,0.00,0.00,0.00,0,0.00,0.00,0.00,0.00,0,0.00,0.00,0.00,0.00,0.00,0.71,0.00,1.12,0.00,0.00,0.00,0.00,0.00,0.00,0.00,0.00,0.65,0.00,0.00,0,0,,0,0.00,14,0,0.00,29,0,0.00,16,0,12,6,63,0.00,99,0,12,1.52,92,0,34,0.00,16,0,0.00,99,0,0.00,0,0,0.00,0,0.00,17,0,0.00,18,0,0.00,0.00,0,0.00,0,0,0,0.00,0,19,0.00,31,2.41,75,N/A,N/A,N/A,N/A,0.00,0,0.00,0,0.00,0.00,0,88.55,0.00,29,99,0.00,0.00,0,24,24,0,0,0,0.12,0.25,2,73,82.96,1.59,3.42,27,0,0.00,0.00,99,0.00,0,0,0,0.00,0.00,0,0.00,0.00,0.00,0.00,0,0,0.00,41,22,56,39,30,0.44,32,0.03,0.06,0.00,15,0.00,0.00,52,4,0.24,0.51,0.38,0.18,40,3,0.00,15,2,92,82,0,59,84,0,0.00,99,11,0.00,1.39,4.69,2.18,37,21,49,32,2.66,1.24,56.76,0,0.00,99,0,0.00,0,0.00,99,0,0.00,0.00,34,16,97,14,0,0,0,0,0,22,39,57,51,0,99,35,23,23,0,0,23,4,0,0
Eirik Lereng,25,979200000,2001/01/11,First Division,2026,Defender,Stabæk,58,11,47,Norway,5,2,3,0,0,0,0,0,0,0,0,2,0,2,0,0,0,0,0,0,0,0,0,0,0,0,0,12,0,0,0,-1,-1,-1,18,0,3.87,0,36,64.07,8.40,99,42,6.60,33,45,50.34,98,0.00,0.00,0.20,1,0.00,0.20,0.00,0.00,0,0.00,0.00,0.00,0.00,0.00,0.20,0.00,0.00,0.00,0.00,0.00,0.00,0.00,0.00,0.00,0.00,0.40,0.00,0.00,0,0,,0,0.00,14,0,0.00,29,0,0.00,16,3,4,1,63,0.00,99,0,1,1.53,92,1,34,1.53,82,0,0.00,99,0,0.00,0,0,0.00,0,1.53,98,0,0.00,18,0,0.00,0.00,0,0.00,0,0,0,0.00,0,0,0.00,99,0.00,0,N/A,N/A,N/A,N/A,0.00,0,0.00,0,0.00,0.00,0,78.57,0.00,29,99,0.00,0.00,0,24,24,0,0,0,0.00,0.00,0,26,19.37,0.40,3.05,2,0,0.00,0.00,99,0.00,0,0,0,0.00,0.00,0,0.00,0.00,0.00,0.00,0,0,0.00,41,0,1,39,0,0.12,72,0.02,0.18,0.00,15,0.00,0.00,8,0,0.00,0.00,0.00,0.00,9,0,0.00,15,0,88,82,0,59,99,0,0.00,99,2,0.00,3.05,9.15,1.20,6,3,86,81,4.58,0.60,50.00,0,0.00,99,0,0.00,0,0.00,99,0,0.00,0.00,34,0,73,79,0,0,0,0,0,22,39,57,51,0,99,99,23,23,0,0,23,14,0,0
Eirik Viland Andersen,23,1032418800,2002/09/19,First Division,2026,Midfielder,Haugesund,1134,600,534,Norway,15,8,7,10,4,6,3,1,2,0,0,4,2,2,17,8,9,2,0,1.03,0.24,0.79,0.6,1.01,113,1.35,67,76,567,378,0.16,9,76,-1,2,0,7.23,0.2,77,28.83,24.20,72,363,18.13,272,27,21.61,66,0.00,0.00,1.33,20,0.00,1.20,0.00,0.00,0,0.00,0.27,0.00,0.00,0.00,1.27,0.73,1.27,3.60,2.86,1.53,1.27,0.00,0.87,0.59,0.00,0.80,0.00,0.00,0,0,,36,2.40,99,13,1.03,96,23,1.83,99,1,1,14,63,0.00,99,0,19,1.51,91,18,64,1.43,79,0,0.00,99,0,0.00,0,0,0.00,0,1.59,99,19,1.51,91,11,0.87,57.89,0,0.00,0,0,0,0.00,0,19,0.00,76,1.51,24,N/A,N/A,N/A,N/A,0.00,0,0.00,0,8.84,0.00,0,74.93,36.11,57,99,0.00,0.00,0,88,45,0,0,0,0.07,0.08,1,38,108.39,1.27,1.51,19,0,0.00,0.00,99,0.00,0,0,2,0.13,0.16,0,0.00,0.00,0.16,0.13,2,0,27.78,73,44,33,43,78,3.06,87,0.20,0.24,8.84,99,0.59,0.70,81,11,0.73,0.87,0.64,0.53,62,8,0.70,98,96,65,98,0,81,69,0,0.00,99,12,0.00,0.95,10.96,9.20,138,58,86,90,4.61,3.87,42.03,4,0.32,40,0,33.33,0,0.00,99,6,0.40,0.48,80,49,48,38,1,3,1,20,7,96,97,99,90,0,99,74,66,59,2,13,62,26,0,0
Eivind Hagen,18,1215414000,2008/07/07,First Division,2026,Goalkeeper,Sandnes Ulf,0,0,0,Norway,0,0,0,0,0,0,0,0,0,0,0,0,0,0,0,0,0,0,0,0,0,0,0,0,0,0,0,0,0,0,0,-1,-1,-1,-1,N/A,N/A,N/A,N/A,N/A,N/A,N/A,N/A,N/A,N/A,N/A,N/A,N/A,N/A,N/A,N/A,N/A,N/A,N/A,N/A,N/A,N/A,N/A,N/A,N/A,N/A,N/A,N/A,N/A,N/A,N/A,N/A,N/A,N/A,N/A,N/A,N/A,N/A,N/A,N/A,N/A,N/A,N/A,N/A,N/A,N/A,N/A,N/A,N/A,N/A,N/A,N/A,N/A,N/A,N/A,N/A,N/A,N/A,N/A,N/A,N/A,N/A,N/A,N/A,N/A,N/A,N/A,N/A,N/A,N/A,N/A,N/A,N/A,N/A,N/A,N/A,N/A,N/A,N/A,N/A,N/A,N/A,N/A,N/A,N/A,N/A,N/A,N/A,N/A,N/A,N/A,N/A,N/A,N/A,N/A,N/A,N/A,N/A,N/A,N/A,N/A,N/A,N/A,N/A,N/A,N/A,N/A,N/A,N/A,N/A,N/A,N/A,N/A,N/A,N/A,N/A,N/A,N/A,N/A,N/A,N/A,N/A,N/A,N/A,N/A,N/A,N/A,N/A,N/A,N/A,N/A,N/A,N/A,N/A,N/A,N/A,N/A,N/A,N/A,N/A,N/A,N/A,N/A,N/A,N/A,N/A,N/A,N/A,N/A,N/A,N/A,N/A,N/A,N/A,N/A,N/A,N/A,N/A,N/A,N/A,N/A,N/A,N/A,N/A,N/A,N/A,N/A,N/A,N/A,N/A,N/A,N/A,N/A,N/A,N/A,N/A,N/A,N/A,N/A,N/A,N/A,N/A,N/A,N/A,N/A,N/A,N/A,N/A,N/A,N/A,N/A,N/A,N/A,N/A,N/A,N/A,N/A,N/A,N/A,N/A,N/A,N/A,N/A,N/A,N/A,N/A,N/A,N/A,N/A,N/A,N/A,N/A,N/A,N/A,N/A,N/A,N/A,N/A,N/A,N/A,N/A,N/A,N/A,N/A
Eliah Røksund Debes,18,1205564400,2008/03/15,First Division,2026,Forward,Sandnes Ulf,160,120,40,Norway,7,4,3,0,0,0,0,0,0,0,0,2,1,1,3,2,1,2,0,0,0,0,0,0,0,1.69,53,23,80,0,1.13,-1,-1,-1,16,0,6.39,0,36,17.35,5.33,40,32,4.33,26,55,14.10,42,0.00,0.00,0.33,2,0.00,0.33,0.54,0.17,1,0.00,0.33,0.00,0.00,0.00,0.00,0.17,0.50,0.00,0.00,0.00,0.17,0.00,0.00,0.00,0.00,0.17,0.00,0.00,0,0,,0,0.00,14,0,0.00,29,0,0.00,16,2,6,1,99,0.00,99,0,0,0.00,6,2,92,1.08,70,0,0.00,99,0,0.00,0,0,0.00,0,1.08,93,1,0.54,63,1,0.54,100.00,0,0.00,0,0,0,0.00,0,3,0.00,49,1.63,31,N/A,N/A,N/A,N/A,0.00,0,0.00,0,0.00,0.00,0,81.25,0.00,29,99,0.00,0.00,0,73,99,0,0,0,0.00,0.00,0,26,38.37,0.00,0.00,0,0,0.00,0.00,99,0.00,0,0,0,0.00,0.00,0,0.00,0.00,0.00,0.00,0,0,0.00,41,0,5,39,50,0.14,39,0.02,0.08,0.00,15,0.00,0.00,99,4,0.67,2.17,1.08,0.33,89,2,0.00,15,39,8,82,0,59,44,0,0.00,99,1,0.00,0.54,13.55,4.17,25,13,98,96,7.05,2.17,52.00,2,1.08,2,0,50.00,0,0.00,99,1,0.17,0.54,82,0,84,57,0,0,0,0,0,22,39,57,51,0,99,81,23,99,2,29,95,25,0,0
Elias Gärtig,23,1035270000,2002/10/22,First Division,2026,Defender,Raufoss,360,180,180,Denmark,4,2,2,1,1,0,0,0,0,0,0,0,0,0,17,5,12,1,0,0.25,0,0.25,0.5,0,360,4.25,21,90,360,0,0.25,75,282,122,7,0,6.56,0,36,51.25,51.25,97,205,43.75,175,75,43.75,96,0.00,0.00,0.00,0,0.00,0.00,0.25,0.25,1,0.00,0.00,0.00,0.00,0.00,3.75,0.25,4.25,2.00,0.50,0.25,0.25,0.00,0.25,0.19,0.00,5.50,0.00,0.00,0,0,,2,0.50,50,1,0.25,63,1,0.25,41,0,0,4,98,0.00,99,0,15,3.75,99,0,34,0.00,16,0,0.00,99,0,0.00,0,0,0.00,0,0.00,17,1,0.25,45,1,0.25,100.00,0,0.00,0,0,0,0.00,0,17,0.00,0,4.25,98,N/A,N/A,N/A,N/A,0.00,0,0.00,0,0.76,0.00,0,85.37,50.00,86,99,0.00,0.00,0,54,99,0,0,0,1.25,1.25,5,99,26.24,7.50,7.50,30,0,0.00,0.00,99,0.00,0,0,0,0.00,0.00,0,0.00,0.00,0.00,0.00,0,0,50.00,92,0,0,64,0,0.40,45,0.10,0.10,0.76,73,0.19,0.19,8,0,0.00,0.00,1.50,1.50,98,6,0.19,72,57,99,82,0,59,99,0,0.00,99,22,0.00,5.50,10.25,10.25,41,28,98,88,7.00,7.00,68.29,0,0.00,99,0,0.00,0,0.00,99,0,0.00,0.00,34,6,36,14,0,0,0,0,0,59,76,57,87,0,99,7,42,81,1,25,92,15,0,0
Elias Horne,17,1237705200,2009/03/22,First Division,2026,Midfielder,Strømsgodset,0,0,0,Norway,0,0,0,0,0,0,0,0,0,0,0,0,0,0,0,0,0,0,0,0,0,0,0,0,0,0,0,0,0,0,0,-1,-1,-1,-1,N/A,N/A,N/A,N/A,N/A,N/A,N/A,N/A,N/A,N/A,N/A,N/A,N/A,N/A,N/A,N/A,N/A,N/A,N/A,N/A,N/A,N/A,N/A,N/A,N/A,N/A,N/A,N/A,N/A,N/A,N/A,N/A,N/A,N/A,N/A,N/A,N/A,N/A,N/A,N/A,N/A,N/A,N/A,N/A,N/A,N/A,N/A,N/A,N/A,N/A,N/A,N/A,N/A,N/A,N/A,N/A,N/A,N/A,N/A,N/A,N/A,N/A,N/A,N/A,N/A,N/A,N/A,N/A,N/A,N/A,N/A,N/A,N/A,N/A,N/A,N/A,N/A,N/A,N/A,N/A,N/A,N/A,N/A,N/A,N/A,N/A,N/A,N/A,N/A,N/A,N/A,N/A,N/A,N/A,N/A,N/A,N/A,N/A,N/A,N/A,N/A,N/A,N/A,N/A,N/A,N/A,N/A,N/A,N/A,N/A,N/A,N/A,N/A,N/A,N/A,N/A,N/A,N/A,N/A,N/A,N/A,N/A,N/A,N/A,N/A,N/A,N/A,N/A,N/A,N/A,N/A,N/A,N/A,N/A,N/A,N/A,N/A,N/A,N/A,N/A,N/A,N/A,N/A,N/A,N/A,N/A,N/A,N/A,N/A,N/A,N/A,N/A,N/A,N/A,N/A,N/A,N/A,N/A,N/A,N/A,N/A,N/A,N/A,N/A,N/A,N/A,N/A,N/A,N/A,N/A,N/A,N/A,N/A,N/A,N/A,N/A,N/A,N/A,N/A,N/A,N/A,N/A,N/A,N/A,N/A,N/A,N/A,N/A,N/A,N/A,N/A,N/A,N/A,N/A,N/A,N/A,N/A,N/A,N/A,N/A,N/A,N/A,N/A,N/A,N/A,N/A,N/A,N/A,N/A,N/A,N/A,N/A,N/A,N/A,N/A,N/A,N/A,N/A,N/A,N/A,N/A,N/A,N/A,N/A
Elias Johnsson Solberg,18,1202284800,2008/02/06,First Division,2026,Midfielder,Ranheim,495,268,227,Norway,15,9,6,1,1,0,0,0,0,0,0,1,1,0,13,8,5,0,0,0.18,0,0.18,0.34,0,495,2.36,38,33,0,0,0,87,178,-1,10,0,6.44,0,36,28.83,11.14,72,156,8.57,120,36,22.18,68,0.00,0.00,0.07,1,0.00,0.14,0.00,0.00,0,0.00,0.14,0.00,0.00,0.00,0.21,0.07,1.00,2.00,0.37,0.14,0.21,0.00,0.00,0.05,0.00,0.14,0.00,0.00,0,0,,2,0.14,41,0,0.00,29,2,0.37,55,3,11,4,63,0.00,99,0,3,0.55,41,2,92,0.37,42,0,0.00,99,0,0.00,0,0,0.00,0,0.18,34,3,0.55,64,1,0.18,33.33,0,0.00,0,0,0,0.00,0,14,0.00,13,2.59,80,N/A,N/A,N/A,N/A,0.00,0,0.00,0,0.69,0.00,0,76.92,0.00,29,99,0.00,0.00,0,46,28,0,0,0,0.29,0.74,4,97,90.13,0.64,1.66,9,0,0.00,0.00,99,0.00,0,0,0,0.00,0.00,0,0.00,0.00,0.00,0.00,0,0,50.00,92,8,33,69,13,0.31,32,0.02,0.06,0.69,65,0.05,0.13,71,4,0.29,0.74,0.37,0.14,39,2,0.13,64,45,68,82,0,59,34,0,0.00,99,2,0.00,0.37,10.16,3.93,55,27,89,88,4.99,1.93,49.09,2,0.37,35,0,50.00,0,0.00,99,1,0.07,0.18,57,6,96,79,0,0,0,0,0,50,71,57,79,0,99,18,23,23,0,0,23,21,0,0
Elias Melkersen,23,1041321600,2002/12/31,First Division,2026,Forward,Strømsgodset,994,413,581,Norway,20,9,11,8,1,7,2,1,1,0,0,6,3,3,18,7,11,0,0,0.91,0.18,0.72,0.22,1.08,124,1.63,55,50,0,497,0,14,90,-1,2,0,6.45,0.1,70,11.35,6.25,20,125,5.30,106,72,9.63,25,0.00,0.00,0.20,4,0.00,0.35,0.00,0.00,0,0.00,0.30,0.00,0.00,0.00,0.10,0.60,0.95,2.88,2.09,0.60,0.95,0.00,0.55,0.33,0.00,0.30,0.00,0.00,0,0,,23,1.15,96,11,1.00,95,12,1.09,93,7,9,11,63,0.00,99,0,2,0.18,18,7,79,0.64,58,0,0.00,99,0,0.00,0,0,0.00,0,0.36,51,19,1.73,93,12,1.09,63.16,0,0.00,0,0,0,0.00,0,19,0.00,53,1.73,38,N/A,N/A,N/A,N/A,0.00,0,0.00,0,6.62,0.00,0,84.80,47.83,79,99,0.00,0.00,0,91,52,0,0,0,0.05,0.09,1,40,129.04,0.00,0.00,0,0,0.00,0.00,99,0.00,0,0,1,0.05,0.09,0,0.00,0.00,0.27,0.15,3,0,34.78,82,37,84,44,53,1.52,62,0.08,0.14,6.62,97,0.33,0.60,78,9,0.45,0.82,0.27,0.15,26,3,0.60,96,46,8,95,0,89,44,0,0.00,99,6,0.00,0.54,7.27,4.00,80,36,65,64,3.27,1.80,45.00,6,0.54,19,0,42.86,0,0.00,99,3,0.15,0.27,63,38,94,99,1,1,1,5,5,94,96,99,71,0,99,85,23,23,0,0,23,9,0,0
Elias Svedal Flo,18,1214204400,2008/06/23,First Division,2026,Midfielder,Sogndal,289,88,201,Norway,9,3,6,1,1,0,1,0,1,0,0,0,0,0,6,1,5,0,0,0.62,0.31,0.31,1.02,0,289,1.87,48,32,0,289,0,63,38,-1,11,0,6.68,0.11,86,31.97,11.44,82,103,8.56,77,27,23.90,72,0.00,0.00,0.78,7,0.00,1.11,0.00,0.00,0,0.00,0.11,0.00,0.00,0.00,0.22,0.78,0.89,10.00,3.10,0.89,1.11,0.00,0.22,0.14,0.00,0.33,0.00,0.00,0,0,,10,1.11,99,2,0.62,87,8,2.48,99,3,6,3,63,0.00,99,0,2,0.62,48,10,76,3.10,98,0,0.00,99,0,0.00,0,0,0.00,0,2.17,99,10,3.10,98,7,2.17,70.00,0,0.00,0,0,0,0.00,0,8,0.00,40,2.48,76,N/A,N/A,N/A,N/A,0.00,0,0.00,0,1.24,0.00,0,74.76,20.00,39,99,0.00,0.00,0,98,61,0,0,0,0.11,0.31,1,79,60.10,0.44,1.24,4,0,0.00,0.00,99,0.00,0,0,0,0.00,0.00,0,0.00,0.00,0.00,0.00,0,0,10.00,45,0,8,61,41,1.01,93,0.11,0.31,1.24,88,0.14,0.38,99,7,0.78,2.17,0.31,0.11,31,1,0.38,87,72,60,82,0,59,68,0,0.00,99,3,0.00,0.93,17.69,6.33,57,29,99,99,9.00,3.22,50.88,1,0.31,40,0,40.00,0,0.00,99,4,0.44,1.24,99,2,84,79,0,0,0,0,0,82,79,57,98,0,99,7,23,23,0,0,23,39,0,0
Elion Krosa,18,1217142000,2008/07/27,First Division,2026,Forward,Odd,0,0,0,Norway,0,0,0,0,0,0,0,0,0,0,0,0,0,0,0,0,0,0,0,0,0,0,0,0,0,0,0,0,0,0,0,-1,-1,-1,-1,N/A,N/A,N/A,N/A,N/A,N/A,N/A,N/A,N/A,N/A,N/A,N/A,N/A,N/A,N/A,N/A,N/A,N/A,N/A,N/A,N/A,N/A,N/A,N/A,N/A,N/A,N/A,N/A,N/A,N/A,N/A,N/A,N/A,N/A,N/A,N/A,N/A,N/A,N/A,N/A,N/A,N/A,N/A,N/A,N/A,N/A,N/A,N/A,N/A,N/A,N/A,N/A,N/A,N/A,N/A,N/A,N/A,N/A,N/A,N/A,N/A,N/A,N/A,N/A,N/A,N/A,N/A,N/A,N/A,N/A,N/A,N/A,N/A,N/A,N/A,N/A,N/A,N/A,N/A,N/A,N/A,N/A,N/A,N/A,N/A,N/A,N/A,N/A,N/A,N/A,N/A,N/A,N/A,N/A,N/A,N/A,N/A,N/A,N/A,N/A,N/A,N/A,N/A,N/A,N/A,N/A,N/A,N/A,N/A,N/A,N/A,N/A,N/A,N/A,N/A,N/A,N/A,N/A,N/A,N/A,N/A,N/A,N/A,N/A,N/A,N/A,N/A,N/A,N/A,N/A,N/A,N/A,N/A,N/A,N/A,N/A,N/A,N/A,N/A,N/A,N/A,N/A,N/A,N/A,N/A,N/A,N/A,N/A,N/A,N/A,N/A,N/A,N/A,N/A,N/A,N/A,N/A,N/A,N/A,N/A,N/A,N/A,N/A,N/A,N/A,N/A,N/A,N/A,N/A,N/A,N/A,N/A,N/A,N/A,N/A,N/A,N/A,N/A,N/A,N/A,N/A,N/A,N/A,N/A,N/A,N/A,N/A,N/A,N/A,N/A,N/A,N/A,N/A,N/A,N/A,N/A,N/A,N/A,N/A,N/A,N/A,N/A,N/A,N/A,N/A,N/A,N/A,N/A,N/A,N/A,N/A,N/A,N/A,N/A,N/A,N/A,N/A,N/A,N/A,N/A,N/A,N/A,N/A,N/A
Emil Lunde Hillestad,17,1234339200,2009/02/11,First Division,2026,Defender,Sogndal,398,133,265,Norway,10,5,5,0,0,0,0,0,0,0,0,0,0,0,8,2,6,0,0,0,0,0,0,0,0,1.81,50,40,0,0,0,172,186,64,15,0,5.13,0,36,48.97,21.60,97,216,19.40,194,95,43.98,97,0.00,0.00,0.10,1,0.00,0.20,0.23,0.10,1,0.00,0.00,0.00,0.00,0.00,0.30,0.10,0.90,0.00,0.00,0.00,0.20,0.00,0.00,0.00,0.00,0.50,0.00,0.00,0,0,,0,0.00,14,0,0.00,29,0,0.00,16,2,7,3,97,0.00,99,0,3,0.68,56,2,34,0.45,48,0,0.00,99,0,0.00,0,0,0.00,0,0.23,38,2,0.45,59,1,0.23,50.00,0,0.00,0,0,0,0.00,0,9,0.00,44,2.04,56,N/A,N/A,N/A,N/A,0.00,0,0.00,0,0.00,0.00,0,89.81,0.00,29,99,0.00,0.00,0,52,40,0,0,0,0.10,0.23,1,70,51.27,1.70,3.85,17,0,0.00,0.00,99,0.00,0,0,0,0.00,0.00,0,0.00,0.00,0.00,0.00,0,0,0.00,41,2,12,39,44,0.46,45,0.05,0.10,0.00,15,0.00,0.00,89,5,0.50,1.13,0.91,0.40,82,4,0.00,15,4,95,82,0,59,77,0,0.00,99,5,0.00,1.13,9.97,4.40,44,25,93,87,5.67,2.50,56.82,0,0.00,99,0,0.00,0,0.00,99,0,0.00,0.00,34,2,88,57,0,0,0,0,0,22,39,57,51,0,99,7,23,23,0,0,23,35,0,0
Emil Lyseng Martinsen,16,1254553200,2009/10/03,First Division,2026,Centre Forward,Raufoss,0,0,0,Norway,0,0,0,0,0,0,0,0,0,0,0,0,0,0,0,0,0,0,0,0,0,0,0,0,0,0,0,0,0,0,0,-1,-1,-1,-1,N/A,N/A,N/A,N/A,N/A,N/A,N/A,N/A,N/A,N/A,N/A,N/A,N/A,N/A,N/A,N/A,N/A,N/A,N/A,N/A,N/A,N/A,N/A,N/A,N/A,N/A,N/A,N/A,N/A,N/A,N/A,N/A,N/A,N/A,N/A,N/A,N/A,N/A,N/A,N/A,N/A,N/A,N/A,N/A,N/A,N/A,N/A,N/A,N/A,N/A,N/A,N/A,N/A,N/A,N/A,N/A,N/A,N/A,N/A,N/A,N/A,N/A,N/A,N/A,N/A,N/A,N/A,N/A,N/A,N/A,N/A,N/A,N/A,N/A,N/A,N/A,N/A,N/A,N/A,N/A,N/A,N/A,N/A,N/A,N/A,N/A,N/A,N/A,N/A,N/A,N/A,N/A,N/A,N/A,N/A,N/A,N/A,N/A,N/A,N/A,N/A,N/A,N/A,N/A,N/A,N/A,N/A,N/A,N/A,N/A,N/A,N/A,N/A,N/A,N/A,N/A,N/A,N/A,N/A,N/A,N/A,N/A,N/A,N/A,N/A,N/A,N/A,N/A,N/A,N/A,N/A,N/A,N/A,N/A,N/A,N/A,N/A,N/A,N/A,N/A,N/A,N/A,N/A,N/A,N/A,N/A,N/A,N/A,N/A,N/A,N/A,N/A,N/A,N/A,N/A,N/A,N/A,N/A,N/A,N/A,N/A,N/A,N/A,N/A,N/A,N/A,N/A,N/A,N/A,N/A,N/A,N/A,N/A,N/A,N/A,N/A,N/A,N/A,N/A,N/A,N/A,N/A,N/A,N/A,N/A,N/A,N/A,N/A,N/A,N/A,N/A,N/A,N/A,N/A,N/A,N/A,N/A,N/A,N/A,N/A,N/A,N/A,N/A,N/A,N/A,N/A,N/A,N/A,N/A,N/A,N/A,N/A,N/A,N/A,N/A,N/A,N/A,N/A,N/A,N/A,N/A,N/A,N/A,N/A
Emil Nielsen,26,956732400,2000/04/26,First Division,2026,Defender,Kongsvinger,244,201,43,Denmark,6,4,2,0,0,0,1,1,0,0,0,2,1,1,5,5,0,1,0,0.37,0.37,0,0,0,0,1.84,49,41,244,244,0.37,-1,-1,-1,17,0,6.22,0.17,90,26.93,12.17,66,73,9.83,59,54,21.76,66,0.00,0.00,0.17,1,0.00,0.33,0.00,0.00,0,0.00,0.17,0.00,0.00,0.00,0.33,0.00,0.83,0.00,0.00,0.00,0.00,0.00,0.00,0.00,0.00,0.33,0.00,0.00,0,0,,0,0.00,14,0,0.00,29,0,0.00,16,2,4,2,63,0.00,99,0,2,0.74,59,2,92,0.74,62,0,0.00,99,0,0.00,0,0,0.00,0,0.37,53,0,0.00,18,0,0.00,0.00,0,0.00,0,0,0,0.00,0,5,0.00,42,1.84,45,N/A,N/A,N/A,N/A,0.00,0,0.00,0,0.00,0.00,0,80.82,0.00,29,99,0.00,0.00,0,24,24,0,0,0,0.17,0.37,1,85,37.30,1.17,2.58,7,0,0.00,0.00,99,0.00,0,0,0,0.00,0.00,0,0.00,0.00,0.00,0.00,0,0,0.00,41,0,2,39,43,0.76,91,0.13,0.28,0.00,15,0.00,0.00,71,2,0.33,0.74,1.84,0.83,99,5,0.00,15,23,83,82,0,59,59,0,0.00,99,2,0.00,0.74,12.17,5.50,33,9,67,93,3.32,1.50,27.27,1,0.37,35,0,50.00,0,0.00,99,1,0.17,0.37,71,1,73,57,0,0,0,0,0,67,39,57,51,0,99,91,30,93,1,17,77,19,0,0
Emil Rohd Schlichting,21,1099555200,2004/11/04,First Division,2026,Midfielder,Haugesund,2,2,0,Denmark,2,2,0,0,0,0,0,0,0,0,0,2,2,0,0,0,0,0,0,0,0,0,0,0,0,0,0,1,0,0,0,-1,-1,-1,20,0,0.00,0,36,54.00,1.50,97,3,1.00,2,8,36.00,93,0.00,0.00,0.00,0,0.00,0.00,0.00,0.00,0,0.00,0.00,0.00,0.00,0.00,0.00,0.50,0.00,0.00,18.00,0.50,1.00,0.00,0.00,0.03,0.00,0.00,0.00,0.00,0,0,,1,0.50,99,0,0.00,29,1,18.00,99,0,2,0,63,0.00,99,0,0,0.00,6,0,34,0.00,16,0,0.00,99,0,0.00,0,0,0.00,0,0.00,17,2,36.00,99,1,18.00,50.00,0,0.00,0,0,0,0.00,0,0,0.00,99,0.00,0,N/A,N/A,N/A,N/A,0.00,0,0.00,0,0.06,0.00,0,66.67,0.00,29,99,0.00,0.00,0,99,40,0,0,0,0.00,0.00,0,26,0.00,0.00,0.00,0,0,0.00,0.00,99,0.00,0,0,0,0.00,0.00,0,0.00,0.00,0.00,0.00,0,0,0.00,41,0,0,39,0,0.00,3,0.00,0.00,0.06,99,0.03,1.08,8,0,0.00,0.00,0.00,0.00,9,0,1.08,99,0,8,82,0,59,10,0,0.00,99,0,0.00,0.00,54.00,1.50,3,2,99,99,36.00,1.00,66.67,0,0.00,99,0,0.00,0,0.00,99,0,0.00,0.00,34,0,59,14,0,0,0,0,0,22,39,57,51,0,99,99,23,23,0,0,23,7,0,0
Emil Sildnes,33,728294400,1993/01/29,First Division,2026,Midfielder,Raufoss,770,432,338,Norway,14,7,7,1,0,1,2,2,0,0,0,2,2,0,19,8,11,0,0,0.35,0.23,0.12,0,0.27,770,2.22,41,55,0,385,0,117,77,-1,8,0,6.57,0.14,74,22.56,13.71,54,192,11.43,160,65,18.80,56,0.00,0.00,0.57,8,0.00,0.36,0.12,0.07,1,0.00,0.29,0.00,0.00,0.00,0.36,0.29,1.36,8.00,0.94,0.29,0.50,0.00,0.29,0.09,0.00,0.79,0.00,0.00,0,0,,8,0.57,71,4,0.47,77,4,0.47,64,1,4,10,86,0.00,99,0,5,0.59,45,5,76,0.59,55,0,0.00,99,0,0.00,0,0,0.00,0,0.94,89,7,0.82,74,4,0.47,57.14,0,0.00,0,0,0,0.00,0,19,0.00,20,2.23,66,N/A,N/A,N/A,N/A,0.00,0,0.00,0,1.26,0.00,0,83.33,50.00,86,99,0.00,0.00,0,70,45,0,0,0,0.00,0.00,0,26,92.04,0.29,0.47,4,0,0.00,0.00,99,0.00,0,0,0,0.00,0.00,0,0.00,0.00,0.12,0.07,1,0,12.50,49,27,27,81,22,2.33,91,0.17,0.27,1.26,69,0.09,0.15,50,4,0.29,0.47,0.12,0.07,13,1,0.15,68,59,29,82,0,76,82,0,0.00,99,11,0.00,1.29,8.34,5.07,71,37,84,75,4.35,2.64,52.11,4,0.47,26,0,40.00,0,0.00,99,2,0.14,0.23,61,33,73,38,0,0,0,0,0,66,61,79,51,0,99,43,23,23,0,0,23,7,0,0
Emin Pajic,18,1195545600,2007/11/20,First Division,2026,Midfielder,Kongsvinger,0,0,0,Norway,0,0,0,0,0,0,0,0,0,0,0,0,0,0,0,0,0,0,0,0,0,0,0,0,0,0,0,0,0,0,0,-1,-1,-1,-1,N/A,N/A,N/A,N/A,N/A,N/A,N/A,N/A,N/A,N/A,N/A,N/A,N/A,N/A,N/A,N/A,N/A,N/A,N/A,N/A,N/A,N/A,N/A,N/A,N/A,N/A,N/A,N/A,N/A,N/A,N/A,N/A,N/A,N/A,N/A,N/A,N/A,N/A,N/A,N/A,N/A,N/A,N/A,N/A,N/A,N/A,N/A,N/A,N/A,N/A,N/A,N/A,N/A,N/A,N/A,N/A,N/A,N/A,N/A,N/A,N/A,N/A,N/A,N/A,N/A,N/A,N/A,N/A,N/A,N/A,N/A,N/A,N/A,N/A,N/A,N/A,N/A,N/A,N/A,N/A,N/A,N/A,N/A,N/A,N/A,N/A,N/A,N/A,N/A,N/A,N/A,N/A,N/A,N/A,N/A,N/A,N/A,N/A,N/A,N/A,N/A,N/A,N/A,N/A,N/A,N/A,N/A,N/A,N/A,N/A,N/A,N/A,N/A,N/A,N/A,N/A,N/A,N/A,N/A,N/A,N/A,N/A,N/A,N/A,N/A,N/A,N/A,N/A,N/A,N/A,N/A,N/A,N/A,N/A,N/A,N/A,N/A,N/A,N/A,N/A,N/A,N/A,N/A,N/A,N/A,N/A,N/A,N/A,N/A,N/A,N/A,N/A,N/A,N/A,N/A,N/A,N/A,N/A,N/A,N/A,N/A,N/A,N/A,N/A,N/A,N/A,N/A,N/A,N/A,N/A,N/A,N/A,N/A,N/A,N/A,N/A,N/A,N/A,N/A,N/A,N/A,N/A,N/A,N/A,N/A,N/A,N/A,N/A,N/A,N/A,N/A,N/A,N/A,N/A,N/A,N/A,N/A,N/A,N/A,N/A,N/A,N/A,N/A,N/A,N/A,N/A,N/A,N/A,N/A,N/A,N/A,N/A,N/A,N/A,N/A,N/A,N/A,N/A,N/A,N/A,N/A,N/A,N/A,N/A
Emir Derviskadic,22,1086591600,2004/06/07,First Division,2026,Midfielder,Haugesund,27,19,8,Bosnia and Herzegovina,4,3,1,0,0,0,0,0,0,0,0,0,0,0,1,0,1,0,0,0,0,0,0,0,0,3.33,27,7,0,0,0,-1,-1,-1,26,0,6.62,0,36,212.14,16.50,99,66,14.50,58,85,186.43,99,0.00,0.00,0.50,2,0.00,0.50,0.00,0.00,0,0.00,0.00,0.00,0.00,0.00,0.00,0.00,0.25,0.00,0.00,0.00,0.00,0.00,0.00,0.00,0.00,0.00,0.00,0.00,0,0,,0,0.00,14,0,0.00,29,0,0.00,16,0,4,0,63,0.00,99,0,0,0.00,6,2,92,6.43,99,0,0.00,99,0,0.00,0,0,0.00,0,6.43,99,0,0.00,18,0,0.00,0.00,0,0.00,0,0,0,0.00,0,1,0.00,1,3.21,93,N/A,N/A,N/A,N/A,0.00,0,0.00,0,0.00,0.00,0,87.88,0.00,29,99,0.00,0.00,0,24,24,0,0,0,0.00,0.00,0,26,26.46,0.75,9.64,3,0,0.00,0.00,99,0.00,0,0,0,0.00,0.00,0,0.00,0.00,0.00,0.00,0,0,0.00,41,0,0,39,1,0.23,99,0.06,0.74,0.00,15,0.00,0.00,99,1,0.25,3.21,0.00,0.00,9,0,0.00,15,66,99,82,0,59,10,0,0.00,99,0,0.00,0.00,9.64,0.75,3,3,99,84,9.64,0.75,100.00,0,0.00,99,0,50.00,0,0.00,99,1,0.25,3.21,99,0,73,14,0,0,0,0,0,22,39,57,51,0,99,7,23,23,0,0,23,10,0,0
Emmanuel Junior Chidi,19,1159772400,2006/10/02,First Division,2026,Defender,Moss,163,90,73,Nigeria,4,2,2,0,0,0,0,0,0,0,0,0,0,0,5,2,3,0,0,0,0,0,0,0,0,2.76,33,41,0,0,0,-1,-1,-1,16,0,7.77,0,36,41.09,21.00,93,84,18.75,75,92,36.68,94,0.00,0.00,0.00,0,0.00,0.00,0.00,0.00,0,0.00,0.00,0.00,0.00,0.00,0.50,0.00,1.50,0.00,0.49,0.25,0.00,0.00,0.00,0.01,0.00,0.25,0.00,0.00,0,0,,1,0.25,50,0,0.00,29,1,0.49,64,1,2,2,63,0.00,99,0,2,0.98,73,0,34,0.00,16,0,0.00,99,0,0.00,0,0,0.00,0,0.00,17,0,0.00,18,0,0.00,0.00,0,0.00,0,0,0,0.00,0,6,0.00,3,2.93,89,N/A,N/A,N/A,N/A,0.00,0,0.00,0,0.05,0.00,0,89.29,0.00,29,99,0.00,0.00,0,24,24,0,0,0,0.75,1.47,3,99,31.07,0.25,0.49,1,0,0.00,0.00,99,0.00,0,0,0,0.00,0.00,0,0.00,0.00,0.00,0.00,0,0,0.00,41,0,0,39,3,0.13,32,0.03,0.06,0.05,28,0.01,0.02,8,0,0.00,0.00,0.49,0.25,53,1,0.02,28,99,30,82,0,59,41,0,0.00,99,1,0.00,0.49,4.40,2.25,9,3,20,27,1.47,0.75,33.33,0,0.00,99,0,0.00,0,0.00,99,0,0.00,0.00,34,1,59,38,0,0,0,0,0,22,39,57,51,0,99,7,23,23,0,0,23,26,0,0
Erik Ansok Fröysa,25,991292400,2001/05/31,First Division,2026,Defender,Raufoss,1530,810,720,Norway,17,9,8,1,1,0,0,0,0,0,0,2,2,0,45,15,30,2,0,0.06,0,0.06,0.11,0,1530,2.65,34,90,765,0,0.12,155,201,115,11,0,6.32,0,36,28.69,28.69,71,459,23.56,377,60,23.56,72,0.00,0.00,0.19,3,0.00,0.25,0.00,0.00,0,0.00,0.00,0.00,0.00,0.00,1.50,0.12,2.88,3.00,0.19,0.06,0.19,0.00,0.12,0.06,0.00,1.25,0.00,0.00,0,0,,3,0.19,28,2,0.12,46,1,0.06,20,0,0,17,63,0.00,99,0,24,1.50,91,4,92,0.25,33,0,0.00,99,0,0.00,0,0,0.00,0,0.19,35,3,0.19,39,2,0.12,66.67,0,0.00,0,0,0,0.00,0,46,0.00,5,2.88,86,N/A,N/A,N/A,N/A,0.00,0,0.00,0,0.90,0.00,0,82.14,66.67,96,99,0.00,0.00,0,38,59,0,0,0,0.75,0.75,12,97,101.17,3.69,3.69,59,0,0.00,0.00,99,0.00,0,0,0,0.00,0.00,0,0.00,0.00,0.00,0.00,0,0,33.33,80,68,47,94,6,1.01,32,0.06,0.06,0.90,46,0.06,0.06,27,4,0.25,0.25,0.62,0.62,61,10,0.06,45,29,95,82,0,59,80,0,0.00,99,20,0.00,1.25,6.56,6.56,105,49,61,55,3.06,3.06,46.67,0,0.00,99,0,50.00,0,0.00,99,2,0.12,0.12,48,67,36,14,0,0,0,0,0,28,47,57,58,0,99,37,81,44,2,12,61,6,0,0
Erik Berland,22,1094886000,2004/09/11,First Division,2026,Defender,Sandnes Ulf,1078,577,501,Norway,19,11,8,0,0,0,3,1,2,0,0,5,3,2,15,9,6,1,0,0.25,0.25,0,0,0,0,1.25,72,57,1078,359,0.08,226,68,20,22,0,6.49,0.16,79,22.86,14.25,55,285,10.15,203,18,16.28,48,0.00,0.00,0.40,8,0.00,1.10,0.00,0.00,0,0.00,0.05,0.00,0.00,0.00,0.80,0.45,0.90,0.00,0.56,0.20,0.65,0.00,0.15,0.03,0.00,0.40,0.00,0.00,0,0,,7,0.35,54,3,0.24,61,4,0.32,48,2,8,11,63,0.00,99,0,16,1.28,86,22,52,1.76,87,0,0.00,99,0,0.00,0,0,0.00,0,0.64,75,13,1.04,82,9,0.72,69.23,0,0.00,0,0,0,0.00,0,18,0.00,85,1.44,18,N/A,N/A,N/A,N/A,0.00,0,0.00,0,0.68,0.00,0,71.23,42.86,74,99,0.00,0.00,0,82,60,0,0,0,0.05,0.08,1,38,129.86,1.05,1.68,21,1,0.00,0.08,3,0.05,0,0,0,0.00,0.00,0,0.00,0.00,0.16,0.10,2,0,0.00,41,41,69,39,85,2.50,77,0.12,0.20,0.68,41,0.03,0.05,70,9,0.45,0.72,0.72,0.45,69,9,0.05,41,51,69,82,0,81,51,0,0.00,99,8,0.00,0.64,8.10,5.05,101,44,71,74,3.53,2.20,43.56,1,0.08,68,0,27.27,0,0.00,99,6,0.30,0.48,80,38,92,57,0,0,0,0,0,59,39,57,51,0,99,72,93,31,1,5,30,23,0,0
Erik Emanuel Grønner,25,982483200,2001/02/18,First Division,2026,Forward,Åsane,807,409,398,Norway,12,6,6,5,3,2,1,1,0,0,0,0,0,0,18,11,7,3,0,0.67,0.11,0.56,0.66,0.45,161,2.01,45,67,269,807,0.33,23,131,-1,2,0,6.67,0.08,55,8.73,6.58,11,79,4.25,51,7,5.64,8,0.00,0.00,0.17,2,0.00,0.17,0.00,0.00,0,0.00,0.42,0.00,0.00,0.00,0.33,0.00,1.67,2.20,1.22,0.42,0.17,0.00,0.50,0.32,0.00,1.42,0.00,0.00,0,0,,11,0.92,79,6,0.66,87,5,0.55,69,2,2,10,63,0.00,99,0,4,0.44,34,2,34,0.22,31,0,0.00,99,0,0.00,0,0,0.00,0,0.22,38,2,0.22,42,0,0.00,0.00,0,0.00,0,0,0,0.00,0,20,0.00,34,2.21,64,N/A,N/A,N/A,N/A,0.00,0,0.00,0,3.88,0.00,0,64.56,54.55,88,99,0.00,0.00,0,24,24,0,0,0,0.17,0.22,2,68,80.10,0.42,0.55,5,0,0.00,0.00,99,0.00,0,0,1,0.08,0.11,0,0.00,0.00,0.00,0.00,0,0,45.45,88,29,20,47,36,0.76,39,0.06,0.08,3.88,91,0.32,0.43,74,7,0.58,0.77,0.88,0.67,80,8,0.43,90,70,36,96,0,59,93,0,0.00,99,17,0.00,1.88,6.86,5.17,62,24,48,60,2.65,2.00,38.71,5,0.55,18,0,0.00,0,0.00,99,0,0.00,0.00,34,33,59,57,0,1,0,8,0,85,93,89,92,0,99,7,32,91,3,25,92,9,0,0
Eron Isufi,18,1191308400,2007/10/02,First Division,2026,Midfielder,Lyn,348,159,189,Norway,5,2,3,0,0,0,0,0,0,0,0,1,0,1,7,4,3,0,0,0,0,0,0,0,0,1.81,50,70,0,0,0,254,227,-1,14,0,6.29,0,36,5.88,4.25,6,17,4.00,16,99,5.54,7,0.00,0.00,0.00,0,0.00,0.00,0.00,0.00,0,0.00,0.00,0.00,0.00,0.00,0.00,0.00,2.00,0.00,0.00,0.00,0.00,0.00,0.00,0.00,0.00,0.00,0.00,0.00,0,0,,0,0.00,14,0,0.00,29,0,0.00,16,4,1,4,63,0.00,99,0,0,0.00,6,0,34,0.00,16,0,0.00,99,0,0.00,0,0,0.00,0,0.00,17,0,0.00,18,0,0.00,0.00,0,0.00,0,0,0,0.00,0,8,0.00,44,2.77,83,N/A,N/A,N/A,N/A,0.00,0,0.00,0,0.00,0.00,0,94.12,0.00,29,99,0.00,0.00,0,24,24,0,0,0,0.00,0.00,0,26,25.15,0.00,0.00,0,0,0.00,0.00,99,0.00,0,0,0,0.00,0.00,0,0.00,0.00,0.00,0.00,0,0,0.00,41,0,1,39,44,0.03,5,0.01,0.01,0.00,15,0.00,0.00,8,0,0.00,0.00,0.00,0.00,9,0,0.00,15,26,8,82,0,59,10,0,0.00,99,0,0.00,0.00,1.04,0.75,3,2,11,11,0.69,0.50,66.67,0,0.00,99,0,0.00,0,0.00,99,0,0.00,0.00,34,6,48,89,0,0,0,0,0,22,39,57,51,0,99,59,23,23,0,0,23,14,0,0
Even Hovland,37,603446400,1989/02/14,First Division,2026,Defender,Sogndal,1607,856,751,Norway,19,10,9,3,0,3,1,1,0,0,0,2,2,0,38,16,22,1,0,0.22,0.06,0.17,0,0.36,536,2.13,42,85,1607,1607,0.06,91,156,91,5,0,6.22,0.05,45,25.31,23.75,62,475,20.50,410,80,21.85,66,0.00,0.00,0.10,2,0.00,0.30,0.11,0.10,2,0.00,0.05,0.00,0.00,0.00,0.95,0.15,2.20,1.75,0.37,0.15,0.15,0.00,0.20,0.14,0.00,0.85,0.00,0.00,0,0,,7,0.35,41,4,0.21,60,3,0.16,31,4,0,19,83,0.00,99,0,19,1.01,76,6,64,0.32,39,0,0.00,99,0,0.00,0,0,0.00,0,0.11,25,3,0.16,35,3,0.16,100.00,0,0.00,0,0,0,0.00,0,44,0.00,27,2.34,72,N/A,N/A,N/A,N/A,0.00,0,0.00,0,2.84,0.00,0,86.32,57.14,91,99,0.00,0.00,0,45,99,0,0,0,0.95,1.01,19,99,124.38,2.15,2.29,43,1,0.00,0.05,8,0.05,0,0,1,0.05,0.05,0,0.00,0.00,0.00,0.00,0,0,57.14,95,76,69,71,27,1.55,39,0.08,0.08,2.84,69,0.14,0.15,20,3,0.15,0.16,0.27,0.25,26,5,0.15,68,23,78,88,0,59,68,0,0.00,99,17,0.00,0.91,3.62,3.40,68,45,41,21,2.40,2.25,66.18,1,0.05,75,0,33.33,0,0.00,99,2,0.10,0.11,46,84,36,89,0,0,0,0,0,55,70,85,51,0,99,35,97,30,1,5,30,4,0,0
Even Rogne,22,1091516400,2004/08/03,First Division,2026,Midfielder,Strømmen,298,167,131,Norway,14,8,6,1,0,1,0,0,0,0,0,3,3,0,7,4,3,2,0,0.3,0,0.3,0,0.69,298,2.11,43,21,149,0,0.6,64,251,-1,11,0,5.95,0,36,27.46,5.54,68,72,4.31,56,40,21.36,64,0.00,0.00,0.15,2,0.00,0.46,0.00,0.00,0,0.00,0.08,0.00,0.00,0.00,0.08,0.08,0.69,4.00,1.53,0.15,0.23,0.00,0.15,0.07,0.00,0.38,0.00,0.00,0,0,,4,0.31,86,2,0.76,89,2,0.76,82,3,13,1,63,0.00,99,0,1,0.38,28,6,92,2.29,93,0,0.00,99,0,0.00,0,0,0.00,0,0.76,80,3,1.14,85,1,0.38,33.33,0,0.00,0,0,0,0.00,0,9,0.00,27,3.43,95,N/A,N/A,N/A,N/A,0.00,0,0.00,0,0.95,0.00,0,77.78,50.00,86,99,0.00,0.00,0,67,28,0,0,0,0.08,0.38,1,85,77.34,0.69,3.43,9,0,0.00,0.00,99,0.00,0,0,0,0.00,0.00,0,0.00,0.00,0.00,0.00,0,0,25.00,71,0,27,61,30,0.20,39,0.02,0.08,0.95,88,0.07,0.36,96,4,0.31,1.53,2.67,0.54,99,7,0.36,86,13,92,82,0,59,93,0,0.00,99,5,0.00,1.91,13.73,2.77,36,14,91,96,5.34,1.08,38.89,1,0.38,34,0,50.00,0,0.00,99,3,0.23,1.14,98,0,97,79,0,0,0,0,0,63,79,95,51,0,99,61,24,99,2,14,67,19,0,0
Fabian Jakobsen,19,1170489600,2007/02/03,First Division,2026,Forward,Haugesund,11,0,11,Norway,1,0,1,0,0,0,0,0,0,0,0,1,0,1,0,0,0,0,0,0,0,0,0,0,0,0,0,11,0,0,0,-1,-1,-1,18,0,6.50,0,36,0.00,0.00,2,0,0.00,0,2,0.00,2,0.00,0.00,0.00,0,0.00,0.00,0.00,0.00,0,0.00,0.00,0.00,0.00,0.00,0.00,0.00,0.00,0.00,0.00,0.00,0.00,0.00,0.00,0.00,0.00,0.00,0.00,0.00,0,0,,0,0.00,14,0,0.00,29,0,0.00,16,0,1,0,63,0.00,99,0,0,0.00,6,0,34,0.00,16,0,0.00,99,0,0.00,0,0,0.00,0,0.00,17,0,0.00,18,0,0.00,0.00,0,0.00,0,0,0,0.00,0,0,0.00,99,0.00,0,N/A,N/A,N/A,N/A,0.00,0,0.00,0,0.00,0.00,0,0.00,0.00,29,99,0.00,0.00,0,24,24,0,0,0,0.00,0.00,0,26,6.50,0.00,0.00,0,0,0.00,0.00,99,0.00,0,0,0,0.00,0.00,0,0.00,0.00,0.00,0.00,0,0,0.00,41,0,0,39,0,0.00,3,0.00,0.00,0.00,15,0.00,0.00,8,0,0.00,0.00,0.00,0.00,9,0,0.00,15,52,8,82,0,59,10,0,0.00,99,0,0.00,0.00,0.00,0.00,0,0,2,2,0.00,0.00,0.00,0,0.00,99,0,0.00,0,0.00,99,0,0.00,0.00,34,0,48,14,0,0,0,0,0,22,39,57,51,0,99,99,23,23,0,0,23,46,0,0
Fabian Jeppestøl Engedal,21,1105862400,2005/01/16,First Division,2026,Defender,Bryne,12,0,12,Norway,4,2,2,0,0,0,0,0,0,0,0,0,0,0,0,0,0,0,0,0,0,0,0,0,0,0,0,3,0,0,0,-1,-1,-1,17,0,6.50,0,36,60.00,8.00,98,8,6.00,6,29,45.00,97,0.00,0.00,0.00,0,0.00,1.00,0.00,0.00,0,0.00,0.00,0.00,0.00,0.00,0.00,0.00,1.00,0.00,0.00,0.00,0.00,0.00,0.00,0.00,0.00,1.00,0.00,0.00,0,0,,0,0.00,14,0,0.00,29,0,0.00,16,0,4,0,63,0.00,99,0,0,0.00,6,1,34,7.50,99,0,0.00,99,0,0.00,0,0,0.00,0,0.00,17,0,0.00,18,0,0.00,0.00,0,0.00,0,0,0,0.00,0,1,0.00,99,7.50,99,N/A,N/A,N/A,N/A,0.00,0,0.00,0,0.00,0.00,0,75.00,0.00,29,99,0.00,0.00,0,24,24,0,0,0,0.00,0.00,0,26,6.50,1.00,7.50,1,0,0.00,0.00,99,0.00,0,0,0,0.00,0.00,0,0.00,0.00,0.00,0.00,0,0,0.00,41,0,0,39,0,0.01,39,0.01,0.08,0.00,15,0.00,0.00,8,0,0.00,0.00,0.00,0.00,9,0,0.00,15,52,99,82,0,59,99,0,0.00,99,1,0.00,7.50,22.50,3.00,3,1,99,99,7.50,1.00,33.33,0,0.00,99,0,0.00,0,0.00,99,0,0.00,0.00,34,0,73,14,0,0,0,0,0,22,39,57,51,0,99,7,23,23,0,0,23,4,0,0
Fábio Sturgeon,32,760348800,1994/02/04,First Division,2026,Forward,Sogndal,243,82,161,Portugal,9,3,6,0,0,0,0,0,0,0,0,1,1,0,6,3,3,3,0,0,0,0,0,0,0,2.22,41,27,81,0,1.11,-1,-1,-1,23,0,4.83,0,36,0.00,0.00,2,0,0.00,0,2,0.00,2,0.00,0.00,0.00,0,0.00,0.00,0.00,0.00,0,0.00,0.00,0.00,0.00,0.00,0.00,0.00,0.50,0.00,0.00,0.00,0.00,0.00,0.00,0.00,0.00,0.00,0.00,0.00,0,0,,0,0.00,14,0,0.00,29,0,0.00,16,6,6,2,63,0.00,99,0,0,0.00,6,0,34,0.00,16,0,0.00,99,0,0.00,0,0,0.00,0,0.00,17,0,0.00,18,0,0.00,0.00,0,0.00,0,0,0,0.00,0,4,0.00,20,2.01,53,N/A,N/A,N/A,N/A,0.00,0,0.00,0,0.00,0.00,0,0.00,0.00,29,99,0.00,0.00,0,24,24,0,0,0,0.00,0.00,0,26,38.65,0.00,0.00,0,0,0.00,0.00,99,0.00,0,0,0,0.00,0.00,0,0.00,0.00,0.00,0.00,0,0,0.00,41,0,8,39,22,0.00,3,0.00,0.00,0.00,15,0.00,0.00,8,0,0.00,0.00,0.00,0.00,9,0,0.00,15,2,8,82,0,59,10,0,0.00,99,0,0.00,0.00,0.00,0.00,0,0,2,2,0.00,0.00,0.00,0,0.00,99,0,0.00,0,0.00,99,0,0.00,0.00,34,1,84,97,0,0,0,0,0,22,39,57,51,0,99,35,23,99,2,22,88,17,0,0
Fallou Sock,19,1170403200,2007/02/02,First Division,2026,Forward,Lyn,16,15,1,Senegal,2,1,1,0,0,0,0,0,0,0,0,0,0,0,1,1,0,0,0,0,0,0,0,0,0,5.63,16,8,0,0,0,-1,-1,-1,22,0,6.47,0,36,20.45,2.50,48,5,2.00,4,50,16.36,48,0.00,0.00,0.50,1,0.00,0.00,0.00,0.00,0,0.00,0.00,0.00,0.00,0.00,0.00,0.50,1.00,0.00,0.00,0.00,0.50,0.00,0.00,0.00,0.00,0.00,0.00,0.00,0,0,,0,0.00,14,0,0.00,29,0,0.00,16,0,2,0,63,0.00,99,0,0,0.00,6,0,34,0.00,16,0,0.00,99,0,0.00,0,0,0.00,0,4.09,99,1,4.09,99,1,4.09,100.00,0,0.00,0,0,0,0.00,0,2,0.00,0,8.18,99,N/A,N/A,N/A,N/A,0.00,0,0.00,0,0.00,0.00,0,80.00,0.00,29,99,0.00,0.00,0,99,99,0,0,0,0.00,0.00,0,26,12.94,0.00,0.00,0,0,0.00,0.00,99,0.00,0,0,0,0.00,0.00,0,0.00,0.00,0.00,0.00,0,0,0.00,41,0,0,39,0,0.05,77,0.03,0.20,0.00,15,0.00,0.00,8,0,0.00,0.00,8.18,1.00,99,2,0.00,15,49,8,82,0,59,10,0,0.00,99,0,0.00,0.00,20.45,2.50,5,1,81,99,4.09,0.50,20.00,0,0.00,99,0,0.00,0,0.00,99,0,0.00,0.00,34,0,59,14,0,0,0,0,0,22,39,57,51,0,99,7,23,23,0,0,23,30,0,0
Famara Camara,21,1113116400,2005/04/10,First Division,2026,Midfielder,Ranheim,1162,720,442,Senegal,13,8,5,0,0,0,2,1,1,0,0,1,1,0,28,14,14,4,0,0.15,0.15,0,0,0,0,2.17,42,89,291,581,0.31,268,105,-1,22,0,7.53,0.15,64,20.40,20.36,48,224,18.27,201,94,18.31,55,0.00,0.00,0.55,6,0.00,0.36,0.09,0.09,1,0.00,0.09,0.00,0.00,0.00,0.36,0.00,2.64,0.00,0.27,0.27,0.09,0.00,0.00,0.01,0.00,0.18,0.00,0.00,0,0,,3,0.27,34,0,0.00,29,3,0.27,44,4,0,13,78,0.00,99,0,4,0.36,28,4,50,0.36,41,0,0.00,99,0,0.00,0,0,0.00,0,0.55,68,1,0.09,27,0,0.00,0.00,0,0.00,0,0,0,0.00,0,29,0.00,23,2.64,82,N/A,N/A,N/A,N/A,0.00,0,0.00,0,0.16,0.00,0,89.73,0.00,29,99,0.00,0.00,0,24,24,0,0,0,0.00,0.00,0,26,82.87,0.18,0.18,2,0,0.00,0.00,99,0.00,0,0,0,0.00,0.00,0,0.00,0.00,0.00,0.00,0,0,0.00,41,45,24,39,27,1.82,70,0.17,0.17,0.16,23,0.01,0.01,11,1,0.09,0.09,0.27,0.27,26,3,0.01,23,98,16,82,0,59,22,0,0.00,99,2,0.00,0.18,2.28,2.27,25,9,12,12,0.82,0.82,36.00,1,0.09,67,0,25.00,0,0.00,99,1,0.09,0.09,41,45,36,89,0,0,0,0,0,44,39,57,51,0,99,22,35,90,4,31,96,18,0,0
Fenuel Temesgen Tewelde,20,1157785200,2006/09/09,First Division,2026,Forward,Odd,1361,724,637,Norway,18,10,8,12,7,5,4,2,2,0,0,5,3,2,24,10,14,2,0,1.06,0.26,0.79,0.87,0.71,113,1.59,57,76,681,340,0.13,10,64,-1,1,0,6.69,0.22,80,18.74,15.21,45,289,10.47,199,10,12.90,35,0.00,0.00,0.47,9,0.00,2.00,0.00,0.00,0,0.00,0.42,0.00,0.00,0.00,0.32,1.16,1.26,2.00,1.69,0.79,1.63,0.00,0.58,0.52,0.00,0.11,0.00,0.00,0,0,,26,1.37,90,11,0.71,88,15,0.97,90,3,2,16,63,0.00,99,0,6,0.39,29,38,70,2.46,95,0,0.00,99,0,0.00,0,0,0.00,0,0.58,71,31,2.01,95,22,1.43,70.97,0,0.00,0,0,0,0.00,0,24,0.00,57,1.56,27,N/A,N/A,N/A,N/A,0.00,0,0.00,0,9.79,0.00,0,68.86,42.31,69,99,0.00,0.00,0,95,62,0,0,0,0.00,0.00,0,26,127.11,0.26,0.32,5,0,0.00,0.00,99,0.00,0,0,0,0.00,0.00,0,0.00,0.00,0.45,0.37,7,0,50.00,92,54,56,43,58,2.96,75,0.16,0.19,9.79,98,0.52,0.63,64,10,0.53,0.65,0.84,0.68,77,13,0.63,98,73,23,82,0,93,17,0,0.00,99,2,0.00,0.13,7.72,6.26,119,51,67,71,3.31,2.68,42.86,8,0.52,21,0,36.84,0,0.00,99,14,0.74,0.91,95,61,59,79,1,3,1,17,6,97,97,95,98,0,99,81,75,49,2,11,56,28,0,0
Filip Andrei Oprea,20,1133078400,2005/11/27,First Division,2026,Defender,Åsane,1482,810,672,Norway,17,9,8,1,1,0,2,1,1,0,0,3,3,0,30,12,18,0,0,0.18,0.12,0.06,0.11,0,1482,1.82,49,87,0,741,0,153,126,66,9,0,6.45,0.12,56,26.11,25.29,64,430,18.47,314,23,19.07,57,0.00,0.00,0.94,16,0.00,1.94,0.24,0.24,4,0.00,0.59,0.00,0.00,0.00,1.00,0.35,1.82,5.00,0.30,0.24,0.59,0.00,0.06,0.05,0.00,0.65,0.00,0.00,0,0,,5,0.29,36,1,0.06,35,4,0.24,41,3,0,17,98,0.00,99,0,17,1.03,78,33,40,2.00,89,0,0.00,99,0,0.00,0,0,0.00,0,0.97,89,10,0.61,66,6,0.36,60.00,0,0.00,0,0,0,0.00,0,31,0.00,43,1.88,47,N/A,N/A,N/A,N/A,0.00,0,0.00,0,0.90,0.00,0,73.02,20.00,39,99,0.00,0.00,0,65,49,0,0,0,0.06,0.06,1,33,109.63,1.94,2.00,33,0,0.00,0.00,99,0.00,0,0,1,0.06,0.06,0,0.00,0.00,0.00,0.00,0,0,20.00,60,63,47,93,43,2.50,64,0.15,0.15,0.90,41,0.05,0.05,83,16,0.94,0.97,0.18,0.18,16,3,0.05,41,46,74,91,0,59,54,0,0.00,99,11,0.00,0.67,7.47,7.24,123,48,57,66,2.91,2.82,39.02,10,0.61,14,0,21.21,0,0.00,99,7,0.41,0.43,75,67,36,79,0,0,0,0,0,50,47,57,58,0,99,54,23,23,0,0,23,15,0,0
Filip Fjeldheim Da Silva,22,1067241600,2003/10/27,First Division,2026,Forward,Raufoss,704,382,322,Brazil,12,6,6,3,1,2,1,1,0,0,0,1,1,0,18,9,9,1,0,0.51,0.13,0.38,0.24,0.56,235,2.3,39,59,704,704,0.13,51,117,-1,2,0,6.52,0.08,59,0.51,0.33,3,4,0.25,3,29,0.38,3,0.00,0.00,0.00,0,0.00,0.00,0.00,0.00,0,0.00,0.08,0.00,0.00,0.00,0.08,0.08,1.67,0.00,0.00,0.00,0.08,0.00,0.00,0.16,0.00,0.00,0.00,0.00,0,0,,0,0.00,14,0,0.00,29,0,0.00,16,1,5,7,63,0.00,99,0,1,0.13,12,0,34,0.00,16,0,0.00,99,0,0.00,0,0,0.00,0,0.00,17,1,0.13,32,1,0.13,100.00,0,0.00,0,0,0,0.00,0,20,0.00,15,2.56,80,N/A,N/A,N/A,N/A,0.00,0,0.00,0,1.88,0.00,0,75.00,0.00,29,99,0.00,0.00,0,39,99,0,0,0,0.00,0.00,0,26,78.24,0.08,0.13,1,0,0.00,0.00,99,0.00,0,0,0,0.00,0.00,0,0.00,0.00,0.00,0.00,0,0,0.00,41,22,20,57,16,0.60,39,0.05,0.08,1.88,77,0.16,0.24,8,0,0.00,0.00,0.13,0.08,14,1,0.24,75,54,13,82,0,59,10,0,0.00,99,0,0.00,0.00,0.64,0.42,5,1,6,10,0.13,0.08,20.00,1,0.13,62,0,0.00,0,0.00,99,0,0.00,0.00,34,21,80,38,0,0,0,0,0,74,83,92,72,0,99,22,77,49,1,8,39,22,0,0
Filip Rønningen Jørgensen,24,1022482800,2002/05/27,First Division,2026,Midfielder,Odd,1880,990,890,Norway,21,11,10,3,0,3,3,3,0,0,0,6,4,2,33,12,21,2,0,0.29,0.14,0.14,0,0.3,627,1.58,57,90,940,627,0.1,105,116,-1,4,0,6.70,0.14,61,33.37,32.71,84,687,27.48,577,67,28.02,84,0.00,0.00,0.43,9,0.00,0.67,0.05,0.05,1,0.00,0.33,0.00,0.00,0.00,0.67,0.19,1.57,4.33,0.63,0.33,0.43,0.00,0.29,0.14,0.00,0.71,0.00,0.00,0,0,,13,0.62,57,6,0.29,68,7,0.34,51,2,0,21,69,0.00,99,0,14,0.68,56,14,92,0.68,61,0,0.00,99,0,0.00,0,0,0.00,0,0.44,59,9,0.44,58,4,0.19,44.44,0,0.00,0,0,0,0.00,0,33,0.00,58,1.60,29,N/A,N/A,N/A,N/A,0.00,0,0.00,0,2.86,0.00,0,83.99,46.15,77,99,0.00,0.00,0,48,29,0,0,0,0.24,0.24,5,71,140.78,0.24,0.24,5,0,0.00,0.00,99,0.00,0,0,0,0.00,0.00,0,0.00,0.00,0.05,0.05,1,1,23.08,65,95,99,76,58,3.33,68,0.16,0.16,2.86,66,0.14,0.14,89,23,1.10,1.12,1.26,1.24,93,26,0.14,66,75,19,82,0,64,59,0,0.00,99,15,0.00,0.73,7.67,7.52,158,78,75,70,3.79,3.71,49.37,7,0.34,38,0,50.00,0,0.00,99,7,0.33,0.34,69,99,36,57,0,1,0,5,0,61,64,80,51,0,99,81,89,37,2,10,50,7,0,0
Fillip Jenssen Riise,19,1178866800,2007/05/11,First Division,2026,Defender,Stabæk,1699,813,886,Norway,21,10,11,2,2,0,2,1,1,0,0,8,4,4,23,12,11,2,0,0.21,0.11,0.11,0.22,0,850,1.22,74,81,850,850,0.11,127,129,16,9,0,6.91,0.1,55,35.94,32.05,88,641,26.70,534,64,29.94,87,0.00,0.00,0.85,17,0.00,1.60,0.00,0.00,0,0.00,0.40,0.00,0.00,0.00,0.60,0.25,1.15,8.00,0.90,0.55,0.45,0.00,0.25,0.12,0.00,0.15,0.00,0.00,0,0,,16,0.80,70,5,0.28,67,11,0.62,73,1,0,21,63,0.00,99,0,12,0.67,54,32,50,1.79,87,0,0.00,99,0,0.00,0,0,0.00,0,0.95,89,9,0.50,62,5,0.28,55.56,0,0.00,0,0,0,0.00,0,23,0.00,88,1.29,8,N/A,N/A,N/A,N/A,0.00,0,0.00,0,2.40,0.00,0,83.31,31.25,48,99,0.00,0.00,0,59,43,0,0,0,0.10,0.11,2,46,138.26,0.95,1.07,19,0,0.00,0.00,99,0.00,0,0,1,0.05,0.06,0,0.00,0.00,0.06,0.05,1,0,12.50,49,83,99,85,89,2.79,68,0.14,0.16,2.40,65,0.12,0.13,33,5,0.25,0.28,0.22,0.20,20,4,0.13,64,88,54,91,0,68,21,0,0.00,99,3,0.00,0.17,6.22,5.55,111,48,50,52,2.69,2.40,43.24,8,0.45,27,0,25.00,0,0.00,99,8,0.40,0.45,76,99,36,38,0,0,0,0,0,54,58,57,71,0,99,97,85,41,2,10,50,2,0,0
Fillip Voster Botnen,20,1150009200,2006/06/11,First Division,2026,Defender,Sandnes Ulf,677,292,385,Norway,10,5,5,0,0,0,1,1,0,0,0,2,1,1,9,4,5,1,0,0.13,0.13,0,0,0,0,1.2,75,68,677,677,0.13,233,121,14,23,0,6.68,0.1,59,38.08,28.60,90,286,24.60,246,78,32.75,90,0.00,0.00,0.20,2,0.00,0.20,0.13,0.10,1,0.00,0.00,0.00,0.00,0.00,1.20,0.10,1.10,0.00,0.13,0.10,0.10,0.00,0.00,0.01,0.00,2.00,0.00,0.00,0,0,,1,0.10,22,0,0.00,29,1,0.13,27,2,2,8,89,0.00,99,0,12,1.60,94,2,92,0.27,34,0,0.00,99,0,0.00,0,0,0.00,0,0.27,45,1,0.13,32,1,0.13,100.00,0,0.00,0,0,0,0.00,0,11,0.00,90,1.46,20,N/A,N/A,N/A,N/A,0.00,0,0.00,0,0.05,0.00,0,86.01,0.00,29,99,0.00,0.00,0,39,99,0,0,0,0.60,0.80,6,98,66.85,5.30,7.06,53,0,0.00,0.00,99,0.00,0,0,0,0.00,0.00,0,0.00,0.00,0.00,0.00,0,0,0.00,41,20,12,39,90,1.17,68,0.12,0.16,0.05,23,0.01,0.01,82,7,0.70,0.93,0.93,0.70,82,7,0.01,23,72,99,82,0,59,98,0,0.00,99,20,0.00,2.66,8.92,6.70,67,34,85,80,4.53,3.40,50.75,0,0.00,99,0,50.00,0,0.00,99,1,0.10,0.13,51,25,59,57,0,0,0,0,0,40,39,57,51,0,99,59,75,49,1,10,50,3,0,0
Frank Stople,24,1013500800,2002/02/12,First Division,2026,Goalkeeper,Haugesund,308,233,75,Norway,4,3,1,0,0,0,0,0,0,0,0,3,3,0,2,0,2,1,1,0,0,0,0,0,0,0.58,154,77,154,0,0.58,179,187,1,21,0,6.19,0,36,15.49,13.25,32,53,8.75,35,7,10.23,26,0.00,0.00,0.00,0,0.00,0.00,0.00,0.00,0,0.00,0.00,0.00,0.00,0.75,0.00,0.00,1.50,0.00,0.00,0.00,0.00,0.00,0.00,0.00,0.00,0.00,0.00,0.00,0,0,,0,0.00,14,0,0.00,29,0,0.00,16,0,1,3,63,0.00,99,0,0,0.00,6,0,34,0.00,16,0,0.00,99,0,0.00,0,0,0.00,0,0.00,17,0,0.00,18,0,0.00,0.00,0,0.00,0,3,61,0.88,6,6,0.00,99,1.75,39,N/A,N/A,N/A,N/A,50.00,0,0.00,0,0.00,0.00,0,66.04,0.00,29,99,0.00,0.00,0,24,24,0,0,1,0.00,0.00,0,26,24.77,0.00,0.00,0,0,0.00,0.00,99,0.00,0,0,0,0.00,0.00,0,0.00,0.00,0.00,0.00,0,0,0.00,41,0,0,39,99,0.08,8,0.02,0.02,0.00,15,0.00,0.00,8,0,0.00,0.00,0.29,0.25,29,1,0.00,15,21,8,82,0,59,10,0,0.00,99,0,0.00,0.00,0.29,0.25,1,0,2,7,0.00,0.00,0.00,0,0.00,99,0,0.00,0,0.00,99,0,0.00,0.00,34,2,48,14,0,0,0,0,0,22,39,57,51,0,99,99,24,99,0,0,23,32,0,0
Franklin Nyenetue,25,974361600,2000/11/16,First Division,2026,Forward,Ranheim,1074,590,484,Norway,16,8,8,4,3,1,5,3,2,0,0,1,1,0,31,11,20,0,0,0.75,0.42,0.34,0.46,0.19,269,2.6,35,67,0,215,0,56,23,-1,6,0,7.60,0.31,92,8.19,5.79,10,81,4.07,57,14,5.76,9,0.00,0.00,0.07,1,0.00,0.79,0.00,0.00,0,0.00,0.21,0.00,0.00,0.00,0.36,0.86,2.29,2.50,1.01,0.36,1.14,0.00,0.36,0.23,0.00,0.14,0.00,0.00,0,0,,10,0.71,73,5,0.51,79,5,0.51,66,7,3,13,63,0.00,99,0,5,0.51,38,11,68,1.11,72,0,0.00,99,0,0.00,0,0,0.00,0,0.10,23,16,1.62,92,12,1.21,75.00,0,0.00,0,0,0,0.00,0,32,0.00,7,3.24,94,N/A,N/A,N/A,N/A,0.00,0,0.00,0,3.26,0.00,0,70.37,50.00,86,99,0.00,0.00,0,93,70,0,0,0,0.00,0.00,0,26,106.35,0.64,0.91,9,0,0.00,0.00,99,0.00,0,0,0,0.00,0.00,0,0.00,0.00,0.30,0.21,3,0,40.00,86,41,42,60,8,3.05,93,0.22,0.31,3.26,86,0.23,0.33,13,1,0.07,0.10,0.30,0.21,30,3,0.33,83,99,52,82,0,90,24,0,0.00,99,2,0.00,0.20,5.76,4.07,57,25,45,45,2.53,1.79,43.86,3,0.30,41,0,36.36,0,0.00,99,4,0.29,0.40,73,45,69,99,0,0,0,0,0,88,82,71,86,0,99,17,23,23,0,0,23,15,0,0
Frederik Juul Christensen,26,948268800,2000/01/19,First Division,2026,Midfielder,Kongsvinger,1882,986,896,Denmark,21,11,10,6,5,1,7,4,3,0,0,3,1,2,30,19,11,2,0,0.62,0.33,0.29,0.46,0.1,314,1.43,63,90,941,269,0.1,69,32,-1,5,0,6.81,0.33,89,38.38,37.67,91,791,31.33,658,63,31.92,89,0.00,0.00,0.62,13,0.00,0.95,0.15,0.14,3,0.00,0.14,0.00,0.00,0.00,0.81,0.19,1.52,2.67,0.78,0.33,0.33,0.00,0.43,0.23,0.00,0.48,0.00,0.00,0,0,,16,0.76,65,9,0.44,75,7,0.34,51,3,0,21,91,0.00,99,0,17,0.82,64,20,56,0.97,69,0,0.00,99,0,0.00,0,0,0.00,0,0.63,75,7,0.34,51,4,0.19,57.14,0,0.00,0,0,0,0.00,0,32,0.00,71,1.55,27,N/A,N/A,N/A,N/A,0.00,0,0.00,0,4.91,0.00,0,83.19,56.25,89,99,0.00,0.00,0,48,45,4,1,0,0.33,0.34,7,82,143.05,0.76,0.78,16,0,0.00,0.00,99,0.00,0,5,1,0.05,0.05,0,0.00,0.00,0.00,0.00,0,0,37.50,84,96,99,62,72,5.30,89,0.25,0.26,1.41,48,0.07,0.07,42,8,0.38,0.39,0.82,0.81,76,17,0.24,75,83,45,88,0,59,41,0,0.00,99,10,0.00,0.49,5.97,5.86,123,58,54,49,2.81,2.76,47.15,3,0.15,58,0,30.00,0,0.00,99,6,0.29,0.29,65,99,36,79,0,0,0,0,0,82,78,60,86,0,99,43,90,37,2,10,50,23,0,0
Fredrik Dimmen Gjerde,23,1062226800,2003/08/30,First Division,2026,Midfielder,Hødd,35,0,35,Norway,6,2,4,0,0,0,0,0,0,0,0,1,0,1,3,0,3,0,0,0,0,0,0,0,0,7.71,12,6,0,0,0,-1,-1,-1,16,0,3.79,0,36,48.46,4.20,96,21,3.40,17,54,39.23,95,0.00,0.00,0.00,0,0.00,0.00,0.00,0.00,0,0.00,0.20,0.00,0.00,0.00,0.20,0.20,0.60,0.00,0.00,0.00,0.60,0.00,0.00,0.00,0.00,0.00,0.00,0.00,0,0,,0,0.00,14,0,0.00,29,0,0.00,16,0,6,0,63,0.00,99,0,1,2.31,99,0,34,0.00,16,0,0.00,99,0,0.00,0,0,0.00,0,0.00,17,3,6.92,99,1,2.31,33.33,0,0.00,0,0,0,0.00,0,3,0.00,0,6.92,99,N/A,N/A,N/A,N/A,0.00,0,0.00,0,0.00,0.00,0,80.95,0.00,29,99,0.00,0.00,0,99,28,0,0,0,0.00,0.00,0,26,18.96,0.60,6.92,3,0,0.00,0.00,99,0.00,0,0,0,0.00,0.00,0,0.00,0.00,0.00,0.00,0,0,0.00,41,0,2,39,0,0.04,43,0.01,0.09,0.00,15,0.00,0.00,8,0,0.00,0.00,2.31,0.20,99,1,0.00,15,0,99,82,0,59,10,0,0.00,99,0,0.00,0.00,30.00,2.60,13,3,98,99,6.92,0.60,23.08,1,2.31,0,0,0.00,0,0.00,99,0,0.00,0.00,34,0,84,14,0,0,0,0,0,22,39,57,51,0,99,52,23,23,0,0,23,23,0,0
Fredrik Krogstad,31,802422000,1995/06/06,First Division,2026,Midfielder,Stabæk,171,103,68,Norway,3,2,1,1,1,0,0,0,0,0,0,0,0,0,4,3,1,0,0,0.53,0,0.53,0.87,0,171,2.11,43,57,0,0,0,-1,-1,-1,13,0,6.99,0,36,70.00,44.33,99,133,39.33,118,88,62.11,99,0.00,0.00,0.33,1,0.00,0.67,0.53,0.33,1,0.00,0.00,0.00,0.00,0.00,1.00,0.00,1.33,7.00,3.68,2.00,0.00,0.00,0.33,0.34,0.00,0.67,0.00,0.00,0,0,,7,2.33,99,1,0.53,80,6,3.16,99,1,1,2,99,0.00,99,0,3,1.58,93,2,34,1.05,70,0,0.00,99,0,0.00,0,0,0.00,0,0.53,66,0,0.00,18,0,0.00,0.00,0,0.00,0,0,0,0.00,0,4,0.00,27,2.11,58,N/A,N/A,N/A,N/A,0.00,0,0.00,0,1.01,0.00,0,88.72,14.29,31,99,0.00,0.00,0,24,24,0,0,0,0.33,0.53,1,90,20.96,1.33,2.11,4,1,0.00,0.53,0,0.33,0,0,0,0.00,0.00,0,0.00,0.00,0.00,0.00,0,0,14.29,52,0,0,48,30,0.33,70,0.11,0.17,1.01,96,0.34,0.53,99,4,1.33,2.11,3.16,2.00,99,6,0.53,95,91,76,82,0,59,73,0,0.00,99,2,0.00,1.05,11.58,7.33,22,14,98,93,7.37,4.67,63.64,0,0.00,99,0,0.00,0,0.00,99,0,0.00,0.00,34,1,48,38,0,0,0,0,0,76,92,57,98,0,99,7,23,23,0,0,23,21,0,0
Fredrik Pau Vilaseca Ardraa,19,1160204400,2006/10/07,First Division,2026,Midfielder,Strømsgodset,1343,719,624,Norway,20,10,10,5,3,2,4,1,3,0,0,6,3,3,22,10,12,3,1,0.6,0.27,0.34,0.38,0.29,269,1.47,61,67,448,336,0.2,55,59,-1,5,0,6.64,0.2,81,26.02,19.84,63,377,17.11,325,80,22.43,68,0.00,0.00,0.53,10,0.00,0.84,0.55,0.42,8,0.00,0.42,0.00,0.00,0.00,0.16,0.37,1.05,4.40,1.52,0.68,0.79,0.00,0.47,0.25,0.00,0.32,0.00,0.00,0,0,,22,1.16,86,9,0.62,87,13,0.90,88,2,3,17,99,0.00,99,0,3,0.21,21,16,94,1.10,71,0,0.00,99,0,0.00,0,0,0.00,0,0.69,77,15,1.04,82,7,0.48,46.67,0,0.00,0,0,0,0.00,0,20,0.00,68,1.38,14,N/A,N/A,N/A,N/A,0.00,0,0.00,0,4.68,0.00,0,86.21,40.91,66,99,0.00,0.00,0,71,30,0,0,0,0.16,0.21,3,67,126.21,0.21,0.28,4,0,0.00,0.00,99,0.00,0,0,0,0.00,0.00,0,0.00,0.00,0.00,0.00,0,0,22.73,65,53,84,60,68,3.38,86,0.18,0.23,4.68,84,0.25,0.32,79,12,0.63,0.83,0.83,0.63,77,12,0.32,81,68,21,82,0,59,36,0,0.00,99,6,0.00,0.41,8.97,6.84,130,51,71,81,3.52,2.68,39.23,8,0.55,18,0,56.25,0,0.00,99,9,0.47,0.62,86,67,69,57,0,1,0,5,0,80,82,80,81,0,99,85,53,73,2,10,50,16,0,0
Fredrik Sjatil,16,1268208000,2010/03/10,First Division,2026,Defender,Lyn,8,8,0,Norway,1,1,0,0,0,0,0,0,0,0,0,0,0,0,1,1,0,0,0,0,0,0,0,0,0,11.25,8,8,0,0,0,-1,-1,-1,9,0,6.22,0,36,11.25,1.00,20,1,1.00,1,99,11.25,28,0.00,0.00,0.00,0,0.00,0.00,0.00,0.00,0,0.00,0.00,0.00,0.00,0.00,1.00,0.00,2.00,0.00,11.25,0.00,1.00,0.00,1.00,0.13,0.00,0.00,0.00,0.00,0,0,,1,1.00,99,1,11.25,99,0,0.00,16,0,1,0,63,0.00,99,0,1,11.25,99,0,34,0.00,16,0,0.00,99,0,0.00,0,0,0.00,0,0.00,17,1,11.25,99,0,0.00,0.00,0,0.00,0,0,0,0.00,0,2,0.00,36,22.50,99,N/A,N/A,N/A,N/A,0.00,0,0.00,0,0.13,0.00,0,100.00,100.00,99,99,0.00,0.00,0,24,24,0,0,0,0.00,0.00,0,26,6.22,0.00,0.00,0,0,0.00,0.00,99,0.00,0,0,0,0.00,0.00,0,0.00,0.00,0.00,0.00,0,0,0.00,41,0,0,39,0,0.00,3,0.00,0.00,0.13,99,0.13,1.46,8,0,0.00,0.00,11.25,1.00,99,1,1.46,99,23,8,82,0,59,10,0,0.00,99,0,0.00,0.00,56.25,5.00,5,0,2,99,0.00,0.00,0.00,0,0.00,99,0,0.00,0,0.00,99,0,0.00,0.00,34,0,48,14,0,0,0,0,0,22,39,57,51,0,99,7,23,23,0,0,23,23,0,0
Gabriel Efe Christian Johnson,24,1027494000,2002/07/24,First Division,2026,Forward,Kongsvinger,122,122,0,Sweden,2,2,0,0,0,0,3,3,0,0,0,1,1,0,0,0,0,0,0,2.21,2.21,0,0,0,0,0,0,61,0,41,0,-1,-1,-1,20,0,7.08,1.5,99,11.16,7.50,19,15,5.50,11,24,8.18,20,0.00,0.00,1.00,2,0.00,0.00,0.00,0.00,0,0.00,0.00,0.00,0.00,0.00,1.00,0.00,0.00,0.00,0.74,0.00,0.00,0.00,0.50,0.06,0.00,0.50,0.00,0.00,0,0,,1,0.50,63,1,0.74,89,0,0.00,16,3,0,2,63,0.00,99,0,2,1.49,90,0,34,0.00,16,0,0.00,99,0,0.00,0,0,0.00,0,1.49,98,0,0.00,18,0,0.00,0.00,0,0.00,0,0,0,0.00,0,0,0.00,99,0.00,0,N/A,N/A,N/A,N/A,0.00,0,0.00,0,0.12,0.00,0,73.33,100.00,99,99,0.00,0.00,0,24,24,0,0,0,0.00,0.00,0,26,14.16,0.00,0.00,0,0,0.00,0.00,99,0.00,0,0,0,0.00,0.00,0,0.00,0.00,0.00,0.00,0,0,0.00,41,0,0,39,0,1.77,99,0.89,1.32,0.12,55,0.06,0.09,8,0,0.00,0.00,0.00,0.00,9,0,0.09,54,95,8,82,0,59,59,0,0.00,99,1,0.00,0.74,2.23,1.50,3,3,34,12,2.23,1.50,100.00,0,0.00,99,0,0.00,0,0.00,99,0,0.00,0.00,34,1,36,79,0,0,0,0,0,99,39,57,51,0,99,99,23,23,0,0,23,9,0,0
Gabriel Erik Vik-Buet,17,1221548400,2008/09/16,First Division,2026,Defender,Lyn,0,0,0,Norway,0,0,0,0,0,0,0,0,0,0,0,0,0,0,0,0,0,0,0,0,0,0,0,0,0,0,0,0,0,0,0,-1,-1,-1,-1,N/A,N/A,N/A,N/A,N/A,N/A,N/A,N/A,N/A,N/A,N/A,N/A,N/A,N/A,N/A,N/A,N/A,N/A,N/A,N/A,N/A,N/A,N/A,N/A,N/A,N/A,N/A,N/A,N/A,N/A,N/A,N/A,N/A,N/A,N/A,N/A,N/A,N/A,N/A,N/A,N/A,N/A,N/A,N/A,N/A,N/A,N/A,N/A,N/A,N/A,N/A,N/A,N/A,N/A,N/A,N/A,N/A,N/A,N/A,N/A,N/A,N/A,N/A,N/A,N/A,N/A,N/A,N/A,N/A,N/A,N/A,N/A,N/A,N/A,N/A,N/A,N/A,N/A,N/A,N/A,N/A,N/A,N/A,N/A,N/A,N/A,N/A,N/A,N/A,N/A,N/A,N/A,N/A,N/A,N/A,N/A,N/A,N/A,N/A,N/A,N/A,N/A,N/A,N/A,N/A,N/A,N/A,N/A,N/A,N/A,N/A,N/A,N/A,N/A,N/A,N/A,N/A,N/A,N/A,N/A,N/A,N/A,N/A,N/A,N/A,N/A,N/A,N/A,N/A,N/A,N/A,N/A,N/A,N/A,N/A,N/A,N/A,N/A,N/A,N/A,N/A,N/A,N/A,N/A,N/A,N/A,N/A,N/A,N/A,N/A,N/A,N/A,N/A,N/A,N/A,N/A,N/A,N/A,N/A,N/A,N/A,N/A,N/A,N/A,N/A,N/A,N/A,N/A,N/A,N/A,N/A,N/A,N/A,N/A,N/A,N/A,N/A,N/A,N/A,N/A,N/A,N/A,N/A,N/A,N/A,N/A,N/A,N/A,N/A,N/A,N/A,N/A,N/A,N/A,N/A,N/A,N/A,N/A,N/A,N/A,N/A,N/A,N/A,N/A,N/A,N/A,N/A,N/A,N/A,N/A,N/A,N/A,N/A,N/A,N/A,N/A,N/A,N/A,N/A,N/A,N/A,N/A,N/A,N/A
Gabriel Occéan,16,1254294000,2009/09/30,First Division,2026,Forward,Odd,0,0,0,Norway,0,0,0,0,0,0,0,0,0,0,0,0,0,0,0,0,0,0,0,0,0,0,0,0,0,0,0,0,0,0,0,-1,-1,-1,-1,N/A,N/A,N/A,N/A,N/A,N/A,N/A,N/A,N/A,N/A,N/A,N/A,N/A,N/A,N/A,N/A,N/A,N/A,N/A,N/A,N/A,N/A,N/A,N/A,N/A,N/A,N/A,N/A,N/A,N/A,N/A,N/A,N/A,N/A,N/A,N/A,N/A,N/A,N/A,N/A,N/A,N/A,N/A,N/A,N/A,N/A,N/A,N/A,N/A,N/A,N/A,N/A,N/A,N/A,N/A,N/A,N/A,N/A,N/A,N/A,N/A,N/A,N/A,N/A,N/A,N/A,N/A,N/A,N/A,N/A,N/A,N/A,N/A,N/A,N/A,N/A,N/A,N/A,N/A,N/A,N/A,N/A,N/A,N/A,N/A,N/A,N/A,N/A,N/A,N/A,N/A,N/A,N/A,N/A,N/A,N/A,N/A,N/A,N/A,N/A,N/A,N/A,N/A,N/A,N/A,N/A,N/A,N/A,N/A,N/A,N/A,N/A,N/A,N/A,N/A,N/A,N/A,N/A,N/A,N/A,N/A,N/A,N/A,N/A,N/A,N/A,N/A,N/A,N/A,N/A,N/A,N/A,N/A,N/A,N/A,N/A,N/A,N/A,N/A,N/A,N/A,N/A,N/A,N/A,N/A,N/A,N/A,N/A,N/A,N/A,N/A,N/A,N/A,N/A,N/A,N/A,N/A,N/A,N/A,N/A,N/A,N/A,N/A,N/A,N/A,N/A,N/A,N/A,N/A,N/A,N/A,N/A,N/A,N/A,N/A,N/A,N/A,N/A,N/A,N/A,N/A,N/A,N/A,N/A,N/A,N/A,N/A,N/A,N/A,N/A,N/A,N/A,N/A,N/A,N/A,N/A,N/A,N/A,N/A,N/A,N/A,N/A,N/A,N/A,N/A,N/A,N/A,N/A,N/A,N/A,N/A,N/A,N/A,N/A,N/A,N/A,N/A,N/A,N/A,N/A,N/A,N/A,N/A,N/A
Gabriel Ramsay,22,1073548800,2004/01/08,First Division,2026,Forward,Åsane,0,0,0,Norway,0,0,0,0,0,0,0,0,0,0,0,0,0,0,0,0,0,0,0,0,0,0,0,0,0,0,0,0,0,0,0,-1,-1,-1,-1,N/A,N/A,N/A,N/A,N/A,N/A,N/A,N/A,N/A,N/A,N/A,N/A,N/A,N/A,N/A,N/A,N/A,N/A,N/A,N/A,N/A,N/A,N/A,N/A,N/A,N/A,N/A,N/A,N/A,N/A,N/A,N/A,N/A,N/A,N/A,N/A,N/A,N/A,N/A,N/A,N/A,N/A,N/A,N/A,N/A,N/A,N/A,N/A,N/A,N/A,N/A,N/A,N/A,N/A,N/A,N/A,N/A,N/A,N/A,N/A,N/A,N/A,N/A,N/A,N/A,N/A,N/A,N/A,N/A,N/A,N/A,N/A,N/A,N/A,N/A,N/A,N/A,N/A,N/A,N/A,N/A,N/A,N/A,N/A,N/A,N/A,N/A,N/A,N/A,N/A,N/A,N/A,N/A,N/A,N/A,N/A,N/A,N/A,N/A,N/A,N/A,N/A,N/A,N/A,N/A,N/A,N/A,N/A,N/A,N/A,N/A,N/A,N/A,N/A,N/A,N/A,N/A,N/A,N/A,N/A,N/A,N/A,N/A,N/A,N/A,N/A,N/A,N/A,N/A,N/A,N/A,N/A,N/A,N/A,N/A,N/A,N/A,N/A,N/A,N/A,N/A,N/A,N/A,N/A,N/A,N/A,N/A,N/A,N/A,N/A,N/A,N/A,N/A,N/A,N/A,N/A,N/A,N/A,N/A,N/A,N/A,N/A,N/A,N/A,N/A,N/A,N/A,N/A,N/A,N/A,N/A,N/A,N/A,N/A,N/A,N/A,N/A,N/A,N/A,N/A,N/A,N/A,N/A,N/A,N/A,N/A,N/A,N/A,N/A,N/A,N/A,N/A,N/A,N/A,N/A,N/A,N/A,N/A,N/A,N/A,N/A,N/A,N/A,N/A,N/A,N/A,N/A,N/A,N/A,N/A,N/A,N/A,N/A,N/A,N/A,N/A,N/A,N/A,N/A,N/A,N/A,N/A,N/A,N/A
Gard Simenstad,27,923900400,1999/04/12,First Division,2026,Midfielder,Odd,447,180,267,Norway,5,2,3,0,0,0,2,0,2,0,0,0,0,0,13,2,11,1,0,0.4,0.4,0,0,0,0,2.62,34,89,447,224,0.2,199,25,-1,15,0,6.95,0.4,91,46.92,46.40,95,232,34.80,174,29,35.19,93,0.00,0.00,2.60,13,0.00,5.00,0.00,0.00,0,0.00,0.00,0.00,0.00,0.00,1.20,0.80,2.60,0.00,2.43,2.00,1.00,0.00,0.40,0.13,0.00,1.20,0.00,0.00,0,0,,12,2.40,97,2,0.40,73,10,2.02,99,2,0,5,63,0.00,99,0,6,1.21,84,25,82,5.06,99,0,0.00,99,0,0.00,0,0,0.00,0,2.63,99,5,1.01,80,4,0.81,80.00,0,0.00,0,0,0,0.00,0,13,0.00,6,2.63,81,N/A,N/A,N/A,N/A,0.00,0,0.00,0,0.63,0.00,0,75.00,16.67,32,99,0.00,0.00,0,86,71,0,0,0,0.00,0.00,0,26,34.76,3.60,3.64,18,0,0.00,0.00,99,0.00,0,0,1,0.20,0.20,0,0.00,0.00,0.00,0.00,0,0,0.00,41,4,1,39,6,2.02,99,0.40,0.41,0.63,65,0.13,0.13,98,9,1.80,1.82,1.62,1.60,99,8,0.13,64,90,93,99,0,59,79,0,0.00,99,6,0.00,1.21,14.56,14.40,72,44,99,97,8.90,8.80,61.11,0,0.00,99,0,48.00,0,0.00,99,12,2.40,2.43,99,10,36,57,0,0,0,0,0,68,39,57,51,0,99,7,52,73,1,20,86,20,0,0
Gjermund Åsen,35,674895600,1991/05/22,First Division,2026,Midfielder,Ranheim,325,166,159,Norway,5,3,2,0,0,0,3,3,0,0,0,0,0,0,8,6,2,0,0,0.83,0.83,0,0,0,0,2.22,41,65,0,108,0,190,2,-1,18,0,7.05,0.6,99,59.54,43.00,98,215,38.20,191,89,52.89,98,0.00,0.00,1.80,9,0.00,1.60,0.00,0.00,0,0.00,0.20,0.00,0.00,0.00,1.20,0.40,1.60,0.00,0.55,0.40,0.40,0.00,0.00,0.02,0.00,0.80,0.00,0.00,0,0,,2,0.40,52,0,0.00,29,2,0.55,69,2,1,4,63,0.00,99,0,6,1.66,95,8,95,2.22,92,0,0.00,99,0,0.00,0,0,0.00,0,2.49,99,2,0.55,64,2,0.55,100.00,0,0.00,0,0,0,0.00,0,8,0.00,20,2.22,65,N/A,N/A,N/A,N/A,0.00,0,0.00,0,0.11,0.00,0,88.84,0.00,29,99,0.00,0.00,0,73,99,0,0,0,0.40,0.55,2,91,35.24,0.60,0.83,3,0,0.00,0.00,99,0.00,0,0,0,0.00,0.00,0,0.00,0.00,0.00,0.00,0,0,0.00,41,0,1,39,22,2.57,99,0.51,0.71,0.11,32,0.02,0.03,93,5,1.00,1.38,0.55,0.40,57,2,0.03,32,94,46,82,0,59,75,0,0.00,99,4,0.00,1.11,6.09,4.40,22,13,71,51,3.60,2.60,59.09,1,0.28,43,0,62.50,0,0.00,99,5,1.00,1.38,99,6,48,57,0,0,0,0,0,92,39,57,51,0,99,7,23,23,0,0,23,23,0,0
Godwill Fabio Ambrose,20,1149058800,2006/05/31,First Division,2026,Defender,Odd,304,122,182,Norway,13,7,6,1,0,1,1,1,0,0,0,2,1,1,8,1,7,1,0,0.59,0.3,0.3,0,0.49,304,2.37,38,23,304,304,0.3,65,40,107,12,0,4.88,0.08,86,29.71,8.67,75,104,7.67,92,87,26.29,80,0.00,0.00,0.00,0,0.00,0.08,0.00,0.00,0,0.00,0.08,0.00,0.00,0.00,0.58,0.00,0.67,5.00,1.43,0.25,0.00,0.00,0.17,0.08,0.00,0.58,0.00,0.00,0,0,,5,0.42,85,2,0.57,85,3,0.86,87,1,11,2,63,0.00,99,0,7,2.00,98,1,34,0.29,35,0,0.00,99,0,0.00,0,0,0.00,0,0.00,17,0,0.00,18,0,0.00,0.00,0,0.00,0,0,0,0.00,0,8,0.00,12,2.29,68,N/A,N/A,N/A,N/A,0.00,0,0.00,0,0.99,0.00,0,88.46,40.00,65,99,0.00,0.00,0,24,24,0,0,0,0.00,0.00,0,26,58.58,0.92,3.14,11,0,0.00,0.00,99,0.00,0,0,0,0.00,0.00,0,0.00,0.00,0.00,0.00,0,0,20.00,60,0,24,61,13,0.81,86,0.07,0.23,0.99,81,0.08,0.28,8,0,0.00,0.00,1.71,0.50,99,6,0.28,78,2,89,82,0,59,94,0,0.00,99,7,0.00,2.00,7.43,2.17,26,12,69,66,3.43,1.00,46.15,1,0.29,41,0,0.00,0,0.00,99,0,0.00,0.00,34,1,96,38,0,0,0,0,0,79,79,90,51,0,99,47,36,88,1,8,39,17,0,0
Gottfrid Rapp,21,1124348400,2005/08/18,First Division,2026,Forward,Stabæk,291,148,143,Sweden,6,3,3,3,2,1,0,0,0,0,0,3,1,2,3,2,1,0,0,0.93,0,0.93,1.22,0.63,97,0.93,97,49,0,0,0,3,199,-1,8,0,7.02,0,36,47.17,25.33,95,152,22.00,132,82,40.97,96,0.00,0.00,1.17,7,0.00,1.83,0.00,0.00,0,0.00,0.67,0.00,0.00,0.00,0.17,1.67,0.50,2.33,2.17,0.50,3.00,0.00,0.67,0.40,0.00,0.50,0.00,0.00,0,0,,7,1.17,96,4,1.24,98,3,0.93,88,1,2,4,63,0.00,99,0,1,0.31,24,11,80,3.41,99,0,0.00,99,0,0.00,0,0,0.00,0,2.17,99,18,5.59,99,10,3.10,55.56,0,0.00,0,0,0,0.00,0,3,0.00,99,0.93,0,N/A,N/A,N/A,N/A,0.00,0,0.00,0,2.38,0.00,0,86.84,57.14,91,99,0.00,0.00,0,99,43,0,0,0,0.00,0.00,0,26,42.12,0.17,0.31,1,0,0.00,0.00,99,0.00,0,0,0,0.00,0.00,0,0.00,0.00,0.62,0.33,2,0,42.86,87,0,2,40,99,0.56,70,0.09,0.17,2.38,99,0.40,0.74,8,0,0.00,0.00,0.62,0.33,61,2,0.74,98,93,21,82,0,98,68,0,0.00,99,3,0.00,0.93,16.76,9.00,54,25,99,99,7.76,4.17,46.30,4,1.24,2,0,45.45,0,0.00,99,5,0.83,1.55,99,6,59,38,0,1,0,17,0,94,99,94,99,0,99,99,23,23,0,0,23,20,0,0
Gudmund Andresen,20,1150959600,2006/06/22,First Division,2026,Defender,Hødd,214,124,90,Norway,10,5,5,0,0,0,1,0,1,0,0,0,0,0,4,1,3,0,0,0.42,0.42,0,0,0,0,1.68,54,21,0,214,0,-1,-1,-1,19,0,5.69,0.1,92,43.04,13.75,93,110,12.25,98,90,38.35,95,0.00,0.00,0.00,0,0.00,0.00,0.00,0.00,0,0.00,0.00,0.00,0.00,0.00,0.50,0.00,1.00,0.00,0.78,0.25,0.00,0.00,0.00,0.01,0.00,0.38,0.00,0.00,0,0,,2,0.25,65,0,0.00,29,2,0.78,84,0,8,2,63,0.00,99,0,4,1.57,93,0,34,0.00,16,0,0.00,99,0,0.00,0,0,0.00,0,0.00,17,0,0.00,18,0,0.00,0.00,0,0.00,0,0,0,0.00,0,8,0.00,50,3.13,92,N/A,N/A,N/A,N/A,0.00,0,0.00,0,0.09,0.00,0,89.09,0.00,29,99,0.00,0.00,0,24,24,0,0,0,0.75,2.35,6,99,45.55,2.12,6.65,17,0,0.00,0.00,99,0.00,0,0,0,0.00,0.00,0,0.00,0.00,0.00,0.00,0,0,0.00,41,0,12,39,51,0.79,93,0.10,0.31,0.09,36,0.01,0.04,97,4,0.50,1.57,0.78,0.25,72,2,0.04,35,8,99,82,0,59,78,0,0.00,99,3,0.00,1.17,6.26,2.00,16,8,62,53,3.13,1.00,50.00,0,0.00,99,0,0.00,0,0.00,99,0,0.00,0.00,34,1,92,14,0,0,0,0,0,69,39,57,51,0,99,7,23,23,0,0,23,27,0,0
Gullbrandur í Horni Øregaard,24,1026975600,2002/07/18,First Division,2026,Defender,Sandnes Ulf,1282,577,705,Faroe Islands,15,7,8,1,1,0,0,0,0,0,0,3,2,1,23,11,12,8,0,0.07,0,0.07,0.16,0,1282,1.61,56,85,160,0,0.56,144,189,57,11,0,6.44,0,36,29.16,27.67,73,415,23.00,345,62,24.24,74,0.00,0.00,0.13,2,0.00,0.20,0.00,0.00,0,0.00,0.07,0.00,0.00,0.00,1.87,0.20,1.73,3.00,0.21,0.13,0.20,0.00,0.07,0.05,0.00,1.33,0.00,0.00,0,0,,3,0.20,30,1,0.07,38,2,0.14,28,3,0,15,63,0.00,99,0,28,1.97,98,3,34,0.21,30,0,0.00,99,0,0.00,0,0,0.00,0,0.14,29,3,0.21,41,3,0.21,100.00,0,0.00,0,0,0,0.00,0,26,0.00,55,1.83,44,N/A,N/A,N/A,N/A,0.00,0,0.00,0,0.79,0.00,0,83.13,33.33,56,99,0.00,0.00,0,50,99,0,0,0,0.20,0.21,3,67,96.56,3.13,3.30,47,0,0.00,0.00,99,0.00,0,0,0,0.00,0.00,0,0.00,0.00,0.00,0.00,0,0,33.33,80,49,33,90,56,0.71,24,0.05,0.05,0.79,46,0.05,0.06,68,10,0.67,0.70,0.49,0.47,53,7,0.06,45,45,91,82,0,59,86,0,0.00,99,20,0.00,1.41,5.06,4.80,72,40,54,39,2.81,2.67,55.56,1,0.07,70,0,0.00,0,0.00,99,0,0.00,0.00,34,53,36,79,0,0,0,0,0,31,50,57,63,0,99,59,24,99,8,53,99,5,0,0
Gustav Mendonca Wikheim,33,732441600,1993/03/18,First Division,2026,Forward,Strømsgodset,1062,556,506,Norway,20,10,10,2,2,0,4,2,2,0,0,6,3,3,13,6,7,2,0,0.51,0.34,0.17,0.32,0,531,1.1,82,53,531,266,0.17,90,30,-1,8,0,6.58,0.2,90,15.81,9.14,33,192,7.24,152,46,12.52,32,0.00,0.00,0.24,5,0.00,1.00,0.00,0.00,0,0.00,0.62,0.00,0.00,0.00,0.38,0.90,0.71,5.50,0.91,0.29,1.52,0.00,0.24,0.10,0.00,0.10,0.00,0.00,0,0,,11,0.52,70,5,0.41,74,6,0.49,64,6,9,11,63,0.00,99,0,8,0.66,53,21,71,1.73,86,0,0.00,99,0,0.00,0,0,0.00,0,0.41,58,32,2.63,97,19,1.56,59.38,0,0.00,0,0,0,0.00,0,15,0.00,96,1.24,6,N/A,N/A,N/A,N/A,0.00,0,0.00,0,2.09,0.00,0,79.17,45.45,77,99,0.00,0.00,0,96,46,0,0,0,0.05,0.08,1,38,138.11,0.14,0.25,3,0,0.00,0.00,99,0.00,0,0,0,0.00,0.00,0,0.00,0.00,0.16,0.10,2,0,18.18,55,40,84,70,96,2.71,82,0.13,0.22,2.09,72,0.10,0.17,98,23,1.10,1.89,0.58,0.33,59,7,0.17,71,61,20,82,0,81,20,0,0.00,99,2,0.00,0.16,12.27,7.10,149,69,93,94,5.68,3.29,46.31,13,1.07,3,0,38.10,0,0.00,99,8,0.38,0.66,88,38,94,97,0,0,0,0,0,74,70,57,77,0,99,85,62,63,1,5,30,80,0,0
Gustav Valsvik,33,738399600,1993/05/26,First Division,2026,Defender,Strømsgodset,1747,757,990,Norway,21,10,11,0,0,0,2,2,0,0,0,6,3,3,26,10,16,3,0,0.1,0.1,0,0,0,0,1.34,67,83,582,874,0.15,181,140,28,17,0,6.55,0.1,52,33.54,31.00,84,651,27.10,569,84,29.31,86,0.00,0.00,0.24,5,0.00,0.29,0.10,0.10,2,0.00,0.10,0.00,0.00,0.00,0.71,0.00,1.33,0.00,0.46,0.33,0.10,0.00,0.10,0.03,0.00,2.14,0.00,0.00,0,0,,9,0.43,48,2,0.10,42,7,0.36,54,3,2,19,80,0.00,99,0,15,0.77,61,6,38,0.31,37,0,0.00,99,0,0.00,0,0,0.00,0,0.26,42,2,0.10,28,0,0.00,0.00,0,0.00,0,0,0,0.00,0,28,0.00,78,1.44,18,N/A,N/A,N/A,N/A,0.00,0,0.00,0,0.71,0.00,0,87.40,22.22,40,99,0.00,0.00,0,24,24,0,0,0,0.33,0.36,7,84,137.59,2.76,2.99,58,0,0.00,0.00,99,0.00,0,0,1,0.05,0.05,0,0.00,0.00,0.00,0.00,0,0,0.00,41,87,99,39,78,2.51,59,0.12,0.13,0.71,36,0.03,0.04,50,9,0.43,0.46,0.62,0.57,61,12,0.04,35,56,87,88,0,59,96,0,0.00,99,45,0.00,2.32,5.87,5.43,114,77,79,48,3.97,3.67,67.54,2,0.10,66,0,16.67,0,0.00,99,1,0.05,0.05,35,84,59,79,0,0,0,0,0,33,39,57,51,0,99,81,68,56,3,14,67,71,0,0
Håkon Gangstad,24,1011513600,2002/01/20,First Division,2026,Defender,Ranheim,513,241,272,Norway,10,5,5,0,0,0,0,0,0,0,0,0,0,0,13,8,5,1,0,0,0,0,0,0,0,2.28,39,51,513,0,0.18,196,180,104,12,0,6.33,0,36,55.09,31.40,98,314,26.70,267,73,46.84,98,0.00,0.00,0.50,5,0.00,0.80,0.00,0.00,0,0.00,0.40,0.00,0.00,0.00,0.70,0.20,1.40,0.00,0.18,0.00,0.70,0.00,0.10,0.01,0.00,0.30,0.00,0.00,0,0,,1,0.10,27,1,0.18,56,0,0.00,16,2,2,8,63,0.00,99,0,7,1.23,84,8,50,1.40,77,0,0.00,99,0,0.00,0,0,0.00,0,0.88,86,7,1.23,87,2,0.35,28.57,0,0.00,0,0,0,0.00,0,14,0.00,16,2.46,76,N/A,N/A,N/A,N/A,0.00,0,0.00,0,0.14,0.00,0,85.03,100.00,99,99,0.00,0.00,0,64,25,0,0,0,0.10,0.18,1,62,63.30,1.50,2.63,15,0,0.00,0.00,99,0.00,0,0,0,0.00,0.00,0,0.00,0.00,0.00,0.00,0,0,0.00,41,9,12,39,16,0.66,55,0.07,0.12,0.14,28,0.01,0.02,22,1,0.10,0.18,1.23,0.70,93,7,0.02,28,30,83,82,0,59,43,0,0.00,99,3,0.00,0.53,9.82,5.60,56,24,82,86,4.21,2.40,42.86,4,0.70,11,0,25.00,0,0.00,99,2,0.20,0.35,71,25,59,57,0,0,0,0,0,22,39,57,51,0,99,7,61,66,1,10,50,24,0,0
Håkon Vold Krohg,19,1159513200,2006/09/29,First Division,2026,Midfielder,Moss,802,405,397,Norway,16,9,7,4,1,3,1,1,0,0,0,1,1,0,25,13,12,2,0,0.56,0.11,0.45,0.22,0.68,201,2.81,32,50,401,802,0.22,38,128,-1,4,0,6.62,0.06,55,23.77,12.00,57,216,8.94,161,27,17.71,53,0.00,0.00,0.17,3,0.00,0.33,0.11,0.06,1,0.00,0.39,0.00,0.00,0.00,0.83,0.28,1.44,3.75,1.65,0.39,0.39,0.00,0.44,0.20,0.00,0.44,0.00,0.00,0,0,,15,0.83,89,8,0.88,92,7,0.77,83,2,8,8,83,0.00,99,0,15,1.65,95,6,92,0.66,59,0,0.00,99,0,0.00,0,0,0.00,0,0.33,48,7,0.77,71,5,0.55,71.43,0,0.00,0,0,0,0.00,0,26,0.00,2,2.86,86,N/A,N/A,N/A,N/A,0.00,0,0.00,0,3.69,0.00,0,74.54,53.33,86,99,0.00,0.00,0,73,65,0,0,0,0.22,0.44,4,87,119.23,0.83,1.65,15,0,0.00,0.00,99,0.00,0,0,0,0.00,0.00,0,0.00,0.00,0.11,0.06,1,1,26.67,71,29,42,52,3,1.03,50,0.06,0.11,3.69,90,0.20,0.41,84,9,0.50,0.99,1.43,0.72,98,13,0.41,89,66,67,82,0,75,67,0,0.00,99,8,0.00,0.88,11.22,5.67,102,43,87,91,4.73,2.39,42.16,7,0.77,8,0,50.00,0,0.00,99,3,0.17,0.33,68,25,92,57,0,0,0,0,0,77,88,95,71,0,99,17,46,78,2,12,61,8,0,0
Halvard Kvamme Urnes,24,1026975600,2002/07/18,First Division,2026,Midfielder,Hødd,1526,670,856,Norway,21,10,11,0,0,0,0,0,0,0,0,2,1,1,29,11,18,3,0,0,0,0,0,0,0,1.71,53,73,509,0,0.18,281,266,-1,20,0,6.39,0,36,22.71,18.38,54,386,15.86,333,80,19.59,59,0.00,0.00,0.10,2,0.00,0.38,0.12,0.10,2,0.00,0.19,0.00,0.00,0.00,0.95,0.10,1.52,0.00,0.18,0.10,0.29,0.00,0.05,0.01,0.00,0.33,0.00,0.00,0,0,,3,0.14,27,1,0.06,35,2,0.12,26,3,5,16,86,0.00,99,0,20,1.18,83,8,50,0.47,49,0,0.00,99,0,0.00,0,0,0.00,0,0.12,27,6,0.35,51,2,0.12,33.33,0,0.00,0,0,0,0.00,0,32,0.00,48,1.88,47,N/A,N/A,N/A,N/A,0.00,0,0.00,0,0.21,0.00,0,86.27,33.33,56,99,0.00,0.00,0,38,28,0,0,0,0.10,0.12,2,48,134.10,1.62,2.00,34,0,0.00,0.00,99,0.00,0,0,0,0.00,0.00,0,0.00,0.00,0.12,0.10,2,0,0.00,41,68,99,39,50,0.70,19,0.03,0.04,0.21,23,0.01,0.01,73,13,0.62,0.76,1.06,0.86,88,18,0.01,23,39,74,82,0,76,36,0,0.00,99,7,0.00,0.41,8.35,6.76,142,58,69,76,3.41,2.76,40.85,4,0.24,46,0,25.00,0,0.00,99,2,0.10,0.12,48,61,80,79,0,0,0,0,0,22,39,57,51,0,99,29,60,66,3,14,67,6,0,0
Hans Christian Bonnesen,25,980496000,2001/01/26,First Division,2026,Defender,Odd,1666,900,766,Denmark,19,10,9,1,1,0,0,0,0,0,0,5,3,2,29,12,17,4,0,0.05,0,0.05,0.1,0,1666,1.57,57,88,417,0,0.22,159,257,50,9,0,6.12,0,36,31.78,31.00,82,620,27.90,558,95,28.60,85,0.00,0.00,0.05,1,0.00,0.10,0.15,0.15,3,0.00,0.05,0.00,0.00,0.00,0.85,0.00,1.45,2.50,0.26,0.15,0.00,0.00,0.10,0.08,0.00,1.60,0.00,0.00,0,0,,5,0.25,32,2,0.10,42,3,0.15,30,2,0,19,91,0.00,99,0,17,0.87,69,2,34,0.10,20,0,0.00,99,0,0.00,0,0,0.00,0,0.05,18,0,0.00,18,0,0.00,0.00,0,0.00,0,0,0,0.00,0,29,0.00,58,1.49,23,N/A,N/A,N/A,N/A,0.00,0,0.00,0,1.54,0.00,0,90.00,40.00,65,99,0.00,0.00,0,24,24,0,0,0,0.25,0.26,5,74,122.50,2.45,2.51,49,0,0.00,0.00,99,0.00,0,0,0,0.00,0.00,0,0.00,0.00,0.05,0.05,1,0,40.00,86,80,69,96,58,1.42,35,0.07,0.07,1.54,52,0.08,0.08,29,5,0.25,0.26,0.56,0.55,58,11,0.08,52,18,82,82,0,64,90,0,0.00,99,32,0.00,1.64,4.61,4.50,90,51,47,31,2.61,2.55,56.67,1,0.05,75,0,0.00,0,0.00,99,0,0.00,0.00,34,84,36,57,0,0,0,0,0,25,44,57,54,0,99,72,49,78,4,21,87,5,0,0
Harald Holter,30,824889600,1996/02/21,First Division,2026,Midfielder,Raufoss,630,270,360,Norway,7,3,4,0,0,0,1,0,1,0,0,0,0,0,26,6,20,1,0,0.14,0.14,0,0,0,0,3.71,24,90,630,630,0.14,202,113,-1,16,0,6.60,0.14,61,44.00,43.86,94,307,36.14,253,61,36.26,94,0.00,0.00,0.71,5,0.00,0.71,0.14,0.14,1,0.00,0.14,0.00,0.00,0.00,1.57,0.29,3.86,0.00,0.86,0.57,0.29,0.00,0.29,0.06,0.00,1.71,0.00,0.00,0,0,,6,0.86,68,2,0.29,68,4,0.57,72,0,0,7,90,0.00,99,0,11,1.58,93,5,34,0.72,62,0,0.00,99,0,0.00,0,0,0.00,0,0.72,79,2,0.29,47,2,0.29,100.00,0,0.00,0,0,0,0.00,0,27,0.00,1,3.87,97,N/A,N/A,N/A,N/A,0.00,0,0.00,0,0.44,0.00,0,82.41,33.33,56,99,0.00,0.00,0,60,99,0,0,0,0.71,0.72,5,96,46.17,3.29,3.30,23,0,0.00,0.00,99,0.00,0,0,0,0.00,0.00,0,0.00,0.00,0.00,0.00,0,0,0.00,41,17,5,39,1,0.63,43,0.09,0.09,0.44,46,0.06,0.06,99,15,2.14,2.15,2.29,2.29,99,16,0.06,45,64,91,82,0,59,91,0,0.00,99,12,0.00,1.72,13.04,13.00,91,54,99,96,7.74,7.71,59.34,1,0.14,59,0,0.00,0,0.00,99,0,0.00,0.00,34,21,36,14,0,0,0,0,0,42,39,57,51,0,99,7,73,52,1,14,67,8,0,0
Hassou Diaby Ndiaye,24,1002870000,2001/10/12,First Division,2026,Defender,Åsane,1676,820,856,Spain,20,10,10,1,1,0,2,2,0,0,0,3,3,0,37,14,23,4,0,0.16,0.11,0.05,0.11,0,1676,1.99,45,84,419,838,0.21,164,130,77,10,0,6.44,0.1,55,19.28,17.95,45,359,14.75,295,60,15.84,47,0.00,0.00,0.25,5,0.00,0.45,0.00,0.00,0,0.00,0.10,0.00,0.00,0.00,0.85,0.15,1.95,3.00,0.16,0.05,0.15,0.00,0.10,0.04,0.00,0.85,0.00,0.00,0,0,,3,0.15,24,2,0.11,44,1,0.05,18,2,1,19,63,0.00,99,0,17,0.91,72,9,98,0.48,50,0,0.00,99,0,0.00,0,0,0.00,0,0.27,45,3,0.16,35,3,0.16,100.00,0,0.00,0,0,0,0.00,0,39,0.00,36,2.09,57,N/A,N/A,N/A,N/A,0.00,0,0.00,0,0.90,0.00,0,82.17,66.67,96,99,0.00,0.00,0,45,99,0,0,0,0.65,0.70,13,96,128.87,3.10,3.33,62,0,0.00,0.00,99,0.00,0,0,0,0.00,0.00,0,0.00,0.00,0.05,0.05,1,0,33.33,80,81,84,97,36,1.96,50,0.10,0.11,0.90,41,0.04,0.05,25,4,0.20,0.21,0.27,0.25,26,5,0.05,41,45,91,82,0,64,68,0,0.00,99,17,0.00,0.91,4.51,4.20,84,41,32,29,2.20,2.05,48.81,2,0.11,65,0,77.78,0,0.00,99,7,0.35,0.38,72,84,48,57,0,0,0,0,0,46,44,57,58,0,99,47,49,75,4,20,86,4,0,0
Håvard Vatland Karlsen,24,1017388800,2002/03/29,First Division,2026,Forward,Raufoss,407,177,230,Norway,11,6,5,0,0,0,0,0,0,0,0,1,0,1,17,4,13,0,0,0,0,0,0,0,0,3.76,24,37,0,0,0,216,205,-1,13,0,5.27,0,36,15.44,5.91,32,65,4.82,53,57,12.59,34,0.00,0.00,0.27,3,0.00,0.00,0.00,0.00,0,0.00,0.18,0.00,0.00,0.00,0.27,0.09,1.27,0.00,1.66,0.45,0.18,0.00,0.18,0.04,0.00,0.91,0.00,0.00,0,0,,7,0.64,89,2,0.47,77,5,1.19,95,2,7,4,63,0.00,99,0,3,0.71,57,0,34,0.00,16,0,0.00,99,0,0.00,0,0,0.00,0,0.71,78,2,0.47,61,1,0.24,50.00,0,0.00,0,0,0,0.00,0,14,0.00,0,3.32,95,N/A,N/A,N/A,N/A,0.00,0,0.00,0,0.46,0.00,0,81.54,28.57,46,99,0.00,0.00,0,54,40,0,0,0,0.09,0.24,1,71,57.93,0.55,1.42,6,0,0.00,0.00,99,0.00,0,0,0,0.00,0.00,0,0.00,0.00,0.71,0.27,3,0,0.00,41,3,17,39,1,0.25,32,0.02,0.06,0.46,61,0.04,0.11,70,3,0.27,0.71,0.95,0.36,83,4,0.11,60,5,63,82,0,99,96,0,0.00,99,10,0.00,2.37,14.96,5.73,63,24,93,98,5.70,2.18,38.10,2,0.47,26,0,0.00,0,0.00,99,0,0.00,0.00,34,6,88,57,0,0,0,0,0,22,39,57,51,0,99,24,23,23,0,0,23,17,0,0
Henri Sørlie,19,1175670000,2007/04/04,First Division,2026,Goalkeeper,Stabæk,0,0,0,Norway,0,0,0,0,0,0,0,0,0,0,0,0,0,0,0,0,0,0,0,0,0,0,0,0,0,0,0,0,0,0,0,-1,-1,-1,-1,N/A,N/A,N/A,N/A,N/A,N/A,N/A,N/A,N/A,N/A,N/A,N/A,N/A,N/A,N/A,N/A,N/A,N/A,N/A,N/A,N/A,N/A,N/A,N/A,N/A,N/A,N/A,N/A,N/A,N/A,N/A,N/A,N/A,N/A,N/A,N/A,N/A,N/A,N/A,N/A,N/A,N/A,N/A,N/A,N/A,N/A,N/A,N/A,N/A,N/A,N/A,N/A,N/A,N/A,N/A,N/A,N/A,N/A,N/A,N/A,N/A,N/A,N/A,N/A,N/A,N/A,N/A,N/A,N/A,N/A,N/A,N/A,N/A,N/A,N/A,N/A,N/A,N/A,N/A,N/A,N/A,N/A,N/A,N/A,N/A,N/A,N/A,N/A,N/A,N/A,N/A,N/A,N/A,N/A,N/A,N/A,N/A,N/A,N/A,N/A,N/A,N/A,N/A,N/A,N/A,N/A,N/A,N/A,N/A,N/A,N/A,N/A,N/A,N/A,N/A,N/A,N/A,N/A,N/A,N/A,N/A,N/A,N/A,N/A,N/A,N/A,N/A,N/A,N/A,N/A,N/A,N/A,N/A,N/A,N/A,N/A,N/A,N/A,N/A,N/A,N/A,N/A,N/A,N/A,N/A,N/A,N/A,N/A,N/A,N/A,N/A,N/A,N/A,N/A,N/A,N/A,N/A,N/A,N/A,N/A,N/A,N/A,N/A,N/A,N/A,N/A,N/A,N/A,N/A,N/A,N/A,N/A,N/A,N/A,N/A,N/A,N/A,N/A,N/A,N/A,N/A,N/A,N/A,N/A,N/A,N/A,N/A,N/A,N/A,N/A,N/A,N/A,N/A,N/A,N/A,N/A,N/A,N/A,N/A,N/A,N/A,N/A,N/A,N/A,N/A,N/A,N/A,N/A,N/A,N/A,N/A,N/A,N/A,N/A,N/A,N/A,N/A,N/A,N/A,N/A,N/A,N/A,N/A,N/A
Henrik Loholt Kristiansen,27,915436800,1999/01/04,First Division,2026,Midfielder,Strømmen,139,93,46,Norway,4,2,2,0,0,0,0,0,0,0,0,0,0,0,1,0,1,0,0,0,0,0,0,0,0,0.65,139,35,0,0,0,-1,-1,-1,13,0,6.50,0,36,49.57,19.00,97,76,15.25,61,51,39.78,95,0.00,0.00,0.75,3,0.00,1.00,0.00,0.00,0,0.00,0.00,0.00,0.00,0.00,0.00,0.00,0.25,0.00,0.00,0.00,0.25,0.00,0.00,0.00,0.00,0.00,0.00,0.00,0,0,,0,0.00,14,0,0.00,29,0,0.00,16,3,2,2,63,0.00,99,0,0,0.00,6,4,34,2.61,96,0,0.00,99,0,0.00,0,0,0.00,0,1.96,99,1,0.65,67,0,0.00,0.00,0,0.00,0,0,0,0.00,0,1,0.00,99,0.65,0,N/A,N/A,N/A,N/A,0.00,0,0.00,0,0.00,0.00,0,80.26,0.00,29,99,0.00,0.00,0,24,24,0,0,0,0.00,0.00,0,26,25.99,0.25,0.65,1,0,0.00,0.00,99,0.00,0,0,0,0.00,0.00,0,0.00,0.00,0.00,0.00,0,0,0.00,41,0,0,39,99,0.28,72,0.07,0.18,0.00,15,0.00,0.00,93,2,0.50,1.30,1.30,0.50,95,2,0.00,15,52,41,82,0,59,10,0,0.00,99,0,0.00,0.00,6.52,2.50,10,5,64,54,3.26,1.25,50.00,0,0.00,99,0,0.00,0,0.00,99,0,0.00,0.00,34,1,59,79,0,0,0,0,0,22,39,57,51,0,99,7,23,23,0,0,23,7,0,0
Herman Geelmuyden,24,1011686400,2002/01/22,First Division,2026,Midfielder,Åsane,324,126,198,Norway,12,6,6,2,1,1,1,1,0,0,0,1,1,0,11,4,7,0,0,0.83,0.28,0.56,0.71,0.45,162,3.06,29,27,0,324,0,24,49,-1,6,0,6.61,0.08,83,13.02,4.83,25,58,3.42,41,15,9.20,22,0.00,0.00,0.25,3,0.00,0.42,0.00,0.00,0,0.00,0.33,0.00,0.00,0.00,0.33,0.25,1.08,4.00,1.80,0.25,0.50,0.00,0.42,0.16,0.00,0.25,0.00,0.00,0,0,,8,0.67,92,5,1.12,98,3,0.67,77,3,7,3,63,0.00,99,0,4,0.90,71,5,76,1.12,73,0,0.00,99,0,0.00,0,0,0.00,0,0.67,76,6,1.35,90,3,0.67,50.00,0,0.00,0,0,0,0.00,0,13,0.00,1,2.92,88,N/A,N/A,N/A,N/A,0.00,0,0.00,0,1.96,0.00,0,70.69,62.50,93,99,0.00,0.00,0,80,40,0,1,0,0.00,0.00,0,26,79.30,0.08,0.22,1,0,0.00,0.00,99,0.00,0,1,0,0.00,0.00,0,0.00,0.00,0.45,0.17,2,1,25.00,71,0,20,47,1,0.76,70,0.06,0.17,1.26,81,0.10,0.28,89,5,0.42,1.12,0.45,0.17,48,2,0.44,91,66,18,82,0,93,54,0,0.00,99,3,0.00,0.67,7.63,2.83,34,15,68,69,3.37,1.25,44.12,4,0.90,4,0,40.00,0,0.00,99,2,0.17,0.45,76,2,88,79,0,0,0,0,0,92,93,89,93,0,99,22,23,23,0,0,23,7,0,0
Herman Kleppa,29,842943600,1996/09/17,First Division,2026,Defender,Egersund,867,464,403,Norway,19,11,8,1,1,0,1,0,1,0,0,7,5,2,16,9,7,3,0,0.21,0.1,0.1,0.19,0,867,1.66,54,46,289,867,0.31,131,142,60,11,0,5.46,0.05,52,27.01,12.37,66,235,9.47,180,34,20.69,62,0.00,0.00,0.16,3,0.00,1.05,0.00,0.00,0,0.00,0.11,0.00,0.00,0.00,0.47,0.11,1.05,2.00,0.23,0.05,0.11,0.00,0.05,0.04,0.00,0.47,0.00,0.00,0,0,,2,0.11,31,1,0.11,44,1,0.11,25,4,9,10,63,0.00,99,0,9,1.03,78,20,36,2.30,94,0,0.00,99,0,0.00,0,0,0.00,0,0.34,49,2,0.23,43,2,0.23,100.00,0,0.00,0,0,0,0.00,0,20,0.00,51,2.30,69,N/A,N/A,N/A,N/A,0.00,0,0.00,0,0.74,0.00,0,76.60,50.00,86,99,0.00,0.00,0,52,99,0,0,0,0.11,0.23,2,70,103.66,0.84,1.84,16,0,0.00,0.00,99,0.00,0,0,0,0.00,0.00,0,0.00,0.00,0.11,0.05,1,0,50.00,92,32,69,85,51,1.07,55,0.06,0.12,0.74,55,0.04,0.09,56,5,0.26,0.57,0.34,0.16,35,3,0.09,54,5,71,82,0,75,72,0,0.00,99,9,0.00,1.03,7.59,3.47,66,34,78,69,3.91,1.79,51.52,2,0.23,48,0,15.00,0,0.00,99,3,0.16,0.34,69,33,94,89,0,0,0,0,0,54,54,57,66,0,99,93,35,90,3,16,74,2,0,0
Herman Solberg Nilsen,27,925455600,1999/04/30,First Division,2026,Defender,Lyn,1710,900,810,Norway,19,10,9,2,1,1,7,3,4,0,0,3,1,2,36,19,17,1,0,0.47,0.37,0.11,0.1,0.11,855,1.89,48,90,1710,244,0.05,128,27,74,5,0,6.63,0.37,90,31.16,31.16,81,592,25.53,485,59,25.53,78,0.00,0.00,0.79,15,0.00,2.16,0.00,0.00,0,0.00,0.16,0.00,0.00,0.00,0.89,0.79,2.11,4.00,0.42,0.21,1.11,0.00,0.21,0.10,0.00,0.42,0.00,0.00,0,0,,8,0.42,46,4,0.21,60,4,0.21,36,0,0,19,63,0.00,99,0,17,0.89,70,41,69,2.16,91,0,0.00,99,0,0.00,0,0,0.00,0,0.79,83,21,1.11,84,15,0.79,71.43,0,0.00,0,0,0,0.00,0,40,0.00,39,2.11,58,N/A,N/A,N/A,N/A,0.00,0,0.00,0,1.88,0.00,0,81.93,50.00,86,99,0.00,0.00,0,85,65,0,0,0,0.16,0.16,3,57,125.99,1.53,1.53,29,0,0.00,0.00,99,0.00,0,0,1,0.05,0.05,0,0.00,0.00,0.11,0.11,2,0,25.00,71,85,69,85,41,5.66,92,0.30,0.30,1.88,57,0.10,0.10,53,10,0.53,0.53,0.53,0.53,55,10,0.10,57,67,66,88,0,75,38,0,0.00,99,8,0.00,0.42,7.42,7.42,141,66,70,66,3.47,3.47,46.81,3,0.16,56,0,36.59,0,0.00,99,15,0.79,0.79,93,84,36,14,0,0,0,0,0,72,58,62,54,0,99,50,98,25,1,5,30,18,0,0
Herman Stengel,31,809420400,1995/08/26,First Division,2026,Midfielder,Strømsgodset,1886,896,990,Norway,21,10,11,7,3,4,7,2,5,0,0,6,3,3,28,12,16,3,0,0.67,0.33,0.33,0.3,0.36,269,1.34,67,90,629,269,0.14,60,33,-1,3,0,6.85,0.33,89,23.57,23.52,57,494,19.95,419,73,19.99,60,0.00,0.00,1.43,30,0.00,1.00,0.10,0.10,2,0.00,0.33,0.00,0.00,0.00,0.48,0.33,1.43,5.29,1.77,1.24,0.48,0.00,0.52,0.32,0.00,0.14,0.00,0.00,0,0,,37,1.76,92,11,0.52,80,26,1.24,96,3,0,21,80,0.00,99,0,10,0.48,36,21,82,1.00,69,0,0.00,99,0,0.00,0,0,0.00,0,1.43,98,10,0.48,61,7,0.33,70.00,0,0.00,0,0,0,0.00,0,30,0.00,78,1.43,17,N/A,N/A,N/A,N/A,0.00,0,0.00,0,6.75,0.00,0,84.82,29.73,46,99,0.00,0.00,0,62,61,3,1,0,0.00,0.00,0,26,143.76,0.43,0.43,9,1,0.00,0.05,8,0.05,0,4,3,0.14,0.14,0,0.00,0.00,0.10,0.10,2,0,18.92,56,97,99,60,78,6.21,92,0.30,0.30,3.95,73,0.19,0.19,23,4,0.19,0.19,0.43,0.43,48,9,0.32,81,84,28,97,0,73,18,0,0.00,99,3,0.00,0.14,4.34,4.33,91,27,18,27,1.29,1.29,29.67,7,0.33,39,0,47.62,0,0.00,99,10,0.48,0.48,80,99,36,79,0,1,0,5,0,85,80,85,76,0,99,81,72,52,3,14,67,10,0,0
Herman Øen Paulsrud,20,1155106800,2006/08/09,First Division,2026,Defender,Strømmen,764,347,417,Norway,10,5,5,0,0,0,0,0,0,0,0,1,1,0,19,9,10,0,0,0,0,0,0,0,0,2.24,40,76,0,0,0,225,249,102,19,0,6.75,0,36,7.58,6.33,8,57,5.44,49,77,6.51,13,0.00,0.00,0.00,0,0.00,0.33,0.00,0.00,0,0.00,0.11,0.00,0.00,0.00,0.22,0.00,2.33,0.00,0.00,0.00,0.11,0.00,0.00,0.00,0.00,0.33,0.00,0.00,0,0,,0,0.00,14,0,0.00,29,0,0.00,16,2,0,10,63,0.00,99,0,2,0.27,23,3,64,0.40,44,0,0.00,99,0,0.00,0,0,0.00,0,0.00,17,1,0.13,32,0,0.00,0.00,0,0.00,0,0,0,0.00,0,21,0.00,18,2.79,84,N/A,N/A,N/A,N/A,0.00,0,0.00,0,0.00,0.00,0,85.96,0.00,29,99,0.00,0.00,0,24,24,0,0,0,0.00,0.00,0,26,60.75,0.44,0.53,4,0,0.00,0.00,99,0.00,0,0,0,0.00,0.00,0,0.00,0.00,0.00,0.00,0,0,0.00,41,27,12,39,19,0.11,5,0.01,0.01,0.00,15,0.00,0.00,16,1,0.11,0.13,0.13,0.11,14,1,0.00,15,77,34,82,0,59,36,0,0.00,99,3,0.00,0.40,2.92,2.44,22,5,11,15,0.66,0.56,22.73,1,0.13,62,0,33.33,0,0.00,99,1,0.11,0.13,51,33,36,57,0,0,0,0,0,22,39,57,51,0,99,29,23,23,0,0,23,15,0,0
Hinrik Harðarson,22,1087628400,2004/06/19,First Division,2026,Forward,Egersund,394,189,205,Iceland,17,8,9,4,1,3,0,0,0,0,0,4,2,2,5,3,2,2,0,0.91,0,0.91,0.48,1.32,99,1.14,79,23,197,0,0.46,5,259,-1,4,0,5.12,0,36,17.00,4.41,36,75,3.06,52,11,11.79,30,0.00,0.00,0.12,2,0.00,0.24,0.00,0.00,0,0.00,0.06,0.00,0.00,0.00,0.06,0.29,0.41,2.00,1.81,0.06,0.53,0.00,0.41,0.20,0.00,0.47,0.00,0.00,0,0,,8,0.47,93,7,1.59,99,1,0.23,40,1,15,2,63,0.00,99,0,1,0.23,21,4,34,0.91,66,0,0.00,99,0,0.00,0,0,0.00,0,0.45,61,9,2.04,95,5,1.13,55.56,0,0.00,0,0,0,0.00,0,7,0.00,93,1.59,29,N/A,N/A,N/A,N/A,0.00,0,0.00,0,3.34,0.00,0,69.33,87.50,98,99,0.00,0.00,0,92,43,1,0,0,0.00,0.00,0,26,87.00,0.29,1.13,5,0,0.00,0.00,99,0.00,0,1,0,0.00,0.00,0,0.00,0.00,0.00,0.00,0,0,50.00,92,2,47,41,93,0.21,24,0.01,0.05,2.64,97,0.16,0.60,49,2,0.12,0.45,1.13,0.29,91,5,0.76,99,3,57,82,0,59,92,0,0.00,99,8,0.00,1.81,11.56,3.00,51,22,89,93,4.99,1.29,43.14,1,0.23,48,0,0.00,0,0.00,99,0,0.00,0.00,34,1,99,38,0,0,0,0,0,94,99,99,86,0,99,65,27,97,2,12,61,20,0,0
Horenus Taddese,28,895820400,1998/05/22,First Division,2026,Midfielder,Egersund,1396,745,651,Norway,19,10,9,0,0,0,1,0,1,0,0,6,4,2,26,8,18,0,0,0.06,0.06,0,0,0,0,1.68,54,73,0,1396,0,234,155,-1,24,0,6.68,0.05,45,17.39,14.06,40,253,11.39,205,55,14.09,42,0.00,0.00,0.11,2,0.00,0.33,0.07,0.06,1,0.00,0.39,0.00,0.00,0.00,0.83,0.11,1.50,0.00,0.14,0.11,0.33,0.00,0.00,0.01,0.00,0.61,0.00,0.00,0,0,,2,0.11,23,0,0.00,29,2,0.14,28,2,2,17,77,0.00,99,0,15,1.03,78,6,38,0.41,44,0,0.00,99,0,0.00,0,0,0.00,0,0.14,29,6,0.41,57,2,0.14,33.33,0,0.00,0,0,0,0.00,0,27,0.00,50,1.86,45,N/A,N/A,N/A,N/A,0.00,0,0.00,0,0.11,0.00,0,81.03,0.00,29,99,0.00,0.00,0,41,28,0,0,0,0.06,0.07,1,36,120.30,0.67,0.83,12,0,0.00,0.00,99,0.00,0,0,0,0.00,0.00,0,0.00,0.00,0.07,0.06,1,0,0.00,41,57,69,39,51,1.08,35,0.06,0.07,0.11,23,0.01,0.01,73,11,0.61,0.76,0.55,0.44,57,8,0.01,23,72,46,82,0,70,60,0,0.00,99,11,0.00,0.76,6.74,5.44,98,42,55,57,2.89,2.33,42.86,7,0.48,25,0,16.67,0,0.00,99,1,0.06,0.07,39,67,59,57,0,0,0,0,0,28,39,57,51,0,99,88,23,23,0,0,23,22,0,0
Ibrahima Diallo,18,1189666800,2007/09/13,First Division,2026,Defender,Egersund,0,0,0,Senegal,0,0,0,0,0,0,0,0,0,0,0,0,0,0,0,0,0,0,0,0,0,0,0,0,0,0,0,0,0,0,0,-1,-1,-1,-1,N/A,N/A,N/A,N/A,N/A,N/A,N/A,N/A,N/A,N/A,N/A,N/A,N/A,N/A,N/A,N/A,N/A,N/A,N/A,N/A,N/A,N/A,N/A,N/A,N/A,N/A,N/A,N/A,N/A,N/A,N/A,N/A,N/A,N/A,N/A,N/A,N/A,N/A,N/A,N/A,N/A,N/A,N/A,N/A,N/A,N/A,N/A,N/A,N/A,N/A,N/A,N/A,N/A,N/A,N/A,N/A,N/A,N/A,N/A,N/A,N/A,N/A,N/A,N/A,N/A,N/A,N/A,N/A,N/A,N/A,N/A,N/A,N/A,N/A,N/A,N/A,N/A,N/A,N/A,N/A,N/A,N/A,N/A,N/A,N/A,N/A,N/A,N/A,N/A,N/A,N/A,N/A,N/A,N/A,N/A,N/A,N/A,N/A,N/A,N/A,N/A,N/A,N/A,N/A,N/A,N/A,N/A,N/A,N/A,N/A,N/A,N/A,N/A,N/A,N/A,N/A,N/A,N/A,N/A,N/A,N/A,N/A,N/A,N/A,N/A,N/A,N/A,N/A,N/A,N/A,N/A,N/A,N/A,N/A,N/A,N/A,N/A,N/A,N/A,N/A,N/A,N/A,N/A,N/A,N/A,N/A,N/A,N/A,N/A,N/A,N/A,N/A,N/A,N/A,N/A,N/A,N/A,N/A,N/A,N/A,N/A,N/A,N/A,N/A,N/A,N/A,N/A,N/A,N/A,N/A,N/A,N/A,N/A,N/A,N/A,N/A,N/A,N/A,N/A,N/A,N/A,N/A,N/A,N/A,N/A,N/A,N/A,N/A,N/A,N/A,N/A,N/A,N/A,N/A,N/A,N/A,N/A,N/A,N/A,N/A,N/A,N/A,N/A,N/A,N/A,N/A,N/A,N/A,N/A,N/A,N/A,N/A,N/A,N/A,N/A,N/A,N/A,N/A,N/A,N/A,N/A,N/A,N/A,N/A
Idar Lysgard,31,780476400,1994/09/25,First Division,2026,Goalkeeper,Odd,0,0,0,Norway,0,0,0,0,0,0,0,0,0,0,0,0,0,0,0,0,0,0,0,0,0,0,0,0,0,0,0,0,0,0,0,-1,-1,-1,-1,N/A,N/A,N/A,N/A,N/A,N/A,N/A,N/A,N/A,N/A,N/A,N/A,N/A,N/A,N/A,N/A,N/A,N/A,N/A,N/A,N/A,N/A,N/A,N/A,N/A,N/A,N/A,N/A,N/A,N/A,N/A,N/A,N/A,N/A,N/A,N/A,N/A,N/A,N/A,N/A,N/A,N/A,N/A,N/A,N/A,N/A,N/A,N/A,N/A,N/A,N/A,N/A,N/A,N/A,N/A,N/A,N/A,N/A,N/A,N/A,N/A,N/A,N/A,N/A,N/A,N/A,N/A,N/A,N/A,N/A,N/A,N/A,N/A,N/A,N/A,N/A,N/A,N/A,N/A,N/A,N/A,N/A,N/A,N/A,N/A,N/A,N/A,N/A,N/A,N/A,N/A,N/A,N/A,N/A,N/A,N/A,N/A,N/A,N/A,N/A,N/A,N/A,N/A,N/A,N/A,N/A,N/A,N/A,N/A,N/A,N/A,N/A,N/A,N/A,N/A,N/A,N/A,N/A,N/A,N/A,N/A,N/A,N/A,N/A,N/A,N/A,N/A,N/A,N/A,N/A,N/A,N/A,N/A,N/A,N/A,N/A,N/A,N/A,N/A,N/A,N/A,N/A,N/A,N/A,N/A,N/A,N/A,N/A,N/A,N/A,N/A,N/A,N/A,N/A,N/A,N/A,N/A,N/A,N/A,N/A,N/A,N/A,N/A,N/A,N/A,N/A,N/A,N/A,N/A,N/A,N/A,N/A,N/A,N/A,N/A,N/A,N/A,N/A,N/A,N/A,N/A,N/A,N/A,N/A,N/A,N/A,N/A,N/A,N/A,N/A,N/A,N/A,N/A,N/A,N/A,N/A,N/A,N/A,N/A,N/A,N/A,N/A,N/A,N/A,N/A,N/A,N/A,N/A,N/A,N/A,N/A,N/A,N/A,N/A,N/A,N/A,N/A,N/A,N/A,N/A,N/A,N/A,N/A,N/A
Igor Fabian Gosik,18,1202371200,2008/02/07,First Division,2026,Forward,Strømsgodset,5,0,5,Norway,1,0,1,0,0,0,0,0,0,0,0,1,0,1,0,0,0,0,0,0,0,0,0,0,0,0,0,5,0,0,0,-1,-1,-1,23,0,0.00,0,36,0.00,0.00,2,0,0.00,0,2,0.00,2,0.00,0.00,0.00,0,0.00,0.00,0.00,0.00,0,0.00,0.00,0.00,0.00,0.00,0.00,0.00,0.00,0.00,0.00,0.00,0.00,0.00,0.00,0.00,0.00,0.00,0.00,0.00,0,0,,0,0.00,14,0,0.00,29,0,0.00,16,0,1,0,63,0.00,99,0,0,0.00,6,0,34,0.00,16,0,0.00,99,0,0.00,0,0,0.00,0,0.00,17,0,0.00,18,0,0.00,0.00,0,0.00,0,0,0,0.00,0,0,0.00,99,0.00,0,N/A,N/A,N/A,N/A,0.00,0,0.00,0,0.00,0.00,0,0.00,0.00,29,99,0.00,0.00,0,24,24,0,0,0,0.00,0.00,0,26,0.00,0.00,0.00,0,0,0.00,0.00,99,0.00,0,0,0,0.00,0.00,0,0.00,0.00,0.00,0.00,0,0,0.00,41,0,0,39,0,0.00,3,0.00,0.00,0.00,15,0.00,0.00,8,0,0.00,0.00,0.00,0.00,9,0,0.00,15,0,8,82,0,59,10,0,0.00,99,0,0.00,0.00,0.00,0.00,0,0,2,2,0.00,0.00,0.00,0,0.00,99,0,0.00,0,0.00,99,0,0.00,0.00,34,0,48,14,0,0,0,0,0,22,39,57,51,0,99,99,23,23,0,0,23,27,0,0
Isaac Emmanuel Barnett,20,1145602800,2006/04/21,First Division,2026,Defender,Lyn,278,241,37,Norway,11,6,5,0,0,0,0,0,0,0,0,1,1,0,14,9,5,1,0,0,0,0,0,0,0,4.53,20,25,278,0,0.32,266,244,123,18,0,4.39,0,36,23.06,6.55,55,72,5.36,59,59,18.90,56,0.00,0.00,0.18,2,0.00,0.55,0.00,0.00,0,0.00,0.09,0.00,0.00,0.00,0.18,0.09,1.55,0.00,0.32,0.09,0.27,0.00,0.00,0.00,0.00,0.09,0.00,0.00,0,0,,1,0.09,37,0,0.00,29,1,0.32,48,0,9,2,63,0.00,99,0,2,0.64,51,6,96,1.92,88,0,0.00,99,0,0.00,0,0,0.00,0,0.64,75,3,0.96,78,1,0.32,33.33,0,0.00,0,0,0,0.00,0,17,0.00,0,5.44,99,N/A,N/A,N/A,N/A,0.00,0,0.00,0,0.05,0.00,0,81.94,0.00,29,99,0.00,0.00,0,62,28,0,0,0,0.00,0.00,0,26,48.30,0.82,2.88,9,0,0.00,0.00,99,0.00,0,0,0,0.00,0.00,0,0.00,0.00,0.00,0.00,0,0,0.00,41,0,17,39,0,0.19,32,0.02,0.06,0.05,28,0.00,0.02,62,2,0.18,0.64,0.96,0.27,84,3,0.02,28,0,86,82,0,59,30,0,0.00,99,1,0.00,0.32,12.81,3.64,40,8,45,95,2.56,0.73,20.00,1,0.32,40,0,66.67,0,0.00,99,4,0.36,1.28,99,1,94,14,0,0,0,0,0,22,39,57,51,0,99,24,34,90,1,9,41,27,0,0
Isak Gabriel Skotheim,25,986799600,2001/04/09,First Division,2026,Forward,Hødd,1677,867,810,Norway,19,10,9,9,6,3,3,1,2,0,0,2,1,1,29,12,17,3,0,0.64,0.16,0.48,0.62,0.33,186,1.56,58,88,559,559,0.16,35,102,-1,1,0,6.87,0.16,66,18.58,18.21,43,346,13.79,262,31,14.07,42,0.00,0.00,0.74,14,0.00,0.53,0.05,0.05,1,0.00,0.63,0.00,0.00,0.00,0.63,0.95,1.74,2.00,0.97,0.42,1.32,0.00,0.53,0.36,0.00,0.05,0.00,0.00,0,0,,18,0.95,72,10,0.54,82,8,0.43,61,2,0,19,69,0.00,99,0,12,0.64,51,10,56,0.54,53,0,0.00,99,0,0.00,0,0,0.00,0,0.75,80,25,1.34,90,18,0.97,72.00,0,0.00,0,0,0,0.00,0,33,0.00,60,1.77,40,N/A,N/A,N/A,N/A,0.00,0,0.00,0,6.84,0.00,0,75.72,55.56,89,99,0.00,0.00,0,89,66,5,0,0,0.26,0.27,5,76,130.54,0.58,0.59,11,0,0.00,0.00,99,0.00,0,5,0,0.00,0.00,0,0.00,0.00,0.05,0.05,1,0,50.00,92,82,69,51,62,2.83,64,0.15,0.15,3.34,73,0.18,0.18,83,18,0.95,0.97,0.43,0.42,48,8,0.37,86,85,38,82,0,64,11,0,0.00,99,1,0.00,0.05,7.95,7.79,148,72,77,73,3.87,3.79,48.65,12,0.64,12,0,30.00,0,0.00,99,3,0.16,0.16,54,84,36,57,0,0,0,0,0,84,89,82,90,0,99,35,65,59,3,16,74,10,0,0
Isak Jönsson,27,916041600,1999/01/11,First Division,2026,Defender,Egersund,1745,951,794,Sweden,20,11,9,1,0,1,2,0,2,0,0,7,5,2,30,12,18,2,0,0.15,0.1,0.05,0,0.11,1745,1.55,58,87,873,873,0.1,160,141,48,10,0,6.76,0.1,52,26.86,26.26,65,499,22.68,431,81,23.20,71,0.00,0.00,0.00,0,0.00,0.05,0.11,0.11,2,0.00,0.05,0.00,0.00,0.00,1.00,0.05,1.79,5.00,0.27,0.21,0.05,0.00,0.05,0.05,0.00,2.53,0.00,0.00,0,0,,5,0.26,34,1,0.05,31,4,0.22,38,3,1,19,83,0.00,99,0,19,1.02,77,1,99,0.05,17,0,0.00,99,0,0.00,0,0,0.00,0,0.00,17,1,0.05,20,1,0.05,100.00,0,0.00,0,0,0,0.00,0,34,0.00,61,1.83,44,N/A,N/A,N/A,N/A,0.00,0,0.00,0,0.92,0.00,0,86.37,20.00,39,99,0.00,0.00,0,28,99,0,0,0,0.42,0.43,8,86,128.40,2.79,2.85,53,0,0.00,0.00,99,0.00,0,0,1,0.05,0.05,0,0.00,0.00,0.00,0.00,0,0,20.00,60,86,84,98,62,2.07,50,0.11,0.11,0.92,41,0.05,0.05,42,7,0.37,0.38,0.86,0.84,78,16,0.05,41,79,86,88,0,59,97,0,0.00,99,48,0.00,2.58,5.76,5.63,107,69,73,45,3.71,3.63,64.49,1,0.05,75,0,100.00,0,0.00,99,1,0.05,0.05,35,84,48,79,0,0,0,0,0,44,44,62,51,0,99,92,87,37,2,10,50,31,0,0
Isak Kjelsrud Vik,23,1043222400,2003/01/22,First Division,2026,Defender,Lyn,185,116,69,Norway,6,3,3,0,0,0,0,0,0,0,0,2,1,1,9,5,4,0,0,0,0,0,0,0,0,4.38,21,31,0,0,0,-1,-1,-1,13,0,4.88,0,36,47.22,17.00,95,85,14.40,72,71,40.00,96,0.00,0.00,0.00,0,0.00,0.00,0.00,0.00,0,0.00,0.00,0.00,0.00,0.00,0.20,0.20,1.80,0.00,0.00,0.00,0.20,0.00,0.00,0.00,0.00,0.60,0.00,0.00,0,0,,0,0.00,14,0,0.00,29,0,0.00,16,0,5,1,63,0.00,99,0,1,0.56,41,0,34,0.00,16,0,0.00,99,0,0.00,0,0,0.00,0,0.00,17,1,0.56,65,1,0.56,100.00,0,0.00,0,0,0,0.00,0,9,0.00,0,5.00,99,N/A,N/A,N/A,N/A,0.00,0,0.00,0,0.00,0.00,0,84.71,0.00,29,99,0.00,0.00,0,73,99,0,0,0,0.00,0.00,0,26,24.42,2.00,5.56,10,0,0.00,0.00,99,0.00,0,0,0,0.00,0.00,0,0.00,0.00,0.00,0.00,0,0,0.00,41,0,2,39,0,0.17,43,0.03,0.09,0.00,15,0.00,0.00,55,1,0.20,0.56,0.00,0.00,9,0,0.00,15,2,99,82,0,59,90,0,0.00,99,3,0.00,1.67,10.56,3.80,19,6,67,89,3.33,1.20,31.58,0,0.00,99,0,0.00,0,0.00,99,0,0.00,0.00,34,0,80,14,0,0,0,0,0,22,39,57,51,0,99,91,23,23,0,0,23,5,0,0
Isak Reset-Kalland,20,1156230000,2006/08/22,First Division,2026,Goalkeeper,Åsane,43,0,43,Norway,1,0,1,0,0,0,0,0,0,0,0,0,0,0,3,0,3,0,0,0,0,0,0,0,0,6.28,14,43,0,0,0,-1,-1,-1,23,0,5.68,0,36,0.00,0.00,2,0,0.00,0,2,0.00,2,0.00,0.00,0.00,0,0.00,0.00,0.00,0.00,0,0.00,0.00,0.00,0.00,0.00,0.00,0.00,3.00,0.00,0.00,0.00,0.00,0.00,0.00,0.00,0.00,0.00,0.00,0.00,0,0,,0,0.00,14,0,0.00,29,0,0.00,16,2,1,0,63,0.00,99,0,0,0.00,6,0,34,0.00,16,0,0.00,99,0,0.00,0,0,0.00,0,0.00,17,0,0.00,18,0,0.00,0.00,0,0.00,0,0,0,0.00,0,3,0.00,0,3.38,95,N/A,N/A,N/A,N/A,0.00,0,0.00,0,0.00,0.00,0,0.00,0.00,29,99,0.00,0.00,0,24,24,0,0,0,0.00,0.00,0,26,5.68,0.00,0.00,0,0,0.00,0.00,99,0.00,0,0,0,0.00,0.00,0,0.00,0.00,0.00,0.00,0,0,0.00,41,0,0,39,0,0.00,3,0.00,0.00,0.00,15,0.00,0.00,8,0,0.00,0.00,0.00,0.00,9,0,0.00,15,8,8,82,0,59,10,0,0.00,99,0,0.00,0.00,0.00,0.00,0,0,2,2,0.00,0.00,0.00,0,0.00,99,0,0.00,0,0.00,99,0,0.00,0.00,34,0,48,57,0,0,0,0,0,22,39,57,51,0,99,7,23,23,0,0,23,12,0,0
Ismael Petcho Camara,19,1166774400,2006/12/22,First Division,2026,Forward,Haugesund,1033,476,557,Ivory Coast,15,7,8,4,2,2,6,3,3,0,0,4,2,2,14,6,8,0,0,0.87,0.52,0.35,0.38,0.32,258,1.22,74,69,0,172,0,53,8,-1,5,0,6.96,0.4,98,21.85,15.69,52,251,11.81,189,30,16.45,49,0.00,0.00,0.75,12,0.00,1.56,0.00,0.00,0,0.00,0.56,0.00,0.00,0.00,0.56,1.94,1.06,7.00,2.44,1.00,3.31,0.00,0.75,0.29,0.00,0.75,0.00,0.00,0,0,,28,1.75,98,12,1.04,96,16,1.39,96,1,3,12,63,0.00,99,0,9,0.78,62,25,58,2.18,92,0,0.00,99,0,0.00,0,0,0.00,0,1.04,91,53,4.61,99,31,2.70,58.49,0,0.00,0,0,0,0.00,0,17,0.00,88,1.48,22,N/A,N/A,N/A,N/A,0.00,0,0.00,0,4.70,0.00,0,75.30,42.86,74,99,0.00,0.00,0,99,46,0,0,0,0.06,0.09,1,40,111.29,0.69,0.96,11,0,0.00,0.00,99,0.00,0,0,1,0.06,0.09,0,0.00,0.00,0.35,0.25,4,0,14.29,52,39,33,58,89,4.58,98,0.29,0.40,4.70,90,0.29,0.41,75,9,0.56,0.78,1.13,0.81,91,13,0.41,89,91,53,95,0,91,73,0,0.00,99,12,0.00,1.04,15.67,11.25,180,86,98,99,7.49,5.38,47.78,9,0.78,7,0,32.00,0,0.00,99,8,0.50,0.70,89,40,69,38,0,0,0,0,0,93,82,81,81,0,99,74,23,23,0,0,23,30,0,0
Jacob Buus Jacobsen,29,857721600,1997/03/07,First Division,2026,Defender,Odd,603,270,333,Denmark,7,3,4,1,0,1,0,0,0,0,0,2,1,1,8,5,3,2,0,0.15,0,0.15,0,0.27,603,1.19,75,86,302,0,0.3,103,255,11,11,0,5.49,0,36,0.00,0.00,2,0,0.00,0,2,0.00,2,0.00,0.00,0.00,0,0.00,0.00,0.00,0.00,0,0.00,0.00,0.00,0.00,0.00,0.00,0.00,1.00,0.00,0.00,0.00,0.00,0.00,0.00,0.07,0.00,0.00,0.00,0.00,0,0,,0,0.00,14,0,0.00,29,0,0.00,16,2,0,7,63,0.00,99,0,0,0.00,6,0,34,0.00,16,0,0.00,99,0,0.00,0,0,0.00,0,0.00,17,0,0.00,18,0,0.00,0.00,0,0.00,0,0,0,0.00,0,8,0.00,92,1.04,0,N/A,N/A,N/A,N/A,0.00,0,0.00,0,0.54,0.00,0,0.00,0.00,29,99,0.00,0.00,0,24,24,0,0,0,0.00,0.00,0,26,43.88,0.00,0.00,0,0,0.00,0.00,99,0.00,0,0,0,0.00,0.00,0,0.00,0.00,0.00,0.00,0,0,0.00,41,16,5,75,90,0.00,3,0.00,0.00,0.54,48,0.07,0.07,8,0,0.00,0.00,0.00,0.00,9,0,0.07,48,7,8,82,0,59,10,0,0.00,99,0,0.00,0.00,0.00,0.00,0,0,2,2,0.00,0.00,0.00,0,0.00,99,0,0.00,0,0.00,99,0,0.00,0.00,34,21,36,57,0,0,0,0,0,44,66,79,51,0,99,81,36,88,2,29,95,2,0,0
Jacob Haahr Steffensen,24,1015747200,2002/03/10,First Division,2026,Defender,Bryne,1006,406,600,Denmark,15,7,8,1,0,1,0,0,0,0,0,4,1,3,16,9,7,3,0,0.09,0,0.09,0,0.15,1006,1.43,63,67,335,0,0.27,138,228,35,13,0,6.06,0,36,36.05,26.87,88,403,23.27,349,82,31.22,89,0.00,0.00,0.20,3,0.00,0.27,0.00,0.00,0,0.00,0.00,0.00,0.00,0.00,1.07,0.00,1.13,6.00,0.54,0.13,0.00,0.00,0.27,0.08,0.00,1.27,0.00,0.00,0,0,,6,0.40,52,4,0.36,71,2,0.18,34,0,5,10,63,0.00,99,0,16,1.43,88,4,92,0.36,41,0,0.00,99,0,0.00,0,0,0.00,0,0.27,45,0,0.00,18,0,0.00,0.00,0,0.00,0,0,0,0.00,0,17,0.00,71,1.52,24,N/A,N/A,N/A,N/A,0.00,0,0.00,0,1.22,0.00,0,86.60,66.67,96,99,0.00,0.00,0,24,24,0,0,0,0.60,0.81,9,98,90.87,1.47,1.97,22,0,0.00,0.00,99,0.00,0,0,0,0.00,0.00,0,0.00,0.00,0.00,0.00,0,0,16.67,55,37,33,88,72,0.92,39,0.06,0.08,1.22,61,0.08,0.11,22,2,0.13,0.18,0.72,0.53,69,8,0.11,60,15,72,82,0,59,91,0,0.00,99,19,0.00,1.70,5.99,4.47,67,28,43,50,2.50,1.87,41.79,0,0.00,99,0,50.00,0,0.00,99,2,0.13,0.18,57,33,80,14,0,0,0,0,0,31,52,68,51,0,99,74,39,85,3,20,86,5,0,0
Jacob Hanstad,23,1036224000,2002/11/02,First Division,2026,Forward,Stabæk,1446,735,711,Norway,19,10,9,7,2,5,4,3,1,0,0,7,4,3,20,11,9,3,0,0.68,0.25,0.44,0.24,0.63,207,1.24,72,76,482,362,0.19,39,69,-1,2,0,7.00,0.21,79,18.40,15.63,42,297,12.05,229,38,14.18,43,0.00,0.00,0.68,13,0.00,2.21,0.00,0.00,0,0.00,0.32,0.00,0.00,0.00,0.47,1.37,1.11,3.14,1.36,0.68,1.68,0.00,0.47,0.31,0.00,0.58,0.00,0.00,0,0,,22,1.16,84,9,0.56,84,13,0.81,85,4,0,19,63,0.00,99,0,9,0.56,41,42,41,2.60,96,0,0.00,99,0,0.00,0,0,0.00,0,0.81,84,32,1.98,94,26,1.61,81.25,0,0.00,0,0,0,0.00,0,21,0.00,86,1.30,9,N/A,N/A,N/A,N/A,0.00,0,0.00,0,5.85,0.00,0,77.10,40.91,66,99,0.00,0.00,0,97,72,0,0,0,0.11,0.12,2,48,133.07,0.63,0.74,12,0,0.00,0.00,99,0.00,0,0,0,0.00,0.00,0,0.00,0.00,0.19,0.16,3,0,31.82,77,63,69,53,85,3.33,80,0.18,0.21,5.85,88,0.31,0.36,71,12,0.63,0.74,1.30,1.11,95,21,0.36,86,92,44,82,0,83,55,0,0.00,99,11,0.00,0.68,9.85,8.37,159,74,86,86,4.58,3.89,46.54,6,0.37,35,0,21.43,0,0.00,99,9,0.47,0.56,83,84,36,89,0,1,0,5,0,85,88,94,72,0,99,93,58,69,3,16,74,24,0,0
Jacob Storevik,30,838623600,1996/07/29,First Division,2026,Goalkeeper,Ranheim,1800,990,810,Norway,20,11,9,0,0,0,0,0,0,0,0,1,1,0,51,25,26,1,0,0,0,0,0,0,0,2.55,35,90,1800,0,0.05,275,262,113,11,0,6.90,0,36,22.17,22.17,53,399,17.22,310,40,17.22,52,0.00,0.00,0.00,0,0.00,0.00,0.00,0.00,0,0.00,0.00,0.00,0.00,2.28,0.11,0.00,5.00,0.00,0.00,0.00,0.00,0.00,0.00,0.00,0.00,0.06,0.00,0.00,0,0,,0,0.00,14,0,0.00,29,0,0.00,16,0,0,20,63,0.00,99,0,2,0.11,9,0,34,0.00,16,0,0.00,99,0,0.00,0,0,0.00,0,0.00,17,0,0.00,18,0,0.00,0.00,0,0.00,0,41,33,2.28,78,90,0.00,8,5.00,99,N/A,N/A,N/A,N/A,45.56,0,0.00,0,0.00,0.00,0,77.69,0.00,29,99,0.00,0.00,0,24,24,0,0,25,0.00,0.00,0,26,124.19,0.00,0.00,0,0,0.00,0.00,99,0.00,1,0,0,0.00,0.00,0,0.00,0.00,0.00,0.00,0,0,0.00,41,92,84,39,8,0.60,14,0.03,0.03,0.00,15,0.00,0.00,21,3,0.17,0.17,0.06,0.06,11,1,0.00,15,86,8,82,0,59,11,0,0.00,99,1,0.00,0.06,0.33,0.33,6,3,8,8,0.17,0.17,50.00,0,0.00,99,0,0.00,0,0.00,99,0,0.00,0.00,34,92,36,14,0,0,0,0,0,22,39,57,51,0,99,13,99,25,1,5,30,1,0,0
Jakob Vadstrup,26,965113200,2000/08/01,First Division,2026,Defender,Odd,1764,880,884,Denmark,20,10,10,0,0,0,1,1,0,0,0,5,3,2,33,12,21,4,0,0.05,0.05,0,0,0,0,1.68,53,88,441,1764,0.2,280,174,61,18,0,6.42,0.05,39,37.85,37.05,89,741,32.30,646,83,33.00,91,0.00,0.00,0.40,8,0.00,1.10,0.05,0.05,1,0.00,0.00,0.00,0.00,0.00,0.45,0.05,1.65,0.00,0.05,0.05,0.05,0.00,0.00,0.00,0.00,1.25,0.00,0.00,0,0,,1,0.05,16,0,0.00,29,1,0.05,18,2,0,20,69,0.00,99,0,9,0.46,35,22,95,1.12,73,0,0.00,99,0,0.00,0,0,0.00,0,0.41,58,1,0.05,20,1,0.05,100.00,0,0.00,0,0,0,0.00,0,33,0.00,50,1.69,34,N/A,N/A,N/A,N/A,0.00,0,0.00,0,0.05,0.00,0,87.18,0.00,29,99,0.00,0.00,0,28,99,0,0,0,0.30,0.31,6,79,128.32,2.60,2.66,52,0,0.00,0.00,99,0.00,0,0,0,0.00,0.00,0,0.00,0.00,0.00,0.00,0,0,0.00,41,88,84,39,50,2.15,50,0.11,0.11,0.05,15,0.00,0.00,9,1,0.05,0.05,0.77,0.75,71,15,0.00,15,40,84,82,0,59,82,0,0.00,99,25,0.00,1.28,5.62,5.50,110,54,53,44,2.76,2.70,49.09,0,0.00,99,0,63.64,0,0.00,99,14,0.70,0.72,89,92,36,57,0,0,0,0,0,25,39,57,51,0,99,70,51,73,4,20,86,6,0,0
Jamal Deen Haruna,26,940662000,1999/10/23,First Division,2026,Defender,Sogndal,1416,797,619,Ghana,18,10,8,0,0,0,0,0,0,0,0,4,3,1,23,10,13,3,0,0,0,0,0,0,0,1.46,62,79,472,0,0.19,240,274,38,20,0,6.35,0,36,15.31,13.39,31,241,11.83,213,87,13.53,40,0.00,0.00,0.00,0,0.00,0.11,0.00,0.00,0,0.00,0.00,0.00,0.00,0.00,0.78,0.00,1.44,0.00,0.19,0.11,0.00,0.00,0.06,0.01,0.00,1.11,0.00,0.00,0,0,,3,0.17,28,1,0.06,35,2,0.13,27,3,2,16,63,0.00,99,0,14,0.89,70,2,99,0.13,22,0,0.00,99,0,0.00,0,0,0.00,0,0.00,17,0,0.00,18,0,0.00,0.00,0,0.00,0,0,0,0.00,0,26,0.00,69,1.65,32,N/A,N/A,N/A,N/A,0.00,0,0.00,0,0.26,0.00,0,88.38,33.33,56,99,0.00,0.00,0,24,24,0,0,0,0.17,0.19,3,64,114.21,2.72,3.11,49,0,0.00,0.00,99,0.00,0,0,0,0.00,0.00,0,0.00,0.00,0.00,0.00,0,0,0.00,41,61,56,39,69,0.47,14,0.03,0.03,0.26,28,0.01,0.02,8,0,0.00,0.00,0.57,0.50,59,9,0.02,28,33,89,82,0,59,81,0,0.00,99,20,0.00,1.27,3.49,3.06,55,31,27,19,1.97,1.72,56.36,0,0.00,99,0,100.00,0,0.00,99,2,0.11,0.13,51,61,59,79,0,0,0,0,0,22,39,57,51,0,99,62,57,69,3,17,77,28,0,0
Jamiu Musbaudeen,22,1089356400,2004/07/09,First Division,2026,Midfielder,Moss,1387,620,767,Nigeria,19,9,10,0,0,0,3,1,2,0,0,1,1,0,33,14,19,8,1,0.19,0.19,0,0,0,0,2.14,42,73,173,462,0.52,195,87,-1,25,0,6.51,0.16,71,27.34,22.16,67,421,17.53,333,45,21.62,66,0.00,0.00,0.11,2,0.00,0.16,0.13,0.11,2,0.00,0.32,0.00,0.00,0.00,1.00,0.26,1.79,0.00,1.04,0.68,0.63,0.00,0.16,0.05,0.00,1.05,0.00,0.00,0,0,,16,0.84,75,3,0.19,57,13,0.84,87,4,2,17,89,0.00,99,0,19,1.23,84,3,34,0.19,29,0,0.00,99,0,0.00,0,0,0.00,0,0.13,28,12,0.78,72,5,0.32,41.67,0,0.00,0,0,0,0.00,0,34,0.00,25,2.21,64,N/A,N/A,N/A,N/A,0.00,0,0.00,0,0.97,0.00,0,79.10,18.75,34,99,0.00,0.00,0,62,29,0,0,0,0.42,0.52,8,90,123.65,1.89,2.34,36,0,0.00,0.00,99,0.00,0,0,0,0.00,0.00,0,0.00,0.00,0.00,0.00,0,0,0.00,41,55,69,39,27,2.55,70,0.13,0.17,0.97,46,0.05,0.06,64,10,0.53,0.65,0.65,0.53,64,10,0.06,45,53,79,82,0,59,83,0,0.00,99,20,0.00,1.30,7.86,6.37,121,64,81,72,4.16,3.37,52.89,6,0.39,33,0,0.00,0,0.00,99,0,0.00,0.00,34,67,59,89,0,0,0,0,0,52,39,57,51,0,99,13,25,98,7,37,98,14,0,0
Jan de Boer,26,958806000,2000/05/20,First Division,2026,Goalkeeper,Bryne,270,90,180,Netherlands,3,1,2,0,0,0,0,0,0,0,0,0,0,0,7,3,4,0,0,0,0,0,0,0,0,2.33,39,90,0,0,0,-1,-1,-1,23,0,5.83,0,36,4.67,4.67,5,14,3.33,10,19,3.33,5,0.00,0.00,0.00,0,0.00,0.00,0.00,0.00,0,0.00,0.00,0.00,0.00,0.33,0.33,0.00,2.67,0.00,0.00,0.00,0.00,0.00,0.00,0.00,0.00,0.00,0.00,0.00,0,0,,0,0.00,14,0,0.00,29,0,0.00,16,0,0,3,63,0.00,99,0,1,0.33,26,0,34,0.00,16,0,0.00,99,0,0.00,0,0,0.00,0,0.00,17,0,0.00,18,0,0.00,0.00,0,0.00,0,1,0,0.33,0,8,0.00,13,2.67,82,N/A,N/A,N/A,N/A,12.50,0,0.00,0,0.00,0.00,0,71.43,0.00,29,99,0.00,0.00,0,24,24,0,0,1,0.00,0.00,0,26,17.48,0.00,0.00,0,0,0.00,0.00,99,0.00,0,0,0,0.00,0.00,0,0.00,0.00,0.00,0.00,0,0,0.00,41,0,0,39,16,0.02,5,0.01,0.01,0.00,15,0.00,0.00,8,0,0.00,0.00,0.00,0.00,9,0,0.00,15,10,8,82,0,59,10,0,0.00,99,0,0.00,0.00,0.00,0.00,0,0,2,2,0.00,0.00,0.00,0,0.00,99,0,0.00,0,0.00,99,0,0.00,0.00,34,2,36,14,0,0,0,0,0,22,39,57,51,0,99,7,23,23,0,0,23,12,0,0
Jan Inge Lynum,27,936687600,1999/09/07,First Division,2026,Midfielder,Egersund,947,466,481,Norway,16,8,8,3,2,1,5,3,2,0,0,6,4,2,18,8,10,0,0,0.76,0.48,0.29,0.39,0.19,316,1.71,53,59,0,189,0,70,9,-1,6,0,7.22,0.31,97,31.48,20.33,81,305,16.27,244,50,25.18,77,0.00,0.00,0.80,12,0.00,1.60,0.00,0.00,0,0.00,0.27,0.00,0.00,0.00,0.80,0.73,1.40,3.67,1.14,0.47,0.87,0.00,0.27,0.17,0.00,0.53,0.00,0.00,0,0,,11,0.73,77,4,0.41,74,7,0.72,80,4,8,8,63,0.00,99,0,12,1.24,85,24,80,2.48,96,0,0.00,99,0,0.00,0,0,0.00,0,1.24,96,13,1.34,90,11,1.14,84.62,0,0.00,0,0,0,0.00,0,21,0.00,48,2.17,61,N/A,N/A,N/A,N/A,0.00,0,0.00,0,2.62,0.00,0,80.00,36.36,58,99,0.00,0.00,0,93,75,0,0,0,0.20,0.31,3,79,108.24,0.73,1.14,11,0,0.00,0.00,99,0.00,0,0,0,0.00,0.00,0,0.00,0.00,0.21,0.13,2,0,27.27,73,35,42,63,50,3.37,95,0.22,0.35,2.62,80,0.17,0.27,90,11,0.73,1.14,1.44,0.93,98,14,0.27,78,96,57,82,0,87,64,0,0.00,99,8,0.00,0.83,11.35,7.33,110,43,84,92,4.44,2.87,39.09,4,0.41,32,0,45.83,0,0.00,99,11,0.73,1.14,98,25,92,89,0,0,0,0,0,89,78,71,82,0,99,97,23,23,0,0,23,14,0,0
Jaran Eike Østrem,18,1190876400,2007/09/27,First Division,2026,Forward,Bryne,93,37,56,Norway,9,4,5,0,0,0,1,1,0,0,0,2,1,1,2,1,1,0,0,0.97,0.97,0,0,0,0,1.94,47,10,0,93,0,-1,-1,-1,14,0,2.88,0.11,99,9.28,1.11,14,10,0.78,7,13,6.49,13,0.00,0.00,0.00,0,0.00,0.00,0.00,0.00,0,0.00,0.00,0.00,0.00,0.00,0.00,0.00,0.56,0.00,0.93,0.11,0.00,0.00,0.00,0.00,0.00,0.00,0.00,0.00,0,0,,1,0.11,71,0,0.00,29,1,0.93,88,0,9,0,63,0.00,99,0,0,0.00,6,0,34,0.00,16,0,0.00,99,0,0.00,0,0,0.00,0,0.00,17,0,0.00,18,0,0.00,0.00,0,0.00,0,0,0,0.00,0,5,0.00,37,4.64,98,N/A,N/A,N/A,N/A,0.00,0,0.00,0,0.04,0.00,0,70.00,0.00,29,99,0.00,0.00,0,24,24,0,0,0,0.00,0.00,0,26,25.93,0.00,0.00,0,0,0.00,0.00,99,0.00,0,0,0,0.00,0.00,0,0.00,0.00,0.00,0.00,0,0,0.00,41,0,8,39,38,0.62,99,0.07,0.58,0.04,36,0.00,0.04,8,0,0.00,0.00,0.93,0.11,82,1,0.04,35,0,8,82,0,59,10,0,0.00,99,0,0.00,0.00,5.57,0.67,6,1,13,43,0.93,0.11,16.67,0,0.00,99,0,0.00,0,0.00,99,0,0.00,0.00,34,0,94,14,0,0,0,0,0,95,39,57,51,0,99,62,23,23,0,0,23,28,0,0
Jerry Patrick Ogbole,19,1166947200,2006/12/24,First Division,2026,Forward,Moss,0,0,0,Nigeria,1,1,0,0,0,0,0,0,0,0,0,0,0,0,0,0,0,0,0,0,0,0,0,0,0,0,0,0,0,0,0,-1,-1,-1,-1,0,6.45,0,36,90.00,5.00,99,5,3.00,3,3,54.00,98,0.00,0.00,0.00,0,0.00,1.00,0.00,0.00,0,0.00,0.00,0.00,0.00,0.00,0.00,0.00,0.00,0.00,36.00,2.00,0.00,0.00,0.00,0.10,0.00,0.00,0.00,0.00,0,0,,2,2.00,99,0,0.00,29,2,36.00,99,0,1,0,63,0.00,99,0,0,0.00,6,1,34,18.00,99,0,0.00,99,0,0.00,0,0,0.00,0,0.00,17,0,0.00,18,0,0.00,0.00,0,0.00,0,0,0,0.00,0,0,0.00,99,0.00,0,N/A,N/A,N/A,N/A,0.00,0,0.00,0,0.10,0.00,0,60.00,0.00,29,99,0.00,0.00,0,24,24,0,0,0,0.00,0.00,0,26,6.45,0.00,0.00,0,0,0.00,0.00,99,0.00,0,0,0,0.00,0.00,0,0.00,0.00,0.00,0.00,0,0,0.00,41,0,0,39,0,0.01,72,0.01,0.18,0.10,99,0.10,1.80,8,0,0.00,0.00,0.00,0.00,9,0,1.80,99,46,8,82,0,59,10,0,0.00,99,0,0.00,0.00,18.00,1.00,1,0,2,99,0.00,0.00,0.00,0,0.00,99,0,0.00,0,0.00,99,0,0.00,0.00,34,0,48,14,0,0,0,0,0,22,39,57,51,0,99,7,23,23,0,0,23,22,0,0
Jesper Bergset Robertsen,22,1080028800,2004/03/23,First Division,2026,Defender,Hødd,1396,587,809,Norway,19,9,10,0,0,0,5,3,2,0,0,2,1,1,25,9,16,2,0,0.32,0.32,0,0,0,0,1.61,56,73,698,279,0.13,187,36,55,18,0,6.38,0.26,88,24.87,20.26,62,385,14.63,278,22,17.96,54,0.00,0.00,0.37,7,0.00,1.26,0.19,0.16,3,0.00,0.32,0.00,0.00,0.00,0.26,0.53,1.53,0.00,0.65,0.32,0.74,0.00,0.21,0.04,0.00,0.42,0.00,0.00,0,0,,10,0.53,58,4,0.26,65,6,0.39,58,2,3,16,95,0.00,99,0,5,0.32,25,24,64,1.55,83,0,0.00,99,0,0.00,0,0,0.00,0,0.45,61,14,0.90,76,10,0.65,71.43,0,0.00,0,0,0,0.00,0,29,0.00,55,1.87,46,N/A,N/A,N/A,N/A,0.00,0,0.00,0,0.81,0.00,0,72.21,40.00,65,99,0.00,0.00,0,78,65,0,0,0,0.16,0.19,3,64,121.31,1.47,1.81,28,1,0.00,0.06,5,0.05,0,0,0,0.00,0.00,0,0.00,0.00,0.00,0.00,0,0,0.00,41,57,69,39,56,3.61,86,0.19,0.23,0.81,41,0.04,0.05,58,9,0.47,0.58,0.78,0.63,72,12,0.05,41,38,70,82,0,59,42,0,0.00,99,8,0.00,0.52,7.37,6.00,114,48,62,65,3.10,2.53,42.11,6,0.39,33,0,33.33,0,0.00,99,8,0.42,0.52,82,61,69,57,0,0,0,0,0,64,39,57,51,0,99,35,76,49,2,11,56,24,0,0
Jesper Gregersen,22,1093071600,2004/08/21,First Division,2026,Midfielder,Egersund,987,455,532,Norway,14,8,6,1,1,0,0,0,0,0,0,4,3,1,19,6,13,3,0,0.09,0,0.09,0.2,0,987,1.73,52,71,329,0,0.27,137,177,-1,9,0,6.43,0,36,54.59,49.58,98,595,44.50,534,94,48.99,98,0.00,0.00,0.17,2,0.00,0.42,0.18,0.17,2,0.00,0.17,0.00,0.00,0.00,1.33,0.08,1.75,3.00,0.28,0.17,0.08,0.00,0.08,0.06,0.00,1.00,0.00,0.00,0,0,,3,0.25,35,1,0.09,39,2,0.18,34,1,2,12,93,0.00,99,0,16,1.47,90,5,76,0.46,49,0,0.00,99,0,0.00,0,0,0.00,0,0.18,34,1,0.09,27,1,0.09,100.00,0,0.00,0,0,0,0.00,0,21,0.00,46,1.93,49,N/A,N/A,N/A,N/A,0.00,0,0.00,0,0.77,0.00,0,89.75,33.33,56,99,0.00,0.00,0,34,99,0,0,0,0.08,0.09,1,40,77.15,3.33,3.67,40,1,0.00,0.09,2,0.08,0,0,0,0.00,0.00,0,0.00,0.00,0.00,0.00,0,0,33.33,80,36,27,88,47,1.00,43,0.08,0.09,0.77,48,0.06,0.07,54,6,0.50,0.55,1.19,1.08,91,13,0.07,48,42,94,82,0,59,75,0,0.00,99,12,0.00,1.10,6.24,5.67,68,32,59,53,2.94,2.67,47.06,2,0.18,54,0,40.00,0,0.00,99,2,0.17,0.18,57,40,59,38,0,0,0,0,0,31,52,57,66,0,99,81,39,85,3,21,87,25,0,0
Jesper Nerhus Eikrem,19,1183359600,2007/07/02,First Division,2026,Midfielder,Åsane,1260,720,540,Norway,14,8,6,0,0,0,2,1,1,0,0,2,2,0,23,12,11,6,0,0.14,0.14,0,0,0,0,1.64,55,90,210,630,0.43,176,110,-1,22,0,6.61,0.14,61,30.43,30.43,77,426,24.57,344,54,24.57,75,0.00,0.00,0.29,4,0.00,0.36,0.14,0.14,2,0.00,0.36,0.00,0.00,0.00,1.79,0.64,1.79,0.00,0.86,0.43,1.07,0.00,0.43,0.08,0.00,0.57,0.00,0.00,0,0,,12,0.86,68,6,0.43,75,6,0.43,61,0,0,14,90,0.00,99,0,25,1.79,97,5,34,0.36,41,0,0.00,99,0,0.00,0,0,0.00,0,0.29,46,15,1.07,84,9,0.64,60.00,0,0.00,0,0,0,0.00,0,25,0.00,51,1.79,41,N/A,N/A,N/A,N/A,0.00,0,0.00,0,1.13,0.00,0,80.75,50.00,86,99,0.00,0.00,0,77,49,0,1,0,0.07,0.07,1,36,92.59,0.86,0.86,12,0,0.00,0.00,99,0.00,0,1,0,0.00,0.00,0,0.00,0.00,0.00,0.00,0,0,0.00,41,49,27,39,53,2.03,62,0.14,0.14,0.43,32,0.03,0.03,96,21,1.50,1.50,1.07,1.07,89,15,0.08,52,66,49,82,0,59,46,0,0.00,99,8,0.00,0.57,9.50,9.50,133,67,88,84,4.79,4.79,50.38,5,0.36,37,0,0.00,0,0.00,99,0,0.00,0.00,34,49,36,14,0,0,0,0,0,42,39,57,51,0,99,43,28,95,6,43,99,8,0,0
Jesper Rylander,18,1218956400,2008/08/17,First Division,2026,Goalkeeper,Moss,0,0,0,Norway,0,0,0,0,0,0,0,0,0,0,0,0,0,0,0,0,0,0,0,0,0,0,0,0,0,0,0,0,0,0,0,-1,-1,-1,-1,N/A,N/A,N/A,N/A,N/A,N/A,N/A,N/A,N/A,N/A,N/A,N/A,N/A,N/A,N/A,N/A,N/A,N/A,N/A,N/A,N/A,N/A,N/A,N/A,N/A,N/A,N/A,N/A,N/A,N/A,N/A,N/A,N/A,N/A,N/A,N/A,N/A,N/A,N/A,N/A,N/A,N/A,N/A,N/A,N/A,N/A,N/A,N/A,N/A,N/A,N/A,N/A,N/A,N/A,N/A,N/A,N/A,N/A,N/A,N/A,N/A,N/A,N/A,N/A,N/A,N/A,N/A,N/A,N/A,N/A,N/A,N/A,N/A,N/A,N/A,N/A,N/A,N/A,N/A,N/A,N/A,N/A,N/A,N/A,N/A,N/A,N/A,N/A,N/A,N/A,N/A,N/A,N/A,N/A,N/A,N/A,N/A,N/A,N/A,N/A,N/A,N/A,N/A,N/A,N/A,N/A,N/A,N/A,N/A,N/A,N/A,N/A,N/A,N/A,N/A,N/A,N/A,N/A,N/A,N/A,N/A,N/A,N/A,N/A,N/A,N/A,N/A,N/A,N/A,N/A,N/A,N/A,N/A,N/A,N/A,N/A,N/A,N/A,N/A,N/A,N/A,N/A,N/A,N/A,N/A,N/A,N/A,N/A,N/A,N/A,N/A,N/A,N/A,N/A,N/A,N/A,N/A,N/A,N/A,N/A,N/A,N/A,N/A,N/A,N/A,N/A,N/A,N/A,N/A,N/A,N/A,N/A,N/A,N/A,N/A,N/A,N/A,N/A,N/A,N/A,N/A,N/A,N/A,N/A,N/A,N/A,N/A,N/A,N/A,N/A,N/A,N/A,N/A,N/A,N/A,N/A,N/A,N/A,N/A,N/A,N/A,N/A,N/A,N/A,N/A,N/A,N/A,N/A,N/A,N/A,N/A,N/A,N/A,N/A,N/A,N/A,N/A,N/A,N/A,N/A,N/A,N/A,N/A,N/A
Jesper Taaje,28,877762800,1997/10/25,First Division,2026,Defender,Strømsgodset,1411,662,749,Norway,17,8,9,2,1,1,0,0,0,0,0,3,1,2,23,9,14,2,0,0.13,0,0.13,0.14,0.12,706,1.47,61,83,706,0,0.13,109,230,39,9,0,6.65,0,36,47.65,43.94,96,747,39.82,677,98,43.18,96,0.00,0.00,0.18,3,0.00,0.18,0.06,0.06,1,0.00,0.00,0.00,0.00,0.00,0.88,0.06,1.35,4.50,0.57,0.35,0.06,0.00,0.18,0.11,0.00,1.82,0.00,0.00,0,0,,9,0.53,54,3,0.19,57,6,0.38,56,9,1,16,72,0.00,99,0,15,0.96,73,3,96,0.19,29,0,0.00,99,0,0.00,0,0,0.00,0,0.19,35,1,0.06,23,1,0.06,100.00,0,0.00,0,0,0,0.00,0,23,0.00,68,1.47,21,N/A,N/A,N/A,N/A,0.00,0,0.00,0,1.86,0.00,0,90.63,33.33,56,99,0.00,0.00,0,32,99,0,0,0,0.59,0.64,10,93,113.08,3.24,3.51,55,0,0.00,0.00,99,0.00,0,0,0,0.00,0.00,0,0.00,0.00,0.06,0.06,1,0,22.22,64,59,47,78,68,1.55,45,0.09,0.10,1.86,62,0.11,0.12,42,6,0.35,0.38,0.26,0.24,23,4,0.12,62,69,93,82,0,68,94,0,0.00,99,31,0.00,1.98,6.00,5.53,94,51,64,50,3.25,3.00,54.26,0,0.00,99,0,66.67,0,0.00,99,2,0.12,0.13,51,61,48,99,0,0,0,0,0,40,63,64,63,0,99,54,78,49,2,12,61,25,0,0
Joachim Årstad Gursli,17,1240556400,2009/04/24,First Division,2026,Forward,Bryne,0,0,0,Norway,0,0,0,0,0,0,0,0,0,0,0,0,0,0,0,0,0,0,0,0,0,0,0,0,0,0,0,0,0,0,0,-1,-1,-1,-1,N/A,N/A,N/A,N/A,N/A,N/A,N/A,N/A,N/A,N/A,N/A,N/A,N/A,N/A,N/A,N/A,N/A,N/A,N/A,N/A,N/A,N/A,N/A,N/A,N/A,N/A,N/A,N/A,N/A,N/A,N/A,N/A,N/A,N/A,N/A,N/A,N/A,N/A,N/A,N/A,N/A,N/A,N/A,N/A,N/A,N/A,N/A,N/A,N/A,N/A,N/A,N/A,N/A,N/A,N/A,N/A,N/A,N/A,N/A,N/A,N/A,N/A,N/A,N/A,N/A,N/A,N/A,N/A,N/A,N/A,N/A,N/A,N/A,N/A,N/A,N/A,N/A,N/A,N/A,N/A,N/A,N/A,N/A,N/A,N/A,N/A,N/A,N/A,N/A,N/A,N/A,N/A,N/A,N/A,N/A,N/A,N/A,N/A,N/A,N/A,N/A,N/A,N/A,N/A,N/A,N/A,N/A,N/A,N/A,N/A,N/A,N/A,N/A,N/A,N/A,N/A,N/A,N/A,N/A,N/A,N/A,N/A,N/A,N/A,N/A,N/A,N/A,N/A,N/A,N/A,N/A,N/A,N/A,N/A,N/A,N/A,N/A,N/A,N/A,N/A,N/A,N/A,N/A,N/A,N/A,N/A,N/A,N/A,N/A,N/A,N/A,N/A,N/A,N/A,N/A,N/A,N/A,N/A,N/A,N/A,N/A,N/A,N/A,N/A,N/A,N/A,N/A,N/A,N/A,N/A,N/A,N/A,N/A,N/A,N/A,N/A,N/A,N/A,N/A,N/A,N/A,N/A,N/A,N/A,N/A,N/A,N/A,N/A,N/A,N/A,N/A,N/A,N/A,N/A,N/A,N/A,N/A,N/A,N/A,N/A,N/A,N/A,N/A,N/A,N/A,N/A,N/A,N/A,N/A,N/A,N/A,N/A,N/A,N/A,N/A,N/A,N/A,N/A,N/A,N/A,N/A,N/A,N/A,N/A
Joakim Aasen,18,1191826800,2007/10/08,First Division,2026,Forward,Åsane,11,2,9,Norway,4,2,2,1,1,0,0,0,0,0,0,1,1,0,1,0,1,0,0,8.18,0,8.18,45,0,11,8.18,11,3,0,0,0,-1,-1,-1,11,0,4.43,0,36,22.50,1.00,53,3,1.00,3,99,22.50,69,0.00,0.00,0.00,0,0.00,0.00,0.00,0.00,0,0.00,0.00,0.00,0.00,0.00,0.00,0.00,0.33,0.00,0.00,0.00,0.00,0.00,0.00,0.18,0.00,0.00,0.00,0.00,0,0,,0,0.00,14,0,0.00,29,0,0.00,16,0,4,0,63,0.00,99,0,0,0.00,6,0,34,0.00,16,0,0.00,99,0,0.00,0,0,0.00,0,0.00,17,0,0.00,18,0,0.00,0.00,0,0.00,0,0,0,0.00,0,1,0.00,0,7.50,99,N/A,N/A,N/A,N/A,0.00,0,0.00,0,0.55,0.00,0,100.00,0.00,29,99,0.00,0.00,0,24,24,0,0,0,0.00,0.00,0,26,13.28,0.00,0.00,0,0,0.00,0.00,99,0.00,0,0,0,0.00,0.00,0,0.00,0.00,0.00,0.00,0,0,0.00,41,0,0,39,0,0.01,39,0.00,0.08,0.55,99,0.18,4.12,8,0,0.00,0.00,0.00,0.00,9,0,4.12,99,0,8,82,0,59,10,0,0.00,99,0,0.00,0.00,7.50,0.33,1,0,2,67,0.00,0.00,0.00,0,0.00,99,0,0.00,0,0.00,99,0,0.00,0.00,34,0,73,14,0,0,0,0,0,99,99,57,99,0,99,70,23,23,0,0,23,19,0,0
João Paulo Rodrigues Barros,25,993366000,2001/06/24,First Division,2026,Defender,Raufoss,179,98,81,Portugal,3,2,1,0,0,0,0,0,0,0,0,0,0,0,8,1,7,0,0,0,0,0,0,0,0,4.02,22,60,0,0,0,-1,-1,-1,14,0,6.40,0,36,53.80,36.67,97,110,29.00,87,45,42.55,96,0.00,0.00,1.33,4,0.00,1.33,0.00,0.00,0,0.00,0.00,0.00,0.00,0.00,2.00,0.33,2.67,0.00,0.00,0.00,1.00,0.00,0.00,0.00,0.00,0.33,0.00,0.00,0,0,,0,0.00,14,0,0.00,29,0,0.00,16,1,2,1,63,0.00,99,0,6,2.93,99,4,50,1.96,88,0,0.00,99,0,0.00,0,0,0.00,0,1.96,99,3,1.47,90,1,0.49,33.33,0,0.00,0,0,0,0.00,0,8,0.00,0,3.91,97,N/A,N/A,N/A,N/A,0.00,0,0.00,0,0.00,0.00,0,79.09,0.00,29,99,0.00,0.00,0,71,28,0,0,0,0.33,0.49,1,90,19.20,2.33,3.42,7,0,0.00,0.00,99,0.00,0,0,0,0.00,0.00,0,0.00,0.00,0.00,0.00,0,0,0.00,41,0,0,39,0,0.34,70,0.11,0.17,0.00,15,0.00,0.00,84,2,0.67,0.98,0.49,0.33,53,1,0.00,15,39,92,82,0,59,41,0,0.00,99,1,0.00,0.49,6.85,4.67,14,7,69,59,3.42,2.33,50.00,0,0.00,99,0,25.00,0,0.00,99,1,0.33,0.49,81,0,59,38,0,0,0,0,0,22,39,57,51,0,99,7,23,23,0,0,23,24,0,0
Johan Flageborg Lie,19,1168156800,2007/01/07,First Division,2026,Forward,Åsane,0,0,0,Norway,0,0,0,0,0,0,0,0,0,0,0,0,0,0,0,0,0,0,0,0,0,0,0,0,0,0,0,0,0,0,0,-1,-1,-1,-1,N/A,N/A,N/A,N/A,N/A,N/A,N/A,N/A,N/A,N/A,N/A,N/A,N/A,N/A,N/A,N/A,N/A,N/A,N/A,N/A,N/A,N/A,N/A,N/A,N/A,N/A,N/A,N/A,N/A,N/A,N/A,N/A,N/A,N/A,N/A,N/A,N/A,N/A,N/A,N/A,N/A,N/A,N/A,N/A,N/A,N/A,N/A,N/A,N/A,N/A,N/A,N/A,N/A,N/A,N/A,N/A,N/A,N/A,N/A,N/A,N/A,N/A,N/A,N/A,N/A,N/A,N/A,N/A,N/A,N/A,N/A,N/A,N/A,N/A,N/A,N/A,N/A,N/A,N/A,N/A,N/A,N/A,N/A,N/A,N/A,N/A,N/A,N/A,N/A,N/A,N/A,N/A,N/A,N/A,N/A,N/A,N/A,N/A,N/A,N/A,N/A,N/A,N/A,N/A,N/A,N/A,N/A,N/A,N/A,N/A,N/A,N/A,N/A,N/A,N/A,N/A,N/A,N/A,N/A,N/A,N/A,N/A,N/A,N/A,N/A,N/A,N/A,N/A,N/A,N/A,N/A,N/A,N/A,N/A,N/A,N/A,N/A,N/A,N/A,N/A,N/A,N/A,N/A,N/A,N/A,N/A,N/A,N/A,N/A,N/A,N/A,N/A,N/A,N/A,N/A,N/A,N/A,N/A,N/A,N/A,N/A,N/A,N/A,N/A,N/A,N/A,N/A,N/A,N/A,N/A,N/A,N/A,N/A,N/A,N/A,N/A,N/A,N/A,N/A,N/A,N/A,N/A,N/A,N/A,N/A,N/A,N/A,N/A,N/A,N/A,N/A,N/A,N/A,N/A,N/A,N/A,N/A,N/A,N/A,N/A,N/A,N/A,N/A,N/A,N/A,N/A,N/A,N/A,N/A,N/A,N/A,N/A,N/A,N/A,N/A,N/A,N/A,N/A,N/A,N/A,N/A,N/A,N/A,N/A
Johan Solstad-Nøis,18,1201680000,2008/01/30,First Division,2026,Midfielder,Lyn,641,342,299,Norway,11,6,5,0,0,0,1,1,0,0,0,0,0,0,16,7,9,1,0,0.14,0.14,0,0,0,0,2.25,40,58,641,641,0.14,212,114,-1,10,0,6.69,0.09,61,77.20,49.36,99,543,43.45,478,86,67.96,99,0.00,0.00,0.64,7,0.00,0.73,0.28,0.18,2,0.00,0.36,0.00,0.00,0.00,0.73,0.73,1.36,0.00,0.57,0.36,1.00,0.00,0.00,0.02,0.00,0.18,0.00,0.00,0,0,,4,0.36,54,0,0.00,29,4,0.57,72,2,3,8,98,0.00,99,0,8,1.14,82,8,34,1.14,73,0,0.00,99,0,0.00,0,0,0.00,0,1.00,90,11,1.56,91,8,1.14,72.73,0,0.00,0,0,0,0.00,0,15,0.00,17,2.13,59,N/A,N/A,N/A,N/A,0.00,0,0.00,0,0.17,0.00,0,88.03,0.00,29,99,0.00,0.00,0,93,67,0,0,0,0.09,0.14,1,52,73.63,1.27,1.99,14,0,0.00,0.00,99,0.00,0,0,0,0.00,0.00,0,0.00,0.00,0.00,0.00,0,0,0.00,41,18,17,39,19,1.76,88,0.16,0.25,0.17,28,0.02,0.02,95,10,0.91,1.42,1.42,0.91,97,10,0.02,28,73,73,82,0,59,28,0,0.00,99,2,0.00,0.28,15.64,10.00,110,51,98,99,7.25,4.64,46.36,4,0.57,16,0,12.50,0,0.00,99,1,0.09,0.14,52,25,69,57,0,0,0,0,0,42,39,57,51,0,99,7,73,52,1,9,41,17,0,0
Johannes Kvammen,19,1188370800,2007/08/29,First Division,2026,Goalkeeper,Åsane,0,0,0,Norway,0,0,0,0,0,0,0,0,0,0,0,0,0,0,0,0,0,0,0,0,0,0,0,0,0,0,0,0,0,0,0,-1,-1,-1,-1,N/A,N/A,N/A,N/A,N/A,N/A,N/A,N/A,N/A,N/A,N/A,N/A,N/A,N/A,N/A,N/A,N/A,N/A,N/A,N/A,N/A,N/A,N/A,N/A,N/A,N/A,N/A,N/A,N/A,N/A,N/A,N/A,N/A,N/A,N/A,N/A,N/A,N/A,N/A,N/A,N/A,N/A,N/A,N/A,N/A,N/A,N/A,N/A,N/A,N/A,N/A,N/A,N/A,N/A,N/A,N/A,N/A,N/A,N/A,N/A,N/A,N/A,N/A,N/A,N/A,N/A,N/A,N/A,N/A,N/A,N/A,N/A,N/A,N/A,N/A,N/A,N/A,N/A,N/A,N/A,N/A,N/A,N/A,N/A,N/A,N/A,N/A,N/A,N/A,N/A,N/A,N/A,N/A,N/A,N/A,N/A,N/A,N/A,N/A,N/A,N/A,N/A,N/A,N/A,N/A,N/A,N/A,N/A,N/A,N/A,N/A,N/A,N/A,N/A,N/A,N/A,N/A,N/A,N/A,N/A,N/A,N/A,N/A,N/A,N/A,N/A,N/A,N/A,N/A,N/A,N/A,N/A,N/A,N/A,N/A,N/A,N/A,N/A,N/A,N/A,N/A,N/A,N/A,N/A,N/A,N/A,N/A,N/A,N/A,N/A,N/A,N/A,N/A,N/A,N/A,N/A,N/A,N/A,N/A,N/A,N/A,N/A,N/A,N/A,N/A,N/A,N/A,N/A,N/A,N/A,N/A,N/A,N/A,N/A,N/A,N/A,N/A,N/A,N/A,N/A,N/A,N/A,N/A,N/A,N/A,N/A,N/A,N/A,N/A,N/A,N/A,N/A,N/A,N/A,N/A,N/A,N/A,N/A,N/A,N/A,N/A,N/A,N/A,N/A,N/A,N/A,N/A,N/A,N/A,N/A,N/A,N/A,N/A,N/A,N/A,N/A,N/A,N/A,N/A,N/A,N/A,N/A,N/A,N/A
Jon Berisha,21,1106294400,2005/01/21,First Division,2026,Forward,Hødd,514,274,240,Norway,20,10,10,3,2,1,0,0,0,0,0,1,1,0,14,4,10,0,0,0.53,0,0.53,0.66,0.38,171,2.45,37,26,0,0,0,27,182,-1,5,0,6.16,0,36,8.14,2.50,10,40,1.88,30,29,6.11,12,0.00,0.00,0.12,2,0.00,0.00,0.00,0.00,0,0.00,0.12,0.00,0.00,0.00,0.19,0.06,1.19,2.33,1.43,0.25,0.06,0.00,0.19,0.15,0.00,0.44,0.00,0.00,0,0,,7,0.44,85,3,0.61,86,4,0.81,85,6,16,4,63,0.00,99,0,3,0.61,48,0,34,0.00,16,0,0.00,99,0,0.00,0,0,0.00,0,0.41,58,1,0.20,41,1,0.20,100.00,0,0.00,0,0,0,0.00,0,19,0.00,11,3.87,97,N/A,N/A,N/A,N/A,0.00,0,0.00,0,2.37,0.00,0,75.00,42.86,74,99,0.00,0.00,0,49,99,0,0,0,0.00,0.00,0,26,98.63,0.12,0.41,2,0,0.00,0.00,99,0.00,0,0,0,0.00,0.00,0,0.00,0.00,0.61,0.19,3,0,42.86,87,10,84,48,12,0.15,14,0.01,0.03,2.37,94,0.15,0.48,92,6,0.38,1.22,1.22,0.38,93,6,0.48,93,20,27,82,0,98,86,0,0.00,99,7,0.00,1.43,7.33,2.25,36,18,73,65,3.67,1.12,50.00,2,0.41,32,0,0.00,0,0.00,99,0,0.00,0.00,34,6,99,97,0,0,0,0,0,76,92,86,92,0,99,13,23,23,0,0,23,9,0,0
Jonas Austin Nilsen Pereira,28,896598000,1998/05/31,First Division,2026,Defender,Ranheim,1890,990,900,Norway,21,11,10,5,5,0,0,0,0,0,0,1,1,0,52,25,27,2,0,0.24,0,0.24,0.45,0,378,2.48,36,90,945,0,0.1,76,185,110,4,0,7.06,0,36,34.16,34.16,85,649,30.00,570,85,30.00,87,0.00,0.00,0.16,3,0.00,0.16,0.00,0.00,0,0.00,0.00,0.00,0.00,0.00,1.26,0.05,2.89,2.00,0.42,0.26,0.11,0.00,0.16,0.16,0.00,1.21,0.00,0.00,0,0,,8,0.42,46,3,0.16,54,5,0.26,43,0,0,21,63,0.00,99,0,24,1.26,85,3,34,0.16,27,0,0.00,99,0,0.00,0,0,0.00,0,0.16,31,2,0.11,30,1,0.05,50.00,0,0.00,0,0,0,0.00,0,55,0.00,10,2.89,87,N/A,N/A,N/A,N/A,0.00,0,0.00,0,3.13,0.00,0,87.83,37.50,61,99,0.00,0.00,0,28,40,0,0,0,0.79,0.79,15,98,134.18,2.37,2.37,45,0,0.00,0.00,99,0.00,0,0,0,0.00,0.00,0,0.00,0.00,0.00,0.00,0,0,50.00,92,99,99,65,10,1.16,32,0.06,0.06,3.13,71,0.16,0.16,20,3,0.16,0.16,0.21,0.21,20,4,0.16,71,94,79,82,0,59,79,0,0.00,99,23,0.00,1.21,4.05,4.05,77,43,36,24,2.26,2.26,55.84,0,0.00,99,0,0.00,0,0.00,99,0,0.00,0.00,34,99,36,14,0,0,0,0,0,58,75,57,84,0,99,13,91,37,2,10,50,19,0,0
Jonas Brune Aune,23,1061362800,2003/08/20,First Division,2026,Forward,Sandnes Ulf,317,134,183,Norway,10,5,5,0,0,0,1,1,0,0,0,3,2,1,4,1,3,1,0,0.28,0.28,0,0,0,0,1.14,79,32,317,317,0.28,214,51,-1,14,0,5.84,0.1,83,20.19,7.20,48,72,5.00,50,12,14.02,41,0.00,0.00,0.20,2,0.00,0.80,0.28,0.10,1,0.00,0.50,0.00,0.00,0.00,0.10,0.60,0.50,0.00,1.68,0.40,0.90,0.00,0.20,0.04,0.00,0.30,0.00,0.00,0,0,,6,0.60,89,2,0.56,84,4,1.12,93,3,7,3,98,0.00,99,0,1,0.28,23,8,50,2.24,93,0,0.00,99,0,0.00,0,0,0.00,0,0.56,70,9,2.52,96,6,1.68,66.67,0,0.00,0,0,0,0.00,0,5,0.00,93,1.40,14,N/A,N/A,N/A,N/A,0.00,0,0.00,0,0.41,0.00,0,69.44,33.33,56,99,0.00,0.00,0,97,59,0,0,0,0.00,0.00,0,26,58.37,0.20,0.56,2,0,0.00,0.00,99,0.00,0,0,0,0.00,0.00,0,0.00,0.00,0.28,0.10,1,0,0.00,41,0,12,39,93,0.74,80,0.07,0.21,0.41,61,0.04,0.11,97,6,0.60,1.68,2.24,0.80,99,8,0.11,60,10,36,82,0,89,64,0,0.00,99,3,0.00,0.84,12.90,4.60,46,19,91,95,5.33,1.90,41.30,5,1.40,1,0,25.00,0,0.00,99,2,0.20,0.56,83,2,88,79,0,0,0,0,0,60,39,57,51,0,99,85,37,86,1,10,50,20,0,0
Jonas Dalen Korsaksel,18,1211785200,2008/05/26,First Division,2026,Midfielder,Raufoss,65,41,24,Norway,3,2,1,0,0,0,0,0,0,0,0,1,1,0,0,0,0,0,0,0,0,0,0,0,0,0,0,22,0,0,0,-1,-1,-1,22,0,3.83,0,36,10.53,2.20,18,11,1.40,7,5,6.70,14,0.00,0.00,0.20,1,0.00,0.00,0.00,0.00,0,0.00,0.20,0.00,0.00,0.00,0.40,0.20,0.40,0.00,0.96,0.20,0.20,0.00,0.00,0.01,0.00,0.20,0.00,0.00,0,0,,1,0.20,72,0,0.00,29,1,0.96,89,0,3,0,63,0.00,99,0,2,1.91,98,0,34,0.00,16,0,0.00,99,0,0.00,0,0,0.00,0,0.96,89,1,0.96,78,1,0.96,100.00,0,0.00,0,0,0,0.00,0,2,0.00,99,1.91,48,N/A,N/A,N/A,N/A,0.00,0,0.00,0,0.06,0.00,0,63.64,0.00,29,99,0.00,0.00,0,89,99,0,0,0,0.20,0.96,1,99,19.14,0.20,0.96,1,0,0.00,0.00,99,0.00,0,0,0,0.00,0.00,0,0.00,0.00,0.00,0.00,0,0,0.00,41,0,0,39,0,0.06,32,0.01,0.06,0.06,46,0.01,0.06,82,1,0.20,0.96,0.00,0.00,9,0,0.06,45,0,53,82,0,59,69,0,0.00,99,1,0.00,0.96,8.62,1.80,9,7,97,78,6.70,1.40,77.78,1,0.96,3,0,0.00,0,0.00,99,0,0.00,0.00,34,0,69,14,0,0,0,0,0,22,39,57,51,0,99,91,23,23,0,0,23,30,0,0
Jonas Sörensen Selnaes,21,1100937600,2004/11/20,First Division,2026,Midfielder,Moss,523,289,234,Norway,14,8,6,0,0,0,0,0,0,0,0,1,1,0,12,5,7,0,0,0,0,0,0,0,0,2.07,44,37,0,0,0,193,191,-1,18,0,5.44,0,36,12.79,5.43,24,76,4.64,65,75,10.93,27,0.00,0.00,0.00,0,0.00,0.07,0.00,0.00,0,0.00,0.07,0.00,0.00,0.00,0.07,0.00,0.93,0.00,0.17,0.07,0.07,0.00,0.00,0.00,0.00,0.00,0.00,0.00,0,0,,1,0.07,26,0,0.00,29,1,0.17,32,1,11,3,63,0.00,99,0,1,0.17,17,1,34,0.17,27,0,0.00,99,0,0.00,0,0,0.00,0,0.00,17,1,0.17,37,0,0.00,0.00,0,0.00,0,0,0,0.00,0,13,0.00,31,2.19,62,N/A,N/A,N/A,N/A,0.00,0,0.00,0,0.04,0.00,0,85.53,0.00,29,99,0.00,0.00,0,24,24,0,0,0,0.07,0.17,1,59,76.14,0.36,0.84,5,0,0.00,0.00,99,0.00,0,0,0,0.00,0.00,0,0.00,0.00,0.00,0.00,0,0,0.00,41,10,27,39,33,0.15,14,0.01,0.03,0.04,23,0.00,0.01,37,2,0.14,0.34,0.00,0.00,9,0,0.01,23,5,47,82,0,59,10,0,0.00,99,0,0.00,0.00,2.69,1.14,16,7,17,15,1.18,0.50,43.75,1,0.17,55,0,0.00,0,0.00,99,0,0.00,0.00,34,2,96,38,0,0,0,0,0,22,39,57,51,0,99,18,23,23,0,0,23,23,0,0
Jonas Øvstun Jørgensen,20,1145948400,2006/04/25,First Division,2026,Midfielder,Egersund,0,0,0,Norway,0,0,0,0,0,0,0,0,0,0,0,0,0,0,0,0,0,0,0,0,0,0,0,0,0,0,0,0,0,0,0,-1,-1,-1,-1,N/A,N/A,N/A,N/A,N/A,N/A,N/A,N/A,N/A,N/A,N/A,N/A,N/A,N/A,N/A,N/A,N/A,N/A,N/A,N/A,N/A,N/A,N/A,N/A,N/A,N/A,N/A,N/A,N/A,N/A,N/A,N/A,N/A,N/A,N/A,N/A,N/A,N/A,N/A,N/A,N/A,N/A,N/A,N/A,N/A,N/A,N/A,N/A,N/A,N/A,N/A,N/A,N/A,N/A,N/A,N/A,N/A,N/A,N/A,N/A,N/A,N/A,N/A,N/A,N/A,N/A,N/A,N/A,N/A,N/A,N/A,N/A,N/A,N/A,N/A,N/A,N/A,N/A,N/A,N/A,N/A,N/A,N/A,N/A,N/A,N/A,N/A,N/A,N/A,N/A,N/A,N/A,N/A,N/A,N/A,N/A,N/A,N/A,N/A,N/A,N/A,N/A,N/A,N/A,N/A,N/A,N/A,N/A,N/A,N/A,N/A,N/A,N/A,N/A,N/A,N/A,N/A,N/A,N/A,N/A,N/A,N/A,N/A,N/A,N/A,N/A,N/A,N/A,N/A,N/A,N/A,N/A,N/A,N/A,N/A,N/A,N/A,N/A,N/A,N/A,N/A,N/A,N/A,N/A,N/A,N/A,N/A,N/A,N/A,N/A,N/A,N/A,N/A,N/A,N/A,N/A,N/A,N/A,N/A,N/A,N/A,N/A,N/A,N/A,N/A,N/A,N/A,N/A,N/A,N/A,N/A,N/A,N/A,N/A,N/A,N/A,N/A,N/A,N/A,N/A,N/A,N/A,N/A,N/A,N/A,N/A,N/A,N/A,N/A,N/A,N/A,N/A,N/A,N/A,N/A,N/A,N/A,N/A,N/A,N/A,N/A,N/A,N/A,N/A,N/A,N/A,N/A,N/A,N/A,N/A,N/A,N/A,N/A,N/A,N/A,N/A,N/A,N/A,N/A,N/A,N/A,N/A,N/A,N/A
Jonathan Langseth Harveg,17,1235635200,2009/02/26,First Division,2026,Forward,Moss,5,5,0,Norway,2,1,1,0,0,0,0,0,0,0,0,0,0,0,0,0,0,0,0,0,0,0,0,0,0,0,0,3,0,0,0,-1,-1,-1,14,0,6.55,0,36,24.55,1.50,60,3,0.50,1,2,8.18,20,0.00,0.00,0.00,0,0.00,0.50,0.00,0.00,0,0.00,0.00,0.00,0.00,0.00,0.00,0.00,0.00,0.00,8.18,0.00,0.00,0.00,0.50,0.07,0.00,0.00,0.00,0.00,0,0,,1,0.50,99,1,8.18,99,0,0.00,16,0,2,0,63,0.00,99,0,0,0.00,6,1,34,8.18,99,0,0.00,99,0,0.00,0,0,0.00,0,0.00,17,0,0.00,18,0,0.00,0.00,0,0.00,0,0,0,0.00,0,0,0.00,99,0.00,0,N/A,N/A,N/A,N/A,0.00,0,0.00,0,0.15,0.00,0,33.33,100.00,99,99,0.00,0.00,0,24,24,0,0,0,0.00,0.00,0,26,13.11,0.00,0.00,0,0,0.00,0.00,99,0.00,0,0,0,0.00,0.00,0,0.00,0.00,0.00,0.00,0,0,0.00,41,0,0,39,0,0.00,3,0.00,0.00,0.15,99,0.07,1.23,8,0,0.00,0.00,16.36,1.00,99,2,1.23,99,56,8,82,0,59,10,0,0.00,99,0,0.00,0.00,24.55,1.50,3,0,2,99,0.00,0.00,0.00,0,0.00,99,0,0.00,0,0.00,99,0,0.00,0.00,34,0,59,14,0,0,0,0,0,22,39,57,51,0,99,7,23,23,0,0,23,31,0,0
Jonathan Roaas Engen,19,1183186800,2007/06/30,First Division,2026,Defender,Odd,0,0,0,Norway,0,0,0,0,0,0,0,0,0,0,0,0,0,0,0,0,0,0,0,0,0,0,0,0,0,0,0,0,0,0,0,-1,-1,-1,-1,N/A,N/A,N/A,N/A,N/A,N/A,N/A,N/A,N/A,N/A,N/A,N/A,N/A,N/A,N/A,N/A,N/A,N/A,N/A,N/A,N/A,N/A,N/A,N/A,N/A,N/A,N/A,N/A,N/A,N/A,N/A,N/A,N/A,N/A,N/A,N/A,N/A,N/A,N/A,N/A,N/A,N/A,N/A,N/A,N/A,N/A,N/A,N/A,N/A,N/A,N/A,N/A,N/A,N/A,N/A,N/A,N/A,N/A,N/A,N/A,N/A,N/A,N/A,N/A,N/A,N/A,N/A,N/A,N/A,N/A,N/A,N/A,N/A,N/A,N/A,N/A,N/A,N/A,N/A,N/A,N/A,N/A,N/A,N/A,N/A,N/A,N/A,N/A,N/A,N/A,N/A,N/A,N/A,N/A,N/A,N/A,N/A,N/A,N/A,N/A,N/A,N/A,N/A,N/A,N/A,N/A,N/A,N/A,N/A,N/A,N/A,N/A,N/A,N/A,N/A,N/A,N/A,N/A,N/A,N/A,N/A,N/A,N/A,N/A,N/A,N/A,N/A,N/A,N/A,N/A,N/A,N/A,N/A,N/A,N/A,N/A,N/A,N/A,N/A,N/A,N/A,N/A,N/A,N/A,N/A,N/A,N/A,N/A,N/A,N/A,N/A,N/A,N/A,N/A,N/A,N/A,N/A,N/A,N/A,N/A,N/A,N/A,N/A,N/A,N/A,N/A,N/A,N/A,N/A,N/A,N/A,N/A,N/A,N/A,N/A,N/A,N/A,N/A,N/A,N/A,N/A,N/A,N/A,N/A,N/A,N/A,N/A,N/A,N/A,N/A,N/A,N/A,N/A,N/A,N/A,N/A,N/A,N/A,N/A,N/A,N/A,N/A,N/A,N/A,N/A,N/A,N/A,N/A,N/A,N/A,N/A,N/A,N/A,N/A,N/A,N/A,N/A,N/A,N/A,N/A,N/A,N/A,N/A,N/A
Jonathan Vonheim Norbye,19,1174892400,2007/03/26,First Division,2026,Defender,Haugesund,270,180,90,Norway,3,2,1,2,1,1,0,0,0,0,0,3,2,1,0,0,0,1,0,0.67,0,0.67,0.5,1,135,0,0,90,270,0,0.33,-1,-1,-1,7,0,7.33,0,36,70.00,70.00,99,210,60.33,181,79,60.33,99,0.00,0.00,0.00,0,0.00,0.00,0.00,0.00,0,0.00,0.33,0.00,0.00,0.00,1.67,0.00,0.00,2.00,1.33,0.67,0.00,0.00,0.67,0.49,0.00,3.00,0.00,0.00,0,0,,4,1.33,82,2,0.67,88,2,0.67,77,0,0,3,63,0.00,99,0,5,1.67,95,0,34,0.00,16,0,0.00,99,0,0.00,0,0,0.00,0,0.00,17,0,0.00,18,0,0.00,0.00,0,0.00,0,0,0,0.00,0,0,0.00,99,0.00,0,N/A,N/A,N/A,N/A,0.00,0,0.00,0,1.48,0.00,0,86.19,50.00,86,99,0.00,0.00,0,24,24,0,0,0,0.33,0.33,1,81,21.99,5.33,5.33,16,0,0.00,0.00,99,0.00,0,0,1,0.33,0.33,0,0.00,0.00,0.00,0.00,0,0,50.00,92,0,0,45,0,0.35,55,0.12,0.12,1.48,94,0.49,0.49,67,2,0.67,0.67,1.67,1.67,99,5,0.49,94,98,99,99,0,59,99,0,0.00,99,9,0.00,3.00,11.00,11.00,33,19,96,90,6.33,6.33,57.58,1,0.33,39,0,0.00,0,0.00,99,0,0.00,0.00,34,2,36,14,0,0,0,0,0,85,95,98,87,0,99,99,32,91,1,33,97,23,0,0
Jostein Ekeland,29,869727600,1997/07/24,First Division,2026,Forward,Egersund,909,480,429,Norway,15,8,7,3,1,2,2,2,0,0,0,6,4,2,14,5,9,1,0,0.5,0.2,0.3,0.19,0.42,303,1.39,65,61,909,455,0.1,66,84,-1,5,0,6.72,0.13,71,15.25,10.27,30,154,8.40,126,58,12.48,32,0.00,0.00,0.67,10,0.00,1.27,0.00,0.00,0,0.00,0.53,0.00,0.00,0.00,0.53,0.40,1.00,3.67,1.09,0.33,0.53,0.00,0.40,0.18,0.00,0.13,0.00,0.00,0,0,,11,0.73,76,6,0.59,86,5,0.50,65,5,1,14,63,0.00,99,0,8,0.79,62,19,70,1.88,88,0,0.00,99,0,0.00,0,0,0.00,0,0.99,90,8,0.79,73,6,0.59,75.00,0,0.00,0,0,0,0.00,0,15,0.00,74,1.49,23,N/A,N/A,N/A,N/A,0.00,0,0.00,0,2.76,0.00,0,81.82,54.55,88,99,0.00,0.00,0,75,70,0,0,0,0.00,0.00,0,26,100.80,0.13,0.20,2,0,0.00,0.00,99,0.00,0,0,1,0.07,0.10,0,0.00,0.00,0.30,0.20,3,0,27.27,73,34,33,61,74,1.82,72,0.12,0.18,2.76,80,0.18,0.27,59,6,0.40,0.59,0.79,0.53,73,8,0.27,78,75,17,96,0,90,24,0,0.00,99,2,0.00,0.20,8.12,5.47,82,27,50,75,2.67,1.80,32.93,8,0.79,6,0,36.84,0,0.00,99,7,0.47,0.69,89,49,48,95,0,0,0,0,0,73,79,88,66,0,99,99,88,37,1,7,36,16,0,0
Julian Lerato Gunnerød,21,1095231600,2004/09/15,First Division,2026,Defender,Odd,9,9,0,Norway,3,3,0,0,0,0,0,0,0,0,0,1,1,0,0,0,0,0,0,0,0,0,0,0,0,0,0,3,0,0,0,-1,-1,-1,20,0,0.00,0,36,36.00,1.33,88,4,1.33,4,99,36.00,93,0.00,0.00,0.00,0,0.00,0.00,0.00,0.00,0,0.00,0.00,0.00,0.00,0.00,0.00,0.00,0.00,0.00,0.00,0.00,0.00,0.00,0.00,0.00,0.00,0.00,0.00,0.00,0,0,,0,0.00,14,0,0.00,29,0,0.00,16,0,3,0,63,0.00,99,0,0,0.00,6,0,34,0.00,16,0,0.00,99,0,0.00,0,0,0.00,0,0.00,17,0,0.00,18,0,0.00,0.00,0,0.00,0,0,0,0.00,0,0,0.00,99,0.00,0,N/A,N/A,N/A,N/A,0.00,0,0.00,0,0.00,0.00,0,100.00,0.00,29,99,0.00,0.00,0,24,24,0,0,0,0.00,0.00,0,26,0.00,0.00,0.00,0,0,0.00,0.00,99,0.00,0,0,0,0.00,0.00,0,0.00,0.00,0.00,0.00,0,0,0.00,41,0,0,39,0,0.01,43,0.00,0.09,0.00,15,0.00,0.00,8,0,0.00,0.00,0.00,0.00,9,0,0.00,15,0,8,82,0,59,10,0,0.00,99,0,0.00,0.00,0.00,0.00,0,0,2,2,0.00,0.00,0.00,0,0.00,99,0,0.00,0,0.00,99,0,0.00,0.00,34,0,69,14,0,0,0,0,0,22,39,57,51,0,99,91,23,23,0,0,23,14,0,0
Julian Lægreid,19,1173340800,2007/03/08,First Division,2026,Forward,Moss,1506,663,843,Norway,18,8,10,5,4,1,8,2,6,0,0,1,1,0,34,12,22,3,0,0.78,0.48,0.3,0.54,0.11,301,2.03,44,84,502,188,0.18,67,12,-1,3,0,7.01,0.44,97,16.67,15.50,36,279,11.78,212,32,12.67,34,0.00,0.00,1.17,21,0.00,1.39,0.12,0.11,2,0.00,0.50,0.00,0.00,0.00,0.33,1.22,2.00,5.40,1.61,0.61,1.72,0.00,0.89,0.31,0.00,0.28,0.00,0.00,0,0,,27,1.50,88,16,0.96,95,11,0.66,76,0,2,16,86,0.00,99,0,6,0.36,28,25,67,1.49,80,0,0.00,99,0,0.00,0,0,0.00,0,1.25,96,31,1.85,93,22,1.31,70.97,0,0.00,0,0,0,0.00,0,36,0.00,33,2.15,60,N/A,N/A,N/A,N/A,0.00,0,0.00,0,5.55,0.00,0,75.99,59.26,91,99,0.00,0.00,0,94,62,0,0,0,0.06,0.06,1,33,126.24,0.22,0.24,4,0,0.00,0.00,99,0.00,0,0,1,0.06,0.06,0,0.00,0.00,0.06,0.06,1,0,18.52,56,65,56,61,33,6.06,96,0.34,0.36,5.55,86,0.31,0.33,75,13,0.72,0.78,0.36,0.33,39,6,0.33,83,92,19,91,0,68,29,0,0.00,99,5,0.00,0.30,5.86,5.44,98,48,55,47,2.87,2.67,48.98,9,0.54,19,0,36.00,0,0.00,99,9,0.50,0.54,82,61,59,14,0,0,0,0,0,90,79,62,88,0,99,17,59,66,3,17,77,7,0,0
Julian Mikalsen Kristengård,24,1031814000,2002/09/12,First Division,2026,Forward,Strømmen,634,416,218,Norway,20,10,10,3,2,1,2,0,2,0,0,2,2,0,10,5,5,0,0,0.71,0.28,0.43,0.43,0.41,211,1.42,63,32,0,317,0,42,50,-1,2,0,5.98,0.1,83,11.29,4.21,20,80,2.68,51,6,7.19,17,0.00,0.00,0.42,8,0.00,0.21,0.00,0.00,0,0.00,0.11,0.00,0.00,0.00,0.32,0.11,0.74,3.67,1.55,0.21,0.21,0.00,0.37,0.15,0.00,0.42,0.00,0.00,0,0,,11,0.58,87,7,0.99,95,4,0.56,70,4,15,5,63,0.00,99,0,6,0.85,66,4,92,0.56,54,0,0.00,99,0,0.00,0,0,0.00,0,1.13,95,4,0.56,65,2,0.28,50.00,0,0.00,0,0,0,0.00,0,14,0.00,72,1.97,50,N/A,N/A,N/A,N/A,0.00,0,0.00,0,2.87,0.00,0,63.75,63.64,93,99,0.00,0.00,0,59,40,0,0,0,0.00,0.00,0,26,113.68,0.16,0.42,3,0,0.00,0.00,99,0.00,0,0,0,0.00,0.00,0,0.00,0.00,0.00,0.00,0,0,27.27,73,18,84,53,72,1.64,86,0.09,0.23,2.87,89,0.15,0.40,46,3,0.16,0.42,0.14,0.05,15,1,0.40,88,14,28,82,0,59,77,0,0.00,99,8,0.00,1.13,8.61,3.21,61,28,78,78,3.95,1.47,45.90,2,0.28,43,0,50.00,0,0.00,99,2,0.11,0.28,64,10,99,89,0,0,0,0,0,86,87,88,83,0,99,29,23,23,0,0,23,14,0,0
Julius Skaug,28,889344000,1998/03/08,First Division,2026,Midfielder,Lyn,865,496,369,Norway,18,11,7,4,4,0,1,0,1,0,0,3,1,2,17,13,4,2,0,0.52,0.1,0.42,0.73,0,216,1.77,51,48,433,865,0.21,45,136,-1,4,0,7.08,0.06,52,26.26,13.00,64,208,10.12,162,41,20.45,61,0.00,0.00,0.19,3,0.00,0.31,0.13,0.06,1,0.00,0.31,0.00,0.00,0.00,0.00,0.50,1.31,3.00,1.51,0.12,0.50,0.00,0.62,0.23,0.00,0.25,0.00,0.00,0,0,,12,0.75,86,10,1.26,99,2,0.25,41,3,8,10,89,0.00,99,0,0,0.00,6,5,39,0.63,57,0,0.00,99,0,0.00,0,0,0.00,0,0.38,54,8,1.01,80,8,1.01,100.00,0,0.00,0,0,0,0.00,0,21,0.00,44,2.65,82,N/A,N/A,N/A,N/A,0.00,0,0.00,0,3.71,0.00,0,77.88,83.33,98,99,0.00,0.00,0,90,99,0,0,0,0.06,0.13,1,50,113.32,0.12,0.25,2,0,0.00,0.00,99,0.00,0,0,0,0.00,0.00,0,0.00,0.00,0.00,0.00,0,0,33.33,80,31,56,54,44,1.03,59,0.06,0.13,3.71,93,0.23,0.47,99,16,1.00,2.02,0.88,0.44,80,7,0.47,93,95,20,82,0,59,41,0,0.00,99,4,0.00,0.50,9.72,4.81,77,42,91,85,5.30,2.62,54.55,5,0.63,12,0,20.00,0,0.00,99,1,0.06,0.13,51,33,92,79,1,1,1,6,6,75,86,57,94,0,99,52,50,75,2,11,56,21,0,0
Jørgen Skjelvik,35,678697200,1991/07/05,First Division,2026,Defender,Stabæk,673,366,307,Norway,14,7,7,0,0,0,1,1,0,0,0,6,4,2,8,3,5,0,0,0.13,0.13,0,0,0,0,1.07,84,48,0,673,0,271,119,4,24,0,6.31,0.07,59,79.69,42.50,99,595,38.50,539,97,72.19,99,0.00,0.00,0.14,2,0.00,0.14,0.13,0.07,1,0.00,0.00,0.00,0.00,0.00,1.14,0.14,0.64,0.00,0.13,0.07,0.14,0.00,0.00,0.00,0.00,1.21,0.00,0.00,0,0,,1,0.07,22,0,0.00,29,1,0.13,27,3,7,7,89,0.00,99,0,16,2.14,99,2,34,0.27,34,0,0.00,99,0,0.00,0,0,0.00,0,0.27,45,2,0.27,46,2,0.27,100.00,0,0.00,0,0,0,0.00,0,9,0.00,98,1.21,4,N/A,N/A,N/A,N/A,0.00,0,0.00,0,0.04,0.00,0,90.59,0.00,29,99,0.00,0.00,0,57,99,0,0,0,0.36,0.67,5,95,88.29,2.50,4.69,35,0,0.00,0.00,99,0.00,0,0,0,0.00,0.00,0,0.00,0.00,0.00,0.00,0,0,0.00,41,20,27,39,98,1.83,88,0.13,0.25,0.04,23,0.00,0.01,91,9,0.64,1.21,0.40,0.21,44,3,0.01,23,29,99,82,0,59,95,0,0.00,99,17,0.00,2.28,10.04,5.36,75,46,95,88,6.16,3.29,61.33,0,0.00,99,0,0.00,0,0.00,99,0,0.00,0.00,34,21,88,79,0,0,0,0,0,40,39,57,51,0,99,99,23,23,0,0,23,5,0,0
Jørgen Vedal Sjøl,26,966582000,2000/08/18,First Division,2026,Defender,Raufoss,1554,810,744,Norway,18,9,9,0,0,0,3,3,0,0,0,2,2,0,36,13,23,1,0,0.17,0.17,0,0,0,0,2.08,43,86,1554,518,0.06,260,96,89,19,0,6.27,0.17,68,14.37,13.78,27,248,9.39,169,9,9.79,25,0.00,0.00,0.72,13,0.00,1.61,0.00,0.00,0,0.00,0.39,0.00,0.00,0.00,0.50,0.33,2.22,0.00,0.00,0.00,0.67,0.00,0.00,0.00,0.00,0.11,0.00,0.00,0,0,,0,0.00,14,0,0.00,29,0,0.00,16,5,0,18,63,0.00,99,0,9,0.52,39,29,52,1.68,85,0,0.00,99,0,0.00,0,0,0.00,0,0.75,80,12,0.70,69,6,0.35,50.00,0,0.00,0,0,0,0.00,0,40,0.00,29,2.32,71,N/A,N/A,N/A,N/A,0.00,0,0.00,0,0.00,0.00,0,68.15,0.00,29,99,0.00,0.00,0,64,40,0,0,0,0.22,0.23,4,70,112.95,0.67,0.70,12,0,0.00,0.00,99,0.00,0,0,0,0.00,0.00,0,0.00,0.00,0.06,0.06,1,0,0.00,41,70,56,39,30,2.57,64,0.14,0.15,0.00,15,0.00,0.00,21,3,0.17,0.17,0.29,0.28,29,5,0.00,15,24,42,82,0,68,16,0,0.00,99,2,0.00,0.12,4.81,4.61,83,26,21,34,1.51,1.44,31.33,7,0.41,32,0,27.59,0,0.00,99,8,0.44,0.46,77,75,36,95,0,0,0,0,0,48,39,57,51,0,99,35,95,30,1,6,34,2,0,0
Kacper Bieszczad,24,1031727600,2002/09/11,First Division,2026,Goalkeeper,Sogndal,0,0,0,Poland,0,0,0,0,0,0,0,0,0,0,0,0,0,0,0,0,0,0,0,0,0,0,0,0,0,0,0,0,0,0,0,-1,-1,-1,-1,N/A,N/A,N/A,N/A,N/A,N/A,N/A,N/A,N/A,N/A,N/A,N/A,N/A,N/A,N/A,N/A,N/A,N/A,N/A,N/A,N/A,N/A,N/A,N/A,N/A,N/A,N/A,N/A,N/A,N/A,N/A,N/A,N/A,N/A,N/A,N/A,N/A,N/A,N/A,N/A,N/A,N/A,N/A,N/A,N/A,N/A,N/A,N/A,N/A,N/A,N/A,N/A,N/A,N/A,N/A,N/A,N/A,N/A,N/A,N/A,N/A,N/A,N/A,N/A,N/A,N/A,N/A,N/A,N/A,N/A,N/A,N/A,N/A,N/A,N/A,N/A,N/A,N/A,N/A,N/A,N/A,N/A,N/A,N/A,N/A,N/A,N/A,N/A,N/A,N/A,N/A,N/A,N/A,N/A,N/A,N/A,N/A,N/A,N/A,N/A,N/A,N/A,N/A,N/A,N/A,N/A,N/A,N/A,N/A,N/A,N/A,N/A,N/A,N/A,N/A,N/A,N/A,N/A,N/A,N/A,N/A,N/A,N/A,N/A,N/A,N/A,N/A,N/A,N/A,N/A,N/A,N/A,N/A,N/A,N/A,N/A,N/A,N/A,N/A,N/A,N/A,N/A,N/A,N/A,N/A,N/A,N/A,N/A,N/A,N/A,N/A,N/A,N/A,N/A,N/A,N/A,N/A,N/A,N/A,N/A,N/A,N/A,N/A,N/A,N/A,N/A,N/A,N/A,N/A,N/A,N/A,N/A,N/A,N/A,N/A,N/A,N/A,N/A,N/A,N/A,N/A,N/A,N/A,N/A,N/A,N/A,N/A,N/A,N/A,N/A,N/A,N/A,N/A,N/A,N/A,N/A,N/A,N/A,N/A,N/A,N/A,N/A,N/A,N/A,N/A,N/A,N/A,N/A,N/A,N/A,N/A,N/A,N/A,N/A,N/A,N/A,N/A,N/A,N/A,N/A,N/A,N/A,N/A,N/A
Kaloyan Kalinov Kostadinov,24,1026975600,2002/07/18,First Division,2026,Midfielder,Sandnes Ulf,689,360,329,Norway,9,4,5,0,0,0,1,1,0,0,0,1,1,0,10,8,2,2,1,0.13,0.13,0,0,0,0,1.31,69,77,230,689,0.39,171,118,-1,19,0,6.59,0.11,59,24.45,20.56,59,185,17.67,159,77,21.01,64,0.00,0.00,0.78,7,0.00,0.00,0.13,0.11,1,0.00,0.44,0.00,0.00,0.00,0.56,0.67,1.22,0.00,0.66,0.33,0.78,0.00,0.22,0.04,0.00,0.44,0.00,0.00,0,0,,5,0.56,59,2,0.26,65,3,0.40,58,2,1,8,89,0.00,99,0,5,0.66,53,0,34,0.00,16,0,0.00,99,0,0.00,0,0,0.00,0,0.93,88,7,0.93,77,6,0.79,85.71,0,0.00,0,0,0,0.00,0,11,0.00,80,1.45,19,N/A,N/A,N/A,N/A,0.00,0,0.00,0,0.34,0.00,0,85.95,40.00,65,99,0.00,0.00,0,85,76,0,0,0,0.56,0.66,5,94,59.27,0.78,0.93,7,0,0.00,0.00,99,0.00,0,0,0,0.00,0.00,0,0.00,0.00,0.00,0.00,0,0,0.00,41,21,8,39,80,1.18,68,0.13,0.16,0.34,36,0.04,0.04,66,5,0.56,0.66,0.26,0.22,23,2,0.04,35,62,52,82,0,59,43,0,0.00,99,4,0.00,0.53,7.14,6.00,54,24,63,63,3.17,2.67,44.44,4,0.53,21,0,0.00,0,0.00,99,0,0.00,0.00,34,25,48,57,0,0,0,0,0,40,39,57,51,0,99,35,29,94,1,11,56,10,0,0
Karl Martin Rolstad,25,980928000,2001/01/31,First Division,2026,Defender,Ranheim,580,270,310,Norway,7,3,4,0,0,0,0,0,0,0,0,0,0,0,18,11,7,0,0,0,0,0,0,0,0,2.79,32,83,0,0,0,206,176,119,13,0,6.34,0,36,45.16,41.57,95,291,35.14,246,71,38.17,95,0.00,0.00,0.71,5,0.00,2.29,0.00,0.00,0,0.00,0.57,0.00,0.00,0.00,1.57,0.29,2.86,0.00,0.93,0.29,0.43,0.00,0.57,0.08,0.00,1.29,0.00,0.00,0,0,,6,0.86,71,4,0.62,87,2,0.31,47,0,1,6,63,0.00,99,0,11,1.71,96,16,92,2.48,96,0,0.00,99,0,0.00,0,0,0.00,0,0.78,82,3,0.47,61,2,0.31,66.67,0,0.00,0,0,0,0.00,0,20,0.00,3,3.10,91,N/A,N/A,N/A,N/A,0.00,0,0.00,0,0.53,0.00,0,84.54,66.67,96,99,0.00,0.00,0,61,59,0,0,0,0.29,0.31,2,79,44.37,3.14,3.41,22,1,0.00,0.16,0,0.14,0,0,0,0.00,0.00,0,0.00,0.00,0.00,0.00,0,0,0.00,41,15,5,39,3,0.70,50,0.10,0.11,0.53,52,0.08,0.08,94,9,1.29,1.40,0.78,0.71,72,5,0.08,52,31,91,82,0,59,85,0,0.00,99,9,0.00,1.40,11.64,10.71,75,38,95,93,5.90,5.43,50.67,4,0.62,13,0,50.00,0,0.00,99,8,1.14,1.24,99,16,48,14,0,0,0,0,0,22,39,57,51,0,99,7,23,23,0,0,23,15,0,0
Karsten Arman Ekorness,20,1152255600,2006/07/07,First Division,2026,Defender,Stabæk,1887,897,990,Norway,21,10,11,2,1,1,3,1,2,0,0,8,4,4,25,12,13,3,0,0.24,0.14,0.1,0.1,0.09,944,1.19,75,90,629,629,0.14,134,115,13,12,0,6.64,0.14,61,43.50,43.43,94,912,37.86,795,83,37.92,95,0.00,0.00,0.62,13,0.00,1.71,0.19,0.19,4,0.00,0.19,0.00,0.00,0.00,0.86,0.19,1.24,4.50,0.43,0.29,0.24,0.00,0.14,0.09,0.00,1.19,0.00,0.00,0,0,,9,0.43,46,3,0.14,48,6,0.29,45,1,0,21,95,0.00,99,0,18,0.86,68,36,92,1.72,86,0,0.00,99,0,0.00,0,0,0.00,0,0.62,73,5,0.24,45,4,0.19,80.00,0,0.00,0,0,0,0.00,0,26,0.00,92,1.24,6,N/A,N/A,N/A,N/A,0.00,0,0.00,0,1.87,0.00,0,87.17,33.33,56,99,0.00,0.00,0,48,71,0,0,0,0.14,0.14,3,52,139.36,2.05,2.05,43,0,0.00,0.00,99,0.00,0,0,1,0.05,0.05,0,0.00,0.00,0.00,0.00,0,0,22.22,64,97,99,87,90,3.88,75,0.18,0.19,1.87,55,0.09,0.09,73,16,0.76,0.76,0.67,0.67,66,14,0.09,54,68,75,88,0,59,79,0,0.00,99,25,0.00,1.19,8.06,8.05,169,85,80,74,4.05,4.05,50.30,4,0.19,52,0,50.00,0,0.00,99,18,0.86,0.86,94,99,36,38,0,0,0,0,0,58,54,58,54,0,99,97,72,52,3,14,67,29,0,0
Kasper Andersen,28,875343600,1997/09/27,First Division,2026,Forward,Odd,577,260,317,Denmark,7,3,4,1,1,0,2,0,2,0,0,1,0,1,13,3,10,0,0,0.47,0.31,0.16,0.35,0,577,2.03,44,82,0,289,0,98,39,-1,10,0,6.70,0.29,86,35.62,32.57,87,228,25.86,181,47,28.28,84,0.00,0.00,0.71,5,0.00,1.29,0.00,0.00,0,0.00,1.00,0.00,0.00,0.00,0.43,0.00,1.86,17.00,2.66,1.43,0.43,0.00,1.00,0.26,0.00,0.71,0.00,0.00,0,0,,17,2.43,99,7,1.09,97,10,1.56,98,2,0,7,63,0.00,99,0,3,0.47,35,9,93,1.41,77,0,0.00,99,0,0.00,0,0,0.00,0,0.78,82,3,0.47,61,0,0.00,0.00,0,0.00,0,0,0,0.00,0,13,0.00,33,2.03,55,N/A,N/A,N/A,N/A,0.00,0,0.00,0,1.85,0.00,0,79.39,41.18,67,99,0.00,0.00,0,24,24,1,0,0,0.14,0.16,1,57,46.89,0.57,0.62,4,0,0.00,0.00,99,0.00,0,1,1,0.14,0.16,0,0.00,0.00,0.47,0.43,3,0,5.88,42,15,5,73,33,1.69,89,0.24,0.26,1.15,73,0.16,0.18,20,1,0.14,0.16,0.94,0.86,82,6,0.29,78,75,39,98,0,94,61,0,0.00,99,5,0.00,0.78,9.22,8.43,59,17,49,83,2.66,2.43,28.81,7,1.09,2,0,55.56,0,0.00,99,5,0.71,0.78,92,21,36,57,0,0,0,0,0,72,68,57,80,0,99,43,23,23,0,0,23,22,0,0
Kasper Reme Abrahamsen,21,1104652800,2005/01/02,First Division,2026,Midfielder,Hødd,0,0,0,Norway,0,0,0,0,0,0,0,0,0,0,0,0,0,0,0,0,0,0,0,0,0,0,0,0,0,0,0,0,0,0,0,-1,-1,-1,-1,N/A,N/A,N/A,N/A,N/A,N/A,N/A,N/A,N/A,N/A,N/A,N/A,N/A,N/A,N/A,N/A,N/A,N/A,N/A,N/A,N/A,N/A,N/A,N/A,N/A,N/A,N/A,N/A,N/A,N/A,N/A,N/A,N/A,N/A,N/A,N/A,N/A,N/A,N/A,N/A,N/A,N/A,N/A,N/A,N/A,N/A,N/A,N/A,N/A,N/A,N/A,N/A,N/A,N/A,N/A,N/A,N/A,N/A,N/A,N/A,N/A,N/A,N/A,N/A,N/A,N/A,N/A,N/A,N/A,N/A,N/A,N/A,N/A,N/A,N/A,N/A,N/A,N/A,N/A,N/A,N/A,N/A,N/A,N/A,N/A,N/A,N/A,N/A,N/A,N/A,N/A,N/A,N/A,N/A,N/A,N/A,N/A,N/A,N/A,N/A,N/A,N/A,N/A,N/A,N/A,N/A,N/A,N/A,N/A,N/A,N/A,N/A,N/A,N/A,N/A,N/A,N/A,N/A,N/A,N/A,N/A,N/A,N/A,N/A,N/A,N/A,N/A,N/A,N/A,N/A,N/A,N/A,N/A,N/A,N/A,N/A,N/A,N/A,N/A,N/A,N/A,N/A,N/A,N/A,N/A,N/A,N/A,N/A,N/A,N/A,N/A,N/A,N/A,N/A,N/A,N/A,N/A,N/A,N/A,N/A,N/A,N/A,N/A,N/A,N/A,N/A,N/A,N/A,N/A,N/A,N/A,N/A,N/A,N/A,N/A,N/A,N/A,N/A,N/A,N/A,N/A,N/A,N/A,N/A,N/A,N/A,N/A,N/A,N/A,N/A,N/A,N/A,N/A,N/A,N/A,N/A,N/A,N/A,N/A,N/A,N/A,N/A,N/A,N/A,N/A,N/A,N/A,N/A,N/A,N/A,N/A,N/A,N/A,N/A,N/A,N/A,N/A,N/A,N/A,N/A,N/A,N/A,N/A,N/A
Kasper Skaanes,31,795600000,1995/03/19,First Division,2026,Midfielder,Sogndal,1890,900,990,Norway,21,10,11,4,4,0,9,7,2,0,0,2,2,0,46,17,29,2,0,0.62,0.43,0.19,0.4,0,473,2.19,41,90,945,210,0.1,85,22,-1,4,0,6.75,0.43,92,20.95,20.95,50,440,17.19,361,59,17.19,51,0.00,0.00,1.05,22,0.00,2.24,0.00,0.00,0,0.00,0.33,0.00,0.00,0.00,0.52,0.76,2.38,3.75,0.71,0.52,1.00,0.00,0.19,0.16,0.00,0.90,0.00,0.00,0,0,,15,0.71,62,4,0.19,57,11,0.52,66,0,0,21,63,0.00,99,0,11,0.52,39,47,65,2.24,93,0,0.00,99,0,0.00,0,0,0.00,0,1.05,91,21,1.00,80,16,0.76,76.19,0,0.00,0,0,0,0.00,0,50,0.00,21,2.38,73,N/A,N/A,N/A,N/A,0.00,0,0.00,0,3.28,0.00,0,82.05,26.67,44,99,0.00,0.00,0,84,70,0,0,0,0.10,0.10,2,45,141.79,0.57,0.57,12,0,0.00,0.00,99,0.00,0,0,1,0.05,0.05,0,0.00,0.00,0.10,0.10,2,0,26.67,71,99,99,68,22,6.47,93,0.31,0.31,3.28,71,0.16,0.16,47,9,0.43,0.43,0.43,0.43,48,9,0.16,71,77,37,88,0,73,68,0,0.00,99,19,0.00,0.90,5.86,5.86,123,59,54,47,2.81,2.81,47.97,7,0.33,39,0,34.04,0,0.00,99,16,0.76,0.76,91,99,36,14,0,1,0,5,0,82,73,57,83,0,99,29,91,37,2,10,50,10,0,0
Kasper Sætherbø,21,1106294400,2005/01/21,First Division,2026,Midfielder,Egersund,321,210,111,Norway,11,6,5,0,0,0,1,0,1,0,0,2,2,0,5,3,2,1,0,0.28,0.28,0,0,0,0,1.4,64,29,321,321,0.28,230,56,-1,23,0,5.10,0.09,83,36.49,13.11,89,118,12.22,110,99,34.02,91,0.00,0.00,0.78,7,0.00,0.00,0.00,0.00,0,0.00,0.00,0.00,0.00,0.00,0.22,0.00,0.89,0.00,0.00,0.00,0.00,0.00,0.00,0.00,0.00,0.22,0.00,0.00,0,0,,0,0.00,14,0,0.00,29,0,0.00,16,2,8,3,63,0.00,99,0,2,0.62,48,0,34,0.00,16,0,0.00,99,0,0.00,0,0,0.00,0,2.16,99,0,0.00,18,0,0.00,0.00,0,0.00,0,0,0,0.00,0,8,0.00,73,2.47,76,N/A,N/A,N/A,N/A,0.00,0,0.00,0,0.00,0.00,0,93.22,0.00,29,99,0.00,0.00,0,24,24,0,0,0,0.11,0.31,1,79,45.94,0.11,0.31,1,0,0.00,0.00,99,0.00,0,0,0,0.00,0.00,0,0.00,0.00,0.00,0.00,0,0,0.00,41,0,17,39,73,1.08,94,0.12,0.33,0.00,15,0.00,0.00,92,4,0.44,1.24,0.31,0.11,31,1,0.00,15,2,21,82,0,59,48,0,0.00,99,2,0.00,0.62,5.88,2.11,19,8,43,48,2.47,0.89,42.11,0,0.00,99,0,0.00,0,0.00,99,0,0.00,0.00,34,2,92,57,0,0,0,0,0,60,39,57,51,0,99,54,37,86,1,9,41,6,0,0
Kees Sims,23,1048752000,2003/03/27,First Division,2026,Goalkeeper,Haugesund,0,0,0,New Zealand,0,0,0,0,0,0,0,0,0,0,0,0,0,0,0,0,0,0,0,0,0,0,0,0,0,0,0,0,0,0,0,-1,-1,-1,-1,N/A,N/A,N/A,N/A,N/A,N/A,N/A,N/A,N/A,N/A,N/A,N/A,N/A,N/A,N/A,N/A,N/A,N/A,N/A,N/A,N/A,N/A,N/A,N/A,N/A,N/A,N/A,N/A,N/A,N/A,N/A,N/A,N/A,N/A,N/A,N/A,N/A,N/A,N/A,N/A,N/A,N/A,N/A,N/A,N/A,N/A,N/A,N/A,N/A,N/A,N/A,N/A,N/A,N/A,N/A,N/A,N/A,N/A,N/A,N/A,N/A,N/A,N/A,N/A,N/A,N/A,N/A,N/A,N/A,N/A,N/A,N/A,N/A,N/A,N/A,N/A,N/A,N/A,N/A,N/A,N/A,N/A,N/A,N/A,N/A,N/A,N/A,N/A,N/A,N/A,N/A,N/A,N/A,N/A,N/A,N/A,N/A,N/A,N/A,N/A,N/A,N/A,N/A,N/A,N/A,N/A,N/A,N/A,N/A,N/A,N/A,N/A,N/A,N/A,N/A,N/A,N/A,N/A,N/A,N/A,N/A,N/A,N/A,N/A,N/A,N/A,N/A,N/A,N/A,N/A,N/A,N/A,N/A,N/A,N/A,N/A,N/A,N/A,N/A,N/A,N/A,N/A,N/A,N/A,N/A,N/A,N/A,N/A,N/A,N/A,N/A,N/A,N/A,N/A,N/A,N/A,N/A,N/A,N/A,N/A,N/A,N/A,N/A,N/A,N/A,N/A,N/A,N/A,N/A,N/A,N/A,N/A,N/A,N/A,N/A,N/A,N/A,N/A,N/A,N/A,N/A,N/A,N/A,N/A,N/A,N/A,N/A,N/A,N/A,N/A,N/A,N/A,N/A,N/A,N/A,N/A,N/A,N/A,N/A,N/A,N/A,N/A,N/A,N/A,N/A,N/A,N/A,N/A,N/A,N/A,N/A,N/A,N/A,N/A,N/A,N/A,N/A,N/A,N/A,N/A,N/A,N/A,N/A,N/A
Kent-Are Antonsen,31,792576000,1995/02/12,First Division,2026,Midfielder,Strømsgodset,1520,666,854,Norway,20,10,10,0,0,0,5,1,4,0,0,6,3,3,27,11,16,2,0,0.3,0.3,0,0,0,0,1.6,56,76,760,304,0.12,201,42,-1,22,0,6.37,0.25,86,36.64,30.70,89,614,26.15,523,73,31.21,88,0.00,0.00,0.90,18,0.00,1.05,0.12,0.10,2,0.00,0.15,0.00,0.00,0.00,0.75,0.15,1.35,0.00,0.84,0.60,0.20,0.00,0.10,0.04,0.00,0.40,0.00,0.00,0,0,,14,0.70,66,2,0.12,46,12,0.72,80,1,3,17,86,0.00,99,0,15,0.90,71,21,44,1.25,75,0,0.00,99,0,0.00,0,0,0.00,0,1.07,93,4,0.24,45,3,0.18,75.00,0,0.00,0,0,0,0.00,0,27,0.00,56,1.61,30,N/A,N/A,N/A,N/A,0.00,0,0.00,0,0.80,0.00,0,85.18,14.29,31,99,0.00,0.00,0,46,70,0,0,0,0.25,0.30,5,78,127.44,1.40,1.67,28,0,0.00,0.00,99,0.00,0,0,0,0.00,0.00,0,0.00,0.00,0.00,0.00,0,0,0.00,41,67,84,39,56,4.68,91,0.23,0.28,0.80,41,0.04,0.05,75,13,0.65,0.78,0.72,0.60,69,12,0.05,41,36,68,82,0,59,40,0,0.00,99,8,0.00,0.48,6.74,5.65,113,57,69,57,3.40,2.85,50.44,3,0.18,54,0,23.81,0,0.00,99,5,0.25,0.30,65,67,69,38,0,0,0,0,0,63,39,57,51,0,99,85,81,44,2,10,50,22,0,0
Kevin Egell-Johnsen,26,958201200,2000/05/13,First Division,2026,Defender,Sandnes Ulf,442,198,244,Norway,6,3,3,0,0,0,0,0,0,0,0,1,0,1,8,4,4,2,0,0,0,0,0,0,0,1.63,55,74,221,0,0.41,232,279,59,20,0,6.20,0,36,0.00,0.00,2,0,0.00,0,2,0.00,2,0.00,0.00,0.00,0,0.00,0.00,0.00,0.00,0,0.00,0.00,0.00,0.00,0.00,0.00,0.00,1.33,0.00,0.00,0.00,0.00,0.00,0.00,0.00,0.00,0.00,0.00,0.00,0,0,,0,0.00,14,0,0.00,29,0,0.00,16,3,1,5,63,0.00,99,0,0,0.00,6,0,34,0.00,16,0,0.00,99,0,0.00,0,0,0.00,0,0.00,17,0,0.00,18,0,0.00,0.00,0,0.00,0,0,0,0.00,0,8,0.00,53,1.63,31,N/A,N/A,N/A,N/A,0.00,0,0.00,0,0.00,0.00,0,0.00,0.00,29,99,0.00,0.00,0,24,24,0,0,0,0.00,0.00,0,26,37.23,0.00,0.00,0,0,0.00,0.00,99,0.00,0,0,0,0.00,0.00,0,0.00,0.00,0.00,0.00,0,0,0.00,41,4,2,39,53,0.00,3,0.00,0.00,0.00,15,0.00,0.00,8,0,0.00,0.00,0.00,0.00,9,0,0.00,15,21,8,82,0,59,10,0,0.00,99,0,0.00,0.00,0.00,0.00,0,0,2,2,0.00,0.00,0.00,0,0.00,99,0,0.00,0,0.00,99,0,0.00,0.00,34,10,48,79,0,0,0,0,0,22,39,57,51,0,99,52,29,95,2,33,97,2,0,0
Kimi Løkkevik,20,1148626800,2006/05/26,First Division,2026,Goalkeeper,Stabæk,0,0,0,Germany,0,0,0,0,0,0,0,0,0,0,0,0,0,0,0,0,0,1,0,0,0,0,0,0,0,0,0,0,0,0,0,-1,-1,-1,-1,N/A,N/A,N/A,N/A,N/A,N/A,N/A,N/A,N/A,N/A,N/A,N/A,N/A,N/A,N/A,N/A,N/A,N/A,N/A,N/A,N/A,N/A,N/A,N/A,N/A,N/A,N/A,N/A,N/A,N/A,N/A,N/A,N/A,N/A,N/A,N/A,N/A,N/A,N/A,N/A,N/A,N/A,N/A,N/A,N/A,N/A,N/A,N/A,N/A,N/A,N/A,N/A,N/A,N/A,N/A,N/A,N/A,N/A,N/A,N/A,N/A,N/A,N/A,N/A,N/A,N/A,N/A,N/A,N/A,N/A,N/A,N/A,N/A,N/A,N/A,N/A,N/A,N/A,N/A,N/A,N/A,N/A,N/A,N/A,N/A,N/A,N/A,N/A,N/A,N/A,N/A,N/A,N/A,N/A,N/A,N/A,N/A,N/A,N/A,N/A,N/A,N/A,N/A,N/A,N/A,N/A,N/A,N/A,N/A,N/A,N/A,N/A,N/A,N/A,N/A,N/A,N/A,N/A,N/A,N/A,N/A,N/A,N/A,N/A,N/A,N/A,N/A,N/A,N/A,N/A,N/A,N/A,N/A,N/A,N/A,N/A,N/A,N/A,N/A,N/A,N/A,N/A,N/A,N/A,N/A,N/A,N/A,N/A,N/A,N/A,N/A,N/A,N/A,N/A,N/A,N/A,N/A,N/A,N/A,N/A,N/A,N/A,N/A,N/A,N/A,N/A,N/A,N/A,N/A,N/A,N/A,N/A,N/A,N/A,N/A,N/A,N/A,N/A,N/A,N/A,N/A,N/A,N/A,N/A,N/A,N/A,N/A,N/A,N/A,N/A,N/A,N/A,N/A,N/A,N/A,N/A,N/A,N/A,N/A,N/A,N/A,N/A,N/A,N/A,N/A,N/A,N/A,N/A,N/A,N/A,N/A,N/A,N/A,N/A,N/A,N/A,N/A,N/A,N/A,N/A,N/A,N/A,N/A,N/A
Knut Spangelo Haga,27,905756400,1998/09/14,First Division,2026,Defender,Åsane,984,528,456,Norway,14,8,6,1,0,1,1,0,1,0,0,3,3,0,22,8,14,2,0,0.18,0.09,0.09,0,0.2,984,2.01,45,70,492,984,0.18,136,148,82,13,0,6.10,0.07,47,28.09,20.60,70,309,15.07,226,24,20.55,62,0.00,0.00,0.40,6,0.00,1.20,0.09,0.07,1,0.00,0.20,0.00,0.00,0.00,1.07,0.87,1.47,4.00,0.36,0.20,0.93,0.00,0.07,0.06,0.00,0.13,0.00,0.00,0,0,,4,0.27,39,1,0.09,39,3,0.27,44,1,3,11,78,0.00,99,0,16,1.45,89,18,73,1.64,84,0,0.00,99,0,0.00,0,0,0.00,0,0.55,68,14,1.27,88,13,1.18,92.86,0,0.00,0,0,0,0.00,0,22,0.00,34,2.00,53,N/A,N/A,N/A,N/A,0.00,0,0.00,0,0.86,0.00,0,73.14,25.00,43,99,0.00,0.00,0,93,80,0,0,0,0.20,0.27,3,76,91.43,2.27,3.09,34,0,0.00,0.00,99,0.00,0,0,0,0.00,0.00,0,0.00,0.00,0.00,0.00,0,0,25.00,71,36,27,88,36,1.29,55,0.09,0.12,0.86,52,0.06,0.08,31,3,0.20,0.27,0.82,0.60,76,9,0.08,52,17,88,82,0,59,22,0,0.00,99,2,0.00,0.18,7.18,5.27,79,32,57,64,2.91,2.13,40.51,3,0.27,43,0,38.89,0,0.00,99,7,0.47,0.64,87,38,69,38,0,0,0,0,0,50,52,73,51,0,99,61,58,66,2,14,67,77,0,0
Knut-Andrè Skjærstein,31,805014000,1995/07/06,First Division,2026,Goalkeeper,Strømmen,1890,990,900,Norway,21,11,10,0,0,0,1,0,1,0,0,3,3,0,43,23,20,2,0,0.05,0.05,0,0,0,0,2.05,44,90,945,1890,0.1,251,170,84,21,0,6.50,0.05,39,14.05,14.05,26,281,10.35,207,25,10.35,26,0.00,0.00,0.05,1,0.00,0.00,0.00,0.00,0,0.00,0.00,0.00,0.00,1.80,0.15,0.00,4.05,0.00,0.00,0.00,0.00,0.00,0.00,0.00,0.00,0.00,0.00,0.00,0,0,,0,0.00,14,0,0.00,29,0,0.00,16,0,0,21,63,0.00,99,0,3,0.15,14,0,34,0.00,16,0,0.00,99,0,0.00,0,0,0.00,0,0.05,18,0,0.00,18,0,0.00,0.00,0,0.00,0,36,28,1.80,50,81,0.00,32,4.05,97,N/A,N/A,N/A,N/A,44.44,0,0.00,0,0.00,0.00,0,73.67,0.00,29,99,0.00,0.00,0,24,24,0,0,16,0.00,0.00,0,26,129.93,0.05,0.05,1,0,0.00,0.00,99,0.00,0,0,0,0.00,0.00,0,0.00,0.00,0.00,0.00,0,0,0.00,41,99,99,39,33,1.06,24,0.05,0.05,0.00,15,0.00,0.00,13,2,0.10,0.10,0.00,0.00,9,0,0.00,15,52,10,82,0,59,10,0,0.00,99,0,0.00,0.00,0.05,0.05,1,1,3,3,0.05,0.05,100.00,0,0.00,99,0,0.00,0,0.00,99,0,0.00,0.00,34,99,36,14,0,0,0,0,0,25,39,57,51,0,99,43,91,37,2,10,50,26,0,0
Kodjo Somesi,25,980668800,2001/01/28,First Division,2026,Midfielder,Strømmen,1508,698,810,Norway,21,11,10,0,0,0,3,2,1,0,0,3,3,0,32,15,17,1,0,0.18,0.18,0,0,0,0,1.91,47,72,1508,503,0.06,247,88,-1,15,0,6.85,0.14,70,17.78,14.00,41,280,11.00,220,45,13.97,41,0.00,0.00,0.55,11,0.00,0.35,0.00,0.00,0,0.00,0.10,0.00,0.00,0.00,0.65,0.15,1.75,0.00,0.70,0.35,0.15,0.00,0.20,0.04,0.00,0.50,0.00,0.00,0,0,,11,0.55,61,4,0.25,63,7,0.44,62,2,4,17,63,0.00,99,0,13,0.83,65,7,79,0.44,46,0,0.00,99,0,0.00,0,0,0.00,0,0.70,77,3,0.19,39,3,0.19,100.00,0,0.00,0,0,0,0.00,0,35,0.00,37,2.22,65,N/A,N/A,N/A,N/A,0.00,0,0.00,0,0.90,0.00,0,78.57,36.36,58,99,0.00,0.00,0,48,99,0,0,0,0.05,0.06,1,33,137.05,1.25,1.59,25,0,0.00,0.00,99,0.00,0,0,0,0.00,0.00,0,0.00,0.00,0.00,0.00,0,0,0.00,41,65,99,39,38,2.04,59,0.10,0.13,0.90,46,0.04,0.06,56,9,0.45,0.57,0.19,0.15,18,3,0.06,45,84,66,82,0,59,51,0,0.00,99,10,0.00,0.64,5.46,4.30,86,47,60,43,2.99,2.35,54.65,2,0.13,62,0,42.86,0,0.00,99,3,0.15,0.19,58,67,73,57,0,0,0,0,0,50,39,57,51,0,99,43,94,30,1,5,30,8,0,0
Kparobo Nathaniel Arierhi,19,1168502400,2007/01/11,First Division,2026,Forward,Sogndal,275,165,110,Nigeria,4,2,2,1,1,0,0,0,0,0,0,1,1,0,4,2,2,1,0,0.33,0,0.33,0.55,0,275,1.31,69,69,275,0,0.33,59,202,-1,10,0,6.66,0,36,14.62,11.25,28,45,8.25,33,24,10.72,27,0.00,0.00,0.25,1,0.00,0.50,0.00,0.00,0,0.00,1.00,0.00,0.00,0.00,0.50,1.50,1.00,13.00,4.22,2.25,2.25,0.00,1.00,0.41,0.00,1.75,0.00,0.00,0,0,,13,3.25,99,4,1.30,99,9,2.92,99,5,1,3,63,0.00,99,0,2,0.65,52,2,34,0.65,59,0,0.00,99,0,0.00,0,0,0.00,0,0.32,48,9,2.92,97,6,1.95,66.67,0,0.00,0,0,0,0.00,0,4,0.00,80,1.30,9,N/A,N/A,N/A,N/A,0.00,0,0.00,0,1.63,0.00,0,73.33,30.77,48,99,0.00,0.00,0,98,59,0,0,0,0.25,0.32,1,80,26.64,0.75,0.97,3,0,0.00,0.00,99,0.00,0,0,1,0.25,0.32,0,0.00,0.00,0.65,0.50,2,0,7.69,44,0,0,60,80,0.11,19,0.03,0.04,1.63,96,0.41,0.53,97,5,1.25,1.62,1.30,1.00,95,4,0.53,95,70,53,99,0,99,95,0,0.00,99,7,0.00,2.27,16.90,13.00,52,20,97,99,6.50,5.00,38.46,4,1.30,2,0,0.00,0,0.00,99,0,0.00,0.00,34,2,48,95,0,0,0,0,0,64,80,57,89,0,99,70,33,91,1,25,92,9,0,0
Kreshnik Krasniqi,25,977472000,2000/12/22,First Division,2026,Midfielder,Strømsgodset,1293,548,745,Norway,19,9,10,1,0,1,3,2,1,0,0,5,3,2,18,5,13,5,0,0.28,0.21,0.07,0,0.12,1293,1.25,72,68,259,431,0.35,145,80,-1,11,0,5.93,0.16,73,35.64,26.95,87,512,23.42,445,82,30.97,88,0.00,0.00,0.47,9,0.00,0.63,0.14,0.11,2,0.00,0.21,0.00,0.00,0.00,0.58,0.11,1.00,13.00,0.90,0.47,0.37,0.00,0.21,0.08,0.00,0.32,0.00,0.00,0,0,,13,0.68,70,4,0.28,67,9,0.63,74,5,5,14,90,0.00,99,0,11,0.77,61,12,50,0.84,64,0,0.00,99,0,0.00,0,0,0.00,0,0.63,75,7,0.49,62,2,0.14,28.57,0,0.00,0,0,0,0.00,0,19,0.00,85,1.32,10,N/A,N/A,N/A,N/A,0.00,0,0.00,0,1.50,0.00,0,86.91,30.77,48,99,0.00,0.00,0,41,25,0,0,0,0.21,0.28,4,77,112.68,0.63,0.84,12,0,0.00,0.00,99,0.00,0,0,1,0.05,0.07,0,0.00,0.00,0.00,0.00,0,0,7.69,44,51,69,91,85,3.01,80,0.16,0.21,1.50,57,0.08,0.10,68,10,0.53,0.70,0.97,0.74,85,14,0.10,57,12,47,92,0,59,38,0,0.00,99,6,0.00,0.42,7.03,5.32,101,37,46,61,2.58,1.95,36.63,4,0.28,43,0,25.00,0,0.00,99,3,0.16,0.21,59,49,80,95,0,0,0,0,0,60,50,64,51,0,99,72,31,93,5,26,93,8,0,0
Kristian Eggen,27,905929200,1998/09/16,First Division,2026,Defender,Egersund,1330,694,636,Norway,17,9,8,1,0,1,2,2,0,0,0,5,4,1,20,6,14,1,0,0.2,0.14,0.07,0,0.14,1330,1.35,67,78,1330,665,0.07,141,111,32,8,0,6.68,0.12,61,20.75,16.44,49,296,13.06,235,47,16.47,50,0.00,0.00,0.17,3,0.00,1.17,0.00,0.00,0,0.00,0.06,0.00,0.00,0.00,0.56,0.67,1.17,6.00,0.42,0.28,0.72,0.00,0.06,0.05,0.00,0.39,0.00,0.00,0,0,,6,0.33,46,1,0.07,38,5,0.35,54,1,2,15,63,0.00,99,0,10,0.70,57,21,64,1.47,80,0,0.00,99,0,0.00,0,0,0.00,0,0.21,37,13,0.91,76,12,0.84,92.31,0,0.00,0,0,0,0.00,0,21,0.00,76,1.47,21,N/A,N/A,N/A,N/A,0.00,0,0.00,0,0.96,0.00,0,79.39,16.67,32,99,0.00,0.00,0,87,79,0,0,0,0.11,0.14,2,52,120.31,1.22,1.54,22,0,0.00,0.00,99,0.00,0,0,0,0.00,0.00,0,0.00,0.00,0.00,0.00,0,0,16.67,55,52,47,92,78,1.21,39,0.07,0.08,0.96,48,0.05,0.07,62,9,0.50,0.63,0.42,0.33,46,6,0.07,48,72,66,82,0,59,41,0,0.00,99,7,0.00,0.49,7.57,6.00,108,42,59,68,2.94,2.33,38.89,1,0.07,70,0,33.33,0,0.00,99,7,0.39,0.49,81,53,59,38,0,0,0,0,0,53,50,68,51,0,99,81,93,30,1,6,34,21,0,0
Kristian Holte,18,1209106800,2008/04/25,First Division,2026,Midfielder,Odd,234,132,102,Norway,6,4,2,0,0,0,1,1,0,0,0,2,2,0,5,2,3,0,0,0.38,0.38,0,0,0,0,1.92,47,39,0,234,0,-1,-1,-1,19,0,6.69,0.17,90,27.72,11.00,68,77,8.86,62,53,22.32,68,0.00,0.00,0.86,6,0.00,1.14,0.00,0.00,0,0.00,0.14,0.00,0.00,0.00,0.57,1.00,0.86,0.00,0.72,0.14,1.00,0.00,0.14,0.02,0.00,0.29,0.00,0.00,0,0,,2,0.29,62,1,0.36,71,1,0.36,54,2,4,2,63,0.00,99,0,4,1.44,88,8,95,2.88,97,0,0.00,99,0,0.00,0,0,0.00,0,2.16,99,7,2.52,96,7,2.52,100.00,0,0.00,0,0,0,0.00,0,6,0.00,37,2.16,60,N/A,N/A,N/A,N/A,0.00,0,0.00,0,0.16,0.00,0,80.52,50.00,86,99,0.00,0.00,0,99,99,0,0,0,0.00,0.00,0,26,46.86,0.14,0.36,1,0,0.00,0.00,99,0.00,0,0,0,0.00,0.00,0,0.00,0.00,0.00,0.00,0,0,0.00,41,0,2,39,38,0.94,95,0.13,0.34,0.16,46,0.02,0.06,99,8,1.14,2.88,1.80,0.71,99,5,0.06,45,73,24,82,0,59,57,0,0.00,99,2,0.00,0.72,12.24,4.86,34,13,86,94,4.68,1.86,38.24,1,0.36,37,0,62.50,0,0.00,99,5,0.71,1.80,99,1,73,57,0,0,0,0,0,67,39,57,51,0,99,91,23,23,0,0,23,27,0,0
Kristian Lønstad Onsrud,32,774860400,1994/07/22,First Division,2026,Midfielder,Raufoss,231,99,132,Norway,5,2,3,0,0,0,0,0,0,0,0,0,0,0,10,2,8,1,0,0,0,0,0,0,0,3.9,23,46,231,0,0.39,-1,-1,-1,26,0,5.11,0,36,29.33,14.60,74,73,11.80,59,54,23.71,72,0.00,0.00,0.00,0,0.00,0.00,0.80,0.40,2,0.00,0.00,0.00,0.00,0.00,0.60,0.40,2.20,0.00,0.80,0.20,0.40,0.00,0.20,0.04,0.00,0.20,0.00,0.00,0,0,,2,0.40,65,1,0.40,73,1,0.40,58,1,2,3,99,0.00,99,0,3,1.21,84,0,34,0.00,16,0,0.00,99,0,0.00,0,0,0.00,0,0.00,17,2,0.80,73,2,0.80,100.00,0,0.00,0,0,0,0.00,0,11,0.00,0,4.42,98,N/A,N/A,N/A,N/A,0.00,0,0.00,0,0.21,0.00,0,80.82,50.00,86,99,0.00,0.00,0,85,99,0,0,0,0.40,0.80,2,98,25.53,0.80,1.61,4,0,0.00,0.00,99,0.00,0,0,0,0.00,0.00,0,0.00,0.00,0.00,0.00,0,0,0.00,41,0,1,39,0,0.12,24,0.02,0.05,0.21,52,0.04,0.08,97,4,0.80,1.61,1.61,0.80,99,4,0.08,52,2,67,82,0,59,36,0,0.00,99,1,0.00,0.40,10.85,5.40,27,17,98,89,6.83,3.40,62.96,0,0.00,99,0,0.00,0,0.00,99,0,0.00,0.00,34,2,59,38,0,0,0,0,0,22,39,57,51,0,99,7,29,94,1,20,86,21,0,0
Kristian Skurve Håland,19,1176620400,2007/04/15,First Division,2026,Forward,Bryne,953,441,512,Norway,16,7,9,2,0,2,0,0,0,0,0,4,1,3,15,7,8,1,0,0.19,0,0.19,0,0.35,477,1.42,64,60,953,0,0.09,84,246,-1,6,0,6.59,0,36,19.82,13.06,47,209,8.81,141,9,13.37,39,0.00,0.00,0.38,6,0.00,1.69,0.28,0.19,3,0.00,0.62,0.00,0.00,0.00,0.38,0.88,1.12,8.50,1.61,0.75,1.56,0.00,0.31,0.15,0.00,0.44,0.00,0.00,0,0,,17,1.06,88,5,0.47,77,12,1.14,94,4,3,13,98,0.00,99,0,6,0.57,43,27,36,2.56,96,0,0.00,99,0,0.00,0,0,0.00,0,0.57,70,25,2.37,96,14,1.33,56.00,0,0.00,0,0,0,0.00,0,18,0.00,72,1.71,36,N/A,N/A,N/A,N/A,0.00,0,0.00,0,2.48,0.00,0,67.46,29.41,46,99,0.00,0.00,0,94,43,0,0,0,0.00,0.00,0,26,105.48,0.56,0.85,9,0,0.00,0.00,99,0.00,0,0,0,0.00,0.00,0,0.00,0.00,0.09,0.06,1,0,11.76,46,36,42,68,73,0.47,19,0.03,0.04,2.48,77,0.15,0.24,66,7,0.44,0.66,0.76,0.50,71,8,0.24,75,62,48,82,0,72,52,0,0.00,99,7,0.00,0.66,12.52,8.25,132,50,87,95,4.74,3.12,37.88,10,0.95,4,0,14.81,0,0.00,99,4,0.25,0.38,72,45,69,89,0,0,0,0,0,52,73,85,51,0,99,70,92,32,1,6,34,10,0,0
Kristian Strande,28,875862000,1997/10/03,First Division,2026,Defender,Moss,1698,856,842,Norway,20,10,10,0,0,0,0,0,0,0,0,1,1,0,42,18,24,2,0,0,0,0,0,0,0,2.23,40,85,849,0,0.11,277,260,101,20,0,6.36,0,36,35.47,33.40,86,668,30.00,600,95,31.86,89,0.00,0.00,0.20,4,0.00,0.30,0.16,0.15,3,0.00,0.00,0.00,0.00,0.00,1.25,0.05,2.20,0.00,0.05,0.05,0.05,0.00,0.00,0.00,0.00,0.60,0.00,0.00,0,0,,1,0.05,16,0,0.00,29,1,0.05,18,2,0,20,92,0.00,99,0,25,1.33,86,6,64,0.32,39,0,0.00,99,0,0.00,0,0,0.00,0,0.21,37,1,0.05,20,1,0.05,100.00,0,0.00,0,0,0,0.00,0,44,0.00,19,2.34,72,N/A,N/A,N/A,N/A,0.00,0,0.00,0,0.05,0.00,0,89.82,0.00,29,99,0.00,0.00,0,28,99,0,0,0,0.60,0.64,12,93,127.16,2.85,3.03,57,1,0.00,0.05,8,0.05,0,0,0,0.00,0.00,0,0.00,0.00,0.00,0.00,0,0,0.00,41,83,84,39,19,1.59,39,0.08,0.08,0.05,15,0.00,0.00,40,7,0.35,0.37,0.37,0.35,39,7,0.00,15,34,88,82,0,59,51,0,0.00,99,12,0.00,0.64,3.61,3.40,68,32,23,20,1.70,1.60,47.06,0,0.00,99,0,33.33,0,0.00,99,2,0.10,0.11,46,92,36,57,0,0,0,0,0,22,39,57,51,0,99,13,85,41,2,10,50,3,0,0
Kristoffer Barmen,33,745743600,1993/08/19,First Division,2026,Defender,Åsane,1406,776,630,Norway,16,9,7,2,1,1,1,1,0,0,0,2,2,0,31,17,14,2,0,0.19,0.06,0.13,0.12,0.14,703,1.98,45,88,703,1406,0.13,110,167,76,5,0,6.53,0.06,45,21.46,20.94,51,335,17.62,282,68,18.06,54,0.00,0.00,0.25,4,0.00,0.06,0.00,0.00,0,0.00,0.19,0.00,0.00,0.00,1.00,0.12,2.06,0.50,0.06,0.00,0.12,0.00,0.06,0.08,0.00,0.69,0.00,0.00,0,0,,1,0.06,16,1,0.06,35,0,0.00,16,3,0,16,63,0.00,99,0,16,1.02,77,1,34,0.06,18,0,0.00,99,0,0.00,0,0,0.00,0,0.26,42,2,0.13,32,2,0.13,100.00,0,0.00,0,0,0,0.00,0,33,0.00,36,2.11,58,N/A,N/A,N/A,N/A,0.00,0,0.00,0,1.27,0.00,0,84.18,100.00,99,99,0.00,0.00,0,39,99,0,0,0,0.12,0.13,2,50,104.40,2.00,2.05,32,0,0.00,0.00,99,0.00,0,0,0,0.00,0.00,0,0.00,0.00,0.13,0.12,2,0,200.00,99,59,42,78,36,1.31,39,0.08,0.08,1.27,52,0.08,0.08,36,5,0.31,0.32,0.13,0.12,14,2,0.08,52,55,75,82,0,78,57,0,0.00,99,11,0.00,0.70,3.14,3.06,49,27,24,16,1.73,1.69,55.10,3,0.19,52,0,0.00,0,0.00,99,0,0.00,0.00,34,61,36,79,0,0,0,0,0,52,63,68,59,0,99,39,76,49,2,12,61,10,0,0
Kristoffer Hay,28,904287600,1998/08/28,First Division,2026,Defender,Bryne,1216,524,692,Norway,16,7,9,0,0,0,0,0,0,0,0,5,2,3,11,5,6,5,0,0,0,0,0,0,0,0.81,111,76,243,0,0.37,259,265,2,22,0,6.53,0,36,22.11,18.62,52,298,15.25,244,58,18.10,55,0.00,0.00,0.00,0,0.00,0.06,0.15,0.12,2,0.00,0.00,0.00,0.00,0.00,1.31,0.06,1.00,0.00,0.59,0.38,0.06,0.00,0.12,0.04,0.00,1.88,0.00,0.00,0,0,,8,0.50,55,2,0.15,51,6,0.45,63,2,2,14,91,0.00,99,0,21,1.56,93,1,99,0.07,19,0,0.00,99,0,0.00,0,0,0.00,0,0.00,17,1,0.07,25,1,0.07,100.00,0,0.00,0,0,0,0.00,0,16,0.00,99,1.19,2,N/A,N/A,N/A,N/A,0.00,0,0.00,0,0.64,0.00,0,81.88,25.00,43,99,0.00,0.00,0,33,99,0,0,0,0.31,0.37,5,85,104.47,3.50,4.15,56,0,0.00,0.00,99,0.00,0,0,0,0.00,0.00,0,0.00,0.00,0.00,0.00,0,0,0.00,41,46,42,39,99,0.54,19,0.03,0.04,0.64,41,0.04,0.05,53,7,0.44,0.52,0.74,0.62,70,10,0.05,41,55,98,82,0,59,95,0,0.00,99,30,0.00,2.23,6.46,5.44,87,51,74,54,3.78,3.19,58.62,0,0.00,99,0,100.00,0,0.00,99,1,0.06,0.07,39,49,59,57,0,0,0,0,0,22,39,57,51,0,99,85,30,93,5,31,96,15,0,0
Kristoffer Lassen Harrison,24,1011945600,2002/01/25,First Division,2026,Defender,Sogndal,465,116,349,Norway,11,5,6,0,0,0,0,0,0,0,0,1,1,0,11,2,9,1,0,0,0,0,0,0,0,2.13,42,42,465,0,0.19,215,211,93,21,0,5.64,0,36,30.18,16.40,77,164,12.50,125,32,23.01,70,0.00,0.00,0.00,0,0.00,0.20,0.00,0.00,0,0.00,0.10,0.00,0.00,0.00,0.30,0.00,1.60,0.00,0.55,0.30,0.10,0.00,0.00,0.01,0.00,0.90,0.00,0.00,0,0,,3,0.30,52,0,0.00,29,3,0.55,69,0,7,4,63,0.00,99,0,3,0.55,41,2,34,0.37,42,0,0.00,99,0,0.00,0,0,0.00,0,0.00,17,1,0.18,38,0,0.00,0.00,0,0.00,0,0,0,0.00,0,16,0.00,27,2.94,89,N/A,N/A,N/A,N/A,0.00,0,0.00,0,0.12,0.00,0,76.22,0.00,29,99,0.00,0.00,0,24,24,0,0,0,0.20,0.37,2,85,56.38,1.20,2.21,12,0,0.00,0.00,99,0.00,0,0,0,0.00,0.00,0,0.00,0.00,0.00,0.00,0,0,0.00,41,6,17,39,27,0.31,32,0.03,0.06,0.12,28,0.01,0.02,95,8,0.80,1.47,0.74,0.40,70,4,0.02,28,8,77,82,0,59,90,0,0.00,99,9,0.00,1.66,9.20,5.00,50,29,91,82,5.34,2.90,58.00,1,0.18,54,0,0.00,0,0.00,99,0,0.00,0.00,34,6,88,14,0,0,0,0,0,22,39,57,51,0,99,24,54,69,1,9,41,4,0,0
Kristoffer Sørensen,26,943948800,1999/11/30,First Division,2026,Forward,Moss,17,17,0,Norway,1,1,0,0,0,0,0,0,0,0,0,0,0,0,1,1,0,0,0,0,0,0,0,0,0,5.29,17,17,0,0,0,-1,-1,-1,13,0,6.43,0,36,15.88,3.00,34,3,1.00,1,2,5.29,7,0.00,0.00,0.00,0,0.00,1.00,0.00,0.00,0,0.00,1.00,0.00,0.00,0.00,0.00,0.00,1.00,0.00,0.00,0.00,0.00,0.00,0.00,0.00,0.00,1.00,0.00,0.00,0,0,,0,0.00,14,0,0.00,29,0,0.00,16,0,1,0,63,0.00,99,0,0,0.00,6,1,34,5.29,99,0,0.00,99,0,0.00,0,0,0.00,0,0.00,17,0,0.00,18,0,0.00,0.00,0,0.00,0,0,0,0.00,0,1,0.00,0,5.29,99,N/A,N/A,N/A,N/A,0.00,0,0.00,0,0.00,0.00,0,33.33,0.00,29,99,0.00,0.00,0,24,24,0,0,0,0.00,0.00,0,26,6.43,1.00,5.29,1,0,0.00,0.00,99,0.00,0,0,0,0.00,0.00,0,0.00,0.00,0.00,0.00,0,0,0.00,41,0,0,39,0,0.00,3,0.00,0.00,0.00,15,0.00,0.00,8,0,0.00,0.00,0.00,0.00,9,0,0.00,15,42,99,82,0,59,99,0,0.00,99,1,0.00,5.29,26.47,5.00,5,2,99,99,10.59,2.00,40.00,1,5.29,0,0,0.00,0,0.00,99,0,0.00,0.00,34,0,48,14,0,0,0,0,0,22,39,57,51,0,99,7,23,23,0,0,23,29,0,0
Lars Bjørnerud Remmem,20,1140249600,2006/02/18,First Division,2026,Midfielder,Haugesund,1553,734,819,Norway,20,9,11,4,2,2,5,3,2,0,0,5,2,3,27,10,17,0,0,0.52,0.29,0.23,0.25,0.22,388,1.56,58,78,0,311,0,80,44,-1,4,0,6.61,0.25,85,15.26,13.40,30,268,11.60,232,81,13.21,38,0.00,0.00,0.95,19,0.00,0.40,0.00,0.00,0,0.00,0.50,0.00,0.00,0.00,0.10,0.60,1.60,4.75,1.08,0.70,0.90,0.00,0.25,0.18,0.00,0.65,0.00,0.00,0,0,,19,0.95,75,5,0.28,67,14,0.80,84,1,1,19,63,0.00,99,0,2,0.11,9,8,70,0.46,49,0,0.00,99,0,0.00,0,0,0.00,0,1.08,93,18,1.02,81,12,0.68,66.67,0,0.00,0,0,0,0.00,0,32,0.00,60,1.82,43,N/A,N/A,N/A,N/A,0.00,0,0.00,0,3.64,0.00,0,86.57,26.32,43,99,0.00,0.00,0,80,59,0,0,0,0.05,0.06,1,33,132.25,0.30,0.34,6,0,0.00,0.00,99,0.00,0,0,1,0.05,0.06,0,0.00,0.00,0.11,0.10,2,1,21.05,61,69,84,66,62,4.08,86,0.20,0.23,3.64,75,0.18,0.21,78,14,0.70,0.80,0.28,0.25,27,5,0.21,73,66,24,91,0,75,59,0,0.00,99,13,0.00,0.74,6.60,5.80,116,52,59,55,2.96,2.60,44.83,10,0.57,16,0,37.50,0,0.00,99,3,0.15,0.17,55,84,48,38,0,1,0,5,0,75,74,75,74,0,99,70,23,23,0,0,23,41,0,0
Lars Erik Sødal,24,1022396400,2002/05/26,First Division,2026,Midfielder,Bryne,1510,785,725,Norway,19,10,9,2,1,1,5,4,1,0,0,4,2,2,22,12,10,7,2,0.42,0.3,0.12,0.11,0.12,755,1.31,69,79,216,302,0.42,118,41,-1,4,0,6.56,0.26,86,17.17,15.16,39,288,12.21,232,53,13.83,40,0.00,0.00,0.11,2,0.00,0.42,0.12,0.11,2,0.00,0.16,0.00,0.00,0.00,1.37,0.05,1.37,7.50,0.89,0.63,0.21,0.00,0.16,0.11,0.00,1.00,0.00,0.00,0,0,,15,0.79,69,3,0.18,56,12,0.72,80,5,1,18,86,0.00,99,0,26,1.55,92,8,50,0.48,50,0,0.00,99,0,0.00,0,0,0.00,0,0.12,27,4,0.24,45,1,0.06,25.00,0,0.00,0,0,0,0.00,0,26,0.00,80,1.55,27,N/A,N/A,N/A,N/A,0.00,0,0.00,0,2.14,0.00,0,80.56,20.00,39,99,0.00,0.00,0,32,25,0,0,0,0.16,0.18,3,62,124.62,0.63,0.72,12,0,0.00,0.00,99,0.00,0,0,1,0.05,0.06,0,0.00,0.00,0.00,0.00,0,0,13.33,50,66,69,80,80,3.34,77,0.18,0.20,2.14,65,0.11,0.13,66,11,0.58,0.66,1.01,0.89,86,17,0.13,64,57,43,91,0,59,77,0,0.00,99,19,0.00,1.13,7.39,6.53,124,58,70,66,3.46,3.05,46.77,3,0.18,54,0,25.00,0,0.00,99,2,0.11,0.12,48,75,48,95,0,0,0,0,0,69,61,64,58,0,99,61,29,95,5,26,93,8,0,0
Lars Jendal,27,924937200,1999/04/24,First Division,2026,Goalkeeper,Sogndal,1890,900,990,Norway,21,10,11,1,0,1,0,0,0,0,0,2,2,0,46,17,29,0,0,0.05,0,0.05,0,0.09,1890,2.19,41,90,0,0,0,161,238,99,9,0,6.31,0,36,15.38,15.38,31,323,11.71,246,32,11.71,30,0.00,0.00,0.00,0,0.00,0.00,0.00,0.00,0,0.00,0.00,0.00,0.00,2.33,0.14,0.00,4.71,0.00,0.00,0.00,0.00,0.00,0.00,0.00,0.00,0.10,0.00,0.00,0,0,,0,0.00,14,0,0.00,29,0,0.00,16,0,0,21,63,0.00,99,0,3,0.14,13,0,34,0.00,16,0,0.00,99,0,0.00,0,0,0.00,0,0.00,17,0,0.00,18,0,0.00,0.00,0,0.00,0,49,44,2.33,83,99,0.00,21,4.71,98,N/A,N/A,N/A,N/A,49.49,0,0.00,0,0.00,0.00,0,76.16,0.00,29,99,0.00,0.00,0,24,24,0,0,25,0.00,0.00,0,26,132.55,0.05,0.05,1,0,0.00,0.00,99,0.00,0,0,0,0.00,0.00,0,0.00,0.00,0.00,0.00,0,0,0.00,41,99,99,99,22,0.49,8,0.02,0.02,0.00,15,0.00,0.00,13,2,0.10,0.10,0.00,0.00,9,0,0.00,15,29,10,82,0,59,14,0,0.00,99,2,0.00,0.10,0.24,0.24,5,3,7,7,0.14,0.14,60.00,0,0.00,99,0,0.00,0,0.00,99,0,0.00,0.00,34,99,36,14,0,0,0,0,0,25,44,58,51,0,99,29,23,23,0,0,23,1,0,0
Lars Tanggaard Eide,19,1176879600,2007/04/18,First Division,2026,Forward,Haugesund,0,0,0,Norway,0,0,0,0,0,0,0,0,0,0,0,0,0,0,0,0,0,0,0,0,0,0,0,0,0,0,0,0,0,0,0,-1,-1,-1,-1,N/A,N/A,N/A,N/A,N/A,N/A,N/A,N/A,N/A,N/A,N/A,N/A,N/A,N/A,N/A,N/A,N/A,N/A,N/A,N/A,N/A,N/A,N/A,N/A,N/A,N/A,N/A,N/A,N/A,N/A,N/A,N/A,N/A,N/A,N/A,N/A,N/A,N/A,N/A,N/A,N/A,N/A,N/A,N/A,N/A,N/A,N/A,N/A,N/A,N/A,N/A,N/A,N/A,N/A,N/A,N/A,N/A,N/A,N/A,N/A,N/A,N/A,N/A,N/A,N/A,N/A,N/A,N/A,N/A,N/A,N/A,N/A,N/A,N/A,N/A,N/A,N/A,N/A,N/A,N/A,N/A,N/A,N/A,N/A,N/A,N/A,N/A,N/A,N/A,N/A,N/A,N/A,N/A,N/A,N/A,N/A,N/A,N/A,N/A,N/A,N/A,N/A,N/A,N/A,N/A,N/A,N/A,N/A,N/A,N/A,N/A,N/A,N/A,N/A,N/A,N/A,N/A,N/A,N/A,N/A,N/A,N/A,N/A,N/A,N/A,N/A,N/A,N/A,N/A,N/A,N/A,N/A,N/A,N/A,N/A,N/A,N/A,N/A,N/A,N/A,N/A,N/A,N/A,N/A,N/A,N/A,N/A,N/A,N/A,N/A,N/A,N/A,N/A,N/A,N/A,N/A,N/A,N/A,N/A,N/A,N/A,N/A,N/A,N/A,N/A,N/A,N/A,N/A,N/A,N/A,N/A,N/A,N/A,N/A,N/A,N/A,N/A,N/A,N/A,N/A,N/A,N/A,N/A,N/A,N/A,N/A,N/A,N/A,N/A,N/A,N/A,N/A,N/A,N/A,N/A,N/A,N/A,N/A,N/A,N/A,N/A,N/A,N/A,N/A,N/A,N/A,N/A,N/A,N/A,N/A,N/A,N/A,N/A,N/A,N/A,N/A,N/A,N/A,N/A,N/A,N/A,N/A,N/A,N/A
Lars Vilsvik,37,593161200,1988/10/18,First Division,2026,Defender,Strømsgodset,1151,522,629,Norway,19,9,10,2,2,0,6,3,3,0,0,6,3,3,18,7,11,2,0,0.63,0.47,0.16,0.34,0,576,1.41,64,61,576,192,0.16,96,13,33,7,0,5.87,0.32,96,30.00,20.21,76,384,16.84,320,65,25.00,76,0.00,0.00,0.95,18,0.00,1.95,0.00,0.00,0,0.00,0.05,0.00,0.00,0.00,0.42,0.05,1.00,2.50,0.39,0.16,0.05,0.00,0.11,0.08,0.00,0.21,0.00,0.00,0,0,,5,0.26,43,2,0.16,54,3,0.23,40,7,5,14,63,0.00,99,0,8,0.62,48,37,71,2.89,97,0,0.00,99,0,0.00,0,0,0.00,0,1.41,98,1,0.08,25,1,0.08,100.00,0,0.00,0,0,0,0.00,0,19,0.00,73,1.48,22,N/A,N/A,N/A,N/A,0.00,0,0.00,0,1.51,0.00,0,83.33,40.00,65,99,0.00,0.00,0,34,99,0,0,0,0.11,0.16,2,57,111.61,0.37,0.55,7,0,0.00,0.00,99,0.00,0,0,0,0.00,0.00,0,0.00,0.00,0.47,0.32,6,0,40.00,86,45,69,73,73,4.79,97,0.25,0.37,1.51,62,0.08,0.12,20,2,0.11,0.16,0.55,0.37,57,7,0.12,62,11,36,82,0,94,29,0,0.00,99,4,0.00,0.31,3.59,2.42,46,14,16,20,1.09,0.74,30.43,1,0.08,68,0,37.84,0,0.00,99,14,0.74,1.09,97,49,80,99,0,0,0,0,0,83,68,57,79,0,99,88,68,59,2,11,56,26,0,0
Lasse Overgaard Nielsen,20,1143360000,2006/03/26,First Division,2026,Midfielder,Moss,514,270,244,Denmark,7,4,3,1,0,1,1,1,0,0,0,0,0,0,12,6,6,0,0,0.35,0.18,0.18,0,0.37,514,2.1,43,73,0,514,0,89,91,-1,9,0,6.79,0.14,70,36.03,29.57,88,207,23.57,165,48,28.72,85,0.00,0.00,1.00,7,0.00,0.71,0.35,0.29,2,0.00,0.00,0.00,0.00,0.00,1.43,0.00,1.86,4.00,0.70,0.43,0.14,0.00,0.14,0.12,0.00,0.86,0.00,0.00,0,0,,4,0.57,61,1,0.17,55,3,0.52,66,1,1,6,99,0.00,99,0,10,1.74,96,5,76,0.87,66,0,0.00,99,0,0.00,0,0,0.00,0,1.22,95,1,0.17,37,0,0.00,0.00,0,0.00,0,0,0,0.00,0,13,0.00,28,2.26,67,N/A,N/A,N/A,N/A,0.00,0,0.00,0,0.85,0.00,0,79.71,25.00,43,99,0.00,0.00,0,24,24,0,0,0,0.00,0.00,0,26,47.53,2.00,2.44,14,0,0.00,0.00,99,0.00,0,0,0,0.00,0.00,0,0.00,0.00,0.00,0.00,0,0,25.00,71,10,5,69,30,1.21,80,0.17,0.21,0.85,69,0.12,0.15,97,9,1.29,1.57,1.22,1.00,93,7,0.15,68,81,80,82,0,59,73,0,0.00,99,6,0.00,1.04,10.62,8.71,61,30,90,89,5.22,4.29,49.18,0,0.00,99,0,40.00,0,0.00,99,2,0.29,0.35,71,16,48,38,0,0,0,0,0,66,71,86,51,0,99,7,23,23,0,0,23,19,0,0
Lasse Qvigstad,23,1060498800,2003/08/10,First Division,2026,Defender,Bryne,214,104,110,Norway,4,2,2,0,0,0,0,0,0,0,0,1,0,1,4,2,2,1,0,0,0,0,0,0,0,1.68,54,54,214,0,0.42,-1,-1,-1,16,0,4.81,0,36,37.27,20.50,89,82,15.25,61,26,27.73,83,0.00,0.00,0.50,2,0.00,0.75,0.00,0.00,0,0.00,0.00,0.00,0.00,0.00,0.25,0.75,1.00,0.00,0.00,0.00,1.75,0.00,0.00,0.00,0.00,0.25,0.00,0.00,0,0,,0,0.00,14,0,0.00,29,0,0.00,16,2,2,2,63,0.00,99,0,1,0.45,34,3,99,1.36,76,0,0.00,99,0,0.00,0,0,0.00,0,0.91,87,7,3.18,98,3,1.36,42.86,0,0.00,0,0,0,0.00,0,4,0.00,50,1.82,43,N/A,N/A,N/A,N/A,0.00,0,0.00,0,0.00,0.00,0,74.39,0.00,29,99,0.00,0.00,0,95,29,0,0,0,0.00,0.00,0,26,19.24,1.50,2.73,6,0,0.00,0.00,99,0.00,0,0,0,0.00,0.00,0,0.00,0.00,0.00,0.00,0,0,0.00,41,0,0,39,51,0.23,45,0.06,0.10,0.00,15,0.00,0.00,82,2,0.50,0.91,2.27,1.25,99,5,0.00,15,1,85,82,0,59,38,0,0.00,99,1,0.00,0.45,14.09,7.75,31,11,89,96,5.00,2.75,35.48,0,0.00,99,0,100.00,0,0.00,99,3,0.75,1.36,99,1,59,57,0,0,0,0,0,22,39,57,51,0,99,70,28,95,1,25,92,17,0,0
Leander Skammelsrud,17,1225004400,2008/10/26,First Division,2026,Midfielder,Ranheim,321,158,163,Norway,10,5,5,0,0,0,0,0,0,0,0,0,0,0,9,5,4,0,0,0,0,0,0,0,0,2.52,36,32,0,0,0,213,192,-1,14,0,6.51,0,36,45.34,15.00,95,135,11.89,107,46,35.93,93,0.00,0.00,0.67,6,0.00,0.78,0.00,0.00,0,0.00,0.22,0.00,0.00,0.00,0.44,0.11,1.22,0.00,2.01,0.44,0.22,0.00,0.22,0.05,0.00,0.22,0.00,0.00,0,0,,6,0.67,95,2,0.67,88,4,1.34,96,3,8,2,63,0.00,99,0,4,1.34,87,7,54,2.35,94,0,0.00,99,0,0.00,0,0,0.00,0,2.01,99,2,0.67,68,1,0.34,50.00,0,0.00,0,0,0,0.00,0,11,0.00,9,3.69,95,N/A,N/A,N/A,N/A,0.00,0,0.00,0,0.49,0.00,0,79.26,33.33,56,99,0.00,0.00,0,62,40,0,0,0,0.11,0.34,1,82,58.58,0.56,1.68,5,0,0.00,0.00,99,0.00,0,0,1,0.11,0.34,0,0.00,0.00,0.00,0.00,0,0,0.00,41,0,12,39,10,0.39,59,0.04,0.13,0.49,71,0.05,0.16,99,7,0.78,2.35,0.67,0.22,66,2,0.16,71,53,69,99,0,59,54,0,0.00,99,2,0.00,0.67,13.77,4.56,41,16,91,96,5.37,1.78,39.02,2,0.67,11,0,28.57,0,0.00,99,2,0.22,0.67,88,1,92,79,0,0,0,0,0,22,39,57,51,0,99,7,23,23,0,0,23,25,0,0
Leon Mohan Brenden Sethi,18,1192950000,2007/10/21,First Division,2026,Midfielder,Strømmen,0,0,0,Norway,0,0,0,0,0,0,0,0,0,0,0,0,0,0,0,0,0,0,0,0,0,0,0,0,0,0,0,0,0,0,0,-1,-1,-1,-1,N/A,N/A,N/A,N/A,N/A,N/A,N/A,N/A,N/A,N/A,N/A,N/A,N/A,N/A,N/A,N/A,N/A,N/A,N/A,N/A,N/A,N/A,N/A,N/A,N/A,N/A,N/A,N/A,N/A,N/A,N/A,N/A,N/A,N/A,N/A,N/A,N/A,N/A,N/A,N/A,N/A,N/A,N/A,N/A,N/A,N/A,N/A,N/A,N/A,N/A,N/A,N/A,N/A,N/A,N/A,N/A,N/A,N/A,N/A,N/A,N/A,N/A,N/A,N/A,N/A,N/A,N/A,N/A,N/A,N/A,N/A,N/A,N/A,N/A,N/A,N/A,N/A,N/A,N/A,N/A,N/A,N/A,N/A,N/A,N/A,N/A,N/A,N/A,N/A,N/A,N/A,N/A,N/A,N/A,N/A,N/A,N/A,N/A,N/A,N/A,N/A,N/A,N/A,N/A,N/A,N/A,N/A,N/A,N/A,N/A,N/A,N/A,N/A,N/A,N/A,N/A,N/A,N/A,N/A,N/A,N/A,N/A,N/A,N/A,N/A,N/A,N/A,N/A,N/A,N/A,N/A,N/A,N/A,N/A,N/A,N/A,N/A,N/A,N/A,N/A,N/A,N/A,N/A,N/A,N/A,N/A,N/A,N/A,N/A,N/A,N/A,N/A,N/A,N/A,N/A,N/A,N/A,N/A,N/A,N/A,N/A,N/A,N/A,N/A,N/A,N/A,N/A,N/A,N/A,N/A,N/A,N/A,N/A,N/A,N/A,N/A,N/A,N/A,N/A,N/A,N/A,N/A,N/A,N/A,N/A,N/A,N/A,N/A,N/A,N/A,N/A,N/A,N/A,N/A,N/A,N/A,N/A,N/A,N/A,N/A,N/A,N/A,N/A,N/A,N/A,N/A,N/A,N/A,N/A,N/A,N/A,N/A,N/A,N/A,N/A,N/A,N/A,N/A,N/A,N/A,N/A,N/A,N/A,N/A
Leon-Robin Juberg-Hovland,22,1084086000,2004/05/09,First Division,2026,Forward,Kongsvinger,6,6,0,Norway,2,2,0,0,0,0,0,0,0,0,0,1,1,0,0,0,0,0,0,0,0,0,0,0,0,0,0,3,0,0,0,-1,-1,-1,16,0,6.27,0,36,45.00,3.00,94,3,2.00,2,8,30.00,87,0.00,0.00,0.00,0,0.00,1.00,0.00,0.00,0,0.00,0.00,0.00,0.00,0.00,0.00,0.00,0.00,0.00,15.00,1.00,0.00,0.00,0.00,0.05,0.00,0.00,0.00,0.00,0,0,,1,1.00,99,0,0.00,29,1,15.00,99,0,2,0,63,0.00,99,0,0,0.00,6,1,34,15.00,99,0,0.00,99,0,0.00,0,0,0.00,0,0.00,17,0,0.00,18,0,0.00,0.00,0,0.00,0,0,0,0.00,0,0,0.00,99,0.00,0,N/A,N/A,N/A,N/A,0.00,0,0.00,0,0.05,0.00,0,66.67,0.00,29,99,0.00,0.00,0,24,24,0,0,0,0.00,0.00,0,26,6.27,0.00,0.00,0,0,0.00,0.00,99,0.00,0,0,0,0.00,0.00,0,0.00,0.00,0.00,0.00,0,0,0.00,41,0,0,39,0,0.00,3,0.00,0.00,0.05,99,0.05,0.75,99,1,1.00,15.00,15.00,1.00,99,1,0.75,98,24,8,82,0,59,10,0,0.00,99,0,0.00,0.00,30.00,2.00,2,1,99,99,15.00,1.00,50.00,0,0.00,99,0,0.00,0,0.00,99,0,0.00,0.00,34,0,59,14,0,0,0,0,0,22,39,57,51,0,99,99,23,23,0,0,23,14,0,0
Leonardo Rossi,22,1089788400,2004/07/14,First Division,2026,Forward,Åsane,740,281,459,Italy,16,8,8,10,7,3,1,1,0,0,0,3,3,0,18,8,10,4,1,1.34,0.12,1.22,2.24,0.59,74,2.19,41,46,148,740,0.61,2,123,-1,1,0,6.76,0.06,56,9.84,5.06,16,81,3.38,54,8,6.56,14,0.00,0.00,0.00,0,0.00,0.25,0.00,0.00,0,0.00,0.19,0.00,0.00,0.00,0.38,0.31,1.12,2.00,2.43,0.56,0.56,0.00,0.69,0.46,0.00,0.38,0.00,0.00,0,0,,20,1.25,97,11,1.34,99,9,1.09,93,1,8,6,63,0.00,99,0,6,0.73,58,4,50,0.49,51,0,0.00,99,0,0.00,0,0,0.00,0,0.00,17,9,1.09,84,5,0.61,55.56,0,0.00,0,0,0,0.00,0,18,0.00,21,2.19,62,N/A,N/A,N/A,N/A,0.00,0,0.00,0,7.40,0.00,0,66.67,55.00,88,99,0.00,0.00,0,76,43,0,0,0,0.06,0.12,1,48,108.23,0.44,0.85,7,0,0.00,0.00,99,0.00,0,0,2,0.12,0.24,0,0.00,0.00,0.49,0.25,4,0,50.00,92,24,42,40,22,0.70,43,0.04,0.09,7.40,99,0.46,0.90,61,5,0.31,0.61,0.97,0.50,85,8,0.90,99,79,48,99,0,95,59,0,0.00,99,6,0.00,0.73,9.72,5.00,80,24,57,85,2.91,1.50,30.00,3,0.36,37,0,25.00,0,0.00,99,1,0.06,0.12,48,16,92,38,0,2,0,12,0,99,99,92,99,0,99,57,24,99,3,19,80,11,0,0
Libo Ismaël Seone,21,1114498800,2005/04/26,First Division,2026,Forward,Haugesund,33,16,17,Burkina Faso,5,2,3,0,0,0,0,0,0,0,0,2,1,1,0,0,0,1,0,0,0,0,0,0,0,0,0,7,33,0,2.73,-1,-1,-1,23,0,6.43,0,36,26.47,2.00,64,10,1.80,9,95,23.82,72,0.00,0.00,0.00,0,0.00,0.00,0.00,0.00,0,0.00,0.60,0.00,0.00,0.00,0.00,0.20,0.60,0.00,5.29,0.40,0.20,0.00,0.00,0.02,0.00,0.20,0.00,0.00,0,0,,2,0.40,99,0,0.00,29,2,5.29,99,0,5,0,63,0.00,99,0,0,0.00,6,0,34,0.00,16,0,0.00,99,0,0.00,0,0,0.00,0,0.00,17,1,2.65,97,1,2.65,100.00,0,0.00,0,0,0,0.00,0,3,0.00,99,7.94,99,N/A,N/A,N/A,N/A,0.00,0,0.00,0,0.11,0.00,0,90.00,0.00,29,99,0.00,0.00,0,99,99,0,0,0,0.00,0.00,0,26,32.15,0.00,0.00,0,0,0.00,0.00,99,0.00,0,0,0,0.00,0.00,0,0.00,0.00,2.65,0.20,1,0,0.00,41,0,1,39,0,0.02,24,0.00,0.05,0.11,81,0.02,0.29,99,1,0.20,2.65,5.29,0.40,99,2,0.29,78,42,8,82,0,99,97,0,0.00,99,1,0.00,2.65,34.41,2.60,13,5,99,99,13.24,1.00,38.46,3,7.94,0,0,0.00,0,0.00,99,0,0.00,0.00,34,0,80,14,0,0,0,0,0,22,39,57,51,0,99,99,23,99,1,20,86,20,0,0
Ludvig Langrekken,27,915350400,1999/01/03,First Division,2026,Forward,Kongsvinger,1295,621,674,Norway,19,10,9,8,6,2,4,3,1,0,0,2,1,1,20,13,7,3,0,0.83,0.28,0.56,0.87,0.27,162,1.39,65,68,432,324,0.21,21,52,-1,3,0,6.60,0.21,83,8.99,6.79,12,129,4.84,92,18,6.41,13,0.00,0.00,0.21,4,0.00,0.21,0.00,0.00,0,0.00,0.21,0.00,0.00,0.00,0.32,0.21,1.16,1.88,1.05,0.42,0.37,0.00,0.37,0.31,0.00,0.53,0.00,0.00,0,0,,15,0.79,75,7,0.49,79,8,0.56,70,3,7,12,63,0.00,99,0,6,0.42,32,4,50,0.28,35,0,0.00,99,0,0.00,0,0,0.00,0,0.28,46,7,0.49,62,4,0.28,57.14,0,0.00,0,0,0,0.00,0,22,0.00,74,1.53,25,N/A,N/A,N/A,N/A,0.00,0,0.00,0,5.95,0.00,0,71.32,46.67,78,99,0.00,0.00,0,59,45,0,0,0,0.11,0.14,2,52,125.36,0.37,0.49,7,0,0.00,0.00,99,0.00,0,0,0,0.00,0.00,0,0.00,0.00,0.21,0.16,3,1,53.33,94,51,69,47,74,2.68,75,0.14,0.19,5.95,90,0.31,0.41,46,6,0.32,0.42,1.19,0.89,91,17,0.41,89,64,30,82,0,87,57,0,0.00,99,10,0.00,0.70,7.11,5.37,102,27,25,62,1.88,1.42,26.47,4,0.28,43,0,25.00,0,0.00,99,1,0.05,0.07,39,40,88,79,0,1,0,5,0,92,93,79,98,0,99,35,50,75,3,16,74,22,0,0
Ludvig Nåvik,22,1067760000,2003/11/02,First Division,2026,Midfielder,Strømmen,385,241,144,Sweden,10,5,5,1,0,1,0,0,0,0,0,0,0,0,13,10,3,1,0,0.23,0,0.23,0,0.63,385,3.04,30,39,385,0,0.23,79,252,-1,5,0,5.55,0,36,0.00,0.00,2,0,0.00,0,2,0.00,2,0.00,0.00,0.00,0,0.00,0.00,0.00,0.00,0,0.00,0.00,0.00,0.00,0.00,0.00,0.00,1.88,0.00,0.00,0.00,0.00,0.00,0.00,0.07,0.00,0.00,0.00,0.00,0,0,,0,0.00,14,0,0.00,29,0,0.00,16,5,7,3,63,0.00,99,0,0,0.00,6,0,34,0.00,16,0,0.00,99,0,0.00,0,0,0.00,0,0.00,17,0,0.00,18,0,0.00,0.00,0,0.00,0,0,0,0.00,0,15,0.00,2,4.27,98,N/A,N/A,N/A,N/A,0.00,0,0.00,0,0.60,0.00,0,0.00,0.00,29,99,0.00,0.00,0,24,24,0,0,0,0.00,0.00,0,26,44.37,0.00,0.00,0,0,0.00,0.00,99,0.00,0,0,0,0.00,0.00,0,0.00,0.00,0.00,0.00,0,0,0.00,41,1,12,66,2,0.57,68,0.07,0.16,0.60,72,0.07,0.17,8,0,0.00,0.00,0.00,0.00,9,0,0.17,71,7,8,82,0,59,10,0,0.00,99,0,0.00,0.00,0.00,0.00,0,0,2,2,0.00,0.00,0.00,0,0.00,99,0,0.00,0,0.00,99,0,0.00,0.00,34,2,88,95,0,0,0,0,0,56,74,94,51,0,99,7,45,79,1,10,50,77,0,0
Luka Aaker-Saldanha,17,1227081600,2008/11/19,First Division,2026,Midfielder,Åsane,16,0,16,Norway,3,1,2,0,0,0,0,0,0,0,0,0,0,0,1,0,1,0,0,0,0,0,0,0,0,5.63,16,5,0,0,0,-1,-1,-1,14,0,3.79,0,36,2.11,0.60,3,3,0.40,2,8,1.41,3,0.00,0.00,0.00,0,0.00,0.00,0.00,0.00,0,0.00,0.00,0.00,0.00,0.00,0.00,0.00,1.20,0.00,0.70,0.00,0.00,0.00,0.20,0.03,0.00,0.00,0.00,0.00,0,0,,1,0.20,61,1,0.70,88,0,0.00,16,0,3,0,63,0.00,99,0,0,0.00,6,0,34,0.00,16,0,0.00,99,0,0.00,0,0,0.00,0,0.00,17,0,0.00,18,0,0.00,0.00,0,0.00,0,0,0,0.00,0,6,0.00,0,4.22,98,N/A,N/A,N/A,N/A,0.00,0,0.00,0,0.13,0.00,0,66.67,100.00,99,99,0.00,0.00,0,24,24,0,0,0,0.00,0.00,0,26,18.94,0.00,0.00,0,0,0.00,0.00,99,0.00,0,0,0,0.00,0.00,0,0.00,0.00,0.00,0.00,0,0,0.00,41,0,0,39,0,0.00,3,0.00,0.00,0.13,55,0.03,0.09,68,1,0.20,0.70,0.70,0.20,67,1,0.09,54,0,8,82,0,59,10,0,0.00,99,0,0.00,0.00,1.41,0.40,2,1,11,11,0.70,0.20,50.00,0,0.00,99,0,0.00,0,0.00,99,0,0.00,0.00,34,0,69,14,0,0,0,0,0,22,39,57,51,0,99,7,23,23,0,0,23,27,0,0
Luka Fajfric,27,933490800,1999/08/01,First Division,2026,Forward,Bryne,1562,736,826,Norway,21,11,10,7,4,3,0,0,0,0,0,3,2,1,37,21,16,1,0,0.4,0,0.4,0.49,0.33,223,2.13,42,74,1562,0,0.06,48,250,-1,2,0,7.05,0,36,9.16,7.50,13,150,4.10,82,3,5.01,7,0.00,0.00,0.30,6,0.00,0.65,0.00,0.00,0,0.00,0.30,0.00,0.00,0.00,0.35,0.35,1.90,2.43,1.04,0.30,0.65,0.00,0.55,0.29,0.00,1.95,0.00,0.00,0,0,,17,0.85,75,11,0.67,88,6,0.37,55,1,4,17,63,0.00,99,0,7,0.43,33,13,72,0.79,63,0,0.00,99,0,0.00,0,0,0.00,0,0.37,53,13,0.79,73,7,0.43,53.85,0,0.00,0,0,0,0.00,0,38,0.00,27,2.32,71,N/A,N/A,N/A,N/A,0.00,0,0.00,0,5.88,0.00,0,54.67,64.71,94,99,0.00,0.00,0,69,41,1,1,0,0.00,0.00,0,26,141.05,0.55,0.67,11,0,0.00,0.00,99,0.00,0,2,0,0.00,0.00,0,0.00,0.00,0.49,0.40,8,0,41.18,86,71,99,56,27,0.41,14,0.02,0.03,4.48,80,0.22,0.27,92,20,1.00,1.22,1.04,0.85,88,17,0.36,86,94,41,82,0,95,96,0,0.00,99,39,0.00,2.38,10.33,8.45,169,76,86,89,4.64,3.80,44.97,6,0.37,35,0,38.46,0,0.00,99,5,0.25,0.31,66,67,73,38,0,0,0,0,0,68,84,82,87,0,99,43,95,30,1,5,30,18,0,0
Lukas Hjelleset Gausdal,19,1177052400,2007/04/20,First Division,2026,Midfielder,Sogndal,147,57,90,Norway,2,1,1,0,0,0,0,0,0,0,0,0,0,0,4,2,2,1,0,0,0,0,0,0,0,2.45,37,74,147,0,0.61,-1,-1,-1,13,0,6.02,0,36,11.10,9.00,19,18,4.50,9,2,5.55,7,0.00,0.00,0.00,0,0.00,0.50,0.00,0.00,0,0.00,2.00,0.00,0.00,0.00,0.00,0.00,2.00,0.00,1.23,1.00,0.00,0.00,0.00,0.06,0.00,1.50,0.00,0.00,0,0,,2,1.00,79,0,0.00,29,2,1.23,95,2,0,2,63,0.00,99,0,0,0.00,6,1,34,0.62,57,0,0.00,99,0,0.00,0,0,0.00,0,0.00,17,0,0.00,18,0,0.00,0.00,0,0.00,0,0,0,0.00,0,4,0.00,11,2.47,76,N/A,N/A,N/A,N/A,0.00,0,0.00,0,0.12,0.00,0,50.00,0.00,29,99,0.00,0.00,0,24,24,0,0,0,0.00,0.00,0,26,12.03,0.00,0.00,0,0,0.00,0.00,99,0.00,0,0,0,0.00,0.00,0,0.00,0.00,0.62,0.50,1,0,0.00,41,0,0,39,12,0.02,5,0.01,0.01,0.12,48,0.06,0.07,98,3,1.50,1.85,1.85,1.50,99,3,0.07,48,14,8,82,0,98,93,0,0.00,99,3,0.00,1.85,14.79,12.00,24,9,92,98,5.55,4.50,37.50,4,2.47,0,0,0.00,0,0.00,99,0,0.00,0.00,34,1,36,57,0,0,0,0,0,22,39,57,51,0,99,7,23,99,1,50,99,8,0,0
Lūkass Vapne,23,1062313200,2003/08/31,First Division,2026,Midfielder,Sogndal,1652,843,809,Latvia,20,10,10,2,2,0,3,2,1,0,0,2,2,0,42,17,25,2,0,0.27,0.16,0.11,0.21,0,826,2.29,39,83,826,551,0.11,121,101,-1,8,0,6.33,0.15,66,32.16,29.57,82,621,24.38,512,61,26.51,80,0.00,0.00,0.71,15,0.00,1.52,0.05,0.05,1,0.00,0.19,0.00,0.00,0.00,0.62,0.00,2.33,8.50,0.88,0.71,0.00,0.00,0.10,0.10,0.00,0.90,0.00,0.00,0,0,,17,0.81,69,2,0.10,42,15,0.78,84,1,0,20,69,0.00,99,0,13,0.67,54,32,76,1.66,85,0,0.00,99,0,0.00,0,0,0.00,0,0.78,82,0,0.00,18,0,0.00,0.00,0,0.00,0,0,0,0.00,0,49,0.00,15,2.54,78,N/A,N/A,N/A,N/A,0.00,0,0.00,0,2.19,0.00,0,82.45,11.76,30,99,0.00,0.00,0,24,24,0,0,0,0.05,0.05,1,29,132.88,0.81,0.88,17,0,0.00,0.00,99,0.00,0,0,0,0.00,0.00,0,0.00,0.00,0.00,0.00,0,0,11.76,46,79,84,84,16,3.44,72,0.16,0.18,2.19,61,0.10,0.11,39,7,0.33,0.36,0.26,0.24,23,5,0.11,60,30,51,82,0,59,70,0,0.00,99,19,0.00,0.98,4.71,4.33,91,48,43,32,2.49,2.29,52.75,4,0.21,49,0,40.62,0,0.00,99,13,0.62,0.67,88,92,36,38,0,0,0,0,0,60,58,57,68,0,99,29,85,41,2,10,50,16,0,0
Mactar Sylla,19,1162972800,2006/11/08,First Division,2026,Midfielder,Egersund,0,0,0,Senegal,0,0,0,0,0,0,0,0,0,0,0,0,0,0,0,0,0,0,0,0,0,0,0,0,0,0,0,0,0,0,0,-1,-1,-1,-1,N/A,N/A,N/A,N/A,N/A,N/A,N/A,N/A,N/A,N/A,N/A,N/A,N/A,N/A,N/A,N/A,N/A,N/A,N/A,N/A,N/A,N/A,N/A,N/A,N/A,N/A,N/A,N/A,N/A,N/A,N/A,N/A,N/A,N/A,N/A,N/A,N/A,N/A,N/A,N/A,N/A,N/A,N/A,N/A,N/A,N/A,N/A,N/A,N/A,N/A,N/A,N/A,N/A,N/A,N/A,N/A,N/A,N/A,N/A,N/A,N/A,N/A,N/A,N/A,N/A,N/A,N/A,N/A,N/A,N/A,N/A,N/A,N/A,N/A,N/A,N/A,N/A,N/A,N/A,N/A,N/A,N/A,N/A,N/A,N/A,N/A,N/A,N/A,N/A,N/A,N/A,N/A,N/A,N/A,N/A,N/A,N/A,N/A,N/A,N/A,N/A,N/A,N/A,N/A,N/A,N/A,N/A,N/A,N/A,N/A,N/A,N/A,N/A,N/A,N/A,N/A,N/A,N/A,N/A,N/A,N/A,N/A,N/A,N/A,N/A,N/A,N/A,N/A,N/A,N/A,N/A,N/A,N/A,N/A,N/A,N/A,N/A,N/A,N/A,N/A,N/A,N/A,N/A,N/A,N/A,N/A,N/A,N/A,N/A,N/A,N/A,N/A,N/A,N/A,N/A,N/A,N/A,N/A,N/A,N/A,N/A,N/A,N/A,N/A,N/A,N/A,N/A,N/A,N/A,N/A,N/A,N/A,N/A,N/A,N/A,N/A,N/A,N/A,N/A,N/A,N/A,N/A,N/A,N/A,N/A,N/A,N/A,N/A,N/A,N/A,N/A,N/A,N/A,N/A,N/A,N/A,N/A,N/A,N/A,N/A,N/A,N/A,N/A,N/A,N/A,N/A,N/A,N/A,N/A,N/A,N/A,N/A,N/A,N/A,N/A,N/A,N/A,N/A,N/A,N/A,N/A,N/A,N/A,N/A
Mads Krogsøe Eriksen,22,1067500800,2003/10/30,First Division,2026,Goalkeeper,Egersund,0,0,0,Denmark,0,0,0,0,0,0,0,0,0,0,0,0,0,0,0,0,0,0,0,0,0,0,0,0,0,0,0,0,0,0,0,-1,-1,-1,-1,N/A,N/A,N/A,N/A,N/A,N/A,N/A,N/A,N/A,N/A,N/A,N/A,N/A,N/A,N/A,N/A,N/A,N/A,N/A,N/A,N/A,N/A,N/A,N/A,N/A,N/A,N/A,N/A,N/A,N/A,N/A,N/A,N/A,N/A,N/A,N/A,N/A,N/A,N/A,N/A,N/A,N/A,N/A,N/A,N/A,N/A,N/A,N/A,N/A,N/A,N/A,N/A,N/A,N/A,N/A,N/A,N/A,N/A,N/A,N/A,N/A,N/A,N/A,N/A,N/A,N/A,N/A,N/A,N/A,N/A,N/A,N/A,N/A,N/A,N/A,N/A,N/A,N/A,N/A,N/A,N/A,N/A,N/A,N/A,N/A,N/A,N/A,N/A,N/A,N/A,N/A,N/A,N/A,N/A,N/A,N/A,N/A,N/A,N/A,N/A,N/A,N/A,N/A,N/A,N/A,N/A,N/A,N/A,N/A,N/A,N/A,N/A,N/A,N/A,N/A,N/A,N/A,N/A,N/A,N/A,N/A,N/A,N/A,N/A,N/A,N/A,N/A,N/A,N/A,N/A,N/A,N/A,N/A,N/A,N/A,N/A,N/A,N/A,N/A,N/A,N/A,N/A,N/A,N/A,N/A,N/A,N/A,N/A,N/A,N/A,N/A,N/A,N/A,N/A,N/A,N/A,N/A,N/A,N/A,N/A,N/A,N/A,N/A,N/A,N/A,N/A,N/A,N/A,N/A,N/A,N/A,N/A,N/A,N/A,N/A,N/A,N/A,N/A,N/A,N/A,N/A,N/A,N/A,N/A,N/A,N/A,N/A,N/A,N/A,N/A,N/A,N/A,N/A,N/A,N/A,N/A,N/A,N/A,N/A,N/A,N/A,N/A,N/A,N/A,N/A,N/A,N/A,N/A,N/A,N/A,N/A,N/A,N/A,N/A,N/A,N/A,N/A,N/A,N/A,N/A,N/A,N/A,N/A,N/A
Mads Nymark Rylandsholm,20,1135065600,2005/12/20,First Division,2026,Goalkeeper,Moss,0,0,0,Norway,0,0,0,0,0,0,0,0,0,0,0,0,0,0,0,0,0,0,0,0,0,0,0,0,0,0,0,0,0,0,0,-1,-1,-1,-1,N/A,N/A,N/A,N/A,N/A,N/A,N/A,N/A,N/A,N/A,N/A,N/A,N/A,N/A,N/A,N/A,N/A,N/A,N/A,N/A,N/A,N/A,N/A,N/A,N/A,N/A,N/A,N/A,N/A,N/A,N/A,N/A,N/A,N/A,N/A,N/A,N/A,N/A,N/A,N/A,N/A,N/A,N/A,N/A,N/A,N/A,N/A,N/A,N/A,N/A,N/A,N/A,N/A,N/A,N/A,N/A,N/A,N/A,N/A,N/A,N/A,N/A,N/A,N/A,N/A,N/A,N/A,N/A,N/A,N/A,N/A,N/A,N/A,N/A,N/A,N/A,N/A,N/A,N/A,N/A,N/A,N/A,N/A,N/A,N/A,N/A,N/A,N/A,N/A,N/A,N/A,N/A,N/A,N/A,N/A,N/A,N/A,N/A,N/A,N/A,N/A,N/A,N/A,N/A,N/A,N/A,N/A,N/A,N/A,N/A,N/A,N/A,N/A,N/A,N/A,N/A,N/A,N/A,N/A,N/A,N/A,N/A,N/A,N/A,N/A,N/A,N/A,N/A,N/A,N/A,N/A,N/A,N/A,N/A,N/A,N/A,N/A,N/A,N/A,N/A,N/A,N/A,N/A,N/A,N/A,N/A,N/A,N/A,N/A,N/A,N/A,N/A,N/A,N/A,N/A,N/A,N/A,N/A,N/A,N/A,N/A,N/A,N/A,N/A,N/A,N/A,N/A,N/A,N/A,N/A,N/A,N/A,N/A,N/A,N/A,N/A,N/A,N/A,N/A,N/A,N/A,N/A,N/A,N/A,N/A,N/A,N/A,N/A,N/A,N/A,N/A,N/A,N/A,N/A,N/A,N/A,N/A,N/A,N/A,N/A,N/A,N/A,N/A,N/A,N/A,N/A,N/A,N/A,N/A,N/A,N/A,N/A,N/A,N/A,N/A,N/A,N/A,N/A,N/A,N/A,N/A,N/A,N/A,N/A
Mads Orrhaug Larsen,20,1144566000,2006/04/09,First Division,2026,Defender,Raufoss,563,213,350,Norway,11,6,5,0,0,0,0,0,0,0,0,2,2,0,17,4,13,0,0,0,0,0,0,0,0,2.72,33,51,0,0,0,189,190,118,23,0,5.12,0,36,8.53,4.50,11,54,3.58,43,47,6.79,15,0.00,0.00,0.00,0,0.00,0.08,0.16,0.08,1,0.00,0.00,0.00,0.00,0.00,0.08,0.00,1.75,0.00,0.32,0.17,0.00,0.00,0.00,0.01,0.00,0.92,0.00,0.00,0,0,,2,0.17,37,0,0.00,29,2,0.32,48,5,5,6,92,0.00,99,0,1,0.16,16,1,34,0.16,27,0,0.00,99,0,0.00,0,0,0.00,0,0.00,17,0,0.00,18,0,0.00,0.00,0,0.00,0,0,0,0.00,0,21,0.00,3,3.32,95,N/A,N/A,N/A,N/A,0.00,0,0.00,0,0.11,0.00,0,79.63,0.00,29,99,0.00,0.00,0,24,24,0,0,0,0.25,0.47,3,89,61.40,1.25,2.37,15,0,0.00,0.00,99,0.00,0,0,0,0.00,0.00,0,0.00,0.00,0.00,0.00,0,0,0.00,41,13,17,39,3,0.09,5,0.01,0.01,0.11,28,0.01,0.02,20,1,0.08,0.16,0.32,0.17,34,2,0.02,28,3,79,82,0,59,91,0,0.00,99,11,0.00,1.74,3.79,2.00,24,14,33,22,2.21,1.17,58.33,0,0.00,99,0,0.00,0,0.00,99,0,0.00,0.00,34,16,80,95,0,0,0,0,0,22,39,57,51,0,99,54,23,23,0,0,23,16,0,0
Mads Sande,28,890553600,1998/03/22,First Division,2026,Forward,Kongsvinger,1858,985,873,Norway,21,11,10,5,4,1,1,1,0,0,0,3,1,2,30,19,11,0,0,0.29,0.05,0.24,0.37,0.1,372,1.45,62,88,0,1858,0,78,171,-1,6,0,6.68,0.05,39,20.86,20.48,49,430,16.05,337,44,16.35,48,0.00,0.00,0.24,5,0.00,0.95,0.00,0.00,0,0.00,0.48,0.00,0.00,0.00,0.48,0.14,1.52,4.20,1.02,0.62,0.38,0.00,0.38,0.22,0.00,0.76,0.00,0.00,0,0,,21,1.00,74,8,0.39,72,13,0.63,74,1,0,21,63,0.00,99,0,10,0.49,37,20,39,0.97,69,0,0.00,99,0,0.00,0,0,0.00,0,0.24,39,8,0.39,55,3,0.15,37.50,0,0.00,0,0,0,0.00,0,32,0.00,69,1.55,27,N/A,N/A,N/A,N/A,0.00,0,0.00,0,4.65,0.00,0,78.37,38.10,61,99,0.00,0.00,0,43,29,0,0,0,0.19,0.19,4,64,140.21,0.86,0.87,18,0,0.00,0.00,99,0.00,0,0,0,0.00,0.00,0,0.00,0.00,0.05,0.05,1,0,23.81,66,94,99,65,69,1.41,35,0.07,0.07,4.65,76,0.22,0.23,27,5,0.24,0.24,0.29,0.29,29,6,0.23,73,72,50,82,0,64,61,0,0.00,99,16,0.00,0.78,5.09,5.00,105,46,34,40,2.23,2.19,43.81,10,0.49,23,0,20.00,0,0.00,99,4,0.19,0.19,58,99,36,38,0,0,0,0,0,61,75,60,80,0,99,43,23,23,0,0,23,27,0,0
Magnus Lankhof Dahlby,27,933750000,1999/08/04,First Division,2026,Forward,Stabæk,1675,781,894,Norway,21,10,11,16,8,8,5,2,3,0,0,8,4,4,22,10,12,3,0,1.13,0.27,0.86,0.92,0.81,105,1.18,76,80,558,335,0.16,7,57,-1,1,0,7.02,0.24,81,14.39,12.76,28,268,10.33,217,55,11.65,29,0.00,0.00,0.71,15,0.00,0.38,0.05,0.05,1,0.00,0.67,0.00,0.00,0.00,0.19,0.33,1.10,1.94,1.66,0.67,0.62,0.00,0.81,0.56,0.00,0.62,0.00,0.00,0,0,,31,1.48,89,17,0.91,93,14,0.75,82,4,3,18,69,0.00,99,0,4,0.21,21,8,34,0.43,45,0,0.00,99,0,0.00,0,0,0.00,0,0.81,84,13,0.70,69,7,0.38,53.85,0,0.00,0,0,0,0.00,0,23,0.00,92,1.24,6,N/A,N/A,N/A,N/A,0.00,0,0.00,0,11.81,0.00,0,80.97,54.84,88,99,0.00,0.00,0,67,41,3,0,0,0.14,0.16,3,57,147.46,0.48,0.54,10,0,0.00,0.00,99,0.00,0,3,0,0.00,0.00,0,0.00,0.00,0.59,0.52,11,0,51.61,93,81,99,42,92,3.88,80,0.18,0.21,9.71,96,0.46,0.52,80,16,0.76,0.86,0.86,0.76,78,16,0.63,98,93,35,82,0,98,57,0,0.00,99,13,0.00,0.70,8.43,7.48,157,56,61,77,3.01,2.67,35.67,14,0.75,9,0,0.00,0,0.00,99,0,0.00,0.00,34,75,69,89,0,1,0,5,0,98,98,97,98,0,99,97,64,59,3,14,67,8,0,0
Magnus Rugland Ree,22,1082962800,2004/04/26,First Division,2026,Goalkeeper,Bryne,1620,810,810,Norway,18,9,9,0,0,0,0,0,0,0,0,5,2,3,18,10,8,2,0,0,0,0,0,0,0,1,90,90,810,0,0.11,255,268,3,20,0,6.32,0,36,14.11,14.11,27,254,11.00,198,42,11.00,28,0.00,0.00,0.00,0,0.00,0.00,0.00,0.00,0,0.00,0.00,0.00,0.00,1.00,0.17,0.00,2.33,0.00,0.00,0.00,0.00,0.00,0.00,0.00,0.00,0.00,0.00,0.00,0,0,,0,0.00,14,0,0.00,29,0,0.00,16,0,0,18,63,0.00,99,0,3,0.17,17,0,34,0.00,16,0,0.00,99,0,0.00,0,0,0.00,0,0.00,17,0,0.00,18,0,0.00,0.00,0,0.00,0,18,22,1.00,17,42,0.00,98,2.33,71,N/A,N/A,N/A,N/A,42.86,0,0.00,0,0.00,0.00,0,77.95,0.00,29,99,0.00,0.00,0,24,24,0,0,10,0.00,0.00,0,26,113.76,0.06,0.06,1,0,0.00,0.00,99,0.00,0,0,0,0.00,0.00,0,0.00,0.00,0.00,0.00,0,0,0.00,41,78,56,39,98,0.40,8,0.02,0.02,0.00,15,0.00,0.00,8,0,0.00,0.00,0.00,0.00,9,0,0.00,15,29,10,82,0,59,10,0,0.00,99,0,0.00,0.00,0.11,0.11,2,1,4,5,0.06,0.06,50.00,0,0.00,99,0,0.00,0,0.00,99,0,0.00,0.00,34,75,36,14,0,0,0,0,0,22,39,57,51,0,99,81,83,41,2,11,56,1,0,0
Magnus Spangelo Haga,19,1165651200,2006/12/09,First Division,2026,Forward,Åsane,1546,852,694,Norway,20,11,9,3,3,0,5,2,3,0,0,3,3,0,31,13,18,3,0,0.47,0.29,0.17,0.32,0,515,1.8,50,77,515,309,0.17,94,45,-1,3,0,6.93,0.25,85,8.32,7.56,11,136,5.28,95,13,5.81,9,0.00,0.00,0.33,6,0.00,0.78,0.06,0.06,1,0.00,1.11,0.00,0.00,0.00,0.39,0.39,1.83,4.67,0.86,0.33,0.61,0.00,0.44,0.17,0.00,0.50,0.00,0.00,0,0,,14,0.78,68,8,0.49,79,6,0.37,55,1,0,18,72,0.00,99,0,7,0.43,33,14,41,0.86,65,0,0.00,99,0,0.00,0,0,0.00,0,0.37,53,11,0.67,68,7,0.43,63.64,0,0.00,0,0,0,0.00,0,33,0.00,44,2.02,53,N/A,N/A,N/A,N/A,0.00,0,0.00,0,3.08,0.00,0,69.85,57.14,91,99,0.00,0.00,0,69,53,0,0,0,0.11,0.12,2,48,124.79,0.72,0.80,13,0,0.00,0.00,99,0.00,0,0,0,0.00,0.00,0,0.00,0.00,0.18,0.17,3,0,21.43,62,69,84,70,44,3.02,72,0.17,0.18,3.08,73,0.17,0.19,86,17,0.94,1.04,0.80,0.72,75,13,0.19,72,88,45,82,0,82,45,0,0.00,99,9,0.00,0.55,9.42,8.56,154,45,52,84,2.75,2.50,29.22,20,1.22,2,0,21.43,0,0.00,99,3,0.17,0.18,57,75,36,38,0,1,0,5,0,72,70,57,77,0,99,47,61,63,3,15,71,14,0,0
Maill Lundgren,25,991378800,2001/06/01,First Division,2026,Forward,Ranheim,262,123,139,Sweden,7,3,4,1,1,0,0,0,0,0,0,0,0,0,5,3,2,0,0,0.34,0,0.34,0.73,0,262,1.72,52,37,0,0,0,-1,-1,-1,8,0,6.62,0,36,36.82,15.43,89,108,13.14,92,73,31.36,89,0.00,0.00,0.86,6,0.00,0.86,0.00,0.00,0,0.00,0.29,0.00,0.00,0.00,0.00,1.29,1.00,6.00,2.05,0.57,2.00,0.00,0.29,0.15,0.00,0.00,0.00,0.00,0,0,,6,0.86,95,2,0.68,88,4,1.36,96,5,5,2,63,0.00,99,0,0,0.00,6,6,92,2.05,90,0,0.00,99,0,0.00,0,0,0.00,0,2.05,99,14,4.77,99,9,3.07,64.29,0,0.00,0,0,0,0.00,0,7,0.00,47,2.39,73,N/A,N/A,N/A,N/A,0.00,0,0.00,0,1.04,0.00,0,85.19,33.33,56,99,0.00,0.00,0,99,54,0,0,0,0.00,0.00,0,26,46.37,0.57,1.36,4,0,0.00,0.00,99,0.00,0,0,0,0.00,0.00,0,0.00,0.00,0.00,0.00,0,0,16.67,55,0,5,58,47,0.39,59,0.06,0.13,1.04,87,0.15,0.35,99,8,1.14,2.73,0.68,0.29,66,2,0.35,85,66,62,82,0,59,10,0,0.00,99,0,0.00,0.00,19.43,8.14,57,27,99,99,9.20,3.86,47.37,2,0.68,11,0,50.00,0,0.00,99,3,0.43,1.02,96,1,80,95,0,0,0,0,0,65,82,57,94,0,99,7,23,23,0,0,23,7,0,0
Malte Fismen,16,1270537200,2010/04/06,First Division,2026,Forward,Åsane,754,415,339,Norway,10,6,4,1,1,0,2,2,0,0,0,3,3,0,17,6,11,2,0,0.36,0.24,0.12,0.22,0,754,2.03,44,75,377,377,0.24,116,70,-1,8,0,6.58,0.2,77,7.66,6.40,8,64,4.90,49,34,5.86,11,0.00,0.00,0.20,2,0.00,0.10,0.00,0.00,0,0.00,0.40,0.00,0.00,0.00,0.10,0.20,1.70,4.00,0.48,0.20,0.20,0.00,0.20,0.09,0.00,0.50,0.00,0.00,0,0,,4,0.40,49,2,0.24,61,2,0.24,41,3,1,9,63,0.00,99,0,1,0.12,10,1,34,0.12,21,0,0.00,99,0,0.00,0,0,0.00,0,0.24,39,2,0.24,45,2,0.24,100.00,0,0.00,0,0,0,0.00,0,17,0.00,33,2.03,55,N/A,N/A,N/A,N/A,0.00,0,0.00,0,0.94,0.00,0,76.56,50.00,86,99,0.00,0.00,0,54,99,0,0,0,0.00,0.00,0,26,65.75,0.10,0.12,1,0,0.00,0.00,99,0.00,0,0,0,0.00,0.00,0,0.00,0.00,0.00,0.00,0,0,25.00,71,26,12,80,33,1.30,68,0.13,0.16,0.94,61,0.09,0.11,80,7,0.70,0.84,0.36,0.30,39,3,0.11,60,61,12,82,0,59,48,0,0.00,99,5,0.00,0.60,5.86,4.90,49,20,41,47,2.39,2.00,40.82,4,0.48,25,0,0.00,0,0.00,99,0,0.00,0.00,34,28,48,79,0,0,0,0,0,67,61,57,71,0,99,85,44,81,2,20,86,26,0,0
Malthe Henriksen,20,1149231600,2006/06/02,First Division,2026,Defender,Sandnes Ulf,41,41,0,Denmark,1,1,0,0,0,0,0,0,0,0,0,0,0,0,1,1,0,0,0,0,0,0,0,0,0,2.2,41,41,0,0,0,-1,-1,-1,24,0,6.37,0,36,59.27,27.00,98,27,23.00,23,73,50.49,98,0.00,0.00,0.00,0,0.00,0.00,0.00,0.00,0,0.00,0.00,0.00,0.00,0.00,2.00,0.00,1.00,0.00,0.00,0.00,0.00,0.00,0.00,0.00,0.00,0.00,0.00,0.00,0,0,,0,0.00,14,0,0.00,29,0,0.00,16,0,1,0,63,0.00,99,0,2,4.39,99,0,34,0.00,16,0,0.00,99,0,0.00,0,0,0.00,0,0.00,17,0,0.00,18,0,0.00,0.00,0,0.00,0,0,0,0.00,0,1,0.00,20,2.20,63,N/A,N/A,N/A,N/A,0.00,0,0.00,0,0.00,0.00,0,85.19,0.00,29,99,0.00,0.00,0,24,24,0,0,0,0.00,0.00,0,26,6.37,4.00,8.78,4,0,0.00,0.00,99,0.00,0,0,0,0.00,0.00,0,0.00,0.00,0.00,0.00,0,0,0.00,41,0,0,39,22,0.04,43,0.04,0.09,0.00,15,0.00,0.00,8,0,0.00,0.00,2.20,1.00,99,1,0.00,15,36,99,82,0,59,10,0,0.00,99,0,0.00,0.00,6.59,3.00,3,1,32,55,2.20,1.00,33.33,0,0.00,99,0,0.00,0,0.00,99,0,0.00,0.00,34,0,48,14,0,0,0,0,0,22,39,57,51,0,99,7,23,23,0,0,23,28,0,0
Malvin Ingebrigtsen,27,928047600,1999/05/30,First Division,2026,Midfielder,Åsane,1250,665,585,Norway,18,10,8,1,1,0,0,0,0,0,0,3,3,0,31,11,20,4,0,0.07,0,0.07,0.14,0,1250,2.23,40,69,313,0,0.29,146,216,-1,7,0,6.08,0,36,23.47,18.11,56,326,16.22,292,93,21.02,64,0.00,0.00,0.06,1,0.00,0.11,0.07,0.06,1,0.00,0.00,0.00,0.00,0.00,0.83,0.17,1.89,2.00,0.14,0.06,0.33,0.00,0.06,0.04,0.00,1.00,0.00,0.00,0,0,,2,0.11,23,1,0.07,38,1,0.07,22,5,3,14,77,0.00,99,0,15,1.08,80,2,92,0.14,23,0,0.00,99,0,0.00,0,0,0.00,0,0.07,22,6,0.43,58,3,0.22,50.00,0,0.00,0,0,0,0.00,0,34,0.00,19,2.45,75,N/A,N/A,N/A,N/A,0.00,0,0.00,0,0.80,0.00,0,89.57,50.00,86,99,0.00,0.00,0,51,40,0,0,0,0.50,0.65,9,93,109.43,2.39,3.10,43,0,0.00,0.00,99,0.00,0,0,0,0.00,0.00,0,0.00,0.00,0.00,0.00,0,0,50.00,92,48,56,90,19,0.62,19,0.03,0.04,0.80,46,0.04,0.06,64,9,0.50,0.65,0.65,0.50,64,9,0.06,45,17,89,82,0,59,83,0,0.00,99,18,0.00,1.30,4.25,3.28,59,30,31,26,2.16,1.67,50.85,0,0.00,99,0,50.00,0,0.00,99,1,0.06,0.07,39,49,69,95,0,0,0,0,0,31,50,57,63,0,99,52,37,86,4,22,88,25,0,0
Manaf Rawufu,21,1123225200,2005/08/05,First Division,2026,Forward,Hødd,528,196,332,Sweden,18,8,10,2,1,1,1,1,0,0,0,2,1,1,11,4,7,3,0,0.51,0.17,0.34,0.46,0.27,264,1.88,48,29,176,528,0.51,58,97,-1,8,0,5.90,0.06,68,15.06,4.94,30,89,3.06,55,4,9.30,23,0.00,0.00,0.44,8,0.00,0.67,0.00,0.00,0,0.00,0.61,0.00,0.00,0.00,0.22,0.44,0.83,5.00,1.69,0.22,0.61,0.00,0.33,0.12,0.00,0.17,0.00,0.00,0,0,,10,0.56,90,6,1.02,96,4,0.68,77,1,14,4,63,0.00,99,0,4,0.68,56,12,77,2.03,89,0,0.00,99,0,0.00,0,0,0.00,0,1.35,97,11,1.86,93,8,1.35,72.73,0,0.00,0,0,0,0.00,0,15,0.00,40,2.54,78,N/A,N/A,N/A,N/A,0.00,0,0.00,0,2.13,0.00,0,61.80,60.00,91,99,0.00,0.00,0,95,67,0,0,0,0.00,0.00,0,26,106.23,0.17,0.51,3,0,0.00,0.00,99,0.00,0,0,0,0.00,0.00,0,0.00,0.00,0.17,0.06,1,1,20.00,60,11,56,58,41,1.00,70,0.06,0.17,2.13,88,0.12,0.36,96,9,0.50,1.52,1.52,0.50,98,9,0.36,86,12,31,82,0,82,41,0,0.00,99,3,0.00,0.51,12.52,4.11,74,30,89,95,5.08,1.67,40.54,11,1.86,0,0,41.67,0,0.00,99,5,0.28,0.85,94,6,98,38,0,0,0,0,0,74,82,79,86,0,99,35,25,98,3,17,77,11,0,0
Mande Sayouba,33,740127600,1993/06/15,First Division,2026,Goalkeeper,Kongsvinger,0,0,0,Ivory Coast,0,0,0,0,0,0,0,0,0,0,0,0,0,0,0,0,0,0,0,0,0,0,0,0,0,0,0,0,0,0,0,-1,-1,-1,-1,N/A,N/A,N/A,N/A,N/A,N/A,N/A,N/A,N/A,N/A,N/A,N/A,N/A,N/A,N/A,N/A,N/A,N/A,N/A,N/A,N/A,N/A,N/A,N/A,N/A,N/A,N/A,N/A,N/A,N/A,N/A,N/A,N/A,N/A,N/A,N/A,N/A,N/A,N/A,N/A,N/A,N/A,N/A,N/A,N/A,N/A,N/A,N/A,N/A,N/A,N/A,N/A,N/A,N/A,N/A,N/A,N/A,N/A,N/A,N/A,N/A,N/A,N/A,N/A,N/A,N/A,N/A,N/A,N/A,N/A,N/A,N/A,N/A,N/A,N/A,N/A,N/A,N/A,N/A,N/A,N/A,N/A,N/A,N/A,N/A,N/A,N/A,N/A,N/A,N/A,N/A,N/A,N/A,N/A,N/A,N/A,N/A,N/A,N/A,N/A,N/A,N/A,N/A,N/A,N/A,N/A,N/A,N/A,N/A,N/A,N/A,N/A,N/A,N/A,N/A,N/A,N/A,N/A,N/A,N/A,N/A,N/A,N/A,N/A,N/A,N/A,N/A,N/A,N/A,N/A,N/A,N/A,N/A,N/A,N/A,N/A,N/A,N/A,N/A,N/A,N/A,N/A,N/A,N/A,N/A,N/A,N/A,N/A,N/A,N/A,N/A,N/A,N/A,N/A,N/A,N/A,N/A,N/A,N/A,N/A,N/A,N/A,N/A,N/A,N/A,N/A,N/A,N/A,N/A,N/A,N/A,N/A,N/A,N/A,N/A,N/A,N/A,N/A,N/A,N/A,N/A,N/A,N/A,N/A,N/A,N/A,N/A,N/A,N/A,N/A,N/A,N/A,N/A,N/A,N/A,N/A,N/A,N/A,N/A,N/A,N/A,N/A,N/A,N/A,N/A,N/A,N/A,N/A,N/A,N/A,N/A,N/A,N/A,N/A,N/A,N/A,N/A,N/A,N/A,N/A,N/A,N/A,N/A,N/A
Mapenda Mbow,22,1090306800,2004/07/20,First Division,2026,Defender,Kongsvinger,1778,878,900,Senegal,20,10,10,1,1,0,0,0,0,0,0,3,1,2,25,14,11,4,0,0.05,0,0.05,0.1,0,1778,1.27,71,89,445,0,0.2,165,223,24,12,0,6.52,0,36,26.07,25.75,64,515,23.30,466,97,23.59,72,0.00,0.00,0.05,1,0.00,0.05,0.00,0.00,0,0.00,0.10,0.00,0.00,0.00,1.35,0.00,1.40,7.00,0.35,0.15,0.00,0.00,0.20,0.06,0.00,1.60,0.00,0.00,0,0,,7,0.35,39,4,0.20,59,3,0.15,30,3,0,20,63,0.00,99,0,27,1.37,87,1,34,0.05,17,0,0.00,99,0,0.00,0,0,0.00,0,0.05,18,0,0.00,18,0,0.00,0.00,0,0.00,0,0,0,0.00,0,28,0.00,81,1.42,16,N/A,N/A,N/A,N/A,0.00,0,0.00,0,1.24,0.00,0,90.49,57.14,91,99,0.00,0.00,0,24,24,0,0,0,0.55,0.56,11,91,130.36,4.05,4.10,81,1,0.00,0.05,8,0.05,0,0,0,0.00,0.00,0,0.00,0.00,0.00,0.00,0,0,14.29,52,89,84,98,81,1.19,32,0.06,0.06,1.24,46,0.06,0.06,61,12,0.60,0.61,0.96,0.95,84,19,0.06,45,54,97,82,0,59,89,0,0.00,99,32,0.00,1.62,6.83,6.75,135,66,67,59,3.34,3.30,48.89,2,0.10,66,0,0.00,0,0.00,99,0,0.00,0.00,34,92,36,79,0,0,0,0,0,25,44,57,54,0,99,47,51,73,4,20,86,12,0,0
Marcel Zapytowski,25,978940800,2001/01/08,First Division,2026,Goalkeeper,Egersund,450,180,270,Poland,5,2,3,0,0,0,0,0,0,0,0,1,0,1,8,5,3,0,0,0,0,0,0,0,0,1.6,56,90,0,0,0,200,188,54,15,0,6.94,0,36,28.00,28.00,69,140,18.00,90,7,18.00,54,0.00,0.00,0.00,0,0.00,0.00,0.00,0.00,0,0.00,0.00,0.00,0.00,4.20,0.40,0.00,6.20,0.00,0.00,0.00,0.00,0.00,0.00,0.00,0.00,0.00,0.00,0.00,0,0,,0,0.00,14,0,0.00,29,0,0.00,16,0,0,5,63,0.00,99,0,2,0.40,30,0,34,0.00,16,0,0.00,99,0,0.00,0,0,0.00,0,0.00,17,0,0.00,18,0,0.00,0.00,0,0.00,0,21,99,4.20,99,31,0.00,56,6.20,99,N/A,N/A,N/A,N/A,67.74,0,0.00,0,0.00,0.00,0,64.29,0.00,29,99,0.00,0.00,0,24,24,0,0,10,0.00,0.00,0,26,34.68,0.40,0.40,2,0,0.00,0.00,99,0.00,1,0,0,0.00,0.00,0,0.00,0.00,0.00,0.00,0,0,0.00,41,5,1,39,56,0.17,14,0.03,0.03,0.00,15,0.00,0.00,43,2,0.40,0.40,0.00,0.00,9,0,0.00,15,89,26,82,0,59,10,0,0.00,99,0,0.00,0.00,0.80,0.80,4,2,11,10,0.40,0.40,50.00,0,0.00,99,0,0.00,0,0.00,99,0,0.00,0.00,34,10,36,14,0,0,0,0,0,22,39,57,51,0,99,59,23,23,0,0,23,1,0,0
Marcus Aleksander Paulsen,20,1136016000,2005/12/31,First Division,2026,Defender,Strømmen,1081,610,471,Norway,16,9,7,1,0,1,2,1,1,0,0,3,3,0,25,15,10,0,0,0.25,0.17,0.08,0,0.19,1081,2.08,43,68,0,541,0,139,94,88,9,0,6.26,0.12,68,26.91,20.12,66,322,14.38,230,19,19.22,58,0.00,0.00,0.44,7,0.00,2.00,0.00,0.00,0,0.00,0.38,0.00,0.00,0.00,1.00,0.69,1.62,15.00,1.25,0.75,1.00,0.00,0.19,0.10,0.00,0.06,0.00,0.00,0,0,,15,0.94,80,3,0.25,63,12,1.00,90,3,4,12,63,0.00,99,0,16,1.34,87,32,79,2.67,97,0,0.00,99,0,0.00,0,0,0.00,0,0.58,71,16,1.34,90,11,0.92,68.75,0,0.00,0,0,0,0.00,0,26,0.00,29,2.17,61,N/A,N/A,N/A,N/A,0.00,0,0.00,0,1.61,0.00,0,71.43,20.00,39,99,0.00,0.00,0,89,60,0,0,0,0.19,0.25,3,73,100.10,2.44,3.26,39,0,0.00,0.00,99,0.00,0,0,0,0.00,0.00,0,0.00,0.00,0.08,0.06,1,0,6.67,42,42,42,89,30,1.89,68,0.12,0.16,1.61,65,0.10,0.13,98,23,1.44,1.92,0.42,0.31,46,5,0.13,64,24,90,82,0,71,12,0,0.00,99,1,0.00,0.08,11.36,8.50,136,74,96,92,6.18,4.62,54.41,6,0.50,22,0,43.75,0,0.00,99,14,0.88,1.17,99,40,73,79,0,0,0,0,0,59,51,71,51,0,99,57,23,23,0,0,23,24,0,0
Marcus Andersen,25,991119600,2001/05/29,First Division,2026,Goalkeeper,Lyn,0,0,0,Norway,0,0,0,0,0,0,0,0,0,0,0,0,0,0,0,0,0,0,0,0,0,0,0,0,0,0,0,0,0,0,0,-1,-1,-1,-1,N/A,N/A,N/A,N/A,N/A,N/A,N/A,N/A,N/A,N/A,N/A,N/A,N/A,N/A,N/A,N/A,N/A,N/A,N/A,N/A,N/A,N/A,N/A,N/A,N/A,N/A,N/A,N/A,N/A,N/A,N/A,N/A,N/A,N/A,N/A,N/A,N/A,N/A,N/A,N/A,N/A,N/A,N/A,N/A,N/A,N/A,N/A,N/A,N/A,N/A,N/A,N/A,N/A,N/A,N/A,N/A,N/A,N/A,N/A,N/A,N/A,N/A,N/A,N/A,N/A,N/A,N/A,N/A,N/A,N/A,N/A,N/A,N/A,N/A,N/A,N/A,N/A,N/A,N/A,N/A,N/A,N/A,N/A,N/A,N/A,N/A,N/A,N/A,N/A,N/A,N/A,N/A,N/A,N/A,N/A,N/A,N/A,N/A,N/A,N/A,N/A,N/A,N/A,N/A,N/A,N/A,N/A,N/A,N/A,N/A,N/A,N/A,N/A,N/A,N/A,N/A,N/A,N/A,N/A,N/A,N/A,N/A,N/A,N/A,N/A,N/A,N/A,N/A,N/A,N/A,N/A,N/A,N/A,N/A,N/A,N/A,N/A,N/A,N/A,N/A,N/A,N/A,N/A,N/A,N/A,N/A,N/A,N/A,N/A,N/A,N/A,N/A,N/A,N/A,N/A,N/A,N/A,N/A,N/A,N/A,N/A,N/A,N/A,N/A,N/A,N/A,N/A,N/A,N/A,N/A,N/A,N/A,N/A,N/A,N/A,N/A,N/A,N/A,N/A,N/A,N/A,N/A,N/A,N/A,N/A,N/A,N/A,N/A,N/A,N/A,N/A,N/A,N/A,N/A,N/A,N/A,N/A,N/A,N/A,N/A,N/A,N/A,N/A,N/A,N/A,N/A,N/A,N/A,N/A,N/A,N/A,N/A,N/A,N/A,N/A,N/A,N/A,N/A,N/A,N/A,N/A,N/A,N/A,N/A
Marcus Hedenstad Christiansen,21,1121583600,2005/07/17,First Division,2026,Goalkeeper,Moss,0,0,0,Norway,0,0,0,0,0,0,0,0,0,0,0,0,0,0,0,0,0,0,0,0,0,0,0,0,0,0,0,0,0,0,0,-1,-1,-1,-1,N/A,N/A,N/A,N/A,N/A,N/A,N/A,N/A,N/A,N/A,N/A,N/A,N/A,N/A,N/A,N/A,N/A,N/A,N/A,N/A,N/A,N/A,N/A,N/A,N/A,N/A,N/A,N/A,N/A,N/A,N/A,N/A,N/A,N/A,N/A,N/A,N/A,N/A,N/A,N/A,N/A,N/A,N/A,N/A,N/A,N/A,N/A,N/A,N/A,N/A,N/A,N/A,N/A,N/A,N/A,N/A,N/A,N/A,N/A,N/A,N/A,N/A,N/A,N/A,N/A,N/A,N/A,N/A,N/A,N/A,N/A,N/A,N/A,N/A,N/A,N/A,N/A,N/A,N/A,N/A,N/A,N/A,N/A,N/A,N/A,N/A,N/A,N/A,N/A,N/A,N/A,N/A,N/A,N/A,N/A,N/A,N/A,N/A,N/A,N/A,N/A,N/A,N/A,N/A,N/A,N/A,N/A,N/A,N/A,N/A,N/A,N/A,N/A,N/A,N/A,N/A,N/A,N/A,N/A,N/A,N/A,N/A,N/A,N/A,N/A,N/A,N/A,N/A,N/A,N/A,N/A,N/A,N/A,N/A,N/A,N/A,N/A,N/A,N/A,N/A,N/A,N/A,N/A,N/A,N/A,N/A,N/A,N/A,N/A,N/A,N/A,N/A,N/A,N/A,N/A,N/A,N/A,N/A,N/A,N/A,N/A,N/A,N/A,N/A,N/A,N/A,N/A,N/A,N/A,N/A,N/A,N/A,N/A,N/A,N/A,N/A,N/A,N/A,N/A,N/A,N/A,N/A,N/A,N/A,N/A,N/A,N/A,N/A,N/A,N/A,N/A,N/A,N/A,N/A,N/A,N/A,N/A,N/A,N/A,N/A,N/A,N/A,N/A,N/A,N/A,N/A,N/A,N/A,N/A,N/A,N/A,N/A,N/A,N/A,N/A,N/A,N/A,N/A,N/A,N/A,N/A,N/A,N/A,N/A
Marcus Mehnert,28,878025600,1997/10/28,First Division,2026,Forward,Strømsgodset,1103,574,529,Norway,21,10,11,6,5,1,4,2,2,0,0,6,3,3,15,8,7,0,0,0.82,0.33,0.49,0.78,0.17,184,1.22,74,53,0,276,0,33,31,-1,4,0,6.07,0.19,89,10.30,6.10,17,128,4.38,92,21,7.41,18,0.00,0.00,0.29,6,0.00,0.90,0.00,0.00,0,0.00,0.14,0.00,0.00,0.00,0.10,0.86,0.71,4.00,1.93,0.67,1.19,0.00,0.48,0.26,0.00,0.33,0.00,0.00,0,0,,24,1.14,94,10,0.81,91,14,1.13,93,7,10,11,63,0.00,99,0,2,0.16,16,19,78,1.53,82,0,0.00,99,0,0.00,0,0,0.00,0,0.48,63,25,2.01,95,18,1.45,72.00,0,0.00,0,0,0,0.00,0,15,0.00,88,1.21,4,N/A,N/A,N/A,N/A,0.00,0,0.00,0,5.48,0.00,0,71.88,41.67,67,99,0.00,0.00,0,95,66,0,0,0,0.14,0.24,3,71,127.45,0.10,0.16,2,0,0.00,0.00,99,0.00,0,0,0,0.00,0.00,0,0.00,0.00,0.16,0.10,2,0,25.00,71,44,99,50,89,2.65,80,0.13,0.21,5.48,92,0.26,0.44,82,11,0.52,0.89,0.40,0.24,44,5,0.44,91,16,15,82,0,81,45,0,0.00,99,7,0.00,0.56,6.92,4.10,86,42,68,61,3.38,2.00,48.84,3,0.24,46,0,42.11,0,0.00,99,8,0.38,0.64,87,38,95,99,0,0,0,0,0,91,90,69,95,0,99,81,23,23,0,0,23,77,0,0
Marcus Mikhail,26,965199600,2000/08/02,First Division,2026,Defender,Hødd,793,257,536,Sweden,13,7,6,0,0,0,0,0,0,0,0,2,1,1,16,4,12,2,0,0,0,0,0,0,0,1.82,50,61,397,0,0.23,188,198,65,17,0,5.95,0,36,47.33,32.08,96,417,27.08,352,70,39.95,96,0.00,0.00,0.31,4,0.00,0.54,0.11,0.08,1,0.00,0.15,0.00,0.00,0.00,1.38,0.08,1.54,0.00,0.45,0.31,0.08,0.00,0.00,0.02,0.00,0.23,0.00,0.00,0,0,,4,0.31,46,0,0.00,29,4,0.45,63,3,4,9,83,0.00,99,0,18,2.04,99,7,35,0.79,63,0,0.00,99,0,0.00,0,0,0.00,0,0.45,61,1,0.11,30,1,0.11,100.00,0,0.00,0,0,0,0.00,0,20,0.00,43,2.27,68,N/A,N/A,N/A,N/A,0.00,0,0.00,0,0.22,0.00,0,84.41,0.00,29,99,0.00,0.00,0,36,99,0,0,0,0.31,0.45,4,88,77.36,2.08,3.06,27,0,0.00,0.00,99,0.00,0,0,0,0.00,0.00,0,0.00,0.00,0.00,0.00,0,0,0.00,41,28,24,39,44,0.95,50,0.07,0.11,0.22,28,0.02,0.02,56,5,0.38,0.57,1.02,0.69,87,9,0.02,28,13,88,82,0,59,32,0,0.00,99,3,0.00,0.34,6.58,4.46,58,29,66,55,3.29,2.23,50.00,2,0.23,48,0,14.29,0,0.00,99,1,0.08,0.11,46,28,73,79,0,0,0,0,0,22,39,57,51,0,99,47,46,79,2,15,71,14,0,0
Marius Amundsen Ulla,24,1023692400,2002/06/10,First Division,2026,Goalkeeper,Stabæk,1890,900,990,Norway,21,10,11,0,0,0,0,0,0,0,0,8,4,4,25,12,13,0,0,0,0,0,0,0,0,1.19,76,90,0,0,0,264,234,12,16,0,6.45,0,36,18.76,18.76,45,394,16.14,339,79,16.14,48,0.00,0.00,0.00,0,0.00,0.00,0.00,0.00,0,0.00,0.00,0.00,0.00,1.81,0.14,0.00,3.05,0.00,0.00,0.00,0.00,0.00,0.00,0.00,0.00,0.05,0.00,0.00,0,0,,0,0.00,14,0,0.00,29,0,0.00,16,0,0,21,63,0.00,99,0,3,0.14,13,0,34,0.00,16,0,0.00,99,0,0.00,0,0,0.00,0,0.00,17,0,0.00,18,0,0.00,0.00,0,0.00,0,38,89,1.81,56,64,0.00,92,3.05,91,N/A,N/A,N/A,N/A,59.38,0,0.00,0,0.00,0.00,0,86.04,0.00,29,99,0.00,0.00,0,24,24,0,0,17,0.00,0.00,0,26,135.55,0.05,0.05,1,0,0.00,0.00,99,0.00,0,0,0,0.00,0.00,0,0.00,0.00,0.00,0.00,0,0,0.00,41,99,99,39,92,0.74,19,0.04,0.04,0.00,15,0.00,0.00,8,0,0.00,0.00,0.00,0.00,9,0,0.00,15,46,10,82,0,59,11,0,0.00,99,1,0.00,0.05,0.24,0.24,5,3,7,7,0.14,0.14,60.00,0,0.00,99,0,0.00,0,0.00,99,0,0.00,0.00,34,99,36,14,0,0,0,0,0,22,39,57,51,0,99,97,23,23,0,0,23,22,0,0
Marius Årøy,21,1113894000,2005/04/19,First Division,2026,Midfielder,Sogndal,0,0,0,Norway,2,1,1,0,0,0,0,0,0,0,0,1,1,0,0,0,0,0,0,0,0,0,0,0,0,0,0,0,0,0,0,-1,-1,-1,-1,0,0.00,0,36,0.00,0.00,2,0,0.00,0,2,0.00,2,0.00,0.00,0.00,0,0.00,0.00,0.00,0.00,0,0.00,0.00,0.00,0.00,0.00,0.00,0.00,0.00,0.00,0.00,0.00,0.00,0.00,0.00,0.00,0.00,0.00,0.00,0.00,0,0,,0,0.00,14,0,0.00,29,0,0.00,16,0,2,0,63,0.00,99,0,0,0.00,6,0,34,0.00,16,0,0.00,99,0,0.00,0,0,0.00,0,0.00,17,0,0.00,18,0,0.00,0.00,0,0.00,0,0,0,0.00,0,0,0.00,99,0.00,0,N/A,N/A,N/A,N/A,0.00,0,0.00,0,0.00,0.00,0,0.00,0.00,29,99,0.00,0.00,0,24,24,0,0,0,0.00,0.00,0,26,0.00,0.00,0.00,0,0,0.00,0.00,99,0.00,0,0,0,0.00,0.00,0,0.00,0.00,0.00,0.00,0,0,0.00,41,0,0,39,0,0.00,3,0.00,0.00,0.00,15,0.00,0.00,8,0,0.00,0.00,0.00,0.00,9,0,0.00,15,0,8,82,0,59,10,0,0.00,99,0,0.00,0.00,0.00,0.00,0,0,2,2,0.00,0.00,0.00,0,0.00,99,0,0.00,0,0.00,99,0,0.00,0.00,34,0,59,14,0,0,0,0,0,22,39,57,51,0,99,99,23,23,0,0,23,36,0,0
Marius Cassidy,22,1078819200,2004/03/09,First Division,2026,Defender,Moss,1565,805,760,Norway,19,9,10,0,0,0,2,2,0,0,0,1,1,0,36,18,18,3,0,0.12,0.12,0,0,0,0,2.07,43,82,522,783,0.17,209,124,86,21,0,6.37,0.11,56,29.17,25.95,74,493,19.47,370,29,21.89,67,0.00,0.00,0.37,7,0.00,1.42,0.00,0.00,0,0.00,0.32,0.00,0.00,0.00,0.95,0.79,1.95,0.00,0.41,0.26,1.11,0.00,0.11,0.03,0.00,0.26,0.00,0.00,0,0,,7,0.37,43,2,0.12,46,5,0.30,46,3,1,18,63,0.00,99,0,18,1.07,80,27,54,1.60,84,0,0.00,99,0,0.00,0,0,0.00,0,0.41,58,21,1.24,88,15,0.89,71.43,0,0.00,0,0,0,0.00,0,37,0.00,31,2.19,62,N/A,N/A,N/A,N/A,0.00,0,0.00,0,0.59,0.00,0,75.05,28.57,46,99,0.00,0.00,0,88,65,0,0,0,0.16,0.18,3,62,121.12,1.32,1.48,25,0,0.00,0.00,99,0.00,0,0,0,0.00,0.00,0,0.00,0.00,0.06,0.05,1,0,0.00,41,71,69,39,30,2.19,59,0.12,0.13,0.59,32,0.03,0.03,59,10,0.53,0.59,0.30,0.26,30,5,0.03,32,36,64,82,0,68,29,0,0.00,99,5,0.00,0.30,7.69,6.84,130,65,77,70,3.85,3.42,50.00,6,0.36,37,0,29.63,0,0.00,99,8,0.42,0.47,78,75,48,79,0,0,0,0,0,37,39,57,51,0,99,13,61,63,3,16,74,2,0,0
Marius Lundemo,32,766047600,1994/04/11,First Division,2026,Midfielder,Stabæk,471,265,206,Norway,11,6,5,0,0,0,0,0,0,0,0,4,3,1,6,3,3,0,0,0,0,0,0,0,0,1.15,79,43,0,0,0,218,197,-1,20,0,6.48,0,36,40.49,19.18,92,211,17.09,188,91,36.08,93,0.00,0.00,0.27,3,0.00,0.18,0.19,0.09,1,0.00,0.27,0.00,0.00,0.00,0.55,0.18,0.55,0.00,1.15,0.55,0.18,0.00,0.00,0.02,0.00,0.91,0.00,0.00,0,0,,6,0.55,77,0,0.00,29,6,1.15,94,4,6,5,95,0.00,99,0,6,1.15,82,2,34,0.38,43,0,0.00,99,0,0.00,0,0,0.00,0,0.58,71,2,0.38,54,2,0.38,100.00,0,0.00,0,0,0,0.00,0,6,0.00,93,1.15,1,N/A,N/A,N/A,N/A,0.00,0,0.00,0,0.26,0.00,0,89.10,0.00,29,99,0.00,0.00,0,67,99,0,0,0,0.09,0.19,1,64,71.23,0.91,1.92,10,0,0.00,0.00,99,0.00,0,0,1,0.09,0.19,0,0.00,0.00,0.00,0.00,0,0,0.00,41,7,17,39,93,0.49,43,0.04,0.09,0.26,41,0.02,0.05,93,7,0.64,1.34,0.77,0.36,71,4,0.05,41,50,71,99,0,59,93,0,0.00,99,10,0.00,1.92,9.98,4.73,52,22,82,87,4.22,2.00,42.31,3,0.58,16,0,0.00,0,0.00,99,0,0.00,0.00,34,10,84,89,0,0,0,0,0,22,39,57,51,0,99,92,23,23,0,0,23,19,0,0
Marius Nordal,19,1168070400,2007/01/06,First Division,2026,Forward,Åsane,136,124,12,Norway,3,2,1,0,0,0,0,0,0,0,0,0,0,0,5,5,0,0,0,0,0,0,0,0,0,3.31,27,45,0,0,0,-1,-1,-1,24,0,6.44,0,36,0.00,0.00,2,0,0.00,0,2,0.00,2,0.00,0.00,0.00,0,0.00,0.00,0.00,0.00,0,0.00,0.00,0.00,0.00,0.00,0.00,0.00,1.67,0.00,0.00,0.00,0.00,0.00,0.00,0.00,0.00,0.00,0.00,0.00,0,0,,0,0.00,14,0,0.00,29,0,0.00,16,1,0,2,63,0.00,99,0,0,0.00,6,0,34,0.00,16,0,0.00,99,0,0.00,0,0,0.00,0,0.00,17,0,0.00,18,0,0.00,0.00,0,0.00,0,0,0,0.00,0,5,0.00,1,3.31,94,N/A,N/A,N/A,N/A,0.00,0,0.00,0,0.00,0.00,0,0.00,0.00,29,99,0.00,0.00,0,24,24,0,0,0,0.00,0.00,0,26,19.31,0.00,0.00,0,0,0.00,0.00,99,0.00,0,0,0,0.00,0.00,0,0.00,0.00,0.00,0.00,0,0,0.00,41,0,0,39,1,0.00,3,0.00,0.00,0.00,15,0.00,0.00,8,0,0.00,0.00,0.00,0.00,9,0,0.00,15,45,8,82,0,59,10,0,0.00,99,0,0.00,0.00,0.00,0.00,0,0,2,2,0.00,0.00,0.00,0,0.00,99,0,0.00,0,0.00,99,0,0.00,0.00,34,1,36,38,0,0,0,0,0,22,39,57,51,0,99,7,23,23,0,0,23,44,0,0
Marius Valle Fagerhaug,20,1154156400,2006/07/29,First Division,2026,Midfielder,Ranheim,0,0,0,Norway,0,0,0,0,0,0,0,0,0,0,0,0,0,0,0,0,0,0,0,0,0,0,0,0,0,0,0,0,0,0,0,-1,-1,-1,-1,N/A,N/A,N/A,N/A,N/A,N/A,N/A,N/A,N/A,N/A,N/A,N/A,N/A,N/A,N/A,N/A,N/A,N/A,N/A,N/A,N/A,N/A,N/A,N/A,N/A,N/A,N/A,N/A,N/A,N/A,N/A,N/A,N/A,N/A,N/A,N/A,N/A,N/A,N/A,N/A,N/A,N/A,N/A,N/A,N/A,N/A,N/A,N/A,N/A,N/A,N/A,N/A,N/A,N/A,N/A,N/A,N/A,N/A,N/A,N/A,N/A,N/A,N/A,N/A,N/A,N/A,N/A,N/A,N/A,N/A,N/A,N/A,N/A,N/A,N/A,N/A,N/A,N/A,N/A,N/A,N/A,N/A,N/A,N/A,N/A,N/A,N/A,N/A,N/A,N/A,N/A,N/A,N/A,N/A,N/A,N/A,N/A,N/A,N/A,N/A,N/A,N/A,N/A,N/A,N/A,N/A,N/A,N/A,N/A,N/A,N/A,N/A,N/A,N/A,N/A,N/A,N/A,N/A,N/A,N/A,N/A,N/A,N/A,N/A,N/A,N/A,N/A,N/A,N/A,N/A,N/A,N/A,N/A,N/A,N/A,N/A,N/A,N/A,N/A,N/A,N/A,N/A,N/A,N/A,N/A,N/A,N/A,N/A,N/A,N/A,N/A,N/A,N/A,N/A,N/A,N/A,N/A,N/A,N/A,N/A,N/A,N/A,N/A,N/A,N/A,N/A,N/A,N/A,N/A,N/A,N/A,N/A,N/A,N/A,N/A,N/A,N/A,N/A,N/A,N/A,N/A,N/A,N/A,N/A,N/A,N/A,N/A,N/A,N/A,N/A,N/A,N/A,N/A,N/A,N/A,N/A,N/A,N/A,N/A,N/A,N/A,N/A,N/A,N/A,N/A,N/A,N/A,N/A,N/A,N/A,N/A,N/A,N/A,N/A,N/A,N/A,N/A,N/A,N/A,N/A,N/A,N/A,N/A,N/A
Markus Edner Wæhler,18,1190185200,2007/09/19,First Division,2026,Forward,Strømmen,280,155,125,Norway,9,5,4,2,1,1,0,0,0,0,0,2,2,0,9,4,5,0,0,0.64,0,0.64,0.58,0.72,140,2.89,31,31,0,0,0,18,203,-1,3,0,6.60,0,36,20.79,7.11,49,64,5.67,51,48,16.57,50,0.00,0.00,0.11,1,0.00,0.11,0.00,0.00,0,0.00,0.89,0.00,0.00,0.00,0.11,0.00,1.11,4.00,2.60,0.44,0.44,0.00,0.44,0.21,0.00,1.67,0.00,0.00,0,0,,8,0.89,98,4,1.30,99,4,1.30,96,3,6,3,63,0.00,99,0,1,0.32,25,1,34,0.32,39,0,0.00,99,0,0.00,0,0,0.00,0,0.32,48,4,1.30,88,0,0.00,0.00,0,0.00,0,0,0,0.00,0,10,0.00,2,3.25,94,N/A,N/A,N/A,N/A,0.00,0,0.00,0,1.89,0.00,0,79.69,50.00,86,99,0.00,0.00,0,24,24,0,0,0,0.22,0.65,2,93,59.43,0.44,1.30,4,0,0.00,0.00,99,0.00,0,0,0,0.00,0.00,0,0.00,0.00,0.00,0.00,0,1,25.00,71,0,8,46,2,0.12,19,0.01,0.04,1.89,97,0.21,0.61,97,5,0.56,1.62,2.27,0.78,99,7,0.61,96,64,60,82,0,59,99,0,0.00,99,15,0.00,4.87,26.32,9.00,81,25,99,99,8.12,2.78,30.86,8,2.60,0,0,0.00,0,0.00,99,0,0.00,0.00,34,2,84,79,0,0,0,0,0,84,94,95,89,0,99,62,23,23,0,0,23,11,0,0
Markus Flores,21,1125730800,2005/09/03,First Division,2026,Forward,Kongsvinger,524,304,220,Norway,20,10,10,4,2,2,2,2,0,0,0,3,1,2,10,8,2,0,0,1.03,0.34,0.69,0.59,0.82,131,1.72,52,26,0,262,0,15,29,-1,7,0,6.44,0.1,90,20.10,6.06,47,109,4.50,81,26,14.94,45,0.00,0.00,0.28,5,0.00,0.50,0.37,0.11,2,0.00,0.11,0.00,0.00,0.00,0.22,0.44,0.67,3.50,2.58,0.44,0.67,0.00,0.33,0.19,0.00,0.06,0.00,0.00,0,0,,14,0.78,98,6,1.11,97,8,1.48,98,2,16,4,99,0.00,99,0,4,0.74,59,9,80,1.66,85,0,0.00,99,0,0.00,0,0,0.00,0,0.92,88,12,2.21,96,8,1.48,66.67,0,0.00,0,0,0,0.00,0,12,0.00,47,2.21,64,N/A,N/A,N/A,N/A,0.00,0,0.00,0,3.41,0.00,0,74.31,42.86,74,99,0.00,0.00,0,96,59,0,0,0,0.06,0.18,1,62,116.01,0.33,1.11,6,0,0.00,0.00,99,0.00,0,0,0,0.00,0.00,0,0.00,0.00,0.00,0.00,0,1,28.57,75,10,84,45,47,1.46,91,0.08,0.27,3.41,98,0.19,0.63,99,11,0.61,2.03,1.29,0.39,94,7,0.63,98,45,56,82,0,59,22,0,0.00,99,1,0.00,0.18,12.73,3.83,69,31,94,95,5.72,1.72,44.93,2,0.37,35,0,44.44,0,0.00,99,4,0.22,0.74,90,6,99,57,0,2,0,10,0,96,95,97,89,0,99,47,23,23,0,0,23,18,0,0
Markus Myre Aanesland,28,892882800,1998/04/18,First Division,2026,Forward,Raufoss,1169,505,664,Norway,20,9,11,2,1,1,2,1,1,0,0,2,2,0,34,11,23,2,0,0.31,0.15,0.15,0.18,0.14,585,2.62,34,58,585,585,0.15,102,108,-1,6,0,6.40,0.1,64,17.03,10.95,37,208,7.84,149,20,12.20,32,0.00,0.00,0.16,3,0.00,1.21,0.00,0.00,0,0.00,0.32,0.00,0.00,0.00,0.21,0.47,1.63,5.00,0.82,0.42,0.74,0.00,0.11,0.09,0.00,0.37,0.00,0.00,0,0,,10,0.53,66,2,0.16,54,8,0.66,76,3,7,13,63,0.00,99,0,4,0.33,26,23,56,1.88,88,0,0.00,99,0,0.00,0,0,0.00,0,0.25,40,14,1.15,86,9,0.74,64.29,0,0.00,0,0,0,0.00,0,31,0.00,6,2.54,78,N/A,N/A,N/A,N/A,0.00,0,0.00,0,1.79,0.00,0,71.63,20.00,39,99,0.00,0.00,0,83,54,0,0,0,0.00,0.00,0,26,121.65,0.68,1.06,13,0,0.00,0.00,99,0.00,0,0,1,0.05,0.08,0,0.00,0.00,0.08,0.05,1,0,20.00,60,46,84,74,6,1.56,59,0.08,0.13,1.79,69,0.09,0.15,36,4,0.21,0.33,0.74,0.47,70,9,0.15,68,39,54,93,0,71,46,0,0.00,99,7,0.00,0.57,7.12,4.58,87,32,48,63,2.62,1.68,36.78,6,0.49,23,0,30.43,0,0.00,99,7,0.37,0.57,84,45,88,79,0,0,0,0,0,63,66,68,65,0,99,29,69,56,2,10,50,10,0,0
Martin Åmot Lye,18,1209538800,2008/04/30,First Division,2026,Midfielder,Bryne,604,290,314,Norway,12,5,7,0,0,0,0,0,0,0,0,3,1,2,6,3,3,1,0,0,0,0,0,0,0,0.89,101,50,604,0,0.15,273,270,-1,19,0,5.17,0,36,10.49,6.27,18,69,4.82,53,36,8.06,20,0.00,0.00,0.18,2,0.00,0.18,0.46,0.27,3,0.00,0.82,0.00,0.00,0.00,0.09,0.36,0.82,0.00,0.30,0.09,0.64,0.00,0.09,0.02,0.00,0.27,0.00,0.00,0,0,,2,0.18,36,1,0.15,51,1,0.15,30,1,5,7,99,0.00,99,0,1,0.15,14,2,92,0.30,36,0,0.00,99,0,0.00,0,0,0.00,0,0.30,47,7,1.06,83,4,0.61,57.14,0,0.00,0,0,0,0.00,0,9,0.00,99,1.37,13,N/A,N/A,N/A,N/A,0.00,0,0.00,0,0.19,0.00,0,76.81,50.00,86,99,0.00,0.00,0,76,45,0,0,0,0.09,0.15,1,53,56.89,0.18,0.30,2,0,0.00,0.00,99,0.00,0,0,0,0.00,0.00,0,0.00,0.00,0.15,0.09,1,0,0.00,41,17,20,39,99,0.22,14,0.02,0.03,0.19,32,0.02,0.03,82,6,0.55,0.91,0.46,0.27,49,3,0.03,32,4,21,82,0,79,39,0,0.00,99,3,0.00,0.46,8.36,5.00,55,18,52,76,2.74,1.64,32.73,9,1.37,2,0,50.00,0,0.00,99,1,0.09,0.15,52,21,80,38,0,0,0,0,0,22,39,57,51,0,99,70,71,56,1,8,39,29,0,0
Martin Bjørnbak,34,701251200,1992/03/22,First Division,2026,Defender,Haugesund,16,9,7,Norway,3,1,2,0,0,0,0,0,0,0,0,1,1,0,0,0,0,0,0,0,0,0,0,0,0,0,0,5,0,0,0,-1,-1,-1,14,0,4.27,0,36,42.63,3.00,93,9,2.33,7,40,33.16,91,0.00,0.00,0.00,0,0.00,0.00,0.00,0.00,0,0.00,0.00,0.00,0.00,0.00,0.67,0.00,0.33,0.00,0.00,0.00,0.00,0.00,0.00,0.00,0.00,1.00,0.00,0.00,0,0,,0,0.00,14,0,0.00,29,0,0.00,16,0,3,0,63,0.00,99,0,2,9.47,99,0,34,0.00,16,0,0.00,99,0,0.00,0,0,0.00,0,0.00,17,0,0.00,18,0,0.00,0.00,0,0.00,0,0,0,0.00,0,1,0.00,99,4.74,98,N/A,N/A,N/A,N/A,0.00,0,0.00,0,0.00,0.00,0,77.78,0.00,29,99,0.00,0.00,0,24,24,0,0,0,0.33,4.74,1,99,12.82,0.67,9.47,2,0,0.00,0.00,99,0.00,0,0,0,0.00,0.00,0,0.00,0.00,0.00,0.00,0,0,0.00,41,0,0,39,0,0.01,24,0.00,0.05,0.00,15,0.00,0.00,8,0,0.00,0.00,0.00,0.00,9,0,0.00,15,0,99,82,0,59,99,0,0.00,99,3,0.00,14.21,28.42,2.00,6,4,99,99,18.95,1.33,66.67,0,0.00,99,0,0.00,0,0.00,99,0,0.00,0.00,34,0,69,14,0,0,0,0,0,22,39,57,51,0,99,91,23,23,0,0,23,15,0,0
Martin Håheim-Elveseter,20,1135843200,2005/12/29,First Division,2026,Forward,Hødd,859,334,525,Norway,13,6,7,5,3,2,2,0,2,0,0,1,1,0,18,4,14,1,0,0.73,0.21,0.52,0.81,0.34,172,1.89,48,66,859,430,0.1,30,81,-1,4,0,6.47,0.15,73,29.45,22.08,75,287,16.85,219,33,22.47,68,0.00,0.00,0.77,10,0.00,0.92,0.10,0.08,1,0.00,1.08,0.00,0.00,0.00,0.62,1.23,1.38,4.60,2.36,1.08,2.00,0.00,0.69,0.37,0.00,0.08,0.00,0.00,0,0,,23,1.77,96,9,0.92,94,14,1.44,97,2,3,10,80,0.00,99,0,8,0.82,64,12,64,1.23,75,0,0.00,99,0,0.00,0,0,0.00,0,1.03,91,26,2.67,97,16,1.64,61.54,0,0.00,0,0,0,0.00,0,18,0.00,39,1.85,45,N/A,N/A,N/A,N/A,0.00,0,0.00,0,4.78,0.00,0,76.31,39.13,63,99,0.00,0.00,0,97,50,0,0,0,0.08,0.10,1,45,84.06,0.46,0.62,6,0,0.00,0.00,99,0.00,0,0,0,0.00,0.00,0,0.00,0.00,0.21,0.15,2,1,21.74,62,31,24,49,41,2.00,80,0.15,0.21,4.78,94,0.37,0.49,96,15,1.15,1.54,0.62,0.46,61,6,0.49,94,49,39,82,0,87,14,0,0.00,99,1,0.00,0.10,13.96,10.46,136,57,94,96,5.85,4.38,41.91,14,1.44,1,0,33.33,0,0.00,99,4,0.31,0.41,74,33,69,57,0,1,0,8,0,87,92,83,96,0,99,22,86,37,1,8,39,29,0,0
Martin Høyland,30,811321200,1995/09/17,First Division,2026,Midfielder,Sogndal,1097,593,504,Norway,13,7,6,0,0,0,0,0,0,0,0,1,1,0,26,12,14,4,0,0,0,0,0,0,0,2.13,42,84,274,0,0.33,183,206,-1,17,0,5.88,0,36,17.29,16.29,39,228,13.71,192,68,14.56,44,0.00,0.00,0.14,2,0.00,0.21,0.00,0.00,0,0.00,0.43,0.00,0.00,0.00,0.57,0.21,2.14,0.00,0.53,0.36,0.29,0.00,0.14,0.04,0.00,0.64,0.00,0.00,0,0,,7,0.50,51,2,0.15,51,5,0.38,56,6,0,13,63,0.00,99,0,8,0.61,48,3,96,0.23,32,0,0.00,99,0,0.00,0,0,0.00,0,0.15,30,4,0.30,48,3,0.23,75.00,0,0.00,0,0,0,0.00,0,30,0.00,27,2.27,68,N/A,N/A,N/A,N/A,0.00,0,0.00,0,0.59,0.00,0,84.21,28.57,46,99,0.00,0.00,0,52,70,0,0,0,0.07,0.08,1,38,82.35,1.07,1.14,15,0,0.00,0.00,99,0.00,0,0,1,0.07,0.08,0,0.00,0.00,0.00,0.00,0,0,0.00,41,43,24,39,27,0.55,19,0.04,0.04,0.59,36,0.04,0.04,8,0,0.00,0.00,0.68,0.64,66,9,0.04,35,11,57,93,0,59,55,0,0.00,99,9,0.00,0.68,5.91,5.57,78,27,29,48,2.05,1.93,34.62,6,0.45,27,0,66.67,0,0.00,99,2,0.14,0.15,52,45,36,97,0,0,0,0,0,22,39,57,51,0,99,22,33,91,4,31,96,6,0,0
Mathias Berg Gjerstrøm,29,867654000,1997/06/30,First Division,2026,Midfielder,Kongsvinger,1254,640,614,Norway,17,9,8,0,0,0,0,0,0,0,0,3,1,2,16,10,6,0,0,0,0,0,0,0,0,1.15,78,74,0,0,0,180,224,-1,18,0,6.37,0,36,16.02,13.12,34,223,10.41,177,46,12.71,35,0.00,0.00,0.12,2,0.00,0.53,0.00,0.00,0,0.00,0.00,0.00,0.00,0.00,0.47,0.00,1.00,0.00,0.07,0.00,0.00,0.00,0.06,0.01,0.00,0.24,0.00,0.00,0,0,,1,0.06,18,1,0.07,38,0,0.00,16,3,2,15,63,0.00,99,0,8,0.57,43,9,34,0.65,59,0,0.00,99,0,0.00,0,0,0.00,0,0.14,29,0,0.00,18,0,0.00,0.00,0,0.00,0,0,0,0.00,0,17,0.00,93,1.22,5,N/A,N/A,N/A,N/A,0.00,0,0.00,0,0.15,0.00,0,79.37,100.00,99,99,0.00,0.00,0,24,24,0,0,0,0.06,0.07,1,36,108.25,0.94,1.15,16,0,0.00,0.00,99,0.00,0,0,0,0.00,0.00,0,0.00,0.00,0.00,0.00,0,0,0.00,41,48,47,39,93,0.39,14,0.02,0.03,0.15,23,0.01,0.01,16,2,0.12,0.14,0.43,0.35,48,6,0.01,23,36,58,82,0,59,28,0,0.00,99,4,0.00,0.29,4.53,3.71,63,23,22,29,1.65,1.35,36.51,0,0.00,99,0,0.00,0,0.00,99,0,0.00,0.00,34,53,59,79,0,0,0,0,0,22,39,57,51,0,99,54,23,23,0,0,23,17,0,0
Mathias Engevik Klausen,18,1191999600,2007/10/10,First Division,2026,Goalkeeper,Åsane,630,360,270,Norway,7,4,3,0,0,0,0,0,0,0,0,0,0,0,14,8,6,0,0,0,0,0,0,0,0,2,45,90,0,0,0,205,184,81,27,0,6.74,0,36,32.14,32.14,82,225,27.57,193,76,27.57,83,0.00,0.00,0.00,0,0.00,0.00,0.00,0.00,0,0.00,0.00,0.00,0.00,3.57,0.14,0.00,5.86,0.00,0.00,0.00,0.00,0.00,0.00,0.00,0.00,0.14,0.00,0.00,0,0,,0,0.00,14,0,0.00,29,0,0.00,16,0,0,7,63,0.00,99,0,1,0.14,13,0,34,0.00,16,0,0.00,99,0,0.00,0,0,0.00,0,0.00,17,0,0.00,18,0,0.00,0.00,0,0.00,0,25,94,3.57,94,41,0.00,36,5.86,99,N/A,N/A,N/A,N/A,60.98,0,0.00,0,0.00,0.00,0,85.78,0.00,29,99,0.00,0.00,0,24,24,0,0,14,0.00,0.00,0,26,47.16,0.00,0.00,0,0,0.00,0.00,99,0.00,0,0,0,0.00,0.00,0,0.00,0.00,0.00,0.00,0,0,0.00,41,17,5,39,36,0.35,24,0.05,0.05,0.00,15,0.00,0.00,70,5,0.71,0.71,0.00,0.00,9,0,0.00,15,75,8,82,0,59,18,0,0.00,99,1,0.00,0.14,1.29,1.29,9,8,16,11,1.14,1.14,88.89,0,0.00,99,0,0.00,0,0.00,99,0,0.00,0.00,34,21,36,14,0,0,0,0,0,22,39,57,51,0,99,7,23,23,0,0,23,24,0,0
Mathias Eriksen Ranmark,30,813826800,1995/10/16,First Division,2026,Goalkeeper,Moss,1890,900,990,Norway,21,10,11,0,0,0,0,0,0,0,0,1,1,0,45,19,26,0,0,0,0,0,0,0,0,2.14,42,90,0,0,0,197,217,95,17,0,6.28,0,36,16.43,16.43,35,345,13.19,277,52,13.19,38,0.00,0.00,0.00,0,0.00,0.00,0.00,0.00,0,0.00,0.00,0.00,0.00,1.95,0.05,0.00,4.19,0.00,0.00,0.00,0.00,0.00,0.00,0.00,0.00,0.00,0.00,0.00,0,0,,0,0.00,14,0,0.00,29,0,0.00,16,0,0,21,63,0.00,99,0,1,0.05,7,0,34,0.00,16,0,0.00,99,0,0.00,0,0,0.00,0,0.00,17,0,0.00,18,0,0.00,0.00,0,0.00,0,41,39,1.95,61,88,0.00,25,4.19,98,N/A,N/A,N/A,N/A,46.59,0,0.00,0,0.00,0.00,0,80.29,0.00,29,99,0.00,0.00,0,24,24,0,0,24,0.00,0.00,0,26,131.87,0.00,0.00,0,0,0.00,0.00,99,0.00,0,0,0,0.00,0.00,0,0.00,0.00,0.00,0.00,0,0,0.00,41,99,99,39,27,0.53,14,0.03,0.03,0.00,15,0.00,0.00,9,1,0.05,0.05,0.00,0.00,9,0,0.00,15,25,8,82,0,59,10,0,0.00,99,0,0.00,0.00,0.05,0.05,1,1,3,3,0.05,0.05,100.00,0,0.00,99,0,0.00,0,0.00,99,0,0.00,0.00,34,99,36,14,0,0,0,0,0,22,39,57,51,0,99,13,23,23,0,0,23,1,0,0
Mathias Johansen,30,811407600,1995/09/18,First Division,2026,Forward,Lyn,1322,554,768,Norway,16,7,9,4,1,3,4,2,2,0,0,3,0,3,25,11,14,0,0,0.54,0.27,0.27,0.16,0.35,331,1.7,53,83,0,331,0,73,58,-1,3,0,6.95,0.25,81,31.15,28.40,80,426,22.20,333,43,24.35,74,0.00,0.00,1.33,20,0.00,1.00,0.00,0.00,0,0.00,0.73,0.00,0.00,0.00,0.27,0.60,1.73,5.25,1.54,0.73,0.67,0.00,0.67,0.28,0.00,0.00,0.00,0.00,0,0,,21,1.40,87,10,0.73,89,11,0.80,84,5,0,16,63,0.00,99,0,4,0.29,24,15,76,1.10,71,0,0.00,99,0,0.00,0,0,0.00,0,1.46,98,10,0.73,70,9,0.66,90.00,0,0.00,0,0,0,0.00,0,26,0.00,49,1.90,48,N/A,N/A,N/A,N/A,0.00,0,0.00,0,4.15,0.00,0,78.17,47.62,79,99,0.00,0.00,0,79,79,0,0,0,0.07,0.07,1,36,104.30,0.53,0.58,8,0,0.00,0.00,99,0.00,0,0,0,0.00,0.00,0,0.00,0.00,0.00,0.00,0,1,19.05,57,51,42,64,50,3.17,86,0.21,0.23,4.15,82,0.28,0.30,58,8,0.53,0.58,0.51,0.47,55,7,0.30,79,90,38,82,0,59,10,0,0.00,99,0,0.00,0.00,6.14,5.60,84,32,39,51,2.34,2.13,38.10,11,0.80,6,0,40.00,0,0.00,99,6,0.40,0.44,75,61,36,95,0,0,0,0,0,77,76,85,63,0,99,57,23,23,0,0,23,10,0,0
Mathias Johnsrud Emilsen,23,1055055600,2003/06/08,First Division,2026,Midfielder,Ranheim,387,137,250,Norway,9,4,5,0,0,0,0,0,0,0,0,0,0,0,11,2,9,1,0,0,0,0,0,0,0,2.56,35,43,387,0,0.23,272,210,-1,23,0,7.33,0,36,9.53,6.00,15,36,5.33,32,90,8.47,20,0.00,0.00,0.00,0,0.00,0.00,0.00,0.00,0,0.00,0.17,0.00,0.00,0.00,0.00,0.00,1.83,0.00,0.00,0.00,0.00,0.00,0.00,0.00,0.00,0.00,0.00,0.00,0,0,,0,0.00,14,0,0.00,29,0,0.00,16,7,4,5,63,0.00,99,0,0,0.00,6,0,34,0.00,16,0,0.00,99,0,0.00,0,0,0.00,0,0.00,17,0,0.00,18,0,0.00,0.00,0,0.00,0,0,0,0.00,0,11,0.00,8,2.91,88,N/A,N/A,N/A,N/A,0.00,0,0.00,0,0.00,0.00,0,88.89,0.00,29,99,0.00,0.00,0,24,24,0,0,0,0.00,0.00,0,26,43.96,0.17,0.26,1,0,0.00,0.00,99,0.00,0,0,0,0.00,0.00,0,0.00,0.00,0.00,0.00,0,0,0.00,41,2,8,39,8,0.07,8,0.01,0.02,0.00,15,0.00,0.00,8,0,0.00,0.00,1.06,0.67,88,4,0.00,15,98,20,82,0,59,10,0,0.00,99,0,0.00,0.00,2.65,1.67,10,1,9,14,0.26,0.17,10.00,1,0.26,45,0,0.00,0,0.00,99,0,0.00,0.00,34,10,73,99,0,0,0,0,0,22,39,57,51,0,99,7,45,79,1,11,56,7,0,0
Mathias Kaarsbo Winther,20,1139817600,2006/02/13,First Division,2026,Midfielder,Hødd,90,0,90,Denmark,1,0,1,0,0,0,0,0,0,0,0,0,0,0,2,0,2,0,0,0,0,0,0,0,0,2,45,90,0,0,0,-1,-1,-1,22,0,6.94,0,36,56.00,56.00,98,56,47.00,47,66,47.00,98,0.00,0.00,1.00,1,0.00,2.00,0.00,0.00,0,0.00,0.00,0.00,0.00,0.00,2.00,0.00,2.00,0.00,0.00,0.00,0.00,0.00,0.00,0.00,0.00,2.00,0.00,0.00,0,0,,0,0.00,14,0,0.00,29,0,0.00,16,0,0,1,63,0.00,99,0,2,2.00,98,2,92,2.00,89,0,0.00,99,0,0.00,0,0,0.00,0,1.00,90,0,0.00,18,0,0.00,0.00,0,0.00,0,0,0,0.00,0,2,0.00,36,2.00,53,N/A,N/A,N/A,N/A,0.00,0,0.00,0,0.00,0.00,0,83.93,0.00,29,99,0.00,0.00,0,24,24,0,0,0,0.00,0.00,0,26,6.94,0.00,0.00,0,0,0.00,0.00,99,0.00,0,0,0,0.00,0.00,0,0.00,0.00,0.00,0.00,0,0,0.00,41,0,0,39,36,0.13,59,0.13,0.13,0.00,15,0.00,0.00,84,1,1.00,1.00,0.00,0.00,9,0,0.00,15,89,8,82,0,59,94,0,0.00,99,2,0.00,2.00,10.00,10.00,10,8,99,87,8.00,8.00,80.00,0,0.00,99,0,50.00,0,0.00,99,1,1.00,1.00,95,0,36,14,0,0,0,0,0,22,39,57,51,0,99,7,23,23,0,0,23,16,0,0
Mathias Skott-Grande,19,1178434800,2007/05/06,First Division,2026,Goalkeeper,Moss,0,0,0,Norway,0,0,0,0,0,0,0,0,0,0,0,0,0,0,0,0,0,0,0,0,0,0,0,0,0,0,0,0,0,0,0,-1,-1,-1,-1,N/A,N/A,N/A,N/A,N/A,N/A,N/A,N/A,N/A,N/A,N/A,N/A,N/A,N/A,N/A,N/A,N/A,N/A,N/A,N/A,N/A,N/A,N/A,N/A,N/A,N/A,N/A,N/A,N/A,N/A,N/A,N/A,N/A,N/A,N/A,N/A,N/A,N/A,N/A,N/A,N/A,N/A,N/A,N/A,N/A,N/A,N/A,N/A,N/A,N/A,N/A,N/A,N/A,N/A,N/A,N/A,N/A,N/A,N/A,N/A,N/A,N/A,N/A,N/A,N/A,N/A,N/A,N/A,N/A,N/A,N/A,N/A,N/A,N/A,N/A,N/A,N/A,N/A,N/A,N/A,N/A,N/A,N/A,N/A,N/A,N/A,N/A,N/A,N/A,N/A,N/A,N/A,N/A,N/A,N/A,N/A,N/A,N/A,N/A,N/A,N/A,N/A,N/A,N/A,N/A,N/A,N/A,N/A,N/A,N/A,N/A,N/A,N/A,N/A,N/A,N/A,N/A,N/A,N/A,N/A,N/A,N/A,N/A,N/A,N/A,N/A,N/A,N/A,N/A,N/A,N/A,N/A,N/A,N/A,N/A,N/A,N/A,N/A,N/A,N/A,N/A,N/A,N/A,N/A,N/A,N/A,N/A,N/A,N/A,N/A,N/A,N/A,N/A,N/A,N/A,N/A,N/A,N/A,N/A,N/A,N/A,N/A,N/A,N/A,N/A,N/A,N/A,N/A,N/A,N/A,N/A,N/A,N/A,N/A,N/A,N/A,N/A,N/A,N/A,N/A,N/A,N/A,N/A,N/A,N/A,N/A,N/A,N/A,N/A,N/A,N/A,N/A,N/A,N/A,N/A,N/A,N/A,N/A,N/A,N/A,N/A,N/A,N/A,N/A,N/A,N/A,N/A,N/A,N/A,N/A,N/A,N/A,N/A,N/A,N/A,N/A,N/A,N/A,N/A,N/A,N/A,N/A,N/A,N/A
Mathias Sundberg,24,1010649600,2002/01/10,First Division,2026,Forward,Sandnes Ulf,1328,768,560,Norway,20,11,9,5,2,3,6,3,3,0,0,5,3,2,22,13,9,2,0,0.75,0.41,0.34,0.23,0.48,266,1.49,60,66,664,221,0.14,57,24,-1,2,0,6.81,0.3,92,8.76,6.55,12,131,5.15,103,45,6.89,15,0.00,0.00,0.30,6,0.00,0.20,0.00,0.00,0,0.00,0.05,0.00,0.00,0.00,0.25,0.20,1.15,2.80,0.94,0.40,0.25,0.00,0.30,0.20,0.00,0.75,0.00,0.00,0,0,,14,0.70,71,6,0.40,73,8,0.53,67,4,3,17,63,0.00,99,0,5,0.33,26,4,92,0.27,34,0,0.00,99,0,0.00,0,0,0.00,0,0.40,55,5,0.33,50,4,0.27,80.00,0,0.00,0,0,0,0.00,0,23,0.00,64,1.54,25,N/A,N/A,N/A,N/A,0.00,0,0.00,0,3.90,0.00,0,78.63,42.86,74,99,0.00,0.00,0,57,71,0,0,0,0.05,0.07,1,36,136.29,0.05,0.07,1,0,0.00,0.00,99,0.00,0,0,0,0.00,0.00,0,0.00,0.00,0.20,0.15,3,0,35.71,83,52,84,59,64,3.17,80,0.16,0.21,3.90,79,0.20,0.26,78,12,0.60,0.80,0.67,0.50,66,10,0.26,77,83,11,82,0,84,71,0,0.00,99,15,0.00,1.00,4.95,3.70,74,36,42,38,2.41,1.80,48.65,1,0.07,70,0,50.00,0,0.00,99,2,0.10,0.13,51,67,69,89,0,1,0,5,0,88,82,90,71,0,99,70,75,52,2,10,50,11,0,0
Mathias Øren,20,1145602800,2006/04/21,First Division,2026,Defender,Sogndal,1095,602,493,Norway,16,8,8,0,0,0,0,0,0,0,0,1,1,0,28,11,17,2,0,0,0,0,0,0,0,2.3,39,68,548,0,0.16,239,248,105,16,0,6.15,0,36,19.64,14.94,46,239,10.62,170,17,13.97,41,0.00,0.00,0.12,2,0.00,0.44,0.00,0.00,0,0.00,0.00,0.00,0.00,0.00,0.62,0.19,1.94,0.00,0.08,0.06,0.31,0.00,0.00,0.00,0.00,0.44,0.00,0.00,0,0,,1,0.06,18,0,0.00,29,1,0.08,23,4,2,13,63,0.00,99,0,10,0.82,64,7,35,0.58,55,0,0.00,99,0,0.00,0,0,0.00,0,0.16,31,5,0.41,57,3,0.25,60.00,0,0.00,0,0,0,0.00,0,31,0.00,15,2.55,79,N/A,N/A,N/A,N/A,0.00,0,0.00,0,0.04,0.00,0,71.13,0.00,29,99,0.00,0.00,0,54,49,0,0,0,0.19,0.25,3,73,98.33,1.06,1.40,17,0,0.00,0.00,99,0.00,0,0,0,0.00,0.00,0,0.00,0.00,0.00,0.00,0,0,0.00,41,43,42,39,16,0.43,19,0.03,0.04,0.04,15,0.00,0.00,20,2,0.12,0.16,0.33,0.25,35,4,0.00,15,19,62,82,0,59,46,0,0.00,99,7,0.00,0.58,3.70,2.81,45,21,24,21,1.73,1.31,46.67,0,0.00,99,0,14.29,0,0.00,99,1,0.06,0.08,39,45,59,89,0,0,0,0,0,22,39,57,51,0,99,17,64,59,2,12,61,32,0,0
Mats Frimann Hansen,18,1202976000,2008/02/14,First Division,2026,Defender,Stabæk,0,0,0,Norway,0,0,0,0,0,0,0,0,0,0,0,0,0,0,0,0,0,0,0,0,0,0,0,0,0,0,0,0,0,0,0,-1,-1,-1,-1,N/A,N/A,N/A,N/A,N/A,N/A,N/A,N/A,N/A,N/A,N/A,N/A,N/A,N/A,N/A,N/A,N/A,N/A,N/A,N/A,N/A,N/A,N/A,N/A,N/A,N/A,N/A,N/A,N/A,N/A,N/A,N/A,N/A,N/A,N/A,N/A,N/A,N/A,N/A,N/A,N/A,N/A,N/A,N/A,N/A,N/A,N/A,N/A,N/A,N/A,N/A,N/A,N/A,N/A,N/A,N/A,N/A,N/A,N/A,N/A,N/A,N/A,N/A,N/A,N/A,N/A,N/A,N/A,N/A,N/A,N/A,N/A,N/A,N/A,N/A,N/A,N/A,N/A,N/A,N/A,N/A,N/A,N/A,N/A,N/A,N/A,N/A,N/A,N/A,N/A,N/A,N/A,N/A,N/A,N/A,N/A,N/A,N/A,N/A,N/A,N/A,N/A,N/A,N/A,N/A,N/A,N/A,N/A,N/A,N/A,N/A,N/A,N/A,N/A,N/A,N/A,N/A,N/A,N/A,N/A,N/A,N/A,N/A,N/A,N/A,N/A,N/A,N/A,N/A,N/A,N/A,N/A,N/A,N/A,N/A,N/A,N/A,N/A,N/A,N/A,N/A,N/A,N/A,N/A,N/A,N/A,N/A,N/A,N/A,N/A,N/A,N/A,N/A,N/A,N/A,N/A,N/A,N/A,N/A,N/A,N/A,N/A,N/A,N/A,N/A,N/A,N/A,N/A,N/A,N/A,N/A,N/A,N/A,N/A,N/A,N/A,N/A,N/A,N/A,N/A,N/A,N/A,N/A,N/A,N/A,N/A,N/A,N/A,N/A,N/A,N/A,N/A,N/A,N/A,N/A,N/A,N/A,N/A,N/A,N/A,N/A,N/A,N/A,N/A,N/A,N/A,N/A,N/A,N/A,N/A,N/A,N/A,N/A,N/A,N/A,N/A,N/A,N/A,N/A,N/A,N/A,N/A,N/A,N/A
Mats Spiten,16,1262937600,2010/01/08,First Division,2026,Forward,Strømsgodset,263,113,150,Norway,11,6,5,1,0,1,0,0,0,0,0,4,2,2,5,2,3,2,0,0.34,0,0.34,0,0.6,263,1.71,53,24,132,0,0.68,-1,-1,-1,12,0,5.83,0,36,6.52,1.82,6,20,1.45,16,50,5.22,7,0.00,0.00,0.09,1,0.00,0.09,0.00,0.00,0,0.00,0.09,0.00,0.00,0.00,0.09,0.09,0.45,5.00,1.63,0.27,0.27,0.00,0.18,0.09,0.00,0.09,0.00,0.00,0,0,,5,0.45,88,2,0.65,87,3,0.98,90,2,8,3,63,0.00,99,0,1,0.33,26,1,34,0.33,39,0,0.00,99,0,0.00,0,0,0.00,0,0.33,48,3,0.98,79,1,0.33,33.33,0,0.00,0,0,0,0.00,0,5,0.00,48,1.63,31,N/A,N/A,N/A,N/A,0.00,0,0.00,0,0.99,0.00,0,80.00,40.00,65,99,0.00,0.00,0,62,28,0,0,0,0.00,0.00,0,26,64.13,0.00,0.00,0,0,0.00,0.00,99,0.00,0,0,2,0.18,0.65,0,0.00,0.00,0.65,0.18,2,0,20.00,60,0,17,58,50,0.06,8,0.01,0.02,0.99,84,0.09,0.32,8,0,0.00,0.00,0.33,0.09,35,1,0.32,81,10,8,99,0,99,31,0,0.00,99,1,0.00,0.33,6.52,1.82,20,4,18,54,1.30,0.36,20.00,1,0.33,39,0,0.00,0,0.00,99,0,0.00,0.00,34,2,92,57,0,0,0,0,0,65,82,92,51,0,99,92,23,99,2,18,78,39,0,0
Matthew Scarcella,22,1078387200,2004/03/04,First Division,2026,Midfielder,Hødd,1628,880,748,Australia,20,10,10,1,0,1,0,0,0,0,0,1,1,0,31,13,18,4,0,0.06,0,0.06,0,0.12,1628,1.71,53,81,407,0,0.22,157,273,-1,10,0,6.47,0,36,22.84,20.90,55,418,18.85,377,96,20.60,62,0.00,0.00,0.20,4,0.00,0.15,0.00,0.00,0,0.00,0.55,0.00,0.00,0.00,0.65,0.20,1.65,5.00,0.27,0.20,0.30,0.00,0.05,0.05,0.00,0.30,0.00,0.00,0,0,,5,0.25,34,1,0.05,31,4,0.22,38,5,2,18,63,0.00,99,0,13,0.71,57,3,96,0.16,27,0,0.00,99,0,0.00,0,0,0.00,0,0.22,38,6,0.33,50,4,0.22,66.67,0,0.00,0,0,0,0.00,0,33,0.00,48,1.80,42,N/A,N/A,N/A,N/A,0.00,0,0.00,0,0.91,0.00,0,90.19,20.00,39,99,0.00,0.00,0,51,59,0,0,0,0.30,0.33,6,81,129.35,0.75,0.82,15,0,0.00,0.00,99,0.00,0,0,0,0.00,0.00,0,0.00,0.00,0.00,0.00,0,0,20.00,60,79,84,96,50,0.89,24,0.04,0.05,0.91,41,0.05,0.05,31,5,0.25,0.27,0.27,0.25,26,5,0.05,41,49,46,82,0,59,31,0,0.00,99,6,0.00,0.33,4.54,4.15,83,42,37,29,2.30,2.10,50.60,11,0.60,14,0,66.67,0,0.00,99,2,0.10,0.11,46,75,59,95,0,0,0,0,0,28,47,64,51,0,99,13,47,78,4,20,86,7,0,0
Mattias Lamhauge,27,933577200,1999/08/02,First Division,2026,Goalkeeper,Strømsgodset,1596,720,876,Faroe Islands,18,8,10,0,0,0,0,0,0,0,0,6,3,3,22,7,15,2,0,0,0,0,0,0,0,1.24,73,89,798,0,0.11,282,209,18,18,0,6.43,0,36,20.58,20.28,48,365,16.89,304,64,17.14,51,0.00,0.00,0.00,0,0.00,0.00,0.00,0.00,0,0.00,0.00,0.00,0.00,1.56,0.06,0.06,2.89,0.00,0.00,0.00,0.06,0.00,0.00,0.00,0.00,0.11,0.00,0.00,0,0,,0,0.00,14,0,0.00,29,0,0.00,16,1,0,18,63,0.00,99,0,1,0.06,7,0,34,0.00,16,0,0.00,99,0,0.00,0,0,0.00,0,0.00,17,1,0.06,23,1,0.06,100.00,0,0.00,0,28,78,1.58,28,52,0.00,86,2.93,89,N/A,N/A,N/A,N/A,53.85,0,0.00,0,0.00,0.00,0,83.29,0.00,29,99,0.00,0.00,0,32,99,0,0,17,0.00,0.00,0,26,115.69,0.11,0.11,2,1,0.00,0.06,5,0.06,0,0,0,0.00,0.00,0,0.00,0.00,0.00,0.00,0,0,0.00,41,74,56,39,86,0.68,19,0.04,0.04,0.00,15,0.00,0.00,14,2,0.11,0.11,0.06,0.06,11,1,0.00,15,42,12,82,0,59,16,0,0.00,99,2,0.00,0.11,0.39,0.39,7,5,9,9,0.28,0.28,71.43,0,0.00,99,0,0.00,0,0.00,99,0,0.00,0.00,34,75,36,38,0,0,0,0,0,22,39,57,51,0,99,91,83,41,2,11,56,1,0,0
Maurice Sylva,18,1196236800,2007/11/28,First Division,2026,Forward,Ranheim,593,223,370,Senegal,11,4,7,5,3,2,3,2,1,0,0,0,0,0,24,11,13,0,0,1.21,0.46,0.76,1.21,0.49,119,3.64,25,54,0,198,0,12,14,-1,5,0,6.88,0.27,95,28.59,16.20,70,162,12.20,122,30,21.53,65,0.00,0.00,0.40,4,0.00,1.20,0.00,0.00,0,0.00,0.40,0.00,0.00,0.00,0.60,0.90,2.10,2.80,2.47,0.70,1.20,0.00,0.70,0.43,0.00,0.10,0.00,0.00,0,0,,14,1.40,98,7,1.24,98,7,1.24,96,7,5,6,63,0.00,99,0,6,1.06,79,12,92,2.12,91,0,0.00,99,0,0.00,0,0,0.00,0,0.71,78,12,2.12,95,9,1.59,75.00,0,0.00,0,0,0,0.00,0,21,0.00,1,3.71,96,N/A,N/A,N/A,N/A,0.00,0,0.00,0,4.30,0.00,0,75.31,50.00,86,99,0.00,0.00,0,96,70,0,0,0,0.10,0.18,1,62,68.82,0.50,0.88,5,0,0.00,0.00,99,0.00,0,0,0,0.00,0.00,0,0.00,0.00,0.53,0.30,3,0,35.71,83,16,17,44,1,1.50,89,0.15,0.26,4.30,99,0.43,0.76,97,9,0.90,1.59,1.41,0.80,97,8,0.76,99,85,51,82,0,96,22,0,0.00,99,1,0.00,0.18,15.18,8.60,86,35,96,98,6.18,3.50,40.70,4,0.71,10,0,50.00,0,0.00,99,6,0.60,1.06,97,16,80,99,0,0,0,0,0,99,96,90,99,0,99,7,23,23,0,0,23,11,0,0
Maximilian Mortensen Balatoni,21,1110960000,2005/03/16,First Division,2026,Defender,Strømmen,1561,841,720,Norway,19,11,8,0,0,0,1,1,0,0,0,3,3,0,32,17,15,4,2,0.06,0.06,0,0,0,0,1.84,49,82,260,1561,0.35,250,161,69,22,0,6.67,0.05,45,25.47,23.11,63,416,20.89,376,96,23.02,70,0.00,0.00,0.00,0,0.00,0.11,0.00,0.00,0,0.00,0.06,0.00,0.00,0.00,1.17,0.00,1.94,0.00,0.18,0.17,0.00,0.00,0.00,0.01,0.00,1.11,0.00,0.00,0,0,,3,0.17,27,0,0.00,29,3,0.18,34,2,0,19,63,0.00,99,0,21,1.29,86,2,34,0.12,21,0,0.00,99,0,0.00,0,0,0.00,0,0.00,17,0,0.00,18,0,0.00,0.00,0,0.00,0,0,0,0.00,0,35,0.00,42,2.14,59,N/A,N/A,N/A,N/A,0.00,0,0.00,0,0.12,0.00,0,90.38,0.00,29,99,0.00,0.00,0,24,24,0,0,0,0.83,0.92,15,99,119.97,3.17,3.49,57,0,0.00,0.00,99,0.00,0,0,0,0.00,0.00,0,0.00,0.00,0.06,0.06,1,0,0.00,41,70,69,39,43,1.95,55,0.11,0.12,0.12,23,0.01,0.01,54,9,0.50,0.55,0.31,0.28,31,5,0.01,23,70,92,82,0,68,80,0,0.00,99,20,0.00,1.22,5.45,4.94,89,40,43,42,2.45,2.22,44.94,1,0.06,73,0,0.00,0,0.00,99,0,0.00,0.00,34,84,36,57,0,0,0,0,0,28,39,57,51,0,99,50,31,93,2,11,56,4,0,0
Miika Koskela,23,1057993200,2003/07/12,First Division,2026,Defender,Haugesund,1064,474,590,Finland,15,6,9,0,0,0,0,0,0,0,0,3,1,2,20,6,14,2,0,0,0,0,0,0,0,1.69,53,71,532,0,0.17,184,226,62,19,0,6.37,0,36,19.54,15.40,46,231,13.67,205,89,17.34,52,0.00,0.00,0.07,1,0.00,0.00,0.17,0.13,2,0.00,0.00,0.00,0.00,0.00,0.53,0.00,1.60,0.00,0.42,0.27,0.00,0.00,0.07,0.02,0.00,2.07,0.00,0.00,0,0,,5,0.33,46,1,0.08,38,4,0.34,51,1,2,13,93,0.00,99,0,8,0.68,56,0,34,0.00,16,0,0.00,99,0,0.00,0,0,0.00,0,0.08,22,0,0.00,18,0,0.00,0.00,0,0.00,0,0,0,0.00,0,24,0.00,49,2.03,55,N/A,N/A,N/A,N/A,0.00,0,0.00,0,0.34,0.00,0,88.74,20.00,39,99,0.00,0.00,0,24,24,0,0,0,0.27,0.34,4,82,95.48,2.47,3.13,37,0,0.00,0.00,99,0.00,0,0,0,0.00,0.00,0,0.00,0.00,0.00,0.00,0,0,0.00,41,40,33,39,50,0.50,19,0.03,0.04,0.34,32,0.02,0.03,37,4,0.27,0.34,0.51,0.40,55,6,0.03,32,36,89,82,0,59,97,0,0.00,99,31,0.00,2.62,4.57,3.60,54,38,64,30,3.21,2.53,70.37,0,0.00,99,0,0.00,0,0.00,99,0,0.00,0.00,34,45,59,38,0,0,0,0,0,22,39,57,51,0,99,59,63,63,2,13,62,4,0,0
Mikael Tørset Johnsen,26,962694000,2000/07/04,First Division,2026,Midfielder,Ranheim,1886,987,899,Norway,21,11,10,13,6,7,3,2,1,0,0,1,1,0,51,24,27,1,0,0.76,0.14,0.62,0.55,0.7,145,2.43,37,90,1886,629,0.05,19,112,-1,1,0,7.58,0.14,61,14.03,14.00,26,266,10.95,208,43,10.97,27,0.00,0.00,0.74,14,0.00,0.58,0.00,0.00,0,0.00,0.68,0.00,0.00,0.00,0.63,0.63,2.84,2.69,1.85,0.95,1.00,0.00,0.89,0.57,0.00,0.37,0.00,0.00,0,0,,35,1.84,93,17,0.90,93,18,0.95,89,3,0,21,63,0.00,99,0,12,0.63,50,11,52,0.58,55,0,0.00,99,0,0.00,0,0,0.00,0,0.74,79,19,1.00,80,12,0.63,63.16,0,0.00,0,0,0,0.00,0,54,0.00,11,2.85,85,N/A,N/A,N/A,N/A,0.00,0,0.00,0,10.80,0.00,0,78.20,48.57,79,99,0.00,0.00,0,76,52,2,0,0,0.00,0.00,0,26,144.10,0.37,0.37,7,0,0.00,0.00,99,0.00,0,2,2,0.11,0.11,0,0.00,0.00,0.16,0.16,3,0,37.14,83,97,99,46,12,2.14,50,0.11,0.11,9.40,95,0.49,0.50,46,8,0.42,0.42,0.21,0.21,20,4,0.57,95,99,25,96,0,81,34,0,0.00,99,7,0.00,0.37,6.17,6.16,117,51,50,52,2.69,2.68,43.59,13,0.69,11,0,27.27,0,0.00,99,3,0.16,0.16,54,99,36,79,0,2,0,10,0,89,94,95,89,0,99,13,99,25,1,5,30,10,0,0
Mikkel Kalvenes Hope,20,1155020400,2006/08/08,First Division,2026,Defender,Haugesund,21,13,8,Norway,2,1,1,0,0,0,0,0,0,0,0,0,0,0,0,0,0,0,0,0,0,0,0,0,0,0,0,11,0,0,0,-1,-1,-1,16,0,6.30,0,36,43.04,5.50,93,11,4.50,9,58,35.22,93,0.00,0.00,0.00,0,0.00,0.00,0.00,0.00,0,0.00,0.00,0.00,0.00,0.00,0.00,0.00,0.50,0.00,0.00,0.00,0.00,0.00,0.00,0.00,0.00,0.50,0.00,0.00,0,0,,0,0.00,14,0,0.00,29,0,0.00,16,0,2,0,63,0.00,99,0,0,0.00,6,0,34,0.00,16,0,0.00,99,0,0.00,0,0,0.00,0,0.00,17,0,0.00,18,0,0.00,0.00,0,0.00,0,0,0,0.00,0,1,0.00,99,3.91,97,N/A,N/A,N/A,N/A,0.00,0,0.00,0,0.00,0.00,0,81.82,0.00,29,99,0.00,0.00,0,24,24,0,0,0,0.00,0.00,0,26,12.60,0.50,3.91,1,0,0.00,0.00,99,0.00,0,0,0,0.00,0.00,0,0.00,0.00,0.00,0.00,0,0,0.00,41,0,0,39,0,0.02,39,0.01,0.08,0.00,15,0.00,0.00,8,0,0.00,0.00,3.91,0.50,99,1,0.00,15,27,95,82,0,59,99,0,0.00,99,1,0.00,3.91,23.48,3.00,6,4,99,99,15.65,2.00,66.67,0,0.00,99,0,0.00,0,0.00,99,0,0.00,0.00,34,0,59,14,0,0,0,0,0,22,39,57,51,0,99,7,23,23,0,0,23,25,0,0
Mikkel Møller Lassen,25,992934000,2001/06/19,First Division,2026,Defender,Moss,148,90,58,Denmark,2,1,1,0,0,0,0,0,0,0,0,0,0,0,4,1,3,0,0,0,0,0,0,0,0,2.43,37,74,0,0,0,-1,-1,-1,19,0,6.07,0,36,0.00,0.00,2,0,0.00,0,2,0.00,2,0.00,0.00,0.00,0,0.00,0.00,0.00,0.00,0,0.00,0.00,0.00,0.00,0.00,0.00,0.00,2.00,0.00,0.00,0.00,0.00,0.00,0.00,0.00,0.00,0.00,0.00,0.00,0,0,,0,0.00,14,0,0.00,29,0,0.00,16,4,0,2,63,0.00,99,0,0,0.00,6,0,34,0.00,16,0,0.00,99,0,0.00,0,0,0.00,0,0.00,17,0,0.00,18,0,0.00,0.00,0,0.00,0,0,0,0.00,0,4,0.00,11,2.43,75,N/A,N/A,N/A,N/A,0.00,0,0.00,0,0.00,0.00,0,0.00,0.00,29,99,0.00,0.00,0,24,24,0,0,0,0.00,0.00,0,26,12.14,0.00,0.00,0,0,0.00,0.00,99,0.00,0,0,0,0.00,0.00,0,0.00,0.00,0.00,0.00,0,0,0.00,41,0,0,39,12,0.00,3,0.00,0.00,0.00,15,0.00,0.00,8,0,0.00,0.00,0.00,0.00,9,0,0.00,15,16,8,82,0,59,10,0,0.00,99,0,0.00,0.00,0.00,0.00,0,0,2,2,0.00,0.00,0.00,0,0.00,99,0,0.00,0,0.00,99,0,0.00,0.00,34,1,36,89,0,0,0,0,0,22,39,57,51,0,99,7,23,23,0,0,23,6,0,0
Mirza Mulac,20,1131782400,2005/11/12,First Division,2026,Defender,Hødd,1593,783,810,Norway,19,10,9,2,1,1,0,0,0,0,0,2,1,1,28,12,16,8,1,0.11,0,0.11,0.11,0.11,797,1.58,57,84,199,0,0.45,124,277,51,6,0,6.43,0,36,28.89,27.32,72,519,24.05,457,86,25.44,77,0.00,0.00,0.00,0,0.00,0.00,0.00,0.00,0,0.00,0.11,0.00,0.00,0.00,1.37,0.05,1.74,1.50,0.17,0.05,0.05,0.00,0.11,0.08,0.00,0.84,0.00,0.00,0,0,,3,0.16,26,2,0.11,44,1,0.06,20,3,1,18,63,0.00,99,0,26,1.45,89,0,34,0.00,16,0,0.00,99,0,0.00,0,0,0.00,0,0.00,17,1,0.06,23,1,0.06,100.00,0,0.00,0,0,0,0.00,0,33,0.00,58,1.84,45,N/A,N/A,N/A,N/A,0.00,0,0.00,0,1.52,0.00,0,88.05,66.67,96,99,0.00,0.00,0,32,99,0,0,0,0.63,0.67,12,95,122.14,2.21,2.34,42,0,0.00,0.00,99,0.00,0,0,0,0.00,0.00,0,0.00,0.00,0.00,0.00,0,0,66.67,96,74,69,82,58,0.84,24,0.04,0.05,1.52,52,0.08,0.08,8,0,0.00,0.00,0.39,0.37,42,7,0.08,52,42,79,82,0,59,67,0,0.00,99,16,0.00,0.89,3.84,3.63,69,40,34,23,2.23,2.11,57.97,2,0.11,65,0,0.00,0,0.00,99,0,0.00,0.00,34,75,48,79,0,0,0,0,0,35,58,62,58,0,99,35,27,97,7,37,98,5,0,0
Momodou Lion Njie,24,1007971200,2001/12/10,First Division,2026,Defender,Moss,71,0,71,Norway,1,0,1,0,0,0,0,0,0,0,0,0,0,0,2,0,2,0,0,0,0,0,0,0,0,2.54,36,71,0,0,0,-1,-1,-1,11,0,6.51,0,36,21.60,18.00,51,18,15.00,15,65,18.00,54,0.00,0.00,0.00,0,0.00,0.00,0.00,0.00,0,0.00,0.00,0.00,0.00,0.00,2.00,0.00,2.00,0.00,0.00,0.00,0.00,0.00,0.00,0.00,0.00,0.00,0.00,0.00,0,0,,0,0.00,14,0,0.00,29,0,0.00,16,1,0,1,63,0.00,99,0,2,2.40,99,0,34,0.00,16,0,0.00,99,0,0.00,0,0,0.00,0,0.00,17,0,0.00,18,0,0.00,0.00,0,0.00,0,0,0,0.00,0,2,0.00,8,2.40,74,N/A,N/A,N/A,N/A,0.00,0,0.00,0,0.00,0.00,0,83.33,0.00,29,99,0.00,0.00,0,24,24,0,0,0,1.00,1.20,1,99,6.51,3.00,3.60,3,0,0.00,0.00,99,0.00,0,0,0,0.00,0.00,0,0.00,0.00,0.00,0.00,0,0,0.00,41,0,0,39,10,0.03,19,0.03,0.04,0.00,15,0.00,0.00,91,1,1.00,1.20,1.20,1.00,91,1,0.00,15,53,93,82,0,59,10,0,0.00,99,0,0.00,0.00,4.80,4.00,4,3,71,34,3.60,3.00,75.00,0,0.00,99,0,0.00,0,0.00,99,0,0.00,0.00,34,0,36,38,0,0,0,0,0,22,39,57,51,0,99,7,23,23,0,0,23,4,0,0
Mukhtar Mustapha Adamu,20,1156143600,2006/08/21,First Division,2026,Midfielder,Odd,12,0,12,Nigeria,1,0,1,0,0,0,0,0,0,0,0,0,0,0,0,0,0,0,0,0,0,0,0,0,0,0,0,12,0,0,0,-1,-1,-1,22,0,3.25,0,36,0.00,0.00,2,0,0.00,0,2,0.00,2,0.00,0.00,0.00,0,0.00,0.00,0.00,0.00,0,0.00,0.00,0.00,0.00,0.00,0.00,0.00,0.00,0.00,0.00,0.00,0.00,0.00,0.00,0.00,0.00,0.00,0.00,0.00,0,0,,0,0.00,14,0,0.00,29,0,0.00,16,0,1,0,63,0.00,99,0,0,0.00,6,0,34,0.00,16,0,0.00,99,0,0.00,0,0,0.00,0,0.00,17,0,0.00,18,0,0.00,0.00,0,0.00,0,0,0,0.00,0,0,0.00,99,0.00,0,N/A,N/A,N/A,N/A,0.00,0,0.00,0,0.00,0.00,0,0.00,0.00,29,99,0.00,0.00,0,24,24,0,0,0,0.00,0.00,0,26,6.50,0.00,0.00,0,0,0.00,0.00,99,0.00,0,0,0,0.00,0.00,0,0.00,0.00,0.00,0.00,0,0,0.00,41,0,0,39,0,0.00,3,0.00,0.00,0.00,15,0.00,0.00,8,0,0.00,0.00,0.00,0.00,9,0,0.00,15,0,8,82,0,59,10,0,0.00,99,0,0.00,0.00,0.00,0.00,0,0,2,2,0.00,0.00,0.00,0,0.00,99,0,0.00,0,0.00,99,0,0.00,0.00,34,0,48,14,0,0,0,0,0,22,39,57,51,0,99,7,23,23,0,0,23,16,0,0
Mustapha Abu,19,1165132800,2006/12/03,First Division,2026,Forward,Egersund,0,0,0,Ghana,0,0,0,0,0,0,0,0,0,0,0,0,0,0,0,0,0,0,0,0,0,0,0,0,0,0,0,0,0,0,0,-1,-1,-1,-1,N/A,N/A,N/A,N/A,N/A,N/A,N/A,N/A,N/A,N/A,N/A,N/A,N/A,N/A,N/A,N/A,N/A,N/A,N/A,N/A,N/A,N/A,N/A,N/A,N/A,N/A,N/A,N/A,N/A,N/A,N/A,N/A,N/A,N/A,N/A,N/A,N/A,N/A,N/A,N/A,N/A,N/A,N/A,N/A,N/A,N/A,N/A,N/A,N/A,N/A,N/A,N/A,N/A,N/A,N/A,N/A,N/A,N/A,N/A,N/A,N/A,N/A,N/A,N/A,N/A,N/A,N/A,N/A,N/A,N/A,N/A,N/A,N/A,N/A,N/A,N/A,N/A,N/A,N/A,N/A,N/A,N/A,N/A,N/A,N/A,N/A,N/A,N/A,N/A,N/A,N/A,N/A,N/A,N/A,N/A,N/A,N/A,N/A,N/A,N/A,N/A,N/A,N/A,N/A,N/A,N/A,N/A,N/A,N/A,N/A,N/A,N/A,N/A,N/A,N/A,N/A,N/A,N/A,N/A,N/A,N/A,N/A,N/A,N/A,N/A,N/A,N/A,N/A,N/A,N/A,N/A,N/A,N/A,N/A,N/A,N/A,N/A,N/A,N/A,N/A,N/A,N/A,N/A,N/A,N/A,N/A,N/A,N/A,N/A,N/A,N/A,N/A,N/A,N/A,N/A,N/A,N/A,N/A,N/A,N/A,N/A,N/A,N/A,N/A,N/A,N/A,N/A,N/A,N/A,N/A,N/A,N/A,N/A,N/A,N/A,N/A,N/A,N/A,N/A,N/A,N/A,N/A,N/A,N/A,N/A,N/A,N/A,N/A,N/A,N/A,N/A,N/A,N/A,N/A,N/A,N/A,N/A,N/A,N/A,N/A,N/A,N/A,N/A,N/A,N/A,N/A,N/A,N/A,N/A,N/A,N/A,N/A,N/A,N/A,N/A,N/A,N/A,N/A,N/A,N/A,N/A,N/A,N/A,N/A
Nicholas Horn Ivesdal,17,1249282800,2009/08/03,First Division,2026,Midfielder,Sandnes Ulf,0,0,0,Norway,0,0,0,0,0,0,0,0,0,0,0,0,0,0,0,0,0,0,0,0,0,0,0,0,0,0,0,0,0,0,0,-1,-1,-1,-1,N/A,N/A,N/A,N/A,N/A,N/A,N/A,N/A,N/A,N/A,N/A,N/A,N/A,N/A,N/A,N/A,N/A,N/A,N/A,N/A,N/A,N/A,N/A,N/A,N/A,N/A,N/A,N/A,N/A,N/A,N/A,N/A,N/A,N/A,N/A,N/A,N/A,N/A,N/A,N/A,N/A,N/A,N/A,N/A,N/A,N/A,N/A,N/A,N/A,N/A,N/A,N/A,N/A,N/A,N/A,N/A,N/A,N/A,N/A,N/A,N/A,N/A,N/A,N/A,N/A,N/A,N/A,N/A,N/A,N/A,N/A,N/A,N/A,N/A,N/A,N/A,N/A,N/A,N/A,N/A,N/A,N/A,N/A,N/A,N/A,N/A,N/A,N/A,N/A,N/A,N/A,N/A,N/A,N/A,N/A,N/A,N/A,N/A,N/A,N/A,N/A,N/A,N/A,N/A,N/A,N/A,N/A,N/A,N/A,N/A,N/A,N/A,N/A,N/A,N/A,N/A,N/A,N/A,N/A,N/A,N/A,N/A,N/A,N/A,N/A,N/A,N/A,N/A,N/A,N/A,N/A,N/A,N/A,N/A,N/A,N/A,N/A,N/A,N/A,N/A,N/A,N/A,N/A,N/A,N/A,N/A,N/A,N/A,N/A,N/A,N/A,N/A,N/A,N/A,N/A,N/A,N/A,N/A,N/A,N/A,N/A,N/A,N/A,N/A,N/A,N/A,N/A,N/A,N/A,N/A,N/A,N/A,N/A,N/A,N/A,N/A,N/A,N/A,N/A,N/A,N/A,N/A,N/A,N/A,N/A,N/A,N/A,N/A,N/A,N/A,N/A,N/A,N/A,N/A,N/A,N/A,N/A,N/A,N/A,N/A,N/A,N/A,N/A,N/A,N/A,N/A,N/A,N/A,N/A,N/A,N/A,N/A,N/A,N/A,N/A,N/A,N/A,N/A,N/A,N/A,N/A,N/A,N/A,N/A
Nicklas Strunck Jakobsen,27,934873200,1999/08/17,First Division,2026,Midfielder,Bryne,1707,810,897,Denmark,19,9,10,8,6,2,3,1,2,0,0,5,2,3,21,11,10,2,0,0.58,0.16,0.42,0.67,0.2,213,1.11,81,90,854,569,0.11,43,99,-1,1,0,6.76,0.16,66,15.82,15.79,34,300,13.26,252,67,13.29,39,0.00,0.00,0.79,15,0.00,0.95,0.00,0.00,0,0.00,0.32,0.00,0.00,0.00,0.58,0.26,1.42,2.88,1.21,0.68,0.37,0.00,0.53,0.34,0.00,0.26,0.00,0.00,0,0,,23,1.21,79,10,0.53,80,13,0.69,78,3,0,19,63,0.00,99,0,11,0.58,45,18,80,0.95,67,0,0.00,99,0,0.00,0,0,0.00,0,0.79,83,7,0.37,53,5,0.26,71.43,0,0.00,0,0,0,0.00,0,27,0.00,95,1.42,16,N/A,N/A,N/A,N/A,0.00,0,0.00,0,6.46,0.00,0,84.00,43.48,75,99,0.00,0.00,0,56,65,1,0,0,0.05,0.05,1,29,128.51,0.32,0.32,6,0,0.00,0.00,99,0.00,0,1,1,0.05,0.05,0,0.00,0.00,0.00,0.00,0,0,34.78,82,84,69,54,95,2.85,64,0.15,0.15,5.76,82,0.30,0.30,25,4,0.21,0.21,0.42,0.42,46,8,0.34,84,79,23,88,0,59,27,0,0.00,99,5,0.00,0.26,4.38,4.37,83,32,23,27,1.69,1.68,38.55,6,0.32,40,0,44.44,0,0.00,99,8,0.42,0.42,74,84,36,79,0,1,0,5,0,79,86,73,93,0,99,72,86,41,2,11,56,19,0,0
Niclas Schjøth Semmen,23,1037174400,2002/11/13,First Division,2026,Forward,Moss,1671,784,887,Norway,21,10,11,9,3,6,3,0,3,0,0,1,1,0,36,14,22,1,0,0.65,0.16,0.48,0.34,0.61,186,1.94,46,80,1671,557,0.05,36,100,-1,2,0,6.81,0.14,66,11.17,9.86,20,207,7.00,147,17,7.93,20,0.00,0.00,0.24,5,0.00,0.90,0.00,0.00,0,0.00,0.67,0.00,0.00,0.00,0.24,0.57,1.76,2.89,1.40,0.57,0.86,0.00,0.67,0.36,0.00,0.67,0.00,0.00,0,0,,26,1.24,84,14,0.76,89,12,0.65,75,3,1,20,63,0.00,99,0,5,0.27,23,19,40,1.03,70,0,0.00,99,0,0.00,0,0,0.00,0,0.27,45,18,0.97,79,12,0.65,66.67,0,0.00,0,0,0,0.00,0,37,0.00,37,2.00,53,N/A,N/A,N/A,N/A,0.00,0,0.00,0,7.48,0.00,0,71.01,53.85,87,99,0.00,0.00,0,78,59,0,0,0,0.14,0.16,3,57,142.95,0.14,0.16,3,0,0.00,0.00,99,0.00,0,0,1,0.05,0.05,0,0.00,0.00,0.43,0.38,8,0,34.62,81,81,99,51,37,2.14,55,0.10,0.12,7.48,89,0.36,0.40,42,7,0.33,0.38,0.70,0.62,67,13,0.40,88,83,15,88,0,92,60,0,0.00,99,14,0.00,0.76,6.85,6.05,127,51,52,59,2.75,2.43,40.16,14,0.76,9,0,21.05,0,0.00,99,4,0.19,0.22,61,92,48,79,0,1,0,5,0,84,89,93,79,0,99,13,98,25,1,5,30,20,0,0
Nicolai Fremstad,28,885888000,1998/01/27,First Division,2026,Defender,Raufoss,1023,433,590,Norway,18,8,10,0,0,0,0,0,0,0,0,2,2,0,33,11,22,0,0,0,0,0,0,0,0,2.9,31,57,0,0,0,224,194,120,12,0,5.49,0,36,14.58,9.11,28,164,7.06,127,39,11.29,29,0.00,0.00,0.11,2,0.00,0.28,0.00,0.00,0,0.00,0.11,0.00,0.00,0.00,0.67,0.00,2.00,0.00,0.62,0.33,0.06,0.00,0.06,0.02,0.00,0.22,0.00,0.00,0,0,,7,0.39,57,1,0.09,39,6,0.53,67,4,5,13,63,0.00,99,0,12,1.07,80,5,34,0.44,46,0,0.00,99,0,0.00,0,0,0.00,0,0.18,34,1,0.09,27,0,0.00,0.00,0,0.00,0,0,0,0.00,0,36,0.00,2,3.20,93,N/A,N/A,N/A,N/A,0.00,0,0.00,0,0.42,0.00,0,77.44,14.29,31,99,0.00,0.00,0,24,24,0,0,0,0.39,0.62,7,92,98.74,0.83,1.33,15,0,0.00,0.00,99,0.00,0,0,1,0.06,0.09,0,0.00,0.00,0.18,0.11,2,0,0.00,41,38,56,39,2,0.40,19,0.02,0.04,0.42,36,0.02,0.04,31,3,0.17,0.27,0.71,0.44,68,8,0.04,35,7,61,95,0,82,33,0,0.00,99,4,0.00,0.36,5.34,3.33,60,23,29,41,2.05,1.28,38.33,2,0.18,54,0,0.00,0,0.00,99,0,0.00,0.00,34,45,80,89,0,0,0,0,0,22,39,57,51,0,99,35,23,23,0,0,23,11,0,0
Nicolai Næss,33,727344000,1993/01/18,First Division,2026,Defender,Stabæk,1853,884,969,Norway,21,10,11,0,0,0,3,3,0,0,0,8,4,4,25,12,13,2,0,0.15,0.15,0,0,0,0,1.21,74,88,927,618,0.1,223,104,15,22,0,6.61,0.14,64,48.33,47.33,96,994,42.24,887,92,43.13,96,0.00,0.00,0.19,4,0.00,0.52,0.05,0.05,1,0.00,0.00,0.00,0.00,0.00,0.95,0.05,1.24,0.00,0.49,0.33,0.14,0.00,0.14,0.03,0.00,1.05,0.00,0.00,0,0,,10,0.48,50,3,0.15,51,7,0.34,51,3,0,21,69,0.00,99,0,20,0.97,73,11,68,0.53,53,0,0.00,99,0,0.00,0,0,0.00,0,0.19,35,3,0.15,34,1,0.05,33.33,0,0.00,0,0,0,0.00,0,26,0.00,89,1.26,7,N/A,N/A,N/A,N/A,0.00,0,0.00,0,0.71,0.00,0,89.24,30.00,47,99,0.00,0.00,0,28,28,0,0,0,0.19,0.19,4,64,138.76,2.33,2.38,49,0,0.00,0.00,99,0.00,0,0,0,0.00,0.00,0,0.00,0.00,0.05,0.05,1,0,0.00,41,93,99,39,89,3.85,75,0.18,0.19,0.71,32,0.03,0.03,17,3,0.14,0.15,0.39,0.38,42,8,0.03,32,66,80,82,0,64,73,0,0.00,99,22,0.00,1.07,4.96,4.86,102,48,39,38,2.33,2.29,47.06,0,0.00,99,0,36.36,0,0.00,99,4,0.19,0.19,58,99,36,79,0,0,0,0,0,44,39,57,51,0,99,97,88,37,2,10,50,4,0,0
Nicolaj Tornvig Hansen,19,1170144000,2007/01/30,First Division,2026,Forward,Egersund,1042,538,504,Denmark,19,9,10,5,2,3,2,0,2,0,0,6,4,2,20,7,13,0,0,0.6,0.17,0.43,0.33,0.54,208,1.73,52,55,0,521,0,41,93,-1,3,0,6.56,0.11,68,7.77,4.89,9,88,3.67,66,29,5.83,10,0.00,0.00,0.11,2,0.00,0.33,0.09,0.06,1,0.00,0.33,0.00,0.00,0.00,0.11,0.17,1.28,1.75,0.62,0.22,0.33,0.00,0.17,0.16,0.00,1.17,0.00,0.00,0,0,,7,0.39,57,3,0.26,65,4,0.35,54,3,8,11,78,0.00,99,0,2,0.18,18,6,34,0.53,53,0,0.00,99,0,0.00,0,0,0.00,0,0.18,34,6,0.53,63,3,0.26,50.00,0,0.00,0,0,0,0.00,0,23,0.00,46,2.03,55,N/A,N/A,N/A,N/A,0.00,0,0.00,0,2.93,0.00,0,75.00,42.86,74,99,0.00,0.00,0,56,40,0,0,0,0.06,0.09,1,40,118.02,0.17,0.26,3,0,0.00,0.00,99,0.00,0,0,0,0.00,0.00,0,0.00,0.00,0.26,0.17,3,0,57.14,95,39,69,53,47,1.40,55,0.08,0.12,2.93,79,0.16,0.26,86,12,0.67,1.06,0.18,0.11,16,2,0.26,77,57,20,82,0,88,93,0,0.00,99,21,0.00,1.85,7.95,5.00,90,43,76,73,3.80,2.39,47.78,6,0.53,21,0,0.00,0,0.00,99,0,0.00,0.00,34,38,92,79,0,0,0,0,0,80,87,91,78,0,99,88,23,23,0,0,23,7,0,0
Niklas Sandberg,31,800780400,1995/05/18,First Division,2026,Forward,Haugesund,1619,739,880,Norway,21,10,11,5,3,2,15,7,8,0,0,6,3,3,28,9,19,1,0,1.11,0.83,0.28,0.37,0.2,324,1.56,58,77,1619,108,0.06,72,1,-1,3,0,6.98,0.71,99,22.21,19.14,53,402,13.76,289,21,15.97,47,0.00,0.00,1.10,23,0.00,1.33,0.06,0.05,1,0.00,0.52,0.00,0.00,0.00,0.52,0.43,1.52,4.20,1.16,0.52,0.48,0.00,0.48,0.23,0.00,0.95,0.00,0.00,0,0,,21,1.00,78,10,0.55,84,11,0.61,73,2,2,19,72,0.00,99,0,11,0.61,48,28,59,1.55,83,0,0.00,99,0,0.00,0,0,0.00,0,1.27,96,10,0.55,64,9,0.50,90.00,0,0.00,0,0,0,0.00,0,32,0.00,60,1.77,40,N/A,N/A,N/A,N/A,0.00,0,0.00,0,4.76,0.00,0,71.89,47.62,79,99,0.00,0.00,0,72,79,0,0,0,0.19,0.22,4,68,146.58,0.86,0.99,18,0,0.00,0.00,99,0.00,0,0,0,0.00,0.00,0,0.00,0.00,0.22,0.19,4,0,23.81,66,77,99,63,62,9.95,99,0.47,0.55,4.76,79,0.23,0.26,79,15,0.71,0.83,0.66,0.57,65,12,0.26,77,91,54,82,0,87,75,0,0.00,99,20,0.00,1.10,8.84,7.62,160,77,82,79,4.25,3.67,48.12,11,0.61,14,0,32.14,0,0.00,99,9,0.43,0.50,82,84,59,57,0,2,0,10,0,98,77,73,80,0,99,81,97,30,1,5,30,11,0,0
Nikolai Eide Ohr,21,1101110400,2004/11/22,First Division,2026,Defender,Strømmen,0,0,0,Norway,0,0,0,0,0,0,0,0,0,0,0,0,0,0,0,0,0,0,0,0,0,0,0,0,0,0,0,0,0,0,0,-1,-1,-1,-1,N/A,N/A,N/A,N/A,N/A,N/A,N/A,N/A,N/A,N/A,N/A,N/A,N/A,N/A,N/A,N/A,N/A,N/A,N/A,N/A,N/A,N/A,N/A,N/A,N/A,N/A,N/A,N/A,N/A,N/A,N/A,N/A,N/A,N/A,N/A,N/A,N/A,N/A,N/A,N/A,N/A,N/A,N/A,N/A,N/A,N/A,N/A,N/A,N/A,N/A,N/A,N/A,N/A,N/A,N/A,N/A,N/A,N/A,N/A,N/A,N/A,N/A,N/A,N/A,N/A,N/A,N/A,N/A,N/A,N/A,N/A,N/A,N/A,N/A,N/A,N/A,N/A,N/A,N/A,N/A,N/A,N/A,N/A,N/A,N/A,N/A,N/A,N/A,N/A,N/A,N/A,N/A,N/A,N/A,N/A,N/A,N/A,N/A,N/A,N/A,N/A,N/A,N/A,N/A,N/A,N/A,N/A,N/A,N/A,N/A,N/A,N/A,N/A,N/A,N/A,N/A,N/A,N/A,N/A,N/A,N/A,N/A,N/A,N/A,N/A,N/A,N/A,N/A,N/A,N/A,N/A,N/A,N/A,N/A,N/A,N/A,N/A,N/A,N/A,N/A,N/A,N/A,N/A,N/A,N/A,N/A,N/A,N/A,N/A,N/A,N/A,N/A,N/A,N/A,N/A,N/A,N/A,N/A,N/A,N/A,N/A,N/A,N/A,N/A,N/A,N/A,N/A,N/A,N/A,N/A,N/A,N/A,N/A,N/A,N/A,N/A,N/A,N/A,N/A,N/A,N/A,N/A,N/A,N/A,N/A,N/A,N/A,N/A,N/A,N/A,N/A,N/A,N/A,N/A,N/A,N/A,N/A,N/A,N/A,N/A,N/A,N/A,N/A,N/A,N/A,N/A,N/A,N/A,N/A,N/A,N/A,N/A,N/A,N/A,N/A,N/A,N/A,N/A,N/A,N/A,N/A,N/A,N/A,N/A
Nikolai Jakobsen Hristov,26,959151600,2000/05/24,First Division,2026,Forward,Strømmen,1742,854,888,Norway,20,10,10,13,5,8,3,1,2,0,0,2,2,0,41,22,19,0,0,0.83,0.15,0.67,0.53,0.81,134,2.12,42,87,0,581,0,16,109,-1,1,0,7.19,0.15,64,5.79,5.58,6,106,4.21,80,30,4.37,6,0.00,0.00,0.26,5,0.00,0.11,0.00,0.00,0,0.00,0.42,0.00,0.00,0.00,0.16,0.05,2.32,2.09,1.26,0.68,0.11,0.00,0.53,0.42,0.00,0.53,0.00,0.00,0,0,,23,1.21,80,10,0.55,84,13,0.71,79,4,0,20,63,0.00,99,0,3,0.16,16,2,34,0.11,20,0,0.00,99,0,0.00,0,0,0.00,0,0.27,45,2,0.11,30,1,0.05,50.00,0,0.00,0,0,0,0.00,0,44,0.00,27,2.40,74,N/A,N/A,N/A,N/A,0.00,0,0.00,0,8.02,0.00,0,75.47,43.48,75,99,0.00,0.00,0,28,40,0,1,0,0.11,0.11,2,46,136.62,0.32,0.33,6,0,0.00,0.00,99,0.00,0,1,1,0.05,0.05,0,0.00,0.00,0.65,0.63,12,1,47.83,88,86,84,45,27,1.95,50,0.10,0.11,7.32,89,0.39,0.40,48,8,0.42,0.44,0.27,0.26,26,5,0.44,91,95,23,88,0,99,45,0,0.00,99,10,0.00,0.55,3.55,3.42,65,26,19,20,1.42,1.37,40.00,8,0.44,29,0,0.00,0,0.00,99,0,0.00,0.00,34,92,36,89,0,3,0,15,0,92,95,97,88,0,99,29,23,23,0,0,23,9,0,0
Noah Alexandersson,24,1001833200,2001/09/30,First Division,2026,Forward,Moss,46,27,19,Sweden,2,1,1,0,0,0,0,0,0,0,0,0,0,0,0,0,0,0,0,0,0,0,0,0,0,0,0,23,0,0,0,-1,-1,-1,12,0,6.47,0,36,49.79,13.00,97,26,9.00,18,11,34.47,91,0.00,0.00,0.00,0,0.00,1.00,0.00,0.00,0,0.00,0.50,0.00,0.00,0.00,0.50,0.00,0.00,0.00,1.91,0.50,0.00,0.00,0.00,0.03,0.00,0.00,0.00,0.00,0,0,,1,0.50,93,0,0.00,29,1,1.91,99,0,2,0,63,0.00,99,0,1,1.91,98,2,34,3.83,99,0,0.00,99,0,0.00,0,0,0.00,0,0.00,17,0,0.00,18,0,0.00,0.00,0,0.00,0,0,0,0.00,0,0,0.00,99,0.00,0,N/A,N/A,N/A,N/A,0.00,0,0.00,0,0.06,0.00,0,69.23,0.00,29,99,0.00,0.00,0,24,24,0,0,0,0.00,0.00,0,26,12.94,0.50,1.91,1,0,0.00,0.00,99,0.00,0,0,0,0.00,0.00,0,0.00,0.00,0.00,0.00,0,0,0.00,41,0,0,39,0,0.04,39,0.02,0.08,0.06,61,0.03,0.11,8,0,0.00,0.00,0.00,0.00,9,0,0.11,60,49,71,82,0,59,10,0,0.00,99,0,0.00,0.00,7.66,2.00,4,2,76,69,3.83,1.00,50.00,1,1.91,0,0,0.00,0,0.00,99,0,0.00,0.00,34,0,59,14,0,0,0,0,0,22,39,57,51,0,99,7,23,23,0,0,23,7,0,0
Noah Ibsen,20,1141891200,2006/03/09,First Division,2026,Defender,Moss,44,0,44,Denmark,1,0,1,0,0,0,0,0,0,0,0,0,0,0,0,0,0,0,0,0,0,0,0,0,0,0,0,44,0,0,0,-1,-1,-1,26,0,6.29,0,36,13.94,11.00,25,11,9.00,9,58,11.41,29,0.00,0.00,0.00,0,0.00,0.00,0.00,0.00,0,0.00,0.00,0.00,0.00,0.00,1.00,0.00,2.00,0.00,0.00,0.00,0.00,0.00,0.00,0.00,0.00,0.00,0.00,0.00,0,0,,0,0.00,14,0,0.00,29,0,0.00,16,0,1,0,63,0.00,99,0,1,1.27,85,0,34,0.00,16,0,0.00,99,0,0.00,0,0,0.00,0,0.00,17,0,0.00,18,0,0.00,0.00,0,0.00,0,0,0,0.00,0,2,0.00,99,2.54,78,N/A,N/A,N/A,N/A,0.00,0,0.00,0,0.00,0.00,0,81.82,0.00,29,99,0.00,0.00,0,24,24,0,0,0,0.00,0.00,0,26,6.29,4.00,5.07,4,0,0.00,0.00,99,0.00,0,0,0,0.00,0.00,0,0.00,0.00,0.00,0.00,0,0,0.00,41,0,0,39,0,0.02,14,0.02,0.03,0.00,15,0.00,0.00,8,0,0.00,0.00,0.00,0.00,9,0,0.00,15,26,99,82,0,59,10,0,0.00,99,0,0.00,0.00,5.07,4.00,4,4,89,39,5.07,4.00,100.00,0,0.00,99,0,0.00,0,0.00,99,0,0.00,0.00,34,0,48,14,0,0,0,0,0,22,39,57,51,0,99,7,23,23,0,0,23,43,0,0
Noah Kojo Akogyeram-Fjeldberg,20,1138608000,2006/01/30,First Division,2026,Midfielder,Odd,1441,813,628,Norway,21,11,10,3,2,1,1,0,1,0,0,6,4,2,22,9,13,2,0,0.25,0.06,0.19,0.22,0.14,480,1.37,66,69,721,1441,0.12,86,157,-1,5,0,6.19,0.05,45,15.40,11.57,32,243,9.81,206,72,13.06,36,0.00,0.00,0.24,5,0.00,0.19,0.06,0.05,1,0.00,0.33,0.00,0.00,0.00,0.38,0.05,1.00,3.67,0.70,0.33,0.05,0.00,0.19,0.13,0.00,0.33,0.00,0.00,0,0,,11,0.52,61,4,0.25,63,7,0.44,62,2,4,17,72,0.00,99,0,8,0.51,38,4,34,0.25,33,0,0.00,99,0,0.00,0,0,0.00,0,0.32,48,1,0.06,23,1,0.06,100.00,0,0.00,0,0,0,0.00,0,21,0.00,75,1.33,11,N/A,N/A,N/A,N/A,0.00,0,0.00,0,2.64,0.00,0,84.77,36.36,58,99,0.00,0.00,0,32,99,0,0,0,0.14,0.19,3,64,130.01,0.81,1.08,17,0,0.00,0.00,99,0.00,0,0,0,0.00,0.00,0,0.00,0.00,0.06,0.05,1,0,27.27,73,63,99,68,75,1.24,39,0.06,0.08,2.64,72,0.13,0.17,23,3,0.14,0.19,0.63,0.48,62,10,0.17,71,21,55,82,0,68,38,0,0.00,99,7,0.00,0.44,4.88,3.67,77,31,26,36,1.96,1.48,40.26,7,0.44,29,0,0.00,0,0.00,99,0,0.00,0.00,34,67,73,57,0,0,0,0,0,59,73,68,71,0,99,81,80,44,2,10,50,23,0,0
Noah Pallas,25,981705600,2001/02/09,First Division,2026,Defender,Ranheim,1488,840,648,Finland,21,11,10,1,1,0,4,3,1,0,0,1,1,0,43,20,23,3,0,0.3,0.24,0.06,0.11,0,1488,2.6,35,71,496,372,0.18,156,74,114,7,0,6.76,0.19,77,29.45,22.53,75,428,19.00,361,69,24.84,76,0.00,0.00,0.32,6,0.00,1.05,0.07,0.05,1,0.00,0.21,0.00,0.00,0.00,0.32,0.21,2.42,1.00,0.07,0.05,0.42,0.00,0.00,0.04,0.00,0.26,0.00,0.00,0,0,,1,0.05,18,0,0.00,29,1,0.07,22,2,6,15,77,0.00,99,0,6,0.41,32,20,66,1.38,76,0,0.00,99,0,0.00,0,0,0.00,0,0.41,58,8,0.55,64,4,0.28,50.00,0,0.00,0,0,0,0.00,0,46,0.00,7,3.17,92,N/A,N/A,N/A,N/A,0.00,0,0.00,0,0.68,0.00,0,84.35,0.00,29,99,0.00,0.00,0,59,40,0,0,0,0.11,0.14,2,52,128.49,1.16,1.51,22,0,0.00,0.00,99,0.00,0,0,0,0.00,0.00,0,0.00,0.00,0.00,0.00,0,0,100.00,99,64,99,93,8,3.21,82,0.17,0.22,0.68,41,0.04,0.05,25,3,0.16,0.21,0.28,0.21,27,4,0.05,41,79,65,82,0,59,32,0,0.00,99,5,0.00,0.34,6.67,5.11,97,37,45,56,2.55,1.95,38.14,4,0.28,43,0,35.00,0,0.00,99,7,0.37,0.48,80,53,84,57,0,0,0,0,0,63,47,57,58,0,99,13,59,66,3,14,67,5,0,0
Ola Lerheim Olsen,20,1153378800,2006/07/20,First Division,2026,Midfielder,Hødd,0,0,0,Norway,0,0,0,0,0,0,0,0,0,0,0,0,0,0,0,0,0,0,0,0,0,0,0,0,0,0,0,0,0,0,0,-1,-1,-1,-1,N/A,N/A,N/A,N/A,N/A,N/A,N/A,N/A,N/A,N/A,N/A,N/A,N/A,N/A,N/A,N/A,N/A,N/A,N/A,N/A,N/A,N/A,N/A,N/A,N/A,N/A,N/A,N/A,N/A,N/A,N/A,N/A,N/A,N/A,N/A,N/A,N/A,N/A,N/A,N/A,N/A,N/A,N/A,N/A,N/A,N/A,N/A,N/A,N/A,N/A,N/A,N/A,N/A,N/A,N/A,N/A,N/A,N/A,N/A,N/A,N/A,N/A,N/A,N/A,N/A,N/A,N/A,N/A,N/A,N/A,N/A,N/A,N/A,N/A,N/A,N/A,N/A,N/A,N/A,N/A,N/A,N/A,N/A,N/A,N/A,N/A,N/A,N/A,N/A,N/A,N/A,N/A,N/A,N/A,N/A,N/A,N/A,N/A,N/A,N/A,N/A,N/A,N/A,N/A,N/A,N/A,N/A,N/A,N/A,N/A,N/A,N/A,N/A,N/A,N/A,N/A,N/A,N/A,N/A,N/A,N/A,N/A,N/A,N/A,N/A,N/A,N/A,N/A,N/A,N/A,N/A,N/A,N/A,N/A,N/A,N/A,N/A,N/A,N/A,N/A,N/A,N/A,N/A,N/A,N/A,N/A,N/A,N/A,N/A,N/A,N/A,N/A,N/A,N/A,N/A,N/A,N/A,N/A,N/A,N/A,N/A,N/A,N/A,N/A,N/A,N/A,N/A,N/A,N/A,N/A,N/A,N/A,N/A,N/A,N/A,N/A,N/A,N/A,N/A,N/A,N/A,N/A,N/A,N/A,N/A,N/A,N/A,N/A,N/A,N/A,N/A,N/A,N/A,N/A,N/A,N/A,N/A,N/A,N/A,N/A,N/A,N/A,N/A,N/A,N/A,N/A,N/A,N/A,N/A,N/A,N/A,N/A,N/A,N/A,N/A,N/A,N/A,N/A,N/A,N/A,N/A,N/A,N/A,N/A
Olaf Bárdason,22,1066633200,2003/10/20,First Division,2026,Midfielder,Sandnes Ulf,537,275,262,Faroe Islands,8,4,4,1,0,1,0,0,0,0,0,2,1,1,9,4,5,0,0,0.17,0,0.17,0,0.34,537,1.51,60,67,0,0,0,93,264,-1,10,0,6.38,0,36,0.00,0.00,2,0,0.00,0,2,0.00,2,0.00,0.00,0.00,0,0.00,0.00,0.00,0.00,0,0.00,0.00,0.00,0.00,0.00,0.00,0.00,1.25,0.00,0.00,0.00,0.00,0.00,0.00,0.08,0.00,0.00,0.00,0.00,0,0,,0,0.00,14,0,0.00,29,0,0.00,16,4,2,6,63,0.00,99,0,0,0.00,6,0,34,0.00,16,0,0.00,99,0,0.00,0,0,0.00,0,0.00,17,0,0.00,18,0,0.00,0.00,0,0.00,0,0,0,0.00,0,10,0.00,63,1.73,38,N/A,N/A,N/A,N/A,0.00,0,0.00,0,0.65,0.00,0,0.00,0.00,29,99,0.00,0.00,0,24,24,0,0,0,0.00,0.00,0,26,51.06,0.00,0.00,0,0,0.00,0.00,99,0.00,0,0,0,0.00,0.00,0,0.00,0.00,0.00,0.00,0,0,0.00,41,12,7,71,64,0.00,3,0.00,0.00,0.65,61,0.08,0.11,8,0,0.00,0.00,0.00,0.00,9,0,0.11,60,38,8,82,0,59,10,0,0.00,99,0,0.00,0.00,0.00,0.00,0,0,2,2,0.00,0.00,0.00,0,0.00,99,0,0.00,0,0.00,99,0,0.00,0.00,34,16,59,89,0,0,0,0,0,48,70,83,51,0,99,70,23,23,0,0,23,7,0,0
Olav Lilleøren Veum,22,1076745600,2004/02/14,First Division,2026,Defender,Stabæk,1291,584,707,Norway,19,9,10,0,0,0,0,0,0,0,0,8,4,4,18,9,9,0,0,0,0,0,0,0,0,1.25,72,68,0,0,0,276,229,19,15,0,6.41,0,36,27.05,20.42,66,388,18.89,359,99,25.03,77,0.00,0.00,0.11,2,0.00,0.21,0.07,0.05,1,0.00,0.00,0.00,0.00,0.00,0.63,0.00,1.00,0.00,0.07,0.05,0.00,0.00,0.00,0.00,0.00,0.32,0.00,0.00,0,0,,1,0.05,18,0,0.00,29,1,0.07,22,2,6,13,77,0.00,99,0,12,0.84,65,4,50,0.28,35,0,0.00,99,0,0.00,0,0,0.00,0,0.14,29,0,0.00,18,0,0.00,0.00,0,0.00,0,0,0,0.00,0,19,0.00,85,1.32,10,N/A,N/A,N/A,N/A,0.00,0,0.00,0,0.05,0.00,0,92.53,0.00,29,99,0.00,0.00,0,24,24,0,0,0,0.16,0.21,3,67,121.84,1.58,2.09,30,0,0.00,0.00,99,0.00,0,0,0,0.00,0.00,0,0.00,0.00,0.00,0.00,0,0,0.00,41,50,69,39,85,0.93,32,0.05,0.06,0.05,15,0.00,0.00,8,0,0.00,0.00,0.07,0.05,12,1,0.00,15,39,76,82,0,59,38,0,0.00,99,6,0.00,0.42,2.58,1.95,37,20,18,14,1.39,1.05,54.05,0,0.00,99,0,25.00,0,0.00,99,1,0.05,0.07,39,45,84,57,0,0,0,0,0,22,39,57,51,0,99,99,23,23,0,0,23,15,0,0
Ole Kallevåg,25,993366000,2001/06/24,First Division,2026,Midfielder,Lyn,1668,891,777,Norway,19,10,9,1,0,1,2,1,1,0,0,3,3,0,32,15,17,4,0,0.16,0.11,0.05,0,0.12,1668,1.73,52,88,417,834,0.22,167,127,-1,6,0,6.47,0.11,55,33.71,32.53,85,618,29.11,553,93,30.16,88,0.00,0.00,0.58,11,0.00,0.16,0.05,0.05,1,0.00,0.58,0.00,0.00,0.00,0.95,0.05,1.74,7.00,0.38,0.21,0.05,0.00,0.16,0.06,0.00,0.32,0.00,0.00,0,0,,7,0.37,41,3,0.16,54,4,0.22,38,1,0,19,69,0.00,99,0,18,0.98,73,3,34,0.16,27,0,0.00,99,0,0.00,0,0,0.00,0,0.60,72,1,0.05,20,1,0.05,100.00,0,0.00,0,0,0,0.00,0,33,0.00,46,1.80,42,N/A,N/A,N/A,N/A,0.00,0,0.00,0,1.17,0.00,0,89.48,42.86,74,99,0.00,0.00,0,28,99,0,0,0,0.32,0.33,6,81,122.86,1.05,1.09,20,0,0.00,0.00,99,0.00,0,0,0,0.00,0.00,0,0.00,0.00,0.05,0.05,1,0,14.29,52,80,69,97,47,2.86,68,0.15,0.16,1.17,46,0.06,0.06,42,7,0.37,0.38,0.60,0.58,60,11,0.06,45,49,55,82,0,64,31,0,0.00,99,6,0.00,0.33,5.78,5.58,106,33,25,45,1.80,1.74,31.13,11,0.60,14,0,0.00,0,0.00,99,0,0.00,0.00,34,84,36,38,0,0,0,0,0,46,44,64,51,0,99,50,49,78,4,21,87,18,0,0
Ole Kristian Enersen,24,1031295600,2002/09/06,First Division,2026,Forward,Strømsgodset,645,360,285,Norway,19,10,9,0,0,0,0,0,0,0,0,4,3,1,8,4,4,1,0,0,0,0,0,0,0,1.12,81,34,645,0,0.14,219,232,-1,20,0,5.72,0,36,31.02,11.15,80,223,9.60,192,79,26.71,81,0.00,0.00,0.20,4,0.00,0.40,0.00,0.00,0,0.00,0.15,0.00,0.00,0.00,0.30,0.40,0.50,0.00,0.56,0.20,0.85,0.00,0.00,0.01,0.00,0.25,0.00,0.00,0,0,,4,0.20,54,0,0.00,29,4,0.56,70,6,15,4,63,0.00,99,0,6,0.83,65,8,92,1.11,72,0,0.00,99,0,0.00,0,0,0.00,0,0.56,70,17,2.36,96,8,1.11,47.06,0,0.00,0,0,0,0.00,0,10,0.00,94,1.39,14,N/A,N/A,N/A,N/A,0.00,0,0.00,0,0.18,0.00,0,86.10,0.00,29,99,0.00,0.00,0,91,31,0,0,0,0.00,0.00,0,26,114.45,0.75,2.09,15,1,0.00,0.14,1,0.05,0,0,0,0.00,0.00,0,0.00,0.00,0.00,0.00,0,0,0.00,41,19,69,39,95,0.52,35,0.03,0.07,0.18,32,0.01,0.03,93,9,0.45,1.25,0.97,0.35,85,7,0.03,32,9,76,82,0,59,57,0,0.00,99,5,0.00,0.70,13.08,4.70,94,45,96,96,6.26,2.25,47.87,3,0.42,29,0,50.00,0,0.00,99,4,0.20,0.56,83,6,99,97,0,0,0,0,0,22,39,57,51,0,99,61,74,52,1,5,30,14,0,0
Ole Sebastian Sundgot,25,979286400,2001/01/12,First Division,2026,Forward,Sandnes Ulf,1849,978,871,Norway,21,11,10,9,5,4,2,1,1,0,0,5,3,2,32,18,14,1,0,0.54,0.1,0.44,0.46,0.41,205,1.56,58,88,1849,925,0.05,40,139,-1,1,0,6.77,0.1,52,7.76,7.48,9,157,5.76,121,37,5.98,11,0.00,0.00,0.24,5,0.00,0.29,0.05,0.05,1,0.00,0.48,0.00,0.00,0.00,0.19,0.29,1.67,2.89,1.29,0.71,0.57,0.00,0.52,0.34,0.00,0.62,0.00,0.00,0,0,,26,1.24,81,11,0.54,82,15,0.74,81,4,0,21,69,0.00,99,0,4,0.20,20,6,64,0.30,36,0,0.00,99,0,0.00,0,0,0.00,0,0.25,40,12,0.59,66,6,0.30,50.00,0,0.00,0,0,0,0.00,0,35,0.00,60,1.73,38,N/A,N/A,N/A,N/A,0.00,0,0.00,0,7.13,0.00,0,77.07,42.31,69,99,0.00,0.00,0,61,40,1,0,0,0.10,0.10,2,45,142.14,0.14,0.15,3,0,0.00,0.00,99,0.00,0,1,0,0.00,0.00,0,0.00,0.00,0.40,0.38,8,0,34.62,81,93,99,52,62,1.53,39,0.07,0.08,6.43,84,0.31,0.32,34,6,0.29,0.30,0.54,0.52,57,11,0.35,85,80,14,82,0,91,51,0,0.00,99,13,0.00,0.64,5.83,5.62,118,38,25,46,1.88,1.81,32.20,10,0.49,23,0,33.33,0,0.00,99,2,0.10,0.10,43,99,36,89,0,1,0,5,0,77,88,88,86,0,99,65,99,25,1,5,30,9,0,0
Oliver Andreas Mengkrogen Madsen,23,1047456000,2003/03/12,First Division,2026,Goalkeeper,Ranheim,90,0,90,Norway,1,0,1,0,0,0,0,0,0,0,0,0,0,0,1,0,1,0,0,0,0,0,0,0,0,1,90,90,0,0,0,-1,-1,-1,16,0,7.05,0,36,41.00,41.00,92,41,34.00,34,62,34.00,91,0.00,0.00,0.00,0,0.00,0.00,0.00,0.00,0,0.00,0.00,0.00,0.00,4.00,1.00,0.00,5.00,0.00,0.00,0.00,0.00,0.00,0.00,0.00,0.00,0.00,0.00,0.00,0,0,,0,0.00,14,0,0.00,29,0,0.00,16,0,0,1,63,0.00,99,0,1,1.00,75,0,34,0.00,16,0,0.00,99,0,0.00,0,0,0.00,0,0.00,17,0,0.00,18,0,0.00,0.00,0,0.00,0,4,99,4.00,94,5,0.00,98,5.00,99,N/A,N/A,N/A,N/A,80.00,0,0.00,0,0.00,0.00,0,82.93,0.00,29,99,0.00,0.00,0,24,24,0,0,3,0.00,0.00,0,26,7.05,0.00,0.00,0,0,0.00,0.00,99,0.00,0,0,0,0.00,0.00,0,0.00,0.00,0.00,0.00,0,0,0.00,41,0,0,39,98,0.06,32,0.06,0.06,0.00,15,0.00,0.00,8,0,0.00,0.00,0.00,0.00,9,0,0.00,15,94,8,82,0,59,10,0,0.00,99,0,0.00,0.00,0.00,0.00,0,0,2,2,0.00,0.00,0.00,0,0.00,99,0,0.00,0,0.00,99,0,0.00,0.00,34,0,36,14,0,0,0,0,0,22,39,57,51,0,99,7,23,23,0,0,23,12,0,0
Oliver Hintsa,25,978336000,2001/01/01,First Division,2026,Forward,Sogndal,866,353,513,Sweden,12,5,7,4,2,2,6,5,1,0,0,1,1,0,21,8,13,1,0,1.04,0.62,0.42,0.51,0.35,217,2.18,41,72,866,144,0.1,46,5,-1,3,0,6.24,0.5,99,4.16,3.33,5,40,2.08,25,4,2.60,4,0.00,0.00,0.42,5,0.00,0.17,0.00,0.00,0,0.00,0.00,0.00,0.00,0.00,0.25,0.08,1.83,3.25,1.35,0.67,0.08,0.00,0.42,0.28,0.00,0.33,0.00,0.00,0,0,,13,1.08,83,5,0.52,80,8,0.83,87,4,2,10,63,0.00,99,0,3,0.31,24,2,92,0.21,30,0,0.00,99,0,0.00,0,0,0.00,0,0.52,66,1,0.10,28,1,0.10,100.00,0,0.00,0,0,0,0.00,0,22,0.00,22,2.29,68,N/A,N/A,N/A,N/A,0.00,0,0.00,0,3.37,0.00,0,62.50,38.46,62,99,0.00,0.00,0,34,99,0,0,0,0.08,0.10,1,45,74.85,0.08,0.10,1,0,0.00,0.00,99,0.00,0,0,0,0.00,0.00,0,0.00,0.00,0.00,0.00,0,0,30.77,76,32,20,55,22,3.40,95,0.28,0.35,3.37,87,0.28,0.35,35,3,0.25,0.31,0.31,0.25,31,3,0.35,85,23,12,82,0,59,38,0,0.00,99,4,0.00,0.42,2.29,1.83,22,10,14,12,1.04,0.83,45.45,0,0.00,99,0,50.00,0,0.00,99,1,0.08,0.10,43,33,59,89,0,1,0,8,0,97,86,85,87,0,99,22,86,37,1,8,39,9,0,0
Oliver Kvendbø Holden,21,1104566400,2005/01/01,First Division,2026,Midfielder,Ranheim,1627,846,781,Norway,21,11,10,5,2,3,8,5,3,0,0,1,1,0,45,23,22,2,0,0.72,0.44,0.28,0.21,0.35,325,2.49,36,77,814,203,0.11,71,21,-1,3,0,7.66,0.38,93,21.72,18.28,51,329,14.22,256,40,16.90,50,0.00,0.00,0.67,12,0.00,0.67,0.07,0.06,1,0.00,0.61,0.00,0.00,0.00,0.44,0.61,2.61,4.50,1.19,0.61,1.00,0.00,0.39,0.21,0.00,0.17,0.00,0.00,0,0,,18,1.00,78,7,0.46,75,11,0.73,80,7,2,19,77,0.00,99,0,8,0.53,40,12,50,0.79,63,0,0.00,99,0,0.00,0,0,0.00,0,0.79,83,18,1.19,86,11,0.73,61.11,0,0.00,0,0,0,0.00,0,47,0.00,9,3.10,91,N/A,N/A,N/A,N/A,0.00,0,0.00,0,3.81,0.00,0,77.81,38.89,62,99,0.00,0.00,0,83,49,0,0,0,0.00,0.00,0,26,137.80,0.44,0.53,8,0,0.00,0.00,99,0.00,0,0,0,0.00,0.00,0,0.00,0.00,0.00,0.00,0,0,22.22,64,78,99,63,10,4.83,94,0.27,0.32,3.81,78,0.21,0.25,80,13,0.72,0.86,0.99,0.83,86,15,0.25,75,99,34,82,0,59,24,0,0.00,99,3,0.00,0.20,7.53,6.33,114,50,66,67,3.30,2.78,43.86,11,0.73,9,0,25.00,0,0.00,99,3,0.17,0.20,59,84,59,99,0,0,0,0,0,87,77,85,68,0,99,13,84,41,2,10,50,8,0,0
Oliver Svenungsen Skau,20,1142150400,2006/03/12,First Division,2026,Defender,Odd,174,94,80,Norway,5,2,3,0,0,0,0,0,0,0,0,1,1,0,6,1,5,0,0,0,0,0,0,0,0,3.1,29,35,0,0,0,-1,-1,-1,21,0,3.69,0,36,15.34,6.00,31,30,4.80,24,50,12.27,32,0.00,0.00,0.00,0,0.00,0.20,0.51,0.20,1,0.00,0.20,0.00,0.00,0.00,0.80,0.40,1.20,0.00,0.00,0.00,0.40,0.00,0.00,0.00,0.00,0.40,0.00,0.00,0,0,,0,0.00,14,0,0.00,29,0,0.00,16,2,3,2,99,0.00,99,0,4,2.05,99,1,99,0.51,51,0,0.00,99,0,0.00,0,0,0.00,0,0.00,17,2,1.02,81,2,1.02,100.00,0,0.00,0,0,0,0.00,0,6,0.00,1,3.07,91,N/A,N/A,N/A,N/A,0.00,0,0.00,0,0.00,0.00,0,80.00,0.00,29,99,0.00,0.00,0,90,99,0,0,0,0.00,0.00,0,26,18.43,1.20,3.07,6,0,0.00,0.00,99,0.00,0,0,0,0.00,0.00,0,0.00,0.00,0.00,0.00,0,0,0.00,41,0,1,39,1,0.04,8,0.01,0.02,0.00,15,0.00,0.00,8,0,0.00,0.00,0.00,0.00,9,0,0.00,15,0,88,82,0,59,71,0,0.00,99,2,0.00,1.02,9.72,3.80,19,10,89,85,5.11,2.00,52.63,1,0.51,21,0,100.00,0,0.00,99,1,0.20,0.51,82,1,69,57,0,0,0,0,0,22,39,57,51,0,99,59,23,23,0,0,23,15,0,0
Oliver Toft Noreng,17,1223622000,2008/10/10,First Division,2026,Midfielder,Egersund,5,5,0,Norway,2,1,1,0,0,0,0,0,0,0,0,1,1,0,0,0,0,0,0,0,0,0,0,0,0,0,0,3,0,0,0,-1,-1,-1,17,0,4.38,0,36,9.00,1.00,12,3,0.67,2,8,6.00,12,0.00,0.00,0.00,0,0.00,0.33,0.00,0.00,0,0.00,0.00,0.00,0.00,0.00,0.00,0.00,0.33,0.00,3.00,0.33,0.00,0.00,0.00,0.02,0.00,0.33,0.00,0.00,0,0,,1,0.33,99,0,0.00,29,1,3.00,99,0,2,0,63,0.00,99,0,0,0.00,6,1,34,3.00,98,0,0.00,99,0,0.00,0,0,0.00,0,0.00,17,0,0.00,18,0,0.00,0.00,0,0.00,0,0,0,0.00,0,1,0.00,99,3.00,90,N/A,N/A,N/A,N/A,0.00,0,0.00,0,0.05,0.00,0,66.67,0.00,29,99,0.00,0.00,0,24,24,0,0,0,0.00,0.00,0,26,13.14,0.00,0.00,0,0,0.00,0.00,99,0.00,0,0,0,0.00,0.00,0,0.00,0.00,0.00,0.00,0,0,0.00,41,0,0,39,0,0.00,3,0.00,0.00,0.05,69,0.02,0.15,99,1,0.33,3.00,0.00,0.00,9,0,0.15,68,0,8,82,0,59,99,0,0.00,99,1,0.00,3.00,12.00,1.33,4,3,99,93,9.00,1.00,75.00,0,0.00,99,0,0.00,0,0.00,99,0,0.00,0.00,34,0,59,14,0,0,0,0,0,22,39,57,51,0,99,99,23,23,0,0,23,23,0,0
Omar Jebali,26,950947200,2000/02/19,First Division,2026,Defender,Moss,530,270,260,Tunisia,6,3,3,0,0,0,1,0,1,0,0,0,0,0,12,6,6,2,1,0.17,0.17,0,0,0,0,2.04,44,88,265,530,0.34,204,92,83,15,0,6.66,0.17,68,63.51,62.33,99,374,54.50,327,84,55.53,99,0.00,0.00,0.50,3,0.00,1.17,0.00,0.00,0,0.00,0.17,0.00,0.00,0.00,1.67,0.00,2.00,0.00,0.51,0.33,0.00,0.00,0.17,0.04,0.00,2.83,0.00,0.00,0,0,,3,0.50,50,1,0.17,55,2,0.34,51,3,0,6,63,0.00,99,0,10,1.70,96,7,97,1.19,74,0,0.00,99,0,0.00,0,0,0.00,0,0.51,65,0,0.00,18,0,0.00,0.00,0,0.00,0,0,0,0.00,0,12,0.00,32,2.04,56,N/A,N/A,N/A,N/A,0.00,0,0.00,0,0.26,0.00,0,87.43,33.33,56,99,0.00,0.00,0,24,24,0,0,0,1.50,1.53,9,99,39.97,4.33,4.42,26,0,0.00,0.00,99,0.00,0,0,0,0.00,0.00,0,0.00,0.00,0.00,0.00,0,0,0.00,41,11,2,39,33,1.36,86,0.23,0.23,0.26,36,0.04,0.04,37,2,0.33,0.34,1.53,1.50,99,9,0.04,35,70,99,82,0,59,99,0,0.00,99,17,0.00,2.89,9.00,8.83,53,32,92,81,5.43,5.33,60.38,1,0.17,55,0,71.43,0,0.00,99,5,0.83,0.85,94,16,36,79,0,0,0,0,0,48,39,57,51,0,99,7,32,92,1,17,77,5,0,0
Onni Helen,20,1137657600,2006/01/19,First Division,2026,Forward,Sogndal,1010,357,653,Finland,21,10,11,2,1,1,5,2,3,0,0,2,2,0,24,4,20,3,0,0.62,0.45,0.18,0.25,0.14,505,2.14,42,48,337,202,0.27,88,18,-1,7,0,6.21,0.24,95,9.13,5.26,13,100,3.37,64,6,5.84,10,0.00,0.00,0.21,4,0.00,0.32,0.00,0.00,0,0.00,0.32,0.00,0.00,0.00,0.11,0.11,1.53,8.00,1.46,0.53,0.21,0.00,0.32,0.13,0.00,1.63,0.00,0.00,0,0,,16,0.84,85,6,0.55,84,10,0.91,88,3,9,10,63,0.00,99,0,2,0.18,18,6,92,0.55,54,0,0.00,99,0,0.00,0,0,0.00,0,0.37,53,4,0.37,53,2,0.18,50.00,0,0.00,0,0,0,0.00,0,29,0.00,25,2.65,82,N/A,N/A,N/A,N/A,0.00,0,0.00,0,2.41,0.00,0,64.00,37.50,61,99,0.00,0.00,0,46,40,0,0,0,0.05,0.09,1,40,117.99,0.26,0.46,5,0,0.00,0.00,99,0.00,0,0,0,0.00,0.00,0,0.00,0.00,0.55,0.32,6,0,12.50,49,37,99,69,27,1.94,72,0.10,0.18,2.41,75,0.13,0.22,95,16,0.84,1.46,1.10,0.63,89,12,0.22,73,22,29,82,0,97,98,0,0.00,99,31,0.00,2.83,11.32,6.53,124,52,88,91,4.75,2.74,41.94,6,0.55,18,0,50.00,0,0.00,99,3,0.16,0.27,63,33,94,79,0,0,0,0,0,82,71,68,74,0,99,29,40,85,3,14,67,15,0,0
Oscar Aga,25,978768000,2001/01/06,First Division,2026,Forward,Moss,1077,486,591,Norway,15,7,8,10,6,4,2,0,2,0,0,0,0,0,29,11,18,1,0,1,0.17,0.84,1.11,0.61,108,2.42,37,72,1077,539,0.08,8,95,-1,1,0,6.91,0.13,68,10.53,8.19,18,131,5.56,89,9,7.15,16,0.00,0.00,0.38,6,0.00,0.25,0.00,0.00,0,0.00,0.38,0.00,0.00,0.00,0.06,0.12,1.94,2.20,1.77,0.75,0.12,0.00,0.62,0.47,0.00,0.25,0.00,0.00,0,0,,22,1.38,92,10,0.80,91,12,0.96,89,4,3,12,63,0.00,99,0,1,0.08,7,4,50,0.32,39,0,0.00,99,0,0.00,0,0,0.00,0,0.48,63,2,0.16,35,2,0.16,100.00,0,0.00,0,0,0,0.00,0,31,0.00,12,2.49,76,N/A,N/A,N/A,N/A,0.00,0,0.00,0,7.45,0.00,0,67.94,45.45,77,99,0.00,0.00,0,45,99,3,0,0,0.19,0.24,3,71,110.51,0.25,0.32,4,0,0.00,0.00,99,0.00,0,3,1,0.06,0.08,0,0.00,0.00,0.72,0.56,9,1,45.45,88,41,33,42,12,1.51,55,0.09,0.12,5.35,91,0.33,0.43,43,5,0.31,0.40,0.32,0.25,34,4,0.60,96,88,23,93,0,99,30,0,0.00,99,4,0.00,0.32,4.58,3.56,57,17,18,30,1.37,1.06,29.82,6,0.48,25,0,25.00,0,0.00,99,1,0.06,0.08,39,40,69,89,0,0,0,0,0,95,98,93,99,0,99,7,93,31,1,7,36,9,0,0
Oscar Forsmo Kapskarmo,26,947059200,2000/01/05,First Division,2026,Forward,Egersund,1399,769,630,Norway,16,9,7,5,4,1,1,1,0,0,0,6,5,1,24,6,18,4,0,0.39,0.06,0.32,0.47,0.14,280,1.54,58,87,350,1399,0.26,62,154,-1,2,0,7.09,0.06,45,10.46,10.13,18,152,7.67,115,31,7.91,19,0.00,0.00,0.20,3,0.00,0.13,0.00,0.00,0,0.00,0.40,0.00,0.00,0.00,0.20,0.13,1.67,4.75,1.31,0.80,0.27,0.00,0.47,0.25,0.00,2.60,0.00,0.00,0,0,,19,1.27,82,7,0.48,78,12,0.83,87,3,0,16,63,0.00,99,0,3,0.21,21,2,34,0.14,23,0,0.00,99,0,0.00,0,0,0.00,0,0.21,37,4,0.28,46,2,0.14,50.00,0,0.00,0,0,0,0.00,0,25,0.00,62,1.72,36,N/A,N/A,N/A,N/A,0.00,0,0.00,0,3.82,0.00,0,75.66,36.84,59,99,0.00,0.00,0,41,40,1,0,0,0.00,0.00,0,26,106.42,0.47,0.48,7,0,0.00,0.00,99,0.00,0,1,1,0.07,0.07,0,0.00,0.00,0.21,0.20,3,0,21.05,61,58,42,61,62,0.93,32,0.06,0.06,3.12,75,0.21,0.21,61,9,0.60,0.62,0.89,0.87,80,13,0.26,77,95,30,92,0,87,98,0,0.00,99,39,0.00,2.68,9.22,8.93,134,63,83,83,4.33,4.20,47.01,6,0.41,32,0,0.00,0,0.00,99,0,0.00,0.00,34,61,36,79,0,1,0,6,0,67,79,68,86,0,99,97,42,83,4,25,92,9,0,0
Oscar Gadeberg-Buur,19,1162105200,2006/10/29,First Division,2026,Goalkeeper,Hødd,180,0,180,Denmark,2,0,2,0,0,0,0,0,0,0,0,0,0,0,5,0,5,0,0,0,0,0,0,0,0,2.5,36,90,0,0,0,-1,-1,-1,21,0,7.47,0,36,40.00,40.00,91,80,33.50,67,66,33.50,91,0.00,0.00,0.00,0,0.00,0.00,0.00,0.00,0,0.00,0.00,0.00,0.00,4.50,0.00,0.00,5.50,0.00,0.00,0.00,0.00,0.00,0.00,0.00,0.00,0.50,0.00,0.00,0,0,,0,0.00,14,0,0.00,29,0,0.00,16,0,0,2,63,0.00,99,0,0,0.00,6,0,34,0.00,16,0,0.00,99,0,0.00,0,0,0.00,0,0.00,17,0,0.00,18,0,0.00,0.00,0,0.00,0,9,99,4.50,99,11,0.00,9,5.50,99,N/A,N/A,N/A,N/A,81.82,0,0.00,0,0.00,0.00,0,83.75,0.00,29,99,0.00,0.00,0,24,24,0,0,8,0.00,0.00,0,26,14.95,0.00,0.00,0,0,0.00,0.00,99,0.00,1,0,0,0.00,0.00,0,0.00,0.00,0.00,0.00,0,0,0.00,41,0,0,39,10,0.15,35,0.07,0.07,0.00,15,0.00,0.00,51,1,0.50,0.50,0.00,0.00,9,0,0.00,15,98,8,82,0,59,41,0,0.00,99,1,0.00,0.50,0.50,0.50,1,1,11,9,0.50,0.50,100.00,0,0.00,99,0,0.00,0,0.00,99,0,0.00,0.00,34,1,36,14,0,0,0,0,0,22,39,57,51,0,99,7,23,23,0,0,23,25,0,0
Oscar Solnørdal,23,1035356400,2002/10/23,First Division,2026,Midfielder,Stabæk,1526,675,851,Norway,20,9,11,0,0,0,4,2,2,0,0,8,4,4,19,7,12,4,0,0.24,0.24,0,0,0,0,1.12,80,76,382,382,0.24,256,75,-1,21,0,6.50,0.2,77,30.70,26.25,79,525,23.35,467,90,27.31,82,0.00,0.00,0.40,8,0.00,0.45,0.00,0.00,0,0.00,0.25,0.00,0.00,0.00,0.55,0.15,1.00,0.00,0.23,0.15,0.15,0.00,0.05,0.02,0.00,0.20,0.00,0.00,0,0,,4,0.20,31,1,0.06,35,3,0.18,34,5,3,17,63,0.00,99,0,11,0.64,51,9,64,0.53,53,0,0.00,99,0,0.00,0,0,0.00,0,0.47,62,3,0.18,38,3,0.18,100.00,0,0.00,0,0,0,0.00,0,20,0.00,94,1.17,2,N/A,N/A,N/A,N/A,0.00,0,0.00,0,0.33,0.00,0,88.95,25.00,43,99,0.00,0.00,0,46,99,0,0,0,0.05,0.06,1,33,130.02,0.50,0.58,10,0,0.00,0.00,99,0.00,0,0,0,0.00,0.00,0,0.00,0.00,0.00,0.00,0,0,0.00,41,68,84,39,94,3.66,80,0.18,0.21,0.33,28,0.02,0.02,58,10,0.50,0.58,1.35,1.15,95,23,0.02,28,52,38,82,0,59,26,0,0.00,99,4,0.00,0.23,6.49,5.55,111,37,31,54,2.16,1.85,33.33,5,0.29,41,0,33.33,0,0.00,99,3,0.15,0.18,57,67,69,95,0,0,0,0,0,58,39,57,51,0,99,99,44,81,4,20,86,7,0,0
Oscar Yohannes Essayas,16,1257840000,2009/11/10,First Division,2026,Midfielder,Odd,0,0,0,Norway,0,0,0,0,0,0,0,0,0,0,0,0,0,0,0,0,0,0,0,0,0,0,0,0,0,0,0,0,0,0,0,-1,-1,-1,-1,N/A,N/A,N/A,N/A,N/A,N/A,N/A,N/A,N/A,N/A,N/A,N/A,N/A,N/A,N/A,N/A,N/A,N/A,N/A,N/A,N/A,N/A,N/A,N/A,N/A,N/A,N/A,N/A,N/A,N/A,N/A,N/A,N/A,N/A,N/A,N/A,N/A,N/A,N/A,N/A,N/A,N/A,N/A,N/A,N/A,N/A,N/A,N/A,N/A,N/A,N/A,N/A,N/A,N/A,N/A,N/A,N/A,N/A,N/A,N/A,N/A,N/A,N/A,N/A,N/A,N/A,N/A,N/A,N/A,N/A,N/A,N/A,N/A,N/A,N/A,N/A,N/A,N/A,N/A,N/A,N/A,N/A,N/A,N/A,N/A,N/A,N/A,N/A,N/A,N/A,N/A,N/A,N/A,N/A,N/A,N/A,N/A,N/A,N/A,N/A,N/A,N/A,N/A,N/A,N/A,N/A,N/A,N/A,N/A,N/A,N/A,N/A,N/A,N/A,N/A,N/A,N/A,N/A,N/A,N/A,N/A,N/A,N/A,N/A,N/A,N/A,N/A,N/A,N/A,N/A,N/A,N/A,N/A,N/A,N/A,N/A,N/A,N/A,N/A,N/A,N/A,N/A,N/A,N/A,N/A,N/A,N/A,N/A,N/A,N/A,N/A,N/A,N/A,N/A,N/A,N/A,N/A,N/A,N/A,N/A,N/A,N/A,N/A,N/A,N/A,N/A,N/A,N/A,N/A,N/A,N/A,N/A,N/A,N/A,N/A,N/A,N/A,N/A,N/A,N/A,N/A,N/A,N/A,N/A,N/A,N/A,N/A,N/A,N/A,N/A,N/A,N/A,N/A,N/A,N/A,N/A,N/A,N/A,N/A,N/A,N/A,N/A,N/A,N/A,N/A,N/A,N/A,N/A,N/A,N/A,N/A,N/A,N/A,N/A,N/A,N/A,N/A,N/A,N/A,N/A,N/A,N/A,N/A,N/A
Oskar Boesen,21,1115276400,2005/05/05,First Division,2026,Midfielder,Stabæk,68,27,41,Denmark,4,2,2,0,0,0,0,0,0,0,0,1,1,0,1,0,1,0,0,0,0,0,0,0,0,1.32,68,17,0,0,0,-1,-1,-1,19,0,4.92,0,36,67.50,12.75,99,51,10.50,42,61,55.59,99,0.00,0.00,0.25,1,0.00,0.00,0.00,0.00,0,0.00,0.25,0.00,0.00,0.00,0.25,0.25,0.25,0.00,3.97,0.75,0.25,0.00,0.00,0.04,0.00,0.00,0.00,0.00,0,0,,3,0.75,99,0,0.00,29,3,3.97,99,0,4,0,63,0.00,99,0,1,1.32,86,0,34,0.00,16,0,0.00,99,0,0.00,0,0,0.00,0,1.32,96,1,1.32,88,1,1.32,100.00,0,0.00,0,0,0,0.00,0,1,0.00,79,1.32,10,N/A,N/A,N/A,N/A,0.00,0,0.00,0,0.17,0.00,0,82.35,0.00,29,99,0.00,0.00,0,94,99,0,0,0,0.00,0.00,0,26,19.68,0.00,0.00,0,0,0.00,0.00,99,0.00,0,0,0,0.00,0.00,0,0.00,0.00,0.00,0.00,0,0,0.00,41,0,0,39,79,0.11,64,0.03,0.15,0.17,76,0.04,0.23,8,0,0.00,0.00,0.00,0.00,9,0,0.23,73,2,8,82,0,59,10,0,0.00,99,0,0.00,0.00,10.59,2.00,8,5,97,89,6.62,1.25,62.50,1,1.32,2,0,0.00,0,0.00,99,0,0.00,0.00,34,0,73,14,0,0,0,0,0,22,39,57,51,0,99,70,23,23,0,0,23,20,0,0
Oskar Dæhli Oppedal,18,1202198400,2008/02/05,First Division,2026,Forward,Stabæk,0,0,0,Norway,1,0,1,0,0,0,0,0,0,0,0,1,0,1,0,0,0,0,0,0,0,0,0,0,0,0,0,0,0,0,0,-1,-1,-1,-1,0,0.00,0,36,0.00,0.00,2,0,0.00,0,2,0.00,2,0.00,0.00,0.00,0,0.00,0.00,0.00,0.00,0,0.00,0.00,0.00,0.00,0.00,0.00,0.00,0.00,0.00,0.00,0.00,0.00,0.00,0.00,0.00,0.00,0.00,0.00,0.00,0,0,,0,0.00,14,0,0.00,29,0,0.00,16,0,1,0,63,0.00,99,0,0,0.00,6,0,34,0.00,16,0,0.00,99,0,0.00,0,0,0.00,0,0.00,17,0,0.00,18,0,0.00,0.00,0,0.00,0,0,0,0.00,0,0,0.00,99,0.00,0,N/A,N/A,N/A,N/A,0.00,0,0.00,0,0.00,0.00,0,0.00,0.00,29,99,0.00,0.00,0,24,24,0,0,0,0.00,0.00,0,26,0.00,0.00,0.00,0,0,0.00,0.00,99,0.00,0,0,0,0.00,0.00,0,0.00,0.00,0.00,0.00,0,0,0.00,41,0,0,39,0,0.00,3,0.00,0.00,0.00,15,0.00,0.00,8,0,0.00,0.00,0.00,0.00,9,0,0.00,15,0,8,82,0,59,10,0,0.00,99,0,0.00,0.00,0.00,0.00,0,0,2,2,0.00,0.00,0.00,0,0.00,99,0,0.00,0,0.00,99,0,0.00,0.00,34,0,48,14,0,0,0,0,0,22,39,57,51,0,99,99,23,23,0,0,23,18,0,0
Pål Engseth Lie,19,1174374000,2007/03/20,First Division,2026,Defender,Haugesund,14,3,11,Norway,2,1,1,0,0,0,0,0,0,0,0,0,0,0,0,0,0,0,0,0,0,0,0,0,0,0,0,7,0,0,0,-1,-1,-1,17,0,4.22,0,36,31.03,3.33,80,10,2.33,7,13,21.72,66,0.00,0.00,0.00,0,0.00,0.00,0.00,0.00,0,0.00,0.00,0.00,0.00,0.00,0.33,0.00,0.33,0.00,0.00,0.00,0.00,0.00,0.00,0.00,0.00,0.33,0.00,0.00,0,0,,0,0.00,14,0,0.00,29,0,0.00,16,0,2,0,63,0.00,99,0,1,3.10,99,0,34,0.00,16,0,0.00,99,0,0.00,0,0,0.00,0,0.00,17,0,0.00,18,0,0.00,0.00,0,0.00,0,0,0,0.00,0,1,0.00,99,3.10,91,N/A,N/A,N/A,N/A,0.00,0,0.00,0,0.00,0.00,0,70.00,0.00,29,99,0.00,0.00,0,24,24,0,0,0,0.00,0.00,0,26,12.66,0.67,6.21,2,0,0.00,0.00,99,0.00,0,0,0,0.00,0.00,0,0.00,0.00,0.00,0.00,0,0,0.00,41,0,0,39,0,0.02,32,0.01,0.06,0.00,15,0.00,0.00,99,1,0.33,3.10,3.10,0.33,99,1,0.00,15,0,99,82,0,59,99,0,0.00,99,1,0.00,3.10,27.93,3.00,9,5,99,99,15.52,1.67,55.56,0,0.00,99,0,0.00,0,0.00,99,0,0.00,0.00,34,0,59,14,0,0,0,0,0,22,39,57,51,0,99,7,23,23,0,0,23,44,0,0
Parfait Bizoza,27,920448000,1999/03/03,First Division,2026,Midfielder,Haugesund,218,19,199,Norway,7,3,4,1,0,1,0,0,0,0,0,2,1,1,4,0,4,2,0,0.41,0,0.41,0,0.45,218,1.65,55,31,109,0,0.83,-1,-1,-1,12,0,6.39,0,36,0.00,0.00,2,0,0.00,0,2,0.00,2,0.00,0.00,0.00,0,0.00,0.00,0.00,0.00,0,0.00,0.00,0.00,0.00,0.00,0.00,0.00,1.17,0.00,0.00,0.00,0.00,0.00,0.00,0.10,0.00,0.00,0.00,0.00,0,0,,0,0.00,14,0,0.00,29,0,0.00,16,0,6,1,63,0.00,99,0,0,0.00,6,0,34,0.00,16,0,0.00,99,0,0.00,0,0,0.00,0,0.00,17,0,0.00,18,0,0.00,0.00,0,0.00,0,0,0,0.00,0,7,0.00,51,2.94,89,N/A,N/A,N/A,N/A,0.00,0,0.00,0,0.63,0.00,0,0.00,0.00,29,99,0.00,0.00,0,24,24,0,0,0,0.00,0.00,0,26,38.37,0.00,0.00,0,0,0.00,0.00,99,0.00,0,0,0,0.00,0.00,0,0.00,0.00,0.00,0.00,0,0,0.00,41,0,5,55,53,0.00,3,0.00,0.00,0.63,79,0.10,0.26,8,0,0.00,0.00,0.00,0.00,9,0,0.26,77,39,8,82,0,59,10,0,0.00,99,0,0.00,0.00,0.00,0.00,0,0,2,2,0.00,0.00,0.00,0,0.00,99,0,0.00,0,0.00,99,0,0.00,0.00,34,0,84,14,0,0,0,0,0,68,85,89,51,0,99,81,23,99,2,29,95,6,0,0
Patrick André Wik,21,1096959600,2004/10/05,First Division,2026,Defender,Bryne,1617,799,818,Norway,19,9,10,0,0,0,1,0,1,0,0,5,2,3,20,10,10,5,0,0.06,0.06,0,0,0,0,1.11,81,85,323,1617,0.28,270,162,9,18,0,6.35,0.05,45,28.05,26.53,69,504,22.79,433,77,24.10,73,0.00,0.00,0.16,3,0.00,0.32,0.00,0.00,0,0.00,0.00,0.00,0.00,0.00,0.84,0.00,1.32,0.00,0.11,0.11,0.05,0.00,0.00,0.01,0.00,0.95,0.00,0.00,0,0,,2,0.11,20,0,0.00,29,2,0.11,25,1,1,18,63,0.00,99,0,16,0.89,70,6,38,0.33,39,0,0.00,99,0,0.00,0,0,0.00,0,0.17,32,1,0.06,23,0,0.00,0.00,0,0.00,0,0,0,0.00,0,25,0.00,95,1.39,14,N/A,N/A,N/A,N/A,0.00,0,0.00,0,0.10,0.00,0,85.91,0.00,29,99,0.00,0.00,0,24,24,0,0,0,0.16,0.17,3,59,120.68,2.11,2.23,40,0,0.00,0.00,99,0.00,0,0,0,0.00,0.00,0,0.00,0.00,0.00,0.00,0,0,0.00,41,76,69,39,95,1.54,43,0.08,0.09,0.10,23,0.01,0.01,33,5,0.26,0.28,0.39,0.37,42,7,0.01,23,33,77,82,0,59,71,0,0.00,99,18,0.00,1.00,4.84,4.58,87,36,27,35,2.00,1.89,41.38,0,0.00,99,0,16.67,0,0.00,99,1,0.05,0.06,36,75,48,38,0,0,0,0,0,28,39,57,51,0,99,72,38,86,5,26,93,3,0,0
Patrik Andersen,21,1107072000,2005/01/30,First Division,2026,Defender,Moss,908,451,457,Norway,16,7,9,0,0,0,1,0,1,0,0,0,0,0,16,7,9,1,0,0.1,0.1,0,0,0,0,1.59,57,57,908,908,0.1,174,147,52,23,0,6.57,0.06,52,29.07,19.06,73,324,16.06,273,68,24.50,75,0.00,0.00,0.18,3,0.00,0.29,0.00,0.00,0,0.00,0.00,0.00,0.00,0.00,0.94,0.00,1.12,0.00,0.54,0.35,0.12,0.00,0.00,0.02,0.00,0.41,0.00,0.00,0,0,,6,0.35,52,0,0.00,29,6,0.54,68,3,5,11,63,0.00,99,0,16,1.44,88,5,39,0.45,48,0,0.00,99,0,0.00,0,0,0.00,0,0.27,45,2,0.18,38,0,0.00,0.00,0,0.00,0,0,0,0.00,0,19,0.00,57,1.70,35,N/A,N/A,N/A,N/A,0.00,0,0.00,0,0.32,0.00,0,84.26,0.00,29,99,0.00,0.00,0,24,24,0,0,0,0.18,0.27,3,76,111.63,1.82,2.78,31,0,0.00,0.00,99,0.00,0,0,1,0.06,0.09,0,0.00,0.00,0.00,0.00,0,0,0.00,41,33,42,39,58,1.25,50,0.07,0.11,0.32,32,0.02,0.03,31,3,0.18,0.27,0.18,0.12,16,2,0.03,32,59,86,95,0,59,49,0,0.00,99,7,0.00,0.63,3.50,2.29,39,22,27,19,1.97,1.29,56.41,0,0.00,99,0,20.00,0,0.00,99,1,0.06,0.09,41,38,80,79,0,0,0,0,0,33,39,57,51,0,99,7,87,37,1,6,34,17,0,0
Pawel Chrupalla,23,1047801600,2003/03/16,First Division,2026,Forward,Egersund,149,77,72,Poland,7,3,4,1,0,1,0,0,0,0,0,3,2,1,3,0,3,0,0,0.6,0,0.6,0,1.25,149,1.81,50,21,0,0,0,-1,-1,-1,13,0,3.95,0,36,0.00,0.00,2,0,0.00,0,2,0.00,2,0.00,0.00,0.00,0,0.00,0.00,0.00,0.00,0,0.00,0.00,0.00,0.00,0.00,0.00,0.00,0.60,0.00,0.00,0.00,0.00,0.00,0.00,0.12,0.00,0.00,0.00,0.00,0,0,,0,0.00,14,0,0.00,29,0,0.00,16,3,6,1,63,0.00,99,0,0,0.00,6,0,34,0.00,16,0,0.00,99,0,0.00,0,0,0.00,0,0.00,17,0,0.00,18,0,0.00,0.00,0,0.00,0,0,0,0.00,0,3,0.00,44,1.99,51,N/A,N/A,N/A,N/A,0.00,0,0.00,0,0.58,0.00,0,0.00,0.00,29,99,0.00,0.00,0,24,24,0,0,0,0.00,0.00,0,26,19.74,0.20,0.66,1,0,0.00,0.00,99,0.00,0,0,0,0.00,0.00,0,0.00,0.00,0.00,0.00,0,0,0.00,41,0,5,46,44,0.00,3,0.00,0.00,0.58,88,0.12,0.38,8,0,0.00,0.00,0.00,0.00,9,0,0.38,87,0,41,82,0,59,10,0,0.00,99,0,0.00,0.00,0.66,0.20,1,0,2,10,0.00,0.00,0.00,0,0.00,99,0,0.00,0,0.00,99,0,0.00,0.00,34,0,84,79,0,0,0,0,0,80,93,99,51,0,99,99,23,23,0,0,23,28,0,0
Paya Pichkah,26,953625600,2000/03/21,First Division,2026,Midfielder,Bryne,1364,700,664,Sweden,16,8,8,0,0,0,1,1,0,0,0,4,2,2,18,10,8,4,0,0.07,0.07,0,0,0,0,1.19,76,85,341,1364,0.26,267,152,-1,21,0,6.43,0.06,46,17.10,16.19,38,259,13.56,217,66,14.33,43,0.00,0.00,0.00,0,0.00,0.00,0.07,0.06,1,0.00,0.12,0.00,0.00,0.00,0.94,0.12,1.38,0.00,0.13,0.06,0.19,0.00,0.06,0.01,0.00,0.56,0.00,0.00,0,0,,2,0.12,22,1,0.07,38,1,0.07,22,3,0,16,77,0.00,99,0,15,0.99,75,0,34,0.00,16,0,0.00,99,0,0.00,0,0,0.00,0,0.00,17,3,0.20,41,2,0.13,66.67,0,0.00,0,0,0,0.00,0,22,0.00,92,1.45,19,N/A,N/A,N/A,N/A,0.00,0,0.00,0,0.21,0.00,0,83.78,50.00,86,99,0.00,0.00,0,39,59,0,0,0,0.06,0.07,1,36,102.83,0.81,0.86,13,0,0.00,0.00,99,0.00,0,0,0,0.00,0.00,0,0.00,0.00,0.07,0.06,1,0,0.00,41,55,42,39,92,1.04,35,0.07,0.07,0.21,23,0.01,0.01,29,4,0.25,0.26,0.59,0.56,59,9,0.01,23,42,49,82,0,70,47,0,0.00,99,9,0.00,0.59,4.09,3.88,62,23,21,25,1.52,1.44,37.10,2,0.13,62,0,0.00,0,0.00,99,0,0.00,0.00,34,61,36,79,0,0,0,0,0,31,39,57,51,0,99,70,41,83,4,25,92,77,0,0
Peder Brekke,21,1108713600,2005/02/18,First Division,2026,Forward,Sandnes Ulf,339,227,112,Norway,11,6,5,2,1,1,0,0,0,0,0,3,2,1,9,6,3,0,0,0.53,0,0.53,0.4,0.8,170,2.39,38,31,0,0,0,28,263,-1,5,0,6.55,0,36,25.41,8.73,62,96,7.27,80,65,21.18,64,0.00,0.00,0.18,2,0.00,0.64,0.00,0.00,0,0.00,0.36,0.00,0.00,0.00,0.64,0.18,1.09,3.50,1.85,0.36,0.27,0.00,0.27,0.16,0.00,0.00,0.00,0.00,0,0,,7,0.64,93,3,0.79,90,4,1.06,91,3,8,3,63,0.00,99,0,7,1.85,97,7,54,1.85,87,0,0.00,99,0,0.00,0,0,0.00,0,0.53,66,3,0.79,73,2,0.53,66.67,0,0.00,0,0,0,0.00,0,12,0.00,12,3.18,92,N/A,N/A,N/A,N/A,0.00,0,0.00,0,1.71,0.00,0,83.33,42.86,74,99,0.00,0.00,0,72,59,0,0,0,0.36,1.06,4,99,72.05,0.27,0.79,3,0,0.00,0.00,99,0.00,0,0,0,0.00,0.00,0,0.00,0.00,0.00,0.00,0,0,28.57,75,0,17,47,13,0.23,32,0.02,0.06,1.71,92,0.16,0.45,86,4,0.36,1.06,0.53,0.18,55,2,0.45,91,56,45,82,0,59,10,0,0.00,99,0,0.00,0.00,11.38,3.91,43,16,82,92,4.24,1.45,37.21,4,1.06,3,0,28.57,0,0.00,99,2,0.18,0.53,82,2,92,79,0,0,0,0,0,76,92,96,83,0,99,74,23,23,0,0,23,14,0,0
Peder Herman Jorsett Udnæs,21,1122879600,2005/08/01,First Division,2026,Defender,Kongsvinger,167,66,101,Norway,10,4,6,2,1,1,1,1,0,0,0,1,0,1,2,2,0,2,1,1.62,0.54,1.08,1.36,0.89,84,1.08,84,17,84,167,1.08,-1,-1,-1,9,0,5.95,0.1,98,24.58,5.17,60,62,3.67,44,16,17.44,52,0.00,0.00,0.33,4,0.00,0.33,0.00,0.00,0,0.00,0.00,0.00,0.00,0.00,0.17,0.00,0.33,3.50,2.78,0.33,0.00,0.00,0.25,0.14,0.00,0.00,0.00,0.00,0,0,,7,0.58,99,3,1.19,98,4,1.59,98,0,9,1,63,0.00,99,0,2,0.79,62,4,50,1.59,83,0,0.00,99,0,0.00,0,0,0.00,0,1.59,99,0,0.00,18,0,0.00,0.00,0,0.00,0,0,0,0.00,0,4,0.00,98,1.59,29,N/A,N/A,N/A,N/A,0.00,0,0.00,0,1.73,0.00,0,70.97,42.86,74,99,0.00,0.00,0,24,24,0,0,0,0.08,0.40,1,85,71.43,0.25,1.19,3,0,0.00,0.00,99,0.00,0,0,0,0.00,0.00,0,0.00,0.00,0.00,0.00,0,0,28.57,75,0,12,40,98,0.83,94,0.07,0.33,1.73,98,0.14,0.69,8,0,0.00,0.00,1.19,0.25,91,3,0.69,98,13,59,82,0,59,10,0,0.00,99,0,0.00,0.00,6.74,1.42,17,5,27,57,1.98,0.42,29.41,0,0.00,99,0,25.00,0,0.00,99,1,0.08,0.40,73,0,94,14,0,0,0,0,0,99,99,98,99,0,99,29,23,99,1,10,50,16,0,0
Peder Hoel Lervik,21,1114326000,2005/04/24,First Division,2026,Goalkeeper,Åsane,270,90,180,Norway,3,1,2,0,0,0,0,0,0,0,0,0,0,0,11,5,6,0,0,0,0,0,0,0,0,3.67,25,90,0,0,0,-1,-1,-1,20,0,5.46,0,36,0.00,0.00,2,0,0.00,0,2,0.00,2,0.00,0.00,0.00,0,0.00,0.00,0.00,0.00,0,0.00,0.00,0.00,0.00,0.00,0.00,0.00,3.67,0.00,0.00,0.00,0.00,0.00,0.00,0.00,0.00,0.00,0.00,0.00,0,0,,0,0.00,14,0,0.00,29,0,0.00,16,0,0,3,63,0.00,99,0,0,0.00,6,0,34,0.00,16,0,0.00,99,0,0.00,0,0,0.00,0,0.00,17,0,0.00,18,0,0.00,0.00,0,0.00,0,0,0,0.00,0,11,0.00,1,3.67,95,N/A,N/A,N/A,N/A,0.00,0,0.00,0,0.00,0.00,0,0.00,0.00,29,99,0.00,0.00,0,24,24,0,0,0,0.00,0.00,0,26,16.37,0.00,0.00,0,0,0.00,0.00,99,0.00,0,0,0,0.00,0.00,0,0.00,0.00,0.00,0.00,0,0,0.00,41,0,0,39,1,0.00,3,0.00,0.00,0.00,15,0.00,0.00,8,0,0.00,0.00,0.00,0.00,9,0,0.00,15,5,8,82,0,59,10,0,0.00,99,0,0.00,0.00,0.00,0.00,0,0,2,2,0.00,0.00,0.00,0,0.00,99,0,0.00,0,0.00,99,0,0.00,0.00,34,2,36,14,0,0,0,0,0,22,39,57,51,0,99,7,23,23,0,0,23,24,0,0
Per Kristian Bråtveit,30,824371200,1996/02/15,First Division,2026,Goalkeeper,Haugesund,182,46,136,Norway,3,1,2,0,0,0,0,0,0,0,0,0,0,0,4,1,3,0,0,0,0,0,0,0,0,1.98,46,61,0,0,0,-1,-1,-1,15,0,6.89,0,36,32.64,22.00,83,66,17.00,51,38,25.22,77,0.00,0.00,0.00,0,0.00,0.00,0.00,0.00,0,0.00,0.00,0.00,0.00,3.33,0.67,0.33,5.00,0.00,0.00,0.00,0.33,0.00,0.00,0.00,0.00,0.00,0.00,0.00,0,0,,0,0.00,14,0,0.00,29,0,0.00,16,1,0,3,63,0.00,99,0,2,0.99,75,0,34,0.00,16,0,0.00,99,0,0.00,0,0,0.00,0,0.00,17,1,0.49,62,1,0.49,100.00,0,0.00,0,10,94,4.95,99,15,0.00,36,7.42,99,N/A,N/A,N/A,N/A,66.67,0,0.00,0,0.00,0.00,0,77.27,0.00,29,99,0.00,0.00,0,71,99,0,0,6,0.00,0.00,0,26,20.66,0.00,0.00,0,0,0.00,0.00,99,0.00,0,0,0,0.00,0.00,0,0.00,0.00,0.00,0.00,0,0,0.00,41,0,0,39,37,0.12,32,0.04,0.06,0.00,15,0.00,0.00,84,2,0.67,0.99,0.00,0.00,9,0,0.00,15,86,8,82,0,59,10,0,0.00,99,0,0.00,0.00,1.98,1.33,4,3,20,11,1.48,1.00,75.00,0,0.00,99,0,0.00,0,0.00,99,0,0.00,0.00,34,2,36,38,0,0,0,0,0,22,39,57,51,0,99,7,23,23,0,0,23,1,0,0
Petter Hokstad,21,1115017200,2005/05/02,First Division,2026,Midfielder,Egersund,16,0,16,Norway,1,0,1,0,0,0,0,0,0,0,0,1,0,1,0,0,0,0,0,0,0,0,0,0,0,0,0,16,0,0,0,-1,-1,-1,21,0,6.50,0,36,0.00,0.00,2,0,0.00,0,2,0.00,2,0.00,0.00,0.00,0,0.00,0.00,0.00,0.00,0,0.00,0.00,0.00,0.00,0.00,0.00,0.00,0.00,0.00,0.00,0.00,0.00,0.00,0.00,0.00,0.00,0.00,0.00,0.00,0,0,,0,0.00,14,0,0.00,29,0,0.00,16,0,1,0,63,0.00,99,0,0,0.00,6,0,34,0.00,16,0,0.00,99,0,0.00,0,0,0.00,0,0.00,17,0,0.00,18,0,0.00,0.00,0,0.00,0,0,0,0.00,0,0,0.00,99,0.00,0,N/A,N/A,N/A,N/A,0.00,0,0.00,0,0.00,0.00,0,0.00,0.00,29,99,0.00,0.00,0,24,24,0,0,0,0.00,0.00,0,26,6.50,0.00,0.00,0,0,0.00,0.00,99,0.00,0,0,0,0.00,0.00,0,0.00,0.00,0.00,0.00,0,0,0.00,41,0,0,39,0,0.00,3,0.00,0.00,0.00,15,0.00,0.00,8,0,0.00,0.00,0.00,0.00,9,0,0.00,15,52,8,82,0,59,10,0,0.00,99,0,0.00,0.00,0.00,0.00,0,0,2,2,0.00,0.00,0.00,0,0.00,99,0,0.00,0,0.00,99,0,0.00,0.00,34,0,48,14,0,0,0,0,0,22,39,57,51,0,99,99,23,23,0,0,23,20,0,0
Philip Fjellman,17,1221462000,2008/09/15,First Division,2026,Defender,Kongsvinger,3,0,3,Norway,2,1,1,0,0,0,0,0,0,0,0,0,0,0,0,0,0,0,0,0,0,0,0,0,0,0,0,2,0,0,0,-1,-1,-1,21,0,0.00,0,36,105.00,3.50,99,7,2.00,4,3,60.00,99,0.00,0.00,0.00,0,0.00,0.00,0.00,0.00,0,0.00,0.00,0.00,0.00,0.00,0.50,0.50,0.00,0.00,0.00,0.00,0.50,0.00,0.00,0.00,0.00,0.00,0.00,0.00,0,0,,0,0.00,14,0,0.00,29,0,0.00,16,0,2,0,63,0.00,99,0,1,15.00,99,0,34,0.00,16,0,0.00,99,0,0.00,0,0,0.00,0,0.00,17,1,15.00,99,1,15.00,100.00,0,0.00,0,0,0,0.00,0,0,0.00,99,0.00,0,N/A,N/A,N/A,N/A,0.00,0,0.00,0,0.00,0.00,0,57.14,0.00,29,99,0.00,0.00,0,99,99,0,0,0,0.00,0.00,0,26,0.00,0.00,0.00,0,0,0.00,0.00,99,0.00,0,0,0,0.00,0.00,0,0.00,0.00,0.00,0.00,0,0,0.00,41,0,0,39,0,0.01,64,0.01,0.15,0.00,15,0.00,0.00,8,0,0.00,0.00,15.00,0.50,99,1,0.00,15,0,8,82,0,59,10,0,0.00,99,0,0.00,0.00,60.00,2.00,4,2,99,99,30.00,1.00,50.00,0,0.00,99,0,0.00,0,0.00,99,0,0.00,0.00,34,0,59,14,0,0,0,0,0,22,39,57,51,0,99,7,23,23,0,0,23,29,0,0
Phillip Alexander Kolberg Slordahl,25,974188800,2000/11/14,First Division,2026,Defender,Ranheim,90,44,46,Norway,3,2,1,0,0,0,0,0,0,0,0,1,1,0,2,0,2,0,0,0,0,0,0,0,0,2,45,30,0,0,0,-1,-1,-1,17,0,6.35,0,36,0.00,0.00,2,0,0.00,0,2,0.00,2,0.00,0.00,0.00,0,0.00,0.00,0.00,0.00,0,0.00,0.00,0.00,0.00,0.00,0.00,0.00,0.67,0.00,0.00,0.00,0.00,0.00,0.00,0.00,0.00,0.00,0.00,0.00,0,0,,0,0.00,14,0,0.00,29,0,0.00,16,2,1,2,63,0.00,99,0,0,0.00,6,0,34,0.00,16,0,0.00,99,0,0.00,0,0,0.00,0,0.00,17,0,0.00,18,0,0.00,0.00,0,0.00,0,0,0,0.00,0,2,0.00,36,2.00,53,N/A,N/A,N/A,N/A,0.00,0,0.00,0,0.00,0.00,0,0.00,0.00,29,99,0.00,0.00,0,24,24,0,0,0,0.00,0.00,0,26,19.05,0.00,0.00,0,0,0.00,0.00,99,0.00,0,0,0,0.00,0.00,0,0.00,0.00,0.00,0.00,0,0,0.00,41,0,0,39,36,0.00,3,0.00,0.00,0.00,15,0.00,0.00,8,0,0.00,0.00,0.00,0.00,9,0,0.00,15,33,8,82,0,59,10,0,0.00,99,0,0.00,0.00,0.00,0.00,0,0,2,2,0.00,0.00,0.00,0,0.00,99,0,0.00,0,0.00,99,0,0.00,0.00,34,1,48,57,0,0,0,0,0,22,39,57,51,0,99,91,23,23,0,0,23,2,0,0
Phillip Hovland,20,1149663600,2006/06/07,First Division,2026,Defender,Egersund,676,297,379,Norway,15,6,9,1,1,0,2,1,1,0,0,5,3,2,19,6,13,0,0,0.4,0.27,0.13,0.3,0,676,2.53,36,45,0,338,0,111,60,112,12,0,6.48,0.13,81,32.31,17.00,83,238,14.21,199,66,27.01,82,0.00,0.00,0.29,4,0.00,1.29,0.00,0.00,0,0.00,0.29,0.00,0.00,0.00,0.86,0.57,1.57,5.00,0.68,0.21,0.64,0.00,0.14,0.07,0.00,0.29,0.00,0.00,0,0,,5,0.36,60,2,0.27,66,3,0.41,59,2,8,7,63,0.00,99,0,12,1.63,94,18,64,2.44,95,0,0.00,99,0,0.00,0,0,0.00,0,0.54,67,9,1.22,87,8,1.09,88.89,0,0.00,0,0,0,0.00,0,22,0.00,9,2.99,90,N/A,N/A,N/A,N/A,0.00,0,0.00,0,0.99,0.00,0,83.61,40.00,65,99,0.00,0.00,0,91,78,0,0,0,0.00,0.00,0,26,90.71,1.43,2.71,20,0,0.00,0.00,99,0.00,0,0,0,0.00,0.00,0,0.00,0.00,0.00,0.00,0,0,20.00,60,20,33,77,10,1.70,86,0.12,0.23,0.99,65,0.07,0.13,45,3,0.21,0.41,0.54,0.29,57,4,0.13,64,50,84,82,0,59,44,0,0.00,99,4,0.00,0.54,8.96,4.71,66,28,76,80,3.80,2.00,42.42,4,0.54,19,0,33.33,0,0.00,99,6,0.43,0.81,93,21,92,57,0,0,0,0,0,68,63,57,76,0,99,91,23,23,0,0,23,18,0,0
Pontus Lindgren,25,976694400,2000/12/13,First Division,2026,Defender,Strømmen,222,90,132,Sweden,4,1,3,0,0,0,0,0,0,0,0,0,0,0,5,1,4,0,0,0,0,0,0,0,0,2.03,44,56,0,0,0,-1,-1,-1,12,0,6.43,0,36,47.03,29.00,95,116,21.75,87,29,35.27,93,0.00,0.00,0.25,1,0.00,0.00,0.41,0.25,1,0.00,0.00,0.00,0.00,0.00,1.75,0.00,1.25,0.00,0.00,0.00,0.00,0.00,0.00,0.00,0.00,0.50,0.00,0.00,0,0,,0,0.00,14,0,0.00,29,0,0.00,16,3,1,3,99,0.00,99,0,7,2.84,99,0,34,0.00,16,0,0.00,99,0,0.00,0,0,0.00,0,0.41,58,0,0.00,18,0,0.00,0.00,0,0.00,0,0,0,0.00,0,5,0.00,33,2.03,55,N/A,N/A,N/A,N/A,0.00,0,0.00,0,0.00,0.00,0,75.00,0.00,29,99,0.00,0.00,0,24,24,0,0,0,0.75,1.22,3,99,25.73,4.25,6.89,17,0,0.00,0.00,99,0.00,0,0,0,0.00,0.00,0,0.00,0.00,0.00,0.00,0,0,0.00,41,0,0,39,33,0.25,45,0.06,0.10,0.00,15,0.00,0.00,8,0,0.00,0.00,1.22,0.75,93,3,0.00,15,42,99,82,0,59,63,0,0.00,99,2,0.00,0.81,11.76,7.25,29,15,95,93,6.08,3.75,51.72,0,0.00,99,0,0.00,0,0.00,99,0,0.00,0.00,34,2,48,79,0,0,0,0,0,22,39,57,51,0,99,7,23,23,0,0,23,25,0,0
Preben Asp,24,1026543600,2002/07/13,First Division,2026,Forward,Sogndal,131,71,60,Norway,10,4,6,1,1,0,0,0,0,0,0,0,0,0,1,0,1,0,0,0.69,0,0.69,1.27,0,131,0.69,131,13,0,0,0,-1,-1,-1,12,0,5.97,0,36,17.52,2.64,41,29,1.73,19,7,11.48,29,0.00,0.00,0.00,0,0.00,0.18,0.00,0.00,0,0.00,0.00,0.00,0.00,0.00,0.09,0.09,0.27,10.00,6.04,0.55,0.09,0.00,0.36,0.13,0.00,0.45,0.00,0.00,0,0,,10,0.91,99,4,2.42,99,6,3.62,99,0,10,0,63,0.00,99,0,1,0.60,46,2,34,1.21,74,0,0.00,99,0,0.00,0,0,0.00,0,0.00,17,1,0.60,66,1,0.60,100.00,0,0.00,0,0,0,0.00,0,3,0.00,99,1.81,42,N/A,N/A,N/A,N/A,0.00,0,0.00,0,1.47,0.00,0,65.52,40.00,65,99,0.00,0.00,0,75,99,0,0,0,0.00,0.00,0,26,65.67,0.00,0.00,0,0,0.00,0.00,99,0.00,0,0,0,0.00,0.00,0,0.00,0.00,0.00,0.00,0,0,10.00,45,0,12,45,99,0.04,8,0.00,0.02,1.47,99,0.13,0.89,91,2,0.18,1.21,3.62,0.55,99,6,0.89,99,14,8,82,0,59,99,0,0.00,99,5,0.00,3.02,17.52,2.64,29,7,82,99,4.23,0.64,24.14,0,0.00,99,0,0.00,0,0.00,99,0,0.00,0.00,34,0,95,14,0,0,0,0,0,86,95,57,99,0,99,7,23,23,0,0,23,20,0,0
Pyry Hannola,24,1003647600,2001/10/21,First Division,2026,Midfielder,Haugesund,1587,809,778,Finland,21,10,11,1,1,0,5,2,3,0,0,6,3,3,26,10,16,1,0,0.34,0.28,0.06,0.11,0,1587,1.47,61,76,1587,317,0.06,154,47,-1,13,0,6.59,0.24,83,31.11,26.62,80,559,23.62,496,89,27.61,83,0.00,0.00,0.67,14,0.00,0.81,0.00,0.00,0,0.00,0.14,0.00,0.00,0.00,0.90,0.05,1.52,7.00,0.39,0.19,0.10,0.00,0.14,0.05,0.00,0.33,0.00,0.00,0,0,,7,0.33,43,3,0.17,55,4,0.22,38,1,3,18,63,0.00,99,0,19,1.06,79,17,43,0.95,67,0,0.00,99,0,0.00,0,0,0.00,0,0.78,82,2,0.11,30,1,0.06,50.00,0,0.00,0,0,0,0.00,0,32,0.00,68,1.78,41,N/A,N/A,N/A,N/A,0.00,0,0.00,0,1.14,0.00,0,88.73,42.86,74,99,0.00,0.00,0,32,40,0,0,0,0.14,0.17,3,59,138.36,0.48,0.56,10,1,0.00,0.06,5,0.05,0,0,0,0.00,0.00,0,0.00,0.00,0.06,0.05,1,0,14.29,52,73,99,95,68,4.44,88,0.21,0.25,1.14,46,0.05,0.06,51,9,0.43,0.50,0.50,0.43,54,9,0.06,45,62,36,82,0,68,34,0,0.00,99,7,0.00,0.39,5.18,4.43,93,41,37,41,2.28,1.95,44.09,3,0.17,55,0,23.53,0,0.00,99,4,0.19,0.22,61,75,69,38,0,0,0,0,0,65,47,57,58,0,99,81,96,30,1,5,30,8,0,0
Rafik Zekhnini,28,884592000,1998/01/12,First Division,2026,Forward,Raufoss,847,430,417,Norway,13,6,7,2,0,2,3,2,1,0,0,1,1,0,26,7,19,2,0,0.53,0.32,0.21,0,0.43,424,2.76,33,65,424,282,0.21,81,35,-1,4,0,6.65,0.23,88,18.22,12.92,41,168,9.00,117,12,12.69,34,0.00,0.00,0.38,5,0.00,1.62,0.00,0.00,0,0.00,0.69,0.00,0.00,0.00,0.23,1.38,2.08,13.50,2.93,1.69,2.23,0.00,0.38,0.22,0.00,0.38,0.00,0.00,0,0,,27,2.08,99,5,0.54,82,22,2.39,99,3,4,9,63,0.00,99,0,3,0.33,26,21,54,2.28,93,0,0.00,99,0,0.00,0,0,0.00,0,0.54,67,29,3.14,98,18,1.95,62.07,0,0.00,0,0,0,0.00,0,27,0.00,3,2.93,89,N/A,N/A,N/A,N/A,0.00,0,0.00,0,2.82,0.00,0,69.64,18.52,33,99,0.00,0.00,0,98,50,1,0,0,0.00,0.00,0,26,86.39,0.38,0.54,5,0,0.00,0.00,99,0.00,0,1,0,0.00,0.00,0,0.00,0.00,0.33,0.23,3,0,7.41,43,30,24,66,3,2.06,82,0.16,0.22,2.12,76,0.16,0.23,47,4,0.31,0.43,0.43,0.31,48,4,0.31,80,69,35,82,0,91,44,0,0.00,99,5,0.00,0.54,8.78,6.23,81,35,76,79,3.80,2.69,43.21,9,0.98,3,0,28.57,0,0.00,99,6,0.46,0.65,87,28,73,79,0,1,0,8,0,76,73,88,51,0,99,22,49,75,2,15,71,27,0,0
Rasmus Møller,26,957337200,2000/05/03,First Division,2026,Defender,Haugesund,552,184,368,Denmark,8,3,5,0,0,0,0,0,0,0,0,2,1,1,9,2,7,2,0,0,0,0,0,0,0,1.47,61,69,276,0,0.33,182,212,40,24,0,4.56,0,36,0.00,0.00,2,0,0.00,0,2,0.00,2,0.00,0.00,0.00,0,0.00,0.00,0.00,0.00,0,0.00,0.00,0.00,0.00,0.00,0.00,0.00,1.62,0.00,0.00,0.00,0.00,0.00,0.00,0.00,0.00,0.00,0.00,0.00,0,0,,0,0.00,14,0,0.00,29,0,0.00,16,0,2,6,63,0.00,99,0,0,0.00,6,0,34,0.00,16,0,0.00,99,0,0.00,0,0,0.00,0,0.00,17,0,0.00,18,0,0.00,0.00,0,0.00,0,0,0,0.00,0,13,0.00,68,2.12,58,N/A,N/A,N/A,N/A,0.00,0,0.00,0,0.00,0.00,0,0.00,0.00,29,99,0.00,0.00,0,24,24,0,0,0,0.00,0.00,0,26,36.46,0.00,0.00,0,0,0.00,0.00,99,0.00,0,0,0,0.00,0.00,0,0.00,0.00,0.00,0.00,0,0,0.00,41,12,7,39,68,0.00,3,0.00,0.00,0.00,15,0.00,0.00,8,0,0.00,0.00,0.00,0.00,9,0,0.00,15,1,8,82,0,59,10,0,0.00,99,0,0.00,0.00,0.00,0.00,0,0,2,2,0.00,0.00,0.00,0,0.00,99,0,0.00,0,0.00,99,0,0.00,0.00,34,16,59,14,0,0,0,0,0,22,39,57,51,0,99,70,33,91,2,25,92,5,0,0
Rasmus Opdal Christiansen,22,1077091200,2004/02/18,First Division,2026,Forward,Kongsvinger,1395,704,691,Norway,21,11,10,10,5,5,7,4,3,0,0,3,1,2,19,10,9,0,0,1.1,0.45,0.65,0.64,0.65,140,1.23,73,66,0,199,0,17,17,-1,2,0,6.94,0.33,95,9.49,7.05,15,148,4.24,89,4,5.71,9,0.00,0.00,0.62,13,0.00,1.52,0.00,0.00,0,0.00,0.29,0.00,0.00,0.00,0.10,0.43,0.90,1.70,1.09,0.24,0.86,0.00,0.57,0.35,0.00,0.14,0.00,0.00,0,0,,17,0.81,76,12,0.77,90,5,0.32,48,1,2,19,63,0.00,99,0,2,0.13,12,32,70,2.05,90,0,0.00,99,0,0.00,0,0,0.00,0,0.83,85,18,1.15,86,9,0.58,50.00,0,0.00,0,0,0,0.00,0,19,0.00,86,1.22,5,N/A,N/A,N/A,N/A,0.00,0,0.00,0,7.31,0.00,0,60.14,70.59,97,99,0.00,0.00,0,74,40,0,0,0,0.05,0.06,1,33,145.68,0.14,0.19,3,0,0.00,0.00,99,0.00,0,0,1,0.05,0.06,0,0.00,0.00,0.58,0.43,9,0,58.82,96,56,99,46,86,6.14,98,0.29,0.39,7.31,93,0.35,0.47,29,4,0.19,0.26,0.83,0.62,77,13,0.47,93,89,16,91,0,98,23,0,0.00,99,3,0.00,0.19,4.94,3.67,77,28,25,37,1.80,1.33,36.36,6,0.38,34,0,37.50,0,0.00,99,12,0.57,0.77,91,84,59,38,0,1,0,5,0,98,94,94,91,0,99,43,23,23,0,0,23,28,0,0
Remi Andre Svindland,28,878112000,1997/10/29,First Division,2026,Forward,Bryne,738,365,373,Norway,16,7,9,1,1,0,0,0,0,0,0,4,1,3,10,7,3,2,0,0.12,0,0.12,0.25,0,738,1.22,74,46,369,0,0.24,114,269,-1,12,0,4.82,0,36,20.17,10.44,48,167,8.12,130,41,15.70,46,0.00,0.00,0.44,7,0.00,0.19,0.00,0.00,0,0.00,0.25,0.00,0.00,0.00,0.31,0.25,0.62,4.00,0.48,0.25,0.50,0.00,0.00,0.05,0.00,0.50,0.00,0.00,0,0,,4,0.25,49,0,0.00,29,4,0.48,64,1,9,7,63,0.00,99,0,5,0.60,46,3,34,0.36,41,0,0.00,99,0,0.00,0,0,0.00,0,0.85,85,8,0.97,79,4,0.48,50.00,0,0.00,0,0,0,0.00,0,10,0.00,88,1.21,4,N/A,N/A,N/A,N/A,0.00,0,0.00,0,0.79,0.00,0,77.84,0.00,29,99,0.00,0.00,0,71,40,0,0,0,0.25,0.48,4,90,77.14,0.56,1.09,9,0,0.00,0.00,99,0.00,0,0,0,0.00,0.00,0,0.00,0.00,0.24,0.12,2,0,25.00,71,24,42,79,89,0.51,32,0.03,0.06,0.79,57,0.05,0.10,27,2,0.12,0.24,0.97,0.50,85,8,0.10,57,2,55,82,0,88,70,0,0.00,99,8,0.00,0.97,10.39,5.38,86,30,72,89,3.62,1.88,34.88,4,0.48,25,0,0.00,0,0.00,99,0,0.00,0.00,34,21,94,38,0,0,0,0,0,37,61,57,74,0,99,70,43,81,2,12,61,6,0,0
Richmond Gyamfi,22,1094713200,2004/09/09,First Division,2026,Forward,Egersund,8,0,8,Ghana,1,0,1,0,0,0,0,0,0,0,0,0,0,0,0,0,0,0,0,0,0,0,0,0,0,0,0,8,0,0,0,-1,-1,-1,14,0,6.30,0,36,10.00,1.00,16,1,0.00,0,2,0.00,2,0.00,0.00,0.00,0,0.00,0.00,0.00,0.00,0,0.00,1.00,0.00,0.00,0.00,0.00,0.00,1.00,0.00,0.00,0.00,0.00,0.00,0.00,0.00,0.00,0.00,0.00,0.00,0,0,,0,0.00,14,0,0.00,29,0,0.00,16,0,1,0,63,0.00,99,0,0,0.00,6,0,34,0.00,16,0,0.00,99,0,0.00,0,0,0.00,0,0.00,17,0,0.00,18,0,0.00,0.00,0,0.00,0,0,0,0.00,0,1,0.00,99,10.00,99,N/A,N/A,N/A,N/A,0.00,0,0.00,0,0.00,0.00,0,0.00,0.00,29,99,0.00,0.00,0,24,24,0,0,0,0.00,0.00,0,26,6.30,0.00,0.00,0,0,0.00,0.00,99,0.00,0,0,0,0.00,0.00,0,0.00,0.00,0.00,0.00,0,0,0.00,41,0,0,39,0,0.00,3,0.00,0.00,0.00,15,0.00,0.00,8,0,0.00,0.00,10.00,1.00,99,1,0.00,15,27,8,82,0,59,10,0,0.00,99,0,0.00,0.00,40.00,4.00,4,0,2,99,0.00,0.00,0.00,1,10.00,0,0,0.00,0,0.00,99,0,0.00,0.00,34,0,48,14,0,0,0,0,0,22,39,57,51,0,99,7,23,23,0,0,23,19,0,0
Robert Marcus,22,1077004800,2004/02/17,First Division,2026,Midfielder,Moss,714,355,359,Denmark,11,5,6,0,0,0,2,1,1,0,0,1,1,0,18,7,11,0,0,0.25,0.25,0,0,0,0,2.27,40,65,0,357,0,175,66,-1,22,0,6.47,0.18,79,15.92,11.00,34,121,9.00,99,58,13.03,36,0.00,0.00,0.18,2,0.00,0.45,0.00,0.00,0,0.00,0.09,0.00,0.00,0.00,0.36,0.09,1.36,0.00,0.39,0.27,0.27,0.00,0.00,0.01,0.00,0.09,0.00,0.00,0,0,,3,0.27,43,0,0.00,29,3,0.39,58,3,3,8,63,0.00,99,0,4,0.53,40,5,76,0.66,59,0,0.00,99,0,0.00,0,0,0.00,0,0.26,42,3,0.39,55,1,0.13,33.33,0,0.00,0,0,0,0.00,0,15,0.00,17,1.97,50,N/A,N/A,N/A,N/A,0.00,0,0.00,0,0.13,0.00,0,81.82,0.00,29,99,0.00,0.00,0,39,28,0,0,0,0.09,0.13,1,50,71.14,0.36,0.53,4,0,0.00,0.00,99,0.00,0,0,0,0.00,0.00,0,0.00,0.00,0.00,0.00,0,0,0.00,41,22,17,39,19,1.42,75,0.13,0.19,0.13,28,0.01,0.02,29,2,0.18,0.26,0.39,0.27,42,3,0.02,28,49,34,82,0,59,17,0,0.00,99,1,0.00,0.13,2.50,1.73,19,8,15,14,1.05,0.73,42.11,1,0.13,62,0,40.00,0,0.00,99,2,0.18,0.26,61,25,69,79,0,0,0,0,0,59,39,57,51,0,99,24,23,23,0,0,23,18,0,0
Robin Johansen Hermanstad,26,958374000,2000/05/15,First Division,2026,Forward,Moss,655,331,324,Norway,18,10,8,1,0,1,0,0,0,0,0,1,1,0,15,6,9,1,0,0.14,0,0.14,0,0.28,655,2.06,44,36,655,0,0.14,104,220,-1,8,0,5.81,0,36,6.90,2.72,7,49,1.89,34,12,4.79,7,0.00,0.00,0.00,0,0.00,0.28,0.00,0.00,0,0.00,0.11,0.00,0.00,0.00,0.33,0.11,0.89,4.00,0.56,0.17,0.11,0.00,0.06,0.05,0.00,0.33,0.00,0.00,0,0,,4,0.22,54,1,0.14,48,3,0.42,60,4,11,7,63,0.00,99,0,6,0.85,66,5,76,0.70,61,0,0.00,99,0,0.00,0,0,0.00,0,0.00,17,2,0.28,46,2,0.28,100.00,0,0.00,0,0,0,0.00,0,16,0.00,31,2.25,66,N/A,N/A,N/A,N/A,0.00,0,0.00,0,0.88,0.00,0,69.39,25.00,43,99,0.00,0.00,0,59,99,0,0,0,0.00,0.00,0,26,104.61,0.17,0.42,3,0,0.00,0.00,99,0.00,0,0,0,0.00,0.00,0,0.00,0.00,0.42,0.17,3,0,25.00,71,19,56,76,33,0.06,5,0.00,0.01,0.88,62,0.05,0.12,89,8,0.44,1.13,0.28,0.11,27,2,0.12,62,10,28,82,0,92,65,0,0.00,99,6,0.00,0.85,4.51,1.78,32,15,30,29,2.11,0.83,46.88,2,0.28,43,0,40.00,0,0.00,99,2,0.11,0.28,64,21,96,89,0,0,0,0,0,42,64,79,51,0,99,17,74,52,1,6,34,23,0,0
Rooney Onyango,25,997254000,2001/08/08,First Division,2026,Defender,Sogndal,287,217,70,Kenya,6,4,2,0,0,0,0,0,0,0,0,1,1,0,4,2,2,1,1,0,0,0,0,0,0,1.25,72,48,144,0,0.63,207,181,21,14,0,6.54,0,36,45.92,24.83,95,149,19.83,119,49,36.68,94,0.00,0.00,0.17,1,0.00,1.83,0.31,0.17,1,0.00,0.17,0.00,0.00,0.00,0.67,0.67,0.83,0.00,0.62,0.33,0.83,0.00,0.00,0.02,0.00,0.83,0.00,0.00,0,0,,2,0.33,57,0,0.00,29,2,0.62,73,3,3,3,98,0.00,99,0,4,1.23,84,11,52,3.39,99,0,0.00,99,0,0.00,0,0,0.00,0,0.31,47,5,1.54,91,4,1.23,80.00,0,0.00,0,0,0,0.00,0,5,0.00,85,1.54,25,N/A,N/A,N/A,N/A,0.00,0,0.00,0,0.11,0.00,0,79.87,0.00,29,99,0.00,0.00,0,93,71,0,0,0,0.17,0.31,1,79,39.21,1.67,3.08,10,0,0.00,0.00,99,0.00,0,0,0,0.00,0.00,0,0.00,0.00,0.31,0.17,1,0,0.00,41,0,2,39,85,0.25,39,0.04,0.08,0.11,32,0.02,0.03,92,4,0.67,1.23,1.85,1.00,99,6,0.03,32,55,88,82,0,90,88,0,0.00,99,5,0.00,1.54,14.79,8.00,48,26,99,98,8.01,4.33,54.17,1,0.31,40,0,27.27,0,0.00,99,3,0.50,0.92,95,2,69,79,0,0,0,0,0,22,39,57,51,0,99,52,23,99,0,0,23,88,0,0
Saadiq Faisal Elmi,25,973929600,2000/11/11,First Division,2026,Defender,Kongsvinger,176,25,151,Norway,8,3,5,0,0,0,1,1,0,0,0,1,1,0,3,1,2,0,0,0.51,0.51,0,0,0,0,1.53,59,22,0,176,0,-1,-1,-1,19,0,4.61,0.12,97,47.07,13.00,95,91,10.29,72,45,37.24,94,0.00,0.00,0.14,1,0.00,1.00,0.00,0.00,0,0.00,0.00,0.00,0.00,0.00,0.29,0.00,0.57,0.00,0.00,0.00,0.00,0.00,0.00,0.00,0.00,0.14,0.00,0.00,0,0,,0,0.00,14,0,0.00,29,0,0.00,16,1,6,2,63,0.00,99,0,2,1.03,78,7,54,3.62,99,0,0.00,99,0,0.00,0,0,0.00,0,0.52,66,0,0.00,18,0,0.00,0.00,0,0.00,0,0,0,0.00,0,4,0.00,63,2.07,57,N/A,N/A,N/A,N/A,0.00,0,0.00,0,0.00,0.00,0,79.12,0.00,29,99,0.00,0.00,0,24,24,0,0,0,0.14,0.52,1,90,32.28,1.14,4.14,8,0,0.00,0.00,99,0.00,0,0,0,0.00,0.00,0,0.00,0.00,0.52,0.14,1,0,0.00,41,0,7,39,63,0.77,98,0.11,0.40,0.00,15,0.00,0.00,8,0,0.00,0.00,0.52,0.14,55,1,0.00,15,1,97,82,0,95,42,0,0.00,99,1,0.00,0.52,5.17,1.43,10,6,62,40,3.10,0.86,60.00,0,0.00,99,0,28.57,0,0.00,99,2,0.29,1.03,96,1,84,38,0,0,0,0,0,74,39,57,51,0,99,39,23,23,0,0,23,20,0,0
Sammi Davis,21,1104566400,2005/01/01,First Division,2026,Defender,Egersund,43,37,6,Sweden,4,3,1,0,0,0,0,0,0,0,0,2,2,0,0,0,0,0,0,0,0,0,0,0,0,0,0,11,0,0,0,-1,-1,-1,20,0,3.31,0,36,19.76,2.25,46,9,1.75,7,40,15.37,45,0.00,0.00,0.25,1,0.00,0.00,0.00,0.00,0,0.00,0.25,0.00,0.00,0.00,0.00,0.00,0.00,0.00,2.20,0.25,0.00,0.00,0.00,0.01,0.00,0.75,0.00,0.00,0,0,,1,0.25,96,0,0.00,29,1,2.20,99,0,4,0,63,0.00,99,0,0,0.00,6,0,34,0.00,16,0,0.00,99,0,0.00,0,0,0.00,0,2.20,99,0,0.00,18,0,0.00,0.00,0,0.00,0,0,0,0.00,0,0,0.00,99,0.00,0,N/A,N/A,N/A,N/A,0.00,0,0.00,0,0.05,0.00,0,77.78,0.00,29,99,0.00,0.00,0,24,24,0,0,0,0.25,2.20,1,99,13.23,0.25,2.20,1,0,0.00,0.00,99,0.00,0,0,1,0.25,2.20,0,0.00,0.00,0.00,0.00,0,0,0.00,41,0,0,39,0,0.06,59,0.01,0.13,0.05,61,0.01,0.11,99,1,0.25,2.20,2.20,0.25,99,1,0.11,60,0,76,99,0,59,99,0,0.00,99,3,0.00,6.59,21.95,2.50,10,5,99,99,10.98,1.25,50.00,1,2.20,0,0,0.00,0,0.00,99,0,0.00,0.00,34,0,73,14,0,0,0,0,0,22,39,57,51,0,99,99,23,23,0,0,23,91,0,0
Samuel Silalahi,21,1117695600,2005/06/02,First Division,2026,Midfielder,Strømsgodset,5,0,5,Norway,1,0,1,0,0,0,0,0,0,0,0,0,0,0,0,0,0,0,0,0,0,0,0,0,0,0,0,5,0,0,0,-1,-1,-1,19,0,6.50,0,36,0.00,0.00,2,0,0.00,0,2,0.00,2,0.00,0.00,0.00,0,0.00,0.00,0.00,0.00,0,0.00,0.00,0.00,0.00,0.00,0.00,0.00,0.00,0.00,0.00,0.00,0.00,0.00,0.00,0.00,0.00,0.00,0.00,0.00,0,0,,0,0.00,14,0,0.00,29,0,0.00,16,0,1,0,63,0.00,99,0,0,0.00,6,0,34,0.00,16,0,0.00,99,0,0.00,0,0,0.00,0,0.00,17,0,0.00,18,0,0.00,0.00,0,0.00,0,0,0,0.00,0,0,0.00,99,0.00,0,N/A,N/A,N/A,N/A,0.00,0,0.00,0,0.00,0.00,0,0.00,0.00,29,99,0.00,0.00,0,24,24,0,0,0,0.00,0.00,0,26,6.50,0.00,0.00,0,0,0.00,0.00,99,0.00,0,0,0,0.00,0.00,0,0.00,0.00,0.00,0.00,0,0,0.00,41,0,0,39,0,0.00,3,0.00,0.00,0.00,15,0.00,0.00,8,0,0.00,0.00,0.00,0.00,9,0,0.00,15,52,8,82,0,59,10,0,0.00,99,0,0.00,0.00,0.00,0.00,0,0,2,2,0.00,0.00,0.00,0,0.00,99,0,0.00,0,0.00,99,0,0.00,0.00,34,0,48,14,0,0,0,0,0,22,39,57,51,0,99,7,23,23,0,0,23,37,0,0
Samuel Skree Skjeldal,23,1062831600,2003/09/06,First Division,2026,Defender,Odd,1704,894,810,Norway,19,10,9,3,0,3,9,6,3,0,0,6,4,2,27,11,16,5,0,0.63,0.48,0.16,0,0.33,568,1.43,63,90,341,189,0.26,99,11,34,3,0,6.57,0.47,97,24.61,24.53,61,466,19.11,363,42,19.17,58,0.00,0.00,0.89,17,0.00,3.05,0.00,0.00,0,0.00,0.26,0.00,0.00,0.00,0.63,0.68,1.42,2.67,0.42,0.26,0.95,0.00,0.16,0.12,0.00,0.63,0.00,0.00,0,0,,8,0.42,46,3,0.16,54,5,0.26,43,3,0,19,63,0.00,99,0,12,0.63,50,58,68,3.06,98,0,0.00,99,0,0.00,0,0,0.00,0,0.90,87,18,0.95,77,13,0.69,72.22,0,0.00,0,0,0,0.00,0,27,0.00,71,1.43,17,N/A,N/A,N/A,N/A,0.00,0,0.00,0,2.32,0.00,0,77.90,37.50,61,99,0.00,0.00,0,81,66,0,0,0,0.16,0.16,3,57,124.84,1.37,1.37,26,0,0.00,0.00,99,0.00,0,0,0,0.00,0.00,0,0.00,0.00,0.05,0.05,1,0,37.50,84,83,69,73,72,6.76,96,0.36,0.36,2.32,62,0.12,0.12,88,21,1.11,1.11,0.63,0.63,62,12,0.12,62,59,62,82,0,64,49,0,0.00,99,12,0.00,0.63,6.34,6.32,120,59,62,53,3.12,3.11,49.17,5,0.26,45,0,36.21,0,0.00,99,21,1.11,1.11,98,84,36,79,0,0,0,0,0,83,68,82,51,0,99,88,41,83,5,26,93,13,0,0
Sander Åke Andreas Lønning,24,1030863600,2002/09/01,First Division,2026,Goalkeeper,Egersund,1440,810,630,Norway,16,9,7,0,0,0,0,0,0,0,0,6,5,1,26,8,18,0,0,0,0,0,0,0,0,1.63,55,90,0,0,0,242,253,58,19,0,6.61,0,36,18.60,18.60,43,279,15.53,233,65,15.53,45,0.00,0.00,0.07,1,0.00,0.00,0.00,0.00,0,0.00,0.00,0.00,0.00,1.00,0.20,0.00,2.87,0.00,0.00,0.00,0.00,0.00,0.00,0.00,0.00,0.07,0.00,0.00,0,0,,0,0.00,14,0,0.00,29,0,0.00,16,0,0,16,63,0.00,99,0,3,0.20,20,0,34,0.00,16,0,0.00,99,0,0.00,0,0,0.00,0,0.07,22,0,0.00,18,0,0.00,0.00,0,0.00,0,15,11,1.00,17,43,0.00,53,2.87,86,N/A,N/A,N/A,N/A,34.88,0,0.00,0,0.00,0.00,0,83.51,0.00,29,99,0.00,0.00,0,24,24,0,0,7,0.00,0.00,0,26,99.11,0.00,0.00,0,0,0.00,0.00,99,0.00,0,0,0,0.00,0.00,0,0.00,0.00,0.00,0.00,0,0,0.00,41,62,42,39,53,0.63,19,0.04,0.04,0.00,15,0.00,0.00,11,1,0.07,0.07,0.00,0.00,9,0,0.00,15,66,8,82,0,59,11,0,0.00,99,1,0.00,0.07,0.07,0.07,1,1,5,4,0.07,0.07,100.00,0,0.00,99,0,0.00,0,0.00,99,0,0.00,0.00,34,61,36,14,0,0,0,0,0,22,39,57,51,0,99,97,23,23,0,0,23,12,0,0
Sander Amble Haugen,26,963385200,2000/07/12,First Division,2026,Defender,Lyn,1621,839,782,Norway,19,10,9,0,0,0,2,1,1,0,0,3,1,2,33,18,15,2,0,0.11,0.11,0,0,0,0,1.83,49,85,811,811,0.11,263,132,67,17,0,6.30,0.11,55,30.09,28.37,76,539,22.74,432,50,24.12,73,0.00,0.00,0.37,7,0.00,2.05,0.00,0.00,0,0.00,0.47,0.00,0.00,0.00,0.95,0.63,1.79,0.00,0.17,0.11,0.74,0.00,0.05,0.01,0.00,0.16,0.00,0.00,0,0,,3,0.16,26,1,0.06,35,2,0.11,25,1,0,19,63,0.00,99,0,18,1.00,75,39,66,2.18,92,0,0.00,99,0,0.00,0,0,0.00,0,0.39,54,14,0.78,72,12,0.67,85.71,0,0.00,0,0,0,0.00,0,34,0.00,42,1.90,48,N/A,N/A,N/A,N/A,0.00,0,0.00,0,0.22,0.00,0,80.15,33.33,56,99,0.00,0.00,0,80,76,0,0,0,0.11,0.11,2,46,119.67,1.11,1.17,21,0,0.00,0.00,99,0.00,0,0,0,0.00,0.00,0,0.00,0.00,0.00,0.00,0,0,0.00,41,78,69,39,43,2.34,59,0.12,0.13,0.22,23,0.01,0.01,55,10,0.53,0.56,0.50,0.47,54,9,0.01,23,27,59,82,0,59,21,0,0.00,99,3,0.00,0.17,6.87,6.47,123,52,55,60,2.90,2.74,42.28,9,0.50,22,0,35.90,0,0.00,99,14,0.74,0.78,92,84,36,38,0,0,0,0,0,35,39,57,51,0,99,50,84,41,2,11,56,55,0,0
Sander Aske Granheim,19,1187161200,2007/08/15,First Division,2026,Defender,Sogndal,1512,710,802,Norway,17,8,9,0,0,0,1,0,1,0,0,2,2,0,36,12,24,3,0,0.06,0.06,0,0,0,0,2.14,42,89,504,1512,0.18,186,166,94,18,0,5.98,0.06,45,27.45,27.06,68,487,23.06,415,74,23.39,71,0.00,0.00,0.11,2,0.00,0.22,0.00,0.00,0,0.00,0.06,0.00,0.00,0.00,1.17,0.11,2.28,0.00,0.17,0.11,0.11,0.00,0.06,0.01,0.00,1.56,0.00,0.00,0,0,,3,0.17,26,1,0.06,35,2,0.11,25,4,0,17,63,0.00,99,0,21,1.18,83,4,50,0.23,32,0,0.00,99,0,0.00,0,0,0.00,0,0.11,25,2,0.11,30,2,0.11,100.00,0,0.00,0,0,0,0.00,0,41,0.00,25,2.31,70,N/A,N/A,N/A,N/A,0.00,0,0.00,0,0.26,0.00,0,85.22,33.33,56,99,0.00,0.00,0,36,99,0,0,0,0.44,0.45,8,88,107.57,2.50,2.54,45,0,0.00,0.00,99,0.00,0,0,0,0.00,0.00,0,0.00,0.00,0.00,0.00,0,0,0.00,41,66,47,39,27,1.44,39,0.08,0.08,0.26,23,0.01,0.01,49,8,0.44,0.45,0.23,0.22,21,4,0.01,23,14,83,82,0,59,88,0,0.00,99,28,0.00,1.58,5.07,5.00,90,49,53,39,2.76,2.72,54.44,1,0.06,73,0,25.00,0,0.00,99,1,0.06,0.06,36,67,36,89,0,0,0,0,0,28,39,57,51,0,99,37,60,66,3,18,78,5,0,0
Sander Elias Fjelldalselv,19,1179990000,2007/05/24,First Division,2026,Defender,Bryne,7,0,7,Norway,1,0,1,0,0,0,0,0,0,0,0,0,0,0,0,0,0,0,0,0,0,0,0,0,0,0,0,7,0,0,0,-1,-1,-1,24,0,3.35,0,36,67.50,3.00,99,6,2.00,4,8,45.00,97,0.00,0.00,0.00,0,0.00,0.00,0.00,0.00,0,0.00,0.00,0.00,0.00,0.00,0.00,0.00,0.00,0.00,11.25,0.00,0.00,0.00,0.50,0.06,0.00,0.00,0.00,0.00,0,0,,1,0.50,99,1,11.25,99,0,0.00,16,0,1,0,63,0.00,99,0,0,0.00,6,0,34,0.00,16,0,0.00,99,0,0.00,0,0,0.00,0,0.00,17,0,0.00,18,0,0.00,0.00,0,0.00,0,0,0,0.00,0,0,0.00,99,0.00,0,N/A,N/A,N/A,N/A,0.00,0,0.00,0,0.11,0.00,0,66.67,100.00,99,99,0.00,0.00,0,24,24,0,0,0,0.00,0.00,0,26,6.70,0.50,11.25,1,0,0.00,0.00,99,0.00,0,0,0,0.00,0.00,0,0.00,0.00,0.00,0.00,0,0,0.00,41,0,0,39,0,0.01,50,0.01,0.11,0.11,99,0.06,1.24,8,0,0.00,0.00,0.00,0.00,9,0,1.24,99,0,99,82,0,59,10,0,0.00,99,0,0.00,0.00,0.00,0.00,0,0,2,2,0.00,0.00,0.00,0,0.00,99,0,0.00,0,0.00,99,0,0.00,0.00,34,0,48,14,0,0,0,0,0,22,39,57,51,0,99,7,23,23,0,0,23,2,0,0
Sander Saugestad,25,977299200,2000/12/20,First Division,2026,Midfielder,Sandnes Ulf,1865,990,875,Norway,21,11,10,3,3,0,2,1,1,0,0,5,3,2,32,18,14,0,0,0.24,0.1,0.14,0.27,0,622,1.54,58,89,0,933,0,107,135,-1,3,0,6.60,0.1,52,24.55,24.33,60,511,20.14,423,62,20.33,61,0.00,0.00,0.62,13,0.00,0.95,0.05,0.05,1,0.00,0.10,0.00,0.00,0.00,0.57,0.19,1.71,3.33,0.48,0.38,0.19,0.00,0.10,0.11,0.00,0.71,0.00,0.00,0,0,,10,0.48,49,2,0.10,42,8,0.38,56,3,0,21,69,0.00,99,0,12,0.58,45,20,66,0.96,68,0,0.00,99,0,0.00,0,0,0.00,0,0.62,73,4,0.19,39,4,0.19,100.00,0,0.00,0,0,0,0.00,0,36,0.00,62,1.73,38,N/A,N/A,N/A,N/A,0.00,0,0.00,0,2.39,0.00,0,82.78,20.00,39,99,0.00,0.00,0,48,99,0,0,0,0.10,0.10,2,45,138.67,0.48,0.48,10,0,0.00,0.00,99,0.00,0,0,0,0.00,0.00,0,0.00,0.00,0.00,0.00,0,0,30.00,75,94,99,75,62,2.59,55,0.12,0.12,2.39,61,0.11,0.11,34,6,0.29,0.29,0.19,0.19,18,4,0.11,60,64,30,82,0,59,57,0,0.00,99,15,0.00,0.72,4.04,4.00,84,50,41,24,2.40,2.38,59.52,2,0.10,66,0,35.00,0,0.00,99,7,0.33,0.34,69,99,36,79,0,0,0,0,0,58,64,57,75,0,99,65,23,23,0,0,23,8,0,0
Sanel Bojadzic,27,909648000,1998/10/29,First Division,2026,Forward,Odd,1684,854,830,Norway,21,11,10,7,5,2,6,4,2,0,0,6,4,2,28,10,18,3,0,0.69,0.32,0.37,0.53,0.22,241,1.5,60,80,561,281,0.16,52,37,-1,2,0,6.53,0.29,88,9.57,8.52,16,179,5.33,112,5,5.99,12,0.00,0.00,0.48,10,0.00,0.90,0.00,0.00,0,0.00,0.52,0.00,0.00,0.00,0.14,0.76,1.33,4.86,1.82,1.10,1.19,0.00,0.52,0.31,0.00,0.67,0.00,0.00,0,0,,34,1.62,93,11,0.59,86,23,1.23,95,1,3,18,63,0.00,99,0,3,0.16,16,19,50,1.02,70,0,0.00,99,0,0.00,0,0,0.00,0,0.53,66,25,1.34,90,16,0.86,64.00,0,0.00,0,0,0,0.00,0,28,0.00,64,1.50,23,N/A,N/A,N/A,N/A,0.00,0,0.00,0,6.60,0.00,0,62.57,32.35,49,99,0.00,0.00,0,87,53,2,0,0,0.14,0.16,3,57,137.09,0.48,0.53,10,0,0.00,0.00,99,0.00,0,2,1,0.05,0.05,0,0.00,0.00,0.53,0.48,10,0,20.59,61,82,99,57,64,4.31,86,0.21,0.23,5.20,81,0.25,0.28,72,14,0.67,0.75,0.80,0.71,75,15,0.35,85,55,34,88,0,96,59,0,0.00,99,14,0.00,0.75,7.06,6.29,132,55,59,62,2.94,2.62,41.67,11,0.59,15,0,26.32,0,0.00,99,5,0.24,0.27,63,75,69,38,0,0,0,0,0,86,83,75,88,0,99,81,65,59,3,14,67,9,0,0
Scott Vatne,26,956646000,2000/04/25,First Division,2026,Midfielder,Egersund,1655,884,771,Norway,20,11,9,6,4,2,5,3,2,0,0,7,5,2,30,13,17,9,0,0.6,0.27,0.33,0.41,0.23,276,1.63,55,83,184,331,0.49,61,61,-1,1,0,7.24,0.25,81,27.62,25.63,68,487,19.05,362,26,20.53,61,0.00,0.00,1.26,24,0.00,2.16,0.11,0.11,2,0.00,0.79,0.00,0.00,0.00,0.63,1.00,1.68,6.20,1.76,1.00,1.47,0.00,0.63,0.28,0.00,0.79,0.00,0.00,0,0,,31,1.63,91,12,0.68,88,19,1.08,92,5,1,19,83,0.00,99,0,12,0.68,56,41,50,2.33,94,0,0.00,99,0,0.00,0,0,0.00,0,1.36,97,28,1.59,92,19,1.08,67.86,0,0.00,0,0,0,0.00,0,32,0.00,53,1.81,42,N/A,N/A,N/A,N/A,0.00,0,0.00,0,5.39,0.00,0,74.33,38.71,62,99,0.00,0.00,0,90,59,0,0,0,0.05,0.06,1,33,137.65,0.84,0.91,16,0,0.00,0.00,99,0.00,0,0,0,0.00,0.00,0,0.00,0.00,0.17,0.16,3,0,16.13,52,80,84,60,53,4.55,89,0.24,0.26,5.39,83,0.28,0.31,93,22,1.16,1.25,1.08,1.00,89,19,0.31,80,97,52,82,0,82,65,0,0.00,99,15,0.00,0.85,11.68,10.84,206,93,90,93,5.27,4.89,45.15,15,0.85,5,0,26.83,0,0.00,99,11,0.58,0.62,86,84,48,95,0,0,0,0,0,80,80,76,83,0,99,92,26,98,9,45,99,27,0,0
Scott Wilhelmsen,19,1182236400,2007/06/19,First Division,2026,Forward,Kongsvinger,0,0,0,Norway,0,0,0,0,0,0,0,0,0,0,0,0,0,0,0,0,0,0,0,0,0,0,0,0,0,0,0,0,0,0,0,-1,-1,-1,-1,N/A,N/A,N/A,N/A,N/A,N/A,N/A,N/A,N/A,N/A,N/A,N/A,N/A,N/A,N/A,N/A,N/A,N/A,N/A,N/A,N/A,N/A,N/A,N/A,N/A,N/A,N/A,N/A,N/A,N/A,N/A,N/A,N/A,N/A,N/A,N/A,N/A,N/A,N/A,N/A,N/A,N/A,N/A,N/A,N/A,N/A,N/A,N/A,N/A,N/A,N/A,N/A,N/A,N/A,N/A,N/A,N/A,N/A,N/A,N/A,N/A,N/A,N/A,N/A,N/A,N/A,N/A,N/A,N/A,N/A,N/A,N/A,N/A,N/A,N/A,N/A,N/A,N/A,N/A,N/A,N/A,N/A,N/A,N/A,N/A,N/A,N/A,N/A,N/A,N/A,N/A,N/A,N/A,N/A,N/A,N/A,N/A,N/A,N/A,N/A,N/A,N/A,N/A,N/A,N/A,N/A,N/A,N/A,N/A,N/A,N/A,N/A,N/A,N/A,N/A,N/A,N/A,N/A,N/A,N/A,N/A,N/A,N/A,N/A,N/A,N/A,N/A,N/A,N/A,N/A,N/A,N/A,N/A,N/A,N/A,N/A,N/A,N/A,N/A,N/A,N/A,N/A,N/A,N/A,N/A,N/A,N/A,N/A,N/A,N/A,N/A,N/A,N/A,N/A,N/A,N/A,N/A,N/A,N/A,N/A,N/A,N/A,N/A,N/A,N/A,N/A,N/A,N/A,N/A,N/A,N/A,N/A,N/A,N/A,N/A,N/A,N/A,N/A,N/A,N/A,N/A,N/A,N/A,N/A,N/A,N/A,N/A,N/A,N/A,N/A,N/A,N/A,N/A,N/A,N/A,N/A,N/A,N/A,N/A,N/A,N/A,N/A,N/A,N/A,N/A,N/A,N/A,N/A,N/A,N/A,N/A,N/A,N/A,N/A,N/A,N/A,N/A,N/A,N/A,N/A,N/A,N/A,N/A,N/A
Sean Andresen,17,1224745200,2008/10/23,First Division,2026,Forward,Strømsgodset,19,0,19,Norway,1,0,1,0,0,0,0,0,0,0,0,0,0,0,0,0,0,0,0,0,0,0,0,0,0,0,0,19,0,0,0,-1,-1,-1,15,0,6.01,0,36,33.16,7.00,83,7,6.00,6,75,28.42,84,0.00,0.00,0.00,0,0.00,0.00,0.00,0.00,0,0.00,2.00,0.00,0.00,0.00,1.00,0.00,0.00,0.00,0.00,0.00,0.00,0.00,0.00,0.00,0.00,2.00,0.00,0.00,0,0,,0,0.00,14,0,0.00,29,0,0.00,16,0,1,0,63,0.00,99,0,1,4.74,99,0,34,0.00,16,0,0.00,99,0,0.00,0,0,0.00,0,0.00,17,0,0.00,18,0,0.00,0.00,0,0.00,0,0,0,0.00,0,0,0.00,99,0.00,0,N/A,N/A,N/A,N/A,0.00,0,0.00,0,0.00,0.00,0,85.71,0.00,29,99,0.00,0.00,0,24,24,0,0,0,0.00,0.00,0,26,6.01,3.00,14.21,3,0,0.00,0.00,99,0.00,0,0,0,0.00,0.00,0,0.00,0.00,0.00,0.00,0,0,0.00,41,0,0,39,0,0.01,24,0.01,0.05,0.00,15,0.00,0.00,8,0,0.00,0.00,14.21,3.00,99,3,0.00,15,14,99,82,0,59,99,0,0.00,99,2,0.00,9.47,37.89,8.00,8,4,99,99,18.95,4.00,50.00,2,9.47,0,0,0.00,0,0.00,99,0,0.00,0.00,34,0,48,14,0,0,0,0,0,22,39,57,51,0,99,7,23,23,0,0,23,47,0,0
Sean Lucian Ajulu Nilsen-Modebe,19,1185001200,2007/07/21,First Division,2026,Forward,Hødd,206,115,91,Norway,10,5,5,1,1,0,0,0,0,0,0,1,0,1,2,1,1,0,0,0.44,0,0.44,0.78,0,206,0.87,103,21,0,0,0,-1,-1,-1,11,0,5.41,0,36,3.07,1.17,4,7,0.83,5,19,2.20,4,0.00,0.00,0.00,0,0.00,0.00,0.00,0.00,0,0.00,0.00,0.00,0.00,0.00,0.00,0.00,0.50,0.00,0.00,0.00,0.00,0.00,0.00,0.10,0.00,0.00,0.00,0.00,0,0,,0,0.00,14,0,0.00,29,0,0.00,16,1,8,2,63,0.00,99,0,0,0.00,6,0,34,0.00,16,0,0.00,99,0,0.00,0,0,0.00,0,0.00,17,0,0.00,18,0,0.00,0.00,0,0.00,0,0,0,0.00,0,3,0.00,99,1.32,10,N/A,N/A,N/A,N/A,0.00,0,0.00,0,0.63,0.00,0,71.43,0.00,29,99,0.00,0.00,0,24,24,1,0,0,0.00,0.00,0,26,32.48,0.17,0.44,1,0,0.00,0.00,99,0.00,0,1,0,0.00,0.00,0,0.00,0.00,0.00,0.00,0,0,0.00,41,0,12,52,99,0.01,3,0.00,0.00,-0.07,0,-0.01,-0.03,8,0,0.00,0.00,0.44,0.17,48,1,0.28,78,5,29,82,0,59,10,0,0.00,99,0,0.00,0.00,2.63,1.00,6,2,13,14,0.88,0.33,33.33,0,0.00,99,0,0.00,0,0.00,99,0,0.00,0.00,34,1,92,38,0,0,0,0,0,69,88,57,95,0,99,29,23,23,0,0,23,20,0,0
Sebastian Biller Mikkelsen,19,1162368000,2006/11/01,First Division,2026,Forward,Hødd,1226,658,568,Denmark,20,10,10,2,2,0,6,5,1,0,0,2,1,1,17,8,9,0,0,0.59,0.44,0.15,0.27,0,613,1.25,72,61,0,204,0,100,20,-1,7,0,6.30,0.3,93,13.95,9.79,25,186,8.37,159,75,11.93,31,0.00,0.00,0.32,6,0.00,0.47,0.00,0.00,0,0.00,0.37,0.00,0.00,0.00,0.47,0.53,1.00,4.00,0.60,0.16,0.89,0.00,0.26,0.10,0.00,0.05,0.00,0.00,0,0,,8,0.42,55,5,0.38,72,3,0.23,40,2,4,16,63,0.00,99,0,9,0.67,54,9,93,0.67,60,0,0.00,99,0,0.00,0,0,0.00,0,0.45,61,17,1.27,88,10,0.75,58.82,0,0.00,0,0,0,0.00,0,19,0.00,85,1.43,17,N/A,N/A,N/A,N/A,0.00,0,0.00,0,1.96,0.00,0,85.48,62.50,93,99,0.00,0.00,0,84,46,0,0,0,0.05,0.08,1,38,119.62,0.26,0.38,5,0,0.00,0.00,99,0.00,0,0,0,0.00,0.00,0,0.00,0.00,0.15,0.11,2,0,25.00,71,47,84,75,85,4.21,94,0.22,0.32,1.96,69,0.10,0.15,84,13,0.68,0.98,0.38,0.26,40,5,0.15,68,27,26,82,0,79,12,0,0.00,99,1,0.00,0.08,6.00,4.21,80,30,35,50,2.25,1.58,37.50,7,0.53,21,0,55.56,0,0.00,99,5,0.26,0.38,72,61,73,57,0,0,0,0,0,79,66,57,75,0,99,29,23,23,0,0,23,19,0,0
Sebastian Brudvik,25,977472000,2000/12/22,First Division,2026,Defender,Åsane,680,354,326,Norway,15,8,7,0,0,0,1,1,0,0,0,3,3,0,14,8,6,4,0,0.13,0.13,0,0,0,0,1.85,49,45,170,680,0.53,198,120,72,25,0,6.44,0.07,59,30.35,17.77,77,231,15.15,197,75,25.88,79,0.00,0.00,0.23,3,0.00,0.00,0.13,0.08,1,0.00,0.08,0.00,0.00,0.00,0.69,0.00,1.15,0.00,0.39,0.15,0.00,0.00,0.08,0.02,0.00,1.69,0.00,0.00,0,0,,3,0.23,43,1,0.13,46,2,0.26,43,2,7,8,89,0.00,99,0,9,1.18,83,0,34,0.00,16,0,0.00,99,0,0.00,0,0,0.00,0,0.39,54,0,0.00,18,0,0.00,0.00,0,0.00,0,0,0,0.00,0,15,0.00,42,1.97,50,N/A,N/A,N/A,N/A,0.00,0,0.00,0,0.26,0.00,0,85.28,33.33,56,99,0.00,0.00,0,24,24,0,0,0,0.38,0.66,5,94,83.70,2.46,4.20,32,0,0.00,0.00,99,0.00,0,0,0,0.00,0.00,0,0.00,0.00,0.00,0.00,0,0,0.00,41,21,33,39,43,1.10,62,0.08,0.14,0.26,32,0.02,0.03,66,5,0.38,0.66,0.26,0.15,23,2,0.03,32,45,98,82,0,59,99,0,0.00,99,22,0.00,2.89,6.83,4.00,52,33,84,59,4.34,2.54,63.46,1,0.13,62,0,0.00,0,0.00,99,0,0.00,0.00,34,25,88,57,0,0,0,0,0,40,39,57,51,0,99,59,25,99,4,27,94,6,0,0
Sebastian Gjelsvik,24,1012291200,2002/01/29,First Division,2026,Defender,Raufoss,1062,480,582,Norway,14,6,8,0,0,0,0,0,0,0,0,2,2,0,14,3,11,1,0,0,0,0,0,0,0,1.19,76,76,1062,0,0.08,192,193,10,25,0,5.86,0,36,10.67,8.93,19,125,6.86,96,35,8.20,20,0.00,0.00,0.00,0,0.00,0.14,0.00,0.00,0,0.00,0.07,0.00,0.00,0.00,0.43,0.00,1.14,0.00,0.09,0.07,0.00,0.00,0.00,0.00,0.00,0.57,0.00,0.00,0,0,,1,0.07,18,0,0.00,29,1,0.09,23,2,1,13,63,0.00,99,0,6,0.51,38,2,92,0.17,27,0,0.00,99,0,0.00,0,0,0.00,0,0.00,17,0,0.00,18,0,0.00,0.00,0,0.00,0,0,0,0.00,0,16,0.00,92,1.37,13,N/A,N/A,N/A,N/A,0.00,0,0.00,0,0.04,0.00,0,76.80,0.00,29,99,0.00,0.00,0,24,24,0,0,0,0.29,0.34,4,82,82.07,2.00,2.39,28,0,0.00,0.00,99,0.00,0,0,0,0.00,0.00,0,0.00,0.00,0.00,0.00,0,0,0.00,41,40,27,39,92,0.21,8,0.01,0.02,0.04,15,0.00,0.00,29,3,0.21,0.26,0.09,0.07,12,1,0.00,15,11,80,82,0,59,55,0,0.00,99,8,0.00,0.68,2.05,1.71,24,12,14,12,1.02,0.86,50.00,1,0.09,67,0,50.00,0,0.00,99,1,0.07,0.09,41,45,48,57,0,0,0,0,0,22,39,57,51,0,99,43,92,31,1,7,36,4,0,0
Sebastian Hansen,19,1161846000,2006/10/26,First Division,2026,Goalkeeper,Odd,1710,900,810,Norway,19,10,9,0,0,0,0,0,0,0,0,6,4,2,29,11,18,0,0,0,0,0,0,0,0,1.53,59,90,0,0,0,278,236,47,17,0,6.36,0,36,15.67,15.67,33,282,11.44,206,23,11.44,29,0.00,0.00,0.00,0,0.00,0.00,0.00,0.00,0,0.00,0.00,0.00,0.00,1.61,0.11,0.00,3.22,0.00,0.00,0.00,0.00,0.00,0.00,0.00,0.00,0.00,0.00,0.00,0,0,,0,0.00,14,0,0.00,29,0,0.00,16,0,0,19,63,0.00,99,0,2,0.11,9,0,34,0.00,16,0,0.00,99,0,0.00,0,0,0.00,0,0.00,17,0,0.00,18,0,0.00,0.00,0,0.00,0,29,61,1.61,33,58,0.00,63,3.22,93,N/A,N/A,N/A,N/A,50.00,0,0.00,0,0.00,0.00,0,73.05,0.00,29,99,0.00,0.00,0,24,24,0,0,23,0.00,0.00,0,26,114.45,0.00,0.00,0,0,0.00,0.00,99,0.00,0,0,0,0.00,0.00,0,0.00,0.00,0.00,0.00,0,0,0.00,41,85,69,39,63,0.42,8,0.02,0.02,0.00,15,0.00,0.00,14,2,0.11,0.11,0.00,0.00,9,0,0.00,15,34,8,82,0,59,10,0,0.00,99,0,0.00,0.00,0.11,0.11,2,1,4,5,0.06,0.06,50.00,0,0.00,99,0,0.00,0,0.00,99,0,0.00,0.00,34,84,36,14,0,0,0,0,0,22,39,57,51,0,99,88,23,23,0,0,23,1,0,0
Sebastian Heimvik Haugland,20,1150095600,2006/06/12,First Division,2026,Forward,Ranheim,173,101,72,Norway,7,3,4,0,0,0,0,0,0,0,0,0,0,0,9,6,3,0,0,0,0,0,0,0,0,4.68,19,25,0,0,0,-1,-1,-1,24,0,6.45,0,36,13.37,4.33,25,26,3.00,18,11,9.26,23,0.00,0.00,0.00,0,0.00,0.83,0.00,0.00,0,0.00,0.33,0.00,0.00,0.00,0.00,0.17,1.83,0.00,1.54,0.33,0.17,0.00,0.17,0.04,0.00,1.00,0.00,0.00,0,0,,3,0.50,87,1,0.51,79,2,1.03,91,2,6,1,63,0.00,99,0,0,0.00,6,5,39,2.57,96,0,0.00,99,0,0.00,0,0,0.00,0,0.00,17,1,0.51,62,1,0.51,100.00,0,0.00,0,0,0,0.00,0,11,0.00,0,5.66,99,N/A,N/A,N/A,N/A,0.00,0,0.00,0,0.25,0.00,0,69.23,33.33,56,99,0.00,0.00,0,72,99,0,0,0,0.00,0.00,0,26,38.72,0.33,1.03,2,0,0.00,0.00,99,0.00,0,0,0,0.00,0.00,0,0.00,0.00,0.00,0.00,0,0,0.00,41,0,5,39,0,0.03,8,0.01,0.02,0.25,65,0.04,0.13,85,2,0.33,1.03,1.03,0.33,87,2,0.13,64,46,54,82,0,59,99,0,0.00,99,6,0.00,3.09,10.80,3.50,21,9,86,89,4.63,1.50,42.86,2,1.03,3,0,20.00,0,0.00,99,1,0.17,0.51,82,0,84,57,0,0,0,0,0,22,39,57,51,0,99,7,23,23,0,0,23,9,0,0
Sebastian Heredia-Randen,20,1140595200,2006/02/22,First Division,2026,Midfielder,Strømsgodset,266,112,154,Norway,4,2,2,1,1,0,0,0,0,0,0,0,0,0,4,2,2,0,0,0.34,0,0.34,0.8,0,266,1.35,67,67,0,0,0,-1,-1,-1,10,0,6.64,0,36,54.32,22.33,97,134,20.67,124,99,50.27,98,0.00,0.00,0.17,1,0.00,0.00,0.00,0.00,0,0.00,0.00,0.00,0.00,0.00,0.67,0.33,0.67,3.00,1.22,0.33,0.50,0.00,0.17,0.14,0.00,0.33,0.00,0.00,0,0,,3,0.50,79,1,0.41,74,2,0.81,85,3,1,3,63,0.00,99,0,4,1.62,94,0,34,0.00,16,0,0.00,99,0,0.00,0,0,0.00,0,0.41,58,3,1.22,87,2,0.81,66.67,0,0.00,0,0,0,0.00,0,4,0.00,76,1.62,30,N/A,N/A,N/A,N/A,0.00,0,0.00,0,0.81,0.00,0,92.54,33.33,56,99,0.00,0.00,0,86,59,0,0,0,0.17,0.41,1,85,39.84,0.33,0.81,2,0,0.00,0.00,99,0.00,0,0,0,0.00,0.00,0,0.00,0.00,0.00,0.00,0,0,33.33,80,0,0,59,78,0.33,59,0.06,0.13,0.81,86,0.14,0.33,8,0,0.00,0.00,1.62,0.67,99,4,0.33,83,68,45,82,0,59,63,0,0.00,99,2,0.00,0.81,9.32,3.83,23,8,64,83,3.24,1.33,34.78,0,0.00,99,0,0.00,0,0.00,99,0,0.00,0.00,34,2,48,79,0,0,0,0,0,65,82,57,95,0,99,7,23,23,0,0,23,15,0,0
Sebastian Olderheim,19,1183878000,2007/07/08,First Division,2026,Midfielder,Stabæk,1087,508,579,Norway,13,6,7,5,4,1,7,4,3,0,0,5,3,2,13,4,9,2,0,0.99,0.58,0.41,0.71,0.16,217,1.08,84,84,544,155,0.17,47,7,-1,3,0,6.97,0.54,98,11.81,10.31,21,134,8.31,108,54,9.52,24,0.00,0.00,0.92,12,0.00,1.31,0.00,0.00,0,0.00,0.31,0.00,0.00,0.00,0.23,1.92,1.00,1.40,0.62,0.31,2.77,0.00,0.23,0.29,0.00,0.08,0.00,0.00,0,0,,7,0.54,57,3,0.26,65,4,0.35,54,4,0,13,63,0.00,99,0,3,0.26,22,17,77,1.50,81,0,0.00,99,0,0.00,0,0,0.00,0,1.06,92,36,3.17,98,25,2.20,69.44,0,0.00,0,0,0,0.00,0,13,0.00,98,1.15,1,N/A,N/A,N/A,N/A,0.00,0,0.00,0,3.73,0.00,0,80.60,42.86,74,99,0.00,0.00,0,99,61,0,0,0,0.00,0.00,0,26,90.61,0.00,0.00,0,0,0.00,0.00,99,0.00,0,0,0,0.00,0.00,0,0.00,0.00,0.09,0.08,1,0,71.43,97,42,24,55,98,4.68,99,0.36,0.41,3.73,86,0.29,0.33,70,8,0.62,0.71,0.09,0.08,12,1,0.33,83,91,8,82,0,72,13,0,0.00,99,1,0.00,0.09,7.58,6.62,86,44,77,68,3.88,3.38,51.16,4,0.35,38,0,41.18,0,0.00,99,7,0.54,0.62,86,45,36,89,0,0,0,0,0,95,85,69,93,0,99,97,64,63,2,15,71,10,0,0
Sebastian Pedersen,27,928825200,1999/06/08,First Division,2026,Forward,Sogndal,939,425,514,Norway,12,5,7,8,3,5,2,2,0,0,0,1,1,0,27,9,18,1,0,0.96,0.19,0.77,0.64,0.88,117,2.59,35,78,939,470,0.1,11,86,-1,1,0,6.90,0.17,71,4.51,3.92,5,47,2.75,33,13,3.17,5,0.00,0.00,0.08,1,0.00,0.17,0.00,0.00,0,0.00,0.08,0.00,0.00,0.00,0.25,0.00,2.58,1.75,1.34,0.92,0.00,0.00,0.25,0.45,0.00,0.58,0.00,0.00,0,0,,14,1.17,83,3,0.29,68,11,1.06,91,1,1,11,63,0.00,99,0,3,0.29,24,2,34,0.19,29,0,0.00,99,0,0.00,0,0,0.00,0,0.10,23,0,0.00,18,0,0.00,0.00,0,0.00,0,0,0,0.00,0,31,0.00,7,2.97,89,N/A,N/A,N/A,N/A,0.00,0,0.00,0,5.36,0.00,0,70.21,21.43,39,99,0.00,0.00,0,24,24,0,0,0,0.08,0.10,1,45,82.86,0.08,0.10,1,0,0.00,0.00,99,0.00,0,0,1,0.08,0.10,0,0.00,0.00,0.29,0.25,3,0,57.14,95,34,20,43,8,1.36,59,0.11,0.13,5.36,95,0.45,0.51,34,3,0.25,0.29,0.19,0.17,18,2,0.51,95,86,12,96,0,89,54,0,0.00,99,7,0.00,0.67,3.45,3.00,36,13,17,18,1.25,1.08,36.11,1,0.10,66,0,0.00,0,0.00,99,0,0.00,0.00,34,38,48,38,0,2,0,17,0,95,97,98,91,0,99,22,89,37,1,8,39,7,0,0
Sebastian Pingel,33,737103600,1993/05/11,First Division,2026,Forward,Strømsgodset,1502,767,735,Denmark,19,10,9,15,7,8,3,1,2,0,0,6,3,3,21,10,11,3,0,1.08,0.18,0.9,0.82,0.98,100,1.26,72,79,501,501,0.18,6,89,-1,1,0,6.95,0.16,70,9.32,8.16,14,155,5.84,111,20,6.67,14,0.00,0.00,0.42,8,0.00,0.32,0.00,0.00,0,0.00,0.21,0.00,0.00,0.00,0.11,0.11,1.21,1.40,1.26,0.68,0.11,0.00,0.42,0.51,0.00,1.89,0.00,0.00,0,0,,21,1.11,80,8,0.48,78,13,0.78,84,1,2,17,63,0.00,99,0,2,0.12,10,6,64,0.36,41,0,0.00,99,0,0.00,0,0,0.00,0,0.48,63,2,0.12,31,2,0.12,100.00,0,0.00,0,0,0,0.00,0,23,0.00,82,1.38,14,N/A,N/A,N/A,N/A,0.00,0,0.00,0,9.74,0.00,0,71.61,38.10,61,99,0.00,0.00,0,38,99,0,0,0,0.11,0.12,2,48,132.13,0.47,0.54,9,0,0.00,0.00,99,0.00,0,0,0,0.00,0.00,0,0.00,0.00,0.06,0.05,1,0,71.43,97,64,69,41,85,2.23,59,0.12,0.13,9.74,96,0.51,0.59,54,9,0.47,0.54,0.48,0.42,52,8,0.59,96,90,35,82,0,68,95,0,0.00,99,36,0.00,2.16,8.06,7.05,134,56,68,74,3.37,2.95,41.79,4,0.24,46,0,33.33,0,0.00,99,2,0.11,0.12,48,67,59,38,2,3,2,16,11,97,98,98,96,0,99,88,59,66,3,16,74,11,0,0
Sebastian Selin,23,1042444800,2003/01/13,First Division,2026,Goalkeeper,Åsane,538,348,190,Sweden,7,4,3,0,0,0,0,0,0,0,0,2,2,0,8,6,2,1,0,0,0,0,0,0,0,1.34,67,77,538,0,0.17,203,215,30,19,0,6.16,0,36,0.00,0.00,2,0,0.00,0,2,0.00,2,0.00,0.00,0.00,0,0.00,0.00,0.00,0.00,0,0.00,0.00,0.00,0.00,0.00,0.00,0.00,1.14,0.00,0.00,0.00,0.00,0.00,0.00,0.00,0.00,0.00,0.00,0.00,0,0,,0,0.00,14,0,0.00,29,0,0.00,16,3,0,7,63,0.00,99,0,0,0.00,6,0,34,0.00,16,0,0.00,99,0,0.00,0,0,0.00,0,0.00,17,0,0.00,18,0,0.00,0.00,0,0.00,0,0,0,0.00,0,8,0.00,78,1.31,9,N/A,N/A,N/A,N/A,0.00,0,0.00,0,0.00,0.00,0,0.00,0.00,29,99,0.00,0.00,0,24,24,0,0,0,0.00,0.00,0,26,43.10,0.00,0.00,0,0,0.00,0.00,99,0.00,0,0,0,0.00,0.00,0,0.00,0.00,0.00,0.00,0,0,0.00,41,12,5,39,78,0.00,3,0.00,0.00,0.00,15,0.00,0.00,8,0,0.00,0.00,0.00,0.00,9,0,0.00,15,20,8,82,0,59,10,0,0.00,99,0,0.00,0.00,0.00,0.00,0,0,2,2,0.00,0.00,0.00,0,0.00,99,0,0.00,0,0.00,99,0,0.00,0.00,34,21,36,79,0,0,0,0,0,22,39,57,51,0,99,81,63,63,1,14,67,1,0,0
Sem Aleksander Bergene,22,1082012400,2004/04/15,First Division,2026,Goalkeeper,Egersund,0,0,0,Norway,0,0,0,0,0,0,0,0,0,0,0,0,0,0,0,0,0,0,0,0,0,0,0,0,0,0,0,0,0,0,0,-1,-1,-1,-1,N/A,N/A,N/A,N/A,N/A,N/A,N/A,N/A,N/A,N/A,N/A,N/A,N/A,N/A,N/A,N/A,N/A,N/A,N/A,N/A,N/A,N/A,N/A,N/A,N/A,N/A,N/A,N/A,N/A,N/A,N/A,N/A,N/A,N/A,N/A,N/A,N/A,N/A,N/A,N/A,N/A,N/A,N/A,N/A,N/A,N/A,N/A,N/A,N/A,N/A,N/A,N/A,N/A,N/A,N/A,N/A,N/A,N/A,N/A,N/A,N/A,N/A,N/A,N/A,N/A,N/A,N/A,N/A,N/A,N/A,N/A,N/A,N/A,N/A,N/A,N/A,N/A,N/A,N/A,N/A,N/A,N/A,N/A,N/A,N/A,N/A,N/A,N/A,N/A,N/A,N/A,N/A,N/A,N/A,N/A,N/A,N/A,N/A,N/A,N/A,N/A,N/A,N/A,N/A,N/A,N/A,N/A,N/A,N/A,N/A,N/A,N/A,N/A,N/A,N/A,N/A,N/A,N/A,N/A,N/A,N/A,N/A,N/A,N/A,N/A,N/A,N/A,N/A,N/A,N/A,N/A,N/A,N/A,N/A,N/A,N/A,N/A,N/A,N/A,N/A,N/A,N/A,N/A,N/A,N/A,N/A,N/A,N/A,N/A,N/A,N/A,N/A,N/A,N/A,N/A,N/A,N/A,N/A,N/A,N/A,N/A,N/A,N/A,N/A,N/A,N/A,N/A,N/A,N/A,N/A,N/A,N/A,N/A,N/A,N/A,N/A,N/A,N/A,N/A,N/A,N/A,N/A,N/A,N/A,N/A,N/A,N/A,N/A,N/A,N/A,N/A,N/A,N/A,N/A,N/A,N/A,N/A,N/A,N/A,N/A,N/A,N/A,N/A,N/A,N/A,N/A,N/A,N/A,N/A,N/A,N/A,N/A,N/A,N/A,N/A,N/A,N/A,N/A,N/A,N/A,N/A,N/A,N/A,N/A
Seydina Gueye,19,1170576000,2007/02/04,First Division,2026,Defender,Lyn,0,0,0,Senegal,1,1,0,0,0,0,0,0,0,0,0,0,0,0,0,0,0,0,0,0,0,0,0,0,0,0,0,0,0,0,0,-1,-1,-1,-1,0,0.00,0,36,180.00,4.00,99,4,0.00,0,2,0.00,2,0.00,0.00,0.00,0,0.00,0.00,0.00,0.00,0,0.00,0.00,0.00,0.00,0.00,1.00,0.00,0.00,0.00,0.00,0.00,0.00,0.00,0.00,0.00,0.00,2.00,0.00,0.00,0,0,,0,0.00,14,0,0.00,29,0,0.00,16,0,1,0,63,0.00,99,0,1,45.00,99,0,34,0.00,16,0,0.00,99,0,0.00,0,0,0.00,0,0.00,17,0,0.00,18,0,0.00,0.00,0,0.00,0,0,0,0.00,0,0,0.00,99,0.00,0,N/A,N/A,N/A,N/A,0.00,0,0.00,0,0.00,0.00,0,0.00,0.00,29,99,0.00,0.00,0,24,24,0,0,0,0.00,0.00,0,26,0.00,4.00,180.00,4,0,0.00,0.00,99,0.00,0,0,0,0.00,0.00,0,0.00,0.00,0.00,0.00,0,0,0.00,41,0,0,39,0,0.00,3,0.00,0.00,0.00,15,0.00,0.00,8,0,0.00,0.00,45.00,1.00,99,1,0.00,15,0,99,82,0,59,99,0,0.00,99,2,0.00,90.00,180.00,4.00,4,3,99,99,135.00,3.00,75.00,0,0.00,99,0,0.00,0,0.00,99,0,0.00,0.00,34,0,48,14,0,0,0,0,0,22,39,57,51,0,99,7,23,23,0,0,23,29,0,0
Seydina Mohamed Diop,21,1115708400,2005/05/10,First Division,2026,Forward,Ranheim,251,74,177,Senegal,7,3,4,0,0,0,0,0,0,0,0,0,0,0,10,3,7,1,0,0,0,0,0,0,0,3.59,25,36,251,0,0.36,-1,-1,-1,15,0,6.57,0,36,15.60,6.50,32,39,5.00,30,36,12.00,31,0.00,0.00,0.00,0,0.00,0.83,0.00,0.00,0,0.00,0.17,0.00,0.00,0.00,0.50,1.00,1.67,0.00,1.20,0.33,1.33,0.00,0.17,0.04,0.00,0.33,0.00,0.00,0,0,,3,0.50,78,1,0.40,73,2,0.80,84,4,5,2,63,0.00,99,0,3,1.20,83,5,34,2.00,89,0,0.00,99,0,0.00,0,0,0.00,0,0.00,17,8,3.20,99,6,2.40,75.00,0,0.00,0,0,0,0.00,0,10,0.00,1,4.00,97,N/A,N/A,N/A,N/A,0.00,0,0.00,0,0.26,0.00,0,76.92,33.33,56,99,0.00,0.00,0,99,70,0,0,0,0.00,0.00,0,26,39.42,0.00,0.00,0,0,0.00,0.00,99,0.00,0,0,1,0.17,0.40,0,0.00,0.00,0.00,0.00,0,0,0.00,41,0,5,39,1,0.07,14,0.01,0.03,0.26,57,0.04,0.10,91,3,0.50,1.20,1.20,0.50,91,3,0.10,57,59,8,99,0,59,62,0,0.00,99,2,0.00,0.80,12.00,5.00,30,15,95,93,6.00,2.50,50.00,1,0.40,32,0,0.00,0,0.00,99,0,0.00,0.00,34,1,80,89,0,0,0,0,0,22,39,57,51,0,99,7,31,93,1,14,67,16,0,0
Sigurd Grönli,25,971766000,2000/10/17,First Division,2026,Midfielder,Moss,777,348,429,Norway,14,6,8,1,0,1,0,0,0,0,0,0,0,0,20,9,11,1,0,0.12,0,0.12,0,0.21,777,2.32,39,56,777,0,0.12,119,222,-1,7,0,5.97,0,36,22.00,12.50,52,200,9.69,155,39,17.05,50,0.00,0.00,0.25,4,0.00,0.62,0.00,0.00,0,0.00,0.25,0.00,0.00,0.00,0.31,0.56,1.31,6.00,0.66,0.31,0.69,0.00,0.06,0.06,0.00,0.12,0.00,0.00,0,0,,6,0.38,59,1,0.11,44,5,0.55,69,2,5,9,63,0.00,99,0,5,0.55,41,10,56,1.10,71,0,0.00,99,0,0.00,0,0,0.00,0,0.44,59,11,1.21,86,9,0.99,81.82,0,0.00,0,0,0,0.00,0,21,0.00,14,2.31,70,N/A,N/A,N/A,N/A,0.00,0,0.00,0,0.96,0.00,0,77.50,16.67,32,99,0.00,0.00,0,89,73,0,0,0,0.00,0.00,0,26,95.60,0.25,0.44,4,0,0.00,0.00,99,0.00,0,0,0,0.00,0.00,0,0.00,0.00,0.00,0.00,0,0,16.67,55,27,27,81,16,0.44,24,0.03,0.05,0.96,61,0.06,0.11,66,6,0.38,0.66,0.99,0.56,86,9,0.11,60,14,29,82,0,59,25,0,0.00,99,2,0.00,0.22,6.93,3.94,63,27,60,61,2.97,1.69,42.86,4,0.44,29,0,30.00,0,0.00,99,3,0.19,0.33,68,28,80,57,0,0,0,0,0,37,61,74,51,0,99,7,82,44,1,7,36,21,0,0
Sigurd Jacobsen Prestmo,19,1160118000,2006/10/06,First Division,2026,Midfielder,Moss,665,270,395,Norway,8,3,5,0,0,0,0,0,0,0,0,1,1,0,14,4,10,0,0,0,0,0,0,0,0,1.89,48,83,0,0,0,194,221,-1,24,0,6.29,0,36,1.74,1.62,3,13,1.38,11,71,1.48,3,0.00,0.00,0.00,0,0.00,0.00,0.00,0.00,0,0.00,0.12,0.00,0.00,0.00,0.00,0.00,1.75,0.00,0.00,0.00,0.00,0.00,0.00,0.00,0.00,0.12,0.00,0.00,0,0,,0,0.00,14,0,0.00,29,0,0.00,16,0,1,7,63,0.00,99,0,0,0.00,6,0,34,0.00,16,0,0.00,99,0,0.00,0,0,0.00,0,0.00,17,0,0.00,18,0,0.00,0.00,0,0.00,0,0,0,0.00,0,14,0.00,39,1.88,47,N/A,N/A,N/A,N/A,0.00,0,0.00,0,0.00,0.00,0,84.62,0.00,29,99,0.00,0.00,0,24,24,0,0,0,0.00,0.00,0,26,50.28,0.12,0.13,1,0,0.00,0.00,99,0.00,0,0,0,0.00,0.00,0,0.00,0.00,0.00,0.00,0,0,0.00,41,19,7,39,41,0.02,3,0.00,0.00,0.00,15,0.00,0.00,8,0,0.00,0.00,0.13,0.12,14,1,0.00,15,26,13,82,0,59,17,0,0.00,99,1,0.00,0.13,0.54,0.50,4,1,6,9,0.13,0.12,25.00,1,0.13,62,0,0.00,0,0.00,99,0,0.00,0.00,34,21,48,14,0,0,0,0,0,22,39,57,51,0,99,39,23,23,0,0,23,27,0,0
Simen Beck,23,1037088000,2002/11/12,First Division,2026,Midfielder,Strømmen,1566,831,735,Norway,20,11,9,1,1,0,1,1,0,0,0,3,3,0,38,19,19,5,0,0.11,0.06,0.06,0.11,0,1566,2.18,41,78,313,1566,0.29,151,160,-1,6,0,6.42,0.05,45,17.35,15.30,40,306,11.70,234,33,13.27,39,0.00,0.00,0.35,7,0.00,0.40,0.00,0.00,0,0.00,0.05,0.00,0.00,0.00,0.50,0.05,2.10,12.00,0.68,0.40,0.15,0.00,0.20,0.08,0.00,0.20,0.00,0.00,0,0,,12,0.60,60,4,0.23,60,8,0.45,63,3,1,19,63,0.00,99,0,10,0.57,43,8,50,0.45,48,0,0.00,99,0,0.00,0,0,0.00,0,0.40,55,3,0.17,37,1,0.06,33.33,0,0.00,0,0,0,0.00,0,42,0.00,22,2.38,73,N/A,N/A,N/A,N/A,0.00,0,0.00,0,1.59,0.00,0,76.47,33.33,56,99,0.00,0.00,0,32,28,0,0,0,0.10,0.11,2,46,128.46,1.50,1.70,30,0,0.00,0.00,99,0.00,0,0,1,0.05,0.06,0,0.00,0.00,0.00,0.00,0,0,8.33,44,71,84,95,22,1.29,35,0.06,0.07,1.59,55,0.08,0.09,33,5,0.25,0.28,0.40,0.35,44,7,0.09,54,40,69,91,0,59,26,0,0.00,99,4,0.00,0.23,3.18,2.80,56,29,22,17,1.64,1.45,51.79,1,0.06,73,0,25.00,0,0.00,99,2,0.10,0.11,46,84,48,79,0,0,0,0,0,35,47,57,58,0,99,47,37,86,5,25,92,6,0,0
Simo Lampinen-Skaug,21,1115622000,2005/05/09,First Division,2026,Goalkeeper,Strømsgodset,294,180,114,Norway,4,2,2,0,0,0,0,0,0,0,0,1,0,1,6,5,1,0,0,0,0,0,0,0,0,1.84,49,74,0,0,0,217,231,68,21,0,6.14,0,36,14.39,11.75,28,47,10.50,42,93,12.86,35,0.00,0.00,0.00,0,0.00,0.00,0.00,0.00,0,0.00,0.00,0.00,0.00,0.50,0.00,0.00,2.00,0.00,0.00,0.00,0.00,0.00,0.00,0.00,0.00,0.00,0.00,0.00,0,0,,0,0.00,14,0,0.00,29,0,0.00,16,0,1,3,63,0.00,99,0,0,0.00,6,0,34,0.00,16,0,0.00,99,0,0.00,0,0,0.00,0,0.00,17,0,0.00,18,0,0.00,0.00,0,0.00,0,2,0,0.61,0,8,0.00,42,2.45,75,N/A,N/A,N/A,N/A,25.00,0,0.00,0,0.00,0.00,0,89.36,0.00,29,99,0.00,0.00,0,24,24,0,0,2,0.00,0.00,0,26,24.56,0.00,0.00,0,0,0.00,0.00,99,0.00,0,0,0,0.00,0.00,0,0.00,0.00,0.00,0.00,0,0,0.00,41,0,0,39,43,0.08,8,0.02,0.02,0.00,15,0.00,0.00,8,0,0.00,0.00,0.00,0.00,9,0,0.00,15,18,8,82,0,59,10,0,0.00,99,0,0.00,0.00,0.00,0.00,0,0,2,2,0.00,0.00,0.00,0,0.00,99,0,0.00,0,0.00,99,0,0.00,0.00,34,2,48,14,0,0,0,0,0,22,39,57,51,0,99,70,23,23,0,0,23,12,0,0
Simon Friis Sharif,28,879148800,1997/11/10,First Division,2026,Defender,Strømmen,946,553,393,Denmark,16,8,8,0,0,0,1,1,0,0,0,3,3,0,18,11,7,0,0,0.1,0.1,0,0,0,0,1.71,53,59,0,946,0,248,143,63,18,0,5.63,0.06,52,30.45,21.27,78,319,16.27,244,34,23.29,71,0.00,0.00,0.60,9,0.00,2.07,0.19,0.13,2,0.00,0.13,0.00,0.00,0.00,0.33,0.33,1.40,0.00,0.29,0.13,0.73,0.00,0.07,0.02,0.00,0.93,0.00,0.00,0,0,,3,0.20,35,1,0.10,42,2,0.19,34,1,7,9,95,0.00,99,0,5,0.48,36,31,66,2.96,98,0,0.00,99,0,0.00,0,0,0.00,0,0.86,86,11,1.05,82,5,0.48,45.45,0,0.00,0,0,0,0.00,0,21,0.00,48,2.00,53,N/A,N/A,N/A,N/A,0.00,0,0.00,0,0.26,0.00,0,76.49,33.33,56,99,0.00,0.00,0,71,30,0,0,0,0.07,0.10,1,45,84.43,1.27,1.81,19,0,0.00,0.00,99,0.00,0,0,0,0.00,0.00,0,0.00,0.00,0.00,0.00,0,0,0.00,41,35,42,39,50,1.46,62,0.10,0.14,0.26,28,0.02,0.02,42,4,0.27,0.38,0.48,0.33,52,5,0.02,28,7,70,82,0,59,83,0,0.00,99,14,0.00,1.34,8.69,6.07,91,40,76,78,3.82,2.67,43.96,2,0.19,52,0,35.48,0,0.00,99,11,0.73,1.05,96,28,88,38,0,0,0,0,0,33,39,57,51,0,99,57,23,23,0,0,23,5,0,0
Sivert Eriksen Westerlund,27,929170800,1999/06/12,First Division,2026,Defender,Egersund,1222,707,515,Norway,15,8,7,0,0,0,1,0,1,0,0,6,4,2,18,7,11,3,0,0.07,0.07,0,0,0,0,1.33,68,81,407,1222,0.22,236,151,27,25,0,6.89,0.07,46,23.87,21.43,58,300,17.14,240,50,19.10,57,0.00,0.00,0.43,6,0.00,1.29,0.24,0.21,3,0.00,0.36,0.00,0.00,0.00,0.36,0.21,1.36,0.00,0.88,0.64,0.36,0.00,0.14,0.06,0.00,0.71,0.00,0.00,0,0,,11,0.79,69,2,0.16,54,9,0.72,80,1,1,14,98,0.00,99,0,5,0.40,30,18,52,1.43,79,0,0.00,99,0,0.00,0,0,0.00,0,0.48,63,5,0.40,55,3,0.24,60.00,0,0.00,0,0,0,0.00,0,19,0.00,78,1.51,24,N/A,N/A,N/A,N/A,0.00,0,0.00,0,0.80,0.00,0,80.00,18.18,33,99,0.00,0.00,0,54,49,0,0,0,0.21,0.24,3,71,96.51,1.00,1.11,14,0,0.00,0.00,99,0.00,0,0,2,0.14,0.16,0,0.00,0.00,0.08,0.07,1,0,0.00,41,47,33,39,79,1.28,45,0.09,0.10,0.80,46,0.06,0.06,27,3,0.21,0.24,0.32,0.29,34,4,0.06,45,86,56,98,0,71,62,0,0.00,99,10,0.00,0.80,4.93,4.43,62,30,41,37,2.39,2.14,48.39,5,0.40,32,0,27.78,0,0.00,99,5,0.36,0.40,73,49,48,38,0,0,0,0,0,31,39,57,51,0,99,99,47,78,3,20,86,17,0,0
Sivert Heltne Nilsen,34,686386800,1991/10/02,First Division,2026,Midfielder,Haugesund,1786,896,890,Norway,20,10,10,1,0,1,5,3,2,0,0,6,3,3,27,10,17,4,0,0.3,0.25,0.05,0,0.1,1786,1.36,66,89,447,357,0.2,168,67,-1,9,0,6.64,0.25,79,38.04,37.55,90,751,33.30,666,88,33.73,91,0.00,0.00,0.65,13,0.00,0.05,0.05,0.05,1,0.00,0.15,0.00,0.00,0.00,0.85,0.15,1.65,6.00,0.30,0.15,0.20,0.00,0.15,0.06,0.00,0.85,0.00,0.00,0,0,,6,0.30,36,3,0.15,51,3,0.15,30,1,0,20,69,0.00,99,0,17,0.86,68,1,99,0.05,17,0,0.00,99,0,0.00,0,0,0.00,0,0.66,76,4,0.20,41,3,0.15,75.00,0,0.00,0,0,0,0.00,0,33,0.00,75,1.67,33,N/A,N/A,N/A,N/A,0.00,0,0.00,0,1.10,0.00,0,88.68,50.00,86,99,0.00,0.00,0,43,70,0,0,0,0.20,0.20,4,65,132.88,1.15,1.16,23,0,0.00,0.00,99,0.00,0,0,0,0.00,0.00,0,0.00,0.00,0.00,0.00,0,0,16.67,55,90,84,99,75,4.82,87,0.24,0.24,1.10,46,0.06,0.06,61,12,0.60,0.61,0.66,0.65,65,13,0.06,45,68,58,82,0,59,66,0,0.00,99,17,0.00,0.86,5.52,5.45,109,47,40,43,2.38,2.35,43.12,3,0.15,58,0,100.00,0,0.00,99,1,0.05,0.05,35,92,36,38,0,0,0,0,0,63,44,60,51,0,99,85,52,73,4,20,86,14,0,0
Sjur Torgersen Jonassen,21,1096786800,2004/10/03,First Division,2026,Forward,Bryne,325,155,170,Norway,11,4,7,2,0,2,1,0,1,0,0,2,0,2,10,6,4,0,0,0.83,0.28,0.55,0,1.06,163,2.77,33,30,0,325,0,25,54,-1,5,0,3.61,0.09,83,5.23,1.73,5,19,1.09,12,5,3.30,5,0.00,0.00,0.09,1,0.00,0.00,0.00,0.00,0,0.00,0.09,0.00,0.00,0.00,0.09,0.18,0.91,3.50,1.93,0.45,0.45,0.00,0.18,0.15,0.00,0.00,0.00,0.00,0,0,,7,0.64,94,2,0.55,84,5,1.38,96,3,9,2,63,0.00,99,0,1,0.28,23,0,34,0.00,16,0,0.00,99,0,0.00,0,0,0.00,0,0.28,46,5,1.38,90,2,0.55,40.00,0,0.00,0,0,0,0.00,0,10,0.00,3,2.75,83,N/A,N/A,N/A,N/A,0.00,0,0.00,0,1.61,0.00,0,63.16,28.57,46,99,0.00,0.00,0,73,29,0,0,0,0.00,0.00,0,26,39.67,0.00,0.00,0,0,0.00,0.00,99,0.00,0,0,0,0.00,0.00,0,0.00,0.00,0.00,0.00,0,0,28.57,75,0,17,47,3,0.67,72,0.06,0.18,1.61,92,0.15,0.44,8,0,0.00,0.00,0.55,0.18,57,2,0.44,91,0,8,82,0,59,10,0,0.00,99,0,0.00,0.00,4.95,1.64,18,4,16,38,1.10,0.36,22.22,1,0.28,43,0,0.00,0,0.00,99,0,0.00,0.00,34,1,94,79,0,0,0,0,0,92,92,99,51,0,99,54,23,23,0,0,23,9,0,0
Snorre Stavseth Furnes,20,1145170800,2006/04/16,First Division,2026,Defender,Åsane,9,9,0,Norway,1,1,0,0,0,0,0,0,0,0,0,0,0,0,0,0,0,0,0,0,0,0,0,0,0,0,0,9,0,0,0,-1,-1,-1,16,0,6.49,0,36,20.00,2.00,47,2,2.00,2,99,20.00,60,0.00,0.00,0.00,0,0.00,0.00,0.00,0.00,0,0.00,0.00,0.00,0.00,0.00,1.00,0.00,0.00,0.00,0.00,0.00,0.00,0.00,0.00,0.00,0.00,0.00,0.00,0.00,0,0,,0,0.00,14,0,0.00,29,0,0.00,16,2,0,1,63,0.00,99,0,1,10.00,99,0,34,0.00,16,0,0.00,99,0,0.00,0,0,0.00,0,0.00,17,0,0.00,18,0,0.00,0.00,0,0.00,0,0,0,0.00,0,0,0.00,99,0.00,0,N/A,N/A,N/A,N/A,0.00,0,0.00,0,0.00,0.00,0,100.00,0.00,29,99,0.00,0.00,0,24,24,0,0,0,0.00,0.00,0,26,6.49,0.00,0.00,0,0,0.00,0.00,99,0.00,0,0,0,0.00,0.00,0,0.00,0.00,0.00,0.00,0,0,0.00,41,0,0,39,0,0.00,3,0.00,0.00,0.00,15,0.00,0.00,8,0,0.00,0.00,0.00,0.00,9,0,0.00,15,51,8,82,0,59,10,0,0.00,99,0,0.00,0.00,0.00,0.00,0,0,2,2,0.00,0.00,0.00,0,0.00,99,0,0.00,0,0.00,99,0,0.00,0.00,34,0,36,57,0,0,0,0,0,22,39,57,51,0,99,7,23,23,0,0,23,16,0,0
Sondre Fosnaess Hanssen,25,990774000,2001/05/25,First Division,2026,Defender,Hødd,1571,720,851,Scotland,18,8,10,1,1,0,0,0,0,0,0,2,1,1,23,10,13,1,0,0.06,0,0.06,0.13,0,1571,1.32,68,87,1571,0,0.06,152,271,25,9,0,6.39,0,36,17.04,16.39,37,295,15.22,274,99,15.83,46,0.00,0.00,0.00,0,0.00,0.00,0.00,0.00,0,0.00,0.06,0.00,0.00,0.00,1.00,0.06,1.50,2.00,0.12,0.06,0.06,0.00,0.06,0.04,0.00,0.78,0.00,0.00,0,0,,2,0.11,21,1,0.06,35,1,0.06,20,1,0,18,63,0.00,99,0,18,1.04,78,0,34,0.00,16,0,0.00,99,0,0.00,0,0,0.00,0,0.00,17,1,0.06,23,1,0.06,100.00,0,0.00,0,0,0,0.00,0,27,0.00,79,1.56,27,N/A,N/A,N/A,N/A,0.00,0,0.00,0,0.72,0.00,0,92.88,50.00,86,99,0.00,0.00,0,32,99,0,0,0,0.28,0.29,5,77,114.95,3.89,4.04,70,0,0.00,0.00,99,0.00,0,0,0,0.00,0.00,0,0.00,0.00,0.00,0.00,0,0,50.00,92,72,56,95,79,0.56,14,0.03,0.03,0.72,36,0.04,0.04,11,1,0.06,0.06,0.35,0.33,36,6,0.04,35,39,96,82,0,59,63,0,0.00,99,14,0.00,0.81,3.23,3.11,56,25,20,17,1.44,1.39,44.64,1,0.06,73,0,0.00,0,0.00,99,0,0.00,0.00,34,75,36,38,0,0,0,0,0,28,47,57,61,0,99,35,95,30,1,6,34,3,0,0
Sondre Norheim,29,860828400,1997/04/12,First Division,2026,Defender,Kongsvinger,1769,881,888,Norway,20,10,10,0,0,0,1,1,0,0,0,3,1,2,29,18,11,1,0,0.05,0.05,0,0,0,0,1.48,61,88,1769,1769,0.05,177,172,42,22,0,6.37,0.05,39,30.78,30.25,79,605,25.60,512,71,26.05,79,0.00,0.00,0.10,2,0.00,0.00,0.05,0.05,1,0.00,0.00,0.00,0.00,0.00,1.65,0.05,1.60,0.00,0.00,0.00,0.10,0.00,0.00,0.00,0.00,1.45,0.00,0.00,0,0,,0,0.00,14,0,0.00,29,0,0.00,16,5,0,20,69,0.00,99,0,33,1.68,95,0,34,0.00,16,0,0.00,99,0,0.00,0,0,0.00,0,0.10,23,2,0.10,28,1,0.05,50.00,0,0.00,0,0,0,0.00,0,32,0.00,66,1.63,31,N/A,N/A,N/A,N/A,0.00,0,0.00,0,0.00,0.00,0,84.63,0.00,29,99,0.00,0.00,0,28,40,0,0,0,0.35,0.36,7,84,127.33,3.60,3.66,72,0,0.00,0.00,99,0.00,0,0,0,0.00,0.00,0,0.00,0.00,0.00,0.00,0,0,0.00,41,89,84,39,68,1.79,43,0.09,0.09,0.00,15,0.00,0.00,17,3,0.15,0.15,0.36,0.35,39,7,0.00,15,36,93,82,0,59,87,0,0.00,99,29,0.00,1.48,5.04,4.95,99,43,32,38,2.19,2.15,43.43,0,0.00,99,0,0.00,0,0.00,99,0,0.00,0.00,34,92,36,95,0,0,0,0,0,25,39,57,51,0,99,47,99,25,1,5,30,3,0,0
Sory Ibrahim Diarra,26,951724800,2000/02/28,First Division,2026,Forward,Haugesund,1731,866,865,Mali,20,10,10,27,11,16,3,2,1,0,0,6,3,3,27,10,17,6,0,1.56,0.16,1.4,1.14,1.66,64,1.4,64,87,289,577,0.31,1,103,-1,1,0,7.31,0.15,66,6.77,6.50,6,130,4.60,92,16,4.79,7,0.00,0.00,0.35,7,0.00,0.15,0.00,0.00,0,0.00,0.25,0.00,0.00,0.00,0.15,0.25,1.60,1.07,1.51,0.55,0.35,0.00,0.90,0.94,0.00,1.35,0.00,0.00,0,0,,29,1.45,86,18,0.94,94,11,0.57,72,1,0,20,63,0.00,99,0,3,0.16,16,3,96,0.16,27,0,0.00,99,0,0.00,0,0,0.00,0,0.36,51,7,0.36,52,5,0.26,71.43,0,0.00,0,0,0,0.00,0,32,0.00,73,1.67,33,N/A,N/A,N/A,N/A,0.00,0,0.00,0,18.85,0.00,0,70.77,62.07,92,99,0.00,0.00,0,56,65,5,0,0,0.10,0.10,2,45,146.29,0.70,0.73,14,0,0.00,0.00,99,0.00,0,5,1,0.05,0.05,0,0.00,0.00,0.47,0.45,9,0,93.10,98,85,84,40,73,2.06,50,0.10,0.11,15.35,99,0.77,0.80,67,13,0.65,0.68,0.52,0.50,55,10,0.98,99,98,43,88,0,94,86,0,0.00,99,27,0.00,1.41,5.93,5.70,114,56,57,49,2.91,2.80,49.12,5,0.26,45,0,66.67,0,0.00,99,2,0.10,0.10,43,92,36,38,2,7,2,35,10,99,99,99,99,0,99,85,35,90,6,30,95,29,0,0
Stian Michalsen,29,859536000,1997/03/28,First Division,2026,Forward,Egersund,174,61,113,Norway,9,5,4,0,0,0,1,1,0,0,0,2,2,0,6,4,2,0,0,0.52,0.52,0,0,0,0,3.1,29,19,0,174,0,-1,-1,-1,18,0,7.31,0.11,98,42.78,9.62,93,77,7.00,56,23,31.11,88,0.00,0.00,0.38,3,0.00,1.38,0.00,0.00,0,0.00,0.50,0.00,0.00,0.00,0.12,0.62,0.62,0.00,0.56,0.12,0.75,0.00,0.00,0.01,0.00,0.12,0.00,0.00,0,0,,1,0.12,54,0,0.00,29,1,0.56,70,2,8,1,63,0.00,99,0,1,0.56,41,11,34,6.11,99,0,0.00,99,0,0.00,0,0,0.00,0,1.67,99,6,3.33,99,5,2.78,83.33,0,0.00,0,0,0,0.00,0,5,0.00,1,2.78,84,N/A,N/A,N/A,N/A,0.00,0,0.00,0,0.05,0.00,0,72.73,0.00,29,99,0.00,0.00,0,99,73,0,0,0,0.00,0.00,0,26,58.47,0.12,0.56,1,0,0.00,0.00,99,0.00,0,0,0,0.00,0.00,0,0.00,0.00,0.00,0.00,0,0,0.00,41,0,8,39,1,0.83,99,0.10,0.46,0.05,32,0.01,0.03,97,3,0.38,1.67,0.00,0.00,9,0,0.03,32,98,36,82,0,59,45,0,0.00,99,1,0.00,0.56,20.00,4.50,36,19,99,99,10.56,2.38,52.78,4,2.22,0,0,9.09,0,0.00,99,1,0.12,0.56,83,0,92,57,0,0,0,0,0,75,39,57,51,0,99,62,23,23,0,0,23,10,0,0
Stian Nygard,31,791971200,1995/02/05,First Division,2026,Forward,Åsane,52,11,41,Norway,4,2,2,0,0,0,0,0,0,0,0,1,1,0,2,0,2,0,0,0,0,0,0,0,0,3.46,26,13,0,0,0,-1,-1,-1,15,0,3.25,0,36,20.77,3.00,49,12,2.75,11,98,19.04,56,0.00,0.00,0.00,0,0.00,0.00,0.00,0.00,0,0.00,0.00,0.00,0.00,0.00,0.00,0.00,0.50,0.00,1.73,0.25,0.00,0.00,0.00,0.01,0.00,0.00,0.00,0.00,0,0,,1,0.25,91,0,0.00,29,1,1.73,98,0,4,0,63,0.00,99,0,0,0.00,6,0,34,0.00,16,0,0.00,99,0,0.00,0,0,0.00,0,0.00,17,0,0.00,18,0,0.00,0.00,0,0.00,0,0,0,0.00,0,2,0.00,1,3.46,95,N/A,N/A,N/A,N/A,0.00,0,0.00,0,0.05,0.00,0,91.67,0.00,29,99,0.00,0.00,0,24,24,0,0,0,0.00,0.00,0,26,13.00,0.00,0.00,0,0,0.00,0.00,99,0.00,0,0,0,0.00,0.00,0,0.00,0.00,0.00,0.00,0,0,0.00,41,0,0,39,1,0.02,14,0.01,0.03,0.05,55,0.01,0.09,97,1,0.25,1.73,0.00,0.00,9,0,0.09,54,0,8,82,0,59,10,0,0.00,99,0,0.00,0.00,12.12,1.75,7,2,70,93,3.46,0.50,28.57,0,0.00,99,0,0.00,0,0.00,99,0,0.00,0.00,34,0,73,14,0,0,0,0,0,22,39,57,51,0,99,70,23,23,0,0,23,20,0,0
Stian Sjøvold Thorstensen,20,1147762800,2006/05/16,First Division,2026,Midfielder,Ranheim,894,482,412,Norway,16,9,7,0,0,0,3,2,1,0,0,1,1,0,24,12,12,3,0,0.3,0.3,0,0,0,0,2.42,37,56,298,298,0.3,262,43,-1,19,0,6.43,0.19,86,20.89,13.71,50,192,12.07,169,86,18.39,56,0.00,0.00,0.43,6,0.00,0.14,0.11,0.07,1,0.00,0.00,0.00,0.00,0.00,0.50,0.07,1.79,0.00,0.00,0.00,0.14,0.00,0.00,0.00,0.00,0.21,0.00,0.00,0,0,,0,0.00,14,0,0.00,29,0,0.00,16,6,5,11,83,0.00,99,0,7,0.76,60,2,99,0.22,31,0,0.00,99,0,0.00,0,0,0.00,0,0.65,75,2,0.22,42,1,0.11,50.00,0,0.00,0,0,0,0.00,0,25,0.00,12,2.72,83,N/A,N/A,N/A,N/A,0.00,0,0.00,0,0.00,0.00,0,88.02,0.00,29,99,0.00,0.00,0,36,40,0,0,0,0.21,0.33,3,81,90.02,0.50,0.76,7,0,0.00,0.00,99,0.00,0,0,0,0.00,0.00,0,0.00,0.00,0.00,0.00,0,0,0.00,41,32,42,39,12,2.24,87,0.16,0.24,0.00,15,0.00,0.00,48,4,0.29,0.44,0.33,0.21,35,3,0.00,15,42,45,82,0,59,31,0,0.00,99,3,0.00,0.33,5.44,3.57,50,27,59,42,2.94,1.93,54.00,0,0.00,99,0,100.00,0,0.00,99,2,0.14,0.22,61,38,80,97,0,0,0,0,0,63,39,57,51,0,99,17,36,88,3,19,80,26,0,0
Stian Stray Molde,29,850982400,1996/12/19,First Division,2026,Defender,Haugesund,1545,770,775,Norway,21,10,11,1,0,1,0,0,0,0,0,6,3,3,23,8,15,0,0,0.06,0,0.06,0,0.12,1545,1.34,67,74,0,0,0,149,214,29,11,0,6.45,0,36,39.20,32.05,91,673,28.48,598,89,34.83,92,0.00,0.00,0.24,5,0.00,0.19,0.23,0.19,4,0.00,0.00,0.00,0.00,0.00,0.71,0.05,1.43,6.00,0.35,0.29,0.05,0.00,0.00,0.04,0.00,1.19,0.00,0.00,0,0,,6,0.29,39,0,0.00,29,6,0.35,54,0,5,16,97,0.00,99,0,15,0.87,69,4,97,0.23,32,0,0.00,99,0,0.00,0,0,0.00,0,0.29,46,1,0.06,23,1,0.06,100.00,0,0.00,0,0,0,0.00,0,30,0.00,78,1.75,39,N/A,N/A,N/A,N/A,0.00,0,0.00,0,0.87,0.00,0,88.86,0.00,29,99,0.00,0.00,0,32,99,0,0,0,0.24,0.29,5,77,135.55,2.19,2.68,46,0,0.00,0.00,99,0.00,0,0,0,0.00,0.00,0,0.00,0.00,0.06,0.05,1,0,16.67,55,69,99,94,78,1.87,50,0.09,0.11,0.87,41,0.04,0.05,38,6,0.29,0.35,0.23,0.19,21,4,0.05,41,46,84,82,0,68,86,0,0.00,99,25,0.00,1.46,4.72,3.86,81,47,52,32,2.74,2.24,58.02,0,0.00,99,0,75.00,0,0.00,99,3,0.14,0.17,55,61,80,14,0,0,0,0,0,28,47,64,51,0,99,81,23,23,0,0,23,3,0,0
Storm Kolbjörnsen,22,1078473600,2004/03/05,First Division,2026,Goalkeeper,Åsane,360,180,180,Norway,4,2,2,0,0,0,0,0,0,0,0,1,1,0,8,1,7,0,0,0,0,0,0,0,0,2,45,90,0,0,0,211,196,79,17,0,6.90,0,36,42.75,42.75,93,171,35.25,141,61,35.25,93,0.00,0.00,0.00,0,0.00,0.00,0.00,0.00,0,0.00,0.00,0.00,0.00,4.25,0.00,0.00,6.25,0.00,0.00,0.00,0.00,0.00,0.00,0.00,0.00,0.75,0.00,0.00,0,0,,0,0.00,14,0,0.00,29,0,0.00,16,0,0,4,63,0.00,99,0,0,0.00,6,0,34,0.00,16,0,0.00,99,0,0.00,0,0,0.00,0,0.00,17,0,0.00,18,0,0.00,0.00,0,0.00,0,17,99,4.25,99,25,0.00,36,6.25,99,N/A,N/A,N/A,N/A,68.00,0,0.00,0,0.00,0.00,0,82.46,0.00,29,99,0.00,0.00,0,24,24,0,0,9,0.25,0.25,1,73,27.59,0.00,0.00,0,0,0.00,0.00,99,0.00,0,0,0,0.00,0.00,0,0.00,0.00,0.00,0.00,0,0,0.00,41,0,0,39,36,0.30,35,0.07,0.07,0.00,15,0.00,0.00,84,4,1.00,1.00,0.00,0.00,9,0,0.00,15,86,8,82,0,59,59,0,0.00,99,3,0.00,0.75,1.00,1.00,4,4,14,11,1.00,1.00,100.00,0,0.00,99,0,0.00,0,0.00,99,0,0.00,0.00,34,6,36,14,0,0,0,0,0,22,39,57,51,0,99,70,23,23,0,0,23,24,0,0
Storm Leander Øines,19,1171440000,2007/02/14,First Division,2026,Goalkeeper,Odd,90,0,90,Norway,1,0,1,0,0,0,0,0,0,0,0,0,0,0,3,0,3,0,0,0,0,0,0,0,0,3,30,90,0,0,0,-1,-1,-1,14,0,6.42,0,36,28.00,28.00,69,28,17.00,17,4,17.00,50,0.00,0.00,0.00,0,0.00,0.00,0.00,0.00,0,0.00,0.00,0.00,0.00,4.00,1.00,0.00,7.00,0.00,0.00,0.00,0.00,0.00,0.00,0.00,0.00,0.00,0.00,0.00,0,0,,0,0.00,14,0,0.00,29,0,0.00,16,0,0,1,63,0.00,99,0,1,1.00,75,0,34,0.00,16,0,0.00,99,0,0.00,0,0,0.00,0,0.00,17,0,0.00,18,0,0.00,0.00,0,0.00,0,4,83,4.00,94,7,0.00,2,7.00,99,N/A,N/A,N/A,N/A,57.14,0,0.00,0,0.00,0.00,0,60.71,0.00,29,99,0.00,0.00,0,24,24,0,0,3,0.00,0.00,0,26,6.42,0.00,0.00,0,0,0.00,0.00,99,0.00,0,0,0,0.00,0.00,0,0.00,0.00,0.00,0.00,0,0,0.00,41,0,0,39,2,0.03,14,0.03,0.03,0.00,15,0.00,0.00,8,0,0.00,0.00,0.00,0.00,9,0,0.00,15,40,8,82,0,59,10,0,0.00,99,0,0.00,0.00,0.00,0.00,0,0,2,2,0.00,0.00,0.00,0,0.00,99,0,0.00,0,0.00,99,0,0.00,0.00,34,0,36,14,0,0,0,0,0,22,39,57,51,0,99,7,23,23,0,0,23,24,0,0
Sverre Spangelo Haga,22,1086937200,2004/06/11,First Division,2026,Defender,Åsane,217,54,163,Norway,6,3,3,0,0,0,1,1,0,0,0,1,1,0,8,2,6,0,0,0.41,0.41,0,0,0,0,3.32,27,36,0,217,0,-1,-1,-1,21,0,6.30,0.17,92,13.21,5.33,25,32,3.50,21,7,8.67,20,0.00,0.00,0.17,1,0.00,0.33,0.00,0.00,0,0.00,0.17,0.00,0.00,0.00,0.67,0.00,1.33,0.00,0.83,0.17,0.50,0.00,0.17,0.03,0.00,0.00,0.00,0.00,0,0,,2,0.33,66,1,0.41,74,1,0.41,59,1,4,2,63,0.00,99,0,4,1.65,95,2,92,0.83,63,0,0.00,99,0,0.00,0,0,0.00,0,0.41,58,3,1.24,88,0,0.00,0.00,0,0.00,0,0,0,0.00,0,8,0.00,1,3.30,94,N/A,N/A,N/A,N/A,0.00,0,0.00,0,0.16,0.00,0,65.62,50.00,86,99,0.00,0.00,0,24,24,0,0,0,0.00,0.00,0,26,37.82,0.17,0.41,1,0,0.00,0.00,99,0.00,0,0,0,0.00,0.00,0,0.00,0.00,0.00,0.00,0,0,0.00,41,0,2,39,1,0.71,91,0.12,0.29,0.16,48,0.03,0.07,45,1,0.17,0.41,0.83,0.33,77,2,0.07,48,27,27,82,0,59,10,0,0.00,99,0,0.00,0.00,9.08,3.67,22,3,17,81,1.24,0.50,13.64,1,0.41,32,0,50.00,0,0.00,99,1,0.17,0.41,74,1,73,38,0,0,0,0,0,68,39,57,51,0,99,52,23,23,0,0,23,45,0,0
Sverre Stavø,17,1245913200,2009/06/25,First Division,2026,Forward,Sogndal,0,0,0,Norway,0,0,0,0,0,0,0,0,0,0,0,0,0,0,0,0,0,0,0,0,0,0,0,0,0,0,0,0,0,0,0,-1,-1,-1,-1,N/A,N/A,N/A,N/A,N/A,N/A,N/A,N/A,N/A,N/A,N/A,N/A,N/A,N/A,N/A,N/A,N/A,N/A,N/A,N/A,N/A,N/A,N/A,N/A,N/A,N/A,N/A,N/A,N/A,N/A,N/A,N/A,N/A,N/A,N/A,N/A,N/A,N/A,N/A,N/A,N/A,N/A,N/A,N/A,N/A,N/A,N/A,N/A,N/A,N/A,N/A,N/A,N/A,N/A,N/A,N/A,N/A,N/A,N/A,N/A,N/A,N/A,N/A,N/A,N/A,N/A,N/A,N/A,N/A,N/A,N/A,N/A,N/A,N/A,N/A,N/A,N/A,N/A,N/A,N/A,N/A,N/A,N/A,N/A,N/A,N/A,N/A,N/A,N/A,N/A,N/A,N/A,N/A,N/A,N/A,N/A,N/A,N/A,N/A,N/A,N/A,N/A,N/A,N/A,N/A,N/A,N/A,N/A,N/A,N/A,N/A,N/A,N/A,N/A,N/A,N/A,N/A,N/A,N/A,N/A,N/A,N/A,N/A,N/A,N/A,N/A,N/A,N/A,N/A,N/A,N/A,N/A,N/A,N/A,N/A,N/A,N/A,N/A,N/A,N/A,N/A,N/A,N/A,N/A,N/A,N/A,N/A,N/A,N/A,N/A,N/A,N/A,N/A,N/A,N/A,N/A,N/A,N/A,N/A,N/A,N/A,N/A,N/A,N/A,N/A,N/A,N/A,N/A,N/A,N/A,N/A,N/A,N/A,N/A,N/A,N/A,N/A,N/A,N/A,N/A,N/A,N/A,N/A,N/A,N/A,N/A,N/A,N/A,N/A,N/A,N/A,N/A,N/A,N/A,N/A,N/A,N/A,N/A,N/A,N/A,N/A,N/A,N/A,N/A,N/A,N/A,N/A,N/A,N/A,N/A,N/A,N/A,N/A,N/A,N/A,N/A,N/A,N/A,N/A,N/A,N/A,N/A,N/A,N/A
Syver Aas,22,1074153600,2004/01/15,First Division,2026,Midfielder,Odd,1272,720,552,Norway,21,11,10,2,1,1,4,0,4,0,0,6,4,2,18,9,9,2,0,0.42,0.28,0.14,0.13,0.16,636,1.27,71,61,636,318,0.14,106,53,-1,6,0,6.58,0.19,83,24.87,16.62,62,349,13.38,281,53,20.02,60,0.00,0.00,0.24,5,0.00,1.05,0.07,0.05,1,0.00,0.24,0.00,0.00,0.00,0.24,0.24,0.86,5.00,0.71,0.38,0.24,0.00,0.10,0.09,0.00,0.43,0.00,0.00,0,0,,10,0.48,62,2,0.14,48,8,0.57,72,1,7,14,77,0.00,99,0,5,0.36,28,22,57,1.57,83,0,0.00,99,0,0.00,0,0,0.00,0,0.36,51,5,0.36,52,5,0.36,100.00,0,0.00,0,0,0,0.00,0,18,0.00,81,1.28,7,N/A,N/A,N/A,N/A,0.00,0,0.00,0,1.81,0.00,0,80.52,20.00,39,99,0.00,0.00,0,65,99,0,0,0,0.24,0.36,5,84,138.08,0.43,0.64,9,0,0.00,0.00,99,0.00,0,0,0,0.00,0.00,0,0.00,0.00,0.07,0.05,1,0,20.00,60,49,99,76,81,3.11,82,0.15,0.22,1.81,65,0.09,0.13,90,16,0.76,1.14,1.21,0.81,92,17,0.13,64,61,41,82,0,70,51,0,0.00,99,9,0.00,0.64,6.84,4.57,96,46,66,59,3.28,2.19,47.92,5,0.36,37,0,31.82,0,0.00,99,7,0.33,0.50,82,49,88,38,0,0,0,0,0,69,64,69,61,0,99,81,73,52,2,10,50,18,0,0
Tage Björdal Haukeberg,25,973843200,2000/11/10,First Division,2026,Defender,Ranheim,1781,887,894,Norway,20,10,10,1,1,0,2,2,0,0,0,1,1,0,50,23,27,2,1,0.15,0.1,0.05,0.1,0,1781,2.53,36,89,594,891,0.15,163,146,111,9,0,7.02,0.1,52,35.46,35.33,86,636,29.78,536,69,29.89,86,0.00,0.00,0.06,1,0.00,0.61,0.06,0.06,1,0.00,0.22,0.00,0.00,0.00,2.06,0.11,2.89,5.00,0.28,0.22,0.17,0.00,0.06,0.05,0.00,1.56,0.00,0.00,0,0,,5,0.28,35,1,0.06,35,4,0.22,38,3,0,20,72,0.00,99,0,37,2.06,99,11,52,0.61,57,0,0.00,99,0,0.00,0,0,0.00,0,0.06,20,3,0.17,37,2,0.11,66.67,0,0.00,0,0,0,0.00,0,52,0.00,9,2.90,88,N/A,N/A,N/A,N/A,0.00,0,0.00,0,0.90,0.00,0,84.28,20.00,39,99,0.00,0.00,0,36,59,0,0,0,0.28,0.28,5,77,126.31,4.22,4.24,76,1,0.00,0.06,5,0.06,0,0,0,0.00,0.00,0,0.00,0.00,0.00,0.00,0,0,20.00,60,90,84,99,10,2.38,59,0.13,0.13,0.90,41,0.05,0.05,51,9,0.50,0.50,0.84,0.83,77,15,0.05,41,93,98,82,0,59,88,0,0.00,99,28,0.00,1.56,8.75,8.72,157,81,85,79,4.52,4.50,51.59,4,0.22,48,0,27.27,0,0.00,99,3,0.17,0.17,55,92,36,79,0,0,0,0,0,44,44,57,54,0,99,13,70,56,1,5,30,22,0,0
Terry Christopher Benjamin,22,1092466800,2004/08/14,First Division,2026,Forward,Strømmen,10,10,0,Nigeria,2,2,0,0,0,0,0,0,0,0,0,1,1,0,1,1,0,0,0,0,0,0,0,0,0,9,10,5,0,0,0,-1,-1,-1,23,0,3.29,0,36,36.00,2.00,88,4,2.00,4,99,36.00,93,0.00,0.00,0.00,0,0.00,0.00,0.00,0.00,0,0.00,0.00,0.00,0.00,0.00,0.00,0.50,0.50,0.00,9.00,0.50,0.50,0.00,0.00,0.03,0.00,1.00,0.00,0.00,0,0,,1,0.50,99,0,0.00,29,1,9.00,99,0,2,0,63,0.00,99,0,0,0.00,6,0,34,0.00,16,0,0.00,99,0,0.00,0,0,0.00,0,0.00,17,1,9.00,99,1,9.00,100.00,0,0.00,0,0,0,0.00,0,1,0.00,0,9.00,99,N/A,N/A,N/A,N/A,0.00,0,0.00,0,0.05,0.00,0,100.00,0.00,29,99,0.00,0.00,0,99,99,0,0,0,0.00,0.00,0,26,6.57,0.00,0.00,0,0,0.00,0.00,99,0.00,0,0,0,0.00,0.00,0,0.00,0.00,0.00,0.00,0,0,0.00,41,0,0,39,0,0.01,43,0.01,0.09,0.05,92,0.03,0.45,8,0,0.00,0.00,9.00,0.50,99,1,0.45,91,0,8,82,0,59,99,0,0.00,99,2,0.00,18.00,72.00,4.00,8,3,99,99,27.00,1.50,37.50,0,0.00,99,0,0.00,0,0.00,99,0,0.00,0.00,34,0,59,14,0,0,0,0,0,22,39,57,51,0,99,99,23,23,0,0,23,27,0,0
Thomas Eeg Kongerud,25,970556400,2000/10/03,First Division,2026,Defender,Ranheim,717,382,335,Norway,13,7,6,0,0,0,0,0,0,0,0,1,1,0,17,6,11,1,0,0,0,0,0,0,0,2.13,42,55,717,0,0.13,274,247,92,20,0,6.17,0,36,7.28,4.18,7,46,4.09,45,99,7.12,16,0.00,0.00,0.00,0,0.00,0.00,0.00,0.00,0,0.00,0.00,0.00,0.00,0.00,0.00,0.00,1.55,0.00,0.00,0.00,0.00,0.00,0.00,0.00,0.00,0.18,0.00,0.00,0,0,,0,0.00,14,0,0.00,29,0,0.00,16,2,6,7,63,0.00,99,0,0,0.00,6,0,34,0.00,16,0,0.00,99,0,0.00,0,0,0.00,0,0.00,17,0,0.00,18,0,0.00,0.00,0,0.00,0,0,0,0.00,0,17,0.00,27,2.69,83,N/A,N/A,N/A,N/A,0.00,0,0.00,0,0.00,0.00,0,97.83,0.00,29,99,0.00,0.00,0,24,24,0,0,0,0.09,0.16,1,57,67.91,0.36,0.63,4,0,0.00,0.00,99,0.00,0,0,0,0.00,0.00,0,0.00,0.00,0.00,0.00,0,0,0.00,41,24,24,39,27,0.09,5,0.01,0.01,0.00,15,0.00,0.00,8,0,0.00,0.00,0.00,0.00,9,0,0.00,15,20,40,82,0,59,30,0,0.00,99,2,0.00,0.32,0.95,0.55,6,2,10,11,0.32,0.18,33.33,0,0.00,99,0,0.00,0,0.00,99,0,0.00,0.00,34,21,84,57,0,0,0,0,0,22,39,57,51,0,99,22,78,49,1,8,39,4,0,0
Thomas Kinn,27,918374400,1999/02/07,First Division,2026,Goalkeeper,Hødd,1440,720,720,Norway,16,8,8,0,0,0,0,0,0,0,0,2,1,1,25,11,14,2,0,0,0,0,0,0,0,1.56,58,90,720,0,0.13,228,276,49,12,0,6.49,0,36,12.81,12.81,24,205,9.00,144,14,9.00,22,0.00,0.00,0.06,1,0.00,0.00,0.00,0.00,0,0.00,0.06,0.00,0.00,2.12,0.00,0.00,3.75,0.00,0.00,0.00,0.00,0.00,0.00,0.00,0.00,0.00,0.00,0.00,0,0,,0,0.00,14,0,0.00,29,0,0.00,16,0,0,16,63,0.00,99,0,0,0.00,6,0,34,0.00,16,0,0.00,99,0,0.00,0,0,0.00,0,0.06,20,0,0.00,18,0,0.00,0.00,0,0.00,0,34,83,2.12,67,60,0.00,60,3.75,96,N/A,N/A,N/A,N/A,56.67,0,0.00,0,0.00,0.00,0,70.24,0.00,29,99,0.00,0.00,0,24,24,0,0,26,0.00,0.00,0,26,103.77,0.00,0.00,0,0,0.00,0.00,99,0.00,0,0,0,0.00,0.00,0,0.00,0.00,0.00,0.00,0,0,0.00,41,62,42,39,62,0.93,32,0.06,0.06,0.00,15,0.00,0.00,15,2,0.12,0.12,0.06,0.06,11,1,0.00,15,51,8,82,0,59,10,0,0.00,99,0,0.00,0.00,0.38,0.38,6,3,9,8,0.19,0.19,50.00,1,0.06,73,0,0.00,0,0.00,99,0,0.00,0.00,34,61,36,14,0,0,0,0,0,22,39,57,51,0,99,39,80,49,2,12,61,30,0,0
Thomas Klemetsen Jakobsen,27,932713200,1999/07/23,First Division,2026,Forward,Moss,365,196,169,Norway,11,6,5,2,1,1,1,1,0,0,0,1,1,0,10,7,3,0,0,0.74,0.25,0.49,0.46,0.53,183,2.47,37,33,0,365,0,34,65,-1,6,0,7.10,0.09,79,1.37,0.50,3,5,0.20,2,2,0.55,3,0.00,0.00,0.00,0,0.00,0.00,0.00,0.00,0,0.00,0.00,0.00,0.00,0.00,0.00,0.10,1.00,0.50,0.27,0.10,0.10,0.00,0.00,0.12,0.00,0.00,0.00,0.00,0,0,,1,0.10,34,0,0.00,29,1,0.27,44,3,8,3,63,0.00,99,0,0,0.00,6,0,34,0.00,16,0,0.00,99,0,0.00,0,0,0.00,0,0.00,17,1,0.27,46,1,0.27,100.00,0,0.00,0,0,0,0.00,0,10,0.00,10,2.74,83,N/A,N/A,N/A,N/A,0.00,0,0.00,0,1.21,0.00,0,40.00,0.00,29,99,0.00,0.00,0,57,99,0,0,0,0.00,0.00,0,26,71.03,0.10,0.27,1,0,0.00,0.00,99,0.00,0,0,1,0.10,0.27,0,0.00,0.00,0.00,0.00,0,0,200.00,99,0,17,50,12,0.61,70,0.06,0.17,1.21,86,0.12,0.33,8,0,0.00,0.00,0.00,0.00,9,0,0.33,83,95,20,99,0,59,10,0,0.00,99,0,0.00,0.00,1.09,0.40,4,1,9,11,0.27,0.10,25.00,0,0.00,99,0,0.00,0,0.00,99,0,0.00,0.00,34,2,92,79,0,0,0,0,0,88,90,91,86,0,99,24,23,23,0,0,23,11,0,0
Thomas Lillo,28,879235200,1997/11/11,First Division,2026,Defender,Strømmen,1218,531,687,Norway,17,8,9,1,1,0,0,0,0,0,0,2,2,0,25,11,14,4,0,0.07,0,0.07,0.17,0,1218,1.85,49,72,305,0,0.3,143,207,70,10,0,6.70,0,36,16.52,13.00,35,208,10.38,166,49,13.19,38,0.00,0.00,0.12,2,0.00,0.12,0.08,0.06,1,0.00,0.00,0.00,0.00,0.00,0.69,0.12,1.75,2.00,0.16,0.12,0.19,0.00,0.00,0.04,0.00,0.62,0.00,0.00,0,0,,2,0.12,24,0,0.00,29,2,0.16,31,1,4,13,77,0.00,99,0,11,0.87,69,2,34,0.16,27,0,0.00,99,0,0.00,0,0,0.00,0,0.16,31,3,0.24,45,2,0.16,66.67,0,0.00,0,0,0,0.00,0,28,0.00,42,2.22,65,N/A,N/A,N/A,N/A,0.00,0,0.00,0,0.62,0.00,0,79.81,0.00,29,99,0.00,0.00,0,45,59,0,0,0,0.38,0.48,6,90,107.27,2.00,2.54,32,1,0.00,0.08,3,0.06,0,0,0,0.00,0.00,0,0.00,0.00,0.00,0.00,0,0,50.00,92,46,47,90,43,0.47,19,0.03,0.04,0.62,41,0.04,0.05,77,10,0.62,0.79,0.40,0.31,44,5,0.05,41,75,83,82,0,59,62,0,0.00,99,10,0.00,0.79,3.34,2.62,42,28,33,18,2.22,1.75,66.67,0,0.00,99,0,0.00,0,0.00,99,0,0.00,0.00,34,45,73,38,0,0,0,0,0,31,50,57,64,0,99,37,37,88,4,24,89,98,0,0
Tim Erlandsson,29,851500800,1996/12/25,First Division,2026,Goalkeeper,Odd,90,90,0,Sweden,1,1,0,0,0,0,0,0,0,0,0,0,0,0,1,1,0,0,0,0,0,0,0,0,0,1,90,90,0,0,0,-1,-1,-1,24,0,6.77,0,36,33.00,33.00,83,33,27.00,27,58,27.00,81,0.00,0.00,0.00,0,0.00,0.00,0.00,0.00,0,0.00,0.00,0.00,0.00,2.00,1.00,0.00,3.00,0.00,0.00,0.00,0.00,0.00,0.00,0.00,0.00,0.00,0.00,0.00,0,0,,0,0.00,14,0,0.00,29,0,0.00,16,0,0,1,63,0.00,99,0,1,1.00,75,0,34,0.00,16,0,0.00,99,0,0.00,0,0,0.00,0,0.00,17,0,0.00,18,0,0.00,0.00,0,0.00,0,2,94,2.00,61,3,0.00,98,3.00,90,N/A,N/A,N/A,N/A,66.67,0,0.00,0,0.00,0.00,0,81.82,0.00,29,99,0.00,0.00,0,24,24,0,0,2,0.00,0.00,0,26,6.77,0.00,0.00,0,0,0.00,0.00,99,0.00,0,0,0,0.00,0.00,0,0.00,0.00,0.00,0.00,0,0,0.00,41,0,0,39,98,0.05,24,0.05,0.05,0.00,15,0.00,0.00,8,0,0.00,0.00,0.00,0.00,9,0,0.00,15,80,8,82,0,59,10,0,0.00,99,0,0.00,0.00,0.00,0.00,0,0,2,2,0.00,0.00,0.00,0,0.00,99,0,0.00,0,0.00,99,0,0.00,0.00,34,0,36,14,0,0,0,0,0,22,39,57,51,0,99,7,23,23,0,0,23,1,0,0
Tinus Embergsrud Engebakken,17,1247554800,2009/07/14,First Division,2026,Midfielder,Raufoss,29,0,29,Norway,3,1,2,0,0,0,0,0,0,0,0,0,0,0,3,0,3,0,0,0,0,0,0,0,0,9.31,10,10,0,0,0,-1,-1,-1,18,0,4.16,0,36,23.82,3.00,57,9,2.00,6,8,15.88,47,0.00,0.00,0.00,0,0.00,0.67,0.00,0.00,0,0.00,0.00,0.00,0.00,0.00,0.33,0.00,1.67,0.00,0.00,0.00,0.00,0.00,0.00,0.00,0.00,0.00,0.00,0.00,0,0,,0,0.00,14,0,0.00,29,0,0.00,16,0,3,0,63,0.00,99,0,1,2.65,99,2,34,5.29,99,0,0.00,99,0,0.00,0,0,0.00,0,0.00,17,0,0.00,18,0,0.00,0.00,0,0.00,0,0,0,0.00,0,5,0.00,0,13.24,99,N/A,N/A,N/A,N/A,0.00,0,0.00,0,0.00,0.00,0,66.67,0.00,29,99,0.00,0.00,0,24,24,0,0,0,0.00,0.00,0,26,12.47,0.00,0.00,0,0,0.00,0.00,99,0.00,0,0,0,0.00,0.00,0,0.00,0.00,0.00,0.00,0,0,0.00,41,0,0,39,0,0.01,14,0.00,0.03,0.00,15,0.00,0.00,8,0,0.00,0.00,0.00,0.00,9,0,0.00,15,0,8,82,0,59,10,0,0.00,99,0,0.00,0.00,10.59,1.33,4,2,90,89,5.29,0.67,50.00,0,0.00,99,0,0.00,0,0.00,99,0,0.00,0.00,34,0,69,14,0,0,0,0,0,22,39,57,51,0,99,7,23,23,0,0,23,25,0,0
Tobias Bjørnstad,24,1019286000,2002/04/20,First Division,2026,Defender,Strømsgodset,0,0,0,Norway,0,0,0,0,0,0,0,0,0,0,0,0,0,0,0,0,0,0,0,0,0,0,0,0,0,0,0,0,0,0,0,-1,-1,-1,-1,N/A,N/A,N/A,N/A,N/A,N/A,N/A,N/A,N/A,N/A,N/A,N/A,N/A,N/A,N/A,N/A,N/A,N/A,N/A,N/A,N/A,N/A,N/A,N/A,N/A,N/A,N/A,N/A,N/A,N/A,N/A,N/A,N/A,N/A,N/A,N/A,N/A,N/A,N/A,N/A,N/A,N/A,N/A,N/A,N/A,N/A,N/A,N/A,N/A,N/A,N/A,N/A,N/A,N/A,N/A,N/A,N/A,N/A,N/A,N/A,N/A,N/A,N/A,N/A,N/A,N/A,N/A,N/A,N/A,N/A,N/A,N/A,N/A,N/A,N/A,N/A,N/A,N/A,N/A,N/A,N/A,N/A,N/A,N/A,N/A,N/A,N/A,N/A,N/A,N/A,N/A,N/A,N/A,N/A,N/A,N/A,N/A,N/A,N/A,N/A,N/A,N/A,N/A,N/A,N/A,N/A,N/A,N/A,N/A,N/A,N/A,N/A,N/A,N/A,N/A,N/A,N/A,N/A,N/A,N/A,N/A,N/A,N/A,N/A,N/A,N/A,N/A,N/A,N/A,N/A,N/A,N/A,N/A,N/A,N/A,N/A,N/A,N/A,N/A,N/A,N/A,N/A,N/A,N/A,N/A,N/A,N/A,N/A,N/A,N/A,N/A,N/A,N/A,N/A,N/A,N/A,N/A,N/A,N/A,N/A,N/A,N/A,N/A,N/A,N/A,N/A,N/A,N/A,N/A,N/A,N/A,N/A,N/A,N/A,N/A,N/A,N/A,N/A,N/A,N/A,N/A,N/A,N/A,N/A,N/A,N/A,N/A,N/A,N/A,N/A,N/A,N/A,N/A,N/A,N/A,N/A,N/A,N/A,N/A,N/A,N/A,N/A,N/A,N/A,N/A,N/A,N/A,N/A,N/A,N/A,N/A,N/A,N/A,N/A,N/A,N/A,N/A,N/A,N/A,N/A,N/A,N/A,N/A,N/A
Tobias Luggenes Furebotn,21,1120287600,2005/07/02,First Division,2026,Midfielder,Åsane,1082,710,372,Norway,16,9,7,2,2,0,0,0,0,0,0,3,3,0,21,10,11,3,0,0.17,0,0.17,0.25,0,541,1.75,52,68,361,0,0.25,92,208,-1,4,0,4.80,0,36,11.86,8.94,21,143,6.94,111,39,9.21,23,0.00,0.00,0.12,2,0.00,0.19,0.00,0.00,0,0.00,0.31,0.00,0.00,0.00,0.50,0.00,1.38,4.50,0.75,0.31,0.12,0.00,0.25,0.12,0.00,0.50,0.00,0.00,0,0,,9,0.56,64,4,0.33,70,5,0.41,59,2,5,11,63,0.00,99,0,8,0.66,53,3,34,0.25,33,0,0.00,99,0,0.00,0,0,0.00,0,0.17,32,2,0.17,37,0,0.00,0.00,0,0.00,0,0,0,0.00,0,22,0.00,45,1.82,43,N/A,N/A,N/A,N/A,0.00,0,0.00,0,1.93,0.00,0,77.62,44.44,75,99,0.00,0.00,0,24,24,0,0,0,0.12,0.17,2,59,76.74,0.94,1.24,15,0,0.00,0.00,99,0.00,0,0,0,0.00,0.00,0,0.00,0.00,0.00,0.00,0,0,22.22,64,42,42,72,47,0.32,14,0.02,0.03,1.93,71,0.12,0.16,45,5,0.31,0.41,0.91,0.69,82,11,0.16,71,1,60,82,0,59,52,0,0.00,99,8,0.00,0.66,7.05,5.31,85,27,35,62,2.24,1.69,31.76,5,0.41,32,0,0.00,0,0.00,99,0,0.00,0.00,34,38,80,57,0,0,0,0,0,48,70,57,74,0,99,57,42,81,3,19,80,17,0,0
Tochukwu Joseph Ogboji,19,1166169600,2006/12/15,First Division,2026,Defender,Strømmen,350,200,150,Nigeria,9,6,3,0,0,0,1,0,1,0,0,2,2,0,13,9,4,0,0,0.26,0.26,0,0,0,0,3.34,27,39,0,350,0,244,63,121,16,0,3.72,0.11,80,10.39,5.12,17,41,4.38,35,75,8.87,21,0.00,0.00,0.00,0,0.00,0.00,0.00,0.00,0,0.00,0.00,0.00,0.00,0.00,0.00,0.00,1.88,0.00,0.00,0.00,0.00,0.00,0.00,0.00,0.00,0.12,0.00,0.00,0,0,,0,0.00,14,0,0.00,29,0,0.00,16,0,6,3,63,0.00,99,0,0,0.00,6,0,34,0.00,16,0,0.00,99,0,0.00,0,0,0.00,0,0.00,17,0,0.00,18,0,0.00,0.00,0,0.00,0,0,0,0.00,0,15,0.00,1,3.80,96,N/A,N/A,N/A,N/A,0.00,0,0.00,0,0.00,0.00,0,85.37,0.00,29,99,0.00,0.00,0,24,24,0,0,0,0.00,0.00,0,26,29.78,0.50,1.01,4,0,0.00,0.00,99,0.00,0,0,0,0.00,0.00,0,0.00,0.00,0.00,0.00,0,0,0.00,41,0,8,39,1,0.59,64,0.07,0.15,0.00,15,0.00,0.00,27,1,0.12,0.25,0.25,0.12,21,1,0.00,15,0,54,82,0,59,27,0,0.00,99,1,0.00,0.25,1.77,0.88,7,4,14,11,1.01,0.50,57.14,0,0.00,99,0,0.00,0,0.00,99,0,0.00,0.00,34,2,84,14,0,0,0,0,0,59,39,57,51,0,99,62,23,23,0,0,23,21,0,0
Torbjørn Kallevåg,33,728553600,1993/02/01,First Division,2026,Midfielder,Hødd,1755,890,865,Norway,20,10,10,0,0,0,3,3,0,0,0,2,1,1,28,13,15,4,0,0.15,0.15,0,0,0,0,1.44,63,88,439,585,0.21,269,107,-1,15,0,6.48,0.15,64,26.59,25.95,65,519,23.80,476,98,24.38,75,0.00,0.00,0.25,5,0.00,0.30,0.05,0.05,1,0.00,0.00,0.00,0.00,0.00,0.45,0.15,1.65,0.00,0.46,0.30,0.15,0.00,0.15,0.04,0.00,0.10,0.00,0.00,0,0,,9,0.45,48,3,0.15,51,6,0.31,47,1,0,20,69,0.00,99,0,9,0.46,35,6,38,0.31,37,0,0.00,99,0,0.00,0,0,0.00,0,0.26,42,3,0.15,34,3,0.15,100.00,0,0.00,0,0,0,0.00,0,33,0.00,70,1.69,34,N/A,N/A,N/A,N/A,0.00,0,0.00,0,0.72,0.00,0,91.71,33.33,56,99,0.00,0.00,0,43,99,0,0,0,0.05,0.05,1,29,129.68,0.70,0.72,14,0,0.00,0.00,99,0.00,0,0,0,0.00,0.00,0,0.00,0.00,0.05,0.05,1,0,0.00,41,88,84,39,72,2.37,55,0.12,0.12,0.72,36,0.04,0.04,67,13,0.65,0.67,0.87,0.85,79,17,0.04,35,50,43,82,0,64,14,0,0.00,99,2,0.00,0.10,4.76,4.65,93,40,29,33,2.05,2.00,43.01,0,0.00,99,0,16.67,0,0.00,99,1,0.05,0.05,35,92,36,38,0,0,0,0,0,44,39,57,51,0,99,29,51,75,4,20,86,8,0,0
Tord Rokkones Flolid,21,1109750400,2005/03/02,First Division,2026,Goalkeeper,Sandnes Ulf,1440,810,630,Norway,16,9,7,0,0,0,0,0,0,0,0,4,3,1,24,14,10,2,0,0,0,0,0,0,0,1.5,60,90,720,0,0.13,243,256,45,21,0,6.15,0,36,7.75,7.75,9,124,5.69,91,25,5.69,8,0.00,0.00,0.00,0,0.00,0.00,0.00,0.00,0,0.00,0.00,0.00,0.00,0.81,0.00,0.00,2.56,0.00,0.00,0.00,0.00,0.00,0.00,0.00,0.00,0.00,0.00,0.00,0,0,,0,0.00,14,0,0.00,29,0,0.00,16,0,0,16,63,0.00,99,0,0,0.00,6,0,34,0.00,16,0,0.00,99,0,0.00,0,0,0.00,0,0.00,17,0,0.00,18,0,0.00,0.00,0,0.00,0,13,6,0.81,6,41,0.00,64,2.56,80,N/A,N/A,N/A,N/A,31.71,0,0.00,0,0.00,0.00,0,73.39,0.00,29,99,0.00,0.00,0,24,24,0,0,9,0.00,0.00,0,26,98.37,0.00,0.00,0,0,0.00,0.00,99,0.00,0,0,0,0.00,0.00,0,0.00,0.00,0.00,0.00,0,0,0.00,41,62,42,39,64,0.22,5,0.01,0.01,0.00,15,0.00,0.00,11,1,0.06,0.06,0.00,0.00,9,0,0.00,15,19,8,82,0,59,10,0,0.00,99,0,0.00,0.00,0.12,0.12,2,2,5,5,0.12,0.12,100.00,0,0.00,99,0,0.00,0,0.00,99,0,0.00,0.00,34,61,36,14,0,0,0,0,0,22,39,57,51,0,99,70,80,49,2,12,61,13,0,0
Torje Naustdal,26,956732400,2000/04/26,First Division,2026,Midfielder,Raufoss,577,270,307,Norway,9,3,6,0,0,0,0,0,0,0,0,0,0,0,17,5,12,2,0,0,0,0,0,0,0,2.65,34,64,289,0,0.31,257,200,-1,21,0,6.28,0,36,2.81,2.00,4,18,1.78,16,90,2.50,4,0.00,0.00,0.11,1,0.00,0.11,0.00,0.00,0,0.00,0.00,0.00,0.00,0.00,0.11,0.00,2.22,0.00,0.00,0.00,0.00,0.00,0.00,0.00,0.00,0.00,0.00,0.00,0,0,,0,0.00,14,0,0.00,29,0,0.00,16,2,3,6,63,0.00,99,0,1,0.16,16,1,34,0.16,27,0,0.00,99,0,0.00,0,0,0.00,0,0.16,31,0,0.00,18,0,0.00,0.00,0,0.00,0,0,0,0.00,0,20,0.00,5,3.12,92,N/A,N/A,N/A,N/A,0.00,0,0.00,0,0.00,0.00,0,88.89,0.00,29,99,0.00,0.00,0,24,24,0,0,0,0.00,0.00,0,26,56.50,0.00,0.00,0,0,0.00,0.00,99,0.00,0,0,0,0.00,0.00,0,0.00,0.00,0.00,0.00,0,0,0.00,41,15,8,39,6,0.07,5,0.01,0.01,0.00,15,0.00,0.00,8,0,0.00,0.00,0.00,0.00,9,0,0.00,15,25,8,82,0,59,10,0,0.00,99,0,0.00,0.00,0.16,0.11,1,1,8,6,0.16,0.11,100.00,0,0.00,99,0,0.00,0,0.00,99,0,0.00,0.00,34,16,69,57,0,0,0,0,0,22,39,57,51,0,99,7,35,90,2,22,88,8,0,0
Torjus Embergsrud Engebakken,19,1166601600,2006/12/20,First Division,2026,Midfielder,Bryne,1360,555,805,Norway,19,9,10,2,2,0,0,0,0,0,0,2,2,0,32,7,25,4,0,0.13,0,0.13,0.32,0,680,2.12,43,72,340,0,0.26,113,195,-1,10,0,6.07,0,36,12.37,9.89,23,188,6.21,118,5,7.76,18,0.00,0.00,0.16,3,0.00,0.32,0.00,0.00,0,0.00,0.21,0.00,0.00,0.00,0.58,0.42,1.84,3.50,0.46,0.21,0.89,0.00,0.16,0.09,0.00,0.68,0.00,0.00,0,0,,7,0.37,48,3,0.20,59,4,0.26,43,2,3,16,63,0.00,99,0,11,0.72,58,6,64,0.39,43,0,0.00,99,0,0.00,0,0,0.00,0,0.20,35,17,1.12,85,8,0.53,47.06,0,0.00,0,0,0,0.00,0,35,0.00,27,2.30,69,N/A,N/A,N/A,N/A,0.00,0,0.00,0,1.73,0.00,0,62.77,42.86,74,99,0.00,0.00,0,72,31,0,0,0,0.21,0.26,4,74,115.41,1.05,1.32,20,0,0.00,0.00,99,0.00,0,0,0,0.00,0.00,0,0.00,0.00,0.07,0.05,1,1,28.57,75,54,69,77,30,0.40,14,0.02,0.03,1.73,61,0.09,0.11,77,12,0.63,0.79,0.79,0.63,73,12,0.11,60,16,61,82,0,70,66,0,0.00,99,13,0.00,0.86,7.70,6.16,117,53,70,70,3.49,2.79,45.30,4,0.26,45,0,33.33,0,0.00,99,2,0.11,0.13,51,61,69,57,0,0,0,0,0,40,63,57,77,0,99,35,40,83,4,21,87,18,0,0
Tuomas Pippola,21,1097564400,2004/10/12,First Division,2026,Midfielder,Sogndal,1346,633,713,Finland,17,8,9,7,6,1,0,0,0,0,0,2,2,0,30,8,22,4,1,0.47,0,0.47,0.85,0.13,192,2.01,45,79,337,0,0.27,37,240,-1,2,0,6.30,0,36,15.42,13.59,32,231,11.06,188,56,12.55,33,0.00,0.00,0.47,8,0.00,0.76,0.00,0.00,0,0.00,0.76,0.00,0.00,0.00,0.35,0.59,1.94,3.00,1.40,0.59,0.94,0.00,0.65,0.34,0.00,0.65,0.00,0.00,0,0,,21,1.24,84,11,0.73,89,10,0.67,77,4,2,15,63,0.00,99,0,6,0.40,30,13,72,0.87,66,0,0.00,99,0,0.00,0,0,0.00,0,0.53,66,16,1.07,84,10,0.67,62.50,0,0.00,0,0,0,0.00,0,33,0.00,34,2.20,63,N/A,N/A,N/A,N/A,0.00,0,0.00,0,5.81,0.00,0,81.39,52.38,86,99,0.00,0.00,0,80,51,0,1,0,0.12,0.13,2,50,107.08,0.18,0.20,3,0,0.00,0.00,99,0.00,0,1,0,0.00,0.00,0,0.00,0.00,0.13,0.12,2,0,33.33,80,53,47,51,36,0.81,24,0.05,0.05,5.11,86,0.30,0.34,78,12,0.71,0.80,0.33,0.29,35,5,0.39,88,27,17,82,0,78,59,0,0.00,99,11,0.00,0.73,7.74,6.82,116,47,63,71,3.14,2.76,40.52,13,0.87,5,0,38.46,0,0.00,99,5,0.29,0.33,68,53,59,89,1,1,1,6,6,72,88,65,97,0,99,37,40,85,3,18,78,19,0,0
Ulrik Danbolt,16,1270105200,2010/04/01,First Division,2026,Midfielder,Raufoss,85,29,56,Norway,4,1,3,1,0,1,1,0,1,0,0,0,0,0,6,1,5,0,0,2.12,1.06,1.06,0,1.61,85,6.35,14,21,0,85,0,-1,-1,-1,9,0,6.75,0.25,99,18.84,4.50,45,18,2.75,11,4,11.51,29,0.00,0.00,0.25,1,0.00,0.25,0.00,0.00,0,0.00,0.25,0.00,0.00,0.00,0.25,0.50,1.75,1.00,1.05,0.00,0.50,0.00,0.25,0.17,0.00,0.75,0.00,0.00,0,0,,1,0.25,75,1,1.05,96,0,0.00,16,0,4,0,63,0.00,99,0,1,1.05,79,1,34,1.05,70,0,0.00,99,0,0.00,0,0,0.00,0,1.05,91,2,2.09,95,2,2.09,100.00,0,0.00,0,0,0,0.00,0,7,0.00,0,7.33,99,N/A,N/A,N/A,N/A,0.00,0,0.00,0,0.67,0.00,0,61.11,100.00,99,99,0.00,0.00,0,98,99,0,0,0,0.75,3.14,3,99,27.00,0.00,0.00,0,0,0.00,0.00,99,0.00,0,0,0,0.00,0.00,0,0.00,0.00,0.00,0.00,0,0,100.00,99,0,0,40,0,0.62,99,0.15,0.65,0.67,99,0.17,0.70,99,2,0.50,2.09,1.05,0.25,88,1,0.70,98,77,8,82,0,59,99,0,0.00,99,3,0.00,3.14,18.84,4.50,18,12,99,99,12.56,3.00,66.67,1,1.05,3,0,0.00,0,0.00,99,0,0.00,0.00,34,0,73,14,0,0,0,0,0,99,99,99,51,0,99,7,23,23,0,0,23,31,0,0
Vegard Haugerud Hagen,24,1016697600,2002/03/21,First Division,2026,Midfielder,Sogndal,461,263,198,Norway,15,7,8,0,0,0,0,0,0,0,0,1,1,0,12,4,8,0,0,0,0,0,0,0,0,2.34,38,31,0,0,0,245,241,-1,22,0,5.81,0,36,19.43,7.31,46,95,5.92,77,55,15.75,46,0.00,0.00,0.15,2,0.00,0.77,0.00,0.00,0,0.00,0.54,0.00,0.00,0.00,0.15,0.00,1.08,0.00,1.02,0.31,0.08,0.00,0.08,0.03,0.00,0.00,0.00,0.00,0,0,,5,0.38,74,1,0.20,59,4,0.82,86,5,8,5,63,0.00,99,0,2,0.41,32,10,92,2.05,90,0,0.00,99,0,0.00,0,0,0.00,0,0.41,58,1,0.20,41,0,0.00,0.00,0,0.00,0,0,0,0.00,0,14,0.00,13,2.86,86,N/A,N/A,N/A,N/A,0.00,0,0.00,0,0.37,0.00,0,81.05,20.00,39,99,0.00,0.00,0,24,24,0,0,0,0.08,0.20,1,65,75.55,0.23,0.61,3,0,0.00,0.00,99,0.00,0,0,0,0.00,0.00,0,0.00,0.00,0.00,0.00,0,0,0.00,41,5,33,39,13,0.26,24,0.02,0.05,0.37,52,0.03,0.08,24,1,0.08,0.20,0.20,0.08,18,1,0.08,52,10,39,82,0,59,10,0,0.00,99,0,0.00,0.00,4.50,1.69,22,2,11,28,0.41,0.15,9.09,7,1.43,1,0,50.00,0,0.00,99,5,0.38,1.02,96,10,92,95,0,0,0,0,0,22,39,57,51,0,99,18,23,23,0,0,23,18,0,0
Vegard Solheim,22,1092121200,2004/08/10,First Division,2026,Defender,Haugesund,1510,711,799,Norway,18,9,9,1,1,0,1,0,1,0,0,6,3,3,21,7,14,2,0,0.12,0.06,0.06,0.13,0,1510,1.25,72,84,755,1510,0.12,158,164,22,8,0,6.39,0.06,45,24.75,23.06,61,415,18.39,331,48,19.74,59,0.00,0.00,0.33,6,0.00,1.33,0.06,0.06,1,0.00,0.11,0.00,0.00,0.00,0.72,0.50,1.28,8.00,0.48,0.17,0.61,0.00,0.28,0.08,0.00,0.56,0.00,0.00,0,0,,8,0.44,49,5,0.30,69,3,0.18,34,1,0,18,72,0.00,99,0,13,0.78,62,24,77,1.43,79,0,0.00,99,0,0.00,0,0,0.00,0,0.36,51,11,0.66,68,9,0.54,81.82,0,0.00,0,0,0,0.00,0,23,0.00,85,1.37,13,N/A,N/A,N/A,N/A,0.00,0,0.00,0,1.40,0.00,0,79.76,62.50,93,99,0.00,0.00,0,73,73,0,0,0,0.17,0.18,3,62,114.96,1.33,1.43,24,0,0.00,0.00,99,0.00,0,0,0,0.00,0.00,0,0.00,0.00,0.00,0.00,0,0,12.50,49,66,56,93,85,1.50,43,0.08,0.09,1.40,52,0.08,0.08,39,6,0.33,0.36,0.24,0.22,21,4,0.08,52,39,64,82,0,59,48,0,0.00,99,10,0.00,0.60,5.90,5.50,99,39,39,48,2.33,2.17,39.39,2,0.12,63,0,41.67,0,0.00,99,10,0.56,0.60,85,75,36,38,0,0,0,0,0,37,47,57,61,0,99,91,80,44,2,11,56,18,0,0
Victor Fors,27,921139200,1999/03/11,First Division,2026,Defender,Kongsvinger,1602,887,715,Sweden,18,10,8,2,2,0,2,1,1,0,0,2,0,2,27,18,9,6,0,0.22,0.11,0.11,0.2,0,801,1.52,59,89,267,801,0.34,126,133,46,11,0,6.07,0.11,55,30.69,29.53,79,561,25.16,478,74,26.15,79,0.00,0.00,0.32,6,0.00,0.47,0.05,0.05,1,0.00,0.16,0.00,0.00,0.00,0.47,0.21,1.53,4.50,0.49,0.32,0.32,0.00,0.16,0.10,0.00,0.53,0.00,0.00,0,0,,9,0.47,50,3,0.16,54,6,0.33,49,1,0,18,69,0.00,99,0,9,0.49,37,9,43,0.49,51,0,0.00,99,0,0.00,0,0,0.00,0,0.33,48,6,0.33,50,4,0.22,66.67,0,0.00,0,0,0,0.00,0,29,0.00,63,1.59,29,N/A,N/A,N/A,N/A,0.00,0,0.00,0,1.83,0.00,0,85.20,33.33,56,99,0.00,0.00,0,51,59,0,0,0,0.21,0.22,4,68,115.31,2.00,2.08,38,0,0.00,0.00,99,0.00,0,0,0,0.00,0.00,0,0.00,0.00,0.00,0.00,0,1,22.22,64,75,56,83,63,2.37,59,0.12,0.13,1.83,57,0.10,0.10,86,19,1.00,1.04,0.66,0.63,65,12,0.10,57,16,75,82,0,59,45,0,0.00,99,10,0.00,0.55,8.37,8.05,153,67,73,77,3.67,3.53,43.79,3,0.16,56,0,22.22,0,0.00,99,2,0.11,0.11,46,75,36,38,0,0,0,0,0,55,58,57,66,0,99,35,32,92,6,33,97,2,0,0
Victor Rosendahl Dedes,23,1048147200,2003/03/20,First Division,2026,Defender,Strømsgodset,1602,824,778,Denmark,19,10,9,3,1,2,5,3,2,0,0,6,3,3,22,10,12,1,0,0.45,0.28,0.17,0.11,0.23,534,1.24,73,84,1602,320,0.06,95,48,17,6,0,6.56,0.26,83,23.71,22.21,57,422,17.05,324,35,18.20,55,0.00,0.00,0.58,11,0.00,2.95,0.00,0.00,0,0.00,0.00,0.00,0.00,0.00,0.42,0.68,1.26,3.33,0.56,0.37,0.89,0.00,0.16,0.13,0.00,0.32,0.00,0.00,0,0,,10,0.53,54,3,0.17,55,7,0.39,58,3,0,19,63,0.00,99,0,8,0.45,34,56,54,3.15,99,0,0.00,99,0,0.00,0,0,0.00,0,0.62,73,17,0.96,78,13,0.73,76.47,0,0.00,0,0,0,0.00,0,24,0.00,86,1.35,12,N/A,N/A,N/A,N/A,0.00,0,0.00,0,2.48,0.00,0,76.78,30.00,47,99,0.00,0.00,0,83,70,0,0,0,0.05,0.06,1,33,124.69,0.68,0.73,13,0,0.00,0.00,99,0.00,0,0,0,0.00,0.00,0,0.00,0.00,0.11,0.11,2,0,30.00,75,75,69,71,86,3.93,82,0.21,0.22,2.48,66,0.13,0.14,33,5,0.26,0.28,0.22,0.21,20,4,0.14,66,57,43,82,0,75,32,0,0.00,99,6,0.00,0.34,4.55,4.26,81,43,42,30,2.42,2.26,53.09,0,0.00,99,0,28.57,0,0.00,99,16,0.84,0.90,95,84,36,79,0,0,0,0,0,70,70,76,58,0,99,88,97,30,1,5,30,3,0,0
Villads Rasmussen,24,1006848000,2001/11/27,First Division,2026,Forward,Odd,1440,697,743,France,19,10,9,2,1,1,1,0,1,0,0,6,4,2,27,8,19,2,0,0.19,0.06,0.13,0.13,0.12,720,1.69,53,76,720,1440,0.13,112,159,-1,7,0,6.69,0.05,45,17.32,14.11,39,254,11.28,203,49,13.84,41,0.00,0.00,0.72,13,0.00,1.22,0.07,0.06,1,0.00,0.78,0.00,0.00,0.00,0.50,0.50,1.50,9.50,1.30,0.83,0.61,0.00,0.22,0.13,0.00,0.00,0.00,0.00,0,0,,19,1.06,82,4,0.27,66,15,1.02,91,1,1,18,77,0.00,99,0,9,0.61,48,22,57,1.50,81,0,0.00,99,0,0.00,0,0,0.00,0,0.89,86,11,0.75,70,9,0.61,81.82,0,0.00,0,0,0,0.00,0,27,0.00,49,1.84,45,N/A,N/A,N/A,N/A,0.00,0,0.00,0,2.41,0.00,0,79.92,21.05,39,99,0.00,0.00,0,76,73,0,0,0,0.00,0.00,0,26,120.34,0.67,0.82,12,0,0.00,0.00,99,0.00,0,0,0,0.00,0.00,0,0.00,0.00,0.07,0.06,1,0,10.53,45,62,69,79,50,1.52,45,0.08,0.10,2.41,71,0.13,0.16,88,16,0.89,1.09,0.48,0.39,52,7,0.16,71,73,46,82,0,70,10,0,0.00,99,0,0.00,0.00,7.57,6.17,111,53,71,68,3.61,2.94,47.75,14,0.95,4,0,31.82,0,0.00,99,7,0.39,0.48,80,75,48,38,0,0,0,0,0,52,63,64,61,0,99,88,80,49,2,11,56,10,0,0
William Da Rocha,24,1024124400,2002/06/15,First Division,2026,Goalkeeper,Kongsvinger,0,0,0,Norway,0,0,0,0,0,0,0,0,0,0,0,0,0,0,0,0,0,0,0,0,0,0,0,0,0,0,0,0,0,0,0,-1,-1,-1,-1,N/A,N/A,N/A,N/A,N/A,N/A,N/A,N/A,N/A,N/A,N/A,N/A,N/A,N/A,N/A,N/A,N/A,N/A,N/A,N/A,N/A,N/A,N/A,N/A,N/A,N/A,N/A,N/A,N/A,N/A,N/A,N/A,N/A,N/A,N/A,N/A,N/A,N/A,N/A,N/A,N/A,N/A,N/A,N/A,N/A,N/A,N/A,N/A,N/A,N/A,N/A,N/A,N/A,N/A,N/A,N/A,N/A,N/A,N/A,N/A,N/A,N/A,N/A,N/A,N/A,N/A,N/A,N/A,N/A,N/A,N/A,N/A,N/A,N/A,N/A,N/A,N/A,N/A,N/A,N/A,N/A,N/A,N/A,N/A,N/A,N/A,N/A,N/A,N/A,N/A,N/A,N/A,N/A,N/A,N/A,N/A,N/A,N/A,N/A,N/A,N/A,N/A,N/A,N/A,N/A,N/A,N/A,N/A,N/A,N/A,N/A,N/A,N/A,N/A,N/A,N/A,N/A,N/A,N/A,N/A,N/A,N/A,N/A,N/A,N/A,N/A,N/A,N/A,N/A,N/A,N/A,N/A,N/A,N/A,N/A,N/A,N/A,N/A,N/A,N/A,N/A,N/A,N/A,N/A,N/A,N/A,N/A,N/A,N/A,N/A,N/A,N/A,N/A,N/A,N/A,N/A,N/A,N/A,N/A,N/A,N/A,N/A,N/A,N/A,N/A,N/A,N/A,N/A,N/A,N/A,N/A,N/A,N/A,N/A,N/A,N/A,N/A,N/A,N/A,N/A,N/A,N/A,N/A,N/A,N/A,N/A,N/A,N/A,N/A,N/A,N/A,N/A,N/A,N/A,N/A,N/A,N/A,N/A,N/A,N/A,N/A,N/A,N/A,N/A,N/A,N/A,N/A,N/A,N/A,N/A,N/A,N/A,N/A,N/A,N/A,N/A,N/A,N/A,N/A,N/A,N/A,N/A,N/A,N/A
William Kurtovic,30,835426800,1996/06/22,First Division,2026,Midfielder,Lyn,717,377,340,Sweden,13,7,6,0,0,0,1,0,1,0,0,3,1,2,13,8,5,2,1,0.13,0.13,0,0,0,0,1.63,55,55,359,717,0.25,252,122,-1,20,0,6.36,0.08,59,11.89,7.31,22,95,6.38,83,84,10.39,27,0.00,0.00,0.15,2,0.00,0.00,0.13,0.08,1,0.00,0.08,0.00,0.00,0.00,0.08,0.00,1.23,0.00,0.00,0.00,0.00,0.00,0.00,0.00,0.00,0.15,0.00,0.00,0,0,,0,0.00,14,0,0.00,29,0,0.00,16,3,5,8,89,0.00,99,0,1,0.13,12,0,34,0.00,16,0,0.00,99,0,0.00,0,0,0.00,0,0.25,40,0,0.00,18,0,0.00,0.00,0,0.00,0,0,0,0.00,0,16,0.00,53,2.00,53,N/A,N/A,N/A,N/A,0.00,0,0.00,0,0.00,0.00,0,87.37,0.00,29,99,0.00,0.00,0,24,24,0,0,0,0.15,0.25,2,73,82.66,0.23,0.38,3,0,0.00,0.00,99,0.00,0,0,0,0.00,0.00,0,0.00,0.00,0.00,0.00,0,0,0.00,41,24,24,39,53,0.81,45,0.06,0.10,0.00,15,0.00,0.00,62,5,0.38,0.63,0.00,0.00,9,0,0.00,15,34,26,82,0,59,27,0,0.00,99,2,0.00,0.25,2.50,1.54,20,8,14,14,1.00,0.62,40.00,1,0.13,62,0,0.00,0,0.00,99,0,0.00,0.00,34,25,80,79,0,0,0,0,0,40,39,57,51,0,99,63,42,81,1,8,39,22,0,0
William Nicolai Wendt,20,1138003200,2006/01/23,First Division,2026,Midfielder,Stabæk,1793,835,958,Norway,21,10,11,4,2,2,13,7,6,0,0,8,4,4,23,12,11,3,0,0.85,0.65,0.2,0.22,0.19,448,1.15,78,85,598,138,0.15,82,4,-1,6,0,6.92,0.62,99,23.12,21.86,56,459,16.86,354,38,17.83,53,0.00,0.00,1.00,21,0.00,1.86,0.00,0.00,0,0.00,0.67,0.00,0.00,0.00,0.57,0.76,1.14,10.00,2.01,1.38,1.43,0.00,0.52,0.24,0.00,0.10,0.00,0.00,0,0,,40,1.90,95,11,0.55,84,29,1.46,97,5,1,20,63,0.00,99,0,12,0.60,46,39,57,1.96,88,0,0.00,99,0,0.00,0,0,0.00,0,1.06,92,30,1.51,91,16,0.81,53.33,0,0.00,0,0,0,0.00,0,24,0.00,93,1.21,4,N/A,N/A,N/A,N/A,0.00,0,0.00,0,5.06,0.00,0,77.12,27.50,44,99,0.00,0.00,0,86,41,0,0,0,0.00,0.00,0,26,145.25,0.14,0.15,3,0,0.00,0.00,99,0.00,0,0,1,0.05,0.05,0,0.00,0.00,0.20,0.19,4,0,10.00,45,91,99,67,93,8.97,99,0.43,0.45,5.06,78,0.24,0.25,64,13,0.62,0.65,0.40,0.38,44,8,0.25,75,88,14,88,0,84,14,0,0.00,99,2,0.00,0.10,6.55,6.19,130,51,46,54,2.57,2.43,39.23,14,0.71,10,0,30.77,0,0.00,99,12,0.57,0.60,85,92,48,95,0,0,0,0,0,92,73,71,71,0,99,97,70,56,3,14,67,23,0,0
William Sell,27,914140800,1998/12/20,First Division,2026,Defender,Lyn,1575,836,739,Norway,19,10,9,0,0,0,0,0,0,0,0,4,1,3,38,22,16,3,0,0,0,0,0,0,0,2.17,41,83,525,0,0.17,235,242,97,16,0,6.24,0,36,25.39,23.28,62,419,20.61,371,87,22.48,69,0.00,0.00,0.11,2,0.00,0.06,0.12,0.11,2,0.00,0.06,0.00,0.00,0.00,1.00,0.00,2.33,0.00,0.18,0.06,0.00,0.00,0.11,0.02,0.00,1.06,0.00,0.00,0,0,,3,0.17,27,2,0.12,46,1,0.06,20,0,2,17,86,0.00,99,0,18,1.09,81,1,34,0.06,18,0,0.00,99,0,0.00,0,0,0.00,0,0.12,27,0,0.00,18,0,0.00,0.00,0,0.00,0,0,0,0.00,0,42,0.00,23,2.55,79,N/A,N/A,N/A,N/A,0.00,0,0.00,0,0.28,0.00,0,88.54,66.67,96,99,0.00,0.00,0,24,24,0,0,0,0.50,0.55,9,91,112.30,2.50,2.73,45,0,0.00,0.00,99,0.00,0,0,0,0.00,0.00,0,0.00,0.00,0.00,0.00,0,0,0.00,41,73,69,39,22,0.75,24,0.04,0.05,0.28,28,0.02,0.02,11,1,0.06,0.06,0.36,0.33,39,6,0.02,28,23,85,82,0,59,77,0,0.00,99,19,0.00,1.15,3.88,3.56,64,34,29,23,2.06,1.89,53.12,1,0.06,73,0,0.00,0,0.00,99,0,0.00,0.00,34,67,59,14,0,0,0,0,0,22,39,57,51,0,99,61,62,63,3,16,74,4,0,0
William Strand Kvale,20,1147935600,2006/05/18,First Division,2026,Defender,Moss,1800,900,900,Norway,20,10,10,2,1,1,2,1,1,0,0,1,1,0,43,19,24,4,0,0.2,0.1,0.1,0.1,0.1,900,2.15,42,90,450,900,0.2,135,144,96,5,0,6.35,0.1,52,23.85,23.85,58,477,19.15,383,52,19.15,57,0.00,0.00,0.60,12,0.00,1.05,0.00,0.00,0,0.00,0.15,0.00,0.00,0.00,0.65,0.35,2.20,2.50,0.25,0.15,0.40,0.00,0.10,0.08,0.00,0.25,0.00,0.00,0,0,,5,0.25,32,2,0.10,42,3,0.15,30,1,0,20,63,0.00,99,0,13,0.65,52,21,64,1.05,70,0,0.00,99,0,0.00,0,0,0.00,0,0.60,72,8,0.40,55,7,0.35,87.50,0,0.00,0,0,0,0.00,0,44,0.00,23,2.20,63,N/A,N/A,N/A,N/A,0.00,0,0.00,0,1.61,0.00,0,80.29,40.00,65,99,0.00,0.00,0,64,77,0,0,0,0.05,0.05,1,29,127.09,0.65,0.65,13,0,0.00,0.00,99,0.00,0,0,0,0.00,0.00,0,0.00,0.00,0.00,0.00,0,0,40.00,86,92,84,86,27,2.43,55,0.12,0.12,1.61,52,0.08,0.08,84,20,1.00,1.00,0.30,0.30,30,6,0.08,52,33,41,82,0,59,27,0,0.00,99,5,0.00,0.25,4.80,4.80,96,44,32,34,2.20,2.20,45.83,3,0.15,58,0,33.33,0,0.00,99,7,0.35,0.35,71,92,36,38,0,0,0,0,0,53,54,60,54,0,99,13,54,73,4,20,86,16,0,0
Wilmer Olofsson,20,1126854000,2005/09/16,First Division,2026,Defender,Moss,565,275,290,Sweden,9,4,5,0,0,0,1,1,0,0,0,0,0,0,14,7,7,1,0,0.16,0.16,0,0,0,0,2.23,40,63,565,565,0.16,178,98,100,10,0,6.18,0.11,66,22.82,16.00,55,144,14.56,131,98,20.76,63,0.00,0.00,0.00,0,0.00,0.22,0.00,0.00,0,0.00,0.22,0.00,0.00,0.00,0.44,0.00,1.67,0.00,0.16,0.11,0.00,0.00,0.00,0.01,0.00,0.56,0.00,0.00,0,0,,1,0.11,24,0,0.00,29,1,0.16,31,3,3,6,63,0.00,99,0,4,0.63,50,2,92,0.32,39,0,0.00,99,0,0.00,0,0,0.00,0,0.00,17,0,0.00,18,0,0.00,0.00,0,0.00,0,0,0,0.00,0,15,0.00,19,2.38,73,N/A,N/A,N/A,N/A,0.00,0,0.00,0,0.05,0.00,0,90.97,0.00,29,99,0.00,0.00,0,24,24,0,0,0,0.11,0.16,1,57,55.66,1.44,2.06,13,0,0.00,0.00,99,0.00,0,0,0,0.00,0.00,0,0.00,0.00,0.00,0.00,0,0,0.00,41,13,8,39,19,0.87,62,0.10,0.14,0.05,23,0.01,0.01,20,1,0.11,0.16,0.32,0.22,34,2,0.01,23,20,75,82,0,59,62,0,0.00,99,5,0.00,0.79,3.80,2.67,24,7,16,22,1.11,0.78,29.17,2,0.32,40,0,50.00,0,0.00,99,1,0.11,0.16,54,16,69,79,0,0,0,0,0,46,39,57,51,0,99,7,66,59,1,11,56,24,0,0
Yann-Erik de Lanlay,34,705826800,1992/05/14,First Division,2026,Midfielder,Sandnes Ulf,568,284,284,Norway,11,4,7,1,0,1,0,0,0,0,0,2,0,2,14,9,5,1,0,0.16,0,0.16,0,0.32,568,2.22,41,52,568,0,0.16,97,281,-1,7,0,6.53,0,36,29.42,16.82,74,185,13.73,151,57,24.01,73,0.00,0.00,0.18,2,0.00,0.45,0.00,0.00,0,0.00,0.27,0.00,0.00,0.00,0.55,0.45,1.45,6.00,0.95,0.36,0.55,0.00,0.18,0.09,0.00,0.36,0.00,0.00,0,0,,6,0.55,72,2,0.32,70,4,0.64,75,2,6,5,63,0.00,99,0,6,0.95,72,5,34,0.80,63,0,0.00,99,0,0.00,0,0,0.00,0,0.32,48,6,0.95,77,5,0.80,83.33,0,0.00,0,0,0,0.00,0,16,0.00,20,2.54,78,N/A,N/A,N/A,N/A,0.00,0,0.00,0,1.03,0.00,0,81.62,33.33,56,99,0.00,0.00,0,85,73,0,0,0,0.00,0.00,0,26,71.86,0.82,1.43,9,0,0.00,0.00,99,0.00,0,0,0,0.00,0.00,0,0.00,0.00,0.32,0.18,2,0,16.67,55,14,17,73,22,0.38,32,0.03,0.06,1.03,71,0.09,0.16,20,1,0.09,0.16,0.48,0.27,52,3,0.16,71,55,64,82,0,90,51,0,0.00,99,4,0.00,0.64,9.38,5.36,59,30,88,84,4.77,2.73,50.85,3,0.48,25,0,0.00,0,0.00,99,0,0.00,0.00,34,10,84,57,0,0,0,0,0,46,68,81,51,0,99,54,66,59,1,9,41,16,0,0
Yaw Agyeman,23,1054882800,2003/06/06,First Division,2026,Forward,Raufoss,228,118,110,Ghana,6,2,4,0,0,0,0,0,0,0,0,0,0,0,10,4,6,1,0,0,0,0,0,0,0,3.95,23,38,228,0,0.39,-1,-1,-1,15,0,6.42,0,36,20.77,9.00,49,54,6.83,41,31,15.77,46,0.00,0.00,0.33,2,0.00,0.33,0.00,0.00,0,0.00,0.17,0.00,0.00,0.00,0.33,0.50,1.83,0.00,1.92,0.83,0.67,0.00,0.00,0.04,0.00,0.17,0.00,0.00,0,0,,5,0.83,93,0,0.00,29,5,1.92,99,1,4,2,63,0.00,99,0,2,0.77,61,2,92,0.77,62,0,0.00,99,0,0.00,0,0,0.00,0,0.77,80,4,1.54,91,3,1.15,75.00,0,0.00,0,0,0,0.00,0,11,0.00,0,4.23,98,N/A,N/A,N/A,N/A,0.00,0,0.00,0,0.22,0.00,0,75.93,0.00,29,99,0.00,0.00,0,93,70,0,0,0,0.00,0.00,0,26,38.51,0.17,0.38,1,0,0.00,0.00,99,0.00,0,0,0,0.00,0.00,0,0.00,0.00,1.15,0.50,3,0,0.00,41,0,2,39,0,0.19,35,0.03,0.07,0.22,52,0.04,0.08,98,5,0.83,1.92,2.69,1.17,99,7,0.08,52,40,26,82,0,99,34,0,0.00,99,1,0.00,0.38,14.23,6.17,37,16,95,96,6.15,2.67,43.24,1,0.38,34,0,50.00,0,0.00,99,1,0.17,0.38,72,1,73,38,0,0,0,0,0,22,39,57,51,0,99,7,29,94,1,17,77,14,0,0
Zifarlino Nsoni,24,1021878000,2002/05/20,First Division,2026,Midfielder,Sandnes Ulf,1364,644,720,Denmark,16,8,8,1,1,0,0,0,0,0,0,4,3,1,19,7,12,3,0,0.07,0,0.07,0.14,0,1364,1.25,72,85,455,0,0.2,148,280,-1,6,0,6.51,0,36,14.85,14.06,29,225,12.56,201,93,13.26,38,0.00,0.00,0.06,1,0.00,0.12,0.07,0.06,1,0.00,0.25,0.00,0.00,0.00,0.94,0.00,1.38,3.00,0.20,0.06,0.06,0.00,0.12,0.06,0.00,0.56,0.00,0.00,0,0,,3,0.19,29,2,0.13,46,1,0.07,22,3,0,16,77,0.00,99,0,15,0.99,75,2,92,0.13,22,0,0.00,99,0,0.00,0,0,0.00,0,0.07,22,1,0.07,25,0,0.00,0.00,0,0.00,0,0,0,0.00,0,22,0.00,85,1.45,19,N/A,N/A,N/A,N/A,0.00,0,0.00,0,0.90,0.00,0,89.33,66.67,96,99,0.00,0.00,0,24,24,0,0,0,0.25,0.26,4,74,104.19,0.50,0.53,8,0,0.00,0.00,99,0.00,0,0,0,0.00,0.00,0,0.00,0.00,0.00,0.00,0,0,33.33,80,55,42,92,85,0.43,14,0.03,0.03,0.90,46,0.06,0.06,77,12,0.75,0.79,0.46,0.44,49,7,0.06,45,53,34,82,0,59,47,0,0.00,99,9,0.00,0.59,4.16,3.94,63,30,27,25,1.98,1.88,47.62,4,0.26,45,0,50.00,0,0.00,99,1,0.06,0.07,39,61,36,79,0,0,0,0,0,31,50,57,63,0,99,70,54,73,3,19,80,15,0,0
Þorlákur Baxter,21,1110614400,2005/03/12,First Division,2026,Midfielder,Egersund,10,0,10,Iceland,1,0,1,0,0,0,0,0,0,0,0,0,0,0,0,0,0,0,0,0,0,0,0,0,0,0,0,10,0,0,0,-1,-1,-1,26,0,6.61,0,36,50.62,9.00,97,9,4.00,4,2,22.50,69,0.00,0.00,0.00,0,0.00,0.00,0.00,0.00,0,0.00,0.00,0.00,0.00,0.00,0.00,1.00,1.00,0.00,5.62,1.00,1.00,0.00,0.00,0.05,0.00,0.00,0.00,0.00,0,0,,1,1.00,99,0,0.00,29,1,5.62,99,0,1,0,63,0.00,99,0,0,0.00,6,0,34,0.00,16,0,0.00,99,0,0.00,0,0,0.00,0,0.00,17,1,5.62,99,1,5.62,100.00,0,0.00,0,0,0,0.00,0,1,0.00,99,5.62,99,N/A,N/A,N/A,N/A,0.00,0,0.00,0,0.05,0.00,0,44.44,0.00,29,99,0.00,0.00,0,99,99,0,0,0,0.00,0.00,0,26,6.61,0.00,0.00,0,0,0.00,0.00,99,0.00,0,0,0,0.00,0.00,0,0.00,0.00,0.00,0.00,0,0,0.00,41,0,0,39,0,0.01,32,0.01,0.06,0.05,81,0.05,0.28,99,1,1.00,5.62,0.00,0.00,9,0,0.28,78,66,8,82,0,59,10,0,0.00,99,0,0.00,0.00,11.25,2.00,2,2,99,91,11.25,2.00,100.00,0,0.00,99,0,0.00,0,0.00,99,0,0.00,0.00,34,0,48,14,0,0,0,0,0,22,39,57,51,0,99,7,23,23,0,0,23,26,0,0
