full_name,age,birthday,birthday_GMT,league,season,position,Current Club,minutes_played_overall,minutes_played_home,minutes_played_away,nationality,appearances_overall,appearances_home,appearances_away,goals_overall,goals_home,goals_away,assists_overall,assists_home,assists_away,penalty_goals,penalty_misses,clean_sheets_overall,clean_sheets_home,clean_sheets_away,conceded_overall,conceded_home,conceded_away,yellow_cards_overall,red_cards_overall,goals_involved_per_90_overall,assists_per_90_overall,goals_per_90_overall,goals_per_90_home,goals_per_90_away,min_per_goal_overall,conceded_per_90_overall,min_per_conceded_overall,min_per_match,min_per_card_overall,min_per_assist_overall,cards_per_90_overall,rank_in_league_top_attackers,rank_in_league_top_midfielders,rank_in_league_top_defenders,rank_in_club_top_scorer,annual_salary_eur,average_rating_overall,assists_per_game_overall,assists_per90_percentile_overall,passes_per_90_overall,passes_per_game_overall,passes_per90_percentile_overall,passes_total_overall,passes_completed_per_game_overall,passes_completed_total_overall,pass_completion_rate_percentile_overall,passes_completed_per_90_overall,passes_completed_per90_percentile_overall,short_passes_per_game_overall,long_passes_per_game_overall,key_passes_per_game_overall,key_passes_total_overall,through_passes_per_game_overall,crosses_per_game_overall,tackles_per_90_overall,tackles_per_game_overall,tackles_total_overall,tackles_successful_per_game_overall,dispossesed_per_game_overall,possession_regained_per_game_overall,pressures_per_game_overall,saves_per_game_overall,interceptions_per_game_overall,dribbles_successful_per_game_overall,shots_faced_per_game_overall,shots_per_goal_scored_overall,shots_per_90_overall,shots_off_target_per_game_overall,dribbles_per_game_overall,distance_travelled_per_game_overall,shots_on_target_per_game_overall,xg_per_game_overall,chances_created_per_game_overall,aerial_duels_won_per_game_overall,aerial_duels_per_game_overall,possession_regained_per_90_overall,possession_regained_total_overall,possession_regained_per90_percentile_overall,additional_info,shots_total_overall,shots_per_game_overall,shots_per90_percentile_overall,shots_on_target_total_overall,shots_on_target_per_90_overall,shots_on_target_per90_percentile_overall,shots_off_target_total_overall,shots_off_target_per_90_overall,shots_off_target_per90_percentile_overall,games_subbed_out,games_subbed_in,games_started,tackles_per90_percentile_overall,tackles_successful_per_90_overall,tackles_successful_per90_percentile_overall,tackles_successful_total_overall,interceptions_total_overall,interceptions_per_90_overall,interceptions_per90_percentile_overall,crosses_total_overall,cross_completion_rate_percentile_overall,crosses_per_90_overall,crosses_per90_percentile_overall,through_passes_total_overall,through_passes_per_90_overall,through_passes_per90_percentile_overall,long_passes_total_overall,long_passes_per_90_overall,long_passes_per90_percentile_overall,short_passes_total_overall,short_passes_per_90_overall,short_passes_per90_percentile_overall,key_passes_per_90_overall,key_passes_per90_percentile_overall,dribbles_total_overall,dribbles_per_90_overall,dribbles_per90_percentile_overall,dribbles_successful_total_overall,dribbles_successful_per_90_overall,dribbles_successful_percentage_overall,chances_created_total_overall,chances_created_per_90_overall,chances_created_per90_percentile_overall,saves_total_overall,save_percentage_percentile_overall,saves_per_90_overall,saves_per90_percentile_overall,shots_faced_total_overall,shots_per_goal_conceded_overall,conceded_per90_percentile_overall,shots_faced_per_90_overall,shots_faced_per90_percentile_overall,xg_faced_per_90_overall,xg_faced_per90_percentile_overall,xg_faced_per_game_overall,xg_faced_total_overall,save_percentage_overall,pressures_total_overall,pressures_per_90_overall,pressures_per90_percentile_overall,xg_total_overall,market_value,market_value_percentile,pass_completion_rate_overall,shot_accuraccy_percentage_overall,shot_accuraccy_percentage_percentile_overall,dribbled_past_per90_percentile_overall,dribbled_past_per_game_overall,dribbled_past_per_90_overall,dribbled_past_total_overall,dribbles_successful_per90_percentile_overall,dribbles_successful_percentage_percentile_overall,pen_scored_total_overall,pen_missed_total_overall,inside_box_saves_total_overall,blocks_per_game_overall,blocks_per_90_overall,blocks_total_overall,blocks_per90_percentile_overall,ratings_total_overall,clearances_per_game_overall,clearances_per_90_overall,clearances_total_overall,pen_committed_total_overall,pen_save_percentage_overall,pen_committed_per_90_overall,pen_committed_per90_percentile_overall,pen_committed_per_game_overall,pens_saved_total_overall,pens_taken_total_overall,hit_woodwork_total_overall,hit_woodwork_per_game_overall,hit_woodwork_per_90_overall,punches_total_overall,punches_per_game_overall,punches_per_90_overall,offsides_per_90_overall,offsides_per_game_overall,offsides_total_overall,penalties_won_total_overall,shot_conversion_rate_overall,shot_conversion_rate_percentile_overall,minutes_played_percentile_overall,matches_played_percentile_overall,min_per_goal_percentile_overall,min_per_conceded_percentile_overall,xa_total_overall,xa_per90_percentile_overall,xa_per_game_overall,xa_per_90_overall,npxg_total_overall,npxg_per90_percentile_overall,npxg_per_game_overall,npxg_per_90_overall,fouls_drawn_per90_percentile_overall,fouls_drawn_total_overall,fouls_drawn_per_game_overall,fouls_drawn_per_90_overall,fouls_committed_per_90_overall,fouls_committed_per_game_overall,fouls_committed_per90_percentile_overall,fouls_committed_total_overall,xg_per_90_overall,xg_per90_percentile_overall,average_rating_percentile_overall,clearances_per90_percentile_overall,hit_woodwork_per90_percentile_overall,punches_per90_percentile_overall,offsides_per90_percentile_overall,aerial_duels_won_per90_percentile_overall,aerial_duels_total_overall,aerial_duels_per_90_overall,aerial_duels_per90_percentile_overall,aerial_duels_won_total_overall,aerial_duels_won_percentage_overall,aerial_duels_won_per_90_overall,duels_per_90_overall,duels_per_game_overall,duels_total_overall,duels_won_total_overall,duels_won_per90_percentile_overall,duels_per90_percentile_overall,duels_won_per_90_overall,duels_won_per_game_overall,duels_won_percentage_overall,dispossesed_total_overall,dispossesed_per_90_overall,dispossesed_per90_percentile_overall,progressive_passes_total_overall,cross_completion_rate_overall,distance_travelled_total_overall,distance_travelled_per_90_overall,distance_travelled_per90_percentile_overall,accurate_crosses_total_overall,accurate_crosses_per_game_overall,accurate_crosses_per_90_overall,accurate_crosses_per90_percentile_overall,games_started_percentile_overall,games_subbed_in_percentile_overall,games_subbed_out_percentile_overall,hattricks_total_overall,two_goals_in_a_game_total_overall,three_goals_in_a_game_total_overall,two_goals_in_a_game_percentage_overall,three_goals_in_a_game_percentage_overall,goals_involved_per90_percentile_overall,goals_per90_percentile_overall,goals_per90_percentile_away,goals_per90_percentile_home,man_of_the_match_total_overall,annual_salary_eur_percentile,clean_sheets_percentage_percentile_overall,min_per_card_percentile_overall,cards_per90_percentile_overall,booked_over05_overall,booked_over05_percentage_overall,booked_over05_percentage_percentile_overall,shirt_number,annual_salary_gbp,annual_salary_usd
,36,615884400,1989/07/08,Liga II,2025/2026,Midfielder,Afumaţi,33570,15120,18450,,373,168,205,247,141,106,0,0,0,0,0,91,48,43,161,33,128,0,0,0.66,0,0.66,0.84,0.52,136,0.43,209,90,0,0,0,10,253,-1,1,N/A,N/A,N/A,N/A,N/A,N/A,N/A,N/A,N/A,N/A,N/A,N/A,N/A,N/A,N/A,N/A,N/A,N/A,N/A,N/A,N/A,N/A,N/A,N/A,N/A,N/A,N/A,N/A,N/A,N/A,N/A,N/A,N/A,N/A,N/A,N/A,N/A,N/A,N/A,N/A,N/A,N/A,N/A,N/A,N/A,N/A,N/A,N/A,N/A,N/A,N/A,N/A,N/A,N/A,N/A,N/A,N/A,N/A,N/A,N/A,N/A,N/A,N/A,N/A,N/A,N/A,N/A,N/A,N/A,N/A,N/A,N/A,N/A,N/A,N/A,N/A,N/A,N/A,N/A,N/A,N/A,N/A,N/A,N/A,N/A,N/A,N/A,N/A,N/A,N/A,N/A,N/A,N/A,N/A,N/A,N/A,N/A,N/A,N/A,N/A,N/A,N/A,N/A,N/A,N/A,N/A,N/A,N/A,N/A,N/A,N/A,N/A,N/A,N/A,N/A,N/A,N/A,N/A,N/A,N/A,N/A,N/A,N/A,N/A,N/A,N/A,N/A,N/A,N/A,N/A,N/A,N/A,N/A,N/A,N/A,N/A,N/A,N/A,N/A,N/A,N/A,N/A,N/A,N/A,N/A,N/A,N/A,N/A,N/A,N/A,N/A,N/A,N/A,N/A,N/A,N/A,N/A,N/A,N/A,N/A,N/A,N/A,N/A,N/A,N/A,N/A,N/A,N/A,N/A,N/A,N/A,N/A,N/A,N/A,N/A,N/A,N/A,N/A,N/A,N/A,N/A,N/A,N/A,N/A,N/A,N/A,N/A,N/A,N/A,N/A,N/A,N/A,N/A,N/A,N/A,N/A,N/A,N/A,N/A,N/A,N/A,N/A,N/A,N/A,N/A,N/A,N/A,N/A,N/A,N/A,N/A,N/A,N/A,N/A,N/A,N/A,N/A,N/A,N/A,N/A,N/A,N/A,N/A,N/A
Abdel Billel Omrani,32,739004400,1993/06/02,Liga II,2025/2026,Forward,Concordia Chiajna,0,0,0,France,0,0,0,1,1,0,0,0,0,0,0,0,0,0,0,0,0,1,0,0,0,0,0,0,0,0,0,0,0,0,0,-1,-1,-1,-1,N/A,N/A,N/A,N/A,N/A,N/A,N/A,N/A,N/A,N/A,N/A,N/A,N/A,N/A,N/A,N/A,N/A,N/A,N/A,N/A,N/A,N/A,N/A,N/A,N/A,N/A,N/A,N/A,N/A,N/A,N/A,N/A,N/A,N/A,N/A,N/A,N/A,N/A,N/A,N/A,N/A,N/A,N/A,N/A,N/A,N/A,N/A,N/A,N/A,N/A,N/A,N/A,N/A,N/A,N/A,N/A,N/A,N/A,N/A,N/A,N/A,N/A,N/A,N/A,N/A,N/A,N/A,N/A,N/A,N/A,N/A,N/A,N/A,N/A,N/A,N/A,N/A,N/A,N/A,N/A,N/A,N/A,N/A,N/A,N/A,N/A,N/A,N/A,N/A,N/A,N/A,N/A,N/A,N/A,N/A,N/A,N/A,N/A,N/A,N/A,N/A,N/A,N/A,N/A,N/A,N/A,N/A,N/A,N/A,N/A,N/A,N/A,N/A,N/A,N/A,N/A,N/A,N/A,N/A,N/A,N/A,N/A,N/A,N/A,N/A,N/A,N/A,N/A,N/A,N/A,N/A,N/A,N/A,N/A,N/A,N/A,N/A,N/A,N/A,N/A,N/A,N/A,N/A,N/A,N/A,N/A,N/A,N/A,N/A,N/A,N/A,N/A,N/A,N/A,N/A,N/A,N/A,N/A,N/A,N/A,N/A,N/A,N/A,N/A,N/A,N/A,N/A,N/A,N/A,N/A,N/A,N/A,N/A,N/A,N/A,N/A,N/A,N/A,N/A,N/A,N/A,N/A,N/A,N/A,N/A,N/A,N/A,N/A,N/A,N/A,N/A,N/A,N/A,N/A,N/A,N/A,N/A,N/A,N/A,N/A,N/A,N/A,N/A,N/A,N/A,N/A,N/A,N/A,N/A,N/A,N/A,N/A,N/A,N/A,N/A,N/A,N/A,N/A,N/A,N/A,N/A,N/A,N/A,N/A
Abel Samuel Popa,23,1028790000,2002/08/08,Liga II,2025/2026,Midfielder,Bihor Oradea,1530,810,720,Romania,17,9,8,0,0,0,0,0,0,0,0,5,4,1,16,7,9,3,0,0,0,0,0,0,0,0.94,96,90,510,0,0.18,251,239,-1,14,0,6.97,0,62,37.00,37.00,61,777,29.05,610,56,29.05,64,0.00,0.00,0.14,3,0.00,0.10,0.67,0.67,14,0.00,0.00,0.00,0.00,0.00,1.95,0.14,1.19,0.00,0.52,0.33,0.19,0.00,0.19,0.04,0.00,3.00,0.00,0.00,0,0,,11,0.52,32,4,0.19,41,7,0.33,31,0,0,16,87,0.00,99,0,41,1.95,79,2,91,0.10,15,0,0.00,99,0,0.00,0,0,0.00,0,0.14,21,4,0.19,18,3,0.14,75.00,0,0.00,0,0,0,0.00,0,25,0.00,75,1.19,69,N/A,N/A,N/A,N/A,0.00,0,0.00,0,0.86,0.00,0,78.51,36.36,64,99,0.00,0.00,0,19,62,0,0,0,0.62,0.62,13,86,146.38,2.90,2.90,61,0,0.00,0.00,99,0.00,0,0,0,0.00,0.00,0,0.00,0.00,0.05,0.05,1,0,0.00,52,96,95,51,75,1.45,32,0.07,0.07,0.86,34,0.04,0.04,26,13,0.62,0.62,0.90,0.90,37,19,0.04,33,83,82,83,0,51,87,0,0.00,99,63,0.00,3.00,14.57,14.57,306,125,58,45,5.95,5.95,40.85,0,0.00,99,0,50.00,0,0.00,99,1,0.05,0.05,27,96,41,28,0,0,0,0,0,38,51,69,61,0,99,54,67,57,3,18,80,4,0,0
Abel Stan,22,1072252800,2003/12/24,Liga II,2025/2026,Midfielder,Slatina,1216,720,496,Romania,14,8,6,0,0,0,0,0,0,0,0,2,2,0,17,8,9,4,1,0,0,0,0,0,0,1.26,72,87,304,0,0.3,339,309,-1,16,0,5.91,0,62,46.56,38.29,84,536,33.71,472,96,41.00,90,0.00,0.00,0.00,0,0.00,0.00,0.35,0.29,4,0.00,0.07,0.00,0.00,0.00,1.64,0.21,0.86,0.00,0.26,0.21,0.21,0.00,0.00,0.01,0.00,2.86,0.00,0.00,0,0,,3,0.21,20,0,0.00,23,3,0.26,28,3,0,9,64,0.00,99,0,23,2.00,82,0,26,0.00,14,0,0.00,99,0,0.00,0,0,0.00,0,0.00,14,3,0.26,21,3,0.26,100.00,0,0.00,0,0,0,0.00,0,12,0.00,44,1.04,62,N/A,N/A,N/A,N/A,0.00,0,0.00,0,0.14,0.00,0,88.06,0.00,23,99,0.00,0.00,0,25,99,0,0,0,0.71,0.87,10,93,82.76,1.64,2.00,23,0,0.00,0.00,99,0.00,0,0,0,0.00,0.00,0,0.00,0.00,0.00,0.00,0,0,0.00,52,85,78,51,46,0.98,45,0.07,0.09,0.14,16,0.01,0.01,21,6,0.43,0.52,1.13,0.93,52,13,0.01,16,34,70,83,0,50,92,0,0.00,99,40,0.00,3.47,14.86,12.21,171,72,66,49,6.25,5.14,42.11,1,0.09,81,0,0.00,0,0.00,99,0,0.00,0.00,26,65,41,91,0,0,0,0,0,38,51,69,61,0,99,27,42,81,2,14,72,4,0,0
Adam Nemec,40,494492400,1985/09/02,Liga II,2025/2026,Forward,Voluntari,1029,596,433,Slovakia,15,9,6,1,1,0,2,2,0,0,0,7,4,3,11,9,2,2,0,0.26,0.17,0.09,0.15,0,1029,0.96,94,69,515,515,0.17,139,56,-1,9,0,7.04,0.13,85,29.88,22.50,42,405,16.56,298,38,21.98,43,0.00,0.00,0.89,16,0.00,1.22,0.15,0.11,2,0.00,0.72,0.00,0.00,0.00,0.44,0.39,0.28,6.00,1.77,0.89,0.44,0.00,0.44,0.23,0.00,3.00,0.00,0.00,0,0,,24,1.33,76,8,0.59,72,16,1.18,77,1,1,12,40,0.00,99,0,8,0.59,19,22,79,1.62,65,0,0.00,99,0,0.00,0,0,0.00,0,1.18,77,8,0.59,32,7,0.52,87.50,0,0.00,0,0,0,0.00,0,5,0.00,73,0.37,8,N/A,N/A,N/A,N/A,0.00,0,0.00,0,4.17,0.00,0,73.58,33.33,60,99,0.00,0.00,0,38,84,0,0,0,0.17,0.22,3,55,126.80,0.67,0.89,12,0,0.00,0.00,99,0.00,0,0,1,0.06,0.07,0,0.00,0.00,0.52,0.39,7,0,16.67,81,69,87,93,73,2.38,82,0.13,0.18,4.17,81,0.23,0.31,44,12,0.67,0.89,0.37,0.28,11,5,0.31,81,87,40,89,0,88,95,0,0.00,99,54,0.00,3.98,13.57,10.22,184,78,53,41,5.75,4.33,42.39,13,0.96,30,0,40.91,0,0.00,99,9,0.50,0.66,75,84,64,66,0,0,0,0,0,73,60,69,68,0,99,87,68,54,2,13,67,77,0,0
Adnan Aganović,38,560242800,1987/10/03,Liga II,2025/2026,Midfielder,Sepsi,281,93,188,Croatia,6,2,4,0,0,0,0,0,0,0,0,1,1,0,3,1,2,1,0,0,0,0,0,0,0,0.96,94,47,281,0,0.32,215,202,-1,12,0,3.43,0,62,57.43,16.75,97,201,14.00,168,82,48.00,96,0.00,0.00,0.08,1,0.00,0.33,0.29,0.08,1,0.00,0.08,0.00,0.00,0.00,0.33,0.08,0.08,0.00,1.43,0.25,0.25,0.00,0.17,0.04,0.00,0.33,0.00,0.00,0,0,,5,0.42,66,2,0.57,71,3,0.86,63,1,3,3,59,0.00,99,0,4,1.14,45,4,26,1.14,56,0,0.00,99,0,0.00,0,0,0.00,0,0.29,31,3,0.86,41,1,0.29,33.33,0,0.00,0,0,0,0.00,0,1,0.00,73,0.29,4,N/A,N/A,N/A,N/A,0.00,0,0.00,0,0.46,0.00,0,83.58,40.00,73,99,0.00,0.00,0,27,15,0,0,0,0.17,0.57,2,83,41.20,0.42,1.43,5,0,0.00,0.00,99,0.00,0,0,0,0.00,0.00,0,0.00,0.00,0.00,0.00,0,0,0.00,52,0,5,51,73,0.43,62,0.04,0.12,0.46,59,0.04,0.13,73,5,0.42,1.43,1.14,0.33,54,4,0.13,59,5,59,83,0,50,45,0,0.00,99,4,0.00,1.14,15.71,4.58,55,17,34,56,4.86,1.42,30.91,1,0.29,63,0,0.00,0,0.00,99,0,0.00,0.00,26,12,85,66,0,0,0,0,0,38,51,69,61,0,99,32,38,84,1,17,78,70,0,0
Adrian Frânculescu,21,1109577600,2005/02/28,Liga II,2025/2026,Midfielder,CSA Steaua Bucureşti,1350,810,540,Romania,15,9,6,0,0,0,0,0,0,0,0,3,1,2,22,11,11,3,0,0,0,0,0,0,0,1.47,61,90,450,0,0.2,220,156,-1,11,0,7.19,0,62,16.81,16.81,9,353,14.57,306,94,14.57,17,0.00,0.00,0.00,0,0.00,0.00,0.00,0.00,0,0.00,0.00,0.00,0.00,4.14,0.57,0.00,4.14,0.00,0.00,0.00,0.00,0.00,0.00,0.00,0.00,0.19,0.00,0.00,0,0,,0,0.00,10,0,0.00,23,0,0.00,12,0,0,13,26,0.00,99,0,12,0.57,19,0,26,0.00,14,0,0.00,99,0,0.00,0,0,0.00,0,0.00,14,0,0.00,12,0,0.00,0.00,0,0.00,0,87,99,4.14,83,87,0.00,28,4.14,99,N/A,N/A,N/A,N/A,100.00,0,0.00,0,0.00,0.00,0,86.69,0.00,23,99,0.00,0.00,0,13,13,0,0,50,0.00,0.00,0,31,151.02,0.33,0.33,7,1,0.00,0.05,11,0.05,1,0,0,0.00,0.00,0,0.00,0.00,0.00,0.00,0,0,0.00,52,91,87,51,29,0.68,6,0.03,0.03,0.00,11,0.00,0.00,4,2,0.10,0.10,0.10,0.10,8,2,0.00,10,94,13,83,0,50,3,0,0.00,99,4,0.00,0.19,0.71,0.71,15,6,1,5,0.29,0.29,40.00,0,0.00,99,0,0.00,0,0.00,99,0,0.00,0.00,26,88,41,28,0,0,0,0,0,38,51,69,61,0,99,39,61,63,3,20,85,12,0,0
Adrian Horşia,21,1108540800,2005/02/16,Liga II,2025/2026,Defender,ASA Târgu Mureş,442,315,127,Romania,8,5,3,0,0,0,0,0,0,0,0,5,4,1,3,2,1,1,0,0,0,0,0,0,0,0.61,147,55,442,0,0.2,278,272,7,19,0,5.74,0,62,35.58,21.25,58,170,13.62,109,7,22.81,47,0.00,0.00,0.38,3,0.00,1.75,0.21,0.12,1,0.00,0.12,0.00,0.00,0.00,1.12,0.12,0.12,0.00,0.00,0.00,0.50,0.00,0.00,0.00,0.00,0.50,0.00,0.00,0,0,,0,0.00,10,0,0.00,23,0,0.00,12,0,4,4,47,0.00,99,0,9,1.88,78,14,68,2.93,85,0,0.00,99,0,0.00,0,0,0.00,0,0.63,53,4,0.84,41,1,0.21,25.00,0,0.00,0,0,0,0.00,0,1,0.00,91,0.21,2,N/A,N/A,N/A,N/A,0.00,0,0.00,0,0.00,0.00,0,64.12,0.00,23,99,0.00,0.00,0,22,13,0,0,0,0.12,0.21,1,54,45.90,0.75,1.26,6,0,0.00,0.00,99,0.00,0,0,0,0.00,0.00,0,0.00,0.00,0.00,0.00,0,0,0.00,52,9,20,51,91,0.35,32,0.04,0.07,0.00,11,0.00,0.00,41,4,0.50,0.84,0.42,0.25,13,2,0.00,10,30,53,83,0,50,28,0,0.00,99,4,0.00,0.84,11.93,7.12,57,10,8,24,2.09,1.25,17.54,1,0.21,68,0,35.71,0,0.00,99,5,0.62,1.05,87,20,89,28,0,0,0,0,0,38,51,69,61,0,99,96,59,63,1,12,65,55,0,0
Adrian Ioan Hora,37,588150000,1988/08/21,Liga II,2025/2026,Forward,Bihor Oradea,592,288,304,Romania,15,8,7,8,5,3,3,2,1,0,0,4,3,1,5,1,4,3,0,1.67,0.46,1.22,1.56,0.89,74,0.76,118,39,197,197,0.46,1,6,-1,1,0,6.92,0.2,99,21.54,10.14,20,213,6.90,145,17,14.66,18,0.00,0.00,0.67,14,0.00,0.67,0.00,0.00,0,0.00,0.95,0.00,0.00,0.00,0.24,0.48,0.38,3.22,2.93,0.62,0.86,0.00,0.76,0.39,0.00,1.29,0.00,0.00,0,0,,29,1.38,95,16,1.62,98,13,1.31,81,3,11,3,26,0.00,99,0,5,0.51,16,14,51,1.42,60,0,0.00,99,0,0.00,0,0,0.00,0,1.42,86,18,1.82,63,10,1.01,55.56,0,0.00,0,0,0,0.00,0,8,0.00,85,0.81,41,N/A,N/A,N/A,N/A,0.00,0,0.00,0,8.12,0.00,0,68.08,55.17,91,99,0.00,0.00,0,53,28,0,0,0,0.10,0.20,2,53,145.24,0.14,0.30,3,0,0.00,0.00,99,0.00,0,0,2,0.10,0.20,0,0.00,0.00,0.61,0.29,6,0,31.03,94,27,87,51,85,2.59,95,0.12,0.26,8.12,99,0.39,0.82,56,11,0.52,1.11,1.92,0.90,90,19,0.82,99,80,12,99,0,92,83,0,0.00,99,27,0.00,2.73,19.72,9.29,195,61,64,83,6.17,2.90,31.28,20,2.02,7,0,28.57,0,0.00,99,4,0.19,0.40,61,12,99,91,0,0,0,0,0,99,99,99,99,0,99,48,27,96,3,20,85,7,0,0
Adrian Ionuț Bălan,36,637401600,1990/03/14,Liga II,2025/2026,Forward,Tunari,663,198,465,Romania,10,3,7,0,0,0,0,0,0,0,0,1,0,1,7,2,5,1,0,0,0,0,0,0,0,0.95,95,66,663,0,0.14,202,165,-1,23,0,6.77,0,62,22.61,15.69,22,204,10.46,136,12,15.07,20,0.00,0.00,0.54,7,0.00,1.00,0.33,0.23,3,0.00,1.46,0.00,0.00,0.00,0.15,0.62,0.85,0.00,0.89,0.38,0.92,0.00,0.23,0.05,0.00,4.69,0.00,0.00,0,0,,8,0.62,49,3,0.33,57,5,0.55,48,2,3,7,62,0.00,99,0,2,0.22,4,13,38,1.44,61,0,0.00,99,0,0.00,0,0,0.00,0,0.78,64,12,1.33,52,8,0.89,66.67,0,0.00,0,0,0,0.00,0,11,0.00,74,1.22,70,N/A,N/A,N/A,N/A,0.00,0,0.00,0,0.61,0.00,0,66.67,37.50,66,99,0.00,0.00,0,52,44,0,0,0,0.00,0.00,0,31,87.95,0.92,1.33,12,0,0.00,0.00,99,0.00,0,0,0,0.00,0.00,0,0.00,0.00,0.89,0.62,8,0,0.00,52,33,37,51,74,0.52,23,0.04,0.06,0.61,46,0.05,0.07,98,25,1.92,2.77,1.33,0.92,69,12,0.07,45,66,56,83,0,96,99,0,0.00,99,61,0.00,6.76,28.49,19.77,257,101,99,99,11.19,7.77,39.30,19,2.11,5,0,23.08,0,0.00,99,3,0.23,0.33,56,45,85,85,0,0,0,0,0,38,51,69,61,0,99,18,79,48,1,10,58,9,0,0
Adrian Mihai Ioniţă,26,952761600,2000/03/11,Liga II,2025/2026,Defender,Chindia Târgovişte,450,195,255,Romania,7,4,3,0,0,0,0,0,0,0,0,3,2,1,5,1,4,2,0,0,0,0,0,0,0,1,90,64,225,0,0.4,306,140,30,15,0,3.46,0,62,38.52,13.65,66,232,9.35,159,18,26.40,58,0.00,0.00,0.24,4,0.00,0.71,0.33,0.12,2,0.00,0.06,0.00,0.00,0.00,0.53,0.12,0.24,0.00,0.00,0.00,0.29,0.00,0.00,0.00,0.00,0.41,0.00,0.00,0,0,,0,0.00,10,0,0.00,23,0,0.00,12,2,1,4,62,0.00,99,0,9,1.49,62,12,80,1.99,73,0,0.00,99,0,0.00,0,0,0.00,0,0.66,56,5,0.83,40,2,0.33,40.00,0,0.00,0,0,0,0.00,0,4,0.00,69,0.66,26,N/A,N/A,N/A,N/A,0.00,0,0.00,0,0.00,0.00,0,68.53,0.00,23,99,0.00,0.00,0,31,16,0,0,0,0.18,0.50,3,80,58.89,0.94,2.66,16,0,0.00,0.00,99,0.00,0,0,0,0.00,0.00,0,0.00,0.00,0.00,0.00,0,0,0.00,52,11,12,51,69,0.43,32,0.03,0.07,0.00,11,0.00,0.00,50,6,0.35,1.00,1.49,0.53,74,9,0.00,10,5,79,83,0,50,46,0,0.00,99,7,0.00,1.16,13.12,4.65,79,23,18,37,3.82,1.35,29.11,1,0.17,75,0,41.67,0,0.00,99,5,0.29,0.83,81,20,64,85,0,0,0,0,0,38,51,69,61,0,99,81,31,92,1,14,72,88,0,0
Adrian Nicolae,22,1058598000,2003/07/19,Liga II,2025/2026,Midfielder,CS Dinamo București,90,90,0,Romania,1,1,0,0,0,0,0,0,0,0,0,0,0,0,2,2,0,0,0,0,0,0,0,0,0,2,45,90,0,0,0,-1,-1,-1,24,0,1.24,0,62,45.74,6.20,82,31,5.00,25,65,36.89,80,0.00,0.00,0.00,0,0.00,0.20,0.00,0.00,0,0.00,0.00,0.00,0.00,0.00,0.00,0.00,0.40,0.00,0.00,0.00,0.00,0.00,0.00,0.00,0.00,0.40,0.00,0.00,0,0,,0,0.00,10,0,0.00,23,0,0.00,12,0,0,1,26,0.00,99,0,0,0.00,1,1,99,1.48,62,0,0.00,99,0,0.00,0,0,0.00,0,0.00,14,0,0.00,12,0,0.00,0.00,0,0.00,0,0,0,0.00,0,2,0.00,6,2.95,96,N/A,N/A,N/A,N/A,0.00,0,0.00,0,0.00,0.00,0,80.65,0.00,23,99,0.00,0.00,0,13,13,0,0,0,0.00,0.00,0,31,6.20,0.40,2.95,2,0,0.00,0.00,99,0.00,0,0,0,0.00,0.00,0,0.00,0.00,0.00,0.00,0,0,0.00,52,0,0,51,7,0.05,32,0.01,0.07,0.00,11,0.00,0.00,99,2,0.40,2.95,1.48,0.20,73,1,0.00,10,0,85,83,0,50,86,0,0.00,99,2,0.00,2.95,19.18,2.60,13,5,80,81,7.38,1.00,38.46,0,0.00,99,0,100.00,0,0.00,99,1,0.20,1.48,96,4,41,28,0,0,0,0,0,38,51,69,61,0,99,9,22,22,0,0,30,75,0,0
Adrian Pop,26,931244400,1999/07/06,Liga II,2025/2026,Midfielder,CSA Steaua Bucureşti,206,112,94,Romania,8,3,5,0,0,0,0,0,0,0,0,1,0,1,4,3,1,1,0,0,0,0,0,0,0,1.75,52,26,206,0,0.44,-1,-1,-1,14,0,4.38,0,62,32.96,8.35,50,167,5.55,111,12,21.91,42,0.00,0.00,0.45,9,0.00,1.20,0.00,0.00,0,0.00,0.45,0.00,0.00,0.00,0.05,1.15,0.15,0.00,1.38,0.20,1.30,0.00,0.15,0.03,0.00,0.25,0.00,0.00,0,0,,7,0.35,65,3,0.59,72,4,0.79,61,2,3,2,26,0.00,99,0,1,0.20,3,24,72,4.74,97,0,0.00,99,0,0.00,0,0,0.00,0,1.78,93,26,5.13,95,23,4.54,88.46,0,0.00,0,0,0,0.00,0,3,0.00,13,0.59,22,N/A,N/A,N/A,N/A,0.00,0,0.00,0,0.68,0.00,0,66.47,42.86,77,99,0.00,0.00,0,98,84,0,0,0,0.00,0.00,0,31,87.55,0.05,0.20,1,0,0.00,0.00,99,0.00,0,0,0,0.00,0.00,0,0.00,0.00,0.20,0.05,1,0,0.00,52,0,20,51,14,0.56,57,0.03,0.11,0.68,59,0.03,0.13,24,3,0.15,0.59,0.39,0.10,12,2,0.13,59,10,6,83,0,73,37,0,0.00,99,5,0.00,0.99,17.76,4.50,90,35,74,71,6.91,1.75,38.89,9,1.78,10,0,37.50,0,0.00,99,9,0.45,1.78,98,7,85,85,0,0,0,0,0,38,51,69,61,0,99,23,28,95,1,12,65,77,0,0
Adrian Pop,26,931244400,1999/07/06,Liga II,2025/2026,Midfielder,CSM Satu Mare,120,0,120,Romania,2,0,2,0,0,0,0,0,0,0,0,0,0,0,6,0,6,0,0,0,0,0,0,0,0,4.5,20,60,0,0,0,-1,-1,-1,15,0,3.10,0,62,30.00,7.50,42,15,6.00,12,63,24.00,50,0.00,0.00,0.50,1,0.00,0.50,0.00,0.00,0,0.00,0.50,0.00,0.00,0.00,0.00,0.00,0.00,0.00,0.00,0.00,0.00,0.00,0.00,0.00,0.00,0.50,0.00,0.00,0,0,,0,0.00,10,0,0.00,23,0,0.00,12,0,1,1,26,0.00,99,0,0,0.00,1,1,26,2.00,73,0,0.00,99,0,0.00,0,0,0.00,0,2.00,97,0,0.00,12,0,0.00,0.00,0,0.00,0,0,0,0.00,0,0,0.00,0,0.00,0,N/A,N/A,N/A,N/A,0.00,0,0.00,0,0.00,0.00,0,80.00,0.00,23,99,0.00,0.00,0,13,13,0,0,0,0.00,0.00,0,31,6.20,0.00,0.00,0,0,0.00,0.00,99,0.00,0,0,0,0.00,0.00,0,0.00,0.00,0.00,0.00,0,0,0.00,52,0,0,51,0,0.06,62,0.03,0.12,0.00,11,0.00,0.00,2,0,0.00,0.00,0.00,0.00,7,0,0.00,10,3,1,83,0,50,70,0,0.00,99,1,0.00,2.00,12.00,3.00,6,1,7,24,2.00,0.50,16.67,1,2.00,7,0,0.00,0,0.00,99,0,0.00,0.00,26,4,64,28,0,0,0,0,0,38,51,69,61,0,99,9,22,22,0,0,30,99,0,0
Akos Nistor,21,1100937600,2004/11/20,Liga II,2025/2026,Midfielder,Sepsi,9,9,0,Romania,1,1,0,0,0,0,0,0,0,0,0,1,1,0,0,0,0,0,0,0,0,0,0,0,0,0,0,9,0,0,0,-1,-1,-1,18,0,1.55,0,62,32.14,1.25,49,5,0.75,3,2,19.29,32,0.00,0.00,0.00,0,0.00,0.00,0.00,0.00,0,0.00,0.25,0.00,0.00,0.00,0.00,0.00,0.00,0.00,0.00,0.00,0.25,0.00,0.00,0.00,0.00,0.00,0.00,0.00,0,0,,0,0.00,10,0,0.00,23,0,0.00,12,0,1,0,26,0.00,99,0,0,0.00,1,0,26,0.00,14,0,0.00,99,0,0.00,0,0,0.00,0,0.00,14,1,6.43,99,0,0.00,0.00,0,0.00,0,0,0,0.00,0,0,0.00,99,0.00,0,N/A,N/A,N/A,N/A,0.00,0,0.00,0,0.00,0.00,0,60.00,0.00,23,99,0.00,0.00,0,13,13,0,0,0,0.00,0.00,0,31,6.20,0.00,0.00,0,0,0.00,0.00,99,0.00,0,0,0,0.00,0.00,0,0.00,0.00,0.00,0.00,0,0,0.00,52,0,0,51,0,0.01,23,0.00,0.06,0.00,11,0.00,0.00,2,0,0.00,0.00,0.00,0.00,7,0,0.00,10,0,1,83,0,50,1,0,0.00,99,0,0.00,0.00,57.86,2.25,9,3,99,99,19.29,0.75,33.33,1,6.43,0,0,0.00,0,0.00,99,0,0.00,0.00,26,0,64,28,0,0,0,0,0,38,51,69,61,0,99,99,22,22,0,0,30,30,0,0
Albert Tivadar Stahl,27,916041600,1999/01/11,Liga II,2025/2026,Midfielder,Bihor Oradea,1238,661,577,Romania,17,9,8,6,2,4,4,2,2,0,0,5,4,1,14,6,8,1,0,0.73,0.29,0.44,0.27,0.62,206,1.02,88,73,1238,310,0.07,27,21,-1,3,0,7.36,0.24,95,25.09,20.25,27,405,13.55,271,13,16.79,25,0.00,0.00,1.05,21,0.00,2.80,0.12,0.10,2,0.00,1.20,0.00,0.00,0.00,0.75,4.35,0.85,7.60,2.35,1.00,5.70,0.00,0.90,0.31,0.00,0.90,0.00,0.00,0,0,,38,1.90,86,18,1.11,93,20,1.24,79,2,2,14,35,0.00,99,0,15,0.93,37,56,43,3.47,90,0,0.00,99,0,0.00,0,0,0.00,0,1.30,82,114,7.06,99,87,5.39,76.32,0,0.00,0,0,0,0.00,0,17,0.00,66,1.05,62,N/A,N/A,N/A,N/A,0.00,0,0.00,0,6.11,0.00,0,66.91,47.37,82,99,0.00,0.00,0,99,63,0,0,0,0.00,0.00,0,31,147.11,0.25,0.31,5,0,0.00,0.00,99,0.00,0,0,1,0.05,0.06,0,0.00,0.00,0.43,0.35,7,2,13.16,71,85,95,59,66,3.10,84,0.15,0.19,6.11,88,0.31,0.38,83,28,1.40,1.73,0.74,0.60,28,12,0.38,88,99,13,87,0,84,44,0,0.00,99,18,0.00,1.11,17.47,14.10,282,141,91,69,8.73,7.05,50.00,24,1.49,14,0,25.00,0,0.00,99,14,0.70,0.87,83,91,73,85,0,1,0,6,0,96,92,96,77,0,99,54,96,26,1,6,34,10,0,0
Alberto Constantin Călin,20,1120806000,2005/07/08,Liga II,2025/2026,Midfielder,Voluntari,60,60,0,Romania,2,2,0,0,0,0,0,0,0,0,0,1,1,0,0,0,0,1,0,0,0,0,0,0,0,0,0,30,60,0,1.5,-1,-1,-1,20,0,3.92,0,62,12.27,2.40,2,12,2.00,10,81,10.23,4,0.00,0.00,0.00,0,0.00,0.20,0.00,0.00,0,0.00,0.20,0.00,0.00,0.00,0.20,0.40,0.00,0.00,1.02,0.00,0.40,0.00,0.20,0.02,0.00,0.00,0.00,0.00,0,0,,1,0.20,54,1,1.02,88,0,0.00,12,0,2,0,26,0.00,99,0,1,1.02,39,1,26,1.02,54,0,0.00,99,0,0.00,0,0,0.00,0,0.00,14,2,2.05,68,2,2.05,100.00,0,0.00,0,0,0,0.00,0,0,0.00,99,0.00,0,N/A,N/A,N/A,N/A,0.00,0,0.00,0,0.12,0.00,0,83.33,100.00,99,99,0.00,0.00,0,82,99,0,0,0,0.00,0.00,0,31,19.60,0.20,1.02,1,0,0.00,0.00,99,0.00,0,0,0,0.00,0.00,0,0.00,0.00,0.00,0.00,0,0,0.00,52,0,0,51,0,0.02,2,0.00,0.02,0.12,57,0.02,0.12,2,0,0.00,0.00,1.02,0.20,45,1,0.12,56,7,46,83,0,50,1,0,0.00,99,0,0.00,0.00,15.34,3.00,15,3,11,52,3.07,0.60,20.00,1,1.02,28,0,0.00,0,0.00,99,0,0.00,0.00,26,0,73,28,0,0,0,0,0,38,51,69,61,0,99,93,22,99,1,50,99,98,0,0
Alberto Nicolaie Olaru,28,890640000,1998/03/23,Liga II,2025/2026,Defender,Metalul Buzău,972,450,522,Romania,11,5,6,0,0,0,0,0,0,0,0,2,2,0,12,3,9,0,0,0,0,0,0,0,0,1.11,81,88,0,0,0,324,330,46,7,0,6.87,0,62,41.38,40.67,73,366,32.44,292,62,33.02,72,0.00,0.00,0.22,2,0.00,0.22,0.23,0.22,2,0.00,0.00,0.00,0.00,0.00,2.89,0.22,1.22,0.00,0.23,0.11,0.22,0.00,0.11,0.02,0.00,2.89,0.00,0.00,0,0,,2,0.22,18,1,0.11,31,1,0.11,15,1,0,9,52,0.00,99,0,26,2.94,98,2,91,0.23,24,0,0.00,99,0,0.00,0,0,0.00,0,0.23,28,2,0.23,20,2,0.23,100.00,0,0.00,0,0,0,0.00,0,11,0.00,59,1.24,71,N/A,N/A,N/A,N/A,0.00,0,0.00,0,0.21,0.00,0,79.78,50.00,88,99,0.00,0.00,0,23,99,0,0,0,0.78,0.79,7,93,61.80,3.56,3.62,32,1,0.00,0.11,5,0.11,0,0,0,0.00,0.00,0,0.00,0.00,0.00,0.00,0,0,0.00,52,64,46,51,59,0.82,45,0.09,0.09,0.21,23,0.02,0.02,37,7,0.78,0.79,0.57,0.56,19,5,0.02,22,76,91,83,0,50,85,0,0.00,99,26,0.00,2.94,15.83,15.56,140,47,46,57,5.31,5.22,33.57,0,0.00,99,0,50.00,0,0.00,99,1,0.11,0.11,34,65,41,66,0,0,0,0,0,38,51,69,61,0,99,34,22,22,0,0,30,4,0,0
Alejandro Gualda Jardón,28,892105200,1998/04/09,Liga II,2025/2026,Midfielder,CSA Steaua Bucureşti,701,491,210,Spain,10,7,3,0,0,0,1,1,0,0,0,2,1,1,9,6,3,1,0,0.13,0.13,0,0,0,0,1.16,78,70,701,701,0.13,249,81,-1,15,0,6.80,0.1,78,46.93,39.89,86,718,34.11,614,89,40.13,88,0.00,0.00,0.61,11,0.00,0.61,0.00,0.00,0,0.00,0.17,0.00,0.00,0.00,1.06,0.56,0.44,0.00,1.24,0.94,0.78,0.00,0.11,0.06,0.00,0.83,0.00,0.00,0,0,,19,1.06,62,2,0.13,34,17,1.11,74,1,1,8,26,0.00,99,0,19,1.24,51,11,47,0.72,45,0,0.00,99,0,0.00,0,0,0.00,0,0.72,60,14,0.92,42,10,0.65,71.43,0,0.00,0,0,0,0.00,0,8,0.00,54,0.52,19,N/A,N/A,N/A,N/A,0.00,0,0.00,0,1.00,0.00,0,85.52,10.53,26,99,0.00,0.00,0,43,53,0,0,0,0.28,0.33,5,65,122.36,0.94,1.11,17,0,0.00,0.00,99,0.00,0,0,1,0.06,0.07,0,0.00,0.00,0.00,0.00,0,0,0.00,52,36,37,51,55,2.35,74,0.13,0.15,1.00,46,0.06,0.07,36,12,0.67,0.78,1.11,0.94,51,17,0.07,45,69,49,89,0,50,36,0,0.00,99,15,0.00,0.98,14.90,12.67,228,76,37,50,4.97,4.22,33.33,3,0.20,71,0,27.27,0,0.00,99,3,0.17,0.20,46,53,64,66,0,0,0,0,0,51,51,69,61,0,99,39,81,43,1,10,58,8,0,0
Alessio Calotă,19,1176274800,2007/04/11,Liga II,2025/2026,Midfielder,Dumbrăviţa,45,0,45,Romania,1,0,1,0,0,0,0,0,0,0,0,0,0,0,2,0,2,0,0,0,0,0,0,0,0,4,23,45,0,0,0,-1,-1,-1,10,0,4.96,0,62,9.47,3.00,0,12,1.25,5,0,3.95,0,0.00,0.00,0.25,1,0.00,0.00,0.00,0.00,0,0.00,0.50,0.00,0.00,0.00,0.00,0.50,0.00,0.00,2.37,0.25,0.75,0.00,0.50,0.07,0.00,0.50,0.00,0.00,0,0,,3,0.75,86,2,1.58,98,1,0.79,61,1,0,1,26,0.00,99,0,0,0.00,1,0,26,0.00,14,0,0.00,99,0,0.00,0,0,0.00,0,0.79,64,3,2.37,72,2,1.58,66.67,0,0.00,0,0,0,0.00,0,0,0.00,0,0.00,0,N/A,N/A,N/A,N/A,0.00,0,0.00,0,0.30,0.00,0,41.67,66.67,95,99,0.00,0.00,0,73,44,0,0,0,0.00,0.00,0,31,19.83,0.50,1.58,2,0,0.00,0.00,99,0.00,0,0,0,0.00,0.00,0,0.00,0.00,0.00,0.00,0,0,0.00,52,0,0,51,0,0.05,11,0.01,0.04,0.30,74,0.07,0.24,2,0,0.00,0.00,2.37,0.75,95,3,0.24,74,17,62,83,0,50,59,0,0.00,99,2,0.00,1.58,18.95,6.00,24,9,77,80,7.11,2.25,37.50,2,1.58,12,0,0.00,0,0.00,99,0,0.00,0.00,26,4,41,66,0,0,0,0,0,38,51,69,61,0,99,9,22,22,0,0,30,19,0,0
Alex Ioan Munteanu,24,1010390400,2002/01/07,Liga II,2025/2026,Midfielder,CS Dinamo București,261,80,181,Romania,4,1,3,0,0,0,0,0,0,0,0,0,0,0,4,1,3,1,0,0,0,0,0,0,0,1.38,65,65,261,0,0.34,-1,-1,-1,7,0,0.00,0,62,0.00,0.00,0,0,0.00,0,0,0.00,0,0.00,0.00,0.00,0,0.00,0.00,0.00,0.00,0,0.00,0.00,0.00,0.00,0.00,0.00,0.00,0.00,0.00,0.00,0.00,0.00,0.00,0.00,0.00,0.00,0.00,0.00,0.00,0,0,,0,0.00,10,0,0.00,23,0,0.00,12,1,0,3,26,0.00,99,0,0,0.00,1,0,26,0.00,14,0,0.00,99,0,0.00,0,0,0.00,0,0.00,14,0,0.00,12,0,0.00,0.00,0,0.00,0,0,0,0.00,0,0,0.00,36,0.00,0,N/A,N/A,N/A,N/A,0.00,0,0.00,0,0.00,0.00,0,0.00,0.00,23,99,0.00,0.00,0,13,13,0,0,0,0.00,0.00,0,31,0.00,0.00,0.00,0,0,0.00,0.00,99,0.00,0,0,0,0.00,0.00,0,0.00,0.00,0.00,0.00,0,0,0.00,52,0,0,51,36,0.00,0,0.00,0.00,0.00,11,0.00,0.00,2,0,0.00,0.00,0.00,0.00,7,0,0.00,10,0,1,83,0,50,1,0,0.00,99,0,0.00,0.00,0.00,0.00,0,0,0,0,0.00,0.00,0.00,0,0.00,99,0,0.00,0,0.00,99,0,0.00,0.00,26,12,41,66,0,0,0,0,0,38,51,69,61,0,99,9,37,85,1,25,92,29,0,0
Alex Mihai Misarăş,28,862902000,1997/05/06,Liga II,2025/2026,Defender,Dumbrăviţa,856,327,529,Romania,11,4,7,0,0,0,0,0,0,0,0,1,0,1,18,7,11,2,0,0,0,0,0,0,0,1.89,48,78,428,0,0.21,246,234,84,18,0,6.26,0,62,32.88,26.19,50,419,21.00,336,64,26.36,57,0.00,0.00,0.00,0,0.00,0.12,0.71,0.56,9,0.00,0.06,0.00,0.00,0.00,2.19,0.12,1.19,1.00,0.08,0.00,0.12,0.00,0.06,0.04,0.00,1.56,0.00,0.00,0,0,,1,0.06,10,1,0.08,27,0,0.00,12,1,0,11,89,0.00,99,0,35,2.75,96,2,91,0.16,21,0,0.00,99,0,0.00,0,0,0.00,0,0.00,14,2,0.16,17,2,0.16,100.00,0,0.00,0,0,0,0.00,0,19,0.00,10,1.49,81,N/A,N/A,N/A,N/A,0.00,0,0.00,0,0.67,0.00,0,80.19,100.00,99,99,0.00,0.00,0,20,99,0,0,0,0.62,0.78,10,92,100.24,3.56,4.47,57,1,0.00,0.08,8,0.06,0,0,0,0.00,0.00,0,0.00,0.00,0.00,0.00,0,0,100.00,99,54,46,51,11,0.67,17,0.04,0.05,0.67,38,0.04,0.05,6,2,0.12,0.16,1.10,0.88,50,14,0.05,38,42,97,83,0,50,68,0,0.00,99,25,0.00,1.96,8.55,6.81,109,41,12,10,3.22,2.56,37.61,1,0.08,82,0,50.00,0,0.00,99,1,0.06,0.08,31,80,41,66,0,0,0,0,0,38,51,69,61,0,99,14,57,66,2,18,80,5,0,0
Alexander Torvund,25,965113200,2000/08/01,Liga II,2025/2026,Forward,CSM Satu Mare,533,182,351,Hungary,7,3,4,0,0,0,1,1,0,0,0,1,0,1,8,6,2,3,0,0.17,0.17,0,0,0,0,1.35,67,76,178,533,0.51,223,60,-1,22,0,6.55,0.14,85,22.64,20.50,22,82,11.75,47,1,12.98,12,0.00,0.00,1.25,5,0.00,2.00,0.00,0.00,0,0.00,1.50,0.00,0.00,0.00,0.50,1.75,0.25,0.00,1.10,1.00,3.50,0.00,0.00,0.06,0.00,1.25,0.00,0.00,0,0,,4,1.00,58,0,0.00,23,4,1.10,74,1,0,4,26,0.00,99,0,2,0.55,18,8,72,2.21,76,0,0.00,99,0,0.00,0,0,0.00,0,1.38,85,14,3.87,89,7,1.93,50.00,0,0.00,0,0,0,0.00,0,1,0.00,37,0.28,4,N/A,N/A,N/A,N/A,0.00,0,0.00,0,0.23,0.00,0,57.32,0.00,23,99,0.00,0.00,0,80,24,0,0,0,0.00,0.00,0,31,26.20,1.00,1.10,4,0,0.00,0.00,99,0.00,0,0,0,0.00,0.00,0,0.00,0.00,0.28,0.25,1,0,0.00,52,20,12,51,38,0.26,32,0.07,0.07,0.23,42,0.06,0.06,82,6,1.50,1.66,1.66,1.50,81,6,0.06,41,51,48,83,0,79,53,0,0.00,99,5,0.00,1.38,20.98,19.00,76,22,60,88,6.07,5.50,28.95,6,1.66,11,0,37.50,0,0.00,99,3,0.75,0.83,81,20,41,66,0,0,0,0,0,58,51,69,61,0,99,27,25,97,2,29,95,86,0,0
Alexandro Mogos,23,1030690800,2002/08/30,Liga II,2025/2026,Midfielder,ACS Gloria Bistrita,109,15,94,Italy,3,1,2,0,0,0,0,0,0,0,0,0,0,0,1,0,1,0,0,0,0,0,0,0,0,0.83,109,36,0,0,0,-1,-1,-1,23,0,3.13,0,62,31.58,7.69,48,100,6.31,82,75,25.89,56,0.00,0.00,0.31,4,0.00,0.23,0.00,0.00,0,0.00,0.08,0.00,0.00,0.00,0.15,0.23,0.23,13.00,4.11,0.69,0.46,0.00,0.31,0.12,0.00,0.08,0.00,0.00,0,0,,13,1.00,99,4,1.26,96,9,2.84,99,0,2,1,26,0.00,99,0,2,0.63,21,3,99,0.95,53,0,0.00,99,0,0.00,0,0,0.00,0,1.26,80,6,1.89,64,3,0.95,50.00,0,0.00,0,0,0,0.00,0,3,0.00,82,0.95,55,N/A,N/A,N/A,N/A,0.00,0,0.00,0,1.62,0.00,0,82.00,30.77,49,99,0.00,0.00,0,53,24,0,0,0,0.08,0.32,1,64,40.67,0.46,1.89,6,0,0.00,0.00,99,0.00,0,0,0,0.00,0.00,0,0.00,0.00,0.00,0.00,0,0,7.69,61,0,0,51,83,0.29,45,0.02,0.09,1.62,96,0.12,0.51,98,9,0.69,2.84,2.84,0.69,99,9,0.51,95,3,68,83,0,50,7,0,0.00,99,1,0.00,0.32,21.47,5.23,68,26,89,89,8.21,2.00,38.24,1,0.32,61,0,100.00,0,0.00,99,3,0.23,0.95,84,4,73,28,0,0,0,0,0,38,51,69,61,0,99,9,22,22,0,0,30,30,0,0
Alexandru Aftanache,24,1002178800,2001/10/04,Liga II,2025/2026,Midfielder,FC Bacău,825,502,323,Romania,11,6,5,2,1,1,2,1,1,0,0,3,2,1,11,5,6,3,0,0.44,0.22,0.22,0.18,0.28,413,1.2,75,75,275,413,0.33,78,38,-1,3,0,6.99,0.18,91,22.11,18.67,21,168,13.67,123,37,16.18,23,0.00,0.00,1.33,12,0.00,3.00,0.00,0.00,0,0.00,1.33,0.00,0.00,0.00,0.44,4.78,0.78,16.00,2.11,1.44,6.89,0.00,0.33,0.19,0.00,0.44,0.00,0.00,0,0,,16,1.78,81,3,0.39,61,13,1.71,94,1,1,8,26,0.00,99,0,4,0.53,17,27,86,3.55,92,0,0.00,99,0,0.00,0,0,0.00,0,1.58,90,62,8.16,99,43,5.66,69.35,0,0.00,0,0,0,0.00,0,7,0.00,50,0.92,53,N/A,N/A,N/A,N/A,0.00,0,0.00,0,1.68,0.00,0,73.21,18.75,31,99,0.00,0.00,0,99,48,0,0,0,0.00,0.00,0,31,62.90,0.11,0.13,1,0,0.00,0.00,99,0.00,0,0,0,0.00,0.00,0,0.00,0.00,0.66,0.56,5,2,6.25,57,51,46,75,50,1.32,81,0.15,0.17,1.68,72,0.19,0.22,28,5,0.56,0.66,1.58,1.33,79,12,0.22,72,84,3,83,0,93,14,0,0.00,99,4,0.00,0.53,25.26,21.33,192,78,98,97,10.26,8.67,40.62,12,1.58,12,0,48.15,0,0.00,99,13,1.44,1.71,97,53,64,66,0,0,0,0,0,85,78,84,69,0,99,48,37,85,3,27,94,11,0,0
Alexandru Andrei Ionică,21,1109750400,2005/03/02,Liga II,2025/2026,Midfielder,CS Dinamo București,44,0,44,Romania,1,0,1,0,0,0,0,0,0,0,0,0,0,0,1,0,1,0,0,0,0,0,0,0,0,2.05,44,44,0,0,0,-1,-1,-1,20,0,4.47,0,62,15.32,5.33,5,16,3.33,10,4,9.57,3,0.00,0.00,0.00,0,0.00,0.33,0.96,0.33,1,0.00,0.00,0.00,0.00,0.00,0.33,1.33,0.67,0.00,2.87,1.00,2.00,0.00,0.00,0.05,0.00,0.33,0.00,0.00,0,0,,3,1.00,95,0,0.00,23,3,2.87,99,0,1,0,96,0.00,99,0,1,0.96,38,1,26,0.96,53,0,0.00,99,0,0.00,0,0,0.00,0,0.00,14,6,5.74,97,4,3.83,66.67,0,0.00,0,0,0,0.00,0,2,0.00,6,1.91,88,N/A,N/A,N/A,N/A,0.00,0,0.00,0,0.14,0.00,0,62.50,0.00,23,99,0.00,0.00,0,95,44,0,0,0,0.00,0.00,0,31,13.40,0.67,1.91,2,0,0.00,0.00,99,0.00,0,0,0,0.00,0.00,0,0.00,0.00,0.00,0.00,0,0,0.00,52,0,0,51,6,0.02,2,0.01,0.02,0.14,59,0.05,0.13,48,1,0.33,0.96,2.87,1.00,99,3,0.13,59,10,68,83,0,50,35,0,0.00,99,1,0.00,0.96,19.15,6.67,20,7,70,81,6.70,2.33,35.00,0,0.00,99,0,0.00,0,0.00,99,0,0.00,0.00,26,0,64,28,0,0,0,0,0,38,51,69,61,0,99,9,22,22,0,0,30,17,0,0
Alexandru Boiciuc,28,872146800,1997/08/21,Liga II,2025/2026,Forward,Concordia Chiajna,858,507,351,Moldova,15,8,7,3,2,1,0,0,0,0,0,5,4,1,11,4,7,2,0,0.31,0,0.31,0.36,0.26,286,1.15,78,57,429,0,0.21,50,221,-1,6,0,6.59,0,62,23.68,14.77,24,325,9.32,205,5,14.94,19,0.00,0.00,0.59,13,0.00,0.23,0.36,0.23,5,0.00,0.68,0.00,0.00,0.00,0.41,0.91,0.64,14.67,3.21,1.45,1.14,0.00,0.55,0.23,0.00,2.55,0.00,0.00,0,0,,44,2.00,97,12,0.87,82,32,2.33,99,4,7,8,65,0.00,99,0,9,0.66,22,5,35,0.36,32,0,0.00,99,0,0.00,0,0,0.00,0,0.95,72,25,1.82,63,20,1.46,80.00,0,0.00,0,0,0,0.00,0,14,0.00,55,1.02,60,N/A,N/A,N/A,N/A,0.00,0,0.00,0,5.09,0.00,0,63.08,27.27,45,99,0.00,0.00,0,69,73,0,0,0,0.09,0.15,2,45,144.94,0.18,0.29,4,0,0.00,0.00,99,0.00,0,0,0,0.00,0.00,0,0.00,0.00,0.58,0.36,8,0,6.82,59,54,87,66,55,1.05,39,0.05,0.08,5.09,87,0.23,0.37,62,16,0.73,1.17,1.31,0.82,67,18,0.37,86,53,11,83,0,90,96,0,0.00,99,56,0.00,4.08,20.11,12.55,276,101,79,84,7.36,4.59,36.59,15,1.09,26,0,20.00,0,0.00,99,1,0.05,0.07,29,53,97,96,0,0,0,0,0,76,85,82,84,0,99,66,58,66,1,7,41,18,0,0
Alexandru Buziuc,32,763718400,1994/03/15,Liga II,2025/2026,Forward,Corvinul Hunedoara,800,351,449,Romania,11,5,6,2,0,2,2,1,1,0,0,7,3,4,5,3,2,1,0,0.45,0.23,0.23,0,0.4,400,0.56,160,73,800,400,0.11,77,34,-1,7,0,6.81,0.18,92,18.40,11.21,12,213,8.05,153,30,13.21,12,0.00,0.00,0.42,8,0.00,0.53,0.35,0.21,4,0.00,0.68,0.00,0.00,0.00,0.53,0.37,0.16,13.50,2.33,0.89,0.53,0.00,0.53,0.17,0.00,1.58,0.00,0.00,0,0,,27,1.42,85,10,0.86,82,17,1.47,86,1,1,10,64,0.00,99,0,10,0.86,32,10,26,0.86,51,0,0.00,99,0,0.00,0,0,0.00,0,0.69,58,10,0.86,41,7,0.60,70.00,0,0.00,0,0,0,0.00,0,3,0.00,94,0.26,3,N/A,N/A,N/A,N/A,0.00,0,0.00,0,3.14,0.00,0,71.83,37.04,65,99,0.00,0.00,0,41,49,0,0,0,0.05,0.09,1,35,129.32,0.58,0.95,11,0,0.00,0.00,99,0.00,0,0,0,0.00,0.00,0,0.00,0.00,0.43,0.26,5,0,7.41,60,47,46,73,94,1.77,74,0.09,0.15,3.14,79,0.17,0.27,91,23,1.21,1.99,1.30,0.79,66,15,0.27,79,71,43,83,0,84,79,0,0.00,99,30,0.00,2.59,16.58,10.11,192,64,50,62,5.53,3.37,33.33,13,1.12,25,0,10.00,0,0.00,99,1,0.05,0.09,33,73,64,66,0,0,0,0,0,86,79,90,61,0,99,96,85,37,1,9,54,9,0,0
Alexandru Cristian Enache,24,989046000,2001/05/05,Liga II,2025/2026,Midfielder,Afumaţi,863,480,383,Romania,12,7,5,2,0,2,1,0,1,0,0,3,2,1,14,7,7,2,0,0.31,0.1,0.21,0,0.47,432,1.46,62,72,432,863,0.21,89,101,-1,6,0,7.11,0.08,71,29.36,22.92,41,275,16.08,193,24,20.60,38,0.00,0.00,0.67,8,0.00,2.08,0.53,0.42,5,0.00,0.67,0.00,0.00,0.00,0.42,1.50,0.75,5.67,1.81,0.75,2.08,0.00,0.67,0.27,0.00,2.50,0.00,0.00,0,0,,17,1.42,77,8,0.85,81,9,0.96,69,2,0,11,78,0.00,99,0,5,0.53,17,25,68,2.67,82,0,0.00,99,0,0.00,0,0,0.00,0,0.85,67,25,2.67,77,18,1.92,72.00,0,0.00,0,0,0,0.00,0,9,0.00,29,0.96,56,N/A,N/A,N/A,N/A,0.00,0,0.00,0,3.26,0.00,0,70.18,47.06,82,99,0.00,0.00,0,80,54,0,0,0,0.00,0.00,0,31,85.30,0.83,1.07,10,0,0.00,0.00,99,0.00,0,0,0,0.00,0.00,0,0.00,0.00,0.11,0.08,1,0,17.65,84,54,58,76,31,1.88,87,0.16,0.20,3.26,85,0.27,0.35,86,17,1.42,1.81,1.07,0.83,47,10,0.35,84,92,47,83,0,60,89,0,0.00,99,30,0.00,3.20,17.94,14.00,168,75,87,73,8.01,6.25,44.64,8,0.85,34,0,36.00,0,0.00,99,9,0.75,0.96,85,80,41,85,0,0,0,0,0,76,76,94,61,0,99,47,58,66,2,17,78,7,0,0
Alexandru Cristian Stan,20,1127631600,2005/09/25,Liga II,2025/2026,Forward,Chindia Târgovişte,399,210,189,Romania,8,4,4,1,1,0,0,0,0,0,0,4,3,1,3,1,2,1,0,0.23,0,0.23,0.43,0,399,0.68,133,50,399,0,0.23,74,211,-1,7,0,4.95,0,62,19.62,7.60,17,114,5.67,85,42,14.63,18,0.00,0.00,0.47,7,0.00,0.20,0.00,0.00,0,0.00,0.47,0.00,0.00,0.00,0.20,0.47,0.13,10.00,1.72,0.27,0.73,0.00,0.40,0.10,0.00,0.20,0.00,0.00,0,0,,10,0.67,74,6,1.03,89,4,0.69,55,3,1,5,26,0.00,99,0,3,0.52,16,3,65,0.52,39,0,0.00,99,0,0.00,0,0,0.00,0,1.20,78,11,1.89,64,7,1.20,63.64,0,0.00,0,0,0,0.00,0,2,0.00,90,0.34,5,N/A,N/A,N/A,N/A,0.00,0,0.00,0,1.50,0.00,0,74.56,60.00,93,99,0.00,0.00,0,61,37,0,0,0,0.00,0.00,0,31,74.20,0.27,0.69,4,0,0.00,0.00,99,0.00,0,0,0,0.00,0.00,0,0.00,0.00,0.69,0.27,4,2,10.00,67,5,20,73,90,0.49,39,0.03,0.08,1.50,77,0.10,0.26,93,12,0.80,2.07,1.72,0.67,84,10,0.26,77,17,30,83,0,94,13,0,0.00,99,3,0.00,0.52,17.21,6.67,100,29,37,67,4.99,1.93,29.00,7,1.20,23,0,33.33,0,0.00,99,1,0.07,0.17,41,29,64,91,0,0,0,0,0,69,79,69,88,0,99,93,54,71,1,12,65,9,0,0
Alexandru Dan Buțu,17,1222412400,2008/09/26,Liga II,2025/2026,Midfielder,Dumbrăviţa,243,66,177,Romania,7,3,4,0,0,0,0,0,0,0,0,1,1,0,3,0,3,0,0,0,0,0,0,0,0,1.11,81,35,0,0,0,-1,-1,-1,16,0,5.61,0,62,15.56,6.08,5,79,4.15,54,17,10.63,5,0.00,0.00,0.23,3,0.00,0.23,1.58,0.62,8,0.00,0.62,0.00,0.00,0.00,0.31,0.62,0.15,0.00,0.98,0.31,0.69,0.00,0.08,0.03,0.00,0.69,0.00,0.00,0,0,,5,0.38,54,1,0.20,43,4,0.79,61,0,6,1,99,0.00,99,0,4,0.79,29,3,26,0.59,40,0,0.00,99,0,0.00,0,0,0.00,0,0.59,51,9,1.77,62,8,1.58,88.89,0,0.00,0,0,0,0.00,0,2,0.00,59,0.39,8,N/A,N/A,N/A,N/A,0.00,0,0.00,0,0.35,0.00,0,68.35,20.00,35,99,0.00,0.00,0,73,86,0,0,0,0.08,0.20,1,53,72.97,0.08,0.20,1,0,0.00,0.00,99,0.00,0,0,1,0.08,0.20,0,0.00,0.00,0.20,0.08,1,0,0.00,52,0,12,51,59,0.82,77,0.06,0.16,0.35,46,0.03,0.07,91,10,0.77,1.97,3.15,1.23,99,16,0.07,45,27,6,99,0,73,63,0,0.00,99,9,0.00,1.77,21.86,8.54,111,35,74,92,6.89,2.69,31.53,8,1.58,12,0,0.00,0,0.00,99,0,0.00,0.00,26,4,96,28,0,0,0,0,0,38,51,69,61,0,99,27,22,22,0,0,30,10,0,0
Alexandru Daniel Jipa,24,1000450800,2001/09/14,Liga II,2025/2026,Midfielder,Concordia Chiajna,239,175,64,Romania,7,3,4,0,0,0,0,0,0,0,0,2,1,1,1,1,0,1,0,0,0,0,0,0,0,0.38,239,34,239,0,0.38,-1,-1,-1,18,0,4.93,0,62,21.58,6.27,20,94,4.33,65,22,14.92,19,0.00,0.00,0.27,4,0.00,0.87,0.00,0.00,0,0.00,0.20,0.00,0.00,0.00,0.20,1.27,0.13,0.00,3.44,0.67,1.53,0.00,0.33,0.08,0.00,0.33,0.00,0.00,0,0,,15,1.00,99,5,1.15,95,10,2.30,99,1,6,1,26,0.00,99,0,3,0.69,25,13,26,2.98,86,0,0.00,99,0,0.00,0,0,0.00,0,0.92,70,23,5.28,97,19,4.36,82.61,0,0.00,0,0,0,0.00,0,2,0.00,99,0.46,12,N/A,N/A,N/A,N/A,0.00,0,0.00,0,1.15,0.00,0,69.15,33.33,60,99,0.00,0.00,0,97,77,0,0,0,0.13,0.46,2,76,73.88,0.27,0.92,4,0,0.00,0.00,99,0.00,0,0,0,0.00,0.00,0,0.00,0.00,0.00,0.00,0,1,0.00,52,0,12,51,99,0.26,23,0.02,0.06,1.15,77,0.08,0.26,80,7,0.47,1.61,2.53,0.73,97,11,0.26,77,17,42,83,0,50,46,0,0.00,99,5,0.00,1.15,20.89,6.07,91,35,88,88,8.04,2.33,38.46,3,0.69,40,0,7.69,0,0.00,99,1,0.07,0.23,49,4,96,66,0,0,0,0,0,38,51,69,61,0,99,54,32,90,1,14,72,7,0,0
Alexandru Doru Greab,33,706863600,1992/05/26,Liga II,2025/2026,Goalkeeper,ACS Gloria Bistrita,630,360,270,Romania,7,4,3,0,0,0,0,0,0,0,0,1,0,1,11,6,5,1,0,0,0,0,0,0,0,1.57,57,90,630,0,0.14,229,210,72,28,0,3.42,0,62,13.00,6.50,2,117,5.00,90,52,10.00,4,0.00,0.00,0.00,0,0.00,0.00,0.00,0.00,0,0.00,0.00,0.00,0.00,1.44,0.56,0.06,1.44,0.00,0.00,0.00,0.06,0.00,0.00,0.00,0.00,0.22,0.00,0.00,0,0,,0,0.00,10,0,0.00,23,0,0.00,12,0,0,6,26,0.00,99,0,10,1.11,43,0,26,0.00,14,0,0.00,99,0,0.00,0,0,0.00,0,0.00,14,1,0.11,14,1,0.11,100.00,0,0.00,0,26,99,2.89,38,26,0.00,22,2.89,95,N/A,N/A,N/A,N/A,100.00,0,0.00,0,0.00,0.00,0,76.92,0.00,23,99,0.00,0.00,0,16,99,0,0,13,0.00,0.00,0,31,61.57,0.28,0.56,5,0,0.00,0.00,99,0.00,1,0,0,0.00,0.00,0,0.00,0.00,0.00,0.00,0,0,0.00,52,30,12,51,22,0.16,2,0.01,0.02,0.00,11,0.00,0.00,2,0,0.00,0.00,0.00,0.00,7,0,0.00,10,5,23,83,0,50,11,0,0.00,99,4,0.00,0.44,0.78,0.39,7,5,5,6,0.56,0.28,71.43,0,0.00,99,0,0.00,0,0.00,99,0,0.00,0.00,26,38,41,28,0,0,0,0,0,38,51,69,61,0,99,27,75,48,0,0,30,22,0,0
Alexandru Dumitru,19,1160636400,2006/10/12,Liga II,2025/2026,Midfielder,CSM Iaşi,526,317,209,,8,5,3,0,0,0,1,1,0,0,0,3,3,0,5,0,5,0,0,0.17,0.17,0,0,0,0,0.86,105,66,0,526,0,168,55,-1,21,0,4.59,0.12,85,27.56,14.56,35,233,8.19,131,1,15.49,21,0.00,0.00,0.31,5,0.00,1.94,0.47,0.25,4,0.00,0.25,0.00,0.00,0.00,0.75,0.62,0.50,0.00,0.12,0.06,0.81,0.00,0.00,0.00,0.00,1.12,0.00,0.00,0,0,,1,0.06,12,0,0.00,23,1,0.12,17,1,1,7,74,0.00,99,0,12,1.42,59,31,37,3.67,93,0,0.00,99,0,0.00,0,0,0.00,0,0.59,51,13,1.54,57,10,1.18,76.92,0,0.00,0,0,0,0.00,0,8,0.00,80,0.95,55,N/A,N/A,N/A,N/A,0.00,0,0.00,0,0.05,0.00,0,56.22,0.00,23,99,0.00,0.00,0,60,64,0,0,0,0.12,0.24,2,58,73.45,1.81,3.43,29,0,0.00,0.00,99,0.00,0,0,0,0.00,0.00,0,0.00,0.00,0.35,0.19,3,0,0.00,52,20,20,51,80,1.04,62,0.07,0.12,0.05,16,0.00,0.01,78,13,0.81,1.54,0.47,0.25,16,4,0.01,16,13,90,83,0,81,73,0,0.00,99,18,0.00,2.13,17.39,9.19,147,60,76,68,7.10,3.75,40.82,4,0.47,49,0,22.58,0,0.00,99,7,0.44,0.83,81,45,64,66,0,0,0,0,0,58,51,69,61,0,99,71,22,22,0,0,30,18,0,0
Alexandru Eduard Chioveanu,21,1106467200,2005/01/23,Liga II,2025/2026,Midfielder,Voluntari,226,180,46,Romania,3,2,1,0,0,0,0,0,0,0,0,2,1,1,2,2,0,0,0,0,0,0,0,0,0,0.8,113,75,0,0,0,-1,-1,-1,23,0,1.86,0,62,10.64,2.53,1,48,2.26,43,98,9.53,3,0.00,0.00,0.00,0,0.00,0.00,0.00,0.00,0,0.00,0.00,0.00,0.00,0.74,0.21,0.00,0.74,0.00,0.00,0.00,0.00,0.00,0.00,0.00,0.00,0.05,0.00,0.00,0,0,,0,0.00,10,0,0.00,23,0,0.00,12,1,0,3,26,0.00,99,0,4,0.89,35,0,26,0.00,14,0,0.00,99,0,0.00,0,0,0.00,0,0.00,14,0,0.00,12,0,0.00,0.00,0,0.00,0,14,99,3.10,58,14,0.00,83,3.10,97,N/A,N/A,N/A,N/A,100.00,0,0.00,0,0.00,0.00,0,89.58,0.00,23,99,0.00,0.00,0,13,13,0,0,7,0.00,0.00,0,31,35.30,0.05,0.22,1,0,0.00,0.00,99,0.00,0,0,0,0.00,0.00,0,0.00,0.00,0.00,0.00,0,0,0.00,52,0,0,51,83,0.08,2,0.00,0.02,0.00,11,0.00,0.00,8,1,0.05,0.22,0.00,0.00,7,0,0.00,10,0,7,83,0,50,5,0,0.00,99,1,0.00,0.22,0.44,0.11,2,1,1,3,0.22,0.05,50.00,0,0.00,99,0,0.00,0,0.00,99,0,0.00,0.00,26,12,41,66,0,0,0,0,0,38,51,69,61,0,99,98,22,22,0,0,30,14,0,0
Alexandru Florian Iamandache,26,937292400,1999/09/14,Liga II,2025/2026,Midfielder,Afumaţi,799,349,450,Romania,9,4,5,3,1,2,1,1,0,0,0,3,1,2,13,6,7,2,0,0.45,0.11,0.34,0.26,0.4,266,1.46,61,89,400,799,0.23,42,96,-1,3,0,7.50,0.11,74,28.11,27.33,37,164,19.50,117,28,20.06,36,0.00,0.00,1.33,8,0.00,2.33,0.00,0.00,0,0.00,1.17,0.00,0.00,0.00,0.67,4.50,1.00,3.75,2.57,1.67,6.17,0.00,0.83,0.58,0.00,1.83,0.00,0.00,0,0,,15,2.50,90,5,0.86,82,10,1.71,94,2,0,7,26,0.00,99,0,4,0.69,25,14,29,2.40,79,0,0.00,99,0,0.00,0,0,0.00,0,1.37,85,37,6.34,99,27,4.63,72.97,0,0.00,0,0,0,0.00,0,6,0.00,29,1.03,61,N/A,N/A,N/A,N/A,0.00,0,0.00,0,3.48,0.00,0,71.34,33.33,60,99,0.00,0.00,0,99,57,0,0,0,0.00,0.00,0,31,45.00,0.83,0.86,5,0,0.00,0.00,99,0.00,0,0,0,0.00,0.00,0,0.00,0.00,0.51,0.50,3,1,26.67,92,47,27,64,29,0.51,45,0.09,0.09,3.48,97,0.58,0.60,95,13,2.17,2.23,1.89,1.83,90,11,0.60,97,99,38,83,0,88,67,0,0.00,99,11,0.00,1.89,26.23,25.50,153,65,99,98,11.14,10.83,42.48,7,1.20,23,0,14.29,0,0.00,99,2,0.33,0.34,57,45,41,85,0,0,0,0,0,86,88,90,76,0,99,66,54,71,2,22,88,11,0,0
Alexandru Florin Fărăgău,20,1114412400,2005/04/25,Liga II,2025/2026,Midfielder,ACS Gloria Bistrita,132,46,86,Romania,2,1,1,0,0,0,0,0,0,0,0,1,0,1,1,1,0,0,0,0,0,0,0,0,0,0.68,132,66,0,0,0,-1,-1,-1,27,0,2.03,0,62,36.38,6.33,60,19,3.00,9,0,17.23,26,0.00,0.00,0.00,0,0.00,1.67,0.00,0.00,0,0.00,0.00,0.00,0.00,0.00,0.00,0.33,0.33,0.00,0.00,0.00,0.33,0.00,0.00,0.00,0.00,0.33,0.00,0.00,0,0,,0,0.00,10,0,0.00,23,0,0.00,12,1,0,2,26,0.00,99,0,0,0.00,1,5,35,9.57,99,0,0.00,99,0,0.00,0,0,0.00,0,0.00,14,1,1.91,64,1,1.91,100.00,0,0.00,0,0,0,0.00,0,1,0.00,90,1.91,88,N/A,N/A,N/A,N/A,0.00,0,0.00,0,0.00,0.00,0,47.37,0.00,23,99,0.00,0.00,0,79,99,0,0,0,0.00,0.00,0,31,6.10,0.33,1.91,1,1,0.00,1.91,0,0.33,0,0,0,0.00,0.00,0,0.00,0.00,0.00,0.00,0,0,0.00,52,0,0,51,89,0.02,11,0.01,0.04,0.00,11,0.00,0.00,91,1,0.33,1.91,1.91,0.33,90,1,0.00,10,0,68,83,0,50,67,0,0.00,99,1,0.00,1.91,15.32,2.67,8,4,84,52,7.66,1.33,50.00,0,0.00,99,0,20.00,0,0.00,99,1,0.33,1.91,99,7,41,66,0,0,0,0,0,38,51,69,61,0,99,93,22,22,0,0,30,25,0,0
Alexandru Gabriel Maxim,19,1169539200,2007/01/23,Liga II,2025/2026,Midfielder,Voluntari,1394,810,584,Romania,16,9,7,1,1,0,0,0,0,0,0,7,3,4,15,11,4,4,0,0.06,0,0.06,0.11,0,1394,0.97,93,87,349,0,0.26,161,321,-1,6,0,6.43,0,62,23.69,21.78,25,392,16.56,298,49,18.01,28,0.00,0.00,0.17,3,0.00,1.11,0.12,0.11,2,0.00,0.06,0.00,0.00,1.17,0.94,0.22,1.28,0.00,0.24,0.17,0.28,0.00,0.06,0.02,0.00,1.11,0.00,0.00,0,0,,4,0.22,19,1,0.06,25,3,0.18,21,5,1,12,35,0.00,99,0,17,1.03,40,20,67,1.21,56,0,0.00,99,0,0.00,0,0,0.00,0,0.18,23,5,0.30,23,4,0.24,80.00,0,0.00,0,21,4,1.27,4,23,0.00,73,1.39,78,N/A,N/A,N/A,N/A,91.30,0,0.00,0,0.28,0.00,0,76.02,25.00,43,99,0.00,0.00,0,24,73,0,0,10,0.00,0.00,0,31,115.70,1.72,1.87,31,0,0.00,0.00,99,0.00,0,0,0,0.00,0.00,0,0.00,0.00,0.00,0.00,0,0,0.00,52,93,92,98,73,0.65,11,0.04,0.04,0.28,23,0.02,0.02,28,11,0.61,0.66,0.73,0.67,27,12,0.02,22,45,68,83,0,50,48,0,0.00,99,20,0.00,1.21,7.62,7.00,126,49,10,8,2.96,2.72,38.89,1,0.06,83,0,35.00,0,0.00,99,7,0.39,0.42,62,84,64,99,0,0,0,0,0,38,53,69,63,0,99,83,47,76,2,12,65,1,0,0
Alexandru Gabriel Păun,26,942739200,1999/11/16,Liga II,2025/2026,Midfielder,Afumaţi,341,231,110,Romania,7,4,3,0,0,0,0,0,0,0,0,2,2,0,6,3,3,0,0,0,0,0,0,0,0,1.58,57,49,0,0,0,198,183,-1,11,0,5.48,0,62,41.58,19.91,73,219,15.27,168,51,31.90,69,0.00,0.00,0.09,1,0.00,0.73,0.19,0.09,1,0.00,0.27,0.00,0.00,0.00,1.27,0.55,0.64,0.00,0.76,0.27,1.00,0.00,0.09,0.02,0.00,0.55,0.00,0.00,0,0,,4,0.36,43,1,0.19,41,3,0.57,49,0,3,3,44,0.00,99,0,14,2.66,95,8,72,1.52,63,0,0.00,99,0,0.00,0,0,0.00,0,0.19,24,11,2.09,69,6,1.14,54.55,0,0.00,0,0,0,0.00,0,7,0.00,21,1.33,76,N/A,N/A,N/A,N/A,0.00,0,0.00,0,0.27,0.00,0,76.71,25.00,43,99,0.00,0.00,0,59,27,0,0,0,0.55,1.14,6,98,60.23,1.64,3.42,18,0,0.00,0.00,99,0.00,0,0,0,0.00,0.00,0,0.00,0.00,0.19,0.09,1,0,0.00,52,0,12,51,22,0.39,32,0.04,0.07,0.27,38,0.02,0.05,7,1,0.09,0.19,1.33,0.64,69,7,0.05,38,25,89,83,0,72,45,0,0.00,99,6,0.00,1.14,13.29,6.36,70,26,36,38,4.94,2.36,37.14,3,0.57,45,0,37.50,0,0.00,99,3,0.27,0.57,71,12,85,28,0,0,0,0,0,38,51,69,61,0,99,54,22,22,0,0,30,2,0,0
Alexandru Gîrbiță,25,964335600,2000/07/23,Liga II,2025/2026,Midfielder,Concordia Chiajna,297,130,167,Romania,9,4,5,0,0,0,1,0,1,0,0,2,1,1,7,3,4,0,0,0.3,0.3,0,0,0,0,2.12,42,33,0,297,0,233,20,-1,16,0,4.93,0.11,96,23.69,7.17,25,129,5.00,90,23,16.53,25,0.00,0.00,0.44,8,0.00,1.67,0.55,0.17,3,0.00,0.39,0.00,0.00,0.00,0.11,1.39,0.39,0.00,2.57,0.50,1.67,0.00,0.28,0.05,0.00,0.06,0.00,0.00,0,0,,14,0.78,90,5,0.92,84,9,1.65,92,2,6,3,79,0.00,99,0,2,0.37,9,30,78,5.51,99,0,0.00,99,0,0.00,0,0,0.00,0,1.47,88,30,5.51,97,25,4.59,83.33,0,0.00,0,0,0,0.00,0,7,0.00,6,1.29,74,N/A,N/A,N/A,N/A,0.00,0,0.00,0,0.97,0.00,0,69.77,35.71,63,99,0.00,0.00,0,98,80,0,0,0,0.06,0.18,1,49,88.78,0.11,0.37,2,0,0.00,0.00,99,0.00,0,0,0,0.00,0.00,0,0.00,0.00,0.73,0.22,4,0,0.00,52,0,27,51,6,1.60,96,0.09,0.29,0.97,65,0.05,0.18,89,10,0.56,1.84,1.29,0.39,65,7,0.18,65,17,16,83,0,95,3,0,0.00,99,1,0.00,0.18,21.86,6.61,119,53,97,92,9.73,2.94,44.54,7,1.29,20,0,40.00,0,0.00,99,12,0.67,2.20,99,12,96,85,0,0,0,0,0,75,51,69,61,0,99,41,22,22,0,0,30,20,0,0
Alexandru Hodosan Olar,18,1190012400,2007/09/17,Liga II,2025/2026,Defender,Dumbrăviţa,0,0,0,,0,0,0,0,0,0,0,0,0,0,0,0,0,0,0,0,0,0,0,0,0,0,0,0,0,0,0,0,0,0,0,-1,-1,-1,-1,N/A,N/A,N/A,N/A,N/A,N/A,N/A,N/A,N/A,N/A,N/A,N/A,N/A,N/A,N/A,N/A,N/A,N/A,N/A,N/A,N/A,N/A,N/A,N/A,N/A,N/A,N/A,N/A,N/A,N/A,N/A,N/A,N/A,N/A,N/A,N/A,N/A,N/A,N/A,N/A,N/A,N/A,N/A,N/A,N/A,N/A,N/A,N/A,N/A,N/A,N/A,N/A,N/A,N/A,N/A,N/A,N/A,N/A,N/A,N/A,N/A,N/A,N/A,N/A,N/A,N/A,N/A,N/A,N/A,N/A,N/A,N/A,N/A,N/A,N/A,N/A,N/A,N/A,N/A,N/A,N/A,N/A,N/A,N/A,N/A,N/A,N/A,N/A,N/A,N/A,N/A,N/A,N/A,N/A,N/A,N/A,N/A,N/A,N/A,N/A,N/A,N/A,N/A,N/A,N/A,N/A,N/A,N/A,N/A,N/A,N/A,N/A,N/A,N/A,N/A,N/A,N/A,N/A,N/A,N/A,N/A,N/A,N/A,N/A,N/A,N/A,N/A,N/A,N/A,N/A,N/A,N/A,N/A,N/A,N/A,N/A,N/A,N/A,N/A,N/A,N/A,N/A,N/A,N/A,N/A,N/A,N/A,N/A,N/A,N/A,N/A,N/A,N/A,N/A,N/A,N/A,N/A,N/A,N/A,N/A,N/A,N/A,N/A,N/A,N/A,N/A,N/A,N/A,N/A,N/A,N/A,N/A,N/A,N/A,N/A,N/A,N/A,N/A,N/A,N/A,N/A,N/A,N/A,N/A,N/A,N/A,N/A,N/A,N/A,N/A,N/A,N/A,N/A,N/A,N/A,N/A,N/A,N/A,N/A,N/A,N/A,N/A,N/A,N/A,N/A,N/A,N/A,N/A,N/A,N/A,N/A,N/A,N/A,N/A,N/A,N/A,N/A,N/A,N/A,N/A,N/A,N/A,N/A,N/A
Alexandru Ilie Răuță,33,708764400,1992/06/17,Liga II,2025/2026,Midfielder,Muscelul Câmpulung Elite,522,270,252,Romania,6,3,3,0,0,0,0,0,0,0,0,0,0,0,10,3,7,2,0,0,0,0,0,0,0,1.72,52,87,261,0,0.34,238,212,-1,19,0,6.88,0,62,47.38,38.62,86,309,32.62,261,86,40.02,87,0.00,0.00,0.25,2,0.00,0.38,0.92,0.75,6,0.00,0.12,0.00,0.00,0.00,1.62,0.25,1.00,0.00,0.61,0.50,0.38,0.00,0.00,0.02,0.00,2.50,0.00,0.00,0,0,,4,0.50,36,0,0.00,23,4,0.61,51,1,0,4,96,0.00,99,0,13,1.99,81,3,97,0.46,37,0,0.00,99,0,0.00,0,0,0.00,0,0.31,32,3,0.46,29,2,0.31,66.67,0,0.00,0,0,0,0.00,0,8,0.00,14,1.23,71,N/A,N/A,N/A,N/A,0.00,0,0.00,0,0.17,0.00,0,84.47,0.00,23,99,0.00,0.00,0,29,44,0,0,0,0.62,0.77,5,91,55.08,2.25,2.76,18,0,0.00,0.00,99,0.00,0,0,1,0.12,0.15,0,0.00,0.00,0.15,0.12,1,0,0.00,52,20,5,51,14,0.68,51,0.09,0.10,0.17,29,0.02,0.03,71,9,1.12,1.38,1.99,1.62,91,13,0.03,28,77,81,98,0,66,88,0,0.00,99,20,0.00,3.07,15.18,12.38,99,40,61,51,6.13,5.00,40.40,1,0.15,76,0,66.67,0,0.00,99,2,0.25,0.31,55,20,41,66,0,0,0,0,0,38,51,69,61,0,99,9,37,85,2,33,97,55,0,0
Alexandru Ionuț Nicola,28,864889200,1997/05/29,Liga II,2025/2026,Defender,Afumaţi,696,360,336,Romania,8,4,4,0,0,0,1,1,0,0,0,3,1,2,9,6,3,1,0,0.13,0.13,0,0,0,0,1.16,77,87,696,696,0.13,297,79,50,17,0,3.66,0.12,78,34.57,18.22,55,164,12.11,109,12,22.97,48,0.00,0.00,0.44,4,0.00,1.44,0.42,0.22,2,0.00,0.33,0.00,0.00,0.00,0.56,0.67,0.11,0.00,0.84,0.33,1.22,0.00,0.11,0.03,0.00,0.33,0.00,0.00,0,0,,4,0.44,47,1,0.21,44,3,0.63,52,1,0,6,72,0.00,99,0,5,1.05,41,13,93,2.74,82,0,0.00,99,0,0.00,0,0,0.00,0,0.84,67,11,2.32,72,6,1.26,54.55,0,0.00,0,0,0,0.00,0,1,0.00,54,0.21,2,N/A,N/A,N/A,N/A,0.00,0,0.00,0,0.30,0.00,0,66.46,25.00,43,99,0.00,0.00,0,64,27,0,0,0,0.11,0.21,1,54,32.90,1.33,2.53,12,0,0.00,0.00,99,0.00,0,0,0,0.00,0.00,0,0.00,0.00,0.00,0.00,0,0,0.00,52,36,20,51,53,0.96,87,0.11,0.20,0.30,42,0.03,0.06,41,4,0.44,0.84,1.48,0.78,73,7,0.06,41,6,78,83,0,50,17,0,0.00,99,3,0.00,0.63,18.76,9.89,89,26,48,79,5.48,2.89,29.21,3,0.63,43,0,53.85,0,0.00,99,7,0.78,1.48,96,38,41,66,0,0,0,0,0,51,51,69,61,0,99,71,80,43,1,12,65,22,0,0
Alexandru Ionuț Vodă,27,901090800,1998/07/22,Liga II,2025/2026,Midfielder,FC Bacău,25,0,25,Romania,1,0,1,0,0,0,0,0,0,0,0,0,0,0,0,0,0,0,0,0,0,0,0,0,0,0,0,25,0,0,0,-1,-1,-1,9,0,0.00,0,62,0.00,0.00,0,0,0.00,0,0,0.00,0,0.00,0.00,0.00,0,0.00,0.00,0.00,0.00,0,0.00,0.00,0.00,0.00,0.00,0.00,0.00,0.00,0.00,0.00,0.00,0.00,0.00,0.00,0.00,0.00,0.00,0.00,0.00,0,0,,0,0.00,10,0,0.00,23,0,0.00,12,0,1,0,26,0.00,99,0,0,0.00,1,0,26,0.00,14,0,0.00,99,0,0.00,0,0,0.00,0,0.00,14,0,0.00,12,0,0.00,0.00,0,0.00,0,0,0,0.00,0,0,0.00,99,0.00,0,N/A,N/A,N/A,N/A,0.00,0,0.00,0,0.00,0.00,0,0.00,0.00,23,99,0.00,0.00,0,13,13,0,0,0,0.00,0.00,0,31,0.00,0.00,0.00,0,0,0.00,0.00,99,0.00,0,0,0,0.00,0.00,0,0.00,0.00,0.00,0.00,0,0,0.00,52,0,0,51,0,0.00,0,0.00,0.00,0.00,11,0.00,0.00,2,0,0.00,0.00,0.00,0.00,7,0,0.00,10,0,1,83,0,50,1,0,0.00,99,0,0.00,0.00,0.00,0.00,0,0,0,0,0.00,0.00,0.00,0,0.00,99,0,0.00,0,0.00,99,0,0.00,0.00,26,0,64,28,0,0,0,0,0,38,51,69,61,0,99,9,22,22,0,0,30,15,0,0
Alexandru Iulian Stănică,25,968223600,2000/09/06,Liga II,2025/2026,Defender,Tunari,810,270,540,Romania,9,3,6,0,0,0,0,0,0,0,0,0,0,0,10,3,7,1,0,0,0,0,0,0,0,1.11,81,90,810,0,0.11,194,182,45,18,0,6.83,0,62,43.19,41.88,75,335,34.50,276,77,35.59,78,0.00,0.00,0.25,2,0.00,0.00,0.26,0.25,2,0.00,0.25,0.00,0.00,0.00,1.88,0.00,1.12,0.00,0.13,0.12,0.00,0.00,0.00,0.01,0.00,4.88,0.00,0.00,0,0,,1,0.12,12,0,0.00,23,1,0.13,17,0,0,7,55,0.00,99,0,15,1.93,79,0,26,0.00,14,0,0.00,99,0,0.00,0,0,0.00,0,0.26,30,0,0.00,12,0,0.00,0.00,0,0.00,0,0,0,0.00,0,9,0.00,59,1.16,67,N/A,N/A,N/A,N/A,0.00,0,0.00,0,0.05,0.00,0,82.39,0.00,23,99,0.00,0.00,0,13,13,0,0,0,0.50,0.52,4,80,54.60,4.38,4.51,35,1,0.00,0.13,5,0.12,0,0,0,0.00,0.00,0,0.00,0.00,0.00,0.00,0,0,0.00,52,49,27,51,59,0.69,45,0.09,0.09,0.05,16,0.01,0.01,21,4,0.50,0.52,1.03,1.00,45,8,0.01,16,73,97,83,0,50,98,0,0.00,99,39,0.00,5.03,18.44,17.88,143,73,95,75,9.41,9.12,51.05,2,0.26,64,0,0.00,0,0.00,99,0,0.00,0.00,26,45,41,28,0,0,0,0,0,38,51,69,61,0,99,9,86,37,0,0,30,2,0,0
Alexandru Laurențiu Oroian,25,980582400,2001/01/27,Liga II,2025/2026,Midfielder,ASA Târgu Mureş,76,76,0,Romania,1,1,0,0,0,0,0,0,0,0,0,0,0,0,1,1,0,0,0,0,0,0,0,0,0,1.18,76,76,0,0,0,-1,-1,-1,17,0,7.19,0,62,27.44,25.00,34,50,16.50,33,9,18.11,28,0.00,0.00,2.00,4,0.00,2.00,0.00,0.00,0,0.00,0.00,0.00,0.00,0.00,2.00,2.00,0.00,0.00,3.29,2.00,2.50,0.00,1.00,0.27,0.00,2.50,0.00,0.00,0,0,,6,3.00,98,2,1.10,92,4,2.20,98,1,0,1,26,0.00,99,0,4,2.20,87,4,97,2.20,76,0,0.00,99,0,0.00,0,0,0.00,0,2.20,99,5,2.74,78,4,2.20,80.00,0,0.00,0,0,0,0.00,0,0,0.00,51,0.00,0,N/A,N/A,N/A,N/A,0.00,0,0.00,0,0.54,0.00,0,66.00,33.33,60,99,0.00,0.00,0,83,73,0,0,0,1.00,1.10,2,97,14.38,1.00,1.10,2,0,0.00,0.00,99,0.00,0,0,0,0.00,0.00,0,0.00,0.00,0.00,0.00,0,0,0.00,52,0,0,51,51,0.20,57,0.10,0.11,0.54,80,0.27,0.30,22,1,0.50,0.55,1.65,1.50,81,3,0.30,80,94,48,83,0,50,83,0,0.00,99,5,0.00,2.74,13.72,12.50,25,12,69,41,6.59,6.00,48.00,0,0.00,99,0,75.00,0,0.00,99,3,1.50,1.65,97,4,41,66,0,0,0,0,0,38,51,69,61,0,99,9,22,22,0,0,30,51,0,0
Alexandru Luca,21,1082962800,2004/04/26,Liga II,2025/2026,Midfielder,Viitorul Şelimbăr,1198,483,715,Romania,14,6,8,1,1,0,0,0,0,0,0,0,0,0,23,8,15,3,0,0.08,0,0.08,0.19,0,1198,1.73,52,86,399,0,0.23,144,317,-1,7,0,6.77,0,62,44.40,40.90,77,409,35.10,351,90,38.11,83,0.00,0.00,0.50,5,0.00,0.20,0.22,0.20,2,0.00,0.70,0.00,0.00,0.00,1.20,1.00,1.80,0.00,0.65,0.50,1.40,0.00,0.10,0.03,0.00,0.60,0.00,0.00,0,0,,6,0.60,38,1,0.11,31,5,0.54,47,2,0,9,50,0.00,99,0,12,1.30,54,2,26,0.22,23,0,0.00,99,0,0.00,0,0,0.00,0,0.54,48,14,1.52,56,10,1.09,71.43,0,0.00,0,0,0,0.00,0,18,0.00,14,1.95,89,N/A,N/A,N/A,N/A,0.00,0,0.00,0,0.34,0.00,0,85.82,16.67,29,99,0.00,0.00,0,57,53,0,0,0,0.30,0.33,3,65,67.73,0.00,0.00,0,0,0.00,0.00,99,0.00,0,0,0,0.00,0.00,0,0.00,0.00,0.11,0.10,1,0,0.00,52,84,78,96,14,0.83,45,0.08,0.09,0.34,34,0.03,0.04,73,13,1.30,1.41,0.87,0.80,36,8,0.04,33,66,1,83,0,60,18,0,0.00,99,6,0.00,0.65,12.05,11.10,111,48,43,26,5.21,4.80,43.24,7,0.76,36,0,0.00,0,0.00,99,0,0.00,0.00,26,65,41,85,0,0,0,0,0,43,58,69,70,0,99,9,54,71,2,14,72,33,0,0
Alexandru Mario Cișmaș,19,1152774000,2006/07/13,Liga II,2025/2026,Midfielder,Viitorul Şelimbăr,0,0,0,,0,0,0,0,0,0,0,0,0,0,0,0,0,0,0,0,0,0,0,0,0,0,0,0,0,0,0,0,0,0,0,-1,-1,-1,-1,N/A,N/A,N/A,N/A,N/A,N/A,N/A,N/A,N/A,N/A,N/A,N/A,N/A,N/A,N/A,N/A,N/A,N/A,N/A,N/A,N/A,N/A,N/A,N/A,N/A,N/A,N/A,N/A,N/A,N/A,N/A,N/A,N/A,N/A,N/A,N/A,N/A,N/A,N/A,N/A,N/A,N/A,N/A,N/A,N/A,N/A,N/A,N/A,N/A,N/A,N/A,N/A,N/A,N/A,N/A,N/A,N/A,N/A,N/A,N/A,N/A,N/A,N/A,N/A,N/A,N/A,N/A,N/A,N/A,N/A,N/A,N/A,N/A,N/A,N/A,N/A,N/A,N/A,N/A,N/A,N/A,N/A,N/A,N/A,N/A,N/A,N/A,N/A,N/A,N/A,N/A,N/A,N/A,N/A,N/A,N/A,N/A,N/A,N/A,N/A,N/A,N/A,N/A,N/A,N/A,N/A,N/A,N/A,N/A,N/A,N/A,N/A,N/A,N/A,N/A,N/A,N/A,N/A,N/A,N/A,N/A,N/A,N/A,N/A,N/A,N/A,N/A,N/A,N/A,N/A,N/A,N/A,N/A,N/A,N/A,N/A,N/A,N/A,N/A,N/A,N/A,N/A,N/A,N/A,N/A,N/A,N/A,N/A,N/A,N/A,N/A,N/A,N/A,N/A,N/A,N/A,N/A,N/A,N/A,N/A,N/A,N/A,N/A,N/A,N/A,N/A,N/A,N/A,N/A,N/A,N/A,N/A,N/A,N/A,N/A,N/A,N/A,N/A,N/A,N/A,N/A,N/A,N/A,N/A,N/A,N/A,N/A,N/A,N/A,N/A,N/A,N/A,N/A,N/A,N/A,N/A,N/A,N/A,N/A,N/A,N/A,N/A,N/A,N/A,N/A,N/A,N/A,N/A,N/A,N/A,N/A,N/A,N/A,N/A,N/A,N/A,N/A,N/A,N/A,N/A,N/A,N/A,N/A,N/A
Alexandru Maxim,40,506505600,1986/01/19,Liga II,2025/2026,Midfielder,Voluntari,270,180,90,Moldova,3,2,1,0,0,0,0,0,0,0,0,1,1,0,2,1,1,0,0,0,0,0,0,0,0,0.67,135,90,0,0,0,-1,-1,-1,16,0,4.48,0,62,7.80,4.88,0,39,3.88,31,61,6.20,0,0.00,0.00,0.00,0,0.00,0.00,0.00,0.00,0,0.00,0.00,0.00,0.00,1.62,0.25,0.00,1.62,0.00,0.00,0.00,0.00,0.00,0.00,0.00,0.00,0.38,0.00,0.00,0,0,,0,0.00,10,0,0.00,23,0,0.00,12,0,0,3,26,0.00,99,0,2,0.40,10,0,26,0.00,14,0,0.00,99,0,0.00,0,0,0.00,0,0.00,14,0,0.00,12,0,0.00,0.00,0,0.00,0,13,99,2.60,21,13,0.00,90,2.60,93,N/A,N/A,N/A,N/A,100.00,0,0.00,0,0.00,0.00,0,79.49,0.00,23,99,0.00,0.00,0,13,13,0,0,6,0.00,0.00,0,31,35.82,0.38,0.60,3,0,0.00,0.00,99,0.00,0,0,0,0.00,0.00,0,0.00,0.00,0.00,0.00,0,0,0.00,52,0,0,51,90,0.06,0,0.01,0.01,0.00,11,0.00,0.00,16,2,0.25,0.40,0.00,0.00,7,0,0.00,10,11,25,83,0,50,16,0,0.00,99,3,0.00,0.60,0.80,0.50,4,3,5,6,0.60,0.38,75.00,0,0.00,99,0,0.00,0,0.00,99,0,0.00,0.00,26,12,41,28,0,0,0,0,0,38,51,69,61,0,99,66,22,22,0,0,30,1,0,0
Alexandru Negrean,25,981360000,2001/02/05,Liga II,2025/2026,Midfielder,Muscelul Câmpulung Elite,587,389,198,Romania,10,6,4,0,0,0,0,0,0,0,0,2,1,1,7,1,6,2,0,0,0,0,0,0,0,1.07,84,59,294,0,0.31,240,228,-1,17,0,6.73,0,62,36.28,22.29,60,156,18.00,126,66,29.30,64,0.00,0.00,0.57,4,0.00,0.43,0.23,0.14,1,0.00,1.29,0.00,0.00,0.00,0.57,1.86,0.86,0.00,1.16,0.57,2.14,0.00,0.14,0.05,0.00,0.00,0.00,0.00,0,0,,5,0.71,60,1,0.23,47,4,0.93,67,1,3,4,52,0.00,99,0,4,0.93,37,3,65,0.70,44,0,0.00,99,0,0.00,0,0,0.00,0,0.93,71,15,3.49,87,13,3.02,86.67,0,0.00,0,0,0,0.00,0,6,0.00,61,1.40,79,N/A,N/A,N/A,N/A,0.00,0,0.00,0,0.38,0.00,0,80.77,20.00,35,99,0.00,0.00,0,92,82,0,0,0,0.00,0.00,0,31,47.10,0.71,1.16,5,0,0.00,0.00,99,0.00,0,0,0,0.00,0.00,0,0.00,0.00,0.00,0.00,0,0,0.00,52,26,37,51,61,0.36,39,0.05,0.08,0.38,50,0.05,0.09,99,13,1.86,3.02,2.56,1.57,98,11,0.09,49,62,51,83,0,50,1,0,0.00,99,0,0.00,0.00,21.63,13.29,93,43,98,90,10.00,6.14,46.24,9,2.09,6,0,33.33,0,0.00,99,1,0.14,0.23,49,20,85,66,0,0,0,0,0,38,51,69,61,0,99,39,41,83,2,20,85,28,0,0
Alexandru Negru,22,1078387200,2004/03/04,Liga II,2025/2026,Midfielder,CSM Reşiţa,110,94,16,Romania,8,5,3,0,0,0,0,0,0,0,0,3,2,1,1,1,0,0,0,0,0,0,0,0,0,0.82,110,14,0,0,0,-1,-1,-1,15,0,4.45,0,62,26.20,4.13,29,62,3.00,45,33,19.01,31,0.00,0.00,0.27,4,0.00,0.27,1.27,0.20,3,0.00,0.13,0.00,0.00,0.00,0.20,0.60,0.20,0.00,0.85,0.07,0.87,0.00,0.07,0.01,0.00,0.27,0.00,0.00,0,0,,2,0.13,48,1,0.42,63,1,0.42,35,0,8,0,99,0.00,99,0,3,1.27,52,4,43,1.69,67,0,0.00,99,0,0.00,0,0,0.00,0,1.69,92,13,5.49,97,9,3.80,69.23,0,0.00,0,0,0,0.00,0,3,0.00,83,1.27,72,N/A,N/A,N/A,N/A,0.00,0,0.00,0,0.19,0.00,0,72.58,50.00,88,99,0.00,0.00,0,95,47,0,0,0,0.00,0.00,0,31,66.81,0.13,0.85,2,0,0.00,0.00,99,0.00,0,0,0,0.00,0.00,0,0.00,0.00,0.85,0.13,2,0,0.00,52,0,20,51,83,0.25,57,0.02,0.11,0.19,48,0.01,0.08,97,6,0.40,2.54,0.85,0.13,35,2,0.08,47,10,37,83,0,95,62,0,0.00,99,4,0.00,1.69,21.55,3.40,51,24,98,90,10.14,1.60,47.06,2,0.85,34,0,25.00,0,0.00,99,1,0.07,0.42,62,0,98,28,0,0,0,0,0,38,51,69,61,0,99,71,22,22,0,0,30,11,0,0
Alexandru Oancea,18,1188284400,2007/08/28,Liga II,2025/2026,Forward,Metalul Buzău,0,0,0,,0,0,0,0,0,0,0,0,0,0,0,0,0,0,0,0,0,0,0,0,0,0,0,0,0,0,0,0,0,0,0,-1,-1,-1,-1,N/A,N/A,N/A,N/A,N/A,N/A,N/A,N/A,N/A,N/A,N/A,N/A,N/A,N/A,N/A,N/A,N/A,N/A,N/A,N/A,N/A,N/A,N/A,N/A,N/A,N/A,N/A,N/A,N/A,N/A,N/A,N/A,N/A,N/A,N/A,N/A,N/A,N/A,N/A,N/A,N/A,N/A,N/A,N/A,N/A,N/A,N/A,N/A,N/A,N/A,N/A,N/A,N/A,N/A,N/A,N/A,N/A,N/A,N/A,N/A,N/A,N/A,N/A,N/A,N/A,N/A,N/A,N/A,N/A,N/A,N/A,N/A,N/A,N/A,N/A,N/A,N/A,N/A,N/A,N/A,N/A,N/A,N/A,N/A,N/A,N/A,N/A,N/A,N/A,N/A,N/A,N/A,N/A,N/A,N/A,N/A,N/A,N/A,N/A,N/A,N/A,N/A,N/A,N/A,N/A,N/A,N/A,N/A,N/A,N/A,N/A,N/A,N/A,N/A,N/A,N/A,N/A,N/A,N/A,N/A,N/A,N/A,N/A,N/A,N/A,N/A,N/A,N/A,N/A,N/A,N/A,N/A,N/A,N/A,N/A,N/A,N/A,N/A,N/A,N/A,N/A,N/A,N/A,N/A,N/A,N/A,N/A,N/A,N/A,N/A,N/A,N/A,N/A,N/A,N/A,N/A,N/A,N/A,N/A,N/A,N/A,N/A,N/A,N/A,N/A,N/A,N/A,N/A,N/A,N/A,N/A,N/A,N/A,N/A,N/A,N/A,N/A,N/A,N/A,N/A,N/A,N/A,N/A,N/A,N/A,N/A,N/A,N/A,N/A,N/A,N/A,N/A,N/A,N/A,N/A,N/A,N/A,N/A,N/A,N/A,N/A,N/A,N/A,N/A,N/A,N/A,N/A,N/A,N/A,N/A,N/A,N/A,N/A,N/A,N/A,N/A,N/A,N/A,N/A,N/A,N/A,N/A,N/A,N/A
Alexandru Pricopi,18,1182582000,2007/06/23,Liga II,2025/2026,Goalkeeper,Slatina,0,0,0,Romania,0,0,0,0,0,0,0,0,0,0,0,0,0,0,0,0,0,0,0,0,0,0,0,0,0,0,0,0,0,0,0,-1,-1,-1,-1,N/A,N/A,N/A,N/A,N/A,N/A,N/A,N/A,N/A,N/A,N/A,N/A,N/A,N/A,N/A,N/A,N/A,N/A,N/A,N/A,N/A,N/A,N/A,N/A,N/A,N/A,N/A,N/A,N/A,N/A,N/A,N/A,N/A,N/A,N/A,N/A,N/A,N/A,N/A,N/A,N/A,N/A,N/A,N/A,N/A,N/A,N/A,N/A,N/A,N/A,N/A,N/A,N/A,N/A,N/A,N/A,N/A,N/A,N/A,N/A,N/A,N/A,N/A,N/A,N/A,N/A,N/A,N/A,N/A,N/A,N/A,N/A,N/A,N/A,N/A,N/A,N/A,N/A,N/A,N/A,N/A,N/A,N/A,N/A,N/A,N/A,N/A,N/A,N/A,N/A,N/A,N/A,N/A,N/A,N/A,N/A,N/A,N/A,N/A,N/A,N/A,N/A,N/A,N/A,N/A,N/A,N/A,N/A,N/A,N/A,N/A,N/A,N/A,N/A,N/A,N/A,N/A,N/A,N/A,N/A,N/A,N/A,N/A,N/A,N/A,N/A,N/A,N/A,N/A,N/A,N/A,N/A,N/A,N/A,N/A,N/A,N/A,N/A,N/A,N/A,N/A,N/A,N/A,N/A,N/A,N/A,N/A,N/A,N/A,N/A,N/A,N/A,N/A,N/A,N/A,N/A,N/A,N/A,N/A,N/A,N/A,N/A,N/A,N/A,N/A,N/A,N/A,N/A,N/A,N/A,N/A,N/A,N/A,N/A,N/A,N/A,N/A,N/A,N/A,N/A,N/A,N/A,N/A,N/A,N/A,N/A,N/A,N/A,N/A,N/A,N/A,N/A,N/A,N/A,N/A,N/A,N/A,N/A,N/A,N/A,N/A,N/A,N/A,N/A,N/A,N/A,N/A,N/A,N/A,N/A,N/A,N/A,N/A,N/A,N/A,N/A,N/A,N/A,N/A,N/A,N/A,N/A,N/A,N/A
Alexandru Şaim Tudor,27,906015600,1998/09/17,Liga II,2025/2026,Midfielder,Metalul Buzău,1091,557,534,Romania,14,7,7,5,3,2,2,1,1,0,0,4,3,1,10,4,6,1,0,0.58,0.16,0.41,0.48,0.34,218,0.82,109,78,1091,546,0.08,31,62,-1,2,0,7.05,0.14,83,29.65,23.93,41,335,17.64,247,39,21.86,41,0.00,0.00,0.57,8,0.00,1.64,0.27,0.21,3,0.00,0.93,0.00,0.00,0.00,1.29,1.00,0.93,18.50,3.27,1.79,1.86,0.00,0.86,0.27,0.00,2.07,0.00,0.00,0,0,,37,2.64,98,12,1.06,90,25,2.21,98,1,1,9,56,0.00,99,0,18,1.59,67,23,36,2.04,74,0,0.00,99,0,0.00,0,0,0.00,0,0.71,60,26,2.30,71,14,1.24,53.85,0,0.00,0,0,0,0.00,0,13,0.00,83,1.15,66,N/A,N/A,N/A,N/A,0.00,0,0.00,0,3.71,0.00,0,73.73,32.43,51,99,0.00,0.00,0,63,26,0,0,0,0.07,0.09,1,35,98.73,0.36,0.44,5,0,0.00,0.00,99,0.00,0,0,0,0.00,0.00,0,0.00,0.00,0.44,0.36,5,1,5.41,55,75,78,60,83,1.98,82,0.14,0.18,3.71,83,0.27,0.33,84,20,1.43,1.77,1.24,1.00,61,14,0.33,83,88,19,83,0,85,79,0,0.00,99,29,0.00,2.57,17.52,14.14,198,77,71,70,6.81,5.50,38.89,13,1.15,24,0,21.74,0,0.00,99,5,0.36,0.44,64,65,64,66,0,0,0,0,0,93,91,88,89,0,99,54,94,30,1,7,41,98,0,0
Alexandru Stoian,21,1110614400,2005/03/12,Liga II,2025/2026,Goalkeeper,Viitorul Şelimbăr,0,0,0,Romania,0,0,0,0,0,0,0,0,0,0,0,0,0,0,0,0,0,0,0,0,0,0,0,0,0,0,0,0,0,0,0,-1,-1,-1,-1,N/A,N/A,N/A,N/A,N/A,N/A,N/A,N/A,N/A,N/A,N/A,N/A,N/A,N/A,N/A,N/A,N/A,N/A,N/A,N/A,N/A,N/A,N/A,N/A,N/A,N/A,N/A,N/A,N/A,N/A,N/A,N/A,N/A,N/A,N/A,N/A,N/A,N/A,N/A,N/A,N/A,N/A,N/A,N/A,N/A,N/A,N/A,N/A,N/A,N/A,N/A,N/A,N/A,N/A,N/A,N/A,N/A,N/A,N/A,N/A,N/A,N/A,N/A,N/A,N/A,N/A,N/A,N/A,N/A,N/A,N/A,N/A,N/A,N/A,N/A,N/A,N/A,N/A,N/A,N/A,N/A,N/A,N/A,N/A,N/A,N/A,N/A,N/A,N/A,N/A,N/A,N/A,N/A,N/A,N/A,N/A,N/A,N/A,N/A,N/A,N/A,N/A,N/A,N/A,N/A,N/A,N/A,N/A,N/A,N/A,N/A,N/A,N/A,N/A,N/A,N/A,N/A,N/A,N/A,N/A,N/A,N/A,N/A,N/A,N/A,N/A,N/A,N/A,N/A,N/A,N/A,N/A,N/A,N/A,N/A,N/A,N/A,N/A,N/A,N/A,N/A,N/A,N/A,N/A,N/A,N/A,N/A,N/A,N/A,N/A,N/A,N/A,N/A,N/A,N/A,N/A,N/A,N/A,N/A,N/A,N/A,N/A,N/A,N/A,N/A,N/A,N/A,N/A,N/A,N/A,N/A,N/A,N/A,N/A,N/A,N/A,N/A,N/A,N/A,N/A,N/A,N/A,N/A,N/A,N/A,N/A,N/A,N/A,N/A,N/A,N/A,N/A,N/A,N/A,N/A,N/A,N/A,N/A,N/A,N/A,N/A,N/A,N/A,N/A,N/A,N/A,N/A,N/A,N/A,N/A,N/A,N/A,N/A,N/A,N/A,N/A,N/A,N/A,N/A,N/A,N/A,N/A,N/A,N/A
Alexandru Șuteu,22,1078300800,2004/03/03,Liga II,2025/2026,Defender,Voluntari,1269,819,450,Romania,15,10,5,2,1,1,0,0,0,0,0,6,4,2,15,11,4,5,0,0.14,0,0.14,0.11,0.2,635,1.06,85,85,254,0,0.35,112,325,43,5,0,6.80,0,62,39.13,35.33,68,636,25.78,464,36,28.54,62,0.00,0.00,0.67,12,0.00,3.22,0.43,0.39,7,0.00,0.61,0.00,0.00,0.00,1.39,1.11,0.39,13.00,0.80,0.44,1.83,0.00,0.28,0.09,0.00,0.61,0.00,0.00,0,0,,13,0.72,46,5,0.31,55,8,0.49,42,1,0,13,73,0.00,99,0,25,1.54,64,58,48,3.57,92,0,0.00,99,0,0.00,0,0,0.00,0,0.74,62,33,2.03,68,20,1.23,60.61,0,0.00,0,0,0,0.00,0,7,0.00,63,0.43,11,N/A,N/A,N/A,N/A,0.00,0,0.00,0,1.69,0.00,0,72.96,38.46,67,99,0.00,0.00,0,63,35,0,0,0,0.39,0.43,7,73,122.40,1.33,1.48,24,0,0.00,0.00,99,0.00,0,0,0,0.00,0.00,0,0.00,0.00,0.00,0.00,0,0,7.69,61,87,87,85,63,2.18,66,0.12,0.13,1.69,52,0.09,0.10,62,19,1.06,1.17,0.43,0.39,13,7,0.10,51,69,60,83,0,50,20,0,0.00,99,11,0.00,0.68,14.15,12.78,230,75,29,43,4.61,4.17,32.61,11,0.68,40,0,27.59,0,0.00,99,16,0.89,0.98,85,88,41,66,0,0,0,0,0,54,67,77,63,0,99,76,35,87,4,27,94,30,0,0
Alexandru Vasile Barna,32,741942000,1993/07/06,Liga II,2025/2026,Goalkeeper,Ceahlăul Piatra Neamţ,450,90,360,Romania,5,1,4,0,0,0,0,0,0,0,0,1,0,1,12,1,11,0,0,0,0,0,0,0,0,2.4,38,90,0,0,0,213,192,90,16,0,3.64,0,62,14.40,7.20,4,72,6.00,60,81,12.00,9,0.00,0.00,0.00,0,0.00,0.00,0.00,0.00,0,0.00,0.00,0.00,0.00,2.80,0.40,0.00,2.80,0.00,0.00,0.00,0.00,0.00,0.00,0.00,0.00,0.10,0.00,0.00,0,0,,0,0.00,10,0,0.00,23,0,0.00,12,0,0,4,26,0.00,99,0,4,0.80,30,0,26,0.00,14,0,0.00,99,0,0.00,0,0,0.00,0,0.00,14,0,0.00,12,0,0.00,0.00,0,0.00,0,28,99,5.60,99,28,0.00,5,5.60,99,N/A,N/A,N/A,N/A,100.00,0,0.00,0,0.00,0.00,0,83.33,0.00,23,99,0.00,0.00,0,13,13,0,0,13,0.00,0.00,0,31,36.41,0.20,0.40,2,0,0.00,0.00,99,0.00,0,0,0,0.00,0.00,0,0.00,0.00,0.00,0.00,0,0,0.00,52,11,3,51,5,0.15,6,0.01,0.03,0.00,11,0.00,0.00,7,1,0.10,0.20,0.00,0.00,7,0,0.00,10,5,18,83,0,50,4,0,0.00,99,1,0.00,0.20,0.40,0.20,2,2,4,2,0.40,0.20,100.00,0,0.00,99,0,0.00,0,0.00,99,0,0.00,0.00,26,20,41,28,0,0,0,0,0,38,51,69,61,0,99,39,22,22,0,0,30,67,0,0
Alexandru-Mario Iordan,18,1188457200,2007/08/30,Liga II,2025/2026,Forward,CSA Steaua Bucureşti,0,0,0,,0,0,0,0,0,0,0,0,0,0,0,0,0,0,0,0,0,0,0,0,0,0,0,0,0,0,0,0,0,0,0,-1,-1,-1,-1,N/A,N/A,N/A,N/A,N/A,N/A,N/A,N/A,N/A,N/A,N/A,N/A,N/A,N/A,N/A,N/A,N/A,N/A,N/A,N/A,N/A,N/A,N/A,N/A,N/A,N/A,N/A,N/A,N/A,N/A,N/A,N/A,N/A,N/A,N/A,N/A,N/A,N/A,N/A,N/A,N/A,N/A,N/A,N/A,N/A,N/A,N/A,N/A,N/A,N/A,N/A,N/A,N/A,N/A,N/A,N/A,N/A,N/A,N/A,N/A,N/A,N/A,N/A,N/A,N/A,N/A,N/A,N/A,N/A,N/A,N/A,N/A,N/A,N/A,N/A,N/A,N/A,N/A,N/A,N/A,N/A,N/A,N/A,N/A,N/A,N/A,N/A,N/A,N/A,N/A,N/A,N/A,N/A,N/A,N/A,N/A,N/A,N/A,N/A,N/A,N/A,N/A,N/A,N/A,N/A,N/A,N/A,N/A,N/A,N/A,N/A,N/A,N/A,N/A,N/A,N/A,N/A,N/A,N/A,N/A,N/A,N/A,N/A,N/A,N/A,N/A,N/A,N/A,N/A,N/A,N/A,N/A,N/A,N/A,N/A,N/A,N/A,N/A,N/A,N/A,N/A,N/A,N/A,N/A,N/A,N/A,N/A,N/A,N/A,N/A,N/A,N/A,N/A,N/A,N/A,N/A,N/A,N/A,N/A,N/A,N/A,N/A,N/A,N/A,N/A,N/A,N/A,N/A,N/A,N/A,N/A,N/A,N/A,N/A,N/A,N/A,N/A,N/A,N/A,N/A,N/A,N/A,N/A,N/A,N/A,N/A,N/A,N/A,N/A,N/A,N/A,N/A,N/A,N/A,N/A,N/A,N/A,N/A,N/A,N/A,N/A,N/A,N/A,N/A,N/A,N/A,N/A,N/A,N/A,N/A,N/A,N/A,N/A,N/A,N/A,N/A,N/A,N/A,N/A,N/A,N/A,N/A,N/A,N/A
Alexandru-Petru Hrib,20,1119596400,2005/06/24,Liga II,2025/2026,Midfielder,CSM Iaşi,776,378,398,Romania,15,8,7,1,1,0,1,1,0,0,0,6,4,2,10,3,7,1,0,0.23,0.12,0.12,0.24,0,776,1.16,78,52,776,776,0.12,122,90,-1,8,0,5.37,0.07,76,17.66,7.70,11,154,5.80,116,45,13.30,13,0.00,0.00,0.40,8,0.00,0.35,0.80,0.35,7,0.00,0.40,0.00,0.00,0.00,0.45,0.65,0.40,8.50,1.95,0.65,0.90,0.00,0.20,0.11,0.00,0.15,0.00,0.00,0,0,,17,0.85,79,4,0.46,65,13,1.49,87,2,4,10,93,0.00,99,0,9,1.03,40,7,83,0.80,49,0,0.00,99,0,0.00,0,0,0.00,0,0.92,70,18,2.06,69,13,1.49,72.22,0,0.00,0,0,0,0.00,0,8,0.00,54,0.92,53,N/A,N/A,N/A,N/A,0.00,0,0.00,0,2.30,0.00,0,75.32,23.53,37,99,0.00,0.00,0,70,55,0,0,0,0.00,0.00,0,31,107.45,0.40,0.92,8,0,0.00,0.00,99,0.00,0,0,0,0.00,0.00,0,0.00,0.00,0.00,0.00,0,0,11.76,68,44,87,87,55,1.73,87,0.09,0.20,2.30,77,0.11,0.26,89,16,0.80,1.83,1.49,0.65,74,13,0.26,77,23,42,83,0,50,8,0,0.00,99,3,0.00,0.34,16.17,7.05,141,34,20,59,3.90,1.70,24.11,8,0.92,31,0,42.86,0,0.00,99,3,0.15,0.34,57,73,89,85,0,0,0,0,0,69,64,69,75,0,99,76,84,40,1,7,41,11,0,0
Alin Burdeț,28,891932400,1998/04/07,Liga II,2025/2026,Defender,ACS Gloria Bistrita,1350,720,630,Romania,15,8,7,1,0,1,0,0,0,0,0,2,1,1,19,9,10,1,0,0.07,0,0.07,0,0.14,1350,1.27,71,90,1350,0,0.07,151,284,60,13,0,6.49,0,62,34.30,31.00,53,558,24.22,436,55,26.80,58,0.00,0.00,0.06,1,0.00,0.33,0.37,0.33,6,0.00,0.11,0.00,0.00,0.00,2.00,0.28,0.61,6.00,0.37,0.22,0.33,0.00,0.11,0.06,0.00,1.83,0.00,0.00,0,0,,6,0.33,24,2,0.12,32,4,0.25,27,0,0,14,67,0.00,99,0,36,2.21,87,6,31,0.37,33,0,0.00,99,0,0.00,0,0,0.00,0,0.06,15,6,0.37,26,5,0.31,83.33,0,0.00,0,0,0,0.00,0,11,0.00,43,0.68,27,N/A,N/A,N/A,N/A,0.00,0,0.00,0,1.03,0.00,0,78.14,33.33,60,99,0.00,0.00,0,29,80,0,0,0,0.78,0.86,14,93,116.82,3.89,4.30,70,1,0.00,0.06,10,0.06,0,0,0,0.00,0.00,0,0.00,0.00,0.06,0.06,1,0,16.67,81,91,87,98,44,1.10,32,0.06,0.07,1.03,42,0.06,0.06,42,14,0.78,0.86,1.17,1.06,56,19,0.06,41,48,95,83,0,53,71,0,0.00,99,33,0.00,2.03,12.73,11.50,207,82,39,32,5.04,4.56,39.61,2,0.12,79,0,16.67,0,0.00,99,1,0.06,0.06,28,91,41,28,0,0,0,0,0,40,55,71,61,0,99,23,97,26,1,7,41,15,0,0
Alin Cocoş,19,1154761200,2006/08/05,Liga II,2025/2026,Midfielder,Muscelul Câmpulung Elite,395,169,226,Romania,5,2,3,0,0,0,0,0,0,0,0,1,1,0,8,1,7,0,0,0,0,0,0,0,0,1.82,49,79,0,0,0,239,226,-1,18,0,5.16,0,62,13.73,7.20,3,36,4.80,24,12,9.15,3,0.00,0.00,0.00,0,0.00,0.00,0.00,0.00,0,0.00,1.20,0.00,0.00,0.00,0.00,0.40,1.80,0.00,1.53,0.80,1.00,0.00,0.00,0.05,0.00,0.60,0.00,0.00,0,0,,4,0.80,69,0,0.00,23,4,1.53,88,1,0,3,26,0.00,99,0,0,0.00,1,0,26,0.00,14,0,0.00,99,0,0.00,0,0,0.00,0,0.00,14,5,1.91,64,2,0.76,40.00,0,0.00,0,0,0,0.00,0,9,0.00,12,3.43,97,N/A,N/A,N/A,N/A,0.00,0,0.00,0,0.23,0.00,0,66.67,0.00,23,99,0.00,0.00,0,47,16,0,0,0,0.20,0.38,1,70,25.80,0.20,0.38,1,0,0.00,0.00,99,0.00,0,0,0,0.00,0.00,0,0.00,0.00,0.00,0.00,0,0,0.00,52,4,3,51,12,0.05,2,0.01,0.02,0.23,50,0.05,0.09,77,4,0.80,1.53,0.38,0.20,11,1,0.09,49,19,16,83,0,50,45,0,0.00,99,3,0.00,1.14,19.07,10.00,50,13,36,81,4.96,2.60,26.00,6,2.29,4,0,0.00,0,0.00,99,0,0.00,0.00,26,12,41,66,0,0,0,0,0,38,51,69,61,0,99,39,22,22,0,0,30,98,0,0
Alin Cristian Țegle,30,824371200,1996/02/15,Liga II,2025/2026,Midfielder,Tunari,252,72,180,Romania,3,1,2,0,0,0,0,0,0,0,0,0,0,0,6,2,4,2,1,0,0,0,0,0,0,2.14,42,84,126,0,0.71,-1,-1,-1,20,0,6.70,0,62,20.00,20.00,18,20,12.00,12,2,12.00,9,0.00,0.00,0.00,0,0.00,1.00,0.00,0.00,0,0.00,1.00,0.00,0.00,0.00,1.00,1.00,3.00,0.00,0.00,0.00,1.00,0.00,0.00,0.00,0.00,0.00,0.00,0.00,0,0,,0,0.00,10,0,0.00,23,0,0.00,12,1,0,3,26,0.00,99,0,1,1.00,39,1,26,1.00,54,0,0.00,99,0,0.00,0,0,0.00,0,0.00,14,1,1.00,45,1,1.00,100.00,0,0.00,0,0,0,0.00,0,3,0.00,6,3.00,96,N/A,N/A,N/A,N/A,0.00,0,0.00,0,0.00,0.00,0,60.00,0.00,23,99,0.00,0.00,0,53,99,0,0,0,1.00,1.00,1,96,6.70,0.00,0.00,0,0,0.00,0.00,99,0.00,0,0,0,0.00,0.00,0,0.00,0.00,0.00,0.00,0,0,0.00,52,0,0,51,6,0.03,6,0.03,0.03,0.00,11,0.00,0.00,50,1,1.00,1.00,2.00,2.00,92,2,0.00,10,60,1,83,0,50,1,0,0.00,99,0,0.00,0.00,5.00,5.00,5,1,7,7,1.00,1.00,20.00,1,1.00,29,0,0.00,0,0.00,99,0,0.00,0.00,26,12,41,66,0,0,0,0,0,38,51,69,61,0,99,9,22,99,1,33,97,8,0,0
Alin Dobrosavlevici,31,782982000,1994/10/24,Liga II,2025/2026,Defender,Sepsi,383,203,180,Romania,5,3,2,1,0,1,0,0,0,0,0,2,1,1,2,1,1,1,0,0.23,0,0.23,0,0.5,383,0.47,192,77,383,0,0.23,75,152,2,5,0,2.52,0,62,49.40,15.53,89,264,13.76,234,97,43.78,93,0.00,0.00,0.00,0,0.00,0.00,0.56,0.18,3,0.00,0.00,0.00,0.00,0.00,0.65,0.06,0.18,3.00,0.56,0.12,0.06,0.00,0.06,0.05,0.00,0.71,0.00,0.00,0,0,,3,0.18,34,1,0.19,41,2,0.37,32,0,1,4,80,0.00,99,0,11,2.06,83,0,26,0.00,14,0,0.00,99,0,0.00,0,0,0.00,0,0.00,14,1,0.19,18,1,0.19,100.00,0,0.00,0,0,0,0.00,0,3,0.00,99,0.56,21,N/A,N/A,N/A,N/A,0.00,0,0.00,0,0.82,0.00,0,88.64,33.33,60,99,0.00,0.00,0,21,99,0,0,0,0.29,0.94,5,94,42.88,1.71,5.43,29,0,0.00,0.00,99,0.00,0,0,0,0.00,0.00,0,0.00,0.00,0.00,0.00,0,0,33.33,97,3,3,72,99,0.57,57,0.03,0.11,0.82,62,0.05,0.15,46,5,0.29,0.94,1.87,0.59,89,10,0.15,62,2,99,83,0,50,76,0,0.00,99,12,0.00,2.25,11.04,3.47,59,25,30,19,4.68,1.47,42.37,0,0.00,99,0,0.00,0,0.00,99,0,0.00,0.00,26,20,64,28,0,0,0,0,0,69,79,94,61,0,99,76,51,71,1,20,85,21,0,0
Alin Gabriel Lazar,25,970297200,2000/09/30,Liga II,2025/2026,Midfielder,Afumaţi,739,399,340,Romania,9,5,4,0,0,0,0,0,0,0,0,2,1,1,11,6,5,1,0,0,0,0,0,0,0,1.34,67,82,739,0,0.12,292,297,-1,22,0,6.47,0,62,42.89,39.70,75,397,26.80,268,14,28.96,63,0.00,0.00,0.60,6,0.00,1.60,0.32,0.30,3,0.00,0.20,0.00,0.00,0.00,1.10,0.70,0.60,0.00,0.54,0.40,1.40,0.00,0.10,0.03,0.00,1.30,0.00,0.00,0,0,,5,0.50,33,1,0.11,31,4,0.43,36,1,0,8,60,0.00,99,0,11,1.19,47,16,55,1.73,68,0,0.00,99,0,0.00,0,0,0.00,0,0.65,55,14,1.51,56,7,0.76,50.00,0,0.00,0,0,0,0.00,0,6,0.00,38,0.65,25,N/A,N/A,N/A,N/A,0.00,0,0.00,0,0.31,0.00,0,67.51,20.00,35,99,0.00,0.00,0,47,24,0,0,0,0.10,0.11,1,38,64.73,2.80,3.03,28,2,0.00,0.22,1,0.20,0,0,0,0.00,0.00,0,0.00,0.00,0.11,0.10,1,0,0.00,52,40,27,51,38,0.92,51,0.09,0.10,0.31,29,0.03,0.03,49,9,0.90,0.97,0.86,0.80,36,8,0.03,28,47,85,83,0,60,54,0,0.00,99,13,0.00,1.40,17.07,15.80,158,52,51,66,5.62,5.20,32.91,2,0.22,67,0,31.25,0,0.00,99,5,0.50,0.54,69,53,41,66,0,0,0,0,0,38,51,69,61,0,99,41,83,40,1,11,62,3,0,0
Alin Ilie Dudea,28,865580400,1997/06/06,Liga II,2025/2026,Midfielder,CSM Reşiţa,1113,753,360,Romania,14,9,5,0,0,0,0,0,0,0,0,7,4,3,12,8,4,3,0,0,0,0,0,0,0,0.97,93,80,371,0,0.24,330,285,-1,14,0,6.36,0,62,38.71,33.86,66,474,27.57,386,73,31.52,67,0.00,0.00,0.21,3,0.00,0.21,0.16,0.14,2,0.00,0.14,0.00,0.00,0.00,1.57,0.14,1.00,0.00,0.57,0.50,0.14,0.00,0.00,0.02,0.00,0.93,0.00,0.00,0,0,,7,0.50,35,0,0.00,23,7,0.57,49,1,1,12,42,0.00,99,0,22,1.80,74,3,65,0.25,26,0,0.00,99,0,0.00,0,0,0.00,0,0.25,29,2,0.16,17,2,0.16,100.00,0,0.00,0,0,0,0.00,0,14,0.00,73,1.14,65,N/A,N/A,N/A,N/A,0.00,0,0.00,0,0.30,0.00,0,81.43,0.00,23,99,0.00,0.00,0,20,99,0,0,0,0.93,1.06,13,97,89.04,1.86,2.12,26,0,0.00,0.00,99,0.00,0,0,0,0.00,0.00,0,0.00,0.00,0.00,0.00,0,0,0.00,52,77,78,51,73,0.89,32,0.06,0.07,0.30,23,0.02,0.02,27,8,0.57,0.65,1.14,1.00,54,14,0.02,22,44,72,83,0,50,41,0,0.00,99,13,0.00,1.06,10.54,9.21,129,43,15,16,3.51,3.07,33.33,2,0.16,76,0,33.33,0,0.00,99,1,0.07,0.08,31,84,64,66,0,0,0,0,0,38,51,69,61,0,99,93,50,72,3,21,87,5,0,0
Alin Ionuț Raicu,20,1116054000,2005/05/14,Liga II,2025/2026,Midfielder,Afumaţi,0,0,0,Romania,0,0,0,0,0,0,0,0,0,0,0,0,0,0,0,0,0,0,0,0,0,0,0,0,0,0,0,0,0,0,0,-1,-1,-1,-1,N/A,N/A,N/A,N/A,N/A,N/A,N/A,N/A,N/A,N/A,N/A,N/A,N/A,N/A,N/A,N/A,N/A,N/A,N/A,N/A,N/A,N/A,N/A,N/A,N/A,N/A,N/A,N/A,N/A,N/A,N/A,N/A,N/A,N/A,N/A,N/A,N/A,N/A,N/A,N/A,N/A,N/A,N/A,N/A,N/A,N/A,N/A,N/A,N/A,N/A,N/A,N/A,N/A,N/A,N/A,N/A,N/A,N/A,N/A,N/A,N/A,N/A,N/A,N/A,N/A,N/A,N/A,N/A,N/A,N/A,N/A,N/A,N/A,N/A,N/A,N/A,N/A,N/A,N/A,N/A,N/A,N/A,N/A,N/A,N/A,N/A,N/A,N/A,N/A,N/A,N/A,N/A,N/A,N/A,N/A,N/A,N/A,N/A,N/A,N/A,N/A,N/A,N/A,N/A,N/A,N/A,N/A,N/A,N/A,N/A,N/A,N/A,N/A,N/A,N/A,N/A,N/A,N/A,N/A,N/A,N/A,N/A,N/A,N/A,N/A,N/A,N/A,N/A,N/A,N/A,N/A,N/A,N/A,N/A,N/A,N/A,N/A,N/A,N/A,N/A,N/A,N/A,N/A,N/A,N/A,N/A,N/A,N/A,N/A,N/A,N/A,N/A,N/A,N/A,N/A,N/A,N/A,N/A,N/A,N/A,N/A,N/A,N/A,N/A,N/A,N/A,N/A,N/A,N/A,N/A,N/A,N/A,N/A,N/A,N/A,N/A,N/A,N/A,N/A,N/A,N/A,N/A,N/A,N/A,N/A,N/A,N/A,N/A,N/A,N/A,N/A,N/A,N/A,N/A,N/A,N/A,N/A,N/A,N/A,N/A,N/A,N/A,N/A,N/A,N/A,N/A,N/A,N/A,N/A,N/A,N/A,N/A,N/A,N/A,N/A,N/A,N/A,N/A,N/A,N/A,N/A,N/A,N/A,N/A
Alin Mihai Manea,29,852796800,1997/01/09,Liga II,2025/2026,Forward,CSM Reşiţa,12,12,0,Romania,3,3,0,0,0,0,0,0,0,0,0,1,1,0,0,0,0,0,0,0,0,0,0,0,0,0,0,4,0,0,0,-1,-1,-1,17,0,1.65,0,62,42.86,2.50,75,10,2.25,9,99,38.57,85,0.00,0.00,0.00,0,0.00,0.75,0.00,0.00,0,0.00,0.00,0.00,0.00,0.00,0.00,0.00,0.00,0.00,0.00,0.00,0.00,0.00,0.00,0.00,0.00,0.00,0.00,0.00,0,0,,0,0.00,10,0,0.00,23,0,0.00,12,0,3,0,26,0.00,99,0,0,0.00,1,3,97,12.86,99,0,0.00,99,0,0.00,0,0,0.00,0,0.00,14,0,0.00,12,0,0.00,0.00,0,0.00,0,0,0,0.00,0,0,0.00,99,0.00,0,N/A,N/A,N/A,N/A,0.00,0,0.00,0,0.00,0.00,0,90.00,0.00,23,99,0.00,0.00,0,13,13,0,0,0,0.00,0.00,0,31,6.60,0.00,0.00,0,0,0.00,0.00,99,0.00,0,0,0,0.00,0.00,0,0.00,0.00,0.00,0.00,0,0,0.00,52,0,0,51,0,0.02,45,0.01,0.09,0.00,11,0.00,0.00,2,0,0.00,0.00,0.00,0.00,7,0,0.00,10,0,1,83,0,50,1,0,0.00,99,0,0.00,0.00,0.00,0.00,0,0,0,0,0.00,0.00,0.00,0,0.00,99,0,66.67,0,0.00,99,2,0.50,8.57,99,0,85,28,0,0,0,0,0,38,51,69,61,0,99,66,22,22,0,0,30,20,0,0
Alin Mihai Șerban Demici,26,954831600,2000/04/04,Liga II,2025/2026,Defender,CS Dinamo București,586,152,434,Romania,8,2,6,0,0,0,0,0,0,0,0,1,1,0,11,1,10,0,0,0,0,0,0,0,0,1.69,53,73,0,0,0,243,232,77,21,0,4.87,0,62,35.51,22.20,58,333,16.27,244,37,26.02,57,0.00,0.00,0.07,1,0.00,0.87,0.64,0.40,6,0.00,0.13,0.00,0.00,0.00,1.40,0.53,1.07,0.00,0.21,0.13,0.60,0.00,0.00,0.01,0.00,0.60,0.00,0.00,0,0,,2,0.13,16,0,0.00,23,2,0.21,23,1,1,7,85,0.00,99,0,21,2.24,88,13,95,1.39,60,0,0.00,99,0,0.00,0,0,0.00,0,0.11,18,9,0.96,43,8,0.85,88.89,0,0.00,0,0,0,0.00,0,16,0.00,16,1.71,85,N/A,N/A,N/A,N/A,0.00,0,0.00,0,0.09,0.00,0,73.27,0.00,23,99,0.00,0.00,0,50,86,0,0,0,0.13,0.21,2,54,73.08,0.80,1.28,12,0,0.00,0.00,99,0.00,0,0,0,0.00,0.00,0,0.00,0.00,0.00,0.00,0,0,0.00,52,25,20,51,16,0.56,23,0.04,0.06,0.09,16,0.01,0.01,79,15,1.00,1.60,0.96,0.60,42,9,0.01,16,16,55,83,0,50,35,0,0.00,99,9,0.00,0.96,13.44,8.40,126,36,19,40,3.84,2.40,28.57,2,0.21,68,0,61.54,0,0.00,99,8,0.53,0.85,82,45,64,66,0,0,0,0,0,38,51,69,61,0,99,23,22,22,0,0,30,7,0,0
Alin Nica,28,878457600,1997/11/02,Liga II,2025/2026,Forward,Metalul Buzău,823,341,482,Romania,13,7,6,2,2,0,0,0,0,0,0,4,3,1,13,5,8,1,0,0.22,0,0.22,0.53,0,412,1.42,63,63,823,0,0.11,81,335,-1,3,0,6.69,0,62,24.03,14.77,25,192,10.69,139,32,17.40,27,0.00,0.00,0.54,7,0.00,0.62,0.25,0.15,2,0.00,0.69,0.00,0.00,0.00,0.69,1.31,1.15,16.00,2.00,0.92,2.62,0.00,0.31,0.14,0.00,0.62,0.00,0.00,0,0,,16,1.23,80,4,0.50,68,12,1.50,88,1,3,6,54,0.00,99,0,9,1.13,45,8,43,1.00,54,0,0.00,99,0,0.00,0,0,0.00,0,0.88,69,34,4.26,92,17,2.13,50.00,0,0.00,0,0,0,0.00,0,15,0.00,33,1.88,88,N/A,N/A,N/A,N/A,0.00,0,0.00,0,1.82,0.00,0,72.40,25.00,43,99,0.00,0.00,0,82,24,0,0,0,0.00,0.00,0,31,87.01,0.69,1.13,9,0,0.00,0.00,99,0.00,0,0,1,0.08,0.13,0,0.00,0.00,0.50,0.31,4,0,6.25,57,51,67,75,32,0.61,39,0.05,0.08,1.82,73,0.14,0.23,99,24,1.85,3.00,0.50,0.31,17,4,0.23,73,60,49,97,0,87,38,0,0.00,99,8,0.00,1.00,20.15,12.38,161,62,85,85,7.76,4.77,38.51,9,1.13,25,0,25.00,0,0.00,99,2,0.15,0.25,51,38,85,66,0,0,0,0,0,67,78,69,92,0,99,59,87,37,1,8,50,97,0,0
Alin Şeroni,39,543744000,1987/03/26,Liga II,2025/2026,Defender,Dumbrăviţa,637,331,306,Romania,12,7,5,0,0,0,0,0,0,0,0,3,3,0,6,1,5,2,0,0,0,0,0,0,0,0.85,106,53,319,0,0.28,180,131,16,19,0,5.36,0,62,29.67,17.76,41,302,14.35,244,66,23.97,50,0.00,0.00,0.00,0,0.00,0.12,0.49,0.29,5,0.00,0.00,0.00,0.00,0.00,1.18,0.41,0.29,10.00,0.98,0.53,0.47,0.00,0.06,0.07,0.00,1.65,0.00,0.00,0,0,,10,0.59,54,1,0.10,29,9,0.88,65,1,3,8,75,0.00,99,0,20,1.97,80,2,26,0.20,22,0,0.00,99,0,0.00,0,0,0.00,0,0.00,14,8,0.79,38,7,0.69,87.50,0,0.00,0,0,0,0.00,0,5,0.00,81,0.49,16,N/A,N/A,N/A,N/A,0.00,0,0.00,0,1.13,0.00,0,80.79,10.00,25,99,0.00,0.00,0,45,84,0,0,0,0.76,1.28,13,99,91.04,2.35,3.93,40,0,0.00,0.00,99,0.00,0,0,1,0.06,0.10,0,0.00,0.00,0.10,0.06,1,0,10.00,67,31,58,51,81,0.49,17,0.03,0.05,1.13,54,0.07,0.11,30,7,0.41,0.69,0.79,0.47,32,8,0.11,53,22,93,94,0,58,83,0,0.00,99,28,0.00,2.75,11.79,7.06,120,53,43,23,5.21,3.12,44.17,0,0.00,99,0,0.00,0,0.00,99,0,0.00,0.00,26,53,85,66,0,0,0,0,0,38,51,69,61,0,99,47,44,79,2,17,78,30,0,0
Alin Văsălie,24,1019372400,2002/04/21,Liga II,2025/2026,Midfielder,CSM Satu Mare,551,273,278,Romania,10,5,5,3,2,1,0,0,0,0,0,1,0,1,12,9,3,0,0,0.49,0,0.49,0.66,0.32,184,1.96,46,55,0,0,0,22,254,-1,1,0,5.94,0,62,24.57,12.56,26,113,7.56,68,2,14.78,18,0.00,0.00,0.11,1,0.00,0.22,0.65,0.33,3,0.00,0.11,0.00,0.00,0.00,0.78,0.22,0.78,6.00,1.30,0.44,0.33,0.00,0.22,0.12,0.00,1.11,0.00,0.00,0,0,,6,0.67,64,2,0.43,64,4,0.87,64,1,0,7,86,0.00,99,0,7,1.52,64,2,91,0.43,36,0,0.00,99,0,0.00,0,0,0.00,0,0.22,27,3,0.65,35,2,0.43,66.67,0,0.00,0,0,0,0.00,0,7,0.00,8,1.52,82,N/A,N/A,N/A,N/A,0.00,0,0.00,0,1.04,0.00,0,60.18,33.33,60,99,0.00,0.00,0,34,44,0,0,0,0.11,0.22,1,55,53.50,0.67,1.30,6,0,0.00,0.00,99,0.00,0,0,0,0.00,0.00,0,0.00,0.00,0.00,0.00,0,0,16.67,81,22,37,57,9,0.18,11,0.02,0.04,1.04,73,0.12,0.23,55,5,0.56,1.09,1.09,0.56,49,5,0.23,73,35,56,83,0,50,74,0,0.00,99,10,0.00,2.17,16.74,8.56,77,28,61,64,6.09,3.11,36.36,1,0.22,67,0,50.00,0,0.00,99,1,0.11,0.22,48,45,41,66,0,0,0,0,0,88,94,87,95,0,99,18,22,22,0,0,30,6,0,0
Alpar Gergely,18,1192690800,2007/10/18,Liga II,2025/2026,Forward,CSM Satu Mare,90,0,90,Romania,1,0,1,0,0,0,0,0,0,0,0,0,0,0,4,0,4,0,0,0,0,0,0,0,0,4,23,90,0,0,0,-1,-1,-1,35,0,6.57,0,62,19.62,14.50,17,29,9.50,19,8,12.86,11,0.00,0.00,0.50,1,0.00,2.50,0.00,0.00,0,0.00,0.50,0.00,0.00,0.00,1.00,2.50,0.00,0.00,0.68,0.50,4.00,0.00,0.00,0.03,0.00,1.50,0.00,0.00,0,0,,1,0.50,40,0,0.00,23,1,0.68,55,0,0,1,26,0.00,99,0,2,1.35,56,5,35,3.38,89,0,0.00,99,0,0.00,0,0,0.00,0,0.68,57,8,5.41,97,5,3.38,62.50,0,0.00,0,0,0,0.00,0,0,0.00,0,0.00,0,N/A,N/A,N/A,N/A,0.00,0,0.00,0,0.05,0.00,0,65.52,0.00,23,99,0.00,0.00,0,93,36,0,0,0,0.00,0.00,0,31,13.15,1.50,2.03,3,0,0.00,0.00,99,0.00,0,0,0,0.00,0.00,0,0.00,0.00,0.68,0.50,1,0,0.00,52,0,0,51,0,0.64,99,0.32,0.43,0.05,29,0.03,0.03,70,2,1.00,1.35,3.38,2.50,99,5,0.03,28,51,70,83,0,94,71,0,0.00,99,3,0.00,2.03,20.98,15.50,31,13,92,88,8.80,6.50,41.94,1,0.68,40,0,20.00,0,0.00,99,1,0.50,0.68,76,4,41,28,0,0,0,0,0,38,51,69,61,0,99,9,22,22,0,0,30,98,0,0
Amasihohu James Akugbe,25,962694000,2000/07/04,Liga II,2025/2026,Forward,Muscelul Câmpulung Elite,55,11,44,Belgium,2,1,1,0,0,0,0,0,0,0,0,1,1,0,5,0,5,0,0,0,0,0,0,0,0,8.18,11,28,0,0,0,-1,-1,-1,6,0,0.00,0,62,0.00,0.00,0,0,0.00,0,0,0.00,0,0.00,0.00,0.00,0,0.00,0.00,0.00,0.00,0,0.00,0.00,0.00,0.00,0.00,0.00,0.00,0.00,0.00,0.00,0.00,0.00,0.00,0.00,0.00,0.00,0.00,0.00,0.00,0,0,,0,0.00,10,0,0.00,23,0,0.00,12,0,1,0,26,0.00,99,0,0,0.00,1,0,26,0.00,14,0,0.00,99,0,0.00,0,0,0.00,0,0.00,14,0,0.00,12,0,0.00,0.00,0,0.00,0,0,0,0.00,0,0,0.00,0,0.00,0,N/A,N/A,N/A,N/A,0.00,0,0.00,0,0.00,0.00,0,0.00,0.00,23,99,0.00,0.00,0,13,13,0,0,0,0.00,0.00,0,31,0.00,0.00,0.00,0,0,0.00,0.00,99,0.00,0,0,0,0.00,0.00,0,0.00,0.00,0.00,0.00,0,0,0.00,52,0,0,51,0,0.00,0,0.00,0.00,0.00,11,0.00,0.00,2,0,0.00,0.00,0.00,0.00,7,0,0.00,10,0,1,83,0,50,1,0,0.00,99,0,0.00,0.00,0.00,0.00,0,0,0,0,0.00,0.00,0.00,0,0.00,99,0,0.00,0,0.00,99,0,0.00,0.00,26,0,64,28,0,0,0,0,0,38,51,69,61,0,99,93,22,22,0,0,30,14,0,0
Amin Ziblim,20,1139385600,2006/02/08,Liga II,2025/2026,Midfielder,Muscelul Câmpulung Elite,184,94,90,Ghana,4,2,2,0,0,0,0,0,0,0,0,1,1,0,7,1,6,0,0,0,0,0,0,0,0,3.42,26,46,0,0,0,-1,-1,-1,15,0,6.50,0,62,38.74,21.33,67,192,18.00,162,85,32.69,71,0.00,0.00,0.11,1,0.00,0.33,0.00,0.00,0,0.00,0.44,0.00,0.00,0.00,1.00,0.44,1.44,0.00,2.22,1.11,0.56,0.00,0.11,0.07,0.00,0.33,0.00,0.00,0,0,,11,1.22,83,1,0.20,43,10,2.02,97,1,2,1,26,0.00,99,0,9,1.82,76,3,65,0.61,41,0,0.00,99,0,0.00,0,0,0.00,0,0.20,25,5,1.01,45,4,0.81,80.00,0,0.00,0,0,0,0.00,0,13,0.00,0,2.62,93,N/A,N/A,N/A,N/A,0.00,0,0.00,0,0.60,0.00,0,84.38,9.09,24,99,0.00,0.00,0,49,73,0,0,0,0.22,0.40,2,71,58.48,1.00,1.82,9,0,0.00,0.00,99,0.00,0,0,0,0.00,0.00,0,0.00,0.00,0.00,0.00,0,0,0.00,52,0,0,51,0,0.36,32,0.04,0.07,0.60,57,0.07,0.12,25,3,0.33,0.61,1.82,1.00,88,9,0.12,56,49,66,83,0,50,17,0,0.00,99,3,0.00,0.61,14.73,8.11,73,23,30,47,4.64,2.56,31.51,4,0.81,36,0,33.33,0,0.00,99,1,0.11,0.20,46,4,73,66,0,0,0,0,0,38,51,69,61,0,99,47,22,22,0,0,30,32,0,0
Amir Bilali,31,768985200,1994/05/15,Liga II,2025/2026,Defender,Chindia Târgovişte,654,276,378,Albania,10,4,6,0,0,0,0,0,0,0,0,5,2,3,5,3,2,1,0,0,0,0,0,0,0,0.69,131,65,654,0,0.14,211,200,10,22,0,5.11,0,62,46.85,26.94,85,431,22.31,357,79,38.80,85,0.00,0.00,0.06,1,0.00,0.06,0.33,0.19,3,0.00,0.00,0.00,0.00,0.00,1.00,0.00,0.44,0.00,0.33,0.06,0.00,0.00,0.12,0.02,0.00,1.69,0.00,0.00,0,0,,3,0.19,22,2,0.22,45,1,0.11,15,0,1,7,62,0.00,99,0,16,1.74,72,1,99,0.11,17,0,0.00,99,0,0.00,0,0,0.00,0,0.11,18,0,0.00,12,0,0.00,0.00,0,0.00,0,0,0,0.00,0,7,0.00,89,0.76,34,N/A,N/A,N/A,N/A,0.00,0,0.00,0,0.32,0.00,0,82.83,66.67,95,99,0.00,0.00,0,13,13,0,0,0,0.38,0.65,6,87,81.75,1.19,2.07,19,0,0.00,0.00,99,0.00,0,0,0,0.00,0.00,0,0.00,0.00,0.00,0.00,0,0,0.00,52,32,37,51,89,0.71,39,0.04,0.08,0.32,29,0.02,0.03,13,3,0.19,0.33,0.76,0.44,29,7,0.03,28,18,72,83,0,50,85,0,0.00,99,27,0.00,2.93,9.35,5.38,86,37,21,13,4.02,2.31,43.02,0,0.00,99,0,100.00,0,0.00,99,1,0.06,0.11,34,45,64,28,0,0,0,0,0,38,51,69,61,0,99,93,78,48,1,10,58,44,0,0
András Huszti,25,980755200,2001/01/29,Liga II,2025/2026,Defender,CSA Steaua Bucureşti,90,90,0,Hungary,1,1,0,0,0,0,0,0,0,0,0,0,0,0,1,1,0,0,0,0,0,0,0,0,0,1,90,90,0,0,0,-1,-1,-1,18,0,6.07,0,62,45.29,39.62,81,317,34.50,276,94,39.43,87,0.00,0.00,0.38,3,0.00,0.25,0.14,0.12,1,0.00,0.12,0.00,0.00,0.00,1.12,0.00,0.25,0.00,0.71,0.62,0.00,0.00,0.00,0.03,0.00,2.75,0.00,0.00,0,0,,5,0.62,41,0,0.00,23,5,0.71,57,0,0,1,37,0.00,99,0,9,1.29,53,2,91,0.29,28,0,0.00,99,0,0.00,0,0,0.00,0,0.43,40,0,0.00,12,0,0.00,0.00,0,0.00,0,0,0,0.00,0,2,0.00,69,0.29,4,N/A,N/A,N/A,N/A,0.00,0,0.00,0,0.27,0.00,0,87.07,0.00,23,99,0.00,0.00,0,13,13,0,0,0,0.88,1.00,7,96,48.55,2.12,2.43,17,0,0.00,0.00,99,0.00,0,0,0,0.00,0.00,0,0.00,0.00,0.14,0.12,1,0,0.00,52,0,0,51,69,0.68,51,0.09,0.10,0.27,34,0.03,0.04,58,8,1.00,1.14,1.00,0.88,44,7,0.04,33,38,78,83,0,64,88,0,0.00,99,22,0.00,3.14,11.86,10.38,83,35,38,24,5.00,4.38,42.17,1,0.14,77,0,50.00,0,0.00,99,1,0.12,0.14,37,4,41,28,0,0,0,0,0,38,51,69,61,0,99,9,22,22,0,0,30,5,0,0
Andreas Birbic,19,1171180800,2007/02/11,Liga II,2025/2026,Midfielder,Viitorul Şelimbăr,180,107,73,,4,2,2,0,0,0,0,0,0,0,0,0,0,0,2,2,0,0,0,0,0,0,0,0,0,1,90,45,0,0,0,-1,-1,-1,18,0,2.87,0,62,18.12,3.33,12,30,2.33,21,23,12.68,11,0.00,0.00,0.11,1,0.00,0.00,0.00,0.00,0,0.00,0.33,0.00,0.00,0.00,0.00,0.22,0.11,0.00,0.00,0.00,0.33,0.00,0.00,0.00,0.00,0.00,0.00,0.00,0,0,,0,0.00,10,0,0.00,23,0,0.00,12,2,1,2,26,0.00,99,0,0,0.00,1,0,26,0.00,14,0,0.00,99,0,0.00,0,0,0.00,0,0.60,51,3,1.81,63,2,1.21,66.67,0,0.00,0,0,0,0.00,0,1,0.00,69,0.60,23,N/A,N/A,N/A,N/A,0.00,0,0.00,0,0.00,0.00,0,70.00,0.00,23,99,0.00,0.00,0,62,44,0,0,0,0.00,0.00,0,31,25.80,0.00,0.00,0,0,0.00,0.00,99,0.00,0,0,0,0.00,0.00,0,0.00,0.00,0.00,0.00,0,0,0.00,52,0,0,51,69,0.07,11,0.01,0.04,0.00,11,0.00,0.00,24,1,0.11,0.60,1.21,0.22,59,2,0.00,10,2,1,83,0,50,1,0,0.00,99,0,0.00,0.00,16.91,3.11,28,5,10,65,3.02,0.56,17.86,3,1.81,9,0,0.00,0,0.00,99,0,0.00,0.00,26,7,64,85,0,0,0,0,0,38,51,69,61,0,99,9,22,22,0,0,30,18,0,0
Andreas Burcea,21,1106812800,2005/01/27,Liga II,2025/2026,Midfielder,Concordia Chiajna,227,128,99,Romania,6,3,3,0,0,0,0,0,0,0,0,2,2,0,3,0,3,0,0,0,0,0,0,0,0,1.19,76,38,0,0,0,-1,-1,-1,15,0,4.69,0,62,20.56,6.10,18,61,4.10,41,13,13.82,15,0.00,0.00,0.50,5,0.00,0.90,1.01,0.30,3,0.00,0.30,0.00,0.00,0.00,0.10,0.80,0.30,0.00,1.35,0.20,1.00,0.00,0.20,0.04,0.00,0.00,0.00,0.00,0,0,,4,0.40,65,2,0.67,77,2,0.67,55,1,4,2,97,0.00,99,0,1,0.34,8,9,65,3.03,87,0,0.00,99,0,0.00,0,0,0.00,0,1.69,92,10,3.37,85,8,2.70,80.00,0,0.00,0,0,0,0.00,0,3,0.00,50,1.01,60,N/A,N/A,N/A,N/A,0.00,0,0.00,0,0.38,0.00,0,67.21,50.00,88,99,0.00,0.00,0,89,73,0,0,0,0.20,0.67,2,88,46.90,0.20,0.67,2,0,0.00,0.00,99,0.00,0,0,0,0.00,0.00,0,0.00,0.00,0.34,0.10,1,0,0.00,52,0,5,51,51,0.23,39,0.02,0.08,0.38,59,0.04,0.13,51,3,0.30,1.01,2.02,0.60,92,6,0.13,59,14,29,83,0,81,1,0,0.00,99,0,0.00,0.00,16.52,4.90,49,13,26,62,4.38,1.30,26.53,3,1.01,28,0,33.33,0,0.00,99,3,0.30,1.01,86,7,89,66,0,0,0,0,0,38,51,69,61,0,99,66,22,22,0,0,30,19,0,0
Andreas Mircea Mihaiu,27,903510000,1998/08/19,Liga II,2025/2026,Midfielder,Slatina,696,465,231,Romania,13,8,5,0,0,0,4,2,2,0,0,3,3,0,9,6,3,1,0,0.52,0.52,0,0,0,0,1.16,77,54,696,174,0.13,338,4,-1,15,0,6.90,0.31,99,30.06,17.78,43,160,14.00,126,57,23.67,49,0.00,0.00,0.89,8,0.00,1.44,0.00,0.00,0,0.00,0.67,0.00,0.00,0.00,0.89,1.11,0.44,0.00,1.50,0.67,1.67,0.00,0.22,0.06,0.00,0.33,0.00,0.00,0,0,,8,0.89,68,2,0.38,61,6,1.13,75,2,4,5,26,0.00,99,0,8,1.50,63,13,95,2.44,79,0,0.00,99,0,0.00,0,0,0.00,0,1.50,89,15,2.82,79,10,1.88,66.67,0,0.00,0,0,0,0.00,0,4,0.00,54,0.75,33,N/A,N/A,N/A,N/A,0.00,0,0.00,0,0.54,0.00,0,78.75,25.00,43,99,0.00,0.00,0,79,44,0,0,0,0.11,0.19,1,51,62.10,0.11,0.19,1,0,0.00,0.00,99,0.00,0,0,1,0.11,0.19,0,0.00,0.00,0.19,0.11,1,0,0.00,52,36,67,51,53,2.29,99,0.25,0.43,0.54,52,0.06,0.10,34,4,0.44,0.75,0.56,0.33,18,3,0.10,51,78,5,98,0,72,15,0,0.00,99,3,0.00,0.56,12.59,7.44,67,23,24,30,4.32,2.56,34.33,6,1.13,25,0,61.54,0,0.00,99,8,0.89,1.50,96,29,89,85,0,0,0,0,0,89,51,69,61,0,99,43,80,43,1,8,50,98,0,0
Andreas Niță,22,1071648000,2003/12/17,Liga II,2025/2026,Midfielder,FC Bacău,116,0,116,Romania,7,3,4,0,0,0,0,0,0,0,0,2,1,1,2,0,2,0,0,0,0,0,0,0,0,1.55,58,17,0,0,0,-1,-1,-1,15,0,3.39,0,62,24.30,3.38,25,27,2.12,17,4,15.30,20,0.00,0.00,0.25,2,0.00,0.38,0.90,0.12,1,0.00,0.25,0.00,0.00,0.00,0.00,0.88,0.12,0.00,0.00,0.00,0.88,0.00,0.00,0.00,0.00,0.00,0.00,0.00,0,0,,0,0.00,10,0,0.00,23,0,0.00,12,3,5,1,95,0.00,99,0,0,0.00,1,3,97,2.70,82,0,0.00,99,0,0.00,0,0,0.00,0,1.80,93,7,6.30,98,7,6.30,100.00,0,0.00,0,0,0,0.00,0,1,0.00,23,0.90,50,N/A,N/A,N/A,N/A,0.00,0,0.00,0,0.00,0.00,0,62.96,0.00,23,99,0.00,0.00,0,99,99,0,0,0,0.00,0.00,0,31,27.11,0.25,1.80,2,0,0.00,0.00,99,0.00,0,0,0,0.00,0.00,0,0.00,0.00,0.00,0.00,0,1,0.00,52,0,12,51,23,0.13,62,0.02,0.12,0.00,11,0.00,0.00,99,6,0.75,5.40,0.90,0.12,37,1,0.00,10,4,66,83,0,50,1,0,0.00,99,0,0.00,0.00,26.10,3.62,29,12,99,98,10.80,1.50,41.38,2,1.80,9,0,66.67,0,0.00,99,2,0.25,1.80,98,4,93,91,0,0,0,0,0,38,51,69,61,0,99,54,22,22,0,0,30,20,0,0
Andrei Burlacu,29,853056000,1997/01/12,Liga II,2025/2026,Forward,CSM Reşiţa,201,111,90,Romania,3,2,1,1,1,0,0,0,0,0,0,2,1,1,1,1,0,0,0,0.45,0,0.45,0.81,0,201,0.45,201,67,0,0,0,-1,-1,-1,4,0,5.38,0,62,18.70,8.00,13,32,6.75,27,85,15.78,22,0.00,0.00,0.50,2,0.00,0.00,1.17,0.50,2,0.00,0.50,0.00,0.00,0.00,0.50,1.25,0.00,7.00,4.09,1.00,1.50,0.00,0.75,0.30,0.00,0.50,0.00,0.00,0,0,,7,1.75,99,3,1.75,98,4,2.34,99,0,1,2,98,0.00,99,0,2,1.17,47,0,26,0.00,14,0,0.00,99,0,0.00,0,0,0.00,0,1.17,77,6,3.51,88,5,2.92,83.33,0,0.00,0,0,0,0.00,0,0,0.00,99,0.00,0,N/A,N/A,N/A,N/A,0.00,0,0.00,0,1.19,0.00,0,84.38,42.86,77,99,0.00,0.00,0,91,80,0,0,0,0.25,0.58,1,83,21.50,0.00,0.00,0,0,0.00,0.00,99,0.00,0,0,0,0.00,0.00,0,0.00,0.00,0.00,0.00,0,0,14.29,75,0,0,58,99,0.15,45,0.04,0.09,1.19,98,0.30,0.70,98,5,1.25,2.92,1.17,0.50,56,2,0.70,98,23,1,83,0,50,46,0,0.00,99,2,0.00,1.17,19.87,8.50,34,14,89,83,8.18,3.50,41.18,2,1.17,24,0,0.00,0,0.00,99,0,0.00,0.00,26,7,64,28,0,0,0,0,0,86,93,69,96,0,99,98,22,22,0,0,30,9,0,0
Andrei Dragoş Şerban,25,972979200,2000/10/31,Liga II,2025/2026,Midfielder,Viitorul Şelimbăr,623,267,356,Romania,9,4,5,3,2,1,1,0,1,0,0,0,0,0,10,3,7,0,0,0.58,0.14,0.43,0.67,0.25,208,1.44,62,69,0,623,0,28,76,-1,2,0,7.22,0.11,81,30.78,23.60,45,118,17.60,88,42,22.96,47,0.00,0.00,1.00,5,0.00,3.20,0.00,0.00,0,0.00,0.40,0.00,0.00,0.00,0.80,2.60,1.80,6.50,3.39,1.60,3.00,0.00,1.00,0.44,0.00,0.20,0.00,0.00,0,0,,13,2.60,98,5,1.30,97,8,2.09,98,1,1,4,26,0.00,99,0,4,1.04,41,16,84,4.17,96,0,0.00,99,0,0.00,0,0,0.00,0,1.30,82,15,3.91,90,13,3.39,86.67,0,0.00,0,0,0,0.00,0,9,0.00,32,2.35,92,N/A,N/A,N/A,N/A,0.00,0,0.00,0,2.22,0.00,0,74.58,38.46,67,99,0.00,0.00,0,93,82,0,0,0,0.00,0.00,0,31,36.09,0.40,0.52,2,0,0.00,0.00,99,0.00,0,0,0,0.00,0.00,0,0.00,0.00,0.26,0.20,1,0,15.38,76,29,27,59,31,0.95,94,0.19,0.25,2.22,96,0.44,0.58,2,0,0.00,0.00,0.78,0.60,31,3,0.58,96,95,22,83,0,79,6,0,0.00,99,1,0.00,0.26,12.26,9.40,47,16,22,28,4.17,3.20,34.04,2,0.52,46,0,43.75,0,0.00,99,7,1.40,1.83,98,20,64,66,0,0,0,0,0,93,92,82,95,0,99,9,22,22,0,0,30,14,0,0
Andrei Emil Bobaru,25,965199600,2000/08/02,Liga II,2025/2026,Defender,CS Dinamo București,650,270,380,Romania,8,3,5,0,0,0,0,0,0,0,0,0,0,0,12,3,9,1,0,0,0,0,0,0,0,1.66,54,81,650,0,0.14,190,134,75,15,0,4.85,0,62,42.01,26.00,74,260,21.30,213,75,34.42,75,0.00,0.00,0.30,3,0.00,0.20,0.00,0.00,0,0.00,0.40,0.00,0.00,0.00,1.40,0.40,0.90,0.00,0.81,0.30,0.60,0.00,0.20,0.05,0.00,1.10,0.00,0.00,0,0,,5,0.50,46,2,0.32,56,3,0.48,41,3,0,7,26,0.00,99,0,14,2.26,89,2,26,0.32,31,0,0.00,99,0,0.00,0,0,0.00,0,0.48,45,6,0.97,44,4,0.65,66.67,0,0.00,0,0,0,0.00,0,9,0.00,17,1.45,80,N/A,N/A,N/A,N/A,0.00,0,0.00,0,0.46,0.00,0,81.92,40.00,73,99,0.00,0.00,0,43,44,0,0,0,0.60,0.97,6,95,48.50,2.30,3.72,23,0,0.00,0.00,99,0.00,0,0,0,0.00,0.00,0,0.00,0.00,0.16,0.10,1,0,0.00,52,32,20,51,17,0.47,39,0.05,0.08,0.46,46,0.05,0.07,67,8,0.80,1.29,0.97,0.60,43,6,0.07,45,15,92,83,0,68,64,0,0.00,99,11,0.00,1.78,11.47,7.10,71,26,23,22,4.20,2.60,36.62,4,0.65,42,0,0.00,0,0.00,99,0,0.00,0.00,26,45,41,91,0,0,0,0,0,38,51,69,61,0,99,9,77,48,1,12,65,4,0,0
Andrei Eric Vînău,20,1115276400,2005/05/05,Liga II,2025/2026,Midfielder,ASA Târgu Mureş,57,50,7,Romania,3,2,1,0,0,0,0,0,0,0,0,2,1,1,2,2,0,1,0,0,0,0,0,0,0,3.16,29,19,57,0,1.58,-1,-1,-1,13,0,6.65,0,62,37.64,11.50,64,23,9.00,18,56,29.45,65,0.00,0.00,0.00,0,0.00,0.00,4.91,1.50,3,0.00,0.00,0.00,0.00,0.00,2.50,0.00,0.00,0.00,0.00,0.00,0.50,0.00,0.00,0.00,0.00,2.50,0.00,0.00,0,0,,0,0.00,10,0,0.00,23,0,0.00,12,0,3,0,99,0.00,99,0,5,8.18,99,0,26,0.00,14,0,0.00,99,0,0.00,0,0,0.00,0,0.00,14,1,1.64,60,0,0.00,0.00,0,0.00,0,0,0,0.00,0,0,0.00,1,0.00,0,N/A,N/A,N/A,N/A,0.00,0,0.00,0,0.00,0.00,0,78.26,0.00,23,99,0.00,0.00,0,13,13,0,0,0,0.00,0.00,0,31,13.30,1.50,4.91,3,0,0.00,0.00,99,0.00,0,0,0,0.00,0.00,0,0.00,0.00,0.00,0.00,0,0,0.00,52,0,0,51,1,0.04,32,0.02,0.07,0.00,11,0.00,0.00,2,0,0.00,0.00,1.64,0.50,81,1,0.00,10,57,99,83,0,50,99,0,0.00,99,5,0.00,8.18,31.09,9.50,19,7,99,99,11.45,3.50,36.84,0,0.00,99,0,0.00,0,0.00,99,0,0.00,0.00,26,0,85,28,0,0,0,0,0,38,51,69,61,0,99,98,22,99,1,33,97,55,0,0
Andrei Florea,17,1233388800,2009/01/31,Liga II,2025/2026,Midfielder,Ceahlăul Piatra Neamţ,0,0,0,Romania,0,0,0,0,0,0,0,0,0,0,0,0,0,0,0,0,0,0,0,0,0,0,0,0,0,0,0,0,0,0,0,-1,-1,-1,-1,N/A,N/A,N/A,N/A,N/A,N/A,N/A,N/A,N/A,N/A,N/A,N/A,N/A,N/A,N/A,N/A,N/A,N/A,N/A,N/A,N/A,N/A,N/A,N/A,N/A,N/A,N/A,N/A,N/A,N/A,N/A,N/A,N/A,N/A,N/A,N/A,N/A,N/A,N/A,N/A,N/A,N/A,N/A,N/A,N/A,N/A,N/A,N/A,N/A,N/A,N/A,N/A,N/A,N/A,N/A,N/A,N/A,N/A,N/A,N/A,N/A,N/A,N/A,N/A,N/A,N/A,N/A,N/A,N/A,N/A,N/A,N/A,N/A,N/A,N/A,N/A,N/A,N/A,N/A,N/A,N/A,N/A,N/A,N/A,N/A,N/A,N/A,N/A,N/A,N/A,N/A,N/A,N/A,N/A,N/A,N/A,N/A,N/A,N/A,N/A,N/A,N/A,N/A,N/A,N/A,N/A,N/A,N/A,N/A,N/A,N/A,N/A,N/A,N/A,N/A,N/A,N/A,N/A,N/A,N/A,N/A,N/A,N/A,N/A,N/A,N/A,N/A,N/A,N/A,N/A,N/A,N/A,N/A,N/A,N/A,N/A,N/A,N/A,N/A,N/A,N/A,N/A,N/A,N/A,N/A,N/A,N/A,N/A,N/A,N/A,N/A,N/A,N/A,N/A,N/A,N/A,N/A,N/A,N/A,N/A,N/A,N/A,N/A,N/A,N/A,N/A,N/A,N/A,N/A,N/A,N/A,N/A,N/A,N/A,N/A,N/A,N/A,N/A,N/A,N/A,N/A,N/A,N/A,N/A,N/A,N/A,N/A,N/A,N/A,N/A,N/A,N/A,N/A,N/A,N/A,N/A,N/A,N/A,N/A,N/A,N/A,N/A,N/A,N/A,N/A,N/A,N/A,N/A,N/A,N/A,N/A,N/A,N/A,N/A,N/A,N/A,N/A,N/A,N/A,N/A,N/A,N/A,N/A,N/A
Andrei Ovidiu Marc,32,736066800,1993/04/29,Liga II,2025/2026,Defender,Ceahlăul Piatra Neamţ,28,-25,53,Romania,1,0,1,0,0,0,0,0,0,0,0,0,0,0,1,0,1,0,0,0,0,0,0,0,0,3.21,28,28,0,0,0,-1,-1,-1,15,0,6.69,0,62,23.43,23.00,24,69,18.00,54,56,18.34,28,0.00,0.00,0.33,1,0.00,0.33,2.04,2.00,6,0.00,0.33,0.00,0.00,0.00,0.67,0.00,1.00,5.00,1.70,1.33,0.00,0.00,0.33,0.31,0.00,1.67,0.00,0.00,0,0,,5,1.67,73,1,0.34,57,4,1.36,83,1,0,1,99,0.00,99,0,2,0.68,24,1,99,0.34,32,0,0.00,99,0,0.00,0,0,0.00,0,0.34,34,0,0.00,12,0,0.00,0.00,0,0.00,0,0,0,0.00,0,3,0.00,1,1.02,60,N/A,N/A,N/A,N/A,0.00,0,0.00,0,0.92,0.00,0,78.26,20.00,35,99,0.00,0.00,0,13,13,0,0,0,0.33,0.34,1,66,20.08,1.67,1.70,5,0,0.00,0.00,99,0.00,0,0,1,0.33,0.34,0,0.00,0.00,0.00,0.00,0,0,20.00,88,0,0,51,1,0.13,11,0.04,0.04,0.92,81,0.31,0.31,13,1,0.33,0.34,1.02,1.00,45,3,0.31,81,60,64,99,0,50,62,0,0.00,99,5,0.00,1.70,11.55,11.33,34,10,14,22,3.40,3.33,29.41,1,0.34,61,0,100.00,0,0.00,99,1,0.33,0.34,57,4,41,66,0,0,0,0,0,38,51,69,61,0,99,9,22,22,0,0,30,44,0,0
Andrei Ovidiu Pițian,30,816508800,1995/11/16,Liga II,2025/2026,Midfielder,Voluntari,759,511,248,Romania,10,7,3,0,0,0,0,0,0,0,0,4,3,1,10,7,3,6,1,0,0,0,0,0,0,1.19,76,76,127,0,0.71,323,312,-1,22,0,6.75,0,62,42.70,34.88,75,279,28.88,231,79,35.36,78,0.00,0.00,0.25,2,0.00,0.00,0.00,0.00,0,0.00,0.00,0.00,0.00,0.00,1.00,0.12,0.50,0.00,0.46,0.25,0.38,0.00,0.12,0.03,0.00,1.75,0.00,0.00,0,0,,3,0.38,29,1,0.15,36,2,0.31,30,2,1,7,26,0.00,99,0,8,1.22,50,0,26,0.00,14,0,0.00,99,0,0.00,0,0,0.00,0,0.31,32,3,0.46,29,1,0.15,33.33,0,0.00,0,0,0,0.00,0,4,0.00,50,0.61,24,N/A,N/A,N/A,N/A,0.00,0,0.00,0,0.20,0.00,0,82.80,33.33,60,99,0.00,0.00,0,19,15,0,0,0,1.00,1.22,8,98,54.00,2.38,2.91,19,1,0.00,0.15,4,0.12,0,0,0,0.00,0.00,0,0.00,0.00,0.00,0.00,0,0,0.00,52,41,37,51,51,0.65,51,0.08,0.10,0.20,29,0.03,0.03,25,4,0.50,0.61,1.68,1.38,83,11,0.03,28,64,83,83,0,50,73,0,0.00,99,14,0.00,2.14,12.24,10.00,80,36,49,27,5.51,4.50,45.00,0,0.00,99,0,0.00,0,0.00,99,0,0.00,0.00,26,45,64,85,0,0,0,0,0,38,51,69,61,0,99,76,23,99,4,40,98,17,0,0
Andrei Răzvan Dima,20,1139385600,2006/02/08,Liga II,2025/2026,Midfielder,Afumaţi,11,11,0,Romania,1,1,0,0,0,0,0,0,0,0,0,0,0,0,0,0,0,0,0,0,0,0,0,0,0,0,0,11,0,0,0,-1,-1,-1,9,N/A,N/A,N/A,N/A,N/A,N/A,N/A,N/A,N/A,N/A,N/A,N/A,N/A,N/A,N/A,N/A,N/A,N/A,N/A,N/A,N/A,N/A,N/A,N/A,N/A,N/A,N/A,N/A,N/A,N/A,N/A,N/A,N/A,N/A,N/A,N/A,N/A,N/A,N/A,N/A,N/A,N/A,N/A,N/A,N/A,N/A,N/A,N/A,N/A,N/A,N/A,N/A,N/A,N/A,N/A,N/A,N/A,N/A,N/A,N/A,N/A,N/A,N/A,N/A,N/A,N/A,N/A,N/A,N/A,N/A,N/A,N/A,N/A,N/A,N/A,N/A,N/A,N/A,N/A,N/A,N/A,N/A,N/A,N/A,N/A,N/A,N/A,N/A,N/A,N/A,N/A,N/A,N/A,N/A,N/A,N/A,N/A,N/A,N/A,N/A,N/A,N/A,N/A,N/A,N/A,N/A,N/A,N/A,N/A,N/A,N/A,N/A,N/A,N/A,N/A,N/A,N/A,N/A,N/A,N/A,N/A,N/A,N/A,N/A,N/A,N/A,N/A,N/A,N/A,N/A,N/A,N/A,N/A,N/A,N/A,N/A,N/A,N/A,N/A,N/A,N/A,N/A,N/A,N/A,N/A,N/A,N/A,N/A,N/A,N/A,N/A,N/A,N/A,N/A,N/A,N/A,N/A,N/A,N/A,N/A,N/A,N/A,N/A,N/A,N/A,N/A,N/A,N/A,N/A,N/A,N/A,N/A,N/A,N/A,N/A,N/A,N/A,N/A,N/A,N/A,N/A,N/A,N/A,N/A,N/A,N/A,N/A,N/A,N/A,N/A,N/A,N/A,N/A,N/A,N/A,N/A,N/A,N/A,N/A,N/A,N/A,N/A,N/A,N/A,N/A,N/A,N/A,N/A,N/A,N/A,N/A,N/A,N/A,N/A,N/A,N/A,N/A,N/A,N/A,N/A,N/A,N/A,N/A,N/A
Andrei Răzvan Gal,26,944294400,1999/12/04,Liga II,2025/2026,Defender,Bihor Oradea,947,511,436,Romania,12,6,6,0,0,0,0,0,0,0,0,4,3,1,8,5,3,0,0,0,0,0,0,0,0,0.76,118,79,0,0,0,250,238,14,12,0,5.46,0,62,27.02,17.55,33,351,12.80,256,35,19.71,34,0.00,0.00,0.05,1,0.00,0.05,0.38,0.25,5,0.00,0.00,0.00,0.00,0.00,0.75,0.00,0.70,0.00,0.38,0.15,0.00,0.00,0.10,0.02,0.00,3.75,0.00,0.00,0,0,,5,0.25,25,2,0.15,36,3,0.23,25,3,1,10,68,0.00,99,0,15,1.15,46,1,26,0.08,15,0,0.00,99,0,0.00,0,0,0.00,0,0.08,15,0,0.00,12,0,0.00,0.00,0,0.00,0,0,0,0.00,0,14,0.00,85,1.08,63,N/A,N/A,N/A,N/A,0.00,0,0.00,0,0.37,0.00,0,72.93,40.00,73,99,0.00,0.00,0,13,13,0,0,0,0.30,0.46,6,76,109.30,2.70,4.16,54,0,0.00,0.00,99,0.00,0,0,0,0.00,0.00,0,0.00,0.00,0.00,0.00,0,0,0.00,52,62,58,51,85,0.64,17,0.03,0.05,0.37,29,0.02,0.03,22,7,0.35,0.54,1.85,1.20,89,24,0.03,28,24,95,83,0,50,99,0,0.00,99,75,0.00,5.77,15.86,10.30,206,106,89,57,8.16,5.30,51.46,0,0.00,99,0,0.00,0,0.00,99,0,0.00,0.00,26,73,64,91,0,0,0,0,0,38,51,69,61,0,99,66,22,22,0,0,30,3,0,0
Andrei Silvian Traşcu,29,853660800,1997/01/19,Liga II,2025/2026,Defender,Slatina,459,277,182,Romania,7,4,3,0,0,0,0,0,0,0,0,1,1,0,6,2,4,1,0,0,0,0,0,0,0,1.18,77,66,459,0,0.2,204,167,54,12,0,2.84,0,62,53.03,13.21,93,185,11.21,157,87,45.00,94,0.00,0.00,0.07,1,0.00,0.00,0.29,0.07,1,0.00,0.00,0.00,0.00,0.00,0.29,0.00,0.29,0.00,0.57,0.07,0.07,0.00,0.07,0.01,0.00,0.50,0.00,0.00,0,0,,2,0.14,35,1,0.29,53,1,0.29,29,1,1,3,59,0.00,99,0,4,1.15,46,0,26,0.00,14,0,0.00,99,0,0.00,0,0,0.00,0,0.29,31,1,0.29,21,0,0.00,0.00,0,0.00,0,0,0,0.00,0,4,0.00,51,1.15,66,N/A,N/A,N/A,N/A,0.00,0,0.00,0,0.21,0.00,0,84.86,50.00,88,99,0.00,0.00,0,13,13,0,0,0,0.14,0.57,2,83,39.73,0.29,1.15,4,1,0.00,0.29,0,0.07,0,0,0,0.00,0.00,0,0.00,0.00,0.00,0.00,0,0,0.00,52,12,12,51,53,0.43,62,0.03,0.12,0.21,42,0.01,0.06,2,0,0.00,0.00,1.72,0.43,84,6,0.06,41,2,50,83,0,50,70,0,0.00,99,7,0.00,2.01,10.61,2.64,37,9,8,16,2.58,0.64,24.32,0,0.00,99,0,0.00,0,0.00,99,0,0.00,0.00,26,12,64,66,0,0,0,0,0,38,51,69,61,0,99,27,63,63,1,14,72,8,0,0
Andrei Stelea,21,1087542000,2004/06/18,Liga II,2025/2026,Midfielder,Muscelul Câmpulung Elite,180,90,90,Romania,2,1,1,0,0,0,0,0,0,0,0,1,1,0,6,0,6,0,0,0,0,0,0,0,0,3,30,90,0,0,0,-1,-1,-1,10,0,3.05,0,62,35.00,17.50,56,35,14.00,28,63,28.00,60,0.00,0.00,0.00,0,0.00,0.50,0.00,0.00,0,0.00,0.00,0.00,0.00,0.00,1.50,0.50,3.00,0.00,0.00,0.00,0.50,0.00,0.00,0.00,0.00,0.00,0.00,0.00,0,0,,0,0.00,10,0,0.00,23,0,0.00,12,0,0,1,26,0.00,99,0,3,3.00,99,1,26,1.00,54,0,0.00,99,0,0.00,0,0,0.00,0,0.00,14,1,1.00,45,1,1.00,100.00,0,0.00,0,0,0,0.00,0,6,0.00,1,6.00,99,N/A,N/A,N/A,N/A,0.00,0,0.00,0,0.00,0.00,0,80.00,0.00,23,99,0.00,0.00,0,53,99,0,0,0,0.00,0.00,0,31,6.10,3.50,7.00,7,0,0.00,0.00,99,0.00,0,0,0,0.00,0.00,0,0.00,0.00,0.00,0.00,0,0,0.00,52,0,0,51,1,0.06,23,0.03,0.06,0.00,11,0.00,0.00,50,1,0.50,1.00,1.00,0.50,44,1,0.00,10,3,99,83,0,50,1,0,0.00,99,0,0.00,0.00,10.00,5.00,10,5,38,15,5.00,2.50,50.00,0,0.00,99,0,0.00,0,0.00,99,0,0.00,0.00,26,4,41,28,0,0,0,0,0,38,51,69,61,0,99,93,22,22,0,0,30,18,0,0
Andrei Vlăduţ Pavel,33,712393200,1992/07/29,Liga II,2025/2026,Forward,FC Bacău,752,310,442,Romania,12,5,7,3,2,1,2,1,1,0,0,3,2,1,11,2,9,1,0,0.6,0.24,0.36,0.58,0.2,251,1.32,68,63,752,376,0.12,38,32,-1,2,0,7.06,0.17,93,24.86,16.30,26,163,9.90,99,2,15.10,20,0.00,0.00,0.90,9,0.00,1.20,0.76,0.50,5,0.00,1.20,0.00,0.00,0.00,0.60,1.70,0.30,3.33,1.53,0.60,3.40,0.00,0.40,0.25,0.00,2.60,0.00,0.00,0,0,,10,1.00,69,4,0.61,74,6,0.92,67,2,4,6,91,0.00,99,0,6,0.92,36,12,31,1.83,70,0,0.00,99,0,0.00,0,0,0.00,0,1.37,85,34,5.19,96,17,2.59,50.00,0,0.00,0,0,0,0.00,0,3,0.00,39,0.46,12,N/A,N/A,N/A,N/A,0.00,0,0.00,0,2.48,0.00,0,60.74,40.00,73,99,0.00,0.00,0,88,24,0,0,0,0.50,0.76,5,91,70.59,1.40,2.14,14,0,0.00,0.00,99,0.00,0,0,0,0.00,0.00,0,0.00,0.00,0.61,0.40,4,0,30.00,94,41,58,62,39,1.14,81,0.11,0.17,2.48,88,0.25,0.38,89,12,1.20,1.83,0.92,0.60,39,6,0.38,88,89,73,83,0,92,94,0,0.00,99,26,0.00,3.97,27.46,18.00,180,63,96,99,9.61,6.30,35.00,12,1.83,9,0,16.67,0,0.00,99,2,0.20,0.31,55,38,89,85,0,1,0,8,0,94,90,77,93,0,99,47,83,40,1,8,50,22,0,0
Angelo David Cocian,25,964508400,2000/07/25,Liga II,2025/2026,Midfielder,Bihor Oradea,1328,750,578,Romania,17,9,8,4,3,1,2,2,0,0,0,5,4,1,15,7,8,3,0,0.41,0.14,0.27,0.36,0.16,332,1.02,89,78,443,664,0.2,61,73,-1,5,0,6.82,0.12,81,41.34,33.59,72,739,24.82,546,40,30.54,66,0.00,0.00,1.59,35,0.00,2.32,0.39,0.32,7,0.00,0.59,0.00,0.00,0.00,0.45,1.77,0.82,7.25,1.62,0.86,2.23,0.00,0.45,0.21,0.00,1.55,0.00,0.00,0,0,,29,1.32,70,10,0.56,71,19,1.06,73,2,1,15,70,0.00,99,0,10,0.56,18,51,84,2.85,85,0,0.00,99,0,0.00,0,0,0.00,0,1.96,96,49,2.74,78,39,2.18,79.59,0,0.00,0,0,0,0.00,0,18,0.00,66,1.01,60,N/A,N/A,N/A,N/A,0.00,0,0.00,0,4.53,0.00,0,73.88,34.48,61,99,0.00,0.00,0,83,69,0,0,0,0.09,0.11,2,38,149.96,0.36,0.45,8,0,0.00,0.00,99,0.00,0,0,2,0.09,0.11,0,0.00,0.00,0.06,0.05,1,0,13.79,72,90,95,68,67,3.81,90,0.17,0.21,4.53,75,0.21,0.25,62,21,0.95,1.17,1.23,1.00,60,22,0.25,75,73,19,95,0,53,67,0,0.00,99,34,0.00,1.90,16.84,13.68,301,123,73,65,6.88,5.59,40.86,13,0.73,38,0,43.14,0,0.00,99,22,1.00,1.23,91,93,64,85,0,0,0,0,0,84,83,74,84,0,99,54,60,63,3,18,80,25,0,0
Antonio Bradu,24,1016697600,2002/03/21,Liga II,2025/2026,Midfielder,Corvinul Hunedoara,724,355,369,Romania,19,9,10,0,0,0,1,0,1,0,0,13,6,7,3,2,1,1,0,0.12,0.12,0,0,0,0,0.37,241,38,724,724,0.12,283,85,-1,19,0,5.91,0.05,76,39.19,15.42,68,401,12.54,326,72,31.86,68,0.00,0.00,0.23,6,0.00,0.38,0.10,0.04,1,0.00,0.23,0.00,0.00,0.00,0.62,0.19,0.04,0.00,1.07,0.35,0.31,0.00,0.08,0.02,0.00,1.19,0.00,0.00,0,0,,11,0.42,57,2,0.20,43,9,0.88,65,1,12,7,34,0.00,99,0,16,1.56,65,10,35,0.98,53,0,0.00,99,0,0.00,0,0,0.00,0,0.59,51,8,0.78,38,5,0.49,62.50,0,0.00,0,0,0,0.00,0,1,0.00,99,0.10,0,N/A,N/A,N/A,N/A,0.00,0,0.00,0,0.64,0.00,0,81.30,18.18,30,99,0.00,0.00,0,37,36,0,1,0,0.15,0.39,4,70,153.59,0.54,1.37,14,0,0.00,0.00,99,0.00,0,1,0,0.00,0.00,0,0.00,0.00,0.20,0.08,2,1,0.00,52,39,99,51,99,1.46,70,0.06,0.14,-0.06,0,0.00,-0.01,65,13,0.50,1.27,1.27,0.50,63,13,0.06,41,34,57,83,0,73,87,0,0.00,99,31,0.00,3.03,16.32,6.42,167,60,56,61,5.86,2.31,35.93,6,0.59,45,0,20.00,0,0.00,99,2,0.08,0.20,46,45,99,66,0,0,0,0,0,49,51,69,61,0,99,99,82,40,1,5,31,8,0,0
Antonio Herciu,21,1109664000,2005/03/01,Liga II,2025/2026,Midfielder,CSM Reşiţa,0,0,0,Romania,0,0,0,0,0,0,0,0,0,0,0,0,0,0,0,0,0,0,0,0,0,0,0,0,0,0,0,0,0,0,0,-1,-1,-1,-1,N/A,N/A,N/A,N/A,N/A,N/A,N/A,N/A,N/A,N/A,N/A,N/A,N/A,N/A,N/A,N/A,N/A,N/A,N/A,N/A,N/A,N/A,N/A,N/A,N/A,N/A,N/A,N/A,N/A,N/A,N/A,N/A,N/A,N/A,N/A,N/A,N/A,N/A,N/A,N/A,N/A,N/A,N/A,N/A,N/A,N/A,N/A,N/A,N/A,N/A,N/A,N/A,N/A,N/A,N/A,N/A,N/A,N/A,N/A,N/A,N/A,N/A,N/A,N/A,N/A,N/A,N/A,N/A,N/A,N/A,N/A,N/A,N/A,N/A,N/A,N/A,N/A,N/A,N/A,N/A,N/A,N/A,N/A,N/A,N/A,N/A,N/A,N/A,N/A,N/A,N/A,N/A,N/A,N/A,N/A,N/A,N/A,N/A,N/A,N/A,N/A,N/A,N/A,N/A,N/A,N/A,N/A,N/A,N/A,N/A,N/A,N/A,N/A,N/A,N/A,N/A,N/A,N/A,N/A,N/A,N/A,N/A,N/A,N/A,N/A,N/A,N/A,N/A,N/A,N/A,N/A,N/A,N/A,N/A,N/A,N/A,N/A,N/A,N/A,N/A,N/A,N/A,N/A,N/A,N/A,N/A,N/A,N/A,N/A,N/A,N/A,N/A,N/A,N/A,N/A,N/A,N/A,N/A,N/A,N/A,N/A,N/A,N/A,N/A,N/A,N/A,N/A,N/A,N/A,N/A,N/A,N/A,N/A,N/A,N/A,N/A,N/A,N/A,N/A,N/A,N/A,N/A,N/A,N/A,N/A,N/A,N/A,N/A,N/A,N/A,N/A,N/A,N/A,N/A,N/A,N/A,N/A,N/A,N/A,N/A,N/A,N/A,N/A,N/A,N/A,N/A,N/A,N/A,N/A,N/A,N/A,N/A,N/A,N/A,N/A,N/A,N/A,N/A,N/A,N/A,N/A,N/A,N/A,N/A
Antonio Iosofache,20,1136102400,2006/01/01,Liga II,2025/2026,Midfielder,CS Dinamo București,90,35,55,Romania,5,2,3,0,0,0,1,1,0,0,0,0,0,0,2,0,2,0,0,1,1,0,0,0,0,2,45,18,0,90,0,-1,-1,-1,5,0,6.25,0.2,99,27.21,6.50,34,13,4.00,8,3,16.74,25,0.00,0.00,0.00,0,0.00,0.00,0.00,0.00,0,0.00,2.00,0.00,0.00,0.00,0.00,0.50,0.00,0.00,0.00,0.00,0.50,0.00,0.00,0.00,0.00,1.50,0.00,0.00,0,0,,0,0.00,10,0,0.00,23,0,0.00,12,0,4,0,26,0.00,99,0,0,0.00,1,0,26,0.00,14,0,0.00,99,0,0.00,0,0,0.00,0,0.00,14,1,2.09,69,1,2.09,100.00,0,0.00,0,0,0,0.00,0,0,0.00,6,0.00,0,N/A,N/A,N/A,N/A,0.00,0,0.00,0,0.00,0.00,0,61.54,0.00,23,99,0.00,0.00,0,82,99,0,0,0,0.00,0.00,0,31,12.50,0.00,0.00,0,0,0.00,0.00,99,0.00,0,0,0,0.00,0.00,0,0.00,0.00,0.00,0.00,0,0,0.00,52,0,3,51,7,0.02,11,0.01,0.04,0.00,11,0.00,0.00,93,1,0.50,2.09,2.09,0.50,93,1,0.00,10,41,1,83,0,50,99,0,0.00,99,3,0.00,6.28,27.21,6.50,13,6,99,99,12.56,3.00,46.15,4,8.37,0,0,0.00,0,0.00,99,0,0.00,0.00,26,0,89,28,0,0,0,0,0,98,51,69,61,0,99,9,22,22,0,0,30,80,0,0
Antonio Manolache,26,949219200,2000/01/30,Liga II,2025/2026,Defender,Corvinul Hunedoara,1598,698,900,Romania,18,8,10,3,3,0,0,0,0,0,0,12,5,7,9,5,4,4,0,0.17,0,0.17,0.39,0,533,0.51,178,89,400,0,0.23,105,243,5,5,0,7.29,0,62,61.04,60.44,99,1511,51.20,1280,87,51.71,99,0.00,0.00,0.28,7,0.00,0.12,0.28,0.28,7,0.00,0.16,0.00,0.00,0.00,1.76,0.28,0.40,5.50,0.89,0.52,0.32,0.00,0.36,0.17,0.00,2.40,0.00,0.00,0,0,,22,0.88,49,9,0.36,59,13,0.53,45,2,0,18,58,0.00,99,0,44,1.78,73,3,65,0.12,18,0,0.00,99,0,0.00,0,0,0.00,0,0.28,31,8,0.32,24,7,0.28,87.50,0,0.00,0,0,0,0.00,0,10,0.00,96,0.40,9,N/A,N/A,N/A,N/A,0.00,0,0.00,0,4.16,0.00,0,84.71,40.91,74,99,0.00,0.00,0,26,84,0,1,0,0.44,0.44,11,75,182.32,3.68,3.72,92,1,0.00,0.04,12,0.04,0,1,0,0.00,0.00,0,0.00,0.00,0.00,0.00,0,0,18.18,85,98,97,82,96,2.65,57,0.11,0.11,3.46,61,0.14,0.14,33,18,0.72,0.73,0.81,0.80,33,20,0.17,64,97,92,83,0,50,77,0,0.00,99,60,0.00,2.42,11.07,10.96,274,122,36,19,4.93,4.88,44.53,4,0.16,76,0,33.33,0,0.00,99,1,0.04,0.04,26,99,41,85,0,0,0,0,0,58,70,69,86,0,99,98,54,71,4,22,88,30,0,0
Antonio Mico,26,946713600,2000/01/01,Liga II,2025/2026,Defender,CSM Reşiţa,134,76,58,Albania,3,1,2,0,0,0,0,0,0,0,0,1,1,0,2,0,2,0,0,0,0,0,0,0,0,1.34,67,45,0,0,0,-1,-1,-1,21,0,2.97,0,62,27.11,8.00,33,72,6.11,55,50,20.71,38,0.00,0.00,0.11,1,0.00,0.00,2.26,0.67,6,0.00,0.11,0.00,0.00,0.00,0.33,0.11,0.00,0.00,0.75,0.22,0.11,0.00,0.00,0.01,0.00,1.22,0.00,0.00,0,0,,2,0.22,43,0,0.00,23,2,0.75,58,4,2,1,99,0.00,99,0,3,1.13,45,0,26,0.00,14,0,0.00,99,0,0.00,0,0,0.00,0,0.38,36,1,0.38,26,1,0.38,100.00,0,0.00,0,0,0,0.00,0,0,0.00,38,0.00,0,N/A,N/A,N/A,N/A,0.00,0,0.00,0,0.10,0.00,0,76.39,0.00,23,99,0.00,0.00,0,33,99,0,0,0,0.22,0.75,2,90,26.70,1.00,3.39,9,0,0.00,0.00,99,0.00,0,0,0,0.00,0.00,0,0.00,0.00,0.00,0.00,0,0,0.00,52,0,0,51,38,0.16,23,0.02,0.06,0.10,34,0.01,0.04,57,3,0.33,1.13,1.88,0.56,89,5,0.04,33,3,88,83,0,50,97,0,0.00,99,11,0.00,4.14,19.58,5.78,52,26,97,82,9.79,2.89,50.00,1,0.38,57,0,0.00,0,0.00,99,0,0.00,0.00,26,4,73,96,0,0,0,0,0,38,51,69,61,0,99,66,22,22,0,0,30,15,0,0
Antonio Ovidiu Cruceru,29,837932400,1996/07/21,Liga II,2025/2026,Midfielder,ASA Târgu Mureş,1105,606,499,Romania,14,8,6,3,2,1,4,2,2,0,0,6,5,1,13,4,9,7,0,0.57,0.33,0.24,0.3,0.18,368,1.06,85,79,158,276,0.57,72,13,-1,6,0,6.59,0.29,97,52.08,42.93,93,644,34.87,523,70,42.29,92,0.00,0.00,1.00,15,0.00,0.40,0.40,0.33,5,0.00,0.67,0.00,0.00,0.00,1.87,0.40,0.60,6.00,0.97,0.60,0.60,0.00,0.20,0.13,0.00,0.80,0.00,0.00,0,0,,12,0.80,53,3,0.24,48,9,0.73,57,1,0,13,71,0.00,99,0,28,2.26,89,6,31,0.49,38,0,0.00,99,0,0.00,0,0,0.00,0,1.21,79,9,0.73,37,6,0.49,66.67,0,0.00,0,0,0,0.00,0,9,0.00,63,0.73,32,N/A,N/A,N/A,N/A,0.00,0,0.00,0,2.00,0.00,0,81.21,25.00,43,99,0.00,0.00,0,37,44,0,0,0,0.47,0.57,7,83,98.84,1.33,1.62,20,0,0.00,0.00,99,0.00,0,0,0,0.00,0.00,0,0.00,0.00,0.00,0.00,0,0,16.67,81,76,78,71,63,3.41,96,0.23,0.28,2.00,63,0.13,0.16,89,23,1.53,1.86,2.43,2.00,96,30,0.16,63,53,63,83,0,50,36,0,0.00,99,12,0.00,0.97,15.61,12.87,193,67,48,54,5.42,4.47,34.72,10,0.81,36,0,16.67,0,0.00,99,1,0.07,0.08,31,88,41,66,0,0,0,0,0,92,80,75,80,0,99,81,24,98,6,43,98,23,0,0
Antonio Suciu,19,1166256000,2006/12/16,Liga II,2025/2026,Midfielder,Ceahlăul Piatra Neamţ,746,360,386,Romania,9,4,5,0,0,0,1,1,0,0,0,3,2,1,14,4,10,3,0,0.12,0.12,0,0,0,0,1.69,53,83,249,746,0.36,191,87,-1,14,0,5.87,0.11,76,22.92,17.27,23,190,12.09,133,23,16.05,23,0.00,0.00,0.64,7,0.00,0.45,0.00,0.00,0,0.00,1.73,0.00,0.00,0.00,0.73,1.36,1.00,0.00,1.69,0.82,2.36,0.00,0.45,0.11,0.00,0.82,0.00,0.00,0,0,,14,1.27,73,5,0.60,73,9,1.09,73,1,0,7,26,0.00,99,0,8,0.97,38,5,78,0.60,41,0,0.00,99,0,0.00,0,0,0.00,0,0.84,67,26,3.14,83,15,1.81,57.69,0,0.00,0,0,0,0.00,0,11,0.00,16,1.33,76,N/A,N/A,N/A,N/A,0.00,0,0.00,0,1.18,0.00,0,70.00,35.71,63,99,0.00,0.00,0,78,31,0,0,0,0.00,0.00,0,31,64.59,0.45,0.60,5,0,0.00,0.00,99,0.00,0,0,0,0.00,0.00,0,0.00,0.00,0.48,0.36,4,0,0.00,52,40,27,51,16,1.12,70,0.10,0.14,1.18,61,0.11,0.14,82,14,1.27,1.69,0.84,0.64,35,7,0.14,60,32,25,83,0,86,43,0,0.00,99,9,0.00,1.09,23.40,17.64,194,54,68,95,6.51,4.91,27.84,19,2.29,4,0,40.00,0,0.00,99,2,0.18,0.24,50,45,41,66,0,0,0,0,0,49,51,69,61,0,99,66,34,89,3,33,97,7,0,0
Arsenie Mocan,17,1209970800,2008/05/05,Liga II,2025/2026,Goalkeeper,Bihor Oradea,270,180,90,Romania,3,2,1,0,0,0,0,0,0,0,0,1,1,0,3,1,2,0,0,0,0,0,0,0,0,1,90,90,0,0,0,-1,-1,-1,19,0,0.00,0,62,0.00,0.00,0,0,0.00,0,0,0.00,0,0.00,0.00,0.00,0,0.00,0.00,0.00,0.00,0,0.00,0.00,0.00,0.00,0.00,0.00,0.00,0.00,0.00,0.00,0.00,0.00,0.00,0.00,0.00,0.00,0.00,0.00,0.00,0,0,,0,0.00,10,0,0.00,23,0,0.00,12,0,0,3,26,0.00,99,0,0,0.00,1,0,26,0.00,14,0,0.00,99,0,0.00,0,0,0.00,0,0.00,14,0,0.00,12,0,0.00,0.00,0,0.00,0,0,0,0.00,0,0,0.00,69,0.00,0,N/A,N/A,N/A,N/A,0.00,0,0.00,0,0.00,0.00,0,0.00,0.00,23,99,0.00,0.00,0,13,13,0,0,0,0.00,0.00,0,31,0.00,0.00,0.00,0,0,0.00,0.00,99,0.00,0,0,0,0.00,0.00,0,0.00,0.00,0.00,0.00,0,0,0.00,52,0,0,51,69,0.00,0,0.00,0.00,0.00,11,0.00,0.00,2,0,0.00,0.00,0.00,0.00,7,0,0.00,10,0,1,83,0,50,1,0,0.00,99,0,0.00,0.00,0.00,0.00,0,0,0,0,0.00,0.00,0.00,0,0.00,99,0,0.00,0,0.00,99,0,0.00,0.00,26,12,41,28,0,0,0,0,0,38,51,69,61,0,99,66,22,22,0,0,30,1,0,0
Arthur Györgyi,29,858153600,1997/03/12,Liga II,2025/2026,Midfielder,Tunari,489,236,253,Romania,7,3,4,0,0,0,1,0,1,0,0,0,0,0,8,4,4,2,0,0.18,0.18,0,0,0,0,1.47,61,70,245,489,0.37,196,52,-1,27,0,4.47,0.14,88,19.00,7.20,14,72,4.40,44,3,11.61,8,0.00,0.00,0.20,2,0.00,1.10,0.53,0.20,2,0.00,0.50,0.00,0.00,0.00,0.10,0.80,0.60,0.00,0.79,0.30,1.20,0.00,0.00,0.01,0.00,0.20,0.00,0.00,0,0,,3,0.30,46,0,0.00,23,3,0.79,61,2,1,4,78,0.00,99,0,1,0.26,5,11,47,2.90,85,0,0.00,99,0,0.00,0,0,0.00,0,0.53,47,12,3.17,83,8,2.11,66.67,0,0.00,0,0,0,0.00,0,6,0.00,28,1.58,83,N/A,N/A,N/A,N/A,0.00,0,0.00,0,0.13,0.00,0,61.11,0.00,23,99,0.00,0.00,0,82,44,0,0,0,0.00,0.00,0,31,44.70,0.10,0.26,1,1,0.00,0.26,0,0.10,0,0,0,0.00,0.00,0,0.00,0.00,0.00,0.00,0,1,0.00,52,14,12,51,29,0.16,11,0.02,0.04,0.13,29,0.01,0.03,96,9,0.90,2.38,1.32,0.50,67,5,0.03,28,10,10,83,0,50,14,0,0.00,99,2,0.00,0.53,15.84,6.00,60,19,38,57,5.01,1.90,31.67,5,1.32,18,0,27.27,0,0.00,99,3,0.30,0.79,79,20,64,85,0,0,0,0,0,61,51,69,61,0,99,9,33,89,2,29,95,7,0,0
Asadbek Beglarkhonov,22,1080806400,2004/04/01,Liga II,2025/2026,Midfielder,Bihor Oradea,0,0,0,Uzbekistan,0,0,0,0,0,0,0,0,0,0,0,0,0,0,0,0,0,0,0,0,0,0,0,0,0,0,0,0,0,0,0,-1,-1,-1,-1,N/A,N/A,N/A,N/A,N/A,N/A,N/A,N/A,N/A,N/A,N/A,N/A,N/A,N/A,N/A,N/A,N/A,N/A,N/A,N/A,N/A,N/A,N/A,N/A,N/A,N/A,N/A,N/A,N/A,N/A,N/A,N/A,N/A,N/A,N/A,N/A,N/A,N/A,N/A,N/A,N/A,N/A,N/A,N/A,N/A,N/A,N/A,N/A,N/A,N/A,N/A,N/A,N/A,N/A,N/A,N/A,N/A,N/A,N/A,N/A,N/A,N/A,N/A,N/A,N/A,N/A,N/A,N/A,N/A,N/A,N/A,N/A,N/A,N/A,N/A,N/A,N/A,N/A,N/A,N/A,N/A,N/A,N/A,N/A,N/A,N/A,N/A,N/A,N/A,N/A,N/A,N/A,N/A,N/A,N/A,N/A,N/A,N/A,N/A,N/A,N/A,N/A,N/A,N/A,N/A,N/A,N/A,N/A,N/A,N/A,N/A,N/A,N/A,N/A,N/A,N/A,N/A,N/A,N/A,N/A,N/A,N/A,N/A,N/A,N/A,N/A,N/A,N/A,N/A,N/A,N/A,N/A,N/A,N/A,N/A,N/A,N/A,N/A,N/A,N/A,N/A,N/A,N/A,N/A,N/A,N/A,N/A,N/A,N/A,N/A,N/A,N/A,N/A,N/A,N/A,N/A,N/A,N/A,N/A,N/A,N/A,N/A,N/A,N/A,N/A,N/A,N/A,N/A,N/A,N/A,N/A,N/A,N/A,N/A,N/A,N/A,N/A,N/A,N/A,N/A,N/A,N/A,N/A,N/A,N/A,N/A,N/A,N/A,N/A,N/A,N/A,N/A,N/A,N/A,N/A,N/A,N/A,N/A,N/A,N/A,N/A,N/A,N/A,N/A,N/A,N/A,N/A,N/A,N/A,N/A,N/A,N/A,N/A,N/A,N/A,N/A,N/A,N/A,N/A,N/A,N/A,N/A,N/A,N/A
Aurelian Gabriel Ciuciulete,23,1049443200,2003/04/04,Liga II,2025/2026,Midfielder,Concordia Chiajna,1368,692,676,Romania,16,8,8,0,0,0,1,1,0,0,0,5,4,1,15,6,9,1,0,0.07,0.07,0,0,0,0,0.99,91,86,1368,1368,0.07,256,121,-1,19,0,6.89,0.06,64,38.52,35.67,66,535,30.40,456,87,32.83,71,0.00,0.00,0.47,7,0.00,0.73,0.79,0.73,11,0.00,0.07,0.00,0.00,0.00,1.67,0.20,0.80,0.00,0.36,0.27,0.20,0.00,0.07,0.03,0.00,2.60,0.00,0.00,0,0,,5,0.33,24,1,0.07,26,4,0.29,29,3,0,16,92,0.00,99,0,25,1.80,74,11,47,0.79,47,0,0.00,99,0,0.00,0,0,0.00,0,0.50,46,3,0.22,19,3,0.22,100.00,0,0.00,0,0,0,0.00,0,12,0.00,71,0.86,45,N/A,N/A,N/A,N/A,0.00,0,0.00,0,0.38,0.00,0,85.23,20.00,35,99,0.00,0.00,0,23,99,0,0,0,0.40,0.43,6,73,103.38,1.20,1.30,18,1,0.00,0.07,9,0.07,0,0,0,0.00,0.00,0,0.00,0.00,0.00,0.00,0,0,0.00,52,92,92,51,71,1.07,39,0.07,0.08,0.38,29,0.03,0.03,51,14,0.93,1.01,1.30,1.20,66,18,0.03,28,77,56,83,0,50,84,0,0.00,99,39,0.00,2.81,14.69,13.60,204,84,60,46,6.05,5.60,41.18,1,0.07,82,0,27.27,0,0.00,99,3,0.20,0.22,48,96,41,91,0,0,0,0,0,40,51,69,61,0,99,59,97,26,1,6,34,15,0,0
Azdren Llullaku,38,571910400,1988/02/15,Liga II,2025/2026,Midfielder,ACS Gloria Bistrita,280,129,151,Albania,4,2,2,0,0,0,0,0,0,0,0,1,0,1,2,1,1,0,0,0,0,0,0,0,0,0.64,140,70,0,0,0,342,283,-1,29,0,7.03,0,62,32.35,25.25,49,101,19.50,78,53,24.98,52,0.00,0.00,2.50,10,0.00,2.50,0.96,0.75,3,0.00,1.00,0.00,0.00,0.00,0.50,0.75,0.75,0.00,1.60,1.25,1.50,0.00,0.00,0.06,0.00,0.75,0.00,0.00,0,0,,5,1.25,70,0,0.00,23,5,1.60,91,1,1,2,96,0.00,99,0,2,0.64,21,10,78,3.20,87,0,0.00,99,0,0.00,0,0,0.00,0,3.20,99,6,1.92,65,3,0.96,50.00,0,0.00,0,0,0,0.00,0,3,0.00,90,0.96,56,N/A,N/A,N/A,N/A,0.00,0,0.00,0,0.22,0.00,0,77.23,0.00,23,99,0.00,0.00,0,53,24,0,0,0,0.00,0.00,0,31,28.10,1.50,1.92,6,0,0.00,0.00,99,0.00,0,0,1,0.25,0.32,0,0.00,0.00,0.00,0.00,0,0,0.00,52,0,0,51,90,0.63,87,0.16,0.20,0.22,46,0.06,0.07,95,7,1.75,2.24,0.96,0.75,42,3,0.07,45,86,68,99,0,50,35,0,0.00,99,3,0.00,0.96,13.77,10.75,43,20,68,42,6.41,5.00,46.51,4,1.28,20,0,40.00,0,0.00,99,4,1.00,1.28,92,7,64,66,0,0,0,0,0,38,51,69,61,0,99,47,22,22,0,0,30,10,0,0
Bela Csongor Fejer,30,800175600,1995/05/11,Liga II,2025/2026,Goalkeeper,Sepsi,90,0,90,Romania,1,0,1,0,0,0,0,0,0,0,0,0,0,0,1,0,1,0,0,0,0,0,0,0,0,1,90,90,0,0,0,-1,-1,-1,24,0,7.30,0,62,9.00,9.00,0,9,9.00,9,99,9.00,1,0.00,0.00,0.00,0,0.00,0.00,0.00,0.00,0,0.00,0.00,0.00,0.00,5.00,1.00,0.00,5.00,0.00,0.00,0.00,0.00,0.00,0.00,0.00,0.00,0.00,0.00,0.00,0,0,,0,0.00,10,0,0.00,23,0,0.00,12,0,0,1,26,0.00,99,0,1,1.00,39,0,26,0.00,14,0,0.00,99,0,0.00,0,0,0.00,0,0.00,14,0,0.00,12,0,0.00,0.00,0,0.00,0,5,99,5.00,96,5,0.00,69,5.00,99,N/A,N/A,N/A,N/A,100.00,0,0.00,0,0.00,0.00,0,100.00,0.00,23,99,0.00,0.00,0,13,13,0,0,3,0.00,0.00,0,31,7.30,1.00,1.00,1,0,0.00,0.00,99,0.00,0,0,0,0.00,0.00,0,0.00,0.00,0.00,0.00,0,0,0.00,52,0,0,51,69,0.02,2,0.02,0.02,0.00,11,0.00,0.00,2,0,0.00,0.00,0.00,0.00,7,0,0.00,10,98,45,83,0,50,1,0,0.00,99,0,0.00,0.00,0.00,0.00,0,0,0,0,0.00,0.00,0.00,0,0.00,99,0,0.00,0,0.00,99,0,0.00,0.00,26,4,41,28,0,0,0,0,0,38,51,69,61,0,99,9,22,22,0,0,30,95,0,0
Believe Maapia Peter,20,1136534400,2006/01/06,Liga II,2025/2026,Forward,ACS Gloria Bistrita,507,304,203,,12,7,5,1,1,0,1,1,0,0,0,1,1,0,11,5,6,1,0,0.36,0.18,0.18,0.3,0,507,1.95,46,42,507,507,0.18,98,48,-1,6,0,4.78,0.08,88,24.83,6.59,26,112,4.53,77,20,17.07,26,0.00,0.00,0.29,5,0.00,0.41,0.22,0.06,1,0.00,0.47,0.00,0.00,0.00,0.18,1.41,0.24,0.00,2.44,0.47,2.00,0.00,0.18,0.04,0.00,0.29,0.00,0.00,0,0,,11,0.65,88,3,0.67,77,8,1.77,95,1,6,4,50,0.00,99,0,3,0.67,23,7,51,1.55,64,0,0.00,99,0,0.00,0,0,0.00,0,1.11,76,34,7.54,99,24,5.32,70.59,0,0.00,0,0,0,0.00,0,4,0.00,9,0.89,49,N/A,N/A,N/A,N/A,0.00,0,0.00,0,0.72,0.00,0,68.75,27.27,45,99,0.00,0.00,0,99,50,0,0,0,0.00,0.00,0,31,81.29,0.18,0.67,3,0,0.00,0.00,99,0.00,0,0,0,0.00,0.00,0,0.00,0.00,0.22,0.06,1,1,0.00,52,17,58,80,9,0.92,87,0.05,0.20,0.72,63,0.04,0.16,96,11,0.65,2.44,1.55,0.41,77,7,0.16,63,15,29,83,0,75,44,0,0.00,99,5,0.00,1.11,30.15,8.00,136,56,99,99,12.41,3.29,41.18,8,1.77,10,0,28.57,0,0.00,99,2,0.12,0.44,64,20,96,66,0,0,0,0,0,81,72,69,80,0,99,11,66,57,1,8,50,60,0,0
Bence Pintér,30,828432000,1996/04/02,Liga II,2025/2026,Midfielder,CSM Satu Mare,454,228,226,Hungary,7,4,3,0,0,0,0,0,0,0,0,0,0,0,14,10,4,1,0,0,0,0,0,0,0,2.78,32,65,454,0,0.2,268,245,-1,31,0,3.30,0,62,42.30,17.00,74,102,14.33,86,85,35.67,78,0.00,0.00,0.17,1,0.00,0.00,0.83,0.33,2,0.00,0.33,0.00,0.00,0.00,1.00,0.00,1.00,0.00,1.66,0.67,0.00,0.00,0.00,0.04,0.00,0.33,0.00,0.00,0,0,,4,0.67,71,0,0.00,23,4,1.66,92,1,0,5,94,0.00,99,0,6,2.49,93,0,26,0.00,14,0,0.00,99,0,0.00,0,0,0.00,0,0.41,37,0,0.00,12,0,0.00,0.00,0,0.00,0,0,0,0.00,0,6,0.00,2,2.49,92,N/A,N/A,N/A,N/A,0.00,0,0.00,0,0.22,0.00,0,84.31,0.00,23,99,0.00,0.00,0,13,13,0,0,0,0.17,0.41,1,71,19.80,1.67,4.15,10,0,0.00,0.00,99,0.00,0,0,0,0.00,0.00,0,0.00,0.00,0.00,0.00,0,0,0.00,52,11,12,51,2,0.23,51,0.04,0.10,0.22,50,0.04,0.09,2,0,0.00,0.00,2.07,0.83,93,5,0.09,49,3,94,83,0,50,27,0,0.00,99,2,0.00,0.83,13.69,5.50,33,8,13,41,3.32,1.33,24.24,2,0.83,35,0,0.00,0,0.00,99,0,0.00,0.00,26,29,41,66,0,0,0,0,0,38,51,69,61,0,99,9,63,63,1,14,72,65,0,0
Bogdan Adrian Vasile,31,791712000,1995/02/02,Liga II,2025/2026,Midfielder,Dumbrăviţa,270,90,180,Romania,3,1,2,0,0,0,0,0,0,0,0,0,0,0,5,1,4,0,0,0,0,0,0,0,0,1.67,54,90,0,0,0,-1,-1,-1,14,0,6.63,0,62,29.09,27.60,40,138,21.40,107,54,22.55,45,0.00,0.00,0.00,0,0.00,0.40,0.63,0.60,3,0.00,1.20,0.00,0.00,0.00,1.00,0.60,0.80,0.00,0.63,0.60,0.60,0.00,0.00,0.03,0.00,1.00,0.00,0.00,0,0,,3,0.60,37,0,0.00,23,3,0.63,52,0,0,3,84,0.00,99,0,5,1.05,41,2,26,0.42,36,0,0.00,99,0,0.00,0,0,0.00,0,0.00,14,3,0.63,35,3,0.63,100.00,0,0.00,0,0,0,0.00,0,4,0.00,16,0.84,42,N/A,N/A,N/A,N/A,0.00,0,0.00,0,0.15,0.00,0,77.54,0.00,23,99,0.00,0.00,0,42,99,0,0,0,0.60,0.63,3,86,33.16,1.40,1.48,7,0,0.00,0.00,99,0.00,0,0,0,0.00,0.00,0,0.00,0.00,0.00,0.00,0,0,0.00,52,0,0,51,17,0.22,17,0.04,0.05,0.15,29,0.03,0.03,53,5,1.00,1.05,1.26,1.20,62,6,0.03,28,56,60,83,0,50,40,0,0.00,99,5,0.00,1.05,12.65,12.00,60,21,27,30,4.43,4.20,35.00,6,1.26,21,0,0.00,0,0.00,99,0,0.00,0.00,26,12,41,28,0,0,0,0,0,38,51,69,61,0,99,9,22,22,0,0,30,7,0,0
Bogdan Alexandru Panaite,25,970297200,2000/09/30,Liga II,2025/2026,Midfielder,Dumbrăviţa,360,90,270,Romania,4,1,3,2,0,2,0,0,0,0,0,0,0,0,6,1,5,0,0,0.5,0,0.5,0,0.67,180,1.5,60,90,0,0,0,20,128,-1,5,0,6.96,0,62,30.60,30.60,45,153,24.40,122,62,24.40,52,0.00,0.00,0.20,1,0.00,0.00,0.20,0.20,1,0.00,0.00,0.00,0.00,0.00,2.40,0.00,0.80,0.00,0.20,0.20,0.00,0.00,0.00,0.01,0.00,1.20,0.00,0.00,0,0,,1,0.20,15,0,0.00,23,1,0.20,22,0,0,3,46,0.00,99,0,12,2.40,92,0,26,0.00,14,0,0.00,99,0,0.00,0,0,0.00,0,0.20,25,0,0.00,12,0,0.00,0.00,0,0.00,0,0,0,0.00,0,4,0.00,26,0.80,39,N/A,N/A,N/A,N/A,0.00,0,0.00,0,0.06,0.00,0,79.74,0.00,23,99,0.00,0.00,0,13,13,0,0,0,1.00,1.00,5,96,34.80,4.00,4.00,20,0,0.00,0.00,99,0.00,0,0,0,0.00,0.00,0,0.00,0.00,0.00,0.00,0,0,0.00,52,0,0,56,26,0.35,32,0.07,0.07,0.06,16,0.01,0.01,7,1,0.20,0.20,1.20,1.20,58,6,0.01,16,82,94,83,0,50,47,0,0.00,99,6,0.00,1.20,8.40,8.40,42,16,12,9,3.20,3.20,38.10,0,0.00,99,0,0.00,0,0.00,99,0,0.00,0.00,26,12,41,28,0,0,0,0,0,88,94,97,61,0,99,9,22,22,0,0,30,25,0,0
Bogdan Istratie,22,1075276800,2004/01/28,Liga II,2025/2026,Forward,CSM Iaşi,271,149,122,Romania,11,4,7,1,0,1,1,1,0,0,0,5,3,2,2,1,1,2,0,0.66,0.33,0.33,0,0.74,271,0.66,136,25,136,271,0.66,44,14,-1,10,0,5.73,0.09,97,22.35,5.69,21,74,3.85,50,15,15.10,20,0.00,0.00,0.23,3,0.00,0.38,0.00,0.00,0,0.00,0.08,0.00,0.00,0.00,0.08,0.23,0.15,4.00,1.21,0.15,0.38,0.00,0.15,0.07,0.00,1.00,0.00,0.00,0,0,,4,0.31,61,2,0.60,73,2,0.60,50,1,10,1,26,0.00,99,0,1,0.30,7,5,78,1.51,63,0,0.00,99,0,0.00,0,0,0.00,0,0.91,69,5,1.51,56,3,0.91,60.00,0,0.00,0,0,0,0.00,0,2,0.00,90,0.60,23,N/A,N/A,N/A,N/A,0.00,0,0.00,0,0.93,0.00,0,67.57,50.00,88,99,0.00,0.00,0,52,34,0,0,0,0.23,0.91,3,94,74.45,0.23,0.91,3,0,0.00,0.00,99,0.00,0,0,0,0.00,0.00,0,0.00,0.00,0.60,0.15,2,0,25.00,92,0,46,64,90,0.77,91,0.06,0.23,0.93,79,0.07,0.28,99,10,0.77,3.02,1.81,0.46,88,6,0.28,79,29,41,83,0,91,94,0,0.00,99,13,0.00,3.93,17.52,4.46,58,27,89,70,8.15,2.08,46.55,1,0.30,62,0,40.00,0,0.00,99,2,0.15,0.60,72,4,99,66,0,0,0,0,0,95,87,98,61,0,99,84,23,99,2,18,80,9,0,0
Bogdan Oteliță,23,1029135600,2002/08/12,Liga II,2025/2026,Midfielder,Sepsi,765,417,348,Romania,11,6,5,0,0,0,0,0,0,0,0,5,3,2,7,3,4,3,1,0,0,0,0,0,0,0.82,109,70,255,0,0.35,311,147,-1,27,0,6.07,0,62,45.43,31.29,81,532,23.24,395,41,33.73,74,0.00,0.00,0.76,13,0.00,2.53,0.68,0.47,8,0.00,0.00,0.00,0.00,0.00,1.00,1.24,0.41,0.00,0.17,0.06,1.71,0.00,0.06,0.01,0.00,0.71,0.00,0.00,0,0,,2,0.12,13,1,0.09,27,1,0.09,14,1,3,8,87,0.00,99,0,17,1.45,61,43,71,3.67,93,0,0.00,99,0,0.00,0,0,0.00,0,1.11,76,29,2.48,76,21,1.79,72.41,0,0.00,0,0,0,0.00,0,7,0.00,83,0.60,23,N/A,N/A,N/A,N/A,0.00,0,0.00,0,0.19,0.00,0,74.25,50.00,88,99,0.00,0.00,0,77,55,0,0,0,0.12,0.17,2,48,103.11,1.88,2.73,32,0,0.00,0.00,99,0.00,0,0,0,0.00,0.00,0,0.00,0.00,0.00,0.00,0,0,0.00,52,43,46,51,83,1.25,57,0.07,0.11,0.19,23,0.01,0.02,30,8,0.47,0.68,0.94,0.65,41,11,0.02,22,38,80,83,0,50,39,0,0.00,99,12,0.00,1.02,12.38,8.53,145,60,41,29,5.12,3.53,41.38,0,0.00,99,0,37.21,0,0.00,99,16,0.94,1.37,94,53,85,66,0,0,0,0,0,38,51,69,61,0,99,84,35,87,2,18,80,25,0,0
Bogdan Pitulac Bogdan Pitulac,18,1203753600,2008/02/23,Liga II,2025/2026,Right Wing,Afumaţi,388,193,195,Romania,7,4,3,1,0,1,0,0,0,0,0,2,1,1,5,4,1,2,0,0.23,0,0.23,0,0.46,388,1.16,78,55,194,0,0.46,76,300,-1,8,0,2.14,0,62,20.00,0.67,18,2,0.67,2,99,20.00,36,0.00,0.00,0.00,0,0.00,0.00,0.00,0.00,0,0.00,0.00,0.00,0.00,0.00,0.00,0.00,0.00,0.00,0.00,0.00,0.33,0.00,0.00,0.00,0.00,0.00,0.00,0.00,0,0,,0,0.00,10,0,0.00,23,0,0.00,12,0,3,2,26,0.00,99,0,0,0.00,1,0,26,0.00,14,0,0.00,99,0,0.00,0,0,0.00,0,0.00,14,1,10.00,99,0,0.00,0.00,0,0.00,0,0,0,0.00,0,0,0.00,54,0.00,0,N/A,N/A,N/A,N/A,0.00,0,0.00,0,0.00,0.00,0,100.00,0.00,23,99,0.00,0.00,0,13,13,0,0,0,0.00,0.00,0,31,6.43,0.00,0.00,0,0,0.00,0.00,99,0.00,0,0,0,0.00,0.00,0,0.00,0.00,0.00,0.00,0,0,0.00,52,3,12,72,55,0.00,0,0.00,0.00,0.00,11,0.00,0.00,2,0,0.00,0.00,0.00,0.00,7,0,0.00,10,0,1,83,0,50,1,0,0.00,99,0,0.00,0.00,20.00,0.67,2,1,98,83,10.00,0.33,50.00,0,0.00,99,0,0.00,0,0.00,99,0,0.00,0.00,26,7,85,28,0,0,0,0,0,69,79,93,61,0,99,54,26,96,2,29,95,14,0,0
Bogdan Vasile Forizs,31,784886400,1994/11/15,Liga II,2025/2026,Midfielder,FC Bacău,996,537,459,Romania,12,6,6,0,0,0,0,0,0,0,0,3,2,1,16,5,11,3,0,0,0,0,0,0,0,1.45,62,83,332,0,0.27,300,305,-1,21,0,6.65,0,62,28.19,24.22,38,218,16.78,151,22,19.53,33,0.00,0.00,0.11,1,0.00,0.22,0.26,0.22,2,0.00,0.00,0.00,0.00,0.00,1.33,0.00,0.78,0.00,0.39,0.22,0.00,0.00,0.11,0.02,0.00,1.78,0.00,0.00,0,0,,3,0.33,26,1,0.13,34,2,0.26,28,1,0,9,55,0.00,99,0,12,1.55,64,2,99,0.26,27,0,0.00,99,0,0.00,0,0,0.00,0,0.13,20,0,0.00,12,0,0.00,0.00,0,0.00,0,0,0,0.00,0,7,0.00,30,0.91,51,N/A,N/A,N/A,N/A,0.00,0,0.00,0,0.19,0.00,0,69.27,33.33,60,99,0.00,0.00,0,13,13,0,0,0,0.56,0.65,5,87,59.81,2.67,3.10,24,0,0.00,0.00,99,0.00,0,0,0,0.00,0.00,0,0.00,0.00,0.00,0.00,0,0,0.00,52,67,58,51,31,0.39,17,0.04,0.05,0.19,23,0.02,0.02,52,8,0.89,1.03,1.55,1.33,77,12,0.02,22,57,86,83,0,50,72,0,0.00,99,16,0.00,2.07,10.73,9.22,83,31,21,17,4.01,3.44,37.35,0,0.00,99,0,100.00,0,0.00,99,2,0.22,0.26,52,65,41,66,0,0,0,0,0,38,51,69,61,0,99,47,46,77,3,25,92,6,0,0
Boris Cmiljanić,30,827049600,1996/03/17,Liga II,2025/2026,Forward,Sepsi,200,136,64,Montenegro,6,3,3,0,0,0,0,0,0,0,0,3,2,1,1,1,0,0,0,0,0,0,0,0,0,0.45,200,33,0,0,0,-1,-1,-1,13,0,5.43,0,62,14.58,4.10,4,41,3.10,31,46,11.03,6,0.00,0.00,0.20,2,0.00,0.20,0.00,0.00,0,0.00,0.40,0.00,0.00,0.00,0.00,0.70,0.00,12.00,4.27,0.80,1.00,0.00,0.40,0.15,0.00,0.50,0.00,0.00,0,0,,12,1.20,99,4,1.42,97,8,2.85,99,1,4,2,26,0.00,99,0,0,0.00,1,2,91,0.71,45,0,0.00,99,0,0.00,0,0,0.00,0,0.71,60,10,3.56,88,7,2.49,70.00,0,0.00,0,0,0,0.00,0,0,0.00,99,0.00,0,N/A,N/A,N/A,N/A,0.00,0,0.00,0,1.55,0.00,0,75.61,33.33,60,99,0.00,0.00,0,87,49,0,0,0,0.00,0.00,0,31,54.27,0.30,1.07,3,0,0.00,0.00,99,0.00,0,0,1,0.10,0.36,0,0.00,0.00,0.71,0.20,2,0,8.33,63,0,5,51,99,0.12,11,0.01,0.04,1.55,96,0.15,0.55,98,8,0.80,2.85,2.49,0.70,96,7,0.55,96,23,47,99,0,94,64,0,0.00,99,5,0.00,1.78,19.57,5.50,55,24,91,82,8.54,2.40,43.64,4,1.42,16,0,50.00,0,0.00,99,1,0.10,0.36,59,7,89,66,0,0,0,0,0,38,51,69,61,0,99,93,22,22,0,0,30,9,0,0
Branimir Ćavar,24,1014019200,2002/02/18,Liga II,2025/2026,Midfielder,ACS Gloria Bistrita,789,362,427,Croatia,12,6,6,3,2,1,1,1,0,0,0,2,1,1,11,4,7,0,0,0.46,0.11,0.34,0.5,0.21,263,1.25,72,66,0,789,0,41,91,-1,2,0,5.54,0.08,74,42.22,25.78,74,464,20.89,376,68,34.22,75,0.00,0.00,0.83,15,0.00,0.50,0.46,0.28,5,0.00,0.11,0.00,0.00,0.00,1.28,0.17,0.44,3.50,1.27,0.33,0.22,0.00,0.44,0.20,0.00,0.56,0.00,0.00,0,0,,14,0.78,64,8,0.73,78,6,0.55,48,1,2,9,73,0.00,99,0,23,2.09,84,9,84,0.82,50,0,0.00,99,0,0.00,0,0,0.00,0,1.37,85,4,0.36,25,3,0.27,75.00,0,0.00,0,0,0,0.00,0,8,0.00,46,0.73,32,N/A,N/A,N/A,N/A,0.00,0,0.00,0,3.60,0.00,0,81.03,57.14,93,99,0.00,0.00,0,25,62,0,0,0,0.17,0.27,3,61,99.76,0.44,0.73,8,1,0.00,0.09,7,0.06,0,0,0,0.00,0.00,0,0.00,0.00,0.00,0.00,0,0,28.57,93,46,58,63,46,1.84,81,0.10,0.17,3.60,83,0.20,0.33,20,5,0.28,0.46,1.46,0.89,73,16,0.33,83,26,33,83,0,50,31,0,0.00,99,10,0.00,0.91,11.38,6.94,125,33,10,21,3.00,1.83,26.40,2,0.18,73,0,44.44,0,0.00,99,4,0.22,0.36,59,65,73,66,0,1,0,8,0,86,88,78,91,0,99,32,22,22,0,0,30,13,0,0
Bruno Miguel Gonçalves Lopes,27,895993200,1998/05/24,Liga II,2025/2026,Forward,CSM Iaşi,296,182,114,Portugal,8,5,3,1,1,0,0,0,0,0,0,2,1,1,2,2,0,1,0,0.3,0,0.3,0.49,0,296,0.61,148,37,296,0,0.3,55,129,-1,7,0,6.79,0,62,24.79,10.50,26,84,7.88,63,44,18.59,30,0.00,0.00,0.38,3,0.00,1.62,0.00,0.00,0,0.00,0.12,0.00,0.00,0.00,0.38,0.88,0.12,9.00,2.66,0.75,1.50,0.00,0.38,0.16,0.00,0.88,0.00,0.00,0,0,,9,1.12,92,3,0.89,83,6,1.77,95,3,4,3,26,0.00,99,0,3,0.89,35,13,54,3.84,95,0,0.00,99,0,0.00,0,0,0.00,0,0.89,69,12,3.54,88,7,2.07,58.33,0,0.00,0,0,0,0.00,0,1,0.00,91,0.30,5,N/A,N/A,N/A,N/A,0.00,0,0.00,0,1.29,0.00,0,75.00,33.33,60,99,0.00,0.00,0,82,32,0,0,0,0.00,0.00,0,31,54.30,0.12,0.30,1,0,0.00,0.00,99,0.00,0,0,0,0.00,0.00,0,0.00,0.00,0.59,0.25,2,0,11.11,68,0,20,66,91,0.26,39,0.03,0.08,1.29,88,0.16,0.38,44,3,0.38,0.89,1.18,0.50,56,4,0.38,88,68,12,83,0,91,72,0,0.00,99,7,0.00,2.07,14.75,6.25,50,24,76,47,7.08,3.00,48.00,1,0.30,62,0,30.77,0,0.00,99,4,0.50,1.18,89,12,89,91,0,0,0,0,0,75,84,69,90,0,99,47,42,81,1,12,65,22,0,0
Bryan Alceus,30,823161600,1996/02/01,Liga II,2025/2026,Midfielder,CSM Iaşi,150,60,90,Haiti,3,1,2,0,0,0,0,0,0,0,0,1,0,1,2,0,2,0,0,0,0,0,0,0,0,1.2,75,50,0,0,0,-1,-1,-1,12,0,2.89,0,62,42.35,10.29,74,72,8.43,59,75,34.71,75,0.00,0.00,0.14,1,0.00,0.43,1.18,0.29,2,0.00,0.14,0.00,0.00,0.00,0.29,0.71,0.43,0.00,0.59,0.14,0.71,0.00,0.00,0.01,0.00,0.86,0.00,0.00,0,0,,1,0.14,35,0,0.00,23,1,0.59,50,1,1,2,98,0.00,99,0,2,1.18,47,3,26,1.76,68,0,0.00,99,0,0.00,0,0,0.00,0,0.59,51,5,2.94,82,5,2.94,100.00,0,0.00,0,0,0,0.00,0,3,0.00,50,1.76,85,N/A,N/A,N/A,N/A,0.00,0,0.00,0,0.05,0.00,0,81.94,0.00,23,99,0.00,0.00,0,91,99,0,0,0,0.14,0.59,1,84,20.20,0.14,0.59,1,0,0.00,0.00,99,0.00,0,0,0,0.00,0.00,0,0.00,0.00,0.00,0.00,0,0,0.00,52,0,0,51,50,0.19,57,0.03,0.11,0.05,29,0.01,0.03,83,3,0.43,1.76,0.59,0.14,19,1,0.03,28,3,24,83,0,50,93,0,0.00,99,6,0.00,3.53,22.94,5.57,39,16,95,94,9.41,2.29,41.03,1,0.59,45,0,0.00,0,0.00,99,0,0.00,0.00,26,7,64,66,0,0,0,0,0,38,51,69,61,0,99,66,22,22,0,0,30,24,0,0
Călin Toma,34,699264000,1992/02/28,Liga II,2025/2026,Defender,Slatina,360,270,90,Romania,4,3,1,0,0,0,1,1,0,0,0,1,1,0,4,4,0,0,0,0.25,0.25,0,0,0,0,1,90,90,0,360,0,335,30,36,20,0,7.30,0.25,94,49.50,49.50,89,99,37.50,75,47,37.50,81,0.00,0.00,2.50,5,0.00,5.50,1.00,1.00,2,0.00,0.00,0.00,0.00,0.00,0.50,0.50,1.50,0.00,1.00,0.50,0.50,0.00,0.50,0.08,0.00,2.00,0.00,0.00,0,0,,2,1.00,54,1,0.50,68,1,0.50,43,0,0,2,97,0.00,99,0,1,0.50,15,11,47,5.50,99,0,0.00,99,0,0.00,0,0,0.00,0,2.50,99,1,0.50,30,1,0.50,100.00,0,0.00,0,0,0,0.00,0,3,0.00,69,1.50,81,N/A,N/A,N/A,N/A,0.00,0,0.00,0,0.16,0.00,0,75.76,50.00,88,99,0.00,0.00,0,38,99,0,0,0,0.00,0.00,0,31,14.60,1.50,1.50,3,0,0.00,0.00,99,0.00,0,0,0,0.00,0.00,0,0.00,0.00,0.00,0.00,0,0,0.00,52,0,0,51,69,0.93,99,0.47,0.46,0.16,48,0.08,0.08,76,3,1.50,1.50,0.00,0.00,7,0,0.08,47,98,61,83,0,50,70,0,0.00,99,4,0.00,2.00,12.00,12.00,24,10,38,24,5.00,5.00,41.67,0,0.00,99,0,27.27,0,0.00,99,3,1.50,1.50,96,7,41,28,0,0,0,0,0,72,51,69,61,0,99,47,22,22,0,0,30,19,0,0
Carl Davordzie,25,959410800,2000/05/27,Liga II,2025/2026,Forward,Sepsi,1355,570,785,Ghana,16,7,9,8,3,5,1,1,0,0,0,5,3,2,27,7,20,1,0,0.6,0.07,0.53,0.47,0.57,169,1.79,50,85,1355,1355,0.07,18,122,-1,2,0,7.00,0.06,64,19.52,14.47,16,246,11.76,200,72,15.87,22,0.00,0.00,1.06,18,0.00,0.53,0.00,0.00,0,0.00,0.94,0.00,0.00,0.00,0.35,1.76,1.35,5.67,2.70,1.06,2.53,0.00,0.94,0.38,0.00,0.59,0.00,0.00,0,0,,34,2.00,92,16,1.27,96,18,1.43,84,1,1,12,26,0.00,99,0,6,0.48,14,9,37,0.71,45,0,0.00,99,0,0.00,0,0,0.00,0,1.43,87,43,3.41,86,30,2.38,69.77,0,0.00,0,0,0,0.00,0,23,0.00,12,1.83,87,N/A,N/A,N/A,N/A,0.00,0,0.00,0,6.47,0.00,0,81.30,47.06,82,99,0.00,0.00,0,86,48,0,1,0,0.06,0.08,1,34,119.00,0.18,0.24,3,0,0.00,0.00,99,0.00,0,1,0,0.00,0.00,0,0.00,0.00,0.79,0.59,10,0,17.65,84,91,92,56,12,1.68,66,0.10,0.13,5.77,93,0.34,0.46,62,15,0.88,1.19,1.19,0.88,57,15,0.51,95,84,9,83,0,95,25,0,0.00,99,10,0.00,0.79,17.46,12.94,220,85,71,69,6.75,5.00,38.64,16,1.27,21,0,22.22,0,0.00,99,2,0.12,0.16,39,84,64,66,0,0,0,0,0,94,95,95,89,0,99,59,97,26,1,6,34,18,0,0
Cătălin Carp,32,751100400,1993/10/20,Liga II,2025/2026,Midfielder,Concordia Chiajna,556,212,344,Moldova,9,5,4,1,1,0,0,0,0,0,0,3,3,0,8,1,7,1,0,0.16,0,0.16,0.42,0,556,1.29,70,62,556,0,0.16,109,220,-1,12,0,4.99,0,62,40.80,17.47,71,262,14.67,220,84,34.26,75,0.00,0.00,0.13,2,0.00,0.07,0.16,0.07,1,0.00,0.00,0.00,0.00,0.00,1.13,0.13,0.47,4.00,0.62,0.07,0.13,0.00,0.20,0.07,0.00,1.13,0.00,0.00,0,0,,4,0.27,37,3,0.47,66,1,0.16,18,5,3,6,42,0.00,99,0,17,2.65,94,1,26,0.16,21,0,0.00,99,0,0.00,0,0,0.00,0,0.31,32,2,0.31,23,2,0.31,100.00,0,0.00,0,0,0,0.00,0,7,0.00,41,1.09,64,N/A,N/A,N/A,N/A,0.00,0,0.00,0,1.02,0.00,0,83.97,75.00,96,99,0.00,0.00,0,29,99,0,0,0,0.27,0.62,4,86,74.89,0.93,2.18,14,0,0.00,0.00,99,0.00,0,0,0,0.00,0.00,0,0.00,0.00,0.00,0.00,0,0,25.00,92,23,27,83,41,0.57,45,0.04,0.09,1.02,63,0.07,0.16,12,2,0.13,0.31,0.62,0.27,21,4,0.16,63,17,73,83,0,50,81,0,0.00,99,17,0.00,2.65,10.90,4.67,70,34,45,18,5.29,2.27,48.57,0,0.00,99,0,0.00,0,0.00,99,0,0.00,0.00,26,38,85,99,0,0,0,0,0,55,68,69,87,0,99,66,72,51,1,11,62,17,0,0
Cătălin Cocoș,24,1012032000,2002/01/26,Liga II,2025/2026,Midfielder,CS Dinamo București,499,199,300,Romania,8,4,4,2,2,0,1,1,0,0,0,1,1,0,11,2,9,5,0,0.54,0.18,0.36,0.9,0,250,1.98,45,62,100,499,0.9,36,51,-1,2,0,6.18,0.12,88,15.34,8.25,5,99,6.92,83,84,12.86,11,0.00,0.00,0.25,3,0.00,0.17,0.15,0.08,1,0.00,1.33,0.00,0.00,0.00,0.17,0.67,0.92,5.67,2.63,0.83,0.75,0.00,0.58,0.26,0.00,1.42,0.00,0.00,0,0,,17,1.42,92,7,1.08,91,10,1.55,89,1,2,6,40,0.00,99,0,2,0.31,7,2,91,0.31,31,0,0.00,99,0,0.00,0,0,0.00,0,0.46,44,9,1.39,53,8,1.24,88.89,0,0.00,0,0,0,0.00,0,11,0.00,7,1.70,84,N/A,N/A,N/A,N/A,0.00,0,0.00,0,3.15,0.00,0,83.84,41.18,74,99,0.00,0.00,0,63,86,0,0,0,0.00,0.00,0,31,74.13,0.58,1.08,7,0,0.00,0.00,99,0.00,0,0,0,0.00,0.00,0,0.00,0.00,0.93,0.50,6,0,17.65,84,16,20,61,7,0.86,66,0.07,0.13,3.15,94,0.26,0.49,72,9,0.75,1.39,3.10,1.67,99,20,0.49,93,40,48,83,0,96,81,0,0.00,99,17,0.00,2.63,23.39,12.58,151,48,81,95,7.44,4.00,31.79,16,2.48,3,0,50.00,0,0.00,99,1,0.08,0.15,38,38,73,66,0,0,0,0,0,90,90,69,98,0,99,23,22,99,5,62,99,9,0,0
Cătălin Florin Hlistei,31,777711600,1994/08/24,Liga II,2025/2026,Midfielder,Tunari,751,190,561,Romania,10,3,7,3,1,2,0,0,0,0,0,1,0,1,10,1,9,2,0,0.36,0,0.36,0.47,0.32,250,1.2,75,75,376,0,0.24,37,163,-1,1,0,6.71,0,62,25.74,19.67,28,177,13.78,124,24,18.03,28,0.00,0.00,0.33,3,0.00,1.33,0.29,0.22,2,0.00,0.78,0.00,0.00,0.00,0.67,1.11,0.78,3.00,1.31,0.44,1.78,0.00,0.56,0.29,0.00,0.67,0.00,0.00,0,0,,9,1.00,64,5,0.73,78,4,0.58,49,1,1,7,59,0.00,99,0,6,0.87,33,12,43,1.74,68,0,0.00,99,0,0.00,0,0,0.00,0,0.44,41,16,2.33,72,10,1.45,62.50,0,0.00,0,0,0,0.00,0,7,0.00,50,1.02,60,N/A,N/A,N/A,N/A,0.00,0,0.00,0,2.63,0.00,0,70.06,55.56,92,99,0.00,0.00,0,69,36,0,0,0,0.00,0.00,0,31,60.40,0.89,1.16,8,1,0.00,0.15,4,0.11,0,0,0,0.00,0.00,0,0.00,0.00,0.44,0.33,3,0,33.33,97,41,37,61,50,0.36,17,0.04,0.05,2.63,88,0.29,0.38,67,9,1.00,1.31,0.29,0.22,10,2,0.38,88,61,51,83,0,85,30,0,0.00,99,6,0.00,0.87,12.79,9.78,88,28,22,33,4.07,3.11,31.82,7,1.02,28,0,25.00,0,0.00,99,3,0.33,0.44,64,45,64,66,0,0,0,0,0,81,90,87,89,0,99,18,50,72,1,10,58,94,0,0
Cătălin Oanea,27,916300800,1999/01/14,Liga II,2025/2026,Midfielder,CSM Satu Mare,1098,486,612,Romania,13,6,7,1,1,0,1,0,1,0,0,1,0,1,27,17,10,2,0,0.16,0.08,0.08,0.19,0,1098,2.21,41,84,549,1098,0.16,147,110,-1,7,0,6.63,0.08,68,31.82,29.11,49,262,20.89,188,29,22.83,47,0.00,0.00,0.11,1,0.00,2.44,0.24,0.22,2,0.00,0.22,0.00,0.00,0.00,1.33,2.11,1.56,3.00,0.36,0.22,3.11,0.00,0.11,0.09,0.00,1.22,0.00,0.00,0,0,,3,0.33,24,1,0.12,32,2,0.24,26,1,0,9,53,0.00,99,0,12,1.46,61,22,56,2.67,82,0,0.00,99,0,0.00,0,0,0.00,0,0.12,20,28,3.40,86,19,2.31,67.86,0,0.00,0,0,0,0.00,0,14,0.00,5,1.70,84,N/A,N/A,N/A,N/A,0.00,0,0.00,0,0.83,0.00,0,71.76,33.33,60,99,0.00,0.00,0,85,44,0,0,0,0.33,0.36,3,69,59.70,3.11,3.40,28,0,0.00,0.00,99,0.00,0,0,0,0.00,0.00,0,0.00,0.00,0.00,0.00,0,0,33.33,97,76,67,94,6,0.37,11,0.04,0.04,0.83,52,0.09,0.10,41,7,0.78,0.85,1.09,1.00,49,9,0.10,51,56,89,83,0,50,52,0,0.00,99,11,0.00,1.34,16.64,15.22,137,51,64,63,6.19,5.67,37.23,2,0.24,66,0,31.82,0,0.00,99,7,0.78,0.85,82,65,41,66,0,0,0,0,0,55,58,69,70,0,99,11,71,51,2,15,74,26,0,0
Catalin Sofroni,20,1117263600,2005/05/28,Liga II,2025/2026,Midfielder,ACS Gloria Bistrita,878,487,391,Romania,11,6,5,0,0,0,0,0,0,0,0,1,1,0,14,6,8,1,0,0,0,0,0,0,0,1.44,63,80,878,0,0.1,210,160,-1,15,0,5.41,0,62,32.50,26.00,49,130,17.60,88,15,22.00,43,0.00,0.00,0.80,4,0.00,0.80,0.00,0.00,0,0.00,0.60,0.00,0.00,0.00,1.60,1.60,0.40,0.00,1.25,0.40,2.40,0.00,0.60,0.09,0.00,0.60,0.00,0.00,0,0,,5,1.00,63,3,0.75,78,2,0.50,43,1,0,10,26,0.00,99,0,8,2.00,82,4,43,1.00,54,0,0.00,99,0,0.00,0,0,0.00,0,1.00,73,12,3.00,82,8,2.00,66.67,0,0.00,0,0,0,0.00,0,2,0.00,32,0.50,18,N/A,N/A,N/A,N/A,0.00,0,0.00,0,0.44,0.00,0,67.69,60.00,93,99,0.00,0.00,0,80,44,0,0,0,0.20,0.25,1,59,27.07,1.40,1.75,7,0,0.00,0.00,99,0.00,0,0,1,0.20,0.25,0,0.00,0.00,0.00,0.00,0,0,0.00,52,55,46,51,32,0.35,45,0.07,0.09,0.44,54,0.09,0.11,76,6,1.20,1.50,0.25,0.20,10,1,0.11,53,23,65,99,0,50,24,0,0.00,99,3,0.00,0.75,15.00,12.00,60,19,33,50,4.75,3.80,31.67,3,0.75,37,0,25.00,0,0.00,99,1,0.20,0.25,51,73,41,66,0,0,0,0,0,38,51,69,61,0,99,14,88,34,1,9,54,10,0,0
Cătălin Teodor Pintea,21,1112598000,2005/04/04,Liga II,2025/2026,Midfielder,Ceahlăul Piatra Neamţ,103,0,103,,2,0,2,0,0,0,0,0,0,0,0,0,0,0,1,0,1,1,0,0,0,0,0,0,0,0.87,103,52,103,0,0.87,-1,-1,-1,7,0,6.57,0,62,25.43,22.25,27,89,17.00,68,50,19.43,33,0.00,0.00,0.75,3,0.00,0.75,0.29,0.25,1,0.00,0.75,0.00,0.00,0.00,1.50,0.25,0.25,0.00,0.29,0.00,0.75,0.00,0.25,0.04,0.00,1.00,0.00,0.00,0,0,,1,0.25,21,1,0.29,53,0,0.00,12,0,1,1,59,0.00,99,0,6,1.71,71,3,65,0.86,51,0,0.00,99,0,0.00,0,0,0.00,0,0.86,67,3,0.86,41,1,0.29,33.33,0,0.00,0,0,0,0.00,0,1,0.00,79,0.29,4,N/A,N/A,N/A,N/A,0.00,0,0.00,0,0.15,0.00,0,76.40,100.00,99,99,0.00,0.00,0,27,15,0,0,0,0.00,0.00,0,31,26.28,3.25,3.71,13,0,0.00,0.00,99,0.00,0,0,0,0.00,0.00,0,0.00,0.00,0.29,0.25,1,0,0.00,52,0,0,51,79,0.30,45,0.07,0.09,0.15,34,0.04,0.04,95,8,2.00,2.29,0.86,0.75,36,3,0.04,33,51,91,83,0,79,45,0,0.00,99,4,0.00,1.14,10.29,9.00,36,19,48,15,5.43,4.75,52.78,3,0.86,33,0,33.33,0,0.00,99,1,0.25,0.29,54,4,64,28,0,0,0,0,0,38,51,69,61,0,99,9,22,99,1,50,99,4,0,0
Cătălin vlad Căpățână,23,1030690800,2002/08/30,Liga II,2025/2026,Midfielder,CSM Reşiţa,270,90,180,Romania,3,1,2,0,0,0,0,0,0,0,0,1,0,1,3,1,2,1,0,0,0,0,0,0,0,1,90,90,270,0,0.33,-1,-1,-1,23,0,5.05,0,62,24.67,18.50,26,74,15.75,63,87,21.00,39,0.00,0.00,0.00,0,0.00,0.00,0.00,0.00,0,0.00,0.00,0.00,0.00,0.75,2.00,0.00,0.75,0.00,0.00,0.00,0.00,0.00,0.00,0.00,0.00,0.50,0.00,0.00,0,0,,0,0.00,10,0,0.00,23,0,0.00,12,0,0,3,26,0.00,99,0,8,2.67,95,0,26,0.00,14,0,0.00,99,0,0.00,0,0,0.00,0,0.00,14,0,0.00,12,0,0.00,0.00,0,0.00,0,3,99,1.00,0,3,0.00,69,1.00,59,N/A,N/A,N/A,N/A,100.00,0,0.00,0,0.00,0.00,0,85.14,0.00,23,99,0.00,0.00,0,13,13,0,0,3,0.00,0.00,0,31,20.20,0.75,1.00,3,0,0.00,0.00,99,0.00,0,0,0,0.00,0.00,0,0.00,0.00,0.00,0.00,0,0,0.00,52,0,0,51,69,0.13,11,0.03,0.04,0.00,11,0.00,0.00,13,1,0.25,0.33,0.00,0.00,7,0,0.00,10,17,45,83,0,50,19,0,0.00,99,2,0.00,0.67,1.67,1.25,5,3,7,7,1.00,0.75,60.00,0,0.00,99,0,0.00,0,0.00,99,0,0.00,0.00,26,12,41,28,0,0,0,0,0,38,51,69,61,0,99,66,37,85,1,33,97,33,0,0
Ciprian Ilie Natea,30,816508800,1995/11/16,Liga II,2025/2026,Defender,Viitorul Şelimbăr,1243,523,720,Romania,14,6,8,0,0,0,0,0,0,0,0,0,0,0,23,8,15,3,0,0,0,0,0,0,0,1.67,54,89,414,0,0.22,258,311,76,15,0,6.79,0,62,46.64,45.40,85,454,38.90,389,90,39.97,87,0.00,0.00,0.00,0,0.00,0.30,0.21,0.20,2,0.00,0.00,0.00,0.00,0.00,2.80,0.20,1.80,0.00,0.31,0.20,0.40,0.00,0.10,0.03,0.00,1.00,0.00,0.00,0,0,,3,0.30,21,1,0.10,29,2,0.21,23,0,0,9,47,0.00,99,0,28,2.88,97,3,97,0.31,31,0,0.00,99,0,0.00,0,0,0.00,0,0.00,14,4,0.41,27,2,0.21,50.00,0,0.00,0,0,0,0.00,0,18,0.00,16,1.85,87,N/A,N/A,N/A,N/A,0.00,0,0.00,0,0.25,0.00,0,85.68,33.33,60,99,0.00,0.00,0,22,24,0,0,0,0.50,0.51,5,80,67.88,2.30,2.36,23,0,0.00,0.00,99,0.00,0,0,1,0.10,0.10,0,0.00,0.00,0.00,0.00,0,0,0.00,52,85,78,51,17,0.94,51,0.09,0.10,0.25,29,0.03,0.03,26,6,0.60,0.62,0.92,0.90,39,9,0.03,28,68,76,94,0,50,40,0,0.00,99,10,0.00,1.03,8.84,8.60,86,30,11,11,3.08,3.00,34.88,0,0.00,99,0,66.67,0,0.00,99,2,0.20,0.21,46,65,41,28,0,0,0,0,0,38,51,69,61,0,99,9,55,67,3,21,87,6,0,0
Claudiu Apro,30,829551600,1996/04/15,Liga II,2025/2026,Defender,CSM Reşiţa,1322,786,536,Romania,15,9,6,1,1,0,0,0,0,0,0,7,4,3,13,8,5,2,0,0.07,0,0.07,0.11,0,1322,0.89,102,88,661,0,0.14,153,246,18,9,0,7.09,0,62,44.88,43.29,79,736,34.00,578,57,35.24,77,0.00,0.00,0.24,4,0.00,0.41,0.06,0.06,1,0.00,0.06,0.00,0.00,0.00,2.00,0.12,0.88,19.00,1.16,0.82,0.12,0.00,0.29,0.12,0.00,2.82,0.00,0.00,0,0,,19,1.12,60,5,0.30,54,14,0.85,63,1,0,14,27,0.00,99,0,34,2.07,83,7,83,0.43,36,0,0.00,99,0,0.00,0,0,0.00,0,0.24,28,2,0.12,15,2,0.12,100.00,0,0.00,0,0,0,0.00,0,15,0.00,78,0.91,51,N/A,N/A,N/A,N/A,0.00,0,0.00,0,2.08,0.00,0,78.53,26.32,43,99,0.00,0.00,0,17,99,0,0,0,0.29,0.30,5,63,120.49,4.59,4.76,78,0,0.00,0.00,99,0.00,0,0,1,0.06,0.06,0,0.00,0.00,0.18,0.18,3,0,5.26,55,90,87,98,79,1.53,45,0.09,0.09,2.08,59,0.12,0.13,20,8,0.47,0.49,0.67,0.65,24,11,0.13,59,90,98,87,0,70,85,0,0.00,99,48,0.00,2.93,9.70,9.35,159,82,38,15,5.00,4.82,51.57,1,0.06,83,0,42.86,0,0.00,99,3,0.18,0.18,44,91,41,66,0,0,0,0,0,40,55,69,63,0,99,87,79,48,2,13,67,6,0,0
Claudiu Cristian Bălan,31,772268400,1994/06/22,Liga II,2025/2026,Forward,Concordia Chiajna,495,342,153,Romania,10,6,4,3,3,0,0,0,0,0,0,3,2,1,7,4,3,0,0,0.55,0,0.55,0.79,0,165,1.27,71,50,0,0,0,16,206,-1,4,0,5.29,0,62,15.73,7.17,6,129,5.50,99,52,12.07,10,0.00,0.00,0.72,13,0.00,0.11,0.00,0.00,0,0.00,0.72,0.00,0.00,0.00,0.22,0.22,0.44,6.00,2.20,0.67,0.39,0.00,0.33,0.17,0.00,0.44,0.00,0.00,0,0,,18,1.00,82,6,0.73,78,12,1.46,85,1,5,5,26,0.00,99,0,4,0.49,15,2,26,0.24,25,0,0.00,99,0,0.00,0,0,0.00,0,1.59,91,7,0.85,41,4,0.49,57.14,0,0.00,0,0,0,0.00,0,8,0.00,43,0.98,58,N/A,N/A,N/A,N/A,0.00,0,0.00,0,3.12,0.00,0,76.74,33.33,60,99,0.00,0.00,0,37,31,0,0,0,0.06,0.12,1,41,95.28,0.17,0.37,3,0,0.00,0.00,99,0.00,0,0,0,0.00,0.00,0,0.00,0.00,0.49,0.22,4,0,16.67,81,16,37,56,44,0.80,51,0.04,0.10,3.12,88,0.17,0.38,89,15,0.83,1.83,0.49,0.22,16,4,0.38,88,21,16,83,0,87,36,0,0.00,99,8,0.00,0.98,14.51,6.61,119,33,21,45,4.02,1.83,27.73,13,1.59,12,0,0.00,0,0.00,99,0,0.00,0.00,26,29,93,66,0,1,0,10,0,91,96,69,96,0,99,56,22,22,0,0,30,9,0,0
Claudiu Cristian Dragu,34,696672000,1992/01/29,Liga II,2025/2026,Forward,Tunari,180,0,180,Romania,2,0,2,1,0,1,0,0,0,0,0,0,0,0,2,0,2,0,0,0.5,0,0.5,0,0.5,180,1,90,90,0,0,0,-1,-1,-1,3,0,6.49,0,62,19.18,13.00,14,13,9.00,9,22,13.28,13,0.00,0.00,1.00,1,0.00,1.00,1.48,1.00,1,0.00,2.00,0.00,0.00,0.00,1.00,1.00,1.00,0.00,1.48,1.00,1.00,0.00,0.00,0.05,0.00,1.00,0.00,0.00,0,0,,1,1.00,67,0,0.00,23,1,1.48,86,0,0,2,99,0.00,99,0,1,1.48,61,1,26,1.48,62,0,0.00,99,0,0.00,0,0,0.00,0,1.48,88,1,1.48,54,1,1.48,100.00,0,0.00,0,0,0,0.00,0,1,0.00,69,1.48,80,N/A,N/A,N/A,N/A,0.00,0,0.00,0,0.05,0.00,0,69.23,0.00,23,99,0.00,0.00,0,70,99,0,0,0,0.00,0.00,0,31,6.49,0.00,0.00,0,0,0.00,0.00,99,0.00,0,0,0,0.00,0.00,0,0.00,0.00,0.00,0.00,0,0,0.00,52,0,0,56,69,0.07,51,0.07,0.10,0.05,46,0.05,0.07,2,0,0.00,0.00,1.48,1.00,73,1,0.07,45,48,1,83,0,50,57,0,0.00,99,1,0.00,1.48,25.08,17.00,17,2,9,97,2.95,2.00,11.76,2,2.95,1,0,0.00,0,0.00,99,0,0.00,0.00,26,7,41,28,0,0,0,0,0,88,94,94,61,0,99,9,22,22,0,0,30,10,0,0
Claudiu Florin Juncănaru,30,824630400,1996/02/18,Liga II,2025/2026,Midfielder,Metalul Buzău,0,0,0,Romania,0,0,0,0,0,0,0,0,0,0,0,0,0,0,0,0,0,1,0,0,0,0,0,0,0,0,0,0,0,0,0,-1,-1,-1,-1,N/A,N/A,N/A,N/A,N/A,N/A,N/A,N/A,N/A,N/A,N/A,N/A,N/A,N/A,N/A,N/A,N/A,N/A,N/A,N/A,N/A,N/A,N/A,N/A,N/A,N/A,N/A,N/A,N/A,N/A,N/A,N/A,N/A,N/A,N/A,N/A,N/A,N/A,N/A,N/A,N/A,N/A,N/A,N/A,N/A,N/A,N/A,N/A,N/A,N/A,N/A,N/A,N/A,N/A,N/A,N/A,N/A,N/A,N/A,N/A,N/A,N/A,N/A,N/A,N/A,N/A,N/A,N/A,N/A,N/A,N/A,N/A,N/A,N/A,N/A,N/A,N/A,N/A,N/A,N/A,N/A,N/A,N/A,N/A,N/A,N/A,N/A,N/A,N/A,N/A,N/A,N/A,N/A,N/A,N/A,N/A,N/A,N/A,N/A,N/A,N/A,N/A,N/A,N/A,N/A,N/A,N/A,N/A,N/A,N/A,N/A,N/A,N/A,N/A,N/A,N/A,N/A,N/A,N/A,N/A,N/A,N/A,N/A,N/A,N/A,N/A,N/A,N/A,N/A,N/A,N/A,N/A,N/A,N/A,N/A,N/A,N/A,N/A,N/A,N/A,N/A,N/A,N/A,N/A,N/A,N/A,N/A,N/A,N/A,N/A,N/A,N/A,N/A,N/A,N/A,N/A,N/A,N/A,N/A,N/A,N/A,N/A,N/A,N/A,N/A,N/A,N/A,N/A,N/A,N/A,N/A,N/A,N/A,N/A,N/A,N/A,N/A,N/A,N/A,N/A,N/A,N/A,N/A,N/A,N/A,N/A,N/A,N/A,N/A,N/A,N/A,N/A,N/A,N/A,N/A,N/A,N/A,N/A,N/A,N/A,N/A,N/A,N/A,N/A,N/A,N/A,N/A,N/A,N/A,N/A,N/A,N/A,N/A,N/A,N/A,N/A,N/A,N/A,N/A,N/A,N/A,N/A,N/A,N/A
Claudiu Gabriel Borţoneanu,26,939020400,1999/10/04,Liga II,2025/2026,Forward,Metalul Buzău,1180,579,601,Romania,14,7,7,0,0,0,0,0,0,0,0,4,3,1,16,7,9,2,0,0,0,0,0,0,0,1.22,74,84,590,0,0.15,329,336,-1,18,0,6.96,0,62,63.45,58.71,99,411,52.86,370,99,57.12,99,0.00,0.00,0.43,3,0.00,0.29,0.00,0.00,0,0.00,0.29,0.00,0.00,0.00,2.14,0.57,1.29,0.00,1.08,0.43,1.00,0.00,0.57,0.09,0.00,1.43,0.00,0.00,0,0,,7,1.00,58,4,0.62,75,3,0.46,38,1,0,10,26,0.00,99,0,15,2.32,91,2,26,0.31,31,0,0.00,99,0,0.00,0,0,0.00,0,0.46,44,7,1.08,47,4,0.62,57.14,0,0.00,0,0,0,0.00,0,9,0.00,48,1.39,78,N/A,N/A,N/A,N/A,0.00,0,0.00,0,0.61,0.00,0,90.02,57.14,93,99,0.00,0.00,0,42,31,0,0,0,0.29,0.31,2,63,48.70,0.71,0.77,5,0,0.00,0.00,99,0.00,0,0,0,0.00,0.00,0,0.00,0.00,0.00,0.00,0,0,0.00,52,82,78,51,48,0.95,74,0.14,0.15,0.61,50,0.09,0.09,26,4,0.57,0.62,1.23,1.14,60,8,0.09,49,82,35,83,0,50,58,0,0.00,99,10,0.00,1.54,12.97,12.00,84,32,36,35,4.94,4.57,38.10,2,0.31,62,0,0.00,0,0.00,99,0,0.00,0.00,26,73,41,66,0,0,0,0,0,38,51,69,61,0,99,54,74,49,2,14,72,99,0,0
Codruț Sandu,20,1145257200,2006/04/17,Liga II,2025/2026,Midfielder,Corvinul Hunedoara,1620,810,810,Romania,18,9,9,0,0,0,0,0,0,0,0,12,6,6,9,5,4,1,0,0,0,0,0,0,0,0.5,180,90,1620,0,0.06,282,275,-1,21,0,6.92,0,62,22.48,21.62,22,562,18.38,478,87,19.12,32,0.00,0.00,0.00,0,0.00,0.00,0.00,0.00,0,0.00,0.00,0.00,0.00,2.58,0.58,0.00,2.58,0.00,0.00,0.00,0.00,0.00,0.00,0.00,0.00,0.46,0.00,0.00,0,0,,0,0.00,10,0,0.00,23,0,0.00,12,0,0,18,26,0.00,99,0,15,0.60,20,0,26,0.00,14,0,0.00,99,0,0.00,0,0,0.00,0,0.00,14,0,0.00,12,0,0.00,0.00,0,0.00,0,67,99,2.68,25,67,0.00,96,2.68,93,N/A,N/A,N/A,N/A,100.00,0,0.00,0,0.00,0.00,0,85.05,0.00,23,99,0.00,0.00,0,13,13,0,0,42,0.00,0.00,0,31,180.03,0.58,0.60,15,1,0.00,0.04,12,0.04,1,0,0,0.00,0.00,0,0.00,0.00,0.00,0.00,0,0,0.00,52,98,97,51,96,1.14,17,0.04,0.05,0.00,11,0.00,0.00,6,4,0.15,0.16,0.04,0.04,7,1,0.00,10,80,25,83,0,50,12,0,0.00,99,12,0.00,0.48,0.64,0.62,16,13,5,4,0.52,0.50,81.25,0,0.00,99,0,0.00,0,0.00,99,0,0.00,0.00,26,99,41,28,0,0,0,0,0,38,51,69,61,0,99,98,99,24,1,6,34,21,0,0
Constantin Robicek,37,595843200,1988/11/18,Liga II,2025/2026,Defender,Afumaţi,1170,630,540,Romania,13,7,6,0,0,0,0,0,0,0,0,4,2,2,17,9,8,3,0,0,0,0,0,0,0,1.31,69,90,390,0,0.23,296,302,63,18,0,6.80,0,62,38.85,38.85,67,505,31.54,410,70,31.54,68,0.00,0.00,0.15,2,0.00,0.08,0.08,0.08,1,0.00,0.15,0.00,0.00,0.00,1.23,0.08,0.92,0.00,0.08,0.08,0.08,0.00,0.00,0.00,0.00,1.08,0.00,0.00,0,0,,1,0.08,10,0,0.00,23,1,0.08,13,0,0,11,30,0.00,99,0,16,1.23,50,1,99,0.08,15,0,0.00,99,0,0.00,0,0,0.00,0,0.15,21,1,0.08,13,1,0.08,100.00,0,0.00,0,0,0,0.00,0,12,0.00,39,0.92,53,N/A,N/A,N/A,N/A,0.00,0,0.00,0,0.05,0.00,0,81.19,0.00,23,99,0.00,0.00,0,15,99,0,0,0,1.31,1.31,17,99,88.41,3.92,3.92,51,1,0.00,0.08,8,0.08,0,0,0,0.00,0.00,0,0.00,0.00,0.00,0.00,0,0,0.00,52,81,67,51,39,0.93,32,0.07,0.07,0.05,11,0.00,0.00,36,10,0.77,0.77,0.69,0.69,25,9,0.00,10,69,93,83,0,50,42,0,0.00,99,14,0.00,1.08,8.38,8.38,109,46,16,9,3.54,3.54,42.20,2,0.15,76,0,100.00,0,0.00,99,1,0.08,0.08,31,80,41,28,0,0,0,0,0,38,51,69,61,0,99,59,52,71,2,15,74,17,0,0
Constantin Sandu,32,748076400,1993/09/15,Liga II,2025/2026,Midfielder,ASA Târgu Mureş,60,25,35,Moldova,2,1,1,0,0,0,0,0,0,0,0,1,1,0,1,0,1,0,0,0,0,0,0,0,0,1.5,60,30,0,0,0,-1,-1,-1,24,0,2.12,0,62,15.00,2.00,5,12,1.00,6,0,7.50,1,0.00,0.00,0.00,0,0.00,0.33,0.00,0.00,0,0.00,0.67,0.00,0.00,0.00,0.00,0.17,0.17,0.00,1.25,0.17,0.17,0.00,0.00,0.01,0.00,0.00,0.00,0.00,0,0,,1,0.17,63,0,0.00,23,1,1.25,79,0,2,0,26,0.00,99,0,0,0.00,1,2,26,2.50,81,0,0.00,99,0,0.00,0,0,0.00,0,0.00,14,1,1.25,50,1,1.25,100.00,0,0.00,0,0,0,0.00,0,1,0.00,26,1.25,71,N/A,N/A,N/A,N/A,0.00,0,0.00,0,0.05,0.00,0,50.00,0.00,23,99,0.00,0.00,0,64,99,0,0,0,0.17,1.25,1,98,12.70,0.00,0.00,0,0,0.00,0.00,99,0.00,0,0,0,0.00,0.00,0,0.00,0.00,0.00,0.00,0,0,0.00,52,0,0,51,26,0.01,0,0.00,0.01,0.05,42,0.01,0.06,97,2,0.33,2.50,3.75,0.50,99,3,0.06,41,0,1,83,0,50,1,0,0.00,99,0,0.00,0.00,21.25,2.83,17,5,66,89,6.25,0.83,29.41,4,5.00,0,0,0.00,0,0.00,99,0,0.00,0.00,26,0,73,28,0,0,0,0,0,38,51,69,61,0,99,93,22,22,0,0,30,8,0,0
Constantin Valentin Budescu,37,603878400,1989/02/19,Liga II,2025/2026,Midfielder,Tunari,244,95,149,Romania,5,2,3,1,1,0,0,0,0,0,0,0,0,0,4,1,3,0,0,0.37,0,0.37,0.95,0,244,1.48,61,49,0,0,0,-1,-1,-1,2,0,6.88,0,62,47.33,26.40,86,132,17.20,86,7,30.84,66,0.00,0.00,0.40,2,0.00,1.40,0.00,0.00,0,0.00,0.40,0.00,0.00,0.00,0.00,1.40,0.20,0.00,2.51,1.00,2.00,0.00,0.40,0.09,0.00,0.40,0.00,0.00,0,0,,7,1.40,89,2,0.72,77,5,1.79,95,1,2,2,26,0.00,99,0,0,0.00,1,7,29,2.51,81,0,0.00,99,0,0.00,0,0,0.00,0,0.72,60,10,3.59,88,7,2.51,70.00,0,0.00,0,0,0,0.00,0,1,0.00,27,0.36,6,N/A,N/A,N/A,N/A,0.00,0,0.00,0,0.46,0.00,0,65.15,28.57,46,99,0.00,0.00,0,88,49,0,0,0,0.00,0.00,0,31,34.40,0.00,0.00,0,0,0.00,0.00,99,0.00,0,0,0,0.00,0.00,0,0.00,0.00,0.00,0.00,0,0,0.00,52,0,3,61,29,0.24,45,0.05,0.09,0.46,63,0.09,0.16,98,8,1.60,2.87,0.36,0.20,11,1,0.16,63,77,1,83,0,50,22,0,0.00,99,2,0.00,0.72,10.04,5.60,28,16,53,15,5.74,3.20,57.14,2,0.72,39,0,14.29,0,0.00,99,1,0.20,0.36,59,7,73,66,0,0,0,0,0,82,90,69,98,0,99,9,22,22,0,0,30,55,0,0
Cornel Dinu,36,613378800,1989/06/09,Liga II,2025/2026,Defender,Chindia Târgovişte,961,516,445,Romania,13,7,6,0,0,0,0,0,0,0,0,6,4,2,10,3,7,2,0,0,0,0,0,0,0,0.94,96,74,481,0,0.19,304,209,22,26,0,6.59,0,62,55.73,44.64,95,491,39.64,436,97,49.48,97,0.00,0.00,0.09,1,0.00,0.27,0.23,0.18,2,0.00,0.00,0.00,0.00,0.00,0.55,0.00,0.73,0.00,0.11,0.09,0.00,0.00,0.00,0.00,0.00,1.64,0.00,0.00,0,0,,1,0.09,11,0,0.00,23,1,0.11,15,1,2,9,52,0.00,99,0,6,0.68,24,3,97,0.34,32,0,0.00,99,0,0.00,0,0,0.00,0,0.11,18,0,0.00,12,0,0.00,0.00,0,0.00,0,0,0,0.00,0,8,0.00,75,0.91,51,N/A,N/A,N/A,N/A,0.00,0,0.00,0,0.05,0.00,0,88.80,0.00,23,99,0.00,0.00,0,13,13,0,0,0,0.18,0.23,2,57,72.50,2.09,2.61,23,0,0.00,0.00,99,0.00,0,0,0,0.00,0.00,0,0.00,0.00,0.00,0.00,0,0,0.00,52,63,67,51,75,1.01,57,0.09,0.11,0.05,16,0.00,0.01,13,3,0.27,0.34,0.91,0.73,38,8,0.01,16,53,79,83,0,50,71,0,0.00,99,18,0.00,2.04,8.17,6.55,72,30,14,9,3.40,2.73,41.67,0,0.00,99,0,66.67,0,0.00,99,2,0.18,0.23,49,65,73,66,0,0,0,0,0,38,51,69,61,0,99,85,64,58,2,15,74,15,0,0
Corneliu Cotogoi,24,993279600,2001/06/23,Liga II,2025/2026,Midfielder,Viitorul Şelimbăr,252,195,57,Moldova,7,4,3,0,0,0,0,0,0,0,0,0,0,0,5,4,1,0,0,0,0,0,0,0,0,1.79,50,36,0,0,0,-1,-1,-1,11,0,4.40,0,62,37.40,10.67,62,64,8.50,51,61,29.81,66,0.00,0.00,0.00,0,0.00,0.67,0.00,0.00,0,0.00,0.67,0.00,0.00,0.00,0.83,0.17,0.67,0.00,0.00,0.00,0.17,0.00,0.00,0.00,0.00,0.33,0.00,0.00,0,0,,0,0.00,10,0,0.00,23,0,0.00,12,1,3,1,26,0.00,99,0,5,2.92,97,4,43,2.34,78,0,0.00,99,0,0.00,0,0,0.00,0,0.00,14,1,0.58,31,1,0.58,100.00,0,0.00,0,0,0,0.00,0,4,0.00,12,2.34,92,N/A,N/A,N/A,N/A,0.00,0,0.00,0,0.00,0.00,0,79.69,0.00,23,99,0.00,0.00,0,40,99,0,0,0,0.00,0.00,0,31,26.40,0.17,0.58,1,0,0.00,0.00,99,0.00,0,0,0,0.00,0.00,0,0.00,0.00,0.00,0.00,0,0,0.00,52,0,12,51,12,0.12,32,0.02,0.07,0.00,11,0.00,0.00,99,7,1.17,4.09,1.17,0.33,56,2,0.00,10,10,24,83,0,50,46,0,0.00,99,2,0.00,1.17,14.03,4.00,24,9,43,43,5.26,1.50,37.50,4,2.34,3,0,25.00,0,0.00,99,1,0.17,0.58,71,4,85,66,0,0,0,0,0,38,51,69,61,0,99,9,22,22,0,0,30,55,0,0
Cosmin Alexandru Bucuroiu,22,1063263600,2003/09/11,Liga II,2025/2026,Forward,Viitorul Şelimbăr,1010,383,627,Romania,12,5,7,4,1,3,0,0,0,0,0,0,0,0,21,7,14,1,0,0.36,0,0.36,0.23,0.43,253,1.87,48,84,1010,0,0.09,35,315,-1,1,0,7.04,0,62,19.03,18.40,14,184,13.30,133,31,13.76,15,0.00,0.00,0.60,6,0.00,1.50,0.21,0.20,2,0.00,2.10,0.00,0.00,0.00,0.10,2.10,1.70,4.40,2.28,1.10,2.80,0.00,1.10,0.49,0.00,1.40,0.00,0.00,0,0,,22,2.20,84,11,1.14,94,11,1.14,76,1,0,9,47,0.00,99,0,1,0.10,1,15,65,1.55,64,0,0.00,99,0,0.00,0,0,0.00,0,0.62,53,28,2.90,81,21,2.17,75.00,0,0.00,0,0,0,0.00,0,17,0.00,11,1.76,85,N/A,N/A,N/A,N/A,0.00,0,0.00,0,4.89,0.00,0,72.28,50.00,88,99,0.00,0.00,0,83,62,0,0,0,0.00,0.00,0,31,70.39,0.60,0.62,6,0,0.00,0.00,99,0.00,0,0,0,0.00,0.00,0,0.00,0.00,0.41,0.40,4,1,22.73,89,68,58,62,11,0.48,17,0.05,0.05,4.89,96,0.49,0.51,79,15,1.50,1.55,0.72,0.70,26,7,0.51,95,87,26,83,0,83,56,0,0.00,99,14,0.00,1.45,22.66,21.90,219,63,69,93,6.52,6.30,28.77,21,2.17,5,0,33.33,0,0.00,99,5,0.50,0.52,67,65,41,66,0,1,0,8,0,81,90,92,74,0,99,9,92,31,1,8,50,13,0,0
Cosmin Gabriel Atanase,25,978508800,2001/01/03,Liga II,2025/2026,Midfielder,Afumaţi,183,130,53,Romania,9,4,5,0,0,0,0,0,0,0,0,2,1,1,2,1,1,0,0,0,0,0,0,0,0,0.98,92,20,0,0,0,-1,-1,-1,16,0,5.49,0,62,29.75,7.18,41,79,4.82,53,13,19.96,35,0.00,0.00,0.36,4,0.00,1.27,0.00,0.00,0,0.00,0.73,0.00,0.00,0.00,0.36,1.00,0.18,0.00,1.51,0.27,1.09,0.00,0.09,0.02,0.00,0.27,0.00,0.00,0,0,,4,0.36,69,1,0.38,61,3,1.13,75,0,7,1,26,0.00,99,0,4,1.51,63,14,36,5.27,98,0,0.00,99,0,0.00,0,0,0.00,0,1.51,89,12,4.52,92,11,4.14,91.67,0,0.00,0,0,0,0.00,0,2,0.00,72,0.75,33,N/A,N/A,N/A,N/A,0.00,0,0.00,0,0.26,0.00,0,67.09,25.00,43,99,0.00,0.00,0,96,87,0,0,0,0.09,0.38,1,70,60.40,0.18,0.75,2,0,0.00,0.00,99,0.00,0,0,0,0.00,0.00,0,0.00,0.00,0.00,0.00,0,0,0.00,52,0,27,51,72,0.29,57,0.03,0.11,0.26,52,0.02,0.10,57,3,0.27,1.13,1.13,0.27,52,3,0.10,51,25,34,83,0,50,45,0,0.00,99,3,0.00,1.13,24.85,6.00,66,25,95,97,9.41,2.27,37.88,8,3.01,1,0,21.43,0,0.00,99,3,0.27,1.13,88,4,97,28,0,0,0,0,0,38,51,69,61,0,99,41,22,22,0,0,30,15,0,0
Cosmin Gabriel Matei,34,686214000,1991/09/30,Liga II,2025/2026,Midfielder,Sepsi,1082,582,500,Romania,16,8,8,4,1,3,5,2,3,0,0,6,3,3,7,3,4,0,0,0.75,0.42,0.33,0.15,0.54,271,0.58,155,68,0,216,0,47,8,-1,4,0,7.28,0.31,98,52.85,42.95,93,902,35.48,745,78,43.65,93,0.00,0.00,1.33,28,0.00,1.86,0.29,0.24,5,0.00,0.76,0.00,0.00,0.00,0.57,1.52,0.33,7.00,2.05,1.00,1.95,0.00,0.67,0.28,0.00,0.43,0.00,0.00,0,0,,35,1.67,81,14,0.82,80,21,1.23,79,2,1,15,59,0.00,99,0,12,0.70,26,39,54,2.29,77,0,0.00,99,0,0.00,0,0,0.00,0,1.64,91,41,2.40,74,32,1.88,78.05,0,0.00,0,0,0,0.00,0,7,0.00,92,0.41,10,N/A,N/A,N/A,N/A,0.00,0,0.00,0,5.89,0.00,0,82.59,40.00,73,99,0.00,0.00,0,79,67,0,0,0,0.00,0.00,0,31,152.85,0.52,0.64,11,0,0.00,0.00,99,0.00,0,0,1,0.05,0.06,0,0.00,0.00,0.23,0.19,4,0,14.29,75,74,92,64,92,6.09,99,0.29,0.36,5.89,85,0.28,0.35,87,31,1.48,1.82,2.29,1.86,95,39,0.35,84,96,27,87,0,76,14,0,0.00,99,9,0.00,0.53,19.92,16.19,340,127,81,83,7.44,6.05,37.35,16,0.94,31,0,30.77,0,0.00,99,12,0.57,0.70,77,93,64,85,0,0,0,0,0,96,87,95,68,0,99,71,22,22,0,0,30,10,0,0
Cosmin Marian Bîrnoi,28,871801200,1997/08/17,Liga II,2025/2026,Midfielder,ASA Târgu Mureş,1167,612,555,Romania,15,8,7,4,3,1,5,0,5,0,0,7,6,1,16,4,12,1,0,0.69,0.39,0.31,0.44,0.16,292,1.23,73,78,1167,233,0.08,52,9,-1,4,0,6.81,0.33,98,34.16,26.79,53,375,19.79,277,39,25.23,53,0.00,0.00,1.43,20,0.00,2.29,0.09,0.07,1,0.00,0.93,0.00,0.00,0.00,0.36,2.64,0.86,6.25,2.28,1.00,3.21,0.00,0.79,0.32,0.00,0.07,0.00,0.00,0,0,,25,1.79,84,11,1.00,87,14,1.28,80,2,0,14,32,0.00,99,0,5,0.46,12,32,55,2.91,85,0,0.00,99,0,0.00,0,0,0.00,0,1.82,95,45,4.10,91,37,3.37,82.22,0,0.00,0,0,0,0.00,0,12,0.00,47,1.09,64,N/A,N/A,N/A,N/A,0.00,0,0.00,0,4.50,0.00,0,73.87,44.00,77,99,0.00,0.00,0,93,75,0,1,0,0.00,0.00,0,31,95.30,0.14,0.18,2,0,0.00,0.00,99,0.00,0,1,0,0.00,0.00,0,0.00,0.00,0.09,0.07,1,0,16.00,77,79,87,66,47,4.36,99,0.31,0.40,3.80,85,0.27,0.35,38,9,0.64,0.82,0.46,0.36,15,5,0.41,91,71,4,83,0,56,2,0,0.00,99,1,0.00,0.09,17.40,13.64,191,75,72,68,6.83,5.36,39.27,13,1.18,24,0,31.25,0,0.00,99,10,0.71,0.91,83,91,41,85,0,1,0,7,0,95,85,74,88,0,99,87,95,30,1,7,41,17,0,0
Cosmin Meșter,23,1024124400,2002/06/15,Liga II,2025/2026,Midfielder,CSM Satu Mare,73,0,73,Romania,2,0,2,0,0,0,0,0,0,0,0,0,0,0,2,0,2,0,0,0,0,0,0,0,0,2.47,37,37,0,0,0,-1,-1,-1,25,0,6.45,0,62,21.11,9.50,19,19,7.50,15,58,16.67,25,0.00,0.00,0.50,1,0.00,1.00,0.00,0.00,0,0.00,0.50,0.00,0.00,0.00,1.00,0.50,1.00,0.00,0.00,0.00,1.00,0.00,0.00,0.00,0.00,0.50,0.00,0.00,0,0,,0,0.00,10,0,0.00,23,0,0.00,12,3,1,1,26,0.00,99,0,2,2.22,87,2,26,2.22,76,0,0.00,99,0,0.00,0,0,0.00,0,1.11,76,2,2.22,71,1,1.11,50.00,0,0.00,0,0,0,0.00,0,2,0.00,4,2.22,91,N/A,N/A,N/A,N/A,0.00,0,0.00,0,0.00,0.00,0,78.95,0.00,23,99,0.00,0.00,0,58,24,0,0,0,0.00,0.00,0,31,12.90,1.00,2.22,2,0,0.00,0.00,99,0.00,0,0,0,0.00,0.00,0,0.00,0.00,0.00,0.00,0,0,0.00,52,0,0,51,4,0.08,45,0.04,0.09,0.00,11,0.00,0.00,2,0,0.00,0.00,1.11,0.50,51,1,0.00,10,46,74,83,0,50,44,0,0.00,99,1,0.00,1.11,16.67,7.50,15,2,8,63,2.22,1.00,13.33,1,1.11,26,0,0.00,0,0.00,99,0,0.00,0.00,26,4,64,91,0,0,0,0,0,38,51,69,61,0,99,9,22,22,0,0,30,86,0,0
Cosmin Zamfir,26,926319600,1999/05/10,Liga II,2025/2026,Defender,CSM Satu Mare,611,386,225,Romania,10,5,5,0,0,0,0,0,0,0,0,1,0,1,20,16,4,3,0,0,0,0,0,0,0,2.95,31,61,204,0,0.44,269,260,97,30,0,4.67,0,62,22.07,9.27,21,102,5.64,62,3,13.41,14,0.00,0.00,0.36,4,0.00,0.64,0.43,0.18,2,0.00,0.55,0.00,0.00,0.00,0.36,0.45,1.00,0.00,1.30,0.36,1.00,0.00,0.18,0.04,0.00,0.91,0.00,0.00,0,0,,6,0.55,64,2,0.43,64,4,0.87,64,1,3,3,73,0.00,99,0,4,0.87,33,7,29,1.51,63,0,0.00,99,0,0.00,0,0,0.00,0,0.87,68,11,2.38,73,5,1.08,45.45,0,0.00,0,0,0,0.00,0,11,0.00,2,2.38,92,N/A,N/A,N/A,N/A,0.00,0,0.00,0,0.42,0.00,0,60.78,33.33,60,99,0.00,0.00,0,56,17,0,0,0,0.00,0.00,0,31,51.38,0.82,1.95,9,0,0.00,0.00,99,0.00,0,0,0,0.00,0.00,0,0.00,0.00,0.22,0.09,1,0,0.00,52,28,37,51,2,0.33,32,0.03,0.07,0.42,50,0.04,0.09,55,5,0.45,1.08,2.38,1.00,95,11,0.09,49,14,69,83,0,75,74,0,0.00,99,10,0.00,2.16,21.42,9.00,99,28,60,89,6.06,2.55,28.28,6,1.30,19,0,14.29,0,0.00,99,1,0.09,0.22,48,12,85,66,0,0,0,0,0,38,51,69,61,0,99,18,27,95,3,30,96,7,0,0
Costel Toader,39,523004400,1986/07/29,Liga II,2025/2026,Goalkeeper,Metalul Buzău,0,0,0,Romania,0,0,0,0,0,0,0,0,0,0,0,0,0,0,0,0,0,0,0,0,0,0,0,0,0,0,0,0,0,0,0,-1,-1,-1,-1,N/A,N/A,N/A,N/A,N/A,N/A,N/A,N/A,N/A,N/A,N/A,N/A,N/A,N/A,N/A,N/A,N/A,N/A,N/A,N/A,N/A,N/A,N/A,N/A,N/A,N/A,N/A,N/A,N/A,N/A,N/A,N/A,N/A,N/A,N/A,N/A,N/A,N/A,N/A,N/A,N/A,N/A,N/A,N/A,N/A,N/A,N/A,N/A,N/A,N/A,N/A,N/A,N/A,N/A,N/A,N/A,N/A,N/A,N/A,N/A,N/A,N/A,N/A,N/A,N/A,N/A,N/A,N/A,N/A,N/A,N/A,N/A,N/A,N/A,N/A,N/A,N/A,N/A,N/A,N/A,N/A,N/A,N/A,N/A,N/A,N/A,N/A,N/A,N/A,N/A,N/A,N/A,N/A,N/A,N/A,N/A,N/A,N/A,N/A,N/A,N/A,N/A,N/A,N/A,N/A,N/A,N/A,N/A,N/A,N/A,N/A,N/A,N/A,N/A,N/A,N/A,N/A,N/A,N/A,N/A,N/A,N/A,N/A,N/A,N/A,N/A,N/A,N/A,N/A,N/A,N/A,N/A,N/A,N/A,N/A,N/A,N/A,N/A,N/A,N/A,N/A,N/A,N/A,N/A,N/A,N/A,N/A,N/A,N/A,N/A,N/A,N/A,N/A,N/A,N/A,N/A,N/A,N/A,N/A,N/A,N/A,N/A,N/A,N/A,N/A,N/A,N/A,N/A,N/A,N/A,N/A,N/A,N/A,N/A,N/A,N/A,N/A,N/A,N/A,N/A,N/A,N/A,N/A,N/A,N/A,N/A,N/A,N/A,N/A,N/A,N/A,N/A,N/A,N/A,N/A,N/A,N/A,N/A,N/A,N/A,N/A,N/A,N/A,N/A,N/A,N/A,N/A,N/A,N/A,N/A,N/A,N/A,N/A,N/A,N/A,N/A,N/A,N/A,N/A,N/A,N/A,N/A,N/A,N/A
Costin Petruț Ghiocel,32,760608000,1994/02/07,Liga II,2025/2026,Defender,Concordia Chiajna,450,180,270,Romania,5,2,3,0,0,0,0,0,0,0,0,2,2,0,5,0,5,1,0,0,0,0,0,0,0,1,90,90,450,0,0.2,232,219,38,17,0,3.82,0,62,38.60,21.44,66,193,18.33,165,89,33.00,72,0.00,0.00,0.00,0,0.00,0.00,0.40,0.22,2,0.00,0.11,0.00,0.00,0.00,1.33,0.00,0.67,0.00,0.20,0.11,0.00,0.00,0.00,0.01,0.00,1.11,0.00,0.00,0,0,,1,0.11,15,0,0.00,23,1,0.20,22,0,0,5,71,0.00,99,0,12,2.40,92,0,26,0.00,14,0,0.00,99,0,0.00,0,0,0.00,0,0.00,14,0,0.00,12,0,0.00,0.00,0,0.00,0,0,0,0.00,0,6,0.00,69,1.20,69,N/A,N/A,N/A,N/A,0.00,0,0.00,0,0.05,0.00,0,85.49,0.00,23,99,0.00,0.00,0,13,13,0,0,0,0.56,1.00,5,96,34.40,1.78,3.20,16,1,0.00,0.20,2,0.11,0,0,0,0.00,0.00,0,0.00,0.00,0.00,0.00,0,0,0.00,52,11,3,51,69,0.36,32,0.04,0.07,0.05,16,0.01,0.01,2,0,0.00,0.00,0.60,0.33,19,3,0.01,16,7,88,83,0,50,70,0,0.00,99,10,0.00,2.00,9.40,5.22,47,18,16,13,3.60,2.00,38.30,1,0.20,71,0,0.00,0,0.00,99,0,0.00,0.00,26,29,41,28,0,0,0,0,0,38,51,69,61,0,99,76,61,63,1,20,85,16,0,0
Cristian Alexandru Albu,32,745570800,1993/08/17,Liga II,2025/2026,Defender,Chindia Târgovişte,836,452,384,Romania,12,7,5,4,3,1,0,0,0,0,0,6,5,1,9,3,6,2,0,0.43,0,0.43,0.6,0.23,209,0.97,93,70,418,0,0.22,29,144,25,2,0,6.57,0,62,57.93,35.85,98,466,32.54,423,99,52.58,99,0.00,0.00,0.38,5,0.00,0.08,0.37,0.23,3,0.00,0.23,0.00,0.00,0.00,0.77,0.31,0.62,1.67,0.62,0.00,0.38,0.00,0.38,0.18,0.00,1.77,0.00,0.00,0,0,,5,0.38,37,5,0.62,75,0,0.00,12,0,4,6,67,0.00,99,0,10,1.24,51,1,26,0.12,18,0,0.00,99,0,0.00,0,0,0.00,0,0.62,53,5,0.62,34,4,0.50,80.00,0,0.00,0,0,0,0.00,0,8,0.00,73,0.99,58,N/A,N/A,N/A,N/A,0.00,0,0.00,0,2.40,0.00,0,90.77,100.00,99,99,0.00,0.00,0,38,73,0,0,0,0.31,0.50,4,80,85.40,1.15,1.86,15,0,0.00,0.00,99,0.00,0,0,0,0.00,0.00,0,0.00,0.00,0.12,0.08,1,1,60.00,99,52,58,59,73,1.20,74,0.09,0.15,2.40,80,0.18,0.30,43,7,0.54,0.87,0.62,0.38,21,5,0.30,80,51,67,83,0,62,84,0,0.00,99,23,0.00,2.86,12.68,7.85,102,41,41,31,5.10,3.15,40.20,3,0.37,59,0,0.00,0,0.00,99,0,0.00,0.00,26,38,89,28,0,0,0,0,0,84,92,80,94,0,99,93,56,67,1,8,50,23,0,0
Cristian Alexandru Copoţ-Barb,27,913449600,1998/12/12,Liga II,2025/2026,Midfielder,Ceahlăul Piatra Neamţ,90,0,90,Romania,1,0,1,0,0,0,0,0,0,0,0,0,0,0,2,0,2,0,0,0,0,0,0,0,0,2,45,90,0,0,0,-1,-1,-1,9,0,0.00,0,62,0.00,0.00,0,0,0.00,0,0,0.00,0,0.00,0.00,0.00,0,0.00,0.00,0.00,0.00,0,0.00,0.00,0.00,0.00,0.00,0.00,0.00,0.00,0.00,0.00,0.00,0.00,0.00,0.00,0.00,0.00,0.00,0.00,0.00,0,0,,0,0.00,10,0,0.00,23,0,0.00,12,0,0,1,26,0.00,99,0,0,0.00,1,0,26,0.00,14,0,0.00,99,0,0.00,0,0,0.00,0,0.00,14,0,0.00,12,0,0.00,0.00,0,0.00,0,0,0,0.00,0,0,0.00,6,0.00,0,N/A,N/A,N/A,N/A,0.00,0,0.00,0,0.00,0.00,0,0.00,0.00,23,99,0.00,0.00,0,13,13,0,0,0,0.00,0.00,0,31,0.00,0.00,0.00,0,0,0.00,0.00,99,0.00,0,0,0,0.00,0.00,0,0.00,0.00,0.00,0.00,0,0,0.00,52,0,0,51,7,0.00,0,0.00,0.00,0.00,11,0.00,0.00,2,0,0.00,0.00,0.00,0.00,7,0,0.00,10,0,1,83,0,50,1,0,0.00,99,0,0.00,0.00,0.00,0.00,0,0,0,0,0.00,0.00,0.00,0,0.00,99,0,0.00,0,0.00,99,0,0.00,0.00,26,4,41,28,0,0,0,0,0,38,51,69,61,0,99,9,22,22,0,0,30,8,0,0
Cristian Ciobanu,31,773218800,1994/07/03,Liga II,2025/2026,Midfielder,ASA Târgu Mureş,120,98,22,Romania,7,5,2,1,0,1,0,0,0,0,0,4,3,1,0,0,0,1,0,0.75,0,0.75,0,4.09,120,0,0,17,120,0,0.75,-1,-1,-1,9,0,2.79,0,62,12.27,1.29,2,18,0.93,13,31,8.86,1,0.00,0.00,0.00,0,0.00,0.14,0.00,0.00,0,0.00,0.36,0.00,0.00,0.00,0.07,0.07,0.00,3.00,2.05,0.00,0.43,0.00,0.21,0.07,0.00,0.21,0.00,0.00,0,0,,3,0.21,81,3,2.05,99,0,0.00,12,0,6,0,26,0.00,99,0,1,0.68,24,2,26,1.36,58,0,0.00,99,0,0.00,0,0,0.00,0,0.00,14,6,4.09,90,1,0.68,16.67,0,0.00,0,0,0,0.00,0,0,0.00,99,0.00,0,N/A,N/A,N/A,N/A,0.00,0,0.00,0,0.97,0.00,0,72.22,100.00,99,99,0.00,0.00,0,44,13,0,0,0,0.00,0.00,0,31,39.10,0.00,0.00,0,0,0.00,0.00,99,0.00,0,0,0,0.00,0.00,0,0.00,0.00,0.00,0.00,0,0,33.33,97,0,12,53,0,0.03,2,0.00,0.02,0.97,98,0.07,0.66,2,0,0.00,0.00,2.05,0.21,93,3,0.66,98,2,1,83,0,50,71,0,0.00,99,3,0.00,2.05,23.18,2.43,34,10,71,94,6.82,0.71,29.41,5,3.41,0,0,0.00,0,0.00,99,0,0.00,0.00,26,0,96,28,0,0,0,0,0,96,98,99,61,0,99,95,22,99,0,0,30,24,0,0
Cristian Cosmin Dumitru,24,1008230400,2001/12/13,Liga II,2025/2026,Forward,Metalul Buzău,0,0,0,Romania,1,0,1,0,0,0,0,0,0,0,0,0,0,0,0,0,0,0,0,0,0,0,0,0,0,0,0,0,0,0,0,-1,-1,-1,-1,0,2.35,0,62,13.50,1.50,3,9,1.50,9,99,13.50,15,0.00,0.00,0.00,0,0.00,0.00,0.00,0.00,0,0.00,0.17,0.00,0.00,0.00,0.00,0.17,0.33,1.00,1.50,0.00,0.17,0.00,0.17,0.13,0.00,0.00,0.00,0.00,0,0,,1,0.17,68,1,1.50,98,0,0.00,12,0,1,0,26,0.00,99,0,0,0.00,1,0,26,0.00,14,0,0.00,99,0,0.00,0,0,0.00,0,0.00,14,1,1.50,55,1,1.50,100.00,0,0.00,0,0,0,0.00,0,2,0.00,99,3.00,96,N/A,N/A,N/A,N/A,0.00,0,0.00,0,0.76,0.00,0,100.00,100.00,99,99,0.00,0.00,0,70,99,0,0,0,0.00,0.00,0,31,14.11,0.00,0.00,0,0,0.00,0.00,99,0.00,0,0,0,0.00,0.00,0,0.00,0.00,1.50,0.17,1,1,100.00,99,0,0,51,0,0.02,6,0.00,0.03,0.76,99,0.13,1.14,99,3,0.50,4.50,0.00,0.00,7,0,1.14,99,0,1,83,0,99,1,0,0.00,99,0,0.00,0.00,22.50,2.50,15,5,83,93,7.50,0.83,33.33,1,1.50,13,0,0.00,0,0.00,99,0,0.00,0.00,26,0,64,28,0,0,0,0,0,38,51,69,61,0,99,9,22,22,0,0,30,7,0,0
Cristian Magerusan,26,937465200,1999/09/16,Liga II,2025/2026,Forward,ASA Târgu Mureş,762,391,371,Romania,11,6,5,8,5,3,3,3,0,0,0,4,3,1,11,4,7,5,0,1.3,0.35,0.94,1.15,0.73,95,1.3,69,69,152,254,0.59,3,11,-1,1,0,6.09,0.27,97,16.29,11.08,8,133,7.08,85,6,10.41,4,0.00,0.00,0.33,4,0.00,0.67,0.24,0.17,2,0.00,0.42,0.00,0.00,0.00,0.33,0.92,0.58,4.17,3.06,0.83,1.25,0.00,1.25,0.50,0.00,2.08,0.00,0.00,0,0,,25,2.08,96,15,1.84,99,10,1.22,78,2,2,8,53,0.00,99,0,4,0.49,15,8,26,0.98,53,0,0.00,99,0,0.00,0,0,0.00,0,0.49,46,15,1.84,64,11,1.35,73.33,0,0.00,0,0,0,0.00,0,7,0.00,39,0.86,45,N/A,N/A,N/A,N/A,0.00,0,0.00,0,5.94,0.00,0,63.91,60.00,93,99,0.00,0.00,0,66,58,0,0,0,0.08,0.12,1,41,73.06,0.25,0.37,3,0,0.00,0.00,99,0.00,0,0,0,0.00,0.00,0,0.00,0.00,0.24,0.17,2,0,24.00,90,42,46,52,39,0.92,57,0.08,0.11,5.94,99,0.50,0.73,98,24,2.00,2.94,1.35,0.92,69,11,0.73,99,38,16,83,0,78,87,0,0.00,99,25,0.00,3.06,18.73,12.75,153,62,84,79,7.59,5.17,40.52,5,0.61,44,0,0.00,0,0.00,99,0,0.00,0.00,26,53,73,85,0,1,0,9,0,99,99,98,99,0,99,69,24,98,5,45,99,99,0,0
Cristian Nicu Pǎdurariu,29,858067200,1997/03/11,Liga II,2025/2026,Forward,Dumbrăviţa,713,245,468,Romania,10,4,6,2,1,1,0,0,0,0,0,2,1,1,13,2,11,3,0,0.25,0,0.25,0.37,0.19,357,1.64,55,71,238,0,0.38,67,235,-1,4,0,5.45,0,62,28.22,14.47,38,217,9.60,144,10,18.73,30,0.00,0.00,0.13,2,0.00,0.47,0.91,0.47,7,0.00,0.67,0.00,0.00,0.00,0.60,0.00,0.73,5.50,1.43,0.47,0.00,0.00,0.27,0.14,0.00,3.53,0.00,0.00,0,0,,11,0.73,66,4,0.52,70,7,0.91,66,1,1,6,96,0.00,99,0,9,1.17,47,7,51,0.91,52,0,0.00,99,0,0.00,0,0,0.00,0,0.26,30,0,0.00,12,0,0.00,0.00,0,0.00,0,0,0,0.00,0,11,0.00,19,1.43,79,N/A,N/A,N/A,N/A,0.00,0,0.00,0,2.03,0.00,0,66.36,36.36,64,99,0.00,0.00,0,13,13,0,0,0,0.20,0.39,3,70,81.73,0.67,1.30,10,0,0.00,0.00,99,0.00,0,0,0,0.00,0.00,0,0.00,0.00,0.00,0.00,0,0,18.18,85,37,37,69,20,0.40,17,0.03,0.05,2.03,77,0.14,0.26,87,14,0.93,1.82,2.08,1.07,93,16,0.26,77,24,56,83,0,50,99,0,0.00,99,53,0.00,6.89,21.72,11.13,167,78,98,91,10.14,5.20,46.71,10,1.30,19,0,28.57,0,0.00,99,2,0.13,0.26,52,38,64,66,0,0,0,0,0,72,82,76,85,0,99,39,32,90,1,10,58,13,0,0
Damian Emil Cimpoeșu,25,969001200,2000/09/15,Liga II,2025/2026,Midfielder,Metalul Buzău,165,165,0,Romania,2,2,0,0,0,0,0,0,0,0,0,0,0,0,5,5,0,0,0,0,0,0,0,0,0,2.73,33,83,0,0,0,-1,-1,-1,8,0,5.66,0,62,34.44,28.00,54,168,23.33,140,81,28.70,63,0.00,0.00,0.00,0,0.00,0.00,0.00,0.00,0,0.00,0.00,0.00,0.00,0.00,1.50,0.00,1.83,0.00,0.21,0.00,0.17,0.00,0.17,0.02,0.00,3.33,0.00,0.00,0,0,,1,0.17,16,1,0.21,44,0,0.00,12,1,0,2,26,0.00,99,0,9,1.85,77,0,26,0.00,14,0,0.00,99,0,0.00,0,0,0.00,0,0.00,14,1,0.21,19,0,0.00,0.00,0,0.00,0,0,0,0.00,0,11,0.00,2,2.26,92,N/A,N/A,N/A,N/A,0.00,0,0.00,0,0.14,0.00,0,83.33,100.00,99,99,0.00,0.00,0,13,13,0,0,0,0.83,1.03,5,96,33.93,3.17,3.90,19,0,0.00,0.00,99,0.00,0,0,0,0.00,0.00,0,0.00,0.00,0.00,0.00,0,0,0.00,52,0,0,51,3,0.25,17,0.04,0.05,0.14,29,0.02,0.03,16,2,0.33,0.41,0.62,0.50,21,3,0.03,28,29,93,83,0,50,97,0,0.00,99,20,0.00,4.10,13.12,10.67,64,25,42,37,5.13,4.17,39.06,0,0.00,99,0,0.00,0,0.00,99,0,0.00,0.00,26,7,41,66,0,0,0,0,0,38,51,69,61,0,99,9,22,22,0,0,30,94,0,0
Damien Dussaut,31,784281600,1994/11/08,Liga II,2025/2026,Defender,Dumbrăviţa,0,0,0,Martinique,0,0,0,0,0,0,0,0,0,0,0,0,0,0,0,0,0,0,0,0,0,0,0,0,0,0,0,0,0,0,0,-1,-1,-1,-1,N/A,N/A,N/A,N/A,N/A,N/A,N/A,N/A,N/A,N/A,N/A,N/A,N/A,N/A,N/A,N/A,N/A,N/A,N/A,N/A,N/A,N/A,N/A,N/A,N/A,N/A,N/A,N/A,N/A,N/A,N/A,N/A,N/A,N/A,N/A,N/A,N/A,N/A,N/A,N/A,N/A,N/A,N/A,N/A,N/A,N/A,N/A,N/A,N/A,N/A,N/A,N/A,N/A,N/A,N/A,N/A,N/A,N/A,N/A,N/A,N/A,N/A,N/A,N/A,N/A,N/A,N/A,N/A,N/A,N/A,N/A,N/A,N/A,N/A,N/A,N/A,N/A,N/A,N/A,N/A,N/A,N/A,N/A,N/A,N/A,N/A,N/A,N/A,N/A,N/A,N/A,N/A,N/A,N/A,N/A,N/A,N/A,N/A,N/A,N/A,N/A,N/A,N/A,N/A,N/A,N/A,N/A,N/A,N/A,N/A,N/A,N/A,N/A,N/A,N/A,N/A,N/A,N/A,N/A,N/A,N/A,N/A,N/A,N/A,N/A,N/A,N/A,N/A,N/A,N/A,N/A,N/A,N/A,N/A,N/A,N/A,N/A,N/A,N/A,N/A,N/A,N/A,N/A,N/A,N/A,N/A,N/A,N/A,N/A,N/A,N/A,N/A,N/A,N/A,N/A,N/A,N/A,N/A,N/A,N/A,N/A,N/A,N/A,N/A,N/A,N/A,N/A,N/A,N/A,N/A,N/A,N/A,N/A,N/A,N/A,N/A,N/A,N/A,N/A,N/A,N/A,N/A,N/A,N/A,N/A,N/A,N/A,N/A,N/A,N/A,N/A,N/A,N/A,N/A,N/A,N/A,N/A,N/A,N/A,N/A,N/A,N/A,N/A,N/A,N/A,N/A,N/A,N/A,N/A,N/A,N/A,N/A,N/A,N/A,N/A,N/A,N/A,N/A,N/A,N/A,N/A,N/A,N/A,N/A
Dan Lucian Panait,29,856080000,1997/02/16,Liga II,2025/2026,Defender,Bihor Oradea,258,149,109,Romania,7,3,4,0,0,0,0,0,0,0,0,2,1,1,3,1,2,1,0,0,0,0,0,0,0,1.05,86,37,258,0,0.35,-1,-1,-1,11,0,3.32,0,62,43.22,10.43,75,146,7.07,99,15,29.31,64,0.00,0.00,0.14,2,0.00,1.00,0.00,0.00,0,0.00,0.00,0.00,0.00,0.00,0.43,0.07,0.29,0.00,0.00,0.00,0.21,0.00,0.00,0.00,0.00,0.36,0.00,0.00,0,0,,0,0.00,10,0,0.00,23,0,0.00,12,4,4,3,26,0.00,99,0,6,1.78,73,14,94,4.14,96,0,0.00,99,0,0.00,0,0,0.00,0,0.59,51,3,0.89,42,1,0.30,33.33,0,0.00,0,0,0,0.00,0,4,0.00,64,1.18,68,N/A,N/A,N/A,N/A,0.00,0,0.00,0,0.00,0.00,0,67.81,0.00,23,99,0.00,0.00,0,28,15,0,0,0,0.00,0.00,0,31,46.50,0.43,1.78,6,0,0.00,0.00,99,0.00,0,0,0,0.00,0.00,0,0.00,0.00,0.00,0.00,0,0,0.00,52,0,12,51,65,0.84,94,0.06,0.25,0.00,11,0.00,0.00,44,3,0.21,0.89,0.89,0.21,37,3,0.00,10,3,65,83,0,50,57,0,0.00,99,5,0.00,1.48,11.25,2.71,38,14,22,21,4.14,1.00,36.84,0,0.00,99,0,57.14,0,0.00,99,8,0.57,2.37,99,12,89,96,0,0,0,0,0,38,51,69,61,0,99,54,35,87,1,14,72,22,0,0
Dan Ștefan Spătaru,21,1112083200,2005/03/29,Liga II,2025/2026,Midfielder,Tunari,108,18,90,Romania,2,1,1,0,0,0,1,0,1,0,0,0,0,0,2,0,2,0,0,0.83,0.83,0,0,0,0,1.67,54,54,0,108,0,-1,-1,-1,19,0,6.90,0.5,99,42.86,10.00,75,10,8.00,8,63,34.29,75,0.00,0.00,0.00,0,0.00,3.00,0.00,0.00,0,0.00,0.00,0.00,0.00,0.00,0.00,2.00,0.00,0.00,4.29,1.00,2.00,0.00,0.00,0.06,0.00,0.00,0.00,0.00,0,0,,1,1.00,99,0,0.00,23,1,4.29,99,0,1,1,26,0.00,99,0,0,0.00,1,3,65,12.86,99,0,0.00,99,0,0.00,0,0,0.00,0,0.00,14,2,8.57,99,2,8.57,100.00,0,0.00,0,0,0,0.00,0,0,0.00,16,0.00,0,N/A,N/A,N/A,N/A,0.00,0,0.00,0,0.06,0.00,0,80.00,0.00,23,99,0.00,0.00,0,99,99,0,0,0,0.00,0.00,0,31,6.90,0.00,0.00,0,0,0.00,0.00,99,0.00,0,0,0,0.00,0.00,0,0.00,0.00,0.00,0.00,0,0,0.00,52,0,0,51,17,0.02,45,0.02,0.09,0.06,77,0.06,0.26,99,1,1.00,4.29,0.00,0.00,7,0,0.26,77,78,1,83,0,50,1,0,0.00,99,0,0.00,0.00,21.43,5.00,5,3,99,89,12.86,3.00,60.00,0,0.00,99,0,33.33,0,0.00,99,1,1.00,4.29,99,4,64,28,0,0,0,0,0,97,51,69,61,0,99,9,22,22,0,0,30,11,0,0
Daniel Alexandru Vîrtej,28,878025600,1997/10/28,Liga II,2025/2026,Defender,Sepsi,1080,540,540,Romania,12,6,6,0,0,0,1,1,0,0,0,4,2,2,11,6,5,2,1,0.08,0.08,0,0,0,0,0.92,98,90,360,1080,0.25,313,115,21,25,0,5.51,0.08,68,57.00,45.60,97,912,39.90,798,95,49.88,98,0.00,0.00,0.10,2,0.00,0.15,0.31,0.25,5,0.00,0.10,0.00,0.00,0.00,1.45,0.05,0.40,0.00,0.25,0.15,0.20,0.00,0.05,0.01,0.00,1.30,0.00,0.00,0,0,,4,0.20,20,1,0.06,25,3,0.19,21,0,0,12,60,0.00,99,0,29,1.81,75,3,97,0.19,21,0,0.00,99,0,0.00,0,0,0.00,0,0.12,20,4,0.25,21,1,0.06,25.00,0,0.00,0,0,0,0.00,0,8,0.00,77,0.50,18,N/A,N/A,N/A,N/A,0.00,0,0.00,0,0.27,0.00,0,87.50,25.00,43,99,0.00,0.00,0,14,13,0,0,0,0.50,0.62,10,86,110.20,2.30,2.88,46,1,0.00,0.06,10,0.05,0,0,0,0.00,0.00,0,0.00,0.00,0.00,0.00,0,0,0.00,52,73,58,51,77,2.33,74,0.12,0.15,0.27,23,0.01,0.02,12,5,0.25,0.31,0.88,0.70,37,14,0.02,22,25,82,83,0,50,60,0,0.00,99,26,0.00,1.62,11.19,8.95,179,69,24,21,4.31,3.45,38.55,2,0.12,79,0,66.67,0,0.00,99,2,0.10,0.12,36,84,41,28,0,0,0,0,0,43,51,69,61,0,99,66,48,75,1,8,50,82,0,0
Daniel Constantin Florea,38,577263600,1988/04/17,Liga II,2025/2026,Forward,Chindia Târgovişte,936,512,424,Romania,14,7,7,9,7,2,2,0,2,0,0,8,5,3,5,2,3,2,0,1.06,0.19,0.87,1.23,0.42,104,0.48,187,67,468,468,0.19,5,47,-1,1,0,7.17,0.14,88,27.25,18.75,34,300,14.69,235,56,21.34,40,0.00,0.00,0.94,15,0.00,1.00,0.09,0.06,1,0.00,0.88,0.00,0.00,0.00,0.19,0.94,0.62,5.00,3.18,1.31,1.12,0.00,0.88,0.43,0.00,0.69,0.00,0.00,0,0,,35,2.19,97,14,1.27,96,21,1.91,96,1,1,11,32,0.00,99,0,3,0.27,6,16,55,1.45,61,0,0.00,99,0,0.00,0,0,0.00,0,1.36,84,18,1.63,60,15,1.36,83.33,0,0.00,0,0,0,0.00,0,10,0.00,98,0.91,51,N/A,N/A,N/A,N/A,0.00,0,0.00,0,6.93,0.00,0,78.33,40.00,73,99,0.00,0.00,0,67,80,0,0,0,0.00,0.00,0,31,114.66,0.00,0.00,0,0,0.00,0.00,99,0.00,0,0,1,0.06,0.09,0,0.00,0.00,1.09,0.75,12,0,20.00,88,61,78,52,98,2.21,87,0.14,0.20,6.93,98,0.43,0.63,81,18,1.12,1.63,1.73,1.19,84,19,0.63,97,93,1,93,0,97,38,0,0.00,99,11,0.00,1.00,14.89,10.25,164,62,51,50,5.63,3.88,37.80,14,1.27,21,0,31.25,0,0.00,99,5,0.31,0.45,65,80,64,66,0,0,0,0,0,98,99,92,99,0,99,95,64,58,1,7,41,10,0,0
Daniel Danu,24,1017129600,2002/03/26,Liga II,2025/2026,Midfielder,CSM Satu Mare,83,33,50,Moldova,4,2,2,0,0,0,0,0,0,0,0,0,0,0,0,0,0,0,0,0,0,0,0,0,0,0,0,21,0,0,0,-1,-1,-1,23,0,4.97,0,62,38.75,7.75,67,31,5.50,22,27,27.50,60,0.00,0.00,0.50,2,0.00,0.25,3.75,0.75,3,0.00,0.50,0.00,0.00,0.00,0.50,0.00,0.00,0.00,0.00,0.00,0.00,0.00,0.00,0.00,0.00,0.50,0.00,0.00,0,0,,0,0.00,10,0,0.00,23,0,0.00,12,0,3,0,99,0.00,99,0,2,2.50,93,1,99,1.25,56,0,0.00,99,0,0.00,0,0,0.00,0,2.50,99,0,0.00,12,0,0.00,0.00,0,0.00,0,0,0,0.00,0,0,0.00,99,0.00,0,N/A,N/A,N/A,N/A,0.00,0,0.00,0,0.00,0.00,0,70.97,0.00,23,99,0.00,0.00,0,13,13,0,0,0,0.00,0.00,0,31,19.90,0.00,0.00,0,0,0.00,0.00,99,0.00,0,0,0,0.00,0.00,0,0.00,0.00,0.00,0.00,0,0,0.00,52,0,0,51,0,0.12,74,0.03,0.15,0.00,11,0.00,0.00,65,1,0.25,1.25,0.00,0.00,7,0,0.00,10,17,1,83,0,50,78,0,0.00,99,2,0.00,2.50,21.25,4.25,17,5,66,89,6.25,1.25,29.41,2,2.50,3,0,100.00,0,0.00,99,1,0.25,1.25,91,0,85,28,0,0,0,0,0,38,51,69,61,0,99,9,22,22,0,0,30,20,0,0
Daniel Dumbravanu,24,995785200,2001/07/22,Liga II,2025/2026,Defender,Voluntari,900,450,450,Moldova,10,5,5,0,0,0,1,1,0,0,0,4,1,3,10,8,2,2,0,0.1,0.1,0,0,0,0,1,90,90,450,900,0.2,185,103,34,17,0,6.99,0.1,71,55.86,55.86,96,782,45.86,642,76,45.86,94,0.00,0.00,0.00,0,0.00,0.07,0.00,0.00,0,0.00,0.07,0.00,0.00,0.00,2.00,0.07,0.50,0.00,0.43,0.36,0.07,0.00,0.07,0.03,0.00,2.21,0.00,0.00,0,0,,6,0.43,28,1,0.07,26,5,0.36,32,0,0,9,26,0.00,99,0,28,2.00,82,1,26,0.07,14,0,0.00,99,0,0.00,0,0,0.00,0,0.00,14,1,0.07,12,1,0.07,100.00,0,0.00,0,0,0,0.00,0,7,0.00,69,0.50,18,N/A,N/A,N/A,N/A,0.00,0,0.00,0,0.39,0.00,0,82.10,16.67,29,99,0.00,0.00,0,14,99,0,0,0,0.79,0.79,11,93,97.83,3.14,3.14,44,0,0.00,0.00,99,0.00,0,0,0,0.00,0.00,0,0.00,0.00,0.07,0.07,1,1,0.00,52,59,37,51,69,2.06,74,0.15,0.15,0.39,29,0.03,0.03,8,3,0.21,0.21,0.79,0.79,32,11,0.03,28,84,87,83,0,54,75,0,0.00,99,31,0.00,2.21,9.64,9.64,135,61,25,14,4.36,4.36,45.19,1,0.07,82,0,0.00,0,0.00,99,0,0.00,0.00,26,65,41,28,0,0,0,0,0,46,51,69,61,0,99,76,61,63,1,10,58,4,0,0
Daniel Dumitru Benzar,28,883468800,1997/12/30,Liga II,2025/2026,Midfielder,Viitorul Şelimbăr,657,289,368,Romania,11,5,6,1,1,0,0,0,0,0,0,0,0,0,11,4,7,1,0,0.14,0,0.14,0.31,0,657,1.51,60,60,657,0,0.14,114,314,-1,5,0,6.02,0,62,28.49,16.40,39,164,12.80,128,55,22.24,44,0.00,0.00,0.70,7,0.00,0.40,0.35,0.20,2,0.00,0.40,0.00,0.00,0.00,0.40,0.70,1.20,6.00,1.04,0.30,0.90,0.00,0.30,0.11,0.00,0.40,0.00,0.00,0,0,,6,0.60,56,3,0.52,70,3,0.52,44,3,3,5,64,0.00,99,0,4,0.69,25,4,43,0.69,44,0,0.00,99,0,0.00,0,0,0.00,0,1.22,79,9,1.56,58,7,1.22,77.78,0,0.00,0,0,0,0.00,0,12,0.00,24,2.08,91,N/A,N/A,N/A,N/A,0.00,0,0.00,0,1.14,0.00,0,78.05,50.00,88,99,0.00,0.00,0,62,66,0,0,0,0.00,0.00,0,31,60.24,0.50,0.87,5,0,0.00,0.00,99,0.00,0,0,0,0.00,0.00,0,0.00,0.00,0.00,0.00,0,0,16.67,81,33,46,85,26,0.58,51,0.06,0.10,1.14,69,0.11,0.20,64,7,0.70,1.22,0.87,0.50,36,5,0.20,69,36,38,83,0,50,20,0,0.00,99,4,0.00,0.69,11.47,6.60,66,18,12,22,3.13,1.80,27.27,4,0.69,40,0,25.00,0,0.00,99,1,0.10,0.17,41,29,85,91,0,0,0,0,0,54,67,69,81,0,99,9,78,48,1,9,54,10,0,0
Daniel Iglesias Gago,30,808729200,1995/08/18,Liga II,2025/2026,Forward,Sepsi,796,409,387,Spain,11,6,5,1,1,0,0,0,0,0,0,5,2,3,4,3,1,0,0,0.11,0,0.11,0.22,0,796,0.45,199,72,0,0,0,126,149,-1,7,0,5.37,0,62,55.54,34.71,95,590,30.71,522,97,49.14,97,0.00,0.00,0.24,4,0.00,0.29,0.85,0.53,9,0.00,0.41,0.00,0.00,0.00,1.06,0.59,0.29,8.00,0.75,0.29,0.59,0.00,0.18,0.07,0.00,0.59,0.00,0.00,0,0,,8,0.47,43,3,0.28,52,5,0.47,40,3,1,9,94,0.00,99,0,18,1.69,70,5,78,0.47,38,0,0.00,99,0,0.00,0,0,0.00,0,0.38,36,10,0.94,42,10,0.94,100.00,0,0.00,0,0,0,0.00,0,5,0.00,99,0.47,14,N/A,N/A,N/A,N/A,0.00,0,0.00,0,1.23,0.00,0,88.47,37.50,66,99,0.00,0.00,0,53,99,0,0,0,0.12,0.19,2,51,91.28,0.47,0.75,8,0,0.00,0.00,99,0.00,0,0,1,0.06,0.09,0,0.00,0.00,0.00,0.00,0,0,12.50,70,46,46,88,99,1.29,62,0.08,0.12,1.23,57,0.07,0.12,90,20,1.18,1.88,1.32,0.82,67,14,0.12,56,23,34,93,0,50,33,0,0.00,99,10,0.00,0.94,15.06,9.41,160,73,72,51,6.87,4.29,45.62,7,0.66,41,0,40.00,0,0.00,99,2,0.12,0.19,44,65,64,91,0,0,0,0,0,47,63,69,73,0,99,84,22,22,0,0,30,34,0,0
Daniel Isvoranu,27,915264000,1999/01/02,Liga II,2025/2026,Goalkeeper,Chindia Târgovişte,180,90,90,Romania,2,1,1,0,0,0,0,0,0,0,0,2,1,1,0,0,0,0,0,0,0,0,0,0,0,0,0,90,0,0,0,-1,-1,-1,16,0,3.83,0,62,20.75,10.38,19,83,7.88,63,47,15.75,22,0.00,0.00,0.00,0,0.00,0.00,0.00,0.00,0,0.00,0.00,0.00,0.00,2.12,0.50,0.00,2.12,0.00,0.00,0.00,0.00,0.00,0.00,0.00,0.00,0.62,0.00,0.00,0,0,,0,0.00,10,0,0.00,23,0,0.00,12,0,0,2,26,0.00,99,0,4,1.00,39,0,26,0.00,14,0,0.00,99,0,0.00,0,0,0.00,0,0.00,14,0,0.00,12,0,0.00,0.00,0,0.00,0,17,99,4.25,96,17,0.00,99,4.25,99,N/A,N/A,N/A,N/A,100.00,0,0.00,0,0.00,0.00,0,75.90,0.00,23,99,0.00,0.00,0,13,13,0,0,11,0.00,0.00,0,31,30.64,0.38,0.75,3,0,0.00,0.00,99,0.00,0,0,0,0.00,0.00,0,0.00,0.00,0.00,0.00,0,0,0.00,52,0,0,51,0,0.12,6,0.01,0.03,0.00,11,0.00,0.00,21,2,0.25,0.50,0.00,0.00,7,0,0.00,10,7,34,83,0,50,49,0,0.00,99,5,0.00,1.25,1.25,0.62,5,5,7,7,1.25,0.62,100.00,0,0.00,99,0,0.00,0,0.00,99,0,0.00,0.00,26,7,41,28,0,0,0,0,0,38,51,69,61,0,99,99,22,22,0,0,30,33,0,0
Daniel Marinel Celea,30,805014000,1995/07/06,Liga II,2025/2026,Defender,Chindia Târgovişte,1279,630,649,Romania,15,7,8,1,0,1,0,0,0,0,0,6,3,3,14,6,8,2,0,0.07,0,0.07,0,0.14,1279,0.99,91,85,640,0,0.14,152,278,28,11,0,6.92,0,62,56.49,53.94,96,971,45.11,812,82,47.24,95,0.00,0.00,0.11,2,0.00,0.00,0.58,0.56,10,0.00,0.00,0.00,0.00,0.00,1.33,0.00,0.83,12.00,0.70,0.44,0.06,0.00,0.22,0.08,0.00,3.28,0.00,0.00,0,0,,12,0.67,41,4,0.23,47,8,0.47,40,0,0,13,80,0.00,99,0,24,1.40,58,0,26,0.00,14,0,0.00,99,0,0.00,0,0,0.00,0,0.12,20,1,0.06,12,0,0.00,0.00,0,0.00,0,0,0,0.00,0,15,0.00,71,0.87,46,N/A,N/A,N/A,N/A,0.00,0,0.00,0,1.45,0.00,0,83.63,33.33,60,99,0.00,0.00,0,13,13,0,0,0,1.00,1.05,18,97,124.59,3.94,4.13,71,0,0.00,0.00,99,0.00,0,0,1,0.06,0.06,0,0.00,0.00,0.06,0.06,1,0,8.33,63,88,87,96,71,2.51,74,0.14,0.15,1.45,48,0.08,0.08,23,10,0.56,0.58,0.64,0.61,22,11,0.08,47,80,94,87,0,53,91,0,0.00,99,59,0.00,3.43,12.04,11.50,207,98,52,25,5.70,5.44,47.34,0,0.00,99,0,0.00,0,0.00,99,0,0.00,0.00,26,88,41,28,0,0,0,0,0,40,55,71,61,0,99,76,76,48,2,13,67,6,0,0
Daniel Nicolae Pîrvulescu,29,849168000,1996/11/28,Liga II,2025/2026,Midfielder,Corvinul Hunedoara,1597,739,858,Romania,19,9,10,3,3,0,3,0,3,0,0,13,6,7,8,4,4,3,0,0.34,0.17,0.17,0.37,0,532,0.45,200,84,532,532,0.17,106,61,-1,3,0,7.24,0.16,85,27.89,25.58,36,665,18.69,486,36,20.38,36,0.00,0.00,1.35,35,0.00,3.62,0.17,0.15,4,0.00,0.77,0.00,0.00,0.00,0.58,4.19,0.38,22.33,2.81,1.81,5.62,0.00,0.77,0.25,0.00,0.62,0.00,0.00,0,0,,67,2.58,94,20,0.84,80,47,1.97,97,2,0,19,43,0.00,99,0,15,0.63,21,94,44,3.94,95,0,0.00,99,0,0.00,0,0,0.00,0,1.47,88,146,6.12,98,109,4.57,74.66,0,0.00,0,0,0,0.00,0,10,0.00,99,0.42,10,N/A,N/A,N/A,N/A,0.00,0,0.00,0,6.53,0.00,0,73.08,29.85,47,99,0.00,0.00,0,98,59,0,0,0,0.00,0.00,0,31,188.28,0.58,0.63,15,0,0.00,0.00,99,0.00,0,0,2,0.08,0.08,0,0.00,0.00,0.42,0.38,10,0,4.48,53,97,99,82,99,4.56,84,0.18,0.19,6.53,79,0.25,0.27,57,27,1.04,1.13,1.09,1.00,49,26,0.27,79,95,26,91,0,83,19,0,0.00,99,16,0.00,0.67,18.16,16.65,433,184,85,73,7.72,7.08,42.49,20,0.84,34,0,25.53,0,0.00,99,24,0.92,1.01,86,99,41,85,0,0,0,0,0,79,70,69,85,0,99,99,70,54,3,16,75,19,0,0
Daniel Toma,25,956386800,2000/04/22,Liga II,2025/2026,Midfielder,Voluntari,883,449,434,Romania,14,9,5,0,0,0,0,0,0,0,0,7,4,3,9,6,3,1,0,0,0,0,0,0,0,0.92,98,63,883,0,0.1,320,322,-1,21,0,4.67,0,62,37.58,15.94,64,271,13.18,224,78,31.06,67,0.00,0.00,0.29,5,0.00,0.29,0.28,0.12,2,0.00,0.29,0.00,0.00,0.00,0.82,0.06,0.29,0.00,0.55,0.24,0.12,0.00,0.00,0.01,0.00,0.12,0.00,0.00,0,0,,4,0.24,33,0,0.00,23,4,0.55,48,4,3,8,58,0.00,99,0,14,1.94,79,5,26,0.69,44,0,0.00,99,0,0.00,0,0,0.00,0,0.69,58,2,0.28,21,1,0.14,50.00,0,0.00,0,0,0,0.00,0,5,0.00,77,0.69,28,N/A,N/A,N/A,N/A,0.00,0,0.00,0,0.21,0.00,0,82.66,0.00,23,99,0.00,0.00,0,19,24,0,0,0,0.24,0.55,4,82,79.35,0.47,1.11,8,0,0.00,0.00,99,0.00,0,0,0,0.00,0.00,0,0.00,0.00,0.00,0.00,0,0,0.00,52,56,78,51,77,0.73,51,0.04,0.10,0.21,29,0.01,0.03,82,12,0.71,1.66,1.80,0.76,87,13,0.03,28,14,49,83,0,50,6,0,0.00,99,2,0.00,0.28,16.22,6.88,117,34,32,59,4.71,2.00,29.06,5,0.69,40,0,0.00,0,0.00,99,0,0.00,0.00,26,53,85,96,0,0,0,0,0,38,51,69,61,0,99,93,89,34,1,7,41,7,0,0
Daniele Luncașu,18,1202976000,2008/02/14,Liga II,2025/2026,Midfielder,FC Bacău,585,249,336,Romania,12,6,6,0,0,0,0,0,0,0,0,3,2,1,9,3,6,2,0,0,0,0,0,0,0,1.38,65,49,293,0,0.31,205,171,-1,11,0,5.91,0,62,16.82,7.10,9,71,4.40,44,4,10.42,5,0.00,0.00,0.20,2,0.00,1.50,0.71,0.30,3,0.00,0.60,0.00,0.00,0.00,0.10,1.10,0.10,0.00,1.42,0.40,1.40,0.00,0.20,0.04,0.00,1.10,0.00,0.00,0,0,,6,0.60,66,2,0.47,66,4,0.95,68,1,6,3,89,0.00,99,0,1,0.24,5,15,46,3.55,92,0,0.00,99,0,0.00,0,0,0.00,0,0.47,44,14,3.32,85,11,2.61,78.57,0,0.00,0,0,0,0.00,0,1,0.00,36,0.24,2,N/A,N/A,N/A,N/A,0.00,0,0.00,0,0.41,0.00,0,61.97,33.33,60,99,0.00,0.00,0,89,67,0,0,0,0.10,0.24,1,58,59.11,0.50,1.18,5,0,0.00,0.00,99,0.00,0,0,0,0.00,0.00,0,0.00,0.00,0.24,0.10,1,0,0.00,52,25,58,51,36,0.15,11,0.01,0.04,0.41,52,0.04,0.10,47,4,0.40,0.95,3.08,1.30,99,13,0.10,51,34,52,83,0,78,80,0,0.00,99,11,0.00,2.61,19.42,8.20,82,35,90,82,8.29,3.50,42.68,6,1.42,16,0,26.67,0,0.00,99,4,0.40,0.95,84,12,96,66,0,0,0,0,0,38,51,69,61,0,99,47,40,83,1,8,50,9,0,0
Dănuţ Dorinel Oprea,28,892537200,1998/04/14,Liga II,2025/2026,Midfielder,Metalul Buzău,151,66,85,Romania,8,3,5,1,1,0,0,0,0,0,0,3,2,1,1,0,1,0,0,0.6,0,0.6,1.36,0,151,0.6,151,19,0,0,0,-1,-1,-1,6,0,4.39,0,62,46.72,7.92,85,95,6.33,76,63,37.38,81,0.00,0.00,0.00,0,0.00,0.25,0.00,0.00,0,0.00,0.08,0.00,0.00,0.00,0.50,0.17,0.33,0.00,1.48,0.17,0.17,0.00,0.08,0.02,0.00,0.25,0.00,0.00,0,0,,3,0.25,67,1,0.49,67,2,0.98,69,0,6,0,26,0.00,99,0,6,2.95,98,3,65,1.48,62,0,0.00,99,0,0.00,0,0,0.00,0,0.00,14,2,0.98,44,2,0.98,100.00,0,0.00,0,0,0,0.00,0,4,0.00,91,1.97,89,N/A,N/A,N/A,N/A,0.00,0,0.00,0,0.26,0.00,0,80.00,33.33,60,99,0.00,0.00,0,53,99,0,0,0,0.00,0.00,0,31,52.73,0.25,1.48,3,0,0.00,0.00,99,0.00,0,0,0,0.00,0.00,0,0.00,0.00,0.00,0.00,0,0,0.00,52,0,20,55,92,0.19,45,0.02,0.09,0.26,59,0.02,0.13,75,3,0.25,1.48,2.95,0.50,99,6,0.13,59,10,60,83,0,50,57,0,0.00,99,3,0.00,1.48,19.67,3.33,40,13,68,82,6.39,1.08,32.50,1,0.49,48,0,33.33,0,0.00,99,1,0.08,0.49,66,0,96,28,0,0,0,0,0,94,96,69,99,0,99,71,22,22,0,0,30,8,0,0
Danylo Kucher,29,854179200,1997/01/25,Liga II,2025/2026,Goalkeeper,Concordia Chiajna,1710,990,720,Ukraine,19,11,8,0,0,0,0,0,0,0,0,6,5,1,20,9,11,2,0,0,0,0,0,0,0,1.05,86,90,855,0,0.11,272,215,42,14,0,6.77,0,62,19.07,18.00,14,396,15.50,341,91,16.42,24,0.00,0.00,0.00,0,0.00,0.00,0.05,0.05,1,0.00,0.00,0.00,0.00,2.91,1.36,0.00,2.91,0.00,0.00,0.00,0.00,0.00,0.00,0.00,0.00,0.45,0.00,0.00,0,0,,0,0.00,10,0,0.00,23,0,0.00,12,0,0,19,27,0.00,99,0,30,1.44,60,0,26,0.00,14,0,0.00,99,0,0.00,0,0,0.00,0,0.00,14,0,0.00,12,0,0.00,0.00,0,0.00,0,64,99,3.08,54,64,0.00,64,3.08,96,N/A,N/A,N/A,N/A,100.00,0,0.00,0,0.00,0.00,0,86.11,0.00,23,99,0.00,0.00,0,13,13,0,0,39,0.00,0.00,0,31,148.86,0.45,0.48,10,1,0.00,0.05,11,0.05,0,0,0,0.00,0.00,0,0.00,0.00,0.00,0.00,0,0,0.00,52,99,99,51,65,0.76,11,0.03,0.04,0.00,11,0.00,0.00,3,1,0.05,0.05,0.05,0.05,7,1,0.00,10,66,21,83,0,50,12,0,0.00,99,10,0.00,0.48,1.06,1.00,22,13,6,7,0.63,0.59,59.09,0,0.00,99,0,0.00,0,0.00,99,0,0.00,0.00,26,99,41,28,0,0,0,0,0,38,51,69,61,0,99,59,88,37,2,11,62,1,0,0
Darius Adrian Oroian,22,1059721200,2003/08/01,Liga II,2025/2026,Defender,Sepsi,847,452,395,Romania,13,6,7,0,0,0,1,0,1,0,0,7,4,3,7,3,4,0,0,0.11,0.11,0,0,0,0,0.74,121,65,0,847,0,287,97,13,22,0,5.65,0.08,74,50.20,26.80,90,536,20.40,408,49,38.21,84,0.00,0.00,0.85,17,0.00,2.65,0.00,0.00,0,0.00,0.15,0.00,0.00,0.00,0.90,0.95,0.25,0.00,1.03,0.50,1.00,0.00,0.05,0.03,0.00,0.85,0.00,0.00,0,0,,11,0.55,55,1,0.09,27,10,0.94,68,2,3,9,26,0.00,99,0,18,1.69,70,53,72,4.96,98,0,0.00,99,0,0.00,0,0,0.00,0,1.59,91,20,1.87,64,19,1.78,95.00,0,0.00,0,0,0,0.00,0,5,0.00,86,0.47,14,N/A,N/A,N/A,N/A,0.00,0,0.00,0,0.68,0.00,0,76.12,9.09,24,99,0.00,0.00,0,77,89,0,0,0,0.10,0.19,2,51,112.99,1.70,3.18,34,0,0.00,0.00,99,0.00,0,0,0,0.00,0.00,0,0.00,0.00,0.00,0.00,0,0,0.00,52,53,67,51,86,2.60,93,0.13,0.24,0.68,42,0.03,0.06,14,4,0.20,0.37,1.22,0.65,59,13,0.06,41,28,87,83,0,50,59,0,0.00,99,17,0.00,1.59,13.77,7.35,147,60,51,42,5.62,3.00,40.82,3,0.28,64,0,37.74,0,0.00,99,20,1.00,1.87,98,65,85,85,0,0,0,0,0,47,51,69,61,0,99,93,22,22,0,0,30,17,0,0
Darius Alexandru Grigore,19,1173427200,2007/03/09,Liga II,2025/2026,Forward,Concordia Chiajna,966,537,429,Romania,12,7,5,1,0,1,0,0,0,0,0,4,3,1,9,4,5,0,0,0.09,0,0.09,0,0.21,966,0.84,107,81,0,0,0,136,213,-1,10,0,4.56,0,62,23.53,14.42,24,274,11.37,216,58,18.55,30,0.00,0.00,0.26,5,0.00,0.89,0.00,0.00,0,0.00,0.74,0.00,0.00,0.00,0.26,1.37,0.42,20.00,1.72,0.79,2.16,0.00,0.26,0.11,0.00,0.37,0.00,0.00,0,0,,20,1.05,74,5,0.43,64,15,1.29,80,4,1,11,26,0.00,99,0,5,0.43,11,17,27,1.46,62,0,0.00,99,0,0.00,0,0,0.00,0,0.43,40,41,3.52,88,26,2.23,63.41,0,0.00,0,0,0,0.00,0,8,0.00,82,0.69,28,N/A,N/A,N/A,N/A,0.00,0,0.00,0,2.10,0.00,0,78.83,25.00,43,99,0.00,0.00,0,84,37,0,0,0,0.00,0.00,0,31,86.66,0.05,0.09,1,0,0.00,0.00,99,0.00,0,0,0,0.00,0.00,0,0.00,0.00,0.17,0.11,2,0,5.00,54,63,58,92,82,0.71,23,0.04,0.06,2.10,65,0.11,0.18,42,10,0.53,0.86,0.43,0.26,13,5,0.18,65,12,2,83,0,69,16,0,0.00,99,7,0.00,0.60,14.86,9.11,173,59,39,49,5.07,3.11,34.10,14,1.20,23,0,11.76,0,0.00,99,2,0.11,0.17,41,80,64,96,0,0,0,0,0,44,60,78,61,0,99,66,22,22,0,0,30,13,0,0
Darius Băncilă,18,1187506800,2007/08/19,Liga II,2025/2026,Midfielder,Metalul Buzău,222,153,69,,4,3,1,0,0,0,1,1,0,0,0,2,1,1,2,2,0,1,0,0.41,0.41,0,0,0,0,0.81,111,56,222,222,0.41,-1,-1,-1,10,0,1.29,0.25,98,64.57,9.90,99,99,8.50,85,90,55.43,99,0.00,0.00,0.20,2,0.00,0.60,0.00,0.00,0,0.00,0.30,0.00,0.00,0.00,0.20,0.10,0.10,0.00,0.00,0.00,0.20,0.00,0.00,0.00,0.00,0.40,0.00,0.00,0,0,,0,0.00,10,0,0.00,23,0,0.00,12,0,1,1,26,0.00,99,0,2,1.30,54,6,91,3.91,95,0,0.00,99,0,0.00,0,0,0.00,0,1.30,82,2,1.30,52,1,0.65,50.00,0,0.00,0,0,0,0.00,0,1,0.00,83,0.65,25,N/A,N/A,N/A,N/A,0.00,0,0.00,0,0.00,0.00,0,85.86,0.00,23,99,0.00,0.00,0,43,24,0,0,0,0.00,0.00,0,31,12.89,0.30,1.96,3,0,0.00,0.00,99,0.00,0,0,0,0.00,0.00,0,0.00,0.00,0.65,0.10,1,0,0.00,52,0,0,51,83,0.25,77,0.03,0.16,0.00,11,0.00,0.00,27,1,0.10,0.65,3.26,0.50,99,5,0.00,10,0,69,83,0,93,80,0,0.00,99,4,0.00,2.61,18.91,2.90,29,9,56,80,5.87,0.90,31.03,3,1.96,8,0,50.00,0,0.00,99,3,0.30,1.96,99,4,64,28,0,0,0,0,0,84,51,69,61,0,99,93,30,92,0,0,30,19,0,0
Darius Dacian Ghindovean,24,1004601600,2001/11/01,Liga II,2025/2026,Midfielder,CSM Iaşi,1169,696,473,Romania,14,8,6,3,3,0,0,0,0,0,0,6,4,2,11,4,7,4,0,0.23,0,0.23,0.39,0,390,0.85,106,84,292,0,0.31,73,176,-1,2,0,7.30,0,62,36.68,33.75,61,540,25.31,405,44,27.51,60,0.00,0.00,1.38,22,0.00,1.25,0.61,0.56,9,0.00,1.38,0.00,0.00,0.00,0.81,2.62,0.62,16.67,3.40,2.19,3.31,0.00,0.94,0.35,0.00,1.44,0.00,0.00,0,0,,50,3.12,98,15,1.02,88,35,2.38,99,5,0,13,82,0.00,99,0,13,0.88,34,20,84,1.36,58,0,0.00,99,0,0.00,0,0,0.00,0,1.49,88,53,3.60,89,42,2.85,79.25,0,0.00,0,0,0,0.00,0,10,0.00,81,0.68,27,N/A,N/A,N/A,N/A,0.00,0,0.00,0,5.57,0.00,0,75.00,30.00,48,99,0.00,0.00,0,90,68,0,0,0,0.12,0.14,2,44,116.86,1.06,1.15,17,0,0.00,0.00,99,0.00,0,0,0,0.00,0.00,0,0.00,0.00,0.00,0.00,0,0,6.00,57,80,78,72,81,1.44,51,0.09,0.10,5.57,88,0.35,0.38,79,23,1.44,1.56,2.11,1.94,93,31,0.38,88,98,50,83,0,50,59,0,0.00,99,23,0.00,1.56,21.53,19.81,317,131,93,90,8.90,8.19,41.32,22,1.49,14,0,45.00,0,0.00,99,9,0.56,0.61,73,88,41,99,0,0,0,0,0,69,79,69,86,0,99,81,40,83,4,29,95,8,0,0
Darius Grosu,23,1023433200,2002/06/07,Liga II,2025/2026,Defender,Muscelul Câmpulung Elite,638,270,368,Romania,8,3,5,0,0,0,0,0,0,0,0,1,0,1,14,3,11,2,0,0,0,0,0,0,0,1.97,46,80,319,0,0.28,234,222,87,1,0,5.91,0,62,25.52,13.75,28,165,8.50,102,4,15.77,22,0.00,0.00,0.33,4,0.00,1.42,0.62,0.33,4,0.00,0.25,0.00,0.00,0.00,1.17,0.58,1.08,0.00,0.46,0.25,0.67,0.00,0.00,0.01,0.00,0.42,0.00,0.00,0,0,,3,0.25,29,0,0.00,23,3,0.46,38,0,1,6,83,0.00,99,0,14,2.16,85,17,52,2.63,81,0,0.00,99,0,0.00,0,0,0.00,0,0.62,53,8,1.24,50,7,1.08,87.50,0,0.00,0,0,0,0.00,0,13,0.00,7,2.01,90,N/A,N/A,N/A,N/A,0.00,0,0.00,0,0.14,0.00,0,61.82,0.00,23,99,0.00,0.00,0,56,84,0,0,0,0.08,0.15,1,45,70.89,1.42,2.63,17,0,0.00,0.00,99,0.00,0,0,0,0.00,0.00,0,0.00,0.00,0.00,0.00,0,0,0.00,52,32,20,51,9,0.38,23,0.03,0.06,0.14,23,0.01,0.02,20,3,0.25,0.46,1.24,0.67,61,8,0.02,22,34,79,83,0,50,25,0,0.00,99,5,0.00,0.77,14.85,8.00,96,25,19,48,3.87,2.08,26.04,3,0.46,50,0,29.41,0,0.00,99,5,0.42,0.77,79,38,64,28,0,0,0,0,0,38,51,69,61,0,99,23,44,79,2,25,92,6,0,0
Darius Ionuț Ciurea,21,1087801200,2004/06/21,Liga II,2025/2026,Midfielder,Muscelul Câmpulung Elite,114,68,46,Romania,2,1,1,0,0,0,0,0,0,0,0,1,1,0,1,0,1,0,0,0,0,0,0,0,0,0.79,114,57,0,0,0,-1,-1,-1,8,0,6.40,0,62,13.70,7.00,3,7,4.00,4,1,7.83,1,0.00,0.00,0.00,0,0.00,1.00,0.00,0.00,0,0.00,1.00,0.00,0.00,0.00,0.00,1.00,6.00,0.00,0.00,0.00,1.00,0.00,0.00,0.00,0.00,0.00,0.00,0.00,0,0,,0,0.00,10,0,0.00,23,0,0.00,12,2,0,1,26,0.00,99,0,0,0.00,1,1,26,1.96,72,0,0.00,99,0,0.00,0,0,0.00,0,0.00,14,1,1.96,66,1,1.96,100.00,0,0.00,0,0,0,0.00,0,6,0.00,84,11.74,99,N/A,N/A,N/A,N/A,0.00,0,0.00,0,0.00,0.00,0,57.14,0.00,23,99,0.00,0.00,0,80,99,0,0,0,0.00,0.00,0,31,6.40,0.00,0.00,0,0,0.00,0.00,99,0.00,0,0,0,0.00,0.00,0,0.00,0.00,1.96,1.00,1,0,0.00,52,0,0,51,84,0.01,2,0.01,0.02,0.00,11,0.00,0.00,91,1,1.00,1.96,1.96,1.00,90,1,0.00,10,44,1,83,0,99,1,0,0.00,99,0,0.00,0.00,11.74,6.00,6,3,56,22,5.87,3.00,50.00,1,1.96,8,0,0.00,0,0.00,99,0,0.00,0.00,26,4,41,85,0,0,0,0,0,38,51,69,61,0,99,93,22,22,0,0,30,23,0,0
Darius Mihai Iurasciuc,20,1134633600,2005/12/15,Liga II,2025/2026,Midfielder,ACS Gloria Bistrita,20,0,20,Romania,1,0,1,0,0,0,0,0,0,0,0,0,0,0,0,0,0,0,0,0,0,0,0,0,0,0,0,20,0,0,0,-1,-1,-1,19,0,1.81,0,62,40.32,7.07,70,99,5.71,80,66,32.58,70,0.00,0.00,0.00,0,0.00,0.00,0.81,0.14,2,0.00,0.00,0.00,0.00,0.00,0.14,0.00,0.07,0.00,0.00,0.00,0.07,0.00,0.00,0.00,0.00,0.36,0.00,0.00,0,0,,0,0.00,10,0,0.00,23,0,0.00,12,0,1,0,93,0.00,99,0,2,0.81,30,0,26,0.00,14,0,0.00,99,0,0.00,0,0,0.00,0,0.00,14,1,0.41,27,0,0.00,0.00,0,0.00,0,0,0,0.00,0,1,0.00,99,0.41,10,N/A,N/A,N/A,N/A,0.00,0,0.00,0,0.00,0.00,0,80.81,0.00,23,99,0.00,0.00,0,13,13,0,0,0,0.00,0.00,0,31,25.36,0.43,2.44,6,0,0.00,0.00,99,0.00,0,0,0,0.00,0.00,0,0.00,0.00,0.00,0.00,0,0,0.00,52,0,0,51,0,0.14,23,0.01,0.06,0.00,11,0.00,0.00,2,0,0.00,0.00,0.41,0.07,12,1,0.00,10,0,78,83,0,50,71,0,0.00,99,5,0.00,2.04,9.77,1.71,24,8,12,15,3.26,0.57,33.33,0,0.00,99,0,0.00,0,0.00,99,0,0.00,0.00,26,0,64,28,0,0,0,0,0,38,51,69,61,0,99,9,22,22,0,0,30,5,0,0
Darius Paharnicu,21,1113116400,2005/04/10,Liga II,2025/2026,Midfielder,CS Dinamo București,0,0,0,Romania,0,0,0,0,0,0,0,0,0,0,0,0,0,0,0,0,0,0,0,0,0,0,0,0,0,0,0,0,0,0,0,-1,-1,-1,-1,N/A,N/A,N/A,N/A,N/A,N/A,N/A,N/A,N/A,N/A,N/A,N/A,N/A,N/A,N/A,N/A,N/A,N/A,N/A,N/A,N/A,N/A,N/A,N/A,N/A,N/A,N/A,N/A,N/A,N/A,N/A,N/A,N/A,N/A,N/A,N/A,N/A,N/A,N/A,N/A,N/A,N/A,N/A,N/A,N/A,N/A,N/A,N/A,N/A,N/A,N/A,N/A,N/A,N/A,N/A,N/A,N/A,N/A,N/A,N/A,N/A,N/A,N/A,N/A,N/A,N/A,N/A,N/A,N/A,N/A,N/A,N/A,N/A,N/A,N/A,N/A,N/A,N/A,N/A,N/A,N/A,N/A,N/A,N/A,N/A,N/A,N/A,N/A,N/A,N/A,N/A,N/A,N/A,N/A,N/A,N/A,N/A,N/A,N/A,N/A,N/A,N/A,N/A,N/A,N/A,N/A,N/A,N/A,N/A,N/A,N/A,N/A,N/A,N/A,N/A,N/A,N/A,N/A,N/A,N/A,N/A,N/A,N/A,N/A,N/A,N/A,N/A,N/A,N/A,N/A,N/A,N/A,N/A,N/A,N/A,N/A,N/A,N/A,N/A,N/A,N/A,N/A,N/A,N/A,N/A,N/A,N/A,N/A,N/A,N/A,N/A,N/A,N/A,N/A,N/A,N/A,N/A,N/A,N/A,N/A,N/A,N/A,N/A,N/A,N/A,N/A,N/A,N/A,N/A,N/A,N/A,N/A,N/A,N/A,N/A,N/A,N/A,N/A,N/A,N/A,N/A,N/A,N/A,N/A,N/A,N/A,N/A,N/A,N/A,N/A,N/A,N/A,N/A,N/A,N/A,N/A,N/A,N/A,N/A,N/A,N/A,N/A,N/A,N/A,N/A,N/A,N/A,N/A,N/A,N/A,N/A,N/A,N/A,N/A,N/A,N/A,N/A,N/A,N/A,N/A,N/A,N/A,N/A,N/A
David Andrei Stăiculescu,25,974966400,2000/11/23,Liga II,2025/2026,Midfielder,CSM Satu Mare,390,114,276,Romania,6,2,4,0,0,0,0,0,0,0,0,1,0,1,5,2,3,0,0,0,0,0,0,0,0,1.15,78,65,0,0,0,172,185,-1,10,0,6.86,0,62,26.50,26.50,31,106,16.75,67,5,16.75,25,0.00,0.00,0.00,0,0.00,0.00,0.50,0.50,2,0.00,0.00,0.00,0.00,0.00,1.50,0.00,1.50,0.00,0.25,0.25,0.00,0.00,0.00,0.01,0.00,5.00,0.00,0.00,0,0,,1,0.25,20,0,0.00,23,1,0.25,27,0,0,3,76,0.00,99,0,6,1.50,63,0,26,0.00,14,0,0.00,99,0,0.00,0,0,0.00,0,0.00,14,0,0.00,12,0,0.00,0.00,0,0.00,0,0,0,0.00,0,6,0.00,55,1.50,81,N/A,N/A,N/A,N/A,0.00,0,0.00,0,0.05,0.00,0,63.21,0.00,23,99,0.00,0.00,0,13,13,0,0,0,1.25,1.25,5,98,27.45,5.75,5.75,23,0,0.00,0.00,99,0.00,0,0,0,0.00,0.00,0,0.00,0.00,0.00,0.00,0,0,0.00,52,4,5,51,55,0.15,11,0.04,0.04,0.05,16,0.01,0.01,21,2,0.50,0.50,0.50,0.50,17,2,0.01,16,75,99,83,0,50,98,0,0.00,99,20,0.00,5.00,14.00,14.00,56,26,68,43,6.50,6.50,46.43,0,0.00,99,0,0.00,0,0.00,99,0,0.00,0.00,26,12,41,28,0,0,0,0,0,38,51,69,61,0,99,32,22,22,0,0,30,70,0,0
David Denis Mario Dincă,21,1082790000,2004/04/24,Liga II,2025/2026,Goalkeeper,CSM Reşiţa,90,90,0,Romania,1,1,0,0,0,0,0,0,0,0,0,0,0,0,2,2,0,0,0,0,0,0,0,0,0,2,45,90,0,0,0,-1,-1,-1,13,0,2.49,0,62,18.00,6.43,11,90,5.21,73,69,14.60,17,0.00,0.00,0.00,0,0.00,0.00,0.00,0.00,0,0.00,0.00,0.00,0.00,1.00,0.50,0.00,1.00,0.00,0.00,0.00,0.00,0.00,0.00,0.00,0.00,0.00,0.00,0.00,0,0,,0,0.00,10,0,0.00,23,0,0.00,12,0,0,1,26,0.00,99,0,7,1.40,58,0,26,0.00,14,0,0.00,99,0,0.00,0,0,0.00,0,0.00,14,0,0.00,12,0,0.00,0.00,0,0.00,0,14,99,2.80,29,14,0.00,6,2.80,94,N/A,N/A,N/A,N/A,100.00,0,0.00,0,0.00,0.00,0,81.11,0.00,23,99,0.00,0.00,0,13,13,0,0,8,0.00,0.00,0,31,34.83,0.14,0.40,2,0,0.00,0.00,99,0.00,0,0,0,0.00,0.00,0,0.00,0.00,0.00,0.00,0,0,0.00,52,0,0,51,7,0.14,6,0.01,0.03,0.00,11,0.00,0.00,24,3,0.21,0.60,0.00,0.00,7,0,0.00,10,1,18,83,0,50,1,0,0.00,99,0,0.00,0.00,0.60,0.21,3,2,4,4,0.40,0.14,66.67,0,0.00,99,0,0.00,0,0.00,99,0,0.00,0.00,26,4,41,28,0,0,0,0,0,38,51,69,61,0,99,9,22,22,0,0,30,1,0,0
David DSzabo,16,1243494000,2009/05/28,Liga II,2025/2026,Midfielder,Dumbrăviţa,0,0,0,Romania,0,0,0,0,0,0,0,0,0,0,0,0,0,0,0,0,0,0,0,0,0,0,0,0,0,0,0,0,0,0,0,-1,-1,-1,-1,N/A,N/A,N/A,N/A,N/A,N/A,N/A,N/A,N/A,N/A,N/A,N/A,N/A,N/A,N/A,N/A,N/A,N/A,N/A,N/A,N/A,N/A,N/A,N/A,N/A,N/A,N/A,N/A,N/A,N/A,N/A,N/A,N/A,N/A,N/A,N/A,N/A,N/A,N/A,N/A,N/A,N/A,N/A,N/A,N/A,N/A,N/A,N/A,N/A,N/A,N/A,N/A,N/A,N/A,N/A,N/A,N/A,N/A,N/A,N/A,N/A,N/A,N/A,N/A,N/A,N/A,N/A,N/A,N/A,N/A,N/A,N/A,N/A,N/A,N/A,N/A,N/A,N/A,N/A,N/A,N/A,N/A,N/A,N/A,N/A,N/A,N/A,N/A,N/A,N/A,N/A,N/A,N/A,N/A,N/A,N/A,N/A,N/A,N/A,N/A,N/A,N/A,N/A,N/A,N/A,N/A,N/A,N/A,N/A,N/A,N/A,N/A,N/A,N/A,N/A,N/A,N/A,N/A,N/A,N/A,N/A,N/A,N/A,N/A,N/A,N/A,N/A,N/A,N/A,N/A,N/A,N/A,N/A,N/A,N/A,N/A,N/A,N/A,N/A,N/A,N/A,N/A,N/A,N/A,N/A,N/A,N/A,N/A,N/A,N/A,N/A,N/A,N/A,N/A,N/A,N/A,N/A,N/A,N/A,N/A,N/A,N/A,N/A,N/A,N/A,N/A,N/A,N/A,N/A,N/A,N/A,N/A,N/A,N/A,N/A,N/A,N/A,N/A,N/A,N/A,N/A,N/A,N/A,N/A,N/A,N/A,N/A,N/A,N/A,N/A,N/A,N/A,N/A,N/A,N/A,N/A,N/A,N/A,N/A,N/A,N/A,N/A,N/A,N/A,N/A,N/A,N/A,N/A,N/A,N/A,N/A,N/A,N/A,N/A,N/A,N/A,N/A,N/A,N/A,N/A,N/A,N/A,N/A,N/A
David Păcuraru,20,1140163200,2006/02/17,Liga II,2025/2026,Midfielder,Concordia Chiajna,1021,614,407,Romania,13,8,5,1,1,0,3,2,1,0,0,3,3,0,12,7,5,0,0,0.35,0.26,0.09,0.15,0,1021,1.06,85,79,0,340,0,137,27,-1,9,0,5.94,0.23,94,30.83,21.00,46,420,15.35,307,36,22.54,45,0.00,0.00,1.15,23,0.00,1.70,0.22,0.15,3,0.00,0.65,0.00,0.00,0.00,0.35,2.60,0.45,18.00,1.32,0.55,3.55,0.00,0.35,0.10,0.00,0.30,0.00,0.00,0,0,,18,0.90,65,7,0.51,69,11,0.81,62,2,1,12,50,0.00,99,0,7,0.51,16,34,45,2.50,81,0,0.00,99,0,0.00,0,0,0.00,0,1.69,92,71,5.21,96,52,3.82,73.24,0,0.00,0,0,0,0.00,0,9,0.00,63,0.66,26,N/A,N/A,N/A,N/A,0.00,0,0.00,0,2.04,0.00,0,73.10,38.89,68,99,0.00,0.00,0,95,58,0,0,0,0.00,0.00,0,31,118.79,0.30,0.44,6,0,0.00,0.00,99,0.00,0,0,1,0.05,0.07,0,0.00,0.00,0.15,0.10,2,0,5.56,56,68,67,92,63,3.24,93,0.16,0.24,2.04,62,0.10,0.15,72,19,0.95,1.39,0.73,0.50,27,10,0.15,62,35,19,89,0,66,11,0,0.00,99,6,0.00,0.44,19.45,13.25,265,100,79,82,7.34,5.00,37.74,13,0.95,30,0,26.47,0,0.00,99,9,0.45,0.66,75,84,64,85,0,0,0,0,0,80,60,69,68,0,99,43,22,22,0,0,30,27,0,0
David Pantea,16,1245740400,2009/06/23,Liga II,2025/2026,Midfielder,Bihor Oradea,0,0,0,Romania,0,0,0,0,0,0,0,0,0,0,0,0,0,0,0,0,0,0,0,0,0,0,0,0,0,0,0,0,0,0,0,-1,-1,-1,-1,N/A,N/A,N/A,N/A,N/A,N/A,N/A,N/A,N/A,N/A,N/A,N/A,N/A,N/A,N/A,N/A,N/A,N/A,N/A,N/A,N/A,N/A,N/A,N/A,N/A,N/A,N/A,N/A,N/A,N/A,N/A,N/A,N/A,N/A,N/A,N/A,N/A,N/A,N/A,N/A,N/A,N/A,N/A,N/A,N/A,N/A,N/A,N/A,N/A,N/A,N/A,N/A,N/A,N/A,N/A,N/A,N/A,N/A,N/A,N/A,N/A,N/A,N/A,N/A,N/A,N/A,N/A,N/A,N/A,N/A,N/A,N/A,N/A,N/A,N/A,N/A,N/A,N/A,N/A,N/A,N/A,N/A,N/A,N/A,N/A,N/A,N/A,N/A,N/A,N/A,N/A,N/A,N/A,N/A,N/A,N/A,N/A,N/A,N/A,N/A,N/A,N/A,N/A,N/A,N/A,N/A,N/A,N/A,N/A,N/A,N/A,N/A,N/A,N/A,N/A,N/A,N/A,N/A,N/A,N/A,N/A,N/A,N/A,N/A,N/A,N/A,N/A,N/A,N/A,N/A,N/A,N/A,N/A,N/A,N/A,N/A,N/A,N/A,N/A,N/A,N/A,N/A,N/A,N/A,N/A,N/A,N/A,N/A,N/A,N/A,N/A,N/A,N/A,N/A,N/A,N/A,N/A,N/A,N/A,N/A,N/A,N/A,N/A,N/A,N/A,N/A,N/A,N/A,N/A,N/A,N/A,N/A,N/A,N/A,N/A,N/A,N/A,N/A,N/A,N/A,N/A,N/A,N/A,N/A,N/A,N/A,N/A,N/A,N/A,N/A,N/A,N/A,N/A,N/A,N/A,N/A,N/A,N/A,N/A,N/A,N/A,N/A,N/A,N/A,N/A,N/A,N/A,N/A,N/A,N/A,N/A,N/A,N/A,N/A,N/A,N/A,N/A,N/A,N/A,N/A,N/A,N/A,N/A,N/A
David Siger,35,659952000,1990/11/30,Liga II,2025/2026,Midfielder,Sepsi,677,344,333,Hungary,12,6,6,0,0,0,0,0,0,0,0,5,3,2,8,3,5,1,0,0,0,0,0,0,0,1.06,85,56,677,0,0.13,230,150,-1,21,0,5.70,0,62,51.62,27.31,92,355,22.08,287,67,41.73,91,0.00,0.00,0.23,3,0.00,0.15,0.15,0.08,1,0.00,0.23,0.00,0.00,0.00,1.15,0.15,0.46,0.00,0.29,0.15,0.15,0.00,0.00,0.01,0.00,0.46,0.00,0.00,0,0,,2,0.15,21,0,0.00,23,2,0.29,29,0,6,5,40,0.00,99,0,15,2.18,86,2,99,0.29,28,0,0.00,99,0,0.00,0,0,0.00,0,0.44,41,2,0.29,21,2,0.29,100.00,0,0.00,0,0,0,0.00,0,6,0.00,63,0.87,46,N/A,N/A,N/A,N/A,0.00,0,0.00,0,0.09,0.00,0,80.85,0.00,23,99,0.00,0.00,0,27,99,0,0,0,0.23,0.44,3,75,74.10,0.38,0.73,5,1,0.00,0.15,4,0.08,0,0,0,0.00,0.00,0,0.00,0.00,0.00,0.00,0,0,0.00,52,34,58,51,63,0.79,57,0.06,0.11,0.09,16,0.01,0.01,23,4,0.31,0.58,1.60,0.85,80,11,0.01,16,29,33,83,0,50,30,0,0.00,99,6,0.00,0.87,10.18,5.38,70,23,14,15,3.34,1.77,32.86,3,0.44,52,0,100.00,0,0.00,99,2,0.15,0.29,54,29,96,28,0,0,0,0,0,38,51,69,61,0,99,78,79,43,1,8,50,18,0,0
Davide Popsa,23,1025766000,2002/07/04,Liga II,2025/2026,Defender,CSM Satu Mare,312,145,167,Romania,4,2,2,0,0,0,0,0,0,0,0,0,0,0,9,7,2,1,0,0,0,0,0,0,0,2.6,35,78,312,0,0.29,271,264,94,27,0,2.64,0,62,20.45,7.00,18,35,3.80,19,1,11.10,6,0.00,0.00,0.00,0,0.00,0.00,0.58,0.20,1,0.00,0.00,0.00,0.00,0.00,0.40,0.80,0.20,0.00,1.17,0.40,0.80,0.00,0.00,0.02,0.00,0.20,0.00,0.00,0,0,,2,0.40,61,0,0.00,23,2,1.17,77,1,0,2,80,0.00,99,0,2,1.17,47,0,26,0.00,14,0,0.00,99,0,0.00,0,0,0.00,0,0.00,14,4,2.34,72,4,2.34,100.00,0,0.00,0,0,0,0.00,0,1,0.00,3,0.58,21,N/A,N/A,N/A,N/A,0.00,0,0.00,0,0.10,0.00,0,54.29,0.00,23,99,0.00,0.00,0,85,99,0,0,0,0.20,0.58,1,83,13.20,0.40,1.17,2,0,0.00,0.00,99,0.00,0,0,0,0.00,0.00,0,0.00,0.00,0.00,0.00,0,0,0.00,52,0,0,51,4,0.03,2,0.01,0.02,0.10,42,0.02,0.06,62,2,0.40,1.17,1.17,0.40,56,2,0.06,41,2,51,83,0,50,15,0,0.00,99,1,0.00,0.58,15.19,5.20,26,8,30,51,4.68,1.60,30.77,0,0.00,99,0,0.00,0,0.00,99,0,0.00,0.00,26,7,41,66,0,0,0,0,0,38,51,69,61,0,99,9,43,79,1,25,92,27,0,0
Denis Andrei Bujor,21,1096182000,2004/09/26,Liga II,2025/2026,Defender,Voluntari,7,7,0,Romania,1,1,0,0,0,0,0,0,0,0,0,1,1,0,0,0,0,0,0,0,0,0,0,0,0,0,0,7,0,0,0,-1,-1,-1,18,N/A,N/A,N/A,N/A,N/A,N/A,N/A,N/A,N/A,N/A,N/A,N/A,N/A,N/A,N/A,N/A,N/A,N/A,N/A,N/A,N/A,N/A,N/A,N/A,N/A,N/A,N/A,N/A,N/A,N/A,N/A,N/A,N/A,N/A,N/A,N/A,N/A,N/A,N/A,N/A,N/A,N/A,N/A,N/A,N/A,N/A,N/A,N/A,N/A,N/A,N/A,N/A,N/A,N/A,N/A,N/A,N/A,N/A,N/A,N/A,N/A,N/A,N/A,N/A,N/A,N/A,N/A,N/A,N/A,N/A,N/A,N/A,N/A,N/A,N/A,N/A,N/A,N/A,N/A,N/A,N/A,N/A,N/A,N/A,N/A,N/A,N/A,N/A,N/A,N/A,N/A,N/A,N/A,N/A,N/A,N/A,N/A,N/A,N/A,N/A,N/A,N/A,N/A,N/A,N/A,N/A,N/A,N/A,N/A,N/A,N/A,N/A,N/A,N/A,N/A,N/A,N/A,N/A,N/A,N/A,N/A,N/A,N/A,N/A,N/A,N/A,N/A,N/A,N/A,N/A,N/A,N/A,N/A,N/A,N/A,N/A,N/A,N/A,N/A,N/A,N/A,N/A,N/A,N/A,N/A,N/A,N/A,N/A,N/A,N/A,N/A,N/A,N/A,N/A,N/A,N/A,N/A,N/A,N/A,N/A,N/A,N/A,N/A,N/A,N/A,N/A,N/A,N/A,N/A,N/A,N/A,N/A,N/A,N/A,N/A,N/A,N/A,N/A,N/A,N/A,N/A,N/A,N/A,N/A,N/A,N/A,N/A,N/A,N/A,N/A,N/A,N/A,N/A,N/A,N/A,N/A,N/A,N/A,N/A,N/A,N/A,N/A,N/A,N/A,N/A,N/A,N/A,N/A,N/A,N/A,N/A,N/A,N/A,N/A,N/A,N/A,N/A,N/A,N/A,N/A,N/A,N/A,N/A,N/A
Denis Constantin Dumitrașcu,30,798966000,1995/04/27,Liga II,2025/2026,Defender,Concordia Chiajna,824,464,360,Romania,10,6,4,1,0,1,1,1,0,0,0,3,2,1,9,4,5,4,0,0.22,0.11,0.11,0,0.25,824,0.98,92,82,206,824,0.44,125,95,27,8,0,4.28,0.1,74,45.38,21.86,81,481,16.95,373,54,35.19,76,0.00,0.00,0.45,10,0.00,1.09,0.66,0.32,7,0.00,0.14,0.00,0.00,0.00,0.82,0.14,0.41,0.00,0.47,0.23,0.18,0.00,0.00,0.01,0.00,0.68,0.00,0.00,0,0,,5,0.23,30,0,0.00,23,5,0.47,40,1,1,9,86,0.00,99,0,18,1.70,71,24,72,2.26,77,0,0.00,99,0,0.00,0,0,0.00,0,0.94,72,4,0.38,26,3,0.28,75.00,0,0.00,0,0,0,0.00,0,9,0.00,72,0.85,44,N/A,N/A,N/A,N/A,0.00,0,0.00,0,0.23,0.00,0,77.55,0.00,23,99,0.00,0.00,0,26,62,0,0,0,0.09,0.19,2,51,94.23,1.41,2.92,31,0,0.00,0.00,99,0.00,0,0,0,0.00,0.00,0,0.00,0.00,0.09,0.05,1,0,0.00,52,51,37,89,72,1.83,81,0.08,0.17,0.23,23,0.01,0.02,34,8,0.36,0.75,1.04,0.50,46,11,0.02,22,9,84,83,0,56,54,0,0.00,99,15,0.00,1.42,12.92,6.23,137,43,22,34,4.06,1.95,31.39,3,0.28,64,0,37.50,0,0.00,99,9,0.41,0.85,82,65,64,66,0,0,0,0,0,67,63,82,61,0,99,56,28,95,4,40,98,3,0,0
Denis Florentin Ispas,32,747212400,1993/09/05,Liga II,2025/2026,Defender,Tunari,90,0,90,Romania,1,0,1,0,0,0,0,0,0,0,0,0,0,0,0,0,0,0,0,0,0,0,0,0,0,0,0,90,0,0,0,-1,-1,-1,6,0,6.79,0,62,46.50,46.50,84,93,34.50,69,41,34.50,75,0.00,0.00,0.00,0,0.00,0.50,0.00,0.00,0,0.00,0.00,0.00,0.00,0.00,0.50,0.50,0.50,0.00,0.50,0.00,0.50,0.00,0.50,0.07,0.00,5.00,0.00,0.00,0,0,,1,0.50,31,1,0.50,68,0,0.00,12,0,0,1,26,0.00,99,0,1,0.50,15,1,99,0.50,39,0,0.00,99,0,0.00,0,0,0.00,0,0.00,14,1,0.50,30,1,0.50,100.00,0,0.00,0,0,0,0.00,0,1,0.00,99,0.50,18,N/A,N/A,N/A,N/A,0.00,0,0.00,0,0.15,0.00,0,74.19,100.00,99,99,0.00,0.00,0,38,99,0,0,0,0.50,0.50,1,80,13.57,3.50,3.50,7,0,0.00,0.00,99,0.00,0,0,0,0.00,0.00,0,0.00,0.00,0.00,0.00,0,0,0.00,52,0,0,51,0,0.16,39,0.08,0.08,0.15,46,0.07,0.07,76,3,1.50,1.50,1.00,1.00,44,2,0.07,45,68,90,83,0,50,98,0,0.00,99,10,0.00,5.00,14.50,14.50,29,22,99,44,11.00,11.00,75.86,0,0.00,99,0,100.00,0,0.00,99,1,0.50,0.50,67,4,41,28,0,0,0,0,0,38,51,69,61,0,99,9,22,22,0,0,30,4,0,0
Denis Florian Renta,21,1082962800,2004/04/26,Liga II,2025/2026,Midfielder,Corvinul Hunedoara,30,22,8,Romania,5,2,3,0,0,0,0,0,0,0,0,2,0,2,0,0,0,0,0,0,0,0,0,0,0,0,0,6,0,0,0,-1,-1,-1,15,0,0.41,0,62,22.08,0.81,21,13,0.62,10,52,16.98,25,0.00,0.00,0.00,0,0.00,0.06,0.00,0.00,0,0.00,0.00,0.00,0.00,0.00,0.12,0.06,0.00,0.00,5.09,0.19,0.06,0.00,0.00,0.01,0.00,0.00,0.00,0.00,0,0,,3,0.19,99,0,0.00,23,3,5.09,99,0,5,0,26,0.00,99,0,2,3.40,99,1,99,1.70,67,0,0.00,99,0,0.00,0,0,0.00,0,0.00,14,1,1.70,61,1,1.70,100.00,0,0.00,0,0,0,0.00,0,0,0.00,99,0.00,0,N/A,N/A,N/A,N/A,0.00,0,0.00,0,0.15,0.00,0,76.92,0.00,23,99,0.00,0.00,0,75,99,0,0,0,0.00,0.00,0,31,6.60,0.00,0.00,0,0,0.00,0.00,99,0.00,0,0,0,0.00,0.00,0,0.00,0.00,0.00,0.00,0,0,0.00,52,0,3,51,0,0.02,6,0.00,0.03,0.15,75,0.01,0.25,2,0,0.00,0.00,5.09,0.19,99,3,0.25,75,0,1,83,0,50,1,0,0.00,99,0,0.00,0.00,10.19,0.38,6,1,7,15,1.70,0.06,16.67,0,0.00,99,0,100.00,0,0.00,99,1,0.06,1.70,97,0,93,28,0,0,0,0,0,38,51,69,61,0,99,76,22,22,0,0,30,80,0,0
Denis Furtună,26,939798000,1999/10/13,Liga II,2025/2026,Defender,Tunari,989,360,629,Moldova,11,4,7,0,0,0,1,0,1,0,0,1,0,1,13,4,9,3,1,0.09,0.09,0,0,0,0,1.18,76,90,330,989,0.27,189,107,53,25,0,6.66,0.09,69,37.81,35.50,64,355,27.20,272,50,28.97,63,0.00,0.00,0.30,3,0.00,1.20,0.00,0.00,0,0.00,0.10,0.00,0.00,0.00,1.50,0.30,1.20,0.00,0.43,0.20,0.70,0.00,0.20,0.03,0.00,1.00,0.00,0.00,0,0,,4,0.40,28,2,0.21,44,2,0.21,23,0,0,9,26,0.00,99,0,15,1.60,68,12,65,1.28,57,0,0.00,99,0,0.00,0,0,0.00,0,0.32,33,7,0.75,38,3,0.32,42.86,0,0.00,0,0,0,0.00,0,12,0.00,51,1.28,73,N/A,N/A,N/A,N/A,0.00,0,0.00,0,0.34,0.00,0,76.62,50.00,88,99,0.00,0.00,0,30,17,0,0,0,0.70,0.75,7,90,66.57,3.30,3.51,33,0,0.00,0.00,99,0.00,0,0,0,0.00,0.00,0,0.00,0.00,0.11,0.10,1,0,0.00,52,65,46,51,51,1.22,66,0.12,0.13,0.34,34,0.03,0.04,17,4,0.40,0.43,1.38,1.30,70,13,0.04,33,58,90,83,0,60,42,0,0.00,99,10,0.00,1.07,12.04,11.30,113,31,13,25,3.30,3.10,27.43,1,0.11,80,0,33.33,0,0.00,99,4,0.40,0.43,62,65,41,28,0,0,0,0,0,44,51,69,61,0,99,14,45,77,1,9,54,44,0,0
Denis Graţian Haruţ,27,919929600,1999/02/25,Liga II,2025/2026,Defender,Sepsi,630,360,270,Romania,7,4,3,1,0,1,0,0,0,0,0,2,1,1,6,3,3,1,0,0.14,0,0.14,0,0.33,630,0.86,105,90,630,0,0.14,116,138,17,6,0,7.02,0,62,50.17,50.17,90,602,42.33,508,85,42.33,92,0.00,0.00,0.00,0,0.00,0.08,0.00,0.00,0,0.00,0.00,0.00,0.00,0.00,1.50,0.08,0.50,2.00,0.50,0.25,0.08,0.00,0.25,0.20,0.00,1.33,0.00,0.00,0,0,,6,0.50,31,3,0.25,50,3,0.25,27,0,0,7,26,0.00,99,0,18,1.50,63,1,26,0.08,15,0,0.00,99,0,0.00,0,0,0.00,0,0.00,14,1,0.08,13,1,0.08,100.00,0,0.00,0,0,0,0.00,0,6,0.00,80,0.50,18,N/A,N/A,N/A,N/A,0.00,0,0.00,0,2.35,0.00,0,84.39,50.00,88,99,0.00,0.00,0,15,99,0,0,0,0.50,0.50,6,80,84.22,2.92,2.92,35,0,0.00,0.00,99,0.00,0,0,0,0.00,0.00,0,0.00,0.00,0.00,0.00,0,0,50.00,99,30,12,84,80,1.25,51,0.10,0.10,2.35,69,0.20,0.20,10,3,0.25,0.25,0.75,0.75,29,9,0.20,69,85,84,83,0,50,51,0,0.00,99,16,0.00,1.33,7.83,7.83,94,33,9,8,2.75,2.75,35.11,0,0.00,99,0,0.00,0,0.00,99,0,0.00,0.00,26,45,41,28,0,0,0,0,0,54,67,87,61,0,99,54,75,48,1,14,72,4,0,0
Denis Marian Pîrcălabu,18,1191049200,2007/09/29,Liga II,2025/2026,Midfielder,Tunari,180,90,90,,2,1,1,0,0,0,0,0,0,0,0,0,0,0,4,2,2,0,0,0,0,0,0,0,0,2,45,90,0,0,0,-1,-1,-1,16,0,0.00,0,62,0.00,0.00,0,0,0.00,0,0,0.00,0,0.00,0.00,0.00,0,0.00,0.00,0.00,0.00,0,0.00,0.00,0.00,0.00,0.00,0.00,0.00,0.00,0.00,0.00,0.00,0.00,0.00,0.00,0.00,0.00,0.00,0.00,0.00,0,0,,0,0.00,10,0,0.00,23,0,0.00,12,0,0,2,26,0.00,99,0,0,0.00,1,0,26,0.00,14,0,0.00,99,0,0.00,0,0,0.00,0,0.00,14,0,0.00,12,0,0.00,0.00,0,0.00,0,0,0,0.00,0,0,0.00,6,0.00,0,N/A,N/A,N/A,N/A,0.00,0,0.00,0,0.00,0.00,0,0.00,0.00,23,99,0.00,0.00,0,13,13,0,0,0,0.00,0.00,0,31,0.00,0.00,0.00,0,0,0.00,0.00,99,0.00,0,0,0,0.00,0.00,0,0.00,0.00,0.00,0.00,0,0,0.00,52,0,0,51,7,0.00,0,0.00,0.00,0.00,11,0.00,0.00,2,0,0.00,0.00,0.00,0.00,7,0,0.00,10,0,1,83,0,50,1,0,0.00,99,0,0.00,0.00,0.00,0.00,0,0,0,0,0.00,0.00,0.00,0,0.00,99,0,0.00,0,0.00,99,0,0.00,0.00,26,7,41,28,0,0,0,0,0,38,51,69,61,0,99,9,22,22,0,0,30,28,0,0
Denis Mihai Zanc,18,1187074800,2007/08/14,Liga II,2025/2026,Midfielder,Corvinul Hunedoara,46,26,20,,6,3,3,0,0,0,0,0,0,0,0,4,2,2,0,0,0,0,0,0,0,0,0,0,0,0,0,8,0,0,0,-1,-1,-1,17,0,1.50,0,62,30.36,1.27,44,28,1.09,24,90,26.02,57,0.00,0.00,0.00,0,0.00,0.09,0.00,0.00,0,0.00,0.05,0.00,0.00,0.00,0.05,0.00,0.00,0.00,3.25,0.00,0.05,0.00,0.14,0.02,0.00,0.00,0.00,0.00,0,0,,3,0.14,97,3,3.25,99,0,0.00,12,0,6,0,26,0.00,99,0,1,1.08,42,2,26,2.17,76,0,0.00,99,0,0.00,0,0,0.00,0,0.00,14,1,1.08,47,0,0.00,0.00,0,0.00,0,0,0,0.00,0,0,0.00,99,0.00,0,N/A,N/A,N/A,N/A,0.00,0,0.00,0,0.43,0.00,0,85.71,100.00,99,99,0.00,0.00,0,13,13,0,0,0,0.05,1.08,1,97,32.97,0.09,2.17,2,0,0.00,0.00,99,0.00,0,0,0,0.00,0.00,0,0.00,0.00,1.08,0.05,1,0,0.00,52,0,5,51,0,0.05,17,0.00,0.05,0.43,93,0.02,0.47,55,1,0.05,1.08,2.17,0.09,94,2,0.47,93,0,73,83,0,97,1,0,0.00,99,0,0.00,0.00,16.27,0.68,15,3,12,59,3.25,0.14,20.00,1,1.08,26,0,0.00,0,0.00,99,0,0.00,0.00,26,0,96,28,0,0,0,0,0,38,51,69,61,0,99,98,22,22,0,0,30,36,0,0
Denis Popovici,17,1211526000,2008/05/23,Liga II,2025/2026,Midfielder,Ceahlăul Piatra Neamţ,0,0,0,Romania,0,0,0,0,0,0,0,0,0,0,0,0,0,0,0,0,0,0,0,0,0,0,0,0,0,0,0,0,0,0,0,-1,-1,-1,-1,N/A,N/A,N/A,N/A,N/A,N/A,N/A,N/A,N/A,N/A,N/A,N/A,N/A,N/A,N/A,N/A,N/A,N/A,N/A,N/A,N/A,N/A,N/A,N/A,N/A,N/A,N/A,N/A,N/A,N/A,N/A,N/A,N/A,N/A,N/A,N/A,N/A,N/A,N/A,N/A,N/A,N/A,N/A,N/A,N/A,N/A,N/A,N/A,N/A,N/A,N/A,N/A,N/A,N/A,N/A,N/A,N/A,N/A,N/A,N/A,N/A,N/A,N/A,N/A,N/A,N/A,N/A,N/A,N/A,N/A,N/A,N/A,N/A,N/A,N/A,N/A,N/A,N/A,N/A,N/A,N/A,N/A,N/A,N/A,N/A,N/A,N/A,N/A,N/A,N/A,N/A,N/A,N/A,N/A,N/A,N/A,N/A,N/A,N/A,N/A,N/A,N/A,N/A,N/A,N/A,N/A,N/A,N/A,N/A,N/A,N/A,N/A,N/A,N/A,N/A,N/A,N/A,N/A,N/A,N/A,N/A,N/A,N/A,N/A,N/A,N/A,N/A,N/A,N/A,N/A,N/A,N/A,N/A,N/A,N/A,N/A,N/A,N/A,N/A,N/A,N/A,N/A,N/A,N/A,N/A,N/A,N/A,N/A,N/A,N/A,N/A,N/A,N/A,N/A,N/A,N/A,N/A,N/A,N/A,N/A,N/A,N/A,N/A,N/A,N/A,N/A,N/A,N/A,N/A,N/A,N/A,N/A,N/A,N/A,N/A,N/A,N/A,N/A,N/A,N/A,N/A,N/A,N/A,N/A,N/A,N/A,N/A,N/A,N/A,N/A,N/A,N/A,N/A,N/A,N/A,N/A,N/A,N/A,N/A,N/A,N/A,N/A,N/A,N/A,N/A,N/A,N/A,N/A,N/A,N/A,N/A,N/A,N/A,N/A,N/A,N/A,N/A,N/A,N/A,N/A,N/A,N/A,N/A,N/A
Denis Sebastian Fărăgău,22,1065942000,2003/10/12,Liga II,2025/2026,Midfielder,CSM Reşiţa,289,161,128,Romania,10,7,3,0,0,0,2,1,1,0,0,4,2,2,2,2,0,1,0,0.62,0.62,0,0,0,0,0.62,145,29,289,145,0.31,265,1,-1,18,0,5.65,0.2,99,35.88,14.62,59,234,11.94,191,74,29.28,64,0.00,0.00,0.94,15,0.00,0.62,0.61,0.25,4,0.00,0.19,0.00,0.00,0.00,0.69,0.50,0.06,0.00,1.99,0.56,0.69,0.00,0.25,0.05,0.00,0.50,0.00,0.00,0,0,,13,0.81,79,4,0.61,74,9,1.38,83,1,9,1,82,0.00,99,0,11,1.69,70,10,78,1.53,64,0,0.00,99,0,0.00,0,0,0.00,0,2.30,99,11,1.69,61,8,1.23,72.73,0,0.00,0,0,0,0.00,0,1,0.00,91,0.15,1,N/A,N/A,N/A,N/A,0.00,0,0.00,0,0.82,0.00,0,81.62,30.77,49,99,0.00,0.00,0,63,56,0,0,0,0.06,0.15,1,45,90.40,0.56,1.38,9,0,0.00,0.00,99,0.00,0,0,0,0.00,0.00,0,0.00,0.00,0.00,0.00,0,0,0.00,52,0,37,51,91,2.11,98,0.13,0.32,0.82,59,0.05,0.13,54,7,0.44,1.07,0.46,0.19,15,3,0.13,59,28,58,83,0,50,49,0,0.00,99,8,0.00,1.23,13.03,5.31,85,34,43,36,5.21,2.12,40.00,3,0.46,50,0,40.00,0,0.00,99,4,0.25,0.61,73,4,99,66,0,0,0,0,0,94,51,69,61,0,99,76,39,83,0,0,30,22,0,0
Denis-Andrei Ciobanu,21,1085382000,2004/05/24,Liga II,2025/2026,Midfielder,CSM Iaşi,103,7,96,Romania,3,1,2,0,0,0,0,0,0,0,0,1,0,1,3,0,3,0,0,0,0,0,0,0,0,2.62,34,34,0,0,0,-1,-1,-1,18,0,2.23,0,62,32.33,6.17,49,37,4.50,27,36,23.59,48,0.00,0.00,0.17,1,0.00,0.33,0.87,0.17,1,0.00,0.00,0.00,0.00,0.00,0.50,0.33,0.50,0.00,0.00,0.00,0.33,0.00,0.00,0.00,0.00,0.33,0.00,0.00,0,0,,0,0.00,10,0,0.00,23,0,0.00,12,0,2,1,94,0.00,99,0,3,2.62,94,2,91,1.75,68,0,0.00,99,0,0.00,0,0,0.00,0,0.87,68,2,1.75,61,2,1.75,100.00,0,0.00,0,0,0,0.00,0,3,0.00,3,2.62,93,N/A,N/A,N/A,N/A,0.00,0,0.00,0,0.00,0.00,0,72.97,0.00,23,99,0.00,0.00,0,76,99,0,0,0,0.00,0.00,0,31,13.36,0.17,0.87,1,0,0.00,0.00,99,0.00,0,0,0,0.00,0.00,0,0.00,0.00,0.00,0.00,0,0,0.00,52,0,0,51,3,0.10,45,0.02,0.09,0.00,11,0.00,0.00,43,1,0.17,0.87,1.75,0.33,84,2,0.00,10,0,38,83,0,50,63,0,0.00,99,2,0.00,1.75,17.48,3.33,20,6,43,69,5.24,1.00,30.00,0,0.00,99,0,50.00,0,0.00,99,1,0.17,0.87,83,4,73,28,0,0,0,0,0,38,51,69,61,0,99,66,22,22,0,0,30,77,0,0
Deniz Giafer,24,989564400,2001/05/11,Liga II,2025/2026,Defender,Viitorul Şelimbăr,493,223,270,Romania,8,5,3,0,0,0,0,0,0,0,0,0,0,0,12,5,7,0,0,0,0,0,0,0,0,2.19,41,62,0,0,0,285,277,89,8,0,5.24,0,62,48.14,29.00,87,261,24.78,223,88,41.13,90,0.00,0.00,0.00,0,0.00,0.11,0.37,0.22,2,0.00,0.22,0.00,0.00,0.00,1.33,0.11,1.11,0.00,0.18,0.11,0.11,0.00,0.00,0.01,0.00,0.89,0.00,0.00,0,0,,1,0.11,14,0,0.00,23,1,0.18,21,0,1,5,67,0.00,99,0,12,2.21,87,1,26,0.18,21,0,0.00,99,0,0.00,0,0,0.00,0,0.00,14,1,0.18,17,1,0.18,100.00,0,0.00,0,0,0,0.00,0,10,0.00,6,1.84,87,N/A,N/A,N/A,N/A,0.00,0,0.00,0,0.06,0.00,0,85.44,0.00,23,99,0.00,0.00,0,21,99,0,0,0,1.00,1.66,9,99,47.20,1.00,1.66,9,1,0.00,0.18,2,0.11,0,0,0,0.00,0.00,0,0.00,0.00,0.00,0.00,0,0,0.00,52,15,20,51,6,0.43,39,0.05,0.08,0.06,16,0.01,0.01,22,3,0.33,0.55,0.74,0.44,28,4,0.01,16,21,64,83,0,50,57,0,0.00,99,8,0.00,1.48,8.85,5.33,48,18,13,11,3.32,2.00,37.50,2,0.37,59,0,0.00,0,0.00,99,0,0.00,0.00,26,29,64,28,0,0,0,0,0,38,51,69,61,0,99,9,22,22,0,0,30,3,0,0
Dennis Ganea,21,1094540400,2004/09/07,Liga II,2025/2026,Midfielder,FC Bacău,104,3,101,Romania,4,1,3,0,0,0,0,0,0,0,0,1,1,0,1,0,1,0,0,0,0,0,0,0,0,0.87,104,26,0,0,0,-1,-1,-1,22,0,4.02,0,62,39.21,8.80,68,44,7.80,39,97,34.75,75,0.00,0.00,0.00,0,0.00,0.00,0.00,0.00,0,0.00,0.00,0.00,0.00,0.00,0.20,0.00,0.20,0.00,0.00,0.00,0.00,0.00,0.00,0.00,0.00,0.20,0.00,0.00,0,0,,0,0.00,10,0,0.00,23,0,0.00,12,0,4,0,26,0.00,99,0,1,0.89,35,0,26,0.00,14,0,0.00,99,0,0.00,0,0,0.00,0,0.00,14,0,0.00,12,0,0.00,0.00,0,0.00,0,0,0,0.00,0,1,0.00,79,0.89,49,N/A,N/A,N/A,N/A,0.00,0,0.00,0,0.00,0.00,0,88.64,0.00,23,99,0.00,0.00,0,13,13,0,0,0,0.40,1.78,2,99,20.10,0.60,2.67,3,0,0.00,0.00,99,0.00,0,0,0,0.00,0.00,0,0.00,0.00,0.00,0.00,0,0,0.00,52,0,0,51,79,0.09,39,0.02,0.08,0.00,11,0.00,0.00,44,1,0.20,0.89,0.00,0.00,7,0,0.00,10,7,80,83,0,50,30,0,0.00,99,1,0.00,0.89,11.58,2.60,13,3,8,22,2.67,0.60,23.08,0,0.00,99,0,0.00,0,0.00,99,0,0.00,0.00,26,0,89,28,0,0,0,0,0,38,51,69,61,0,99,47,22,22,0,0,30,5,0,0
Diego Burlacu,19,1167984000,2007/01/05,Liga II,2025/2026,Midfielder,FC Bacău,183,3,180,Romania,3,1,2,0,0,0,0,0,0,0,0,2,1,1,2,0,2,0,0,0,0,0,0,0,0,0.98,92,61,0,0,0,-1,-1,-1,16,0,1.29,0,62,20.62,2.20,18,22,1.50,15,17,14.06,15,0.00,0.00,0.00,0,0.00,0.20,0.00,0.00,0,0.00,0.20,0.00,0.00,0.00,0.30,0.00,0.00,0.00,0.94,0.00,0.00,0.00,0.10,0.01,0.00,0.00,0.00,0.00,0,0,,1,0.10,51,1,0.94,85,0,0.00,12,0,1,1,26,0.00,99,0,3,2.81,97,2,91,1.88,71,0,0.00,99,0,0.00,0,0,0.00,0,0.00,14,0,0.00,12,0,0.00,0.00,0,0.00,0,0,0,0.00,0,0,0.00,72,0.00,0,N/A,N/A,N/A,N/A,0.00,0,0.00,0,0.15,0.00,0,68.18,100.00,99,99,0.00,0.00,0,13,13,0,0,0,0.00,0.00,0,31,12.90,0.30,2.81,3,0,0.00,0.00,99,0.00,0,0,0,0.00,0.00,0,0.00,0.00,0.00,0.00,0,0,0.00,52,0,0,51,72,0.04,11,0.00,0.04,0.15,61,0.01,0.14,2,0,0.00,0.00,0.94,0.10,41,1,0.14,60,0,81,83,0,50,1,0,0.00,99,0,0.00,0.00,10.31,1.10,11,3,9,16,2.81,0.30,27.27,2,1.88,8,0,50.00,0,0.00,99,1,0.10,0.94,84,4,64,28,0,0,0,0,0,38,51,69,61,0,99,98,22,22,0,0,30,19,0,0
Dimitri Oberlin,28,875343600,1997/09/27,Liga II,2025/2026,Forward,Sepsi,1109,723,386,Switzerland,14,9,5,6,4,2,1,1,0,0,0,6,4,2,7,5,2,1,0,0.57,0.08,0.49,0.5,0.47,185,0.57,158,79,1109,1109,0.08,23,116,-1,3,0,6.95,0.07,68,26.11,21.28,29,383,15.06,271,27,18.48,29,0.00,0.00,0.83,15,0.00,0.89,0.07,0.06,1,0.00,1.50,0.00,0.00,0.00,0.44,1.72,0.33,7.00,2.39,1.17,3.28,0.00,0.78,0.32,0.00,0.33,0.00,0.00,0,0,,35,1.94,86,14,0.95,85,21,1.43,84,1,1,12,28,0.00,99,0,8,0.55,18,16,28,1.09,55,0,0.00,99,0,0.00,0,0,0.00,0,1.02,74,59,4.02,90,31,2.11,52.54,0,0.00,0,0,0,0.00,0,6,0.00,93,0.41,10,N/A,N/A,N/A,N/A,0.00,0,0.00,0,5.77,0.00,0,70.76,40.00,73,99,0.00,0.00,0,82,24,0,0,0,0.06,0.07,1,33,125.12,0.28,0.34,5,0,0.00,0.00,99,0.00,0,0,1,0.06,0.07,0,0.00,0.00,0.55,0.44,8,1,14.29,75,77,78,57,93,2.87,87,0.16,0.20,5.77,89,0.32,0.39,76,22,1.22,1.50,1.36,1.11,69,20,0.39,89,81,14,89,0,89,10,0,0.00,99,6,0.00,0.41,18.55,15.11,272,87,57,77,5.93,4.83,31.99,27,1.84,9,0,12.50,0,0.00,99,2,0.11,0.14,37,84,64,66,0,0,0,0,0,92,94,94,91,0,99,81,94,30,1,7,41,11,0,0
Dinis Ieșeanu,26,950860800,2000/02/18,Liga II,2025/2026,Defender,ACS Gloria Bistrita,722,270,452,Moldova,9,3,6,1,1,0,0,0,0,0,0,1,0,1,15,5,10,2,0,0.12,0,0.12,0.33,0,722,1.87,48,80,361,0,0.25,123,282,83,14,0,5.18,0,62,30.24,16.08,44,209,13.15,171,74,24.74,52,0.00,0.00,0.15,2,0.00,0.08,0.72,0.38,5,0.00,0.00,0.00,0.00,0.00,0.85,0.08,0.54,5.00,0.72,0.23,0.08,0.00,0.15,0.08,0.00,1.46,0.00,0.00,0,0,,5,0.38,42,2,0.29,53,3,0.43,36,0,1,7,90,0.00,99,0,11,1.59,67,1,26,0.14,19,0,0.00,99,0,0.00,0,0,0.00,0,0.29,31,1,0.14,16,1,0.14,100.00,0,0.00,0,0,0,0.00,0,7,0.00,11,1.01,60,N/A,N/A,N/A,N/A,0.00,0,0.00,0,0.99,0.00,0,81.82,40.00,73,99,0.00,0.00,0,19,99,0,0,0,0.23,0.43,3,73,67.40,2.54,4.77,33,0,0.00,0.00,99,0.00,0,0,0,0.00,0.00,0,0.00,0.00,0.00,0.00,0,0,20.00,88,38,27,87,11,0.39,23,0.03,0.06,0.99,61,0.08,0.14,5,1,0.08,0.14,1.16,0.62,55,8,0.14,60,20,99,83,0,50,83,0,0.00,99,19,0.00,2.75,10.71,5.69,74,30,24,17,4.34,2.31,40.54,0,0.00,99,0,0.00,0,0.00,99,0,0.00,0.00,26,45,64,28,0,0,0,0,0,49,64,69,83,0,99,19,49,75,1,11,62,5,0,0
Dino Skorup,26,933750000,1999/08/04,Liga II,2025/2026,Defender,Sepsi,39,36,3,Croatia,3,2,1,0,0,0,0,0,0,0,0,1,1,0,1,1,0,0,0,0,0,0,0,0,0,2.31,39,13,0,0,0,-1,-1,-1,23,0,2.17,0,62,50.19,3.22,90,29,2.89,26,98,45.00,94,0.00,0.00,0.00,0,0.00,0.00,1.73,0.11,1,0.00,0.00,0.00,0.00,0.00,0.00,0.00,0.00,0.00,1.73,0.11,0.00,0.00,0.00,0.01,0.00,0.11,0.00,0.00,0,0,,1,0.11,74,0,0.00,23,1,1.73,94,0,3,0,99,0.00,99,0,0,0.00,1,0,26,0.00,14,0,0.00,99,0,0.00,0,0,0.00,0,0.00,14,0,0.00,12,0,0.00,0.00,0,0.00,0,0,0,0.00,0,0,0.00,5,0.00,0,N/A,N/A,N/A,N/A,0.00,0,0.00,0,0.06,0.00,0,89.66,0.00,23,99,0.00,0.00,0,13,13,0,0,0,0.00,0.00,0,31,19.50,0.00,0.00,0,0,0.00,0.00,99,0.00,0,0,0,0.00,0.00,0,0.00,0.00,0.00,0.00,0,0,0.00,52,0,0,51,5,0.05,45,0.01,0.09,0.06,52,0.01,0.10,2,0,0.00,0.00,1.73,0.11,84,1,0.10,51,0,1,83,0,50,62,0,0.00,99,1,0.00,1.73,13.85,0.89,8,2,15,42,3.46,0.22,25.00,0,0.00,99,0,0.00,0,0.00,99,0,0.00,0.00,26,0,85,28,0,0,0,0,0,38,51,69,61,0,99,66,22,22,0,0,30,8,0,0
Diyan Moldovanov,41,481276800,1985/04/02,Liga II,2025/2026,Defender,CS Dinamo București,450,180,270,Bulgaria,5,2,3,0,0,0,0,0,0,0,0,0,0,0,7,2,5,0,0,0,0,0,0,0,0,1.4,64,90,0,0,0,184,151,65,6,0,4.01,0,62,23.20,12.89,24,116,11.11,100,91,20.00,36,0.00,0.00,0.00,0,0.00,0.00,0.00,0.00,0,0.00,0.00,0.00,0.00,2.33,0.33,0.00,2.33,0.00,0.00,0.00,0.00,0.00,0.00,0.00,0.00,0.33,0.00,0.00,0,0,,0,0.00,10,0,0.00,23,0,0.00,12,0,0,5,26,0.00,99,0,3,0.60,20,0,26,0.00,14,0,0.00,99,0,0.00,0,0,0.00,0,0.00,14,0,0.00,12,0,0.00,0.00,0,0.00,0,21,99,4.20,92,21,0.00,34,4.20,99,N/A,N/A,N/A,N/A,100.00,0,0.00,0,0.00,0.00,0,86.21,0.00,23,99,0.00,0.00,0,13,13,0,0,12,0.00,0.00,0,31,36.10,0.11,0.20,1,0,0.00,0.00,99,0.00,0,0,0,0.00,0.00,0,0.00,0.00,0.00,0.00,0,0,0.00,52,11,3,51,34,0.25,17,0.03,0.05,0.00,11,0.00,0.00,16,2,0.22,0.40,0.00,0.00,7,0,0.00,10,7,6,83,0,50,16,0,0.00,99,3,0.00,0.60,0.80,0.44,4,4,7,6,0.80,0.44,100.00,0,0.00,99,0,0.00,0,0.00,99,0,0.00,0.00,26,29,41,28,0,0,0,0,0,38,51,69,61,0,99,9,22,22,0,0,30,12,0,0
Dominik Soptirean,20,1114671600,2005/04/28,Liga II,2025/2026,Defender,Slatina,257,90,167,Germany,3,1,2,2,1,1,0,0,0,0,0,0,0,0,3,1,2,0,0,0.7,0,0.7,1,0.54,129,1.05,86,86,0,0,0,-1,-1,-1,5,0,3.57,0,62,45.00,21.75,79,174,19.62,157,99,40.60,88,0.00,0.00,0.00,0,0.00,0.00,0.78,0.38,3,0.00,0.00,0.00,0.00,0.00,1.12,0.00,0.50,4.00,1.03,0.00,0.00,0.00,0.50,0.14,0.00,0.88,0.00,0.00,0,0,,4,0.50,55,4,1.03,89,0,0.00,12,0,1,1,91,0.00,99,0,9,2.33,91,0,26,0.00,14,0,0.00,99,0,0.00,0,0,0.00,0,0.00,14,0,0.00,12,0,0.00,0.00,0,0.00,0,0,0,0.00,0,4,0.00,64,1.03,61,N/A,N/A,N/A,N/A,0.00,0,0.00,0,1.12,0.00,0,90.23,100.00,99,99,0.00,0.00,0,13,13,0,0,0,0.12,0.26,1,60,28.53,1.12,2.33,9,0,0.00,0.00,99,0.00,0,0,0,0.00,0.00,0,0.00,0.00,0.00,0.00,0,0,25.00,92,0,0,53,65,0.31,39,0.04,0.08,1.12,80,0.14,0.29,10,1,0.12,0.26,0.78,0.38,31,3,0.29,80,5,75,83,0,50,64,0,0.00,99,7,0.00,1.81,10.09,4.88,39,15,19,15,3.88,1.88,38.46,0,0.00,99,0,0.00,0,0.00,99,0,0.00,0.00,26,4,64,28,0,0,0,0,0,95,97,95,99,0,99,9,22,22,0,0,30,37,0,0
Dorian Andrei Todoran,20,1119682800,2005/06/25,Liga II,2025/2026,Defender,CSM Satu Mare,102,0,102,,2,0,2,0,0,0,0,0,0,0,0,0,0,0,2,0,2,0,0,0,0,0,0,0,0,1.76,51,51,0,0,0,-1,-1,-1,12,0,0.70,0,62,24.00,0.44,25,4,0.33,3,44,18.00,27,0.00,0.00,0.00,0,0.00,0.00,6.00,0.11,1,0.00,0.11,0.00,0.00,0.00,0.11,0.00,0.00,0.00,0.00,0.00,0.00,0.00,0.00,0.00,0.00,0.00,0.00,0.00,0,0,,0,0.00,10,0,0.00,23,0,0.00,12,0,1,1,99,0.00,99,0,1,6.00,99,0,26,0.00,14,0,0.00,99,0,0.00,0,0,0.00,0,0.00,14,0,0.00,12,0,0.00,0.00,0,0.00,0,0,0,0.00,0,0,0.00,13,0.00,0,N/A,N/A,N/A,N/A,0.00,0,0.00,0,0.00,0.00,0,75.00,0.00,23,99,0.00,0.00,0,13,13,0,0,0,0.00,0.00,0,31,6.30,0.11,6.00,1,0,0.00,0.00,99,0.00,0,0,0,0.00,0.00,0,0.00,0.00,0.00,0.00,0,0,0.00,52,0,0,51,13,0.01,23,0.00,0.06,0.00,11,0.00,0.00,2,0,0.00,0.00,0.00,0.00,7,0,0.00,10,0,99,83,0,50,1,0,0.00,99,0,0.00,0.00,30.00,0.56,5,1,58,99,6.00,0.11,20.00,1,6.00,0,0,0.00,0,0.00,99,0,0.00,0.00,26,4,64,28,0,0,0,0,0,38,51,69,61,0,99,9,22,22,0,0,30,5,0,0
Dorian Railean,32,750495600,1993/10/13,Liga II,2025/2026,Goalkeeper,CSM Satu Mare,450,180,270,Moldova,5,2,3,0,0,0,0,0,0,0,0,1,0,1,8,5,3,0,0,0,0,0,0,0,0,1.6,56,90,0,0,0,183,142,73,11,0,5.98,0,62,16.60,13.83,8,83,9.50,57,19,11.40,7,0.00,0.00,0.00,0,0.00,0.00,0.00,0.00,0,0.00,0.00,0.00,0.00,3.00,1.17,0.00,3.00,0.00,0.00,0.00,0.00,0.00,0.00,0.00,0.00,0.17,0.00,0.00,0,0,,0,0.00,10,0,0.00,23,0,0.00,12,0,0,3,26,0.00,99,0,7,1.40,58,0,26,0.00,14,0,0.00,99,0,0.00,0,0,0.00,0,0.00,14,0,0.00,12,0,0.00,0.00,0,0.00,0,18,99,3.60,75,18,0.00,20,3.60,98,N/A,N/A,N/A,N/A,100.00,0,0.00,0,0.00,0.00,0,68.67,0.00,23,99,0.00,0.00,0,13,13,0,0,8,0.00,0.00,0,31,35.89,0.00,0.00,0,0,0.00,0.00,99,0.00,0,0,0,0.00,0.00,0,0.00,0.00,0.00,0.00,0,0,0.00,52,11,3,51,20,0.12,2,0.02,0.02,0.00,11,0.00,0.00,2,0,0.00,0.00,0.00,0.00,7,0,0.00,10,36,1,83,0,50,4,0,0.00,99,1,0.00,0.20,0.60,0.50,3,2,4,4,0.40,0.33,66.67,0,0.00,99,0,0.00,0,0.00,99,0,0.00,0.00,26,12,41,28,0,0,0,0,0,38,51,69,61,0,99,39,22,22,0,0,30,22,0,0
Dorin Eduard Burlacu,33,719823600,1992/10/23,Liga II,2025/2026,Forward,CS Dinamo București,99,99,0,Romania,3,3,0,0,0,0,1,1,0,0,0,0,0,0,1,1,0,0,0,0.91,0.91,0,0,0,0,0.91,99,33,0,99,0,-1,-1,-1,17,0,3.45,0.33,99,31.36,11.50,48,23,10.00,20,94,27.27,59,0.00,0.00,0.00,0,0.00,0.50,0.00,0.00,0,0.00,0.00,0.00,0.00,0.00,1.00,0.50,0.00,0.00,1.36,0.00,1.00,0.00,0.50,0.07,0.00,0.00,0.00,0.00,0,0,,1,0.50,65,1,1.36,97,0,0.00,12,1,2,1,26,0.00,99,0,2,2.73,96,1,26,1.36,58,0,0.00,99,0,0.00,0,0,0.00,0,0.00,14,2,2.73,78,1,1.36,50.00,0,0.00,0,0,0,0.00,0,0,0.00,77,0.00,0,N/A,N/A,N/A,N/A,0.00,0,0.00,0,0.13,0.00,0,86.96,100.00,99,99,0.00,0.00,0,67,24,0,0,0,0.00,0.00,0,31,6.90,0.00,0.00,0,0,0.00,0.00,99,0.00,0,0,0,0.00,0.00,0,0.00,0.00,0.00,0.00,0,0,0.00,52,0,0,51,77,0.04,17,0.02,0.05,0.13,65,0.07,0.18,70,1,0.50,1.36,1.36,0.50,69,1,0.18,65,5,1,83,0,50,1,0,0.00,99,0,0.00,0.00,19.09,7.00,14,3,22,81,4.09,1.50,21.43,0,0.00,99,0,0.00,0,0.00,99,0,0.00,0.00,26,4,73,66,0,0,0,0,0,98,51,69,61,0,99,9,22,22,0,0,30,27,0,0
Doru Cristian Andrei,23,1044259200,2003/02/03,Liga II,2025/2026,Midfielder,Voluntari,616,422,194,Romania,15,9,6,1,0,1,1,1,0,0,0,6,3,3,6,5,1,2,1,0.29,0.15,0.15,0,0.46,616,0.88,103,41,205,616,0.44,110,63,-1,11,0,6.63,0.07,83,37.57,19.84,63,377,16.16,307,73,30.60,66,0.00,0.00,0.68,13,0.00,1.11,0.20,0.11,2,0.00,0.63,0.00,0.00,0.00,0.37,2.26,0.11,12.00,3.59,1.11,2.74,0.00,0.79,0.26,0.00,0.42,0.00,0.00,0,0,,36,1.89,99,15,1.50,98,21,2.09,98,5,8,6,46,0.00,99,0,7,0.70,26,21,65,2.09,74,0,0.00,99,0,0.00,0,0,0.00,0,1.30,82,52,5.18,95,43,4.29,82.69,0,0.00,0,0,0,0.00,0,2,0.00,79,0.20,1,N/A,N/A,N/A,N/A,0.00,0,0.00,0,5.03,0.00,0,81.43,41.67,75,99,0.00,0.00,0,97,77,0,0,0,0.00,0.00,0,31,126.02,0.16,0.30,3,0,0.00,0.00,99,0.00,0,0,0,0.00,0.00,0,0.00,0.00,0.10,0.05,1,0,8.33,63,28,87,84,79,1.71,81,0.09,0.17,5.03,95,0.26,0.50,97,27,1.42,2.69,1.00,0.53,44,10,0.50,94,56,12,83,0,58,26,0,0.00,99,8,0.00,0.80,18.54,9.79,186,87,91,77,8.67,4.58,46.77,12,1.20,23,0,33.33,0,0.00,99,7,0.37,0.70,77,38,98,99,0,0,0,0,0,75,68,93,61,0,99,76,28,95,1,7,41,11,0,0
Doru Popadiuc,31,793094400,1995/02/18,Liga II,2025/2026,Midfielder,Chindia Târgovişte,423,103,320,Romania,11,3,8,0,0,0,0,0,0,0,0,6,3,3,5,0,5,1,0,0,0,0,0,0,0,1.06,85,38,423,0,0.21,227,173,-1,24,0,5.54,0,62,30.88,13.72,46,247,11.50,207,83,25.87,56,0.00,0.00,0.33,6,0.00,0.39,0.25,0.11,2,0.00,0.22,0.00,0.00,0.00,0.39,0.22,0.22,0.00,1.25,0.44,0.28,0.00,0.11,0.03,0.00,0.61,0.00,0.00,0,0,,10,0.56,63,2,0.25,50,8,1.00,71,2,2,4,54,0.00,99,0,7,0.88,34,7,51,0.88,51,0,0.00,99,0,0.00,0,0,0.00,0,0.75,63,5,0.62,34,4,0.50,80.00,0,0.00,0,0,0,0.00,0,4,0.00,63,0.50,18,N/A,N/A,N/A,N/A,0.00,0,0.00,0,0.60,0.00,0,83.81,20.00,35,99,0.00,0.00,0,38,73,0,0,0,0.06,0.12,1,41,99.71,0.11,0.25,2,0,0.00,0.00,99,0.00,0,0,0,0.00,0.00,0,0.00,0.00,0.00,0.00,0,0,0.00,52,6,46,51,63,0.65,39,0.04,0.08,0.60,46,0.03,0.07,94,17,0.94,2.12,1.38,0.61,70,11,0.07,45,26,9,83,0,50,53,0,0.00,99,11,0.00,1.38,14.88,6.61,119,47,57,50,5.88,2.61,39.50,4,0.50,47,0,28.57,0,0.00,99,2,0.11,0.25,51,20,73,85,0,0,0,0,0,38,51,69,61,0,99,94,56,66,1,9,54,59,0,0
Dragos Nedelcu,29,856080000,1997/02/16,Liga II,2025/2026,Defender,CSA Steaua Bucureşti,286,76,210,Romania,5,2,3,0,0,0,1,0,1,0,0,1,0,1,2,1,1,1,0,0.31,0.31,0,0,0,0,0.63,143,57,286,286,0.31,177,17,8,16,0,4.49,0.2,96,60.51,19.67,99,236,15.58,187,60,47.95,96,0.00,0.00,0.17,2,0.00,0.25,0.00,0.00,0,0.00,0.00,0.00,0.00,0.00,0.67,0.00,0.08,0.00,1.79,0.42,0.17,0.00,0.17,0.04,0.00,0.25,0.00,0.00,0,0,,7,0.58,76,2,0.51,69,5,1.28,80,1,1,3,26,0.00,99,0,8,2.05,82,3,65,0.77,47,0,0.00,99,0,0.00,0,0,0.00,0,0.51,47,2,0.51,31,0,0.00,0.00,0,0.00,0,0,0,0.00,0,1,0.00,91,0.26,3,N/A,N/A,N/A,N/A,0.00,0,0.00,0,0.51,0.00,0,79.24,28.57,46,99,0.00,0.00,0,13,13,0,0,0,0.08,0.26,1,60,53.91,0.58,1.79,7,0,0.00,0.00,99,0.00,0,0,0,0.00,0.00,0,0.00,0.00,0.00,0.00,0,0,0.00,52,0,3,51,91,0.46,62,0.04,0.12,0.51,59,0.04,0.13,66,5,0.42,1.28,1.03,0.33,45,4,0.13,59,11,65,83,0,50,25,0,0.00,99,3,0.00,0.77,10.51,3.42,41,15,19,16,3.85,1.25,36.59,0,0.00,99,0,33.33,0,0.00,99,1,0.08,0.26,52,12,64,66,0,0,0,0,0,76,51,69,61,0,99,39,39,83,1,20,85,16,0,0
Dragoș Petru Iancu,23,1033282800,2002/09/29,Liga II,2025/2026,Midfielder,CSM Iaşi,343,205,138,Romania,5,3,2,1,0,1,0,0,0,0,0,0,0,0,5,3,2,2,0,0.26,0,0.26,0,0.65,343,1.31,69,69,172,0,0.52,63,130,-1,9,0,4.51,0,62,27.93,11.25,37,135,8.92,107,60,22.14,44,0.00,0.00,0.08,1,0.00,0.08,1.03,0.42,5,0.00,0.17,0.00,0.00,0.00,0.75,0.67,0.33,5.00,1.03,0.25,0.83,0.00,0.17,0.08,0.00,0.42,0.00,0.00,0,0,,5,0.42,55,2,0.41,63,3,0.62,52,4,0,4,97,0.00,99,0,9,1.86,77,1,26,0.21,22,0,0.00,99,0,0.00,0,0,0.00,0,0.21,25,10,2.07,69,8,1.66,80.00,0,0.00,0,0,0,0.00,0,4,0.00,39,0.83,42,N/A,N/A,N/A,N/A,0.00,0,0.00,0,0.99,0.00,0,79.26,40.00,73,99,0.00,0.00,0,74,73,0,0,0,0.00,0.00,0,31,54.09,0.58,1.45,7,0,0.00,0.00,99,0.00,0,0,0,0.00,0.00,0,0.00,0.00,0.00,0.00,0,0,20.00,88,0,3,68,39,0.29,23,0.02,0.06,0.99,69,0.08,0.20,97,12,1.00,2.48,1.66,0.67,81,8,0.20,69,11,59,83,0,50,40,0,0.00,99,5,0.00,1.03,16.76,6.75,81,33,72,64,6.83,2.75,40.74,2,0.41,55,0,0.00,0,0.00,99,0,0.00,0.00,26,20,41,96,0,0,0,0,0,73,82,97,61,0,99,9,25,97,1,20,85,10,0,0
Dragoș Sebastian Tescan,26,937378800,1999/09/15,Liga II,2025/2026,Midfielder,Bihor Oradea,1091,660,431,Romania,15,9,6,7,6,1,3,2,1,0,0,5,4,1,10,6,4,2,0,0.82,0.25,0.58,0.82,0.21,156,0.82,109,73,546,364,0.16,15,28,-1,2,0,7.14,0.2,94,33.13,27.15,50,543,21.05,421,53,25.69,56,0.00,0.00,1.05,21,0.00,1.10,0.55,0.45,9,0.00,0.70,0.00,0.00,0.00,0.65,0.85,0.80,5.71,2.44,1.10,0.90,0.00,0.90,0.38,0.00,1.50,0.00,0.00,0,0,,40,2.00,88,18,1.10,92,22,1.34,82,4,3,11,79,0.00,99,0,13,0.79,29,22,79,1.34,57,0,0.00,99,0,0.00,0,0,0.00,0,1.28,81,18,1.10,48,17,1.04,94.44,0,0.00,0,0,0,0.00,0,16,0.00,83,0.98,58,N/A,N/A,N/A,N/A,0.00,0,0.00,0,7.50,0.00,0,77.53,45.00,79,99,0.00,0.00,0,54,89,0,1,0,0.10,0.12,2,41,142.86,0.60,0.73,12,0,0.00,0.00,99,0.00,0,1,1,0.05,0.06,0,0.00,0.00,0.06,0.05,1,1,17.50,83,75,87,55,83,3.45,90,0.17,0.21,6.80,91,0.34,0.41,64,20,1.00,1.22,1.28,1.05,64,21,0.46,93,92,33,87,0,53,65,0,0.00,99,30,0.00,1.83,15.32,12.55,251,86,43,52,5.25,4.30,34.26,14,0.85,34,0,40.91,0,0.00,99,9,0.45,0.55,70,80,85,96,0,0,0,0,0,97,96,78,97,0,99,66,71,51,2,13,67,28,0,0
Dylan Mboumbouni,30,824803200,1996/02/20,Liga II,2025/2026,Defender,Chindia Târgovişte,108,18,90,France,2,1,1,0,0,0,0,0,0,0,0,1,1,0,2,0,2,0,0,0,0,0,0,0,0,1.67,54,54,0,0,0,-1,-1,-1,25,0,2.99,0,62,36.64,11.44,60,103,9.67,87,86,30.95,66,0.00,0.00,0.00,0,0.00,0.00,0.36,0.11,1,0.00,0.00,0.00,0.00,0.00,0.44,0.00,0.22,0.00,0.36,0.11,0.00,0.00,0.00,0.01,0.00,0.56,0.00,0.00,0,0,,1,0.11,24,0,0.00,23,1,0.36,32,0,0,1,65,0.00,99,0,4,1.42,59,0,26,0.00,14,0,0.00,99,0,0.00,0,0,0.00,0,0.00,14,0,0.00,12,0,0.00,0.00,0,0.00,0,0,0,0.00,0,2,0.00,16,0.71,30,N/A,N/A,N/A,N/A,0.00,0,0.00,0,0.05,0.00,0,84.47,0.00,23,99,0.00,0.00,0,13,13,0,0,0,0.33,1.07,3,97,26.87,1.89,6.05,17,0,0.00,0.00,99,0.00,0,0,0,0.00,0.00,0,0.00,0.00,0.00,0.00,0,0,0.00,52,0,0,51,17,0.18,23,0.02,0.06,0.05,23,0.01,0.02,31,2,0.22,0.71,1.07,0.33,47,3,0.02,22,3,99,83,0,50,64,0,0.00,99,5,0.00,1.78,7.47,2.33,21,12,23,8,4.27,1.33,57.14,0,0.00,99,0,0.00,0,0.00,99,0,0.00,0.00,26,4,41,28,0,0,0,0,0,38,51,69,61,0,99,93,22,22,0,0,30,4,0,0
Edgar Cadar,18,1181977200,2007/06/16,Liga II,2025/2026,Goalkeeper,Bihor Oradea,0,0,0,Romania,0,0,0,0,0,0,0,0,0,0,0,0,0,0,0,0,0,0,0,0,0,0,0,0,0,0,0,0,0,0,0,-1,-1,-1,-1,N/A,N/A,N/A,N/A,N/A,N/A,N/A,N/A,N/A,N/A,N/A,N/A,N/A,N/A,N/A,N/A,N/A,N/A,N/A,N/A,N/A,N/A,N/A,N/A,N/A,N/A,N/A,N/A,N/A,N/A,N/A,N/A,N/A,N/A,N/A,N/A,N/A,N/A,N/A,N/A,N/A,N/A,N/A,N/A,N/A,N/A,N/A,N/A,N/A,N/A,N/A,N/A,N/A,N/A,N/A,N/A,N/A,N/A,N/A,N/A,N/A,N/A,N/A,N/A,N/A,N/A,N/A,N/A,N/A,N/A,N/A,N/A,N/A,N/A,N/A,N/A,N/A,N/A,N/A,N/A,N/A,N/A,N/A,N/A,N/A,N/A,N/A,N/A,N/A,N/A,N/A,N/A,N/A,N/A,N/A,N/A,N/A,N/A,N/A,N/A,N/A,N/A,N/A,N/A,N/A,N/A,N/A,N/A,N/A,N/A,N/A,N/A,N/A,N/A,N/A,N/A,N/A,N/A,N/A,N/A,N/A,N/A,N/A,N/A,N/A,N/A,N/A,N/A,N/A,N/A,N/A,N/A,N/A,N/A,N/A,N/A,N/A,N/A,N/A,N/A,N/A,N/A,N/A,N/A,N/A,N/A,N/A,N/A,N/A,N/A,N/A,N/A,N/A,N/A,N/A,N/A,N/A,N/A,N/A,N/A,N/A,N/A,N/A,N/A,N/A,N/A,N/A,N/A,N/A,N/A,N/A,N/A,N/A,N/A,N/A,N/A,N/A,N/A,N/A,N/A,N/A,N/A,N/A,N/A,N/A,N/A,N/A,N/A,N/A,N/A,N/A,N/A,N/A,N/A,N/A,N/A,N/A,N/A,N/A,N/A,N/A,N/A,N/A,N/A,N/A,N/A,N/A,N/A,N/A,N/A,N/A,N/A,N/A,N/A,N/A,N/A,N/A,N/A,N/A,N/A,N/A,N/A,N/A,N/A
Edmond Lenghel,18,1181718000,2007/06/13,Liga II,2025/2026,Forward,Viitorul Şelimbăr,4,4,0,,1,1,0,0,0,0,0,0,0,0,0,0,0,0,0,0,0,0,0,0,0,0,0,0,0,0,0,4,0,0,0,-1,-1,-1,10,0,6.49,0,62,31.15,9.00,47,9,7.00,7,54,24.23,50,0.00,0.00,0.00,0,0.00,0.00,0.00,0.00,0,0.00,0.00,0.00,0.00,0.00,1.00,0.00,0.00,0.00,0.00,0.00,0.00,0.00,0.00,0.00,0.00,1.00,0.00,0.00,0,0,,0,0.00,10,0,0.00,23,0,0.00,12,0,1,0,26,0.00,99,0,1,3.46,99,0,26,0.00,14,0,0.00,99,0,0.00,0,0,0.00,0,0.00,14,0,0.00,12,0,0.00,0.00,0,0.00,0,0,0,0.00,0,0,0.00,99,0.00,0,N/A,N/A,N/A,N/A,0.00,0,0.00,0,0.00,0.00,0,77.78,0.00,23,99,0.00,0.00,0,13,13,0,0,0,0.00,0.00,0,31,6.49,0.00,0.00,0,0,0.00,0.00,99,0.00,0,0,0,0.00,0.00,0,0.00,0.00,0.00,0.00,0,0,0.00,52,0,0,51,0,0.01,6,0.01,0.03,0.00,11,0.00,0.00,99,1,1.00,3.46,0.00,0.00,7,0,0.00,10,48,1,83,0,50,92,0,0.00,99,1,0.00,3.46,38.08,11.00,11,4,99,99,13.85,4.00,36.36,0,0.00,99,0,0.00,0,0.00,99,0,0.00,0.00,26,0,64,28,0,0,0,0,0,38,51,69,61,0,99,9,22,22,0,0,30,22,0,0
Edoardo Alloj,19,1146726000,2006/05/04,Liga II,2025/2026,Midfielder,FC Bacău,0,0,0,Romania,0,0,0,0,0,0,0,0,0,0,0,0,0,0,0,0,0,0,0,0,0,0,0,0,0,0,0,0,0,0,0,-1,-1,-1,-1,N/A,N/A,N/A,N/A,N/A,N/A,N/A,N/A,N/A,N/A,N/A,N/A,N/A,N/A,N/A,N/A,N/A,N/A,N/A,N/A,N/A,N/A,N/A,N/A,N/A,N/A,N/A,N/A,N/A,N/A,N/A,N/A,N/A,N/A,N/A,N/A,N/A,N/A,N/A,N/A,N/A,N/A,N/A,N/A,N/A,N/A,N/A,N/A,N/A,N/A,N/A,N/A,N/A,N/A,N/A,N/A,N/A,N/A,N/A,N/A,N/A,N/A,N/A,N/A,N/A,N/A,N/A,N/A,N/A,N/A,N/A,N/A,N/A,N/A,N/A,N/A,N/A,N/A,N/A,N/A,N/A,N/A,N/A,N/A,N/A,N/A,N/A,N/A,N/A,N/A,N/A,N/A,N/A,N/A,N/A,N/A,N/A,N/A,N/A,N/A,N/A,N/A,N/A,N/A,N/A,N/A,N/A,N/A,N/A,N/A,N/A,N/A,N/A,N/A,N/A,N/A,N/A,N/A,N/A,N/A,N/A,N/A,N/A,N/A,N/A,N/A,N/A,N/A,N/A,N/A,N/A,N/A,N/A,N/A,N/A,N/A,N/A,N/A,N/A,N/A,N/A,N/A,N/A,N/A,N/A,N/A,N/A,N/A,N/A,N/A,N/A,N/A,N/A,N/A,N/A,N/A,N/A,N/A,N/A,N/A,N/A,N/A,N/A,N/A,N/A,N/A,N/A,N/A,N/A,N/A,N/A,N/A,N/A,N/A,N/A,N/A,N/A,N/A,N/A,N/A,N/A,N/A,N/A,N/A,N/A,N/A,N/A,N/A,N/A,N/A,N/A,N/A,N/A,N/A,N/A,N/A,N/A,N/A,N/A,N/A,N/A,N/A,N/A,N/A,N/A,N/A,N/A,N/A,N/A,N/A,N/A,N/A,N/A,N/A,N/A,N/A,N/A,N/A,N/A,N/A,N/A,N/A,N/A,N/A
Elton Constantino Da Silva,36,616921200,1989/07/20,Liga II,2025/2026,Midfielder,CSM Reşiţa,937,561,376,Brazil,14,8,6,0,0,0,0,0,0,0,0,7,4,3,7,4,3,5,1,0,0,0,0,0,0,0.67,134,67,187,0,0.48,262,249,-1,11,0,6.12,0,62,45.13,31.56,80,505,23.81,381,46,34.05,74,0.00,0.00,0.19,3,0.00,0.50,0.18,0.12,2,0.00,0.25,0.00,0.00,0.00,1.44,0.31,0.62,11.00,0.98,0.38,0.56,0.00,0.31,0.10,0.00,4.00,0.00,0.00,0,0,,11,0.69,54,5,0.45,64,6,0.54,47,1,3,10,44,0.00,99,0,23,2.06,83,8,28,0.71,45,0,0.00,99,0,0.00,0,0,0.00,0,0.27,30,9,0.80,40,5,0.45,55.56,0,0.00,0,0,0,0.00,0,10,0.00,90,0.89,49,N/A,N/A,N/A,N/A,0.00,0,0.00,0,1.54,0.00,0,75.45,45.45,80,99,0.00,0.00,0,35,28,0,0,0,0.25,0.36,4,69,97.88,1.94,2.77,31,1,0.00,0.09,7,0.06,0,0,1,0.06,0.09,0,0.00,0.00,0.00,0.00,0,0,9.09,65,61,78,51,90,0.83,32,0.05,0.07,1.54,61,0.10,0.14,44,10,0.62,0.89,1.07,0.75,47,12,0.14,60,39,81,93,0,50,99,0,0.00,99,64,0.00,5.72,18.41,12.88,206,115,99,75,10.28,7.19,55.83,4,0.36,59,0,12.50,0,0.00,99,1,0.06,0.09,33,73,85,66,0,0,0,0,0,38,51,69,61,0,99,93,25,97,3,21,87,27,0,0
Emanuel Breban,20,1130569200,2005/10/29,Liga II,2025/2026,Midfielder,Tunari,90,0,90,Romania,1,0,1,0,0,0,0,0,0,0,0,0,0,0,0,0,0,0,0,0,0,0,0,0,0,0,0,90,0,0,0,-1,-1,-1,22,0,4.28,0,62,14.00,7.00,3,14,5.00,10,29,10.00,4,0.00,0.00,0.00,0,0.00,0.00,0.00,0.00,0,0.00,0.00,0.00,0.00,4.00,0.50,0.00,4.00,0.00,0.00,0.00,0.00,0.00,0.00,0.00,0.00,0.00,0.00,0.00,0,0,,0,0.00,10,0,0.00,23,0,0.00,12,0,0,1,26,0.00,99,0,1,1.00,39,0,26,0.00,14,0,0.00,99,0,0.00,0,0,0.00,0,0.00,14,0,0.00,12,0,0.00,0.00,0,0.00,0,8,99,8.00,99,8,0.00,99,8.00,99,N/A,N/A,N/A,N/A,100.00,0,0.00,0,0.00,0.00,0,71.43,0.00,23,99,0.00,0.00,0,13,13,0,0,5,0.00,0.00,0,31,8.56,0.00,0.00,0,0,0.00,0.00,99,0.00,0,0,0,0.00,0.00,0,0.00,0.00,0.00,0.00,0,0,0.00,52,0,0,51,0,0.02,2,0.01,0.02,0.00,11,0.00,0.00,2,0,0.00,0.00,0.00,0.00,7,0,0.00,10,9,1,83,0,50,1,0,0.00,99,0,0.00,0.00,1.00,0.50,1,0,0,7,0.00,0.00,0.00,0,0.00,99,0,0.00,0,0.00,99,0,0.00,0.00,26,4,41,28,0,0,0,0,0,38,51,69,61,0,99,9,22,22,0,0,30,12,0,0
Emilian Pacionel,25,982224000,2001/02/15,Liga II,2025/2026,Midfielder,Slatina,783,514,269,Romania,12,8,4,0,0,0,1,0,1,0,0,2,2,0,13,6,7,2,0,0.11,0.11,0,0,0,0,1.49,60,65,392,783,0.23,340,100,-1,14,0,6.68,0.08,74,48.27,28.92,87,376,24.46,318,86,40.83,89,0.00,0.00,0.77,10,0.00,0.85,0.90,0.54,7,0.00,0.23,0.00,0.00,0.00,0.77,1.92,0.77,22.00,2.82,0.92,2.23,0.00,0.77,0.21,0.00,0.31,0.00,0.00,0,0,,22,1.69,94,10,1.28,97,12,1.54,89,5,2,6,95,0.00,99,0,10,1.28,52,11,70,1.41,60,0,0.00,99,0,0.00,0,0,0.00,0,1.28,81,29,3.72,89,25,3.21,86.21,0,0.00,0,0,0,0.00,0,10,0.00,27,1.28,73,N/A,N/A,N/A,N/A,0.00,0,0.00,0,2.76,0.00,0,84.57,45.45,80,99,0.00,0.00,0,92,82,0,0,0,0.00,0.00,0,31,86.82,0.46,0.77,6,0,0.00,0.00,99,0.00,0,0,1,0.08,0.13,0,0.00,0.00,0.00,0.00,0,1,4.55,53,45,58,51,26,1.24,77,0.10,0.16,2.76,85,0.21,0.35,99,23,1.77,2.95,2.05,1.23,93,16,0.35,84,60,35,97,0,50,13,0,0.00,99,4,0.00,0.51,18.36,11.00,143,63,89,74,8.09,4.85,44.06,3,0.39,57,0,36.36,0,0.00,99,4,0.31,0.51,67,38,73,99,0,0,0,0,0,47,51,69,61,0,99,32,52,71,1,8,50,10,0,0
Emin Ghazoini,25,979027200,2001/01/09,Liga II,2025/2026,Defender,CSM Satu Mare,720,360,360,Italy,8,4,4,0,0,0,1,1,0,0,0,1,0,1,21,13,8,3,0,0.13,0.13,0,0,0,0,2.63,34,90,240,720,0.38,188,77,95,20,0,6.82,0.12,78,22.64,20.83,22,125,13.83,83,11,15.03,20,0.00,0.00,0.17,1,0.00,1.00,0.36,0.33,2,0.00,0.17,0.00,0.00,0.00,1.50,0.50,0.67,2.00,0.36,0.17,0.50,0.00,0.17,0.13,0.00,1.83,0.00,0.00,0,0,,2,0.33,24,1,0.18,40,1,0.18,21,0,0,4,65,0.00,99,0,9,1.63,69,6,91,1.09,55,0,0.00,99,0,0.00,0,0,0.00,0,0.18,23,3,0.54,31,3,0.54,100.00,0,0.00,0,0,0,0.00,0,4,0.00,3,0.72,31,N/A,N/A,N/A,N/A,0.00,0,0.00,0,0.78,0.00,0,66.40,50.00,88,99,0.00,0.00,0,39,99,0,0,0,0.50,0.54,3,81,40.93,3.83,4.16,23,0,0.00,0.00,99,0.00,0,0,0,0.00,0.00,0,0.00,0.00,0.00,0.00,0,0,50.00,99,38,20,51,3,0.81,74,0.14,0.15,0.78,61,0.13,0.14,86,10,1.67,1.81,1.63,1.50,81,9,0.14,60,73,95,83,0,50,69,0,0.00,99,11,0.00,1.99,12.86,11.83,71,35,67,34,6.34,5.83,49.30,1,0.18,73,0,50.00,0,0.00,99,3,0.50,0.54,69,20,41,28,0,0,0,0,0,51,51,69,61,0,99,23,32,90,1,12,65,14,0,0
Emmanuel Mensah,21,1089442800,2004/07/10,Liga II,2025/2026,Forward,ACS Gloria Bistrita,841,417,424,England,12,6,6,4,2,2,3,2,1,0,0,1,1,0,14,5,9,0,0,0.75,0.32,0.43,0.43,0.42,210,1.5,60,70,0,280,0,30,15,-1,1,0,7.26,0.25,96,28.25,21.50,38,172,14.75,118,19,19.38,33,0.00,0.00,1.38,11,0.00,1.62,0.00,0.00,0,0.00,1.00,0.00,0.00,0.00,0.25,2.75,0.38,6.00,3.94,1.62,4.00,0.00,1.38,0.55,0.00,1.12,0.00,0.00,0,0,,24,3.00,99,11,1.81,99,13,2.14,98,1,0,11,26,0.00,99,0,2,0.33,8,13,95,2.14,76,0,0.00,99,0,0.00,0,0,0.00,0,1.81,94,32,5.26,96,22,3.61,68.75,0,0.00,0,0,0,0.00,0,3,0.00,26,0.49,16,N/A,N/A,N/A,N/A,0.00,0,0.00,0,4.43,0.00,0,68.60,45.83,80,99,0.00,0.00,0,94,47,0,1,0,0.12,0.16,1,46,58.10,0.12,0.16,1,0,0.00,0.00,99,0.00,0,1,0,0.00,0.00,0,0.00,0.00,0.66,0.50,4,0,16.67,81,53,58,60,26,1.84,97,0.23,0.30,3.73,97,0.47,0.61,59,7,0.88,1.15,1.15,0.88,54,7,0.73,99,96,3,83,0,93,57,0,0.00,99,9,0.00,1.48,18.89,14.38,115,45,80,80,7.39,5.62,39.13,8,1.31,18,0,61.54,0,0.00,99,8,1.00,1.31,92,80,41,66,0,1,0,8,0,96,92,92,88,0,99,11,22,22,0,0,30,27,0,0
Emmanuel Okoro,19,1166169600,2006/12/15,Liga II,2025/2026,Forward,Corvinul Hunedoara,66,48,18,Niger,5,3,2,0,0,0,1,1,0,0,0,3,2,1,0,0,0,0,0,1.36,1.36,0,0,0,0,0,0,13,0,66,0,-1,-1,-1,13,0,7.13,0.2,99,14.32,3.50,4,14,2.75,11,57,11.25,6,0.00,0.00,0.25,1,0.00,0.00,0.00,0.00,0,0.00,0.25,0.00,0.00,0.00,0.75,0.25,0.00,3.50,7.16,1.00,0.50,0.00,0.75,0.43,0.00,1.25,0.00,0.00,0,0,,7,1.75,99,3,3.07,99,4,4.09,99,0,5,0,26,0.00,99,0,3,3.07,99,0,26,0.00,14,0,0.00,99,0,0.00,0,0,0.00,0,1.02,74,2,2.05,68,1,1.02,50.00,0,0.00,0,0,0,0.00,0,0,0.00,99,0.00,0,N/A,N/A,N/A,N/A,0.00,0,0.00,0,1.74,0.00,0,78.57,42.86,77,99,0.00,0.00,0,54,24,0,0,0,0.00,0.00,0,31,28.54,0.00,0.00,0,0,0.00,0.00,99,0.00,0,0,1,0.25,1.02,0,0.00,0.00,1.02,0.25,1,0,28.57,93,0,3,51,0,0.07,32,0.02,0.07,1.74,99,0.43,1.78,51,1,0.25,1.02,2.05,0.50,93,2,1.78,99,92,1,99,0,97,98,0,0.00,99,5,0.00,5.11,16.36,4.00,16,9,94,61,9.20,2.25,56.25,1,1.02,28,0,0.00,0,0.00,99,0,0.00,0.00,26,0,93,28,0,0,0,0,0,99,51,69,61,0,99,95,22,22,0,0,30,29,0,0
Eric Nistor,18,1181286000,2007/06/08,Liga II,2025/2026,Forward,Muscelul Câmpulung Elite,180,90,90,Romania,2,1,1,0,0,0,0,0,0,0,0,1,1,0,6,0,6,0,0,0,0,0,0,0,0,3,30,90,0,0,0,-1,-1,-1,9,0,6.75,0,62,24.69,23.25,26,93,15.75,63,15,16.73,25,0.00,0.00,0.75,3,0.00,1.75,2.39,2.25,9,0.00,2.00,0.00,0.00,0.00,1.00,1.25,0.75,6.00,1.59,0.75,3.00,0.00,0.75,0.28,0.00,1.25,0.00,0.00,0,0,,6,1.50,70,3,0.80,79,3,0.80,61,0,0,1,99,0.00,99,0,4,1.06,42,7,83,1.86,71,0,0.00,99,0,0.00,0,0,0.00,0,0.80,64,12,3.19,83,5,1.33,41.67,0,0.00,0,0,0,0.00,0,3,0.00,1,0.80,39,N/A,N/A,N/A,N/A,0.00,0,0.00,0,1.10,0.00,0,67.74,50.00,88,99,0.00,0.00,0,65,16,0,0,0,0.00,0.00,0,31,26.99,1.50,1.59,6,0,0.00,0.00,99,0.00,0,0,0,0.00,0.00,0,0.00,0.00,0.27,0.25,1,0,16.67,81,0,0,51,1,0.21,23,0.05,0.06,1.10,80,0.28,0.29,54,4,1.00,1.06,2.39,2.25,95,9,0.29,80,64,63,83,0,79,51,0,0.00,99,5,0.00,1.33,24.42,23.00,92,27,77,96,7.17,6.75,29.35,8,2.12,5,0,42.86,0,0.00,99,3,0.75,0.80,79,4,41,28,0,0,0,0,0,38,51,69,61,0,99,93,22,22,0,0,30,20,0,0
Erico Constantino Da Silva,36,616921200,1989/07/20,Liga II,2025/2026,Defender,CSM Reşiţa,553,296,257,Brazil,9,5,4,2,0,2,0,0,0,0,0,4,2,2,7,4,3,2,0,0.33,0,0.33,0,0.7,277,1.14,79,61,277,0,0.33,45,248,49,3,0,6.35,0,62,28.60,16.73,39,184,12.18,134,34,20.83,39,0.00,0.00,0.09,1,0.00,0.09,0.31,0.18,2,0.00,0.27,0.00,0.00,0.00,1.45,0.36,0.45,2.50,0.78,0.27,0.36,0.00,0.18,0.14,0.00,3.09,0.00,0.00,0,0,,5,0.45,45,2,0.31,55,3,0.47,40,1,3,5,60,0.00,99,0,16,2.49,93,1,26,0.16,21,0,0.00,99,0,0.00,0,0,0.00,0,0.16,21,4,0.62,34,4,0.62,100.00,0,0.00,0,0,0,0.00,0,5,0.00,56,0.78,36,N/A,N/A,N/A,N/A,0.00,0,0.00,0,1.57,0.00,0,72.83,40.00,73,99,0.00,0.00,0,42,99,0,0,0,0.45,0.78,5,92,69.90,2.73,4.66,30,0,0.00,0.00,99,0.00,0,0,0,0.00,0.00,0,0.00,0.00,0.31,0.18,2,0,40.00,98,22,27,65,56,0.33,17,0.03,0.05,1.57,74,0.14,0.24,64,8,0.73,1.24,1.87,1.09,89,12,0.24,74,44,97,83,0,80,98,0,0.00,99,34,0.00,5.28,16.79,9.82,108,63,97,64,9.79,5.73,58.33,3,0.47,49,0,0.00,0,0.00,99,0,0.00,0.00,26,29,85,66,0,0,0,0,0,78,87,97,61,0,99,83,38,85,1,11,62,21,0,0
Ervin Zsiga,34,679215600,1991/07/11,Liga II,2025/2026,Midfielder,CSM Satu Mare,214,134,80,Romania,8,6,2,0,0,0,1,1,0,0,0,0,0,0,6,6,0,0,0,0.42,0.42,0,0,0,0,2.52,36,27,0,214,0,-1,-1,-1,21,0,4.77,0.12,98,41.81,10.29,73,72,7.00,49,16,28.45,61,0.00,0.00,0.29,2,0.00,0.86,0.00,0.00,0,0.00,0.00,0.00,0.00,0.00,0.43,1.14,0.29,0.00,4.06,0.86,1.29,0.00,0.14,0.06,0.00,0.29,0.00,0.00,0,0,,7,1.00,99,1,0.58,71,6,3.48,99,0,4,1,26,0.00,99,0,3,1.74,72,6,31,3.48,90,0,0.00,99,0,0.00,0,0,0.00,0,1.16,77,9,5.23,96,8,4.65,88.89,0,0.00,0,0,0,0.00,0,2,0.00,4,1.16,67,N/A,N/A,N/A,N/A,0.00,0,0.00,0,0.45,0.00,0,68.06,14.29,28,99,0.00,0.00,0,99,86,0,0,0,0.00,0.00,0,31,33.37,0.00,0.00,0,0,0.00,0.00,99,0.00,0,0,0,0.00,0.00,0,0.00,0.00,0.00,0.00,0,0,0.00,52,0,20,51,4,0.20,62,0.03,0.12,0.45,77,0.06,0.26,83,3,0.43,1.74,1.16,0.29,55,2,0.26,77,14,1,83,0,50,46,0,0.00,99,2,0.00,1.16,18.00,4.43,31,13,83,73,7.55,1.86,41.94,0,0.00,99,0,16.67,0,0.00,99,1,0.14,0.58,71,4,89,28,0,0,0,0,0,84,51,69,61,0,99,9,22,22,0,0,30,11,0,0
Fabiano Duarte Cibi,21,1111478400,2005/03/22,Liga II,2025/2026,Midfielder,Dumbrăviţa,552,233,319,Romania,10,5,5,0,0,0,0,0,0,0,0,1,1,0,9,2,7,1,0,0,0,0,0,0,0,1.47,61,55,552,0,0.16,206,158,-1,15,0,6.66,0,62,22.31,12.50,21,150,9.08,109,33,16.21,24,0.00,0.00,0.33,4,0.00,0.25,0.89,0.50,6,0.00,0.33,0.00,0.00,0.00,0.83,0.42,0.17,0.00,0.74,0.08,0.42,0.00,0.33,0.04,0.00,1.00,0.00,0.00,0,0,,5,0.42,43,4,0.60,73,1,0.15,18,2,3,4,95,0.00,99,0,10,1.49,62,3,26,0.45,37,0,0.00,99,0,0.00,0,0,0.00,0,0.60,51,5,0.74,37,5,0.74,100.00,0,0.00,0,0,0,0.00,0,2,0.00,28,0.30,5,N/A,N/A,N/A,N/A,0.00,0,0.00,0,0.49,0.00,0,72.67,80.00,97,99,0.00,0.00,0,46,99,0,0,0,0.17,0.30,2,63,79.93,0.92,1.64,11,0,0.00,0.00,99,0.00,0,0,0,0.00,0.00,0,0.00,0.00,0.00,0.00,0,0,0.00,52,22,37,51,29,0.40,23,0.03,0.06,0.49,46,0.04,0.07,53,7,0.58,1.04,1.19,0.67,57,8,0.07,45,58,64,83,0,50,64,0,0.00,99,12,0.00,1.79,15.62,8.75,105,38,51,54,5.65,3.17,36.19,4,0.60,45,0,0.00,0,0.00,99,0,0.00,0.00,26,20,85,85,0,0,0,0,0,38,51,69,61,0,99,18,72,51,1,10,58,3,0,0
Fábio André Freitas Vianna,27,907830000,1998/10/08,Liga II,2025/2026,Midfielder,Sepsi,633,352,281,Portugal,10,6,4,0,0,0,1,0,1,0,0,5,3,2,4,2,2,0,0,0.14,0.14,0,0,0,0,0.57,158,63,0,633,0,309,71,-1,29,0,5.08,0.1,81,46.07,21.44,83,343,16.44,263,51,35.33,77,0.00,0.00,0.81,13,0.00,1.31,0.13,0.06,1,0.00,0.12,0.00,0.00,0.00,0.44,0.69,0.38,0.00,0.67,0.19,1.00,0.00,0.12,0.02,0.00,0.50,0.00,0.00,0,0,,5,0.31,39,2,0.27,52,3,0.40,35,1,3,6,36,0.00,99,0,7,0.94,37,21,39,2.82,84,0,0.00,99,0,0.00,0,0,0.00,0,1.75,93,16,2.15,70,11,1.48,68.75,0,0.00,0,0,0,0.00,0,6,0.00,93,0.81,41,N/A,N/A,N/A,N/A,0.00,0,0.00,0,0.37,0.00,0,76.68,40.00,73,99,0.00,0.00,0,70,47,0,0,0,0.12,0.27,2,61,81.20,0.69,1.48,11,0,0.00,0.00,99,0.00,0,0,0,0.00,0.00,0,0.00,0.00,0.13,0.06,1,0,0.00,52,31,37,51,93,1.57,90,0.10,0.21,0.37,38,0.02,0.05,54,8,0.50,1.07,0.40,0.19,12,3,0.05,38,18,60,83,0,63,42,0,0.00,99,8,0.00,1.07,12.76,5.94,95,28,17,32,3.76,1.75,29.47,2,0.27,64,0,23.81,0,0.00,99,5,0.31,0.67,75,38,85,66,0,0,0,0,0,54,51,69,61,0,99,93,22,22,0,0,30,13,0,0
Fabio Blaga,19,1146898800,2006/05/06,Liga II,2025/2026,Unknown,Corvinul Hunedoara,90,0,90,Romania,1,0,1,0,0,0,0,0,0,0,0,1,0,1,0,0,0,1,0,0,0,0,0,0,0,0,0,90,90,0,1,-1,-1,-1,16,0,0.00,0,62,0.00,0.00,0,0,0.00,0,0,0.00,0,0.00,0.00,0.00,0,0.00,0.00,0.00,0.00,0,0.00,0.00,0.00,0.00,0.00,0.00,0.00,0.00,0.00,0.00,0.00,0.00,0.00,0.00,0.00,0.00,0.00,0.00,0.00,0,0,,0,0.00,10,0,0.00,23,0,0.00,12,0,0,1,26,0.00,99,0,0,0.00,1,0,26,0.00,14,0,0.00,99,0,0.00,0,0,0.00,0,0.00,14,0,0.00,12,0,0.00,0.00,0,0.00,0,0,0,0.00,0,0,0.00,99,0.00,0,N/A,N/A,N/A,N/A,0.00,0,0.00,0,0.00,0.00,0,0.00,0.00,23,99,0.00,0.00,0,13,13,0,0,0,0.00,0.00,0,31,0.00,0.00,0.00,0,0,0.00,0.00,99,0.00,0,0,0,0.00,0.00,0,0.00,0.00,0.00,0.00,0,0,0.00,52,0,0,51,0,0.00,0,0.00,0.00,0.00,11,0.00,0.00,2,0,0.00,0.00,0.00,0.00,7,0,0.00,10,0,1,83,0,50,1,0,0.00,99,0,0.00,0.00,0.00,0.00,0,0,0,0,0.00,0.00,0.00,0,0.00,99,0,0.00,0,0.00,99,0,0.00,0.00,26,4,41,28,0,0,0,0,0,38,51,69,61,0,99,99,22,99,1,100,99,1,0,0
Fábio Pereira Baptista,25,985852800,2001/03/29,Liga II,2025/2026,Midfielder,Concordia Chiajna,518,360,158,Portugal,6,4,2,0,0,0,1,1,0,0,0,1,1,0,8,5,3,1,0,0.17,0.17,0,0,0,0,1.39,65,86,518,518,0.17,221,59,-1,23,0,3.73,0.17,85,31.20,16.19,48,259,12.62,202,55,24.34,51,0.00,0.00,0.06,1,0.00,0.94,0.24,0.12,2,0.00,0.31,0.00,0.00,0.00,0.75,0.88,0.50,0.00,0.00,0.00,1.25,0.00,0.00,0.00,0.00,0.50,0.00,0.00,0,0,,0,0.00,10,0,0.00,23,0,0.00,12,3,0,6,53,0.00,99,0,12,1.45,61,15,35,1.81,70,0,0.00,99,0,0.00,0,0,0.00,0,0.12,20,20,2.41,74,14,1.69,70.00,0,0.00,0,0,0,0.00,0,8,0.00,34,0.96,56,N/A,N/A,N/A,N/A,0.00,0,0.00,0,0.00,0.00,0,77.99,0.00,23,99,0.00,0.00,0,75,49,0,0,0,0.06,0.12,1,41,59.71,1.06,2.05,17,0,0.00,0.00,99,0.00,0,0,0,0.00,0.00,0,0.00,0.00,0.00,0.00,0,0,0.00,52,19,5,51,36,1.05,66,0.07,0.13,0.00,11,0.00,0.00,74,12,0.75,1.45,0.96,0.50,42,8,0.00,10,6,71,83,0,50,35,0,0.00,99,8,0.00,0.96,14.70,7.62,122,44,46,46,5.30,2.75,36.07,5,0.60,45,0,20.00,0,0.00,99,3,0.19,0.36,59,38,41,91,0,0,0,0,0,58,51,69,61,0,99,32,68,54,1,17,78,2,0,0
Filip Ilie,23,1026716400,2002/07/15,Liga II,2025/2026,Forward,Corvinul Hunedoara,1083,536,547,Romania,17,8,9,6,3,3,0,0,0,0,0,12,5,7,6,3,3,0,0,0.5,0,0.5,0.5,0.49,181,0.5,181,64,0,0,0,21,242,-1,1,0,6.77,0,62,11.31,7.67,2,184,5.75,138,44,8.48,1,0.00,0.00,0.25,6,0.00,0.21,0.06,0.04,1,0.00,0.29,0.00,0.00,0.00,0.08,0.21,0.33,5.14,2.21,0.79,0.42,0.00,0.71,0.30,0.00,1.08,0.00,0.00,0,0,,36,1.50,83,17,1.05,90,19,1.17,77,2,5,12,27,0.00,99,0,2,0.12,2,5,78,0.31,31,0,0.00,99,0,0.00,0,0,0.00,0,0.37,36,10,0.61,33,5,0.31,50.00,0,0.00,0,0,0,0.00,0,8,0.00,96,0.49,16,N/A,N/A,N/A,N/A,0.00,0,0.00,0,7.24,0.00,0,75.00,47.22,82,99,0.00,0.00,0,29,24,0,0,0,0.00,0.00,0,31,162.36,0.12,0.18,3,0,0.00,0.00,99,0.00,0,0,1,0.04,0.06,0,0.00,0.00,0.74,0.50,12,0,19.44,86,74,95,57,96,0.59,11,0.02,0.04,7.24,93,0.30,0.45,25,10,0.42,0.61,0.80,0.54,33,13,0.45,92,66,4,87,0,95,59,0,0.00,99,26,0.00,1.60,11.99,8.12,195,50,11,24,3.07,2.08,25.64,7,0.43,54,0,40.00,0,0.00,99,2,0.08,0.12,36,84,93,85,0,0,0,0,0,88,94,94,91,0,99,99,22,22,0,0,30,11,0,0
Filip Munteanu,18,1183100400,2007/06/29,Liga II,2025/2026,Goalkeeper,Concordia Chiajna,0,0,0,Romania,0,0,0,0,0,0,0,0,0,0,0,0,0,0,0,0,0,0,0,0,0,0,0,0,0,0,0,0,0,0,0,-1,-1,-1,-1,N/A,N/A,N/A,N/A,N/A,N/A,N/A,N/A,N/A,N/A,N/A,N/A,N/A,N/A,N/A,N/A,N/A,N/A,N/A,N/A,N/A,N/A,N/A,N/A,N/A,N/A,N/A,N/A,N/A,N/A,N/A,N/A,N/A,N/A,N/A,N/A,N/A,N/A,N/A,N/A,N/A,N/A,N/A,N/A,N/A,N/A,N/A,N/A,N/A,N/A,N/A,N/A,N/A,N/A,N/A,N/A,N/A,N/A,N/A,N/A,N/A,N/A,N/A,N/A,N/A,N/A,N/A,N/A,N/A,N/A,N/A,N/A,N/A,N/A,N/A,N/A,N/A,N/A,N/A,N/A,N/A,N/A,N/A,N/A,N/A,N/A,N/A,N/A,N/A,N/A,N/A,N/A,N/A,N/A,N/A,N/A,N/A,N/A,N/A,N/A,N/A,N/A,N/A,N/A,N/A,N/A,N/A,N/A,N/A,N/A,N/A,N/A,N/A,N/A,N/A,N/A,N/A,N/A,N/A,N/A,N/A,N/A,N/A,N/A,N/A,N/A,N/A,N/A,N/A,N/A,N/A,N/A,N/A,N/A,N/A,N/A,N/A,N/A,N/A,N/A,N/A,N/A,N/A,N/A,N/A,N/A,N/A,N/A,N/A,N/A,N/A,N/A,N/A,N/A,N/A,N/A,N/A,N/A,N/A,N/A,N/A,N/A,N/A,N/A,N/A,N/A,N/A,N/A,N/A,N/A,N/A,N/A,N/A,N/A,N/A,N/A,N/A,N/A,N/A,N/A,N/A,N/A,N/A,N/A,N/A,N/A,N/A,N/A,N/A,N/A,N/A,N/A,N/A,N/A,N/A,N/A,N/A,N/A,N/A,N/A,N/A,N/A,N/A,N/A,N/A,N/A,N/A,N/A,N/A,N/A,N/A,N/A,N/A,N/A,N/A,N/A,N/A,N/A,N/A,N/A,N/A,N/A,N/A,N/A
Florentin George Puiu,22,1054882800,2003/06/06,Liga II,2025/2026,Midfielder,Metalul Buzău,207,117,90,Romania,3,2,1,0,0,0,0,0,0,0,0,0,0,0,4,2,2,1,0,0,0,0,0,0,0,1.74,52,69,207,0,0.43,-1,-1,-1,9,0,6.79,0,62,37.69,24.50,64,98,16.00,64,8,24.62,52,0.00,0.00,0.50,2,0.00,2.75,0.38,0.25,1,0.00,0.25,0.00,0.00,0.00,1.25,1.50,1.50,0.00,1.54,0.25,2.25,0.00,0.75,0.12,0.00,1.00,0.00,0.00,0,0,,4,1.00,69,3,1.15,95,1,0.38,33,0,2,1,68,0.00,99,0,5,1.92,78,11,47,4.23,96,0,0.00,99,0,0.00,0,0,0.00,0,0.77,63,9,3.46,87,6,2.31,66.67,0,0.00,0,0,0,0.00,0,6,0.00,13,2.31,92,N/A,N/A,N/A,N/A,0.00,0,0.00,0,0.49,0.00,0,65.31,75.00,96,99,0.00,0.00,0,85,44,0,0,0,0.25,0.38,1,70,27.17,1.25,1.92,5,0,0.00,0.00,99,0.00,0,0,0,0.00,0.00,0,0.00,0.00,0.38,0.25,1,0,0.00,52,0,0,51,14,0.18,32,0.04,0.07,0.49,67,0.12,0.19,59,3,0.75,1.15,0.77,0.50,30,2,0.19,67,68,68,83,0,82,58,0,0.00,99,4,0.00,1.54,21.92,14.25,57,20,84,92,7.69,5.00,35.09,1,0.38,57,0,27.27,0,0.00,99,3,0.75,1.15,89,4,73,28,0,0,0,0,0,38,51,69,61,0,99,9,28,93,1,33,97,14,0,0
Florian Nichita Haită,25,972802800,2000/10/29,Liga II,2025/2026,Midfielder,Voluntari,638,359,279,Romania,13,7,6,2,0,2,1,1,0,0,0,6,3,3,4,3,1,1,0,0.42,0.14,0.28,0,0.65,319,0.56,160,49,638,638,0.14,59,70,-1,4,0,5.15,0.08,81,31.60,12.16,48,231,9.11,173,44,23.66,49,0.00,0.00,0.95,18,0.00,1.16,0.27,0.11,2,0.00,0.53,0.00,0.00,0.00,0.11,1.16,0.11,10.50,2.87,0.74,1.79,0.00,0.37,0.14,0.00,0.32,0.00,0.00,0,0,,21,1.11,95,7,0.96,86,14,1.91,96,1,5,5,56,0.00,99,0,2,0.27,6,22,79,3.01,87,0,0.00,99,0,0.00,0,0,0.00,0,2.46,99,34,4.65,93,22,3.01,64.71,0,0.00,0,0,0,0.00,0,2,0.00,94,0.27,4,N/A,N/A,N/A,N/A,0.00,0,0.00,0,2.65,0.00,0,74.89,33.33,60,99,0.00,0.00,0,91,38,0,0,0,0.05,0.14,1,44,97.80,0.11,0.27,2,0,0.00,0.00,99,0.00,0,0,0,0.00,0.00,0,0.00,0.00,0.00,0.00,0,0,9.52,66,32,67,68,94,1.67,91,0.09,0.23,2.65,86,0.14,0.36,70,10,0.53,1.37,0.82,0.32,34,6,0.36,85,19,10,83,0,50,27,0,0.00,99,6,0.00,0.82,19.29,7.42,141,59,88,81,8.07,3.11,41.84,10,1.37,17,0,40.91,0,0.00,99,9,0.47,1.23,91,29,93,66,0,0,0,0,0,84,84,97,61,0,99,85,76,48,1,8,50,80,0,0
Florin Antonescu,21,1104566400,2005/01/01,Liga II,2025/2026,Goalkeeper,CSM Reşiţa,900,630,270,Romania,10,7,3,0,0,0,0,0,0,0,0,5,4,1,8,5,3,1,0,0,0,0,0,0,0,0.8,113,90,900,0,0.1,261,247,15,10,0,2.07,0,62,16.00,5.33,7,16,4.00,12,44,12.00,9,0.00,0.00,0.00,0,0.00,0.00,0.00,0.00,0,0.00,0.00,0.00,0.00,1.33,0.33,0.00,1.33,0.00,0.00,0.00,0.00,0.00,0.00,0.00,0.00,0.00,0.00,0.00,0,0,,0,0.00,10,0,0.00,23,0,0.00,12,0,0,9,26,0.00,99,0,1,1.00,39,0,26,0.00,14,0,0.00,99,0,0.00,0,0,0.00,0,0.00,14,0,0.00,12,0,0.00,0.00,0,0.00,0,4,99,4.00,79,4,0.00,83,4.00,98,N/A,N/A,N/A,N/A,100.00,0,0.00,0,0.00,0.00,0,75.00,0.00,23,99,0.00,0.00,0,13,13,0,0,1,0.00,0.00,0,31,6.20,0.33,1.00,1,0,0.00,0.00,99,0.00,0,0,0,0.00,0.00,0,0.00,0.00,0.00,0.00,0,0,0.00,52,59,37,51,83,0.03,6,0.01,0.03,0.00,11,0.00,0.00,2,0,0.00,0.00,0.00,0.00,7,0,0.00,10,0,45,83,0,50,1,0,0.00,99,0,0.00,0.00,0.00,0.00,0,0,0,0,0.00,0.00,0.00,0,0.00,99,0,0.00,0,0.00,99,0,0.00,0.00,26,65,41,28,0,0,0,0,0,38,51,69,61,0,99,93,89,34,1,10,58,12,0,0
Florin Bejan,35,670147200,1991/03/28,Liga II,2025/2026,Defender,ASA Târgu Mureş,90,90,0,Romania,1,1,0,0,0,0,0,0,0,0,0,0,0,0,2,2,0,0,0,0,0,0,0,0,0,2,45,90,0,0,0,-1,-1,-1,15,0,6.88,0,62,36.50,36.50,60,73,31.50,63,92,31.50,67,0.00,0.00,0.00,0,0.00,0.00,1.00,1.00,2,0.00,0.00,0.00,0.00,0.00,2.00,0.00,0.00,0.00,0.50,0.50,0.00,0.00,0.00,0.03,0.00,3.50,0.00,0.00,0,0,,1,0.50,31,0,0.00,23,1,0.50,43,0,0,1,97,0.00,99,0,4,2.00,82,0,26,0.00,14,0,0.00,99,0,0.00,0,0,0.00,0,0.00,14,0,0.00,12,0,0.00,0.00,0,0.00,0,0,0,0.00,0,0,0.00,6,0.00,0,N/A,N/A,N/A,N/A,0.00,0,0.00,0,0.05,0.00,0,86.30,0.00,23,99,0.00,0.00,0,13,13,0,0,0,0.00,0.00,0,31,13.75,3.50,3.50,7,0,0.00,0.00,99,0.00,0,0,0,0.00,0.00,0,0.00,0.00,0.00,0.00,0,0,0.00,52,0,0,51,7,0.12,23,0.06,0.06,0.05,29,0.03,0.03,50,2,1.00,1.00,1.00,1.00,44,2,0.03,28,77,90,83,0,50,92,0,0.00,99,7,0.00,3.50,15.50,15.50,31,13,68,53,6.50,6.50,41.94,0,0.00,99,0,0.00,0,0.00,99,0,0.00,0.00,26,4,41,28,0,0,0,0,0,38,51,69,61,0,99,9,22,22,0,0,30,5,0,0
Florin Eugen Alexandru Gașpăr,18,1190703600,2007/09/25,Liga II,2025/2026,Defender,CSM Reşiţa,939,579,360,Romania,11,7,4,1,1,0,3,2,1,0,0,5,3,2,10,6,4,1,0,0.38,0.29,0.1,0.16,0,939,0.96,94,85,939,313,0.1,131,23,24,6,0,6.90,0.27,95,26.30,20.00,31,140,14.57,102,35,19.16,32,0.00,0.00,0.71,5,0.00,2.86,0.38,0.29,2,0.00,0.57,0.00,0.00,0.00,0.86,2.57,0.86,5.00,0.94,0.43,3.57,0.00,0.29,0.14,0.00,0.71,0.00,0.00,0,0,,5,0.71,51,2,0.38,61,3,0.56,48,2,0,10,68,0.00,99,0,6,1.13,45,20,43,3.76,94,0,0.00,99,0,0.00,0,0,0.00,0,0.94,72,25,4.70,93,18,3.38,72.00,0,0.00,0,0,0,0.00,0,6,0.00,73,1.13,65,N/A,N/A,N/A,N/A,0.00,0,0.00,0,0.99,0.00,0,72.86,40.00,73,99,0.00,0.00,0,93,54,0,0,0,0.14,0.19,1,51,48.30,1.29,1.69,9,0,0.00,0.00,99,0.00,0,0,0,0.00,0.00,0,0.00,0.00,0.19,0.14,1,0,20.00,88,62,46,91,73,1.62,97,0.23,0.30,0.99,67,0.14,0.19,69,7,1.00,1.32,1.13,0.86,52,6,0.19,67,78,64,83,0,72,33,0,0.00,99,5,0.00,0.94,17.85,13.57,95,45,91,72,8.46,6.43,47.37,4,0.75,37,0,25.00,0,0.00,99,5,0.71,0.94,84,73,41,85,0,0,0,0,0,83,61,69,68,0,99,84,91,34,1,9,54,2,0,0
Florin Iacob,32,745484400,1993/08/16,Liga II,2025/2026,Goalkeeper,ASA Târgu Mureş,900,540,360,Romania,10,6,4,0,0,0,0,0,0,0,0,5,4,1,12,4,8,1,0,0,0,0,0,0,0,1.2,75,90,900,0,0.1,280,274,55,21,0,3.93,0,62,29.00,15.47,40,232,13.53,203,95,25.38,54,0.00,0.00,0.00,0,0.00,0.00,0.00,0.00,0,0.00,0.00,0.00,0.00,2.00,0.73,0.00,2.00,0.00,0.00,0.00,0.00,0.00,0.00,0.00,0.00,0.20,0.00,0.00,0,0,,0,0.00,10,0,0.00,23,0,0.00,12,0,0,9,26,0.00,99,0,11,1.38,57,0,26,0.00,14,0,0.00,99,0,0.00,0,0,0.00,0,0.00,14,0,0.00,12,0,0.00,0.00,0,0.00,0,30,99,3.75,79,30,0.00,50,3.75,98,N/A,N/A,N/A,N/A,100.00,0,0.00,0,0.00,0.00,0,87.50,0.00,23,99,0.00,0.00,0,13,13,0,0,14,0.00,0.00,0,31,58.90,0.47,0.88,7,0,0.00,0.00,99,0.00,0,0,0,0.00,0.00,0,0.00,0.00,0.00,0.00,0,0,0.00,52,59,37,51,50,0.37,17,0.02,0.05,0.00,11,0.00,0.00,21,4,0.27,0.50,0.00,0.00,7,0,0.00,10,7,40,83,0,50,9,0,0.00,99,3,0.00,0.38,0.75,0.40,6,6,6,5,0.75,0.40,100.00,0,0.00,99,0,0.00,0,0.00,99,0,0.00,0.00,26,65,41,28,0,0,0,0,0,38,51,69,61,0,99,93,89,34,1,10,58,93,0,0
Florin Ionuţ Ilie,33,708850800,1992/06/18,Liga II,2025/2026,Defender,Corvinul Hunedoara,1635,810,825,Romania,19,9,10,0,0,0,0,0,0,0,0,13,6,7,9,5,4,0,0,0,0,0,0,0,0,0.5,182,86,0,0,0,284,214,3,18,0,6.62,0,62,57.88,51.35,97,1335,46.27,1203,99,52.15,99,0.00,0.00,0.19,5,0.00,0.12,0.30,0.27,7,0.00,0.00,0.00,0.00,0.00,1.62,0.04,0.31,0.00,0.65,0.46,0.12,0.00,0.12,0.04,0.00,1.08,0.00,0.00,0,0,,15,0.58,38,3,0.13,34,12,0.52,44,0,1,18,59,0.00,99,0,42,1.82,76,3,65,0.13,18,0,0.00,99,0,0.00,0,0,0.00,0,0.22,27,3,0.13,15,1,0.04,33.33,0,0.00,0,0,0,0.00,0,8,0.00,96,0.35,6,N/A,N/A,N/A,N/A,0.00,0,0.00,0,1.03,0.00,0,90.11,20.00,35,99,0.00,0.00,0,13,15,0,0,0,0.42,0.48,11,77,172.06,3.08,3.47,80,0,0.00,0.00,99,0.00,0,0,0,0.00,0.00,0,0.00,0.00,0.00,0.00,0,0,0.00,52,99,99,51,97,2.87,62,0.11,0.12,1.03,34,0.04,0.04,3,2,0.08,0.09,0.35,0.31,11,8,0.04,33,55,90,83,0,50,48,0,0.00,99,28,0.00,1.21,7.02,6.23,162,54,8,8,2.34,2.08,33.33,0,0.00,99,0,33.33,0,0.00,99,1,0.04,0.04,26,99,64,28,0,0,0,0,0,38,51,69,61,0,99,99,22,22,0,0,30,18,0,0
Florin Marian Răsdan,31,797756400,1995/04/13,Liga II,2025/2026,Midfielder,CSA Steaua Bucureşti,1081,586,495,Romania,14,8,6,1,1,0,6,4,2,0,0,3,1,2,18,8,10,1,0,0.58,0.5,0.08,0.15,0,1081,1.5,60,77,1081,180,0.08,141,5,-1,8,0,6.57,0.43,99,45.89,37.95,82,797,29.10,611,50,35.18,76,0.00,0.00,1.76,37,0.00,5.52,1.09,0.90,19,0.00,0.52,0.00,0.00,0.00,1.19,1.95,0.57,8.00,0.46,0.33,2.38,0.00,0.05,0.05,0.00,0.62,0.00,0.00,0,0,,8,0.38,29,1,0.06,25,7,0.40,35,1,1,10,98,0.00,99,0,25,1.44,60,116,81,6.68,99,0,0.00,99,0,0.00,0,0,0.00,0,2.13,99,50,2.88,80,41,2.36,82.00,0,0.00,0,0,0,0.00,0,12,0.00,26,0.69,28,N/A,N/A,N/A,N/A,0.00,0,0.00,0,1.06,0.00,0,76.66,12.50,27,99,0.00,0.00,0,86,75,0,0,0,0.29,0.35,6,68,138.07,1.71,2.07,36,0,0.00,0.00,99,0.00,0,0,0,0.00,0.00,0,0.00,0.00,0.00,0.00,0,0,12.50,70,73,78,93,26,6.16,98,0.29,0.35,1.06,42,0.05,0.06,59,20,0.95,1.15,1.04,0.86,46,18,0.06,41,51,72,83,0,50,24,0,0.00,99,13,0.00,0.75,16.18,13.38,281,103,57,59,5.93,4.90,36.65,11,0.63,43,0,42.24,0,0.00,99,49,2.33,2.82,99,73,64,66,0,0,0,0,0,93,58,69,68,0,99,40,93,30,1,7,41,20,0,0
Francisco Callejón Segura,27,895215600,1998/05/15,Liga II,2025/2026,Midfielder,Tunari,0,0,0,Spain,0,0,0,0,0,0,0,0,0,0,0,0,0,0,0,0,0,0,0,0,0,0,0,0,0,0,0,0,0,0,0,-1,-1,-1,-1,N/A,N/A,N/A,N/A,N/A,N/A,N/A,N/A,N/A,N/A,N/A,N/A,N/A,N/A,N/A,N/A,N/A,N/A,N/A,N/A,N/A,N/A,N/A,N/A,N/A,N/A,N/A,N/A,N/A,N/A,N/A,N/A,N/A,N/A,N/A,N/A,N/A,N/A,N/A,N/A,N/A,N/A,N/A,N/A,N/A,N/A,N/A,N/A,N/A,N/A,N/A,N/A,N/A,N/A,N/A,N/A,N/A,N/A,N/A,N/A,N/A,N/A,N/A,N/A,N/A,N/A,N/A,N/A,N/A,N/A,N/A,N/A,N/A,N/A,N/A,N/A,N/A,N/A,N/A,N/A,N/A,N/A,N/A,N/A,N/A,N/A,N/A,N/A,N/A,N/A,N/A,N/A,N/A,N/A,N/A,N/A,N/A,N/A,N/A,N/A,N/A,N/A,N/A,N/A,N/A,N/A,N/A,N/A,N/A,N/A,N/A,N/A,N/A,N/A,N/A,N/A,N/A,N/A,N/A,N/A,N/A,N/A,N/A,N/A,N/A,N/A,N/A,N/A,N/A,N/A,N/A,N/A,N/A,N/A,N/A,N/A,N/A,N/A,N/A,N/A,N/A,N/A,N/A,N/A,N/A,N/A,N/A,N/A,N/A,N/A,N/A,N/A,N/A,N/A,N/A,N/A,N/A,N/A,N/A,N/A,N/A,N/A,N/A,N/A,N/A,N/A,N/A,N/A,N/A,N/A,N/A,N/A,N/A,N/A,N/A,N/A,N/A,N/A,N/A,N/A,N/A,N/A,N/A,N/A,N/A,N/A,N/A,N/A,N/A,N/A,N/A,N/A,N/A,N/A,N/A,N/A,N/A,N/A,N/A,N/A,N/A,N/A,N/A,N/A,N/A,N/A,N/A,N/A,N/A,N/A,N/A,N/A,N/A,N/A,N/A,N/A,N/A,N/A,N/A,N/A,N/A,N/A,N/A,N/A
Francisco Javier Estació Fajardo,25,985420800,2001/03/24,Liga II,2025/2026,Defender,Tunari,90,0,90,Spain,1,0,1,0,0,0,0,0,0,0,0,0,0,0,0,0,0,0,0,0,0,0,0,0,0,0,0,90,0,0,0,-1,-1,-1,29,0,7.25,0,62,40.76,38.50,71,77,27.00,54,24,28.59,62,0.00,0.00,2.00,4,0.00,5.00,0.00,0.00,0,0.00,0.00,0.00,0.00,0.00,1.00,2.00,0.50,0.00,0.53,0.00,3.00,0.00,0.50,0.07,0.00,0.00,0.00,0.00,0,0,,1,0.50,33,1,0.53,70,0,0.00,12,0,0,1,26,0.00,99,0,2,1.06,42,10,53,5.29,98,0,0.00,99,0,0.00,0,0,0.00,0,2.12,98,6,3.18,83,4,2.12,66.67,0,0.00,0,0,0,0.00,0,1,0.00,99,0.53,20,N/A,N/A,N/A,N/A,0.00,0,0.00,0,0.15,0.00,0,70.13,100.00,99,99,0.00,0.00,0,82,44,0,0,0,0.00,0.00,0,31,14.49,0.50,0.53,1,0,0.00,0.00,99,0.00,0,0,0,0.00,0.00,0,0.00,0.00,0.00,0.00,0,0,0.00,52,0,0,51,0,0.29,74,0.14,0.15,0.15,48,0.07,0.08,21,1,0.50,0.53,1.59,1.50,79,3,0.08,47,95,22,83,0,50,1,0,0.00,99,0,0.00,0.00,8.47,8.00,16,6,12,9,3.18,3.00,37.50,0,0.00,99,0,30.00,0,0.00,99,3,1.50,1.59,97,4,41,28,0,0,0,0,0,38,51,69,61,0,99,9,22,22,0,0,30,20,0,0
Franck-Yves Bambock,31,797238000,1995/04/07,Liga II,2025/2026,Midfielder,ACS Gloria Bistrita,305,174,131,France,6,3,3,0,0,0,0,0,0,0,0,1,0,1,6,2,4,1,0,0,0,0,0,0,0,1.77,51,51,305,0,0.3,291,295,-1,21,0,3.03,0,62,42.22,8.44,74,76,6.67,60,58,33.33,73,0.00,0.00,0.00,0,0.00,0.00,1.67,0.33,3,0.00,0.00,0.00,0.00,0.00,0.67,0.11,0.22,0.00,0.56,0.11,0.11,0.00,0.00,0.01,0.00,0.11,0.00,0.00,0,0,,1,0.11,34,0,0.00,23,1,0.56,48,4,1,4,99,0.00,99,0,6,3.33,99,0,26,0.00,14,0,0.00,99,0,0.00,0,0,0.00,0,0.00,14,1,0.56,31,1,0.56,100.00,0,0.00,0,0,0,0.00,0,2,0.00,13,1.11,64,N/A,N/A,N/A,N/A,0.00,0,0.00,0,0.06,0.00,0,78.95,0.00,23,99,0.00,0.00,0,39,99,0,0,0,0.00,0.00,0,31,27.30,0.67,3.33,6,0,0.00,0.00,99,0.00,0,0,0,0.00,0.00,0,0.00,0.00,0.00,0.00,0,0,0.00,52,0,5,51,13,0.11,23,0.01,0.06,0.06,29,0.01,0.03,82,3,0.33,1.67,1.11,0.22,51,2,0.03,28,3,88,83,0,50,15,0,0.00,99,1,0.00,0.56,10.56,2.11,19,9,38,16,5.00,1.00,47.37,0,0.00,99,0,0.00,0,0.00,99,0,0.00,0.00,26,20,64,96,0,0,0,0,0,38,51,69,61,0,99,32,42,81,1,17,78,76,0,0
Gabriel Dănuleasa,22,1052377200,2003/05/08,Liga II,2025/2026,Defender,Metalul Buzău,283,180,103,Romania,7,3,4,0,0,0,0,0,0,0,0,3,2,1,2,1,1,1,0,0,0,0,0,0,0,0.64,142,40,283,0,0.32,203,174,9,11,0,2.66,0,62,22.87,4.43,23,31,3.57,25,65,18.44,29,0.00,0.00,0.00,0,0.00,0.00,0.74,0.14,1,0.00,0.00,0.00,0.00,0.00,0.14,0.00,0.43,0.00,0.00,0.00,0.14,0.00,0.00,0.00,0.00,0.71,0.00,0.00,0,0,,0,0.00,10,0,0.00,23,0,0.00,12,0,3,1,90,0.00,99,0,1,0.74,27,0,26,0.00,14,0,0.00,99,0,0.00,0,0,0.00,0,0.00,14,1,0.74,37,0,0.00,0.00,0,0.00,0,0,0,0.00,0,3,0.00,90,2.21,91,N/A,N/A,N/A,N/A,0.00,0,0.00,0,0.00,0.00,0,80.65,0.00,23,99,0.00,0.00,0,13,13,0,0,0,0.14,0.74,1,90,18.60,1.14,5.90,8,1,0.00,0.74,0,0.14,0,0,0,0.00,0.00,0,0.00,0.00,0.00,0.00,0,0,0.00,52,0,12,51,91,0.05,11,0.01,0.04,0.00,11,0.00,0.00,2,0,0.00,0.00,2.95,0.57,99,4,0.00,10,2,99,83,0,50,93,0,0.00,99,5,0.00,3.69,16.97,3.29,23,7,42,65,5.16,1.00,30.43,0,0.00,99,0,0.00,0,0.00,99,0,0.00,0.00,26,4,85,28,0,0,0,0,0,38,51,69,61,0,99,81,39,84,1,14,72,3,0,0
Gabriel Nedelea,25,963385200,2000/07/12,Liga II,2025/2026,Defender,CSA Steaua Bucureşti,495,314,181,Romania,7,4,3,0,0,0,0,0,0,0,0,1,0,1,9,5,4,2,0,0,0,0,0,0,0,1.64,55,71,248,0,0.36,225,204,74,13,0,3.74,0,62,40.92,14.10,72,296,11.43,240,69,33.18,72,0.00,0.00,0.29,6,0.00,1.14,0.14,0.05,1,0.00,0.14,0.00,0.00,0.00,0.52,0.24,0.24,0.00,0.41,0.14,0.33,0.00,0.00,0.01,0.00,0.24,0.00,0.00,0,0,,3,0.14,27,0,0.00,23,3,0.41,35,0,1,5,37,0.00,99,0,11,1.52,64,24,35,3.32,89,0,0.00,99,0,0.00,0,0,0.00,0,0.83,66,7,0.97,44,5,0.69,71.43,0,0.00,0,0,0,0.00,0,5,0.00,19,0.69,28,N/A,N/A,N/A,N/A,0.00,0,0.00,0,0.15,0.00,0,81.08,0.00,23,99,0.00,0.00,0,45,53,0,0,0,0.10,0.28,2,61,78.60,0.48,1.38,10,0,0.00,0.00,99,0.00,0,0,0,0.00,0.00,0,0.00,0.00,0.00,0.00,0,0,0.00,52,16,12,51,20,0.68,45,0.03,0.09,0.15,23,0.01,0.02,82,12,0.57,1.66,0.69,0.24,25,5,0.02,22,6,58,83,0,50,20,0,0.00,99,5,0.00,0.69,13.55,4.67,98,34,31,41,4.70,1.62,34.69,3,0.41,55,0,20.83,0,0.00,99,5,0.24,0.69,76,29,64,28,0,0,0,0,0,38,51,69,61,0,99,27,33,89,1,14,72,2,0,0
Gabriel Nicolae Buta,24,1012291200,2002/01/29,Liga II,2025/2026,Defender,Slatina,630,360,270,Romania,7,4,3,0,0,0,4,4,0,0,0,1,1,0,7,3,4,1,0,0.57,0.57,0,0,0,0,1,90,90,630,158,0.14,218,3,33,11,0,4.52,0.57,99,54.13,31.23,94,406,23.62,307,47,40.93,89,0.00,0.00,1.92,25,0.00,2.38,0.27,0.15,2,0.00,0.23,0.00,0.00,0.00,0.54,0.46,0.46,0.00,0.67,0.31,0.85,0.00,0.08,0.02,0.00,0.38,0.00,0.00,0,0,,5,0.38,39,1,0.13,34,4,0.53,45,0,0,5,56,0.00,99,0,7,0.93,37,31,91,4.13,96,0,0.00,99,0,0.00,0,0,0.00,0,3.33,99,11,1.47,54,6,0.80,54.55,0,0.00,0,0,0,0.00,0,6,0.00,69,0.80,39,N/A,N/A,N/A,N/A,0.00,0,0.00,0,0.28,0.00,0,75.62,20.00,35,99,0.00,0.00,0,48,27,0,0,0,0.00,0.00,0,31,58.81,0.69,1.20,9,0,0.00,0.00,99,0.00,0,0,0,0.00,0.00,0,0.00,0.00,0.00,0.00,0,0,0.00,52,30,12,51,69,3.92,99,0.30,0.52,0.28,34,0.02,0.04,29,5,0.38,0.67,1.33,0.77,69,10,0.04,33,11,52,83,0,50,19,0,0.00,99,5,0.00,0.67,10.93,6.31,82,29,19,18,3.87,2.23,35.37,3,0.40,55,0,51.61,0,0.00,99,16,1.23,2.13,99,29,41,28,0,0,0,0,0,92,51,69,61,0,99,27,75,48,1,14,72,5,0,0
Gabriel Plumbuitu,22,1076745600,2004/02/14,Liga II,2025/2026,Defender,Tunari,172,66,106,Romania,4,1,3,0,0,0,0,0,0,0,0,0,0,0,5,2,3,1,0,0,0,0,0,0,0,2.62,34,43,172,0,0.52,-1,-1,-1,5,0,6.00,0,62,23.00,23.00,23,23,16.00,16,22,16.00,23,0.00,0.00,0.00,0,0.00,3.00,0.00,0.00,0,0.00,2.00,0.00,0.00,0.00,3.00,0.00,3.00,0.00,0.00,0.00,0.00,0.00,0.00,0.00,0.00,0.00,0.00,0.00,0,0,,0,0.00,10,0,0.00,23,0,0.00,12,1,2,2,26,0.00,99,0,3,3.00,99,3,26,3.00,86,0,0.00,99,0,0.00,0,0,0.00,0,0.00,14,0,0.00,12,0,0.00,0.00,0,0.00,0,0,0,0.00,0,3,0.00,3,3.00,96,N/A,N/A,N/A,N/A,0.00,0,0.00,0,0.00,0.00,0,69.57,0.00,23,99,0.00,0.00,0,13,13,0,0,0,0.00,0.00,0,31,6.00,1.00,1.00,1,0,0.00,0.00,99,0.00,0,0,0,0.00,0.00,0,0.00,0.00,0.00,0.00,0,0,0.00,52,0,0,51,3,0.03,6,0.03,0.03,0.00,11,0.00,0.00,92,2,2.00,2.00,2.00,2.00,92,2,0.00,10,36,45,83,0,50,1,0,0.00,99,0,0.00,0.00,19.00,19.00,19,7,75,80,7.00,7.00,36.84,2,2.00,7,0,0.00,0,0.00,99,0,0.00,0.00,26,7,73,66,0,0,0,0,0,38,51,69,61,0,99,9,25,97,1,25,92,19,0,0
Geani Cretu,26,947664000,2000/01/12,Liga II,2025/2026,Midfielder,Ceahlăul Piatra Neamţ,786,404,382,Romania,12,6,6,0,0,0,1,1,0,0,0,4,3,1,14,7,7,1,0,0.11,0.11,0,0,0,0,1.6,56,66,786,786,0.11,169,94,-1,3,0,5.79,0.08,74,31.02,18.33,47,275,12.93,194,26,21.88,42,0.00,0.00,0.73,11,0.00,1.27,0.34,0.20,3,0.00,0.60,0.00,0.00,0.00,0.53,0.80,0.80,0.00,1.80,0.93,1.07,0.00,0.13,0.07,0.00,0.67,0.00,0.00,0,0,,16,1.07,77,2,0.23,47,14,1.58,91,1,0,8,62,0.00,99,0,8,0.90,35,19,36,2.14,76,0,0.00,99,0,0.00,0,0,0.00,0,1.24,80,16,1.80,63,12,1.35,75.00,0,0.00,0,0,0,0.00,0,12,0.00,20,1.35,76,N/A,N/A,N/A,N/A,0.00,0,0.00,0,1.03,0.00,0,70.55,12.50,27,99,0.00,0.00,0,66,62,0,0,0,0.07,0.11,1,38,86.92,0.53,0.90,8,0,0.00,0.00,99,0.00,0,0,0,0.00,0.00,0,0.00,0.00,0.34,0.20,3,0,0.00,52,46,58,51,20,1.42,77,0.09,0.16,1.03,57,0.07,0.12,57,10,0.67,1.13,1.24,0.73,61,11,0.12,56,31,41,83,0,81,45,0,0.00,99,10,0.00,1.13,16.02,9.47,142,42,33,58,4.74,2.80,29.58,9,1.02,28,0,21.05,0,0.00,99,4,0.27,0.45,65,53,41,66,0,0,0,0,0,47,51,69,61,0,99,66,85,37,1,8,50,11,0,0
Gelu Adrian Gitye,19,1151391600,2006/06/27,Liga II,2025/2026,Midfielder,Bihor Oradea,7,0,7,Romania,3,2,1,0,0,0,1,0,1,0,0,0,0,0,0,0,0,0,0,12.86,12.86,0,0,0,0,0,0,2,0,7,0,-1,-1,-1,10,0,0.62,0.33,99,25.00,0.45,27,5,0.45,5,99,25.00,52,0.00,0.00,0.09,1,0.00,0.00,0.00,0.00,0,0.00,0.00,0.00,0.00,0.00,0.00,0.00,0.09,0.00,0.00,0.00,0.00,0.00,0.00,0.00,0.00,0.00,0.00,0.00,0,0,,0,0.00,10,0,0.00,23,0,0.00,12,0,3,0,26,0.00,99,0,0,0.00,1,0,26,0.00,14,0,0.00,99,0,0.00,0,0,0.00,0,5.00,99,0,0.00,12,0,0.00,0.00,0,0.00,0,0,0,0.00,0,1,0.00,99,5.00,99,N/A,N/A,N/A,N/A,0.00,0,0.00,0,0.00,0.00,0,100.00,0.00,23,99,0.00,0.00,0,13,13,0,0,0,0.00,0.00,0,31,6.80,0.18,10.00,2,0,0.00,0.00,99,0.00,0,0,0,0.00,0.00,0,0.00,0.00,0.00,0.00,0,0,0.00,52,0,0,51,0,0.57,99,0.05,2.85,0.00,11,0.00,0.00,2,0,0.00,0.00,0.00,0.00,7,0,0.00,10,0,99,83,0,50,1,0,0.00,99,0,0.00,0.00,10.00,0.18,2,0,0,15,0.00,0.00,0.00,0,0.00,99,0,0.00,0,0.00,99,0,0.00,0.00,26,0,85,28,0,0,0,0,0,99,51,69,61,0,99,9,22,22,0,0,30,27,0,0
George Bogdan Ungureanu,19,1175410800,2007/04/01,Liga II,2025/2026,Goalkeeper,Sepsi,1440,810,630,Romania,16,9,7,0,0,0,0,0,0,0,0,7,4,3,11,6,5,1,0,0,0,0,0,0,0,0.69,131,90,1440,0,0.06,175,154,11,15,0,6.68,0,62,13.10,12.48,3,262,10.00,210,64,10.50,5,0.00,0.00,0.00,0,0.00,0.00,0.00,0.00,0,0.00,0.00,0.00,0.00,2.43,1.19,0.00,2.43,0.00,0.00,0.00,0.00,0.00,0.00,0.00,0.00,0.52,0.00,0.00,0,0,,0,0.00,10,0,0.00,23,0,0.00,12,0,0,15,26,0.00,99,0,25,1.25,51,0,26,0.00,14,0,0.00,99,0,0.00,0,0,0.00,0,0.00,14,0,0.00,12,0,0.00,0.00,0,0.00,0,51,99,2.55,17,51,0.00,89,2.55,92,N/A,N/A,N/A,N/A,100.00,0,0.00,0,0.00,0.00,0,80.15,0.00,23,99,0.00,0.00,0,13,13,0,0,19,0.00,0.00,0,31,140.26,0.76,0.80,16,0,0.00,0.00,99,0.00,0,0,0,0.00,0.00,0,0.00,0.00,0.00,0.00,0,0,0.00,52,94,92,51,89,0.48,2,0.02,0.02,0.00,11,0.00,0.00,5,3,0.14,0.15,0.00,0.00,7,0,0.00,10,60,36,83,0,50,14,0,0.00,99,11,0.00,0.55,0.70,0.67,14,13,6,5,0.65,0.62,92.86,0,0.00,99,0,0.00,0,0.00,99,0,0.00,0.00,26,93,41,28,0,0,0,0,0,38,51,69,61,0,99,83,99,24,0,0,30,99,0,0
George Cristian Merloi,26,939970800,1999/10/15,Liga II,2025/2026,Midfielder,Voluntari,364,319,45,Romania,9,7,2,1,1,0,0,0,0,0,0,4,3,1,2,1,1,1,0,0.25,0,0.25,0.28,0,364,0.49,182,40,364,0,0.25,65,326,-1,8,0,3.42,0,62,28.57,5.81,39,93,4.62,74,61,22.73,46,0.00,0.00,0.19,3,0.00,0.56,0.00,0.00,0,0.00,0.50,0.00,0.00,0.00,0.12,1.12,0.00,6.00,1.84,0.31,1.38,0.00,0.06,0.06,0.00,0.06,0.00,0.00,0,0,,6,0.38,77,1,0.31,55,5,1.54,89,3,4,3,26,0.00,99,0,2,0.61,20,9,84,2.76,83,0,0.00,99,0,0.00,0,0,0.00,0,0.92,70,22,6.76,99,18,5.53,81.82,0,0.00,0,0,0,0.00,0,0,0.00,97,0.00,0,N/A,N/A,N/A,N/A,0.00,0,0.00,0,0.96,0.00,0,79.57,16.67,29,99,0.00,0.00,0,99,75,0,0,0,0.06,0.31,1,63,54.80,0.00,0.00,0,0,0.00,0.00,99,0.00,0,0,0,0.00,0.00,0,0.00,0.00,0.00,0.00,0,0,16.67,81,1,27,70,97,0.31,51,0.02,0.10,0.96,80,0.06,0.29,97,9,0.56,2.76,1.23,0.25,60,4,0.29,80,5,1,83,0,50,7,0,0.00,99,1,0.00,0.31,23.65,4.81,77,35,99,95,10.75,2.19,45.45,8,2.46,3,0,44.44,0,0.00,99,4,0.25,1.23,91,12,89,91,0,0,0,0,0,72,82,69,78,0,99,83,49,75,1,11,62,10,0,0
George Dănuţ Ganea,26,927702000,1999/05/26,Liga II,2025/2026,Forward,ASA Târgu Mureş,64,64,0,Romania,1,1,0,0,0,0,0,0,0,0,0,0,0,0,1,1,0,0,0,0,0,0,0,0,0,1.41,64,64,0,0,0,-1,-1,-1,16,0,7.25,0,62,32.46,22.00,49,44,14.50,29,9,21.39,40,0.00,0.00,1.00,2,0.00,4.50,0.74,0.50,1,0.00,1.50,0.00,0.00,0.00,0.50,2.50,0.00,0.00,3.69,1.00,4.00,0.00,1.50,0.23,0.00,1.00,0.00,0.00,0,0,,5,2.50,99,3,2.21,99,2,1.48,86,2,0,1,90,0.00,99,0,1,0.74,27,9,26,6.64,99,0,0.00,99,0,0.00,0,0,0.00,0,1.48,88,8,5.90,98,5,3.69,62.50,0,0.00,0,0,0,0.00,0,0,0.00,33,0.00,0,N/A,N/A,N/A,N/A,0.00,0,0.00,0,0.45,0.00,0,65.91,60.00,93,99,0.00,0.00,0,95,36,0,0,0,0.00,0.00,0,31,14.50,0.50,0.74,1,0,0.00,0.00,99,0.00,0,0,0,0.00,0.00,0,0.00,0.00,0.00,0.00,0,0,0.00,52,0,0,51,34,0.66,99,0.33,0.49,0.45,83,0.23,0.33,99,4,2.00,2.95,1.48,1.00,73,2,0.33,83,95,34,83,0,50,57,0,0.00,99,2,0.00,1.48,25.08,17.00,34,11,89,97,8.11,5.50,32.35,3,2.21,4,0,11.11,0,0.00,99,1,0.50,0.74,77,4,41,85,0,0,0,0,0,38,51,69,61,0,99,9,22,22,0,0,30,7,0,0
George Florin Opaiț,19,1169884800,2007/01/27,Liga II,2025/2026,Midfielder,Metalul Buzău,1153,530,623,Romania,14,7,7,0,0,0,0,0,0,0,0,4,3,1,17,7,10,2,0,0,0,0,0,0,0,1.33,68,82,577,0,0.16,328,333,-1,20,0,6.60,0,62,34.38,30.62,54,398,21.00,273,18,23.58,48,0.00,0.00,0.46,6,0.00,3.38,0.00,0.00,0,0.00,0.15,0.00,0.00,0.00,0.92,2.08,1.23,0.00,0.78,0.69,2.92,0.00,0.00,0.04,0.00,0.85,0.00,0.00,0,0,,9,0.69,45,0,0.00,23,9,0.78,59,1,1,9,26,0.00,99,0,12,1.04,41,44,47,3.80,95,0,0.00,99,0,0.00,0,0,0.00,0,0.52,47,38,3.28,85,27,2.33,71.05,0,0.00,0,0,0,0.00,0,16,0.00,38,1.38,77,N/A,N/A,N/A,N/A,0.00,0,0.00,0,0.46,0.00,0,68.59,0.00,23,99,0.00,0.00,0,85,50,0,0,0,0.08,0.09,1,35,85.78,1.31,1.47,17,1,0.00,0.09,7,0.08,0,0,1,0.08,0.09,0,0.00,0.00,0.00,0.00,0,0,0.00,52,78,78,51,39,0.93,39,0.07,0.08,0.46,34,0.04,0.04,79,18,1.38,1.55,0.78,0.69,31,9,0.04,33,53,59,93,0,50,34,0,0.00,99,11,0.00,0.95,13.65,12.15,158,61,44,41,5.27,4.69,38.61,2,0.17,75,0,27.27,0,0.00,99,12,0.92,1.04,86,65,64,66,0,0,0,0,0,38,51,69,61,0,99,54,73,51,2,14,72,27,0,0
George Iulian Leață,21,1086418800,2004/06/05,Liga II,2025/2026,Midfielder,Slatina,564,364,200,Romania,12,8,4,4,2,2,0,0,0,0,0,2,2,0,3,2,1,1,0,0.64,0,0.64,0.49,0.9,141,0.48,188,47,564,0,0.16,11,280,-1,2,0,6.70,0,62,30.90,11.40,46,57,8.80,44,53,23.86,50,0.00,0.00,0.60,3,0.00,0.40,0.00,0.00,0,0.00,0.40,0.00,0.00,0.00,0.00,1.80,0.20,0.00,3.80,1.20,2.20,0.00,0.20,0.08,0.00,0.00,0.00,0.00,0,0,,7,1.40,99,1,0.54,70,6,3.25,99,2,5,3,26,0.00,99,0,0,0.00,1,2,91,1.08,54,0,0.00,99,0,0.00,0,0,0.00,0,1.63,91,11,5.96,98,9,4.88,81.82,0,0.00,0,0,0,0.00,0,1,0.00,98,0.54,20,N/A,N/A,N/A,N/A,0.00,0,0.00,0,0.39,0.00,0,77.19,14.29,28,99,0.00,0.00,0,99,75,0,0,0,0.00,0.00,0,31,33.48,0.20,0.54,1,0,0.00,0.00,99,0.00,0,0,0,0.00,0.00,0,0.00,0.00,0.54,0.20,1,0,0.00,52,23,58,54,98,0.19,51,0.04,0.10,0.39,71,0.08,0.21,97,5,1.00,2.71,0.54,0.20,18,1,0.21,71,60,22,83,0,89,1,0,0.00,99,0,0.00,0.00,17.89,6.60,33,13,75,72,7.05,2.60,39.39,2,1.08,26,0,50.00,0,0.00,99,1,0.20,0.54,69,12,93,85,0,0,0,0,0,95,97,99,90,0,99,32,72,51,1,8,50,9,0,0
Georgian Honciu,36,609404400,1989/04/24,Liga II,2025/2026,Midfielder,Chindia Târgovişte,1475,745,730,Romania,18,9,9,3,1,2,2,1,1,0,0,7,5,2,17,6,11,2,0,0.31,0.12,0.18,0.12,0.25,492,1.04,87,82,738,738,0.12,101,83,-1,3,0,7.33,0.11,76,53.75,48.32,93,918,39.26,746,71,43.68,93,0.00,0.00,1.63,31,0.00,1.00,0.29,0.26,5,0.00,0.26,0.00,0.00,0.00,1.89,0.37,0.89,5.25,1.23,0.63,0.53,0.00,0.47,0.21,0.00,0.63,0.00,0.00,0,0,,21,1.11,62,9,0.53,70,12,0.70,56,2,1,15,59,0.00,99,0,36,2.11,85,19,86,1.11,55,0,0.00,99,0,0.00,0,0,0.00,0,1.82,95,10,0.59,32,7,0.41,70.00,0,0.00,0,0,0,0.00,0,17,0.00,65,1.00,59,N/A,N/A,N/A,N/A,0.00,0,0.00,0,4.08,0.00,0,81.26,42.86,77,99,0.00,0.00,0,33,49,0,0,0,0.37,0.41,7,71,139.30,1.21,1.35,23,0,0.00,0.00,99,0.00,0,0,0,0.00,0.00,0,0.00,0.00,0.00,0.00,0,0,19.05,86,95,97,79,65,3.61,90,0.19,0.21,4.08,74,0.21,0.24,64,21,1.11,1.23,0.88,0.79,37,15,0.24,74,98,57,83,0,50,21,0,0.00,99,12,0.00,0.70,11.13,10.00,190,81,33,20,4.74,4.26,42.63,5,0.29,63,0,47.37,0,0.00,99,9,0.47,0.53,68,93,64,85,0,0,0,0,0,76,72,82,64,0,99,72,82,40,2,11,62,11,0,0
Gheorghe Carpa,18,1199174400,2008/01/01,Liga II,2025/2026,Forward,CSM Satu Mare,90,0,90,Romania,1,0,1,1,0,1,0,0,0,0,0,0,0,0,3,0,3,0,0,1,0,1,0,1,90,3,30,90,0,0,0,-1,-1,-1,3,0,5.97,0,62,33.00,33.00,50,33,24.00,24,34,24.00,50,0.00,0.00,1.00,1,0.00,2.00,0.00,0.00,0,0.00,3.00,0.00,0.00,0.00,1.00,1.00,2.00,0.00,0.00,0.00,4.00,0.00,0.00,0.00,0.00,0.00,0.00,0.00,0,0,,0,0.00,10,0,0.00,23,0,0.00,12,0,0,1,26,0.00,99,0,1,1.00,39,2,99,2.00,73,0,0.00,99,0,0.00,0,0,0.00,0,1.00,73,4,4.00,90,1,1.00,25.00,0,0.00,0,0,0,0.00,0,2,0.00,1,2.00,90,N/A,N/A,N/A,N/A,0.00,0,0.00,0,0.00,0.00,0,72.73,0.00,23,99,0.00,0.00,0,53,13,0,0,0,0.00,0.00,0,31,5.97,1.00,1.00,1,0,0.00,0.00,99,0.00,0,0,0,0.00,0.00,0,0.00,0.00,0.00,0.00,0,0,0.00,52,0,0,51,1,0.09,45,0.09,0.09,0.00,11,0.00,0.00,2,0,0.00,0.00,1.00,1.00,44,1,0.00,10,36,45,83,0,50,1,0,0.00,99,0,0.00,0.00,19.00,19.00,19,2,7,80,2.00,2.00,10.53,3,3.00,1,0,100.00,0,0.00,99,2,2.00,2.00,99,4,41,28,0,0,0,0,0,98,99,99,61,0,99,9,22,22,0,0,30,18,0,0
Gheorghe Gondiu,24,1015315200,2002/03/05,Liga II,2025/2026,Midfielder,Dumbrăviţa,776,372,404,Moldova,12,6,6,3,1,2,0,0,0,0,0,2,1,1,21,7,14,0,0,0.35,0,0.35,0.24,0.45,259,2.44,37,65,0,0,0,40,194,-1,1,0,6.64,0,62,10.82,7.08,1,85,5.00,60,26,7.64,1,0.00,0.00,0.17,2,0.00,0.17,0.13,0.08,1,0.00,1.75,0.00,0.00,0.00,0.08,0.50,0.50,6.00,2.29,0.83,1.00,0.00,0.67,0.27,0.00,2.25,0.00,0.00,0,0,,18,1.50,84,8,1.02,88,10,1.27,79,1,3,7,36,0.00,99,0,1,0.13,2,2,26,0.25,26,0,0.00,99,0,0.00,0,0,0.00,0,0.25,29,12,1.53,56,6,0.76,50.00,0,0.00,0,0,0,0.00,0,6,0.00,4,0.76,34,N/A,N/A,N/A,N/A,0.00,0,0.00,0,3.27,0.00,0,70.59,44.44,78,99,0.00,0.00,0,47,24,0,0,0,0.00,0.00,0,31,79.72,0.50,0.76,6,0,0.00,0.00,99,0.00,0,0,0,0.00,0.00,0,0.00,0.00,1.27,0.83,10,0,16.67,81,44,58,63,4,0.20,6,0.02,0.03,3.27,92,0.27,0.42,35,6,0.50,0.76,1.78,1.17,86,14,0.42,91,57,35,83,0,99,92,0,0.00,99,27,0.00,3.44,20.24,13.25,159,45,52,86,5.73,3.75,28.30,21,2.67,2,0,0.00,0,0.00,99,0,0.00,0.00,26,45,85,66,0,0,0,0,0,80,89,92,75,0,99,32,22,22,0,0,30,9,0,0
Gideon Uche Goodlad,21,1105862400,2005/01/16,Liga II,2025/2026,Midfielder,Corvinul Hunedoara,108,90,18,,2,1,1,1,1,0,0,0,0,0,0,1,1,0,0,0,0,0,0,0.83,0,0.83,1,0,108,0,0,54,0,0,0,-1,-1,-1,9,0,6.99,0,62,49.73,23.67,89,142,20.83,125,96,43.77,93,0.00,0.00,0.17,1,0.00,0.67,0.00,0.00,0,0.00,0.00,0.00,0.00,0.00,0.67,1.17,0.17,9.00,3.15,0.83,1.17,0.00,0.67,0.24,0.00,0.83,0.00,0.00,0,0,,9,1.50,97,4,1.40,97,5,1.75,94,0,1,1,26,0.00,99,0,4,1.40,58,4,97,1.40,60,0,0.00,99,0,0.00,0,0,0.00,0,0.35,35,7,2.45,75,7,2.45,100.00,0,0.00,0,0,0,0.00,0,1,0.00,99,0.35,6,N/A,N/A,N/A,N/A,0.00,0,0.00,0,1.42,0.00,0,88.03,44.44,78,99,0.00,0.00,0,87,99,0,0,0,0.00,0.00,0,31,41.92,0.17,0.35,1,0,0.00,0.00,99,0.00,0,0,0,0.00,0.00,0,0.00,0.00,0.00,0.00,0,0,11.11,68,0,0,53,0,0.26,45,0.04,0.09,1.42,95,0.24,0.50,31,2,0.33,0.70,0.35,0.17,11,1,0.50,94,84,14,83,0,50,63,0,0.00,99,5,0.00,1.75,13.66,6.50,39,20,75,41,7.00,3.33,51.28,0,0.00,99,0,75.00,0,0.00,99,3,0.50,1.05,87,4,64,28,0,0,0,0,0,97,98,69,99,0,99,93,22,22,0,0,30,47,0,0
Giovani-David Ghimfus,20,1121151600,2005/07/12,Liga II,2025/2026,Midfielder,Sepsi,308,144,164,Romania,11,5,6,0,0,0,1,0,1,0,0,4,1,3,2,2,0,2,1,0.29,0.29,0,0,0,0,0.58,154,28,154,308,0.58,186,22,-1,20,0,5.09,0.09,95,37.92,11.54,64,150,9.69,126,84,31.85,68,0.00,0.00,0.08,1,0.00,0.23,0.00,0.00,0,0.00,0.46,0.00,0.00,0.00,0.38,0.92,0.15,0.00,1.52,0.31,1.69,0.00,0.15,0.04,0.00,0.54,0.00,0.00,0,0,,6,0.46,69,2,0.51,69,4,1.01,71,1,10,1,26,0.00,99,0,5,1.26,51,3,26,0.76,46,0,0.00,99,0,0.00,0,0,0.00,0,0.25,29,22,5.56,97,12,3.03,54.55,0,0.00,0,0,0,0.00,0,2,0.00,92,0.51,18,N/A,N/A,N/A,N/A,0.00,0,0.00,0,0.48,0.00,0,84.00,33.33,60,99,0.00,0.00,0,92,27,0,0,0,0.08,0.25,1,59,66.20,0.08,0.25,1,0,0.00,0.00,99,0.00,0,0,0,0.00,0.00,0,0.00,0.00,0.76,0.23,3,0,0.00,52,0,46,51,92,0.87,90,0.07,0.22,0.48,57,0.04,0.12,65,5,0.38,1.26,1.26,0.38,62,5,0.12,56,18,9,83,0,95,63,0,0.00,99,7,0.00,1.77,24.02,7.31,95,36,94,96,9.10,2.77,37.89,6,1.52,13,0,0.00,0,0.00,99,0,0.00,0.00,26,4,99,66,0,0,0,0,0,75,51,69,61,0,99,69,24,98,1,9,54,19,0,0
Horia Mihai Iancu,31,774860400,1994/07/22,Liga II,2025/2026,Goalkeeper,CSA Steaua Bucureşti,0,0,0,Romania,0,0,0,0,0,0,0,0,0,0,0,0,0,0,0,0,0,0,0,0,0,0,0,0,0,0,0,0,0,0,0,-1,-1,-1,-1,N/A,N/A,N/A,N/A,N/A,N/A,N/A,N/A,N/A,N/A,N/A,N/A,N/A,N/A,N/A,N/A,N/A,N/A,N/A,N/A,N/A,N/A,N/A,N/A,N/A,N/A,N/A,N/A,N/A,N/A,N/A,N/A,N/A,N/A,N/A,N/A,N/A,N/A,N/A,N/A,N/A,N/A,N/A,N/A,N/A,N/A,N/A,N/A,N/A,N/A,N/A,N/A,N/A,N/A,N/A,N/A,N/A,N/A,N/A,N/A,N/A,N/A,N/A,N/A,N/A,N/A,N/A,N/A,N/A,N/A,N/A,N/A,N/A,N/A,N/A,N/A,N/A,N/A,N/A,N/A,N/A,N/A,N/A,N/A,N/A,N/A,N/A,N/A,N/A,N/A,N/A,N/A,N/A,N/A,N/A,N/A,N/A,N/A,N/A,N/A,N/A,N/A,N/A,N/A,N/A,N/A,N/A,N/A,N/A,N/A,N/A,N/A,N/A,N/A,N/A,N/A,N/A,N/A,N/A,N/A,N/A,N/A,N/A,N/A,N/A,N/A,N/A,N/A,N/A,N/A,N/A,N/A,N/A,N/A,N/A,N/A,N/A,N/A,N/A,N/A,N/A,N/A,N/A,N/A,N/A,N/A,N/A,N/A,N/A,N/A,N/A,N/A,N/A,N/A,N/A,N/A,N/A,N/A,N/A,N/A,N/A,N/A,N/A,N/A,N/A,N/A,N/A,N/A,N/A,N/A,N/A,N/A,N/A,N/A,N/A,N/A,N/A,N/A,N/A,N/A,N/A,N/A,N/A,N/A,N/A,N/A,N/A,N/A,N/A,N/A,N/A,N/A,N/A,N/A,N/A,N/A,N/A,N/A,N/A,N/A,N/A,N/A,N/A,N/A,N/A,N/A,N/A,N/A,N/A,N/A,N/A,N/A,N/A,N/A,N/A,N/A,N/A,N/A,N/A,N/A,N/A,N/A,N/A,N/A
Hunor Batzula,18,1200988800,2008/01/22,Liga II,2025/2026,Midfielder,Sepsi,763,312,451,,14,7,7,0,0,0,1,0,1,0,0,6,3,3,6,2,4,1,0,0.12,0.12,0,0,0,0,0.71,127,55,763,763,0.12,310,88,-1,28,0,6.67,0.07,76,29.94,16.95,42,322,12.79,243,46,22.59,45,0.00,0.00,0.26,5,0.00,0.21,0.37,0.21,4,0.00,0.37,0.00,0.00,0.00,0.37,1.21,0.32,0.00,2.51,1.00,1.63,0.00,0.42,0.10,0.00,0.58,0.00,0.00,0,0,,27,1.42,89,8,0.74,78,19,1.77,95,1,5,9,67,0.00,99,0,7,0.65,21,4,43,0.37,33,0,0.00,99,0,0.00,0,0,0.00,0,0.46,44,31,2.88,80,23,2.14,74.19,0,0.00,0,0,0,0.00,0,6,0.00,88,0.56,21,N/A,N/A,N/A,N/A,0.00,0,0.00,0,1.99,0.00,0,75.47,29.63,46,99,0.00,0.00,0,83,58,0,0,0,0.11,0.19,2,51,126.70,0.84,1.49,16,1,0.00,0.09,7,0.05,0,0,1,0.05,0.09,0,0.00,0.00,0.09,0.05,1,0,0.00,52,42,78,51,88,1.24,62,0.07,0.12,1.99,67,0.10,0.19,51,11,0.58,1.02,1.12,0.63,51,12,0.19,67,59,61,93,0,56,39,0,0.00,99,11,0.00,1.02,18.50,10.47,199,66,62,76,6.14,3.47,33.17,7,0.65,42,0,25.00,0,0.00,99,1,0.05,0.09,33,65,93,66,0,0,0,0,0,49,51,69,61,0,99,81,84,40,1,7,41,23,0,0
Hunor Botond Gedo,22,1074240000,2004/01/16,Liga II,2025/2026,Goalkeeper,Sepsi,0,0,0,Romania,0,0,0,0,0,0,0,0,0,0,0,0,0,0,0,0,0,0,0,0,0,0,0,0,0,0,0,0,0,0,0,-1,-1,-1,-1,N/A,N/A,N/A,N/A,N/A,N/A,N/A,N/A,N/A,N/A,N/A,N/A,N/A,N/A,N/A,N/A,N/A,N/A,N/A,N/A,N/A,N/A,N/A,N/A,N/A,N/A,N/A,N/A,N/A,N/A,N/A,N/A,N/A,N/A,N/A,N/A,N/A,N/A,N/A,N/A,N/A,N/A,N/A,N/A,N/A,N/A,N/A,N/A,N/A,N/A,N/A,N/A,N/A,N/A,N/A,N/A,N/A,N/A,N/A,N/A,N/A,N/A,N/A,N/A,N/A,N/A,N/A,N/A,N/A,N/A,N/A,N/A,N/A,N/A,N/A,N/A,N/A,N/A,N/A,N/A,N/A,N/A,N/A,N/A,N/A,N/A,N/A,N/A,N/A,N/A,N/A,N/A,N/A,N/A,N/A,N/A,N/A,N/A,N/A,N/A,N/A,N/A,N/A,N/A,N/A,N/A,N/A,N/A,N/A,N/A,N/A,N/A,N/A,N/A,N/A,N/A,N/A,N/A,N/A,N/A,N/A,N/A,N/A,N/A,N/A,N/A,N/A,N/A,N/A,N/A,N/A,N/A,N/A,N/A,N/A,N/A,N/A,N/A,N/A,N/A,N/A,N/A,N/A,N/A,N/A,N/A,N/A,N/A,N/A,N/A,N/A,N/A,N/A,N/A,N/A,N/A,N/A,N/A,N/A,N/A,N/A,N/A,N/A,N/A,N/A,N/A,N/A,N/A,N/A,N/A,N/A,N/A,N/A,N/A,N/A,N/A,N/A,N/A,N/A,N/A,N/A,N/A,N/A,N/A,N/A,N/A,N/A,N/A,N/A,N/A,N/A,N/A,N/A,N/A,N/A,N/A,N/A,N/A,N/A,N/A,N/A,N/A,N/A,N/A,N/A,N/A,N/A,N/A,N/A,N/A,N/A,N/A,N/A,N/A,N/A,N/A,N/A,N/A,N/A,N/A,N/A,N/A,N/A,N/A
Ianis Fabian Doană,18,1192172400,2007/10/12,Liga II,2025/2026,Midfielder,CSA Steaua Bucureşti,1079,797,282,Romania,13,9,4,3,1,2,4,3,1,0,0,2,1,1,18,11,7,1,0,0.58,0.33,0.25,0.11,0.64,360,1.5,60,83,1079,270,0.08,69,12,-1,4,0,6.74,0.31,97,31.18,22.94,47,413,18.89,340,77,25.67,55,0.00,0.00,1.39,25,0.00,1.00,0.76,0.56,10,0.00,0.61,0.00,0.00,0.00,0.61,1.50,0.72,8.33,1.89,0.67,2.11,0.00,0.72,0.23,0.00,0.67,0.00,0.00,0,0,,25,1.39,78,13,0.98,87,12,0.91,66,1,0,11,91,0.00,99,0,11,0.83,31,18,75,1.36,58,0,0.00,99,0,0.00,0,0,0.00,0,1.89,96,38,2.87,80,27,2.04,71.05,0,0.00,0,0,0,0.00,0,13,0.00,26,0.98,58,N/A,N/A,N/A,N/A,0.00,0,0.00,0,4.20,0.00,0,82.32,52.00,89,99,0.00,0.00,0,82,50,0,0,0,0.00,0.00,0,31,121.24,0.17,0.23,3,1,0.00,0.08,8,0.06,0,0,0,0.00,0.00,0,0.00,0.00,0.15,0.11,2,0,12.00,69,73,67,70,26,3.43,95,0.19,0.26,4.20,82,0.23,0.32,77,20,1.11,1.51,0.53,0.39,18,7,0.32,81,63,8,83,0,66,31,0,0.00,99,12,0.00,0.91,15.25,11.22,202,76,53,51,5.74,4.22,37.62,11,0.83,35,0,38.89,0,0.00,99,7,0.39,0.53,68,80,41,66,0,0,0,0,0,93,82,96,63,0,99,28,92,30,1,8,50,17,0,0
Ianis Pădureanu,18,1199174400,2008/01/01,Liga II,2025/2026,Midfielder,Concordia Chiajna,0,0,0,Romania,0,0,0,0,0,0,0,0,0,0,0,0,0,0,0,0,0,0,0,0,0,0,0,0,0,0,0,0,0,0,0,-1,-1,-1,-1,N/A,N/A,N/A,N/A,N/A,N/A,N/A,N/A,N/A,N/A,N/A,N/A,N/A,N/A,N/A,N/A,N/A,N/A,N/A,N/A,N/A,N/A,N/A,N/A,N/A,N/A,N/A,N/A,N/A,N/A,N/A,N/A,N/A,N/A,N/A,N/A,N/A,N/A,N/A,N/A,N/A,N/A,N/A,N/A,N/A,N/A,N/A,N/A,N/A,N/A,N/A,N/A,N/A,N/A,N/A,N/A,N/A,N/A,N/A,N/A,N/A,N/A,N/A,N/A,N/A,N/A,N/A,N/A,N/A,N/A,N/A,N/A,N/A,N/A,N/A,N/A,N/A,N/A,N/A,N/A,N/A,N/A,N/A,N/A,N/A,N/A,N/A,N/A,N/A,N/A,N/A,N/A,N/A,N/A,N/A,N/A,N/A,N/A,N/A,N/A,N/A,N/A,N/A,N/A,N/A,N/A,N/A,N/A,N/A,N/A,N/A,N/A,N/A,N/A,N/A,N/A,N/A,N/A,N/A,N/A,N/A,N/A,N/A,N/A,N/A,N/A,N/A,N/A,N/A,N/A,N/A,N/A,N/A,N/A,N/A,N/A,N/A,N/A,N/A,N/A,N/A,N/A,N/A,N/A,N/A,N/A,N/A,N/A,N/A,N/A,N/A,N/A,N/A,N/A,N/A,N/A,N/A,N/A,N/A,N/A,N/A,N/A,N/A,N/A,N/A,N/A,N/A,N/A,N/A,N/A,N/A,N/A,N/A,N/A,N/A,N/A,N/A,N/A,N/A,N/A,N/A,N/A,N/A,N/A,N/A,N/A,N/A,N/A,N/A,N/A,N/A,N/A,N/A,N/A,N/A,N/A,N/A,N/A,N/A,N/A,N/A,N/A,N/A,N/A,N/A,N/A,N/A,N/A,N/A,N/A,N/A,N/A,N/A,N/A,N/A,N/A,N/A,N/A,N/A,N/A,N/A,N/A,N/A,N/A
Ianis Vencu,19,1163318400,2006/11/12,Liga II,2025/2026,Midfielder,Voluntari,20,20,0,,1,1,0,0,0,0,0,0,0,0,0,0,0,0,0,0,0,0,0,0,0,0,0,0,0,0,0,20,0,0,0,-1,-1,-1,13,0,1.30,0,62,31.15,1.80,47,9,1.60,8,98,27.69,60,0.00,0.00,0.00,0,0.00,0.00,0.00,0.00,0,0.00,0.20,0.00,0.00,0.00,0.00,0.00,0.00,0.00,0.00,0.00,0.00,0.00,0.00,0.00,0.00,0.20,0.00,0.00,0,0,,0,0.00,10,0,0.00,23,0,0.00,12,0,1,0,26,0.00,99,0,0,0.00,1,0,26,0.00,14,0,0.00,99,0,0.00,0,0,0.00,0,0.00,14,0,0.00,12,0,0.00,0.00,0,0.00,0,0,0,0.00,0,0,0.00,99,0.00,0,N/A,N/A,N/A,N/A,0.00,0,0.00,0,0.00,0.00,0,88.89,0.00,23,99,0.00,0.00,0,13,13,0,0,0,0.00,0.00,0,31,6.50,0.00,0.00,0,0,0.00,0.00,99,0.00,0,0,0,0.00,0.00,0,0.00,0.00,0.00,0.00,0,0,0.00,52,0,0,51,0,0.02,32,0.00,0.07,0.00,11,0.00,0.00,99,1,0.20,3.46,3.46,0.20,99,1,0.00,10,0,1,83,0,50,92,0,0.00,99,1,0.00,3.46,27.69,1.60,8,1,15,99,3.46,0.20,12.50,1,3.46,0,0,0.00,0,0.00,99,0,0.00,0.00,26,0,64,28,0,0,0,0,0,38,51,69,61,0,99,9,22,22,0,0,30,99,0,0
Iannis Cristian Drăghici Mușat,20,1141891200,2006/03/09,Liga II,2025/2026,Midfielder,Afumaţi,90,90,0,,1,1,0,0,0,0,0,0,0,0,0,0,0,0,2,2,0,0,0,0,0,0,0,0,0,2,45,90,0,0,0,-1,-1,-1,23,0,0.53,0,62,5.00,0.42,0,5,0.33,4,63,4.00,0,0.00,0.00,0.00,0,0.00,0.00,0.00,0.00,0,0.00,0.00,0.00,0.00,0.08,0.00,0.00,0.08,0.00,0.00,0.00,0.00,0.00,0.00,0.00,0.00,0.00,0.00,0.00,0,0,,0,0.00,10,0,0.00,23,0,0.00,12,0,0,1,26,0.00,99,0,0,0.00,1,0,26,0.00,14,0,0.00,99,0,0.00,0,0,0.00,0,0.00,14,0,0.00,12,0,0.00,0.00,0,0.00,0,1,99,1.00,0,1,0.00,6,1.00,59,N/A,N/A,N/A,N/A,100.00,0,0.00,0,0.00,0.00,0,80.00,0.00,23,99,0.00,0.00,0,13,13,0,0,0,0.00,0.00,0,31,6.40,0.00,0.00,0,0,0.00,0.00,99,0.00,0,0,0,0.00,0.00,0,0.00,0.00,0.00,0.00,0,0,0.00,52,0,0,51,7,0.01,0,0.00,0.01,0.00,11,0.00,0.00,2,0,0.00,0.00,0.00,0.00,7,0,0.00,10,0,1,83,0,50,1,0,0.00,99,0,0.00,0.00,0.00,0.00,0,0,0,0,0.00,0.00,0.00,0,0.00,99,0,0.00,0,0.00,99,0,0.00,0.00,26,4,41,28,0,0,0,0,0,38,51,69,61,0,99,9,22,22,0,0,30,1,0,0
Iannis-Cristian Pletea,19,1147071600,2006/05/08,Liga II,2025/2026,Goalkeeper,CSA Steaua Bucureşti,0,0,0,Romania,0,0,0,0,0,0,0,0,0,0,0,0,0,0,0,0,0,0,0,0,0,0,0,0,0,0,0,0,0,0,0,-1,-1,-1,-1,N/A,N/A,N/A,N/A,N/A,N/A,N/A,N/A,N/A,N/A,N/A,N/A,N/A,N/A,N/A,N/A,N/A,N/A,N/A,N/A,N/A,N/A,N/A,N/A,N/A,N/A,N/A,N/A,N/A,N/A,N/A,N/A,N/A,N/A,N/A,N/A,N/A,N/A,N/A,N/A,N/A,N/A,N/A,N/A,N/A,N/A,N/A,N/A,N/A,N/A,N/A,N/A,N/A,N/A,N/A,N/A,N/A,N/A,N/A,N/A,N/A,N/A,N/A,N/A,N/A,N/A,N/A,N/A,N/A,N/A,N/A,N/A,N/A,N/A,N/A,N/A,N/A,N/A,N/A,N/A,N/A,N/A,N/A,N/A,N/A,N/A,N/A,N/A,N/A,N/A,N/A,N/A,N/A,N/A,N/A,N/A,N/A,N/A,N/A,N/A,N/A,N/A,N/A,N/A,N/A,N/A,N/A,N/A,N/A,N/A,N/A,N/A,N/A,N/A,N/A,N/A,N/A,N/A,N/A,N/A,N/A,N/A,N/A,N/A,N/A,N/A,N/A,N/A,N/A,N/A,N/A,N/A,N/A,N/A,N/A,N/A,N/A,N/A,N/A,N/A,N/A,N/A,N/A,N/A,N/A,N/A,N/A,N/A,N/A,N/A,N/A,N/A,N/A,N/A,N/A,N/A,N/A,N/A,N/A,N/A,N/A,N/A,N/A,N/A,N/A,N/A,N/A,N/A,N/A,N/A,N/A,N/A,N/A,N/A,N/A,N/A,N/A,N/A,N/A,N/A,N/A,N/A,N/A,N/A,N/A,N/A,N/A,N/A,N/A,N/A,N/A,N/A,N/A,N/A,N/A,N/A,N/A,N/A,N/A,N/A,N/A,N/A,N/A,N/A,N/A,N/A,N/A,N/A,N/A,N/A,N/A,N/A,N/A,N/A,N/A,N/A,N/A,N/A,N/A,N/A,N/A,N/A,N/A,N/A
Ignacio Heras García,29,859104000,1997/03/23,Liga II,2025/2026,Forward,Sepsi,996,603,393,Spain,12,7,5,9,4,5,0,0,0,0,0,4,3,1,7,4,3,0,0,0.81,0,0.81,0.6,1.15,111,0.63,142,83,0,0,0,7,207,-1,1,0,7.20,0,62,26.14,23.31,29,373,18.75,300,65,21.03,39,0.00,0.00,1.12,18,0.00,1.00,0.00,0.00,0,0.00,0.88,0.00,0.00,0.00,0.62,1.12,0.31,2.30,1.61,0.44,1.75,0.00,1.00,0.52,0.00,0.94,0.00,0.00,0,0,,23,1.44,70,16,1.12,93,7,0.49,42,2,0,11,26,0.00,99,0,10,0.70,26,16,55,1.12,56,0,0.00,99,0,0.00,0,0,0.00,0,1.26,80,28,1.96,66,18,1.26,64.29,0,0.00,0,0,0,0.00,0,5,0.00,91,0.35,6,N/A,N/A,N/A,N/A,0.00,0,0.00,0,8.24,0.00,0,80.43,69.57,95,99,0.00,0.00,0,64,38,0,0,0,0.06,0.07,1,33,115.13,0.62,0.70,10,0,0.00,0.00,99,0.00,0,0,0,0.00,0.00,0,0.00,0.00,0.21,0.19,3,0,43.48,98,67,58,53,91,1.15,39,0.07,0.08,8.24,96,0.52,0.58,72,20,1.25,1.40,0.98,0.88,43,14,0.58,96,94,31,83,0,74,40,0,0.00,99,15,0.00,1.05,14.16,12.62,202,67,31,44,4.70,4.19,33.17,14,0.98,29,0,31.25,0,0.00,99,5,0.31,0.35,58,80,41,85,0,1,0,8,0,97,98,99,94,0,99,66,22,22,0,0,30,20,0,0
Igor Armaş,38,553244400,1987/07/14,Liga II,2025/2026,Defender,Voluntari,0,0,0,Moldova,0,0,0,0,0,0,0,0,0,0,0,0,0,0,0,0,0,0,0,0,0,0,0,0,0,0,0,0,0,0,0,-1,-1,-1,-1,N/A,N/A,N/A,N/A,N/A,N/A,N/A,N/A,N/A,N/A,N/A,N/A,N/A,N/A,N/A,N/A,N/A,N/A,N/A,N/A,N/A,N/A,N/A,N/A,N/A,N/A,N/A,N/A,N/A,N/A,N/A,N/A,N/A,N/A,N/A,N/A,N/A,N/A,N/A,N/A,N/A,N/A,N/A,N/A,N/A,N/A,N/A,N/A,N/A,N/A,N/A,N/A,N/A,N/A,N/A,N/A,N/A,N/A,N/A,N/A,N/A,N/A,N/A,N/A,N/A,N/A,N/A,N/A,N/A,N/A,N/A,N/A,N/A,N/A,N/A,N/A,N/A,N/A,N/A,N/A,N/A,N/A,N/A,N/A,N/A,N/A,N/A,N/A,N/A,N/A,N/A,N/A,N/A,N/A,N/A,N/A,N/A,N/A,N/A,N/A,N/A,N/A,N/A,N/A,N/A,N/A,N/A,N/A,N/A,N/A,N/A,N/A,N/A,N/A,N/A,N/A,N/A,N/A,N/A,N/A,N/A,N/A,N/A,N/A,N/A,N/A,N/A,N/A,N/A,N/A,N/A,N/A,N/A,N/A,N/A,N/A,N/A,N/A,N/A,N/A,N/A,N/A,N/A,N/A,N/A,N/A,N/A,N/A,N/A,N/A,N/A,N/A,N/A,N/A,N/A,N/A,N/A,N/A,N/A,N/A,N/A,N/A,N/A,N/A,N/A,N/A,N/A,N/A,N/A,N/A,N/A,N/A,N/A,N/A,N/A,N/A,N/A,N/A,N/A,N/A,N/A,N/A,N/A,N/A,N/A,N/A,N/A,N/A,N/A,N/A,N/A,N/A,N/A,N/A,N/A,N/A,N/A,N/A,N/A,N/A,N/A,N/A,N/A,N/A,N/A,N/A,N/A,N/A,N/A,N/A,N/A,N/A,N/A,N/A,N/A,N/A,N/A,N/A,N/A,N/A,N/A,N/A,N/A,N/A
Ioan Cătălin Tolea,22,1052636400,2003/05/11,Liga II,2025/2026,Midfielder,Voluntari,20,20,0,Romania,1,1,0,0,0,0,0,0,0,0,0,0,0,0,0,0,0,0,0,0,0,0,0,0,0,0,0,20,0,0,0,-1,-1,-1,15,0,3.34,0,62,33.27,7.62,51,61,5.50,44,31,24.00,50,0.00,0.00,0.25,2,0.00,1.00,0.00,0.00,0,0.00,0.00,0.00,0.00,0.00,0.25,0.62,0.12,0.00,1.64,0.38,0.75,0.00,0.00,0.02,0.00,0.12,0.00,0.00,0,0,,3,0.38,71,0,0.00,23,3,1.64,92,0,1,0,26,0.00,99,0,2,1.09,42,8,43,4.36,96,0,0.00,99,0,0.00,0,0,0.00,0,1.09,74,6,3.27,85,5,2.73,83.33,0,0.00,0,0,0,0.00,0,1,0.00,99,0.55,20,N/A,N/A,N/A,N/A,0.00,0,0.00,0,0.13,0.00,0,72.13,0.00,23,99,0.00,0.00,0,89,80,0,0,0,0.00,0.00,0,31,26.75,0.25,1.09,2,0,0.00,0.00,99,0.00,0,0,0,0.00,0.00,0,0.00,0.00,0.55,0.12,1,0,0.00,52,0,0,51,0,0.18,51,0.02,0.10,0.13,46,0.02,0.07,55,2,0.25,1.09,1.64,0.38,81,3,0.07,45,4,48,83,0,89,14,0,0.00,99,1,0.00,0.55,21.82,5.00,40,16,91,91,8.73,2.00,40.00,0,0.00,99,0,25.00,0,0.00,99,2,0.25,1.09,87,0,64,28,0,0,0,0,0,38,51,69,61,0,99,9,22,22,0,0,30,18,0,0
Ioan Filip,36,611650800,1989/05/20,Liga II,2025/2026,Midfielder,Bihor Oradea,1330,660,670,Romania,16,8,8,2,0,2,0,0,0,0,0,4,3,1,16,7,9,3,0,0.14,0,0.14,0,0.27,665,1.08,83,83,443,0,0.2,118,244,-1,6,0,6.64,0,62,48.50,43.45,88,956,34.82,766,63,38.86,86,0.00,0.00,0.41,9,0.00,0.14,0.36,0.32,7,0.00,0.68,0.00,0.00,0.00,1.41,0.41,1.14,4.50,0.91,0.45,0.86,0.00,0.36,0.18,0.00,1.68,0.00,0.00,0,0,,18,0.82,50,8,0.41,63,10,0.51,43,4,1,14,65,0.00,99,0,31,1.57,66,3,65,0.15,20,0,0.00,99,0,0.00,0,0,0.00,0,0.46,44,19,0.96,43,9,0.46,47.37,0,0.00,0,0,0,0.00,0,25,0.00,61,1.27,72,N/A,N/A,N/A,N/A,0.00,0,0.00,0,3.85,0.00,0,80.13,44.44,78,99,0.00,0.00,0,36,19,0,0,0,0.41,0.46,9,76,146.04,1.05,1.17,23,1,0.00,0.05,11,0.05,0,0,0,0.00,0.00,0,0.00,0.00,0.00,0.00,0,0,22.22,89,90,92,86,61,1.68,45,0.08,0.09,3.85,69,0.18,0.20,38,16,0.73,0.81,1.52,1.36,76,30,0.20,69,57,51,83,0,50,66,0,0.00,99,37,0.00,1.88,16.29,14.59,321,121,62,60,6.14,5.50,37.69,15,0.76,36,0,33.33,0,0.00,99,1,0.05,0.05,27,91,64,96,0,0,0,0,0,54,67,83,61,0,99,47,60,63,3,19,81,16,0,0
Ion Cărăruș,29,835686000,1996/06/25,Liga II,2025/2026,Midfielder,Corvinul Hunedoara,1553,661,892,Moldova,18,8,10,3,1,2,0,0,0,0,0,12,5,7,9,5,4,3,0,0.17,0,0.17,0.14,0.2,518,0.52,173,86,518,0,0.17,103,261,-1,4,0,7.03,0,62,57.51,54.79,97,1315,47.33,1136,92,49.68,97,0.00,0.00,0.62,15,0.00,0.25,0.35,0.33,8,0.00,0.33,0.00,0.00,0.00,2.67,0.46,0.38,4.33,0.57,0.29,0.79,0.00,0.25,0.12,0.00,1.71,0.00,0.00,0,0,,13,0.54,35,6,0.26,51,7,0.31,30,2,0,18,64,0.00,99,0,64,2.80,96,6,65,0.26,27,0,0.00,99,0,0.00,0,0,0.00,0,0.66,56,19,0.83,40,11,0.48,57.89,0,0.00,0,0,0,0.00,0,9,0.00,95,0.39,8,N/A,N/A,N/A,N/A,0.00,0,0.00,0,2.87,0.00,0,86.39,46.15,81,99,0.00,0.00,0,36,31,0,0,0,0.17,0.17,4,48,168.65,1.62,1.71,39,0,0.00,0.00,99,0.00,0,0,0,0.00,0.00,0,0.00,0.00,0.04,0.04,1,2,23.08,90,97,97,81,95,3.22,70,0.13,0.14,2.87,59,0.12,0.13,58,26,1.08,1.14,2.01,1.92,92,46,0.13,59,86,65,83,0,50,64,0,0.00,99,41,0.00,1.79,18.89,18.00,432,142,64,80,6.21,5.92,32.87,8,0.35,60,0,33.33,0,0.00,99,2,0.08,0.09,33,99,41,85,0,0,0,0,0,58,70,77,66,0,99,98,68,54,3,17,78,23,0,0
Ion Gheorghe,26,939366000,1999/10/08,Liga II,2025/2026,Midfielder,Voluntari,948,479,469,Romania,13,6,7,1,1,0,0,0,0,0,0,6,2,4,9,8,1,1,0,0.09,0,0.09,0.19,0,948,0.85,105,73,948,0,0.09,135,169,-1,7,0,6.73,0,62,45.04,36.88,79,627,29.18,496,59,35.63,78,0.00,0.00,0.94,16,0.00,2.65,0.43,0.35,6,0.00,0.35,0.00,0.00,0.00,0.76,0.94,0.29,11.50,1.65,0.94,1.06,0.00,0.41,0.17,0.00,0.76,0.00,0.00,0,0,,23,1.35,71,7,0.50,68,16,1.15,76,6,1,10,73,0.00,99,0,13,0.93,37,45,73,3.23,88,0,0.00,99,0,0.00,0,0,0.00,0,1.15,77,18,1.29,51,16,1.15,88.89,0,0.00,0,0,0,0.00,0,5,0.00,81,0.36,6,N/A,N/A,N/A,N/A,0.00,0,0.00,0,2.81,0.00,0,79.11,30.43,49,99,0.00,0.00,0,59,86,0,0,0,0.18,0.22,3,55,114.41,0.53,0.65,9,0,0.00,0.00,99,0.00,0,0,1,0.06,0.07,0,0.00,0.00,0.00,0.00,0,0,8.70,63,62,67,91,80,1.68,62,0.10,0.12,2.81,69,0.17,0.20,67,18,1.06,1.29,1.51,1.24,76,21,0.20,69,62,27,89,0,50,33,0,0.00,99,13,0.00,0.93,15.95,13.06,222,84,59,58,6.03,4.94,37.84,6,0.43,54,0,37.78,0,0.00,99,17,1.00,1.22,91,73,64,99,0,0,0,0,0,44,60,69,70,0,99,85,91,31,1,8,50,22,0,0
Ionel Alin Techereș,19,1167984000,2007/01/05,Liga II,2025/2026,Midfielder,Sepsi,1074,602,472,Romania,14,8,6,0,0,0,1,1,0,0,0,4,3,1,9,4,5,0,0,0.08,0.08,0,0,0,0,0.75,119,77,0,1074,0,165,112,-1,9,0,5.80,0.07,68,37.15,25.90,62,544,20.76,436,64,29.77,66,0.00,0.00,0.43,9,0.00,1.14,0.14,0.10,2,0.00,0.24,0.00,0.00,0.00,0.90,0.57,0.33,0.00,0.68,0.43,0.71,0.00,0.05,0.03,0.00,0.67,0.00,0.00,0,0,,10,0.48,40,1,0.07,26,9,0.61,51,2,2,11,37,0.00,99,0,19,1.30,54,24,80,1.64,66,0,0.00,99,0,0.00,0,0,0.00,0,0.61,52,15,1.02,46,12,0.82,80.00,0,0.00,0,0,0,0.00,0,7,0.00,86,0.48,14,N/A,N/A,N/A,N/A,0.00,0,0.00,0,0.55,0.00,0,80.15,10.00,25,99,0.00,0.00,0,49,73,0,0,0,0.14,0.20,3,53,121.89,1.43,2.05,30,0,0.00,0.00,99,0.00,0,0,1,0.05,0.07,0,0.00,0.00,0.00,0.00,0,1,0.00,52,72,78,51,85,2.44,81,0.12,0.17,0.55,34,0.03,0.04,48,14,0.67,0.96,1.16,0.81,55,17,0.04,33,31,71,89,0,50,35,0,0.00,99,14,0.00,0.96,12.15,8.48,178,69,32,26,4.71,3.29,38.76,5,0.34,61,0,41.67,0,0.00,99,10,0.48,0.68,76,80,73,85,0,0,0,0,0,43,51,69,61,0,99,54,22,22,0,0,30,59,0,0
Ionuț Ailenei,25,980841600,2001/01/30,Liga II,2025/2026,Goalkeeper,Ceahlăul Piatra Neamţ,990,450,540,Romania,11,5,6,0,0,0,0,0,0,0,0,4,3,1,16,6,10,0,0,0,0,0,0,0,0,1.45,62,90,0,0,0,193,170,68,13,0,5.89,0,62,11.33,9.27,2,102,7.45,82,65,9.11,2,0.00,0.00,0.00,0,0.00,0.00,0.00,0.00,0,0.00,0.00,0.00,0.00,3.45,0.36,0.00,3.45,0.00,0.00,0.00,0.00,0.00,0.00,0.00,0.00,0.27,0.00,0.00,0,0,,0,0.00,10,0,0.00,23,0,0.00,12,0,0,9,26,0.00,99,0,4,0.44,11,0,26,0.00,14,0,0.00,99,0,0.00,0,0,0.00,0,0.00,14,0,0.00,12,0,0.00,0.00,0,0.00,0,38,99,4.22,96,38,0.00,30,4.22,99,N/A,N/A,N/A,N/A,100.00,0,0.00,0,0.00,0.00,0,80.39,0.00,23,99,0.00,0.00,0,13,13,0,0,16,0.00,0.00,0,31,64.80,0.55,0.67,6,0,0.00,0.00,99,0.00,0,0,0,0.00,0.00,0,0.00,0.00,0.00,0.00,0,0,0.00,52,66,46,51,31,0.18,2,0.02,0.02,0.00,11,0.00,0.00,2,0,0.00,0.00,0.00,0.00,7,0,0.00,10,33,29,83,0,50,8,0,0.00,99,3,0.00,0.33,0.33,0.27,3,3,3,2,0.33,0.27,100.00,0,0.00,99,0,0.00,0,0.00,99,0,0.00,0.00,26,65,41,28,0,0,0,0,0,38,51,69,61,0,99,69,22,22,0,0,30,23,0,0
Ionuţ Alexandru Chirilă,36,631612800,1990/01/06,Liga II,2025/2026,Midfielder,FC Bacău,1029,521,508,Romania,13,6,7,1,1,0,0,0,0,0,0,3,2,1,17,5,12,2,0,0.09,0,0.09,0.17,0,1029,1.49,61,79,515,0,0.17,138,307,-1,8,0,6.91,0,62,37.54,30.70,63,307,20.90,209,17,25.56,55,0.00,0.00,0.60,6,0.00,0.60,0.73,0.60,6,0.00,0.40,0.00,0.00,0.00,2.40,0.30,0.70,6.00,0.73,0.40,0.60,0.00,0.20,0.10,0.00,3.30,0.00,0.00,0,0,,6,0.60,42,2,0.24,48,4,0.49,42,1,1,9,90,0.00,99,0,24,2.93,98,6,65,0.73,46,0,0.00,99,0,0.00,0,0,0.00,0,0.73,61,6,0.73,37,3,0.37,50.00,0,0.00,0,0,0,0.00,0,7,0.00,27,0.86,45,N/A,N/A,N/A,N/A,0.00,0,0.00,0,1.04,0.00,0,68.08,33.33,60,99,0.00,0.00,0,32,24,0,0,0,0.50,0.61,5,84,69.11,1.80,2.20,18,0,0.00,0.00,99,0.00,0,0,0,0.00,0.00,0,0.00,0.00,0.00,0.00,0,0,16.67,81,69,67,93,29,0.67,39,0.07,0.08,1.04,59,0.10,0.13,9,2,0.20,0.24,1.59,1.30,79,13,0.13,59,79,74,83,0,50,96,0,0.00,99,33,0.00,4.04,18.71,15.30,153,57,74,79,6.97,5.70,37.25,4,0.49,48,0,33.33,0,0.00,99,2,0.20,0.24,50,65,64,66,0,0,0,0,0,44,60,69,69,0,99,43,68,54,1,8,50,29,0,0
Ionuț Andrei Zaharia,22,1058598000,2003/07/19,Liga II,2025/2026,Forward,CS Dinamo București,748,434,314,Romania,9,5,4,0,0,0,0,0,0,0,0,1,1,0,14,5,9,3,1,0,0,0,0,0,0,1.68,53,83,249,0,0.36,231,231,-1,22,0,4.07,0,62,34.42,19.20,54,96,13.20,66,20,23.67,49,0.00,0.00,0.40,2,0.00,2.40,0.36,0.20,1,0.00,1.20,0.00,0.00,0.00,0.40,3.80,0.40,0.00,2.51,0.80,5.80,0.00,0.60,0.10,0.00,0.40,0.00,0.00,0,0,,7,1.40,89,3,1.08,91,4,1.43,84,1,1,8,65,0.00,99,0,2,0.72,27,12,26,4.30,96,0,0.00,99,0,0.00,0,0,0.00,0,0.72,60,29,10.40,99,19,6.81,65.52,0,0.00,0,0,0,0.00,0,2,0.00,16,0.72,31,N/A,N/A,N/A,N/A,0.00,0,0.00,0,0.51,0.00,0,68.75,42.86,77,99,0.00,0.00,0,99,39,0,0,0,0.00,0.00,0,31,20.36,0.00,0.00,0,0,0.00,0.00,99,0.00,0,0,0,0.00,0.00,0,0.00,0.00,0.72,0.40,2,0,0.00,52,40,27,51,16,0.20,32,0.04,0.07,0.51,65,0.10,0.18,94,6,1.20,2.15,1.08,0.60,47,3,0.18,65,8,1,83,0,94,22,0,0.00,99,2,0.00,0.72,26.53,14.80,74,29,99,98,10.40,5.80,39.19,6,2.15,5,0,8.33,0,0.00,99,1,0.20,0.36,59,53,64,66,0,0,0,0,0,38,51,69,61,0,99,19,34,89,2,22,88,98,0,0
Ionuţ Bogdan Zaina,32,759484800,1994/01/25,Liga II,2025/2026,Midfielder,Afumaţi,1170,630,540,Romania,13,7,6,0,0,0,2,1,1,0,0,4,2,2,17,9,8,2,0,0.15,0.15,0,0,0,0,1.31,69,90,585,585,0.15,294,65,-1,20,0,7.10,0.15,83,54.08,54.08,94,703,41.00,533,47,41.00,90,0.00,0.00,1.54,20,0.00,1.38,0.00,0.00,0,0.00,1.38,0.00,0.00,0.00,1.77,1.15,0.92,0.00,0.77,0.62,1.69,0.00,0.15,0.05,0.00,1.23,0.00,0.00,0,0,,10,0.77,44,2,0.15,36,8,0.62,52,0,0,11,26,0.00,99,0,23,1.77,73,18,75,1.38,59,0,0.00,99,0,0.00,0,0,0.00,0,1.54,90,22,1.69,61,15,1.15,68.18,0,0.00,0,0,0,0.00,0,12,0.00,39,0.92,53,N/A,N/A,N/A,N/A,0.00,0,0.00,0,0.67,0.00,0,75.82,20.00,35,99,0.00,0.00,0,59,45,0,1,0,0.23,0.23,3,57,92.32,2.38,2.38,31,1,0.00,0.08,8,0.08,0,1,0,0.00,0.00,0,0.00,0.00,0.31,0.31,4,0,0.00,52,81,67,51,39,2.94,91,0.23,0.23,-0.03,11,0.00,0.00,12,4,0.31,0.31,1.08,1.08,47,14,0.05,38,91,77,83,0,80,49,0,0.00,99,16,0.00,1.23,18.77,18.77,244,82,67,79,6.31,6.31,33.61,18,1.38,17,0,38.89,0,0.00,99,7,0.54,0.54,69,80,41,28,0,0,0,0,0,54,51,69,61,0,99,59,74,49,2,15,74,10,0,0
Ionuț Ciprian Biceanu,32,762249600,1994/02/26,Liga II,2025/2026,Midfielder,ASA Târgu Mureş,18,18,0,Romania,1,1,0,0,0,0,0,0,0,0,0,0,0,0,1,1,0,0,0,0,0,0,0,0,0,5,18,18,0,0,0,-1,-1,-1,30,0,6.60,0,62,44.38,18.00,77,36,14.00,28,54,34.52,75,0.00,0.00,0.50,1,0.00,1.00,1.23,0.50,1,0.00,0.00,0.00,0.00,0.00,1.50,0.00,0.00,0.00,0.00,0.00,0.50,0.00,0.00,0.00,0.00,1.00,0.00,0.00,0,0,,0,0.00,10,0,0.00,23,0,0.00,12,0,1,0,99,0.00,99,0,3,3.70,99,2,26,2.47,80,0,0.00,99,0,0.00,0,0,0.00,0,1.23,80,1,1.23,50,0,0.00,0.00,0,0.00,0,0,0,0.00,0,0,0.00,0,0.00,0,N/A,N/A,N/A,N/A,0.00,0,0.00,0,0.00,0.00,0,77.78,0.00,23,99,0.00,0.00,0,13,13,0,0,0,0.50,1.23,1,98,13.20,0.50,1.23,1,0,0.00,0.00,99,0.00,0,0,0,0.00,0.00,0,0.00,0.00,0.00,0.00,0,0,0.00,52,0,0,51,0,0.09,57,0.04,0.11,0.00,11,0.00,0.00,64,1,0.50,1.23,2.47,1.00,96,2,0.00,10,53,52,83,0,50,77,0,0.00,99,2,0.00,2.47,12.33,5.00,10,6,80,28,7.40,3.00,60.00,0,0.00,99,0,0.00,0,0.00,99,0,0.00,0.00,26,0,64,28,0,0,0,0,0,38,51,69,61,0,99,9,22,22,0,0,30,6,0,0
Ionuț Dacian Ban,29,854784000,1997/02/01,Liga II,2025/2026,Defender,Bihor Oradea,1274,661,613,Romania,17,9,8,1,1,0,2,1,1,0,0,5,4,1,13,6,7,2,0,0.21,0.14,0.07,0.14,0,1274,0.92,98,75,637,637,0.14,155,74,19,8,0,6.82,0.12,81,41.11,34.00,72,544,21.25,340,4,25.69,56,0.00,0.00,0.69,11,0.00,3.06,0.53,0.44,7,0.00,0.38,0.00,0.00,0.00,1.94,1.88,0.62,0.00,0.38,0.31,2.31,0.00,0.00,0.01,0.00,0.94,0.00,0.00,0,0,,5,0.31,25,0,0.00,23,5,0.38,33,3,3,13,78,0.00,99,0,31,2.34,91,49,74,3.70,94,0,0.00,99,0,0.00,0,0,0.00,0,0.83,66,37,2.80,79,30,2.27,81.08,0,0.00,0,0,0,0.00,0,10,0.00,77,0.76,34,N/A,N/A,N/A,N/A,0.00,0,0.00,0,0.21,0.00,0,62.50,0.00,23,99,0.00,0.00,0,84,74,0,0,0,0.12,0.15,2,45,109.10,2.44,2.95,39,0,0.00,0.00,99,0.00,0,0,0,0.00,0.00,0,0.00,0.00,0.08,0.06,1,0,0.00,52,88,95,96,77,2.27,81,0.14,0.17,0.21,23,0.01,0.02,30,9,0.56,0.68,2.12,1.75,93,28,0.02,22,73,85,83,0,55,45,0,0.00,99,15,0.00,1.13,17.61,14.56,233,87,69,70,6.57,5.44,37.34,6,0.45,51,0,38.78,0,0.00,99,19,1.19,1.44,95,88,85,91,0,0,0,0,0,65,55,69,66,0,99,54,75,48,2,12,65,26,0,0
Ionuț Dorin Pop,22,1076572800,2004/02/12,Liga II,2025/2026,Defender,Concordia Chiajna,1370,876,494,Romania,16,10,6,3,3,0,1,1,0,0,0,5,4,1,14,8,6,1,0,0.26,0.07,0.2,0.31,0,457,0.92,98,86,1370,1370,0.07,93,123,20,5,0,6.06,0.06,64,51.37,41.59,92,915,35.50,781,88,43.85,93,0.00,0.00,0.23,5,0.00,0.32,0.17,0.14,3,0.00,0.27,0.00,0.00,0.00,1.68,0.27,0.59,7.00,0.79,0.50,0.32,0.00,0.14,0.09,0.00,1.55,0.00,0.00,0,0,,14,0.64,46,3,0.17,39,11,0.62,52,1,1,15,43,0.00,99,0,37,2.08,84,7,51,0.39,34,0,0.00,99,0,0.00,0,0,0.00,0,0.28,31,7,0.39,27,6,0.34,85.71,0,0.00,0,0,0,0.00,0,13,0.00,77,0.73,32,N/A,N/A,N/A,N/A,0.00,0,0.00,0,2.09,0.00,0,85.36,21.43,35,99,0.00,0.00,0,32,81,0,0,0,0.55,0.67,12,88,133.26,1.64,2.02,36,0,0.00,0.00,99,0.00,0,0,0,0.00,0.00,0,0.00,0.00,0.06,0.05,1,0,14.29,75,92,92,78,77,2.26,66,0.10,0.13,2.09,57,0.09,0.12,33,13,0.59,0.73,0.90,0.73,37,16,0.12,56,37,70,83,0,53,67,0,0.00,99,34,0.00,1.91,12.69,10.27,226,95,47,31,5.33,4.32,42.04,6,0.34,61,0,28.57,0,0.00,99,2,0.09,0.11,34,93,64,66,0,0,0,0,0,73,74,69,81,0,99,59,98,26,1,6,34,6,0,0
Ionuţ Georgian Burnea,33,713602800,1992/08/12,Liga II,2025/2026,Defender,Muscelul Câmpulung Elite,441,270,171,Romania,5,3,2,0,0,0,0,0,0,0,0,0,0,0,7,3,4,3,1,0,0,0,0,0,0,1.43,63,88,147,0,0.61,236,224,66,22,0,5.52,0,62,44.73,33.00,78,165,26.40,132,63,35.78,79,0.00,0.00,0.00,0,0.00,0.40,1.90,1.40,7,0.00,0.00,0.00,0.00,0.00,2.40,0.20,1.00,0.00,0.27,0.20,0.20,0.00,0.00,0.01,0.00,3.20,0.00,0.00,0,0,,1,0.20,20,0,0.00,23,1,0.27,28,0,0,4,99,0.00,99,0,12,3.25,99,2,26,0.54,40,0,0.00,99,0,0.00,0,0,0.00,0,0.00,14,1,0.27,21,1,0.27,100.00,0,0.00,0,0,0,0.00,0,5,0.00,32,1.36,77,N/A,N/A,N/A,N/A,0.00,0,0.00,0,0.06,0.00,0,80.00,0.00,23,99,0.00,0.00,0,25,99,0,0,0,0.60,0.81,3,93,27.60,4.00,5.42,20,0,0.00,0.00,99,0.00,0,0,0,0.00,0.00,0,0.00,0.00,0.00,0.00,0,0,0.00,52,8,3,51,32,0.30,39,0.06,0.08,0.06,23,0.01,0.02,81,6,1.20,1.63,1.90,1.40,90,7,0.02,22,26,99,83,0,50,98,0,0.00,99,16,0.00,4.34,17.62,13.00,65,35,96,70,9.49,7.00,53.85,0,0.00,99,0,0.00,0,0.00,99,0,0.00,0.00,26,20,41,28,0,0,0,0,0,38,51,69,61,0,99,9,23,99,2,40,98,25,0,0
Ionuț Georgian Jenaru,31,792921600,1995/02/16,Liga II,2025/2026,Midfielder,Muscelul Câmpulung Elite,40,22,18,Romania,2,1,1,0,0,0,0,0,0,0,0,1,1,0,1,0,1,0,0,0,0,0,0,0,0,2.25,40,20,0,0,0,-1,-1,-1,7,0,6.20,0,62,37.89,8.00,64,8,5.00,5,4,23.68,49,0.00,0.00,0.00,0,0.00,0.00,0.00,0.00,0,0.00,0.00,0.00,0.00,0.00,0.00,0.00,0.00,0.00,0.00,0.00,0.00,0.00,0.00,0.00,0.00,0.00,0.00,0.00,0,0,,0,0.00,10,0,0.00,23,0,0.00,12,0,1,0,26,0.00,99,0,0,0.00,1,0,26,0.00,14,0,0.00,99,0,0.00,0,0,0.00,0,0.00,14,0,0.00,12,0,0.00,0.00,0,0.00,0,0,0,0.00,0,0,0.00,5,0.00,0,N/A,N/A,N/A,N/A,0.00,0,0.00,0,0.00,0.00,0,62.50,0.00,23,99,0.00,0.00,0,13,13,0,0,0,0.00,0.00,0,31,6.20,0.00,0.00,0,0,0.00,0.00,99,0.00,0,0,0,0.00,0.00,0,0.00,0.00,0.00,0.00,0,0,0.00,52,0,0,51,5,0.01,17,0.01,0.05,0.00,11,0.00,0.00,2,0,0.00,0.00,0.00,0.00,7,0,0.00,10,40,1,83,0,50,1,0,0.00,99,0,0.00,0.00,14.21,3.00,3,0,0,44,0.00,0.00,0.00,0,0.00,99,0,0.00,0,0.00,99,0,0.00,0.00,26,0,64,28,0,0,0,0,0,38,51,69,61,0,99,93,22,22,0,0,30,11,0,0
Ionuţ Iulian Puianu,31,793612800,1995/02/24,Liga II,2025/2026,Goalkeeper,FC Bacău,0,0,0,Romania,0,0,0,0,0,0,0,0,0,0,0,0,0,0,0,0,0,0,0,0,0,0,0,0,0,0,0,0,0,0,0,-1,-1,-1,-1,N/A,N/A,N/A,N/A,N/A,N/A,N/A,N/A,N/A,N/A,N/A,N/A,N/A,N/A,N/A,N/A,N/A,N/A,N/A,N/A,N/A,N/A,N/A,N/A,N/A,N/A,N/A,N/A,N/A,N/A,N/A,N/A,N/A,N/A,N/A,N/A,N/A,N/A,N/A,N/A,N/A,N/A,N/A,N/A,N/A,N/A,N/A,N/A,N/A,N/A,N/A,N/A,N/A,N/A,N/A,N/A,N/A,N/A,N/A,N/A,N/A,N/A,N/A,N/A,N/A,N/A,N/A,N/A,N/A,N/A,N/A,N/A,N/A,N/A,N/A,N/A,N/A,N/A,N/A,N/A,N/A,N/A,N/A,N/A,N/A,N/A,N/A,N/A,N/A,N/A,N/A,N/A,N/A,N/A,N/A,N/A,N/A,N/A,N/A,N/A,N/A,N/A,N/A,N/A,N/A,N/A,N/A,N/A,N/A,N/A,N/A,N/A,N/A,N/A,N/A,N/A,N/A,N/A,N/A,N/A,N/A,N/A,N/A,N/A,N/A,N/A,N/A,N/A,N/A,N/A,N/A,N/A,N/A,N/A,N/A,N/A,N/A,N/A,N/A,N/A,N/A,N/A,N/A,N/A,N/A,N/A,N/A,N/A,N/A,N/A,N/A,N/A,N/A,N/A,N/A,N/A,N/A,N/A,N/A,N/A,N/A,N/A,N/A,N/A,N/A,N/A,N/A,N/A,N/A,N/A,N/A,N/A,N/A,N/A,N/A,N/A,N/A,N/A,N/A,N/A,N/A,N/A,N/A,N/A,N/A,N/A,N/A,N/A,N/A,N/A,N/A,N/A,N/A,N/A,N/A,N/A,N/A,N/A,N/A,N/A,N/A,N/A,N/A,N/A,N/A,N/A,N/A,N/A,N/A,N/A,N/A,N/A,N/A,N/A,N/A,N/A,N/A,N/A,N/A,N/A,N/A,N/A,N/A,N/A
Ionuț Marian Albu,21,1106726400,2005/01/26,Liga II,2025/2026,Midfielder,Bihor Oradea,268,88,180,Romania,5,2,3,0,0,0,0,0,0,0,0,1,1,0,3,0,3,1,0,0,0,0,0,0,0,1.01,89,54,268,0,0.34,-1,-1,-1,13,0,2.59,0,62,31.47,7.13,48,107,4.87,73,17,21.47,40,0.00,0.00,0.13,2,0.00,0.87,0.00,0.00,0,0.00,0.00,0.00,0.00,0.00,0.33,0.47,0.27,0.00,0.00,0.00,0.80,0.00,0.00,0.00,0.00,0.20,0.00,0.00,0,0,,0,0.00,10,0,0.00,23,0,0.00,12,2,3,2,26,0.00,99,0,5,1.47,61,13,74,3.82,95,0,0.00,99,0,0.00,0,0,0.00,0,0.59,51,12,3.53,88,7,2.06,58.33,0,0.00,0,0,0,0.00,0,4,0.00,67,1.18,68,N/A,N/A,N/A,N/A,0.00,0,0.00,0,0.00,0.00,0,68.22,0.00,23,99,0.00,0.00,0,82,32,0,0,0,0.00,0.00,0,31,38.90,0.40,1.76,6,0,0.00,0.00,99,0.00,0,0,0,0.00,0.00,0,0.00,0.00,0.00,0.00,0,0,0.00,52,0,3,51,67,0.22,23,0.01,0.06,0.00,11,0.00,0.00,62,4,0.27,1.18,1.47,0.33,73,5,0.00,10,2,65,83,0,50,30,0,0.00,99,3,0.00,0.88,21.76,4.93,74,31,94,91,9.12,2.07,41.89,0,0.00,99,0,38.46,0,0.00,99,5,0.33,1.47,96,7,85,85,0,0,0,0,0,38,51,69,61,0,99,39,37,85,1,20,85,2,0,0
Ionuţ Năstăsie,34,694771200,1992/01/07,Liga II,2025/2026,Forward,Slatina,362,304,58,Romania,10,6,4,0,0,0,1,0,1,0,0,1,1,0,4,4,0,1,0,0.25,0.25,0,0,0,0,0.99,91,36,362,362,0.25,333,29,-1,22,0,5.57,0.1,94,50.62,26.13,91,392,19.87,298,49,38.48,85,0.00,0.00,0.73,11,0.00,0.93,0.13,0.07,1,0.00,0.33,0.00,0.00,0.00,0.33,0.67,0.47,19.00,2.45,0.87,0.87,0.00,0.40,0.14,0.00,0.07,0.00,0.00,0,0,,19,1.27,89,6,0.77,79,13,1.68,93,4,2,4,36,0.00,99,0,5,0.65,21,14,83,1.81,70,0,0.00,99,0,0.00,0,0,0.00,0,1.42,86,13,1.68,60,10,1.29,76.92,0,0.00,0,0,0,0.00,0,7,0.00,71,0.90,50,N/A,N/A,N/A,N/A,0.00,0,0.00,0,2.08,0.00,0,76.02,31.58,50,99,0.00,0.00,0,65,64,0,0,0,0.13,0.26,2,60,83.54,0.20,0.39,3,0,0.00,0.00,99,0.00,0,0,0,0.00,0.00,0,0.00,0.00,0.00,0.00,0,0,5.26,55,0,37,51,71,0.94,62,0.06,0.12,2.08,79,0.14,0.27,45,7,0.47,0.90,0.39,0.20,12,3,0.27,79,27,17,83,0,50,2,0,0.00,99,1,0.00,0.13,10.85,5.60,84,37,34,17,4.78,2.47,44.05,5,0.65,42,0,42.86,0,0.00,99,6,0.40,0.77,79,20,73,96,0,0,0,0,0,72,51,69,61,0,99,18,49,75,1,10,58,7,0,0
Ionuţ Panţîru,30,827481600,1996/03/22,Liga II,2025/2026,Defender,Tunari,575,180,395,Romania,7,2,5,0,0,0,0,0,0,0,0,0,0,0,8,1,7,0,0,0,0,0,0,0,0,1.25,72,82,0,0,0,173,157,57,9,0,6.48,0,62,27.87,23.71,36,166,16.71,117,25,19.65,34,0.00,0.00,0.14,1,0.00,2.00,0.00,0.00,0,0.00,0.14,0.00,0.00,0.00,2.14,1.43,1.29,0.00,0.17,0.14,2.29,0.00,0.00,0.01,0.00,1.14,0.00,0.00,0,0,,1,0.14,13,0,0.00,23,1,0.17,19,1,1,6,26,0.00,99,0,15,2.52,93,14,36,2.35,79,0,0.00,99,0,0.00,0,0,0.00,0,0.17,22,16,2.69,78,10,1.68,62.50,0,0.00,0,0,0,0.00,0,9,0.00,46,1.51,81,N/A,N/A,N/A,N/A,0.00,0,0.00,0,0.05,0.00,0,70.48,0.00,23,99,0.00,0.00,0,74,36,0,0,0,0.29,0.34,2,66,45.34,2.00,2.35,14,0,0.00,0.00,99,0.00,0,0,0,0.00,0.00,0,0.00,0.00,0.00,0.00,0,0,0.00,52,24,12,51,46,0.26,11,0.04,0.04,0.05,16,0.01,0.01,41,5,0.71,0.84,0.67,0.57,24,4,0.01,16,47,75,83,0,50,52,0,0.00,99,8,0.00,1.34,18.30,15.57,109,38,68,74,6.38,5.43,34.86,1,0.17,75,0,21.43,0,0.00,99,3,0.43,0.50,67,38,64,66,0,0,0,0,0,38,51,69,61,0,99,9,22,22,0,0,30,3,0,0
Ionuţ Radu Mitran,24,1015660800,2002/03/09,Liga II,2025/2026,Defender,Slatina,1252,712,540,Romania,14,8,6,0,0,0,0,0,0,0,0,3,3,0,14,7,7,5,0,0,0,0,0,0,0,1.01,89,89,250,0,0.36,336,310,39,19,0,6.97,0,62,40.01,34.36,70,481,24.50,343,28,28.53,62,0.00,0.00,0.79,11,0.00,3.36,0.42,0.36,5,0.00,0.21,0.00,0.00,0.00,1.71,1.50,0.71,13.00,1.08,0.71,2.79,0.00,0.21,0.10,0.00,1.50,0.00,0.00,0,0,,13,0.93,58,3,0.25,50,10,0.83,62,3,0,10,72,0.00,99,0,24,2.00,82,47,69,3.91,95,0,0.00,99,0,0.00,0,0,0.00,0,0.91,69,39,3.24,85,21,1.75,53.85,0,0.00,0,0,0,0.00,0,10,0.00,67,0.83,42,N/A,N/A,N/A,N/A,0.00,0,0.00,0,1.39,0.00,0,71.31,23.08,36,99,0.00,0.00,0,76,26,0,0,0,0.21,0.25,3,59,97.61,2.07,2.41,29,0,0.00,0.00,99,0.00,0,0,1,0.07,0.08,0,0.00,0.00,0.00,0.00,0,1,7.69,61,86,78,51,67,0.97,39,0.07,0.08,1.39,57,0.10,0.12,69,16,1.14,1.33,1.58,1.36,79,19,0.12,56,83,77,91,0,50,63,0,0.00,99,21,0.00,1.75,17.05,14.64,205,85,76,66,7.07,6.07,41.46,3,0.25,66,0,36.17,0,0.00,99,17,1.21,1.41,95,73,41,91,0,0,0,0,0,38,51,69,61,0,99,40,34,89,4,29,95,39,0,0
Ionuț Uleia,20,1140508800,2006/02/21,Liga II,2025/2026,Defender,CS Dinamo București,90,0,90,,1,0,1,0,0,0,0,0,0,0,0,0,0,0,2,0,2,0,0,0,0,0,0,0,0,2,45,90,0,0,0,-1,-1,-1,10,N/A,N/A,N/A,N/A,N/A,N/A,N/A,N/A,N/A,N/A,N/A,N/A,N/A,N/A,N/A,N/A,N/A,N/A,N/A,N/A,N/A,N/A,N/A,N/A,N/A,N/A,N/A,N/A,N/A,N/A,N/A,N/A,N/A,N/A,N/A,N/A,N/A,N/A,N/A,N/A,N/A,N/A,N/A,N/A,N/A,N/A,N/A,N/A,N/A,N/A,N/A,N/A,N/A,N/A,N/A,N/A,N/A,N/A,N/A,N/A,N/A,N/A,N/A,N/A,N/A,N/A,N/A,N/A,N/A,N/A,N/A,N/A,N/A,N/A,N/A,N/A,N/A,N/A,N/A,N/A,N/A,N/A,N/A,N/A,N/A,N/A,N/A,N/A,N/A,N/A,N/A,N/A,N/A,N/A,N/A,N/A,N/A,N/A,N/A,N/A,N/A,N/A,N/A,N/A,N/A,N/A,N/A,N/A,N/A,N/A,N/A,N/A,N/A,N/A,N/A,N/A,N/A,N/A,N/A,N/A,N/A,N/A,N/A,N/A,N/A,N/A,N/A,N/A,N/A,N/A,N/A,N/A,N/A,N/A,N/A,N/A,N/A,N/A,N/A,N/A,N/A,N/A,N/A,N/A,N/A,N/A,N/A,N/A,N/A,N/A,N/A,N/A,N/A,N/A,N/A,N/A,N/A,N/A,N/A,N/A,N/A,N/A,N/A,N/A,N/A,N/A,N/A,N/A,N/A,N/A,N/A,N/A,N/A,N/A,N/A,N/A,N/A,N/A,N/A,N/A,N/A,N/A,N/A,N/A,N/A,N/A,N/A,N/A,N/A,N/A,N/A,N/A,N/A,N/A,N/A,N/A,N/A,N/A,N/A,N/A,N/A,N/A,N/A,N/A,N/A,N/A,N/A,N/A,N/A,N/A,N/A,N/A,N/A,N/A,N/A,N/A,N/A,N/A,N/A,N/A,N/A,N/A,N/A,N/A
Irinel Patrichi,16,1256281200,2009/10/23,Liga II,2025/2026,Central Midfield,Ceahlăul Piatra Neamţ,0,0,0,Romania,0,0,0,0,0,0,0,0,0,0,0,0,0,0,0,0,0,0,0,0,0,0,0,0,0,0,0,0,0,0,0,-1,-1,-1,-1,N/A,N/A,N/A,N/A,N/A,N/A,N/A,N/A,N/A,N/A,N/A,N/A,N/A,N/A,N/A,N/A,N/A,N/A,N/A,N/A,N/A,N/A,N/A,N/A,N/A,N/A,N/A,N/A,N/A,N/A,N/A,N/A,N/A,N/A,N/A,N/A,N/A,N/A,N/A,N/A,N/A,N/A,N/A,N/A,N/A,N/A,N/A,N/A,N/A,N/A,N/A,N/A,N/A,N/A,N/A,N/A,N/A,N/A,N/A,N/A,N/A,N/A,N/A,N/A,N/A,N/A,N/A,N/A,N/A,N/A,N/A,N/A,N/A,N/A,N/A,N/A,N/A,N/A,N/A,N/A,N/A,N/A,N/A,N/A,N/A,N/A,N/A,N/A,N/A,N/A,N/A,N/A,N/A,N/A,N/A,N/A,N/A,N/A,N/A,N/A,N/A,N/A,N/A,N/A,N/A,N/A,N/A,N/A,N/A,N/A,N/A,N/A,N/A,N/A,N/A,N/A,N/A,N/A,N/A,N/A,N/A,N/A,N/A,N/A,N/A,N/A,N/A,N/A,N/A,N/A,N/A,N/A,N/A,N/A,N/A,N/A,N/A,N/A,N/A,N/A,N/A,N/A,N/A,N/A,N/A,N/A,N/A,N/A,N/A,N/A,N/A,N/A,N/A,N/A,N/A,N/A,N/A,N/A,N/A,N/A,N/A,N/A,N/A,N/A,N/A,N/A,N/A,N/A,N/A,N/A,N/A,N/A,N/A,N/A,N/A,N/A,N/A,N/A,N/A,N/A,N/A,N/A,N/A,N/A,N/A,N/A,N/A,N/A,N/A,N/A,N/A,N/A,N/A,N/A,N/A,N/A,N/A,N/A,N/A,N/A,N/A,N/A,N/A,N/A,N/A,N/A,N/A,N/A,N/A,N/A,N/A,N/A,N/A,N/A,N/A,N/A,N/A,N/A,N/A,N/A,N/A,N/A,N/A,N/A
Iulian Anghel Dinu,28,890812800,1998/03/25,Liga II,2025/2026,Midfielder,Metalul Buzău,990,450,540,Romania,11,5,6,0,0,0,0,0,0,0,0,4,3,1,11,2,9,2,0,0,0,0,0,0,0,1,90,90,495,0,0.18,327,332,-1,21,0,5.41,0,62,20.00,15.00,18,180,10.92,131,34,14.56,17,0.00,0.00,0.00,0,0.00,0.00,0.00,0.00,0,0.00,0.00,0.00,0.00,2.33,0.92,0.00,2.33,0.00,0.00,0.00,0.00,0.00,0.00,0.00,0.00,1.00,0.00,0.00,0,0,,0,0.00,10,0,0.00,23,0,0.00,12,0,0,8,26,0.00,99,0,11,1.22,50,0,26,0.00,14,0,0.00,99,0,0.00,0,0,0.00,0,0.00,14,0,0.00,12,0,0.00,0.00,0,0.00,0,28,99,3.11,62,28,0.00,69,3.11,97,N/A,N/A,N/A,N/A,100.00,0,0.00,0,0.00,0.00,0,72.78,0.00,23,99,0.00,0.00,0,13,13,0,0,18,0.00,0.00,0,31,64.86,0.50,0.67,6,0,0.00,0.00,99,0.00,1,0,0,0.00,0.00,0,0.00,0.00,0.00,0.00,0,0,0.00,52,66,46,51,69,0.32,11,0.03,0.04,0.00,11,0.00,0.00,8,2,0.17,0.22,0.11,0.08,8,1,0.00,10,23,29,83,0,50,51,0,0.00,99,12,0.00,1.33,1.78,1.33,16,14,7,7,1.56,1.17,87.50,0,0.00,99,0,0.00,0,0.00,99,0,0.00,0.00,26,53,41,28,0,0,0,0,0,38,51,69,61,0,99,69,65,57,1,9,54,25,0,0
Iulian Roșu,31,770281200,1994/05/30,Liga II,2025/2026,Midfielder,Chindia Târgovişte,778,353,425,Romania,14,6,8,1,1,0,1,1,0,0,0,7,4,3,9,4,5,3,0,0.23,0.12,0.12,0.25,0,778,1.04,86,56,259,778,0.35,121,84,-1,14,0,7.05,0.07,76,39.89,22.71,70,386,18.00,306,60,31.62,68,0.00,0.00,0.53,9,0.00,0.88,0.83,0.47,8,0.00,0.18,0.00,0.00,0.00,1.24,0.53,0.29,19.00,1.96,0.76,0.59,0.00,0.35,0.12,0.00,0.82,0.00,0.00,0,0,,19,1.12,79,6,0.62,75,13,1.34,82,3,1,10,94,0.00,99,0,21,2.17,86,15,35,1.55,64,0,0.00,99,0,0.00,0,0,0.00,0,0.93,71,10,1.03,46,9,0.93,90.00,0,0.00,0,0,0,0.00,0,5,0.00,65,0.52,19,N/A,N/A,N/A,N/A,0.00,0,0.00,0,1.97,0.00,0,79.27,31.58,50,99,0.00,0.00,0,52,87,0,0,0,0.47,0.83,8,93,119.84,1.35,2.38,23,0,0.00,0.00,99,0.00,0,0,1,0.06,0.10,0,0.00,0.00,0.10,0.06,1,0,5.26,55,44,78,88,65,1.60,81,0.09,0.17,1.97,69,0.12,0.20,31,7,0.41,0.72,0.72,0.41,26,7,0.20,69,88,77,94,0,58,56,0,0.00,99,14,0.00,1.45,12.19,6.94,118,39,21,27,4.03,2.29,33.05,3,0.31,62,0,20.00,0,0.00,99,3,0.18,0.31,55,73,64,91,0,0,0,0,0,69,64,69,76,0,99,93,36,87,3,21,87,8,0,0
Ivan Pešić,34,702543600,1992/04/06,Liga II,2025/2026,Forward,Chindia Târgovişte,1654,779,875,Croatia,19,9,10,2,1,1,11,7,4,0,0,8,5,3,17,6,11,2,0,0.71,0.6,0.11,0.12,0.1,827,0.93,97,87,827,150,0.11,127,2,-1,5,0,7.43,0.58,99,33.58,32.29,51,678,24.52,515,48,25.51,54,0.00,0.00,2.00,42,0.00,4.57,0.10,0.10,2,0.00,1.14,0.00,0.00,0.00,0.76,3.57,0.81,40.00,1.98,1.43,3.76,0.00,0.48,0.18,0.00,1.29,0.00,0.00,0,0,,40,1.90,79,10,0.50,68,30,1.49,87,2,0,17,34,0.00,99,0,16,0.79,29,96,81,4.76,98,0,0.00,99,0,0.00,0,0,0.00,0,2.08,98,79,3.91,90,75,3.71,94.94,0,0.00,0,0,0,0.00,0,17,0.00,75,0.84,42,N/A,N/A,N/A,N/A,0.00,0,0.00,0,3.76,0.00,0,75.96,25.00,43,99,0.00,0.00,0,95,89,0,0,0,0.19,0.20,4,53,156.11,0.24,0.25,5,0,0.00,0.00,99,0.00,0,0,1,0.05,0.05,0,0.00,0.00,0.15,0.14,3,0,2.50,52,99,99,89,75,8.32,99,0.40,0.41,3.76,67,0.18,0.19,41,17,0.81,0.84,0.79,0.76,32,16,0.19,67,99,9,84,0,66,52,0,0.00,99,27,0.00,1.34,15.80,15.19,319,148,79,57,7.33,7.05,46.39,24,1.19,23,0,42.71,0,0.00,99,41,1.95,2.03,99,97,41,85,0,0,0,0,0,95,63,69,64,0,99,78,87,37,2,11,62,77,0,0
Jean-Pierre Tiehi,24,1011859200,2002/01/24,Liga II,2025/2026,Midfielder,CSM Iaşi,1067,585,482,France,16,8,8,2,2,0,1,0,1,0,0,6,4,2,8,2,6,3,0,0.25,0.08,0.17,0.31,0,534,0.67,133,67,356,1067,0.25,107,117,-1,5,0,6.75,0.06,68,13.33,10.22,3,184,7.00,126,17,9.13,3,0.00,0.00,0.28,5,0.00,0.44,0.22,0.17,3,0.00,2.44,0.00,0.00,0.00,0.17,1.22,0.50,19.00,2.75,1.17,1.83,0.00,0.94,0.25,0.00,4.17,0.00,0.00,0,0,,38,2.11,93,17,1.23,96,21,1.52,88,4,3,12,50,0.00,99,0,3,0.22,4,8,26,0.58,40,0,0.00,99,0,0.00,0,0,0.00,0,0.36,36,33,2.39,73,22,1.59,66.67,0,0.00,0,0,0,0.00,0,9,0.00,90,0.65,25,N/A,N/A,N/A,N/A,0.00,0,0.00,0,4.58,0.00,0,68.48,44.74,78,99,0.00,0.00,0,73,44,0,0,0,0.17,0.22,3,55,121.42,0.67,0.87,12,0,0.00,0.00,99,0.00,0,0,2,0.11,0.14,0,0.00,0.00,0.43,0.33,6,0,5.26,55,72,92,83,90,1.03,32,0.06,0.07,4.58,83,0.25,0.33,86,25,1.39,1.81,1.23,0.94,60,17,0.33,83,64,38,97,0,84,99,0,0.00,99,75,0.00,5.43,28.91,22.17,399,152,99,99,11.01,8.44,38.10,44,3.19,1,0,0.00,0,0.00,99,0,0.00,0.00,26,84,85,96,0,1,0,6,0,72,70,69,81,0,99,71,48,75,2,12,65,37,0,0
Jesús Fernández Collado,37,582015600,1988/06/11,Liga II,2025/2026,Goalkeeper,CSM Iaşi,1530,810,720,Spain,17,9,8,0,0,0,0,0,0,0,0,6,4,2,17,5,12,0,0,0,0,0,0,0,0,1,90,90,0,0,0,163,132,32,26,0,7.04,0,62,17.38,17.38,10,278,15.50,248,98,15.50,21,0.00,0.00,0.00,0,0.00,0.00,0.00,0.00,0,0.00,0.00,0.00,0.00,2.94,0.62,0.00,2.94,0.00,0.00,0.00,0.00,0.00,0.00,0.00,0.00,0.25,0.00,0.00,0,0,,0,0.00,10,0,0.00,23,0,0.00,12,0,0,16,26,0.00,99,0,10,0.62,20,0,26,0.00,14,0,0.00,99,0,0.00,0,0,0.00,0,0.00,14,0,0.00,12,0,0.00,0.00,0,0.00,0,47,99,2.94,50,47,0.00,69,2.94,96,N/A,N/A,N/A,N/A,100.00,0,0.00,0,0.00,0.00,0,89.21,0.00,23,99,0.00,0.00,0,13,13,0,0,20,0.00,0.00,0,31,112.70,0.31,0.31,5,0,0.00,0.00,99,0.00,1,0,0,0.00,0.00,0,0.00,0.00,0.00,0.00,0,0,0.00,52,96,95,51,69,0.50,6,0.03,0.03,0.00,11,0.00,0.00,10,4,0.25,0.25,0.00,0.00,7,0,0.00,10,87,13,83,0,50,6,0,0.00,99,4,0.00,0.25,0.50,0.50,8,6,3,3,0.38,0.38,75.00,0,0.00,99,0,0.00,0,0.00,99,0,0.00,0.00,26,96,41,28,0,0,0,0,0,38,51,69,61,0,99,67,22,22,0,0,30,88,0,0
Joeri de Kamps,34,697708800,1992/02/10,Liga II,2025/2026,Midfielder,Sepsi,9,9,0,Netherlands,1,1,0,0,0,0,0,0,0,0,0,0,0,0,0,0,0,0,0,0,0,0,0,0,0,0,0,9,0,0,0,-1,-1,-1,31,0,6.62,0,62,36.23,10.33,60,31,9.33,28,99,32.73,71,0.00,0.00,0.00,0,0.00,0.00,1.17,0.33,1,0.00,0.33,0.00,0.00,0.00,1.00,0.00,0.00,0.00,0.00,0.00,0.00,0.00,0.00,0.00,0.00,1.00,0.00,0.00,0,0,,0,0.00,10,0,0.00,23,0,0.00,12,2,0,1,98,0.00,99,0,3,3.51,99,0,26,0.00,14,0,0.00,99,0,0.00,0,0,0.00,0,0.00,14,0,0.00,12,0,0.00,0.00,0,0.00,0,0,0,0.00,0,0,0.00,99,0.00,0,N/A,N/A,N/A,N/A,0.00,0,0.00,0,0.00,0.00,0,90.32,0.00,23,99,0.00,0.00,0,13,13,0,0,0,0.00,0.00,0,31,19.87,0.33,1.17,1,0,0.00,0.00,99,0.00,0,0,0,0.00,0.00,0,0.00,0.00,0.00,0.00,0,0,0.00,52,0,0,51,0,0.06,32,0.02,0.07,0.00,11,0.00,0.00,2,0,0.00,0.00,0.00,0.00,7,0,0.00,10,55,51,83,0,50,92,0,0.00,99,3,0.00,3.51,17.53,5.00,15,5,56,70,5.84,1.67,33.33,1,1.17,24,0,0.00,0,0.00,99,0,0.00,0.00,26,4,41,85,0,0,0,0,0,38,51,69,61,0,99,9,22,22,0,0,30,8,0,0
Joonas Tamm,34,697017600,1992/02/02,Liga II,2025/2026,Defender,Sepsi,810,360,450,Estonia,9,4,5,0,0,0,0,0,0,0,0,5,3,2,5,2,3,1,0,0,0,0,0,0,0,0.56,162,90,810,0,0.11,308,145,6,17,0,5.21,0,62,42.09,28.92,74,347,25.33,304,95,36.87,80,0.00,0.00,0.00,0,0.00,0.08,0.00,0.00,0,0.00,0.00,0.00,0.00,0.00,1.17,0.00,0.42,0.00,0.36,0.25,0.00,0.00,0.00,0.01,0.00,2.83,0.00,0.00,0,0,,3,0.25,24,0,0.00,23,3,0.36,32,0,0,8,26,0.00,99,0,14,1.70,71,1,99,0.12,18,0,0.00,99,0,0.00,0,0,0.00,0,0.00,14,0,0.00,12,0,0.00,0.00,0,0.00,0,0,0,0.00,0,5,0.00,94,0.61,24,N/A,N/A,N/A,N/A,0.00,0,0.00,0,0.17,0.00,0,87.61,0.00,23,99,0.00,0.00,0,13,13,0,0,0,0.50,0.73,6,89,62.50,2.00,2.91,24,0,0.00,0.00,99,0.00,0,0,0,0.00,0.00,0,0.00,0.00,0.00,0.00,0,0,0.00,52,49,27,51,94,0.73,45,0.06,0.09,0.17,23,0.01,0.02,9,2,0.17,0.24,0.36,0.25,11,3,0.02,22,20,83,83,0,50,97,0,0.00,99,34,0.00,4.12,9.22,6.33,76,48,56,12,5.82,4.00,63.16,0,0.00,99,0,100.00,0,0.00,99,1,0.08,0.12,36,53,41,28,0,0,0,0,0,38,51,69,61,0,99,95,86,37,1,11,62,5,0,0
Juan José Siafa Etoha,28,874047600,1997/09/12,Liga II,2025/2026,Forward,Slatina,1197,741,456,Spain,15,9,6,5,2,3,0,0,0,0,0,2,2,0,16,8,8,0,0,0.38,0,0.38,0.24,0.59,239,1.2,75,80,0,0,0,34,341,-1,1,0,6.59,0,62,19.57,16.27,16,244,11.87,178,35,14.28,16,0.00,0.00,0.67,10,0.00,0.53,0.16,0.13,2,0.00,1.53,0.00,0.00,0.00,0.27,1.40,0.87,5.00,2.01,0.87,2.13,0.00,0.80,0.34,0.00,3.07,0.00,0.00,0,0,,25,1.67,80,12,0.96,86,13,1.04,72,4,0,10,42,0.00,99,0,4,0.32,7,8,43,0.64,42,0,0.00,99,0,0.00,0,0,0.00,0,0.80,64,32,2.57,76,21,1.68,65.62,0,0.00,0,0,0,0.00,0,13,0.00,50,1.04,62,N/A,N/A,N/A,N/A,0.00,0,0.00,0,5.13,0.00,0,72.95,48.00,83,99,0.00,0.00,0,74,39,0,0,0,0.07,0.08,1,34,98.86,0.93,1.12,14,0,0.00,0.00,99,0.00,0,0,1,0.07,0.08,0,0.00,0.00,0.16,0.13,2,0,20.00,88,83,87,61,50,0.81,23,0.05,0.06,5.13,91,0.34,0.41,93,26,1.73,2.09,1.20,1.00,58,15,0.41,91,53,49,91,0,68,93,0,0.00,99,46,0.00,3.69,22.06,18.33,275,109,92,92,8.74,7.27,39.64,23,1.84,9,0,25.00,0,0.00,99,2,0.13,0.16,39,73,41,96,0,1,0,7,0,83,90,96,75,0,99,23,22,22,0,0,30,17,0,0
Kamil Wiktorski,33,731923200,1993/03/12,Liga II,2025/2026,Defender,Viitorul Şelimbăr,986,360,626,Poland,11,4,7,2,1,1,0,0,0,0,0,1,0,1,20,4,16,3,1,0.18,0,0.18,0.25,0.14,493,1.83,49,90,329,0,0.27,97,188,81,4,0,6.44,0,62,48.33,41.43,88,290,33.57,235,68,39.17,86,0.00,0.00,0.00,0,0.00,0.00,0.50,0.43,3,0.00,0.14,0.00,0.00,0.00,2.57,0.14,2.43,0.00,0.50,0.43,0.29,0.00,0.00,0.02,0.00,2.86,0.00,0.00,0,0,,3,0.43,31,0,0.00,23,3,0.50,43,0,0,6,76,0.00,99,0,18,3.00,99,0,26,0.00,14,0,0.00,99,0,0.00,0,0,0.00,0,0.00,14,2,0.33,24,1,0.17,50.00,0,0.00,0,0,0,0.00,0,17,0.00,12,2.83,94,N/A,N/A,N/A,N/A,0.00,0,0.00,0,0.15,0.00,0,81.03,0.00,23,99,0.00,0.00,0,20,24,0,0,0,0.43,0.50,3,80,45.11,2.57,3.00,18,1,0.00,0.17,3,0.14,0,0,0,0.00,0.00,0,0.00,0.00,0.00,0.00,0,0,0.00,52,64,46,79,12,0.44,32,0.06,0.07,0.15,29,0.02,0.03,39,5,0.71,0.83,1.50,1.29,75,9,0.03,28,46,85,83,0,50,91,0,0.00,99,20,0.00,3.33,12.83,11.00,77,36,58,33,6.00,5.14,46.75,1,0.17,75,0,0.00,0,0.00,99,0,0.00,0.00,26,38,41,28,0,0,0,0,0,61,72,71,76,0,99,14,45,77,1,9,54,4,0,0
Kayondo Mahadi Mahrez,29,852278400,1997/01/03,Liga II,2025/2026,Forward,Slatina,503,185,318,Uganda,11,5,6,1,0,1,1,0,1,0,0,1,1,0,7,3,4,3,0,0.36,0.18,0.18,0,0.28,503,1.25,72,46,168,503,0.54,99,49,-1,10,0,6.53,0.09,88,12.26,5.00,2,35,3.00,21,2,7.35,1,0.00,0.00,0.29,2,0.00,0.86,0.35,0.14,1,0.00,1.29,0.00,0.00,0.00,0.00,1.00,0.29,0.00,1.40,0.43,1.57,0.00,0.14,0.04,0.00,0.71,0.00,0.00,0,0,,4,0.57,66,1,0.35,58,3,1.05,72,3,3,2,64,0.00,99,0,0,0.00,1,6,31,2.10,75,0,0.00,99,0,0.00,0,0,0.00,0,0.70,58,11,3.85,89,7,2.45,63.64,0,0.00,0,0,0,0.00,0,2,0.00,46,0.70,29,N/A,N/A,N/A,N/A,0.00,0,0.00,0,0.25,0.00,0,60.00,25.00,43,99,0.00,0.00,0,87,37,0,0,0,0.00,0.00,0,31,45.70,0.14,0.35,1,0,0.00,0.00,99,0.00,0,0,0,0.00,0.00,0,0.00,0.00,0.35,0.14,1,0,0.00,52,17,46,80,46,0.69,93,0.10,0.24,0.25,50,0.04,0.09,53,3,0.43,1.05,1.75,0.71,84,5,0.09,49,50,14,83,0,81,63,0,0.00,99,5,0.00,1.75,24.51,10.00,70,21,79,96,7.35,3.00,30.00,9,3.15,1,0,16.67,0,0.00,99,1,0.14,0.35,58,7,85,91,0,0,0,0,0,81,72,84,61,0,99,14,25,97,1,9,54,80,0,0
Kehinde Abdul Feyi Fatai,36,635414400,1990/02/19,Liga II,2025/2026,Forward,Afumaţi,491,272,219,Nigeria,9,5,4,3,3,0,0,0,0,0,0,4,2,2,5,4,1,0,0,0.55,0,0.55,0.99,0,164,0.92,98,55,0,0,0,17,299,-1,4,0,5.43,0,62,26.26,13.10,30,131,9.00,90,20,18.04,28,0.00,0.00,0.40,4,0.00,0.20,0.00,0.00,0,0.00,1.10,0.00,0.00,0.00,0.00,0.50,0.30,3.00,1.80,0.40,0.90,0.00,0.50,0.26,0.00,1.00,0.00,0.00,0,0,,9,0.90,77,5,1.00,87,4,0.80,61,1,3,5,26,0.00,99,0,0,0.00,1,2,26,0.40,35,0,0.00,99,0,0.00,0,0,0.00,0,0.80,64,9,1.80,63,5,1.00,55.56,0,0.00,0,0,0,0.00,0,3,0.00,77,0.60,23,N/A,N/A,N/A,N/A,0.00,0,0.00,0,2.55,0.00,0,68.70,55.56,92,99,0.00,0.00,0,53,28,0,1,0,0.00,0.00,0,31,54.29,0.00,0.00,0,0,0.00,0.00,99,0.00,0,1,0,0.00,0.00,0,0.00,0.00,1.40,0.70,7,0,33.33,97,15,27,55,77,0.36,32,0.04,0.07,1.85,87,0.18,0.37,16,2,0.20,0.40,1.60,0.80,80,8,0.51,95,23,1,83,0,99,70,0,0.00,99,10,0.00,2.00,24.65,12.30,123,29,55,97,5.81,2.90,23.58,11,2.20,4,0,0.00,0,0.00,99,0,0.00,0.00,26,29,85,66,1,1,1,11,11,91,96,69,98,0,99,83,22,22,0,0,30,9,0,0
Kevin Doukoure,27,922780800,1999/03/30,Liga II,2025/2026,Defender,Chindia Târgovişte,26,0,26,Ivory Coast,1,0,1,0,0,0,0,0,0,0,0,0,0,0,0,0,0,0,0,0,0,0,0,0,0,0,0,26,0,0,0,-1,-1,-1,29,0,3.40,0,62,40.38,17.50,70,35,17.00,34,99,39.23,86,0.00,0.00,0.00,0,0.00,0.00,0.00,0.00,0,0.00,1.00,0.00,0.00,0.00,0.50,0.00,0.00,0.00,2.31,1.00,0.00,0.00,0.00,0.05,0.00,0.00,0.00,0.00,0,0,,2,1.00,85,0,0.00,23,2,2.31,99,0,1,0,26,0.00,99,0,1,1.15,46,0,26,0.00,14,0,0.00,99,0,0.00,0,0,0.00,0,0.00,14,0,0.00,12,0,0.00,0.00,0,0.00,0,0,0,0.00,0,0,0.00,99,0.00,0,N/A,N/A,N/A,N/A,0.00,0,0.00,0,0.10,0.00,0,97.14,0.00,23,99,0.00,0.00,0,13,13,0,0,0,0.00,0.00,0,31,6.80,1.00,2.31,2,0,0.00,0.00,99,0.00,0,0,0,0.00,0.00,0,0.00,0.00,0.00,0.00,0,0,0.00,52,0,0,51,0,0.08,45,0.04,0.09,0.10,57,0.05,0.12,59,1,0.50,1.15,0.00,0.00,7,0,0.12,56,4,75,83,0,50,1,0,0.00,99,0,0.00,0.00,6.92,3.00,6,2,8,7,2.31,1.00,33.33,2,2.31,4,0,0.00,0,0.00,99,0,0.00,0.00,26,0,64,28,0,0,0,0,0,38,51,69,61,0,99,9,22,22,0,0,30,17,0,0
Kostas Doumtsios,29,852105600,1997/01/01,Liga II,2025/2026,Forward,Chindia Târgovişte,109,0,109,Greece,2,0,2,0,0,0,0,0,0,0,0,1,0,1,0,0,0,0,0,0,0,0,0,0,0,0,0,55,0,0,0,-1,-1,-1,17,0,6.61,0,62,19.58,12.83,16,77,8.83,53,20,13.47,15,0.00,0.00,0.00,0,0.00,0.50,0.25,0.17,1,0.00,0.83,0.00,0.00,0.00,0.33,0.33,0.67,4.00,1.02,0.33,0.33,0.00,0.33,0.16,0.00,1.50,0.00,0.00,0,0,,4,0.67,54,2,0.51,69,2,0.51,43,2,1,1,54,0.00,99,0,2,0.51,16,3,26,0.76,46,0,0.00,99,0,0.00,0,0,0.00,0,0.00,14,2,0.51,31,2,0.51,100.00,0,0.00,0,0,0,0.00,0,4,0.00,99,1.02,60,N/A,N/A,N/A,N/A,0.00,0,0.00,0,0.95,0.00,0,68.83,50.00,88,99,0.00,0.00,0,38,99,0,0,0,0.00,0.00,0,31,39.64,0.00,0.00,0,0,0.00,0.00,99,0.00,0,0,0,0.00,0.00,0,0.00,0.00,0.76,0.50,3,0,25.00,92,0,0,51,0,0.11,6,0.02,0.03,0.95,74,0.16,0.24,84,7,1.17,1.78,2.29,1.50,95,9,0.24,74,54,1,83,0,95,76,0,0.00,99,9,0.00,2.29,19.32,12.67,76,23,56,81,5.85,3.83,30.26,5,1.27,21,0,0.00,0,0.00,99,0,0.00,0.00,26,4,64,85,0,0,0,0,0,38,51,69,61,0,99,93,22,22,0,0,30,7,0,0
Kristóf Bontás,22,1074240000,2004/01/16,Liga II,2025/2026,Forward,CSM Satu Mare,72,44,28,,3,1,2,0,0,0,0,0,0,0,0,1,0,1,3,3,0,0,0,0,0,0,0,0,0,3.75,24,24,0,0,0,-1,-1,-1,29,0,2.74,0,62,23.00,3.29,23,23,2.57,18,56,18.00,27,0.00,0.00,0.00,0,0.00,0.00,0.00,0.00,0,0.00,0.14,0.00,0.00,0.00,0.14,0.00,0.43,0.00,0.00,0.00,0.14,0.00,0.00,0.00,0.00,0.43,0.00,0.00,0,0,,0,0.00,10,0,0.00,23,0,0.00,12,0,3,0,26,0.00,99,0,1,1.00,39,0,26,0.00,14,0,0.00,99,0,0.00,0,0,0.00,0,0.00,14,1,1.00,45,0,0.00,0.00,0,0.00,0,0,0,0.00,0,3,0.00,0,3.00,96,N/A,N/A,N/A,N/A,0.00,0,0.00,0,0.00,0.00,0,78.26,0.00,23,99,0.00,0.00,0,13,13,0,0,0,0.00,0.00,0,31,19.20,0.43,3.00,3,0,0.00,0.00,99,0.00,0,0,0,0.00,0.00,0,0.00,0.00,0.00,0.00,0,0,0.00,52,0,0,51,0,0.04,11,0.01,0.04,0.00,11,0.00,0.00,99,4,0.57,4.00,2.00,0.29,92,2,0.00,10,2,85,83,0,50,87,0,0.00,99,3,0.00,3.00,32.00,4.57,32,11,99,99,11.00,1.57,34.38,1,1.00,29,0,0.00,0,0.00,99,0,0.00,0.00,26,0,85,28,0,0,0,0,0,38,51,69,61,0,99,66,22,22,0,0,30,21,0,0
Kristopher Vida,30,803890800,1995/06/23,Liga II,2025/2026,Midfielder,CSM Satu Mare,90,0,90,Hungary,1,0,1,0,0,0,0,0,0,0,0,0,0,0,4,0,4,0,0,0,0,0,0,0,0,4,23,90,0,0,0,-1,-1,-1,18,0,6.77,0,62,35.33,28.00,56,84,21.00,63,44,26.50,58,0.00,0.00,0.67,2,0.00,2.00,0.42,0.33,1,0.00,0.00,0.00,0.00,0.00,0.33,1.00,0.67,4.00,1.68,1.00,2.00,0.00,0.33,0.29,0.00,1.00,0.00,0.00,0,0,,4,1.33,72,1,0.42,63,3,1.26,79,0,0,1,72,0.00,99,0,1,0.42,10,6,31,2.52,81,0,0.00,99,0,0.00,0,0,0.00,0,0.84,67,6,2.52,76,3,1.26,50.00,0,0.00,0,0,0,0.00,0,2,0.00,0,0.84,42,N/A,N/A,N/A,N/A,0.00,0,0.00,0,0.87,0.00,0,75.00,25.00,43,99,0.00,0.00,0,64,24,0,0,0,0.00,0.00,0,31,20.30,0.33,0.42,1,0,0.00,0.00,99,0.00,0,0,0,0.00,0.00,0,0.00,0.00,0.42,0.33,1,0,25.00,92,0,0,51,0,0.21,45,0.07,0.09,0.87,87,0.29,0.37,82,4,1.33,1.68,1.26,1.00,62,3,0.37,86,66,18,83,0,83,50,0,0.00,99,3,0.00,1.26,13.88,11.00,33,9,17,42,3.79,3.00,27.27,0,0.00,99,0,16.67,0,0.00,99,1,0.33,0.42,62,4,41,28,0,0,0,0,0,38,51,69,61,0,99,9,22,22,0,0,30,27,0,0
Laurențiu Bodron,17,1237446000,2009/03/19,Liga II,2025/2026,Midfielder,CS Dinamo București,16,0,16,Romania,1,0,1,0,0,0,0,0,0,0,0,0,0,0,2,0,2,0,0,0,0,0,0,0,0,11.25,8,16,0,0,0,-1,-1,-1,25,0,0.00,0,62,0.00,0.00,0,0,0.00,0,0,0.00,0,0.00,0.00,0.00,0,0.00,0.00,0.00,0.00,0,0.00,0.00,0.00,0.00,0.00,0.00,0.00,0.00,0.00,0.00,0.00,0.00,0.00,0.00,0.00,0.00,0.00,0.00,0.00,0,0,,0,0.00,10,0,0.00,23,0,0.00,12,0,1,0,26,0.00,99,0,0,0.00,1,0,26,0.00,14,0,0.00,99,0,0.00,0,0,0.00,0,0.00,14,0,0.00,12,0,0.00,0.00,0,0.00,0,0,0,0.00,0,0,0.00,6,0.00,0,N/A,N/A,N/A,N/A,0.00,0,0.00,0,0.00,0.00,0,0.00,0.00,23,99,0.00,0.00,0,13,13,0,0,0,0.00,0.00,0,31,0.00,0.00,0.00,0,0,0.00,0.00,99,0.00,0,0,0,0.00,0.00,0,0.00,0.00,0.00,0.00,0,0,0.00,52,0,0,51,0,0.00,0,0.00,0.00,0.00,11,0.00,0.00,2,0,0.00,0.00,0.00,0.00,7,0,0.00,10,0,1,83,0,50,1,0,0.00,99,0,0.00,0.00,0.00,0.00,0,0,0,0,0.00,0.00,0.00,0,0.00,99,0,0.00,0,0.00,99,0,0.00,0.00,26,0,64,28,0,0,0,0,0,38,51,69,61,0,99,9,22,22,0,0,30,17,0,0
Liam Rowan,31,791971200,1995/02/05,Liga II,2025/2026,Midfielder,Bihor Oradea,0,0,0,Scotland,0,0,0,0,0,0,0,0,0,0,0,0,0,0,0,0,0,0,0,0,0,0,0,0,0,0,0,0,0,0,0,-1,-1,-1,-1,N/A,N/A,N/A,N/A,N/A,N/A,N/A,N/A,N/A,N/A,N/A,N/A,N/A,N/A,N/A,N/A,N/A,N/A,N/A,N/A,N/A,N/A,N/A,N/A,N/A,N/A,N/A,N/A,N/A,N/A,N/A,N/A,N/A,N/A,N/A,N/A,N/A,N/A,N/A,N/A,N/A,N/A,N/A,N/A,N/A,N/A,N/A,N/A,N/A,N/A,N/A,N/A,N/A,N/A,N/A,N/A,N/A,N/A,N/A,N/A,N/A,N/A,N/A,N/A,N/A,N/A,N/A,N/A,N/A,N/A,N/A,N/A,N/A,N/A,N/A,N/A,N/A,N/A,N/A,N/A,N/A,N/A,N/A,N/A,N/A,N/A,N/A,N/A,N/A,N/A,N/A,N/A,N/A,N/A,N/A,N/A,N/A,N/A,N/A,N/A,N/A,N/A,N/A,N/A,N/A,N/A,N/A,N/A,N/A,N/A,N/A,N/A,N/A,N/A,N/A,N/A,N/A,N/A,N/A,N/A,N/A,N/A,N/A,N/A,N/A,N/A,N/A,N/A,N/A,N/A,N/A,N/A,N/A,N/A,N/A,N/A,N/A,N/A,N/A,N/A,N/A,N/A,N/A,N/A,N/A,N/A,N/A,N/A,N/A,N/A,N/A,N/A,N/A,N/A,N/A,N/A,N/A,N/A,N/A,N/A,N/A,N/A,N/A,N/A,N/A,N/A,N/A,N/A,N/A,N/A,N/A,N/A,N/A,N/A,N/A,N/A,N/A,N/A,N/A,N/A,N/A,N/A,N/A,N/A,N/A,N/A,N/A,N/A,N/A,N/A,N/A,N/A,N/A,N/A,N/A,N/A,N/A,N/A,N/A,N/A,N/A,N/A,N/A,N/A,N/A,N/A,N/A,N/A,N/A,N/A,N/A,N/A,N/A,N/A,N/A,N/A,N/A,N/A,N/A,N/A,N/A,N/A,N/A,N/A
Liviu Corjenco,19,1174460400,2007/03/21,Liga II,2025/2026,Goalkeeper,CS Dinamo București,180,90,90,Romania,2,1,1,0,0,0,0,0,0,0,0,0,0,0,6,1,5,0,0,0,0,0,0,0,0,3,30,90,0,0,0,-1,-1,-1,13,0,0.00,0,62,0.00,0.00,0,0,0.00,0,0,0.00,0,0.00,0.00,0.00,0,0.00,0.00,0.00,0.00,0,0.00,0.00,0.00,0.00,0.00,0.00,0.00,0.00,0.00,0.00,0.00,0.00,0.00,0.00,0.00,0.00,0.00,0.00,0.00,0,0,,0,0.00,10,0,0.00,23,0,0.00,12,0,0,2,26,0.00,99,0,0,0.00,1,0,26,0.00,14,0,0.00,99,0,0.00,0,0,0.00,0,0.00,14,0,0.00,12,0,0.00,0.00,0,0.00,0,0,0,0.00,0,0,0.00,1,0.00,0,N/A,N/A,N/A,N/A,0.00,0,0.00,0,0.00,0.00,0,0.00,0.00,23,99,0.00,0.00,0,13,13,0,0,0,0.00,0.00,0,31,0.00,0.00,0.00,0,0,0.00,0.00,99,0.00,0,0,0,0.00,0.00,0,0.00,0.00,0.00,0.00,0,0,0.00,52,0,0,51,1,0.00,0,0.00,0.00,0.00,11,0.00,0.00,2,0,0.00,0.00,0.00,0.00,7,0,0.00,10,0,1,83,0,50,1,0,0.00,99,0,0.00,0.00,0.00,0.00,0,0,0,0,0.00,0.00,0.00,0,0.00,99,0,0.00,0,0.00,99,0,0.00,0.00,26,7,41,28,0,0,0,0,0,38,51,69,61,0,99,9,22,22,0,0,30,90,0,0
Lovro Cvek,30,805014000,1995/07/06,Liga II,2025/2026,Midfielder,Voluntari,263,179,84,Croatia,3,2,1,0,0,0,0,0,0,0,0,1,1,0,3,2,1,0,0,0,0,0,0,0,0,1.03,88,88,0,0,0,-1,-1,-1,12,0,6.86,0,62,51.23,49.88,91,399,43.00,344,92,44.17,94,0.00,0.00,1.12,9,0.00,0.75,0.39,0.38,3,0.00,0.38,0.00,0.00,0.00,1.12,0.12,0.25,0.00,1.16,1.00,0.38,0.00,0.12,0.06,0.00,2.00,0.00,0.00,0,0,,9,1.12,60,1,0.13,34,8,1.03,71,1,0,3,70,0.00,99,0,9,1.16,47,6,65,0.77,47,0,0.00,99,0,0.00,0,0,0.00,0,1.16,77,3,0.39,27,1,0.13,33.33,0,0.00,0,0,0,0.00,0,2,0.00,65,0.26,3,N/A,N/A,N/A,N/A,0.00,0,0.00,0,0.50,0.00,0,86.22,11.11,26,99,0.00,0.00,0,17,15,0,0,0,0.62,0.64,5,86,54.92,1.88,1.93,15,0,0.00,0.00,99,0.00,0,0,0,0.00,0.00,0,0.00,0.00,0.00,0.00,0,0,0.00,52,0,0,51,66,1.56,87,0.20,0.20,0.50,42,0.06,0.06,45,7,0.88,0.90,1.16,1.12,55,9,0.06,41,75,69,83,0,50,71,0,0.00,99,16,0.00,2.05,12.97,12.62,101,34,25,35,4.37,4.25,33.66,3,0.39,57,0,33.33,0,0.00,99,2,0.25,0.26,52,12,41,66,0,0,0,0,0,38,51,69,61,0,99,66,22,22,0,0,30,40,0,0
Luca Ioan Agapi,21,1105084800,2005/01/07,Liga II,2025/2026,Midfielder,FC Bacău,0,0,0,Romania,0,0,0,0,0,0,0,0,0,0,0,0,0,0,0,0,0,0,0,0,0,0,0,0,0,0,0,0,0,0,0,-1,-1,-1,-1,N/A,N/A,N/A,N/A,N/A,N/A,N/A,N/A,N/A,N/A,N/A,N/A,N/A,N/A,N/A,N/A,N/A,N/A,N/A,N/A,N/A,N/A,N/A,N/A,N/A,N/A,N/A,N/A,N/A,N/A,N/A,N/A,N/A,N/A,N/A,N/A,N/A,N/A,N/A,N/A,N/A,N/A,N/A,N/A,N/A,N/A,N/A,N/A,N/A,N/A,N/A,N/A,N/A,N/A,N/A,N/A,N/A,N/A,N/A,N/A,N/A,N/A,N/A,N/A,N/A,N/A,N/A,N/A,N/A,N/A,N/A,N/A,N/A,N/A,N/A,N/A,N/A,N/A,N/A,N/A,N/A,N/A,N/A,N/A,N/A,N/A,N/A,N/A,N/A,N/A,N/A,N/A,N/A,N/A,N/A,N/A,N/A,N/A,N/A,N/A,N/A,N/A,N/A,N/A,N/A,N/A,N/A,N/A,N/A,N/A,N/A,N/A,N/A,N/A,N/A,N/A,N/A,N/A,N/A,N/A,N/A,N/A,N/A,N/A,N/A,N/A,N/A,N/A,N/A,N/A,N/A,N/A,N/A,N/A,N/A,N/A,N/A,N/A,N/A,N/A,N/A,N/A,N/A,N/A,N/A,N/A,N/A,N/A,N/A,N/A,N/A,N/A,N/A,N/A,N/A,N/A,N/A,N/A,N/A,N/A,N/A,N/A,N/A,N/A,N/A,N/A,N/A,N/A,N/A,N/A,N/A,N/A,N/A,N/A,N/A,N/A,N/A,N/A,N/A,N/A,N/A,N/A,N/A,N/A,N/A,N/A,N/A,N/A,N/A,N/A,N/A,N/A,N/A,N/A,N/A,N/A,N/A,N/A,N/A,N/A,N/A,N/A,N/A,N/A,N/A,N/A,N/A,N/A,N/A,N/A,N/A,N/A,N/A,N/A,N/A,N/A,N/A,N/A,N/A,N/A,N/A,N/A,N/A,N/A
Luca Tincău,24,989305200,2001/05/08,Liga II,2025/2026,Midfielder,Bihor Oradea,522,285,237,Romania,15,8,7,2,1,1,1,1,0,0,0,5,4,1,3,1,2,1,0,0.52,0.17,0.34,0.32,0.38,261,0.52,174,35,522,522,0.17,43,57,-1,7,0,6.19,0.07,85,13.40,4.88,3,78,3.94,63,66,10.82,6,0.00,0.00,0.31,5,0.00,0.38,0.00,0.00,0,0.00,0.75,0.00,0.00,0.00,0.19,0.44,0.12,8.00,2.75,0.62,0.75,0.00,0.38,0.16,0.00,0.50,0.00,0.00,0,0,,16,1.00,93,6,1.03,89,10,1.72,94,1,10,5,26,0.00,99,0,3,0.52,16,6,31,1.03,54,0,0.00,99,0,0.00,0,0,0.00,0,0.86,67,12,2.06,69,7,1.20,58.33,0,0.00,0,0,0,0.00,0,2,0.00,95,0.34,5,N/A,N/A,N/A,N/A,0.00,0,0.00,0,2.51,0.00,0,80.77,37.50,66,99,0.00,0.00,0,61,32,0,0,0,0.00,0.00,0,31,99.00,0.06,0.17,1,0,0.00,0.00,99,0.00,0,0,2,0.12,0.34,0,0.00,0.00,0.17,0.06,1,0,12.50,70,20,87,63,95,0.90,74,0.06,0.15,2.51,92,0.16,0.43,90,11,0.69,1.89,1.72,0.62,84,10,0.43,92,40,4,99,0,69,53,0,0.00,99,8,0.00,1.37,22.16,8.06,129,31,46,92,5.32,1.94,24.03,12,2.06,6,0,16.67,0,0.00,99,1,0.06,0.17,41,29,99,66,0,0,0,0,0,89,88,89,82,0,99,66,69,54,1,7,41,11,0,0
Lucas Baeram,20,1135843200,2005/12/29,Liga II,2025/2026,Defender,Dumbrăviţa,14,0,14,Romania,1,0,1,0,0,0,0,0,0,0,0,0,0,0,0,0,0,0,0,0,0,0,0,0,0,0,0,14,0,0,0,-1,-1,-1,11,0,6.60,0,62,31.30,8.00,48,8,6.00,6,44,23.48,48,0.00,0.00,1.00,1,0.00,0.00,0.00,0.00,0,0.00,0.00,0.00,0.00,0.00,0.00,0.00,0.00,0.00,0.00,0.00,0.00,0.00,0.00,0.00,0.00,0.00,0.00,0.00,0,0,,0,0.00,10,0,0.00,23,0,0.00,12,0,1,0,26,0.00,99,0,0,0.00,1,0,26,0.00,14,0,0.00,99,0,0.00,0,0,0.00,0,3.91,99,0,0.00,12,0,0.00,0.00,0,0.00,0,0,0,0.00,0,0,0.00,99,0.00,0,N/A,N/A,N/A,N/A,0.00,0,0.00,0,0.00,0.00,0,75.00,0.00,23,99,0.00,0.00,0,13,13,0,0,0,0.00,0.00,0,31,6.60,0.00,0.00,0,0,0.00,0.00,99,0.00,0,0,0,0.00,0.00,0,0.00,0.00,0.00,0.00,0,0,0.00,52,0,0,51,0,0.05,87,0.05,0.20,0.00,11,0.00,0.00,2,0,0.00,0.00,0.00,0.00,7,0,0.00,10,53,1,83,0,50,1,0,0.00,99,0,0.00,0.00,0.00,0.00,0,0,0,0,0.00,0.00,0.00,0,0.00,99,0,0.00,0,0.00,99,0,0.00,0.00,26,0,64,28,0,0,0,0,0,38,51,69,61,0,99,9,22,22,0,0,30,16,0,0
Lucas Ioan Câmpan,19,1168070400,2007/01/06,Liga II,2025/2026,Forward,ACS Gloria Bistrita,98,0,98,Romania,3,1,2,1,0,1,0,0,0,0,0,2,1,1,1,0,1,0,0,0.92,0,0.92,0,0.92,98,0.92,98,33,0,0,0,-1,-1,-1,8,0,2.37,0,62,17.47,4.24,10,72,2.76,47,8,11.40,7,0.00,0.00,0.29,5,0.00,0.12,0.00,0.00,0,0.00,0.47,0.00,0.00,0.00,0.18,0.18,0.12,4.00,0.97,0.00,0.47,0.00,0.24,0.07,0.00,0.65,0.00,0.00,0,0,,4,0.24,53,4,0.97,86,0,0.00,12,0,2,1,26,0.00,99,0,3,0.73,27,2,26,0.49,38,0,0.00,99,0,0.00,0,0,0.00,0,1.21,79,8,1.94,65,3,0.73,37.50,0,0.00,0,0,0,0.00,0,2,0.00,77,0.49,16,N/A,N/A,N/A,N/A,0.00,0,0.00,0,1.11,0.00,0,65.28,100.00,99,99,0.00,0.00,0,46,15,0,0,0,0.00,0.00,0,31,40.25,0.12,0.49,2,0,0.00,0.00,99,0.00,0,0,0,0.00,0.00,0,0.00,0.00,1.94,0.47,8,0,25.00,92,0,0,52,77,0.85,90,0.05,0.21,1.11,79,0.07,0.27,63,5,0.29,1.21,2.18,0.53,94,9,0.27,79,1,21,83,0,99,82,0,0.00,99,11,0.00,2.67,15.28,3.71,63,21,40,52,5.09,1.24,33.33,8,1.94,8,0,0.00,0,0.00,99,0,0.00,0.00,26,4,73,28,0,0,0,0,0,98,99,99,61,0,99,98,22,22,0,0,30,27,0,0
Lucian Buzan,27,920966400,1999/03/09,Liga II,2025/2026,Defender,Viitorul Şelimbăr,761,274,487,Romania,11,4,7,0,0,0,2,1,1,0,0,0,0,0,18,5,13,1,0,0.24,0.24,0,0,0,0,2.13,42,69,761,381,0.12,316,33,88,17,0,5.96,0.18,93,39.58,27.00,69,270,18.60,186,21,27.26,59,0.00,0.00,0.90,9,0.00,3.90,0.15,0.10,1,0.00,0.50,0.00,0.00,0.00,1.10,0.90,1.30,0.00,0.29,0.20,1.10,0.00,0.00,0.01,0.00,0.40,0.00,0.00,0,0,,2,0.20,21,0,0.00,23,2,0.29,29,1,2,6,40,0.00,99,0,11,1.61,68,39,65,5.72,99,0,0.00,99,0,0.00,0,0,0.00,0,1.32,83,11,1.61,60,9,1.32,81.82,0,0.00,0,0,0,0.00,0,13,0.00,6,1.91,88,N/A,N/A,N/A,N/A,0.00,0,0.00,0,0.12,0.00,0,68.89,0.00,23,99,0.00,0.00,0,65,75,0,0,0,0.30,0.44,3,75,59.63,1.50,2.20,15,0,0.00,0.00,99,0.00,0,0,0,0.00,0.00,0,0.00,0.00,0.15,0.10,1,0,0.00,52,42,46,51,6,1.27,84,0.13,0.19,0.12,23,0.01,0.02,80,11,1.10,1.61,1.17,0.80,56,8,0.02,22,36,74,83,0,66,15,0,0.00,99,4,0.00,0.59,15.39,10.50,105,41,59,53,6.01,4.10,39.05,5,0.73,38,0,33.33,0,0.00,99,13,1.30,1.91,99,38,73,66,0,0,0,0,0,70,51,69,61,0,99,9,83,40,1,9,54,19,0,0
Lucian Nicolae Ion,32,763286400,1994/03/10,Liga II,2025/2026,Midfielder,Tunari,122,0,122,Romania,2,0,2,0,0,0,0,0,0,0,0,0,0,0,1,0,1,0,0,0,0,0,0,0,0,0.74,122,61,0,0,0,-1,-1,-1,13,0,6.72,0,62,35.00,35.00,56,35,25.00,25,29,25.00,52,0.00,0.00,0.00,0,0.00,0.00,0.00,0.00,0,0.00,0.00,0.00,0.00,0.00,0.00,1.00,1.00,0.00,3.00,3.00,1.00,0.00,0.00,0.15,0.00,1.00,0.00,0.00,0,0,,3,3.00,95,0,0.00,23,3,3.00,99,0,1,1,26,0.00,99,0,0,0.00,1,0,26,0.00,14,0,0.00,99,0,0.00,0,0,0.00,0,0.00,14,1,1.00,45,1,1.00,100.00,0,0.00,0,0,0,0.00,0,1,0.00,86,1.00,59,N/A,N/A,N/A,N/A,0.00,0,0.00,0,0.15,0.00,0,71.43,0.00,23,99,0.00,0.00,0,53,99,0,0,0,1.00,1.00,1,96,6.72,3.00,3.00,3,0,0.00,0.00,99,0.00,0,0,0,0.00,0.00,0,0.00,0.00,0.00,0.00,0,0,0.00,52,0,0,51,86,0.05,17,0.05,0.05,0.15,62,0.15,0.15,2,0,0.00,0.00,1.00,1.00,44,1,0.15,62,61,85,83,0,50,38,0,0.00,99,1,0.00,1.00,15.00,15.00,15,3,10,50,3.00,3.00,20.00,0,0.00,99,0,0.00,0,0.00,99,0,0.00,0.00,26,4,64,28,0,0,0,0,0,38,51,69,61,0,99,9,22,22,0,0,30,27,0,0
Luis Bunel,18,1197878400,2007/12/17,Liga II,2025/2026,Midfielder,Muscelul Câmpulung Elite,0,0,0,Romania,0,0,0,0,0,0,0,0,0,0,0,0,0,0,0,0,0,0,0,0,0,0,0,0,0,0,0,0,0,0,0,-1,-1,-1,-1,N/A,N/A,N/A,N/A,N/A,N/A,N/A,N/A,N/A,N/A,N/A,N/A,N/A,N/A,N/A,N/A,N/A,N/A,N/A,N/A,N/A,N/A,N/A,N/A,N/A,N/A,N/A,N/A,N/A,N/A,N/A,N/A,N/A,N/A,N/A,N/A,N/A,N/A,N/A,N/A,N/A,N/A,N/A,N/A,N/A,N/A,N/A,N/A,N/A,N/A,N/A,N/A,N/A,N/A,N/A,N/A,N/A,N/A,N/A,N/A,N/A,N/A,N/A,N/A,N/A,N/A,N/A,N/A,N/A,N/A,N/A,N/A,N/A,N/A,N/A,N/A,N/A,N/A,N/A,N/A,N/A,N/A,N/A,N/A,N/A,N/A,N/A,N/A,N/A,N/A,N/A,N/A,N/A,N/A,N/A,N/A,N/A,N/A,N/A,N/A,N/A,N/A,N/A,N/A,N/A,N/A,N/A,N/A,N/A,N/A,N/A,N/A,N/A,N/A,N/A,N/A,N/A,N/A,N/A,N/A,N/A,N/A,N/A,N/A,N/A,N/A,N/A,N/A,N/A,N/A,N/A,N/A,N/A,N/A,N/A,N/A,N/A,N/A,N/A,N/A,N/A,N/A,N/A,N/A,N/A,N/A,N/A,N/A,N/A,N/A,N/A,N/A,N/A,N/A,N/A,N/A,N/A,N/A,N/A,N/A,N/A,N/A,N/A,N/A,N/A,N/A,N/A,N/A,N/A,N/A,N/A,N/A,N/A,N/A,N/A,N/A,N/A,N/A,N/A,N/A,N/A,N/A,N/A,N/A,N/A,N/A,N/A,N/A,N/A,N/A,N/A,N/A,N/A,N/A,N/A,N/A,N/A,N/A,N/A,N/A,N/A,N/A,N/A,N/A,N/A,N/A,N/A,N/A,N/A,N/A,N/A,N/A,N/A,N/A,N/A,N/A,N/A,N/A,N/A,N/A,N/A,N/A,N/A,N/A
Manuchim Ogundu,25,958806000,2000/05/20,Liga II,2025/2026,Midfielder,Muscelul Câmpulung Elite,11,11,0,Nigeria,1,1,0,0,0,0,0,0,0,0,0,1,1,0,0,0,0,0,0,0,0,0,0,0,0,0,0,11,0,0,0,-1,-1,-1,5,N/A,N/A,N/A,N/A,N/A,N/A,N/A,N/A,N/A,N/A,N/A,N/A,N/A,N/A,N/A,N/A,N/A,N/A,N/A,N/A,N/A,N/A,N/A,N/A,N/A,N/A,N/A,N/A,N/A,N/A,N/A,N/A,N/A,N/A,N/A,N/A,N/A,N/A,N/A,N/A,N/A,N/A,N/A,N/A,N/A,N/A,N/A,N/A,N/A,N/A,N/A,N/A,N/A,N/A,N/A,N/A,N/A,N/A,N/A,N/A,N/A,N/A,N/A,N/A,N/A,N/A,N/A,N/A,N/A,N/A,N/A,N/A,N/A,N/A,N/A,N/A,N/A,N/A,N/A,N/A,N/A,N/A,N/A,N/A,N/A,N/A,N/A,N/A,N/A,N/A,N/A,N/A,N/A,N/A,N/A,N/A,N/A,N/A,N/A,N/A,N/A,N/A,N/A,N/A,N/A,N/A,N/A,N/A,N/A,N/A,N/A,N/A,N/A,N/A,N/A,N/A,N/A,N/A,N/A,N/A,N/A,N/A,N/A,N/A,N/A,N/A,N/A,N/A,N/A,N/A,N/A,N/A,N/A,N/A,N/A,N/A,N/A,N/A,N/A,N/A,N/A,N/A,N/A,N/A,N/A,N/A,N/A,N/A,N/A,N/A,N/A,N/A,N/A,N/A,N/A,N/A,N/A,N/A,N/A,N/A,N/A,N/A,N/A,N/A,N/A,N/A,N/A,N/A,N/A,N/A,N/A,N/A,N/A,N/A,N/A,N/A,N/A,N/A,N/A,N/A,N/A,N/A,N/A,N/A,N/A,N/A,N/A,N/A,N/A,N/A,N/A,N/A,N/A,N/A,N/A,N/A,N/A,N/A,N/A,N/A,N/A,N/A,N/A,N/A,N/A,N/A,N/A,N/A,N/A,N/A,N/A,N/A,N/A,N/A,N/A,N/A,N/A,N/A,N/A,N/A,N/A,N/A,N/A,N/A
Marcos Sacară,17,1233820800,2009/02/05,Liga II,2025/2026,Midfielder,CSM Iaşi,45,0,45,Romania,1,0,1,0,0,0,1,0,1,0,0,0,0,0,2,0,2,0,0,2,2,0,0,0,0,4,23,45,0,45,0,-1,-1,-1,28,0,7.05,1,99,21.06,11.00,19,11,10.00,10,99,19.15,32,0.00,0.00,1.00,1,0.00,0.00,0.00,0.00,0,0.00,1.00,0.00,0.00,0.00,1.00,2.00,2.00,0.00,3.83,1.00,2.00,0.00,1.00,0.18,0.00,0.00,0.00,0.00,0,0,,2,2.00,99,1,1.91,99,1,1.91,96,1,0,1,26,0.00,99,0,1,1.91,78,0,26,0.00,14,0,0.00,99,0,0.00,0,0,0.00,0,1.91,96,2,3.83,89,2,3.83,100.00,0,0.00,0,0,0,0.00,0,2,0.00,0,3.83,98,N/A,N/A,N/A,N/A,0.00,0,0.00,0,0.18,0.00,0,90.91,50.00,88,99,0.00,0.00,0,95,99,0,0,0,0.00,0.00,0,31,7.05,0.00,0.00,0,0,0.00,0.00,99,0.00,0,0,0,0.00,0.00,0,0.00,0.00,0.00,0.00,0,0,0.00,52,0,0,51,0,0.65,99,0.65,1.24,0.18,83,0.18,0.34,2,0,0.00,0.00,0.00,0.00,7,0,0.34,83,88,1,83,0,50,1,0,0.00,99,0,0.00,0.00,15.32,8.00,8,3,53,52,5.74,3.00,37.50,1,1.91,8,0,0.00,0,0.00,99,0,0.00,0.00,26,4,41,66,0,0,0,0,0,99,51,69,61,0,99,9,22,22,0,0,30,17,0,0
Marian Dean Beţa,34,673945200,1991/05/11,Liga II,2025/2026,Defender,CSA Steaua Bucureşti,90,90,0,Romania,1,1,0,0,0,0,0,0,0,0,0,0,0,0,1,1,0,1,0,0,0,0,0,0,0,1,90,90,90,0,1,-1,-1,-1,12,0,6.90,0,62,45.00,45.00,79,45,39.00,39,93,39.00,86,0.00,0.00,0.00,0,0.00,1.00,0.00,0.00,0,0.00,0.00,0.00,0.00,0.00,5.00,0.00,1.00,0.00,0.00,0.00,0.00,0.00,0.00,0.00,0.00,3.00,0.00,0.00,0,0,,0,0.00,10,0,0.00,23,0,0.00,12,0,0,1,26,0.00,99,0,5,5.00,99,1,26,1.00,54,0,0.00,99,0,0.00,0,0,0.00,0,0.00,14,0,0.00,12,0,0.00,0.00,0,0.00,0,0,0,0.00,0,1,0.00,69,1.00,59,N/A,N/A,N/A,N/A,0.00,0,0.00,0,0.00,0.00,0,86.67,0.00,23,99,0.00,0.00,0,13,13,0,0,0,1.00,1.00,1,96,6.90,2.00,2.00,2,0,0.00,0.00,99,0.00,0,0,0,0.00,0.00,0,0.00,0.00,0.00,0.00,0,0,0.00,52,0,0,51,69,0.08,39,0.08,0.08,0.00,11,0.00,0.00,2,0,0.00,0.00,1.00,1.00,44,1,0.00,10,78,70,83,0,50,87,0,0.00,99,3,0.00,3.00,16.00,16.00,16,5,38,58,5.00,5.00,31.25,0,0.00,99,0,0.00,0,0.00,99,0,0.00,0.00,26,4,41,28,0,0,0,0,0,38,51,69,61,0,99,9,22,99,1,100,99,4,0,0
Marian Liviu Drăghiceanu,26,931330800,1999/07/07,Liga II,2025/2026,Midfielder,Sepsi,44,44,0,Romania,1,1,0,0,0,0,0,0,0,0,0,0,0,0,1,1,0,0,0,0,0,0,0,0,0,2.05,44,44,0,0,0,-1,-1,-1,14,0,3.50,0,62,31.22,8.50,48,17,7.00,14,77,25.71,56,0.00,0.00,0.00,0,0.00,1.00,0.00,0.00,0,0.00,0.00,0.00,0.00,0.00,0.00,1.50,0.50,0.00,1.84,0.50,1.50,0.00,0.00,0.03,0.00,0.00,0.00,0.00,0,0,,1,0.50,77,0,0.00,23,1,1.84,95,0,1,0,26,0.00,99,0,0,0.00,1,2,91,3.67,93,0,0.00,99,0,0.00,0,0,0.00,0,0.00,14,3,5.51,97,3,5.51,100.00,0,0.00,0,0,0,0.00,0,1,0.00,6,1.84,87,N/A,N/A,N/A,N/A,0.00,0,0.00,0,0.05,0.00,0,82.35,0.00,23,99,0.00,0.00,0,99,99,0,0,0,0.00,0.00,0,31,7.00,0.00,0.00,0,0,0.00,0.00,99,0.00,0,0,0,0.00,0.00,0,0.00,0.00,0.00,0.00,0,0,0.00,52,0,0,51,6,0.03,23,0.01,0.06,0.05,50,0.03,0.09,99,2,1.00,3.67,0.00,0.00,7,0,0.09,49,5,1,83,0,50,1,0,0.00,99,0,0.00,0.00,16.53,4.50,9,5,94,62,9.18,2.50,55.56,0,0.00,99,0,50.00,0,0.00,99,1,0.50,1.84,98,0,64,28,0,0,0,0,0,38,51,69,61,0,99,9,22,22,0,0,30,20,0,0
Marian Manea,25,961743600,2000/06/23,Liga II,2025/2026,Midfielder,ASA Târgu Mureş,1289,705,584,Romania,15,8,7,1,0,1,0,0,0,0,0,6,5,1,18,6,12,1,1,0.07,0,0.07,0,0.15,1289,1.26,72,86,645,0,0.14,156,266,-1,7,0,6.21,0,62,43.73,36.56,76,585,31.88,510,94,38.12,84,0.00,0.00,0.25,4,0.00,0.19,0.00,0.00,0,0.00,0.00,0.00,0.00,0.00,1.81,0.06,0.75,3.00,0.22,0.06,0.12,0.00,0.12,0.06,0.00,2.81,0.00,0.00,0,0,,3,0.19,17,2,0.15,36,1,0.07,13,1,1,13,26,0.00,99,0,29,2.17,86,3,65,0.22,23,0,0.00,99,0,0.00,0,0,0.00,0,0.30,31,2,0.15,16,1,0.07,50.00,0,0.00,0,0,0,0.00,0,12,0.00,44,0.90,50,N/A,N/A,N/A,N/A,0.00,0,0.00,0,0.89,0.00,0,87.18,66.67,95,99,0.00,0.00,0,14,24,0,0,0,0.75,0.90,12,94,99.39,4.25,5.08,68,0,0.00,0.00,99,0.00,0,0,0,0.00,0.00,0,0.00,0.00,0.15,0.12,2,1,33.33,97,89,87,97,46,1.42,57,0.09,0.11,0.89,46,0.06,0.07,34,10,0.62,0.75,0.82,0.69,34,11,0.07,45,41,99,83,0,66,91,0,0.00,99,45,0.00,3.36,11.81,9.88,158,74,50,23,5.53,4.62,46.84,0,0.00,99,0,33.33,0,0.00,99,1,0.06,0.07,29,88,64,66,0,0,0,0,0,40,55,73,61,0,99,76,77,48,0,0,30,3,0,0
Marian Obedeanu,25,976521600,2000/12/11,Liga II,2025/2026,Midfielder,CS Dinamo București,26,0,26,Romania,1,0,1,0,0,0,0,0,0,0,0,0,0,0,1,0,1,0,0,0,0,0,0,0,0,3.46,26,26,0,0,0,-1,-1,-1,12,0,0.00,0,62,0.00,0.00,0,0,0.00,0,0,0.00,0,0.00,0.00,0.00,0,0.00,0.00,0.00,0.00,0,0.00,0.00,0.00,0.00,0.00,0.00,0.00,0.00,0.00,0.00,0.00,0.00,0.00,0.00,0.00,0.00,0.00,0.00,0.00,0,0,,0,0.00,10,0,0.00,23,0,0.00,12,0,1,0,26,0.00,99,0,0,0.00,1,0,26,0.00,14,0,0.00,99,0,0.00,0,0,0.00,0,0.00,14,0,0.00,12,0,0.00,0.00,0,0.00,0,0,0,0.00,0,0,0.00,0,0.00,0,N/A,N/A,N/A,N/A,0.00,0,0.00,0,0.00,0.00,0,0.00,0.00,23,99,0.00,0.00,0,13,13,0,0,0,0.00,0.00,0,31,0.00,0.00,0.00,0,0,0.00,0.00,99,0.00,0,0,0,0.00,0.00,0,0.00,0.00,0.00,0.00,0,0,0.00,52,0,0,51,0,0.00,0,0.00,0.00,0.00,11,0.00,0.00,2,0,0.00,0.00,0.00,0.00,7,0,0.00,10,0,1,83,0,50,1,0,0.00,99,0,0.00,0.00,0.00,0.00,0,0,0,0,0.00,0.00,0.00,0,0.00,99,0,0.00,0,0.00,99,0,0.00,0.00,26,0,64,28,0,0,0,0,0,38,51,69,61,0,99,9,22,22,0,0,30,24,0,0
Mario Alexandru Ioniță,19,1174114800,2007/03/17,Liga II,2025/2026,Midfielder,Afumaţi,571,316,255,Romania,7,4,3,3,1,2,0,0,0,0,0,1,1,0,12,5,7,0,0,0.47,0,0.47,0.28,0.71,190,1.89,48,82,0,0,0,24,205,-1,5,0,6.88,0,62,26.50,26.50,31,106,21.00,84,60,21.00,39,0.00,0.00,0.25,1,0.00,1.75,0.50,0.50,2,0.00,1.75,0.00,0.00,0.00,0.50,1.75,1.00,9.00,2.25,1.75,2.50,0.00,0.50,0.30,0.00,0.00,0.00,0.00,0,0,,9,2.25,83,2,0.50,68,7,1.75,94,1,0,7,76,0.00,99,0,2,0.50,15,7,51,1.75,68,0,0.00,99,0,0.00,0,0,0.00,0,0.25,29,10,2.50,76,7,1.75,70.00,0,0.00,0,0,0,0.00,0,4,0.00,10,1.00,59,N/A,N/A,N/A,N/A,0.00,0,0.00,0,1.21,0.00,0,79.25,22.22,36,99,0.00,0.00,0,76,49,0,0,0,0.25,0.25,1,59,27.53,0.50,0.50,2,0,0.00,0.00,99,0.00,0,0,1,0.25,0.25,0,0.00,0.00,0.00,0.00,0,0,11.11,68,24,12,58,11,0.24,23,0.06,0.06,1.21,80,0.30,0.30,21,2,0.50,0.50,0.25,0.25,10,1,0.30,80,77,21,99,0,50,1,0,0.00,99,0,0.00,0.00,14.00,14.00,56,19,33,43,4.75,4.75,33.93,7,1.75,11,0,28.57,0,0.00,99,2,0.50,0.50,67,45,41,66,0,0,0,0,0,87,93,97,78,0,99,27,22,22,0,0,30,26,0,0
Mario Andrei Aioanei,20,1117004400,2005/05/25,Liga II,2025/2026,Midfielder,CSM Satu Mare,360,180,180,Romania,4,2,2,0,0,0,0,0,0,0,0,0,0,0,13,8,5,0,0,0,0,0,0,0,0,3.25,28,90,0,0,0,259,263,-1,28,0,4.88,0,62,41.25,33.00,72,165,24.60,123,42,30.75,66,0.00,0.00,0.40,2,0.00,2.80,0.50,0.40,2,0.00,0.80,0.00,0.00,0.00,0.80,1.20,2.60,0.00,0.00,0.00,1.80,0.00,0.00,0.00,0.00,1.20,0.00,0.00,0,0,,0,0.00,10,0,0.00,23,0,0.00,12,0,0,4,76,0.00,99,0,4,1.00,39,14,83,3.50,91,0,0.00,99,0,0.00,0,0,0.00,0,0.50,46,9,2.25,71,6,1.50,66.67,0,0.00,0,0,0,0.00,0,13,0.00,1,3.25,97,N/A,N/A,N/A,N/A,0.00,0,0.00,0,0.00,0.00,0,74.55,0.00,23,99,0.00,0.00,0,70,44,0,0,0,0.20,0.25,1,59,24.40,1.40,1.75,7,0,0.00,0.00,99,0.00,0,0,0,0.00,0.00,0,0.00,0.00,0.00,0.00,0,0,0.00,52,0,0,51,1,0.31,39,0.06,0.08,0.00,11,0.00,0.00,34,3,0.60,0.75,1.50,1.20,75,6,0.00,10,16,65,83,0,50,57,0,0.00,99,6,0.00,1.50,16.00,12.80,64,21,43,58,5.25,4.20,32.81,4,1.00,29,0,42.86,0,0.00,99,6,1.20,1.50,96,20,41,28,0,0,0,0,0,38,51,69,61,0,99,9,22,22,0,0,30,25,0,0
Mario Bărăitaru,19,1165564800,2006/12/08,Liga II,2025/2026,Midfielder,Slatina,1306,810,496,Romania,15,9,6,2,2,0,0,0,0,0,0,3,3,0,17,8,9,2,0,0.14,0,0.14,0.22,0,653,1.17,77,87,653,0,0.14,113,328,-1,7,0,7.06,0,62,35.42,32.27,57,355,26.55,292,77,29.14,64,0.00,0.00,0.18,2,0.00,0.27,0.00,0.00,0,0.00,0.09,0.00,0.00,0.00,1.73,0.27,0.91,3.00,0.60,0.36,0.27,0.00,0.18,0.15,0.00,2.36,0.00,0.00,0,0,,6,0.55,35,2,0.20,43,4,0.40,35,1,0,10,26,0.00,99,0,19,1.90,78,3,97,0.30,29,0,0.00,99,0,0.00,0,0,0.00,0,0.20,25,3,0.30,23,3,0.30,100.00,0,0.00,0,0,0,0.00,0,10,0.00,52,1.00,59,N/A,N/A,N/A,N/A,0.00,0,0.00,0,1.68,0.00,0,82.25,33.33,60,99,0.00,0.00,0,28,99,0,0,0,0.45,0.50,5,80,77.70,3.55,3.89,39,0,0.00,0.00,99,0.00,0,0,0,0.00,0.00,0,0.00,0.00,0.00,0.00,0,0,33.33,97,89,87,85,53,0.68,32,0.06,0.07,1.68,64,0.15,0.17,50,10,0.91,1.00,1.10,1.00,50,11,0.17,64,89,93,83,0,50,79,0,0.00,99,26,0.00,2.59,12.97,11.82,130,63,66,35,6.29,5.73,48.46,1,0.10,80,0,66.67,0,0.00,99,2,0.18,0.20,46,73,41,66,0,0,0,0,0,54,67,69,73,0,99,39,77,48,1,7,41,33,0,0
Mario Bogdan Tout,19,1170316800,2007/02/01,Liga II,2025/2026,Midfielder,ASA Târgu Mureş,0,0,0,Romania,0,0,0,0,0,0,0,0,0,0,0,0,0,0,0,0,0,0,0,0,0,0,0,0,0,0,0,0,0,0,0,-1,-1,-1,-1,N/A,N/A,N/A,N/A,N/A,N/A,N/A,N/A,N/A,N/A,N/A,N/A,N/A,N/A,N/A,N/A,N/A,N/A,N/A,N/A,N/A,N/A,N/A,N/A,N/A,N/A,N/A,N/A,N/A,N/A,N/A,N/A,N/A,N/A,N/A,N/A,N/A,N/A,N/A,N/A,N/A,N/A,N/A,N/A,N/A,N/A,N/A,N/A,N/A,N/A,N/A,N/A,N/A,N/A,N/A,N/A,N/A,N/A,N/A,N/A,N/A,N/A,N/A,N/A,N/A,N/A,N/A,N/A,N/A,N/A,N/A,N/A,N/A,N/A,N/A,N/A,N/A,N/A,N/A,N/A,N/A,N/A,N/A,N/A,N/A,N/A,N/A,N/A,N/A,N/A,N/A,N/A,N/A,N/A,N/A,N/A,N/A,N/A,N/A,N/A,N/A,N/A,N/A,N/A,N/A,N/A,N/A,N/A,N/A,N/A,N/A,N/A,N/A,N/A,N/A,N/A,N/A,N/A,N/A,N/A,N/A,N/A,N/A,N/A,N/A,N/A,N/A,N/A,N/A,N/A,N/A,N/A,N/A,N/A,N/A,N/A,N/A,N/A,N/A,N/A,N/A,N/A,N/A,N/A,N/A,N/A,N/A,N/A,N/A,N/A,N/A,N/A,N/A,N/A,N/A,N/A,N/A,N/A,N/A,N/A,N/A,N/A,N/A,N/A,N/A,N/A,N/A,N/A,N/A,N/A,N/A,N/A,N/A,N/A,N/A,N/A,N/A,N/A,N/A,N/A,N/A,N/A,N/A,N/A,N/A,N/A,N/A,N/A,N/A,N/A,N/A,N/A,N/A,N/A,N/A,N/A,N/A,N/A,N/A,N/A,N/A,N/A,N/A,N/A,N/A,N/A,N/A,N/A,N/A,N/A,N/A,N/A,N/A,N/A,N/A,N/A,N/A,N/A,N/A,N/A,N/A,N/A,N/A,N/A
Mario Bratu,23,1023433200,2002/06/07,Liga II,2025/2026,Midfielder,Corvinul Hunedoara,801,412,389,Romania,14,7,7,1,0,1,1,1,0,0,0,10,5,5,4,2,2,1,0,0.22,0.11,0.11,0,0.23,801,0.45,200,57,801,801,0.11,124,99,-1,10,0,6.55,0.07,74,27.19,16.57,34,381,13.48,310,72,22.13,43,0.00,0.00,0.87,20,0.00,0.83,0.50,0.30,7,0.00,0.26,0.00,0.00,0.00,0.48,1.70,0.30,7.60,2.71,1.09,2.13,0.00,0.57,0.25,0.00,0.13,0.00,0.00,0,0,,38,1.65,93,13,0.93,84,25,1.78,95,1,4,10,76,0.00,99,0,11,0.79,29,19,80,1.36,58,0,0.00,99,0,0.00,0,0,0.00,0,1.43,87,49,3.50,87,39,2.78,79.59,0,0.00,0,0,0,0.00,0,7,0.00,99,0.50,18,N/A,N/A,N/A,N/A,0.00,0,0.00,0,5.72,0.00,0,81.36,34.21,61,99,0.00,0.00,0,90,69,0,0,0,0.09,0.14,2,44,150.67,0.39,0.64,9,0,0.00,0.00,99,0.00,0,0,1,0.04,0.07,0,0.00,0.00,0.14,0.09,2,1,13.16,71,48,78,89,99,1.98,70,0.09,0.14,5.72,91,0.25,0.41,94,31,1.35,2.21,1.78,1.09,86,25,0.41,91,51,27,89,0,64,4,0,0.00,99,3,0.00,0.21,12.49,7.61,175,74,44,29,5.28,3.22,42.29,6,0.43,54,0,42.11,0,0.00,99,8,0.35,0.57,71,73,89,66,0,0,0,0,0,67,63,80,61,0,99,99,85,37,1,7,41,41,0,0
Mario Brumă,19,1150527600,2006/06/17,Liga II,2025/2026,Midfielder,Chindia Târgovişte,116,0,116,,2,0,2,0,0,0,0,0,0,0,0,0,0,0,6,0,6,0,0,0,0,0,0,0,0,4.66,19,58,0,0,0,-1,-1,-1,20,0,6.61,0,62,30.60,21.25,45,85,15.50,62,35,22.32,44,0.00,0.00,0.25,1,0.00,0.50,0.36,0.25,1,0.00,0.00,0.00,0.00,0.00,0.75,0.25,0.25,0.00,0.00,0.00,0.50,0.00,0.00,0.00,0.00,0.50,0.00,0.00,0,0,,0,0.00,10,0,0.00,23,0,0.00,12,0,1,1,65,0.00,99,0,3,1.08,42,2,91,0.72,45,0,0.00,99,0,0.00,0,0,0.00,0,0.36,36,2,0.72,36,1,0.36,50.00,0,0.00,0,0,0,0.00,0,1,0.00,0,0.36,6,N/A,N/A,N/A,N/A,0.00,0,0.00,0,0.00,0.00,0,72.94,0.00,23,99,0.00,0.00,0,32,24,0,0,0,0.25,0.36,1,69,26.43,2.00,2.88,8,0,0.00,0.00,99,0.00,0,0,0,0.00,0.00,0,0.00,0.00,0.00,0.00,0,0,0.00,52,0,0,51,0,0.15,17,0.04,0.05,0.00,11,0.00,0.00,31,2,0.50,0.72,0.36,0.25,11,1,0.00,10,54,82,83,0,50,22,0,0.00,99,2,0.00,0.72,8.28,5.75,23,9,12,9,3.24,2.25,39.13,0,0.00,99,0,50.00,0,0.00,99,1,0.25,0.36,59,4,64,28,0,0,0,0,0,38,51,69,61,0,99,9,22,22,0,0,30,3,0,0
Mario Ionuț Roman,19,1177138800,2007/04/21,Liga II,2025/2026,Midfielder,CSA Steaua Bucureşti,0,0,0,,0,0,0,0,0,0,0,0,0,0,0,0,0,0,0,0,0,0,0,0,0,0,0,0,0,0,0,0,0,0,0,-1,-1,-1,-1,N/A,N/A,N/A,N/A,N/A,N/A,N/A,N/A,N/A,N/A,N/A,N/A,N/A,N/A,N/A,N/A,N/A,N/A,N/A,N/A,N/A,N/A,N/A,N/A,N/A,N/A,N/A,N/A,N/A,N/A,N/A,N/A,N/A,N/A,N/A,N/A,N/A,N/A,N/A,N/A,N/A,N/A,N/A,N/A,N/A,N/A,N/A,N/A,N/A,N/A,N/A,N/A,N/A,N/A,N/A,N/A,N/A,N/A,N/A,N/A,N/A,N/A,N/A,N/A,N/A,N/A,N/A,N/A,N/A,N/A,N/A,N/A,N/A,N/A,N/A,N/A,N/A,N/A,N/A,N/A,N/A,N/A,N/A,N/A,N/A,N/A,N/A,N/A,N/A,N/A,N/A,N/A,N/A,N/A,N/A,N/A,N/A,N/A,N/A,N/A,N/A,N/A,N/A,N/A,N/A,N/A,N/A,N/A,N/A,N/A,N/A,N/A,N/A,N/A,N/A,N/A,N/A,N/A,N/A,N/A,N/A,N/A,N/A,N/A,N/A,N/A,N/A,N/A,N/A,N/A,N/A,N/A,N/A,N/A,N/A,N/A,N/A,N/A,N/A,N/A,N/A,N/A,N/A,N/A,N/A,N/A,N/A,N/A,N/A,N/A,N/A,N/A,N/A,N/A,N/A,N/A,N/A,N/A,N/A,N/A,N/A,N/A,N/A,N/A,N/A,N/A,N/A,N/A,N/A,N/A,N/A,N/A,N/A,N/A,N/A,N/A,N/A,N/A,N/A,N/A,N/A,N/A,N/A,N/A,N/A,N/A,N/A,N/A,N/A,N/A,N/A,N/A,N/A,N/A,N/A,N/A,N/A,N/A,N/A,N/A,N/A,N/A,N/A,N/A,N/A,N/A,N/A,N/A,N/A,N/A,N/A,N/A,N/A,N/A,N/A,N/A,N/A,N/A,N/A,N/A,N/A,N/A,N/A,N/A
Mario Robert Mihai Contra,26,937378800,1999/09/15,Liga II,2025/2026,Goalkeeper,Chindia Târgovişte,1059,450,609,Romania,12,5,7,0,0,0,0,0,0,0,0,3,2,1,12,5,7,1,1,0,0,0,0,0,0,1.02,88,88,530,0,0.17,305,137,40,18,0,4.63,0,62,21.58,14.39,20,259,12.67,228,96,19.00,31,0.00,0.00,0.00,0,0.00,0.00,0.00,0.00,0,0.00,0.00,0.00,0.00,1.94,0.94,0.00,1.94,0.00,0.00,0.00,0.00,0.00,0.00,0.00,0.00,0.22,0.00,0.00,0,0,,0,0.00,10,0,0.00,23,0,0.00,12,0,0,11,26,0.00,99,0,17,1.42,59,0,26,0.00,14,0,0.00,99,0,0.00,0,0,0.00,0,0.00,14,0,0.00,12,0,0.00,0.00,0,0.00,0,35,99,2.92,46,35,0.00,66,2.92,95,N/A,N/A,N/A,N/A,100.00,0,0.00,0,0.00,0.00,0,88.03,0.00,23,99,0.00,0.00,0,13,13,0,0,17,0.00,0.00,0,31,83.30,0.44,0.67,8,0,0.00,0.00,99,0.00,0,0,0,0.00,0.00,0,0.00,0.00,0.00,0.00,0,0,0.00,52,71,58,51,66,0.46,11,0.03,0.04,0.00,11,0.00,0.00,6,2,0.11,0.17,0.00,0.00,7,0,0.00,10,13,29,83,0,50,8,0,0.00,99,4,0.00,0.33,0.42,0.28,5,4,3,3,0.33,0.22,80.00,0,0.00,99,0,0.00,0,0.00,99,0,0.00,0.00,26,80,41,28,0,0,0,0,0,38,51,69,61,0,99,47,69,54,0,0,30,22,0,0
Mario Vieru,21,1105776000,2005/01/15,Liga II,2025/2026,Goalkeeper,Tunari,0,0,0,Romania,0,0,0,0,0,0,0,0,0,0,0,0,0,0,0,0,0,0,0,0,0,0,0,0,0,0,0,0,0,0,0,-1,-1,-1,-1,N/A,N/A,N/A,N/A,N/A,N/A,N/A,N/A,N/A,N/A,N/A,N/A,N/A,N/A,N/A,N/A,N/A,N/A,N/A,N/A,N/A,N/A,N/A,N/A,N/A,N/A,N/A,N/A,N/A,N/A,N/A,N/A,N/A,N/A,N/A,N/A,N/A,N/A,N/A,N/A,N/A,N/A,N/A,N/A,N/A,N/A,N/A,N/A,N/A,N/A,N/A,N/A,N/A,N/A,N/A,N/A,N/A,N/A,N/A,N/A,N/A,N/A,N/A,N/A,N/A,N/A,N/A,N/A,N/A,N/A,N/A,N/A,N/A,N/A,N/A,N/A,N/A,N/A,N/A,N/A,N/A,N/A,N/A,N/A,N/A,N/A,N/A,N/A,N/A,N/A,N/A,N/A,N/A,N/A,N/A,N/A,N/A,N/A,N/A,N/A,N/A,N/A,N/A,N/A,N/A,N/A,N/A,N/A,N/A,N/A,N/A,N/A,N/A,N/A,N/A,N/A,N/A,N/A,N/A,N/A,N/A,N/A,N/A,N/A,N/A,N/A,N/A,N/A,N/A,N/A,N/A,N/A,N/A,N/A,N/A,N/A,N/A,N/A,N/A,N/A,N/A,N/A,N/A,N/A,N/A,N/A,N/A,N/A,N/A,N/A,N/A,N/A,N/A,N/A,N/A,N/A,N/A,N/A,N/A,N/A,N/A,N/A,N/A,N/A,N/A,N/A,N/A,N/A,N/A,N/A,N/A,N/A,N/A,N/A,N/A,N/A,N/A,N/A,N/A,N/A,N/A,N/A,N/A,N/A,N/A,N/A,N/A,N/A,N/A,N/A,N/A,N/A,N/A,N/A,N/A,N/A,N/A,N/A,N/A,N/A,N/A,N/A,N/A,N/A,N/A,N/A,N/A,N/A,N/A,N/A,N/A,N/A,N/A,N/A,N/A,N/A,N/A,N/A,N/A,N/A,N/A,N/A,N/A,N/A
Marius Cătălin Coman,29,838796400,1996/07/31,Liga II,2025/2026,Forward,Sepsi,226,46,180,Romania,3,1,2,0,0,0,0,0,0,0,0,1,0,1,2,1,1,0,0,0,0,0,0,0,0,0.8,113,75,0,0,0,-1,-1,-1,30,0,6.33,0,62,24.19,20.33,25,61,16.00,48,57,19.03,31,0.00,0.00,0.33,1,0.00,0.33,0.00,0.00,0,0.00,1.00,0.00,0.00,0.00,0.33,0.33,0.67,0.00,1.98,1.33,0.33,0.00,0.33,0.10,0.00,1.33,0.00,0.00,0,0,,5,1.67,79,1,0.40,62,4,1.59,91,1,0,3,26,0.00,99,0,1,0.40,10,1,26,0.40,35,0,0.00,99,0,0.00,0,0,0.00,0,0.40,37,1,0.40,27,1,0.40,100.00,0,0.00,0,0,0,0.00,0,2,0.00,83,0.79,38,N/A,N/A,N/A,N/A,0.00,0,0.00,0,0.29,0.00,0,78.69,20.00,35,99,0.00,0.00,0,33,99,0,0,0,0.00,0.00,0,31,19.00,1.67,1.98,5,0,0.00,0.00,99,0.00,0,0,0,0.00,0.00,0,0.00,0.00,0.40,0.33,1,0,0.00,52,0,0,51,83,0.15,23,0.05,0.06,0.29,54,0.10,0.11,37,2,0.67,0.79,1.59,1.33,79,4,0.11,53,43,69,83,0,83,59,0,0.00,99,4,0.00,1.59,19.03,16.00,48,11,25,80,4.36,3.67,22.92,3,1.19,23,0,0.00,0,0.00,99,0,0.00,0.00,26,12,41,66,0,0,0,0,0,38,51,69,61,0,99,66,22,22,0,0,30,9,0,0
Marius Cătălin Tudorică,32,753091200,1993/11/12,Liga II,2025/2026,Midfielder,Metalul Buzău,1199,630,569,Romania,14,7,7,0,0,0,1,1,0,0,0,4,3,1,17,7,10,3,0,0.08,0.08,0,0,0,0,1.28,71,86,400,1199,0.23,326,114,-1,22,0,7.19,0.07,68,60.56,57.92,99,753,48.38,629,82,50.59,98,0.00,0.00,1.92,25,0.00,0.77,0.08,0.08,1,0.00,1.00,0.00,0.00,0.00,1.23,1.62,1.46,0.00,1.21,0.77,1.92,0.00,0.38,0.08,0.00,0.62,0.00,0.00,0,0,,15,1.15,61,5,0.40,62,10,0.80,61,3,0,10,30,0.00,99,0,16,1.29,53,10,91,0.80,49,0,0.00,99,0,0.00,0,0,0.00,0,2.01,97,25,2.01,68,21,1.69,84.00,0,0.00,0,0,0,0.00,0,19,0.00,41,1.53,83,N/A,N/A,N/A,N/A,0.00,0,0.00,0,1.01,0.00,0,83.53,33.33,60,99,0.00,0.00,0,75,81,0,0,0,0.00,0.00,0,31,93.43,0.92,0.97,12,0,0.00,0.00,99,0.00,0,0,0,0.00,0.00,0,0.00,0.00,0.00,0.00,0,0,0.00,52,84,78,51,44,2.87,91,0.22,0.23,1.01,48,0.08,0.08,80,20,1.54,1.61,1.29,1.23,65,16,0.08,47,94,44,83,0,50,17,0,0.00,99,8,0.00,0.64,16.65,15.92,207,89,77,63,7.16,6.85,43.00,13,1.05,27,0,50.00,0,0.00,99,5,0.38,0.40,61,73,41,91,0,0,0,0,0,43,51,69,61,0,99,54,54,71,0,0,30,10,0,0
Marius Chindriș,35,667987200,1991/03/03,Liga II,2025/2026,Midfielder,ACS Gloria Bistrita,786,485,301,Romania,11,6,5,0,0,0,0,0,0,0,0,1,1,0,11,6,5,2,0,0,0,0,0,0,0,1.26,71,71,393,0,0.23,290,293,-1,22,0,5.25,0,62,39.40,26.00,69,468,21.28,383,75,32.25,69,0.00,0.00,0.11,2,0.00,0.28,0.93,0.61,11,0.00,0.17,0.00,0.00,0.00,1.44,0.06,0.39,0.00,0.67,0.33,0.06,0.00,0.11,0.03,0.00,1.28,0.00,0.00,0,0,,8,0.44,39,2,0.17,39,6,0.51,43,2,3,8,96,0.00,99,0,26,2.19,87,5,94,0.42,36,0,0.00,99,0,0.00,0,0,0.00,0,0.17,22,1,0.08,13,1,0.08,100.00,0,0.00,0,0,0,0.00,0,7,0.00,44,0.59,22,N/A,N/A,N/A,N/A,0.00,0,0.00,0,0.59,0.00,0,81.84,25.00,43,99,0.00,0.00,0,15,99,0,0,0,0.22,0.34,4,66,94.42,1.83,2.78,33,1,0.00,0.08,8,0.06,0,0,0,0.00,0.00,0,0.00,0.00,0.00,0.00,0,0,0.00,52,46,46,51,44,0.88,32,0.05,0.07,0.59,38,0.03,0.05,13,4,0.22,0.34,1.01,0.67,45,12,0.05,38,21,81,83,0,50,68,0,0.00,99,23,0.00,1.94,9.60,6.33,114,39,13,14,3.28,2.17,34.21,3,0.25,66,0,60.00,0,0.00,99,3,0.17,0.25,51,53,85,85,0,0,0,0,0,38,51,69,61,0,99,14,52,71,2,18,80,33,0,0
Marius David Savu,24,992242800,2001/06/11,Liga II,2025/2026,Defender,Afumaţi,0,0,0,Romania,0,0,0,0,0,0,0,0,0,0,0,0,0,0,0,0,0,0,0,0,0,0,0,0,0,0,0,0,0,0,0,-1,-1,-1,-1,N/A,N/A,N/A,N/A,N/A,N/A,N/A,N/A,N/A,N/A,N/A,N/A,N/A,N/A,N/A,N/A,N/A,N/A,N/A,N/A,N/A,N/A,N/A,N/A,N/A,N/A,N/A,N/A,N/A,N/A,N/A,N/A,N/A,N/A,N/A,N/A,N/A,N/A,N/A,N/A,N/A,N/A,N/A,N/A,N/A,N/A,N/A,N/A,N/A,N/A,N/A,N/A,N/A,N/A,N/A,N/A,N/A,N/A,N/A,N/A,N/A,N/A,N/A,N/A,N/A,N/A,N/A,N/A,N/A,N/A,N/A,N/A,N/A,N/A,N/A,N/A,N/A,N/A,N/A,N/A,N/A,N/A,N/A,N/A,N/A,N/A,N/A,N/A,N/A,N/A,N/A,N/A,N/A,N/A,N/A,N/A,N/A,N/A,N/A,N/A,N/A,N/A,N/A,N/A,N/A,N/A,N/A,N/A,N/A,N/A,N/A,N/A,N/A,N/A,N/A,N/A,N/A,N/A,N/A,N/A,N/A,N/A,N/A,N/A,N/A,N/A,N/A,N/A,N/A,N/A,N/A,N/A,N/A,N/A,N/A,N/A,N/A,N/A,N/A,N/A,N/A,N/A,N/A,N/A,N/A,N/A,N/A,N/A,N/A,N/A,N/A,N/A,N/A,N/A,N/A,N/A,N/A,N/A,N/A,N/A,N/A,N/A,N/A,N/A,N/A,N/A,N/A,N/A,N/A,N/A,N/A,N/A,N/A,N/A,N/A,N/A,N/A,N/A,N/A,N/A,N/A,N/A,N/A,N/A,N/A,N/A,N/A,N/A,N/A,N/A,N/A,N/A,N/A,N/A,N/A,N/A,N/A,N/A,N/A,N/A,N/A,N/A,N/A,N/A,N/A,N/A,N/A,N/A,N/A,N/A,N/A,N/A,N/A,N/A,N/A,N/A,N/A,N/A,N/A,N/A,N/A,N/A,N/A,N/A
Marius Hosu,33,732787200,1993/03/22,Liga II,2025/2026,Midfielder,CSM Satu Mare,254,90,164,Romania,3,1,2,1,0,1,1,0,1,0,0,1,0,1,4,1,3,1,0,0.71,0.35,0.35,0,0.55,254,1.42,64,85,254,254,0.35,-1,-1,-1,8,0,6.50,0.33,97,13.54,8.50,3,34,6.50,26,50,10.35,4,0.00,0.00,1.25,5,0.00,0.25,0.00,0.00,0,0.00,1.50,0.00,0.00,0.00,0.00,0.25,0.75,0.00,0.40,0.25,0.50,0.00,0.00,0.01,0.00,0.25,0.00,0.00,0,0,,1,0.25,27,0,0.00,23,1,0.40,35,1,0,2,26,0.00,99,0,0,0.00,1,1,26,0.40,35,0,0.00,99,0,0.00,0,0,0.00,0,1.99,96,2,0.80,40,1,0.40,50.00,0,0.00,0,0,0,0.00,0,3,0.00,33,1.19,69,N/A,N/A,N/A,N/A,0.00,0,0.00,0,0.05,0.00,0,76.47,0.00,23,99,0.00,0.00,0,33,24,0,0,0,0.25,0.40,1,71,26.02,0.00,0.00,0,0,0.00,0.00,99,0.00,0,0,1,0.25,0.40,0,0.00,0.00,0.40,0.25,1,0,0.00,52,0,0,62,34,0.79,97,0.20,0.31,0.05,23,0.01,0.02,16,1,0.25,0.40,0.80,0.50,33,2,0.02,22,49,1,99,0,83,9,0,0.00,99,1,0.00,0.40,15.13,9.50,38,6,8,51,2.39,1.50,15.79,6,2.39,3,0,0.00,0,0.00,99,0,0.00,0.00,26,7,41,66,0,0,0,0,0,95,89,95,61,0,99,66,35,87,1,33,97,17,0,0
Marius Iulian Cioiu,26,941443200,1999/11/01,Liga II,2025/2026,Midfielder,CSM Reşiţa,1284,772,512,Romania,15,9,6,1,0,1,2,2,0,0,0,7,4,3,12,7,5,0,0,0.21,0.14,0.07,0,0.18,1284,0.84,107,86,0,642,0,154,72,-1,7,0,7.20,0.13,81,34.47,32.35,54,550,24.41,415,46,26.01,57,0.00,0.00,1.71,29,0.00,1.29,0.19,0.18,3,0.00,0.94,0.00,0.00,0.00,0.76,1.82,0.88,27.00,1.69,1.12,2.59,0.00,0.47,0.14,0.00,0.29,0.00,0.00,0,0,,27,1.59,73,8,0.50,68,19,1.19,78,2,0,14,44,0.00,99,0,13,0.81,30,22,56,1.38,59,0,0.00,99,0,0.00,0,0,0.00,0,1.82,95,44,2.76,78,31,1.94,70.45,0,0.00,0,0,0,0.00,0,15,0.00,82,0.94,55,N/A,N/A,N/A,N/A,0.00,0,0.00,0,2.42,0.00,0,75.45,29.63,46,99,0.00,0.00,0,80,49,0,2,0,0.12,0.13,2,42,122.45,0.12,0.13,2,0,0.00,0.00,99,0.00,0,2,1,0.06,0.06,0,0.00,0.00,0.25,0.24,4,1,3.70,53,89,87,97,82,2.59,77,0.15,0.16,1.02,42,0.06,0.06,69,21,1.24,1.32,0.56,0.53,18,9,0.15,62,94,3,87,0,79,7,0,0.00,99,5,0.00,0.31,16.30,15.29,260,105,69,60,6.58,6.18,40.38,16,1.00,29,0,31.82,0,0.00,99,7,0.41,0.44,64,91,41,85,0,0,0,0,0,65,55,75,61,0,99,87,22,22,0,0,30,24,0,0
Marius Lupu,26,936169200,1999/09/01,Liga II,2025/2026,Forward,Slatina,1019,633,386,Romania,13,8,5,3,2,1,2,2,0,0,0,2,2,0,10,3,7,0,0,0.44,0.18,0.26,0.28,0.23,340,0.88,102,78,0,510,0,64,54,-1,4,0,7.09,0.15,88,33.15,29.83,51,358,21.67,260,33,24.07,50,0.00,0.00,1.50,18,0.00,1.75,0.28,0.25,3,0.00,0.50,0.00,0.00,0.00,0.58,1.00,0.33,6.00,1.67,1.00,1.25,0.00,0.50,0.26,0.00,2.83,0.00,0.00,0,0,,18,1.50,72,6,0.56,71,12,1.11,74,3,0,8,58,0.00,99,0,7,0.65,21,21,65,1.94,72,0,0.00,99,0,0.00,0,0,0.00,0,1.67,92,15,1.39,53,12,1.11,80.00,0,0.00,0,0,0,0.00,0,4,0.00,79,0.37,8,N/A,N/A,N/A,N/A,0.00,0,0.00,0,3.11,0.00,0,72.63,33.33,60,99,0.00,0.00,0,58,73,0,0,0,0.17,0.19,2,51,85.09,1.08,1.20,13,0,0.00,0.00,99,0.00,0,0,0,0.00,0.00,0,0.00,0.00,0.09,0.08,1,0,16.67,81,68,67,68,79,2.41,90,0.20,0.22,3.11,80,0.26,0.29,39,9,0.75,0.83,2.59,2.33,99,28,0.29,80,90,52,83,0,56,88,0,0.00,99,34,0.00,3.15,16.57,14.92,179,62,53,62,5.74,5.17,34.64,6,0.56,46,0,33.33,0,0.00,99,7,0.58,0.65,74,53,41,91,0,0,0,0,0,85,82,80,78,0,99,28,22,22,0,0,30,99,0,0
Marius Mădălin Martac,34,678697200,1991/07/05,Liga II,2025/2026,Defender,Chindia Târgovişte,1613,810,803,Romania,18,9,9,1,0,1,0,0,0,0,0,7,5,2,17,6,11,1,0,0.06,0,0.06,0,0.11,1613,0.95,95,90,1613,0,0.06,160,308,23,12,0,5.86,0,62,43.91,36.48,76,766,27.81,584,49,33.48,73,0.00,0.00,0.38,8,0.00,2.90,0.63,0.52,11,0.00,0.14,0.00,0.00,0.00,1.10,1.10,0.62,4.00,0.23,0.14,1.29,0.00,0.05,0.04,0.00,0.76,0.00,0.00,0,0,,4,0.19,18,1,0.06,25,3,0.17,19,1,0,16,84,0.00,99,0,23,1.32,55,61,69,3.50,91,0,0.00,99,0,0.00,0,0,0.00,0,0.46,44,27,1.55,57,23,1.32,85.19,0,0.00,0,0,0,0.00,0,13,0.00,74,0.75,33,N/A,N/A,N/A,N/A,0.00,0,0.00,0,0.85,0.00,0,76.24,25.00,43,99,0.00,0.00,0,65,81,0,0,0,0.19,0.23,4,57,123.00,1.24,1.49,26,0,0.00,0.00,99,0.00,0,0,0,0.00,0.00,0,0.00,0.00,0.11,0.10,2,0,25.00,92,98,97,99,74,1.67,51,0.08,0.10,0.85,38,0.04,0.05,59,20,0.95,1.15,1.09,0.90,49,19,0.05,38,32,61,83,0,60,32,0,0.00,99,16,0.00,0.92,14.45,12.00,252,90,42,44,5.16,4.29,35.71,3,0.17,75,0,36.07,0,0.00,99,22,1.05,1.26,92,96,41,66,0,0,0,0,0,38,53,69,61,0,99,72,99,24,1,6,34,2,0,0
Márk Karácsony,22,1057561200,2003/07/07,Liga II,2025/2026,Goalkeeper,CSM Satu Mare,90,0,90,Romania,1,0,1,0,0,0,0,0,0,0,0,0,0,0,4,0,4,0,0,0,0,0,0,0,0,4,23,90,0,0,0,-1,-1,-1,19,0,2.23,0,62,21.00,7.00,19,21,6.00,18,90,18.00,27,0.00,0.00,0.00,0,0.00,0.00,0.00,0.00,0,0.00,0.00,0.00,0.00,1.67,0.67,0.00,1.67,0.00,0.00,0.00,0.00,0.00,0.00,0.00,0.00,0.00,0.00,0.00,0,0,,0,0.00,10,0,0.00,23,0,0.00,12,0,0,1,26,0.00,99,0,2,2.00,82,0,26,0.00,14,0,0.00,99,0,0.00,0,0,0.00,0,0.00,14,0,0.00,12,0,0.00,0.00,0,0.00,0,5,99,5.00,96,5,0.00,0,5.00,99,N/A,N/A,N/A,N/A,100.00,0,0.00,0,0.00,0.00,0,85.71,0.00,23,99,0.00,0.00,0,13,13,0,0,4,0.00,0.00,0,31,6.70,0.00,0.00,0,0,0.00,0.00,99,0.00,0,0,0,0.00,0.00,0,0.00,0.00,0.00,0.00,0,0,0.00,52,0,0,51,0,0.04,11,0.01,0.04,0.00,11,0.00,0.00,2,0,0.00,0.00,0.00,0.00,7,0,0.00,10,0,1,83,0,50,1,0,0.00,99,0,0.00,0.00,0.00,0.00,0,0,0,0,0.00,0.00,0.00,0,0.00,99,0,0.00,0,0.00,99,0,0.00,0.00,26,4,41,28,0,0,0,0,0,38,51,69,61,0,99,9,22,22,0,0,30,33,0,0
Marko Jurić,31,781513200,1994/10/07,Liga II,2025/2026,Defender,FC Bacău,360,90,270,Croatia,4,1,3,0,0,0,0,0,0,0,0,1,0,1,4,1,3,0,0,0,0,0,0,0,0,1,90,90,0,0,0,182,139,35,10,0,6.70,0,62,22.85,20.25,23,81,14.00,56,22,15.80,22,0.00,0.00,0.25,1,0.00,0.00,0.28,0.25,1,0.00,0.00,0.00,0.00,0.00,3.00,0.00,0.00,0.00,0.56,0.25,0.00,0.00,0.25,0.04,0.00,1.25,0.00,0.00,0,0,,2,0.50,34,1,0.28,52,1,0.28,28,0,0,3,58,0.00,99,0,12,3.39,99,0,26,0.00,14,0,0.00,99,0,0.00,0,0,0.00,0,0.28,31,0,0.00,12,0,0.00,0.00,0,0.00,0,0,0,0.00,0,0,0.00,69,0.00,0,N/A,N/A,N/A,N/A,0.00,0,0.00,0,0.18,0.00,0,69.14,50.00,88,99,0.00,0.00,0,13,13,0,0,0,0.25,0.28,1,61,26.78,3.75,4.23,15,0,0.00,0.00,99,0.00,0,0,0,0.00,0.00,0,0.00,0.00,0.00,0.00,0,0,0.00,52,0,0,51,69,0.14,11,0.04,0.04,0.18,38,0.04,0.05,11,1,0.25,0.28,1.13,1.00,52,4,0.05,38,60,95,83,0,50,54,0,0.00,99,5,0.00,1.41,9.31,8.25,33,14,20,12,3.95,3.50,42.42,0,0.00,99,0,0.00,0,0.00,99,0,0.00,0.00,26,12,41,28,0,0,0,0,0,38,51,69,61,0,99,47,22,22,0,0,30,23,0,0
Marvin Schieb,29,838450800,1996/07/27,Liga II,2025/2026,Forward,Voluntari,514,251,263,Romania,13,7,6,0,0,0,1,1,0,0,0,7,3,4,4,2,2,0,0,0.18,0.18,0,0,0,0,0.7,129,40,0,514,0,321,53,-1,24,0,5.75,0.08,88,30.40,13.67,44,205,10.20,153,43,22.69,46,0.00,0.00,0.33,5,0.00,1.07,0.15,0.07,1,0.00,0.67,0.00,0.00,0.00,0.40,0.80,0.20,0.00,0.89,0.27,1.20,0.00,0.13,0.03,0.00,0.33,0.00,0.00,0,0,,6,0.40,49,2,0.30,54,4,0.59,50,6,7,4,40,0.00,99,0,6,0.89,35,16,93,2.37,79,0,0.00,99,0,0.00,0,0,0.00,0,0.74,62,18,2.67,77,12,1.78,66.67,0,0.00,0,0,0,0.00,0,3,0.00,88,0.44,11,N/A,N/A,N/A,N/A,0.00,0,0.00,0,0.45,0.00,0,74.63,33.33,60,99,0.00,0.00,0,77,44,0,0,0,0.00,0.00,0,31,86.30,0.40,0.89,6,0,0.00,0.00,99,0.00,0,0,0,0.00,0.00,0,0.00,0.00,0.30,0.13,2,0,0.00,52,18,67,51,88,0.48,32,0.03,0.07,0.45,46,0.03,0.07,84,12,0.80,1.78,0.15,0.07,9,1,0.07,45,30,40,83,0,80,23,0,0.00,99,5,0.00,0.74,18.68,8.40,126,53,86,78,7.86,3.53,42.06,10,1.48,14,0,56.25,0,0.00,99,9,0.60,1.33,93,20,97,99,0,0,0,0,0,61,51,69,61,0,99,93,22,22,0,0,30,19,0,0
Matei Cuciureanu,20,1142755200,2006/03/19,Liga II,2025/2026,Midfielder,CSM Iaşi,0,0,0,Romania,0,0,0,0,0,0,0,0,0,0,0,0,0,0,0,0,0,0,0,0,0,0,0,0,0,0,0,0,0,0,0,-1,-1,-1,-1,N/A,N/A,N/A,N/A,N/A,N/A,N/A,N/A,N/A,N/A,N/A,N/A,N/A,N/A,N/A,N/A,N/A,N/A,N/A,N/A,N/A,N/A,N/A,N/A,N/A,N/A,N/A,N/A,N/A,N/A,N/A,N/A,N/A,N/A,N/A,N/A,N/A,N/A,N/A,N/A,N/A,N/A,N/A,N/A,N/A,N/A,N/A,N/A,N/A,N/A,N/A,N/A,N/A,N/A,N/A,N/A,N/A,N/A,N/A,N/A,N/A,N/A,N/A,N/A,N/A,N/A,N/A,N/A,N/A,N/A,N/A,N/A,N/A,N/A,N/A,N/A,N/A,N/A,N/A,N/A,N/A,N/A,N/A,N/A,N/A,N/A,N/A,N/A,N/A,N/A,N/A,N/A,N/A,N/A,N/A,N/A,N/A,N/A,N/A,N/A,N/A,N/A,N/A,N/A,N/A,N/A,N/A,N/A,N/A,N/A,N/A,N/A,N/A,N/A,N/A,N/A,N/A,N/A,N/A,N/A,N/A,N/A,N/A,N/A,N/A,N/A,N/A,N/A,N/A,N/A,N/A,N/A,N/A,N/A,N/A,N/A,N/A,N/A,N/A,N/A,N/A,N/A,N/A,N/A,N/A,N/A,N/A,N/A,N/A,N/A,N/A,N/A,N/A,N/A,N/A,N/A,N/A,N/A,N/A,N/A,N/A,N/A,N/A,N/A,N/A,N/A,N/A,N/A,N/A,N/A,N/A,N/A,N/A,N/A,N/A,N/A,N/A,N/A,N/A,N/A,N/A,N/A,N/A,N/A,N/A,N/A,N/A,N/A,N/A,N/A,N/A,N/A,N/A,N/A,N/A,N/A,N/A,N/A,N/A,N/A,N/A,N/A,N/A,N/A,N/A,N/A,N/A,N/A,N/A,N/A,N/A,N/A,N/A,N/A,N/A,N/A,N/A,N/A,N/A,N/A,N/A,N/A,N/A,N/A
Matei Ilioaia,19,1173254400,2007/03/07,Liga II,2025/2026,Midfielder,Ceahlăul Piatra Neamţ,0,0,0,Romania,0,0,0,0,0,0,0,0,0,0,0,0,0,0,0,0,0,0,0,0,0,0,0,0,0,0,0,0,0,0,0,-1,-1,-1,-1,N/A,N/A,N/A,N/A,N/A,N/A,N/A,N/A,N/A,N/A,N/A,N/A,N/A,N/A,N/A,N/A,N/A,N/A,N/A,N/A,N/A,N/A,N/A,N/A,N/A,N/A,N/A,N/A,N/A,N/A,N/A,N/A,N/A,N/A,N/A,N/A,N/A,N/A,N/A,N/A,N/A,N/A,N/A,N/A,N/A,N/A,N/A,N/A,N/A,N/A,N/A,N/A,N/A,N/A,N/A,N/A,N/A,N/A,N/A,N/A,N/A,N/A,N/A,N/A,N/A,N/A,N/A,N/A,N/A,N/A,N/A,N/A,N/A,N/A,N/A,N/A,N/A,N/A,N/A,N/A,N/A,N/A,N/A,N/A,N/A,N/A,N/A,N/A,N/A,N/A,N/A,N/A,N/A,N/A,N/A,N/A,N/A,N/A,N/A,N/A,N/A,N/A,N/A,N/A,N/A,N/A,N/A,N/A,N/A,N/A,N/A,N/A,N/A,N/A,N/A,N/A,N/A,N/A,N/A,N/A,N/A,N/A,N/A,N/A,N/A,N/A,N/A,N/A,N/A,N/A,N/A,N/A,N/A,N/A,N/A,N/A,N/A,N/A,N/A,N/A,N/A,N/A,N/A,N/A,N/A,N/A,N/A,N/A,N/A,N/A,N/A,N/A,N/A,N/A,N/A,N/A,N/A,N/A,N/A,N/A,N/A,N/A,N/A,N/A,N/A,N/A,N/A,N/A,N/A,N/A,N/A,N/A,N/A,N/A,N/A,N/A,N/A,N/A,N/A,N/A,N/A,N/A,N/A,N/A,N/A,N/A,N/A,N/A,N/A,N/A,N/A,N/A,N/A,N/A,N/A,N/A,N/A,N/A,N/A,N/A,N/A,N/A,N/A,N/A,N/A,N/A,N/A,N/A,N/A,N/A,N/A,N/A,N/A,N/A,N/A,N/A,N/A,N/A,N/A,N/A,N/A,N/A,N/A,N/A
Matei Tănasă,20,1128754800,2005/10/08,Liga II,2025/2026,Midfielder,Metalul Buzău,289,189,100,Romania,6,3,3,0,0,0,0,0,0,0,0,3,2,1,0,0,0,2,0,0,0,0,0,0,0,0,0,48,145,0,0.62,331,338,-1,13,0,5.30,0,62,27.22,15.00,34,75,9.60,48,6,17.42,27,0.00,0.00,0.20,1,0.00,1.00,0.36,0.20,1,0.00,0.60,0.00,0.00,0.00,0.40,0.60,0.00,0.00,0.73,0.20,0.80,0.00,0.20,0.04,0.00,1.00,0.00,0.00,0,0,,2,0.40,42,1,0.36,59,1,0.36,32,1,1,3,65,0.00,99,0,2,0.73,27,5,35,1.81,70,0,0.00,99,0,0.00,0,0,0.00,0,0.36,36,4,1.45,54,3,1.09,75.00,0,0.00,0,0,0,0.00,0,0,0.00,99,0.00,0,N/A,N/A,N/A,N/A,0.00,0,0.00,0,0.19,0.00,0,64.00,50.00,88,99,0.00,0.00,0,57,62,0,0,0,0.00,0.00,0,31,26.50,0.60,1.09,3,0,0.00,0.00,99,0.00,0,0,0,0.00,0.00,0,0.00,0.00,0.36,0.20,1,0,0.00,52,0,5,51,0,0.13,17,0.03,0.05,0.19,46,0.04,0.07,86,5,1.00,1.81,1.81,1.00,88,5,0.07,45,21,48,83,0,81,64,0,0.00,99,5,0.00,1.81,19.60,10.80,54,18,69,82,6.53,3.60,33.33,3,1.09,26,0,20.00,0,0.00,99,1,0.20,0.36,59,12,64,66,0,0,0,0,0,38,51,69,61,0,99,93,23,99,1,17,78,77,0,0
Matko Babić,27,901609200,1998/07/28,Liga II,2025/2026,Forward,Voluntari,966,588,378,Croatia,15,10,5,5,5,0,0,0,0,0,0,6,4,2,11,7,4,3,0,0.47,0,0.47,0.77,0,193,1.02,88,64,322,0,0.28,25,329,-1,1,0,6.17,0,62,17.12,11.89,10,226,8.42,160,27,12.12,10,0.00,0.00,0.42,8,0.00,0.63,0.00,0.00,0,0.00,1.37,0.00,0.00,0.00,0.16,0.84,0.37,5.33,2.42,1.05,1.68,0.00,0.63,0.32,0.00,0.95,0.00,0.00,0,0,,32,1.68,88,12,0.91,83,20,1.52,88,5,5,7,26,0.00,99,0,3,0.23,5,12,80,0.91,52,0,0.00,99,0,0.00,0,0,0.00,0,0.61,52,32,2.42,74,16,1.21,50.00,0,0.00,0,0,0,0.00,0,7,0.00,66,0.53,20,N/A,N/A,N/A,N/A,0.00,0,0.00,0,6.04,0.00,0,70.80,37.50,66,99,0.00,0.00,0,62,24,0,0,0,0.11,0.15,2,45,117.16,0.37,0.53,7,0,0.00,0.00,99,0.00,0,0,0,0.00,0.00,0,0.00,0.00,0.98,0.68,13,0,18.75,85,63,87,58,66,0.65,17,0.03,0.05,6.04,93,0.32,0.46,87,24,1.26,1.82,1.29,0.89,65,17,0.46,93,39,22,83,0,97,52,0,0.00,99,18,0.00,1.36,18.79,13.05,248,75,52,80,5.68,3.95,30.24,26,1.97,8,0,41.67,0,0.00,99,5,0.26,0.38,60,45,93,99,0,1,0,7,0,87,93,69,96,0,99,76,44,79,3,20,85,70,0,0
Matyas Bartha,18,1189753200,2007/09/14,Liga II,2025/2026,Goalkeeper,Sepsi,0,0,0,Romania,0,0,0,0,0,0,0,0,0,0,0,0,0,0,0,0,0,0,0,0,0,0,0,0,0,0,0,0,0,0,0,-1,-1,-1,-1,N/A,N/A,N/A,N/A,N/A,N/A,N/A,N/A,N/A,N/A,N/A,N/A,N/A,N/A,N/A,N/A,N/A,N/A,N/A,N/A,N/A,N/A,N/A,N/A,N/A,N/A,N/A,N/A,N/A,N/A,N/A,N/A,N/A,N/A,N/A,N/A,N/A,N/A,N/A,N/A,N/A,N/A,N/A,N/A,N/A,N/A,N/A,N/A,N/A,N/A,N/A,N/A,N/A,N/A,N/A,N/A,N/A,N/A,N/A,N/A,N/A,N/A,N/A,N/A,N/A,N/A,N/A,N/A,N/A,N/A,N/A,N/A,N/A,N/A,N/A,N/A,N/A,N/A,N/A,N/A,N/A,N/A,N/A,N/A,N/A,N/A,N/A,N/A,N/A,N/A,N/A,N/A,N/A,N/A,N/A,N/A,N/A,N/A,N/A,N/A,N/A,N/A,N/A,N/A,N/A,N/A,N/A,N/A,N/A,N/A,N/A,N/A,N/A,N/A,N/A,N/A,N/A,N/A,N/A,N/A,N/A,N/A,N/A,N/A,N/A,N/A,N/A,N/A,N/A,N/A,N/A,N/A,N/A,N/A,N/A,N/A,N/A,N/A,N/A,N/A,N/A,N/A,N/A,N/A,N/A,N/A,N/A,N/A,N/A,N/A,N/A,N/A,N/A,N/A,N/A,N/A,N/A,N/A,N/A,N/A,N/A,N/A,N/A,N/A,N/A,N/A,N/A,N/A,N/A,N/A,N/A,N/A,N/A,N/A,N/A,N/A,N/A,N/A,N/A,N/A,N/A,N/A,N/A,N/A,N/A,N/A,N/A,N/A,N/A,N/A,N/A,N/A,N/A,N/A,N/A,N/A,N/A,N/A,N/A,N/A,N/A,N/A,N/A,N/A,N/A,N/A,N/A,N/A,N/A,N/A,N/A,N/A,N/A,N/A,N/A,N/A,N/A,N/A,N/A,N/A,N/A,N/A,N/A,N/A
Matyas Laszlo,19,1171180800,2007/02/11,Liga II,2025/2026,Midfielder,ASA Târgu Mureş,180,90,90,Romania,2,1,1,0,0,0,0,0,0,0,0,1,1,0,1,0,1,1,0,0,0,0,0,0,0,0.5,180,90,180,0,0.5,-1,-1,-1,27,0,2.13,0,62,21.39,4.83,19,29,3.17,19,8,14.02,15,0.00,0.00,0.00,0,0.00,0.33,0.74,0.17,1,0.00,0.17,0.00,0.00,0.00,1.17,0.17,0.17,0.00,0.00,0.00,0.50,0.00,0.00,0.00,0.00,0.17,0.00,0.00,0,0,,0,0.00,10,0,0.00,23,0,0.00,12,0,0,2,90,0.00,99,0,7,5.16,99,2,91,1.48,62,0,0.00,99,0,0.00,0,0,0.00,0,0.00,14,3,2.21,71,1,0.74,33.33,0,0.00,0,0,0,0.00,0,1,0.00,96,0.74,32,N/A,N/A,N/A,N/A,0.00,0,0.00,0,0.00,0.00,0,65.52,0.00,23,99,0.00,0.00,0,46,15,0,0,0,0.17,0.74,1,90,12.80,0.50,2.21,3,0,0.00,0.00,99,0.00,0,0,0,0.00,0.00,0,0.00,0.00,0.00,0.00,0,0,0.00,52,0,0,51,96,0.04,6,0.01,0.03,0.00,11,0.00,0.00,2,0,0.00,0.00,0.74,0.17,28,1,0.00,10,0,74,83,0,50,23,0,0.00,99,1,0.00,0.74,15.49,3.50,21,5,17,53,3.69,0.83,23.81,1,0.74,37,0,50.00,0,0.00,99,1,0.17,0.74,77,7,41,28,0,0,0,0,0,38,51,69,61,0,99,93,25,97,1,50,99,26,0,0
Mavis Tchibota,29,831452400,1996/05/07,Liga II,2025/2026,Forward,Sepsi,395,235,160,Congo,8,5,3,0,0,0,0,0,0,0,0,4,3,1,5,2,3,0,0,0,0,0,0,0,0,1.14,79,49,0,0,0,171,199,-1,11,0,4.50,0,62,24.07,9.78,25,88,6.89,62,25,16.96,25,0.00,0.00,0.78,7,0.00,1.11,0.55,0.22,2,0.00,0.33,0.00,0.00,0.00,0.11,1.11,0.56,0.00,1.91,0.33,1.67,0.00,0.44,0.08,0.00,0.11,0.00,0.00,0,0,,7,0.78,78,4,1.09,91,3,0.82,62,2,5,2,79,0.00,99,0,1,0.27,6,10,91,2.74,82,0,0.00,99,0,0.00,0,0,0.00,0,1.91,96,15,4.10,91,10,2.74,66.67,0,0.00,0,0,0,0.00,0,5,0.00,56,1.37,77,N/A,N/A,N/A,N/A,0.00,0,0.00,0,0.70,0.00,0,70.45,57.14,93,99,0.00,0.00,0,89,44,0,0,0,0.00,0.00,0,31,40.50,0.22,0.55,2,0,0.00,0.00,99,0.00,0,0,0,0.00,0.00,0,0.00,0.00,1.37,0.56,5,0,0.00,52,4,20,51,56,0.42,57,0.05,0.11,0.70,67,0.08,0.19,11,1,0.11,0.27,1.91,0.78,90,7,0.19,67,11,23,83,0,99,6,0,0.00,99,1,0.00,0.27,19.70,8.00,72,27,80,82,7.39,3.00,37.50,3,0.82,35,0,50.00,0,0.00,99,5,0.56,1.37,94,7,93,85,0,0,0,0,0,38,51,69,61,0,99,93,22,22,0,0,30,22,0,0
Maxwell Effiom,26,941788800,1999/11/05,Liga II,2025/2026,Midfielder,ACS Gloria Bistrita,163,81,82,Nigeria,6,3,3,2,1,1,0,0,0,0,0,0,0,0,2,1,1,1,0,1.1,0,1.1,1.11,1.1,82,1.1,82,27,163,0,0.55,-1,-1,-1,5,0,5.89,0,62,12.73,4.14,2,29,3.43,24,79,10.54,5,0.00,0.00,0.43,3,0.00,0.14,0.00,0.00,0,0.00,0.43,0.00,0.00,0.00,0.14,0.14,0.14,3.50,3.07,0.29,0.43,0.00,0.71,0.27,0.00,0.43,0.00,0.00,0,0,,7,1.00,96,5,2.20,99,2,0.88,65,0,6,0,26,0.00,99,0,1,0.44,11,1,99,0.44,36,0,0.00,99,0,0.00,0,0,0.00,0,1.32,83,3,1.32,52,1,0.44,33.33,0,0.00,0,0,0,0.00,0,1,0.00,60,0.44,11,N/A,N/A,N/A,N/A,0.00,0,0.00,0,1.90,0.00,0,82.76,71.43,96,99,0.00,0.00,0,34,15,0,0,0,0.00,0.00,0,31,41.20,0.00,0.00,0,0,0.00,0.00,99,0.00,0,0,0,0.00,0.00,0,0.00,0.00,0.88,0.29,2,0,28.57,93,0,5,51,60,0.14,23,0.02,0.06,1.90,99,0.27,0.83,69,3,0.43,1.32,0.88,0.29,37,2,0.83,99,33,1,83,0,95,50,0,0.00,99,3,0.00,1.32,12.29,4.00,28,10,26,28,4.39,1.43,35.71,3,1.32,18,0,100.00,0,0.00,99,1,0.14,0.44,64,0,96,28,0,0,0,0,0,99,99,99,99,0,99,9,24,97,1,17,78,7,0,0
Mehdi Lehaire,26,948528000,2000/01/22,Liga II,2025/2026,Forward,ACS Gloria Bistrita,439,226,213,Belgium,7,3,4,1,0,1,0,0,0,0,0,1,0,1,6,3,3,0,0,0.21,0,0.21,0,0.42,439,1.23,73,63,0,0,0,85,288,-1,10,0,6.32,0,62,39.23,27.18,69,299,22.45,247,78,32.41,70,0.00,0.00,0.91,10,0.00,1.18,0.00,0.00,0,0.00,1.00,0.00,0.00,0.00,1.00,2.00,0.55,18.00,2.36,1.00,2.82,0.00,0.64,0.18,0.00,0.64,0.00,0.00,0,0,,18,1.64,86,7,0.92,84,11,1.44,85,2,0,6,26,0.00,99,0,11,1.44,60,13,38,1.71,68,0,0.00,99,0,0.00,0,0,0.00,0,1.31,83,31,4.07,90,22,2.89,70.97,0,0.00,0,0,0,0.00,0,6,0.00,47,0.79,38,N/A,N/A,N/A,N/A,0.00,0,0.00,0,1.97,0.00,0,82.61,38.89,68,99,0.00,0.00,0,91,50,0,0,0,0.18,0.26,2,60,69.50,0.45,0.66,5,0,0.00,0.00,99,0.00,0,0,0,0.00,0.00,0,0.00,0.00,0.13,0.09,1,0,5.56,56,8,12,77,47,0.87,57,0.08,0.11,1.97,77,0.18,0.26,28,5,0.45,0.66,0.92,0.64,39,7,0.26,77,42,27,83,0,63,32,0,0.00,99,7,0.00,0.92,20.07,13.91,153,57,83,83,7.48,5.18,37.25,11,1.44,15,0,23.08,0,0.00,99,3,0.27,0.39,60,38,41,85,0,0,0,0,0,65,76,92,61,0,99,27,22,22,0,0,30,59,0,0
Mickaël Panos,29,855561600,1997/02/10,Liga II,2025/2026,Defender,CSM Satu Mare,112,0,112,France,3,0,3,0,0,0,0,0,0,0,0,2,0,2,4,0,4,0,0,0,0,0,0,0,0,3.21,28,37,0,0,0,-1,-1,-1,13,0,5.32,0,62,63.24,39.00,99,156,33.50,134,90,54.32,99,0.00,0.00,1.75,7,0.00,0.25,0.41,0.25,1,0.00,0.25,0.00,0.00,0.00,1.50,0.50,0.50,0.00,2.43,1.50,0.50,0.00,0.00,0.09,0.00,1.75,0.00,0.00,0,0,,6,1.50,88,0,0.00,23,6,2.43,99,0,1,1,71,0.00,99,0,6,2.43,92,1,99,0.41,35,0,0.00,99,0,0.00,0,0,0.00,0,2.84,99,2,0.81,40,2,0.81,100.00,0,0.00,0,0,0,0.00,0,2,0.00,1,0.81,41,N/A,N/A,N/A,N/A,0.00,0,0.00,0,0.35,0.00,0,85.90,0.00,23,99,0.00,0.00,0,49,99,0,0,0,0.00,0.00,0,31,21.29,1.00,1.62,4,0,0.00,0.00,99,0.00,0,0,0,0.00,0.00,0,0.00,0.00,0.00,0.00,0,0,0.00,52,0,0,51,1,0.46,84,0.12,0.19,0.35,61,0.09,0.14,16,1,0.25,0.41,2.03,1.25,92,5,0.14,60,21,63,83,0,50,84,0,0.00,99,7,0.00,2.84,18.24,11.25,45,13,44,74,5.27,3.25,28.89,1,0.41,55,0,100.00,0,0.00,99,1,0.25,0.41,61,4,64,28,0,0,0,0,0,38,51,69,61,0,99,98,22,22,0,0,30,18,0,0
Mihael Onișa,26,953107200,2000/03/15,Liga II,2025/2026,Midfielder,Voluntari,1185,653,532,Romania,16,9,7,1,1,0,3,1,2,0,0,8,4,4,12,9,3,4,0,0.3,0.23,0.08,0.14,0,1185,0.91,99,74,296,395,0.3,148,36,-1,10,0,7.07,0.19,92,50.36,37.60,91,564,30.87,463,76,41.34,90,0.00,0.00,0.53,8,0.00,0.33,0.62,0.47,7,0.00,0.07,0.00,0.00,0.00,1.93,0.20,0.47,14.00,1.25,0.73,0.27,0.00,0.20,0.10,0.00,1.27,0.00,0.00,0,0,,14,0.93,63,3,0.27,52,11,0.98,69,0,3,10,83,0.00,99,0,29,2.59,94,5,78,0.45,37,0,0.00,99,0,0.00,0,0,0.00,0,0.71,60,4,0.36,25,3,0.27,75.00,0,0.00,0,0,0,0.00,0,7,0.00,77,0.62,24,N/A,N/A,N/A,N/A,0.00,0,0.00,0,1.53,0.00,0,82.09,21.43,35,99,0.00,0.00,0,25,62,0,0,0,0.40,0.54,6,81,106.06,1.00,1.34,15,0,0.00,0.00,99,0.00,0,0,0,0.00,0.00,0,0.00,0.00,0.00,0.00,0,0,7.14,59,83,92,95,77,3.01,95,0.20,0.27,1.53,61,0.10,0.14,77,17,1.13,1.52,0.71,0.53,26,8,0.14,60,89,56,83,0,50,62,0,0.00,99,19,0.00,1.70,11.16,8.33,125,55,35,20,4.91,3.67,44.00,1,0.09,81,0,40.00,0,0.00,99,2,0.13,0.18,44,73,85,28,0,0,0,0,0,75,58,69,66,0,99,93,42,81,2,12,65,44,0,0
Mihai Alexandru Bălașa,31,790070400,1995/01/14,Liga II,2025/2026,Defender,Concordia Chiajna,1272,826,446,Romania,15,10,5,4,2,2,0,0,0,0,0,4,4,0,14,8,6,3,0,0.28,0,0.28,0.22,0.4,318,0.99,91,85,424,0,0.21,58,216,29,2,0,7.29,0,62,46.57,41.11,85,740,32.50,585,59,36.82,80,0.00,0.00,0.17,3,0.00,0.83,1.01,0.89,16,0.00,0.06,0.00,0.00,0.00,1.50,0.17,0.67,5.75,1.45,0.83,0.44,0.00,0.44,0.23,0.00,3.72,0.00,0.00,0,0,,23,1.28,67,8,0.50,68,15,0.94,68,1,0,15,97,0.00,99,0,27,1.70,71,15,85,0.94,52,0,0.00,99,0,0.00,0,0,0.00,0,0.19,24,8,0.50,30,3,0.19,37.50,0,0.00,0,0,0,0.00,0,12,0.00,71,0.76,34,N/A,N/A,N/A,N/A,0.00,0,0.00,0,4.10,0.00,0,79.05,34.78,62,99,0.00,0.00,0,21,15,0,0,0,0.44,0.50,8,80,131.25,3.33,3.78,60,0,0.00,0.00,99,0.00,0,0,0,0.00,0.00,0,0.00,0.00,0.13,0.11,2,0,17.39,82,87,87,67,71,1.38,45,0.08,0.09,4.10,77,0.23,0.26,63,19,1.06,1.20,1.20,1.06,58,19,0.26,77,97,92,83,0,63,98,0,0.00,99,67,0.00,4.22,13.47,11.89,214,107,70,40,6.73,5.94,50.00,1,0.06,83,0,46.67,0,0.00,99,7,0.39,0.44,64,93,41,66,0,0,0,0,0,74,84,90,73,0,99,48,57,66,3,20,85,4,0,0
Mihai Alexandru Dohatcă,17,1217660400,2008/08/02,Liga II,2025/2026,Defender,ASA Târgu Mureş,5,5,0,Romania,1,1,0,0,0,0,0,0,0,0,0,1,1,0,0,0,0,0,0,0,0,0,0,0,0,0,0,5,0,0,0,-1,-1,-1,11,0,2.07,0,62,72.00,1.33,99,4,0.67,2,0,36.00,79,0.00,0.00,0.00,0,0.00,0.00,0.00,0.00,0,0.00,0.00,0.00,0.00,0.00,0.33,0.00,0.00,0.00,0.00,0.00,0.33,0.00,0.00,0.00,0.00,0.00,0.00,0.00,0,0,,0,0.00,10,0,0.00,23,0,0.00,12,0,1,0,26,0.00,99,0,1,18.00,99,0,26,0.00,14,0,0.00,99,0,0.00,0,0,0.00,0,0.00,14,1,18.00,99,0,0.00,0.00,0,0.00,0,0,0,0.00,0,0,0.00,99,0.00,0,N/A,N/A,N/A,N/A,0.00,0,0.00,0,0.00,0.00,0,50.00,0.00,23,99,0.00,0.00,0,13,13,0,0,0,0.00,0.00,0,31,6.20,0.00,0.00,0,0,0.00,0.00,99,0.00,0,0,0,0.00,0.00,0,0.00,0.00,0.00,0.00,0,0,0.00,52,0,0,51,0,0.00,0,0.00,0.00,0.00,11,0.00,0.00,2,0,0.00,0.00,18.00,0.33,99,1,0.00,10,0,1,83,0,50,1,0,0.00,99,0,0.00,0.00,90.00,1.67,5,0,0,99,0.00,0.00,0.00,0,0.00,99,0,0.00,0,0.00,99,0,0.00,0.00,26,0,64,28,0,0,0,0,0,38,51,69,61,0,99,99,22,22,0,0,30,13,0,0
Mihai Alexandru Neicuţescu,27,907052400,1998/09/29,Liga II,2025/2026,Midfielder,Concordia Chiajna,581,409,172,Romania,13,9,4,4,3,1,3,1,2,0,0,4,4,0,7,3,4,4,1,1.08,0.46,0.62,0.66,0.52,145,1.08,83,45,145,194,0.62,12,7,-1,1,0,7.09,0.23,99,37.15,22.14,62,310,16.36,229,39,27.44,60,0.00,0.00,1.07,15,0.00,1.79,0.72,0.43,6,0.00,0.57,0.00,0.00,0.00,0.43,1.21,0.29,6.67,2.40,0.93,2.14,0.00,0.50,0.24,0.00,0.86,0.00,0.00,0,0,,20,1.43,87,7,0.84,80,13,1.56,90,0,9,4,90,0.00,99,0,6,0.72,27,25,86,3.00,86,0,0.00,99,0,0.00,0,0,0.00,0,1.80,93,30,3.60,89,17,2.04,56.67,0,0.00,0,0,0,0.00,0,4,0.00,61,0.48,14,N/A,N/A,N/A,N/A,0.00,0,0.00,0,3.34,0.00,0,73.87,35.00,62,99,0.00,0.00,0,82,28,0,0,0,0.07,0.12,1,41,99.22,0.29,0.48,4,0,0.00,0.00,99,0.00,0,0,0,0.00,0.00,0,0.00,0.00,0.12,0.07,1,0,15.00,75,25,67,54,61,2.78,98,0.20,0.33,3.34,90,0.24,0.40,85,15,1.07,1.80,1.68,1.00,83,14,0.40,90,90,21,83,0,62,55,0,0.00,99,12,0.00,1.44,20.97,12.50,175,73,92,88,8.75,5.21,41.71,8,0.96,30,0,48.00,0,0.00,99,12,0.86,1.44,95,20,99,28,0,0,0,0,0,99,97,95,95,0,99,59,23,99,2,15,74,24,0,0
Mihai Alexandru Roman,33,707295600,1992/05/31,Liga II,2025/2026,Forward,Voluntari,23,1,22,Romania,2,1,1,0,0,0,0,0,0,0,0,1,1,0,1,0,1,0,0,0,0,0,0,0,0,3.91,23,12,0,0,0,-1,-1,-1,25,0,3.80,0,62,30.00,3.86,42,27,2.14,15,1,16.67,25,0.00,0.00,0.00,0,0.00,0.43,0.00,0.00,0,0.00,0.00,0.00,0.00,0.00,0.00,0.29,0.14,2.00,2.22,0.00,0.29,0.00,0.29,0.12,0.00,0.57,0.00,0.00,0,0,,2,0.29,83,2,2.22,99,0,0.00,12,0,2,0,26,0.00,99,0,0,0.00,1,3,26,3.33,89,0,0.00,99,0,0.00,0,0,0.00,0,0.00,14,2,2.22,71,2,2.22,100.00,0,0.00,0,0,0,0.00,0,1,0.00,0,1.11,64,N/A,N/A,N/A,N/A,0.00,0,0.00,0,0.83,0.00,0,55.56,100.00,99,99,0.00,0.00,0,83,99,0,0,0,0.00,0.00,0,31,26.58,0.14,1.11,1,0,0.00,0.00,99,0.00,0,0,0,0.00,0.00,0,0.00,0.00,3.33,0.43,3,0,50.00,99,0,0,51,0,0.03,6,0.00,0.03,0.83,99,0.12,0.92,94,2,0.29,2.22,2.22,0.29,94,2,0.92,99,6,49,83,0,99,98,0,0.00,99,4,0.00,4.44,26.67,3.43,24,9,98,98,10.00,1.29,37.50,0,0.00,99,0,0.00,0,0.00,99,0,0.00,0.00,26,0,73,28,0,0,0,0,0,38,51,69,61,0,99,93,22,22,0,0,30,90,0,0
Mihai Andrei Adăscăliței,31,783676800,1994/11/01,Liga II,2025/2026,Midfielder,CSA Steaua Bucureşti,1087,727,360,Romania,13,9,4,1,0,1,0,0,0,0,0,2,1,1,19,11,8,1,0,0.08,0,0.08,0,0.25,1087,1.57,57,84,1087,0,0.08,146,203,-1,6,0,6.81,0,62,58.52,52.76,99,1108,42.86,900,70,47.54,96,0.00,0.00,0.19,4,0.00,1.29,0.21,0.19,4,0.00,0.29,0.00,0.00,0.00,1.43,0.76,0.76,0.00,0.79,0.43,1.05,0.00,0.29,0.06,0.00,1.90,0.00,0.00,0,0,,15,0.71,46,6,0.32,56,9,0.48,41,0,0,10,47,0.00,99,0,30,1.58,66,27,65,1.43,61,0,0.00,99,0,0.00,0,0,0.00,0,0.21,25,22,1.16,50,16,0.85,72.73,0,0.00,0,0,0,0.00,0,16,0.00,22,0.85,44,N/A,N/A,N/A,N/A,0.00,0,0.00,0,1.28,0.00,0,81.23,40.00,73,99,0.00,0.00,0,50,56,0,0,0,0.29,0.32,6,64,142.94,2.14,2.38,45,0,0.00,0.00,99,0.00,0,0,2,0.10,0.11,0,0.00,0.00,0.00,0.00,0,0,0.00,52,74,67,94,22,2.29,62,0.11,0.12,1.28,46,0.06,0.07,23,11,0.52,0.58,1.53,1.38,77,29,0.07,45,71,77,95,0,50,73,0,0.00,99,40,0.00,2.11,13.89,12.52,263,106,50,42,5.60,5.05,40.30,6,0.32,61,0,33.33,0,0.00,99,9,0.43,0.48,66,73,41,28,0,0,0,0,0,43,58,82,61,0,99,28,93,30,1,8,50,26,0,0
Mihai Dobrescu,33,716281200,1992/09/12,Liga II,2025/2026,Defender,Concordia Chiajna,1516,886,630,Romania,18,11,7,1,1,0,2,2,0,0,0,6,5,1,18,8,10,0,0,0.18,0.12,0.06,0.1,0,1516,1.07,84,84,0,758,0,157,86,44,11,0,6.88,0.11,76,36.03,32.41,59,713,25.64,564,59,28.50,62,0.00,0.00,0.68,15,0.00,2.50,0.40,0.36,8,0.00,0.27,0.00,0.00,0.00,1.14,0.59,0.68,10.00,0.51,0.32,0.64,0.00,0.14,0.06,0.00,0.41,0.00,0.00,0,0,,10,0.45,32,3,0.15,36,7,0.35,31,2,1,17,71,0.00,99,0,25,1.26,51,55,44,2.78,84,0,0.00,99,0,0.00,0,0,0.00,0,0.76,63,14,0.71,36,13,0.66,92.86,0,0.00,0,0,0,0.00,0,15,0.00,61,0.76,34,N/A,N/A,N/A,N/A,0.00,0,0.00,0,1.33,0.00,0,79.10,30.00,48,99,0.00,0.00,0,43,88,0,0,0,0.32,0.35,7,68,151.32,2.09,2.32,46,0,0.00,0.00,99,0.00,0,0,0,0.00,0.00,0,0.00,0.00,0.10,0.09,2,0,10.00,67,96,97,99,61,2.88,74,0.13,0.15,1.33,46,0.06,0.07,35,15,0.68,0.76,0.51,0.45,17,10,0.07,45,77,75,83,0,58,11,0,0.00,99,9,0.00,0.45,9.10,8.18,180,61,11,12,3.08,2.77,33.89,6,0.30,62,0,25.45,0,0.00,99,14,0.64,0.71,77,97,64,85,0,0,0,0,0,61,53,69,61,0,99,66,22,22,0,0,30,21,0,0
Mihai Dolghi,23,1026111600,2002/07/08,Liga II,2025/2026,Defender,CSM Reşiţa,1042,606,436,Moldova,12,7,5,0,0,0,0,0,0,0,0,4,2,2,13,8,5,2,0,0,0,0,0,0,0,1.12,80,87,521,0,0.17,263,250,47,12,0,6.88,0,62,35.36,31.19,57,499,24.75,396,61,28.06,61,0.00,0.00,0.62,10,0.00,0.44,0.35,0.31,5,0.00,0.19,0.00,0.00,0.00,1.56,0.25,0.75,0.00,1.06,0.62,0.38,0.00,0.31,0.08,0.00,2.00,0.00,0.00,0,0,,15,0.94,56,5,0.35,58,10,0.71,57,2,0,12,64,0.00,99,0,25,1.77,73,7,83,0.50,39,0,0.00,99,0,0.00,0,0,0.00,0,0.71,60,6,0.43,28,4,0.28,66.67,0,0.00,0,0,0,0.00,0,12,0.00,58,0.85,44,N/A,N/A,N/A,N/A,0.00,0,0.00,0,1.31,0.00,0,79.36,33.33,60,99,0.00,0.00,0,26,44,0,0,0,0.12,0.14,2,44,110.07,0.88,0.99,14,0,0.00,0.00,99,0.00,0,0,0,0.00,0.00,0,0.00,0.00,0.07,0.06,1,1,0.00,52,70,58,51,58,1.15,39,0.07,0.08,1.31,50,0.08,0.09,66,18,1.12,1.28,0.78,0.69,31,11,0.09,49,77,44,83,0,54,76,0,0.00,99,32,0.00,2.27,12.26,10.81,173,72,41,28,5.10,4.50,41.62,3,0.21,68,0,42.86,0,0.00,99,3,0.19,0.21,46,84,41,85,0,0,0,0,0,38,51,69,61,0,99,66,69,54,2,17,78,28,0,0
Mihai Florin Răcășan,18,1183273200,2007/07/01,Liga II,2025/2026,Midfielder,Slatina,1440,810,630,Romania,16,9,7,0,0,0,0,0,0,0,0,3,3,0,18,8,10,0,0,0,0,0,0,0,0,1.13,80,90,0,0,0,337,294,-1,18,0,6.85,0,62,25.67,25.67,28,154,22.17,133,92,22.17,44,0.00,0.00,0.00,0,0.00,0.00,0.00,0.00,0,0.00,0.00,0.00,0.00,2.00,0.50,0.00,2.00,0.00,0.00,0.00,0.00,0.00,0.00,0.00,0.00,0.33,0.00,0.00,0,0,,0,0.00,10,0,0.00,23,0,0.00,12,0,0,10,26,0.00,99,0,3,0.50,15,0,26,0.00,14,0,0.00,99,0,0.00,0,0,0.00,0,0.00,14,0,0.00,12,0,0.00,0.00,0,0.00,0,12,99,2.00,8,12,0.00,57,2.00,90,N/A,N/A,N/A,N/A,100.00,0,0.00,0,0.00,0.00,0,86.36,0.00,23,99,0.00,0.00,0,13,13,0,0,7,0.00,0.00,0,31,41.09,0.33,0.33,2,0,0.00,0.00,99,0.00,0,0,0,0.00,0.00,0,0.00,0.00,0.00,0.00,0,0,0.00,52,94,92,51,58,0.27,11,0.05,0.04,0.00,11,0.00,0.00,2,0,0.00,0.00,0.00,0.00,7,0,0.00,10,74,13,83,0,50,8,0,0.00,99,2,0.00,0.33,0.33,0.33,2,2,3,2,0.33,0.33,100.00,0,0.00,99,0,0.00,0,0.00,99,0,0.00,0.00,26,73,41,28,0,0,0,0,0,38,51,69,61,0,99,35,22,22,0,0,30,90,0,0
Mihai Radu Kereki,29,846835200,1996/11/01,Liga II,2025/2026,Midfielder,Bihor Oradea,506,270,236,Romania,6,3,3,1,1,0,0,0,0,0,0,1,1,0,7,2,5,0,0,0.18,0,0.18,0.33,0,506,1.25,72,84,0,0,0,96,195,-1,9,0,2.65,0,62,34.82,11.55,56,231,7.80,156,15,23.52,48,0.00,0.00,0.00,0,0.00,0.10,0.15,0.05,1,0.00,0.00,0.00,0.00,0.00,0.70,0.10,0.45,0.00,0.60,0.10,0.10,0.00,0.10,0.02,0.00,1.40,0.00,0.00,0,0,,4,0.20,35,2,0.30,54,2,0.30,29,1,0,6,40,0.00,99,0,14,2.11,85,2,91,0.30,29,0,0.00,99,0,0.00,0,0,0.00,0,0.00,14,2,0.30,23,2,0.30,100.00,0,0.00,0,0,0,0.00,0,9,0.00,46,1.36,77,N/A,N/A,N/A,N/A,0.00,0,0.00,0,0.42,0.00,0,67.53,50.00,88,99,0.00,0.00,0,28,99,0,0,0,0.10,0.30,2,63,53.06,1.10,3.32,22,1,0.00,0.15,4,0.05,0,0,0,0.00,0.00,0,0.00,0.00,0.00,0.00,0,0,0.00,52,17,5,80,46,0.36,17,0.02,0.05,0.42,42,0.02,0.06,18,3,0.15,0.45,1.51,0.50,76,10,0.06,41,2,88,83,0,50,98,0,0.00,99,28,0.00,4.22,17.49,5.80,116,53,87,70,7.99,2.65,45.69,0,0.00,99,0,50.00,0,0.00,99,1,0.05,0.15,38,38,41,66,0,0,0,0,0,61,72,69,83,0,99,32,22,22,0,0,30,5,0,0
Mihai Şandru,29,856598400,1997/02/22,Liga II,2025/2026,Defender,Ceahlăul Piatra Neamţ,1145,360,785,Romania,13,4,9,0,0,0,0,0,0,0,0,4,2,2,22,4,18,2,0,0,0,0,0,0,0,1.73,52,88,573,0,0.16,212,191,78,17,0,5.92,0,62,36.36,31.00,60,465,21.40,321,21,25.10,53,0.00,0.00,0.60,9,0.00,1.60,0.16,0.13,2,0.00,0.07,0.00,0.00,0.00,1.93,1.07,1.53,0.00,0.86,0.60,1.13,0.00,0.13,0.05,0.00,0.73,0.00,0.00,0,0,,11,0.73,48,2,0.16,37,9,0.70,56,0,0,11,42,0.00,99,0,29,2.27,89,24,65,1.88,71,0,0.00,99,0,0.00,0,0,0.00,0,0.70,58,17,1.33,52,16,1.25,94.12,0,0.00,0,0,0,0.00,0,23,0.00,14,1.80,86,N/A,N/A,N/A,N/A,0.00,0,0.00,0,0.75,0.00,0,69.03,18.18,30,99,0.00,0.00,0,64,88,0,0,0,0.47,0.55,7,82,88.81,1.53,1.80,23,0,0.00,0.00,99,0.00,0,0,0,0.00,0.00,0,0.00,0.00,0.16,0.13,2,1,0.00,52,78,67,51,14,1.52,62,0.10,0.12,0.75,42,0.05,0.06,46,12,0.80,0.94,0.47,0.40,16,6,0.06,41,34,66,83,0,68,29,0,0.00,99,11,0.00,0.86,11.03,9.40,141,64,38,18,5.00,4.27,45.39,1,0.08,82,0,33.33,0,0.00,99,8,0.53,0.63,73,80,41,28,0,0,0,0,0,38,51,69,61,0,99,59,73,51,2,15,74,24,0,0
Mihai Velisar,27,904460400,1998/08/30,Liga II,2025/2026,Defender,Corvinul Hunedoara,322,134,188,Romania,8,2,6,1,0,1,0,0,0,0,0,6,2,4,1,0,1,0,0,0.28,0,0.28,0,0.48,322,0.28,322,40,0,0,0,57,227,1,11,0,2.50,0,62,40.51,7.52,71,158,5.43,114,31,29.23,64,0.00,0.00,0.05,1,0.00,0.43,0.00,0.00,0,0.00,0.19,0.00,0.00,0.00,0.38,0.14,0.00,0.00,0.26,0.05,0.19,0.00,0.00,0.00,0.00,0.14,0.00,0.00,0,0,,1,0.05,20,0,0.00,23,1,0.26,28,0,6,2,26,0.00,99,0,8,2.05,82,9,65,2.31,78,0,0.00,99,0,0.00,0,0,0.00,0,0.26,30,4,1.03,46,3,0.77,75.00,0,0.00,0,0,0,0.00,0,0,0.00,99,0.00,0,N/A,N/A,N/A,N/A,0.00,0,0.00,0,0.04,0.00,0,72.15,0.00,23,99,0.00,0.00,0,47,62,0,0,0,0.05,0.26,1,60,52.50,0.29,1.54,6,0,0.00,0.00,99,0.00,0,0,0,0.00,0.00,0,0.00,0.00,0.00,0.00,0,0,0.00,52,0,20,68,99,0.31,39,0.01,0.08,0.04,16,0.00,0.01,36,3,0.14,0.77,1.79,0.33,86,7,0.01,16,1,62,83,0,50,25,0,0.00,99,3,0.00,0.77,12.05,2.24,47,14,16,26,3.59,0.67,29.79,4,1.03,27,0,33.33,0,0.00,99,3,0.14,0.77,79,7,96,28,0,0,0,0,0,74,84,94,61,0,99,99,22,22,0,0,30,98,0,0
Mihajlo Nešković,26,950083200,2000/02/09,Liga II,2025/2026,Midfielder,Sepsi,454,168,286,Serbia,10,4,6,0,0,0,0,0,0,0,0,4,2,2,3,1,2,1,0,0,0,0,0,0,0,0.59,151,45,454,0,0.2,174,153,-1,16,0,6.78,0,62,40.82,21.50,71,215,19.00,190,96,36.08,79,0.00,0.00,0.40,4,0.00,0.50,0.00,0.00,0,0.00,0.80,0.00,0.00,0.00,0.40,1.20,0.30,0.00,1.71,0.70,1.60,0.00,0.20,0.05,0.00,0.60,0.00,0.00,0,0,,9,0.90,74,2,0.38,61,7,1.33,81,2,5,5,26,0.00,99,0,4,0.76,27,5,78,0.95,53,0,0.00,99,0,0.00,0,0,0.00,0,0.76,63,16,3.04,83,12,2.28,75.00,0,0.00,0,0,0,0.00,0,3,0.00,92,0.57,21,N/A,N/A,N/A,N/A,0.00,0,0.00,0,0.52,0.00,0,88.37,22.22,36,99,0.00,0.00,0,84,62,0,0,0,0.20,0.38,2,70,67.80,0.20,0.38,2,0,0.00,0.00,99,0.00,0,0,0,0.00,0.00,0,0.00,0.00,1.14,0.60,6,0,0.00,52,11,37,51,92,0.65,62,0.07,0.12,0.52,52,0.05,0.10,97,14,1.40,2.66,1.14,0.60,54,6,0.10,51,67,16,83,0,98,45,0,0.00,99,6,0.00,1.14,17.47,9.20,92,42,87,69,7.97,4.20,45.65,8,1.52,13,0,40.00,0,0.00,99,2,0.20,0.38,60,29,93,85,0,0,0,0,0,38,51,69,61,0,99,76,63,63,1,10,58,77,0,0
Mike Cestor,33,704617200,1992/04/30,Liga II,2025/2026,Defender,CSM Iaşi,577,283,294,Congo DR,9,4,5,0,0,0,0,0,0,0,0,3,2,1,10,2,8,2,0,0,0,0,0,0,0,1.56,58,64,289,0,0.31,179,187,71,13,0,6.82,0,62,47.66,34.89,87,314,31.00,279,98,42.34,92,0.00,0.00,0.33,3,0.00,0.22,0.61,0.44,4,0.00,0.22,0.00,0.00,0.00,1.78,0.22,1.11,0.00,0.00,0.00,0.44,0.00,0.00,0.00,0.00,1.89,0.00,0.00,0,0,,0,0.00,10,0,0.00,23,0,0.00,12,2,3,6,82,0.00,99,0,16,2.43,92,2,91,0.30,29,0,0.00,99,0,0.00,0,0,0.00,0,0.46,44,4,0.61,33,2,0.30,50.00,0,0.00,0,0,0,0.00,0,10,0.00,23,1.52,82,N/A,N/A,N/A,N/A,0.00,0,0.00,0,0.00,0.00,0,88.85,0.00,23,99,0.00,0.00,0,28,24,0,0,0,0.78,1.06,7,97,61.40,2.44,3.34,22,0,0.00,0.00,99,0.00,0,0,0,0.00,0.00,0,0.00,0.00,0.15,0.11,1,0,0.00,52,24,27,51,23,0.65,51,0.07,0.10,0.00,11,0.00,0.00,63,8,0.89,1.21,0.76,0.56,29,5,0.00,10,73,88,83,0,66,79,0,0.00,99,17,0.00,2.58,14.87,10.89,98,41,65,49,6.22,4.56,41.84,2,0.30,62,0,50.00,0,0.00,99,1,0.11,0.15,38,38,85,85,0,0,0,0,0,38,51,69,61,0,99,66,39,83,2,22,88,92,0,0
Milos Zukanovic,30,823766400,1996/02/08,Liga II,2025/2026,Forward,ASA Târgu Mureş,1210,653,557,Serbia,15,8,7,3,1,2,2,2,0,0,0,7,6,1,14,4,10,1,0,0.37,0.15,0.22,0.14,0.32,403,1.04,86,81,1210,605,0.07,80,64,-1,5,0,6.35,0.13,83,18.17,14.92,12,194,11.38,148,50,13.86,15,0.00,0.00,0.62,8,0.00,1.08,0.00,0.00,0,0.00,1.62,0.00,0.00,0.00,0.31,1.23,0.77,13.50,2.53,1.00,1.31,0.00,1.08,0.28,0.00,0.54,0.00,0.00,0,0,,27,2.08,90,14,1.31,97,13,1.22,78,1,0,14,26,0.00,99,0,4,0.37,9,14,51,1.31,57,0,0.00,99,0,0.00,0,0,0.00,0,0.75,63,17,1.59,59,16,1.50,94.12,0,0.00,0,0,0,0.00,0,10,0.00,65,0.94,55,N/A,N/A,N/A,N/A,0.00,0,0.00,0,3.59,0.00,0,76.29,51.85,89,99,0.00,0.00,0,70,88,0,0,0,0.00,0.00,0,31,82.50,0.15,0.19,2,0,0.00,0.00,99,0.00,0,0,0,0.00,0.00,0,0.00,0.00,0.19,0.15,2,1,7.41,60,84,87,74,65,1.79,81,0.14,0.17,3.59,83,0.28,0.34,34,8,0.62,0.75,1.50,1.23,75,16,0.34,83,44,5,83,0,72,18,0,0.00,99,7,0.00,0.66,17.70,14.54,189,51,34,71,4.78,3.92,26.98,21,1.97,8,0,28.57,0,0.00,99,4,0.31,0.37,59,91,41,66,0,0,0,0,0,82,78,87,66,0,99,87,96,26,1,7,41,9,0,0
Mircea Donca,29,843721200,1996/09/26,Liga II,2025/2026,Midfielder,CSM Satu Mare,455,198,257,Romania,8,4,4,1,0,1,0,0,0,0,0,0,0,0,15,8,7,2,0,0.2,0,0.2,0,0.35,455,2.97,30,57,228,0,0.4,92,258,-1,6,0,6.79,0,62,45.23,29.90,80,299,23.90,239,62,36.15,79,0.00,0.00,1.00,10,0.00,1.50,0.15,0.10,1,0.00,0.30,0.00,0.00,0.00,0.80,0.80,1.20,11.00,1.66,0.70,1.00,0.00,0.40,0.14,0.00,0.60,0.00,0.00,0,0,,11,1.10,71,4,0.61,74,7,1.06,73,0,2,4,40,0.00,99,0,8,1.21,49,15,92,2.27,77,0,0.00,99,0,0.00,0,0,0.00,0,1.51,89,10,1.51,56,8,1.21,80.00,0,0.00,0,0,0,0.00,0,12,0.00,1,1.82,86,N/A,N/A,N/A,N/A,0.00,0,0.00,0,1.37,0.00,0,79.93,36.36,64,99,0.00,0.00,0,62,73,0,0,0,0.00,0.00,0,31,67.87,0.40,0.61,4,0,0.00,0.00,99,0.00,0,0,1,0.10,0.15,0,0.00,0.00,0.15,0.10,1,0,9.09,65,12,20,77,1,1.41,90,0.14,0.21,1.37,71,0.14,0.21,77,10,1.00,1.51,1.21,0.80,59,8,0.21,71,68,25,98,0,66,31,0,0.00,99,6,0.00,0.91,14.82,9.80,98,31,30,48,4.69,3.10,31.63,3,0.45,51,0,53.33,0,0.00,99,8,0.80,1.21,90,20,73,28,0,0,0,0,0,63,74,88,61,0,99,9,31,92,2,25,92,23,0,0
Mircea Manole,27,909993600,1998/11/02,Liga II,2025/2026,Forward,ASA Târgu Mureş,289,157,132,Romania,8,4,4,0,0,0,0,0,0,0,0,4,4,0,4,0,4,1,0,0,0,0,0,0,0,1.25,72,36,289,0,0.31,277,270,-1,25,0,5.77,0,62,15.42,5.29,5,37,4.57,32,93,13.33,13,0.00,0.00,0.29,2,0.00,0.57,0.00,0.00,0,0.00,0.57,0.00,0.00,0.00,0.14,1.00,0.57,0.00,2.92,0.86,1.14,0.00,0.14,0.07,0.00,0.71,0.00,0.00,0,0,,7,1.00,95,1,0.42,63,6,2.50,99,1,5,3,26,0.00,99,0,1,0.42,10,4,43,1.67,67,0,0.00,99,0,0.00,0,0,0.00,0,0.83,66,8,3.33,85,7,2.92,87.50,0,0.00,0,0,0,0.00,0,4,0.00,46,1.67,83,N/A,N/A,N/A,N/A,0.00,0,0.00,0,0.47,0.00,0,86.49,14.29,28,99,0.00,0.00,0,91,84,0,0,0,0.00,0.00,0,31,40.40,0.00,0.00,0,0,0.00,0.00,99,0.00,0,0,1,0.14,0.42,0,0.00,0.00,0.83,0.29,2,1,0.00,52,0,20,51,46,0.17,32,0.02,0.07,0.47,69,0.07,0.20,97,6,0.86,2.50,0.42,0.14,13,1,0.20,69,30,1,99,0,95,72,0,0.00,99,5,0.00,2.08,16.25,5.57,39,16,70,59,6.67,2.29,41.03,4,1.67,11,0,25.00,0,0.00,99,1,0.14,0.42,62,12,93,66,0,0,0,0,0,38,51,69,61,0,99,93,39,83,1,12,65,98,0,0
Mircea-Mario Tache,21,1106380800,2005/01/22,Liga II,2025/2026,Midfielder,Concordia Chiajna,0,0,0,Romania,0,0,0,0,0,0,0,0,0,0,0,0,0,0,0,0,0,0,0,0,0,0,0,0,0,0,0,0,0,0,0,-1,-1,-1,-1,N/A,N/A,N/A,N/A,N/A,N/A,N/A,N/A,N/A,N/A,N/A,N/A,N/A,N/A,N/A,N/A,N/A,N/A,N/A,N/A,N/A,N/A,N/A,N/A,N/A,N/A,N/A,N/A,N/A,N/A,N/A,N/A,N/A,N/A,N/A,N/A,N/A,N/A,N/A,N/A,N/A,N/A,N/A,N/A,N/A,N/A,N/A,N/A,N/A,N/A,N/A,N/A,N/A,N/A,N/A,N/A,N/A,N/A,N/A,N/A,N/A,N/A,N/A,N/A,N/A,N/A,N/A,N/A,N/A,N/A,N/A,N/A,N/A,N/A,N/A,N/A,N/A,N/A,N/A,N/A,N/A,N/A,N/A,N/A,N/A,N/A,N/A,N/A,N/A,N/A,N/A,N/A,N/A,N/A,N/A,N/A,N/A,N/A,N/A,N/A,N/A,N/A,N/A,N/A,N/A,N/A,N/A,N/A,N/A,N/A,N/A,N/A,N/A,N/A,N/A,N/A,N/A,N/A,N/A,N/A,N/A,N/A,N/A,N/A,N/A,N/A,N/A,N/A,N/A,N/A,N/A,N/A,N/A,N/A,N/A,N/A,N/A,N/A,N/A,N/A,N/A,N/A,N/A,N/A,N/A,N/A,N/A,N/A,N/A,N/A,N/A,N/A,N/A,N/A,N/A,N/A,N/A,N/A,N/A,N/A,N/A,N/A,N/A,N/A,N/A,N/A,N/A,N/A,N/A,N/A,N/A,N/A,N/A,N/A,N/A,N/A,N/A,N/A,N/A,N/A,N/A,N/A,N/A,N/A,N/A,N/A,N/A,N/A,N/A,N/A,N/A,N/A,N/A,N/A,N/A,N/A,N/A,N/A,N/A,N/A,N/A,N/A,N/A,N/A,N/A,N/A,N/A,N/A,N/A,N/A,N/A,N/A,N/A,N/A,N/A,N/A,N/A,N/A,N/A,N/A,N/A,N/A,N/A,N/A
Moses Mawa,29,839142000,1996/08/04,Liga II,2025/2026,Forward,Sepsi,60,60,0,Norway,1,1,0,0,0,0,0,0,0,0,0,0,0,0,0,0,0,0,0,0,0,0,0,0,0,0,0,60,0,0,0,-1,-1,-1,10,0,7.01,0,62,14.92,10.17,5,61,7.83,47,52,11.49,8,0.00,0.00,0.50,3,0.00,0.00,0.00,0.00,0,0.00,0.83,0.00,0.00,0.00,0.00,0.17,0.00,1.25,1.22,0.00,0.50,0.00,0.83,0.52,0.00,0.67,0.00,0.00,0,0,,5,0.83,62,5,1.22,95,0,0.00,12,2,0,1,26,0.00,99,0,0,0.00,1,0,26,0.00,14,0,0.00,99,0,0.00,0,0,0.00,0,0.73,61,3,0.73,37,1,0.24,33.33,0,0.00,0,0,0,0.00,0,0,0.00,99,0.00,0,N/A,N/A,N/A,N/A,0.00,0,0.00,0,3.10,0.00,0,77.05,100.00,99,99,0.00,0.00,0,24,15,0,0,0,0.00,0.00,0,31,42.07,0.50,0.73,3,0,0.00,0.00,99,0.00,0,0,0,0.00,0.00,0,0.00,0.00,0.24,0.17,1,0,80.00,99,0,0,51,0,0.18,11,0.03,0.04,3.10,99,0.52,0.76,33,3,0.50,0.73,1.71,1.17,83,7,0.76,99,84,33,83,0,78,36,0,0.00,99,4,0.00,0.98,14.67,10.00,60,11,9,46,2.69,1.83,18.33,5,1.22,22,0,0.00,0,0.00,99,0,0.00,0.00,26,4,41,85,0,0,0,0,0,38,51,69,61,0,99,9,22,22,0,0,30,14,0,0
Moussa Tiefing Samake,21,1101888000,2004/12/01,Liga II,2025/2026,Midfielder,Concordia Chiajna,724,324,400,Mali,10,5,5,2,1,1,0,0,0,0,0,2,1,1,9,3,6,1,0,0.25,0,0.25,0.28,0.23,362,1.12,80,72,724,0,0.12,70,175,-1,7,0,6.49,0,62,20.88,13.15,19,171,8.92,116,16,14.17,16,0.00,0.00,0.69,9,0.00,0.38,0.12,0.08,1,0.00,1.46,0.00,0.00,0.00,0.77,1.15,0.54,5.75,2.81,1.08,1.77,0.00,0.69,0.32,0.00,1.62,0.00,0.00,0,0,,23,1.77,94,9,1.10,92,14,1.71,94,7,1,9,35,0.00,99,0,10,1.22,50,5,35,0.61,41,0,0.00,99,0,0.00,0,0,0.00,0,1.10,75,23,2.81,79,15,1.83,65.22,0,0.00,0,0,0,0.00,0,7,0.00,58,0.85,44,N/A,N/A,N/A,N/A,0.00,0,0.00,0,4.20,0.00,0,67.84,39.13,69,99,0.00,0.00,0,78,39,0,0,0,0.08,0.12,1,41,84.41,0.23,0.37,3,0,0.00,0.00,99,0.00,0,0,0,0.00,0.00,0,0.00,0.00,0.61,0.38,5,0,17.39,82,39,37,70,58,0.50,23,0.04,0.06,4.20,96,0.32,0.51,33,6,0.46,0.73,1.22,0.77,59,10,0.51,95,48,16,83,0,92,78,0,0.00,99,21,0.00,2.56,26.87,16.92,220,63,84,99,7.69,4.85,28.64,19,2.32,4,0,20.00,0,0.00,99,1,0.08,0.12,36,65,64,99,0,0,0,0,0,72,82,80,78,0,99,39,82,40,1,10,58,22,0,0
Muhammed Hayatu,19,1163750400,2006/11/17,Liga II,2025/2026,Forward,Corvinul Hunedoara,216,130,86,Nigeria,12,6,6,0,0,0,0,0,0,0,0,7,4,3,1,1,0,2,0,0,0,0,0,0,0,0.42,216,18,108,0,0.83,-1,-1,-1,14,0,5.13,0,62,30.90,6.33,46,57,5.11,46,65,24.94,52,0.00,0.00,0.22,2,0.00,0.11,0.00,0.00,0,0.00,0.22,0.00,0.00,0.00,0.33,1.00,0.00,0.00,1.08,0.22,1.56,0.00,0.00,0.01,0.00,0.33,0.00,0.00,0,0,,2,0.22,58,0,0.00,23,2,1.08,73,0,12,0,26,0.00,99,0,3,1.63,69,1,99,0.54,40,0,0.00,99,0,0.00,0,0,0.00,0,1.08,74,14,7.59,99,9,4.88,64.29,0,0.00,0,0,0,0.00,0,0,0.00,99,0.00,0,N/A,N/A,N/A,N/A,0.00,0,0.00,0,0.10,0.00,0,80.70,0.00,23,99,0.00,0.00,0,99,38,0,0,0,0.00,0.00,0,31,46.17,0.33,1.63,3,0,0.00,0.00,99,0.00,0,0,0,0.00,0.00,0,0.00,0.00,0.00,0.00,0,0,0.00,52,0,58,51,99,0.20,57,0.02,0.11,0.10,38,0.01,0.05,94,4,0.44,2.17,0.54,0.11,18,1,0.05,38,18,63,83,0,50,61,0,0.00,99,3,0.00,1.63,24.94,5.11,46,20,99,97,10.84,2.22,43.48,2,1.08,26,0,100.00,0,0.00,99,1,0.11,0.54,69,0,99,28,0,0,0,0,0,38,51,69,61,0,99,95,22,99,2,17,78,14,0,0
Neluţ Stelian Roșu,32,741855600,1993/07/05,Liga II,2025/2026,Midfielder,Tunari,672,191,481,Romania,9,3,6,0,0,0,0,0,0,0,0,0,0,0,11,2,9,3,0,0,0,0,0,0,0,1.47,61,75,224,0,0.4,197,181,-1,17,0,6.73,0,62,54.46,38.73,94,426,32.55,358,84,45.77,94,0.00,0.00,0.45,5,0.00,1.18,0.38,0.27,3,0.00,0.82,0.00,0.00,0.00,0.64,0.73,0.64,0.00,0.77,0.45,0.91,0.00,0.09,0.04,0.00,0.36,0.00,0.00,0,0,,6,0.55,44,1,0.13,34,5,0.64,54,1,1,7,68,0.00,99,0,7,0.89,35,13,74,1.66,66,0,0.00,99,0,0.00,0,0,0.00,0,0.64,53,10,1.28,51,8,1.02,80.00,0,0.00,0,0,0,0.00,0,7,0.00,28,0.89,49,N/A,N/A,N/A,N/A,0.00,0,0.00,0,0.42,0.00,0,84.04,16.67,29,99,0.00,0.00,0,54,73,0,0,0,0.09,0.13,1,42,74.02,0.18,0.26,2,0,0.00,0.00,99,0.00,0,0,0,0.00,0.00,0,0.00,0.00,0.00,0.00,0,0,0.00,52,34,27,51,29,0.99,66,0.09,0.13,0.42,38,0.04,0.05,66,10,0.91,1.28,0.64,0.45,22,5,0.05,38,62,10,83,0,50,13,0,0.00,99,4,0.00,0.51,12.14,8.64,95,35,27,26,4.47,3.18,36.84,9,1.15,24,0,38.46,0,0.00,99,5,0.45,0.64,73,45,64,66,0,0,0,0,0,38,51,69,61,0,99,9,30,92,3,33,97,29,0,0
Nicholas Andone,19,1164182400,2006/11/22,Liga II,2025/2026,Forward,Muscelul Câmpulung Elite,46,0,46,Romania,1,0,1,0,0,0,0,0,0,0,0,0,0,0,1,0,1,0,0,0,0,0,0,0,0,1.96,46,46,0,0,0,-1,-1,-1,3,0,1.63,0,62,43.20,3.00,75,12,2.00,8,12,28.80,63,0.00,0.00,0.00,0,0.00,0.00,0.00,0.00,0,0.00,0.00,0.00,0.00,0.00,0.00,0.00,1.00,0.00,7.20,0.25,0.00,0.00,0.25,0.04,0.00,0.00,0.00,0.00,0,0,,2,0.50,99,1,3.60,99,1,3.60,99,1,0,1,26,0.00,99,0,0,0.00,1,0,26,0.00,14,0,0.00,99,0,0.00,0,0,0.00,0,0.00,14,0,0.00,12,0,0.00,0.00,0,0.00,0,0,0,0.00,0,4,0.00,8,14.40,99,N/A,N/A,N/A,N/A,0.00,0,0.00,0,0.18,0.00,0,66.67,50.00,88,99,0.00,0.00,0,13,13,0,0,0,0.00,0.00,0,31,6.53,0.25,3.60,1,0,0.00,0.00,99,0.00,0,0,0,0.00,0.00,0,0.00,0.00,0.00,0.00,0,0,0.00,52,0,0,51,9,0.02,32,0.01,0.07,0.18,98,0.04,0.65,2,0,0.00,0.00,0.00,0.00,7,0,0.65,97,0,90,83,0,50,1,0,0.00,99,0,0.00,0.00,3.60,0.25,1,0,0,7,0.00,0.00,0.00,0,0.00,99,0,0.00,0,0.00,99,0,0.00,0.00,26,4,41,66,0,0,0,0,0,38,51,69,61,0,99,9,22,22,0,0,30,77,0,0
Nicolae Alexandru Sima,24,1013760000,2002/02/15,Liga II,2025/2026,Defender,Slatina,426,189,237,Romania,7,3,4,0,0,0,0,0,0,0,0,2,2,0,6,1,5,1,0,0,0,0,0,0,0,1.27,71,61,426,0,0.21,332,339,61,23,0,3.08,0,62,30.71,8.92,45,116,6.77,88,47,23.29,48,0.00,0.00,0.38,5,0.00,0.69,0.26,0.08,1,0.00,0.15,0.00,0.00,0.00,0.31,0.08,0.15,0.00,0.00,0.00,0.08,0.00,0.00,0.00,0.00,0.31,0.00,0.00,0,0,,0,0.00,10,0,0.00,23,0,0.00,12,1,2,3,55,0.00,99,0,4,1.06,42,9,37,2.38,79,0,0.00,99,0,0.00,0,0,0.00,0,1.32,83,1,0.26,21,1,0.26,100.00,0,0.00,0,0,0,0.00,0,2,0.00,43,0.53,20,N/A,N/A,N/A,N/A,0.00,0,0.00,0,0.00,0.00,0,75.86,0.00,23,99,0.00,0.00,0,25,99,0,0,0,0.08,0.26,1,60,40.00,0.54,1.85,7,0,0.00,0.00,99,0.00,0,0,0,0.00,0.00,0,0.00,0.00,0.00,0.00,0,0,0.00,52,6,12,51,44,1.56,99,0.12,0.41,0.00,11,0.00,0.00,37,3,0.23,0.79,1.06,0.31,46,4,0.00,10,3,67,83,0,50,41,0,0.00,99,4,0.00,1.06,10.06,2.92,38,12,12,15,3.18,0.92,31.58,2,0.53,46,0,22.22,0,0.00,99,2,0.15,0.53,68,12,73,66,0,0,0,0,0,38,51,69,61,0,99,54,57,66,1,14,72,3,0,0
Nicolae Carnat,28,892018800,1998/04/08,Liga II,2025/2026,Midfielder,Concordia Chiajna,1008,533,475,Romania,14,8,6,3,3,0,3,2,1,0,0,5,4,1,8,2,6,3,0,0.54,0.27,0.27,0.51,0,336,0.71,126,72,336,336,0.27,60,25,-1,3,0,6.87,0.21,94,35.81,24.80,59,372,16.47,247,11,23.78,49,0.00,0.00,1.33,20,0.00,3.93,0.10,0.07,1,0.00,0.47,0.00,0.00,0.00,0.47,2.67,0.40,10.67,3.08,0.87,3.00,0.00,1.27,0.34,0.00,1.13,0.00,0.00,0,0,,32,2.13,97,19,1.83,99,13,1.25,79,1,2,12,34,0.00,99,0,7,0.67,23,59,39,5.68,99,0,0.00,99,0,0.00,0,0,0.00,0,1.93,96,45,4.33,92,40,3.85,88.89,0,0.00,0,0,0,0.00,0,6,0.00,88,0.58,21,N/A,N/A,N/A,N/A,0.00,0,0.00,0,5.17,0.00,0,66.40,59.38,93,99,0.00,0.00,0,96,86,0,0,0,0.07,0.10,1,36,103.00,0.40,0.58,6,0,0.00,0.00,99,0.00,0,0,0,0.00,0.00,0,0.00,0.00,0.29,0.20,3,0,9.38,66,68,78,68,87,3.02,96,0.20,0.29,5.17,95,0.34,0.50,48,10,0.67,0.96,1.44,1.00,72,15,0.50,94,76,24,83,0,79,61,0,0.00,99,17,0.00,1.64,18.58,12.87,193,82,86,78,7.89,5.47,42.49,7,0.67,41,0,23.73,0,0.00,99,14,0.93,1.35,93,84,73,66,0,1,0,7,0,90,83,69,92,0,99,69,46,77,3,21,87,23,0,0
Nicolae Ionut Paun,27,916732800,1999/01/19,Liga II,2025/2026,Midfielder,Sepsi,882,570,312,Romania,13,8,5,1,1,0,2,1,1,0,0,5,4,1,7,3,4,3,0,0.31,0.2,0.1,0.16,0,882,0.71,126,68,294,441,0.31,134,43,-1,8,0,6.91,0.15,90,58.39,46.94,98,798,38.00,646,67,47.27,96,0.00,0.00,0.41,7,0.00,0.65,0.59,0.47,8,0.00,0.29,0.00,0.00,0.00,1.53,0.12,0.41,13.00,0.95,0.71,0.12,0.00,0.06,0.07,0.00,1.76,0.00,0.00,0,0,,13,0.76,52,1,0.07,26,12,0.88,65,2,4,8,81,0.00,99,0,26,1.90,78,11,32,0.80,49,0,0.00,99,0,0.00,0,0,0.00,0,0.51,47,2,0.15,16,2,0.15,100.00,0,0.00,0,0,0,0.00,0,7,0.00,88,0.51,18,N/A,N/A,N/A,N/A,0.00,0,0.00,0,1.27,0.00,0,80.95,7.69,23,99,0.00,0.00,0,19,99,0,0,0,0.47,0.59,8,84,117.40,1.41,1.76,24,0,0.00,0.00,99,0.00,0,0,0,0.00,0.00,0,0.00,0.00,0.15,0.12,2,0,7.69,61,56,67,90,87,3.43,94,0.20,0.25,1.27,50,0.07,0.09,47,13,0.76,0.95,1.61,1.29,80,22,0.09,49,79,65,83,0,66,74,0,0.00,99,30,0.00,2.20,13.90,11.18,190,67,34,43,4.90,3.94,35.26,5,0.37,59,0,18.18,0,0.00,99,2,0.12,0.15,38,53,89,85,0,0,0,0,0,76,61,69,68,0,99,71,41,83,3,23,89,6,0,0
Nicolae Șofran,24,1002092400,2001/10/03,Liga II,2025/2026,Defender,Dumbrăviţa,971,450,521,Romania,11,5,6,2,1,1,2,0,2,0,0,1,1,0,21,8,13,5,0,0.37,0.19,0.19,0.2,0.17,486,1.95,46,88,194,486,0.46,95,46,86,3,0,6.46,0.18,88,20.67,16.14,19,226,10.21,143,5,13.08,12,0.00,0.00,1.14,16,0.00,2.86,0.91,0.71,10,0.00,0.57,0.00,0.00,0.00,0.71,1.36,1.07,6.00,1.10,0.50,1.86,0.00,0.36,0.16,0.00,0.71,0.00,0.00,0,0,,12,0.86,58,5,0.46,65,7,0.64,54,1,0,10,96,0.00,99,0,10,0.91,35,40,57,3.66,92,0,0.00,99,0,0.00,0,0,0.00,0,1.46,87,26,2.38,73,19,1.74,73.08,0,0.00,0,0,0,0.00,0,15,0.00,9,1.37,77,N/A,N/A,N/A,N/A,0.00,0,0.00,0,2.18,0.00,0,63.27,41.67,75,99,0.00,0.00,0,76,57,0,0,0,0.00,0.00,0,31,90.39,0.71,0.91,10,1,0.00,0.09,7,0.07,0,0,1,0.07,0.09,0,0.00,0.00,0.18,0.14,2,0,16.67,81,64,46,79,9,2.08,84,0.15,0.19,2.18,69,0.16,0.20,74,16,1.14,1.46,1.28,1.00,64,14,0.20,69,46,41,93,0,70,31,0,0.00,99,10,0.00,0.91,15.73,12.29,172,63,54,56,5.76,4.50,36.63,8,0.73,38,0,32.50,0,0.00,99,13,0.93,1.19,90,73,41,66,0,0,0,0,0,82,73,74,71,0,99,14,26,96,5,45,99,18,0,0
Nicolas Popescu,23,1041494400,2003/01/02,Liga II,2025/2026,Midfielder,CSA Steaua Bucureşti,543,303,240,Romania,7,4,3,2,1,1,0,0,0,0,0,1,0,1,9,5,4,1,0,0.33,0,0.33,0.3,0.38,272,1.49,60,78,543,0,0.17,46,162,-1,5,0,5.52,0,62,48.45,17.76,88,302,14.88,253,82,40.59,88,0.00,0.00,0.18,3,0.00,0.12,0.80,0.29,5,0.00,0.65,0.00,0.00,0.00,0.35,0.88,0.47,15.00,2.41,0.71,1.06,0.00,0.18,0.09,0.00,0.47,0.00,0.00,0,0,,15,0.88,87,3,0.48,67,12,1.93,96,2,0,6,93,0.00,99,0,6,0.96,38,2,26,0.32,31,0,0.00,99,0,0.00,0,0,0.00,0,0.48,45,18,2.89,81,15,2.41,83.33,0,0.00,0,0,0,0.00,0,8,0.00,27,1.28,73,N/A,N/A,N/A,N/A,0.00,0,0.00,0,1.53,0.00,0,83.77,20.00,35,99,0.00,0.00,0,87,80,0,0,0,0.06,0.16,1,46,93.84,0.18,0.48,3,0,0.00,0.00,99,0.00,0,0,0,0.00,0.00,0,0.00,0.00,0.16,0.06,1,0,6.67,59,21,12,64,26,0.68,57,0.04,0.11,1.53,75,0.09,0.25,73,9,0.53,1.44,1.28,0.47,64,8,0.25,75,26,21,83,0,68,50,0,0.00,99,8,0.00,1.28,17.81,6.53,111,50,88,72,8.02,2.94,45.05,11,1.76,11,0,0.00,0,0.00,99,0,0.00,0.00,26,38,41,85,0,0,0,0,0,78,87,89,80,0,99,27,71,54,1,14,72,80,0,0
Nicu Modan,31,787824000,1994/12/19,Liga II,2025/2026,Midfielder,CSM Reşiţa,1167,653,514,Romania,14,8,6,8,6,2,2,1,1,0,0,7,4,3,9,4,5,3,1,0.77,0.15,0.62,0.83,0.35,146,0.69,130,83,389,584,0.23,13,67,-1,2,0,6.97,0.14,83,14.66,11.75,4,188,7.25,116,3,9.05,2,0.00,0.00,0.81,13,0.00,1.44,0.08,0.06,1,0.00,2.00,0.00,0.00,0.00,0.38,0.75,0.56,6.43,3.51,1.88,1.25,0.00,0.94,0.47,0.00,2.56,0.00,0.00,0,0,,45,2.81,99,15,1.17,95,30,2.34,99,2,0,13,30,0.00,99,0,6,0.47,13,23,45,1.79,69,0,0.00,99,0,0.00,0,0,0.00,0,1.01,73,20,1.56,58,12,0.94,60.00,0,0.00,0,0,0,0.00,0,9,0.00,89,0.70,29,N/A,N/A,N/A,N/A,0.00,0,0.00,0,7.59,0.00,0,61.70,33.33,60,99,0.00,0.00,0,53,34,0,0,0,0.19,0.23,3,57,111.56,0.75,0.94,12,0,0.00,0.00,99,0.00,0,0,2,0.12,0.16,0,0.00,0.00,1.87,1.50,24,3,15.56,76,79,78,54,89,1.90,74,0.12,0.15,7.59,96,0.47,0.59,72,18,1.12,1.40,2.57,2.06,98,33,0.59,96,83,42,98,0,99,89,0,0.00,99,41,0.00,3.20,24.88,19.94,319,95,81,97,7.41,5.94,29.78,32,2.50,3,0,26.09,0,0.00,99,6,0.38,0.47,66,88,41,85,0,0,0,0,0,96,97,88,97,0,99,93,51,71,2,14,72,23,0,0
Nicuşor Fota,29,849427200,1996/12/01,Liga II,2025/2026,Defender,CSM Reşiţa,429,172,257,Romania,8,3,5,0,0,0,0,0,0,0,0,5,2,3,5,1,4,0,0,0,0,0,0,0,0,1.05,86,54,0,0,0,264,252,41,16,0,4.33,0,62,29.83,12.21,42,171,7.79,109,6,19.01,31,0.00,0.00,0.14,2,0.00,1.36,0.70,0.29,4,0.00,0.07,0.00,0.00,0.00,0.64,0.79,0.21,0.00,0.17,0.07,0.79,0.00,0.00,0.00,0.00,0.36,0.00,0.00,0,0,,1,0.07,13,0,0.00,23,1,0.17,19,3,3,5,88,0.00,99,0,9,1.57,66,19,45,3.31,89,0,0.00,99,0,0.00,0,0,0.00,0,0.35,35,11,1.92,65,11,1.92,100.00,0,0.00,0,0,0,0.00,0,3,0.00,64,0.52,19,N/A,N/A,N/A,N/A,0.00,0,0.00,0,0.05,0.00,0,63.74,0.00,23,99,0.00,0.00,0,80,99,0,0,0,0.07,0.17,1,48,60.60,0.93,2.27,13,0,0.00,0.00,99,0.00,0,0,0,0.00,0.00,0,0.00,0.00,0.17,0.07,1,0,0.00,52,7,20,51,65,0.33,23,0.02,0.06,0.05,16,0.00,0.01,43,5,0.36,0.87,0.17,0.07,9,1,0.01,16,9,75,83,0,69,30,0,0.00,99,5,0.00,0.87,12.21,5.00,70,33,54,27,5.76,2.36,47.14,1,0.17,75,0,26.32,0,0.00,99,5,0.36,0.87,83,29,85,91,0,0,0,0,0,38,51,69,61,0,99,96,22,22,0,0,30,14,0,0
Nikola Gavrić,28,886147200,1998/01/30,Liga II,2025/2026,Defender,Metalul Buzău,20,0,20,Bosnia and Herzegovina,2,0,2,0,0,0,0,0,0,0,0,0,0,0,0,0,0,0,0,0,0,0,0,0,0,0,0,10,0,0,0,-1,-1,-1,14,0,1.47,0,62,26.47,1.11,31,10,0.89,8,63,21.18,39,0.00,0.00,0.00,0,0.00,0.00,0.00,0.00,0,0.00,0.00,0.00,0.00,0.00,0.11,0.00,0.00,0.00,0.00,0.00,0.00,0.00,0.00,0.00,0.00,0.11,0.00,0.00,0,0,,0,0.00,10,0,0.00,23,0,0.00,12,0,2,0,26,0.00,99,0,1,2.65,94,0,26,0.00,14,0,0.00,99,0,0.00,0,0,0.00,0,0.00,14,0,0.00,12,0,0.00,0.00,0,0.00,0,0,0,0.00,0,0,0.00,99,0.00,0,N/A,N/A,N/A,N/A,0.00,0,0.00,0,0.00,0.00,0,80.00,0.00,23,99,0.00,0.00,0,13,13,0,0,0,0.00,0.00,0,31,13.20,0.11,2.65,1,0,0.00,0.00,99,0.00,0,0,0,0.00,0.00,0,0.00,0.00,0.00,0.00,0,0,0.00,52,0,0,51,0,0.02,17,0.00,0.05,0.00,11,0.00,0.00,2,0,0.00,0.00,0.00,0.00,7,0,0.00,10,0,79,83,0,50,81,0,0.00,99,1,0.00,2.65,13.24,0.56,5,2,45,38,5.29,0.22,40.00,0,0.00,99,0,0.00,0,0.00,99,0,0.00,0.00,26,0,73,28,0,0,0,0,0,38,51,69,61,0,99,9,22,22,0,0,30,15,0,0
Octavian Costan,18,1177225200,2007/04/22,Liga II,2025/2026,Forward,Ceahlăul Piatra Neamţ,0,0,0,Romania,0,0,0,0,0,0,0,0,0,0,0,0,0,0,0,0,0,0,0,0,0,0,0,0,0,0,0,0,0,0,0,-1,-1,-1,-1,N/A,N/A,N/A,N/A,N/A,N/A,N/A,N/A,N/A,N/A,N/A,N/A,N/A,N/A,N/A,N/A,N/A,N/A,N/A,N/A,N/A,N/A,N/A,N/A,N/A,N/A,N/A,N/A,N/A,N/A,N/A,N/A,N/A,N/A,N/A,N/A,N/A,N/A,N/A,N/A,N/A,N/A,N/A,N/A,N/A,N/A,N/A,N/A,N/A,N/A,N/A,N/A,N/A,N/A,N/A,N/A,N/A,N/A,N/A,N/A,N/A,N/A,N/A,N/A,N/A,N/A,N/A,N/A,N/A,N/A,N/A,N/A,N/A,N/A,N/A,N/A,N/A,N/A,N/A,N/A,N/A,N/A,N/A,N/A,N/A,N/A,N/A,N/A,N/A,N/A,N/A,N/A,N/A,N/A,N/A,N/A,N/A,N/A,N/A,N/A,N/A,N/A,N/A,N/A,N/A,N/A,N/A,N/A,N/A,N/A,N/A,N/A,N/A,N/A,N/A,N/A,N/A,N/A,N/A,N/A,N/A,N/A,N/A,N/A,N/A,N/A,N/A,N/A,N/A,N/A,N/A,N/A,N/A,N/A,N/A,N/A,N/A,N/A,N/A,N/A,N/A,N/A,N/A,N/A,N/A,N/A,N/A,N/A,N/A,N/A,N/A,N/A,N/A,N/A,N/A,N/A,N/A,N/A,N/A,N/A,N/A,N/A,N/A,N/A,N/A,N/A,N/A,N/A,N/A,N/A,N/A,N/A,N/A,N/A,N/A,N/A,N/A,N/A,N/A,N/A,N/A,N/A,N/A,N/A,N/A,N/A,N/A,N/A,N/A,N/A,N/A,N/A,N/A,N/A,N/A,N/A,N/A,N/A,N/A,N/A,N/A,N/A,N/A,N/A,N/A,N/A,N/A,N/A,N/A,N/A,N/A,N/A,N/A,N/A,N/A,N/A,N/A,N/A,N/A,N/A,N/A,N/A,N/A,N/A
Okan Chatziterzoglu,30,826012800,1996/03/05,Liga II,2025/2026,Defender,ASA Târgu Mureş,428,200,228,Greece,8,4,4,1,0,1,0,0,0,0,0,5,4,1,6,0,6,2,0,0.21,0,0.21,0,0.39,428,1.26,71,54,214,0,0.42,86,271,58,8,0,3.34,0,62,43.98,10.81,76,173,9.19,147,87,37.37,81,0.00,0.00,0.00,0,0.00,0.12,0.00,0.00,0,0.00,0.00,0.00,0.00,0.00,0.19,0.00,0.38,2.00,0.51,0.06,0.00,0.00,0.06,0.05,0.00,0.44,0.00,0.00,0,0,,2,0.12,32,1,0.25,50,1,0.25,27,0,4,4,26,0.00,99,0,3,0.76,27,2,26,0.51,39,0,0.00,99,0,0.00,0,0,0.00,0,0.00,14,0,0.00,12,0,0.00,0.00,0,0.00,0,0,0,0.00,0,6,0.00,44,1.53,83,N/A,N/A,N/A,N/A,0.00,0,0.00,0,0.80,0.00,0,84.97,50.00,88,99,0.00,0.00,0,13,13,0,0,0,0.44,1.78,7,99,53.39,0.62,2.54,10,0,0.00,0.00,99,0.00,0,0,0,0.00,0.00,0,0.00,0.00,0.00,0.00,0,0,50.00,99,6,20,75,44,0.31,39,0.02,0.08,0.80,69,0.05,0.20,10,1,0.06,0.25,0.51,0.12,17,2,0.20,69,4,78,83,0,50,64,0,0.00,99,7,0.00,1.78,10.42,2.56,41,10,8,16,2.54,0.62,24.39,0,0.00,99,0,0.00,0,0.00,99,0,0.00,0.00,26,20,89,28,0,0,0,0,0,65,76,89,61,0,99,96,29,93,2,25,92,4,0,0
Ousman Marong,26,929948400,1999/06/21,Liga II,2025/2026,Midfielder,Concordia Chiajna,685,424,261,Gambia,12,7,5,0,0,0,1,1,0,0,0,3,2,1,8,6,2,2,0,0.13,0.13,0,0,0,0,1.05,86,57,343,685,0.26,199,78,-1,22,0,6.08,0.08,78,46.22,24.89,84,473,20.00,380,64,37.13,81,0.00,0.00,0.47,9,0.00,0.37,0.49,0.26,5,0.00,0.11,0.00,0.00,0.00,0.68,0.32,0.26,0.00,0.68,0.21,0.53,0.00,0.16,0.03,0.00,0.32,0.00,0.00,0,0,,7,0.37,40,3,0.29,53,4,0.39,33,5,3,9,75,0.00,99,0,13,1.27,52,7,83,0.68,43,0,0.00,99,0,0.00,0,0,0.00,0,0.88,69,10,0.98,44,6,0.59,60.00,0,0.00,0,0,0,0.00,0,5,0.00,64,0.49,16,N/A,N/A,N/A,N/A,0.00,0,0.00,0,0.50,0.00,0,80.34,42.86,77,99,0.00,0.00,0,40,34,0,0,0,0.32,0.59,6,84,115.59,0.47,0.88,9,0,0.00,0.00,99,0.00,0,0,0,0.00,0.00,0,0.00,0.00,0.10,0.05,1,0,0.00,52,35,58,51,65,1.77,81,0.09,0.17,0.50,38,0.03,0.05,36,8,0.42,0.78,1.27,0.68,63,13,0.05,38,38,40,83,0,58,15,0,0.00,99,6,0.00,0.59,11.43,6.16,117,46,28,21,4.50,2.42,39.32,2,0.20,71,0,42.86,0,0.00,99,3,0.16,0.29,54,65,85,99,0,0,0,0,0,51,51,69,61,0,99,47,46,76,2,17,78,11,0,0
Patrick Mihai Petre,28,863161200,1997/05/09,Liga II,2025/2026,Midfielder,FC Bacău,657,360,297,Romania,9,4,5,0,0,0,0,0,0,0,0,2,1,1,16,7,9,1,0,0,0,0,0,0,0,2.19,41,73,657,0,0.14,170,189,-1,12,0,6.62,0,62,26.84,16.57,32,116,11.71,82,26,18.97,31,0.00,0.00,1.29,9,0.00,1.00,0.23,0.14,1,0.00,0.29,0.00,0.00,0.00,0.43,1.43,1.86,0.00,1.85,0.86,2.00,0.00,0.29,0.09,0.00,0.00,0.00,0.00,0,0,,8,1.14,77,2,0.46,65,6,1.39,84,0,1,5,52,0.00,99,0,3,0.69,25,7,29,1.62,65,0,0.00,99,0,0.00,0,0,0.00,0,2.08,98,14,3.24,85,10,2.31,71.43,0,0.00,0,0,0,0.00,0,13,0.00,6,3.01,96,N/A,N/A,N/A,N/A,0.00,0,0.00,0,0.64,0.00,0,70.69,25.00,43,99,0.00,0.00,0,85,53,0,0,0,0.00,0.00,0,31,46.37,0.14,0.23,1,0,0.00,0.00,99,0.00,0,0,0,0.00,0.00,0,0.00,0.00,0.23,0.14,1,0,0.00,52,33,27,51,6,0.48,57,0.07,0.11,0.64,62,0.09,0.15,60,5,0.71,1.16,0.46,0.29,15,2,0.15,62,55,8,83,0,76,1,0,0.00,99,0,0.00,0.00,13.42,8.29,58,19,26,39,4.40,2.71,32.76,2,0.46,50,0,14.29,0,0.00,99,1,0.14,0.23,49,29,64,28,0,0,0,0,0,38,51,69,61,0,99,41,78,48,0,0,30,10,0,0
Patrick Ntim,20,1136188800,2006/01/02,Liga II,2025/2026,Midfielder,Viitorul Şelimbăr,0,0,0,Ghana,0,0,0,0,0,0,0,0,0,0,0,0,0,0,0,0,0,0,0,0,0,0,0,0,0,0,0,0,0,0,0,-1,-1,-1,-1,N/A,N/A,N/A,N/A,N/A,N/A,N/A,N/A,N/A,N/A,N/A,N/A,N/A,N/A,N/A,N/A,N/A,N/A,N/A,N/A,N/A,N/A,N/A,N/A,N/A,N/A,N/A,N/A,N/A,N/A,N/A,N/A,N/A,N/A,N/A,N/A,N/A,N/A,N/A,N/A,N/A,N/A,N/A,N/A,N/A,N/A,N/A,N/A,N/A,N/A,N/A,N/A,N/A,N/A,N/A,N/A,N/A,N/A,N/A,N/A,N/A,N/A,N/A,N/A,N/A,N/A,N/A,N/A,N/A,N/A,N/A,N/A,N/A,N/A,N/A,N/A,N/A,N/A,N/A,N/A,N/A,N/A,N/A,N/A,N/A,N/A,N/A,N/A,N/A,N/A,N/A,N/A,N/A,N/A,N/A,N/A,N/A,N/A,N/A,N/A,N/A,N/A,N/A,N/A,N/A,N/A,N/A,N/A,N/A,N/A,N/A,N/A,N/A,N/A,N/A,N/A,N/A,N/A,N/A,N/A,N/A,N/A,N/A,N/A,N/A,N/A,N/A,N/A,N/A,N/A,N/A,N/A,N/A,N/A,N/A,N/A,N/A,N/A,N/A,N/A,N/A,N/A,N/A,N/A,N/A,N/A,N/A,N/A,N/A,N/A,N/A,N/A,N/A,N/A,N/A,N/A,N/A,N/A,N/A,N/A,N/A,N/A,N/A,N/A,N/A,N/A,N/A,N/A,N/A,N/A,N/A,N/A,N/A,N/A,N/A,N/A,N/A,N/A,N/A,N/A,N/A,N/A,N/A,N/A,N/A,N/A,N/A,N/A,N/A,N/A,N/A,N/A,N/A,N/A,N/A,N/A,N/A,N/A,N/A,N/A,N/A,N/A,N/A,N/A,N/A,N/A,N/A,N/A,N/A,N/A,N/A,N/A,N/A,N/A,N/A,N/A,N/A,N/A,N/A,N/A,N/A,N/A,N/A,N/A
Paul Alexandru Copaci,27,905929200,1998/09/16,Liga II,2025/2026,Defender,CSM Satu Mare,873,348,525,Romania,12,5,7,0,0,0,0,0,0,0,0,1,0,1,25,14,11,2,0,0,0,0,0,0,0,2.58,35,73,437,0,0.21,266,255,93,34,0,5.52,0,62,44.42,31.67,77,380,22.83,274,31,32.03,69,0.00,0.00,0.25,3,0.00,0.58,0.00,0.00,0,0.00,0.08,0.00,0.00,0.00,1.92,0.08,1.33,0.00,0.70,0.50,0.17,0.00,0.00,0.03,0.00,1.33,0.00,0.00,0,0,,6,0.50,41,0,0.00,23,6,0.70,56,1,2,8,26,0.00,99,0,23,2.69,96,7,94,0.82,50,0,0.00,99,0,0.00,0,0,0.00,0,0.35,35,2,0.23,20,1,0.12,50.00,0,0.00,0,0,0,0.00,0,16,0.00,4,1.87,88,N/A,N/A,N/A,N/A,0.00,0,0.00,0,0.31,0.00,0,72.11,0.00,23,99,0.00,0.00,0,17,24,0,0,0,0.50,0.70,6,89,66.30,2.25,3.16,27,0,0.00,0.00,99,0.00,0,0,1,0.08,0.12,0,0.00,0.00,0.00,0.00,0,0,0.00,52,55,58,51,4,0.72,39,0.06,0.08,0.31,34,0.03,0.04,53,9,0.75,1.05,0.94,0.67,41,8,0.04,33,26,87,96,0,50,66,0,0.00,99,16,0.00,1.87,12.04,8.58,103,41,34,25,4.79,3.42,39.81,1,0.12,79,0,57.14,0,0.00,99,4,0.33,0.47,66,53,73,66,0,0,0,0,0,38,51,69,61,0,99,11,59,66,1,8,50,8,0,0
Paul Andrei Chiorean,29,852105600,1997/01/01,Liga II,2025/2026,Midfielder,ACS Gloria Bistrita,815,516,299,Romania,12,7,5,2,2,0,0,0,0,0,0,1,1,0,14,8,6,0,0,0.22,0,0.22,0.35,0,408,1.55,58,68,0,0,0,82,279,-1,4,0,4.32,0,62,39.12,17.39,68,313,14.39,259,79,32.38,70,0.00,0.00,0.89,16,0.00,0.33,0.25,0.11,2,0.00,0.17,0.00,0.00,0.00,0.50,0.61,0.39,5.00,1.25,0.39,0.89,0.00,0.17,0.10,0.00,0.44,0.00,0.00,0,0,,10,0.56,63,3,0.38,61,7,0.88,65,1,2,8,54,0.00,99,0,9,1.12,44,6,31,0.75,46,0,0.00,99,0,0.00,0,0,0.00,0,2.00,97,16,2.00,67,11,1.38,68.75,0,0.00,0,0,0,0.00,0,7,0.00,23,0.88,47,N/A,N/A,N/A,N/A,0.00,0,0.00,0,1.89,0.00,0,82.75,30.00,48,99,0.00,0.00,0,68,47,0,0,0,0.00,0.00,0,31,77.74,0.39,0.88,7,0,0.00,0.00,99,0.00,0,0,0,0.00,0.00,0,0.00,0.00,0.12,0.06,1,0,20.00,88,50,58,74,23,0.96,62,0.05,0.12,1.89,74,0.10,0.24,43,7,0.39,0.88,0.75,0.33,29,6,0.24,74,9,40,83,0,62,38,0,0.00,99,8,0.00,1.00,12.25,5.44,98,36,28,28,4.50,2.00,36.73,3,0.38,57,0,16.67,0,0.00,99,1,0.06,0.12,36,53,73,66,0,0,0,0,0,67,78,69,83,0,99,11,22,22,0,0,30,18,0,0
Paul Răzvan Mitrică,26,935305200,1999/08/22,Liga II,2025/2026,Midfielder,FC Bacău,880,450,430,Romania,11,5,6,1,1,0,1,1,0,0,0,2,2,0,16,4,12,0,0,0.2,0.1,0.1,0.2,0,880,1.64,55,80,0,880,0,133,106,-1,5,0,6.66,0.09,71,19.27,16.40,15,164,11.00,110,13,12.92,12,0.00,0.00,0.50,5,0.00,1.30,0.35,0.30,3,0.00,1.50,0.00,0.00,0.00,0.50,0.90,1.00,15.00,1.76,1.10,1.90,0.00,0.40,0.16,0.00,1.90,0.00,0.00,0,0,,15,1.50,75,4,0.47,66,11,1.29,80,2,0,9,64,0.00,99,0,5,0.59,19,13,38,1.53,64,0,0.00,99,0,0.00,0,0,0.00,0,0.59,51,19,2.23,71,9,1.06,47.37,0,0.00,0,0,0,0.00,0,10,0.00,19,1.17,68,N/A,N/A,N/A,N/A,0.00,0,0.00,0,1.58,0.00,0,67.07,26.67,44,99,0.00,0.00,0,55,19,0,0,0,0.30,0.35,3,68,66.65,0.60,0.70,6,0,0.00,0.00,99,0.00,0,0,2,0.20,0.23,0,0.00,0.00,0.59,0.50,5,1,6.67,59,56,46,89,20,1.00,62,0.10,0.12,1.58,67,0.16,0.19,83,15,1.50,1.76,2.00,1.70,92,17,0.19,67,58,31,99,0,91,75,0,0.00,99,19,0.00,2.23,18.56,15.80,158,50,56,77,5.87,5.00,31.65,15,1.76,11,0,23.08,0,0.00,99,3,0.30,0.35,58,65,41,85,0,0,0,0,0,63,61,69,71,0,99,34,22,22,0,0,30,7,0,0
Paul Toroc,21,1085122800,2004/05/21,Liga II,2025/2026,Midfielder,Dumbrăviţa,0,0,0,Romania,0,0,0,0,0,0,0,0,0,0,0,0,0,0,0,0,0,0,0,0,0,0,0,0,0,0,0,0,0,0,0,-1,-1,-1,-1,N/A,N/A,N/A,N/A,N/A,N/A,N/A,N/A,N/A,N/A,N/A,N/A,N/A,N/A,N/A,N/A,N/A,N/A,N/A,N/A,N/A,N/A,N/A,N/A,N/A,N/A,N/A,N/A,N/A,N/A,N/A,N/A,N/A,N/A,N/A,N/A,N/A,N/A,N/A,N/A,N/A,N/A,N/A,N/A,N/A,N/A,N/A,N/A,N/A,N/A,N/A,N/A,N/A,N/A,N/A,N/A,N/A,N/A,N/A,N/A,N/A,N/A,N/A,N/A,N/A,N/A,N/A,N/A,N/A,N/A,N/A,N/A,N/A,N/A,N/A,N/A,N/A,N/A,N/A,N/A,N/A,N/A,N/A,N/A,N/A,N/A,N/A,N/A,N/A,N/A,N/A,N/A,N/A,N/A,N/A,N/A,N/A,N/A,N/A,N/A,N/A,N/A,N/A,N/A,N/A,N/A,N/A,N/A,N/A,N/A,N/A,N/A,N/A,N/A,N/A,N/A,N/A,N/A,N/A,N/A,N/A,N/A,N/A,N/A,N/A,N/A,N/A,N/A,N/A,N/A,N/A,N/A,N/A,N/A,N/A,N/A,N/A,N/A,N/A,N/A,N/A,N/A,N/A,N/A,N/A,N/A,N/A,N/A,N/A,N/A,N/A,N/A,N/A,N/A,N/A,N/A,N/A,N/A,N/A,N/A,N/A,N/A,N/A,N/A,N/A,N/A,N/A,N/A,N/A,N/A,N/A,N/A,N/A,N/A,N/A,N/A,N/A,N/A,N/A,N/A,N/A,N/A,N/A,N/A,N/A,N/A,N/A,N/A,N/A,N/A,N/A,N/A,N/A,N/A,N/A,N/A,N/A,N/A,N/A,N/A,N/A,N/A,N/A,N/A,N/A,N/A,N/A,N/A,N/A,N/A,N/A,N/A,N/A,N/A,N/A,N/A,N/A,N/A,N/A,N/A,N/A,N/A,N/A,N/A
Pedro Albino,27,914227200,1998/12/21,Liga II,2025/2026,Defender,Corvinul Hunedoara,1403,683,720,Portugal,18,9,9,2,0,2,1,1,0,0,0,12,6,6,8,5,3,1,0,0.19,0.06,0.13,0,0.25,702,0.51,175,78,1403,1403,0.06,119,124,4,6,0,7.19,0.06,63,49.99,45.28,90,1132,37.68,942,80,41.60,91,0.00,0.00,1.56,39,0.00,1.80,0.53,0.48,12,0.00,0.24,0.00,0.00,0.00,1.80,1.24,0.40,7.00,0.62,0.28,1.80,0.00,0.28,0.10,0.00,0.64,0.00,0.00,0,0,,14,0.56,37,7,0.31,55,7,0.31,30,1,1,17,78,0.00,99,0,45,1.99,81,45,73,1.99,73,0,0.00,99,0,0.00,0,0,0.00,0,1.72,93,45,1.99,66,31,1.37,68.89,0,0.00,0,0,0,0.00,0,10,0.00,96,0.44,11,N/A,N/A,N/A,N/A,0.00,0,0.00,0,2.44,0.00,0,83.22,50.00,88,99,0.00,0.00,0,67,47,0,0,0,0.28,0.31,7,63,179.79,1.44,1.59,36,0,0.00,0.00,99,0.00,0,0,0,0.00,0.00,0,0.00,0.00,0.26,0.24,6,2,14.29,75,93,97,87,95,3.81,81,0.15,0.17,2.44,54,0.10,0.11,41,19,0.76,0.84,0.53,0.48,18,12,0.11,53,94,63,83,0,79,21,0,0.00,99,16,0.00,0.71,11.70,10.60,265,99,25,22,4.37,3.96,37.36,6,0.26,64,0,37.78,0,0.00,99,17,0.68,0.75,78,97,64,66,0,0,0,0,0,61,65,82,61,0,99,98,98,24,1,6,34,7,0,0
Petrișor Ionuț Petrescu,32,741337200,1993/06/29,Liga II,2025/2026,Midfielder,Viitorul Şelimbăr,1053,423,630,Romania,12,5,7,2,0,2,0,0,0,0,0,0,0,0,19,7,12,3,0,0.17,0,0.17,0,0.29,527,1.62,55,88,351,0,0.26,104,313,-1,3,0,7.30,0,62,34.31,33.00,53,297,24.11,217,36,25.07,53,0.00,0.00,1.78,16,0.00,3.00,0.81,0.78,7,0.00,1.44,0.00,0.00,0.00,0.89,1.78,1.56,11.50,2.66,1.56,2.33,0.00,1.00,0.36,0.00,0.78,0.00,0.00,0,0,,23,2.56,92,9,1.04,89,14,1.62,91,1,0,8,93,0.00,99,0,8,0.92,36,27,53,3.12,87,0,0.00,99,0,0.00,0,0,0.00,0,1.85,95,21,2.43,75,16,1.85,76.19,0,0.00,0,0,0,0.00,0,14,0.00,20,1.62,83,N/A,N/A,N/A,N/A,0.00,0,0.00,0,3.21,0.00,0,73.06,39.13,69,99,0.00,0.00,0,78,63,0,0,0,0.00,0.00,0,31,65.68,0.44,0.46,4,0,0.00,0.00,99,0.00,0,0,1,0.11,0.12,0,0.00,0.00,0.46,0.44,4,0,8.70,63,70,58,82,20,0.97,57,0.11,0.11,3.21,87,0.36,0.37,76,13,1.44,1.50,2.43,2.33,96,21,0.37,86,98,20,96,0,86,26,0,0.00,99,7,0.00,0.81,17.45,16.78,151,50,54,68,5.78,5.56,33.11,13,1.50,13,0,29.63,0,0.00,99,8,0.89,0.92,84,53,41,66,0,0,0,0,0,58,70,85,61,0,99,9,47,76,3,25,92,7,0,0
Petruș Pintilie,22,1060153200,2003/08/06,Liga II,2025/2026,Defender,Concordia Chiajna,0,0,0,Romania,0,0,0,0,0,0,0,0,0,0,0,0,0,0,0,0,0,0,0,0,0,0,0,0,0,0,0,0,0,0,0,-1,-1,-1,-1,N/A,N/A,N/A,N/A,N/A,N/A,N/A,N/A,N/A,N/A,N/A,N/A,N/A,N/A,N/A,N/A,N/A,N/A,N/A,N/A,N/A,N/A,N/A,N/A,N/A,N/A,N/A,N/A,N/A,N/A,N/A,N/A,N/A,N/A,N/A,N/A,N/A,N/A,N/A,N/A,N/A,N/A,N/A,N/A,N/A,N/A,N/A,N/A,N/A,N/A,N/A,N/A,N/A,N/A,N/A,N/A,N/A,N/A,N/A,N/A,N/A,N/A,N/A,N/A,N/A,N/A,N/A,N/A,N/A,N/A,N/A,N/A,N/A,N/A,N/A,N/A,N/A,N/A,N/A,N/A,N/A,N/A,N/A,N/A,N/A,N/A,N/A,N/A,N/A,N/A,N/A,N/A,N/A,N/A,N/A,N/A,N/A,N/A,N/A,N/A,N/A,N/A,N/A,N/A,N/A,N/A,N/A,N/A,N/A,N/A,N/A,N/A,N/A,N/A,N/A,N/A,N/A,N/A,N/A,N/A,N/A,N/A,N/A,N/A,N/A,N/A,N/A,N/A,N/A,N/A,N/A,N/A,N/A,N/A,N/A,N/A,N/A,N/A,N/A,N/A,N/A,N/A,N/A,N/A,N/A,N/A,N/A,N/A,N/A,N/A,N/A,N/A,N/A,N/A,N/A,N/A,N/A,N/A,N/A,N/A,N/A,N/A,N/A,N/A,N/A,N/A,N/A,N/A,N/A,N/A,N/A,N/A,N/A,N/A,N/A,N/A,N/A,N/A,N/A,N/A,N/A,N/A,N/A,N/A,N/A,N/A,N/A,N/A,N/A,N/A,N/A,N/A,N/A,N/A,N/A,N/A,N/A,N/A,N/A,N/A,N/A,N/A,N/A,N/A,N/A,N/A,N/A,N/A,N/A,N/A,N/A,N/A,N/A,N/A,N/A,N/A,N/A,N/A,N/A,N/A,N/A,N/A,N/A,N/A
Pol Muñoz Mila,22,1076313600,2004/02/09,Liga II,2025/2026,Defender,Chindia Târgovişte,378,115,263,Spain,7,3,4,0,0,0,0,0,0,0,0,4,2,2,3,0,3,2,0,0,0,0,0,0,0,0.71,126,54,189,0,0.48,214,201,12,21,0,5.17,0,62,37.73,20.93,64,293,15.64,219,43,28.20,61,0.00,0.00,0.07,1,0.00,0.93,0.52,0.29,4,0.00,0.21,0.00,0.00,0.00,1.29,1.07,0.36,0.00,0.39,0.21,1.21,0.00,0.00,0.01,0.00,0.43,0.00,0.00,0,0,,3,0.21,26,0,0.00,23,3,0.39,33,1,0,5,77,0.00,99,0,18,2.32,91,13,38,1.67,67,0,0.00,99,0,0.00,0,0,0.00,0,0.13,20,17,2.19,71,15,1.93,88.24,0,0.00,0,0,0,0.00,0,5,0.00,88,0.64,24,N/A,N/A,N/A,N/A,0.00,0,0.00,0,0.17,0.00,0,74.74,0.00,23,99,0.00,0.00,0,80,84,0,0,0,0.00,0.00,0,31,72.42,1.00,1.80,14,0,0.00,0.00,99,0.00,0,0,0,0.00,0.00,0,0.00,0.00,0.13,0.07,1,0,0.00,52,2,12,51,87,0.58,32,0.04,0.07,0.17,23,0.01,0.02,36,6,0.43,0.77,0.77,0.43,30,6,0.02,22,20,66,83,0,63,25,0,0.00,99,6,0.00,0.77,15.71,8.71,122,41,44,56,5.28,2.93,33.61,3,0.39,57,0,23.08,0,0.00,99,3,0.21,0.39,60,29,41,66,0,0,0,0,0,38,51,69,61,0,99,95,25,97,1,14,72,37,0,0
Radu Adrian Simion,24,997945200,2001/08/16,Liga II,2025/2026,Defender,Chindia Târgovişte,0,0,0,Romania,0,0,0,0,0,0,0,0,0,0,0,0,0,0,0,0,0,0,0,0,0,0,0,0,0,0,0,0,0,0,0,-1,-1,-1,-1,N/A,N/A,N/A,N/A,N/A,N/A,N/A,N/A,N/A,N/A,N/A,N/A,N/A,N/A,N/A,N/A,N/A,N/A,N/A,N/A,N/A,N/A,N/A,N/A,N/A,N/A,N/A,N/A,N/A,N/A,N/A,N/A,N/A,N/A,N/A,N/A,N/A,N/A,N/A,N/A,N/A,N/A,N/A,N/A,N/A,N/A,N/A,N/A,N/A,N/A,N/A,N/A,N/A,N/A,N/A,N/A,N/A,N/A,N/A,N/A,N/A,N/A,N/A,N/A,N/A,N/A,N/A,N/A,N/A,N/A,N/A,N/A,N/A,N/A,N/A,N/A,N/A,N/A,N/A,N/A,N/A,N/A,N/A,N/A,N/A,N/A,N/A,N/A,N/A,N/A,N/A,N/A,N/A,N/A,N/A,N/A,N/A,N/A,N/A,N/A,N/A,N/A,N/A,N/A,N/A,N/A,N/A,N/A,N/A,N/A,N/A,N/A,N/A,N/A,N/A,N/A,N/A,N/A,N/A,N/A,N/A,N/A,N/A,N/A,N/A,N/A,N/A,N/A,N/A,N/A,N/A,N/A,N/A,N/A,N/A,N/A,N/A,N/A,N/A,N/A,N/A,N/A,N/A,N/A,N/A,N/A,N/A,N/A,N/A,N/A,N/A,N/A,N/A,N/A,N/A,N/A,N/A,N/A,N/A,N/A,N/A,N/A,N/A,N/A,N/A,N/A,N/A,N/A,N/A,N/A,N/A,N/A,N/A,N/A,N/A,N/A,N/A,N/A,N/A,N/A,N/A,N/A,N/A,N/A,N/A,N/A,N/A,N/A,N/A,N/A,N/A,N/A,N/A,N/A,N/A,N/A,N/A,N/A,N/A,N/A,N/A,N/A,N/A,N/A,N/A,N/A,N/A,N/A,N/A,N/A,N/A,N/A,N/A,N/A,N/A,N/A,N/A,N/A,N/A,N/A,N/A,N/A,N/A,N/A
Radu Crişan,29,830588400,1996/04/27,Liga II,2025/2026,Defender,Voluntari,360,270,90,Romania,4,3,1,0,0,0,0,0,0,0,0,1,1,0,4,3,1,0,0,0,0,0,0,0,0,1,90,90,0,0,0,343,343,37,14,0,7.21,0,62,55.75,55.75,95,446,46.38,371,80,46.37,95,0.00,0.00,0.00,0,0.00,0.50,0.50,0.50,4,0.00,0.00,0.00,0.00,0.00,1.38,0.12,0.25,0.00,0.12,0.12,0.12,0.00,0.00,0.01,0.00,2.62,0.00,0.00,0,0,,1,0.12,12,0,0.00,23,1,0.12,17,0,0,4,76,0.00,99,0,11,1.38,57,4,43,0.50,39,0,0.00,99,0,0.00,0,0,0.00,0,0.00,14,1,0.12,15,1,0.12,100.00,0,0.00,0,0,0,0.00,0,2,0.00,69,0.25,3,N/A,N/A,N/A,N/A,0.00,0,0.00,0,0.04,0.00,0,83.18,0.00,23,99,0.00,0.00,0,17,99,0,0,0,0.62,0.62,5,86,57.70,4.38,4.38,35,0,0.00,0.00,99,0.00,0,0,0,0.00,0.00,0,0.00,0.00,0.00,0.00,0,0,0.00,52,0,0,51,69,0.85,57,0.11,0.11,0.04,16,0.01,0.01,10,2,0.25,0.25,0.25,0.25,10,2,0.01,16,95,96,83,0,50,80,0,0.00,99,21,0.00,2.62,9.50,9.50,76,35,26,14,4.38,4.38,46.05,0,0.00,99,0,25.00,0,0.00,99,1,0.12,0.12,36,20,41,28,0,0,0,0,0,38,51,69,61,0,99,47,22,22,0,0,30,27,0,0
Rafael Tavares dos Santos,25,962002800,2000/06/26,Liga II,2025/2026,Midfielder,ACS Gloria Bistrita,874,457,417,Brazil,15,8,7,3,3,0,1,1,0,0,0,2,1,1,13,6,7,3,0,0.41,0.1,0.31,0.59,0,291,1.34,67,58,291,874,0.31,51,102,-1,3,0,6.50,0.07,71,26.77,14.00,32,238,9.24,157,9,17.66,27,0.00,0.00,0.18,3,0.00,1.18,0.56,0.29,5,0.00,0.76,0.00,0.00,0.00,0.35,2.06,0.35,7.67,2.59,0.88,2.59,0.00,0.47,0.21,0.00,1.29,0.00,0.00,0,0,,23,1.35,91,8,0.90,83,15,1.69,93,1,4,10,80,0.00,99,0,6,0.67,23,20,67,2.25,76,0,0.00,99,0,0.00,0,0,0.00,0,0.34,34,44,4.95,94,35,3.94,79.55,0,0.00,0,0,0,0.00,0,6,0.00,38,0.67,26,N/A,N/A,N/A,N/A,0.00,0,0.00,0,3.52,0.00,0,65.97,34.78,62,99,0.00,0.00,0,96,68,0,0,0,0.06,0.11,1,38,110.53,0.53,1.01,9,0,0.00,0.00,99,0.00,0,0,0,0.00,0.00,0,0.00,0.00,0.23,0.12,2,0,13.04,70,55,87,66,38,1.03,62,0.06,0.12,3.52,90,0.21,0.40,95,20,1.18,2.25,1.80,0.94,87,16,0.40,90,49,46,83,0,76,77,0,0.00,99,22,0.00,2.48,22.50,11.76,200,84,95,93,9.45,4.94,42.00,13,1.46,15,0,35.00,0,0.00,99,7,0.41,0.79,79,73,89,66,0,0,0,0,0,84,85,69,93,0,99,23,39,83,3,20,85,17,0,0
Rafaelle Stroe,21,1106553600,2005/01/24,Liga II,2025/2026,Defender,Chindia Târgovişte,90,0,90,Italy,1,0,1,0,0,0,0,0,0,0,0,1,0,1,0,0,0,1,0,0,0,0,0,0,0,0,0,90,90,0,1,-1,-1,-1,19,0,4.29,0,62,36.00,24.00,59,72,17.33,52,31,26.00,56,0.00,0.00,0.00,0,0.00,0.33,0.50,0.33,1,0.00,0.00,0.00,0.00,0.00,0.67,0.00,1.00,0.00,0.00,0.00,0.33,0.00,0.00,0.00,0.00,0.00,0.00,0.00,0,0,,0,0.00,10,0,0.00,23,0,0.00,12,0,0,1,76,0.00,99,0,2,1.00,39,1,99,0.50,39,0,0.00,99,0,0.00,0,0,0.00,0,0.00,14,1,0.50,30,0,0.00,0.00,0,0.00,0,0,0,0.00,0,3,0.00,99,1.50,81,N/A,N/A,N/A,N/A,0.00,0,0.00,0,0.00,0.00,0,72.22,0.00,23,99,0.00,0.00,0,13,13,0,0,0,0.00,0.00,0,31,12.86,1.00,1.50,3,0,0.00,0.00,99,0.00,0,0,0,0.00,0.00,0,0.00,0.00,0.00,0.00,0,0,0.00,52,0,0,51,0,0.11,23,0.04,0.06,0.00,11,0.00,0.00,2,0,0.00,0.00,0.00,0.00,7,0,0.00,10,9,61,83,0,50,1,0,0.00,99,0,0.00,0.00,15.00,10.00,30,5,8,50,2.50,1.67,16.67,0,0.00,99,0,100.00,0,0.00,99,1,0.33,0.50,67,4,41,28,0,0,0,0,0,38,51,69,61,0,99,99,22,99,1,100,99,24,0,0
Raji Ayomide,20,1139299200,2006/02/07,Liga II,2025/2026,Midfielder,CSM Satu Mare,90,0,90,Nigeria,1,0,1,0,0,0,0,0,0,0,0,0,0,0,4,0,4,0,0,0,0,0,0,0,0,4,23,90,0,0,0,-1,-1,-1,17,0,0.00,0,62,0.00,0.00,0,0,0.00,0,0,0.00,0,0.00,0.00,0.00,0,0.00,0.00,0.00,0.00,0,0.00,0.00,0.00,0.00,0.00,0.00,0.00,0.00,0.00,0.00,0.00,0.00,0.00,0.00,0.00,0.00,0.00,0.00,0.00,0,0,,0,0.00,10,0,0.00,23,0,0.00,12,0,0,1,26,0.00,99,0,0,0.00,1,0,26,0.00,14,0,0.00,99,0,0.00,0,0,0.00,0,0.00,14,0,0.00,12,0,0.00,0.00,0,0.00,0,0,0,0.00,0,0,0.00,0,0.00,0,N/A,N/A,N/A,N/A,0.00,0,0.00,0,0.00,0.00,0,0.00,0.00,23,99,0.00,0.00,0,13,13,0,0,0,0.00,0.00,0,31,0.00,0.00,0.00,0,0,0.00,0.00,99,0.00,0,0,0,0.00,0.00,0,0.00,0.00,0.00,0.00,0,0,0.00,52,0,0,51,0,0.00,0,0.00,0.00,0.00,11,0.00,0.00,2,0,0.00,0.00,0.00,0.00,7,0,0.00,10,0,1,83,0,50,1,0,0.00,99,0,0.00,0.00,0.00,0.00,0,0,0,0,0.00,0.00,0.00,0,0.00,99,0,0.00,0,0.00,99,0,0.00,0.00,26,4,41,28,0,0,0,0,0,38,51,69,61,0,99,9,22,22,0,0,30,21,0,0
Raman Chibsah,33,731750400,1993/03/10,Liga II,2025/2026,Midfielder,Slatina,410,204,206,Ghana,10,5,5,0,0,0,0,0,0,0,0,2,2,0,5,2,3,2,1,0,0,0,0,0,0,1.1,82,41,205,0,0.44,334,340,-1,21,0,5.27,0,62,36.00,13.20,59,132,11.40,114,92,31.09,67,0.00,0.00,0.40,4,0.00,0.30,0.55,0.20,2,0.00,0.20,0.00,0.00,0.00,0.20,0.50,0.50,0.00,1.36,0.50,0.50,0.00,0.00,0.03,0.00,0.70,0.00,0.00,0,0,,5,0.50,65,0,0.00,23,5,1.36,83,3,2,4,79,0.00,99,0,2,0.55,18,3,65,0.82,50,0,0.00,99,0,0.00,0,0,0.00,0,1.09,74,5,1.36,52,5,1.36,100.00,0,0.00,0,0,0,0.00,0,5,0.00,60,1.36,77,N/A,N/A,N/A,N/A,0.00,0,0.00,0,0.28,0.00,0,86.36,0.00,23,99,0.00,0.00,0,67,99,0,0,0,0.00,0.00,0,31,52.70,0.20,0.55,2,0,0.00,0.00,99,0.00,0,0,0,0.00,0.00,0,0.00,0.00,0.00,0.00,0,0,0.00,52,5,37,51,60,0.34,45,0.03,0.09,0.28,48,0.03,0.08,22,2,0.20,0.55,1.09,0.40,49,4,0.08,47,21,23,83,0,50,67,0,0.00,99,7,0.00,1.91,16.91,6.20,62,23,66,65,6.27,2.30,37.10,2,0.55,46,0,33.33,0,0.00,99,1,0.10,0.27,53,20,73,91,0,0,0,0,0,38,51,69,61,0,99,39,28,95,0,0,30,13,0,0
Raoul Cristea,23,1031122800,2002/09/04,Liga II,2025/2026,Midfielder,Dumbrăviţa,899,517,382,Romania,12,7,5,2,1,1,2,1,1,0,0,2,1,1,15,9,6,1,0,0.4,0.2,0.2,0.17,0.24,450,1.5,60,75,899,450,0.1,90,44,-1,2,0,6.26,0.17,90,10.50,6.88,1,117,4.53,77,9,6.91,1,0.00,0.00,0.35,6,0.00,0.65,0.00,0.00,0,0.00,1.88,0.00,0.00,0.00,0.24,1.71,0.76,6.50,1.17,0.35,3.00,0.00,0.41,0.14,0.00,0.82,0.00,0.00,0,0,,13,0.76,61,7,0.63,75,6,0.54,47,1,2,10,26,0.00,99,0,4,0.36,9,11,32,0.99,54,0,0.00,99,0,0.00,0,0,0.00,0,0.54,48,51,4.58,93,29,2.60,56.86,0,0.00,0,0,0,0.00,0,13,0.00,26,1.17,68,N/A,N/A,N/A,N/A,0.00,0,0.00,0,2.37,0.00,0,65.81,53.85,90,99,0.00,0.00,0,89,29,0,0,0,0.12,0.18,2,49,106.42,0.24,0.36,4,0,0.00,0.00,99,0.00,0,0,0,0.00,0.00,0,0.00,0.00,0.54,0.35,6,0,15.38,76,57,58,77,26,1.49,66,0.09,0.13,2.37,71,0.14,0.21,96,26,1.53,2.33,1.62,1.06,80,18,0.21,71,42,14,83,0,89,50,0,0.00,99,14,0.00,1.26,23.78,15.59,265,83,82,96,7.45,4.88,31.32,32,2.87,1,0,18.18,0,0.00,99,2,0.12,0.18,44,73,73,66,0,0,0,0,0,83,74,80,69,0,99,32,89,34,1,8,50,9,0,0
Rareș Ciubotariu,19,1151305200,2006/06/26,Liga II,2025/2026,Goalkeeper,Tunari,0,0,0,,0,0,0,0,0,0,0,0,0,0,0,0,0,0,0,0,0,0,0,0,0,0,0,0,0,0,0,0,0,0,0,-1,-1,-1,-1,N/A,N/A,N/A,N/A,N/A,N/A,N/A,N/A,N/A,N/A,N/A,N/A,N/A,N/A,N/A,N/A,N/A,N/A,N/A,N/A,N/A,N/A,N/A,N/A,N/A,N/A,N/A,N/A,N/A,N/A,N/A,N/A,N/A,N/A,N/A,N/A,N/A,N/A,N/A,N/A,N/A,N/A,N/A,N/A,N/A,N/A,N/A,N/A,N/A,N/A,N/A,N/A,N/A,N/A,N/A,N/A,N/A,N/A,N/A,N/A,N/A,N/A,N/A,N/A,N/A,N/A,N/A,N/A,N/A,N/A,N/A,N/A,N/A,N/A,N/A,N/A,N/A,N/A,N/A,N/A,N/A,N/A,N/A,N/A,N/A,N/A,N/A,N/A,N/A,N/A,N/A,N/A,N/A,N/A,N/A,N/A,N/A,N/A,N/A,N/A,N/A,N/A,N/A,N/A,N/A,N/A,N/A,N/A,N/A,N/A,N/A,N/A,N/A,N/A,N/A,N/A,N/A,N/A,N/A,N/A,N/A,N/A,N/A,N/A,N/A,N/A,N/A,N/A,N/A,N/A,N/A,N/A,N/A,N/A,N/A,N/A,N/A,N/A,N/A,N/A,N/A,N/A,N/A,N/A,N/A,N/A,N/A,N/A,N/A,N/A,N/A,N/A,N/A,N/A,N/A,N/A,N/A,N/A,N/A,N/A,N/A,N/A,N/A,N/A,N/A,N/A,N/A,N/A,N/A,N/A,N/A,N/A,N/A,N/A,N/A,N/A,N/A,N/A,N/A,N/A,N/A,N/A,N/A,N/A,N/A,N/A,N/A,N/A,N/A,N/A,N/A,N/A,N/A,N/A,N/A,N/A,N/A,N/A,N/A,N/A,N/A,N/A,N/A,N/A,N/A,N/A,N/A,N/A,N/A,N/A,N/A,N/A,N/A,N/A,N/A,N/A,N/A,N/A,N/A,N/A,N/A,N/A,N/A,N/A
Rareș Enceanu,31,776070000,1994/08/05,Liga II,2025/2026,Midfielder,Bihor Oradea,1079,586,493,Romania,15,8,7,0,0,0,2,1,1,0,0,5,4,1,10,4,6,5,0,0.17,0.17,0,0,0,0,0.83,108,72,216,540,0.42,255,58,-1,15,0,6.80,0.13,85,46.22,35.15,84,703,29.45,589,83,38.72,85,0.00,0.00,1.90,38,0.00,1.05,0.59,0.45,9,0.00,0.55,0.00,0.00,0.00,1.20,0.55,0.60,0.00,1.71,1.10,0.80,0.00,0.20,0.08,0.00,0.70,0.00,0.00,0,0,,26,1.30,74,4,0.26,51,22,1.45,85,4,3,11,81,0.00,99,0,24,1.58,66,21,73,1.38,59,0,0.00,99,0,0.00,0,0,0.00,0,2.50,99,16,1.05,47,11,0.72,68.75,0,0.00,0,0,0,0.00,0,12,0.00,82,0.79,38,N/A,N/A,N/A,N/A,0.00,0,0.00,0,1.63,0.00,0,83.78,15.38,28,99,0.00,0.00,0,46,47,0,0,0,0.05,0.07,1,33,136.05,0.55,0.72,11,0,0.00,0.00,99,0.00,0,0,1,0.05,0.07,0,0.00,0.00,0.00,0.00,0,0,0.00,52,73,87,51,82,4.21,96,0.21,0.28,1.63,54,0.08,0.11,41,13,0.65,0.85,1.45,1.10,72,22,0.11,53,69,32,89,0,50,32,0,0.00,99,14,0.00,0.92,11.64,8.85,177,55,17,22,3.62,2.75,31.07,11,0.72,39,0,38.10,0,0.00,99,8,0.40,0.53,68,80,85,96,0,0,0,0,0,58,51,69,61,0,99,66,29,93,5,33,97,19,0,0
Rareș Gabriel Munteanu,18,1183791600,2007/07/07,Liga II,2025/2026,Defender,Ceahlăul Piatra Neamţ,835,360,475,Romania,10,4,6,0,0,0,0,0,0,0,0,4,2,2,17,4,13,3,0,0,0,0,0,0,0,1.83,49,84,278,0,0.32,209,190,80,11,0,4.27,0,62,34.62,23.08,55,277,15.17,182,9,22.75,46,0.00,0.00,0.33,4,0.00,1.83,0.38,0.25,3,0.00,0.08,0.00,0.00,0.00,1.50,0.25,1.17,0.00,0.25,0.08,0.42,0.00,0.08,0.02,0.00,0.50,0.00,0.00,0,0,,2,0.17,20,1,0.12,32,1,0.12,17,0,0,8,68,0.00,99,0,18,2.25,88,22,32,2.75,83,0,0.00,99,0,0.00,0,0,0.00,0,0.50,46,5,0.62,34,3,0.38,60.00,0,0.00,0,0,0,0.00,0,14,0.00,12,1.75,85,N/A,N/A,N/A,N/A,0.00,0,0.00,0,0.21,0.00,0,65.70,50.00,88,99,0.00,0.00,0,33,34,0,0,0,0.08,0.12,1,41,51.20,1.33,2.00,16,0,0.00,0.00,99,0.00,0,0,0,0.00,0.00,0,0.00,0.00,0.00,0.00,0,0,0.00,52,52,37,51,12,0.63,39,0.05,0.08,0.21,29,0.02,0.03,14,3,0.25,0.38,1.25,0.83,62,10,0.03,28,8,70,83,0,50,24,0,0.00,99,6,0.00,0.75,13.25,8.83,106,23,9,38,2.88,1.92,21.70,1,0.12,79,0,18.18,0,0.00,99,4,0.33,0.50,67,53,41,28,0,0,0,0,0,38,51,69,61,0,99,76,38,84,3,30,96,22,0,0
Rareș Ionuț Mihai,19,1165046400,2006/12/02,Liga II,2025/2026,Midfielder,Chindia Târgovişte,63,0,63,Romania,2,0,2,1,0,1,0,0,0,0,0,1,0,1,2,0,2,0,0,1.43,0,1.43,0,1.43,63,2.86,32,32,0,0,0,-1,-1,-1,9,0,4.36,0,62,15.96,4.17,7,25,2.17,13,0,8.30,1,0.00,0.00,0.00,0,0.00,0.17,0.00,0.00,0,0.00,0.83,0.00,0.00,0.00,0.00,0.17,0.17,3.00,1.91,0.17,0.50,0.00,0.33,0.15,0.00,0.00,0.00,0.00,0,0,,3,0.50,78,2,1.28,97,1,0.64,54,2,1,1,26,0.00,99,0,0,0.00,1,1,26,0.64,42,0,0.00,99,0,0.00,0,0,0.00,0,0.00,14,3,1.91,64,1,0.64,33.33,0,0.00,0,0,0,0.00,0,1,0.00,2,0.64,24,N/A,N/A,N/A,N/A,0.00,0,0.00,0,0.89,0.00,0,52.00,66.67,95,99,0.00,0.00,0,42,15,0,0,0,0.00,0.00,0,31,26.17,0.00,0.00,0,0,0.00,0.00,99,0.00,0,0,0,0.00,0.00,0,0.00,0.00,0.00,0.00,0,0,33.33,97,0,0,51,2,0.03,2,0.01,0.02,0.89,96,0.15,0.57,26,1,0.17,0.64,1.91,0.50,90,3,0.57,96,9,1,83,0,50,1,0,0.00,99,0,0.00,0.00,15.96,4.17,25,2,7,58,1.28,0.33,8.00,5,3.19,1,0,0.00,0,0.00,99,0,0.00,0.00,26,4,64,85,0,0,0,0,0,99,99,99,61,0,99,93,22,22,0,0,30,9,0,0
Rareș Măluțan,19,1148713200,2006/05/27,Liga II,2025/2026,Midfielder,Viitorul Şelimbăr,1260,540,720,Romania,14,6,8,0,0,0,0,0,0,0,0,0,0,0,23,8,15,2,0,0,0,0,0,0,0,1.64,55,90,630,0,0.14,318,318,-1,12,0,6.78,0,62,15.70,15.70,6,157,11.70,117,42,11.70,8,0.00,0.00,0.00,0,0.00,0.00,0.00,0.00,0,0.00,0.00,0.00,0.00,2.90,1.50,0.00,2.90,0.00,0.00,0.00,0.00,0.00,0.00,0.00,0.00,0.80,0.00,0.00,0,0,,0,0.00,10,0,0.00,23,0,0.00,12,0,0,9,26,0.00,99,0,15,1.50,63,0,26,0.00,14,0,0.00,99,0,0.00,0,0,0.00,0,0.00,14,0,0.00,12,0,0.00,0.00,0,0.00,0,29,99,2.90,42,29,0.00,19,2.90,95,N/A,N/A,N/A,N/A,100.00,0,0.00,0,0.00,0.00,0,74.52,0.00,23,99,0.00,0.00,0,13,13,0,0,15,0.00,0.00,0,31,67.81,0.70,0.70,7,0,0.00,0.00,99,0.00,1,0,0,0.00,0.00,0,0.00,0.00,0.00,0.00,0,0,0.00,52,86,78,51,20,0.28,6,0.03,0.03,0.00,11,0.00,0.00,11,3,0.30,0.30,0.10,0.10,8,1,0.00,10,67,31,83,0,50,26,0,0.00,99,8,0.00,0.80,0.90,0.90,9,9,7,7,0.90,0.90,100.00,0,0.00,99,0,0.00,0,0.00,99,0,0.00,0.00,26,65,41,28,0,0,0,0,0,38,51,69,61,0,99,9,75,48,1,7,41,68,0,0
Rareș Mihai Bădulescu,19,1156489200,2006/08/25,Liga II,2025/2026,Goalkeeper,Muscelul Câmpulung Elite,0,0,0,,0,0,0,0,0,0,0,0,0,0,0,0,0,0,0,0,0,0,0,0,0,0,0,0,0,0,0,0,0,0,0,-1,-1,-1,-1,N/A,N/A,N/A,N/A,N/A,N/A,N/A,N/A,N/A,N/A,N/A,N/A,N/A,N/A,N/A,N/A,N/A,N/A,N/A,N/A,N/A,N/A,N/A,N/A,N/A,N/A,N/A,N/A,N/A,N/A,N/A,N/A,N/A,N/A,N/A,N/A,N/A,N/A,N/A,N/A,N/A,N/A,N/A,N/A,N/A,N/A,N/A,N/A,N/A,N/A,N/A,N/A,N/A,N/A,N/A,N/A,N/A,N/A,N/A,N/A,N/A,N/A,N/A,N/A,N/A,N/A,N/A,N/A,N/A,N/A,N/A,N/A,N/A,N/A,N/A,N/A,N/A,N/A,N/A,N/A,N/A,N/A,N/A,N/A,N/A,N/A,N/A,N/A,N/A,N/A,N/A,N/A,N/A,N/A,N/A,N/A,N/A,N/A,N/A,N/A,N/A,N/A,N/A,N/A,N/A,N/A,N/A,N/A,N/A,N/A,N/A,N/A,N/A,N/A,N/A,N/A,N/A,N/A,N/A,N/A,N/A,N/A,N/A,N/A,N/A,N/A,N/A,N/A,N/A,N/A,N/A,N/A,N/A,N/A,N/A,N/A,N/A,N/A,N/A,N/A,N/A,N/A,N/A,N/A,N/A,N/A,N/A,N/A,N/A,N/A,N/A,N/A,N/A,N/A,N/A,N/A,N/A,N/A,N/A,N/A,N/A,N/A,N/A,N/A,N/A,N/A,N/A,N/A,N/A,N/A,N/A,N/A,N/A,N/A,N/A,N/A,N/A,N/A,N/A,N/A,N/A,N/A,N/A,N/A,N/A,N/A,N/A,N/A,N/A,N/A,N/A,N/A,N/A,N/A,N/A,N/A,N/A,N/A,N/A,N/A,N/A,N/A,N/A,N/A,N/A,N/A,N/A,N/A,N/A,N/A,N/A,N/A,N/A,N/A,N/A,N/A,N/A,N/A,N/A,N/A,N/A,N/A,N/A,N/A
Rareş Ştefănuţ Lazăr,27,922608000,1999/03/28,Liga II,2025/2026,Midfielder,Concordia Chiajna,1088,651,437,Romania,15,10,5,0,0,0,0,0,0,0,0,6,5,1,14,7,7,5,0,0,0,0,0,0,0,1.16,78,73,218,0,0.41,257,217,-1,21,0,6.37,0,62,44.88,33.47,79,569,27.41,466,75,36.76,79,0.00,0.00,0.29,5,0.00,0.18,0.39,0.29,5,0.00,0.29,0.00,0.00,0.00,1.47,0.41,0.35,0.00,0.39,0.18,0.53,0.00,0.12,0.02,0.00,1.47,0.00,0.00,0,0,,5,0.29,26,2,0.16,37,3,0.24,26,2,2,13,70,0.00,99,0,25,1.97,80,3,65,0.24,25,0,0.00,99,0,0.00,0,0,0.00,0,0.39,36,9,0.71,36,7,0.55,77.78,0,0.00,0,0,0,0.00,0,6,0.00,54,0.47,14,N/A,N/A,N/A,N/A,0.00,0,0.00,0,0.37,0.00,0,81.90,40.00,73,99,0.00,0.00,0,39,66,0,0,0,0.18,0.24,3,58,108.33,0.71,0.95,12,0,0.00,0.00,99,0.00,0,0,1,0.06,0.08,0,0.00,0.00,0.00,0.00,0,0,0.00,52,75,87,51,55,0.99,39,0.06,0.08,0.37,29,0.02,0.03,52,13,0.76,1.03,1.58,1.18,79,20,0.03,28,44,43,91,0,50,68,0,0.00,99,25,0.00,1.97,16.96,12.65,215,94,81,65,7.41,5.53,43.72,5,0.39,57,0,33.33,0,0.00,99,1,0.06,0.08,31,88,73,85,0,0,0,0,0,38,51,69,61,0,99,76,30,92,5,33,97,5,0,0
Raul Alexandru Stanciu,19,1174892400,2007/03/26,Liga II,2025/2026,Forward,Tunari,601,294,307,Romania,8,4,4,0,0,0,0,0,0,0,0,1,0,1,5,2,3,2,0,0,0,0,0,0,0,0.75,120,75,301,0,0.3,187,161,-1,11,0,6.44,0,62,16.01,9.67,7,87,5.67,51,2,9.39,3,0.00,0.00,0.33,3,0.00,1.11,0.37,0.22,2,0.00,1.44,0.00,0.00,0.00,0.33,1.00,0.67,0.00,1.10,0.44,1.56,0.00,0.22,0.05,0.00,1.00,0.00,0.00,0,0,,6,0.67,58,2,0.37,59,4,0.74,58,0,2,6,67,0.00,99,0,3,0.55,18,10,53,1.84,71,0,0.00,99,0,0.00,0,0,0.00,0,0.55,49,14,2.58,77,9,1.66,64.29,0,0.00,0,0,0,0.00,0,6,0.00,86,1.10,64,N/A,N/A,N/A,N/A,0.00,0,0.00,0,0.43,0.00,0,58.62,33.33,60,99,0.00,0.00,0,74,38,0,0,0,0.33,0.55,3,82,58.00,0.22,0.37,2,0,0.00,0.00,99,0.00,0,0,0,0.00,0.00,0,0.00,0.00,0.37,0.22,2,0,0.00,52,27,20,51,86,0.19,6,0.02,0.03,0.43,48,0.05,0.08,75,8,0.89,1.47,2.02,1.22,92,11,0.08,47,46,16,83,0,82,61,0,0.00,99,9,0.00,1.66,21.72,13.11,118,39,78,91,7.18,4.33,33.05,13,2.39,3,0,30.00,0,0.00,99,3,0.33,0.55,70,38,73,28,0,0,0,0,0,38,51,69,61,0,99,23,42,81,2,25,92,15,0,0
Raul Avram,32,741078000,1993/06/26,Liga II,2025/2026,Goalkeeper,ACS Gloria Bistrita,810,360,450,Romania,9,4,5,0,0,0,0,0,0,0,0,1,1,0,11,3,8,0,0,0,0,0,0,0,0,1.22,74,90,0,0,0,289,292,56,20,0,3.41,0,62,14.28,7.11,4,128,5.72,103,65,11.49,8,0.00,0.00,0.00,0,0.00,0.00,0.00,0.00,0,0.00,0.00,0.00,0.00,1.06,0.50,0.00,1.06,0.00,0.00,0.00,0.00,0.00,0.00,0.00,0.00,0.11,0.00,0.00,0,0,,0,0.00,10,0,0.00,23,0,0.00,12,0,0,9,26,0.00,99,0,9,1.00,39,0,26,0.00,14,0,0.00,99,0,0.00,0,0,0.00,0,0.00,14,0,0.00,12,0,0.00,0.00,0,0.00,0,19,99,2.12,12,19,0.00,48,2.12,91,N/A,N/A,N/A,N/A,100.00,0,0.00,0,0.00,0.00,0,80.47,0.00,23,99,0.00,0.00,0,13,13,0,0,11,0.00,0.00,0,31,61.34,0.11,0.22,2,0,0.00,0.00,99,0.00,0,0,0,0.00,0.00,0,0.00,0.00,0.00,0.00,0,0,0.00,52,49,27,51,48,0.23,6,0.01,0.03,0.00,11,0.00,0.00,2,0,0.00,0.00,0.00,0.00,7,0,0.00,10,4,7,83,0,50,5,0,0.00,99,2,0.00,0.22,0.22,0.11,2,2,1,0,0.22,0.11,100.00,0,0.00,99,0,0.00,0,0.00,99,0,0.00,0.00,26,65,41,28,0,0,0,0,0,38,51,69,61,0,99,19,22,22,0,0,30,12,0,0
Raul Cîmpean,20,1128841200,2005/10/09,Liga II,2025/2026,Forward,Sepsi,482,190,292,,7,3,4,0,0,0,0,0,0,0,0,3,1,2,4,3,1,1,0,0,0,0,0,0,0,0.75,121,69,482,0,0.19,312,148,-1,26,0,4.87,0,62,52.73,27.27,93,300,24.64,271,99,47.64,96,0.00,0.00,0.00,0,0.00,0.09,0.53,0.27,3,0.00,0.27,0.00,0.00,0.00,1.45,0.27,0.36,0.00,0.53,0.27,0.55,0.00,0.00,0.01,0.00,1.09,0.00,0.00,0,0,,3,0.27,33,0,0.00,23,3,0.53,45,0,2,5,78,0.00,99,0,16,2.81,97,1,99,0.18,21,0,0.00,99,0,0.00,0,0,0.00,0,0.00,14,6,1.05,47,3,0.53,50.00,0,0.00,0,0,0,0.00,0,4,0.00,86,0.70,29,N/A,N/A,N/A,N/A,0.00,0,0.00,0,0.12,0.00,0,90.33,0.00,23,99,0.00,0.00,0,39,24,0,0,0,0.36,0.70,4,89,53.59,0.36,0.70,4,0,0.00,0.00,99,0.00,0,0,0,0.00,0.00,0,0.00,0.00,0.00,0.00,0,0,0.00,52,14,12,51,86,0.53,45,0.05,0.09,0.12,23,0.01,0.02,14,2,0.18,0.35,0.70,0.36,25,4,0.02,22,16,31,83,0,50,73,0,0.00,99,12,0.00,2.11,12.83,6.64,73,28,35,33,4.92,2.55,38.36,3,0.53,46,0,100.00,0,0.00,99,1,0.09,0.18,44,29,73,28,0,0,0,0,0,38,51,69,61,0,99,81,65,58,1,14,72,27,0,0
Raul Codruț Rotund,20,1116313200,2005/05/17,Liga II,2025/2026,Midfielder,ASA Târgu Mureş,90,90,0,Romania,1,1,0,0,0,0,0,0,0,0,0,0,0,0,2,2,0,1,0,0,0,0,0,0,0,2,45,90,90,0,1,-1,-1,-1,12,0,6.72,0,62,10.29,10.00,0,20,6.50,13,7,6.69,0,0.00,0.00,1.00,2,0.00,2.00,0.00,0.00,0,0.00,3.00,0.00,0.00,0.00,0.00,2.00,0.00,6.00,3.09,2.00,3.50,0.00,1.00,0.52,0.00,0.50,0.00,0.00,0,0,,6,3.00,97,2,1.03,89,4,2.06,97,0,0,1,26,0.00,99,0,0,0.00,1,4,43,2.06,74,0,0.00,99,0,0.00,0,0,0.00,0,1.03,74,7,3.60,89,4,2.06,57.14,0,0.00,0,0,0,0.00,0,0,0.00,6,0.00,0,N/A,N/A,N/A,N/A,0.00,0,0.00,0,1.04,0.00,0,65.00,33.33,60,99,0.00,0.00,0,82,31,0,0,0,0.00,0.00,0,31,13.45,0.00,0.00,0,0,0.00,0.00,99,0.00,0,0,0,0.00,0.00,0,0.00,0.00,2.57,2.50,5,0,16.67,81,0,0,51,7,0.09,17,0.04,0.05,1.04,96,0.52,0.53,78,3,1.50,1.54,1.03,1.00,45,2,0.53,95,61,1,83,0,99,13,0,0.00,99,1,0.00,0.51,23.66,23.00,46,10,42,95,5.14,5.00,21.74,6,3.09,1,0,25.00,0,0.00,99,1,0.50,0.51,67,4,41,28,0,0,0,0,0,38,51,69,61,0,99,9,22,99,1,100,99,9,0,0
Raul Gherman,22,1051254000,2003/04/25,Liga II,2025/2026,Midfielder,Viitorul Şelimbăr,33,33,0,Romania,3,2,1,0,0,0,0,0,0,0,0,0,0,0,1,1,0,0,0,0,0,0,0,0,0,2.73,33,11,0,0,0,-1,-1,-1,14,0,2.94,0,62,34.07,12.33,52,148,10.67,128,93,29.46,65,0.00,0.00,0.08,1,0.00,0.00,0.69,0.25,3,0.00,0.17,0.00,0.00,0.00,0.67,0.00,0.75,0.00,0.00,0.00,0.17,0.00,0.00,0.00,0.00,1.25,0.00,0.00,0,0,,0,0.00,10,0,0.00,23,0,0.00,12,0,1,0,88,0.00,99,0,8,1.84,76,0,26,0.00,14,0,0.00,99,0,0.00,0,0,0.00,0,0.23,28,2,0.46,29,0,0.00,0.00,0,0.00,0,0,0,0.00,0,9,0.00,2,2.07,90,N/A,N/A,N/A,N/A,0.00,0,0.00,0,0.00,0.00,0,86.49,0.00,23,99,0.00,0.00,0,13,13,0,0,0,0.75,2.07,9,99,35.30,2.33,6.45,28,0,0.00,0.00,99,0.00,0,0,0,0.00,0.00,0,0.00,0.00,0.00,0.00,0,0,0.00,52,0,0,51,3,0.31,32,0.03,0.07,0.00,11,0.00,0.00,20,2,0.17,0.46,0.92,0.33,39,4,0.00,10,3,99,83,0,50,92,0,0.00,99,15,0.00,3.45,13.35,4.83,58,26,58,39,5.98,2.17,44.83,2,0.46,50,0,0.00,0,0.00,99,0,0.00,0.00,26,0,64,28,0,0,0,0,0,38,51,69,61,0,99,9,22,22,0,0,30,5,0,0
Raul Șteau,24,987922800,2001/04/22,Liga II,2025/2026,Midfielder,CSM Reşiţa,83,39,44,Romania,4,3,1,0,0,0,0,0,0,0,0,1,0,1,1,1,0,1,0,0,0,0,0,0,0,1.08,83,21,83,0,1.08,-1,-1,-1,22,0,4.64,0,62,20.77,4.80,19,48,3.60,36,44,15.58,21,0.00,0.00,0.00,0,0.00,0.20,0.00,0.00,0,0.00,0.20,0.00,0.00,0.00,0.10,0.40,0.00,0.00,3.03,0.20,0.50,0.00,0.50,0.07,0.00,0.10,0.00,0.00,0,0,,7,0.70,95,5,2.16,99,2,0.87,64,0,4,0,26,0.00,99,0,1,0.43,11,2,26,0.87,51,0,0.00,99,0,0.00,0,0,0.00,0,0.00,14,5,2.16,70,4,1.73,80.00,0,0.00,0,0,0,0.00,0,0,0.00,61,0.00,0,N/A,N/A,N/A,N/A,0.00,0,0.00,0,0.67,0.00,0,75.00,71.43,96,99,0.00,0.00,0,75,73,0,0,0,0.10,0.43,1,73,46.40,0.10,0.43,1,0,0.00,0.00,99,0.00,0,0,0,0.00,0.00,0,0.00,0.00,0.00,0.00,0,0,0.00,52,0,0,51,61,0.08,6,0.01,0.03,0.67,80,0.07,0.29,43,2,0.20,0.87,0.43,0.10,13,1,0.29,80,13,18,83,0,50,10,0,0.00,99,1,0.00,0.43,16.44,3.80,38,12,42,62,5.19,1.20,31.58,2,0.87,33,0,0.00,0,0.00,99,0,0.00,0.00,26,0,89,28,0,0,0,0,0,38,51,69,61,0,99,47,22,99,1,25,92,13,0,0
Răzvan Andrei Gâțan,21,1110355200,2005/03/09,Liga II,2025/2026,Midfielder,Metalul Buzău,0,0,0,Romania,0,0,0,0,0,0,0,0,0,0,0,0,0,0,0,0,0,0,0,0,0,0,0,0,0,0,0,0,0,0,0,-1,-1,-1,-1,N/A,N/A,N/A,N/A,N/A,N/A,N/A,N/A,N/A,N/A,N/A,N/A,N/A,N/A,N/A,N/A,N/A,N/A,N/A,N/A,N/A,N/A,N/A,N/A,N/A,N/A,N/A,N/A,N/A,N/A,N/A,N/A,N/A,N/A,N/A,N/A,N/A,N/A,N/A,N/A,N/A,N/A,N/A,N/A,N/A,N/A,N/A,N/A,N/A,N/A,N/A,N/A,N/A,N/A,N/A,N/A,N/A,N/A,N/A,N/A,N/A,N/A,N/A,N/A,N/A,N/A,N/A,N/A,N/A,N/A,N/A,N/A,N/A,N/A,N/A,N/A,N/A,N/A,N/A,N/A,N/A,N/A,N/A,N/A,N/A,N/A,N/A,N/A,N/A,N/A,N/A,N/A,N/A,N/A,N/A,N/A,N/A,N/A,N/A,N/A,N/A,N/A,N/A,N/A,N/A,N/A,N/A,N/A,N/A,N/A,N/A,N/A,N/A,N/A,N/A,N/A,N/A,N/A,N/A,N/A,N/A,N/A,N/A,N/A,N/A,N/A,N/A,N/A,N/A,N/A,N/A,N/A,N/A,N/A,N/A,N/A,N/A,N/A,N/A,N/A,N/A,N/A,N/A,N/A,N/A,N/A,N/A,N/A,N/A,N/A,N/A,N/A,N/A,N/A,N/A,N/A,N/A,N/A,N/A,N/A,N/A,N/A,N/A,N/A,N/A,N/A,N/A,N/A,N/A,N/A,N/A,N/A,N/A,N/A,N/A,N/A,N/A,N/A,N/A,N/A,N/A,N/A,N/A,N/A,N/A,N/A,N/A,N/A,N/A,N/A,N/A,N/A,N/A,N/A,N/A,N/A,N/A,N/A,N/A,N/A,N/A,N/A,N/A,N/A,N/A,N/A,N/A,N/A,N/A,N/A,N/A,N/A,N/A,N/A,N/A,N/A,N/A,N/A,N/A,N/A,N/A,N/A,N/A,N/A
Răzvan Bogdan Paşcalău,21,1083740400,2004/05/05,Liga II,2025/2026,Midfielder,CS Dinamo București,540,180,360,Romania,6,2,4,0,0,0,0,0,0,0,0,1,1,0,8,1,7,1,0,0,0,0,0,0,0,1.33,68,90,540,0,0.17,217,208,-1,9,0,6.54,0,62,40.40,40.40,71,202,34.20,171,86,34.20,74,0.00,0.00,0.00,0,0.00,0.00,0.00,0.00,0,0.00,0.20,0.00,0.00,0.00,1.40,0.20,0.80,0.00,0.40,0.40,0.20,0.00,0.00,0.02,0.00,1.20,0.00,0.00,0,0,,2,0.40,27,0,0.00,23,2,0.40,35,0,0,5,26,0.00,99,0,7,1.40,58,0,26,0.00,14,0,0.00,99,0,0.00,0,0,0.00,0,0.00,14,1,0.20,18,1,0.20,100.00,0,0.00,0,0,0,0.00,0,4,0.00,38,0.80,39,N/A,N/A,N/A,N/A,0.00,0,0.00,0,0.12,0.00,0,84.65,0.00,23,99,0.00,0.00,0,22,99,0,0,0,1.00,1.00,5,96,32.70,2.40,2.40,12,0,0.00,0.00,99,0.00,0,0,0,0.00,0.00,0,0.00,0.00,0.00,0.00,0,0,0.00,52,21,5,51,39,0.34,32,0.07,0.07,0.12,23,0.02,0.02,92,10,2.00,2.00,1.80,1.80,87,9,0.02,22,50,77,83,0,50,47,0,0.00,99,6,0.00,1.20,15.00,15.00,75,25,38,50,5.00,5.00,33.33,1,0.20,71,0,0.00,0,0.00,99,0,0.00,0.00,26,29,41,28,0,0,0,0,0,38,51,69,61,0,99,32,70,54,1,17,78,75,0,0
Răzvan George Avram,39,526892400,1986/09/12,Liga II,2025/2026,Midfielder,Afumaţi,360,180,180,Romania,4,2,2,0,0,0,0,0,0,0,0,1,0,1,5,4,1,3,0,0,0,0,0,0,0,1.25,72,90,120,0,0.75,293,298,-1,21,0,1.28,0,62,18.00,3.60,11,18,2.80,14,54,14.00,15,0.00,0.00,0.00,0,0.00,0.00,2.00,0.40,2,0.00,0.20,0.00,0.00,0.00,0.40,0.00,0.20,0.00,0.00,0.00,0.00,0.00,0.00,0.00,0.00,0.40,0.00,0.00,0,0,,0,0.00,10,0,0.00,23,0,0.00,12,0,0,2,99,0.00,99,0,2,2.00,82,0,26,0.00,14,0,0.00,99,0,0.00,0,0,0.00,0,0.00,14,0,0.00,12,0,0.00,0.00,0,0.00,0,0,0,0.00,0,1,0.00,46,1.00,59,N/A,N/A,N/A,N/A,0.00,0,0.00,0,0.00,0.00,0,77.78,0.00,23,99,0.00,0.00,0,13,13,0,0,0,0.00,0.00,0,31,6.40,1.80,9.00,9,0,0.00,0.00,99,0.00,0,0,0,0.00,0.00,0,0.00,0.00,0.00,0.00,0,0,0.00,52,0,0,51,46,0.03,6,0.01,0.03,0.00,11,0.00,0.00,50,1,0.20,1.00,3.00,0.60,99,3,0.00,10,0,99,83,0,50,70,0,0.00,99,2,0.00,2.00,15.00,3.00,15,3,10,50,3.00,0.60,20.00,1,1.00,29,0,0.00,0,0.00,99,0,0.00,0.00,26,7,41,28,0,0,0,0,0,38,51,69,61,0,99,47,22,99,1,25,92,5,0,0
Răzvan Ionuț Tache,20,1140336000,2006/02/19,Liga II,2025/2026,Midfielder,Chindia Târgovişte,296,141,155,Romania,6,3,3,1,1,0,1,0,1,0,0,2,2,0,4,3,1,0,0,0.61,0.3,0.3,0.64,0,296,1.22,74,49,0,296,0,54,18,-1,8,0,2.99,0.17,96,22.95,5.82,23,64,4.27,47,37,16.85,25,0.00,0.00,0.09,1,0.00,0.45,0.00,0.00,0,0.00,0.36,0.00,0.00,0.00,0.18,0.36,0.18,4.00,1.43,0.27,0.64,0.00,0.09,0.08,0.00,0.27,0.00,0.00,0,0,,4,0.36,66,1,0.36,59,3,1.08,73,2,2,3,26,0.00,99,0,2,0.72,27,5,35,1.79,69,0,0.00,99,0,0.00,0,0,0.00,0,0.36,36,7,2.51,76,4,1.43,57.14,0,0.00,0,0,0,0.00,0,2,0.00,48,0.72,31,N/A,N/A,N/A,N/A,0.00,0,0.00,0,0.87,0.00,0,73.44,25.00,43,99,0.00,0.00,0,68,31,0,0,0,0.09,0.36,1,69,32.90,0.09,0.36,1,0,0.00,0.00,99,0.00,0,0,0,0.00,0.00,0,0.00,0.00,0.36,0.09,1,0,25.00,92,0,5,66,48,0.70,94,0.06,0.25,0.87,81,0.08,0.31,55,3,0.27,1.08,1.43,0.36,71,4,0.31,81,3,14,83,0,81,42,0,0.00,99,3,0.00,1.08,16.49,4.18,46,12,23,62,4.30,1.09,26.09,4,1.43,15,0,20.00,0,0.00,99,1,0.09,0.36,59,12,73,85,0,0,0,0,0,94,84,69,94,0,99,66,22,22,0,0,30,17,0,0
Răzvan Marius Buţerchi,24,1013673600,2002/02/14,Liga II,2025/2026,Midfielder,Ceahlăul Piatra Neamţ,120,0,120,Romania,2,0,2,0,0,0,0,0,0,0,0,0,0,0,2,0,2,0,0,0,0,0,0,0,0,1.5,60,60,0,0,0,-1,-1,-1,5,0,6.78,0,62,34.16,33.50,53,134,26.50,106,59,27.03,58,0.00,0.00,0.75,3,0.00,0.25,1.53,1.50,6,0.00,0.75,0.00,0.00,0.00,2.00,0.50,1.00,0.00,0.51,0.50,1.00,0.00,0.00,0.03,0.00,1.25,0.00,0.00,0,0,,2,0.50,32,0,0.00,23,2,0.51,43,0,1,1,99,0.00,99,0,8,2.04,82,1,26,0.25,26,0,0.00,99,0,0.00,0,0,0.00,0,0.76,63,4,1.02,46,2,0.51,50.00,0,0.00,0,0,0,0.00,0,4,0.00,26,1.02,60,N/A,N/A,N/A,N/A,0.00,0,0.00,0,0.10,0.00,0,79.10,0.00,23,99,0.00,0.00,0,38,24,0,0,0,0.25,0.25,1,59,27.11,0.50,0.51,2,0,0.00,0.00,99,0.00,0,0,0,0.00,0.00,0,0.00,0.00,0.00,0.00,0,0,0.00,52,0,0,51,26,0.29,32,0.07,0.07,0.10,29,0.03,0.03,92,8,2.00,2.04,0.51,0.50,17,2,0.03,28,67,22,83,0,50,50,0,0.00,99,5,0.00,1.27,20.65,20.25,81,32,89,87,8.16,8.00,39.51,3,0.76,36,0,0.00,0,0.00,99,0,0.00,0.00,26,4,64,28,0,0,0,0,0,38,51,69,61,0,99,9,22,22,0,0,30,94,0,0
Răzvan Matiș,25,980409600,2001/01/25,Liga II,2025/2026,Midfielder,Ceahlăul Piatra Neamţ,124,0,124,Romania,3,0,3,0,0,0,0,0,0,0,0,0,0,0,2,0,2,1,0,0,0,0,0,0,0,1.45,62,41,124,0,0.73,-1,-1,-1,10,0,6.94,0,62,24.13,19.20,25,96,12.60,63,8,15.84,22,0.00,0.00,1.20,6,0.00,0.80,0.25,0.20,1,0.00,1.00,0.00,0.00,0.00,0.80,1.00,0.80,0.00,2.01,1.60,1.20,0.00,0.00,0.07,0.00,0.40,0.00,0.00,0,0,,8,1.60,80,0,0.00,23,8,2.01,97,0,2,1,54,0.00,99,0,4,1.01,39,4,91,1.01,54,0,0.00,99,0,0.00,0,0,0.00,0,1.51,89,6,1.51,56,5,1.26,83.33,0,0.00,0,0,0,0.00,0,4,0.00,30,1.01,60,N/A,N/A,N/A,N/A,0.00,0,0.00,0,0.35,0.00,0,65.62,0.00,23,99,0.00,0.00,0,64,80,0,0,0,0.00,0.00,0,31,34.68,0.40,0.50,2,0,0.00,0.00,99,0.00,0,0,1,0.20,0.25,0,0.00,0.00,0.00,0.00,0,0,0.00,52,0,0,51,31,0.94,93,0.19,0.24,0.35,50,0.07,0.09,99,12,2.40,3.02,1.01,0.80,45,4,0.09,49,80,21,99,0,50,12,0,0.00,99,2,0.00,0.50,11.82,9.40,47,18,29,23,4.53,3.60,38.30,5,1.26,21,0,50.00,0,0.00,99,2,0.40,0.50,67,4,73,28,0,0,0,0,0,38,51,69,61,0,99,9,22,99,1,33,97,80,0,0
Răzvan Mihai Aurel Gligor,19,1159599600,2006/09/30,Liga II,2025/2026,Midfielder,CSM Iaşi,381,184,197,,9,5,4,0,0,0,0,0,0,0,0,3,2,1,6,2,4,2,0,0,0,0,0,0,0,1.42,64,42,191,0,0.47,200,177,-1,16,0,3.77,0,62,25.20,7.00,27,84,5.17,62,39,18.60,30,0.00,0.00,0.33,4,0.00,0.00,0.30,0.08,1,0.00,0.25,0.00,0.00,0.00,0.17,0.08,0.33,0.00,2.10,0.50,0.42,0.00,0.08,0.03,0.00,0.17,0.00,0.00,0,0,,7,0.58,81,1,0.30,54,6,1.80,95,2,6,2,59,0.00,99,0,2,0.60,20,0,26,0.00,14,0,0.00,99,0,0.00,0,0,0.00,0,1.20,78,5,1.50,55,1,0.30,20.00,0,0.00,0,0,0,0.00,0,4,0.00,33,1.20,69,N/A,N/A,N/A,N/A,0.00,0,0.00,0,0.41,0.00,0,73.81,14.29,28,99,0.00,0.00,0,28,13,0,0,0,0.08,0.30,1,63,45.20,0.08,0.30,1,0,0.00,0.00,99,0.00,0,0,0,0.00,0.00,0,0.00,0.00,0.00,0.00,0,0,0.00,52,2,27,51,34,0.28,39,0.02,0.08,0.41,57,0.03,0.12,24,2,0.17,0.60,2.40,0.67,95,8,0.12,56,6,12,83,0,50,16,0,0.00,99,2,0.00,0.60,18.90,5.25,63,15,28,80,4.50,1.25,23.81,3,0.90,32,0,0.00,0,0.00,99,0,0.00,0.00,26,7,96,85,0,0,0,0,0,38,51,69,61,0,99,66,26,96,2,22,88,87,0,0
Răzvan Mihai Prodan,26,932281200,1999/07/18,Liga II,2025/2026,Midfielder,CSM Satu Mare,4,0,4,Romania,1,0,1,0,0,0,0,0,0,0,0,1,0,1,0,0,0,0,0,0,0,0,0,0,0,0,0,4,0,0,0,-1,-1,-1,14,0,6.80,0,62,16.36,2.00,8,2,2.00,2,99,16.36,24,0.00,0.00,0.00,0,0.00,0.00,0.00,0.00,0,0.00,0.00,0.00,0.00,0.00,1.00,0.00,0.00,0.00,0.00,0.00,0.00,0.00,0.00,0.00,0.00,0.00,0.00,0.00,0,0,,0,0.00,10,0,0.00,23,0,0.00,12,0,1,0,26,0.00,99,0,1,8.18,99,0,26,0.00,14,0,0.00,99,0,0.00,0,0,0.00,0,0.00,14,0,0.00,12,0,0.00,0.00,0,0.00,0,0,0,0.00,0,0,0.00,99,0.00,0,N/A,N/A,N/A,N/A,0.00,0,0.00,0,0.00,0.00,0,100.00,0.00,23,99,0.00,0.00,0,13,13,0,0,0,1.00,8.18,1,99,6.80,2.00,16.36,2,0,0.00,0.00,99,0.00,0,0,0,0.00,0.00,0,0.00,0.00,0.00,0.00,0,0,0.00,52,0,0,51,0,0.00,0,0.00,0.00,0.00,11,0.00,0.00,2,0,0.00,0.00,0.00,0.00,7,0,0.00,10,69,99,83,0,50,1,0,0.00,99,0,0.00,0.00,16.36,2.00,2,0,0,61,0.00,0.00,0.00,0,0.00,99,0,0.00,0,0.00,99,0,0.00,0.00,26,0,64,28,0,0,0,0,0,38,51,69,61,0,99,99,22,22,0,0,30,19,0,0
Răzvan Olaru,19,1168243200,2007/01/08,Liga II,2025/2026,Midfielder,CSM Iaşi,94,0,94,Romania,2,0,2,0,0,0,0,0,0,0,0,0,0,0,4,0,4,0,0,0,0,0,0,0,0,3.83,24,47,0,0,0,-1,-1,-1,11,0,6.10,0,62,7.87,3.50,0,7,1.50,3,0,3.38,0,0.00,0.00,0.00,0,0.00,0.50,0.00,0.00,0,0.00,0.50,0.00,0.00,0.00,0.00,1.00,2.00,0.00,0.00,0.00,2.50,0.00,0.00,0.00,0.00,0.00,0.00,0.00,0,0,,0,0.00,10,0,0.00,23,0,0.00,12,0,1,1,26,0.00,99,0,0,0.00,1,1,26,1.12,56,0,0.00,99,0,0.00,0,0,0.00,0,0.00,14,5,5.62,97,2,2.25,40.00,0,0.00,0,0,0,0.00,0,4,0.00,0,4.50,99,N/A,N/A,N/A,N/A,0.00,0,0.00,0,0.00,0.00,0,42.86,0.00,23,99,0.00,0.00,0,84,16,0,0,0,0.00,0.00,0,31,12.20,0.50,1.12,1,0,0.00,0.00,99,0.00,0,0,0,0.00,0.00,0,0.00,0.00,1.12,0.50,1,0,0.00,52,0,0,51,0,0.01,0,0.01,0.01,0.00,11,0.00,0.00,95,2,1.00,2.25,1.12,0.50,51,1,0.00,10,38,49,83,0,97,1,0,0.00,99,0,0.00,0.00,19.12,8.50,17,4,28,81,4.50,2.00,23.53,1,1.12,25,0,0.00,0,0.00,99,0,0.00,0.00,26,4,64,28,0,0,0,0,0,38,51,69,61,0,99,9,22,22,0,0,30,98,0,0
Răzvan Radu,19,1149577200,2006/06/06,Liga II,2025/2026,Midfielder,Metalul Buzău,766,316,450,Romania,9,4,5,0,0,0,0,0,0,0,0,1,1,0,13,5,8,1,0,0,0,0,0,0,0,1.53,59,85,766,0,0.12,317,334,-1,19,0,6.41,0,62,38.41,35.00,65,175,25.60,128,37,28.10,61,0.00,0.00,0.20,1,0.00,1.80,0.22,0.20,1,0.00,0.40,0.00,0.00,0.00,2.60,0.80,2.00,0.00,0.22,0.20,1.80,0.00,0.00,0.01,0.00,1.80,0.00,0.00,0,0,,1,0.20,17,0,0.00,23,1,0.22,24,1,0,7,50,0.00,99,0,13,2.85,97,9,37,1.98,72,0,0.00,99,0,0.00,0,0,0.00,0,0.22,27,9,1.98,66,4,0.88,44.44,0,0.00,0,0,0,0.00,0,10,0.00,24,2.20,91,N/A,N/A,N/A,N/A,0.00,0,0.00,0,0.06,0.00,0,73.14,0.00,23,99,0.00,0.00,0,51,17,0,0,0,0.00,0.00,0,31,32.03,1.80,1.98,9,1,0.00,0.22,1,0.20,0,0,0,0.00,0.00,0,0.00,0.00,0.00,0.00,0,0,0.00,52,43,27,51,24,0.26,23,0.05,0.06,0.06,16,0.01,0.01,28,3,0.60,0.66,0.44,0.40,14,2,0.01,16,45,69,83,0,50,69,0,0.00,99,9,0.00,1.98,15.59,14.20,71,31,71,54,6.80,6.20,43.66,2,0.44,52,0,22.22,0,0.00,99,2,0.40,0.44,64,45,41,66,0,0,0,0,0,38,51,69,61,0,99,19,84,40,1,11,62,33,0,0
Răzvan Toni Augustin Grădinaru,30,809161200,1995/08/23,Liga II,2025/2026,Midfielder,CSM Reşiţa,816,537,279,Romania,12,7,5,0,0,0,2,1,1,0,0,5,3,2,9,6,3,4,0,0.22,0.22,0,0,0,0,0.99,91,68,204,408,0.44,260,37,-1,20,0,6.22,0.17,91,31.82,19.69,49,315,12.56,201,6,20.30,36,0.00,0.00,1.31,21,0.00,2.94,0.10,0.06,1,0.00,0.69,0.00,0.00,0.00,0.19,1.81,0.50,15.00,1.52,0.56,2.25,0.00,0.38,0.11,0.00,1.00,0.00,0.00,0,0,,15,0.94,69,6,0.61,74,9,0.91,66,1,3,8,34,0.00,99,0,3,0.30,7,47,53,4.75,98,0,0.00,99,0,0.00,0,0,0.00,0,2.12,98,36,3.64,89,29,2.93,80.56,0,0.00,0,0,0,0.00,0,8,0.00,71,0.81,41,N/A,N/A,N/A,N/A,0.00,0,0.00,0,1.81,0.00,0,63.81,40.00,73,99,0.00,0.00,0,91,73,0,0,0,0.06,0.10,1,36,99.53,0.62,1.01,10,0,0.00,0.00,99,0.00,0,0,0,0.00,0.00,0,0.00,0.00,0.51,0.31,5,0,6.67,59,50,58,51,71,2.42,93,0.15,0.24,1.81,65,0.11,0.18,99,30,1.88,3.03,1.41,0.88,71,14,0.18,65,41,46,83,0,88,60,0,0.00,99,16,0.00,1.62,21.52,13.31,213,89,94,90,8.99,5.56,41.78,11,1.11,26,0,29.79,0,0.00,99,14,0.88,1.41,95,53,85,66,0,0,0,0,0,67,51,69,61,0,99,78,27,95,3,25,92,8,0,0
Relu Marian Stoian,30,825667200,1996/03/01,Liga II,2025/2026,Goalkeeper,Metalul Buzău,270,180,90,Romania,3,2,1,0,0,0,0,0,0,0,0,0,0,0,6,5,1,0,0,0,0,0,0,0,0,2,45,90,0,0,0,-1,-1,-1,15,0,3.34,0,62,19.00,8.64,14,95,6.09,67,25,13.40,14,0.00,0.00,0.00,0,0.00,0.00,0.00,0.00,0,0.00,0.00,0.00,0.00,1.91,0.45,0.00,1.91,0.00,0.00,0.00,0.00,0.00,0.00,0.00,0.00,0.09,0.00,0.00,0,0,,0,0.00,10,0,0.00,23,0,0.00,12,0,0,2,26,0.00,99,0,5,1.00,39,0,26,0.00,14,0,0.00,99,0,0.00,0,0,0.00,0,0.00,14,0,0.00,12,0,0.00,0.00,0,0.00,0,21,99,4.20,92,21,0.00,6,4.20,99,N/A,N/A,N/A,N/A,100.00,0,0.00,0,0.00,0.00,0,70.53,0.00,23,99,0.00,0.00,0,13,13,0,0,15,0.00,0.00,0,31,36.78,0.36,0.80,4,0,0.00,0.00,99,0.00,1,0,0,0.00,0.00,0,0.00,0.00,0.00,0.00,0,0,0.00,52,0,0,51,7,0.14,6,0.01,0.03,0.00,11,0.00,0.00,2,0,0.00,0.00,0.00,0.00,7,0,0.00,10,4,36,83,0,50,4,0,0.00,99,1,0.00,0.20,0.40,0.18,2,1,0,2,0.20,0.09,50.00,0,0.00,99,0,0.00,0,0.00,99,0,0.00,0.00,26,7,41,28,0,0,0,0,0,38,51,69,61,0,99,9,22,22,0,0,30,23,0,0
Remus Bogdan Chipirliu,33,711702000,1992/07/21,Liga II,2025/2026,Forward,CSA Steaua Bucureşti,887,576,311,Romania,14,8,6,9,5,4,2,2,0,0,0,3,1,2,11,6,5,1,1,1.12,0.2,0.91,0.78,1.16,99,1.12,81,63,444,444,0.2,4,42,-1,1,0,6.98,0.14,90,28.80,20.83,39,375,14.28,257,18,19.74,35,0.00,0.00,0.89,16,0.00,1.22,0.00,0.00,0,0.00,0.44,0.00,0.00,0.00,0.11,1.00,0.56,5.71,3.07,1.44,1.28,0.00,0.78,0.40,0.00,1.28,0.00,0.00,0,0,,40,2.22,96,14,1.08,91,26,2.00,97,1,3,7,26,0.00,99,0,2,0.15,3,22,70,1.69,67,0,0.00,99,0,0.00,0,0,0.00,0,1.23,80,23,1.77,62,18,1.38,78.26,0,0.00,0,0,0,0.00,0,10,0.00,58,0.77,35,N/A,N/A,N/A,N/A,0.00,0,0.00,0,7.19,0.00,0,68.53,35.00,62,99,0.00,0.00,0,68,67,0,1,0,0.00,0.00,0,31,125.63,0.11,0.15,2,0,0.00,0.00,99,0.00,0,1,1,0.06,0.08,0,0.00,0.00,0.92,0.67,12,0,17.50,83,57,78,52,59,2.30,82,0.13,0.18,6.49,95,0.36,0.50,55,14,0.78,1.08,0.77,0.56,30,10,0.55,96,83,3,91,0,96,63,0,0.00,99,23,0.00,1.77,12.98,9.39,169,69,46,36,5.30,3.83,40.83,8,0.61,44,0,36.36,0,0.00,99,8,0.44,0.61,73,45,85,66,0,0,0,0,0,99,99,99,96,0,99,40,60,63,0,0,30,10,0,0
Remus Gutea,21,1113807600,2005/04/18,Liga II,2025/2026,Midfielder,Voluntari,1028,556,472,Romania,15,9,6,4,3,1,0,0,0,0,0,7,3,4,9,7,2,2,0,0.35,0,0.35,0.49,0.19,257,0.79,114,69,514,0,0.18,39,323,-1,2,0,6.61,0,62,30.82,21.00,46,378,16.56,298,58,24.29,51,0.00,0.00,0.44,8,0.00,1.17,0.33,0.22,4,0.00,1.06,0.00,0.00,0.00,0.78,2.78,0.33,6.20,2.53,0.94,4.17,0.00,0.78,0.31,0.00,0.06,0.00,0.00,0,0,,31,1.72,90,14,1.14,94,17,1.39,84,4,4,9,62,0.00,99,0,14,1.14,45,21,32,1.71,68,0,0.00,99,0,0.00,0,0,0.00,0,0.65,55,75,6.11,98,50,4.08,66.67,0,0.00,0,0,0,0.00,0,6,0.00,84,0.49,16,N/A,N/A,N/A,N/A,0.00,0,0.00,0,5.61,0.00,0,78.84,45.16,79,99,0.00,0.00,0,96,44,0,0,0,0.00,0.00,0,31,119.00,0.56,0.82,10,0,0.00,0.00,99,0.00,0,0,0,0.00,0.00,0,0.00,0.00,0.00,0.00,0,0,16.13,77,69,87,62,84,1.56,66,0.09,0.13,5.61,93,0.31,0.46,94,26,1.44,2.12,0.73,0.50,27,9,0.46,93,54,36,83,0,50,1,0,0.00,99,1,0.00,0.08,23.07,15.72,283,109,93,94,8.89,6.06,38.52,19,1.55,13,0,19.05,0,0.00,99,4,0.22,0.33,56,65,89,96,0,0,0,0,0,80,89,76,90,0,99,87,67,57,2,13,67,9,0,0
Ricardo Farcaş,25,962002800,2000/06/26,Liga II,2025/2026,Defender,CSM Iaşi,1464,777,687,Romania,17,9,8,0,0,0,0,0,0,0,0,5,4,1,19,5,14,5,0,0,0,0,0,0,0,1.17,77,86,293,0,0.31,178,135,51,20,0,6.92,0,62,34.07,32.16,52,611,25.74,489,63,27.27,59,0.00,0.00,0.42,8,0.00,0.11,1.34,1.26,24,0.00,0.11,0.00,0.00,0.00,1.84,0.05,1.00,0.00,0.61,0.42,0.11,0.00,0.16,0.04,0.00,1.58,0.00,0.00,0,0,,11,0.58,36,3,0.17,39,8,0.45,37,5,0,16,99,0.00,99,0,35,1.95,79,2,91,0.11,17,0,0.00,99,0,0.00,0,0,0.00,0,0.45,42,2,0.11,14,1,0.06,50.00,0,0.00,0,0,0,0.00,0,19,0.00,52,1.06,62,N/A,N/A,N/A,N/A,0.00,0,0.00,0,0.71,0.00,0,80.03,27.27,45,99,0.00,0.00,0,14,24,0,0,0,0.47,0.50,9,80,131.57,1.21,1.28,23,1,0.00,0.06,10,0.05,0,0,1,0.05,0.06,0,0.00,0.00,0.06,0.05,1,1,0.00,52,95,95,51,53,2.56,70,0.13,0.14,0.71,34,0.04,0.04,70,24,1.26,1.34,1.51,1.42,76,27,0.04,33,80,55,87,0,53,62,0,0.00,99,30,0.00,1.67,13.33,12.58,239,92,42,39,5.13,4.84,38.49,2,0.11,80,0,50.00,0,0.00,99,1,0.05,0.06,28,96,41,99,0,0,0,0,0,38,51,69,61,0,99,54,40,83,4,24,90,6,0,0
Ricardo Florin Grigore,27,923468400,1999/04/07,Liga II,2025/2026,Defender,Tunari,323,90,233,Romania,4,1,3,0,0,0,0,0,0,0,0,1,0,1,5,0,5,1,0,0,0,0,0,0,0,1.39,65,81,323,0,0.28,181,184,64,10,0,5.52,0,62,50.43,36.20,91,181,25.20,126,22,35.11,76,0.00,0.00,0.00,0,0.00,0.20,0.00,0.00,0,0.00,0.40,0.00,0.00,0.00,3.20,0.20,0.20,0.00,0.28,0.20,0.20,0.00,0.00,0.01,0.00,2.40,0.00,0.00,0,0,,1,0.20,20,0,0.00,23,1,0.28,28,1,0,4,26,0.00,99,0,16,4.46,99,1,26,0.28,27,0,0.00,99,0,0.00,0,0,0.00,0,0.00,14,1,0.28,21,1,0.28,100.00,0,0.00,0,0,0,0.00,0,1,0.00,34,0.28,4,N/A,N/A,N/A,N/A,0.00,0,0.00,0,0.04,0.00,0,69.61,0.00,23,99,0.00,0.00,0,26,99,0,0,0,1.20,1.67,6,99,27.60,3.20,4.46,16,0,0.00,0.00,99,0.00,0,0,0,0.00,0.00,0,0.00,0.00,0.28,0.20,1,0,0.00,52,0,0,51,36,0.23,23,0.05,0.06,0.04,16,0.01,0.01,56,4,0.80,1.11,0.84,0.60,35,3,0.01,16,26,96,83,0,79,91,0,0.00,99,12,0.00,3.34,12.82,9.20,46,22,61,33,6.13,4.40,47.83,2,0.56,46,0,0.00,0,0.00,99,0,0.00,0.00,26,20,41,66,0,0,0,0,0,38,51,69,61,0,99,47,44,79,1,25,92,17,0,0
Ricardo Padurariu,18,1179903600,2007/05/23,Liga II,2025/2026,Midfielder,Corvinul Hunedoara,1665,793,872,,19,9,10,1,1,0,1,0,1,0,0,13,6,7,9,5,4,1,0,0.11,0.05,0.05,0.11,0,1665,0.49,185,88,1665,1665,0.05,162,127,-1,8,0,6.91,0.05,62,30.99,30.50,47,366,22.58,271,40,22.94,47,0.00,0.00,1.08,13,0.00,3.17,0.68,0.67,8,0.00,0.50,0.00,0.00,0.00,0.33,3.42,0.58,12.00,1.02,0.83,5.75,0.00,0.17,0.12,0.00,1.58,0.00,0.00,0,0,,12,1.00,54,2,0.17,39,10,0.85,63,1,0,19,87,0.00,99,0,4,0.34,8,38,70,3.22,88,0,0.00,99,0,0.00,0,0,0.00,0,1.10,75,69,5.84,98,41,3.47,59.42,0,0.00,0,0,0,0.00,0,7,0.00,97,0.59,22,N/A,N/A,N/A,N/A,0.00,0,0.00,0,1.39,0.00,0,74.04,16.67,29,99,0.00,0.00,0,94,33,0,0,0,0.17,0.17,2,48,82.89,1.58,1.61,19,0,0.00,0.00,99,0.00,0,0,0,0.00,0.00,0,0.00,0.00,0.17,0.17,2,0,8.33,63,99,99,99,97,0.89,39,0.07,0.08,1.39,57,0.12,0.12,56,13,1.08,1.10,1.44,1.42,72,17,0.12,56,79,63,83,0,69,60,0,0.00,99,19,0.00,1.61,20.15,19.83,238,113,96,85,9.57,9.42,47.48,6,0.51,47,0,36.84,0,0.00,99,14,1.17,1.19,90,99,41,66,0,0,0,0,0,47,51,69,63,0,99,99,99,22,1,5,31,3,0,0
Robert Albu,25,964681200,2000/07/27,Liga II,2025/2026,Midfielder,FC Bacău,585,283,302,Romania,8,4,4,1,1,0,0,0,0,0,0,2,2,0,9,3,6,1,0,0.15,0,0.15,0.32,0,585,1.38,65,73,585,0,0.15,111,306,-1,6,0,6.76,0,62,19.37,14.50,15,116,10.00,80,21,13.36,13,0.00,0.00,0.12,1,0.00,0.25,0.83,0.62,5,0.00,0.62,0.00,0.00,0.00,0.12,0.62,0.75,10.00,1.67,1.00,0.75,0.00,0.25,0.15,0.00,1.50,0.00,0.00,0,0,,10,1.25,72,2,0.33,57,8,1.34,82,2,0,8,94,0.00,99,0,1,0.17,3,2,91,0.33,32,0,0.00,99,0,0.00,0,0,0.00,0,0.17,22,6,1.00,45,5,0.83,83.33,0,0.00,0,0,0,0.00,0,6,0.00,36,1.00,59,N/A,N/A,N/A,N/A,0.00,0,0.00,0,1.23,0.00,0,68.97,20.00,35,99,0.00,0.00,0,50,80,0,0,0,0.25,0.33,2,65,54.07,0.62,0.83,5,0,0.00,0.00,99,0.00,0,0,0,0.00,0.00,0,0.00,0.00,0.50,0.38,3,1,10.00,67,25,20,83,36,0.21,11,0.03,0.04,1.23,71,0.15,0.21,76,9,1.12,1.50,2.50,1.88,97,15,0.21,71,65,37,83,0,87,70,0,0.00,99,12,0.00,2.00,15.70,11.75,94,36,59,55,6.01,4.50,38.30,5,0.83,35,0,50.00,0,0.00,99,1,0.12,0.17,41,53,41,85,0,0,0,0,0,54,68,69,82,0,99,47,74,49,1,12,65,8,0,0
Robert Costantin Filip,24,1015056000,2002/03/02,Liga II,2025/2026,Midfielder,ASA Târgu Mureş,1182,496,686,Italy,14,6,8,0,0,0,1,1,0,0,0,4,3,1,26,7,19,3,0,0.08,0.08,0,0,0,0,1.98,45,84,394,1182,0.23,216,113,-1,20,0,6.43,0.07,68,44.86,33.71,78,472,28.79,403,88,38.30,84,0.00,0.00,0.50,7,0.00,0.29,0.10,0.07,1,0.00,0.21,0.00,0.00,0.00,2.00,1.07,1.50,0.00,0.95,0.64,1.93,0.00,0.07,0.04,0.00,0.64,0.00,0.00,0,0,,10,0.71,52,1,0.10,29,9,0.86,63,1,0,11,34,0.00,99,0,28,2.66,95,4,97,0.38,34,0,0.00,99,0,0.00,0,0,0.00,0,0.67,57,27,2.57,76,15,1.43,55.56,0,0.00,0,0,0,0.00,0,21,0.00,7,2.00,90,N/A,N/A,N/A,N/A,0.00,0,0.00,0,0.58,0.00,0,85.38,10.00,25,99,0.00,0.00,0,68,28,0,0,0,0.43,0.57,6,83,90.07,0.71,0.95,10,0,0.00,0.00,99,0.00,0,0,0,0.00,0.00,0,0.00,0.00,0.00,0.00,0,0,0.00,52,82,78,51,7,0.98,45,0.07,0.09,0.58,42,0.04,0.06,86,19,1.36,1.81,1.90,1.43,90,20,0.06,41,45,43,83,0,50,29,0,0.00,99,9,0.00,0.86,16.63,12.50,175,70,70,63,6.65,5.00,40.00,3,0.29,63,0,75.00,0,0.00,99,3,0.21,0.29,54,80,41,66,0,0,0,0,0,43,51,69,61,0,99,54,53,71,3,21,87,26,0,0
Robert Cristian Curescu,24,1009094400,2001/12/23,Liga II,2025/2026,Midfielder,Dumbrăviţa,52,21,31,Romania,2,1,1,0,0,0,0,0,0,0,0,0,0,0,1,0,1,0,0,0,0,0,0,0,0,1.73,52,26,0,0,0,-1,-1,-1,12,0,6.79,0,62,15.43,9.60,5,48,7.20,36,44,11.57,8,0.00,0.00,0.20,1,0.00,1.00,0.00,0.00,0,0.00,0.60,0.00,0.00,0.00,1.20,1.40,0.00,0.00,0.64,0.40,2.00,0.00,0.00,0.02,0.00,0.80,0.00,0.00,0,0,,2,0.40,37,0,0.00,23,2,0.64,54,1,2,0,26,0.00,99,0,6,1.93,79,5,26,1.61,65,0,0.00,99,0,0.00,0,0,0.00,0,0.32,33,10,3.21,83,7,2.25,70.00,0,0.00,0,0,0,0.00,0,0,0.00,14,0.00,0,N/A,N/A,N/A,N/A,0.00,0,0.00,0,0.11,0.00,0,75.00,0.00,23,99,0.00,0.00,0,84,49,0,0,0,0.00,0.00,0,31,33.97,0.00,0.00,0,0,0.00,0.00,99,0.00,0,0,0,0.00,0.00,0,0.00,0.00,0.00,0.00,0,0,0.00,52,0,0,51,14,0.12,11,0.02,0.04,0.11,34,0.02,0.04,99,16,3.20,5.14,0.96,0.60,42,3,0.04,33,68,1,83,0,50,50,0,0.00,99,4,0.00,1.29,20.25,12.60,63,28,94,86,9.00,5.60,44.44,3,0.96,30,0,0.00,0,0.00,99,0,0.00,0.00,26,0,73,66,0,0,0,0,0,38,51,69,61,0,99,9,22,22,0,0,30,11,0,0
Robert Cristian Mustaca,23,1033801200,2002/10/05,Liga II,2025/2026,Forward,Tunari,634,300,334,Romania,12,5,7,0,0,0,0,0,0,0,0,1,0,1,23,14,9,2,0,0,0,0,0,0,0,3.26,28,53,317,0,0.28,270,262,-1,4,0,6.61,0,62,26.24,14.36,30,158,10.91,120,48,19.93,35,0.00,0.00,0.55,6,0.00,1.27,0.17,0.09,1,0.00,0.91,0.00,0.00,0.00,0.36,1.82,1.36,0.00,1.49,0.64,2.73,0.00,0.18,0.05,0.00,0.45,0.00,0.00,0,0,,9,0.82,67,2,0.33,57,7,1.16,77,1,5,3,43,0.00,99,0,4,0.66,22,14,51,2.32,78,0,0.00,99,0,0.00,0,0,0.00,0,1.00,73,30,4.98,95,20,3.32,66.67,0,0.00,0,0,0,0.00,0,15,0.00,0,2.49,92,N/A,N/A,N/A,N/A,0.00,0,0.00,0,0.55,0.00,0,75.95,22.22,36,99,0.00,0.00,0,93,44,0,0,0,0.09,0.17,1,48,72.66,0.27,0.50,3,1,0.00,0.17,3,0.09,0,0,0,0.00,0.00,0,0.00,0.00,0.00,0.00,0,0,0.00,52,31,58,51,1,0.49,39,0.04,0.08,0.55,50,0.05,0.09,89,11,1.00,1.83,1.33,0.73,69,8,0.09,49,54,21,83,0,50,27,0,0.00,99,5,0.00,0.83,25.57,14.00,154,53,92,98,8.80,4.82,34.42,10,1.66,11,0,28.57,0,0.00,99,4,0.36,0.66,75,12,93,66,0,0,0,0,0,38,51,69,61,0,99,11,43,79,1,8,50,10,0,0
Robert Dumitru Jerdea,22,1064732400,2003/09/28,Liga II,2025/2026,Forward,CSM Reşiţa,820,539,281,Romania,13,8,5,9,6,3,1,0,1,0,0,5,3,2,8,5,3,2,0,1.1,0.11,0.99,1,0.96,91,0.88,103,63,410,820,0.22,2,98,-1,1,0,7.29,0.08,74,27.24,16.65,34,283,11.24,191,14,18.39,29,0.00,0.00,0.82,14,0.00,1.71,0.10,0.06,1,0.00,1.24,0.00,0.00,0.00,0.29,2.24,0.53,4.25,3.27,0.94,2.71,0.00,1.06,0.46,0.00,0.41,0.00,0.00,0,0,,34,2.00,98,18,1.73,98,16,1.54,89,4,3,9,34,0.00,99,0,5,0.48,14,29,66,2.79,84,0,0.00,99,0,0.00,0,0,0.00,0,1.35,84,46,4.43,92,38,3.66,82.61,0,0.00,0,0,0,0.00,0,9,0.00,79,0.87,46,N/A,N/A,N/A,N/A,0.00,0,0.00,0,7.75,0.00,0,67.49,52.94,90,99,0.00,0.00,0,95,77,0,0,0,0.06,0.10,1,36,123.90,0.18,0.29,3,0,0.00,0.00,99,0.00,0,0,0,0.00,0.00,0,0.00,0.00,1.25,0.76,13,0,23.53,90,50,67,51,79,1.47,70,0.09,0.14,7.75,99,0.46,0.75,89,19,1.12,1.83,0.10,0.06,8,1,0.75,99,97,11,83,0,98,19,0,0.00,99,7,0.00,0.67,18.48,11.29,192,86,90,76,8.28,5.06,44.79,21,2.02,7,0,34.48,0,0.00,99,10,0.59,0.96,85,65,85,96,1,2,1,15,8,99,99,99,99,0,99,71,55,67,1,8,50,10,0,0
Robert Dumitru Răducioiu,22,1075708800,2004/02/02,Liga II,2025/2026,Midfielder,Tunari,0,0,0,Romania,0,0,0,0,0,0,0,0,0,0,0,0,0,0,0,0,0,0,0,0,0,0,0,0,0,0,0,0,0,0,0,-1,-1,-1,-1,N/A,N/A,N/A,N/A,N/A,N/A,N/A,N/A,N/A,N/A,N/A,N/A,N/A,N/A,N/A,N/A,N/A,N/A,N/A,N/A,N/A,N/A,N/A,N/A,N/A,N/A,N/A,N/A,N/A,N/A,N/A,N/A,N/A,N/A,N/A,N/A,N/A,N/A,N/A,N/A,N/A,N/A,N/A,N/A,N/A,N/A,N/A,N/A,N/A,N/A,N/A,N/A,N/A,N/A,N/A,N/A,N/A,N/A,N/A,N/A,N/A,N/A,N/A,N/A,N/A,N/A,N/A,N/A,N/A,N/A,N/A,N/A,N/A,N/A,N/A,N/A,N/A,N/A,N/A,N/A,N/A,N/A,N/A,N/A,N/A,N/A,N/A,N/A,N/A,N/A,N/A,N/A,N/A,N/A,N/A,N/A,N/A,N/A,N/A,N/A,N/A,N/A,N/A,N/A,N/A,N/A,N/A,N/A,N/A,N/A,N/A,N/A,N/A,N/A,N/A,N/A,N/A,N/A,N/A,N/A,N/A,N/A,N/A,N/A,N/A,N/A,N/A,N/A,N/A,N/A,N/A,N/A,N/A,N/A,N/A,N/A,N/A,N/A,N/A,N/A,N/A,N/A,N/A,N/A,N/A,N/A,N/A,N/A,N/A,N/A,N/A,N/A,N/A,N/A,N/A,N/A,N/A,N/A,N/A,N/A,N/A,N/A,N/A,N/A,N/A,N/A,N/A,N/A,N/A,N/A,N/A,N/A,N/A,N/A,N/A,N/A,N/A,N/A,N/A,N/A,N/A,N/A,N/A,N/A,N/A,N/A,N/A,N/A,N/A,N/A,N/A,N/A,N/A,N/A,N/A,N/A,N/A,N/A,N/A,N/A,N/A,N/A,N/A,N/A,N/A,N/A,N/A,N/A,N/A,N/A,N/A,N/A,N/A,N/A,N/A,N/A,N/A,N/A,N/A,N/A,N/A,N/A,N/A,N/A
Robert Enache,24,1013587200,2002/02/13,Liga II,2025/2026,Midfielder,Chindia Târgovişte,734,372,362,Romania,14,7,7,0,0,0,0,0,0,0,0,5,3,2,5,2,3,3,0,0,0,0,0,0,0,0.61,147,52,245,0,0.37,307,143,-1,23,0,6.47,0,62,44.59,25.58,78,486,20.26,385,60,35.32,77,0.00,0.00,0.58,11,0.00,0.42,0.28,0.16,3,0.00,0.47,0.00,0.00,0.00,0.79,0.21,0.53,5.00,0.92,0.37,0.26,0.00,0.16,0.10,0.00,0.58,0.00,0.00,0,0,,10,0.53,50,3,0.28,52,7,0.64,54,1,6,6,58,0.00,99,0,15,1.38,57,8,43,0.73,46,0,0.00,99,0,0.00,0,0,0.00,0,1.01,73,5,0.46,29,4,0.37,80.00,0,0.00,0,0,0,0.00,0,10,0.00,91,0.92,53,N/A,N/A,N/A,N/A,0.00,0,0.00,0,1.89,0.00,0,79.22,30.00,48,99,0.00,0.00,0,32,73,0,0,0,0.05,0.09,1,35,122.86,0.89,1.56,17,0,0.00,0.00,99,0.00,0,0,1,0.05,0.09,0,0.00,0.00,0.09,0.05,1,0,20.00,88,39,78,51,91,1.77,77,0.09,0.16,1.89,64,0.10,0.17,39,9,0.47,0.83,0.64,0.37,22,7,0.17,64,47,62,93,0,56,38,0,0.00,99,11,0.00,1.01,13.85,7.95,151,48,26,42,4.40,2.53,31.79,9,0.83,35,0,25.00,0,0.00,99,2,0.11,0.18,44,38,96,66,0,0,0,0,0,38,51,69,61,0,99,69,33,89,1,7,41,21,0,0
Robert Florin Boboc,30,801558000,1995/05/27,Liga II,2025/2026,Midfielder,Viitorul Şelimbăr,847,414,433,Romania,12,6,6,0,0,0,0,0,0,0,0,0,0,0,14,5,9,4,0,0,0,0,0,0,0,1.49,61,71,212,0,0.43,286,316,-1,19,0,6.59,0,62,45.67,34.11,82,307,28.33,255,79,37.93,83,0.00,0.00,0.33,3,0.00,0.11,1.04,0.78,7,0.00,0.33,0.00,0.00,0.00,1.56,0.33,0.89,0.00,1.19,0.78,0.33,0.00,0.11,0.05,0.00,0.89,0.00,0.00,0,0,,8,0.89,61,1,0.15,36,7,1.04,72,2,0,7,98,0.00,99,0,14,2.08,84,1,26,0.15,20,0,0.00,99,0,0.00,0,0,0.00,0,0.45,42,3,0.45,28,3,0.45,100.00,0,0.00,0,0,0,0.00,0,8,0.00,27,1.19,69,N/A,N/A,N/A,N/A,0.00,0,0.00,0,0.42,0.00,0,83.06,12.50,27,99,0.00,0.00,0,35,99,0,0,0,0.56,0.74,5,90,59.30,0.44,0.60,4,0,0.00,0.00,99,0.00,0,0,0,0.00,0.00,0,0.00,0.00,0.00,0.00,0,0,0.00,52,53,58,51,29,0.73,57,0.08,0.11,0.42,42,0.05,0.06,44,6,0.67,0.89,2.53,1.89,97,17,0.06,41,53,25,83,0,50,47,0,0.00,99,8,0.00,1.19,14.28,10.67,96,29,24,44,4.31,3.22,30.21,3,0.45,51,0,0.00,0,0.00,99,0,0.00,0.00,26,45,41,85,0,0,0,0,0,38,51,69,61,0,99,9,29,93,3,25,92,15,0,0
Robert Ionuţ Grecu,27,896770800,1998/06/02,Liga II,2025/2026,Forward,Muscelul Câmpulung Elite,20,20,0,Romania,1,1,0,0,0,0,0,0,0,0,0,1,1,0,0,0,0,0,0,0,0,0,0,0,0,0,0,20,0,0,0,-1,-1,-1,4,N/A,N/A,N/A,N/A,N/A,N/A,N/A,N/A,N/A,N/A,N/A,N/A,N/A,N/A,N/A,N/A,N/A,N/A,N/A,N/A,N/A,N/A,N/A,N/A,N/A,N/A,N/A,N/A,N/A,N/A,N/A,N/A,N/A,N/A,N/A,N/A,N/A,N/A,N/A,N/A,N/A,N/A,N/A,N/A,N/A,N/A,N/A,N/A,N/A,N/A,N/A,N/A,N/A,N/A,N/A,N/A,N/A,N/A,N/A,N/A,N/A,N/A,N/A,N/A,N/A,N/A,N/A,N/A,N/A,N/A,N/A,N/A,N/A,N/A,N/A,N/A,N/A,N/A,N/A,N/A,N/A,N/A,N/A,N/A,N/A,N/A,N/A,N/A,N/A,N/A,N/A,N/A,N/A,N/A,N/A,N/A,N/A,N/A,N/A,N/A,N/A,N/A,N/A,N/A,N/A,N/A,N/A,N/A,N/A,N/A,N/A,N/A,N/A,N/A,N/A,N/A,N/A,N/A,N/A,N/A,N/A,N/A,N/A,N/A,N/A,N/A,N/A,N/A,N/A,N/A,N/A,N/A,N/A,N/A,N/A,N/A,N/A,N/A,N/A,N/A,N/A,N/A,N/A,N/A,N/A,N/A,N/A,N/A,N/A,N/A,N/A,N/A,N/A,N/A,N/A,N/A,N/A,N/A,N/A,N/A,N/A,N/A,N/A,N/A,N/A,N/A,N/A,N/A,N/A,N/A,N/A,N/A,N/A,N/A,N/A,N/A,N/A,N/A,N/A,N/A,N/A,N/A,N/A,N/A,N/A,N/A,N/A,N/A,N/A,N/A,N/A,N/A,N/A,N/A,N/A,N/A,N/A,N/A,N/A,N/A,N/A,N/A,N/A,N/A,N/A,N/A,N/A,N/A,N/A,N/A,N/A,N/A,N/A,N/A,N/A,N/A,N/A,N/A,N/A,N/A,N/A,N/A,N/A,N/A
Robert Lăpădătescu,19,1162972800,2006/11/08,Liga II,2025/2026,Midfielder,Slatina,458,274,184,Romania,11,6,5,1,1,0,0,0,0,0,0,0,0,0,6,5,1,2,0,0.2,0,0.2,0.33,0,458,1.18,76,42,229,0,0.39,91,166,-1,9,0,6.88,0,62,79.65,44.25,99,177,39.25,157,97,70.65,99,0.00,0.00,0.50,2,0.00,0.50,0.45,0.25,1,0.00,0.25,0.00,0.00,0.00,1.00,0.25,0.00,5.00,2.25,1.00,0.75,0.00,0.25,0.23,0.00,0.50,0.00,0.00,0,0,,5,1.25,83,1,0.45,64,4,1.80,95,2,5,2,73,0.00,99,0,4,1.80,74,2,26,0.90,51,0,0.00,99,0,0.00,0,0,0.00,0,0.90,69,3,1.35,52,1,0.45,33.33,0,0.00,0,0,0,0.00,0,0,0.00,51,0.00,0,N/A,N/A,N/A,N/A,0.00,0,0.00,0,0.91,0.00,0,88.70,20.00,35,99,0.00,0.00,0,35,15,0,0,0,0.25,0.45,1,75,27.52,0.25,0.45,1,0,0.00,0.00,99,0.00,0,0,0,0.00,0.00,0,0.00,0.00,0.00,0.00,0,0,20.00,88,12,46,78,51,0.40,82,0.10,0.18,0.91,91,0.23,0.41,2,0,0.00,0.00,3.15,1.75,99,7,0.41,91,77,19,83,0,50,30,0,0.00,99,2,0.00,0.90,13.05,7.25,29,9,21,36,4.05,2.25,31.03,1,0.45,51,0,0.00,0,0.00,99,0,0.00,0.00,26,7,93,85,0,0,0,0,0,63,74,69,83,0,99,9,32,90,1,9,54,6,0,0
Robert Luca Ştefan Burlacu,17,1212994800,2008/06/09,Liga II,2025/2026,Forward,CSM Reşiţa,397,307,90,,7,5,2,0,0,0,1,1,0,0,0,2,1,1,5,4,1,1,0,0.23,0.23,0,0,0,0,1.13,79,57,397,397,0.23,228,35,-1,24,0,2.89,0.14,92,25.81,8.07,29,113,5.36,75,10,17.13,26,0.00,0.00,0.36,5,0.00,1.43,1.14,0.36,5,0.00,0.14,0.00,0.00,0.00,0.71,0.36,0.29,0.00,0.23,0.00,0.57,0.00,0.07,0.01,0.00,0.64,0.00,0.00,0,0,,1,0.07,18,1,0.23,47,0,0.00,12,1,3,4,98,0.00,99,0,10,2.28,90,20,43,4.57,97,0,0.00,99,0,0.00,0,0,0.00,0,1.14,76,8,1.83,64,5,1.14,62.50,0,0.00,0,0,0,0.00,0,4,0.00,57,0.91,51,N/A,N/A,N/A,N/A,0.00,0,0.00,0,0.12,0.00,0,66.37,100.00,99,99,0.00,0.00,0,59,36,0,0,0,0.00,0.00,0,31,40.40,0.36,1.14,5,0,0.00,0.00,99,0.00,0,0,0,0.00,0.00,0,0.00,0.00,0.23,0.07,1,0,0.00,52,4,12,51,56,0.93,90,0.07,0.21,0.12,29,0.01,0.03,20,2,0.14,0.46,1.14,0.36,54,5,0.03,28,3,50,83,0,76,72,0,0.00,99,9,0.00,2.06,15.53,4.86,68,24,48,53,5.48,1.71,35.29,2,0.46,50,0,25.00,0,0.00,99,5,0.36,1.14,89,20,85,66,0,0,0,0,0,69,51,69,61,0,99,54,53,71,1,14,72,2,0,0
Robert Mihai Geantă,29,860396400,1997/04/07,Liga II,2025/2026,Goalkeeper,ASA Târgu Mureş,540,270,270,Romania,6,3,3,0,0,0,0,0,0,0,0,2,2,0,7,2,5,0,0,0,0,0,0,0,0,1.17,77,90,0,0,0,274,267,52,29,0,2.77,0,62,18.83,7.53,13,113,6.13,92,73,15.33,21,0.00,0.00,0.00,0,0.00,0.00,0.00,0.00,0,0.00,0.00,0.00,0.00,1.13,0.33,0.00,1.13,0.00,0.00,0.00,0.00,0.00,0.00,0.00,0.00,0.40,0.00,0.00,0,0,,0,0.00,10,0,0.00,23,0,0.00,12,0,0,6,26,0.00,99,0,5,0.83,31,0,26,0.00,14,0,0.00,99,0,0.00,0,0,0.00,0,0.00,14,0,0.00,12,0,0.00,0.00,0,0.00,0,17,99,2.83,33,17,0.00,52,2.83,94,N/A,N/A,N/A,N/A,100.00,0,0.00,0,0.00,0.00,0,81.42,0.00,23,99,0.00,0.00,0,13,13,0,0,4,0.00,0.00,0,31,41.53,0.40,1.00,6,0,0.00,0.00,99,0.00,0,0,0,0.00,0.00,0,0.00,0.00,0.00,0.00,0,0,0.00,52,21,5,51,53,0.18,6,0.01,0.03,0.00,11,0.00,0.00,21,3,0.20,0.50,0.00,0.00,7,0,0.00,10,2,45,83,0,50,38,0,0.00,99,6,0.00,1.00,1.33,0.53,8,7,7,7,1.17,0.47,87.50,0,0.00,99,0,0.00,0,0.00,99,0,0.00,0.00,26,38,41,28,0,0,0,0,0,38,51,69,61,0,99,66,22,22,0,0,30,12,0,0
Robert Mihai Silaghi,24,1017734400,2002/04/02,Liga II,2025/2026,Midfielder,Sepsi,236,71,165,Romania,9,4,5,0,0,0,0,0,0,0,0,3,0,3,1,0,1,0,0,0,0,0,0,0,0,0.38,236,26,0,0,0,-1,-1,-1,19,0,4.41,0,62,38.17,10.80,65,162,9.33,140,93,32.98,71,0.00,0.00,0.20,3,0.00,0.07,0.71,0.20,3,0.00,0.07,0.00,0.00,0.00,0.13,0.13,0.13,0.00,0.24,0.07,0.13,0.00,0.00,0.00,0.00,0.07,0.00,0.00,0,0,,1,0.07,19,0,0.00,23,1,0.24,26,4,6,3,89,0.00,99,0,2,0.47,13,1,26,0.24,25,0,0.00,99,0,0.00,0,0,0.00,0,0.71,60,2,0.47,30,2,0.47,100.00,0,0.00,0,0,0,0.00,0,2,0.00,99,0.47,14,N/A,N/A,N/A,N/A,0.00,0,0.00,0,0.05,0.00,0,86.42,0.00,23,99,0.00,0.00,0,36,99,0,0,0,0.07,0.24,1,58,66.10,0.33,1.18,5,0,0.00,0.00,99,0.00,0,0,0,0.00,0.00,0,0.00,0.00,0.24,0.07,1,0,0.00,52,0,27,51,99,0.39,45,0.03,0.09,0.05,16,0.00,0.01,31,3,0.20,0.71,0.94,0.27,41,4,0.01,16,10,52,83,0,78,6,0,0.00,99,1,0.00,0.24,11.07,3.13,47,11,8,19,2.59,0.73,23.40,1,0.24,66,0,0.00,0,0.00,99,0,0.00,0.00,26,12,96,96,0,0,0,0,0,38,51,69,61,0,99,66,22,22,0,0,30,7,0,0
Robert Mikloș,26,937983600,1999/09/22,Liga II,2025/2026,Midfielder,Dumbrăviţa,990,450,540,Romania,11,5,6,0,0,0,0,0,0,0,0,2,1,1,18,5,13,1,0,0,0,0,0,0,0,1.64,55,90,990,0,0.09,248,236,-1,20,0,6.51,0,62,15.67,14.46,6,188,10.38,135,30,11.25,6,0.00,0.00,0.00,0,0.00,0.00,0.00,0.00,0,0.00,0.00,0.00,0.00,3.31,1.00,0.00,3.31,0.00,0.00,0.00,0.00,0.00,0.00,0.00,0.00,0.31,0.00,0.00,0,0,,0,0.00,10,0,0.00,23,0,0.00,12,0,0,9,26,0.00,99,0,13,1.08,42,0,26,0.00,14,0,0.00,99,0,0.00,0,0,0.00,0,0.00,14,0,0.00,12,0,0.00,0.00,0,0.00,0,43,99,3.58,71,43,0.00,19,3.58,98,N/A,N/A,N/A,N/A,100.00,0,0.00,0,0.00,0.00,0,71.81,0.00,23,99,0.00,0.00,0,13,13,0,0,17,0.00,0.00,0,31,84.57,1.00,1.08,13,0,0.00,0.00,99,0.00,0,0,0,0.00,0.00,0,0.00,0.00,0.00,0.00,0,0,0.00,52,66,46,51,20,0.28,2,0.02,0.02,0.00,11,0.00,0.00,3,1,0.08,0.08,0.00,0.00,7,0,0.00,10,49,48,83,0,50,8,0,0.00,99,4,0.00,0.33,0.33,0.31,4,4,3,2,0.33,0.31,100.00,0,0.00,99,0,0.00,0,0.00,99,0,0.00,0.00,26,65,41,28,0,0,0,0,0,38,51,69,61,0,99,34,91,31,1,9,54,99,0,0
Robert Necșulescu,18,1179385200,2007/05/17,Liga II,2025/2026,Midfielder,Chindia Târgovişte,118,0,118,,2,0,2,1,0,1,0,0,0,0,0,1,0,1,2,0,2,0,0,0.76,0,0.76,0,0.76,118,1.53,59,59,0,0,0,-1,-1,-1,10,0,6.74,0,62,27.22,16.33,34,98,10.83,65,9,18.06,28,0.00,0.00,0.67,4,0.00,1.00,0.00,0.00,0,0.00,0.67,0.00,0.00,0.00,0.83,1.33,0.83,4.00,1.11,0.33,2.00,0.00,0.33,0.16,0.00,0.67,0.00,0.00,0,0,,4,0.67,58,2,0.56,71,2,0.56,48,1,1,1,26,0.00,99,0,5,1.39,57,6,31,1.67,67,0,0.00,99,0,0.00,0,0,0.00,0,1.11,76,12,3.33,85,8,2.22,66.67,0,0.00,0,0,0,0.00,0,5,0.00,24,1.39,78,N/A,N/A,N/A,N/A,0.00,0,0.00,0,0.94,0.00,0,66.33,50.00,88,99,0.00,0.00,0,83,44,0,0,0,0.17,0.28,1,61,40.44,1.00,1.67,6,0,0.00,0.00,99,0.00,0,0,0,0.00,0.00,0,0.00,0.00,0.00,0.00,0,0,25.00,92,0,0,53,24,0.86,93,0.14,0.24,0.94,77,0.16,0.26,2,0,0.00,0.00,0.28,0.17,10,1,0.26,77,63,64,83,0,50,44,0,0.00,99,4,0.00,1.11,18.33,11.00,66,22,61,74,6.11,3.67,33.33,4,1.11,26,0,16.67,0,0.00,99,1,0.17,0.28,53,4,64,66,0,0,0,0,0,96,98,98,61,0,99,93,22,22,0,0,30,88,0,0
Robert Popescu,23,1047196800,2003/03/09,Liga II,2025/2026,Midfielder,CSA Steaua Bucureşti,0,0,0,Romania,0,0,0,0,0,0,0,0,0,0,0,0,0,0,0,0,0,0,0,0,0,0,0,0,0,0,0,0,0,0,0,-1,-1,-1,-1,N/A,N/A,N/A,N/A,N/A,N/A,N/A,N/A,N/A,N/A,N/A,N/A,N/A,N/A,N/A,N/A,N/A,N/A,N/A,N/A,N/A,N/A,N/A,N/A,N/A,N/A,N/A,N/A,N/A,N/A,N/A,N/A,N/A,N/A,N/A,N/A,N/A,N/A,N/A,N/A,N/A,N/A,N/A,N/A,N/A,N/A,N/A,N/A,N/A,N/A,N/A,N/A,N/A,N/A,N/A,N/A,N/A,N/A,N/A,N/A,N/A,N/A,N/A,N/A,N/A,N/A,N/A,N/A,N/A,N/A,N/A,N/A,N/A,N/A,N/A,N/A,N/A,N/A,N/A,N/A,N/A,N/A,N/A,N/A,N/A,N/A,N/A,N/A,N/A,N/A,N/A,N/A,N/A,N/A,N/A,N/A,N/A,N/A,N/A,N/A,N/A,N/A,N/A,N/A,N/A,N/A,N/A,N/A,N/A,N/A,N/A,N/A,N/A,N/A,N/A,N/A,N/A,N/A,N/A,N/A,N/A,N/A,N/A,N/A,N/A,N/A,N/A,N/A,N/A,N/A,N/A,N/A,N/A,N/A,N/A,N/A,N/A,N/A,N/A,N/A,N/A,N/A,N/A,N/A,N/A,N/A,N/A,N/A,N/A,N/A,N/A,N/A,N/A,N/A,N/A,N/A,N/A,N/A,N/A,N/A,N/A,N/A,N/A,N/A,N/A,N/A,N/A,N/A,N/A,N/A,N/A,N/A,N/A,N/A,N/A,N/A,N/A,N/A,N/A,N/A,N/A,N/A,N/A,N/A,N/A,N/A,N/A,N/A,N/A,N/A,N/A,N/A,N/A,N/A,N/A,N/A,N/A,N/A,N/A,N/A,N/A,N/A,N/A,N/A,N/A,N/A,N/A,N/A,N/A,N/A,N/A,N/A,N/A,N/A,N/A,N/A,N/A,N/A,N/A,N/A,N/A,N/A,N/A,N/A
Robert Valentin Petculescu,19,1171267200,2007/02/12,Liga II,2025/2026,Midfielder,Voluntari,452,329,123,Romania,12,7,5,3,2,1,0,0,0,0,0,6,3,3,5,4,1,1,0,0.6,0,0.6,0.55,0.73,151,1,90,38,452,0,0.2,14,327,-1,3,0,4.58,0,62,38.10,14.68,64,279,11.95,227,72,31.00,67,0.00,0.00,0.16,3,0.00,0.32,0.41,0.16,3,0.00,1.00,0.00,0.00,0.00,0.95,0.42,0.11,3.67,1.50,0.37,0.47,0.00,0.21,0.14,0.00,0.37,0.00,0.00,0,0,,11,0.58,68,4,0.55,71,7,0.96,69,5,4,5,71,0.00,99,0,18,2.46,93,6,65,0.82,50,0,0.00,99,0,0.00,0,0,0.00,0,0.41,37,9,1.23,50,8,1.09,88.89,0,0.00,0,0,0,0.00,0,2,0.00,69,0.27,4,N/A,N/A,N/A,N/A,0.00,0,0.00,0,2.67,0.00,0,81.36,36.36,64,99,0.00,0.00,0,57,86,0,0,0,0.00,0.00,0,31,86.97,0.21,0.55,4,0,0.00,0.00,99,0.00,0,0,0,0.00,0.00,0,0.00,0.00,0.00,0.00,0,0,27.27,93,11,58,55,69,1.16,77,0.06,0.16,2.67,86,0.14,0.36,76,11,0.58,1.50,1.09,0.42,49,8,0.36,85,12,23,83,0,50,35,0,0.00,99,7,0.00,0.96,21.17,8.16,155,45,63,89,6.15,2.37,29.03,19,2.59,2,0,33.33,0,0.00,99,2,0.11,0.27,53,29,89,99,0,0,0,0,0,94,96,98,93,0,99,93,62,63,1,8,50,21,0,0
Roberto Mălăele,23,1048924800,2003/03/29,Liga II,2025/2026,Midfielder,CS Dinamo București,794,360,434,Romania,9,4,5,4,2,2,0,0,0,0,0,1,1,0,15,4,11,3,0,0.45,0,0.45,0.5,0.41,199,1.7,53,88,265,0,0.34,26,229,-1,1,0,7.24,0,62,57.00,57.00,97,114,47.00,94,77,47.00,95,0.00,0.00,2.00,4,0.00,0.00,1.00,1.00,2,0.00,2.50,0.00,0.00,0.00,2.00,1.00,2.00,4.00,2.00,1.50,1.00,0.00,0.50,0.43,0.00,1.00,0.00,0.00,0,0,,4,2.00,80,1,0.50,68,3,1.50,88,2,0,8,97,0.00,99,0,4,2.00,82,0,26,0.00,14,0,0.00,99,0,0.00,0,0,0.00,0,2.00,97,2,1.00,45,2,1.00,100.00,0,0.00,0,0,0,0.00,0,4,0.00,15,2.00,90,N/A,N/A,N/A,N/A,0.00,0,0.00,0,0.86,0.00,0,82.46,25.00,43,99,0.00,0.00,0,53,99,0,0,0,0.00,0.00,0,31,14.48,0.00,0.00,0,0,0.00,0.00,99,0.00,0,0,0,0.00,0.00,0,0.00,0.00,0.00,0.00,0,0,25.00,92,46,27,58,16,0.41,87,0.20,0.20,0.86,92,0.43,0.43,50,2,1.00,1.00,1.50,1.50,75,3,0.43,92,95,1,83,0,50,38,0,0.00,99,2,0.00,1.00,18.50,18.50,37,15,83,76,7.50,7.50,40.54,5,2.50,3,0,0.00,0,0.00,99,0,0.00,0.00,26,53,41,85,0,1,0,11,0,86,93,91,91,0,99,19,37,85,2,22,88,20,0,0
Rodrigo Hernando Orte,26,937724400,1999/09/19,Liga II,2025/2026,Forward,Slatina,806,404,402,Spain,14,8,6,2,1,1,1,1,0,0,0,3,3,0,8,2,6,5,1,0.33,0.11,0.22,0.22,0.22,403,0.89,101,58,161,806,0.56,83,92,-1,6,0,6.61,0.07,74,32.85,16.67,49,50,13.33,40,63,26.28,57,0.00,0.00,1.00,3,0.00,1.33,0.00,0.00,0,0.00,1.00,0.00,0.00,0.00,0.00,1.67,1.00,0.00,0.66,0.00,2.33,0.00,0.33,0.05,0.00,1.00,0.00,0.00,0,0,,1,0.33,38,1,0.66,76,0,0.00,12,3,4,5,26,0.00,99,0,0,0.00,1,4,43,2.63,81,0,0.00,99,0,0.00,0,0,0.00,0,1.97,96,7,4.60,93,5,3.28,71.43,0,0.00,0,0,0,0.00,0,3,0.00,78,1.97,89,N/A,N/A,N/A,N/A,0.00,0,0.00,0,0.15,0.00,0,80.00,100.00,99,99,0.00,0.00,0,92,53,0,0,0,0.00,0.00,0,31,19.82,0.00,0.00,0,0,0.00,0.00,99,0.00,0,0,0,0.00,0.00,0,0.00,0.00,0.00,0.00,0,0,0.00,52,48,78,74,78,0.17,57,0.06,0.11,0.15,52,0.05,0.10,91,3,1.00,1.97,1.97,1.00,90,3,0.10,51,54,1,83,0,50,68,0,0.00,99,3,0.00,1.97,21.02,10.67,32,11,78,88,7.23,3.67,34.38,3,1.97,8,0,25.00,0,0.00,99,1,0.33,0.66,75,29,89,91,0,0,0,0,0,78,78,78,73,0,99,40,24,98,4,29,95,20,0,0
Romario Florin Moise,30,811666800,1995/09/21,Liga II,2025/2026,Forward,FC Bacău,90,0,90,Romania,1,0,1,1,0,1,0,0,0,0,0,0,0,0,1,0,1,0,0,1,0,1,0,1,90,1,90,90,0,0,0,-1,-1,-1,4,0,3.45,0,62,18.00,9.00,11,18,6.50,13,31,13.00,12,0.00,0.00,0.00,0,0.00,0.00,0.00,0.00,0,0.00,0.00,0.00,0.00,0.00,1.00,0.00,0.00,1.00,1.00,0.00,0.00,0.00,0.50,0.37,0.00,0.50,0.00,0.00,0,0,,1,0.50,54,1,1.00,87,0,0.00,12,1,0,1,26,0.00,99,0,2,2.00,82,0,26,0.00,14,0,0.00,99,0,0.00,0,0,0.00,0,0.00,14,0,0.00,12,0,0.00,0.00,0,0.00,0,0,0,0.00,0,0,0.00,69,0.00,0,N/A,N/A,N/A,N/A,0.00,0,0.00,0,0.74,0.00,0,72.22,100.00,99,99,0.00,0.00,0,13,13,0,0,0,0.50,1.00,1,96,6.90,0.50,1.00,1,0,0.00,0.00,99,0.00,0,0,0,0.00,0.00,0,0.00,0.00,0.00,0.00,0,0,100.00,99,0,0,51,69,0.03,6,0.01,0.03,0.74,99,0.37,0.74,2,0,0.00,0.00,1.00,0.50,44,1,0.74,99,5,45,83,0,50,38,0,0.00,99,1,0.00,1.00,14.00,7.00,14,3,10,43,3.00,1.50,21.43,0,0.00,99,0,0.00,0,0.00,99,0,0.00,0.00,26,4,41,66,0,0,0,0,0,98,99,99,61,0,99,9,22,22,0,0,30,27,0,0
Ronald Granja,24,1002524400,2001/10/08,Liga II,2025/2026,Midfielder,Ceahlăul Piatra Neamţ,134,0,134,Colombia,2,0,2,1,0,1,0,0,0,0,0,0,0,0,2,0,2,0,0,0.67,0,0.67,0,0.67,134,1.34,67,67,0,0,0,-1,-1,-1,2,0,6.74,0,62,20.52,18.75,18,75,13.50,54,30,14.77,18,0.00,0.00,0.50,2,0.00,1.25,0.00,0.00,0,0.00,2.75,0.00,0.00,0.00,0.75,4.00,1.00,5.00,1.37,0.75,5.25,0.00,0.50,0.25,0.00,1.50,0.00,0.00,0,0,,5,1.25,65,2,0.55,71,3,0.82,62,0,1,1,26,0.00,99,0,3,0.82,30,5,35,1.37,58,0,0.00,99,0,0.00,0,0,0.00,0,0.55,49,21,5.74,97,16,4.38,76.19,0,0.00,0,0,0,0.00,0,4,0.00,38,1.09,64,N/A,N/A,N/A,N/A,0.00,0,0.00,0,0.99,0.00,0,72.00,40.00,73,99,0.00,0.00,0,97,63,0,0,0,0.25,0.27,1,61,26.96,0.75,0.82,3,0,0.00,0.00,99,0.00,0,0,0,0.00,0.00,0,0.00,0.00,0.27,0.25,1,0,20.00,88,0,0,54,38,0.17,17,0.04,0.05,0.99,79,0.25,0.27,96,9,2.25,2.46,1.09,1.00,49,4,0.27,79,63,36,83,0,79,61,0,0.00,99,6,0.00,1.64,25.71,23.50,94,39,99,98,10.67,9.75,41.49,11,3.01,1,0,20.00,0,0.00,99,1,0.25,0.27,53,4,64,28,0,0,0,0,0,95,97,97,61,0,99,9,22,22,0,0,30,20,0,0
Ronaldo Octavian Andrei Deaconu,28,863506800,1997/05/13,Liga II,2025/2026,Midfielder,Corvinul Hunedoara,53,0,53,Romania,1,0,1,0,0,0,0,0,0,0,0,0,0,0,1,0,1,0,0,0,0,0,0,0,0,1.7,53,53,0,0,0,-1,-1,-1,23,0,6.08,0,62,42.53,17.22,74,155,14.11,127,75,34.85,76,0.00,0.00,0.89,8,0.00,1.00,0.00,0.00,0,0.00,0.00,0.00,0.00,0.00,0.44,1.11,0.33,0.00,2.47,0.78,1.44,0.00,0.22,0.08,0.00,0.11,0.00,0.00,0,0,,9,1.00,89,2,0.55,71,7,1.92,96,0,1,0,26,0.00,99,0,4,1.10,42,9,65,2.47,80,0,0.00,99,0,0.00,0,0,0.00,0,2.20,99,13,3.57,88,10,2.74,76.92,0,0.00,0,0,0,0.00,0,3,0.00,15,0.82,41,N/A,N/A,N/A,N/A,0.00,0,0.00,0,0.71,0.00,0,81.94,22.22,36,99,0.00,0.00,0,89,64,0,0,0,0.00,0.00,0,31,54.73,0.11,0.27,1,0,0.00,0.00,99,0.00,0,0,0,0.00,0.00,0,0.00,0.00,0.00,0.00,0,0,0.00,52,0,0,51,16,1.16,98,0.13,0.32,0.71,67,0.08,0.19,22,2,0.22,0.55,0.82,0.33,34,3,0.19,67,38,10,83,0,50,6,0,0.00,99,1,0.00,0.27,13.17,5.33,48,18,36,38,4.94,2.00,37.50,0,0.00,99,0,33.33,0,0.00,99,3,0.33,0.82,80,0,64,28,0,0,0,0,0,38,51,69,61,0,99,9,22,22,0,0,30,70,0,0
Rúben Filipe Ramos Silva,28,886406400,1998/02/02,Liga II,2025/2026,Midfielder,CSM Iaşi,203,90,113,Portugal,5,3,2,0,0,0,0,0,0,0,0,3,2,1,1,0,1,0,0,0,0,0,0,0,0,0.44,203,41,0,0,0,-1,-1,-1,22,0,2.98,0,62,31.71,7.56,48,68,5.33,48,26,22.38,44,0.00,0.00,0.00,0,0.00,0.44,1.40,0.33,3,0.00,0.33,0.00,0.00,0.00,0.33,0.56,0.11,0.00,0.93,0.11,0.67,0.00,0.11,0.02,0.00,0.22,0.00,0.00,0,0,,2,0.22,50,1,0.47,66,1,0.47,40,1,3,2,99,0.00,99,0,3,1.40,58,4,43,1.87,71,0,0.00,99,0,0.00,0,0,0.00,0,0.00,14,6,2.80,79,5,2.33,83.33,0,0.00,0,0,0,0.00,0,1,0.00,99,0.47,14,N/A,N/A,N/A,N/A,0.00,0,0.00,0,0.20,0.00,0,70.59,50.00,88,99,0.00,0.00,0,85,80,0,0,0,0.00,0.00,0,31,26.80,0.89,3.73,8,0,0.00,0.00,99,0.00,0,0,0,0.00,0.00,0,0.00,0.00,0.00,0.00,0,0,0.00,52,0,3,51,99,0.09,11,0.01,0.04,0.20,50,0.02,0.09,45,2,0.22,0.93,2.33,0.56,95,5,0.09,49,3,92,83,0,50,33,0,0.00,99,2,0.00,0.93,21.92,5.22,47,23,99,92,10.73,2.56,48.94,3,1.40,16,0,25.00,0,0.00,99,1,0.11,0.47,66,7,85,66,0,0,0,0,0,38,51,69,61,0,99,95,22,22,0,0,30,17,0,0
Rubén López Huesca,30,803977200,1995/06/24,Liga II,2025/2026,Forward,CSA Steaua Bucureşti,928,603,325,Spain,14,9,5,7,6,1,3,2,1,0,0,2,1,1,16,9,7,1,0,0.97,0.29,0.68,0.9,0.28,133,1.55,58,66,928,309,0.1,9,24,-1,2,0,7.11,0.21,95,21.49,14.48,19,304,10.52,221,34,15.62,21,0.00,0.00,0.62,13,0.00,0.57,0.28,0.19,4,0.00,0.86,0.00,0.00,0.00,0.29,0.71,0.48,4.00,2.83,1.00,0.86,0.00,0.90,0.44,0.00,2.24,0.00,0.00,0,0,,40,1.90,95,19,1.34,97,21,1.48,86,2,2,10,58,0.00,99,0,6,0.42,10,12,80,0.85,50,0,0.00,99,0,0.00,0,0,0.00,0,0.92,70,18,1.27,51,15,1.06,83.33,0,0.00,0,0,0,0.00,0,10,0.00,23,0.71,30,N/A,N/A,N/A,N/A,0.00,0,0.00,0,9.34,0.00,0,72.70,47.50,83,99,0.00,0.00,0,55,80,0,0,0,0.05,0.07,1,33,149.23,0.29,0.42,6,0,0.00,0.00,99,0.00,0,0,0,0.00,0.00,0,0.00,0.00,0.99,0.67,14,1,25.00,92,60,78,54,23,2.66,84,0.13,0.19,9.34,98,0.44,0.66,65,18,0.86,1.27,1.77,1.19,85,25,0.66,98,92,18,83,0,97,90,0,0.00,99,47,0.00,3.32,17.89,12.05,253,89,66,72,6.29,4.24,35.18,18,1.27,21,0,41.67,0,0.00,99,5,0.24,0.35,58,73,73,85,0,1,0,7,0,98,97,84,98,0,99,27,90,34,1,7,41,9,0,0
Sabin Adrian Moldovan,27,921571200,1999/03/16,Liga II,2025/2026,Forward,Metalul Buzău,438,196,242,Romania,11,5,6,1,1,0,0,0,0,0,0,4,3,1,4,1,3,0,0,0.21,0,0.21,0.46,0,438,0.82,110,40,0,0,0,84,337,-1,4,0,6.18,0,62,22.05,8.46,21,110,6.00,78,27,15.63,22,0.00,0.00,0.46,6,0.00,0.31,0.20,0.08,1,0.00,0.08,0.00,0.00,0.00,0.31,0.46,0.54,0.00,2.00,0.62,0.62,0.00,0.15,0.05,0.00,1.23,0.00,0.00,0,0,,10,0.77,80,2,0.40,62,8,1.60,91,2,7,1,46,0.00,99,0,4,0.80,30,4,26,0.80,49,0,0.00,99,0,0.00,0,0,0.00,0,1.20,78,8,1.60,59,6,1.20,75.00,0,0.00,0,0,0,0.00,0,7,0.00,83,1.40,79,N/A,N/A,N/A,N/A,0.00,0,0.00,0,0.59,0.00,0,70.91,20.00,35,99,0.00,0.00,0,61,62,0,0,0,0.00,0.00,0,31,80.29,0.15,0.40,2,1,0.00,0.20,2,0.08,0,0,0,0.00,0.00,0,0.00,0.00,0.20,0.08,1,0,0.00,52,7,46,76,83,0.98,87,0.08,0.20,0.59,57,0.05,0.12,50,5,0.38,1.00,1.80,0.69,87,9,0.12,56,40,18,83,0,73,90,0,0.00,99,16,0.00,3.21,20.65,7.92,103,31,64,87,6.21,2.38,30.10,1,0.20,71,0,0.00,0,0.00,99,0,0.00,0.00,26,4,97,85,0,0,0,0,0,65,76,69,89,0,99,69,22,22,0,0,30,11,0,0
Salhi M’hammed Ouadie,29,859881600,1997/04/01,Liga II,2025/2026,Midfielder,CSM Reşiţa,916,601,315,Morocco,12,8,4,1,1,0,0,0,0,0,0,5,3,2,7,6,1,8,0,0.1,0,0.1,0.15,0,916,0.69,131,76,115,0,0.79,130,251,-1,8,0,6.81,0,62,32.80,26.33,49,395,21.33,320,68,26.57,58,0.00,0.00,0.20,3,0.00,0.00,0.66,0.53,8,0.00,0.20,0.00,0.00,0.00,1.47,0.67,0.67,11.00,0.91,0.60,0.80,0.00,0.13,0.09,0.00,2.13,0.00,0.00,0,0,,11,0.73,50,2,0.17,39,9,0.75,58,1,1,11,86,0.00,99,0,22,1.83,76,0,26,0.00,14,0,0.00,99,0,0.00,0,0,0.00,0,0.25,29,12,1.00,45,10,0.83,83.33,0,0.00,0,0,0,0.00,0,10,0.00,89,0.83,42,N/A,N/A,N/A,N/A,0.00,0,0.00,0,1.33,0.00,0,81.01,18.18,30,99,0.00,0.00,0,50,80,0,0,0,0.53,0.66,8,88,102.10,1.47,1.83,22,0,0.00,0.00,99,0.00,0,0,0,0.00,0.00,0,0.00,0.00,0.00,0.00,0,0,9.09,65,59,58,90,89,0.90,32,0.06,0.07,1.33,54,0.09,0.11,60,14,0.93,1.16,3.40,2.73,99,41,0.11,53,71,67,83,0,50,81,0,0.00,99,32,0.00,2.66,18.60,14.93,224,93,85,78,7.72,6.20,41.52,3,0.25,66,0,0.00,0,0.00,99,0,0.00,0.00,26,80,64,66,0,0,0,0,0,46,61,69,68,0,99,78,22,99,8,67,99,4,0,0
Sámuel Major,24,1010563200,2002/01/09,Liga II,2025/2026,Midfielder,ASA Târgu Mureş,342,248,94,Hungary,11,6,5,0,0,0,1,0,1,0,0,5,4,1,5,2,3,2,0,0.26,0.26,0,0,0,0,1.32,68,31,171,342,0.53,219,26,-1,18,0,6.04,0.09,94,26.30,9.91,31,109,7.73,85,54,20.51,37,0.00,0.00,0.55,6,0.00,0.00,0.00,0.00,0,0.00,0.82,0.00,0.00,0.00,0.45,0.45,0.27,0.00,0.48,0.18,0.55,0.00,0.00,0.01,0.00,0.36,0.00,0.00,0,0,,2,0.18,31,0,0.00,23,2,0.48,41,1,8,2,26,0.00,99,0,5,1.21,49,0,26,0.00,14,0,0.00,99,0,0.00,0,0,0.00,0,1.45,87,6,1.45,54,5,1.21,83.33,0,0.00,0,0,0,0.00,0,3,0.00,39,0.72,31,N/A,N/A,N/A,N/A,0.00,0,0.00,0,0.09,0.00,0,77.98,0.00,23,99,0.00,0.00,0,62,80,0,0,0,0.09,0.24,1,58,66.40,0.09,0.24,1,0,0.00,0.00,99,0.00,0,0,0,0.00,0.00,0,0.00,0.00,0.00,0.00,0,0,0.00,52,0,46,51,39,0.99,93,0.09,0.24,0.09,23,0.01,0.02,74,6,0.55,1.45,2.41,0.91,96,10,0.02,22,36,9,83,0,50,36,0,0.00,99,4,0.00,0.97,22.92,8.64,95,31,83,94,7.48,2.82,32.63,9,2.17,5,0,0.00,0,0.00,99,0,0.00,0.00,26,7,98,66,0,0,0,0,0,73,51,69,61,0,99,84,25,97,2,18,80,10,0,0
Samuel Zimța,25,959065200,2000/05/23,Liga II,2025/2026,Forward,Afumaţi,130,46,84,Romania,2,1,1,0,0,0,0,0,0,0,0,1,0,1,1,1,0,0,0,0,0,0,0,0,0,0.69,130,65,0,0,0,-1,-1,-1,10,N/A,N/A,N/A,N/A,N/A,N/A,N/A,N/A,N/A,N/A,N/A,N/A,N/A,N/A,N/A,N/A,N/A,N/A,N/A,N/A,N/A,N/A,N/A,N/A,N/A,N/A,N/A,N/A,N/A,N/A,N/A,N/A,N/A,N/A,N/A,N/A,N/A,N/A,N/A,N/A,N/A,N/A,N/A,N/A,N/A,N/A,N/A,N/A,N/A,N/A,N/A,N/A,N/A,N/A,N/A,N/A,N/A,N/A,N/A,N/A,N/A,N/A,N/A,N/A,N/A,N/A,N/A,N/A,N/A,N/A,N/A,N/A,N/A,N/A,N/A,N/A,N/A,N/A,N/A,N/A,N/A,N/A,N/A,N/A,N/A,N/A,N/A,N/A,N/A,N/A,N/A,N/A,N/A,N/A,N/A,N/A,N/A,N/A,N/A,N/A,N/A,N/A,N/A,N/A,N/A,N/A,N/A,N/A,N/A,N/A,N/A,N/A,N/A,N/A,N/A,N/A,N/A,N/A,N/A,N/A,N/A,N/A,N/A,N/A,N/A,N/A,N/A,N/A,N/A,N/A,N/A,N/A,N/A,N/A,N/A,N/A,N/A,N/A,N/A,N/A,N/A,N/A,N/A,N/A,N/A,N/A,N/A,N/A,N/A,N/A,N/A,N/A,N/A,N/A,N/A,N/A,N/A,N/A,N/A,N/A,N/A,N/A,N/A,N/A,N/A,N/A,N/A,N/A,N/A,N/A,N/A,N/A,N/A,N/A,N/A,N/A,N/A,N/A,N/A,N/A,N/A,N/A,N/A,N/A,N/A,N/A,N/A,N/A,N/A,N/A,N/A,N/A,N/A,N/A,N/A,N/A,N/A,N/A,N/A,N/A,N/A,N/A,N/A,N/A,N/A,N/A,N/A,N/A,N/A,N/A,N/A,N/A,N/A,N/A,N/A,N/A,N/A,N/A,N/A,N/A,N/A,N/A,N/A,N/A
Sebastian Banu,18,1199952000,2008/01/10,Liga II,2025/2026,Midfielder,Concordia Chiajna,180,180,0,,2,2,0,1,1,0,0,0,0,0,0,0,0,0,3,3,0,0,0,0.5,0,0.5,0.5,0,180,1.5,60,90,0,0,0,-1,-1,-1,13,0,5.64,0,62,29.42,14.00,41,84,8.33,50,2,17.51,27,0.00,0.00,0.17,1,0.00,1.83,1.75,0.83,5,0.00,0.67,0.00,0.00,0.00,0.33,1.17,0.50,7.00,2.45,0.50,1.50,0.00,0.67,0.21,0.00,0.17,0.00,0.00,0,0,,7,1.17,89,4,1.40,97,3,1.05,72,0,0,2,99,0.00,99,0,2,0.70,26,11,70,3.85,95,0,0.00,99,0,0.00,0,0,0.00,0,0.35,35,9,3.15,83,7,2.45,77.78,0,0.00,0,0,0,0.00,0,3,0.00,26,1.05,62,N/A,N/A,N/A,N/A,0.00,0,0.00,0,1.26,0.00,0,59.52,57.14,93,99,0.00,0.00,0,87,66,0,0,0,0.00,0.00,0,31,33.82,0.17,0.35,1,0,0.00,0.00,99,0.00,0,0,0,0.00,0.00,0,0.00,0.00,0.00,0.00,0,0,14.29,75,0,0,56,26,0.12,11,0.02,0.04,1.26,92,0.21,0.44,14,1,0.17,0.35,1.75,0.83,84,5,0.44,92,27,14,83,0,50,8,0,0.00,99,1,0.00,0.35,17.51,8.33,50,20,75,70,7.00,3.33,40.00,4,1.40,16,0,36.36,0,0.00,99,4,0.67,1.40,94,7,41,28,0,0,0,0,0,88,94,69,91,0,99,9,22,22,0,0,30,8,0,0
Sebastian Cucu,20,1125644400,2005/09/02,Liga II,2025/2026,Midfielder,Bihor Oradea,1262,722,540,Romania,16,9,7,0,0,0,0,0,0,0,0,5,4,1,13,7,6,3,0,0,0,0,0,0,0,0.93,97,79,421,0,0.21,254,276,-1,16,0,6.67,0,62,33.19,26.29,51,552,17.10,359,7,21.58,40,0.00,0.00,0.43,9,0.00,2.81,0.54,0.43,9,0.00,0.14,0.00,0.00,0.00,1.81,0.57,0.76,0.00,0.48,0.29,1.24,0.00,0.10,0.03,0.00,0.57,0.00,0.00,0,0,,8,0.38,31,2,0.12,32,6,0.36,32,1,1,14,79,0.00,99,0,38,2.28,90,59,68,3.55,92,0,0.00,99,0,0.00,0,0,0.00,0,0.54,48,26,1.56,58,12,0.72,46.15,0,0.00,0,0,0,0.00,0,16,0.00,75,0.96,56,N/A,N/A,N/A,N/A,0.00,0,0.00,0,0.59,0.00,0,65.04,25.00,43,99,0.00,0.00,0,46,18,0,0,0,0.29,0.36,6,69,140.02,2.71,3.43,57,0,0.00,0.00,99,0.00,0,0,0,0.00,0.00,0,0.00,0.00,0.00,0.00,0,2,0.00,52,86,92,51,75,1.13,32,0.05,0.07,0.59,34,0.03,0.04,36,13,0.62,0.78,1.56,1.24,78,26,0.04,33,59,90,83,0,50,22,0,0.00,99,12,0.00,0.72,15.63,12.38,260,65,20,55,3.91,3.10,25.00,3,0.18,73,0,35.59,0,0.00,99,21,1.00,1.26,92,91,64,66,0,0,0,0,0,38,51,69,61,0,99,59,56,66,3,19,81,18,0,0
Sebastian Micu,24,990255600,2001/05/19,Liga II,2025/2026,Goalkeeper,Tunari,180,90,90,Romania,2,1,1,0,0,0,0,0,0,0,0,0,0,0,2,1,1,1,0,0,0,0,0,0,0,1,90,90,180,0,0.5,-1,-1,-1,26,0,1.00,0,62,10.00,1.43,0,10,1.43,10,99,10.00,4,0.00,0.00,0.00,0,0.00,0.00,0.00,0.00,0,0.00,0.00,0.00,0.00,0.57,0.00,0.00,0.57,0.00,0.00,0.00,0.00,0.00,0.00,0.00,0.00,0.14,0.00,0.00,0,0,,0,0.00,10,0,0.00,23,0,0.00,12,0,0,1,26,0.00,99,0,0,0.00,1,0,26,0.00,14,0,0.00,99,0,0.00,0,0,0.00,0,0.00,14,0,0.00,12,0,0.00,0.00,0,0.00,0,4,99,4.00,79,4,0.00,69,4.00,98,N/A,N/A,N/A,N/A,100.00,0,0.00,0,0.00,0.00,0,100.00,0.00,23,99,0.00,0.00,0,13,13,0,0,1,0.00,0.00,0,31,7.00,0.14,1.00,1,0,0.00,0.00,99,0.00,0,0,0,0.00,0.00,0,0.00,0.00,0.00,0.00,0,0,0.00,52,0,0,51,69,0.02,2,0.00,0.02,0.00,11,0.00,0.00,2,0,0.00,0.00,0.00,0.00,7,0,0.00,10,0,45,83,0,50,38,0,0.00,99,1,0.00,1.00,1.00,0.14,1,1,7,7,1.00,0.14,100.00,0,0.00,99,0,0.00,0,0.00,99,0,0.00,0.00,26,4,41,28,0,0,0,0,0,38,51,69,61,0,99,9,25,97,0,0,30,12,0,0
Sebastian Valeriu Moroz,28,891676800,1998/04/04,Liga II,2025/2026,Goalkeeper,Tunari,900,270,630,Romania,10,3,7,0,0,0,0,0,0,0,0,1,0,1,15,4,11,2,0,0,0,0,0,0,0,1.5,60,90,450,0,0.2,201,164,70,24,0,5.27,0,62,18.00,13.50,11,54,11.00,44,73,14.67,18,0.00,0.00,0.00,0,0.00,0.00,0.00,0.00,0,0.00,0.00,0.00,0.00,3.25,0.75,0.00,3.25,0.00,0.00,0.00,0.00,0.00,0.00,0.00,0.00,0.50,0.00,0.00,0,0,,0,0.00,10,0,0.00,23,0,0.00,12,0,0,9,26,0.00,99,0,3,1.00,39,0,26,0.00,14,0,0.00,99,0,0.00,0,0,0.00,0,0.00,14,0,0.00,12,0,0.00,0.00,0,0.00,0,13,99,4.33,96,13,0.00,26,4.33,99,N/A,N/A,N/A,N/A,100.00,0,0.00,0,0.00,0.00,0,81.48,0.00,23,99,0.00,0.00,0,13,13,0,0,8,0.00,0.00,0,31,21.10,0.00,0.00,0,0,0.00,0.00,99,0.00,0,0,0,0.00,0.00,0,0.00,0.00,0.00,0.00,0,0,0.00,52,59,37,51,26,0.09,6,0.02,0.03,0.00,11,0.00,0.00,13,1,0.25,0.33,0.00,0.00,7,0,0.00,10,21,1,83,0,50,19,0,0.00,99,2,0.00,0.67,1.00,0.75,3,2,6,7,0.67,0.50,66.67,0,0.00,99,0,0.00,0,0.00,99,0,0.00,0.00,26,65,41,28,0,0,0,0,0,38,51,69,61,0,99,18,61,63,1,10,58,1,0,0
Sekou Camara,28,869382000,1997/07/20,Liga II,2025/2026,Forward,CSM Iaşi,475,117,358,Guinea,9,4,5,2,1,1,0,0,0,0,0,3,2,1,9,1,8,1,0,0.38,0,0.38,0.77,0.25,238,1.71,53,53,475,0,0.19,33,133,-1,4,0,7.03,0,62,19.49,11.33,16,136,8.67,104,50,14.90,19,0.00,0.00,0.75,9,0.00,0.17,0.00,0.00,0,0.00,0.58,0.00,0.00,0.00,0.58,0.75,0.75,2.50,2.15,0.58,0.83,0.00,0.67,0.42,0.00,2.33,0.00,0.00,0,0,,15,1.25,82,8,1.15,95,7,1.00,71,2,5,4,26,0.00,99,0,7,1.00,39,2,99,0.29,28,0,0.00,99,0,0.00,0,0,0.00,0,1.29,82,10,1.43,54,9,1.29,90.00,0,0.00,0,0,0,0.00,0,9,0.00,14,1.29,74,N/A,N/A,N/A,N/A,0.00,0,0.00,0,5.04,0.00,0,76.47,53.33,90,99,0.00,0.00,0,65,87,0,0,0,0.17,0.29,2,61,84.41,0.33,0.57,4,0,0.00,0.00,99,0.00,0,0,0,0.00,0.00,0,0.00,0.00,0.57,0.33,4,0,40.00,98,13,27,61,16,1.12,77,0.09,0.16,5.04,99,0.42,0.72,50,7,0.58,1.00,1.43,0.83,71,10,0.72,98,86,23,83,0,90,95,0,0.00,99,28,0.00,4.01,19.06,11.08,133,48,73,81,6.88,4.00,36.09,7,1.00,29,0,100.00,0,0.00,99,2,0.17,0.29,54,20,93,85,0,0,0,0,0,83,90,82,96,0,99,66,64,58,1,11,62,19,0,0
Serge Yvan Ekollo Malolo,27,903596400,1998/08/20,Liga II,2025/2026,Forward,ASA Târgu Mureş,1390,760,630,Cameroon,16,9,7,5,3,2,0,0,0,0,0,7,6,1,17,4,13,1,0,0.32,0,0.32,0.36,0.29,278,1.1,82,87,1390,0,0.06,48,268,-1,2,0,6.52,0,62,46.07,41.62,83,666,33.75,540,69,37.36,81,0.00,0.00,0.50,8,0.00,0.38,0.14,0.12,2,0.00,0.50,0.00,0.00,0.00,1.19,0.38,0.81,3.00,0.83,0.44,0.38,0.00,0.31,0.21,0.00,1.69,0.00,0.00,0,0,,12,0.75,47,5,0.35,58,7,0.48,41,1,0,15,37,0.00,99,0,19,1.31,55,6,31,0.42,36,0,0.00,99,0,0.00,0,0,0.00,0,0.55,49,6,0.42,27,6,0.42,100.00,0,0.00,0,0,0,0.00,0,13,0.00,60,0.90,50,N/A,N/A,N/A,N/A,0.00,0,0.00,0,3.31,0.00,0,81.08,41.67,75,99,0.00,0.00,0,33,99,0,0,0,0.38,0.42,6,72,104.33,1.12,1.25,18,0,0.00,0.00,99,0.00,0,0,0,0.00,0.00,0,0.00,0.00,0.07,0.06,1,0,33.33,97,93,92,65,60,1.43,51,0.09,0.10,3.31,73,0.21,0.23,30,10,0.62,0.69,1.25,1.12,62,18,0.23,73,50,53,83,0,54,66,0,0.00,99,27,0.00,1.87,12.52,11.31,181,65,28,30,4.50,4.06,35.91,8,0.55,46,0,16.67,0,0.00,99,1,0.06,0.07,29,93,41,66,0,1,0,6,0,77,86,85,84,0,99,83,98,24,1,6,34,20,0,0
Sérgio Miguel Hora Ribeiro,30,821952000,1996/01/18,Liga II,2025/2026,Midfielder,Corvinul Hunedoara,1671,808,863,Portugal,19,9,10,6,3,3,4,2,2,0,0,13,6,7,9,5,4,2,0,0.54,0.22,0.32,0.33,0.31,279,0.48,186,88,836,418,0.11,49,39,-1,2,0,7.46,0.21,91,44.33,42.19,77,1097,36.12,939,90,37.95,83,0.00,0.00,1.58,41,0.00,2.35,0.16,0.15,4,0.00,0.69,0.00,0.00,0.00,1.27,0.85,0.38,5.56,2.02,1.08,1.04,0.00,0.85,0.37,0.00,0.46,0.00,0.00,0,0,,50,1.92,81,22,0.89,83,28,1.13,75,2,0,19,42,0.00,99,0,33,1.33,56,61,57,2.47,80,0,0.00,99,0,0.00,0,0,0.00,0,1.66,91,27,1.09,48,22,0.89,81.48,0,0.00,0,0,0,0.00,0,10,0.00,98,0.40,9,N/A,N/A,N/A,N/A,0.00,0,0.00,0,9.54,0.00,0,85.60,44.00,77,99,0.00,0.00,0,52,74,0,0,0,0.12,0.12,3,41,193.97,0.27,0.28,7,0,0.00,0.00,99,0.00,0,0,0,0.00,0.00,0,0.00,0.00,0.04,0.04,1,1,18.00,84,99,99,65,97,5.85,93,0.22,0.24,9.54,89,0.37,0.39,62,29,1.12,1.17,0.61,0.58,20,15,0.39,89,99,10,83,0,50,12,0,0.00,99,12,0.00,0.48,10.06,9.58,249,94,18,15,3.80,3.62,37.75,18,0.73,38,0,32.79,0,0.00,99,20,0.77,0.81,80,99,41,85,0,1,0,5,0,90,86,85,83,0,99,99,87,37,2,11,62,20,0,0
Sergiu Alexandru Neacșa,34,683881200,1991/09/03,Liga II,2025/2026,Midfielder,Corvinul Hunedoara,1514,690,824,Romania,18,8,10,0,0,0,3,1,2,0,0,12,5,7,8,5,3,3,0,0.18,0.18,0,0,0,0,0.48,189,84,505,505,0.18,281,50,-1,22,0,7.44,0.17,88,49.18,44.38,89,1065,34.04,817,51,37.73,82,0.00,0.00,1.83,44,0.00,2.92,0.65,0.58,14,0.00,1.17,0.00,0.00,0.00,1.08,3.17,0.33,50.00,2.31,1.42,3.83,0.00,0.67,0.19,0.00,0.67,0.00,0.00,0,0,,50,2.08,85,16,0.74,78,34,1.57,90,1,0,18,86,0.00,99,0,26,1.20,48,70,83,3.23,88,0,0.00,99,0,0.00,0,0,0.00,0,2.03,97,92,4.25,91,76,3.51,82.61,0,0.00,0,0,0,0.00,0,8,0.00,98,0.37,8,N/A,N/A,N/A,N/A,0.00,0,0.00,0,4.44,0.00,0,76.71,32.00,50,99,0.00,0.00,0,94,77,0,0,0,0.00,0.00,0,31,178.47,0.83,0.92,20,0,0.00,0.00,99,0.00,0,0,1,0.04,0.05,0,0.00,0.00,0.05,0.04,1,0,2.00,52,95,97,51,98,5.57,95,0.23,0.26,4.44,71,0.19,0.21,81,35,1.46,1.62,1.29,1.17,65,28,0.21,71,99,42,84,0,51,23,0,0.00,99,16,0.00,0.74,18.52,16.71,401,175,89,76,8.08,7.29,43.64,28,1.29,20,0,42.86,0,0.00,99,30,1.25,1.39,94,99,41,66,0,0,0,0,0,61,51,69,61,0,99,98,66,57,3,17,78,10,0,0
Sergiu Cristian Popovici,33,732873600,1993/03/23,Liga II,2025/2026,Defender,Dumbrăviţa,270,90,180,Romania,3,1,2,1,0,1,0,0,0,0,0,0,0,0,5,1,4,0,0,0.33,0,0.33,0,0.5,270,1.67,54,90,0,0,0,-1,-1,-1,9,0,6.96,0,62,20.20,20.20,18,101,13.40,67,10,13.40,14,0.00,0.00,1.20,6,0.00,2.00,0.00,0.00,0,0.00,0.20,0.00,0.00,0.00,1.20,1.40,0.80,7.00,1.40,1.00,1.60,0.00,0.40,0.22,0.00,0.40,0.00,0.00,0,0,,7,1.40,66,2,0.40,62,5,1.00,71,0,0,3,26,0.00,99,0,6,1.20,48,10,35,2.00,73,0,0.00,99,0,0.00,0,0,0.00,0,1.20,78,8,1.60,59,7,1.40,87.50,0,0.00,0,0,0,0.00,0,4,0.00,16,0.80,39,N/A,N/A,N/A,N/A,0.00,0,0.00,0,1.10,0.00,0,66.34,28.57,46,99,0.00,0.00,0,68,84,0,0,0,0.40,0.40,2,71,34.78,1.00,1.00,5,0,0.00,0.00,99,0.00,0,0,0,0.00,0.00,0,0.00,0.00,0.40,0.40,2,0,14.29,75,0,0,64,17,0.41,39,0.08,0.08,1.10,72,0.22,0.22,16,2,0.40,0.40,0.20,0.20,10,1,0.22,72,82,45,83,0,83,9,0,0.00,99,2,0.00,0.40,8.80,8.80,44,15,10,10,3.00,3.00,34.09,1,0.20,71,0,20.00,0,0.00,99,2,0.40,0.40,61,12,41,28,0,0,0,0,0,78,87,94,61,0,99,9,22,22,0,0,30,27,0,0
Sergiu Petrică Jurj,28,887702400,1998/02/17,Liga II,2025/2026,Forward,Chindia Târgovişte,730,343,387,Romania,14,6,8,2,1,1,0,0,0,0,0,1,0,1,11,3,8,1,0,0.25,0,0.25,0.26,0.23,365,1.36,66,52,730,0,0.12,71,320,-1,6,0,5.15,0,62,18.44,6.00,13,84,4.14,58,22,12.73,11,0.00,0.00,0.36,5,0.00,0.21,0.00,0.00,0,0.00,0.93,0.00,0.00,0.00,0.07,0.36,0.43,0.00,1.76,0.36,0.50,0.00,0.21,0.05,0.00,0.79,0.00,0.00,0,0,,8,0.57,75,3,0.66,76,5,1.10,74,1,6,3,26,0.00,99,0,1,0.22,4,3,65,0.66,42,0,0.00,99,0,0.00,0,0,0.00,0,1.10,75,7,1.54,57,5,1.10,71.43,0,0.00,0,0,0,0.00,0,6,0.00,36,1.32,75,N/A,N/A,N/A,N/A,0.00,0,0.00,0,0.76,0.00,0,69.05,37.50,66,99,0.00,0.00,0,57,53,0,0,0,0.00,0.00,0,31,72.10,0.07,0.22,1,0,0.00,0.00,99,0.00,0,0,0,0.00,0.00,0,0.00,0.00,0.44,0.14,2,0,0.00,52,39,78,71,36,0.36,39,0.03,0.08,0.76,64,0.05,0.17,69,6,0.43,1.32,1.76,0.57,85,8,0.17,64,19,7,83,0,85,77,0,0.00,99,11,0.00,2.41,25.68,8.36,117,28,63,98,6.15,2.00,23.93,13,2.85,1,0,33.33,0,0.00,99,1,0.07,0.22,48,12,96,66,0,0,0,0,0,72,82,80,76,0,99,10,82,40,1,7,41,9,0,0
Sergiu Pîrvulescu,22,1058770800,2003/07/21,Liga II,2025/2026,Defender,ACS Gloria Bistrita,246,55,191,Romania,5,2,3,0,0,0,0,0,0,0,0,1,1,0,3,0,3,0,0,0,0,0,0,0,0,1.1,82,49,0,0,0,-1,-1,-1,16,0,6.87,0,62,34.83,23.12,56,185,17.00,136,38,25.61,55,0.00,0.00,0.88,7,0.00,2.00,0.00,0.00,0,0.00,0.50,0.00,0.00,0.00,0.88,0.75,0.25,0.00,0.38,0.12,1.12,0.00,0.12,0.02,0.00,0.38,0.00,0.00,0,0,,2,0.25,25,1,0.19,41,1,0.19,21,1,1,4,26,0.00,99,0,7,1.32,55,16,72,3.01,87,0,0.00,99,0,0.00,0,0,0.00,0,1.32,83,9,1.69,61,6,1.13,66.67,0,0.00,0,0,0,0.00,0,2,0.00,60,0.38,8,N/A,N/A,N/A,N/A,0.00,0,0.00,0,0.17,0.00,0,73.51,50.00,88,99,0.00,0.00,0,58,44,0,0,0,0.25,0.38,2,70,54.95,1.25,1.88,10,0,0.00,0.00,99,0.00,0,0,0,0.00,0.00,0,0.00,0.00,0.00,0.00,0,0,0.00,52,0,3,51,60,1.13,90,0.14,0.21,0.17,29,0.02,0.03,46,5,0.62,0.94,1.32,0.88,67,7,0.03,28,76,68,83,0,50,15,0,0.00,99,3,0.00,0.56,9.41,6.25,50,18,14,13,3.39,2.25,36.00,4,0.75,37,0,37.50,0,0.00,99,6,0.75,1.13,88,20,64,66,0,0,0,0,0,38,51,69,61,0,99,39,22,22,0,0,30,24,0,0
Silvian Matei,26,926838000,1999/05/16,Liga II,2025/2026,Midfielder,CS Dinamo București,779,270,509,Romania,10,3,7,0,0,0,0,0,0,0,0,1,1,0,17,2,15,3,0,0,0,0,0,0,0,1.96,46,78,260,0,0.35,245,233,-1,19,0,6.92,0,62,51.50,43.57,92,610,35.21,493,67,41.62,91,0.00,0.00,0.29,4,0.00,0.21,0.08,0.07,1,0.00,0.00,0.00,0.00,0.00,2.71,0.29,1.43,0.00,0.51,0.21,0.50,0.00,0.21,0.05,0.00,1.29,0.00,0.00,0,0,,6,0.43,32,3,0.25,50,3,0.25,27,1,0,9,30,0.00,99,0,38,3.21,99,3,97,0.25,26,0,0.00,99,0,0.00,0,0,0.00,0,0.34,34,7,0.59,32,4,0.34,57.14,0,0.00,0,0,0,0.00,0,20,0.00,8,1.69,84,N/A,N/A,N/A,N/A,0.00,0,0.00,0,0.64,0.00,0,80.82,50.00,88,99,0.00,0.00,0,32,31,0,0,0,0.64,0.76,9,91,96.81,3.07,3.63,43,0,0.00,0.00,99,0.00,0,0,0,0.00,0.00,0,0.00,0.00,0.08,0.07,1,0,0.00,52,45,37,51,9,1.41,62,0.10,0.12,0.64,38,0.05,0.05,30,8,0.57,0.68,1.52,1.29,76,18,0.05,38,80,91,83,0,55,57,0,0.00,99,18,0.00,1.52,12.33,10.43,146,65,49,28,5.49,4.64,44.52,0,0.00,99,0,66.67,0,0.00,99,2,0.14,0.17,41,65,41,66,0,0,0,0,0,38,51,69,61,0,99,18,36,87,2,20,85,22,0,0
Sorin Dănuţ Şerban,26,955954800,2000/04/17,Liga II,2025/2026,Defender,Viitorul Şelimbăr,999,450,549,Romania,12,5,7,1,0,1,1,0,1,0,0,0,0,0,16,6,10,2,0,0.18,0.09,0.09,0,0.16,999,1.44,62,83,500,999,0.18,140,109,67,6,0,5.63,0.08,69,30.41,21.00,44,273,15.00,195,29,21.72,41,0.00,0.00,0.31,4,0.00,2.54,0.78,0.54,7,0.00,0.08,0.00,0.00,0.00,0.46,0.23,1.00,3.00,0.33,0.15,0.38,0.00,0.08,0.06,0.00,0.54,0.00,0.00,0,0,,3,0.23,22,1,0.11,31,2,0.22,24,0,1,6,91,0.00,99,0,6,0.67,23,33,75,3.68,93,0,0.00,99,0,0.00,0,0,0.00,0,0.45,42,5,0.56,31,3,0.33,60.00,0,0.00,0,0,0,0.00,0,13,0.00,32,1.45,80,N/A,N/A,N/A,N/A,0.00,0,0.00,0,0.78,0.00,0,71.43,33.33,60,99,0.00,0.00,0,31,34,0,0,0,0.08,0.11,1,38,73.23,1.46,2.12,19,1,0.00,0.11,5,0.08,0,0,0,0.00,0.00,0,0.00,0.00,0.00,0.00,0,0,33.33,97,67,58,92,31,1.16,66,0.09,0.13,0.78,50,0.06,0.09,29,6,0.46,0.67,1.67,1.15,82,15,0.09,49,27,72,83,0,50,25,0,0.00,99,7,0.00,0.78,9.25,6.38,83,31,15,12,3.45,2.38,37.35,1,0.11,80,0,39.39,0,0.00,99,13,1.00,1.45,96,38,64,28,0,0,0,0,0,61,60,74,61,0,99,9,66,57,1,8,50,71,0,0
Ștefan Avram Gheoroae,21,1094972400,2004/09/12,Liga II,2025/2026,Midfielder,Afumaţi,159,90,69,Romania,3,1,2,0,0,0,0,0,0,0,0,0,0,0,2,2,0,0,0,0,0,0,0,0,0,1.13,80,53,0,0,0,-1,-1,-1,14,0,1.63,0,62,46.05,3.67,83,44,3.08,37,85,38.72,85,0.00,0.00,0.17,2,0.00,0.08,0.00,0.00,0,0.00,0.17,0.00,0.00,0.00,0.00,0.25,0.00,0.00,1.05,0.08,0.42,0.00,0.00,0.00,0.00,0.00,0.00,0.00,0,0,,1,0.08,56,0,0.00,23,1,1.05,72,0,2,0,26,0.00,99,0,0,0.00,1,1,26,1.05,54,0,0.00,99,0,0.00,0,0,0.00,0,2.09,98,5,5.23,96,3,3.14,60.00,0,0.00,0,0,0,0.00,0,0,0.00,57,0.00,0,N/A,N/A,N/A,N/A,0.00,0,0.00,0,0.05,0.00,0,84.09,0.00,23,99,0.00,0.00,0,92,34,0,0,0,0.00,0.00,0,31,19.59,0.00,0.00,0,0,0.00,0.00,99,0.00,0,0,0,0.00,0.00,0,0.00,0.00,0.00,0.00,0,0,0.00,52,0,0,51,58,0.15,77,0.01,0.16,0.05,38,0.00,0.05,99,3,0.25,3.14,2.09,0.17,93,2,0.05,38,0,1,83,0,50,1,0,0.00,99,0,0.00,0.00,27.21,2.17,26,6,66,99,6.28,0.50,23.08,2,2.09,6,0,0.00,0,0.00,99,0,0.00,0.00,26,0,73,28,0,0,0,0,0,38,51,69,61,0,99,9,22,22,0,0,30,8,0,0
Ştefan Brian Fara,24,988009200,2001/04/23,Liga II,2025/2026,Goalkeeper,Concordia Chiajna,0,0,0,Romania,0,0,0,0,0,0,0,0,0,0,0,0,0,0,0,0,0,0,0,0,0,0,0,0,0,0,0,0,0,0,0,-1,-1,-1,-1,N/A,N/A,N/A,N/A,N/A,N/A,N/A,N/A,N/A,N/A,N/A,N/A,N/A,N/A,N/A,N/A,N/A,N/A,N/A,N/A,N/A,N/A,N/A,N/A,N/A,N/A,N/A,N/A,N/A,N/A,N/A,N/A,N/A,N/A,N/A,N/A,N/A,N/A,N/A,N/A,N/A,N/A,N/A,N/A,N/A,N/A,N/A,N/A,N/A,N/A,N/A,N/A,N/A,N/A,N/A,N/A,N/A,N/A,N/A,N/A,N/A,N/A,N/A,N/A,N/A,N/A,N/A,N/A,N/A,N/A,N/A,N/A,N/A,N/A,N/A,N/A,N/A,N/A,N/A,N/A,N/A,N/A,N/A,N/A,N/A,N/A,N/A,N/A,N/A,N/A,N/A,N/A,N/A,N/A,N/A,N/A,N/A,N/A,N/A,N/A,N/A,N/A,N/A,N/A,N/A,N/A,N/A,N/A,N/A,N/A,N/A,N/A,N/A,N/A,N/A,N/A,N/A,N/A,N/A,N/A,N/A,N/A,N/A,N/A,N/A,N/A,N/A,N/A,N/A,N/A,N/A,N/A,N/A,N/A,N/A,N/A,N/A,N/A,N/A,N/A,N/A,N/A,N/A,N/A,N/A,N/A,N/A,N/A,N/A,N/A,N/A,N/A,N/A,N/A,N/A,N/A,N/A,N/A,N/A,N/A,N/A,N/A,N/A,N/A,N/A,N/A,N/A,N/A,N/A,N/A,N/A,N/A,N/A,N/A,N/A,N/A,N/A,N/A,N/A,N/A,N/A,N/A,N/A,N/A,N/A,N/A,N/A,N/A,N/A,N/A,N/A,N/A,N/A,N/A,N/A,N/A,N/A,N/A,N/A,N/A,N/A,N/A,N/A,N/A,N/A,N/A,N/A,N/A,N/A,N/A,N/A,N/A,N/A,N/A,N/A,N/A,N/A,N/A,N/A,N/A,N/A,N/A,N/A,N/A
Ștefan Cristinel Pacionel,27,919152000,1999/02/16,Liga II,2025/2026,Midfielder,CSA Steaua Bucureşti,1094,718,376,Romania,14,9,5,3,3,0,0,0,0,0,0,3,1,2,20,10,10,0,0,0.25,0,0.25,0.38,0,365,1.65,55,78,0,0,0,66,237,-1,3,0,6.80,0,62,44.96,31.10,79,622,26.15,523,85,37.81,82,0.00,0.00,0.30,6,0.00,0.55,0.65,0.45,9,0.00,0.30,0.00,0.00,0.00,0.80,0.40,0.65,7.33,1.59,0.75,0.55,0.00,0.35,0.17,0.00,1.75,0.00,0.00,0,0,,22,1.10,70,7,0.51,69,15,1.08,73,1,1,11,86,0.00,99,0,16,1.16,47,11,85,0.80,49,0,0.00,99,0,0.00,0,0,0.00,0,0.43,40,11,0.80,40,8,0.58,72.73,0,0.00,0,0,0,0.00,0,13,0.00,18,0.94,55,N/A,N/A,N/A,N/A,0.00,0,0.00,0,3.41,0.00,0,84.08,31.82,50,99,0.00,0.00,0,40,56,0,0,0,0.10,0.14,2,44,135.93,0.35,0.51,7,0,0.00,0.00,99,0.00,0,0,0,0.00,0.00,0,0.00,0.00,0.00,0.00,0,0,13.64,71,76,78,71,20,1.24,45,0.06,0.09,3.41,75,0.17,0.25,51,14,0.70,1.01,1.30,0.90,66,18,0.25,75,69,22,83,0,50,78,0,0.00,99,35,0.00,2.53,16.84,11.65,233,85,62,65,6.14,4.25,36.48,6,0.43,54,0,45.45,0,0.00,99,5,0.25,0.36,59,80,64,66,0,0,0,0,0,72,82,69,85,0,99,40,22,22,0,0,30,27,0,0
Ștefan Eduard Senciuc,19,1175497200,2007/04/02,Liga II,2025/2026,Midfielder,ASA Târgu Mureş,180,180,0,,2,2,0,0,0,0,0,0,0,0,0,0,0,0,4,4,0,0,0,0,0,0,0,0,0,2,45,90,0,0,0,-1,-1,-1,14,0,6.40,0,62,30.00,30.00,42,30,24.00,24,63,24.00,50,0.00,0.00,1.00,1,0.00,3.00,0.00,0.00,0,0.00,0.00,0.00,0.00,0.00,1.00,0.00,0.00,0.00,0.00,0.00,0.00,0.00,0.00,0.00,0.00,2.00,0.00,0.00,0,0,,0,0.00,10,0,0.00,23,0,0.00,12,0,0,2,26,0.00,99,0,1,1.00,39,3,97,3.00,86,0,0.00,99,0,0.00,0,0,0.00,0,1.00,73,0,0.00,12,0,0.00,0.00,0,0.00,0,0,0,0.00,0,0,0.00,6,0.00,0,N/A,N/A,N/A,N/A,0.00,0,0.00,0,0.00,0.00,0,80.00,0.00,23,99,0.00,0.00,0,13,13,0,0,0,0.00,0.00,0,31,6.40,1.00,1.00,1,0,0.00,0.00,99,0.00,0,0,0,0.00,0.00,0,0.00,0.00,0.00,0.00,0,0,0.00,52,0,0,51,7,0.09,45,0.09,0.09,0.00,11,0.00,0.00,50,1,1.00,1.00,0.00,0.00,7,0,0.00,10,44,45,83,0,50,70,0,0.00,99,2,0.00,2.00,20.00,20.00,20,8,87,83,8.00,8.00,40.00,0,0.00,99,0,66.67,0,0.00,99,2,2.00,2.00,99,7,41,28,0,0,0,0,0,38,51,69,61,0,99,9,22,22,0,0,30,19,0,0
Ştefan Ghiţă,24,995871600,2001/07/23,Liga II,2025/2026,Forward,Muscelul Câmpulung Elite,44,0,44,Romania,1,0,1,0,0,0,0,0,0,0,0,0,0,0,5,0,5,0,0,0,0,0,0,0,0,10.23,9,44,0,0,0,-1,-1,-1,23,0,0.00,0,62,0.00,0.00,0,0,0.00,0,0,0.00,0,0.00,0.00,0.00,0,0.00,0.00,0.00,0.00,0,0.00,0.00,0.00,0.00,0.00,0.00,0.00,0.00,0.00,0.00,0.00,0.00,0.00,0.00,0.00,0.00,0.00,0.00,0.00,0,0,,0,0.00,10,0,0.00,23,0,0.00,12,0,1,0,26,0.00,99,0,0,0.00,1,0,26,0.00,14,0,0.00,99,0,0.00,0,0,0.00,0,0.00,14,0,0.00,12,0,0.00,0.00,0,0.00,0,0,0,0.00,0,0,0.00,6,0.00,0,N/A,N/A,N/A,N/A,0.00,0,0.00,0,0.00,0.00,0,0.00,0.00,23,99,0.00,0.00,0,13,13,0,0,0,0.00,0.00,0,31,0.00,0.00,0.00,0,0,0.00,0.00,99,0.00,0,0,0,0.00,0.00,0,0.00,0.00,0.00,0.00,0,0,0.00,52,0,0,51,0,0.00,0,0.00,0.00,0.00,11,0.00,0.00,2,0,0.00,0.00,0.00,0.00,7,0,0.00,10,0,1,83,0,50,1,0,0.00,99,0,0.00,0.00,0.00,0.00,0,0,0,0,0.00,0.00,0.00,0,0.00,99,0,0.00,0,0.00,99,0,0.00,0.00,26,0,64,28,0,0,0,0,0,38,51,69,61,0,99,9,22,22,0,0,30,55,0,0
Ștefan Ioniță,19,1170489600,2007/02/03,Liga II,2025/2026,Defender,Voluntari,0,0,0,Romania,0,0,0,0,0,0,0,0,0,0,0,0,0,0,0,0,0,0,0,0,0,0,0,0,0,0,0,0,0,0,0,-1,-1,-1,-1,N/A,N/A,N/A,N/A,N/A,N/A,N/A,N/A,N/A,N/A,N/A,N/A,N/A,N/A,N/A,N/A,N/A,N/A,N/A,N/A,N/A,N/A,N/A,N/A,N/A,N/A,N/A,N/A,N/A,N/A,N/A,N/A,N/A,N/A,N/A,N/A,N/A,N/A,N/A,N/A,N/A,N/A,N/A,N/A,N/A,N/A,N/A,N/A,N/A,N/A,N/A,N/A,N/A,N/A,N/A,N/A,N/A,N/A,N/A,N/A,N/A,N/A,N/A,N/A,N/A,N/A,N/A,N/A,N/A,N/A,N/A,N/A,N/A,N/A,N/A,N/A,N/A,N/A,N/A,N/A,N/A,N/A,N/A,N/A,N/A,N/A,N/A,N/A,N/A,N/A,N/A,N/A,N/A,N/A,N/A,N/A,N/A,N/A,N/A,N/A,N/A,N/A,N/A,N/A,N/A,N/A,N/A,N/A,N/A,N/A,N/A,N/A,N/A,N/A,N/A,N/A,N/A,N/A,N/A,N/A,N/A,N/A,N/A,N/A,N/A,N/A,N/A,N/A,N/A,N/A,N/A,N/A,N/A,N/A,N/A,N/A,N/A,N/A,N/A,N/A,N/A,N/A,N/A,N/A,N/A,N/A,N/A,N/A,N/A,N/A,N/A,N/A,N/A,N/A,N/A,N/A,N/A,N/A,N/A,N/A,N/A,N/A,N/A,N/A,N/A,N/A,N/A,N/A,N/A,N/A,N/A,N/A,N/A,N/A,N/A,N/A,N/A,N/A,N/A,N/A,N/A,N/A,N/A,N/A,N/A,N/A,N/A,N/A,N/A,N/A,N/A,N/A,N/A,N/A,N/A,N/A,N/A,N/A,N/A,N/A,N/A,N/A,N/A,N/A,N/A,N/A,N/A,N/A,N/A,N/A,N/A,N/A,N/A,N/A,N/A,N/A,N/A,N/A,N/A,N/A,N/A,N/A,N/A,N/A
Ștefan Rotaru,17,1239174000,2009/04/08,Liga II,2025/2026,Midfielder,CSA Steaua Bucureşti,13,13,0,Romania,1,1,0,0,0,0,0,0,0,0,0,0,0,0,0,0,0,0,0,0,0,0,0,0,0,0,0,13,0,0,0,-1,-1,-1,17,0,5.85,0,62,37.01,16.50,61,132,14.00,112,87,31.40,67,0.00,0.00,0.38,3,0.00,0.50,0.28,0.12,1,0.00,0.12,0.00,0.00,0.00,0.62,0.50,0.12,0.00,0.84,0.12,0.50,0.00,0.25,0.04,0.00,0.50,0.00,0.00,0,0,,3,0.38,47,2,0.56,71,1,0.28,28,0,1,0,58,0.00,99,0,5,1.40,58,4,43,1.12,56,0,0.00,99,0,0.00,0,0,0.00,0,0.84,67,4,1.12,49,4,1.12,100.00,0,0.00,0,0,0,0.00,0,1,0.00,99,0.28,4,N/A,N/A,N/A,N/A,0.00,0,0.00,0,0.28,0.00,0,84.85,66.67,95,99,0.00,0.00,0,58,99,0,0,0,0.25,0.56,2,82,46.84,0.00,0.00,0,0,0.00,0.00,99,0.00,0,0,0,0.00,0.00,0,0.00,0.00,0.00,0.00,0,0,0.00,52,0,0,51,0,0.40,57,0.05,0.11,0.28,48,0.04,0.08,11,1,0.12,0.28,0.84,0.38,35,3,0.08,47,32,1,83,0,50,44,0,0.00,99,4,0.00,1.12,12.06,5.38,43,16,27,26,4.49,2.00,37.21,1,0.28,64,0,25.00,0,0.00,99,1,0.12,0.28,53,0,64,28,0,0,0,0,0,38,51,69,61,0,99,9,22,22,0,0,30,76,0,0
Stefan Stefanovici,24,1014192000,2002/02/20,Liga II,2025/2026,Defender,CSM Iaşi,1598,810,788,Romania,18,9,9,1,1,0,1,1,0,0,0,6,4,2,20,5,15,1,0,0.11,0.06,0.06,0.11,0,1598,1.13,80,89,1598,1598,0.06,158,126,48,6,0,7.03,0.06,63,35.49,34.60,57,692,23.75,475,19,24.36,51,0.00,0.00,1.65,33,0.00,2.60,0.62,0.60,12,0.00,0.60,0.00,0.00,0.00,1.05,1.50,0.95,7.00,1.08,0.65,2.05,0.00,0.40,0.17,0.00,0.40,0.00,0.00,0,0,,21,1.05,58,8,0.41,63,13,0.67,55,2,0,17,83,0.00,99,0,21,1.08,42,52,57,2.67,82,0,0.00,99,0,0.00,0,0,0.00,0,1.69,92,41,2.10,70,30,1.54,73.17,0,0.00,0,0,0,0.00,0,19,0.00,57,0.97,57,N/A,N/A,N/A,N/A,0.00,0,0.00,0,3.41,0.00,0,68.64,38.10,67,99,0.00,0.00,0,71,57,0,0,0,0.00,0.00,0,31,140.67,1.25,1.28,25,0,0.00,0.00,99,0.00,0,0,0,0.00,0.00,0,0.00,0.00,0.56,0.55,11,0,14.29,75,98,97,99,58,3.12,77,0.16,0.16,3.41,64,0.17,0.17,20,9,0.45,0.46,0.97,0.95,43,19,0.17,64,86,55,83,0,90,10,0,0.00,99,8,0.00,0.41,13.13,12.80,256,92,32,37,4.72,4.60,35.94,12,0.62,43,0,32.69,0,0.00,99,17,0.85,0.87,83,97,41,85,0,0,0,0,0,47,53,69,63,0,99,66,99,24,1,6,34,20,0,0
Ștefan Vasile Opriș,19,1168070400,2007/01/06,Liga II,2025/2026,Midfielder,CSM Iaşi,1530,810,720,,17,9,8,0,0,0,2,1,1,0,0,6,4,2,16,5,11,4,0,0.12,0.12,0,0,0,0,0.94,96,90,383,765,0.24,164,89,-1,27,0,7.06,0.12,76,30.74,30.74,45,584,20.84,396,15,20.84,39,0.00,0.00,0.95,18,0.00,4.05,0.84,0.84,16,0.00,0.74,0.00,0.00,0.00,1.68,2.79,0.79,0.00,0.63,0.58,4.11,0.00,0.05,0.04,0.00,1.68,0.00,0.00,0,0,,12,0.63,37,1,0.05,23,11,0.58,49,0,0,16,94,0.00,99,0,32,1.68,69,77,66,4.05,96,0,0.00,99,0,0.00,0,0,0.00,0,0.95,72,78,4.11,91,53,2.79,67.95,0,0.00,0,0,0,0.00,0,15,0.00,75,0.79,38,N/A,N/A,N/A,N/A,0.00,0,0.00,0,0.76,0.00,0,67.81,8.33,24,99,0.00,0.00,0,90,45,0,0,0,0.32,0.32,6,64,134.18,2.26,2.26,43,0,0.00,0.00,99,0.00,0,0,0,0.00,0.00,0,0.00,0.00,0.00,0.00,0,0,0.00,52,96,95,51,75,2.64,70,0.14,0.14,0.76,34,0.04,0.04,92,39,2.05,2.05,0.84,0.84,35,16,0.04,33,89,74,83,0,50,62,0,0.00,99,32,0.00,1.68,20.26,20.26,385,176,94,86,9.26,9.26,45.71,14,0.74,37,0,33.77,0,0.00,99,26,1.37,1.37,94,96,41,28,0,0,0,0,0,49,51,69,61,0,99,67,51,72,4,24,90,66,0,0
Stejărel Vișinar,28,888998400,1998/03/04,Liga II,2025/2026,Midfielder,ACS Gloria Bistrita,1304,674,630,Romania,15,8,7,1,1,0,0,0,0,0,0,1,1,0,21,8,13,3,0,0.07,0,0.07,0.13,0,1304,1.45,62,87,435,0,0.21,149,290,-1,9,0,6.68,0,62,37.18,34.22,62,616,27.00,486,58,29.34,65,0.00,0.00,0.11,2,0.00,0.11,0.30,0.28,5,0.00,0.00,0.00,0.00,0.00,2.72,0.22,0.72,5.50,0.66,0.28,0.28,0.00,0.33,0.12,0.00,3.78,0.00,0.00,0,0,,11,0.61,38,6,0.36,59,5,0.30,29,0,1,13,59,0.00,99,0,49,2.96,98,2,91,0.12,18,0,0.00,99,0,0.00,0,0,0.00,0,0.12,20,5,0.30,23,4,0.24,80.00,0,0.00,0,0,0,0.00,0,13,0.00,30,0.78,36,N/A,N/A,N/A,N/A,0.00,0,0.00,0,2.19,0.00,0,78.90,54.55,91,99,0.00,0.00,0,24,73,0,0,0,0.61,0.66,11,88,120.32,5.17,5.61,93,0,0.00,0.00,99,0.00,0,0,0,0.00,0.00,0,0.00,0.00,0.00,0.00,0,0,18.18,85,89,87,97,31,0.92,23,0.05,0.06,2.19,59,0.12,0.13,49,16,0.89,0.97,1.21,1.11,59,20,0.13,59,60,99,83,0,50,97,0,0.00,99,68,0.00,4.10,12.92,11.89,214,108,69,34,6.52,6.00,50.47,0,0.00,99,0,50.00,0,0.00,99,1,0.06,0.06,28,88,64,28,0,0,0,0,0,40,55,69,65,0,99,10,58,66,3,20,85,4,0,0
Stephan Leonard Drăghici,28,886147200,1998/01/30,Liga II,2025/2026,Midfielder,CSA Steaua Bucureşti,889,478,411,Romania,11,6,5,0,0,0,2,2,0,0,0,2,1,1,14,4,10,3,0,0.2,0.2,0,0,0,0,1.42,64,81,296,445,0.3,224,41,-1,9,0,7.11,0.18,90,44.88,40.89,79,736,31.67,570,53,34.76,76,0.00,0.00,1.22,22,0.00,2.89,0.79,0.72,13,0.00,0.83,0.00,0.00,0.00,1.50,2.28,0.50,12.00,1.46,0.72,2.94,0.00,0.61,0.19,0.00,1.17,0.00,0.00,0,0,,24,1.33,67,11,0.67,77,13,0.79,61,1,0,8,92,0.00,99,0,27,1.65,69,52,81,3.17,87,0,0.00,99,0,0.00,0,0,0.00,0,1.34,84,53,3.23,84,41,2.50,77.36,0,0.00,0,0,0,0.00,0,9,0.00,33,0.55,20,N/A,N/A,N/A,N/A,0.00,0,0.00,0,3.37,0.00,0,77.45,45.83,80,99,0.00,0.00,0,88,65,0,0,0,0.06,0.06,1,31,128.06,1.17,1.28,21,0,0.00,0.00,99,0.00,0,0,0,0.00,0.00,0,0.00,0.00,0.12,0.11,2,0,8.33,63,57,46,51,34,3.33,87,0.18,0.20,3.37,71,0.19,0.21,94,36,2.00,2.20,1.65,1.50,81,27,0.21,71,92,55,83,0,62,50,0,0.00,99,21,0.00,1.28,20.24,18.44,332,130,86,86,7.93,7.22,39.16,15,0.91,32,0,42.31,0,0.00,99,22,1.22,1.34,93,53,41,66,0,0,0,0,0,63,51,69,61,0,99,34,42,81,3,27,94,19,0,0
Stephane Ferhaoui,29,848044800,1996/11/15,Liga II,2025/2026,Midfielder,CSM Iaşi,367,188,179,France,7,4,3,0,0,0,0,0,0,0,0,3,2,1,4,1,3,0,0,0,0,0,0,0,0,0.98,92,52,0,0,0,166,186,-1,19,0,7.20,0,62,31.94,19.17,49,115,11.50,69,2,19.17,32,0.00,0.00,2.33,14,0.00,3.67,0.28,0.17,1,0.00,0.67,0.00,0.00,0.00,0.67,2.83,0.17,0.00,1.39,0.17,3.33,0.00,0.67,0.09,0.00,1.83,0.00,0.00,0,0,,5,0.83,65,4,1.11,93,1,0.28,28,2,3,3,58,0.00,99,0,4,1.11,43,22,56,6.11,99,0,0.00,99,0,0.00,0,0,0.00,0,3.89,99,20,5.56,97,17,4.72,85.00,0,0.00,0,0,0,0.00,0,1,0.00,72,0.28,4,N/A,N/A,N/A,N/A,0.00,0,0.00,0,0.55,0.00,0,60.00,80.00,97,99,0.00,0.00,0,99,81,0,0,0,0.00,0.00,0,31,43.20,1.17,1.94,7,0,0.00,0.00,99,0.00,0,0,0,0.00,0.00,0,0.00,0.00,0.00,0.00,0,0,0.00,52,1,12,51,72,0.62,81,0.10,0.17,0.55,62,0.09,0.15,11,1,0.17,0.28,1.11,0.67,51,4,0.15,62,94,69,83,0,50,87,0,0.00,99,11,0.00,3.06,22.78,13.67,82,32,93,93,8.89,5.33,39.02,4,1.11,26,0,31.82,0,0.00,99,7,1.17,1.94,99,12,85,85,0,0,0,0,0,38,51,69,61,0,99,81,22,22,0,0,30,94,0,0
Stiven Plaza,27,921139200,1999/03/11,Liga II,2025/2026,Forward,Chindia Târgovişte,517,303,214,Ecuador,12,7,5,3,3,0,0,0,0,0,0,5,4,1,3,2,1,2,0,0.52,0,0.52,0.89,0,172,0.52,172,43,259,0,0.35,19,136,-1,4,0,5.74,0,62,16.06,6.14,8,86,4.64,65,46,12.14,11,0.00,0.00,0.07,1,0.00,0.29,0.56,0.21,3,0.00,0.79,0.00,0.00,0.00,0.00,0.71,0.14,7.00,2.61,0.57,0.93,0.00,0.43,0.16,0.00,0.71,0.00,0.00,0,0,,14,1.00,91,6,1.12,93,8,1.49,87,1,5,4,80,0.00,99,0,0,0.00,1,4,43,0.75,46,0,0.00,99,0,0.00,0,0,0.00,0,0.19,24,13,2.43,75,10,1.87,76.92,0,0.00,0,0,0,0.00,0,2,0.00,95,0.37,8,N/A,N/A,N/A,N/A,0.00,0,0.00,0,2.29,0.00,0,75.58,42.86,77,99,0.00,0.00,0,79,64,0,0,0,0.00,0.00,0,31,80.42,0.07,0.19,1,0,0.00,0.00,99,0.00,0,0,0,0.00,0.00,0,0.00,0.00,0.37,0.14,2,0,14.29,75,19,58,56,94,0.20,11,0.01,0.04,2.29,92,0.16,0.43,90,10,0.71,1.87,1.68,0.64,83,9,0.43,92,30,5,83,0,82,66,0,0.00,99,10,0.00,1.87,19.61,7.50,105,38,76,82,7.10,2.71,36.19,11,2.05,7,0,25.00,0,0.00,99,1,0.07,0.19,44,20,93,66,0,0,0,0,0,89,95,69,97,0,99,78,36,87,1,8,50,91,0,0
Szabolcs Istvan Kilyen,28,890294400,1998/03/19,Liga II,2025/2026,Defender,Corvinul Hunedoara,20,2,18,Romania,5,2,3,1,1,0,0,0,0,0,0,1,0,1,0,0,0,0,0,4.5,0,4.5,45,0,20,0,0,4,0,0,0,-1,-1,-1,12,0,1.15,0,62,34.29,1.33,53,16,1.00,12,44,25.71,56,0.00,0.00,0.17,2,0.00,0.17,0.00,0.00,0,0.00,0.00,0.00,0.00,0.00,0.00,0.00,0.00,2.00,4.29,0.08,0.00,0.00,0.08,0.06,0.00,0.00,0.00,0.00,0,0,,2,0.17,99,1,2.14,99,1,2.14,98,0,5,0,26,0.00,99,0,0,0.00,1,2,91,4.29,96,0,0.00,99,0,0.00,0,0,0.00,0,4.29,99,0,0.00,12,0,0.00,0.00,0,0.00,0,0,0,0.00,0,0,0.00,99,0.00,0,N/A,N/A,N/A,N/A,0.00,0,0.00,0,0.75,0.00,0,75.00,50.00,88,99,0.00,0.00,0,13,13,0,0,0,0.00,0.00,0,31,13.78,0.08,2.14,1,0,0.00,0.00,99,0.00,0,0,0,0.00,0.00,0,0.00,0.00,0.00,0.00,0,0,50.00,99,0,3,51,0,0.11,93,0.01,0.24,0.75,99,0.06,1.61,2,0,0.00,0.00,0.00,0.00,7,0,1.61,99,0,73,83,0,50,1,0,0.00,99,0,0.00,0.00,6.43,0.25,3,0,0,7,0.00,0.00,0.00,0,0.00,99,0,50.00,0,0.00,99,1,0.08,2.14,99,0,93,28,0,0,0,0,0,99,99,69,99,0,99,39,22,22,0,0,30,2,0,0
Szilárd Magyari,27,895647600,1998/05/20,Liga II,2025/2026,Midfielder,Slatina,937,494,443,Romania,11,6,5,3,3,0,0,0,0,0,0,0,0,0,28,20,8,1,0,0.29,0,0.29,0.55,0,312,2.69,33,85,937,0,0.1,56,256,-1,3,0,6.86,0,62,16.06,14.67,8,176,10.33,124,25,11.32,6,0.00,0.00,1.00,12,0.00,1.92,0.00,0.00,0,0.00,1.17,0.00,0.00,0.00,0.25,1.33,1.50,6.00,1.64,0.92,1.75,0.00,0.58,0.27,0.00,0.83,0.00,0.00,0,0,,18,1.50,71,7,0.64,76,11,1.00,71,1,1,7,26,0.00,99,0,3,0.27,6,23,75,2.10,75,0,0.00,99,0,0.00,0,0,0.00,0,1.10,75,21,1.92,65,16,1.46,76.19,0,0.00,0,0,0,0.00,0,18,0.00,3,1.64,83,N/A,N/A,N/A,N/A,0.00,0,0.00,0,3.22,0.00,0,70.45,38.89,68,99,0.00,0.00,0,69,63,0,0,0,0.33,0.37,4,69,82.28,0.67,0.73,8,0,0.00,0.00,99,0.00,0,0,0,0.00,0.00,0,0.00,0.00,1.46,1.33,16,0,16.67,81,61,46,67,3,0.81,32,0.07,0.07,3.22,80,0.27,0.29,33,8,0.67,0.73,2.37,2.17,95,26,0.29,80,75,33,83,0,99,31,0,0.00,99,10,0.00,0.91,15.43,14.08,169,38,15,53,3.47,3.17,22.49,14,1.28,20,0,39.13,0,0.00,99,9,0.75,0.82,80,45,64,66,0,0,0,0,0,75,84,69,93,0,99,9,90,34,1,9,54,18,0,0
Teodor Daniel Birzu,23,1022569200,2002/05/28,Liga II,2025/2026,Midfielder,Muscelul Câmpulung Elite,70,70,0,Romania,1,1,0,0,0,0,0,0,0,0,0,1,1,0,0,0,0,0,0,0,0,0,0,0,0,0,0,70,0,0,0,-1,-1,-1,12,N/A,N/A,N/A,N/A,N/A,N/A,N/A,N/A,N/A,N/A,N/A,N/A,N/A,N/A,N/A,N/A,N/A,N/A,N/A,N/A,N/A,N/A,N/A,N/A,N/A,N/A,N/A,N/A,N/A,N/A,N/A,N/A,N/A,N/A,N/A,N/A,N/A,N/A,N/A,N/A,N/A,N/A,N/A,N/A,N/A,N/A,N/A,N/A,N/A,N/A,N/A,N/A,N/A,N/A,N/A,N/A,N/A,N/A,N/A,N/A,N/A,N/A,N/A,N/A,N/A,N/A,N/A,N/A,N/A,N/A,N/A,N/A,N/A,N/A,N/A,N/A,N/A,N/A,N/A,N/A,N/A,N/A,N/A,N/A,N/A,N/A,N/A,N/A,N/A,N/A,N/A,N/A,N/A,N/A,N/A,N/A,N/A,N/A,N/A,N/A,N/A,N/A,N/A,N/A,N/A,N/A,N/A,N/A,N/A,N/A,N/A,N/A,N/A,N/A,N/A,N/A,N/A,N/A,N/A,N/A,N/A,N/A,N/A,N/A,N/A,N/A,N/A,N/A,N/A,N/A,N/A,N/A,N/A,N/A,N/A,N/A,N/A,N/A,N/A,N/A,N/A,N/A,N/A,N/A,N/A,N/A,N/A,N/A,N/A,N/A,N/A,N/A,N/A,N/A,N/A,N/A,N/A,N/A,N/A,N/A,N/A,N/A,N/A,N/A,N/A,N/A,N/A,N/A,N/A,N/A,N/A,N/A,N/A,N/A,N/A,N/A,N/A,N/A,N/A,N/A,N/A,N/A,N/A,N/A,N/A,N/A,N/A,N/A,N/A,N/A,N/A,N/A,N/A,N/A,N/A,N/A,N/A,N/A,N/A,N/A,N/A,N/A,N/A,N/A,N/A,N/A,N/A,N/A,N/A,N/A,N/A,N/A,N/A,N/A,N/A,N/A,N/A,N/A,N/A,N/A,N/A,N/A,N/A,N/A
Theo Julien Guigui Yolou,20,1115708400,2005/05/10,Liga II,2025/2026,Midfielder,Ceahlăul Piatra Neamţ,13,0,13,,1,0,1,0,0,0,0,0,0,0,0,0,0,0,0,0,0,0,0,0,0,0,0,0,0,0,0,13,0,0,0,-1,-1,-1,6,0,0.00,0,62,0.00,0.00,0,0,0.00,0,0,0.00,0,0.00,0.00,0.00,0,0.00,0.00,0.00,0.00,0,0.00,0.00,0.00,0.00,0.00,0.00,0.00,0.00,0.00,0.00,0.00,0.00,0.00,0.00,0.00,0.00,0.00,0.00,0.00,0,0,,0,0.00,10,0,0.00,23,0,0.00,12,0,1,0,26,0.00,99,0,0,0.00,1,0,26,0.00,14,0,0.00,99,0,0.00,0,0,0.00,0,0.00,14,0,0.00,12,0,0.00,0.00,0,0.00,0,0,0,0.00,0,0,0.00,99,0.00,0,N/A,N/A,N/A,N/A,0.00,0,0.00,0,0.00,0.00,0,0.00,0.00,23,99,0.00,0.00,0,13,13,0,0,0,0.00,0.00,0,31,0.00,0.00,0.00,0,0,0.00,0.00,99,0.00,0,0,0,0.00,0.00,0,0.00,0.00,0.00,0.00,0,0,0.00,52,0,0,51,0,0.00,0,0.00,0.00,0.00,11,0.00,0.00,2,0,0.00,0.00,0.00,0.00,7,0,0.00,10,0,1,83,0,50,1,0,0.00,99,0,0.00,0.00,0.00,0.00,0,0,0,0,0.00,0.00,0.00,0,0.00,99,0,0.00,0,0.00,99,0,0.00,0.00,26,0,64,28,0,0,0,0,0,38,51,69,61,0,99,9,22,22,0,0,30,9,0,0
Toma Marinică Niga,28,871628400,1997/08/15,Liga II,2025/2026,Goalkeeper,CSM Iaşi,90,0,90,Romania,1,0,1,0,0,0,0,0,0,0,0,0,0,0,3,0,3,0,0,0,0,0,0,0,0,3,30,90,0,0,0,-1,-1,-1,25,0,1.38,0,62,14.00,2.80,3,56,2.10,42,44,10.50,5,0.00,0.00,0.00,0,0.00,0.00,0.00,0.00,0,0.00,0.00,0.00,0.00,0.50,0.20,0.00,0.50,0.00,0.00,0.00,0.00,0.00,0.00,0.00,0.00,0.05,0.00,0.00,0,0,,0,0.00,10,0,0.00,23,0,0.00,12,0,0,1,26,0.00,99,0,4,1.00,39,0,26,0.00,14,0,0.00,99,0,0.00,0,0,0.00,0,0.00,14,0,0.00,12,0,0.00,0.00,0,0.00,0,10,99,2.50,12,10,0.00,1,2.50,92,N/A,N/A,N/A,N/A,100.00,0,0.00,0,0.00,0.00,0,75.00,0.00,23,99,0.00,0.00,0,13,13,0,0,5,0.00,0.00,0,31,27.50,0.10,0.50,2,0,0.00,0.00,99,0.00,0,0,0,0.00,0.00,0,0.00,0.00,0.00,0.00,0,0,0.00,52,0,0,51,1,0.08,2,0.00,0.02,0.00,11,0.00,0.00,2,0,0.00,0.00,0.00,0.00,7,0,0.00,10,0,21,83,0,50,6,0,0.00,99,1,0.00,0.25,0.75,0.15,3,1,1,5,0.25,0.05,33.33,0,0.00,99,0,0.00,0,0.00,99,0,0.00,0.00,26,4,41,28,0,0,0,0,0,38,51,69,61,0,99,9,22,22,0,0,30,1,0,0
Tomce Grozdanovski,26,953020800,2000/03/14,Liga II,2025/2026,Midfielder,Concordia Chiajna,0,0,0,FYR Macedonia,0,0,0,0,0,0,0,0,0,0,0,0,0,0,0,0,0,0,0,0,0,0,0,0,0,0,0,0,0,0,0,-1,-1,-1,-1,N/A,N/A,N/A,N/A,N/A,N/A,N/A,N/A,N/A,N/A,N/A,N/A,N/A,N/A,N/A,N/A,N/A,N/A,N/A,N/A,N/A,N/A,N/A,N/A,N/A,N/A,N/A,N/A,N/A,N/A,N/A,N/A,N/A,N/A,N/A,N/A,N/A,N/A,N/A,N/A,N/A,N/A,N/A,N/A,N/A,N/A,N/A,N/A,N/A,N/A,N/A,N/A,N/A,N/A,N/A,N/A,N/A,N/A,N/A,N/A,N/A,N/A,N/A,N/A,N/A,N/A,N/A,N/A,N/A,N/A,N/A,N/A,N/A,N/A,N/A,N/A,N/A,N/A,N/A,N/A,N/A,N/A,N/A,N/A,N/A,N/A,N/A,N/A,N/A,N/A,N/A,N/A,N/A,N/A,N/A,N/A,N/A,N/A,N/A,N/A,N/A,N/A,N/A,N/A,N/A,N/A,N/A,N/A,N/A,N/A,N/A,N/A,N/A,N/A,N/A,N/A,N/A,N/A,N/A,N/A,N/A,N/A,N/A,N/A,N/A,N/A,N/A,N/A,N/A,N/A,N/A,N/A,N/A,N/A,N/A,N/A,N/A,N/A,N/A,N/A,N/A,N/A,N/A,N/A,N/A,N/A,N/A,N/A,N/A,N/A,N/A,N/A,N/A,N/A,N/A,N/A,N/A,N/A,N/A,N/A,N/A,N/A,N/A,N/A,N/A,N/A,N/A,N/A,N/A,N/A,N/A,N/A,N/A,N/A,N/A,N/A,N/A,N/A,N/A,N/A,N/A,N/A,N/A,N/A,N/A,N/A,N/A,N/A,N/A,N/A,N/A,N/A,N/A,N/A,N/A,N/A,N/A,N/A,N/A,N/A,N/A,N/A,N/A,N/A,N/A,N/A,N/A,N/A,N/A,N/A,N/A,N/A,N/A,N/A,N/A,N/A,N/A,N/A,N/A,N/A,N/A,N/A,N/A,N/A
Tudor Andrei Alistar,17,1232697600,2009/01/23,Liga II,2025/2026,Defender,Ceahlăul Piatra Neamţ,77,0,77,,1,0,1,0,0,0,0,0,0,0,0,0,0,0,2,0,2,1,0,0,0,0,0,0,0,2.34,39,77,77,0,1.17,-1,-1,-1,4,0,6.36,0,62,18.78,17.67,13,53,14.00,42,60,14.88,18,0.00,0.00,0.00,0,0.00,0.00,1.06,1.00,3,0.00,0.00,0.00,0.00,0.00,2.33,0.00,1.00,0.00,0.00,0.00,0.00,0.00,0.00,0.00,0.00,0.67,0.00,0.00,0,0,,0,0.00,10,0,0.00,23,0,0.00,12,1,0,1,98,0.00,99,0,7,2.48,93,0,26,0.00,14,0,0.00,99,0,0.00,0,0,0.00,0,0.00,14,0,0.00,12,0,0.00,0.00,0,0.00,0,0,0,0.00,0,3,0.00,5,1.06,62,N/A,N/A,N/A,N/A,0.00,0,0.00,0,0.00,0.00,0,79.25,0.00,23,99,0.00,0.00,0,13,13,0,0,0,0.67,0.71,2,89,19.08,1.00,1.06,3,0,0.00,0.00,99,0.00,0,0,0,0.00,0.00,0,0.00,0.00,0.00,0.00,0,0,0.00,52,0,0,51,5,0.09,6,0.03,0.03,0.00,11,0.00,0.00,14,1,0.33,0.35,1.77,1.67,85,5,0.00,10,44,46,83,0,50,21,0,0.00,99,2,0.00,0.71,7.44,7.00,21,7,8,8,2.48,2.33,33.33,0,0.00,99,0,0.00,0,0.00,99,0,0.00,0.00,26,4,41,66,0,0,0,0,0,38,51,69,61,0,99,9,22,99,1,100,99,3,0,0
Tudor Anton,17,1213167600,2008/06/11,Liga II,2025/2026,Defender,Ceahlăul Piatra Neamţ,0,0,0,Romania,0,0,0,0,0,0,0,0,0,0,0,0,0,0,0,0,0,0,0,0,0,0,0,0,0,0,0,0,0,0,0,-1,-1,-1,-1,N/A,N/A,N/A,N/A,N/A,N/A,N/A,N/A,N/A,N/A,N/A,N/A,N/A,N/A,N/A,N/A,N/A,N/A,N/A,N/A,N/A,N/A,N/A,N/A,N/A,N/A,N/A,N/A,N/A,N/A,N/A,N/A,N/A,N/A,N/A,N/A,N/A,N/A,N/A,N/A,N/A,N/A,N/A,N/A,N/A,N/A,N/A,N/A,N/A,N/A,N/A,N/A,N/A,N/A,N/A,N/A,N/A,N/A,N/A,N/A,N/A,N/A,N/A,N/A,N/A,N/A,N/A,N/A,N/A,N/A,N/A,N/A,N/A,N/A,N/A,N/A,N/A,N/A,N/A,N/A,N/A,N/A,N/A,N/A,N/A,N/A,N/A,N/A,N/A,N/A,N/A,N/A,N/A,N/A,N/A,N/A,N/A,N/A,N/A,N/A,N/A,N/A,N/A,N/A,N/A,N/A,N/A,N/A,N/A,N/A,N/A,N/A,N/A,N/A,N/A,N/A,N/A,N/A,N/A,N/A,N/A,N/A,N/A,N/A,N/A,N/A,N/A,N/A,N/A,N/A,N/A,N/A,N/A,N/A,N/A,N/A,N/A,N/A,N/A,N/A,N/A,N/A,N/A,N/A,N/A,N/A,N/A,N/A,N/A,N/A,N/A,N/A,N/A,N/A,N/A,N/A,N/A,N/A,N/A,N/A,N/A,N/A,N/A,N/A,N/A,N/A,N/A,N/A,N/A,N/A,N/A,N/A,N/A,N/A,N/A,N/A,N/A,N/A,N/A,N/A,N/A,N/A,N/A,N/A,N/A,N/A,N/A,N/A,N/A,N/A,N/A,N/A,N/A,N/A,N/A,N/A,N/A,N/A,N/A,N/A,N/A,N/A,N/A,N/A,N/A,N/A,N/A,N/A,N/A,N/A,N/A,N/A,N/A,N/A,N/A,N/A,N/A,N/A,N/A,N/A,N/A,N/A,N/A,N/A
Tudor Călin,25,970988400,2000/10/08,Liga II,2025/2026,Midfielder,Bihor Oradea,1165,539,626,Romania,15,8,7,0,0,0,0,0,0,0,0,4,3,1,14,6,8,4,0,0,0,0,0,0,0,1.08,83,78,291,0,0.31,252,240,-1,18,0,6.82,0,62,36.19,29.56,60,532,24.17,435,74,29.59,65,0.00,0.00,0.33,6,0.00,0.22,0.48,0.39,7,0.00,0.17,0.00,0.00,0.00,1.78,0.28,0.94,0.00,0.68,0.39,0.39,0.00,0.17,0.05,0.00,1.33,0.00,0.00,0,0,,10,0.56,40,3,0.20,43,7,0.48,41,2,2,12,74,0.00,99,0,32,2.18,86,4,26,0.27,27,0,0.00,99,0,0.00,0,0,0.00,0,0.41,37,7,0.48,30,5,0.34,71.43,0,0.00,0,0,0,0.00,0,17,0.00,61,1.16,67,N/A,N/A,N/A,N/A,0.00,0,0.00,0,0.81,0.00,0,81.77,30.00,48,99,0.00,0.00,0,32,53,0,0,0,0.28,0.34,5,66,122.74,0.83,1.02,15,0,0.00,0.00,99,0.00,0,0,0,0.00,0.00,0,0.00,0.00,0.00,0.00,0,0,0.00,52,79,87,51,61,1.09,32,0.06,0.07,0.81,42,0.05,0.06,91,28,1.56,1.90,2.24,1.83,94,33,0.06,41,73,46,83,0,50,61,0,0.00,99,24,0.00,1.63,14.56,11.89,214,89,60,45,6.05,4.94,41.59,3,0.20,71,0,0.00,0,0.00,99,0,0.00,0.00,26,84,73,85,0,0,0,0,0,38,51,69,61,0,99,48,39,83,4,27,94,6,0,0
Tudor Ivan,18,1181113200,2007/06/06,Liga II,2025/2026,Defender,Viitorul Şelimbăr,90,90,0,Romania,1,1,0,0,0,0,0,0,0,0,0,0,0,0,1,1,0,0,0,0,0,0,0,0,0,1,90,90,0,0,0,-1,-1,-1,20,0,6.61,0,62,34.62,25.00,55,25,16.00,16,6,22.15,44,0.00,0.00,0.00,0,0.00,2.00,0.00,0.00,0,0.00,0.00,0.00,0.00,0.00,0.00,0.00,4.00,0.00,2.77,2.00,0.00,0.00,0.00,0.11,0.00,2.00,0.00,0.00,0,0,,2,2.00,93,0,0.00,23,2,2.77,99,0,0,1,26,0.00,99,0,0,0.00,1,2,26,2.77,83,0,0.00,99,0,0.00,0,0,0.00,0,0.00,14,0,0.00,12,0,0.00,0.00,0,0.00,0,0,0,0.00,0,4,0.00,69,5.54,99,N/A,N/A,N/A,N/A,0.00,0,0.00,0,0.11,0.00,0,64.00,0.00,23,99,0.00,0.00,0,13,13,0,0,0,0.00,0.00,0,31,6.61,3.00,4.15,3,0,0.00,0.00,99,0.00,0,0,0,0.00,0.00,0,0.00,0.00,0.00,0.00,0,0,0.00,52,0,0,51,69,0.04,23,0.04,0.06,0.11,62,0.11,0.15,71,1,1.00,1.38,0.00,0.00,7,0,0.15,62,54,94,83,0,50,83,0,0.00,99,2,0.00,2.77,9.69,7.00,7,3,22,14,4.15,3.00,42.86,0,0.00,99,0,0.00,0,0.00,99,0,0.00,0.00,26,4,41,28,0,0,0,0,0,38,51,69,61,0,99,9,22,22,0,0,30,30,0,0
Tudor Lucaci,22,1070956800,2003/12/09,Liga II,2025/2026,Midfielder,CSM Satu Mare,134,72,62,Romania,3,1,2,0,0,0,0,0,0,0,0,0,0,0,5,4,1,0,0,0,0,0,0,0,0,3.36,27,45,0,0,0,-1,-1,-1,26,0,3.17,0,62,45.63,18.00,82,72,13.50,54,44,34.23,75,0.00,0.00,0.00,0,0.00,0.00,0.63,0.25,1,0.00,0.25,0.00,0.00,0.00,0.25,0.00,1.25,0.00,0.63,0.25,0.00,0.00,0.00,0.01,0.00,0.25,0.00,0.00,0,0,,1,0.25,37,0,0.00,23,1,0.63,52,1,1,2,84,0.00,99,0,1,0.63,21,0,26,0.00,14,0,0.00,99,0,0.00,0,0,0.00,0,0.00,14,0,0.00,12,0,0.00,0.00,0,0.00,0,0,0,0.00,0,5,0.00,0,3.17,97,N/A,N/A,N/A,N/A,0.00,0,0.00,0,0.04,0.00,0,75.00,0.00,23,99,0.00,0.00,0,13,13,0,0,0,0.00,0.00,0,31,12.70,0.50,1.27,2,0,0.00,0.00,99,0.00,0,0,0,0.00,0.00,0,0.00,0.00,0.00,0.00,0,0,0.00,52,0,0,51,0,0.13,39,0.03,0.08,0.04,29,0.01,0.03,2,0,0.00,0.00,3.17,1.25,99,5,0.03,28,3,53,83,0,50,17,0,0.00,99,1,0.00,0.63,8.24,3.25,13,4,8,9,2.54,1.00,30.77,1,0.63,43,0,0.00,0,0.00,99,0,0.00,0.00,26,7,64,66,0,0,0,0,0,38,51,69,61,0,99,9,22,22,0,0,30,70,0,0
Tudor Marius Telcean,24,1000364400,2001/09/13,Liga II,2025/2026,Defender,Ceahlăul Piatra Neamţ,77,0,77,Romania,1,0,1,0,0,0,0,0,0,0,0,0,0,0,2,0,2,0,0,0,0,0,0,0,0,2.34,39,77,0,0,0,-1,-1,-1,12,0,6.77,0,62,20.55,14.50,18,29,12.00,24,79,17.01,25,0.00,0.00,0.50,1,0.00,0.50,0.00,0.00,0,0.00,0.50,0.00,0.00,0.00,1.50,0.00,1.00,0.00,0.00,0.00,0.50,0.00,0.00,0.00,0.00,1.50,0.00,0.00,0,0,,0,0.00,10,0,0.00,23,0,0.00,12,0,0,1,26,0.00,99,0,3,2.13,85,1,99,0.71,45,0,0.00,99,0,0.00,0,0,0.00,0,0.71,60,1,0.71,36,0,0.00,0.00,0,0.00,0,0,0,0.00,0,2,0.00,5,1.42,79,N/A,N/A,N/A,N/A,0.00,0,0.00,0,0.00,0.00,0,82.76,0.00,23,99,0.00,0.00,0,13,13,0,0,0,1.50,2.13,3,99,13.53,3.00,4.25,6,0,0.00,0.00,99,0.00,0,0,0,0.00,0.00,0,0.00,0.00,0.00,0.00,0,0,0.00,52,0,0,51,5,0.08,23,0.04,0.06,0.00,11,0.00,0.00,73,2,1.00,1.42,1.42,1.00,71,2,0.00,10,66,95,83,0,50,73,0,0.00,99,3,0.00,2.13,12.76,9.00,18,7,36,32,4.96,3.50,38.89,1,0.71,39,0,100.00,0,0.00,99,1,0.50,0.71,77,4,41,28,0,0,0,0,0,38,51,69,61,0,99,9,22,22,0,0,30,34,0,0
Tudor Pojar,19,1146553200,2006/05/02,Liga II,2025/2026,Midfielder,CSM Iaşi,126,10,116,Romania,4,1,3,0,0,0,0,0,0,0,0,1,1,0,1,0,1,0,0,0,0,0,0,0,0,0.71,126,32,0,0,0,-1,-1,-1,24,0,4.78,0,62,34.02,12.40,52,124,8.80,88,27,24.15,50,0.00,0.00,0.10,1,0.00,0.20,0.27,0.10,1,0.00,0.20,0.00,0.00,0.00,1.10,0.00,0.10,0.00,0.55,0.20,0.00,0.00,0.00,0.01,0.00,1.60,0.00,0.00,0,0,,2,0.20,33,0,0.00,23,2,0.55,48,0,4,0,56,0.00,99,0,11,3.02,99,2,99,0.55,40,0,0.00,99,0,0.00,0,0,0.00,0,0.27,30,0,0.00,12,0,0.00,0.00,0,0.00,0,0,0,0.00,0,1,0.00,88,0.27,4,N/A,N/A,N/A,N/A,0.00,0,0.00,0,0.11,0.00,0,70.97,0.00,23,99,0.00,0.00,0,13,13,0,0,0,0.10,0.27,1,61,47.78,2.30,6.31,23,0,0.00,0.00,99,0.00,0,0,0,0.00,0.00,0,0.00,0.00,0.00,0.00,0,0,0.00,52,0,0,51,87,0.21,23,0.02,0.06,0.11,29,0.01,0.03,38,3,0.30,0.82,1.37,0.50,70,5,0.03,28,15,99,83,0,50,98,0,0.00,99,16,0.00,4.39,16.46,6.00,60,29,86,62,7.96,2.90,48.33,2,0.55,46,0,100.00,0,0.00,99,2,0.20,0.55,70,0,89,28,0,0,0,0,0,38,51,69,61,0,99,47,22,22,0,0,30,14,0,0
Vadim Călugher,30,810457200,1995/09/07,Liga II,2025/2026,Midfielder,CSM Satu Mare,508,231,277,Moldova,8,4,4,1,0,1,2,1,1,0,0,0,0,0,15,9,6,1,0,0.53,0.35,0.18,0,0.32,508,2.66,34,64,508,254,0.18,100,10,-1,5,0,7.07,0.25,97,46.98,23.71,86,166,19.71,138,79,39.06,86,0.00,0.00,1.43,10,0.00,0.00,1.42,0.71,5,0.00,0.14,0.00,0.00,0.00,1.86,0.29,1.00,9.00,2.55,0.86,0.43,0.00,0.43,0.18,0.00,0.29,0.00,0.00,0,0,,9,1.29,90,3,0.85,81,6,1.70,93,1,1,5,99,0.00,99,0,13,3.68,99,0,26,0.00,14,0,0.00,99,0,0.00,0,0,0.00,0,2.83,99,3,0.85,41,2,0.57,66.67,0,0.00,0,0,0,0.00,0,7,0.00,3,1.98,89,N/A,N/A,N/A,N/A,0.00,0,0.00,0,1.23,0.00,0,83.13,33.33,60,99,0.00,0.00,0,39,44,0,0,0,0.00,0.00,0,31,49.50,0.86,1.70,6,0,0.00,0.00,99,0.00,0,0,0,0.00,0.00,0,0.00,0.00,0.00,0.00,0,0,11.11,68,18,20,81,3,1.80,99,0.26,0.51,1.23,85,0.18,0.35,73,5,0.71,1.42,2.55,1.29,97,9,0.35,84,89,64,83,0,50,15,0,0.00,99,2,0.00,0.57,13.02,6.57,46,13,17,36,3.68,1.86,28.26,1,0.28,64,0,0.00,0,0.00,99,0,0.00,0.00,26,29,64,66,0,0,0,0,0,89,72,87,61,0,99,9,67,57,0,0,30,14,0,0
Valentin Coșereanu,34,679734000,1991/07/17,Liga II,2025/2026,Midfielder,Muscelul Câmpulung Elite,608,394,214,Romania,10,6,4,0,0,0,0,0,0,0,0,3,1,2,6,3,3,0,0,0,0,0,0,0,0,0.89,101,61,0,0,0,237,225,-1,21,0,6.34,0,62,27.89,17.64,36,194,13.09,144,41,20.70,38,0.00,0.00,0.82,9,0.00,2.18,0.00,0.00,0,0.00,0.27,0.00,0.00,0.00,0.82,3.00,0.73,0.00,2.16,0.73,4.36,0.00,0.64,0.13,0.00,0.55,0.00,0.00,0,0,,15,1.36,82,7,1.01,88,8,1.15,76,2,1,6,26,0.00,99,0,9,1.29,53,24,35,3.45,90,0,0.00,99,0,0.00,0,0,0.00,0,1.29,82,48,6.90,99,33,4.74,68.75,0,0.00,0,0,0,0.00,0,8,0.00,78,1.15,66,N/A,N/A,N/A,N/A,0.00,0,0.00,0,1.43,0.00,0,74.23,46.67,81,99,0.00,0.00,0,99,47,0,0,0,0.00,0.00,0,31,69.73,0.73,1.15,8,0,0.00,0.00,99,0.00,0,0,0,0.00,0.00,0,0.00,0.00,0.29,0.18,2,0,0.00,52,28,37,51,78,0.74,57,0.07,0.11,1.43,71,0.13,0.21,59,8,0.73,1.15,0.14,0.09,9,1,0.21,71,43,50,83,0,79,29,0,0.00,99,6,0.00,0.86,20.13,12.73,140,62,93,84,8.91,5.64,44.29,3,0.43,54,0,20.83,0,0.00,99,5,0.45,0.72,77,38,64,85,0,0,0,0,0,38,51,69,61,0,99,56,22,22,0,0,30,30,0,0
Valentin Frățilă,18,1208502000,2008/04/18,Liga II,2025/2026,Goalkeeper,Muscelul Câmpulung Elite,270,90,180,,3,1,2,0,0,0,0,0,0,0,0,0,0,0,10,1,9,0,0,0,0,0,0,0,0,3.33,27,90,0,0,0,-1,-1,-1,20,0,3.92,0,62,20.33,12.20,18,61,9.00,45,39,15.00,19,0.00,0.00,0.00,0,0.00,0.00,0.00,0.00,0,0.00,0.00,0.00,0.00,2.20,0.80,0.00,2.20,0.00,0.00,0.00,0.00,0.00,0.00,0.00,0.00,0.40,0.00,0.00,0,0,,0,0.00,10,0,0.00,23,0,0.00,12,0,0,3,26,0.00,99,0,4,1.33,56,0,26,0.00,14,0,0.00,99,0,0.00,0,0,0.00,0,0.00,14,0,0.00,12,0,0.00,0.00,0,0.00,0,11,99,3.67,75,11,0.00,0,3.67,98,N/A,N/A,N/A,N/A,100.00,0,0.00,0,0.00,0.00,0,73.77,0.00,23,99,0.00,0.00,0,13,13,0,0,4,0.00,0.00,0,31,19.60,0.40,0.67,2,0,0.00,0.00,99,0.00,1,0,0,0.00,0.00,0,0.00,0.00,0.00,0.00,0,0,0.00,52,0,0,51,0,0.08,6,0.02,0.03,0.00,11,0.00,0.00,2,0,0.00,0.00,0.00,0.00,7,0,0.00,10,7,29,83,0,50,19,0,0.00,99,2,0.00,0.67,0.67,0.40,2,2,6,4,0.67,0.40,100.00,0,0.00,99,0,0.00,0,0.00,99,0,0.00,0.00,26,12,41,28,0,0,0,0,0,38,51,69,61,0,99,9,22,22,0,0,30,34,0,0
Valentin Marius Alexandru,34,685090800,1991/09/17,Liga II,2025/2026,Forward,ACS Gloria Bistrita,420,277,143,Romania,13,7,6,1,1,0,0,0,0,0,0,2,1,1,6,3,3,0,0,0.21,0,0.21,0.32,0,420,1.29,70,32,0,0,0,87,296,-1,12,0,5.14,0,62,16.79,6.00,9,78,3.23,42,0,9.04,2,0.00,0.00,0.15,2,0.00,0.54,0.00,0.00,0,0.00,0.46,0.00,0.00,0.00,0.15,0.38,0.38,7.00,1.51,0.15,0.54,0.00,0.38,0.11,0.00,1.38,0.00,0.00,0,0,,7,0.54,69,5,1.08,91,2,0.43,36,3,6,5,26,0.00,99,0,2,0.43,11,7,51,1.51,63,0,0.00,99,0,0.00,0,0,0.00,0,0.43,40,7,1.51,56,5,1.08,71.43,0,0.00,0,0,0,0.00,0,5,0.00,41,1.08,63,N/A,N/A,N/A,N/A,0.00,0,0.00,0,1.37,0.00,0,53.85,71.43,96,99,0.00,0.00,0,56,53,0,0,0,0.00,0.00,0,31,66.80,0.31,0.86,4,0,0.00,0.00,99,0.00,0,0,1,0.08,0.22,0,0.00,0.00,0.65,0.23,3,0,14.29,75,5,67,75,41,0.18,11,0.01,0.04,1.37,80,0.11,0.29,83,8,0.62,1.72,0.00,0.00,7,0,0.29,80,19,38,99,0,93,93,0,0.00,99,18,0.00,3.88,17.66,6.31,82,33,77,71,7.11,2.54,40.24,6,1.29,20,0,28.57,0,0.00,99,2,0.15,0.43,62,29,96,91,0,0,0,0,0,65,76,69,82,0,99,28,22,22,0,0,30,91,0,0
Valentin Robert Robu,23,1038038400,2002/11/23,Liga II,2025/2026,Midfielder,Metalul Buzău,1182,611,571,Romania,14,7,7,11,7,4,1,0,1,0,0,4,3,1,17,7,10,1,0,0.91,0.08,0.84,1.03,0.63,107,1.29,70,84,1182,1182,0.08,6,118,-1,1,0,7.26,0.07,68,29.24,26.71,40,374,19.93,279,42,21.82,41,0.00,0.00,1.71,24,0.00,1.36,0.08,0.07,1,0.00,1.29,0.00,0.00,0.00,0.50,2.29,1.36,4.43,2.42,1.50,3.14,0.00,0.71,0.45,0.00,1.36,0.00,0.00,0,0,,31,2.21,88,10,0.78,79,21,1.64,92,1,0,10,30,0.00,99,0,7,0.55,18,19,70,1.49,62,0,0.00,99,0,0.00,0,0,0.00,0,1.88,95,44,3.44,87,32,2.50,72.73,0,0.00,0,0,0,0.00,0,19,0.00,41,1.49,81,N/A,N/A,N/A,N/A,0.00,0,0.00,0,6.32,0.00,0,74.60,32.26,50,99,0.00,0.00,0,88,56,0,0,0,0.00,0.00,0,31,101.68,0.29,0.31,4,0,0.00,0.00,99,0.00,0,0,0,0.00,0.00,0,0.00,0.00,0.55,0.50,7,1,22.58,89,82,78,53,41,3.25,94,0.23,0.25,6.32,94,0.45,0.49,69,17,1.21,1.33,0.86,0.79,36,11,0.49,93,96,13,83,0,89,57,0,0.00,99,19,0.00,1.49,21.35,19.50,273,88,73,89,6.88,6.29,32.23,18,1.41,16,0,36.84,0,0.00,99,7,0.50,0.55,70,73,41,66,0,0,0,0,0,98,98,96,99,0,99,54,96,30,1,7,41,28,0,0
Valentin-Laurențiu Dumitrache,23,1048924800,2003/03/29,Liga II,2025/2026,Midfielder,Metalul Buzău,907,453,454,Romania,14,7,7,1,0,1,2,1,1,0,0,4,3,1,13,6,7,2,0,0.3,0.2,0.1,0,0.2,907,1.29,70,65,454,454,0.2,129,45,-1,5,0,6.83,0.14,90,19.62,14.36,17,201,10.57,148,38,14.45,16,0.00,0.00,0.36,5,0.00,0.29,0.39,0.29,4,0.00,0.64,0.00,0.00,0.00,0.36,0.57,0.86,6.00,2.34,1.14,1.00,0.00,0.57,0.29,0.00,2.93,0.00,0.00,0,0,,24,1.71,85,8,0.78,79,16,1.56,90,3,1,9,70,0.00,99,0,5,0.49,15,4,43,0.39,34,0,0.00,99,0,0.00,0,0,0.00,0,0.49,46,14,1.37,53,8,0.78,57.14,0,0.00,0,0,0,0.00,0,12,0.00,41,1.17,68,N/A,N/A,N/A,N/A,0.00,0,0.00,0,4.13,0.00,0,73.63,33.33,60,99,0.00,0.00,0,48,31,0,0,0,0.00,0.00,0,31,95.59,0.36,0.49,5,0,0.00,0.00,99,0.00,0,0,0,0.00,0.00,0,0.00,0.00,0.59,0.43,6,0,16.67,81,59,78,90,41,0.48,17,0.03,0.05,4.13,90,0.29,0.40,74,15,1.07,1.46,1.07,0.79,47,11,0.40,90,73,21,83,0,91,95,0,0.00,99,41,0.00,4.00,20.30,14.86,208,69,70,87,6.74,4.93,33.17,9,0.88,33,0,25.00,0,0.00,99,1,0.07,0.10,33,65,64,91,0,0,0,0,0,75,61,77,61,0,99,54,63,63,1,7,41,9,0,0
Valerio Gallo,21,1102406400,2004/12/07,Liga II,2025/2026,Defender,Afumaţi,564,270,294,Romania,7,3,4,0,0,0,2,1,1,0,0,2,1,1,8,3,5,2,0,0.32,0.32,0,0,0,0,1.28,71,81,282,282,0.32,298,16,62,13,0,4.71,0.29,96,48.59,29.80,89,298,22.60,226,47,36.85,80,0.00,0.00,0.70,7,0.00,1.70,0.16,0.10,1,0.00,0.30,0.00,0.00,0.00,1.10,0.50,0.80,0.00,0.16,0.00,0.80,0.00,0.10,0.01,0.00,0.50,0.00,0.00,0,0,,1,0.10,12,1,0.16,37,0,0.00,12,0,1,5,42,0.00,99,0,11,1.79,74,17,52,2.77,83,0,0.00,99,0,0.00,0,0,0.00,0,1.14,76,8,1.30,52,5,0.82,62.50,0,0.00,0,0,0,0.00,0,8,0.00,41,1.30,74,N/A,N/A,N/A,N/A,0.00,0,0.00,0,0.14,0.00,0,75.84,100.00,99,99,0.00,0.00,0,49,36,0,0,0,0.30,0.49,3,77,47.10,1.60,2.61,16,0,0.00,0.00,99,0.00,0,0,0,0.00,0.00,0,0.00,0.00,0.00,0.00,0,0,0.00,52,23,12,51,44,1.91,97,0.19,0.31,0.14,23,0.01,0.02,58,7,0.70,1.14,1.14,0.70,54,7,0.02,22,14,79,83,0,50,27,0,0.00,99,5,0.00,0.82,17.93,11.00,110,39,67,73,6.36,3.90,35.45,3,0.49,48,0,29.41,0,0.00,99,5,0.50,0.82,80,29,64,28,0,0,0,0,0,77,51,69,61,0,99,54,39,84,1,14,72,21,0,0
Viorel Ştefan Lică,30,800434800,1995/05/14,Liga II,2025/2026,Defender,Corvinul Hunedoara,187,112,75,Romania,4,3,1,0,0,0,0,0,0,0,0,4,3,1,0,0,0,0,0,0,0,0,0,0,0,0,0,47,0,0,0,-1,-1,-1,20,0,2.49,0,62,58.04,13.00,98,247,11.26,214,93,50.29,98,0.00,0.00,0.00,0,0.00,0.00,0.23,0.05,1,0.00,0.00,0.00,0.00,0.00,0.11,0.00,0.11,0.00,0.94,0.16,0.00,0.00,0.05,0.02,0.00,0.79,0.00,0.00,0,0,,4,0.21,51,1,0.23,47,3,0.70,56,1,2,2,52,0.00,99,0,2,0.47,13,0,26,0.00,14,0,0.00,99,0,0.00,0,0,0.00,0,0.00,14,0,0.00,12,0,0.00,0.00,0,0.00,0,0,0,0.00,0,2,0.00,99,0.47,14,N/A,N/A,N/A,N/A,0.00,0,0.00,0,0.32,0.00,0,86.64,25.00,43,99,0.00,0.00,0,13,13,0,0,0,0.11,0.47,2,77,47.34,1.05,4.70,20,0,0.00,0.00,99,0.00,0,0,0,0.00,0.00,0,0.00,0.00,0.00,0.00,0,0,0.00,52,0,0,51,0,0.39,45,0.02,0.09,0.32,48,0.02,0.08,31,3,0.16,0.70,0.94,0.21,41,4,0.08,47,1,98,83,0,50,93,0,0.00,99,15,0.00,3.52,8.93,2.00,38,21,36,11,4.93,1.11,55.26,0,0.00,99,0,0.00,0,0.00,99,0,0.00,0.00,26,7,73,66,0,0,0,0,0,38,51,69,61,0,99,99,22,22,0,0,30,6,0,0
Vlad Adrian Bogdan,22,1055314800,2003/06/11,Liga II,2025/2026,Midfielder,ASA Târgu Mureş,1192,647,545,Romania,16,9,7,4,3,1,4,3,1,0,0,7,6,1,16,5,11,1,0,0.6,0.3,0.3,0.42,0.17,298,1.21,75,75,1192,298,0.08,53,19,-1,3,0,6.54,0.25,96,22.67,16.56,23,265,12.00,192,32,16.43,24,0.00,0.00,1.12,18,0.00,2.75,0.09,0.06,1,0.00,0.75,0.00,0.00,0.00,0.62,1.12,0.69,11.00,2.82,1.38,1.56,0.00,0.69,0.27,0.00,0.12,0.00,0.00,0,0,,33,2.06,94,11,0.94,85,22,1.88,95,3,1,14,32,0.00,99,0,10,0.86,32,44,47,3.76,94,0,0.00,99,0,0.00,0,0,0.00,0,1.54,90,25,2.14,70,18,1.54,72.00,0,0.00,0,0,0,0.00,0,11,0.00,48,0.94,55,N/A,N/A,N/A,N/A,0.00,0,0.00,0,4.33,0.00,0,72.45,33.33,60,99,0.00,0.00,0,71,54,0,1,0,0.12,0.17,2,48,104.59,0.50,0.68,8,0,0.00,0.00,99,0.00,0,1,0,0.00,0.00,0,0.00,0.00,0.00,0.00,0,0,9.09,65,83,92,67,50,2.83,93,0.18,0.24,3.63,81,0.23,0.31,52,12,0.75,1.03,0.94,0.69,41,11,0.37,86,50,29,83,0,50,2,0,0.00,99,2,0.00,0.17,16.34,11.94,191,53,29,61,4.53,3.31,27.75,12,1.03,27,0,27.27,0,0.00,99,12,0.75,1.03,86,91,64,91,0,0,0,0,0,94,84,74,87,0,99,83,96,30,1,6,34,11,0,0
Vlad Chera,25,960274800,2000/06/06,Liga II,2025/2026,Forward,CSM Reşiţa,467,309,158,Romania,8,4,4,1,1,0,0,0,0,0,0,4,2,2,3,3,0,0,0,0.19,0,0.19,0.29,0,467,0.58,156,58,0,0,0,94,172,-1,5,0,4.05,0,62,34.51,12.07,55,181,8.73,131,32,24.98,52,0.00,0.00,0.20,3,0.00,1.20,0.38,0.13,2,0.00,0.13,0.00,0.00,0.00,0.40,0.27,0.53,0.00,1.14,0.40,0.40,0.00,0.00,0.02,0.00,0.27,0.00,0.00,0,0,,6,0.40,59,0,0.00,23,6,1.14,76,1,2,5,68,0.00,99,0,6,1.14,45,18,65,3.43,89,0,0.00,99,0,0.00,0,0,0.00,0,0.57,49,6,1.14,49,4,0.76,66.67,0,0.00,0,0,0,0.00,0,8,0.00,92,1.53,83,N/A,N/A,N/A,N/A,0.00,0,0.00,0,0.28,0.00,0,72.38,0.00,23,99,0.00,0.00,0,47,44,0,0,0,0.07,0.19,1,51,60.69,0.53,1.53,8,0,0.00,0.00,99,0.00,0,0,0,0.00,0.00,0,0.00,0.00,0.19,0.07,1,0,0.00,52,13,20,78,92,0.42,39,0.03,0.08,0.28,38,0.02,0.05,95,12,0.80,2.29,0.95,0.33,41,5,0.05,38,7,61,83,0,72,24,0,0.00,99,4,0.00,0.76,11.82,4.13,62,25,33,23,4.77,1.67,40.32,2,0.38,57,0,33.33,0,0.00,99,6,0.40,1.14,89,29,73,66,0,0,0,0,0,61,73,69,79,0,99,93,22,22,0,0,30,7,0,0
Vlad Ghineț,23,1038816000,2002/12/02,Liga II,2025/2026,Midfielder,Afumaţi,219,130,89,Romania,7,3,4,4,3,1,0,0,0,0,0,2,1,1,3,0,3,0,0,1.64,0,1.64,2.08,1.01,55,1.23,73,31,0,0,0,-1,-1,-1,2,0,6.22,0,62,26.62,12.56,31,113,9.00,81,29,19.08,32,0.00,0.00,0.44,4,0.00,0.78,0.47,0.22,2,0.00,0.67,0.00,0.00,0.00,0.11,1.11,0.44,3.67,2.59,0.22,2.33,0.00,1.00,0.34,0.00,0.33,0.00,0.00,0,0,,11,1.22,91,9,2.12,99,2,0.47,40,1,3,2,74,0.00,99,0,1,0.24,5,7,51,1.65,66,0,0.00,99,0,0.00,0,0,0.00,0,0.94,72,21,4.95,94,10,2.36,47.62,0,0.00,0,0,0,0.00,0,4,0.00,47,0.94,55,N/A,N/A,N/A,N/A,0.00,0,0.00,0,3.02,0.00,0,71.68,81.82,97,99,0.00,0.00,0,86,19,0,0,0,0.00,0.00,0,31,55.97,0.67,1.41,6,0,0.00,0.00,99,0.00,0,0,0,0.00,0.00,0,0.00,0.00,0.24,0.11,1,0,27.27,93,0,12,51,47,0.91,90,0.10,0.21,3.02,98,0.34,0.71,98,12,1.33,2.83,0.71,0.33,26,3,0.71,98,41,59,83,0,78,21,0,0.00,99,3,0.00,0.71,20.26,9.56,86,32,83,86,7.54,3.56,37.21,6,1.41,16,0,28.57,0,0.00,99,2,0.22,0.47,66,7,85,66,0,0,0,0,0,99,99,99,99,0,99,54,22,22,0,0,30,20,0,0
Vlad Lăcătușu,16,1250838000,2009/08/21,Liga II,2025/2026,Centre Forward,CSM Iaşi,0,0,0,Romania,0,0,0,0,0,0,0,0,0,0,0,0,0,0,0,0,0,0,0,0,0,0,0,0,0,0,0,0,0,0,0,-1,-1,-1,-1,N/A,N/A,N/A,N/A,N/A,N/A,N/A,N/A,N/A,N/A,N/A,N/A,N/A,N/A,N/A,N/A,N/A,N/A,N/A,N/A,N/A,N/A,N/A,N/A,N/A,N/A,N/A,N/A,N/A,N/A,N/A,N/A,N/A,N/A,N/A,N/A,N/A,N/A,N/A,N/A,N/A,N/A,N/A,N/A,N/A,N/A,N/A,N/A,N/A,N/A,N/A,N/A,N/A,N/A,N/A,N/A,N/A,N/A,N/A,N/A,N/A,N/A,N/A,N/A,N/A,N/A,N/A,N/A,N/A,N/A,N/A,N/A,N/A,N/A,N/A,N/A,N/A,N/A,N/A,N/A,N/A,N/A,N/A,N/A,N/A,N/A,N/A,N/A,N/A,N/A,N/A,N/A,N/A,N/A,N/A,N/A,N/A,N/A,N/A,N/A,N/A,N/A,N/A,N/A,N/A,N/A,N/A,N/A,N/A,N/A,N/A,N/A,N/A,N/A,N/A,N/A,N/A,N/A,N/A,N/A,N/A,N/A,N/A,N/A,N/A,N/A,N/A,N/A,N/A,N/A,N/A,N/A,N/A,N/A,N/A,N/A,N/A,N/A,N/A,N/A,N/A,N/A,N/A,N/A,N/A,N/A,N/A,N/A,N/A,N/A,N/A,N/A,N/A,N/A,N/A,N/A,N/A,N/A,N/A,N/A,N/A,N/A,N/A,N/A,N/A,N/A,N/A,N/A,N/A,N/A,N/A,N/A,N/A,N/A,N/A,N/A,N/A,N/A,N/A,N/A,N/A,N/A,N/A,N/A,N/A,N/A,N/A,N/A,N/A,N/A,N/A,N/A,N/A,N/A,N/A,N/A,N/A,N/A,N/A,N/A,N/A,N/A,N/A,N/A,N/A,N/A,N/A,N/A,N/A,N/A,N/A,N/A,N/A,N/A,N/A,N/A,N/A,N/A,N/A,N/A,N/A,N/A,N/A,N/A
Vlad Morar,32,744188400,1993/08/01,Liga II,2025/2026,Forward,CS Dinamo București,262,81,181,Romania,7,3,4,0,0,0,0,0,0,0,0,1,1,0,6,1,5,3,0,0,0,0,0,0,0,2.06,44,37,87,0,1.03,-1,-1,-1,8,0,6.59,0,62,28.36,13.14,38,92,10.86,76,78,23.42,48,0.00,0.00,0.43,3,0.00,0.14,0.31,0.14,1,0.00,0.86,0.00,0.00,0.00,0.14,0.14,0.86,0.00,1.23,0.29,0.14,0.00,0.29,0.05,0.00,0.57,0.00,0.00,0,0,,4,0.57,62,2,0.62,75,2,0.62,52,1,3,3,60,0.00,99,0,1,0.31,7,1,26,0.31,31,0,0.00,99,0,0.00,0,0,0.00,0,0.92,70,1,0.31,23,1,0.31,100.00,0,0.00,0,0,0,0.00,0,6,0.00,6,1.85,87,N/A,N/A,N/A,N/A,0.00,0,0.00,0,0.36,0.00,0,82.61,50.00,88,99,0.00,0.00,0,29,99,0,1,0,0.14,0.31,1,63,46.10,0.14,0.31,1,0,0.00,0.00,99,0.00,0,1,0,0.00,0.00,0,0.00,0.00,0.92,0.43,3,0,0.00,52,0,12,51,6,0.27,39,0.04,0.08,-0.34,0,-0.05,-0.10,64,4,0.57,1.23,0.92,0.43,39,3,0.11,53,53,13,83,0,96,49,0,0.00,99,4,0.00,1.23,12.64,5.86,41,14,24,30,4.32,2.00,34.15,6,1.85,8,0,0.00,0,0.00,99,0,0.00,0.00,26,12,85,66,0,0,0,0,0,38,51,69,61,0,99,27,22,99,3,43,98,10,0,0
Vlad Munteanu,18,1197878400,2007/12/17,Liga II,2025/2026,Midfielder,Ceahlăul Piatra Neamţ,90,0,90,Romania,1,0,1,0,0,0,0,0,0,0,0,0,0,0,1,0,1,1,0,0,0,0,0,0,0,1,90,90,90,0,1,-1,-1,-1,18,0,0.00,0,62,0.00,0.00,0,0,0.00,0,0,0.00,0,0.00,0.00,0.00,0,0.00,0.00,0.00,0.00,0,0.00,0.00,0.00,0.00,0.00,0.00,0.00,0.00,0.00,0.00,0.00,0.00,0.00,0.00,0.00,0.00,0.00,0.00,0.00,0,0,,0,0.00,10,0,0.00,23,0,0.00,12,0,0,1,26,0.00,99,0,0,0.00,1,0,26,0.00,14,0,0.00,99,0,0.00,0,0,0.00,0,0.00,14,0,0.00,12,0,0.00,0.00,0,0.00,0,0,0,0.00,0,0,0.00,69,0.00,0,N/A,N/A,N/A,N/A,0.00,0,0.00,0,0.00,0.00,0,0.00,0.00,23,99,0.00,0.00,0,13,13,0,0,0,0.00,0.00,0,31,0.00,0.00,0.00,0,0,0.00,0.00,99,0.00,0,0,0,0.00,0.00,0,0.00,0.00,0.00,0.00,0,0,0.00,52,0,0,51,69,0.00,0,0.00,0.00,0.00,11,0.00,0.00,2,0,0.00,0.00,0.00,0.00,7,0,0.00,10,0,1,83,0,50,1,0,0.00,99,0,0.00,0.00,0.00,0.00,0,0,0,0,0.00,0.00,0.00,0,0.00,99,0,0.00,0,0.00,99,0,0.00,0.00,26,4,41,28,0,0,0,0,0,38,51,69,61,0,99,9,22,99,1,0,30,98,0,0
Vlad Petru Gîsă,27,897462000,1998/06/10,Liga II,2025/2026,Defender,Muscelul Câmpulung Elite,172,90,82,Romania,2,1,1,0,0,0,0,0,0,0,0,1,1,0,6,0,6,1,0,0,0,0,0,0,0,3.14,29,86,172,0,0.52,-1,-1,-1,2,0,6.00,0,62,76.83,70.00,99,70,63.00,63,99,69.15,99,0.00,0.00,1.00,1,0.00,0.00,1.10,1.00,1,0.00,0.00,0.00,0.00,0.00,2.00,0.00,6.00,0.00,0.00,0.00,0.00,0.00,0.00,0.00,0.00,0.00,0.00,0.00,0,0,,0,0.00,10,0,0.00,23,0,0.00,12,1,0,1,98,0.00,99,0,2,2.20,87,0,26,0.00,14,0,0.00,99,0,0.00,0,0,0.00,0,1.10,75,0,0.00,12,0,0.00,0.00,0,0.00,0,0,0,0.00,0,6,0.00,1,6.59,99,N/A,N/A,N/A,N/A,0.00,0,0.00,0,0.00,0.00,0,90.00,0.00,23,99,0.00,0.00,0,13,13,0,0,0,1.00,1.10,1,97,6.00,1.00,1.10,1,0,0.00,0.00,99,0.00,0,0,0,0.00,0.00,0,0.00,0.00,0.00,0.00,0,0,0.00,52,0,0,51,1,0.19,90,0.19,0.21,0.00,11,0.00,0.00,56,1,1.00,1.10,2.20,2.00,94,2,0.00,10,36,48,83,0,50,1,0,0.00,99,0,0.00,0.00,5.49,5.00,5,1,7,7,1.10,1.00,20.00,0,0.00,99,0,0.00,0,0.00,99,0,0.00,0.00,26,4,41,66,0,0,0,0,0,38,51,69,61,0,99,93,25,97,1,50,99,5,0,0
Vlad Prejmerean,28,890812800,1998/03/25,Liga II,2025/2026,Forward,Slatina,1265,678,587,Romania,16,9,7,1,0,1,0,0,0,0,0,3,3,0,16,6,10,5,0,0.07,0,0.07,0,0.15,1265,1.14,79,79,253,0,0.36,150,342,-1,8,0,6.77,0,62,43.51,35.36,76,495,29.07,407,76,35.77,79,0.00,0.00,0.29,4,0.00,0.50,0.79,0.64,9,0.00,0.29,0.00,0.00,0.00,1.50,0.50,0.64,0.00,1.05,0.64,0.86,0.00,0.21,0.07,0.00,1.00,0.00,0.00,0,0,,12,0.86,56,3,0.26,51,9,0.79,61,1,1,9,92,0.00,99,0,21,1.85,77,7,51,0.62,42,0,0.00,99,0,0.00,0,0,0.00,0,0.35,35,12,1.05,47,7,0.62,58.33,0,0.00,0,0,0,0.00,0,9,0.00,56,0.79,38,N/A,N/A,N/A,N/A,0.00,0,0.00,0,0.93,0.00,0,82.22,25.00,43,99,0.00,0.00,0,42,32,0,0,0,0.21,0.26,3,60,94.75,0.71,0.88,10,0,0.00,0.00,99,0.00,0,0,0,0.00,0.00,0,0.00,0.00,0.18,0.14,2,0,0.00,52,87,92,96,56,1.01,45,0.07,0.09,0.93,48,0.07,0.08,17,5,0.36,0.44,1.49,1.21,74,17,0.08,47,66,40,83,0,70,49,0,0.00,99,14,0.00,1.23,12.74,10.36,145,48,23,32,4.22,3.43,33.10,4,0.35,60,0,28.57,0,0.00,99,2,0.14,0.18,44,65,64,66,0,0,0,0,0,40,55,73,61,0,99,35,34,89,3,19,81,23,0,0
Vlad Stancovici,19,1172044800,2007/02/21,Liga II,2025/2026,Midfielder,Metalul Buzău,59,11,48,Romania,5,2,3,0,0,0,0,0,0,0,0,1,1,0,3,0,3,0,0,0,0,0,0,0,0,4.58,20,12,0,0,0,-1,-1,-1,12,0,3.55,0,62,28.64,3.23,39,42,2.62,34,67,23.18,48,0.00,0.00,0.23,3,0.00,0.15,0.00,0.00,0,0.00,0.08,0.00,0.00,0.00,0.15,0.15,0.38,2.00,1.36,0.00,0.15,0.00,0.15,0.07,0.00,0.00,0.00,0.00,0,0,,2,0.15,65,2,1.36,97,0,0.00,12,0,5,0,26,0.00,99,0,2,1.36,56,2,91,1.36,58,0,0.00,99,0,0.00,0,0,0.00,0,2.05,97,2,1.36,52,2,1.36,100.00,0,0.00,0,0,0,0.00,0,5,0.00,0,3.41,97,N/A,N/A,N/A,N/A,0.00,0,0.00,0,0.86,0.00,0,80.95,100.00,99,99,0.00,0.00,0,67,99,0,0,0,0.00,0.00,0,31,46.10,0.08,0.68,1,0,0.00,0.00,99,0.00,0,0,0,0.00,0.00,0,0.00,0.00,0.00,0.00,0,0,50.00,99,0,3,51,0,0.21,70,0.02,0.14,0.86,96,0.07,0.59,70,2,0.15,1.36,2.05,0.23,93,3,0.59,96,5,29,83,0,50,1,0,0.00,99,0,0.00,0.00,21.82,2.46,32,7,33,91,4.77,0.54,21.88,1,0.68,40,0,50.00,0,0.00,99,1,0.08,0.68,76,0,93,28,0,0,0,0,0,38,51,69,61,0,99,39,22,22,0,0,30,80,0,0
Vlad Tudorache,20,1136102400,2006/01/01,Liga II,2025/2026,Midfielder,Tunari,180,0,180,Romania,2,0,2,0,0,0,0,0,0,0,0,0,0,0,4,0,4,0,0,0,0,0,0,0,0,2,45,90,0,0,0,-1,-1,-1,21,0,6.40,0,62,29.50,29.50,41,59,22.50,45,49,22.50,44,0.00,0.00,1.00,2,0.00,3.00,0.50,0.50,1,0.00,0.00,0.00,0.00,0.00,2.50,1.00,1.50,0.00,0.00,0.00,1.00,0.00,0.00,0.00,0.00,2.00,0.00,0.00,0,0,,0,0.00,10,0,0.00,23,0,0.00,12,0,0,2,76,0.00,99,0,5,2.50,93,6,91,3.00,86,0,0.00,99,0,0.00,0,0,0.00,0,1.00,73,2,1.00,45,2,1.00,100.00,0,0.00,0,0,0,0.00,0,3,0.00,6,1.50,81,N/A,N/A,N/A,N/A,0.00,0,0.00,0,0.00,0.00,0,76.27,0.00,23,99,0.00,0.00,0,53,99,0,0,0,0.00,0.00,0,31,12.80,1.50,1.50,3,0,0.00,0.00,99,0.00,0,0,0,0.00,0.00,0,0.00,0.00,0.00,0.00,0,0,0.00,52,0,0,51,7,0.20,51,0.10,0.10,0.00,11,0.00,0.00,21,1,0.50,0.50,1.00,1.00,44,2,0.00,10,44,61,83,0,50,70,0,0.00,99,4,0.00,2.00,15.00,15.00,30,9,28,50,4.50,4.50,30.00,0,0.00,99,0,50.00,0,0.00,99,3,1.50,1.50,96,7,41,28,0,0,0,0,0,38,51,69,61,0,99,9,22,22,0,0,30,5,0,0
Vladan Vidaković,27,921398400,1999/03/14,Liga II,2025/2026,Midfielder,CSM Iaşi,710,356,354,Serbia,11,6,5,0,0,0,0,0,0,0,0,4,3,1,9,2,7,2,0,0,0,0,0,0,0,1.14,79,65,355,0,0.25,176,193,-1,14,0,6.33,0,62,45.50,33.09,82,364,27.55,303,80,37.88,82,0.00,0.00,0.64,7,0.00,0.27,0.50,0.36,4,0.00,0.36,0.00,0.00,0.00,1.73,0.45,0.82,0.00,1.75,1.09,0.55,0.00,0.18,0.09,0.00,1.82,0.00,0.00,0,0,,14,1.27,75,2,0.25,50,12,1.50,88,2,2,9,76,0.00,99,0,19,2.38,91,3,65,0.38,34,0,0.00,99,0,0.00,0,0,0.00,0,0.88,69,6,0.75,38,5,0.62,83.33,0,0.00,0,0,0,0.00,0,9,0.00,56,1.12,65,N/A,N/A,N/A,N/A,0.00,0,0.00,0,0.94,0.00,0,83.24,14.29,28,99,0.00,0.00,0,42,80,0,1,0,0.36,0.50,4,80,69.60,2.27,3.12,25,0,0.00,0.00,99,0.00,0,1,0,0.00,0.00,0,0.00,0.00,0.12,0.09,1,0,0.00,52,37,46,51,56,0.97,62,0.09,0.12,0.24,29,0.02,0.03,71,11,1.00,1.38,2.00,1.45,92,16,0.12,56,43,86,83,0,62,78,0,0.00,99,20,0.00,2.50,15.75,11.45,126,59,80,56,7.38,5.36,46.83,4,0.50,47,0,33.33,0,0.00,99,1,0.09,0.12,36,65,73,85,0,0,0,0,0,38,51,69,61,0,99,69,48,75,2,18,80,5,0,0
Vladimir Andrei Georgescu,27,910684800,1998/11/10,Liga II,2025/2026,Midfielder,CS Dinamo București,831,381,450,Romania,10,5,5,0,0,0,0,0,0,0,0,1,1,0,18,4,14,2,0,0,0,0,0,0,0,1.95,46,83,416,0,0.22,242,230,-1,23,0,6.65,0,62,41.05,39.00,72,78,29.00,58,41,30.53,66,0.00,0.00,0.50,1,0.00,1.50,0.53,0.50,1,0.00,1.50,0.00,0.00,0.00,3.00,3.00,1.00,0.00,0.00,0.00,4.00,0.00,0.00,0.00,0.00,2.50,0.00,0.00,0,0,,0,0.00,10,0,0.00,23,0,0.00,12,1,1,8,78,0.00,99,0,6,3.16,99,3,26,1.58,65,0,0.00,99,0,0.00,0,0,0.00,0,0.53,47,8,4.21,91,6,3.16,75.00,0,0.00,0,0,0,0.00,0,2,0.00,9,1.05,62,N/A,N/A,N/A,N/A,0.00,0,0.00,0,0.00,0.00,0,74.36,0.00,23,99,0.00,0.00,0,92,62,0,0,0,0.00,0.00,0,31,13.30,2.50,2.63,5,0,0.00,0.00,99,0.00,0,0,0,0.00,0.00,0,0.00,0.00,0.00,0.00,0,0,0.00,52,52,37,51,9,0.19,51,0.10,0.10,0.00,11,0.00,0.00,79,3,1.50,1.58,2.11,2.00,93,4,0.00,10,57,79,83,0,50,81,0,0.00,99,5,0.00,2.63,16.84,16.00,32,14,79,65,7.37,7.00,43.75,3,1.58,12,0,0.00,0,0.00,99,0,0.00,0.00,26,53,64,66,0,0,0,0,0,38,51,69,61,0,99,18,55,67,2,20,85,77,0,0
Vlăduț Andrei Pandele,22,1057734000,2003/07/09,Liga II,2025/2026,Midfielder,Chindia Târgovişte,159,111,48,Romania,6,3,3,0,0,0,0,0,0,0,0,4,2,2,2,1,1,0,0,0,0,0,0,0,0,1.13,80,27,0,0,0,-1,-1,-1,28,0,2.75,0,62,38.09,6.00,64,102,4.94,84,77,31.37,67,0.00,0.00,0.06,1,0.00,0.00,0.75,0.12,2,0.00,0.00,0.00,0.00,0.00,0.29,0.00,0.06,0.00,0.75,0.06,0.06,0.00,0.06,0.01,0.00,0.53,0.00,0.00,0,0,,2,0.12,43,1,0.37,59,1,0.37,32,0,2,1,90,0.00,99,0,5,1.87,77,0,26,0.00,14,0,0.00,99,0,0.00,0,0,0.00,0,0.37,36,1,0.37,26,0,0.00,0.00,0,0.00,0,0,0,0.00,0,1,0.00,57,0.37,8,N/A,N/A,N/A,N/A,0.00,0,0.00,0,0.20,0.00,0,82.35,50.00,88,99,0.00,0.00,0,13,13,0,0,0,0.06,0.37,1,69,46.72,0.18,1.12,3,0,0.00,0.00,99,0.00,0,0,0,0.00,0.00,0,0.00,0.00,0.00,0.00,0,0,0.00,52,0,5,51,58,0.18,32,0.01,0.07,0.20,46,0.01,0.07,2,0,0.00,0.00,0.75,0.12,29,2,0.07,45,2,49,83,0,50,91,0,0.00,99,9,0.00,3.36,14.19,2.24,38,17,67,44,6.35,1.00,44.74,0,0.00,99,0,0.00,0,0.00,99,0,0.00,0.00,26,4,73,28,0,0,0,0,0,38,51,69,61,0,99,98,22,22,0,0,30,8,0,0
Vlăduț Cimbru,23,1039161600,2002/12/06,Liga II,2025/2026,Midfielder,FC Bacău,917,422,495,Romania,11,5,6,0,0,0,0,0,0,0,0,2,2,0,16,3,13,2,1,0,0,0,0,0,0,1.57,57,83,459,0,0.2,288,304,-1,18,0,6.76,0,62,26.75,25.33,32,228,17.00,153,13,17.95,27,0.00,0.00,0.11,1,0.00,0.00,0.12,0.11,1,0.00,0.11,0.00,0.00,0.00,1.00,0.11,0.78,0.00,0.47,0.11,0.22,0.00,0.33,0.05,0.00,2.56,0.00,0.00,0,0,,4,0.44,30,3,0.35,58,1,0.12,17,1,0,9,35,0.00,99,0,9,1.06,42,0,26,0.00,14,0,0.00,99,0,0.00,0,0,0.00,0,0.12,20,2,0.23,20,1,0.12,50.00,0,0.00,0,0,0,0.00,0,7,0.00,22,0.82,41,N/A,N/A,N/A,N/A,0.00,0,0.00,0,0.42,0.00,0,67.11,75.00,96,99,0.00,0.00,0,17,24,0,0,0,0.44,0.47,4,77,60.82,3.56,3.75,32,0,0.00,0.00,99,0.00,0,0,0,0.00,0.00,0,0.00,0.00,0.00,0.00,0,0,0.00,52,60,46,51,22,0.32,11,0.04,0.04,0.42,38,0.05,0.05,4,1,0.11,0.12,0.82,0.78,34,7,0.05,38,65,92,83,0,50,82,0,0.00,99,23,0.00,2.70,15.37,14.56,131,62,78,52,7.28,6.89,47.33,1,0.12,79,0,0.00,0,0.00,99,0,0.00,0.00,26,65,41,66,0,0,0,0,0,38,51,69,61,0,99,34,63,63,0,0,30,3,0,0
Yanis Stanciu,20,1118041200,2005/06/06,Liga II,2025/2026,Goalkeeper,Afumaţi,990,450,540,Romania,11,5,6,0,0,0,0,0,0,0,0,4,2,2,14,6,8,0,0,0,0,0,0,0,0,1.27,71,90,0,0,0,208,197,59,12,0,7.47,0,62,17.75,17.75,11,71,11.50,46,7,11.50,8,0.00,0.00,0.00,0,0.00,0.00,0.00,0.00,0,0.00,0.00,0.00,0.00,4.25,2.00,0.00,4.25,0.00,0.00,0.00,0.00,0.00,0.00,0.00,0.00,1.00,0.00,0.00,0,0,,0,0.00,10,0,0.00,23,0,0.00,12,0,0,9,26,0.00,99,0,8,2.00,82,0,26,0.00,14,0,0.00,99,0,0.00,0,0,0.00,0,0.00,14,0,0.00,12,0,0.00,0.00,0,0.00,0,17,99,4.25,96,17,0.00,43,4.25,99,N/A,N/A,N/A,N/A,100.00,0,0.00,0,0.00,0.00,0,64.79,0.00,23,99,0.00,0.00,0,13,13,0,0,8,0.00,0.00,0,31,29.87,0.75,0.75,3,0,0.00,0.00,99,0.00,0,0,0,0.00,0.00,0,0.00,0.00,0.00,0.00,0,0,0.00,52,66,46,51,44,0.08,2,0.02,0.02,0.00,11,0.00,0.00,2,0,0.00,0.00,0.00,0.00,7,0,0.00,10,99,34,83,0,50,38,0,0.00,99,4,0.00,1.00,1.00,1.00,4,4,7,7,1.00,1.00,100.00,0,0.00,99,0,0.00,0,0.00,99,0,0.00,0.00,26,65,41,28,0,0,0,0,0,38,51,69,61,0,99,69,22,22,0,0,30,30,0,0
Yasuhiro Hanada,26,927356400,1999/05/22,Liga II,2025/2026,Defender,Metalul Buzău,18,0,18,Japan,4,0,4,0,0,0,0,0,0,0,0,1,0,1,1,0,1,1,0,0,0,0,0,0,0,5,18,5,18,0,5,-1,-1,-1,16,0,1.61,0,62,27.93,1.50,37,18,0.83,10,1,15.52,21,0.00,0.00,0.00,0,0.00,0.17,0.00,0.00,0,0.00,0.08,0.00,0.00,0.00,0.00,0.17,0.08,0.00,1.55,0.08,0.17,0.00,0.00,0.00,0.00,0.00,0.00,0.00,0,0,,1,0.08,69,0,0.00,23,1,1.55,89,0,3,0,26,0.00,99,0,0,0.00,1,2,91,3.10,87,0,0.00,99,0,0.00,0,0,0.00,0,0.00,14,2,3.10,83,2,3.10,100.00,0,0.00,0,0,0,0.00,0,1,0.00,0,1.55,83,N/A,N/A,N/A,N/A,0.00,0,0.00,0,0.05,0.00,0,55.56,0.00,23,99,0.00,0.00,0,92,99,0,0,0,0.00,0.00,0,31,19.31,0.00,0.00,0,0,0.00,0.00,99,0.00,0,0,0,0.00,0.00,0,0.00,0.00,0.00,0.00,0,0,0.00,52,0,0,51,0,0.02,6,0.00,0.03,0.05,48,0.00,0.08,79,1,0.08,1.55,3.10,0.17,99,2,0.08,47,0,1,83,0,50,1,0,0.00,99,0,0.00,0.00,17.07,0.92,11,5,85,66,7.76,0.42,45.45,1,1.55,13,0,50.00,0,0.00,99,1,0.08,1.55,96,0,85,28,0,0,0,0,0,38,51,69,61,0,99,47,22,99,1,25,92,6,0,0
Yvan Gregory Alounga Avebe,24,1012896000,2002/02/05,Liga II,2025/2026,Forward,CSM Iaşi,109,75,34,Cameroon,3,2,1,0,0,0,0,0,0,0,0,1,1,0,2,1,1,1,0,0,0,0,0,0,0,1.65,55,36,109,0,0.83,-1,-1,-1,15,0,6.65,0,62,15.52,7.50,5,30,6.00,24,63,12.41,11,0.00,0.00,0.50,2,0.00,0.25,0.52,0.25,1,0.00,0.75,0.00,0.00,0.00,0.00,0.50,0.25,0.00,1.03,0.25,0.50,0.00,0.25,0.05,0.00,0.75,0.00,0.00,0,0,,2,0.50,55,1,0.52,70,1,0.52,44,0,3,0,77,0.00,99,0,0,0.00,1,1,26,0.52,39,0,0.00,99,0,0.00,0,0,0.00,0,1.03,74,2,1.03,46,2,1.03,100.00,0,0.00,0,0,0,0.00,0,1,0.00,18,0.52,19,N/A,N/A,N/A,N/A,0.00,0,0.00,0,0.20,0.00,0,80.00,50.00,88,99,0.00,0.00,0,54,99,0,0,0,0.00,0.00,0,31,26.60,0.00,0.00,0,0,0.00,0.00,99,0.00,0,0,0,0.00,0.00,0,0.00,0.00,1.55,0.75,3,1,0.00,52,0,0,51,20,0.12,23,0.03,0.06,0.20,52,0.05,0.10,79,3,0.75,1.55,1.55,0.75,77,3,0.10,51,57,1,83,0,99,58,0,0.00,99,3,0.00,1.55,20.17,9.75,39,12,64,85,6.21,3.00,30.77,3,1.55,13,0,0.00,0,0.00,99,0,0.00,0.00,26,0,85,28,0,0,0,0,0,38,51,69,61,0,99,66,22,99,0,0,30,31,0,0
