full_name,age,birthday,birthday_GMT,league,season,position,Current Club,minutes_played_overall,minutes_played_home,minutes_played_away,nationality,appearances_overall,appearances_home,appearances_away,goals_overall,goals_home,goals_away,assists_overall,assists_home,assists_away,penalty_goals,penalty_misses,clean_sheets_overall,clean_sheets_home,clean_sheets_away,conceded_overall,conceded_home,conceded_away,yellow_cards_overall,red_cards_overall,goals_involved_per_90_overall,assists_per_90_overall,goals_per_90_overall,goals_per_90_home,goals_per_90_away,min_per_goal_overall,conceded_per_90_overall,min_per_conceded_overall,min_per_match,min_per_card_overall,min_per_assist_overall,cards_per_90_overall,rank_in_league_top_attackers,rank_in_league_top_midfielders,rank_in_league_top_defenders,rank_in_club_top_scorer,annual_salary_eur,average_rating_overall,assists_per_game_overall,assists_per90_percentile_overall,passes_per_90_overall,passes_per_game_overall,passes_per90_percentile_overall,passes_total_overall,passes_completed_per_game_overall,passes_completed_total_overall,pass_completion_rate_percentile_overall,passes_completed_per_90_overall,passes_completed_per90_percentile_overall,short_passes_per_game_overall,long_passes_per_game_overall,key_passes_per_game_overall,key_passes_total_overall,through_passes_per_game_overall,crosses_per_game_overall,tackles_per_90_overall,tackles_per_game_overall,tackles_total_overall,tackles_successful_per_game_overall,dispossesed_per_game_overall,possession_regained_per_game_overall,pressures_per_game_overall,saves_per_game_overall,interceptions_per_game_overall,dribbles_successful_per_game_overall,shots_faced_per_game_overall,shots_per_goal_scored_overall,shots_per_90_overall,shots_off_target_per_game_overall,dribbles_per_game_overall,distance_travelled_per_game_overall,shots_on_target_per_game_overall,xg_per_game_overall,chances_created_per_game_overall,aerial_duels_won_per_game_overall,aerial_duels_per_game_overall,possession_regained_per_90_overall,possession_regained_total_overall,possession_regained_per90_percentile_overall,additional_info,shots_total_overall,shots_per_game_overall,shots_per90_percentile_overall,shots_on_target_total_overall,shots_on_target_per_90_overall,shots_on_target_per90_percentile_overall,shots_off_target_total_overall,shots_off_target_per_90_overall,shots_off_target_per90_percentile_overall,games_subbed_out,games_subbed_in,games_started,tackles_per90_percentile_overall,tackles_successful_per_90_overall,tackles_successful_per90_percentile_overall,tackles_successful_total_overall,interceptions_total_overall,interceptions_per_90_overall,interceptions_per90_percentile_overall,crosses_total_overall,cross_completion_rate_percentile_overall,crosses_per_90_overall,crosses_per90_percentile_overall,through_passes_total_overall,through_passes_per_90_overall,through_passes_per90_percentile_overall,long_passes_total_overall,long_passes_per_90_overall,long_passes_per90_percentile_overall,short_passes_total_overall,short_passes_per_90_overall,short_passes_per90_percentile_overall,key_passes_per_90_overall,key_passes_per90_percentile_overall,dribbles_total_overall,dribbles_per_90_overall,dribbles_per90_percentile_overall,dribbles_successful_total_overall,dribbles_successful_per_90_overall,dribbles_successful_percentage_overall,chances_created_total_overall,chances_created_per_90_overall,chances_created_per90_percentile_overall,saves_total_overall,save_percentage_percentile_overall,saves_per_90_overall,saves_per90_percentile_overall,shots_faced_total_overall,shots_per_goal_conceded_overall,conceded_per90_percentile_overall,shots_faced_per_90_overall,shots_faced_per90_percentile_overall,xg_faced_per_90_overall,xg_faced_per90_percentile_overall,xg_faced_per_game_overall,xg_faced_total_overall,save_percentage_overall,pressures_total_overall,pressures_per_90_overall,pressures_per90_percentile_overall,xg_total_overall,market_value,market_value_percentile,pass_completion_rate_overall,shot_accuraccy_percentage_overall,shot_accuraccy_percentage_percentile_overall,dribbled_past_per90_percentile_overall,dribbled_past_per_game_overall,dribbled_past_per_90_overall,dribbled_past_total_overall,dribbles_successful_per90_percentile_overall,dribbles_successful_percentage_percentile_overall,pen_scored_total_overall,pen_missed_total_overall,inside_box_saves_total_overall,blocks_per_game_overall,blocks_per_90_overall,blocks_total_overall,blocks_per90_percentile_overall,ratings_total_overall,clearances_per_game_overall,clearances_per_90_overall,clearances_total_overall,pen_committed_total_overall,pen_save_percentage_overall,pen_committed_per_90_overall,pen_committed_per90_percentile_overall,pen_committed_per_game_overall,pens_saved_total_overall,pens_taken_total_overall,hit_woodwork_total_overall,hit_woodwork_per_game_overall,hit_woodwork_per_90_overall,punches_total_overall,punches_per_game_overall,punches_per_90_overall,offsides_per_90_overall,offsides_per_game_overall,offsides_total_overall,penalties_won_total_overall,shot_conversion_rate_overall,shot_conversion_rate_percentile_overall,minutes_played_percentile_overall,matches_played_percentile_overall,min_per_goal_percentile_overall,min_per_conceded_percentile_overall,xa_total_overall,xa_per90_percentile_overall,xa_per_game_overall,xa_per_90_overall,npxg_total_overall,npxg_per90_percentile_overall,npxg_per_game_overall,npxg_per_90_overall,fouls_drawn_per90_percentile_overall,fouls_drawn_total_overall,fouls_drawn_per_game_overall,fouls_drawn_per_90_overall,fouls_committed_per_90_overall,fouls_committed_per_game_overall,fouls_committed_per90_percentile_overall,fouls_committed_total_overall,xg_per_90_overall,xg_per90_percentile_overall,average_rating_percentile_overall,clearances_per90_percentile_overall,hit_woodwork_per90_percentile_overall,punches_per90_percentile_overall,offsides_per90_percentile_overall,aerial_duels_won_per90_percentile_overall,aerial_duels_total_overall,aerial_duels_per_90_overall,aerial_duels_per90_percentile_overall,aerial_duels_won_total_overall,aerial_duels_won_percentage_overall,aerial_duels_won_per_90_overall,duels_per_90_overall,duels_per_game_overall,duels_total_overall,duels_won_total_overall,duels_won_per90_percentile_overall,duels_per90_percentile_overall,duels_won_per_90_overall,duels_won_per_game_overall,duels_won_percentage_overall,dispossesed_total_overall,dispossesed_per_90_overall,dispossesed_per90_percentile_overall,progressive_passes_total_overall,cross_completion_rate_overall,distance_travelled_total_overall,distance_travelled_per_90_overall,distance_travelled_per90_percentile_overall,accurate_crosses_total_overall,accurate_crosses_per_game_overall,accurate_crosses_per_90_overall,accurate_crosses_per90_percentile_overall,games_started_percentile_overall,games_subbed_in_percentile_overall,games_subbed_out_percentile_overall,hattricks_total_overall,two_goals_in_a_game_total_overall,three_goals_in_a_game_total_overall,two_goals_in_a_game_percentage_overall,three_goals_in_a_game_percentage_overall,goals_involved_per90_percentile_overall,goals_per90_percentile_overall,goals_per90_percentile_away,goals_per90_percentile_home,man_of_the_match_total_overall,annual_salary_eur_percentile,clean_sheets_percentage_percentile_overall,min_per_card_percentile_overall,cards_per90_percentile_overall,booked_over05_overall,booked_over05_percentage_overall,booked_over05_percentage_percentile_overall,shirt_number,annual_salary_gbp,annual_salary_usd
,36,615884400,1989/07/08,PrvaLiga,2025/2026,Midfielder,Aluminij,360,90,270,,4,1,3,0,0,0,0,0,0,0,0,0,0,0,7,2,5,0,0,0,0,0,0,0,0,1.75,51,90,0,0,0,140,145,-1,18,N/A,N/A,N/A,N/A,N/A,N/A,N/A,N/A,N/A,N/A,N/A,N/A,N/A,N/A,N/A,N/A,N/A,N/A,N/A,N/A,N/A,N/A,N/A,N/A,N/A,N/A,N/A,N/A,N/A,N/A,N/A,N/A,N/A,N/A,N/A,N/A,N/A,N/A,N/A,N/A,N/A,N/A,N/A,N/A,N/A,N/A,N/A,N/A,N/A,N/A,N/A,N/A,N/A,N/A,N/A,N/A,N/A,N/A,N/A,N/A,N/A,N/A,N/A,N/A,N/A,N/A,N/A,N/A,N/A,N/A,N/A,N/A,N/A,N/A,N/A,N/A,N/A,N/A,N/A,N/A,N/A,N/A,N/A,N/A,N/A,N/A,N/A,N/A,N/A,N/A,N/A,N/A,N/A,N/A,N/A,N/A,N/A,N/A,N/A,N/A,N/A,N/A,N/A,N/A,N/A,N/A,N/A,N/A,N/A,N/A,N/A,N/A,N/A,N/A,N/A,N/A,N/A,N/A,N/A,N/A,N/A,N/A,N/A,N/A,N/A,N/A,N/A,N/A,N/A,N/A,N/A,N/A,N/A,N/A,N/A,N/A,N/A,N/A,N/A,N/A,N/A,N/A,N/A,N/A,N/A,N/A,N/A,N/A,N/A,N/A,N/A,N/A,N/A,N/A,N/A,N/A,N/A,N/A,N/A,N/A,N/A,N/A,N/A,N/A,N/A,N/A,N/A,N/A,N/A,N/A,N/A,N/A,N/A,N/A,N/A,N/A,N/A,N/A,N/A,N/A,N/A,N/A,N/A,N/A,N/A,N/A,N/A,N/A,N/A,N/A,N/A,N/A,N/A,N/A,N/A,N/A,N/A,N/A,N/A,N/A,N/A,N/A,N/A,N/A,N/A,N/A,N/A,N/A,N/A,N/A,N/A,N/A,N/A,N/A,N/A,N/A,N/A,N/A,N/A,N/A,N/A,N/A,N/A,N/A
Abdoulaye Dabo,25,983692800,2001/03/04,PrvaLiga,2025/2026,Midfielder,Koper,69,44,25,France,3,2,1,0,0,0,0,0,0,0,0,1,1,0,1,0,1,0,0,0,0,0,0,0,0,1.3,69,23,0,0,0,-1,-1,-1,21,45000,3.23,0,49,0.00,0.00,16,0,0.00,0,16,0.00,16,0.00,0.00,0.00,0,0.00,0.00,0.00,0.00,0,0.00,0.00,0.00,0.00,0.00,0.00,0.00,0.17,0.00,0.00,0.00,0.00,0.00,0.00,0.00,0.00,0.00,0.00,0.00,0,0,,0,0.00,36,0,0.00,55,0,0.00,43,0,3,0,60,0.00,99,0,0,0.00,29,0,55,0.00,43,0,0.00,99,0,0.00,0,0,0.00,0,0.00,42,0,0.00,32,0,0.00,0.00,0,0.00,0,0,0,0.00,0,1,0.00,64,1.30,27,N/A,N/A,N/A,N/A,0.00,0,0.00,0,0.00,0.00,0,0.00,0.00,55,99,0.00,0.00,0,35,35,0,0,0,0.00,0.00,0,60,19.37,0.00,0.00,0,0,0.00,0.00,99,0.00,0,0,0,0.00,0.00,0,0.00,0.00,0.00,0.00,0,0,0.00,57,0,0,40,64,0.00,16,0.00,0.00,0.00,27,0.00,0.00,26,0,0.00,0.00,0.00,0.00,26,0,0.00,26,9,36,91,0,76,33,0,0.00,99,0,0.00,0.00,0.00,0.00,0,0,19,17,0.00,0.00,0.00,0,0.00,99,0,0.00,0,0.00,99,0,0.00,0.00,55,0,59,13,0,0,0,0,0,23,40,57,56,0,69,80,12,12,0,0,12,42,N/A,N/A
Abraham Nnamdi Nwankwo,24,995785200,2001/07/22,PrvaLiga,2025/2026,Midfielder,Domžale,269,90,179,Nigeria,3,1,2,0,0,0,0,0,0,0,0,1,1,0,5,0,5,2,1,0,0,0,0,0,0,1.67,54,90,135,0,0.67,-1,-1,-1,27,36000,4.56,0,49,0.00,0.00,16,0,0.00,0,16,0.00,16,0.00,0.00,0.00,0,0.00,0.00,0.00,0.00,0,0.00,0.00,0.00,0.00,0.00,0.00,0.00,1.25,0.00,0.00,0.00,0.00,0.00,0.00,0.00,0.00,0.00,0.00,0.00,0,0,,0,0.00,36,0,0.00,55,0,0.00,43,0,0,3,60,0.00,99,0,0,0.00,29,0,55,0.00,43,0,0.00,99,0,0.00,0,0,0.00,0,0.00,42,0,0.00,32,0,0.00,0.00,0,0.00,0,0,0,0.00,0,5,0.00,29,1.67,52,N/A,N/A,N/A,N/A,0.00,0,0.00,0,0.00,0.00,0,0.00,0.00,55,99,0.00,0.00,0,35,35,0,0,0,0.00,0.00,0,60,18.24,0.00,0.00,0,0,0.00,0.00,99,0.00,0,0,0,0.00,0.00,0,0.00,0.00,0.00,0.00,0,0,0.00,57,0,0,40,30,0.00,16,0.00,0.00,0.00,27,0.00,0.00,26,0,0.00,0.00,0.00,0.00,26,0,0.00,26,30,36,91,0,76,33,0,0.00,99,0,0.00,0.00,0.00,0.00,0,0,19,17,0.00,0.00,0.00,0,0.00,99,0,0.00,0,0.00,99,0,0.00,0.00,55,2,21,13,0,0,0,0,0,23,40,57,56,0,58,80,14,98,1,33,94,20,N/A,N/A
Adam Talib Abdulkhaleq,19,1152255600,2006/07/07,PrvaLiga,2025/2026,Midfielder,Maribor,0,0,0,Iraq,0,0,0,0,0,0,0,0,0,0,0,0,0,0,0,0,0,0,0,0,0,0,0,0,0,0,0,0,0,0,0,-1,-1,-1,-1,N/A,N/A,N/A,N/A,N/A,N/A,N/A,N/A,N/A,N/A,N/A,N/A,N/A,N/A,N/A,N/A,N/A,N/A,N/A,N/A,N/A,N/A,N/A,N/A,N/A,N/A,N/A,N/A,N/A,N/A,N/A,N/A,N/A,N/A,N/A,N/A,N/A,N/A,N/A,N/A,N/A,N/A,N/A,N/A,N/A,N/A,N/A,N/A,N/A,N/A,N/A,N/A,N/A,N/A,N/A,N/A,N/A,N/A,N/A,N/A,N/A,N/A,N/A,N/A,N/A,N/A,N/A,N/A,N/A,N/A,N/A,N/A,N/A,N/A,N/A,N/A,N/A,N/A,N/A,N/A,N/A,N/A,N/A,N/A,N/A,N/A,N/A,N/A,N/A,N/A,N/A,N/A,N/A,N/A,N/A,N/A,N/A,N/A,N/A,N/A,N/A,N/A,N/A,N/A,N/A,N/A,N/A,N/A,N/A,N/A,N/A,N/A,N/A,N/A,N/A,N/A,N/A,N/A,N/A,N/A,N/A,N/A,N/A,N/A,N/A,N/A,N/A,N/A,N/A,N/A,N/A,N/A,N/A,N/A,N/A,N/A,N/A,N/A,N/A,N/A,N/A,N/A,N/A,N/A,N/A,N/A,N/A,N/A,N/A,N/A,N/A,N/A,N/A,N/A,N/A,N/A,N/A,N/A,N/A,N/A,N/A,N/A,N/A,N/A,N/A,N/A,N/A,N/A,N/A,N/A,N/A,N/A,N/A,N/A,N/A,N/A,N/A,N/A,N/A,N/A,N/A,N/A,N/A,N/A,N/A,N/A,N/A,N/A,N/A,N/A,N/A,N/A,N/A,N/A,N/A,N/A,N/A,N/A,N/A,N/A,N/A,N/A,N/A,N/A,N/A,N/A,N/A,N/A,N/A,N/A,N/A,N/A,N/A,N/A,N/A,N/A,N/A,N/A,N/A,N/A,N/A,N/A,N/A,N/A
Admir Bristrić,22,1051513200,2003/04/28,PrvaLiga,2025/2026,Forward,Bravo,530,147,383,Bosnia and Herzegovina,16,7,9,5,1,4,2,0,2,0,0,4,2,2,9,1,8,4,0,1.19,0.34,0.85,0.61,0.94,106,1.53,59,33,133,265,0.68,6,17,-1,5,0,5.10,0.12,93,0.17,0.06,18,1,0.06,1,99,0.17,18,0.00,0.00,0.00,0,0.00,0.00,0.00,0.00,0,0.00,0.00,0.00,0.00,0.00,0.00,0.00,0.61,0.60,0.50,0.06,0.00,0.00,0.11,0.17,0.00,0.00,0.00,0.00,0,0,,3,0.17,80,2,0.34,90,1,0.17,67,1,12,4,60,0.00,99,0,0,0.00,29,0,55,0.00,43,0,0.00,99,0,0.00,0,0,0.00,0,0.00,42,0,0.00,32,0,0.00,0.00,0,0.00,0,0,0,0.00,0,11,0.00,46,1.84,73,N/A,N/A,N/A,N/A,0.00,0,0.00,0,3.02,0.00,0,100.00,66.67,93,99,0.00,0.00,0,35,35,1,1,0,0.00,0.00,0,60,91.80,0.00,0.00,0,0,0.00,0.00,99,0.00,0,2,0,0.00,0.00,0,0.00,0.00,0.00,0.00,0,0,166.67,95,15,44,43,48,0.60,78,0.03,0.10,1.62,92,0.09,0.27,66,2,0.11,0.34,0.34,0.11,59,2,0.51,97,44,36,91,0,76,33,0,0.00,99,0,0.00,0.00,1.01,0.33,6,3,32,27,0.50,0.17,50.00,0,0.00,99,0,0.00,0,0.00,99,0,0.00,0.00,55,7,96,38,0,1,0,6,0,99,98,99,91,0,22,71,14,99,4,25,81,2,0,0
Adriano Bloudek,22,1066978800,2003/10/24,PrvaLiga,2025/2026,Midfielder,Aluminij,797,414,383,Slovenia,22,11,11,5,2,3,3,1,2,0,0,4,2,2,16,8,8,0,0,0.9,0.34,0.56,0.43,0.7,159,1.81,50,36,0,266,0,16,16,-1,3,36000,5.12,0.14,93,2.97,1.09,26,25,0.78,18,31,2.14,26,0.00,0.00,0.00,0,0.00,0.00,0.00,0.00,0,0.00,0.09,0.00,0.00,0.00,0.09,0.13,0.74,1.00,0.59,0.09,0.13,0.00,0.13,0.14,0.00,0.22,0.00,0.00,0,0,,5,0.22,85,3,0.36,91,2,0.24,77,2,15,7,60,0.00,99,0,2,0.24,57,0,55,0.00,43,0,0.00,99,0,0.00,0,0,0.00,0,0.00,42,3,0.36,62,3,0.36,100.00,0,0.00,0,0,0,0.00,0,17,0.00,16,2.02,83,N/A,N/A,N/A,N/A,0.00,0,0.00,0,3.20,0.00,0,72.00,60.00,89,99,0.00,0.00,0,68,99,0,0,0,0.00,0.00,0,60,117.86,0.00,0.00,0,0,0.00,0.00,99,0.00,0,0,0,0.00,0.00,0,0.00,0.00,0.12,0.04,1,0,100.00,92,32,82,48,17,0.56,64,0.02,0.07,3.20,95,0.14,0.38,91,7,0.30,0.83,0.36,0.13,62,3,0.38,93,45,36,91,0,91,88,0,0.00,99,5,0.00,0.59,3.80,1.39,32,14,73,64,1.66,0.61,43.75,2,0.24,22,0,0.00,0,0.00,99,0,0.00,0.00,55,28,99,60,0,0,0,0,0,95,93,98,88,0,58,53,12,12,0,0,12,9,N/A,N/A
Agustín Doffo,30,801385200,1995/05/25,PrvaLiga,2025/2026,Midfielder,Olimpija,1596,897,699,Argentina,20,12,8,0,0,0,2,2,0,0,0,8,5,3,18,10,8,7,1,0.11,0.11,0,0,0,0,1.02,89,80,200,798,0.45,166,73,-1,27,96000,5.14,0.1,66,8.76,7.24,61,152,6.29,132,77,7.61,66,0.00,0.00,0.10,2,0.00,0.10,0.17,0.14,3,0.00,0.19,0.00,0.00,0.00,0.24,0.19,0.86,0.00,0.17,0.14,0.19,0.00,0.00,0.01,0.00,0.00,0.00,0.00,0,0,,3,0.14,57,0,0.00,55,3,0.17,67,2,2,18,86,0.00,99,0,5,0.29,60,2,90,0.12,55,0,0.00,99,0,0.00,0,0,0.00,0,0.12,57,4,0.23,54,4,0.23,100.00,0,0.00,0,0,0,0.00,0,18,0.00,80,1.04,12,N/A,N/A,N/A,N/A,0.00,0,0.00,0,0.14,0.00,0,86.84,0.00,55,99,0.00,0.00,0,58,99,0,0,0,0.00,0.00,0,60,107.97,0.10,0.12,2,0,0.00,0.00,99,0.00,0,0,0,0.00,0.00,0,0.00,0.00,0.00,0.00,0,0,0.00,57,74,67,40,81,1.46,70,0.07,0.08,0.14,36,0.01,0.01,61,5,0.24,0.29,0.46,0.38,73,8,0.01,35,46,50,91,0,76,33,0,0.00,99,0,0.00,0.00,3.34,2.76,58,16,50,57,0.92,0.76,27.59,4,0.23,24,0,50.00,0,0.00,99,1,0.05,0.06,59,77,48,60,0,0,0,0,0,41,40,57,56,0,97,89,21,91,6,30,90,34,N/A,N/A
Ahmed Franck Sidibé,22,1076400000,2004/02/10,PrvaLiga,2025/2026,Midfielder,Koper,360,180,180,France,4,2,2,1,0,1,0,0,0,0,0,1,1,0,5,2,3,0,0,0.25,0,0.25,0,0.5,360,1.25,72,90,0,0,0,51,206,-1,15,0,4.97,0,49,40.50,32.40,99,162,28.80,144,83,36.00,99,0.00,0.00,0.00,0,0.00,0.40,0.75,0.60,3,0.00,0.20,0.00,0.00,0.00,1.20,1.00,1.00,6.00,1.50,0.80,1.00,0.00,0.40,0.21,0.00,1.40,0.00,0.00,0,0,,6,1.20,99,2,0.50,97,4,1.00,99,0,0,4,99,0.00,99,0,6,1.50,99,2,55,0.50,78,0,0.00,99,0,0.00,0,0,0.00,0,0.00,42,5,1.25,90,5,1.25,100.00,0,0.00,0,0,0,0.00,0,5,0.00,67,1.25,25,N/A,N/A,N/A,N/A,0.00,0,0.00,0,1.04,0.00,0,88.89,33.33,70,99,0.00,0.00,0,95,99,0,0,0,0.00,0.00,0,60,24.86,0.40,0.50,2,0,0.00,0.00,99,0.00,0,0,0,0.00,0.00,0,0.00,0.00,0.00,0.00,0,0,16.67,59,0,0,63,67,0.31,70,0.06,0.08,1.04,92,0.21,0.26,99,8,1.60,2.00,0.75,0.60,90,3,0.26,87,40,84,91,0,76,99,0,0.00,99,7,0.00,1.75,10.75,8.60,43,28,99,97,7.00,5.60,65.12,1,0.25,21,0,0.00,0,0.00,99,0,0.00,0.00,55,7,21,13,0,0,0,0,0,62,77,92,56,0,22,71,12,12,0,0,12,48,0,0
Ahmet Muhamedbegović,27,909734400,1998/10/30,PrvaLiga,2025/2026,Defender,Olimpija,1539,810,729,Austria,18,9,9,2,2,0,1,0,1,0,0,6,3,3,21,14,7,3,1,0.18,0.06,0.12,0.22,0,770,1.23,73,86,513,1539,0.18,84,90,22,8,72000,4.53,0.06,56,15.02,11.68,86,257,10.64,234,91,13.68,88,0.00,0.00,0.05,1,0.00,0.00,0.12,0.09,2,0.00,0.09,0.00,0.00,0.00,0.23,0.05,1.00,3.00,0.18,0.00,0.05,0.00,0.14,0.04,0.00,0.55,0.00,0.00,0,0,,3,0.14,59,3,0.18,80,0,0.00,43,2,0,18,79,0.00,99,0,5,0.29,60,0,55,0.00,43,0,0.00,99,0,0.00,0,0,0.00,0,0.06,48,1,0.06,37,1,0.06,100.00,0,0.00,0,0,0,0.00,0,22,0.00,69,1.29,27,N/A,N/A,N/A,N/A,0.00,0,0.00,0,0.97,0.00,0,91.05,100.00,99,99,0.00,0.00,0,40,99,0,0,0,0.09,0.12,2,84,99.61,0.27,0.35,6,0,0.00,0.00,99,0.00,0,0,0,0.00,0.00,0,0.00,0.00,0.00,0.00,0,0,33.33,68,72,56,81,69,1.11,62,0.05,0.06,0.97,57,0.04,0.06,67,6,0.27,0.35,0.64,0.50,85,11,0.06,54,29,73,91,0,76,93,0,0.00,99,12,0.00,0.70,3.21,2.50,55,21,58,55,1.23,0.95,38.18,2,0.12,42,0,0.00,0,0.00,99,0,0.00,0.00,55,77,21,60,0,0,0,0,0,57,60,57,75,0,92,80,67,48,2,11,41,17,N/A,N/A
Aldin Jakupović,19,1149404400,2006/06/04,PrvaLiga,2025/2026,Midfielder,Bravo,729,395,334,Slovenia,16,8,8,5,5,0,0,0,0,0,0,4,2,2,12,9,3,2,0,0.62,0,0.62,1.14,0,146,1.48,61,46,365,0,0.25,14,191,-1,3,0,6.57,0,49,1.75,0.88,22,14,0.75,12,72,1.50,23,0.00,0.00,0.25,4,0.00,0.00,0.00,0.00,0,0.00,0.06,0.00,0.00,0.00,0.00,0.25,0.81,1.00,0.62,0.12,0.50,0.00,0.19,0.22,0.00,0.31,0.00,0.00,0,0,,5,0.31,87,3,0.37,92,2,0.25,79,1,6,8,60,0.00,99,0,0,0.00,29,0,55,0.00,43,0,0.00,99,0,0.00,0,0,0.00,0,0.50,94,8,1.00,87,4,0.50,50.00,0,0.00,0,0,0,0.00,0,13,0.00,52,1.62,47,N/A,N/A,N/A,N/A,0.00,0,0.00,0,3.58,0.00,0,85.71,60.00,89,99,0.00,0.00,0,80,44,0,0,0,0.00,0.00,0,60,105.13,0.00,0.00,0,0,0.00,0.00,99,0.00,0,0,0,0.00,0.00,0,0.00,0.00,0.00,0.00,0,0,100.00,92,27,44,47,54,0.15,39,0.01,0.02,3.58,96,0.22,0.45,70,3,0.19,0.37,0.12,0.06,34,1,0.45,95,98,36,91,0,76,91,0,0.00,99,5,0.00,0.62,3.24,1.62,26,13,72,56,1.62,0.81,50.00,1,0.12,42,0,0.00,0,0.00,99,0,0.00,0.00,55,30,79,38,0,1,0,6,0,87,94,57,96,0,22,71,47,66,2,12,47,7,0,0
Alejandro Blanco Sánchez,27,913795200,1998/12/16,PrvaLiga,2025/2026,Midfielder,Olimpija,1074,545,529,Spain,20,10,10,1,0,1,4,2,2,0,0,8,4,4,15,11,4,1,0,0.42,0.34,0.08,0,0.17,1074,1.26,72,54,1074,269,0.08,101,18,-1,13,84000,5.10,0.2,93,17.74,8.67,92,208,7.29,175,64,14.93,91,0.00,0.00,0.12,3,0.00,0.58,0.09,0.04,1,0.00,0.04,0.00,0.00,0.00,0.38,0.33,0.67,3.50,0.60,0.12,0.46,0.00,0.17,0.08,0.00,0.17,0.00,0.00,0,0,,7,0.29,85,4,0.34,90,3,0.26,80,1,8,12,76,0.00,99,0,9,0.77,94,14,78,1.19,97,0,0.00,99,0,0.00,0,0,0.00,0,0.26,77,11,0.94,85,8,0.68,72.73,0,0.00,0,0,0,0.00,0,16,0.00,66,1.36,31,N/A,N/A,N/A,N/A,0.00,0,0.00,0,1.81,0.00,0,84.13,57.14,87,99,0.00,0.00,0,85,59,0,0,0,0.00,0.00,0,60,122.49,0.17,0.34,4,0,0.00,0.00,99,0.00,0,0,0,0.00,0.00,0,0.00,0.00,0.00,0.00,0,0,28.57,64,45,67,87,67,2.89,96,0.12,0.25,1.81,78,0.08,0.15,95,12,0.50,1.02,0.60,0.29,84,7,0.15,74,44,72,91,0,76,74,0,0.00,99,4,0.00,0.34,7.34,3.58,86,38,93,93,3.24,1.58,44.19,1,0.09,48,0,42.86,0,0.00,99,6,0.25,0.51,97,48,86,38,0,0,0,0,0,75,54,71,56,0,95,89,94,19,1,5,19,11,N/A,N/A
Aleksandar Kahvić,22,1073030400,2004/01/02,PrvaLiga,2025/2026,Forward,Domžale,915,492,423,Bosnia and Herzegovina,11,6,5,2,1,1,0,0,0,0,0,2,2,0,17,8,9,0,0,0.2,0,0.2,0.18,0.21,458,1.67,54,83,0,0,0,59,155,-1,3,0,5.34,0,49,0.00,0.00,16,0,0.00,0,16,0.00,16,0.00,0.00,0.00,0,0.00,0.00,0.00,0.00,0,0.00,0.00,0.00,0.00,0.00,0.00,0.00,1.55,0.00,0.00,0.00,0.00,0.00,0.00,0.11,0.00,0.00,0.00,0.00,0,0,,0,0.00,36,0,0.00,55,0,0.00,43,5,1,10,60,0.00,99,0,0,0.00,29,0,55,0.00,43,0,0.00,99,0,0.00,0,0,0.00,0,0.00,42,0,0.00,32,0,0.00,0.00,0,0.00,0,0,0,0.00,0,17,0.00,29,1.69,55,N/A,N/A,N/A,N/A,0.00,0,0.00,0,1.17,0.00,0,0.00,0.00,55,99,0.00,0.00,0,35,35,0,0,0,0.00,0.00,0,60,58.69,0.00,0.00,0,0,0.00,0.00,99,0.00,0,0,0,0.00,0.00,0,0.00,0.00,0.00,0.00,0,0,0.00,57,38,21,67,30,0.00,16,0.00,0.00,1.17,72,0.11,0.12,26,0,0.00,0.00,0.00,0.00,26,0,0.12,68,52,36,91,0,76,33,0,0.00,99,0,0.00,0.00,0.00,0.00,0,0,19,17,0.00,0.00,0.00,0,0.00,99,0,0.00,0,0.00,99,0,0.00,0.00,55,39,38,92,0,0,0,0,0,59,74,74,70,0,22,53,12,12,0,0,12,30,0,0
Aleksandar Zeljkovic,26,931071600,1999/07/04,PrvaLiga,2025/2026,Forward,Aluminij,1844,944,900,Slovenia,21,11,10,0,0,0,0,0,0,0,0,3,2,1,33,16,17,5,0,0,0,0,0,0,0,1.61,56,88,369,0,0.24,154,150,-1,28,42000,5.36,0,49,14.98,12.79,85,307,11.38,273,83,13.32,86,0.00,0.00,0.04,1,0.00,0.04,0.15,0.12,3,0.00,0.00,0.00,0.00,0.00,0.29,0.00,1.50,0.00,0.00,0.00,0.00,0.00,0.00,0.00,0.00,0.42,0.00,0.00,0,0,,0,0.00,36,0,0.00,55,0,0.00,43,0,1,20,84,0.00,99,0,7,0.34,65,1,55,0.05,45,0,0.00,99,0,0.00,0,0,0.00,0,0.05,45,0,0.00,32,0,0.00,0.00,0,0.00,0,0,0,0.00,0,36,0.00,36,1.76,64,N/A,N/A,N/A,N/A,0.00,0,0.00,0,0.00,0.00,0,88.93,0.00,55,99,0.00,0.00,0,35,35,0,0,0,0.33,0.39,8,99,128.68,1.12,1.32,27,0,0.00,0.00,99,0.00,0,0,0,0.00,0.00,0,0.00,0.00,0.05,0.04,1,1,0.00,57,86,72,40,39,0.64,47,0.03,0.03,0.00,27,0.00,0.00,54,5,0.21,0.24,0.49,0.42,78,10,0.00,26,54,98,91,0,81,84,0,0.00,99,10,0.00,0.49,2.73,2.33,56,20,51,47,0.98,0.83,35.71,0,0.00,99,0,0.00,0,0.00,99,0,0.00,0.00,55,85,38,13,0,0,0,0,0,23,40,57,56,0,68,38,48,65,5,24,79,3,N/A,N/A
Alen Korošec,24,1005984000,2001/11/17,PrvaLiga,2025/2026,Midfielder,Mura,1525,722,803,Slovenia,19,9,10,1,0,1,0,0,0,0,0,2,1,1,27,10,17,2,0,0.06,0,0.06,0,0.11,1525,1.59,56,80,763,0,0.12,107,107,-1,5,72000,5.99,0,49,0.12,0.11,17,2,0.11,2,99,0.12,17,0.00,0.00,0.00,0,0.00,0.00,0.00,0.00,0,0.00,0.00,0.00,0.00,0.00,0.00,0.00,1.58,0.00,0.00,0.00,0.00,0.00,0.00,0.03,0.00,0.00,0.00,0.00,0,0,,0,0.00,36,0,0.00,55,0,0.00,43,3,1,18,60,0.00,99,0,0,0.00,29,0,55,0.00,43,0,0.00,99,0,0.00,0,0,0.00,0,0.00,42,0,0.00,32,0,0.00,0.00,0,0.00,0,0,0,0.00,0,30,0.00,41,1.77,65,N/A,N/A,N/A,N/A,0.00,0,0.00,0,0.61,0.00,0,100.00,0.00,55,99,0.00,0.00,0,35,35,0,0,0,0.00,0.00,0,60,113.81,0.00,0.00,0,0,0.00,0.00,99,0.00,0,0,0,0.00,0.00,0,0.00,0.00,0.00,0.00,0,0,0.00,57,71,62,94,39,0.00,16,0.00,0.00,0.61,53,0.03,0.04,26,0,0.00,0.00,0.06,0.05,29,1,0.04,49,86,36,91,0,76,33,0,0.00,99,0,0.00,0.00,0.06,0.05,1,0,19,19,0.00,0.00,0.00,0,0.00,99,0,0.00,0,0.00,99,0,0.00,0.00,55,77,38,77,0,0,0,0,0,30,49,64,56,0,92,17,83,30,2,11,41,88,N/A,N/A
Alex Matthias Tamm,24,995958000,2001/07/24,PrvaLiga,2025/2026,Forward,Olimpija,336,141,195,Estonia,12,5,7,1,1,0,0,0,0,0,0,5,3,2,6,3,3,0,0,0.27,0,0.27,0.64,0,336,1.61,56,28,0,0,0,48,209,-1,12,0,4.88,0,49,4.78,1.12,40,18,0.81,13,31,3.45,38,0.00,0.00,0.00,0,0.00,0.00,0.00,0.00,0,0.00,0.00,0.00,0.00,0.00,0.06,0.00,0.38,3.00,0.80,0.19,0.06,0.00,0.00,0.04,0.00,0.44,0.00,0.00,0,0,,3,0.19,93,0,0.00,55,3,0.80,98,5,9,3,60,0.00,99,0,1,0.27,59,0,55,0.00,43,0,0.00,99,0,0.00,0,0,0.00,0,0.00,42,1,0.27,56,0,0.00,0.00,0,0.00,0,0,0,0.00,0,6,0.00,36,1.59,45,N/A,N/A,N/A,N/A,0.00,0,0.00,0,0.71,0.00,0,72.22,0.00,55,99,0.00,0.00,0,35,35,0,0,0,0.00,0.00,0,60,78.14,0.06,0.27,1,0,0.00,0.00,99,0.00,0,0,0,0.00,0.00,0,0.00,0.00,0.80,0.19,3,0,33.33,68,0,22,62,39,0.03,26,0.00,0.01,0.71,83,0.04,0.19,58,1,0.06,0.27,0.80,0.19,92,3,0.19,79,36,66,91,0,99,99,0,0.00,99,7,0.00,1.86,6.90,1.62,26,10,90,91,2.65,0.62,38.46,0,0.00,99,0,0.00,0,0.00,99,0,0.00,0.00,55,2,90,92,0,0,0,0,0,65,78,57,91,0,22,93,12,12,0,0,12,24,0,0
Alexandros Bouris,56,N/A,N/A,PrvaLiga,2025/2026,Defender,Domžale,0,0,0,Greece,0,0,0,0,0,0,0,0,0,0,0,0,0,0,0,0,0,0,0,0,0,0,0,0,0,0,0,0,0,0,0,-1,-1,-1,-1,N/A,N/A,N/A,N/A,N/A,N/A,N/A,N/A,N/A,N/A,N/A,N/A,N/A,N/A,N/A,N/A,N/A,N/A,N/A,N/A,N/A,N/A,N/A,N/A,N/A,N/A,N/A,N/A,N/A,N/A,N/A,N/A,N/A,N/A,N/A,N/A,N/A,N/A,N/A,N/A,N/A,N/A,N/A,N/A,N/A,N/A,N/A,N/A,N/A,N/A,N/A,N/A,N/A,N/A,N/A,N/A,N/A,N/A,N/A,N/A,N/A,N/A,N/A,N/A,N/A,N/A,N/A,N/A,N/A,N/A,N/A,N/A,N/A,N/A,N/A,N/A,N/A,N/A,N/A,N/A,N/A,N/A,N/A,N/A,N/A,N/A,N/A,N/A,N/A,N/A,N/A,N/A,N/A,N/A,N/A,N/A,N/A,N/A,N/A,N/A,N/A,N/A,N/A,N/A,N/A,N/A,N/A,N/A,N/A,N/A,N/A,N/A,N/A,N/A,N/A,N/A,N/A,N/A,N/A,N/A,N/A,N/A,N/A,N/A,N/A,N/A,N/A,N/A,N/A,N/A,N/A,N/A,N/A,N/A,N/A,N/A,N/A,N/A,N/A,N/A,N/A,N/A,N/A,N/A,N/A,N/A,N/A,N/A,N/A,N/A,N/A,N/A,N/A,N/A,N/A,N/A,N/A,N/A,N/A,N/A,N/A,N/A,N/A,N/A,N/A,N/A,N/A,N/A,N/A,N/A,N/A,N/A,N/A,N/A,N/A,N/A,N/A,N/A,N/A,N/A,N/A,N/A,N/A,N/A,N/A,N/A,N/A,N/A,N/A,N/A,N/A,N/A,N/A,N/A,N/A,N/A,N/A,N/A,N/A,N/A,N/A,N/A,N/A,N/A,N/A,N/A,N/A,N/A,N/A,N/A,N/A,N/A,N/A,N/A,N/A,N/A,N/A,N/A,N/A,N/A,N/A,N/A,N/A,N/A
Alexandros Parras,27,894956400,1998/05/12,PrvaLiga,2025/2026,Defender,Domžale,506,263,243,Greece,11,6,5,0,0,0,1,0,1,0,0,2,2,0,10,4,6,3,0,0.18,0.18,0,0,0,0,1.78,51,46,169,506,0.53,157,44,51,13,0,4.55,0.09,80,0.00,0.00,16,0,0.00,0,16,0.00,16,0.00,0.00,0.00,0,0.00,0.00,0.00,0.00,0,0.00,0.00,0.00,0.00,0.00,0.00,0.00,0.91,0.00,0.00,0.00,0.00,0.00,0.00,0.00,0.00,0.00,0.00,0.00,0,0,,0,0.00,36,0,0.00,55,0,0.00,43,4,4,7,60,0.00,99,0,0,0.00,29,0,55,0.00,43,0,0.00,99,0,0.00,0,0,0.00,0,0.00,42,0,0.00,32,0,0.00,0.00,0,0.00,0,0,0,0.00,0,10,0.00,18,1.76,64,N/A,N/A,N/A,N/A,0.00,0,0.00,0,0.00,0.00,0,0.00,0.00,55,99,0.00,0.00,0,35,35,0,0,0,0.00,0.00,0,60,50.00,0.00,0.00,0,0,0.00,0.00,99,0.00,0,0,0,0.00,0.00,0,0.00,0.00,0.00,0.00,0,0,0.00,57,12,21,40,20,0.60,81,0.05,0.11,0.00,27,0.00,0.00,26,0,0.00,0.00,0.00,0.00,26,0,0.00,26,30,36,91,0,76,33,0,0.00,99,0,0.00,0.00,0.00,0.00,0,0,19,17,0.00,0.00,0.00,0,0.00,99,0,0.00,0,0.00,99,0,0.00,0.00,55,28,68,85,0,0,0,0,0,57,40,57,56,0,22,53,19,94,3,27,84,17,0,0
Aljaž Antolin,23,1028271600,2002/08/02,PrvaLiga,2025/2026,Midfielder,Mura,725,405,320,Slovenia,14,8,6,0,0,0,1,1,0,0,0,3,2,1,14,6,8,5,0,0.12,0.12,0,0,0,0,1.74,52,52,145,725,0.62,132,68,-1,20,38000,4.48,0.07,68,5.26,2.47,43,42,2.24,38,88,4.76,50,0.00,0.00,0.00,0,0.00,0.00,0.38,0.18,3,0.00,0.06,0.00,0.00,0.00,0.18,0.00,0.88,0.00,0.13,0.00,0.06,0.00,0.06,0.01,0.00,0.06,0.00,0.00,0,0,,1,0.06,53,1,0.13,72,0,0.00,43,5,4,10,94,0.00,99,0,3,0.38,70,0,55,0.00,43,0,0.00,99,0,0.00,0,0,0.00,0,0.00,42,1,0.13,45,0,0.00,0.00,0,0.00,0,0,0,0.00,0,15,0.00,23,1.88,77,N/A,N/A,N/A,N/A,0.00,0,0.00,0,0.12,0.00,0,90.48,100.00,99,99,0.00,0.00,0,35,35,0,0,0,0.06,0.13,1,85,76.22,0.12,0.25,2,0,0.00,0.00,99,0.00,0,0,0,0.00,0.00,0,0.00,0.00,0.00,0.00,0,0,0.00,57,26,30,40,24,0.07,26,0.00,0.01,0.12,40,0.01,0.02,55,2,0.12,0.25,0.25,0.12,49,2,0.02,39,27,65,91,0,76,48,0,0.00,99,1,0.00,0.13,2.13,1.00,17,5,36,39,0.63,0.29,29.41,1,0.13,40,0,0.00,0,0.00,99,0,0.00,0.00,55,39,68,92,0,0,0,0,0,43,40,57,56,0,59,62,15,98,5,36,95,6,N/A,N/A
Aljaž Strajnar,18,1187247600,2007/08/16,PrvaLiga,2025/2026,Goalkeeper,Mura,450,180,270,Slovenia,5,2,3,0,0,0,0,0,0,0,0,1,1,0,7,1,6,0,0,0,0,0,0,0,0,1.4,64,90,0,0,0,178,166,28,30,0,6.06,0,49,32.60,32.60,99,163,27.80,139,69,27.80,99,0.00,0.00,0.00,0,0.00,0.00,0.00,0.00,0,0.00,0.00,0.00,0.00,3.20,1.60,0.00,4.60,0.00,0.00,0.00,0.00,0.00,0.00,0.00,0.00,0.60,0.00,0.00,0,0,,0,0.00,36,0,0.00,55,0,0.00,43,0,0,5,60,0.00,99,0,8,1.60,99,0,55,0.00,43,0,0.00,99,0,0.00,0,0,0.00,0,0.00,42,0,0.00,32,0,0.00,0.00,0,0.00,0,16,99,3.20,99,23,0.00,60,4.60,99,N/A,N/A,N/A,N/A,69.57,0,0.00,0,0.00,0.00,0,85.28,0.00,55,99,0.00,0.00,0,35,35,0,0,11,0.00,0.00,0,60,30.30,1.60,1.60,8,0,0.00,0.00,99,0.00,0,0,0,0.00,0.00,0,0.00,0.00,0.00,0.00,0,0,0.00,57,8,1,40,60,0.29,62,0.06,0.06,0.00,27,0.00,0.00,51,1,0.20,0.20,0.00,0.00,26,0,0.00,26,89,98,91,0,76,89,0,0.00,99,3,0.00,0.60,1.20,1.20,6,3,35,30,0.60,0.60,50.00,0,0.00,99,0,0.00,0,0.00,99,0,0.00,0.00,55,13,21,13,0,0,0,0,0,23,40,57,56,0,22,60,12,12,0,0,12,43,0,0
Aljaz Zabukovnik,19,1146639600,2006/05/03,PrvaLiga,2025/2026,Midfielder,Domžale,178,109,69,Slovenia,6,3,3,0,0,0,0,0,0,0,0,1,1,0,4,2,2,2,0,0,0,0,0,0,0,2.02,45,30,89,0,1.01,-1,-1,-1,16,12000,2.89,0,49,5.41,1.00,45,11,0.73,8,32,3.93,41,0.00,0.00,0.00,0,0.00,0.00,0.49,0.09,1,0.00,0.00,0.00,0.00,0.00,0.00,0.00,0.55,0.00,0.00,0.00,0.00,0.00,0.00,0.00,0.00,0.00,0.00,0.00,0,0,,0,0.00,36,0,0.00,55,0,0.00,43,1,5,1,98,0.00,99,0,0,0.00,29,0,55,0.00,43,0,0.00,99,0,0.00,0,0,0.00,0,0.00,42,0,0.00,32,0,0.00,0.00,0,0.00,0,0,0,0.00,0,6,0.00,6,2.95,97,N/A,N/A,N/A,N/A,0.00,0,0.00,0,0.00,0.00,0,72.73,0.00,55,99,0.00,0.00,0,35,35,0,0,0,0.00,0.00,0,60,31.83,0.00,0.00,0,0,0.00,0.00,99,0.00,0,0,0,0.00,0.00,0,0.00,0.00,0.00,0.00,0,0,0.00,57,0,4,40,7,0.02,26,0.00,0.01,0.00,27,0.00,0.00,26,0,0.00,0.00,0.49,0.09,78,1,0.00,26,5,36,91,0,76,33,0,0.00,99,0,0.00,0.00,1.97,0.36,4,2,51,37,0.98,0.18,50.00,0,0.00,99,0,0.00,0,0.00,99,0,0.00,0.00,55,0,73,38,0,0,0,0,0,23,40,57,56,0,24,48,12,99,2,33,94,34,N/A,N/A
Almin Kurtovič,25,953193600,2000/03/16,PrvaLiga,2025/2026,Forward,Mura,270,90,180,Slovenia,3,1,2,0,0,0,0,0,0,0,0,0,0,0,4,1,3,1,0,0,0,0,0,0,0,1.33,68,90,270,0,0.33,-1,-1,-1,31,0,6.32,0,49,28.33,28.33,98,85,23.00,69,55,23.00,98,0.00,0.00,0.67,2,0.00,0.33,0.00,0.00,0,0.00,0.33,0.00,0.00,0.00,0.67,0.00,1.33,0.00,0.33,0.33,0.00,0.00,0.00,0.02,0.00,0.67,0.00,0.00,0,0,,1,0.33,72,0,0.00,55,1,0.33,84,0,0,3,60,0.00,99,0,2,0.67,91,1,99,0.33,69,0,0.00,99,0,0.00,0,0,0.00,0,0.67,99,0,0.00,32,0,0.00,0.00,0,0.00,0,0,0,0.00,0,4,0.00,61,1.33,29,N/A,N/A,N/A,N/A,0.00,0,0.00,0,0.05,0.00,0,81.18,0.00,55,99,0.00,0.00,0,35,35,0,0,0,0.00,0.00,0,60,18.97,1.33,1.33,4,0,0.00,0.00,99,0.00,0,0,0,0.00,0.00,0,0.00,0.00,0.00,0.00,0,0,0.00,57,0,0,40,62,0.26,74,0.09,0.09,0.05,40,0.02,0.02,84,2,0.67,0.67,2.33,2.33,99,7,0.02,39,94,98,91,0,76,92,0,0.00,99,2,0.00,0.67,11.33,11.33,34,10,94,97,3.33,3.33,29.41,1,0.33,12,0,100.00,0,0.00,99,1,0.33,0.33,92,2,21,13,0,0,0,0,0,23,40,57,56,0,22,4,32,80,1,33,94,30,0,0
Amadej Maroša,32,760608000,1994/02/07,PrvaLiga,2025/2026,Forward,Mura,87,0,87,Slovenia,2,0,2,0,0,0,0,0,0,0,0,0,0,0,1,0,1,0,0,0,0,0,0,0,0,1.03,87,44,0,0,0,-1,-1,-1,33,0,3.25,0,49,22.76,11.00,96,22,9.00,18,57,18.62,96,0.00,0.00,0.50,1,0.00,0.00,3.10,1.50,3,0.00,1.50,0.00,0.00,0.00,0.50,0.50,0.50,0.00,0.00,0.00,1.00,0.00,0.00,0.00,0.00,1.00,0.00,0.00,0,0,,0,0.00,36,0,0.00,55,0,0.00,43,2,1,1,99,0.00,99,0,1,1.03,97,0,55,0.00,43,0,0.00,99,0,0.00,0,0,0.00,0,1.03,99,2,2.07,98,1,1.03,50.00,0,0.00,0,0,0,0.00,0,1,0.00,79,1.03,12,N/A,N/A,N/A,N/A,0.00,0,0.00,0,0.00,0.00,0,81.82,0.00,55,99,0.00,0.00,0,92,44,0,0,0,0.00,0.00,0,60,6.50,0.00,0.00,0,0,0.00,0.00,99,0.00,0,0,0,0.00,0.00,0,0.00,0.00,0.00,0.00,0,0,0.00,57,0,0,40,79,0.07,64,0.04,0.07,0.00,27,0.00,0.00,99,2,1.00,2.07,4.14,2.00,99,4,0.00,26,9,36,91,0,76,99,0,0.00,99,2,0.00,2.07,23.79,11.50,23,6,99,99,6.21,3.00,26.09,3,3.10,0,0,0.00,0,0.00,99,0,0.00,0.00,55,0,38,60,0,0,0,0,0,23,40,57,56,0,22,4,12,12,0,0,12,17,0,0
Amir Feratovič,23,1023519600,2002/06/08,PrvaLiga,2025/2026,Defender,Aluminij,1330,720,610,Slovenia,15,8,7,1,1,0,1,1,0,0,0,2,1,1,24,14,10,1,0,0.14,0.07,0.07,0.13,0,1330,1.62,55,89,1330,1330,0.07,104,87,42,9,45000,5.41,0.07,58,18.61,16.18,93,275,13.65,232,66,15.70,93,0.00,0.00,0.00,0,0.00,0.00,0.14,0.12,2,0.00,0.06,0.00,0.00,0.00,0.76,0.12,1.53,2.00,0.14,0.00,0.18,0.00,0.12,0.05,0.00,0.76,0.00,0.00,0,0,,2,0.12,55,2,0.14,74,0,0.00,43,5,0,15,83,0.00,99,0,13,0.88,96,0,55,0.00,43,0,0.00,99,0,0.00,0,0,0.00,0,0.00,42,3,0.20,51,2,0.14,66.67,0,0.00,0,0,0,0.00,0,26,0.00,35,1.76,64,N/A,N/A,N/A,N/A,0.00,0,0.00,0,0.86,0.00,0,84.36,100.00,99,99,0.00,0.00,0,52,56,0,0,0,0.12,0.14,2,89,92.05,1.47,1.69,25,0,0.00,0.00,99,0.00,0,0,0,0.00,0.00,0,0.00,0.00,0.00,0.00,0,0,50.00,77,61,35,91,34,0.56,53,0.03,0.04,0.86,57,0.05,0.06,40,2,0.12,0.14,0.27,0.24,55,4,0.06,54,57,99,91,0,76,96,0,0.00,99,13,0.00,0.88,4.87,4.24,72,27,77,78,1.83,1.59,37.50,1,0.07,52,0,0.00,0,0.00,99,0,0.00,0.00,55,62,21,92,0,0,0,0,0,48,51,57,67,0,69,30,97,16,1,7,24,5,N/A,N/A
Andraž Ruedl,22,1074585600,2004/01/20,PrvaLiga,2025/2026,Midfielder,Koper,817,523,294,Slovenia,16,10,6,7,7,0,1,0,1,0,0,3,3,0,9,6,3,1,0,0.88,0.11,0.77,1.2,0,117,0.99,91,51,817,817,0.11,9,71,-1,1,24000,3.53,0.06,66,2.45,0.81,24,21,0.58,15,28,1.75,24,0.00,0.00,0.08,2,0.00,0.08,0.00,0.00,0,0.00,0.08,0.00,0.00,0.00,0.00,0.08,0.38,0.14,0.12,0.04,0.12,0.00,0.00,0.17,0.00,0.08,0.00,0.00,0,0,,1,0.04,51,0,0.00,55,1,0.12,58,5,4,12,60,0.00,99,0,0,0.00,29,2,90,0.23,62,0,0.00,99,0,0.00,0,0,0.00,0,0.23,74,3,0.35,61,2,0.23,66.67,0,0.00,0,0,0,0.00,0,10,0.00,83,1.17,21,N/A,N/A,N/A,N/A,0.00,0,0.00,0,4.46,0.00,0,71.43,0.00,55,99,0.00,0.00,0,58,56,0,0,0,0.00,0.00,0,60,91.74,0.00,0.00,0,0,0.00,0.00,99,0.00,0,0,0,0.00,0.00,0,0.00,0.00,0.00,0.00,0,0,700.00,99,33,44,44,83,0.68,70,0.03,0.08,4.46,98,0.17,0.52,67,3,0.12,0.35,0.23,0.08,47,2,0.52,97,13,36,91,0,76,65,0,0.00,99,2,0.00,0.23,3.26,1.08,28,7,44,56,0.82,0.27,25.00,2,0.23,24,0,50.00,0,0.00,99,1,0.04,0.12,69,48,68,92,0,1,0,6,0,95,96,57,98,0,35,56,88,29,1,6,22,-1,N/A,N/A
Andrej Kotnik,30,807519600,1995/08/04,PrvaLiga,2025/2026,Midfielder,Celje,538,177,361,Slovenia,14,5,9,1,1,0,5,3,2,0,0,3,0,3,9,2,7,0,0,1,0.84,0.17,0.51,0,538,1.51,60,38,0,108,0,68,1,-1,13,54000,3.43,0.36,99,8.60,2.24,61,47,1.48,31,21,5.67,55,0.00,0.00,0.14,3,0.00,0.14,0.00,0.00,0,0.00,0.05,0.00,0.00,0.00,0.05,0.14,0.43,3.00,0.55,0.10,0.14,0.00,0.05,0.04,0.00,0.05,0.00,0.00,0,0,,3,0.14,83,1,0.18,80,2,0.37,86,7,9,5,60,0.00,99,0,1,0.18,51,3,99,0.55,82,0,0.00,99,0,0.00,0,0,0.00,0,0.55,95,3,0.55,75,3,0.55,100.00,0,0.00,0,0,0,0.00,0,9,0.00,50,1.65,51,N/A,N/A,N/A,N/A,0.00,0,0.00,0,0.80,0.00,0,65.96,33.33,70,99,0.00,0.00,0,81,99,0,0,0,0.00,0.00,0,60,72.01,0.00,0.00,0,0,0.00,0.00,99,0.00,0,0,0,0.00,0.00,0,0.00,0.00,0.18,0.05,1,0,33.33,68,16,30,72,51,1.73,99,0.08,0.32,0.80,78,0.04,0.15,70,2,0.10,0.37,0.18,0.05,43,1,0.15,74,11,36,91,0,95,58,0,0.00,99,1,0.00,0.18,2.93,0.76,16,6,55,52,1.10,0.29,37.50,1,0.18,31,0,100.00,0,0.00,99,3,0.14,0.55,98,13,90,97,0,0,0,0,0,97,70,57,89,0,84,62,12,12,0,0,12,17,N/A,N/A
Andrej Stamenković,56,N/A,N/A,PrvaLiga,2025/2026,Forward,Aluminij,54,25,29,Serbia,4,2,2,0,0,0,0,0,0,0,0,1,1,0,1,0,1,0,0,0,0,0,0,0,0,1.67,54,14,0,0,0,-1,-1,-1,27,12000,1.29,0,49,0.00,0.00,16,0,0.00,0,16,0.00,16,0.00,0.00,0.00,0,0.00,0.00,0.00,0.00,0,0.00,0.00,0.00,0.00,0.00,0.00,0.00,0.13,0.00,0.00,0.00,0.00,0.00,0.00,0.00,0.00,0.00,0.00,0.00,0,0,,0,0.00,36,0,0.00,55,0,0.00,43,0,4,0,60,0.00,99,0,0,0.00,29,0,55,0.00,43,0,0.00,99,0,0.00,0,0,0.00,0,0.00,42,0,0.00,32,0,0.00,0.00,0,0.00,0,0,0,0.00,0,2,0.00,29,3.67,99,N/A,N/A,N/A,N/A,0.00,0,0.00,0,0.00,0.00,0,0.00,0.00,55,99,0.00,0.00,0,35,35,0,0,0,0.00,0.00,0,60,19.42,0.00,0.00,0,0,0.00,0.00,99,0.00,0,0,0,0.00,0.00,0,0.00,0.00,0.00,0.00,0,0,0.00,57,0,0,40,30,0.00,16,0.00,0.00,0.00,27,0.00,0.00,26,0,0.00,0.00,0.00,0.00,26,0,0.00,26,1,36,91,0,76,33,0,0.00,99,0,0.00,0.00,0.00,0.00,0,0,19,17,0.00,0.00,0.00,0,0.00,99,0,0.00,0,0.00,99,0,0.00,0.00,55,0,68,13,0,0,0,0,0,23,40,57,56,0,24,71,12,12,0,0,12,60,N/A,N/A
Anej Mrežar,25,959238000,2000/05/25,PrvaLiga,2025/2026,Goalkeeper,Aluminij,180,90,90,Slovenia,2,1,1,0,0,0,0,0,0,0,0,0,0,0,4,2,2,0,0,0,0,0,0,0,0,2,45,90,0,0,0,-1,-1,-1,19,18000,0.69,0,49,0.00,0.00,16,0,0.00,0,16,0.00,16,0.00,0.00,0.00,0,0.00,0.00,0.00,0.00,0,0.00,0.00,0.00,0.00,0.00,0.00,0.00,0.24,0.00,0.00,0.00,0.00,0.00,0.00,0.00,0.00,0.00,0.00,0.00,0,0,,0,0.00,36,0,0.00,55,0,0.00,43,0,0,2,60,0.00,99,0,0,0.00,29,0,55,0.00,43,0,0.00,99,0,0.00,0,0,0.00,0,0.00,42,0,0.00,32,0,0.00,0.00,0,0.00,0,0,0,0.00,0,4,0.00,7,2.00,81,N/A,N/A,N/A,N/A,0.00,0,0.00,0,0.00,0.00,0,0.00,0.00,55,99,0.00,0.00,0,35,35,0,0,0,0.00,0.00,0,60,11.76,0.00,0.00,0,0,0.00,0.00,99,0.00,0,0,0,0.00,0.00,0,0.00,0.00,0.00,0.00,0,0,0.00,57,0,0,40,7,0.00,16,0.00,0.00,0.00,27,0.00,0.00,26,0,0.00,0.00,0.00,0.00,26,0,0.00,26,0,36,91,0,76,33,0,0.00,99,0,0.00,0.00,0.00,0.00,0,0,19,17,0.00,0.00,0.00,0,0.00,99,0,0.00,0,0.00,99,0,0.00,0.00,55,1,21,13,0,0,0,0,0,23,40,57,56,0,28,4,12,12,0,0,12,1,N/A,N/A
Anomnachi Chinasa Chidi,21,1089702000,2004/07/13,PrvaLiga,2025/2026,Midfielder,Celje,286,158,128,Sweden,6,3,3,1,1,0,0,0,0,0,0,4,2,2,1,0,1,1,0,0.31,0,0.31,0.57,0,286,0.31,286,48,286,0,0.31,41,174,-1,14,18000,5.61,0,49,9.41,4.29,66,30,3.57,25,62,7.84,68,0.00,0.00,0.00,0,0.00,0.43,0.00,0.00,0,0.00,0.29,0.00,0.00,0.00,0.14,0.57,0.14,2.00,0.63,0.00,0.71,0.00,0.29,0.12,0.00,0.29,0.00,0.00,0,0,,2,0.29,87,2,0.63,98,0,0.00,43,6,2,4,60,0.00,99,0,1,0.31,61,3,55,0.94,93,0,0.00,99,0,0.00,0,0,0.00,0,0.00,42,5,1.57,96,4,1.25,80.00,0,0.00,0,0,0,0.00,0,1,0.00,99,0.31,1,N/A,N/A,N/A,N/A,0.00,0,0.00,0,0.87,0.00,0,83.33,100.00,99,99,0.00,0.00,0,95,67,0,0,0,0.29,0.63,2,99,39.28,0.00,0.00,0,0,0.00,0.00,99,0.00,0,0,0,0.00,0.00,0,0.00,0.00,0.00,0.00,0,0,50.00,77,0,4,59,99,0.05,39,0.01,0.02,0.87,92,0.12,0.27,26,0,0.00,0.00,0.63,0.29,84,2,0.27,87,66,36,91,0,76,91,0,0.00,99,2,0.00,0.63,7.53,3.43,24,10,92,93,3.14,1.43,41.67,2,0.63,5,0,0.00,0,0.00,99,0,0.00,0.00,55,7,48,95,0,0,0,0,0,67,82,57,89,0,28,99,37,75,1,17,67,14,N/A,N/A
Antonio Marin,25,979027200,2001/01/09,PrvaLiga,2025/2026,Forward,Olimpija,945,451,494,Croatia,19,10,9,6,3,3,0,0,0,0,0,5,3,2,13,9,4,4,0,0.57,0,0.57,0.6,0.55,158,1.24,73,50,236,0,0.38,15,162,-1,2,72000,4.25,0,49,6.22,3.20,50,64,2.30,46,30,4.47,47,0.00,0.00,0.10,2,0.00,0.35,0.00,0.00,0,0.00,0.25,0.00,0.00,0.00,0.00,0.55,0.65,1.33,0.78,0.15,0.60,0.00,0.25,0.21,0.00,0.20,0.00,0.00,0,0,,8,0.40,92,5,0.49,96,3,0.29,82,2,10,9,60,0.00,99,0,0,0.00,29,7,65,0.68,86,0,0.00,99,0,0.00,0,0,0.00,0,0.19,66,12,1.17,89,11,1.07,91.67,0,0.00,0,0,0,0.00,0,13,0.00,68,1.26,26,N/A,N/A,N/A,N/A,0.00,0,0.00,0,4.28,0.00,0,71.88,62.50,90,99,0.00,0.00,0,93,75,0,0,0,0.00,0.00,0,60,85.09,0.10,0.19,2,0,0.00,0.00,99,0.00,0,0,0,0.00,0.00,0,0.00,0.00,0.00,0.00,0,0,75.00,84,40,62,47,69,0.19,39,0.01,0.02,4.28,96,0.21,0.42,92,9,0.45,0.87,0.68,0.35,88,7,0.42,95,23,58,91,0,76,78,0,0.00,99,4,0.00,0.39,5.54,2.85,57,25,88,84,2.43,1.25,43.86,5,0.49,8,0,28.57,0,0.00,99,2,0.10,0.19,78,34,93,60,0,0,0,0,0,86,93,94,91,0,92,71,27,86,4,21,73,99,N/A,N/A
Armandas Kučys,23,1046332800,2003/02/27,PrvaLiga,2025/2026,Forward,Celje,409,146,263,Lithuania,7,2,5,5,3,2,0,0,0,0,0,1,0,1,5,1,4,0,0,1.1,0,1.1,1.85,0.68,82,1.1,82,58,0,0,0,3,142,-1,3,48000,5.08,0,49,0.00,0.00,16,0,0.00,0,16,0.00,16,0.00,0.00,0.00,0,0.00,0.00,0.00,0.00,0,0.00,0.00,0.00,0.00,0.00,0.00,0.00,0.75,0.00,0.00,0.00,0.00,0.00,0.00,0.33,0.00,0.00,0.00,0.00,0,0,,0,0.00,36,0,0.00,55,0,0.00,43,3,2,5,60,0.00,99,0,0,0.00,29,0,55,0.00,43,0,0.00,99,0,0.00,0,0,0.00,0,0.00,42,0,0.00,32,0,0.00,0.00,0,0.00,0,0,0,0.00,0,6,0.00,78,1.32,29,N/A,N/A,N/A,N/A,0.00,0,0.00,0,2.60,0.00,0,0.00,0.00,55,99,0.00,0.00,0,35,35,0,0,0,0.00,0.00,0,60,40.60,0.00,0.00,0,0,0.00,0.00,99,0.00,0,0,0,0.00,0.00,0,0.00,0.00,0.00,0.00,0,0,0.00,57,5,10,42,78,0.00,16,0.00,0.00,2.60,98,0.33,0.57,26,0,0.00,0.00,0.00,0.00,26,0,0.57,98,43,36,91,0,76,33,0,0.00,99,0,0.00,0.00,0.00,0.00,0,0,19,17,0.00,0.00,0.00,0,0.00,99,0,0.00,0,0.00,99,0,0.00,0.00,55,13,48,77,0,1,0,14,0,98,99,97,99,0,80,38,12,12,0,0,12,47,N/A,N/A
Artemijus Tutyškinas,22,1060326000,2003/08/08,PrvaLiga,2025/2026,Defender,Celje,1697,751,946,Lithuania,22,9,13,2,0,2,0,0,0,0,0,8,4,4,16,3,13,8,0,0.11,0,0.11,0,0.19,849,0.85,106,77,212,0,0.42,89,167,5,11,42000,5.80,0,49,10.45,8.35,71,192,7.70,177,96,9.64,76,0.00,0.00,0.00,0,0.00,0.00,0.00,0.00,0,0.00,0.00,0.00,0.00,0.00,0.13,0.09,0.78,2.00,0.22,0.09,0.09,0.00,0.09,0.07,0.00,0.30,0.00,0.00,0,0,,4,0.17,65,2,0.11,70,2,0.11,55,3,4,18,60,0.00,99,0,3,0.16,48,0,55,0.00,43,0,0.00,99,0,0.00,0,0,0.00,0,0.00,42,2,0.11,42,2,0.11,100.00,0,0.00,0,0,0,0.00,0,18,0.00,93,0.98,11,N/A,N/A,N/A,N/A,0.00,0,0.00,0,1.60,0.00,0,92.19,50.00,85,99,0.00,0.00,0,47,99,0,0,0,0.17,0.22,4,95,133.45,0.35,0.44,8,0,0.00,0.00,99,0.00,0,0,0,0.00,0.00,0,0.00,0.00,0.00,0.00,0,0,50.00,77,81,82,83,93,0.43,39,0.02,0.02,1.60,66,0.07,0.09,65,6,0.26,0.33,0.27,0.22,55,5,0.09,61,76,79,91,0,76,77,0,0.00,99,7,0.00,0.38,1.96,1.57,36,15,44,37,0.82,0.65,41.67,0,0.00,99,0,0.00,0,0.00,99,0,0.00,0.00,55,77,68,77,0,0,0,0,0,41,59,73,56,0,68,82,23,90,8,36,95,6,N/A,N/A
Ažbe Jug,34,699609600,1992/03/03,PrvaLiga,2025/2026,Goalkeeper,Maribor,2250,1260,990,Slovenia,25,14,11,0,0,0,0,0,0,0,0,10,6,4,24,15,9,3,0,0,0,0,0,0,0,0.96,94,90,750,0,0.12,184,179,10,21,72000,5.89,0,49,4.04,4.04,34,101,3.68,92,91,3.68,39,0.00,0.00,0.00,0,0.00,0.00,0.00,0.00,0,0.00,0.00,0.00,0.00,0.72,0.20,0.00,1.84,0.00,0.00,0.00,0.00,0.00,0.00,0.00,0.00,0.00,0.00,0.00,0,0,,0,0.00,36,0,0.00,55,0,0.00,43,0,0,25,60,0.00,99,0,5,0.20,54,0,55,0.00,43,0,0.00,99,0,0.00,0,0,0.00,0,0.00,42,0,0.00,32,0,0.00,0.00,0,0.00,0,18,70,0.72,50,46,0.00,85,1.84,73,N/A,N/A,N/A,N/A,39.13,0,0.00,0,0.00,0.00,0,91.09,0.00,55,99,0.00,0.00,0,35,35,0,0,8,0.00,0.00,0,60,147.34,0.04,0.04,1,0,0.00,0.00,99,0.00,1,0,0,0.00,0.00,0,0.00,0.00,0.00,0.00,0,0,0.00,57,99,99,40,85,0.19,26,0.01,0.01,0.00,27,0.00,0.00,26,0,0.00,0.00,0.00,0.00,26,0,0.00,26,81,38,91,0,76,33,0,0.00,99,0,0.00,0.00,0.00,0.00,0,0,19,17,0.00,0.00,0.00,0,0.00,99,0,0.00,0,0.00,99,0,0.00,0.00,55,99,21,13,0,0,0,0,0,23,40,57,56,0,92,89,82,30,3,12,47,1,N/A,N/A
Bamba Susso,23,1034146800,2002/10/09,PrvaLiga,2025/2026,Forward,Aluminij,424,221,203,Gambia,6,3,3,2,2,0,0,0,0,0,0,1,0,1,8,7,1,0,0,0.42,0,0.42,0.81,0,212,1.7,53,71,0,0,0,27,211,-1,5,36000,5.48,0,49,0.00,0.00,16,0,0.00,0,16,0.00,16,0.00,0.00,0.00,0,0.00,0.00,0.00,0.00,0,0.00,0.00,0.00,0.00,0.00,0.00,0.00,1.50,0.00,0.00,0.00,0.00,0.00,0.00,0.18,0.00,0.00,0.00,0.00,0,0,,0,0.00,36,0,0.00,55,0,0.00,43,2,1,5,60,0.00,99,0,0,0.00,29,0,55,0.00,43,0,0.00,99,0,0.00,0,0,0.00,0,0.00,42,0,0.00,32,0,0.00,0.00,0,0.00,0,0,0,0.00,0,9,0.00,26,1.91,79,N/A,N/A,N/A,N/A,0.00,0,0.00,0,1.10,0.00,0,0.00,0.00,55,99,0.00,0.00,0,35,35,0,0,0,0.00,0.00,0,60,32.88,0.00,0.00,0,0,0.00,0.00,99,0.00,0,0,0,0.00,0.00,0,0.00,0.00,0.00,0.00,0,0,0.00,57,6,4,52,27,0.00,16,0.00,0.00,1.10,86,0.18,0.23,26,0,0.00,0.00,0.00,0.00,26,0,0.23,83,61,36,91,0,76,33,0,0.00,99,0,0.00,0.00,0.00,0.00,0,0,19,17,0.00,0.00,0.00,0,0.00,99,0,0.00,0,0.00,99,0,0.00,0.00,55,13,38,60,0,0,0,0,0,75,89,57,94,0,58,48,12,12,0,0,12,45,N/A,N/A
Bassirou N'Diaye,24,1013760000,2002/02/15,PrvaLiga,2025/2026,Forward,Koper,252,143,109,Senegal,6,4,2,3,1,2,1,0,1,0,0,1,1,0,4,1,3,0,0,1.43,0.36,1.07,0.63,1.65,84,1.43,63,42,0,252,0,-1,-1,-1,7,36000,5.56,0.17,94,0.00,0.00,16,0,0.00,0,16,0.00,16,0.00,0.00,0.00,0,0.00,0.00,0.00,0.00,0,0.00,0.00,0.00,0.00,0.00,0.00,0.00,0.83,0.00,0.00,0.00,0.00,0.00,0.00,0.29,0.00,0.00,0.00,0.00,0,0,,0,0.00,36,0,0.00,55,0,0.00,43,2,4,2,60,0.00,99,0,0,0.00,29,0,55,0.00,43,0,0.00,99,0,0.00,0,0,0.00,0,0.00,42,0,0.00,32,0,0.00,0.00,0,0.00,0,0,0,0.00,0,5,0.00,58,1.79,67,N/A,N/A,N/A,N/A,0.00,0,0.00,0,1.72,0.00,0,0.00,0.00,55,99,0.00,0.00,0,35,35,1,0,0,0.00,0.00,0,60,33.36,0.00,0.00,0,0,0.00,0.00,99,0.00,0,1,0,0.00,0.00,0,0.00,0.00,0.00,0.00,0,0,0.00,57,0,4,42,58,0.64,94,0.11,0.23,1.02,94,0.17,0.36,26,0,0.00,0.00,0.00,0.00,26,0,0.61,98,65,36,91,0,76,33,0,0.00,99,0,0.00,0.00,0.00,0.00,0,0,19,17,0.00,0.00,0.00,0,0.00,99,0,0.00,0,0.00,99,0,0.00,0.00,55,1,68,60,0,0,0,0,0,99,98,99,91,0,58,48,12,12,0,0,12,8,N/A,N/A
Benjamin Tetteh,28,868518000,1997/07/10,PrvaLiga,2025/2026,Forward,Maribor,1268,702,566,Ghana,21,12,9,11,6,5,4,3,1,0,0,9,6,3,14,6,8,3,0,1.06,0.28,0.78,0.77,0.8,115,0.99,91,60,423,317,0.21,7,24,-1,1,185000,6.33,0.19,89,5.71,3.81,46,80,2.95,62,43,4.43,45,0.00,0.00,0.10,2,0.00,0.33,0.00,0.00,0,0.00,0.52,0.00,0.00,0.00,0.05,0.38,0.71,1.55,1.21,0.38,0.38,0.00,0.43,0.39,0.00,0.62,0.00,0.00,0,0,,17,0.81,97,9,0.64,99,8,0.57,94,3,9,12,60,0.00,99,0,1,0.07,31,7,94,0.50,78,0,0.00,99,0,0.00,0,0,0.00,0,0.14,60,8,0.57,77,8,0.57,100.00,0,0.00,0,0,0,0.00,0,15,0.00,83,1.07,14,N/A,N/A,N/A,N/A,0.00,0,0.00,0,8.19,0.00,0,77.50,52.94,86,99,0.00,0.00,0,82,99,1,1,0,0.10,0.14,2,89,132.88,0.19,0.29,4,0,0.00,0.00,99,0.00,0,2,0,0.00,0.00,0,0.00,0.00,0.36,0.24,5,1,64.71,81,58,72,44,83,1.92,88,0.09,0.14,6.79,97,0.32,0.49,85,10,0.48,0.71,0.86,0.57,93,12,0.58,98,94,68,91,0,97,98,0,0.00,99,13,0.00,0.93,6.36,4.24,89,34,88,88,2.43,1.62,38.20,11,0.79,3,0,71.43,0,0.00,99,5,0.24,0.36,96,48,90,77,0,4,0,19,0,98,97,98,93,0,99,95,55,57,3,14,56,30,N/A,N/A
Beno Selan,21,1104652800,2005/01/02,PrvaLiga,2025/2026,Forward,Bravo,1500,786,714,Slovenia,18,9,9,0,0,0,0,0,0,0,0,4,2,2,24,16,8,3,0,0,0,0,0,0,0,1.44,63,83,500,0,0.18,196,192,-1,26,0,6.34,0,49,8.95,8.28,63,149,7.06,127,69,7.63,67,0.00,0.00,0.17,3,0.00,0.11,0.00,0.00,0,0.00,0.17,0.00,0.00,0.00,0.72,0.22,1.39,0.00,0.18,0.17,0.28,0.00,0.00,0.01,0.00,0.11,0.00,0.00,0,0,,3,0.17,59,0,0.00,55,3,0.18,68,1,0,17,60,0.00,99,0,13,0.78,94,2,55,0.12,55,0,0.00,99,0,0.00,0,0,0.00,0,0.18,65,5,0.30,58,4,0.24,80.00,0,0.00,0,0,0,0.00,0,25,0.00,57,1.50,41,N/A,N/A,N/A,N/A,0.00,0,0.00,0,0.13,0.00,0,85.23,0.00,55,99,0.00,0.00,0,60,67,0,0,0,0.17,0.18,3,92,114.21,0.39,0.42,7,0,0.00,0.00,99,0.00,0,0,0,0.00,0.00,0,0.00,0.00,0.00,0.00,0,0,0.00,57,70,56,40,58,0.37,39,0.02,0.02,0.13,36,0.01,0.01,86,12,0.67,0.72,0.06,0.06,29,1,0.01,35,95,77,91,0,76,47,0,0.00,99,2,0.00,0.12,4.26,3.94,71,30,76,71,1.80,1.67,42.25,3,0.18,31,0,0.00,0,0.00,99,0,0.00,0.00,55,69,21,38,0,0,0,0,0,23,40,57,56,0,22,66,66,48,3,17,67,6,0,0
Bine Anželj,56,N/A,N/A,PrvaLiga,2025/2026,Defender,Radomlje,235,140,95,,7,4,3,0,0,0,0,0,0,0,0,0,0,0,7,5,2,1,0,0,0,0,0,0,0,2.68,34,34,235,0,0.38,-1,-1,-1,28,12500,0.80,0,49,0.00,0.00,16,0,0.00,0,16,0.00,16,0.00,0.00,0.00,0,0.00,0.00,0.00,0.00,0,0.00,0.00,0.00,0.00,0.00,0.00,0.00,0.30,0.00,0.00,0.00,0.00,0.00,0.00,0.00,0.00,0.00,0.00,0.00,0,0,,0,0.00,36,0,0.00,55,0,0.00,43,0,5,2,60,0.00,99,0,0,0.00,29,0,55,0.00,43,0,0.00,99,0,0.00,0,0,0.00,0,0.00,42,0,0.00,32,0,0.00,0.00,0,0.00,0,0,0,0.00,0,7,0.00,1,2.68,96,N/A,N/A,N/A,N/A,0.00,0,0.00,0,0.00,0.00,0,0.00,0.00,55,99,0.00,0.00,0,35,35,0,0,0,0.00,0.00,0,60,18.41,0.00,0.00,0,0,0.00,0.00,99,0.00,0,0,0,0.00,0.00,0,0.00,0.00,0.00,0.00,0,0,0.00,57,0,10,40,1,0.00,16,0.00,0.00,0.00,27,0.00,0.00,26,0,0.00,0.00,0.00,0.00,26,0,0.00,26,0,36,91,0,76,33,0,0.00,99,0,0.00,0.00,0.00,0.00,0,0,19,17,0.00,0.00,0.00,0,0.00,99,0,0.00,0,0.00,99,0,0.00,0.00,55,1,73,13,0,0,0,0,0,23,40,57,56,0,24,4,26,86,1,14,56,4,N/A,N/A
Blaž Kovač,56,N/A,N/A,PrvaLiga,2025/2026,Midfielder,Mura,95,44,51,,3,1,2,0,0,0,0,0,0,0,0,0,0,0,1,0,1,0,0,0,0,0,0,0,0,0.95,95,32,0,0,0,-1,-1,-1,13,0,1.16,0,49,1.88,0.27,23,3,0.18,2,22,1.25,22,0.00,0.00,0.00,0,0.00,0.00,0.00,0.00,0,0.00,0.00,0.00,0.00,0.00,0.00,0.00,0.09,0.00,0.00,0.00,0.00,0.00,0.00,0.00,0.00,0.00,0.00,0.00,0,0,,0,0.00,36,0,0.00,55,0,0.00,43,0,3,0,60,0.00,99,0,0,0.00,29,0,55,0.00,43,0,0.00,99,0,0.00,0,0,0.00,0,0.00,42,0,0.00,32,0,0.00,0.00,0,0.00,0,0,0,0.00,0,1,0.00,86,0.62,2,N/A,N/A,N/A,N/A,0.00,0,0.00,0,0.00,0.00,0,66.67,0.00,55,99,0.00,0.00,0,35,35,0,0,0,0.09,0.62,1,99,12.76,0.00,0.00,0,0,0.00,0.00,99,0.00,0,0,0,0.00,0.00,0,0.00,0.00,0.00,0.00,0,0,0.00,57,0,0,40,86,0.00,16,0.00,0.00,0.00,27,0.00,0.00,26,0,0.00,0.00,0.00,0.00,26,0,0.00,26,0,36,91,0,76,33,0,0.00,99,0,0.00,0.00,0.00,0.00,0,0,19,17,0.00,0.00,0.00,0,0.00,99,0,0.00,0,0.00,99,0,0.00,0.00,55,0,59,13,0,0,0,0,0,23,40,57,56,0,22,4,12,12,0,0,12,5,0,0
Blaž Petriško,56,N/A,N/A,PrvaLiga,2025/2026,Defender,Aluminij,5,5,0,,1,1,0,0,0,0,0,0,0,0,0,0,0,0,0,0,0,0,0,0,0,0,0,0,0,0,0,5,0,0,0,-1,-1,-1,16,15000,1.04,0,49,0.00,0.00,16,0,0.00,0,16,0.00,16,0.00,0.00,0.00,0,0.00,0.00,0.00,0.00,0,0.00,0.00,0.00,0.00,0.00,0.00,0.00,0.17,0.00,0.00,0.00,0.00,0.00,0.00,0.00,0.00,0.00,0.00,0.00,0,0,,0,0.00,36,0,0.00,55,0,0.00,43,0,1,0,60,0.00,99,0,0,0.00,29,0,55,0.00,43,0,0.00,99,0,0.00,0,0,0.00,0,0.00,42,0,0.00,32,0,0.00,0.00,0,0.00,0,0,0,0.00,0,1,0.00,99,18.00,99,N/A,N/A,N/A,N/A,0.00,0,0.00,0,0.00,0.00,0,0.00,0.00,55,99,0.00,0.00,0,35,35,0,0,0,0.00,0.00,0,60,6.26,0.00,0.00,0,0,0.00,0.00,99,0.00,0,0,0,0.00,0.00,0,0.00,0.00,0.00,0.00,0,0,0.00,57,0,0,40,0,0.00,16,0.00,0.00,0.00,27,0.00,0.00,26,0,0.00,0.00,0.00,0.00,26,0,0.00,26,0,36,91,0,76,33,0,0.00,99,0,0.00,0.00,0.00,0.00,0,0,19,17,0.00,0.00,0.00,0,0.00,99,0,0.00,0,0.00,99,0,0.00,0.00,55,0,38,13,0,0,0,0,0,23,40,57,56,0,25,4,12,12,0,0,12,44,N/A,N/A
Bogdan Vaštšuk,30,812790000,1995/10/04,PrvaLiga,2025/2026,Midfielder,Koper,75,0,75,Estonia,3,0,3,0,0,0,0,0,0,0,0,0,0,0,1,0,1,0,0,0,0,0,0,0,0,1.2,75,25,0,0,0,-1,-1,-1,23,0,1.94,0,49,0.00,0.00,16,0,0.00,0,16,0.00,16,0.00,0.00,0.00,0,0.00,0.00,0.00,0.00,0,0.00,0.00,0.00,0.00,0.00,0.00,0.00,0.10,0.00,0.00,0.00,0.00,0.00,0.00,0.00,0.00,0.00,0.00,0.00,0,0,,0,0.00,36,0,0.00,55,0,0.00,43,2,2,1,60,0.00,99,0,0,0.00,29,0,55,0.00,43,0,0.00,99,0,0.00,0,0,0.00,0,0.00,42,0,0.00,32,0,0.00,0.00,0,0.00,0,0,0,0.00,0,1,0.00,71,1.08,14,N/A,N/A,N/A,N/A,0.00,0,0.00,0,0.00,0.00,0,0.00,0.00,55,99,0.00,0.00,0,35,35,0,0,0,0.00,0.00,0,60,19.37,0.00,0.00,0,0,0.00,0.00,99,0.00,0,0,0,0.00,0.00,0,0.00,0.00,0.00,0.00,0,0,0.00,57,0,0,40,71,0.00,16,0.00,0.00,0.00,27,0.00,0.00,26,0,0.00,0.00,0.00,0.00,26,0,0.00,26,1,36,91,0,76,33,0,0.00,99,0,0.00,0.00,0.00,0.00,0,0,19,17,0.00,0.00,0.00,0,0.00,99,0,0.00,0,0.00,99,0,0.00,0.00,55,0,48,60,0,0,0,0,0,23,40,57,56,0,22,4,12,12,0,0,12,59,0,0
Bor Pirih Kerma,56,N/A,N/A,PrvaLiga,2025/2026,Defender,Koper,0,0,0,Slovenia,0,0,0,0,0,0,0,0,0,0,0,0,0,0,0,0,0,0,0,0,0,0,0,0,0,0,0,0,0,0,0,-1,-1,-1,-1,N/A,N/A,N/A,N/A,N/A,N/A,N/A,N/A,N/A,N/A,N/A,N/A,N/A,N/A,N/A,N/A,N/A,N/A,N/A,N/A,N/A,N/A,N/A,N/A,N/A,N/A,N/A,N/A,N/A,N/A,N/A,N/A,N/A,N/A,N/A,N/A,N/A,N/A,N/A,N/A,N/A,N/A,N/A,N/A,N/A,N/A,N/A,N/A,N/A,N/A,N/A,N/A,N/A,N/A,N/A,N/A,N/A,N/A,N/A,N/A,N/A,N/A,N/A,N/A,N/A,N/A,N/A,N/A,N/A,N/A,N/A,N/A,N/A,N/A,N/A,N/A,N/A,N/A,N/A,N/A,N/A,N/A,N/A,N/A,N/A,N/A,N/A,N/A,N/A,N/A,N/A,N/A,N/A,N/A,N/A,N/A,N/A,N/A,N/A,N/A,N/A,N/A,N/A,N/A,N/A,N/A,N/A,N/A,N/A,N/A,N/A,N/A,N/A,N/A,N/A,N/A,N/A,N/A,N/A,N/A,N/A,N/A,N/A,N/A,N/A,N/A,N/A,N/A,N/A,N/A,N/A,N/A,N/A,N/A,N/A,N/A,N/A,N/A,N/A,N/A,N/A,N/A,N/A,N/A,N/A,N/A,N/A,N/A,N/A,N/A,N/A,N/A,N/A,N/A,N/A,N/A,N/A,N/A,N/A,N/A,N/A,N/A,N/A,N/A,N/A,N/A,N/A,N/A,N/A,N/A,N/A,N/A,N/A,N/A,N/A,N/A,N/A,N/A,N/A,N/A,N/A,N/A,N/A,N/A,N/A,N/A,N/A,N/A,N/A,N/A,N/A,N/A,N/A,N/A,N/A,N/A,N/A,N/A,N/A,N/A,N/A,N/A,N/A,N/A,N/A,N/A,N/A,N/A,N/A,N/A,N/A,N/A,N/A,N/A,N/A,N/A,N/A,N/A,N/A,N/A,N/A,N/A,N/A,N/A
Borna Buljan,20,1112684400,2005/04/05,PrvaLiga,2025/2026,Goalkeeper,Bravo,0,0,0,Croatia,0,0,0,0,0,0,0,0,0,0,0,0,0,0,0,0,0,0,0,0,0,0,0,0,0,0,0,0,0,0,0,-1,-1,-1,-1,N/A,N/A,N/A,N/A,N/A,N/A,N/A,N/A,N/A,N/A,N/A,N/A,N/A,N/A,N/A,N/A,N/A,N/A,N/A,N/A,N/A,N/A,N/A,N/A,N/A,N/A,N/A,N/A,N/A,N/A,N/A,N/A,N/A,N/A,N/A,N/A,N/A,N/A,N/A,N/A,N/A,N/A,N/A,N/A,N/A,N/A,N/A,N/A,N/A,N/A,N/A,N/A,N/A,N/A,N/A,N/A,N/A,N/A,N/A,N/A,N/A,N/A,N/A,N/A,N/A,N/A,N/A,N/A,N/A,N/A,N/A,N/A,N/A,N/A,N/A,N/A,N/A,N/A,N/A,N/A,N/A,N/A,N/A,N/A,N/A,N/A,N/A,N/A,N/A,N/A,N/A,N/A,N/A,N/A,N/A,N/A,N/A,N/A,N/A,N/A,N/A,N/A,N/A,N/A,N/A,N/A,N/A,N/A,N/A,N/A,N/A,N/A,N/A,N/A,N/A,N/A,N/A,N/A,N/A,N/A,N/A,N/A,N/A,N/A,N/A,N/A,N/A,N/A,N/A,N/A,N/A,N/A,N/A,N/A,N/A,N/A,N/A,N/A,N/A,N/A,N/A,N/A,N/A,N/A,N/A,N/A,N/A,N/A,N/A,N/A,N/A,N/A,N/A,N/A,N/A,N/A,N/A,N/A,N/A,N/A,N/A,N/A,N/A,N/A,N/A,N/A,N/A,N/A,N/A,N/A,N/A,N/A,N/A,N/A,N/A,N/A,N/A,N/A,N/A,N/A,N/A,N/A,N/A,N/A,N/A,N/A,N/A,N/A,N/A,N/A,N/A,N/A,N/A,N/A,N/A,N/A,N/A,N/A,N/A,N/A,N/A,N/A,N/A,N/A,N/A,N/A,N/A,N/A,N/A,N/A,N/A,N/A,N/A,N/A,N/A,N/A,N/A,N/A,N/A,N/A,N/A,N/A,N/A,N/A
Borna Proleta,24,1006761600,2001/11/26,PrvaLiga,2025/2026,Defender,Mura,2091,990,1101,Croatia,24,11,13,3,2,1,0,0,0,0,0,3,2,1,35,13,22,4,0,0.13,0,0.13,0.18,0.08,697,1.51,60,87,523,0,0.17,82,165,34,3,58000,5.95,0,49,11.36,11.00,74,264,10.12,243,95,10.46,78,0.00,0.00,0.00,0,0.00,0.08,0.04,0.04,1,0.00,0.00,0.00,0.00,0.00,0.58,0.04,1.50,1.67,0.22,0.12,0.04,0.00,0.08,0.09,0.00,0.62,0.00,0.00,0,0,,5,0.21,65,2,0.09,67,3,0.13,60,1,0,24,62,0.00,99,0,14,0.60,87,2,55,0.09,51,0,0.00,99,0,0.00,0,0,0.00,0,0.00,42,1,0.04,34,1,0.04,100.00,0,0.00,0,0,0,0.00,0,36,0.00,50,1.55,43,N/A,N/A,N/A,N/A,0.00,0,0.00,0,2.12,0.00,0,92.05,40.00,73,99,0.00,0.00,0,36,99,0,0,0,0.08,0.09,2,76,142.70,0.88,0.90,21,0,0.00,0.00,99,0.00,0,0,1,0.04,0.04,0,0.00,0.00,0.00,0.00,0,0,60.00,79,96,95,79,51,0.44,39,0.02,0.02,2.12,66,0.09,0.09,39,3,0.12,0.13,0.43,0.42,71,10,0.09,61,83,94,92,0,76,92,0,0.00,99,15,0.00,0.65,2.75,2.67,64,26,56,48,1.12,1.08,40.62,0,0.00,99,0,0.00,0,0.00,99,0,0.00,0.00,55,97,21,38,0,0,0,0,0,47,62,58,70,0,84,30,68,45,4,17,67,26,N/A,N/A
Bradley Matufueni M,24,1004428800,2001/10/30,PrvaLiga,2025/2026,Defender,Maribor,2114,1170,944,France,24,13,11,0,0,0,0,0,0,0,0,9,5,4,24,15,9,1,0,0,0,0,0,0,0,1.02,88,88,2114,0,0.04,193,182,13,25,54000,5.73,0,49,9.41,8.84,66,221,7.92,198,86,8.43,71,0.00,0.00,0.00,0,0.00,0.00,0.00,0.00,0,0.00,0.00,0.00,0.00,0.00,0.40,0.12,1.12,0.00,0.00,0.00,0.12,0.00,0.00,0.00,0.00,0.32,0.00,0.00,0,0,,0,0.00,36,0,0.00,55,0,0.00,43,0,1,23,60,0.00,99,0,10,0.43,73,0,55,0.00,43,0,0.00,99,0,0.00,0,0,0.00,0,0.00,42,3,0.13,45,3,0.13,100.00,0,0.00,0,0,0,0.00,0,28,0.00,80,1.19,23,N/A,N/A,N/A,N/A,0.00,0,0.00,0,0.00,0.00,0,89.59,0.00,55,99,0.00,0.00,0,51,99,0,0,0,0.08,0.09,2,76,143.32,0.60,0.64,15,0,0.00,0.00,99,0.00,0,0,0,0.00,0.00,0,0.00,0.00,0.09,0.08,2,0,0.00,57,96,95,40,80,0.46,39,0.02,0.02,0.00,27,0.00,0.00,29,1,0.04,0.04,0.30,0.28,56,7,0.00,26,75,88,91,0,89,74,0,0.00,99,8,0.00,0.34,3.11,2.92,73,25,53,54,1.06,1.00,34.25,0,0.00,99,0,0.00,0,0.00,99,0,0.00,0.00,55,95,38,13,0,0,0,0,0,23,40,57,56,0,84,85,99,13,1,4,16,6,N/A,N/A
Brice Negouai,24,1013932800,2002/02/17,PrvaLiga,2025/2026,Defender,Koper,737,274,463,France,15,7,8,0,0,0,1,0,1,0,0,1,1,0,14,6,8,1,1,0.12,0.12,0,0,0,0,1.71,53,49,369,737,0.24,203,69,49,26,36000,3.21,0.07,68,15.00,5.35,86,123,4.70,108,81,13.17,85,0.00,0.00,0.09,2,0.00,0.13,0.00,0.00,0,0.00,0.09,0.00,0.00,0.00,0.13,0.17,0.78,0.00,0.12,0.04,0.22,0.00,0.00,0.00,0.00,0.17,0.00,0.00,0,0,,1,0.04,51,0,0.00,55,1,0.12,58,0,8,7,60,0.00,99,0,3,0.37,68,3,93,0.37,72,0,0.00,99,0,0.00,0,0,0.00,0,0.24,76,5,0.61,77,4,0.49,80.00,0,0.00,0,0,0,0.00,0,18,0.00,24,2.20,91,N/A,N/A,N/A,N/A,0.00,0,0.00,0,0.05,0.00,0,87.80,0.00,55,99,0.00,0.00,0,79,67,0,0,0,0.04,0.12,1,84,73.80,0.13,0.37,3,0,0.00,0.00,99,0.00,0,0,0,0.00,0.00,0,0.00,0.00,0.00,0.00,0,0,0.00,57,27,35,40,27,0.31,53,0.01,0.04,0.05,36,0.00,0.01,83,5,0.22,0.61,0.49,0.17,78,4,0.01,35,8,74,91,0,76,84,0,0.00,99,4,0.00,0.49,6.46,2.30,53,31,96,90,3.78,1.35,58.49,2,0.24,22,0,66.67,0,0.00,99,2,0.09,0.24,85,28,86,13,0,0,0,0,0,43,40,57,56,0,58,7,48,65,0,0,12,-1,N/A,N/A
Brown Irabor,21,1080633600,2004/03/30,PrvaLiga,2025/2026,Midfielder,Koper,90,0,90,France,1,0,1,0,0,0,0,0,0,0,0,0,0,0,2,0,2,0,0,0,0,0,0,0,0,2,45,90,0,0,0,-1,-1,-1,33,30000,0.00,0,49,0.00,0.00,16,0,0.00,0,16,0.00,16,0.00,0.00,0.00,0,0.00,0.00,0.00,0.00,0,0.00,0.00,0.00,0.00,0.00,0.00,0.00,1.00,0.00,0.00,0.00,0.00,0.00,0.00,0.00,0.00,0.00,0.00,0.00,0,0,,0,0.00,36,0,0.00,55,0,0.00,43,0,0,1,60,0.00,99,0,0,0.00,29,0,55,0.00,43,0,0.00,99,0,0.00,0,0,0.00,0,0.00,42,0,0.00,32,0,0.00,0.00,0,0.00,0,0,0,0.00,0,2,0.00,7,2.00,81,N/A,N/A,N/A,N/A,0.00,0,0.00,0,0.00,0.00,0,0.00,0.00,55,99,0.00,0.00,0,35,35,0,0,0,0.00,0.00,0,60,0.00,0.00,0.00,0,0,0.00,0.00,99,0.00,0,0,0,0.00,0.00,0,0.00,0.00,0.00,0.00,0,0,0.00,57,0,0,40,7,0.00,16,0.00,0.00,0.00,27,0.00,0.00,26,0,0.00,0.00,0.00,0.00,26,0,0.00,26,0,36,91,0,76,33,0,0.00,99,0,0.00,0.00,0.00,0.00,0,0,19,17,0.00,0.00,0.00,0,0.00,99,0,0.00,0,0.00,99,0,0.00,0.00,55,0,21,13,0,0,0,0,0,23,40,57,56,0,44,4,12,12,0,0,12,12,N/A,N/A
Bruno Lourenço,28,886406400,1998/02/02,PrvaLiga,2025/2026,Midfielder,Olimpija,455,315,140,Portugal,6,4,2,0,0,0,2,1,1,0,0,2,2,0,6,4,2,1,0,0.4,0.4,0,0,0,0,1.19,76,76,455,228,0.2,141,11,-1,15,72000,3.23,0.33,95,0.00,0.00,16,0,0.00,0,16,0.00,16,0.00,0.00,0.00,0,0.00,0.00,0.00,0.00,0,0.00,0.00,0.00,0.00,0.00,0.00,0.00,1.00,0.00,0.00,0.00,0.00,0.00,0.00,0.00,0.00,0.00,0.00,0.00,0,0,,0,0.00,36,0,0.00,55,0,0.00,43,1,0,6,60,0.00,99,0,0,0.00,29,0,55,0.00,43,0,0.00,99,0,0.00,0,0,0.00,0,0.00,42,0,0.00,32,0,0.00,0.00,0,0.00,0,0,0,0.00,0,6,0.00,72,1.19,23,N/A,N/A,N/A,N/A,0.00,0,0.00,0,0.00,0.00,0,0.00,0.00,55,99,0.00,0.00,0,35,35,0,0,0,0.00,0.00,0,60,19.37,0.00,0.00,0,0,0.00,0.00,99,0.00,0,0,0,0.00,0.00,0,0.00,0.00,0.00,0.00,0,0,0.00,57,9,4,40,72,0.59,83,0.10,0.12,0.00,27,0.00,0.00,26,0,0.00,0.00,0.00,0.00,26,0,0.00,26,9,36,91,0,76,33,0,0.00,99,0,0.00,0.00,0.00,0.00,0,0,19,17,0.00,0.00,0.00,0,0.00,99,0,0.00,0,0.00,99,0,0.00,0.00,55,23,21,38,0,0,0,0,0,73,40,57,56,0,92,80,61,55,1,17,67,8,N/A,N/A
Cedomir Bumbic,26,936774000,1999/09/08,PrvaLiga,2025/2026,Midfielder,Maribor,1090,731,359,Austria,14,9,5,1,1,0,1,1,0,0,0,7,4,3,10,10,0,2,0,0.17,0.08,0.08,0.12,0,1090,0.83,109,78,545,1090,0.17,98,85,-1,12,36000,4.85,0.07,59,13.88,9.88,82,168,7.94,135,50,11.16,81,0.00,0.00,0.53,9,0.00,0.71,0.00,0.00,0,0.00,0.06,0.00,0.00,0.00,0.24,0.24,0.65,1.00,0.08,0.00,0.71,0.00,0.06,0.04,0.00,0.12,0.00,0.00,0,0,,1,0.06,44,1,0.08,64,0,0.00,43,2,2,12,60,0.00,99,0,4,0.33,64,12,71,0.99,94,0,0.00,99,0,0.00,0,0,0.00,0,0.74,99,12,0.99,86,4,0.33,33.33,0,0.00,0,0,0,0.00,0,11,0.00,93,0.91,9,N/A,N/A,N/A,N/A,0.00,0,0.00,0,0.70,0.00,0,80.36,100.00,99,99,0.00,0.00,0,67,36,0,0,0,0.00,0.00,0,60,82.40,0.24,0.33,4,1,0.00,0.08,2,0.06,0,0,0,0.00,0.00,0,0.00,0.00,0.00,0.00,0,0,100.00,92,46,30,88,93,1.23,78,0.07,0.10,0.70,57,0.04,0.06,46,2,0.12,0.17,0.25,0.18,49,3,0.06,54,35,70,91,0,76,56,0,0.00,99,2,0.00,0.17,4.13,2.94,50,18,70,69,1.49,1.06,36.00,1,0.08,51,0,33.33,0,0.00,99,4,0.24,0.33,92,48,48,60,0,0,0,0,0,54,54,57,64,0,58,97,70,45,2,14,56,3,N/A,N/A
Christalino Atemona,23,1019804400,2002/04/26,PrvaLiga,2025/2026,Defender,Bravo,2000,884,1116,Germany,23,10,13,1,1,0,0,0,0,0,0,4,2,2,32,17,15,4,0,0.05,0,0.05,0.1,0,2000,1.44,63,87,500,0,0.18,116,202,30,16,48000,5.91,0,49,8.14,7.54,60,181,6.67,160,83,7.20,62,0.00,0.00,0.00,0,0.00,0.00,0.00,0.00,0,0.00,0.00,0.00,0.00,0.00,0.50,0.08,1.42,0.00,0.09,0.04,0.08,0.00,0.04,0.01,0.00,0.04,0.00,0.00,0,0,,2,0.08,46,1,0.04,56,1,0.04,44,1,1,22,60,0.00,99,0,12,0.54,83,0,55,0.00,43,0,0.00,99,0,0.00,0,0,0.00,0,0.00,42,2,0.09,40,2,0.09,100.00,0,0.00,0,0,0,0.00,0,34,0.00,57,1.53,43,N/A,N/A,N/A,N/A,0.00,0,0.00,0,0.20,0.00,0,88.40,50.00,85,99,0.00,0.00,0,45,99,0,0,0,0.08,0.09,2,76,141.91,0.42,0.45,10,1,0.00,0.04,5,0.04,0,0,0,0.00,0.00,0,0.00,0.00,0.04,0.04,1,0,0.00,57,93,90,99,58,0.36,39,0.01,0.02,0.20,36,0.01,0.01,26,0,0.00,0.00,0.45,0.42,72,10,0.01,35,82,80,91,0,78,34,0,0.00,99,1,0.00,0.04,2.29,2.12,51,12,32,41,0.54,0.50,23.53,0,0.00,99,0,0.00,0,0.00,99,0,0.00,0.00,55,92,38,38,0,0,0,0,0,26,44,57,60,0,80,48,66,48,4,17,67,3,N/A,N/A
Damjan Bohar,34,687769200,1991/10/18,PrvaLiga,2025/2026,Forward,Koper,212,191,21,Slovenia,7,4,3,0,0,0,0,0,0,0,0,1,1,0,2,2,0,0,0,0,0,0,0,0,0,0.85,106,30,0,0,0,-1,-1,-1,29,0,2.34,0,49,17.26,3.82,90,42,2.73,30,28,12.33,84,0.00,0.00,0.00,0,0.00,0.45,0.00,0.00,0,0.00,0.09,0.00,0.00,0.00,0.00,0.18,0.18,0.00,1.64,0.36,0.27,0.00,0.00,0.02,0.00,0.00,0.00,0.00,0,0,,4,0.36,99,0,0.00,55,4,1.64,99,5,4,3,60,0.00,99,0,0,0.00,29,5,55,2.05,99,0,0.00,99,0,0.00,0,0,0.00,0,0.00,42,3,1.23,90,2,0.82,66.67,0,0.00,0,0,0,0.00,0,2,0.00,93,0.82,5,N/A,N/A,N/A,N/A,0.00,0,0.00,0,0.21,0.00,0,71.43,0.00,55,99,0.00,0.00,0,89,56,0,0,0,0.00,0.00,0,60,25.77,0.00,0.00,0,0,0.00,0.00,99,0.00,0,0,1,0.09,0.41,0,0.00,0.00,0.82,0.18,2,0,0.00,57,0,10,40,93,0.06,39,0.01,0.02,0.21,66,0.02,0.09,98,4,0.36,1.64,0.00,0.00,26,0,0.09,61,1,36,99,0,99,33,0,0.00,99,0,0.00,0.00,9.04,2.00,22,9,95,95,3.70,0.82,40.91,1,0.41,10,0,0.00,0,0.00,99,0,0.00,0.00,55,2,68,92,0,0,0,0,0,23,40,57,56,0,22,38,12,12,0,0,12,-1,0,0
Damjan Vukliševič,30,804322800,1995/06/28,PrvaLiga,2025/2026,Defender,Celje,902,381,521,Slovenia,13,6,7,3,0,3,0,0,0,0,0,7,4,3,8,2,6,2,0,0.3,0,0.3,0,0.52,301,0.8,113,69,451,0,0.2,42,168,3,10,48000,3.32,0,49,15.27,6.12,87,153,5.72,143,97,14.27,90,0.00,0.00,0.00,0,0.00,0.00,0.00,0.00,0,0.00,0.00,0.00,0.00,0.00,0.20,0.00,0.36,0.33,0.10,0.04,0.00,0.00,0.00,0.07,0.00,0.16,0.00,0.00,0,0,,1,0.04,48,0,0.00,55,1,0.10,54,1,4,9,60,0.00,99,0,5,0.50,79,0,55,0.00,43,0,0.00,99,0,0.00,0,0,0.00,0,0.00,42,0,0.00,32,0,0.00,0.00,0,0.00,0,0,0,0.00,0,9,0.00,94,0.90,9,N/A,N/A,N/A,N/A,0.00,0,0.00,0,1.75,0.00,0,93.46,0.00,55,99,0.00,0.00,0,35,35,0,0,0,0.00,0.00,0,60,83.02,0.20,0.50,5,0,0.00,0.00,99,0.00,0,0,0,0.00,0.00,0,0.00,0.00,0.00,0.00,0,0,300.00,99,37,26,60,94,0.28,47,0.01,0.03,1.75,82,0.07,0.17,26,0,0.00,0.00,0.20,0.08,45,2,0.17,77,10,84,91,0,76,78,0,0.00,99,4,0.00,0.40,1.20,0.48,12,6,35,30,0.60,0.24,50.00,0,0.00,99,0,0.00,0,0.00,99,0,0.00,0.00,55,34,68,38,0,0,0,0,0,66,81,93,56,0,80,98,60,55,2,15,58,-1,N/A,N/A
Daniel Pavlev,25,971247600,2000/10/11,PrvaLiga,2025/2026,Defender,NK Primorje,44,0,44,Slovenia,1,0,1,0,0,0,0,0,0,0,0,0,0,0,2,0,2,0,0,0,0,0,0,0,0,4.09,22,44,0,0,0,-1,-1,-1,13,15500,0.67,0,49,0.00,0.00,16,0,0.00,0,16,0.00,16,0.00,0.00,0.00,0,0.00,0.00,0.00,0.00,0,0.00,0.00,0.00,0.00,0.00,0.00,0.00,0.22,0.00,0.00,0.00,0.00,0.00,0.00,0.00,0.00,0.00,0.00,0.00,0,0,,0,0.00,36,0,0.00,55,0,0.00,43,0,1,0,60,0.00,99,0,0,0.00,29,0,55,0.00,43,0,0.00,99,0,0.00,0,0,0.00,0,0.00,42,0,0.00,32,0,0.00,0.00,0,0.00,0,0,0,0.00,0,2,0.00,0,4.09,99,N/A,N/A,N/A,N/A,0.00,0,0.00,0,0.00,0.00,0,0.00,0.00,55,99,0.00,0.00,0,35,35,0,0,0,0.00,0.00,0,60,6.05,0.00,0.00,0,0,0.00,0.00,99,0.00,0,0,0,0.00,0.00,0,0.00,0.00,0.00,0.00,0,0,0.00,57,0,0,40,0,0.00,16,0.00,0.00,0.00,27,0.00,0.00,26,0,0.00,0.00,0.00,0.00,26,0,0.00,26,0,36,91,0,76,33,0,0.00,99,0,0.00,0.00,0.00,0.00,0,0,19,17,0.00,0.00,0.00,0,0.00,99,0,0.00,0,0.00,99,0,0.00,0.00,55,0,38,13,0,0,0,0,0,23,40,57,56,0,25,4,12,12,0,0,12,72,N/A,N/A
Daniil Churakov,56,N/A,N/A,PrvaLiga,2025/2026,Goalkeeper,Radomlje,0,0,0,Russia,0,0,0,0,0,0,0,0,0,0,0,0,0,0,0,0,0,0,0,0,0,0,0,0,0,0,0,0,0,0,0,-1,-1,-1,-1,N/A,N/A,N/A,N/A,N/A,N/A,N/A,N/A,N/A,N/A,N/A,N/A,N/A,N/A,N/A,N/A,N/A,N/A,N/A,N/A,N/A,N/A,N/A,N/A,N/A,N/A,N/A,N/A,N/A,N/A,N/A,N/A,N/A,N/A,N/A,N/A,N/A,N/A,N/A,N/A,N/A,N/A,N/A,N/A,N/A,N/A,N/A,N/A,N/A,N/A,N/A,N/A,N/A,N/A,N/A,N/A,N/A,N/A,N/A,N/A,N/A,N/A,N/A,N/A,N/A,N/A,N/A,N/A,N/A,N/A,N/A,N/A,N/A,N/A,N/A,N/A,N/A,N/A,N/A,N/A,N/A,N/A,N/A,N/A,N/A,N/A,N/A,N/A,N/A,N/A,N/A,N/A,N/A,N/A,N/A,N/A,N/A,N/A,N/A,N/A,N/A,N/A,N/A,N/A,N/A,N/A,N/A,N/A,N/A,N/A,N/A,N/A,N/A,N/A,N/A,N/A,N/A,N/A,N/A,N/A,N/A,N/A,N/A,N/A,N/A,N/A,N/A,N/A,N/A,N/A,N/A,N/A,N/A,N/A,N/A,N/A,N/A,N/A,N/A,N/A,N/A,N/A,N/A,N/A,N/A,N/A,N/A,N/A,N/A,N/A,N/A,N/A,N/A,N/A,N/A,N/A,N/A,N/A,N/A,N/A,N/A,N/A,N/A,N/A,N/A,N/A,N/A,N/A,N/A,N/A,N/A,N/A,N/A,N/A,N/A,N/A,N/A,N/A,N/A,N/A,N/A,N/A,N/A,N/A,N/A,N/A,N/A,N/A,N/A,N/A,N/A,N/A,N/A,N/A,N/A,N/A,N/A,N/A,N/A,N/A,N/A,N/A,N/A,N/A,N/A,N/A,N/A,N/A,N/A,N/A,N/A,N/A,N/A,N/A,N/A,N/A,N/A,N/A,N/A,N/A,N/A,N/A,N/A,N/A
Danijel Šturm,27,915436800,1999/01/04,PrvaLiga,2025/2026,Forward,Celje,1273,728,545,Slovenia,18,9,9,5,3,2,5,3,2,0,0,9,5,4,12,2,10,3,0,0.71,0.35,0.35,0.37,0.33,255,0.85,106,71,424,255,0.21,34,14,-1,5,42000,6.49,0.28,94,6.92,5.44,54,98,3.61,65,21,4.59,48,0.00,0.00,0.22,4,0.00,1.06,0.00,0.00,0,0.00,0.22,0.00,0.00,0.00,0.11,1.28,0.67,3.20,1.13,0.44,1.50,0.00,0.44,0.24,0.00,0.11,0.00,0.00,0,0,,16,0.89,97,8,0.57,98,8,0.57,94,5,3,15,60,0.00,99,0,2,0.14,45,19,55,1.34,98,0,0.00,99,0,0.00,0,0,0.00,0,0.28,81,27,1.91,97,23,1.62,85.19,0,0.00,0,0,0,0.00,0,12,0.00,93,0.85,6,N/A,N/A,N/A,N/A,0.00,0,0.00,0,4.41,0.00,0,66.33,50.00,85,99,0.00,0.00,0,98,69,2,0,0,0.11,0.14,2,89,116.76,0.17,0.21,3,0,0.00,0.00,99,0.00,0,2,1,0.06,0.07,0,0.00,0.00,0.07,0.06,1,0,31.25,65,59,56,56,93,1.90,85,0.11,0.13,3.01,84,0.17,0.21,60,4,0.22,0.28,0.64,0.50,85,9,0.31,91,96,60,95,0,86,50,0,0.00,99,2,0.00,0.14,5.58,4.39,79,36,89,86,2.54,2.00,45.57,4,0.28,18,0,10.53,0,0.00,99,2,0.11,0.14,73,62,59,92,0,0,0,0,0,93,84,81,84,0,68,97,56,57,3,17,67,-1,N/A,N/A
Danylo Malov,19,1169971200,2007/01/28,PrvaLiga,2025/2026,Defender,Olimpija,20,8,12,Ukraine,2,1,1,0,0,0,0,0,0,0,0,0,0,0,1,0,1,0,0,0,0,0,0,0,0,4.5,20,10,0,0,0,-1,-1,-1,20,0,1.39,0,49,49.50,1.22,99,11,1.11,10,89,45.00,99,0.00,0.00,0.00,0,0.00,0.11,4.50,0.11,1,0.00,0.00,0.00,0.00,0.00,0.00,0.00,0.22,0.00,0.00,0.00,0.00,0.00,0.00,0.00,0.00,0.00,0.00,0.00,0,0,,0,0.00,36,0,0.00,55,0,0.00,43,0,2,0,99,0.00,99,0,0,0.00,29,1,55,4.50,99,0,0.00,99,0,0.00,0,0,0.00,0,0.00,42,0,0.00,32,0,0.00,0.00,0,0.00,0,0,0,0.00,0,2,0.00,0,9.00,99,N/A,N/A,N/A,N/A,0.00,0,0.00,0,0.00,0.00,0,90.91,0.00,55,99,0.00,0.00,0,35,35,0,0,0,0.00,0.00,0,60,12.55,0.22,9.00,2,0,0.00,0.00,99,0.00,0,0,0,0.00,0.00,0,0.00,0.00,0.00,0.00,0,0,0.00,57,0,0,40,0,0.02,74,0.00,0.09,0.00,27,0.00,0.00,26,0,0.00,0.00,4.50,0.11,99,1,0.00,26,1,99,91,0,76,33,0,0.00,99,0,0.00,0.00,22.50,0.56,5,1,97,99,4.50,0.11,20.00,0,0.00,99,0,0.00,0,0.00,99,0,0.00,0.00,55,0,48,13,0,0,0,0,0,23,40,57,56,0,22,4,12,12,0,0,12,38,0,0
Dario Vizinger,27,897116400,1998/06/06,PrvaLiga,2025/2026,Forward,Maribor,1985,1062,923,Croatia,25,14,11,8,7,1,4,3,1,0,0,7,5,2,31,13,18,3,0,0.54,0.18,0.36,0.59,0.1,248,1.41,64,79,662,496,0.14,32,45,-1,2,0,6.31,0.16,80,3.30,2.92,28,73,2.08,52,27,2.35,27,0.00,0.00,0.20,5,0.00,0.20,0.05,0.04,1,0.00,0.20,0.00,0.00,0.00,0.08,0.44,1.24,0.88,0.32,0.12,0.48,0.00,0.16,0.20,0.00,0.28,0.00,0.00,0,0,,7,0.28,71,4,0.18,80,3,0.14,62,2,1,24,65,0.00,99,0,2,0.09,35,5,60,0.23,62,0,0.00,99,0,0.00,0,0,0.00,0,0.23,74,12,0.54,73,11,0.50,91.67,0,0.00,0,0,0,0.00,0,31,0.00,59,1.40,34,N/A,N/A,N/A,N/A,0.00,0,0.00,0,4.91,0.00,0,71.23,57.14,87,99,0.00,0.00,0,80,75,2,0,0,0.00,0.00,0,60,157.84,0.20,0.23,5,0,0.00,0.00,99,0.00,0,2,0,0.00,0.00,0,0.00,0.00,0.14,0.12,3,0,114.29,93,93,99,56,60,1.38,62,0.06,0.06,3.51,79,0.14,0.16,75,10,0.40,0.45,0.41,0.36,70,9,0.22,80,94,62,91,0,93,71,0,0.00,99,7,0.00,0.32,4.52,4.00,100,29,63,77,1.31,1.16,29.00,5,0.23,24,0,20.00,0,0.00,99,1,0.04,0.05,57,97,38,60,0,2,0,8,0,83,85,61,90,0,22,73,79,36,3,12,47,29,0,0
Darko Hrka,26,943084800,1999/11/20,PrvaLiga,2025/2026,Midfielder,Celje,1088,562,526,Slovenia,18,10,8,1,0,1,0,0,0,0,0,6,5,1,9,2,7,3,0,0.08,0,0.08,0,0.17,1088,0.74,121,60,363,0,0.25,97,178,-1,16,36000,4.62,0,49,14.68,7.56,84,189,6.92,173,93,13.43,87,0.00,0.00,0.00,0,0.00,0.00,0.00,0.00,0,0.00,0.04,0.00,0.00,0.00,0.32,0.00,0.56,1.00,0.08,0.04,0.00,0.00,0.00,0.03,0.00,0.32,0.00,0.00,0,0,,1,0.04,44,0,0.00,55,1,0.08,51,2,6,12,60,0.00,99,0,8,0.62,89,0,55,0.00,43,0,0.00,99,0,0.00,0,0,0.00,0,0.00,42,0,0.00,32,0,0.00,0.00,0,0.00,0,0,0,0.00,0,14,0.00,95,1.09,16,N/A,N/A,N/A,N/A,0.00,0,0.00,0,0.64,0.00,0,91.53,0.00,55,99,0.00,0.00,0,35,35,0,0,0,0.16,0.31,4,98,115.48,0.52,1.01,13,0,0.00,0.00,99,0.00,0,0,0,0.00,0.00,0,0.00,0.00,0.00,0.00,0,0,100.00,92,46,56,88,95,0.41,47,0.02,0.03,0.64,54,0.03,0.05,43,2,0.08,0.16,0.54,0.28,80,7,0.05,51,31,95,91,0,76,91,0,0.00,99,8,0.00,0.62,2.72,1.40,35,14,54,47,1.09,0.56,40.00,1,0.08,51,0,0.00,0,0.00,99,0,0.00,0.00,55,48,79,60,0,0,0,0,0,33,54,71,56,0,58,80,46,66,3,17,67,4,N/A,N/A
David Castro Pazos,30,813222000,1995/10/09,PrvaLiga,2025/2026,Defender,Celje,107,44,63,Spain,2,1,1,0,0,0,0,0,0,0,0,0,0,0,1,0,1,1,0,0,0,0,0,0,0,0.84,107,54,107,0,0.84,-1,-1,-1,23,60000,1.82,0,49,0.00,0.00,16,0,0.00,0,16,0.00,16,0.00,0.00,0.00,0,0.00,0.00,0.00,0.00,0,0.00,0.00,0.00,0.00,0.00,0.00,0.00,0.14,0.00,0.00,0.00,0.00,0.00,0.00,0.00,0.00,0.00,0.00,0.00,0,0,,0,0.00,36,0,0.00,55,0,0.00,43,4,1,1,60,0.00,99,0,0,0.00,29,0,55,0.00,43,0,0.00,99,0,0.00,0,0,0.00,0,0.00,42,0,0.00,32,0,0.00,0.00,0,0.00,0,0,0,0.00,0,1,0.00,93,0.84,5,N/A,N/A,N/A,N/A,0.00,0,0.00,0,0.00,0.00,0,0.00,0.00,55,99,0.00,0.00,0,35,35,0,0,0,0.00,0.00,0,60,12.75,0.00,0.00,0,0,0.00,0.00,99,0.00,0,0,0,0.00,0.00,0,0.00,0.00,0.00,0.00,0,0,0.00,57,0,0,40,93,0.00,16,0.00,0.00,0.00,27,0.00,0.00,26,0,0.00,0.00,0.00,0.00,26,0,0.00,26,1,36,91,0,76,33,0,0.00,99,0,0.00,0.00,0.00,0.00,0,0,19,17,0.00,0.00,0.00,0,0.00,99,0,0.00,0,0.00,99,0,0.00,0.00,55,0,38,85,0,0,0,0,0,23,40,57,56,0,85,4,12,99,1,50,99,-1,N/A,N/A
David Pejičić,18,1181804400,2007/06/14,PrvaLiga,2025/2026,Midfielder,Maribor,1126,626,500,Slovenia,16,9,7,5,3,2,3,2,1,0,0,8,5,3,8,5,3,2,0,0.64,0.24,0.4,0.43,0.36,225,0.64,141,70,563,375,0.16,29,30,-1,4,24000,6.17,0.19,88,0.00,0.00,16,0,0.00,0,16,0.00,16,0.00,0.00,0.00,0,0.00,0.00,0.00,0.00,0,0.00,0.00,0.00,0.00,0.00,0.00,0.00,0.50,0.00,0.00,0.00,0.00,0.00,0.00,0.19,0.00,0.00,0.00,0.00,0,0,,0,0.00,36,0,0.00,55,0,0.00,43,2,2,14,60,0.00,99,0,0,0.00,29,0,55,0.00,43,0,0.00,99,0,0.00,0,0,0.00,0,0.00,42,0,0.00,32,0,0.00,0.00,0,0.00,0,0,0,0.00,0,8,0.00,97,0.64,3,N/A,N/A,N/A,N/A,0.00,0,0.00,0,2.98,0.00,0,0.00,0.00,55,99,0.00,0.00,0,35,35,0,0,0,0.00,0.00,0,60,98.78,0.00,0.00,0,0,0.00,0.00,99,0.00,0,0,0,0.00,0.00,0,0.00,0.00,0.00,0.00,0,0,0.00,57,49,44,54,97,1.81,88,0.11,0.14,2.98,89,0.19,0.24,26,0,0.00,0.00,0.00,0.00,26,0,0.24,85,92,36,91,0,76,33,0,0.00,99,0,0.00,0.00,0.00,0.00,0,0,19,17,0.00,0.00,0.00,0,0.00,99,0,0.00,0,0.00,99,0,0.00,0.00,55,57,48,60,0,0,0,0,0,89,87,83,88,0,35,97,73,42,2,12,47,79,N/A,N/A
David Stojanoski,18,1174374000,2007/03/20,PrvaLiga,2025/2026,Forward,Bravo,116,26,90,Slovenia,2,1,1,0,0,0,0,0,0,0,0,0,0,0,2,1,1,1,0,0,0,0,0,0,0,1.55,58,58,116,0,0.78,-1,-1,-1,25,12000,0.60,0,49,6.21,0.38,49,8,0.29,6,37,4.66,49,0.00,0.00,0.05,1,0.00,0.05,0.00,0.00,0,0.00,0.00,0.00,0.00,0.00,0.00,0.00,0.10,0.00,0.78,0.05,0.00,0.00,0.00,0.00,0.00,0.00,0.00,0.00,0,0,,1,0.05,92,0,0.00,55,1,0.78,98,0,1,1,60,0.00,99,0,0,0.00,29,1,99,0.78,91,0,0.00,99,0,0.00,0,0,0.00,0,0.78,99,0,0.00,32,0,0.00,0.00,0,0.00,0,0,0,0.00,0,2,0.00,45,1.55,43,N/A,N/A,N/A,N/A,0.00,0,0.00,0,0.05,0.00,0,75.00,0.00,55,99,0.00,0.00,0,35,35,0,0,0,0.00,0.00,0,60,12.51,0.00,0.00,0,0,0.00,0.00,99,0.00,0,0,0,0.00,0.00,0,0.00,0.00,0.00,0.00,0,0,0.00,57,0,0,40,46,0.05,53,0.00,0.04,0.05,53,0.00,0.04,26,0,0.00,0.00,0.00,0.00,26,0,0.04,49,0,36,91,0,76,33,0,0.00,99,0,0.00,0.00,3.88,0.24,5,0,19,64,0.00,0.00,0.00,0,0.00,99,0,100.00,0,0.00,99,1,0.05,0.78,98,0,38,13,0,0,0,0,0,23,40,57,56,0,24,4,12,99,1,50,99,-1,N/A,N/A
Dejan Lazarević,36,635068800,1990/02/15,PrvaLiga,2025/2026,Midfielder,Domžale,31,0,31,Slovenia,2,0,2,0,0,0,0,0,0,0,0,0,0,0,0,0,0,0,0,0,0,0,0,0,0,0,0,16,0,0,0,-1,-1,-1,21,36000,0.93,0,49,2.90,0.07,25,1,0.00,0,16,0.00,16,0.00,0.00,0.00,0,0.00,0.00,0.00,0.00,0,0.00,0.00,0.00,0.00,0.00,0.00,0.00,0.07,0.00,2.90,0.07,0.00,0.00,0.00,0.00,0.00,0.00,0.00,0.00,0,0,,1,0.07,99,0,0.00,55,1,2.90,99,3,1,1,60,0.00,99,0,0,0.00,29,0,55,0.00,43,0,0.00,99,0,0.00,0,0,0.00,0,0.00,42,0,0.00,32,0,0.00,0.00,0,0.00,0,0,0,0.00,0,1,0.00,99,2.90,97,N/A,N/A,N/A,N/A,0.00,0,0.00,0,0.06,0.00,0,0.00,0.00,55,99,0.00,0.00,0,35,35,0,0,0,0.00,0.00,0,60,12.96,0.00,0.00,0,0,0.00,0.00,99,0.00,0,0,0,0.00,0.00,0,0.00,0.00,0.00,0.00,0,0,0.00,57,0,0,40,0,0.00,16,0.00,0.00,0.06,82,0.00,0.17,26,0,0.00,0.00,0.00,0.00,26,0,0.17,77,0,36,91,0,76,33,0,0.00,99,0,0.00,0.00,0.00,0.00,0,0,19,17,0.00,0.00,0.00,0,0.00,99,0,0.00,0,0.00,99,0,0.00,0.00,55,0,38,77,0,0,0,0,0,23,40,57,56,0,58,4,12,12,0,0,12,7,N/A,N/A
Dejan Suhovrsnik,56,N/A,N/A,PrvaLiga,2025/2026,Midfielder,Celje,0,0,0,,0,0,0,0,0,0,0,0,0,0,0,0,0,0,0,0,0,0,0,0,0,0,0,0,0,0,0,0,0,0,0,-1,-1,-1,-1,N/A,N/A,N/A,N/A,N/A,N/A,N/A,N/A,N/A,N/A,N/A,N/A,N/A,N/A,N/A,N/A,N/A,N/A,N/A,N/A,N/A,N/A,N/A,N/A,N/A,N/A,N/A,N/A,N/A,N/A,N/A,N/A,N/A,N/A,N/A,N/A,N/A,N/A,N/A,N/A,N/A,N/A,N/A,N/A,N/A,N/A,N/A,N/A,N/A,N/A,N/A,N/A,N/A,N/A,N/A,N/A,N/A,N/A,N/A,N/A,N/A,N/A,N/A,N/A,N/A,N/A,N/A,N/A,N/A,N/A,N/A,N/A,N/A,N/A,N/A,N/A,N/A,N/A,N/A,N/A,N/A,N/A,N/A,N/A,N/A,N/A,N/A,N/A,N/A,N/A,N/A,N/A,N/A,N/A,N/A,N/A,N/A,N/A,N/A,N/A,N/A,N/A,N/A,N/A,N/A,N/A,N/A,N/A,N/A,N/A,N/A,N/A,N/A,N/A,N/A,N/A,N/A,N/A,N/A,N/A,N/A,N/A,N/A,N/A,N/A,N/A,N/A,N/A,N/A,N/A,N/A,N/A,N/A,N/A,N/A,N/A,N/A,N/A,N/A,N/A,N/A,N/A,N/A,N/A,N/A,N/A,N/A,N/A,N/A,N/A,N/A,N/A,N/A,N/A,N/A,N/A,N/A,N/A,N/A,N/A,N/A,N/A,N/A,N/A,N/A,N/A,N/A,N/A,N/A,N/A,N/A,N/A,N/A,N/A,N/A,N/A,N/A,N/A,N/A,N/A,N/A,N/A,N/A,N/A,N/A,N/A,N/A,N/A,N/A,N/A,N/A,N/A,N/A,N/A,N/A,N/A,N/A,N/A,N/A,N/A,N/A,N/A,N/A,N/A,N/A,N/A,N/A,N/A,N/A,N/A,N/A,N/A,N/A,N/A,N/A,N/A,N/A,N/A,N/A,N/A,N/A,N/A,N/A,N/A
Dejan Vokič,29,834562800,1996/06/12,PrvaLiga,2025/2026,Midfielder,Radomlje,1250,528,722,Slovenia,16,7,9,1,1,0,3,2,1,0,0,3,1,2,14,5,9,4,1,0.29,0.22,0.07,0.17,0,1250,1.01,89,78,250,417,0.36,103,35,-1,9,0,6.34,0.19,85,18.32,15.88,92,254,13.56,217,71,15.65,92,0.00,0.00,0.44,7,0.00,0.31,0.14,0.12,2,0.00,0.12,0.00,0.00,0.00,0.38,0.62,1.00,10.00,0.72,0.50,0.81,0.00,0.12,0.08,0.00,0.56,0.00,0.00,0,0,,10,0.62,89,2,0.14,74,8,0.58,96,3,0,16,83,0.00,99,0,6,0.43,73,5,60,0.36,71,0,0.00,99,0,0.00,0,0,0.00,0,0.50,94,13,0.94,85,10,0.72,76.92,0,0.00,0,0,0,0.00,0,16,0.00,81,1.15,20,N/A,N/A,N/A,N/A,0.00,0,0.00,0,1.27,0.00,0,85.43,20.00,58,99,0.00,0.00,0,87,64,0,0,0,0.06,0.07,1,70,101.51,0.25,0.29,4,0,0.00,0.00,99,0.00,0,0,1,0.06,0.07,0,0.00,0.00,0.00,0.00,0,0,10.00,58,58,44,90,81,2.55,92,0.16,0.18,1.27,66,0.08,0.09,89,11,0.69,0.79,0.79,0.69,92,11,0.09,61,95,68,95,0,76,92,0,0.00,99,9,0.00,0.65,6.63,5.75,92,41,92,91,2.96,2.56,44.57,2,0.14,38,0,20.00,0,0.00,99,1,0.06,0.07,61,66,21,77,0,0,0,0,0,66,51,57,68,0,22,56,30,83,3,19,71,72,0,0
Deni Jurić,28,873270000,1997/09/03,PrvaLiga,2025/2026,Forward,Koper,402,222,180,Australia,5,3,2,5,3,2,0,0,0,0,0,1,1,0,4,1,3,0,0,1.12,0,1.12,1.22,1,80,0.9,101,80,0,0,0,2,127,-1,3,0,6.74,0,49,12.99,11.60,79,58,7.40,37,20,8.28,71,0.00,0.00,0.60,3,0.00,0.60,0.22,0.20,1,0.00,0.60,0.00,0.00,0.00,0.00,0.60,0.80,3.00,3.36,1.00,1.00,0.00,2.00,0.88,0.00,1.20,0.00,0.00,0,0,,15,3.00,99,10,2.24,99,5,1.12,99,2,1,4,92,0.00,99,0,0,0.00,29,3,71,0.67,85,0,0.00,99,0,0.00,0,0,0.00,0,0.67,99,5,1.12,89,3,0.67,60.00,0,0.00,0,0,0,0.00,0,4,0.00,89,0.90,9,N/A,N/A,N/A,N/A,0.00,0,0.00,0,4.42,0.00,0,63.79,66.67,93,99,0.00,0.00,0,84,50,1,1,0,0.00,0.00,0,60,33.68,0.40,0.45,2,0,0.00,0.00,99,0.00,0,2,1,0.20,0.22,0,0.00,0.00,0.45,0.40,2,1,33.33,68,4,1,41,89,0.20,53,0.04,0.04,3.02,99,0.60,0.68,98,7,1.40,1.57,0.67,0.60,87,3,0.99,99,99,80,99,0,99,99,0,0.00,99,6,0.00,1.34,9.85,8.80,44,17,96,97,3.81,3.40,38.64,3,0.67,4,0,33.33,0,0.00,99,1,0.20,0.22,81,7,38,60,0,0,0,0,0,99,99,99,98,0,22,60,12,12,0,0,12,11,0,0
Denis Bosnjak,28,860655600,1997/04/10,PrvaLiga,2025/2026,Midfielder,Domžale,532,295,237,Austria,9,5,4,0,0,0,1,1,0,0,0,2,2,0,9,2,7,2,0,0.17,0.17,0,0,0,0,1.52,59,59,266,532,0.34,152,48,-1,10,48000,5.67,0.11,78,0.00,0.00,16,0,0.00,0,16,0.00,16,0.00,0.00,0.00,0,0.00,0.00,0.00,0.00,0,0.00,0.00,0.00,0.00,0.00,0.00,0.00,1.00,0.00,0.00,0.00,0.00,0.00,0.00,0.00,0.00,0.00,0.00,0.00,0,0,,0,0.00,36,0,0.00,55,0,0.00,43,1,3,6,60,0.00,99,0,0,0.00,29,0,55,0.00,43,0,0.00,99,0,0.00,0,0,0.00,0,0.00,42,0,0.00,32,0,0.00,0.00,0,0.00,0,0,0,0.00,0,9,0.00,48,1.53,43,N/A,N/A,N/A,N/A,0.00,0,0.00,0,0.00,0.00,0,0.00,0.00,55,99,0.00,0.00,0,35,35,0,0,0,0.00,0.00,0,60,50.99,0.00,0.00,0,0,0.00,0.00,99,0.00,0,0,0,0.00,0.00,0,0.00,0.00,0.00,0.00,0,0,0.00,57,15,15,40,48,0.52,74,0.06,0.09,0.00,27,0.00,0.00,26,0,0.00,0.00,0.00,0.00,26,0,0.00,26,70,36,91,0,76,33,0,0.00,99,0,0.00,0.00,0.00,0.00,0,0,19,17,0.00,0.00,0.00,0,0.00,99,0,0.00,0,0.00,99,0,0.00,0.00,55,23,59,38,0,0,0,0,0,54,40,57,56,0,80,66,32,81,2,22,74,8,N/A,N/A
Denis Mazreku,56,N/A,N/A,PrvaLiga,2025/2026,Attacking Midfield,Radomlje,0,0,0,Slovenia,0,0,0,0,0,0,0,0,0,0,0,0,0,0,0,0,0,0,0,0,0,0,0,0,0,0,0,0,0,0,0,-1,-1,-1,-1,N/A,N/A,N/A,N/A,N/A,N/A,N/A,N/A,N/A,N/A,N/A,N/A,N/A,N/A,N/A,N/A,N/A,N/A,N/A,N/A,N/A,N/A,N/A,N/A,N/A,N/A,N/A,N/A,N/A,N/A,N/A,N/A,N/A,N/A,N/A,N/A,N/A,N/A,N/A,N/A,N/A,N/A,N/A,N/A,N/A,N/A,N/A,N/A,N/A,N/A,N/A,N/A,N/A,N/A,N/A,N/A,N/A,N/A,N/A,N/A,N/A,N/A,N/A,N/A,N/A,N/A,N/A,N/A,N/A,N/A,N/A,N/A,N/A,N/A,N/A,N/A,N/A,N/A,N/A,N/A,N/A,N/A,N/A,N/A,N/A,N/A,N/A,N/A,N/A,N/A,N/A,N/A,N/A,N/A,N/A,N/A,N/A,N/A,N/A,N/A,N/A,N/A,N/A,N/A,N/A,N/A,N/A,N/A,N/A,N/A,N/A,N/A,N/A,N/A,N/A,N/A,N/A,N/A,N/A,N/A,N/A,N/A,N/A,N/A,N/A,N/A,N/A,N/A,N/A,N/A,N/A,N/A,N/A,N/A,N/A,N/A,N/A,N/A,N/A,N/A,N/A,N/A,N/A,N/A,N/A,N/A,N/A,N/A,N/A,N/A,N/A,N/A,N/A,N/A,N/A,N/A,N/A,N/A,N/A,N/A,N/A,N/A,N/A,N/A,N/A,N/A,N/A,N/A,N/A,N/A,N/A,N/A,N/A,N/A,N/A,N/A,N/A,N/A,N/A,N/A,N/A,N/A,N/A,N/A,N/A,N/A,N/A,N/A,N/A,N/A,N/A,N/A,N/A,N/A,N/A,N/A,N/A,N/A,N/A,N/A,N/A,N/A,N/A,N/A,N/A,N/A,N/A,N/A,N/A,N/A,N/A,N/A,N/A,N/A,N/A,N/A,N/A,N/A,N/A,N/A,N/A,N/A,N/A,N/A
Dimitar Mitrovski,27,917510400,1999/01/28,PrvaLiga,2025/2026,Midfielder,Olimpija,1138,754,384,FYR Macedonia,20,11,9,2,1,1,5,4,1,0,0,6,4,2,15,9,6,3,0,0.55,0.4,0.16,0.12,0.23,569,1.19,76,57,379,228,0.24,77,12,-1,6,120000,4.99,0.25,95,4.53,2.50,38,55,1.86,41,37,3.38,37,0.00,0.00,0.18,4,0.00,0.18,0.16,0.09,2,0.00,0.09,0.00,0.00,0.00,0.09,0.14,0.73,0.50,0.08,0.05,0.18,0.00,0.00,0.06,0.00,0.00,0.00,0.00,0,0,,1,0.05,44,0,0.00,55,1,0.08,51,7,7,13,85,0.00,99,0,2,0.16,48,4,95,0.33,69,0,0.00,99,0,0.00,0,0,0.00,0,0.33,83,4,0.33,60,3,0.25,75.00,0,0.00,0,0,0,0.00,0,16,0.00,72,1.32,29,N/A,N/A,N/A,N/A,0.00,0,0.00,0,1.29,0.00,0,74.55,0.00,55,99,0.00,0.00,0,61,61,0,0,0,0.00,0.00,0,60,109.85,0.00,0.00,0,0,0.00,0.00,99,0.00,0,0,0,0.00,0.00,0,0.00,0.00,0.00,0.00,0,0,200.00,97,49,67,76,72,3.14,97,0.14,0.26,1.29,70,0.06,0.11,87,9,0.41,0.74,0.25,0.14,49,3,0.11,66,41,36,91,0,76,33,0,0.00,99,0,0.00,0.00,2.88,1.59,35,17,68,49,1.40,0.77,48.57,2,0.16,35,0,75.00,0,0.00,99,3,0.14,0.25,88,55,82,97,0,0,0,0,0,85,67,75,64,0,98,74,50,65,3,15,58,10,N/A,N/A
Dino Kojić,20,1112598000,2005/04/04,PrvaLiga,2025/2026,Forward,Olimpija,1354,835,519,Slovenia,22,11,11,4,2,2,0,0,0,0,0,8,4,4,17,12,5,1,0,0.27,0,0.27,0.22,0.35,339,1.13,80,62,1354,0,0.07,49,208,-1,3,36000,5.57,0,49,5.32,3.64,44,80,3.18,70,79,4.66,49,0.00,0.00,0.09,2,0.00,0.18,0.13,0.09,2,0.00,0.32,0.00,0.00,0.00,0.09,0.32,0.77,1.25,0.33,0.09,0.50,0.00,0.14,0.13,0.00,0.23,0.00,0.00,0,0,,5,0.23,72,3,0.20,83,2,0.13,60,3,4,18,81,0.00,99,0,2,0.13,42,4,64,0.27,65,0,0.00,99,0,0.00,0,0,0.00,0,0.13,58,11,0.73,81,7,0.47,63.64,0,0.00,0,0,0,0.00,0,17,0.00,77,1.13,19,N/A,N/A,N/A,N/A,0.00,0,0.00,0,2.78,0.00,0,87.50,60.00,89,99,0.00,0.00,0,77,52,0,0,0,0.00,0.00,0,60,122.53,0.00,0.00,0,0,0.00,0.00,99,0.00,0,0,0,0.00,0.00,0,0.00,0.00,0.07,0.05,1,0,80.00,85,64,82,63,77,0.78,55,0.04,0.05,2.78,82,0.13,0.18,72,6,0.27,0.40,0.47,0.32,74,7,0.18,78,65,36,91,0,86,73,0,0.00,99,5,0.00,0.33,4.12,2.82,62,22,69,68,1.46,1.00,35.48,7,0.47,9,0,25.00,0,0.00,99,1,0.05,0.07,61,77,68,77,0,0,0,0,0,65,78,83,75,0,58,82,97,16,1,5,19,9,N/A,N/A
Diogo Miguel Guedes Almeida,27,891244800,1998/03/30,PrvaLiga,2025/2026,Defender,Olimpija,1874,974,900,Portugal,23,12,11,1,1,0,1,0,1,0,0,9,5,4,22,13,9,4,0,0.1,0.05,0.05,0.09,0,1874,1.06,85,81,469,1874,0.19,120,98,14,11,0,5.49,0.04,54,10.38,8.79,70,211,7.21,173,57,8.51,72,0.00,0.00,0.29,7,0.00,0.92,0.00,0.00,0,0.00,0.04,0.00,0.00,0.00,0.29,0.08,0.96,2.00,0.10,0.04,0.08,0.00,0.04,0.03,0.00,0.12,0.00,0.00,0,0,,2,0.08,48,1,0.05,59,1,0.05,46,7,1,22,60,0.00,99,0,7,0.34,65,22,90,1.08,95,0,0.00,99,0,0.00,0,0,0.00,0,0.34,86,2,0.10,42,2,0.10,100.00,0,0.00,0,0,0,0.00,0,23,0.00,79,1.13,19,N/A,N/A,N/A,N/A,0.00,0,0.00,0,0.79,0.00,0,81.99,50.00,85,99,0.00,0.00,0,47,99,0,0,0,0.08,0.10,2,78,131.77,0.12,0.15,3,0,0.00,0.00,99,0.00,0,0,0,0.00,0.00,0,0.00,0.00,0.00,0.00,0,0,50.00,77,89,90,98,79,1.20,62,0.05,0.06,0.79,53,0.03,0.04,61,6,0.25,0.30,0.20,0.17,45,4,0.04,49,62,53,91,0,76,52,0,0.00,99,3,0.00,0.15,3.30,2.79,67,18,48,57,0.89,0.75,26.87,1,0.05,57,0,50.00,0,0.00,99,11,0.46,0.54,97,92,38,97,0,0,0,0,0,37,44,57,57,0,22,86,63,51,4,17,67,28,0,0
Diogo Pinto,26,930639600,1999/06/29,PrvaLiga,2025/2026,Midfielder,Olimpija,924,459,465,Portugal,16,8,8,3,0,3,2,1,1,0,0,6,3,3,12,7,5,1,0,0.49,0.19,0.29,0,0.58,308,1.17,77,58,924,462,0.1,45,42,-1,5,54000,6.05,0.12,81,9.62,6.06,68,103,4.18,71,24,6.63,59,0.00,0.00,0.35,6,0.00,0.12,0.00,0.00,0,0.00,0.29,0.00,0.00,0.00,0.12,0.24,0.88,2.67,0.75,0.18,0.29,0.00,0.29,0.15,0.00,0.00,0.00,0.00,0,0,,8,0.47,91,5,0.47,95,3,0.28,82,8,5,11,60,0.00,99,0,2,0.19,53,2,55,0.19,58,0,0.00,99,0,0.00,0,0,0.00,0,0.56,96,5,0.47,68,4,0.37,80.00,0,0.00,0,0,0,0.00,0,15,0.00,73,1.40,34,N/A,N/A,N/A,N/A,0.00,0,0.00,0,2.49,0.00,0,68.93,62.50,90,99,0.00,0.00,0,70,67,3,0,0,0.00,0.00,0,60,102.88,0.00,0.00,0,0,0.00,0.00,99,0.00,0,3,0,0.00,0.00,0,0.00,0.00,0.09,0.06,1,0,37.50,70,39,44,60,73,1.50,88,0.09,0.14,0.39,53,0.02,0.04,77,5,0.29,0.47,0.19,0.12,43,2,0.23,83,89,36,91,0,89,33,0,0.00,99,0,0.00,0.00,2.33,1.47,25,8,38,42,0.75,0.47,32.00,5,0.47,9,0,0.00,0,0.00,99,0,0.00,0.00,55,42,73,99,0,0,0,0,0,79,80,94,56,0,84,85,91,23,1,6,22,23,N/A,N/A
Divine Igwe Ikenna,21,1083740400,2004/05/05,PrvaLiga,2025/2026,Midfielder,Radomlje,127,100,27,Nigeria,4,3,1,0,0,0,0,0,0,0,0,0,0,0,1,0,1,0,0,0,0,0,0,0,0,0.71,127,32,0,0,0,-1,-1,-1,13,26000,3.22,0,49,0.00,0.00,16,0,0.00,0,16,0.00,16,0.00,0.00,0.00,0,0.00,0.00,0.00,0.00,0,0.00,0.00,0.00,0.00,0.00,0.00,0.00,0.25,0.00,0.00,0.00,0.00,0.00,0.00,0.00,0.00,0.00,0.00,0.00,0,0,,0,0.00,36,0,0.00,55,0,0.00,43,1,3,1,60,0.00,99,0,0,0.00,29,0,55,0.00,43,0,0.00,99,0,0.00,0,0,0.00,0,0.00,42,0,0.00,32,0,0.00,0.00,0,0.00,0,0,0,0.00,0,1,0.00,95,0.71,5,N/A,N/A,N/A,N/A,0.00,0,0.00,0,0.00,0.00,0,0.00,0.00,55,99,0.00,0.00,0,35,35,0,0,0,0.00,0.00,0,60,12.87,0.00,0.00,0,0,0.00,0.00,99,0.00,0,0,0,0.00,0.00,0,0.00,0.00,0.00,0.00,0,0,0.00,57,0,0,40,95,0.00,16,0.00,0.00,0.00,27,0.00,0.00,26,0,0.00,0.00,0.00,0.00,26,0,0.00,26,8,36,91,0,76,33,0,0.00,99,0,0.00,0.00,0.00,0.00,0,0,19,17,0.00,0.00,0.00,0,0.00,99,0,0.00,0,0.00,99,0,0.00,0.00,55,0,59,38,0,0,0,0,0,23,40,57,56,0,36,4,12,12,0,0,12,7,N/A,N/A
Divine Omoregie,21,1106121600,2005/01/19,PrvaLiga,2025/2026,Midfielder,Bravo,659,246,413,Italy,17,7,10,0,0,0,0,0,0,0,0,0,0,0,12,3,9,4,1,0,0,0,0,0,0,1.64,55,39,165,0,0.55,131,104,-1,19,24000,5.06,0,49,2.12,0.84,23,16,0.68,13,55,1.72,23,0.00,0.00,0.00,0,0.00,0.00,0.13,0.05,1,0.00,0.11,0.00,0.00,0.00,0.00,0.16,0.74,0.00,0.13,0.00,0.37,0.00,0.05,0.01,0.00,0.00,0.00,0.00,0,0,,1,0.05,53,1,0.13,72,0,0.00,43,2,11,6,81,0.00,99,0,0,0.00,29,0,55,0.00,43,0,0.00,99,0,0.00,0,0,0.00,0,0.00,42,7,0.93,83,3,0.40,42.86,0,0.00,0,0,0,0.00,0,14,0.00,33,1.85,74,N/A,N/A,N/A,N/A,0.00,0,0.00,0,0.12,0.00,0,81.25,100.00,99,99,0.00,0.00,0,74,38,0,0,0,0.00,0.00,0,60,96.09,0.05,0.13,1,0,0.00,0.00,99,0.00,0,0,0,0.00,0.00,0,0.00,0.00,0.13,0.05,1,0,0.00,57,24,49,40,34,0.03,16,0.00,0.00,0.12,40,0.01,0.02,84,5,0.26,0.66,1.19,0.47,97,9,0.02,39,43,51,91,0,92,33,0,0.00,99,0,0.00,0.00,4.37,1.74,33,12,72,73,1.59,0.63,36.36,2,0.26,20,0,0.00,0,0.00,99,0,0.00,0.00,55,23,95,60,0,0,0,0,0,23,40,57,56,0,35,4,17,96,2,12,47,27,N/A,N/A
Domen Zajšek,22,1049616000,2003/04/06,PrvaLiga,2025/2026,Defender,Aluminij,465,141,324,Slovenia,7,3,4,0,0,0,0,0,0,0,0,1,1,0,10,3,7,2,0,0,0,0,0,0,0,1.94,47,66,233,0,0.39,130,116,55,34,24000,2.52,0,49,11.03,3.35,72,57,3.06,52,92,10.06,76,0.00,0.00,0.00,0,0.00,0.06,0.00,0.00,0,0.00,0.00,0.00,0.00,0.00,0.12,0.00,0.71,0.00,0.00,0.00,0.00,0.00,0.00,0.00,0.00,0.06,0.00,0.00,0,0,,0,0.00,36,0,0.00,55,0,0.00,43,1,1,6,60,0.00,99,0,2,0.39,71,1,99,0.19,58,0,0.00,99,0,0.00,0,0,0.00,0,0.00,42,0,0.00,32,0,0.00,0.00,0,0.00,0,0,0,0.00,0,12,0.00,9,2.32,95,N/A,N/A,N/A,N/A,0.00,0,0.00,0,0.00,0.00,0,91.23,0.00,55,99,0.00,0.00,0,35,35,0,0,0,0.06,0.19,1,93,42.89,0.06,0.19,1,0,0.00,0.00,99,0.00,0,0,0,0.00,0.00,0,0.00,0.00,0.00,0.00,0,0,0.00,57,10,10,40,10,0.09,39,0.01,0.02,0.00,27,0.00,0.00,51,1,0.06,0.19,0.00,0.00,26,0,0.00,26,2,58,91,0,76,60,0,0.00,99,1,0.00,0.19,2.13,0.65,11,3,34,39,0.58,0.18,27.27,0,0.00,99,0,100.00,0,0.00,99,1,0.06,0.19,78,23,38,38,0,0,0,0,0,23,40,57,56,0,35,38,25,88,2,29,88,-1,N/A,N/A
Dominik Ivkić,28,870332400,1997/07/31,PrvaLiga,2025/2026,Defender,Koper,321,186,135,Slovenia,5,3,2,0,0,0,0,0,0,0,0,1,1,0,3,2,1,1,0,0,0,0,0,0,0,0.84,107,64,321,0,0.28,137,110,4,19,0,2.63,0,49,14.53,4.33,83,52,3.92,47,88,13.14,85,0.00,0.00,0.00,0,0.00,0.00,0.00,0.00,0,0.00,0.00,0.00,0.00,0.00,0.25,0.17,0.33,0.00,0.00,0.00,0.17,0.00,0.00,0.00,0.00,0.17,0.00,0.00,0,0,,0,0.00,36,0,0.00,55,0,0.00,43,2,1,4,60,0.00,99,0,3,0.84,95,0,55,0.00,43,0,0.00,99,0,0.00,0,0,0.00,0,0.00,42,2,0.56,76,2,0.56,100.00,0,0.00,0,0,0,0.00,0,4,0.00,93,1.12,17,N/A,N/A,N/A,N/A,0.00,0,0.00,0,0.00,0.00,0,90.38,0.00,55,99,0.00,0.00,0,82,99,0,0,0,0.00,0.00,0,60,31.56,0.08,0.28,1,0,0.00,0.00,99,0.00,0,0,0,0.00,0.00,0,0.00,0.00,0.28,0.08,1,0,0.00,57,0,1,40,93,0.09,47,0.01,0.03,0.00,27,0.00,0.00,26,0,0.00,0.00,0.84,0.25,93,3,0.00,26,2,67,91,0,95,86,0,0.00,99,2,0.00,0.56,4.19,1.25,15,6,73,70,1.68,0.50,40.00,0,0.00,99,0,0.00,0,0.00,99,0,0.00,0.00,55,7,38,60,0,0,0,0,0,23,40,57,56,0,22,60,43,69,1,20,72,28,0,0
Edvin Krupić,22,1078300800,2004/03/03,PrvaLiga,2025/2026,Midfielder,Mura,444,75,369,Slovenia,13,5,8,0,0,0,0,0,0,0,0,3,2,1,10,0,10,2,0,0,0,0,0,0,0,2.03,44,34,222,0,0.41,190,157,-1,23,0,3.06,0,49,5.73,1.19,46,25,0.86,18,31,4.12,43,0.00,0.00,0.05,1,0.00,0.10,0.00,0.00,0,0.00,0.05,0.00,0.00,0.00,0.05,0.00,0.48,0.00,0.00,0.00,0.05,0.00,0.00,0.00,0.00,0.19,0.00,0.00,0,0,,0,0.00,36,0,0.00,55,0,0.00,43,1,9,4,60,0.00,99,0,1,0.23,57,2,90,0.46,76,0,0.00,99,0,0.00,0,0,0.00,0,0.23,74,1,0.23,54,0,0.00,0.00,0,0.00,0,0,0,0.00,0,10,0.00,6,2.29,94,N/A,N/A,N/A,N/A,0.00,0,0.00,0,0.00,0.00,0,72.00,0.00,55,99,0.00,0.00,0,35,35,0,0,0,0.00,0.00,0,60,64.28,0.00,0.00,0,0,0.00,0.00,99,0.00,0,0,0,0.00,0.00,0,0.00,0.00,0.00,0.00,0,0,0.00,57,8,26,40,6,0.08,39,0.00,0.02,0.00,27,0.00,0.00,52,1,0.05,0.23,0.69,0.14,89,3,0.00,26,7,36,91,0,76,97,0,0.00,99,4,0.00,0.92,3.66,0.76,16,5,56,61,1.15,0.24,31.25,1,0.23,24,0,50.00,0,0.00,99,1,0.05,0.23,84,7,90,38,0,0,0,0,0,23,40,57,56,0,22,68,23,89,2,15,58,14,0,0
Elian Demirovič,25,959842800,2000/06/01,PrvaLiga,2025/2026,Midfielder,NK Primorje,1396,652,744,Slovenia,22,12,10,3,3,0,2,2,0,0,0,3,2,1,27,8,19,4,1,0.32,0.13,0.19,0.41,0,465,1.74,52,63,279,698,0.32,60,63,-1,4,0,4.96,0.09,71,6.10,4.26,49,98,3.39,78,48,4.85,52,0.00,0.00,0.22,5,0.00,0.35,0.06,0.04,1,0.00,0.13,0.00,0.00,0.00,0.35,0.30,1.00,1.33,0.25,0.13,0.30,0.00,0.04,0.09,0.00,0.13,0.00,0.00,0,0,,4,0.17,68,1,0.06,61,3,0.19,70,2,7,15,67,0.00,99,0,8,0.50,79,8,90,0.50,78,0,0.00,99,0,0.00,0,0,0.00,0,0.31,82,7,0.44,67,7,0.44,100.00,0,0.00,0,0,0,0.00,0,23,0.00,23,1.43,36,N/A,N/A,N/A,N/A,0.00,0,0.00,0,2.11,0.00,0,79.59,25.00,64,99,0.00,0.00,0,75,99,0,0,0,0.00,0.00,0,60,114.00,0.09,0.12,2,0,0.00,0.00,99,0.00,0,0,0,0.00,0.00,0,0.00,0.00,0.00,0.00,0,0,75.00,84,65,82,68,24,0.38,39,0.02,0.02,2.11,74,0.09,0.13,51,3,0.13,0.19,0.44,0.30,72,7,0.13,71,40,50,91,0,76,60,0,0.00,99,3,0.00,0.19,3.05,2.13,49,21,63,53,1.31,0.91,42.86,3,0.19,29,0,50.00,0,0.00,99,4,0.17,0.25,88,62,82,60,0,0,0,0,0,69,73,57,86,0,22,38,36,78,3,14,56,8,0,0
Emir Saitoski,22,1052377200,2003/05/08,PrvaLiga,2025/2026,Forward,Aluminij,1276,508,768,FYR Macedonia,23,10,13,9,5,4,0,0,0,0,0,3,1,2,25,10,15,3,0,0.63,0,0.63,0.89,0.47,142,1.76,51,55,425,0,0.21,13,151,-1,1,48000,6.01,0,49,6.95,4.08,54,102,3.04,76,36,5.18,54,0.00,0.00,0.16,4,0.00,0.36,0.07,0.04,1,0.00,0.16,0.00,0.00,0.00,0.08,0.48,1.08,1.00,0.61,0.12,0.56,0.00,0.24,0.24,0.00,0.08,0.00,0.00,0,0,,9,0.36,86,6,0.41,93,3,0.20,71,2,6,17,70,0.00,99,0,2,0.14,45,9,61,0.61,83,0,0.00,99,0,0.00,0,0,0.00,0,0.27,80,14,0.95,85,12,0.82,85.71,0,0.00,0,0,0,0.00,0,27,0.00,19,1.84,73,N/A,N/A,N/A,N/A,0.00,0,0.00,0,5.97,0.00,0,74.51,66.67,93,99,0.00,0.00,0,89,70,5,0,0,0.04,0.07,1,70,150.37,0.04,0.07,1,0,0.00,0.00,99,0.00,0,5,0,0.00,0.00,0,0.00,0.00,0.20,0.12,3,1,100.00,92,59,90,46,20,0.31,39,0.01,0.02,2.47,82,0.10,0.17,95,15,0.60,1.02,0.07,0.04,30,1,0.41,94,87,42,91,0,95,50,0,0.00,99,2,0.00,0.14,4.29,2.52,63,28,79,71,1.91,1.12,44.44,4,0.27,19,0,22.22,0,0.00,99,2,0.08,0.14,73,69,79,60,0,0,0,0,0,89,95,91,95,0,80,30,56,57,2,9,32,10,N/A,N/A
Enej Klampfer,21,1083567600,2004/05/03,PrvaLiga,2025/2026,Midfielder,Radomlje,1824,945,879,Slovenia,21,11,10,1,0,1,0,0,0,0,0,3,1,2,32,17,15,6,0,0.05,0,0.05,0,0.1,1824,1.58,57,87,304,0,0.3,117,181,-1,7,36000,5.83,0,49,14.71,14.19,84,298,12.67,266,85,13.13,85,0.00,0.00,0.10,2,0.00,0.00,0.15,0.14,3,0.00,0.00,0.00,0.00,0.00,0.48,0.05,1.71,1.00,0.05,0.05,0.10,0.00,0.00,0.03,0.00,0.43,0.00,0.00,0,0,,1,0.05,38,0,0.00,55,1,0.05,46,1,0,21,84,0.00,99,0,10,0.49,78,0,55,0.00,43,0,0.00,99,0,0.00,0,0,0.00,0,0.10,54,2,0.10,42,1,0.05,50.00,0,0.00,0,0,0,0.00,0,36,0.00,42,1.78,67,N/A,N/A,N/A,N/A,0.00,0,0.00,0,0.57,0.00,0,89.26,0.00,55,99,0.00,0.00,0,39,44,0,0,0,0.19,0.20,4,94,122.36,0.67,0.69,14,0,0.00,0.00,99,0.00,0,0,0,0.00,0.00,0,0.00,0.00,0.00,0.00,0,0,100.00,92,86,72,97,43,0.54,47,0.03,0.03,0.57,46,0.03,0.03,55,5,0.24,0.25,0.35,0.33,61,7,0.03,43,78,89,91,0,76,81,0,0.00,99,9,0.00,0.44,2.42,2.33,49,18,48,44,0.89,0.86,36.73,0,0.00,99,0,0.00,0,0.00,99,0,0.00,0.00,55,89,21,38,0,0,0,0,0,26,44,61,56,0,58,38,41,72,6,29,88,5,N/A,N/A
Enrik Ostrc,23,1024642800,2002/06/21,PrvaLiga,2025/2026,Defender,Bravo,397,136,261,Slovenia,10,5,5,0,0,0,1,0,1,0,0,1,1,0,12,2,10,0,0,0.23,0.23,0,0,0,0,2.72,33,40,0,397,0,147,33,59,28,42000,4.55,0.1,86,0.00,0.00,16,0,0.00,0,16,0.00,16,0.00,0.00,0.00,0,0.00,0.00,0.00,0.00,0,0.00,0.00,0.00,0.00,0.00,0.00,0.00,0.86,0.00,0.00,0.00,0.00,0.00,0.00,0.00,0.00,0.00,0.00,0.00,0,0,,0,0.00,36,0,0.00,55,0,0.00,43,3,6,4,60,0.00,99,0,0,0.00,29,0,55,0.00,43,0,0.00,99,0,0.00,0,0,0.00,0,0.00,42,0,0.00,32,0,0.00,0.00,0,0.00,0,0,0,0.00,0,12,0.00,1,2.73,97,N/A,N/A,N/A,N/A,0.00,0,0.00,0,0.00,0.00,0,0.00,0.00,55,99,0.00,0.00,0,35,35,0,0,0,0.00,0.00,0,60,63.69,0.00,0.00,0,0,0.00,0.00,99,0.00,0,0,0,0.00,0.00,0,0.00,0.00,0.00,0.00,0,0,0.00,57,4,18,40,1,0.00,16,0.00,0.00,0.00,27,0.00,0.00,26,0,0.00,0.00,0.00,0.00,26,0,0.00,26,30,36,91,0,76,33,0,0.00,99,0,0.00,0.00,0.00,0.00,0,0,19,17,0.00,0.00,0.00,0,0.00,99,0,0.00,0,0.00,99,0,0.00,0.00,55,7,79,77,0,0,0,0,0,62,40,57,56,0,68,13,12,12,0,0,12,14,N/A,N/A
Faad Sana,56,N/A,N/A,PrvaLiga,2025/2026,Defender,Mura,1735,810,925,Burkina Faso,21,9,12,0,0,0,1,1,0,0,0,2,2,0,30,10,20,11,0,0.05,0.05,0,0,0,0,1.56,58,83,158,1735,0.57,173,95,35,10,35000,5.68,0.05,54,10.32,9.05,70,199,6.86,151,40,7.83,68,0.00,0.00,0.09,2,0.00,0.64,0.26,0.23,5,0.00,0.14,0.00,0.00,0.00,0.50,0.09,1.45,0.00,0.21,0.18,0.14,0.00,0.00,0.01,0.00,0.09,0.00,0.00,0,0,,4,0.18,62,0,0.00,55,4,0.21,72,4,1,20,93,0.00,99,0,11,0.57,86,14,73,0.73,90,0,0.00,99,0,0.00,0,0,0.00,0,0.10,54,3,0.16,48,2,0.10,66.67,0,0.00,0,0,0,0.00,0,32,0.00,44,1.66,52,N/A,N/A,N/A,N/A,0.00,0,0.00,0,0.18,0.00,0,75.88,0.00,55,99,0.00,0.00,0,47,56,0,0,0,0.09,0.10,2,78,124.88,0.50,0.57,11,0,0.00,0.00,99,0.00,0,0,0,0.00,0.00,0,0.00,0.00,0.00,0.00,0,0,0.00,57,83,72,40,46,0.97,55,0.04,0.05,0.18,36,0.01,0.01,56,5,0.23,0.26,0.67,0.59,87,13,0.01,35,71,86,91,0,76,44,0,0.00,99,2,0.00,0.10,5.44,4.77,105,37,80,83,1.92,1.68,35.24,3,0.16,35,0,35.71,0,0.00,99,5,0.23,0.26,89,85,38,85,0,0,0,0,0,26,40,57,56,0,49,13,16,97,11,52,99,2,N/A,N/A
Fallou Faye,20,1133251200,2005/11/29,PrvaLiga,2025/2026,Midfielder,Bravo,1622,736,886,Senegal,21,9,12,3,2,1,0,0,0,0,0,3,3,0,30,11,19,8,1,0.17,0,0.17,0.24,0.1,541,1.66,54,77,203,0,0.44,67,123,-1,7,18000,5.69,0,49,5.29,4.70,43,94,3.80,76,52,4.28,44,0.00,0.00,0.05,1,0.00,0.10,0.17,0.15,3,0.00,0.10,0.00,0.00,0.00,0.35,0.00,1.65,0.33,0.06,0.05,0.05,0.00,0.00,0.08,0.00,0.15,0.00,0.00,0,0,,1,0.05,40,0,0.00,55,1,0.06,48,2,3,18,86,0.00,99,0,7,0.39,71,2,55,0.11,52,0,0.00,99,0,0.00,0,0,0.00,0,0.06,48,1,0.06,37,0,0.00,0.00,0,0.00,0,0,0,0.00,0,33,0.00,30,1.86,75,N/A,N/A,N/A,N/A,0.00,0,0.00,0,1.58,0.00,0,80.85,0.00,55,99,0.00,0.00,0,35,35,0,0,0,0.00,0.00,0,60,113.90,0.30,0.34,6,0,0.00,0.00,99,0.00,0,0,0,0.00,0.00,0,0.00,0.00,0.00,0.00,0,0,300.00,99,78,72,73,30,0.23,26,0.01,0.01,1.58,66,0.08,0.09,26,0,0.00,0.00,0.17,0.15,40,3,0.09,61,71,72,91,0,76,56,0,0.00,99,3,0.00,0.17,1.58,1.40,28,8,29,33,0.45,0.40,28.57,2,0.11,45,0,0.00,0,0.00,99,0,0.00,0.00,55,77,59,60,0,0,0,0,0,54,70,61,76,0,28,38,22,91,7,33,94,32,N/A,N/A
Faris Dževahirić,56,N/A,N/A,PrvaLiga,2025/2026,Midfielder,Celje,9,9,0,,1,1,0,0,0,0,0,0,0,0,0,1,1,0,0,0,0,0,0,0,0,0,0,0,0,0,0,9,0,0,0,-1,-1,-1,21,0,2.17,0,49,22.50,0.67,96,2,0.67,2,99,22.50,98,0.00,0.00,0.00,0,0.00,0.00,0.00,0.00,0,0.00,0.00,0.00,0.00,0.00,0.00,0.00,0.00,0.00,0.00,0.00,0.00,0.00,0.00,0.00,0.00,0.00,0.00,0.00,0,0,,0,0.00,36,0,0.00,55,0,0.00,43,0,1,0,60,0.00,99,0,0,0.00,29,0,55,0.00,43,0,0.00,99,0,0.00,0,0,0.00,0,0.00,42,0,0.00,32,0,0.00,0.00,0,0.00,0,0,0,0.00,0,0,0.00,99,0.00,0,N/A,N/A,N/A,N/A,0.00,0,0.00,0,0.00,0.00,0,100.00,0.00,55,99,0.00,0.00,0,35,35,0,0,0,0.00,0.00,0,60,6.50,0.00,0.00,0,0,0.00,0.00,99,0.00,0,0,0,0.00,0.00,0,0.00,0.00,0.00,0.00,0,0,0.00,57,0,0,40,0,0.00,16,0.00,0.00,0.00,27,0.00,0.00,26,0,0.00,0.00,11.25,0.33,99,1,0.00,26,1,36,91,0,76,33,0,0.00,99,0,0.00,0.00,11.25,0.33,1,0,19,97,0.00,0.00,0.00,0,0.00,99,0,0.00,0,0.00,99,0,0.00,0.00,55,0,38,13,0,0,0,0,0,23,40,57,56,0,22,99,12,12,0,0,12,24,0,0
Federico Rose,21,1091862000,2004/08/07,PrvaLiga,2025/2026,Midfielder,Mura,207,79,128,Argentina,3,1,2,0,0,0,0,0,0,0,0,0,0,0,5,1,4,0,0,0,0,0,0,0,0,2.17,41,69,0,0,0,-1,-1,-1,35,0,6.42,0,49,0.00,0.00,16,0,0.00,0,16,0.00,16,0.00,0.00,0.00,0,0.00,0.00,0.00,0.00,0,0.00,0.00,0.00,0.00,0.00,0.00,0.00,2.00,0.00,0.00,0.00,0.00,0.00,0.00,0.00,0.00,0.00,0.00,0.00,0,0,,0,0.00,36,0,0.00,55,0,0.00,43,1,1,2,60,0.00,99,0,0,0.00,29,0,55,0.00,43,0,0.00,99,0,0.00,0,0,0.00,0,0.00,42,0,0.00,32,0,0.00,0.00,0,0.00,0,0,0,0.00,0,6,0.00,4,2.61,96,N/A,N/A,N/A,N/A,0.00,0,0.00,0,0.00,0.00,0,0.00,0.00,55,99,0.00,0.00,0,35,35,0,0,0,0.00,0.00,0,60,19.27,0.00,0.00,0,0,0.00,0.00,99,0.00,0,0,0,0.00,0.00,0,0.00,0.00,0.00,0.00,0,0,0.00,57,0,0,40,4,0.00,16,0.00,0.00,0.00,27,0.00,0.00,26,0,0.00,0.00,0.00,0.00,26,0,0.00,26,96,36,91,0,76,33,0,0.00,99,0,0.00,0.00,0.00,0.00,0,0,19,17,0.00,0.00,0.00,0,0.00,99,0,0.00,0,0.00,99,0,0.00,0.00,55,1,38,38,0,0,0,0,0,23,40,57,56,0,22,4,12,12,0,0,12,9,0,0
Felipe Castaldo Curcio,32,739522800,1993/06/08,PrvaLiga,2025/2026,Defender,Koper,556,180,376,Brazil,7,2,5,0,0,0,0,0,0,0,0,0,0,0,9,3,6,2,0,0,0,0,0,0,0,1.46,62,79,278,0,0.32,133,115,32,24,36000,3.07,0,49,20.23,10.42,95,125,9.17,110,81,17.81,95,0.00,0.00,0.00,0,0.00,0.08,0.49,0.25,3,0.00,0.00,0.00,0.00,0.00,0.33,0.08,0.92,0.00,0.32,0.17,0.08,0.00,0.00,0.01,0.00,0.08,0.00,0.00,0,0,,2,0.17,71,0,0.00,55,2,0.32,84,1,0,7,98,0.00,99,0,4,0.65,91,1,99,0.16,57,0,0.00,99,0,0.00,0,0,0.00,0,0.00,42,1,0.16,48,1,0.16,100.00,0,0.00,0,0,0,0.00,0,11,0.00,55,1.78,67,N/A,N/A,N/A,N/A,0.00,0,0.00,0,0.10,0.00,0,88.00,0.00,55,99,0.00,0.00,0,54,99,0,0,0,0.00,0.00,0,60,36.85,0.00,0.00,0,0,0.00,0.00,99,0.00,0,0,0,0.00,0.00,0,0.00,0.00,0.00,0.00,0,0,0.00,57,19,10,40,56,0.20,47,0.02,0.03,0.10,40,0.01,0.02,43,1,0.08,0.16,0.49,0.25,78,3,0.02,39,7,36,91,0,76,52,0,0.00,99,1,0.00,0.16,2.43,1.25,15,6,51,44,0.97,0.50,40.00,0,0.00,99,0,100.00,0,0.00,99,1,0.08,0.16,74,28,21,38,0,0,0,0,0,23,40,57,56,0,58,4,35,78,2,29,88,3,N/A,N/A
Felipe Felicio Silva Reis,23,1036569600,2002/11/06,PrvaLiga,2025/2026,Forward,Domžale,371,181,190,Brazil,9,6,3,0,0,0,0,0,0,0,0,2,2,0,9,4,5,1,0,0,0,0,0,0,0,2.18,41,41,371,0,0.24,155,154,-1,11,0,4.50,0,49,0.00,0.00,16,0,0.00,0,16,0.00,16,0.00,0.00,0.00,0,0.00,0.00,0.00,0.00,0,0.00,0.00,0.00,0.00,0.00,0.00,0.00,0.90,0.00,0.00,0.00,0.00,0.00,0.00,0.00,0.00,0.00,0.00,0.00,0,0,,0,0.00,36,0,0.00,55,0,0.00,43,5,6,3,60,0.00,99,0,0,0.00,29,0,55,0.00,43,0,0.00,99,0,0.00,0,0,0.00,0,0.00,42,0,0.00,32,0,0.00,0.00,0,0.00,0,0,0,0.00,0,9,0.00,4,2.18,90,N/A,N/A,N/A,N/A,0.00,0,0.00,0,0.00,0.00,0,0.00,0.00,55,99,0.00,0.00,0,35,35,0,0,0,0.00,0.00,0,60,44.98,0.00,0.00,0,0,0.00,0.00,99,0.00,0,0,0,0.00,0.00,0,0.00,0.00,0.00,0.00,0,0,0.00,57,2,15,40,4,0.00,16,0.00,0.00,0.00,27,0.00,0.00,26,0,0.00,0.00,0.00,0.00,26,0,0.00,26,28,36,91,0,76,33,0,0.00,99,0,0.00,0.00,0.00,0.00,0,0,19,17,0.00,0.00,0.00,0,0.00,99,0,0.00,0,0.00,99,0,0.00,0.00,55,2,79,92,0,0,0,0,0,23,40,57,56,0,22,66,49,65,1,11,41,9,0,0
Filip Damjanović,27,899362800,1998/07/02,PrvaLiga,2025/2026,Defender,Koper,1400,770,630,Serbia,16,9,7,1,1,0,0,0,0,0,0,3,3,0,18,6,12,3,0,0.06,0,0.06,0.12,0,1400,1.16,78,88,467,0,0.19,106,146,18,16,54000,5.48,0,49,0.00,0.00,16,0,0.00,0,16,0.00,16,0.00,0.00,0.00,0,0.00,0.00,0.00,0.00,0,0.00,0.00,0.00,0.00,0.00,0.00,0.00,1.25,0.00,0.00,0.00,0.00,0.00,0.00,0.03,0.00,0.00,0.00,0.00,0,0,,0,0.00,36,0,0.00,55,0,0.00,43,1,0,16,60,0.00,99,0,0,0.00,29,0,55,0.00,43,0,0.00,99,0,0.00,0,0,0.00,0,0.00,42,0,0.00,32,0,0.00,0.00,0,0.00,0,0,0,0.00,0,20,0.00,73,1.29,27,N/A,N/A,N/A,N/A,0.00,0,0.00,0,0.54,0.00,0,0.00,0.00,55,99,0.00,0.00,0,35,35,0,0,0,0.00,0.00,0,60,87.74,0.00,0.00,0,0,0.00,0.00,99,0.00,0,0,0,0.00,0.00,0,0.00,0.00,0.00,0.00,0,0,0.00,57,65,44,91,74,0.00,16,0.00,0.00,0.54,46,0.03,0.03,26,0,0.00,0.00,0.00,0.00,26,0,0.03,43,61,36,91,0,76,33,0,0.00,99,0,0.00,0.00,0.00,0.00,0,0,19,17,0.00,0.00,0.00,0,0.00,99,0,0.00,0,0.00,99,0,0.00,0.00,55,66,21,38,0,0,0,0,0,30,49,57,64,0,84,56,62,51,3,19,71,33,N/A,N/A
Filip Kosi,23,1032505200,2002/09/20,PrvaLiga,2025/2026,Midfielder,Aluminij,1246,716,530,Slovenia,21,12,9,1,0,1,0,0,0,0,0,4,2,2,25,15,10,5,0,0.07,0,0.07,0,0.17,1246,1.81,50,59,249,0,0.36,102,152,-1,11,30000,5.06,0,49,9.33,5.86,64,129,4.45,98,40,7.08,62,0.00,0.00,0.09,2,0.00,0.45,0.22,0.14,3,0.00,0.05,0.00,0.00,0.00,0.82,0.45,1.18,0.00,0.07,0.05,0.59,0.00,0.00,0.00,0.00,0.14,0.00,0.00,0,0,,1,0.05,41,0,0.00,55,1,0.07,48,4,6,15,92,0.00,99,0,18,1.30,99,10,90,0.72,89,0,0.00,99,0,0.00,0,0,0.00,0,0.14,60,13,0.94,85,10,0.72,76.92,0,0.00,0,0,0,0.00,0,26,0.00,16,1.88,77,N/A,N/A,N/A,N/A,0.00,0,0.00,0,0.05,0.00,0,75.97,0.00,55,99,0.00,0.00,0,87,64,0,0,0,0.05,0.07,1,70,111.25,0.50,0.80,11,0,0.00,0.00,99,0.00,0,0,0,0.00,0.00,0,0.00,0.00,0.00,0.00,0,0,0.00,57,57,72,90,17,0.27,39,0.01,0.02,0.05,27,0.00,0.00,90,11,0.50,0.80,1.08,0.68,96,15,0.00,26,43,92,91,0,76,61,0,0.00,99,3,0.00,0.22,6.43,4.05,89,28,82,89,2.02,1.27,31.46,1,0.07,52,0,50.00,0,0.00,99,5,0.23,0.36,96,62,79,85,0,0,0,0,0,31,51,71,56,0,44,56,30,83,5,24,79,17,N/A,N/A
Filip Slana,16,1248159600,2009/07/21,PrvaLiga,2025/2026,Midfielder,Maribor,0,0,0,Slovenia,0,0,0,0,0,0,0,0,0,0,0,0,0,0,0,0,0,0,0,0,0,0,0,0,0,0,0,0,0,0,0,-1,-1,-1,-1,N/A,N/A,N/A,N/A,N/A,N/A,N/A,N/A,N/A,N/A,N/A,N/A,N/A,N/A,N/A,N/A,N/A,N/A,N/A,N/A,N/A,N/A,N/A,N/A,N/A,N/A,N/A,N/A,N/A,N/A,N/A,N/A,N/A,N/A,N/A,N/A,N/A,N/A,N/A,N/A,N/A,N/A,N/A,N/A,N/A,N/A,N/A,N/A,N/A,N/A,N/A,N/A,N/A,N/A,N/A,N/A,N/A,N/A,N/A,N/A,N/A,N/A,N/A,N/A,N/A,N/A,N/A,N/A,N/A,N/A,N/A,N/A,N/A,N/A,N/A,N/A,N/A,N/A,N/A,N/A,N/A,N/A,N/A,N/A,N/A,N/A,N/A,N/A,N/A,N/A,N/A,N/A,N/A,N/A,N/A,N/A,N/A,N/A,N/A,N/A,N/A,N/A,N/A,N/A,N/A,N/A,N/A,N/A,N/A,N/A,N/A,N/A,N/A,N/A,N/A,N/A,N/A,N/A,N/A,N/A,N/A,N/A,N/A,N/A,N/A,N/A,N/A,N/A,N/A,N/A,N/A,N/A,N/A,N/A,N/A,N/A,N/A,N/A,N/A,N/A,N/A,N/A,N/A,N/A,N/A,N/A,N/A,N/A,N/A,N/A,N/A,N/A,N/A,N/A,N/A,N/A,N/A,N/A,N/A,N/A,N/A,N/A,N/A,N/A,N/A,N/A,N/A,N/A,N/A,N/A,N/A,N/A,N/A,N/A,N/A,N/A,N/A,N/A,N/A,N/A,N/A,N/A,N/A,N/A,N/A,N/A,N/A,N/A,N/A,N/A,N/A,N/A,N/A,N/A,N/A,N/A,N/A,N/A,N/A,N/A,N/A,N/A,N/A,N/A,N/A,N/A,N/A,N/A,N/A,N/A,N/A,N/A,N/A,N/A,N/A,N/A,N/A,N/A,N/A,N/A,N/A,N/A,N/A,N/A
Florian Hartherz,32,738658800,1993/05/29,PrvaLiga,2025/2026,Defender,Koper,785,546,239,Germany,11,7,4,0,0,0,1,0,1,0,0,2,2,0,8,5,3,0,0,0.11,0.11,0,0,0,0,0.92,98,71,0,785,0,150,74,8,18,66000,3.66,0.09,66,0.12,0.05,17,1,0.05,1,99,0.12,17,0.00,0.00,0.05,1,0.00,0.00,0.00,0.00,0,0.00,0.00,0.00,0.00,0.00,0.00,0.00,0.47,0.00,0.00,0.00,0.00,0.00,0.00,0.00,0.00,0.00,0.00,0.00,0,0,,0,0.00,36,0,0.00,55,0,0.00,43,0,3,8,60,0.00,99,0,0,0.00,29,0,55,0.00,43,0,0.00,99,0,0.00,0,0,0.00,0,0.12,57,0,0.00,32,0,0.00,0.00,0,0.00,0,0,0,0.00,0,9,0.00,88,1.06,14,N/A,N/A,N/A,N/A,0.00,0,0.00,0,0.00,0.00,0,100.00,0.00,55,99,0.00,0.00,0,35,35,0,0,0,0.00,0.00,0,60,69.51,0.00,0.00,0,0,0.00,0.00,99,0.00,0,0,0,0.00,0.00,0,0.00,0.00,0.00,0.00,0,0,0.00,57,30,21,40,88,0.58,64,0.03,0.07,0.00,27,0.00,0.00,26,0,0.00,0.00,0.00,0.00,26,0,0.00,26,15,36,91,0,76,33,0,0.00,99,0,0.00,0.00,0.12,0.05,1,1,24,21,0.12,0.05,100.00,0,0.00,99,0,0.00,0,0.00,99,0,0.00,0.00,55,30,59,13,0,0,0,0,0,41,40,57,56,0,88,53,12,12,0,0,12,26,N/A,N/A
Florijan Mežnar,56,N/A,N/A,PrvaLiga,2025/2026,Forward,Radomlje,28,0,28,,3,0,3,0,0,0,0,0,0,0,0,1,0,1,0,0,0,0,0,0,0,0,0,0,0,0,0,9,0,0,0,-1,-1,-1,25,14000,0.00,0,49,0.00,0.00,16,0,0.00,0,16,0.00,16,0.00,0.00,0.00,0,0.00,0.00,0.00,0.00,0,0.00,0.00,0.00,0.00,0.00,0.00,0.00,0.00,0.00,0.00,0.00,0.00,0.00,0.00,0.00,0.00,0.00,0.00,0.00,0,0,,0,0.00,36,0,0.00,55,0,0.00,43,0,3,0,60,0.00,99,0,0,0.00,29,0,55,0.00,43,0,0.00,99,0,0.00,0,0,0.00,0,0.00,42,0,0.00,32,0,0.00,0.00,0,0.00,0,0,0,0.00,0,0,0.00,99,0.00,0,N/A,N/A,N/A,N/A,0.00,0,0.00,0,0.00,0.00,0,0.00,0.00,55,99,0.00,0.00,0,35,35,0,0,0,0.00,0.00,0,60,0.00,0.00,0.00,0,0,0.00,0.00,99,0.00,0,0,0,0.00,0.00,0,0.00,0.00,0.00,0.00,0,0,0.00,57,0,0,40,0,0.00,16,0.00,0.00,0.00,27,0.00,0.00,26,0,0.00,0.00,0.00,0.00,26,0,0.00,26,0,36,91,0,76,33,0,0.00,99,0,0.00,0.00,22.50,0.14,1,0,19,99,0.00,0.00,0.00,0,0.00,99,0,0.00,0,0.00,99,0,0.00,0.00,55,0,59,13,0,0,0,0,0,23,40,57,56,0,24,80,12,12,0,0,12,17,N/A,N/A
Florijan Raduha,28,859881600,1997/04/01,PrvaLiga,2025/2026,Goalkeeper,Aluminij,180,90,90,Slovenia,2,1,1,0,0,0,0,0,0,0,0,0,0,0,4,2,2,0,0,0,0,0,0,0,0,2,45,90,0,0,0,-1,-1,-1,26,0,0.62,0,49,15.50,1.63,87,31,1.21,23,34,11.50,82,0.00,0.00,0.00,0,0.00,0.00,0.00,0.00,0,0.00,0.00,0.00,0.00,0.16,0.05,0.00,0.37,0.00,0.00,0.00,0.00,0.00,0.00,0.00,0.00,0.00,0.00,0.00,0,0,,0,0.00,36,0,0.00,55,0,0.00,43,0,0,2,60,0.00,99,0,1,0.50,79,0,55,0.00,43,0,0.00,99,0,0.00,0,0,0.00,0,0.00,42,0,0.00,32,0,0.00,0.00,0,0.00,0,3,90,1.50,90,7,0.00,7,3.50,99,N/A,N/A,N/A,N/A,42.86,0,0.00,0,0.00,0.00,0,74.19,0.00,55,99,0.00,0.00,0,35,35,0,0,1,0.00,0.00,0,60,11.76,0.05,0.50,1,0,0.00,0.00,99,0.00,0,0,0,0.00,0.00,0,0.00,0.00,0.00,0.00,0,0,0.00,57,0,0,40,7,0.06,47,0.00,0.03,0.00,27,0.00,0.00,26,0,0.00,0.00,0.00,0.00,26,0,0.00,26,0,84,91,0,76,33,0,0.00,99,0,0.00,0.00,0.00,0.00,0,0,19,17,0.00,0.00,0.00,0,0.00,99,0,0.00,0,0.00,99,0,0.00,0.00,55,1,21,13,0,0,0,0,0,23,40,57,56,0,22,4,12,12,0,0,12,13,0,0
Florjan Jevšenak,20,1112770800,2005/04/06,PrvaLiga,2025/2026,Midfielder,Celje,1456,646,810,Slovenia,21,9,12,0,0,0,2,1,1,0,0,8,4,4,16,3,13,3,0,0.12,0.12,0,0,0,0,0.99,91,69,485,728,0.19,175,67,-1,31,24000,5.13,0.1,68,9.39,6.20,65,155,5.00,125,51,7.57,66,0.00,0.00,0.16,4,0.00,0.24,0.06,0.04,1,0.00,0.28,0.00,0.00,0.00,0.12,0.32,0.72,0.00,0.36,0.20,0.36,0.00,0.04,0.01,0.00,0.04,0.00,0.00,0,0,,6,0.24,74,1,0.06,61,5,0.30,83,4,0,21,67,0.00,99,0,3,0.18,51,6,71,0.36,71,0,0.00,99,0,0.00,0,0,0.00,0,0.24,76,9,0.55,75,8,0.48,88.89,0,0.00,0,0,0,0.00,0,18,0.00,83,1.09,16,N/A,N/A,N/A,N/A,0.00,0,0.00,0,0.36,0.00,0,80.65,16.67,57,99,0.00,0.00,0,78,72,0,0,0,0.00,0.00,0,60,128.30,0.04,0.06,1,0,0.00,0.00,99,0.00,0,0,0,0.00,0.00,0,0.00,0.00,0.06,0.04,1,0,0.00,57,68,72,40,83,1.49,74,0.06,0.09,0.36,40,0.01,0.02,68,6,0.24,0.36,0.36,0.24,62,6,0.02,39,46,41,91,0,84,38,0,0.00,99,1,0.00,0.06,4.12,2.72,68,20,57,68,1.21,0.80,29.41,7,0.42,9,0,33.33,0,0.00,99,2,0.08,0.12,69,89,21,85,0,0,0,0,0,43,40,57,56,0,35,85,64,51,3,14,56,7,N/A,N/A
Fran Tomek,23,1024988400,2002/06/25,PrvaLiga,2025/2026,Midfielder,Koper,1651,916,735,Croatia,22,13,9,0,0,0,4,3,1,0,0,3,3,0,26,11,15,6,0,0.22,0.22,0,0,0,0,1.42,64,75,275,413,0.33,185,37,-1,25,48000,5.50,0.18,85,13.21,11.00,82,242,8.82,194,48,10.59,79,0.00,0.00,0.18,4,0.00,0.18,0.00,0.00,0,0.00,0.09,0.00,0.00,0.00,0.32,0.32,1.23,0.00,0.22,0.05,0.36,0.00,0.14,0.02,0.00,0.50,0.00,0.00,0,0,,4,0.18,65,3,0.16,77,1,0.05,46,5,1,21,60,0.00,99,0,7,0.38,70,4,64,0.22,60,0,0.00,99,0,0.00,0,0,0.00,0,0.22,70,8,0.44,67,7,0.38,87.50,0,0.00,0,0,0,0.00,0,27,0.00,59,1.47,40,N/A,N/A,N/A,N/A,0.00,0,0.00,0,0.43,0.00,0,80.17,75.00,94,99,0.00,0.00,0,71,71,0,0,0,0.05,0.05,1,65,120.91,0.14,0.16,3,0,0.00,0.00,99,0.00,0,0,1,0.05,0.05,0,0.00,0.00,0.05,0.05,1,0,0.00,57,80,82,40,60,2.88,90,0.13,0.16,0.43,40,0.02,0.02,96,21,0.95,1.15,0.76,0.64,91,14,0.02,39,63,55,93,0,81,89,0,0.00,99,11,0.00,0.60,5.57,4.64,102,49,90,85,2.67,2.23,48.04,2,0.11,45,0,25.00,0,0.00,99,1,0.05,0.05,57,89,38,92,0,0,0,0,0,60,40,57,56,0,80,38,34,80,6,27,84,6,N/A,N/A
Franko Kovačević,26,934095600,1999/08/08,PrvaLiga,2025/2026,Forward,Celje,882,435,447,Croatia,14,6,8,11,8,3,1,0,1,0,0,7,4,3,9,1,8,1,0,1.22,0.1,1.12,1.66,0.6,80,0.92,98,63,882,882,0.1,1,77,-1,1,48000,5.54,0.07,63,1.64,0.94,21,16,0.65,11,23,1.12,21,0.00,0.00,0.06,1,0.00,0.00,0.00,0.00,0,0.00,0.12,0.00,0.00,0.00,0.00,0.18,0.59,1.09,1.23,0.35,0.24,0.00,0.35,0.42,0.00,0.12,0.00,0.00,0,0,,12,0.71,98,6,0.61,98,6,0.61,96,3,4,10,60,0.00,99,0,0,0.00,29,0,55,0.00,43,0,0.00,99,0,0.00,0,0,0.00,0,0.10,54,4,0.41,66,3,0.31,75.00,0,0.00,0,0,0,0.00,0,10,0.00,88,1.02,12,N/A,N/A,N/A,N/A,0.00,0,0.00,0,7.12,0.00,0,68.75,50.00,85,99,0.00,0.00,0,65,61,0,0,0,0.00,0.00,0,60,94.19,0.00,0.00,0,0,0.00,0.00,99,0.00,0,0,1,0.06,0.10,0,0.00,0.00,0.31,0.18,3,0,91.67,86,35,30,41,88,0.68,64,0.04,0.07,7.12,99,0.42,0.73,83,6,0.35,0.61,0.41,0.24,70,4,0.73,99,64,36,98,0,96,60,0,0.00,99,2,0.00,0.20,2.35,1.35,23,13,65,43,1.33,0.76,56.52,2,0.20,27,0,0.00,0,0.00,99,0,0.00,0.00,55,39,68,77,1,4,1,29,7,99,99,95,99,0,80,97,90,23,1,7,24,9,N/A,N/A
Frederic Ananou,28,874738800,1997/09/20,PrvaLiga,2025/2026,Defender,Olimpija,225,142,83,Germany,7,4,3,0,0,0,1,0,1,0,0,2,1,1,5,4,1,2,0,0.4,0.4,0,0,0,0,2,45,32,113,225,0.8,-1,-1,-1,24,66000,2.01,0.14,95,14.00,2.21,82,42,2.05,39,96,13.00,84,0.00,0.00,0.00,0,0.00,0.11,0.33,0.05,1,0.00,0.00,0.00,0.00,0.00,0.05,0.00,0.32,0.00,0.00,0.00,0.00,0.00,0.00,0.00,0.00,0.05,0.00,0.00,0,0,,0,0.00,36,0,0.00,55,0,0.00,43,6,5,2,94,0.00,99,0,1,0.33,64,2,90,0.67,85,0,0.00,99,0,0.00,0,0,0.00,0,0.00,42,0,0.00,32,0,0.00,0.00,0,0.00,0,0,0,0.00,0,6,0.00,7,2.00,81,N/A,N/A,N/A,N/A,0.00,0,0.00,0,0.00,0.00,0,92.86,0.00,55,99,0.00,0.00,0,35,35,0,0,0,0.00,0.00,0,60,38.25,0.11,0.67,2,0,0.00,0.00,99,0.00,0,0,0,0.00,0.00,0,0.00,0.00,0.00,0.00,0,0,0.00,57,0,10,40,7,0.64,93,0.03,0.21,0.00,27,0.00,0.00,26,0,0.00,0.00,1.00,0.16,95,3,0.00,26,1,88,91,0,76,73,0,0.00,99,1,0.00,0.33,4.67,0.74,14,3,51,78,1.00,0.16,21.43,0,0.00,99,0,50.00,0,0.00,99,1,0.05,0.33,92,1,73,95,0,0,0,0,0,73,40,57,56,0,88,73,12,99,2,29,88,27,N/A,N/A
Gal Kranjčič,20,1139731200,2006/02/12,PrvaLiga,2025/2026,Midfielder,Domžale,838,346,492,Slovenia,15,6,9,0,0,0,1,0,1,0,0,1,1,0,17,6,11,1,0,0.11,0.11,0,0,0,0,1.83,49,56,838,838,0.11,205,75,-1,25,0,4.86,0.07,66,19.95,10.94,94,186,9.53,162,77,17.38,94,0.00,0.00,0.35,6,0.00,0.12,0.11,0.06,1,0.00,0.06,0.00,0.00,0.00,0.35,0.18,1.00,0.00,0.54,0.18,0.29,0.00,0.12,0.02,0.00,0.24,0.00,0.00,0,0,,5,0.29,81,2,0.21,83,3,0.32,84,2,6,9,78,0.00,99,0,6,0.64,90,2,90,0.21,59,0,0.00,99,0,0.00,0,0,0.00,0,0.64,97,5,0.54,73,3,0.32,60.00,0,0.00,0,0,0,0.00,0,17,0.00,14,1.82,69,N/A,N/A,N/A,N/A,0.00,0,0.00,0,0.36,0.00,0,87.10,40.00,73,99,0.00,0.00,0,66,50,0,0,0,0.06,0.11,1,81,82.61,0.12,0.21,2,0,0.00,0.00,99,0.00,0,0,0,0.00,0.00,0,0.00,0.00,0.11,0.06,1,0,0.00,57,34,35,40,14,1.16,83,0.07,0.12,0.36,53,0.02,0.04,93,9,0.53,0.97,0.43,0.24,71,4,0.04,49,36,60,91,0,90,80,0,0.00,99,4,0.00,0.43,6.54,3.59,61,26,91,91,2.79,1.53,42.62,1,0.11,45,0,50.00,0,0.00,99,1,0.06,0.11,66,34,79,60,0,0,0,0,0,41,40,57,56,0,22,7,89,29,1,7,24,36,0,0
Gal Lubej Fink,23,1019113200,2002/04/18,PrvaLiga,2025/2026,Goalkeeper,Olimpija,0,0,0,Slovenia,0,0,0,0,0,0,0,0,0,0,0,0,0,0,0,0,0,0,0,0,0,0,0,0,0,0,0,0,0,0,0,-1,-1,-1,-1,N/A,N/A,N/A,N/A,N/A,N/A,N/A,N/A,N/A,N/A,N/A,N/A,N/A,N/A,N/A,N/A,N/A,N/A,N/A,N/A,N/A,N/A,N/A,N/A,N/A,N/A,N/A,N/A,N/A,N/A,N/A,N/A,N/A,N/A,N/A,N/A,N/A,N/A,N/A,N/A,N/A,N/A,N/A,N/A,N/A,N/A,N/A,N/A,N/A,N/A,N/A,N/A,N/A,N/A,N/A,N/A,N/A,N/A,N/A,N/A,N/A,N/A,N/A,N/A,N/A,N/A,N/A,N/A,N/A,N/A,N/A,N/A,N/A,N/A,N/A,N/A,N/A,N/A,N/A,N/A,N/A,N/A,N/A,N/A,N/A,N/A,N/A,N/A,N/A,N/A,N/A,N/A,N/A,N/A,N/A,N/A,N/A,N/A,N/A,N/A,N/A,N/A,N/A,N/A,N/A,N/A,N/A,N/A,N/A,N/A,N/A,N/A,N/A,N/A,N/A,N/A,N/A,N/A,N/A,N/A,N/A,N/A,N/A,N/A,N/A,N/A,N/A,N/A,N/A,N/A,N/A,N/A,N/A,N/A,N/A,N/A,N/A,N/A,N/A,N/A,N/A,N/A,N/A,N/A,N/A,N/A,N/A,N/A,N/A,N/A,N/A,N/A,N/A,N/A,N/A,N/A,N/A,N/A,N/A,N/A,N/A,N/A,N/A,N/A,N/A,N/A,N/A,N/A,N/A,N/A,N/A,N/A,N/A,N/A,N/A,N/A,N/A,N/A,N/A,N/A,N/A,N/A,N/A,N/A,N/A,N/A,N/A,N/A,N/A,N/A,N/A,N/A,N/A,N/A,N/A,N/A,N/A,N/A,N/A,N/A,N/A,N/A,N/A,N/A,N/A,N/A,N/A,N/A,N/A,N/A,N/A,N/A,N/A,N/A,N/A,N/A,N/A,N/A,N/A,N/A,N/A,N/A,N/A,N/A
Gašper Jovan,25,983088000,2001/02/25,PrvaLiga,2025/2026,Midfielder,Bravo,2037,957,1080,Slovenia,23,11,12,2,0,2,1,0,1,0,0,4,2,2,36,18,18,7,1,0.13,0.04,0.09,0,0.17,1019,1.59,57,89,291,2037,0.31,93,101,-1,10,48000,6.14,0.04,50,6.84,6.74,53,155,4.83,111,29,4.90,52,0.00,0.00,0.17,4,0.00,0.39,0.04,0.04,1,0.00,0.00,0.00,0.00,0.00,0.35,0.13,1.65,1.50,0.13,0.04,0.22,0.00,0.09,0.06,0.00,0.30,0.00,0.00,0,0,,3,0.13,53,2,0.09,67,1,0.04,44,0,0,23,62,0.00,99,0,8,0.35,66,9,61,0.40,74,0,0.00,99,0,0.00,0,0,0.00,0,0.18,65,5,0.22,52,3,0.13,60.00,0,0.00,0,0,0,0.00,0,38,0.00,41,1.68,53,N/A,N/A,N/A,N/A,0.00,0,0.00,0,1.43,0.00,0,71.61,66.67,93,99,0.00,0.00,0,51,50,0,0,0,0.04,0.04,1,60,141.16,0.48,0.49,11,1,0.00,0.04,5,0.04,0,0,0,0.00,0.00,0,0.00,0.00,0.04,0.04,1,0,66.67,82,94,90,85,43,0.97,53,0.04,0.04,1.43,57,0.06,0.06,29,1,0.04,0.04,0.35,0.35,61,8,0.06,54,90,83,91,0,78,70,0,0.00,99,7,0.00,0.31,3.40,3.35,77,20,47,58,0.88,0.87,25.97,0,0.00,99,0,22.22,0,0.00,99,2,0.09,0.09,65,95,21,13,0,0,0,0,0,47,56,71,56,0,80,48,39,75,6,26,83,24,N/A,N/A
Gašper Pečnik,22,1053241200,2003/05/18,PrvaLiga,2025/2026,Midfielder,Aluminij,181,126,55,Slovenia,8,4,4,0,0,0,0,0,0,0,0,2,1,1,5,3,2,1,0,0,0,0,0,0,0,2.49,36,23,181,0,0.5,-1,-1,-1,15,18000,2.42,0,49,6.61,0.62,52,13,0.29,6,16,3.05,34,0.00,0.00,0.00,0,0.00,0.10,0.51,0.05,1,0.00,0.05,0.00,0.00,0.00,0.05,0.00,0.24,0.00,0.00,0.00,0.00,0.00,0.00,0.00,0.00,0.14,0.00,0.00,0,0,,0,0.00,36,0,0.00,55,0,0.00,43,0,8,0,98,0.00,99,0,1,0.51,80,2,90,1.02,94,0,0.00,99,0,0.00,0,0,0.00,0,0.00,42,0,0.00,32,0,0.00,0.00,0,0.00,0,0,0,0.00,0,5,0.00,2,2.54,96,N/A,N/A,N/A,N/A,0.00,0,0.00,0,0.00,0.00,0,46.15,0.00,55,99,0.00,0.00,0,35,35,0,0,0,0.00,0.00,0,60,50.82,0.10,1.02,2,0,0.00,0.00,99,0.00,0,0,0,0.00,0.00,0,0.00,0.00,0.00,0.00,0,0,0.00,57,0,11,40,2,0.01,26,0.00,0.01,0.00,27,0.00,0.00,26,0,0.00,0.00,0.00,0.00,26,0,0.00,26,1,95,91,0,76,99,0,0.00,99,3,0.00,1.53,5.59,0.52,11,5,89,86,2.54,0.24,45.45,1,0.51,7,0,50.00,0,0.00,99,1,0.05,0.51,97,0,86,13,0,0,0,0,0,23,40,57,56,0,28,71,19,93,1,12,47,2,N/A,N/A
Gašper Petek,56,28800,1970/01/01,PrvaLiga,2025/2026,Defender,NK Primorje,2144,1080,1064,Slovenia,25,13,12,2,1,1,0,0,0,0,0,3,2,1,47,21,26,3,0,0.08,0,0.08,0.08,0.08,1072,1.97,46,86,715,0,0.13,96,118,57,6,48000,5.32,0,49,14.05,12.96,83,324,11.36,284,80,12.31,84,0.00,0.00,0.00,0,0.00,0.04,0.00,0.00,0,0.00,0.00,0.00,0.00,0.00,0.20,0.04,1.92,0.00,0.00,0.00,0.04,0.00,0.00,0.00,0.00,0.28,0.00,0.00,0,0,,0,0.00,36,0,0.00,55,0,0.00,43,5,1,24,60,0.00,99,0,5,0.22,55,1,55,0.04,43,0,0.00,99,0,0.00,0,0,0.00,0,0.00,42,1,0.04,34,1,0.04,100.00,0,0.00,0,0,0,0.00,0,48,0.00,8,2.08,88,N/A,N/A,N/A,N/A,0.00,0,0.00,0,0.00,0.00,0,87.65,0.00,55,99,0.00,0.00,0,36,99,0,0,0,0.16,0.17,4,90,133.07,0.96,1.04,24,0,0.00,0.00,99,0.00,0,0,0,0.00,0.00,0,0.00,0.00,0.04,0.04,1,0,0.00,57,97,99,86,9,0.65,47,0.03,0.03,0.00,27,0.00,0.00,29,1,0.04,0.04,0.26,0.24,52,6,0.00,26,52,96,91,0,78,70,0,0.00,99,7,0.00,0.30,2.17,2.00,50,18,40,39,0.78,0.72,36.00,0,0.00,99,0,0.00,0,0.00,99,0,0.00,0.00,55,97,38,92,0,0,0,0,0,33,54,58,57,0,80,19,82,32,3,12,47,13,N/A,N/A
Giannis Alexandrakis,23,1025938800,2002/07/06,PrvaLiga,2025/2026,Midfielder,Domžale,21,6,15,Greece,2,1,1,0,0,0,0,0,0,0,0,0,0,0,1,0,1,0,0,0,0,0,0,0,0,4.29,21,11,0,0,0,-1,-1,-1,12,0,1.30,0,49,0.00,0.00,16,0,0.00,0,16,0.00,16,0.00,0.00,0.00,0,0.00,0.00,0.00,0.00,0,0.00,0.00,0.00,0.00,0.00,0.00,0.00,0.10,0.00,0.00,0.00,0.00,0.00,0.00,0.00,0.00,0.00,0.00,0.00,0,0,,0,0.00,36,0,0.00,55,0,0.00,43,0,2,0,60,0.00,99,0,0,0.00,29,0,55,0.00,43,0,0.00,99,0,0.00,0,0,0.00,0,0.00,42,0,0.00,32,0,0.00,0.00,0,0.00,0,0,0,0.00,0,1,0.00,0,4.29,99,N/A,N/A,N/A,N/A,0.00,0,0.00,0,0.00,0.00,0,0.00,0.00,55,99,0.00,0.00,0,35,35,0,0,0,0.00,0.00,0,60,12.96,0.00,0.00,0,0,0.00,0.00,99,0.00,0,0,0,0.00,0.00,0,0.00,0.00,0.00,0.00,0,0,0.00,57,0,0,40,0,0.00,16,0.00,0.00,0.00,27,0.00,0.00,26,0,0.00,0.00,0.00,0.00,26,0,0.00,26,1,36,91,0,76,33,0,0.00,99,0,0.00,0.00,0.00,0.00,0,0,19,17,0.00,0.00,0.00,0,0.00,99,0,0.00,0,0.00,99,0,0.00,0.00,55,0,48,13,0,0,0,0,0,23,40,57,56,0,22,4,12,12,0,0,12,14,0,0
Godwin Agbevor,56,N/A,N/A,PrvaLiga,2025/2026,Midfielder,Mura,103,44,59,Ghana,3,1,2,0,0,0,0,0,0,0,0,0,0,0,3,2,1,0,0,0,0,0,0,0,0,2.62,34,34,0,0,0,-1,-1,-1,17,15000,2.57,0,49,0.00,0.00,16,0,0.00,0,16,0.00,16,0.00,0.00,0.00,0,0.00,0.00,0.00,0.00,0,0.00,0.00,0.00,0.00,0.00,0.00,0.00,0.60,0.00,0.00,0.00,0.00,0.00,0.00,0.00,0.00,0.00,0.00,0.00,0,0,,0,0.00,36,0,0.00,55,0,0.00,43,2,2,1,60,0.00,99,0,0,0.00,29,0,55,0.00,43,0,0.00,99,0,0.00,0,0,0.00,0,0.00,42,0,0.00,32,0,0.00,0.00,0,0.00,0,0,0,0.00,0,3,0.00,1,2.62,96,N/A,N/A,N/A,N/A,0.00,0,0.00,0,0.00,0.00,0,0.00,0.00,55,99,0.00,0.00,0,35,35,0,0,0,0.00,0.00,0,60,12.87,0.00,0.00,0,0,0.00,0.00,99,0.00,0,0,0,0.00,0.00,0,0.00,0.00,0.00,0.00,0,0,0.00,57,0,0,40,1,0.00,16,0.00,0.00,0.00,27,0.00,0.00,26,0,0.00,0.00,0.00,0.00,26,0,0.00,26,2,36,91,0,76,33,0,0.00,99,0,0.00,0.00,0.00,0.00,0,0,19,17,0.00,0.00,0.00,0,0.00,99,0,0.00,0,0.00,99,0,0.00,0.00,55,0,48,60,0,0,0,0,0,23,40,57,56,0,25,4,12,12,0,0,12,67,N/A,N/A
Gregor Sikošek,32,761126400,1994/02/13,PrvaLiga,2025/2026,Defender,Maribor,653,330,323,Slovenia,9,4,5,1,0,1,0,0,0,0,0,2,2,0,10,3,7,1,0,0.14,0,0.14,0,0.28,653,1.38,65,73,653,0,0.14,80,103,26,15,0,4.03,0,49,13.05,6.79,80,95,4.86,68,29,9.34,73,0.00,0.00,0.00,0,0.00,0.57,0.00,0.00,0,0.00,0.00,0.00,0.00,0.00,0.00,0.14,0.71,0.00,0.00,0.00,0.21,0.00,0.00,0.04,0.00,0.21,0.00,0.00,0,0,,0,0.00,36,0,0.00,55,0,0.00,43,2,1,8,60,0.00,99,0,0,0.00,29,8,56,1.10,96,0,0.00,99,0,0.00,0,0,0.00,0,0.00,42,3,0.41,66,2,0.27,66.67,0,0.00,0,0,0,0.00,0,10,0.00,61,1.37,32,N/A,N/A,N/A,N/A,0.00,0,0.00,0,0.52,0.00,0,71.58,0.00,55,99,0.00,0.00,0,62,56,0,0,0,0.07,0.14,1,89,56.37,0.50,0.96,7,0,0.00,0.00,99,0.00,0,0,0,0.00,0.00,0,0.00,0.00,0.00,0.00,0,0,0.00,57,23,15,78,61,0.15,39,0.01,0.02,0.52,60,0.04,0.07,58,2,0.14,0.27,0.14,0.07,36,1,0.07,57,19,95,91,0,76,79,0,0.00,99,3,0.00,0.41,3.57,1.86,26,6,44,60,0.82,0.43,23.08,0,0.00,99,0,12.50,0,0.00,99,1,0.07,0.14,73,30,38,60,0,0,0,0,0,48,63,79,56,0,22,66,79,36,1,11,41,12,0,0
György Komáromi,24,1011427200,2002/01/19,PrvaLiga,2025/2026,Defender,Maribor,46,0,46,Hungary,1,0,1,0,0,0,0,0,0,0,0,0,0,0,1,0,1,0,0,0,0,0,0,0,0,1.96,46,46,0,0,0,-1,-1,-1,23,60000,3.19,0,49,21.52,5.50,95,11,3.50,7,19,13.70,88,0.00,0.00,0.50,1,0.00,2.00,0.00,0.00,0,0.00,0.00,0.00,0.00,0.00,0.50,1.50,0.50,0.00,3.91,1.00,1.50,0.00,0.00,0.04,0.00,1.00,0.00,0.00,0,0,,2,1.00,99,0,0.00,55,2,3.91,99,3,0,1,60,0.00,99,0,1,1.96,99,4,90,7.83,99,0,0.00,99,0,0.00,0,0,0.00,0,1.96,99,3,5.87,99,3,5.87,100.00,0,0.00,0,0,0,0.00,0,1,0.00,8,1.96,80,N/A,N/A,N/A,N/A,0.00,0,0.00,0,0.09,0.00,0,63.64,0.00,55,99,0.00,0.00,0,99,99,0,0,0,0.00,0.00,0,60,6.37,0.50,1.96,1,0,0.00,0.00,99,0.00,0,0,0,0.00,0.00,0,0.00,0.00,0.00,0.00,0,0,0.00,57,0,0,40,9,0.06,83,0.03,0.12,0.09,82,0.04,0.18,99,1,0.50,1.96,0.00,0.00,26,0,0.18,78,7,99,91,0,76,99,0,0.00,99,2,0.00,3.91,17.61,4.50,9,5,99,99,9.78,2.50,55.56,0,0.00,99,0,50.00,0,0.00,99,2,1.00,3.91,99,0,21,77,0,0,0,0,0,23,40,57,56,0,85,4,12,12,0,0,12,-1,N/A,N/A
Hamza Ljukovac,21,1109923200,2005/03/04,PrvaLiga,2025/2026,Midfielder,Mura,190,16,174,Bosnia and Herzegovina,4,1,3,0,0,0,0,0,0,0,0,1,0,1,4,2,2,2,1,0,0,0,0,0,0,1.89,48,48,95,0,0.95,-1,-1,-1,14,0,3.67,0,49,0.00,0.00,16,0,0.00,0,16,0.00,16,0.00,0.00,0.00,0,0.00,0.00,0.00,0.00,0,0.00,0.00,0.00,0.00,0.00,0.00,0.00,0.80,0.00,0.00,0.00,0.00,0.00,0.00,0.00,0.00,0.00,0.00,0.00,0,0,,0,0.00,36,0,0.00,55,0,0.00,43,2,1,3,60,0.00,99,0,0,0.00,29,0,55,0.00,43,0,0.00,99,0,0.00,0,0,0.00,0,0.00,42,0,0.00,32,0,0.00,0.00,0,0.00,0,0,0,0.00,0,4,0.00,10,1.89,77,N/A,N/A,N/A,N/A,0.00,0,0.00,0,0.00,0.00,0,0.00,0.00,55,99,0.00,0.00,0,35,35,0,0,0,0.00,0.00,0,60,18.36,0.00,0.00,0,0,0.00,0.00,99,0.00,0,0,0,0.00,0.00,0,0.00,0.00,0.00,0.00,0,0,0.00,57,0,0,40,11,0.00,16,0.00,0.00,0.00,27,0.00,0.00,26,0,0.00,0.00,0.00,0.00,26,0,0.00,26,15,36,91,0,76,33,0,0.00,99,0,0.00,0.00,0.00,0.00,0,0,19,17,0.00,0.00,0.00,0,0.00,99,0,0.00,0,0.00,99,0,0.00,0.00,55,2,38,60,0,0,0,0,0,23,40,57,56,0,22,71,12,99,1,25,81,19,0,0
Hanan Durakovic,56,N/A,N/A,PrvaLiga,2025/2026,Midfielder,Radomlje,5,4,1,Bosnia and Herzegovina,2,1,1,0,0,0,0,0,0,0,0,1,0,1,0,0,0,0,0,0,0,0,0,0,0,0,0,3,0,0,0,-1,-1,-1,16,0,0.00,0,49,0.00,0.00,16,0,0.00,0,16,0.00,16,0.00,0.00,0.00,0,0.00,0.00,0.00,0.00,0,0.00,0.00,0.00,0.00,0.00,0.00,0.00,0.00,0.00,0.00,0.00,0.00,0.00,0.00,0.00,0.00,0.00,0.00,0.00,0,0,,0,0.00,36,0,0.00,55,0,0.00,43,0,2,0,60,0.00,99,0,0,0.00,29,0,55,0.00,43,0,0.00,99,0,0.00,0,0,0.00,0,0.00,42,0,0.00,32,0,0.00,0.00,0,0.00,0,0,0,0.00,0,0,0.00,99,0.00,0,N/A,N/A,N/A,N/A,0.00,0,0.00,0,0.00,0.00,0,0.00,0.00,55,99,0.00,0.00,0,35,35,0,0,0,0.00,0.00,0,60,0.00,0.00,0.00,0,0,0.00,0.00,99,0.00,0,0,0,0.00,0.00,0,0.00,0.00,0.00,0.00,0,0,0.00,57,0,0,40,0,0.00,16,0.00,0.00,0.00,27,0.00,0.00,26,0,0.00,0.00,0.00,0.00,26,0,0.00,26,0,36,91,0,76,33,0,0.00,99,0,0.00,0.00,0.00,0.00,0,0,19,17,0.00,0.00,0.00,0,0.00,99,0,0.00,0,0.00,99,0,0.00,0.00,55,0,48,13,0,0,0,0,0,23,40,57,56,0,22,97,12,12,0,0,12,13,0,0
Haris Dedič,28,868172400,1997/07/06,PrvaLiga,2025/2026,Midfielder,NK Primorje,252,91,161,Slovenia,5,2,3,0,0,0,0,0,0,0,0,0,0,0,8,2,6,0,0,0,0,0,0,0,0,2.86,32,50,0,0,0,-1,-1,-1,12,0,1.48,0,49,0.00,0.00,16,0,0.00,0,16,0.00,16,0.00,0.00,0.00,0,0.00,0.00,0.00,0.00,0,0.00,0.00,0.00,0.00,0.00,0.00,0.00,0.67,0.00,0.00,0.00,0.00,0.00,0.00,0.00,0.00,0.00,0.00,0.00,0,0,,0,0.00,36,0,0.00,55,0,0.00,43,0,3,2,60,0.00,99,0,0,0.00,29,0,55,0.00,43,0,0.00,99,0,0.00,0,0,0.00,0,0.00,42,0,0.00,32,0,0.00,0.00,0,0.00,0,0,0,0.00,0,8,0.00,0,2.87,97,N/A,N/A,N/A,N/A,0.00,0,0.00,0,0.00,0.00,0,0.00,0.00,55,99,0.00,0.00,0,35,35,0,0,0,0.00,0.00,0,60,17.80,0.00,0.00,0,0,0.00,0.00,99,0.00,0,0,0,0.00,0.00,0,0.00,0.00,0.00,0.00,0,0,0.00,57,0,1,40,0,0.00,16,0.00,0.00,0.00,27,0.00,0.00,26,0,0.00,0.00,0.00,0.00,26,0,0.00,26,1,36,91,0,76,33,0,0.00,99,0,0.00,0.00,0.00,0.00,0,0,19,17,0.00,0.00,0.00,0,0.00,99,0,0.00,0,0.00,99,0,0.00,0.00,55,1,59,13,0,0,0,0,0,23,40,57,56,0,22,4,12,12,0,0,12,15,0,0
Haris Kadrić,25,953193600,2000/03/16,PrvaLiga,2025/2026,Forward,NK Primorje,1950,993,957,Slovenia,23,12,11,4,0,4,3,3,0,0,0,3,2,1,40,16,24,2,0,0.32,0.14,0.18,0,0.38,488,1.85,49,85,975,650,0.09,63,59,-1,3,42000,5.91,0.13,72,6.43,6.09,52,140,4.26,98,27,4.50,47,0.00,0.00,0.22,5,0.00,0.13,0.00,0.00,0,0.00,0.26,0.00,0.00,0.00,0.13,0.13,1.83,2.75,0.51,0.26,0.13,0.00,0.22,0.14,0.00,1.43,0.00,0.00,0,0,,11,0.48,80,5,0.23,85,6,0.28,82,4,1,22,60,0.00,99,0,3,0.14,45,3,93,0.14,57,0,0.00,99,0,0.00,0,0,0.00,0,0.23,74,3,0.14,46,3,0.14,100.00,0,0.00,0,0,0,0.00,0,42,0.00,12,1.93,79,N/A,N/A,N/A,N/A,0.00,0,0.00,0,3.32,0.00,0,70.00,45.45,77,99,0.00,0.00,0,52,99,1,1,0,0.09,0.09,2,76,135.88,0.22,0.23,5,0,0.00,0.00,99,0.00,0,2,1,0.04,0.05,0,0.00,0.00,0.00,0.00,0,0,36.36,69,90,90,68,14,2.11,78,0.09,0.10,1.92,66,0.08,0.09,60,6,0.26,0.28,0.32,0.30,58,7,0.15,74,82,62,93,0,76,99,0,0.00,99,33,0.00,1.52,5.33,5.04,116,53,88,82,2.43,2.30,45.69,6,0.28,18,0,66.67,0,0.00,99,2,0.09,0.09,65,92,38,85,0,1,0,4,0,69,72,86,56,0,68,30,92,21,2,9,32,99,N/A,N/A
Haris Vučkič,33,714380400,1992/08/21,PrvaLiga,2025/2026,Midfielder,Domžale,980,507,473,Slovenia,14,8,6,6,4,2,0,0,0,0,0,1,1,0,19,8,11,0,0,0.55,0,0.55,0.71,0.38,163,1.74,52,70,0,0,0,17,193,-1,1,66000,5.97,0,49,13.01,10.14,80,142,8.86,124,79,11.36,82,0.00,0.00,0.21,3,0.00,0.07,0.09,0.07,1,0.00,0.21,0.00,0.00,0.00,0.14,0.29,1.29,1.33,0.73,0.43,0.57,0.00,0.14,0.27,0.00,0.21,0.00,0.00,0,0,,8,0.57,90,2,0.18,80,6,0.55,93,1,1,13,76,0.00,99,0,2,0.18,51,1,55,0.09,51,0,0.00,99,0,0.00,0,0,0.00,0,0.27,80,8,0.73,81,4,0.37,50.00,0,0.00,0,0,0,0.00,0,18,0.00,23,1.65,51,N/A,N/A,N/A,N/A,0.00,0,0.00,0,3.71,0.00,0,87.32,25.00,64,99,0.00,0.00,0,70,44,4,0,0,0.21,0.27,3,97,83.62,0.21,0.27,3,0,0.00,0.00,99,0.00,0,4,0,0.00,0.00,0,0.00,0.00,0.09,0.07,1,0,75.00,84,41,30,48,24,0.37,47,0.03,0.03,0.91,61,0.07,0.08,81,6,0.43,0.55,0.27,0.21,55,3,0.34,92,84,66,91,0,89,68,0,0.00,99,3,0.00,0.27,6.42,5.00,70,24,85,89,2.20,1.71,34.29,3,0.27,19,0,0.00,0,0.00,99,0,0.00,0.00,55,55,38,38,0,0,0,0,0,85,92,86,92,0,88,7,12,12,0,0,12,10,N/A,N/A
Hillel El Arbi Soudani,38,564825600,1987/11/25,PrvaLiga,2025/2026,Forward,Maribor,1110,547,563,Algeria,22,13,9,6,5,1,0,0,0,0,0,9,6,3,14,7,7,1,0,0.49,0,0.49,0.82,0.16,185,1.14,79,50,1110,0,0.08,22,120,-1,3,0,6.18,0,49,5.02,2.82,42,62,2.14,47,39,3.80,40,0.00,0.00,0.23,5,0.00,0.27,0.08,0.05,1,0.00,0.32,0.00,0.00,0.00,0.05,0.23,0.77,2.17,1.05,0.32,0.32,0.00,0.27,0.21,0.00,0.14,0.00,0.00,0,0,,13,0.59,96,6,0.49,96,7,0.57,94,2,9,13,72,0.00,99,0,1,0.08,34,6,90,0.49,77,0,0.00,99,0,0.00,0,0,0.00,0,0.40,90,7,0.57,77,5,0.40,71.43,0,0.00,0,0,0,0.00,0,17,0.00,76,1.38,33,N/A,N/A,N/A,N/A,0.00,0,0.00,0,4.54,0.00,0,75.81,46.15,78,99,0.00,0.00,0,74,58,0,0,0,0.05,0.08,1,72,135.93,0.09,0.16,2,0,0.00,0.00,99,0.00,0,0,1,0.05,0.08,0,0.00,0.00,0.40,0.23,5,1,46.15,72,47,82,50,76,0.27,39,0.01,0.02,4.54,94,0.21,0.37,82,7,0.32,0.57,0.40,0.23,69,5,0.37,93,92,55,96,0,98,65,0,0.00,99,3,0.00,0.24,4.37,2.45,54,18,69,73,1.46,0.82,33.33,7,0.57,7,0,50.00,0,0.00,99,3,0.14,0.24,85,55,90,60,0,1,0,5,0,79,91,68,94,0,22,91,94,19,1,5,19,2,0,0
Ilann Petrisot,56,N/A,N/A,PrvaLiga,2025/2026,Forward,Koper,15,1,14,France,2,1,1,0,0,0,0,0,0,0,0,0,0,0,0,0,0,0,0,0,0,0,0,0,0,0,0,8,0,0,0,-1,-1,-1,20,15000,0.00,0,49,0.00,0.00,16,0,0.00,0,16,0.00,16,0.00,0.00,0.00,0,0.00,0.00,0.00,0.00,0,0.00,0.00,0.00,0.00,0.00,0.00,0.00,0.00,0.00,0.00,0.00,0.00,0.00,0.00,0.00,0.00,0.00,0.00,0.00,0,0,,0,0.00,36,0,0.00,55,0,0.00,43,0,2,0,60,0.00,99,0,0,0.00,29,0,55,0.00,43,0,0.00,99,0,0.00,0,0,0.00,0,0.00,42,0,0.00,32,0,0.00,0.00,0,0.00,0,0,0,0.00,0,0,0.00,99,0.00,0,N/A,N/A,N/A,N/A,0.00,0,0.00,0,0.00,0.00,0,0.00,0.00,55,99,0.00,0.00,0,35,35,0,0,0,0.00,0.00,0,60,0.00,0.00,0.00,0,0,0.00,0.00,99,0.00,0,0,0,0.00,0.00,0,0.00,0.00,0.00,0.00,0,0,0.00,57,0,0,40,0,0.00,16,0.00,0.00,0.00,27,0.00,0.00,26,0,0.00,0.00,0.00,0.00,26,0,0.00,26,0,36,91,0,76,33,0,0.00,99,0,0.00,0.00,0.00,0.00,0,0,19,17,0.00,0.00,0.00,0,0.00,99,0,0.00,0,0.00,99,0,0.00,0.00,55,0,48,13,0,0,0,0,0,23,40,57,56,0,25,4,12,12,0,0,12,76,N/A,N/A
Inas Kukavica,18,1198224000,2007/12/21,PrvaLiga,2025/2026,Midfielder,Olimpija,0,0,0,Slovenia,0,0,0,0,0,0,0,0,0,0,0,0,0,0,0,0,0,0,0,0,0,0,0,0,0,0,0,0,0,0,0,-1,-1,-1,-1,N/A,N/A,N/A,N/A,N/A,N/A,N/A,N/A,N/A,N/A,N/A,N/A,N/A,N/A,N/A,N/A,N/A,N/A,N/A,N/A,N/A,N/A,N/A,N/A,N/A,N/A,N/A,N/A,N/A,N/A,N/A,N/A,N/A,N/A,N/A,N/A,N/A,N/A,N/A,N/A,N/A,N/A,N/A,N/A,N/A,N/A,N/A,N/A,N/A,N/A,N/A,N/A,N/A,N/A,N/A,N/A,N/A,N/A,N/A,N/A,N/A,N/A,N/A,N/A,N/A,N/A,N/A,N/A,N/A,N/A,N/A,N/A,N/A,N/A,N/A,N/A,N/A,N/A,N/A,N/A,N/A,N/A,N/A,N/A,N/A,N/A,N/A,N/A,N/A,N/A,N/A,N/A,N/A,N/A,N/A,N/A,N/A,N/A,N/A,N/A,N/A,N/A,N/A,N/A,N/A,N/A,N/A,N/A,N/A,N/A,N/A,N/A,N/A,N/A,N/A,N/A,N/A,N/A,N/A,N/A,N/A,N/A,N/A,N/A,N/A,N/A,N/A,N/A,N/A,N/A,N/A,N/A,N/A,N/A,N/A,N/A,N/A,N/A,N/A,N/A,N/A,N/A,N/A,N/A,N/A,N/A,N/A,N/A,N/A,N/A,N/A,N/A,N/A,N/A,N/A,N/A,N/A,N/A,N/A,N/A,N/A,N/A,N/A,N/A,N/A,N/A,N/A,N/A,N/A,N/A,N/A,N/A,N/A,N/A,N/A,N/A,N/A,N/A,N/A,N/A,N/A,N/A,N/A,N/A,N/A,N/A,N/A,N/A,N/A,N/A,N/A,N/A,N/A,N/A,N/A,N/A,N/A,N/A,N/A,N/A,N/A,N/A,N/A,N/A,N/A,N/A,N/A,N/A,N/A,N/A,N/A,N/A,N/A,N/A,N/A,N/A,N/A,N/A,N/A,N/A,N/A,N/A,N/A,N/A
Isaac Matondo,26,922262400,1999/03/24,PrvaLiga,2025/2026,Midfielder,Koper,1706,861,845,France,24,13,11,4,2,2,6,4,2,0,0,3,3,0,23,8,15,3,1,0.53,0.32,0.21,0.21,0.21,427,1.21,74,71,569,284,0.16,57,19,-1,5,72000,5.86,0.25,91,7.23,5.71,56,137,4.83,116,67,6.12,57,0.00,0.00,0.29,7,0.00,0.50,0.00,0.00,0,0.00,0.25,0.00,0.00,0.00,0.04,0.58,1.08,2.25,0.48,0.12,1.00,0.00,0.25,0.13,0.00,0.33,0.00,0.00,0,0,,9,0.38,79,6,0.32,88,3,0.16,66,6,6,18,60,0.00,99,0,1,0.05,30,12,77,0.63,84,0,0.00,99,0,0.00,0,0,0.00,0,0.37,88,24,1.27,91,14,0.74,58.33,0,0.00,0,0,0,0.00,0,26,0.00,70,1.37,32,N/A,N/A,N/A,N/A,0.00,0,0.00,0,3.14,0.00,0,84.67,66.67,93,99,0.00,0.00,0,88,47,0,0,0,0.00,0.00,0,60,140.57,0.00,0.00,0,0,0.00,0.00,99,0.00,0,0,0,0.00,0.00,0,0.00,0.00,0.32,0.25,6,2,44.44,71,82,95,66,70,3.98,93,0.17,0.21,3.14,82,0.13,0.17,97,25,1.04,1.32,0.16,0.12,40,3,0.17,77,79,36,91,0,96,80,0,0.00,99,8,0.00,0.42,5.54,4.38,105,58,92,84,3.06,2.42,55.24,6,0.32,15,0,41.67,0,0.00,99,5,0.21,0.26,89,77,79,95,0,0,0,0,0,82,74,74,74,0,92,30,74,42,2,8,28,45,N/A,N/A
Ishaq Kayode Rafiu,25,976953600,2000/12/16,PrvaLiga,2025/2026,Forward,NK Primorje,784,345,439,Nigeria,22,11,11,1,1,0,0,0,0,0,0,1,0,1,19,7,12,1,0,0.11,0,0.11,0.26,0,784,2.18,41,36,784,0,0.11,87,121,-1,11,28000,4.92,0,49,4.85,1.68,41,42,1.12,28,22,3.23,36,0.00,0.00,0.08,2,0.00,0.24,0.00,0.00,0,0.00,0.20,0.00,0.00,0.00,0.04,0.24,0.80,5.00,0.58,0.16,0.44,0.00,0.04,0.04,0.00,0.20,0.00,0.00,0,0,,5,0.20,84,1,0.12,71,4,0.46,90,5,14,8,60,0.00,99,0,1,0.12,41,6,90,0.69,88,0,0.00,99,0,0.00,0,0,0.00,0,0.23,74,11,1.27,91,6,0.69,54.55,0,0.00,0,0,0,0.00,0,20,0.00,4,2.31,94,N/A,N/A,N/A,N/A,0.00,0,0.00,0,0.89,0.00,0,66.67,20.00,58,99,0.00,0.00,0,86,45,0,0,0,0.00,0.00,0,60,122.94,0.04,0.12,1,0,0.00,0.00,99,0.00,0,0,1,0.04,0.12,0,0.00,0.00,0.00,0.00,0,0,20.00,60,30,82,82,4,0.13,39,0.01,0.02,0.89,68,0.04,0.10,67,3,0.12,0.35,0.23,0.08,47,2,0.10,64,39,50,99,0,76,88,0,0.00,99,5,0.00,0.58,5.31,1.84,46,19,85,82,2.20,0.76,41.30,5,0.58,6,0,50.00,0,0.00,99,3,0.12,0.35,94,30,99,92,0,0,0,0,0,41,59,57,77,0,36,5,84,29,1,5,19,31,N/A,N/A
Ivan Borna Jelić Balta,33,716713200,1992/09/17,PrvaLiga,2025/2026,Defender,Mura,1164,335,829,Croatia,16,5,11,1,0,1,0,0,0,0,0,2,1,1,24,5,19,7,0,0.08,0,0.08,0,0.11,1164,1.86,49,73,166,0,0.54,99,109,54,9,0,4.26,0,49,0.15,0.11,18,2,0.11,2,99,0.15,18,0.00,0.00,0.00,0,0.00,0.00,0.00,0.00,0,0.00,0.00,0.00,0.00,0.00,0.00,0.00,1.42,0.00,0.00,0.00,0.00,0.00,0.00,0.03,0.00,0.00,0.00,0.00,0,0,,0,0.00,36,0,0.00,55,0,0.00,43,1,3,13,60,0.00,99,0,0,0.00,29,0,55,0.00,43,0,0.00,99,0,0.00,0,0,0.00,0,0.00,42,0,0.00,32,0,0.00,0.00,0,0.00,0,0,0,0.00,0,27,0.00,11,2.06,86,N/A,N/A,N/A,N/A,0.00,0,0.00,0,0.55,0.00,0,100.00,0.00,55,99,0.00,0.00,0,35,35,0,0,0,0.00,0.00,0,60,80.87,0.00,0.00,0,0,0.00,0.00,99,0.00,0,0,0,0.00,0.00,0,0.00,0.00,0.00,0.00,0,0,0.00,57,53,44,89,14,0.00,16,0.00,0.00,0.55,53,0.03,0.04,26,0,0.00,0.00,0.00,0.00,26,0,0.04,49,23,36,91,0,76,33,0,0.00,99,0,0.00,0.00,0.15,0.11,2,0,19,22,0.00,0.00,0.00,0,0.00,99,0,0.00,0,0.00,99,0,0.00,0.00,55,55,59,38,0,0,0,0,0,33,54,64,56,0,22,30,18,95,7,44,97,5,0,0
Ivan Ćalušić,26,937119600,1999/09/12,PrvaLiga,2025/2026,Defender,Celje,1957,845,1112,Croatia,23,10,13,0,0,0,2,1,1,0,0,4,1,3,35,17,18,1,0,0.09,0.09,0,0,0,0,1.61,56,85,1957,979,0.05,187,81,39,20,0,5.72,0.09,61,12.83,11.62,79,279,10.83,260,96,11.96,82,0.00,0.00,0.04,1,0.00,0.04,0.00,0.00,0,0.00,0.04,0.00,0.00,0.00,0.33,0.25,1.67,0.00,0.14,0.12,0.25,0.00,0.00,0.01,0.00,0.17,0.00,0.00,0,0,,3,0.12,55,0,0.00,55,3,0.14,62,2,2,21,60,0.00,99,0,8,0.37,68,1,55,0.05,45,0,0.00,99,0,0.00,0,0,0.00,0,0.05,45,6,0.28,57,6,0.28,100.00,0,0.00,0,0,0,0.00,0,40,0.00,36,1.84,73,N/A,N/A,N/A,N/A,0.00,0,0.00,0,0.16,0.00,0,93.19,0.00,55,99,0.00,0.00,0,63,99,0,0,0,0.12,0.14,3,89,137.16,0.38,0.41,9,0,0.00,0.00,99,0.00,0,0,0,0.00,0.00,0,0.00,0.00,0.00,0.00,0,0,0.00,57,92,90,40,39,1.70,70,0.07,0.08,0.16,36,0.01,0.01,48,4,0.17,0.18,0.05,0.04,28,1,0.01,35,74,77,91,0,76,58,0,0.00,99,4,0.00,0.18,1.61,1.46,35,20,50,34,0.92,0.83,57.14,1,0.05,57,0,0.00,0,0.00,99,0,0.00,0.00,55,89,48,60,0,0,0,0,0,34,40,57,56,0,22,48,99,14,1,4,16,27,0,0
Ivan Durdov,25,963817200,2000/07/17,PrvaLiga,2025/2026,Forward,Olimpija,1007,459,548,Croatia,15,7,8,7,3,4,0,0,0,0,0,6,3,3,12,7,5,1,0,0.63,0,0.63,0.59,0.66,144,1.07,84,67,1007,0,0.09,12,199,-1,1,0,6.63,0,49,4.32,3.13,37,47,2.07,31,21,2.85,32,0.00,0.00,0.20,3,0.00,0.07,0.00,0.00,0,0.00,0.53,0.00,0.00,0.00,0.07,0.27,0.87,1.71,1.10,0.47,0.47,0.00,0.33,0.36,0.00,0.67,0.00,0.00,0,0,,12,0.80,96,5,0.46,94,7,0.64,97,6,3,12,60,0.00,99,0,1,0.09,35,1,55,0.09,51,0,0.00,99,0,0.00,0,0,0.00,0,0.28,81,7,0.64,78,4,0.37,57.14,0,0.00,0,0,0,0.00,0,13,0.00,78,1.19,23,N/A,N/A,N/A,N/A,0.00,0,0.00,0,5.34,0.00,0,65.96,41.67,75,99,0.00,0.00,0,70,46,0,0,0,0.07,0.09,1,76,99.42,0.13,0.18,2,0,0.00,0.00,99,0.00,0,0,1,0.07,0.09,0,0.00,0.00,0.37,0.27,4,0,58.33,79,43,35,46,78,0.16,26,0.01,0.01,5.34,97,0.36,0.49,48,2,0.13,0.18,0.09,0.07,32,1,0.49,96,99,56,97,0,98,97,0,0.00,99,10,0.00,0.92,5.42,3.93,59,23,84,83,2.11,1.53,38.98,8,0.73,4,0,0.00,0,0.00,99,0,0.00,0.00,55,48,59,95,0,0,0,0,0,89,95,96,90,0,22,89,92,21,1,7,24,19,0,0
Ivica Vidovic,24,1013760000,2002/02/15,PrvaLiga,2025/2026,Midfielder,Celje,888,527,361,Croatia,15,8,7,4,2,2,3,1,2,0,0,6,3,3,6,3,3,2,0,0.71,0.3,0.41,0.34,0.5,222,0.61,148,59,444,296,0.2,28,22,-1,7,30000,3.79,0.2,90,9.10,4.04,64,97,3.21,77,47,7.23,64,0.00,0.00,0.12,3,0.00,0.17,0.00,0.00,0,0.00,0.04,0.00,0.00,0.00,0.17,0.42,0.29,1.25,0.47,0.12,0.54,0.00,0.08,0.11,0.00,0.00,0.00,0.00,0,0,,5,0.21,78,2,0.19,82,3,0.28,82,9,5,10,60,0.00,99,0,4,0.38,70,4,64,0.38,73,0,0.00,99,0,0.00,0,0,0.00,0,0.28,81,13,1.22,90,10,0.94,76.92,0,0.00,0,0,0,0.00,0,7,0.00,98,0.66,3,N/A,N/A,N/A,N/A,0.00,0,0.00,0,2.54,0.00,0,79.38,40.00,73,99,0.00,0.00,0,91,64,0,0,0,0.04,0.09,1,76,91.06,0.08,0.19,2,0,0.00,0.00,99,0.00,0,0,0,0.00,0.00,0,0.00,0.00,0.00,0.00,0,0,80.00,85,36,35,53,98,1.41,85,0.06,0.13,2.54,89,0.11,0.24,70,4,0.17,0.38,0.56,0.25,82,6,0.24,85,16,58,91,0,76,33,0,0.00,99,0,0.00,0.00,5.82,2.58,62,20,78,87,1.88,0.83,32.26,1,0.09,48,0,25.00,0,0.00,99,1,0.04,0.09,65,39,73,99,0,0,0,0,0,93,88,92,83,0,44,89,58,55,2,13,49,16,N/A,N/A
Ivijan Svržnjak,24,996735600,2001/08/02,PrvaLiga,2025/2026,Forward,Aluminij,1156,521,635,Croatia,21,10,11,1,0,1,2,1,1,0,0,3,1,2,23,13,10,4,0,0.23,0.16,0.08,0,0.14,1156,1.79,50,55,289,578,0.31,100,53,-1,12,30000,5.35,0.1,76,4.26,2.20,35,55,1.64,41,37,3.18,35,0.00,0.00,0.04,1,0.00,0.16,0.08,0.04,1,0.00,0.04,0.00,0.00,0.00,0.16,0.08,1.04,3.00,0.23,0.08,0.12,0.00,0.04,0.03,0.00,0.04,0.00,0.00,0,0,,3,0.12,66,1,0.08,64,2,0.15,64,4,8,13,72,0.00,99,0,4,0.31,61,4,95,0.31,68,0,0.00,99,0,0.00,0,0,0.00,0,0.08,52,3,0.23,54,2,0.15,66.67,0,0.00,0,0,0,0.00,0,26,0.00,17,2.01,82,N/A,N/A,N/A,N/A,0.00,0,0.00,0,0.81,0.00,0,74.55,33.33,70,99,0.00,0.00,0,53,56,0,0,0,0.00,0.00,0,60,133.70,0.04,0.08,1,0,0.00,0.00,99,0.00,0,0,0,0.00,0.00,0,0.00,0.00,0.00,0.00,0,0,33.33,68,52,72,89,17,0.69,55,0.03,0.05,0.81,57,0.03,0.06,33,1,0.04,0.08,0.39,0.20,67,5,0.06,54,54,45,91,0,76,42,0,0.00,99,1,0.00,0.08,1.86,0.96,24,5,29,35,0.39,0.20,20.83,1,0.08,51,0,75.00,0,0.00,99,3,0.12,0.23,84,55,86,85,0,0,0,0,0,62,54,66,56,0,44,38,39,75,4,19,71,-1,N/A,N/A
Jakob Kobal,20,1140336000,2006/02/19,PrvaLiga,2025/2026,Goalkeeper,Radomlje,0,0,0,Slovenia,0,0,0,0,0,0,0,0,0,0,0,0,0,0,0,0,0,0,0,0,0,0,0,0,0,0,0,0,0,0,0,-1,-1,-1,-1,N/A,N/A,N/A,N/A,N/A,N/A,N/A,N/A,N/A,N/A,N/A,N/A,N/A,N/A,N/A,N/A,N/A,N/A,N/A,N/A,N/A,N/A,N/A,N/A,N/A,N/A,N/A,N/A,N/A,N/A,N/A,N/A,N/A,N/A,N/A,N/A,N/A,N/A,N/A,N/A,N/A,N/A,N/A,N/A,N/A,N/A,N/A,N/A,N/A,N/A,N/A,N/A,N/A,N/A,N/A,N/A,N/A,N/A,N/A,N/A,N/A,N/A,N/A,N/A,N/A,N/A,N/A,N/A,N/A,N/A,N/A,N/A,N/A,N/A,N/A,N/A,N/A,N/A,N/A,N/A,N/A,N/A,N/A,N/A,N/A,N/A,N/A,N/A,N/A,N/A,N/A,N/A,N/A,N/A,N/A,N/A,N/A,N/A,N/A,N/A,N/A,N/A,N/A,N/A,N/A,N/A,N/A,N/A,N/A,N/A,N/A,N/A,N/A,N/A,N/A,N/A,N/A,N/A,N/A,N/A,N/A,N/A,N/A,N/A,N/A,N/A,N/A,N/A,N/A,N/A,N/A,N/A,N/A,N/A,N/A,N/A,N/A,N/A,N/A,N/A,N/A,N/A,N/A,N/A,N/A,N/A,N/A,N/A,N/A,N/A,N/A,N/A,N/A,N/A,N/A,N/A,N/A,N/A,N/A,N/A,N/A,N/A,N/A,N/A,N/A,N/A,N/A,N/A,N/A,N/A,N/A,N/A,N/A,N/A,N/A,N/A,N/A,N/A,N/A,N/A,N/A,N/A,N/A,N/A,N/A,N/A,N/A,N/A,N/A,N/A,N/A,N/A,N/A,N/A,N/A,N/A,N/A,N/A,N/A,N/A,N/A,N/A,N/A,N/A,N/A,N/A,N/A,N/A,N/A,N/A,N/A,N/A,N/A,N/A,N/A,N/A,N/A,N/A,N/A,N/A,N/A,N/A,N/A,N/A
Jakob Raspet,56,N/A,N/A,PrvaLiga,2025/2026,Centre Forward,NK Primorje,26,0,26,Slovenia,2,0,2,0,0,0,0,0,0,0,0,0,0,0,0,0,0,0,0,0,0,0,0,0,0,0,0,13,0,0,0,-1,-1,-1,15,0,1.62,0,49,0.00,0.00,16,0,0.00,0,16,0.00,16,0.00,0.00,0.00,0,0.00,0.00,0.00,0.00,0,0.00,0.00,0.00,0.00,0.00,0.00,0.00,0.00,0.00,0.00,0.00,0.00,0.00,0.00,0.00,0.00,0.00,0.00,0.00,0,0,,0,0.00,36,0,0.00,55,0,0.00,43,0,2,0,60,0.00,99,0,0,0.00,29,0,55,0.00,43,0,0.00,99,0,0.00,0,0,0.00,0,0.00,42,0,0.00,32,0,0.00,0.00,0,0.00,0,0,0,0.00,0,0,0.00,99,0.00,0,N/A,N/A,N/A,N/A,0.00,0,0.00,0,0.00,0.00,0,0.00,0.00,55,99,0.00,0.00,0,35,35,0,0,0,0.00,0.00,0,60,6.50,0.00,0.00,0,0,0.00,0.00,99,0.00,0,0,0,0.00,0.00,0,0.00,0.00,0.00,0.00,0,0,0.00,57,0,0,40,0,0.00,16,0.00,0.00,0.00,27,0.00,0.00,26,0,0.00,0.00,0.00,0.00,26,0,0.00,26,1,36,91,0,76,33,0,0.00,99,0,0.00,0.00,0.00,0.00,0,0,19,17,0.00,0.00,0.00,0,0.00,99,0,0.00,0,0.00,99,0,0.00,0.00,55,0,48,13,0,0,0,0,0,23,40,57,56,0,22,4,12,12,0,0,12,23,0,0
Jakob Vodan Jecelj,56,N/A,N/A,PrvaLiga,2025/2026,Goalkeeper,Mura,0,0,0,Slovenia,0,0,0,0,0,0,0,0,0,0,0,0,0,0,0,0,0,0,0,0,0,0,0,0,0,0,0,0,0,0,0,-1,-1,-1,-1,N/A,N/A,N/A,N/A,N/A,N/A,N/A,N/A,N/A,N/A,N/A,N/A,N/A,N/A,N/A,N/A,N/A,N/A,N/A,N/A,N/A,N/A,N/A,N/A,N/A,N/A,N/A,N/A,N/A,N/A,N/A,N/A,N/A,N/A,N/A,N/A,N/A,N/A,N/A,N/A,N/A,N/A,N/A,N/A,N/A,N/A,N/A,N/A,N/A,N/A,N/A,N/A,N/A,N/A,N/A,N/A,N/A,N/A,N/A,N/A,N/A,N/A,N/A,N/A,N/A,N/A,N/A,N/A,N/A,N/A,N/A,N/A,N/A,N/A,N/A,N/A,N/A,N/A,N/A,N/A,N/A,N/A,N/A,N/A,N/A,N/A,N/A,N/A,N/A,N/A,N/A,N/A,N/A,N/A,N/A,N/A,N/A,N/A,N/A,N/A,N/A,N/A,N/A,N/A,N/A,N/A,N/A,N/A,N/A,N/A,N/A,N/A,N/A,N/A,N/A,N/A,N/A,N/A,N/A,N/A,N/A,N/A,N/A,N/A,N/A,N/A,N/A,N/A,N/A,N/A,N/A,N/A,N/A,N/A,N/A,N/A,N/A,N/A,N/A,N/A,N/A,N/A,N/A,N/A,N/A,N/A,N/A,N/A,N/A,N/A,N/A,N/A,N/A,N/A,N/A,N/A,N/A,N/A,N/A,N/A,N/A,N/A,N/A,N/A,N/A,N/A,N/A,N/A,N/A,N/A,N/A,N/A,N/A,N/A,N/A,N/A,N/A,N/A,N/A,N/A,N/A,N/A,N/A,N/A,N/A,N/A,N/A,N/A,N/A,N/A,N/A,N/A,N/A,N/A,N/A,N/A,N/A,N/A,N/A,N/A,N/A,N/A,N/A,N/A,N/A,N/A,N/A,N/A,N/A,N/A,N/A,N/A,N/A,N/A,N/A,N/A,N/A,N/A,N/A,N/A,N/A,N/A,N/A,N/A
Jakoslav Stankovic,24,986886000,2001/04/10,PrvaLiga,2025/2026,Midfielder,Bravo,1545,850,695,Slovenia,23,12,11,4,3,1,3,2,1,0,0,4,3,1,26,16,10,4,0,0.41,0.17,0.23,0.32,0.13,386,1.51,59,67,386,515,0.23,54,47,-1,6,54000,6.13,0.13,78,8.85,6.33,62,152,4.79,115,38,6.69,59,0.00,0.00,0.17,4,0.00,0.38,0.00,0.00,0,0.00,0.21,0.00,0.00,0.00,0.29,0.79,1.12,5.50,1.28,0.54,1.04,0.00,0.38,0.17,0.00,0.12,0.00,0.00,0,0,,22,0.92,98,9,0.52,97,13,0.76,98,1,4,19,60,0.00,99,0,7,0.41,72,9,79,0.52,80,0,0.00,99,0,0.00,0,0,0.00,0,0.23,74,25,1.46,95,19,1.11,76.00,0,0.00,0,0,0,0.00,0,27,0.00,50,1.57,44,N/A,N/A,N/A,N/A,0.00,0,0.00,0,4.13,0.00,0,75.66,40.91,74,99,0.00,0.00,0,94,61,0,0,0,0.00,0.00,0,60,147.19,0.00,0.00,0,0,0.00,0.00,99,0.00,0,0,1,0.04,0.06,0,0.00,0.00,0.12,0.08,2,0,18.18,59,72,90,64,48,1.61,74,0.07,0.09,4.13,89,0.17,0.24,61,5,0.21,0.29,0.35,0.25,61,6,0.24,85,90,36,94,0,91,56,0,0.00,99,3,0.00,0.17,5.12,3.67,88,42,88,80,2.45,1.75,47.73,5,0.29,17,0,44.44,0,0.00,99,4,0.17,0.23,84,81,68,38,0,0,0,0,0,73,77,65,81,0,84,48,51,62,4,17,67,-1,N/A,N/A
Jakov Pranjić,25,979372800,2001/01/13,PrvaLiga,2025/2026,Midfielder,Celje,435,152,283,Croatia,7,2,5,0,0,0,0,0,0,0,0,1,0,1,6,2,4,1,0,0,0,0,0,0,0,1.24,73,62,435,0,0.21,139,133,-1,32,36000,5.49,0,49,0.00,0.00,16,0,0.00,0,16,0.00,16,0.00,0.00,0.00,0,0.00,0.00,0.00,0.00,0,0.00,0.00,0.00,0.00,0.00,0.00,0.00,1.00,0.00,0.00,0.00,0.00,0.00,0.00,0.00,0.00,0.00,0.00,0.00,0,0,,0,0.00,36,0,0.00,55,0,0.00,43,6,2,5,60,0.00,99,0,0,0.00,29,0,55,0.00,43,0,0.00,99,0,0.00,0,0,0.00,0,0.00,42,0,0.00,32,0,0.00,0.00,0,0.00,0,0,0,0.00,0,7,0.00,68,1.45,38,N/A,N/A,N/A,N/A,0.00,0,0.00,0,0.00,0.00,0,0.00,0.00,55,99,0.00,0.00,0,35,35,0,0,0,0.00,0.00,0,60,38.44,0.00,0.00,0,0,0.00,0.00,99,0.00,0,0,0,0.00,0.00,0,0.00,0.00,0.00,0.00,0,0,0.00,57,7,10,40,69,0.00,16,0.00,0.00,0.00,27,0.00,0.00,26,0,0.00,0.00,0.00,0.00,26,0,0.00,26,62,36,91,0,76,33,0,0.00,99,0,0.00,0.00,0.00,0.00,0,0,19,17,0.00,0.00,0.00,0,0.00,99,0,0.00,0,0.00,99,0,0.00,0.00,55,13,48,95,0,0,0,0,0,23,40,57,56,0,58,38,57,57,1,14,56,22,N/A,N/A
James Furlong,23,1023433200,2002/06/07,PrvaLiga,2025/2026,Defender,Maribor,0,0,0,Republic of Ireland,0,0,0,0,0,0,0,0,0,0,0,0,0,0,0,0,0,0,0,0,0,0,0,0,0,0,0,0,0,0,0,-1,-1,-1,-1,N/A,N/A,N/A,N/A,N/A,N/A,N/A,N/A,N/A,N/A,N/A,N/A,N/A,N/A,N/A,N/A,N/A,N/A,N/A,N/A,N/A,N/A,N/A,N/A,N/A,N/A,N/A,N/A,N/A,N/A,N/A,N/A,N/A,N/A,N/A,N/A,N/A,N/A,N/A,N/A,N/A,N/A,N/A,N/A,N/A,N/A,N/A,N/A,N/A,N/A,N/A,N/A,N/A,N/A,N/A,N/A,N/A,N/A,N/A,N/A,N/A,N/A,N/A,N/A,N/A,N/A,N/A,N/A,N/A,N/A,N/A,N/A,N/A,N/A,N/A,N/A,N/A,N/A,N/A,N/A,N/A,N/A,N/A,N/A,N/A,N/A,N/A,N/A,N/A,N/A,N/A,N/A,N/A,N/A,N/A,N/A,N/A,N/A,N/A,N/A,N/A,N/A,N/A,N/A,N/A,N/A,N/A,N/A,N/A,N/A,N/A,N/A,N/A,N/A,N/A,N/A,N/A,N/A,N/A,N/A,N/A,N/A,N/A,N/A,N/A,N/A,N/A,N/A,N/A,N/A,N/A,N/A,N/A,N/A,N/A,N/A,N/A,N/A,N/A,N/A,N/A,N/A,N/A,N/A,N/A,N/A,N/A,N/A,N/A,N/A,N/A,N/A,N/A,N/A,N/A,N/A,N/A,N/A,N/A,N/A,N/A,N/A,N/A,N/A,N/A,N/A,N/A,N/A,N/A,N/A,N/A,N/A,N/A,N/A,N/A,N/A,N/A,N/A,N/A,N/A,N/A,N/A,N/A,N/A,N/A,N/A,N/A,N/A,N/A,N/A,N/A,N/A,N/A,N/A,N/A,N/A,N/A,N/A,N/A,N/A,N/A,N/A,N/A,N/A,N/A,N/A,N/A,N/A,N/A,N/A,N/A,N/A,N/A,N/A,N/A,N/A,N/A,N/A,N/A,N/A,N/A,N/A,N/A,N/A
Jan Gorenc,26,932972400,1999/07/26,PrvaLiga,2025/2026,Midfielder,Olimpija,1147,599,548,Slovenia,17,8,9,3,2,1,0,0,0,0,0,6,3,3,11,6,5,2,0,0.24,0,0.24,0.3,0.16,382,0.86,104,67,574,0,0.16,52,184,-1,4,48000,3.85,0,49,2.34,1.20,24,30,1.04,26,76,2.03,24,0.00,0.00,0.00,0,0.00,0.00,0.00,0.00,0,0.00,0.00,0.00,0.00,0.00,0.04,0.00,0.44,0.00,0.00,0.00,0.00,0.00,0.00,0.06,0.00,0.00,0.00,0.00,0,0,,0,0.00,36,0,0.00,55,0,0.00,43,1,5,12,60,0.00,99,0,1,0.08,34,0,55,0.00,43,0,0.00,99,0,0.00,0,0,0.00,0,0.00,42,0,0.00,32,0,0.00,0.00,0,0.00,0,0,0,0.00,0,11,0.00,91,0.86,7,N/A,N/A,N/A,N/A,0.00,0,0.00,0,1.58,0.00,0,86.67,0.00,55,99,0.00,0.00,0,35,35,0,0,0,0.00,0.00,0,60,96.27,0.04,0.08,1,0,0.00,0.00,99,0.00,0,0,0,0.00,0.00,0,0.00,0.00,0.00,0.00,0,0,0.00,57,50,49,64,91,0.06,16,0.00,0.00,1.58,72,0.06,0.12,26,0,0.00,0.00,0.08,0.04,31,1,0.12,68,17,45,91,0,76,33,0,0.00,99,0,0.00,0.00,0.23,0.12,3,1,21,23,0.08,0.04,33.33,0,0.00,99,0,0.00,0,0.00,99,0,0.00,0.00,55,48,73,38,0,1,0,6,0,62,77,68,80,0,80,80,74,42,2,12,47,30,N/A,N/A
Jan Jurgec,56,N/A,N/A,PrvaLiga,2025/2026,Defender,Olimpija,0,0,0,Slovenia,0,0,0,0,0,0,0,0,0,0,0,0,0,0,0,0,0,0,0,0,0,0,0,0,0,0,0,0,0,0,0,-1,-1,-1,-1,N/A,N/A,N/A,N/A,N/A,N/A,N/A,N/A,N/A,N/A,N/A,N/A,N/A,N/A,N/A,N/A,N/A,N/A,N/A,N/A,N/A,N/A,N/A,N/A,N/A,N/A,N/A,N/A,N/A,N/A,N/A,N/A,N/A,N/A,N/A,N/A,N/A,N/A,N/A,N/A,N/A,N/A,N/A,N/A,N/A,N/A,N/A,N/A,N/A,N/A,N/A,N/A,N/A,N/A,N/A,N/A,N/A,N/A,N/A,N/A,N/A,N/A,N/A,N/A,N/A,N/A,N/A,N/A,N/A,N/A,N/A,N/A,N/A,N/A,N/A,N/A,N/A,N/A,N/A,N/A,N/A,N/A,N/A,N/A,N/A,N/A,N/A,N/A,N/A,N/A,N/A,N/A,N/A,N/A,N/A,N/A,N/A,N/A,N/A,N/A,N/A,N/A,N/A,N/A,N/A,N/A,N/A,N/A,N/A,N/A,N/A,N/A,N/A,N/A,N/A,N/A,N/A,N/A,N/A,N/A,N/A,N/A,N/A,N/A,N/A,N/A,N/A,N/A,N/A,N/A,N/A,N/A,N/A,N/A,N/A,N/A,N/A,N/A,N/A,N/A,N/A,N/A,N/A,N/A,N/A,N/A,N/A,N/A,N/A,N/A,N/A,N/A,N/A,N/A,N/A,N/A,N/A,N/A,N/A,N/A,N/A,N/A,N/A,N/A,N/A,N/A,N/A,N/A,N/A,N/A,N/A,N/A,N/A,N/A,N/A,N/A,N/A,N/A,N/A,N/A,N/A,N/A,N/A,N/A,N/A,N/A,N/A,N/A,N/A,N/A,N/A,N/A,N/A,N/A,N/A,N/A,N/A,N/A,N/A,N/A,N/A,N/A,N/A,N/A,N/A,N/A,N/A,N/A,N/A,N/A,N/A,N/A,N/A,N/A,N/A,N/A,N/A,N/A,N/A,N/A,N/A,N/A,N/A,N/A
Jan Kovačič,56,N/A,N/A,PrvaLiga,2025/2026,Defender,Mura,263,44,219,Slovenia,8,2,6,0,0,0,0,0,0,0,0,0,0,0,3,0,3,0,0,0,0,0,0,0,0,1.03,88,33,0,0,0,-1,-1,-1,26,18000,1.27,0,49,6.71,0.60,52,12,0.35,7,17,3.91,41,0.00,0.00,0.00,0,0.00,0.05,0.56,0.05,1,0.00,0.10,0.00,0.00,0.00,0.10,0.05,0.15,0.00,0.00,0.00,0.10,0.00,0.00,0.00,0.00,0.00,0.00,0.00,0,0,,0,0.00,36,0,0.00,55,0,0.00,43,5,6,2,99,0.00,99,0,2,1.12,97,1,55,0.56,82,0,0.00,99,0,0.00,0,0,0.00,0,0.00,42,2,1.12,89,1,0.56,50.00,0,0.00,0,0,0,0.00,0,3,0.00,79,1.68,53,N/A,N/A,N/A,N/A,0.00,0,0.00,0,0.00,0.00,0,58.33,0.00,55,99,0.00,0.00,0,82,44,0,0,0,0.05,0.56,1,99,25.36,0.00,0.00,0,0,0.00,0.00,99,0.00,0,0,0,0.00,0.00,0,0.00,0.00,0.00,0.00,0,0,0.00,57,0,11,40,80,0.01,26,0.00,0.01,0.00,27,0.00,0.00,81,1,0.05,0.56,1.12,0.10,96,2,0.00,26,1,36,91,0,76,33,0,0.00,99,0,0.00,0.00,6.15,0.55,11,3,73,87,1.68,0.15,27.27,2,1.12,2,0,0.00,0,0.00,99,0,0.00,0.00,55,1,79,92,0,0,0,0,0,23,40,57,56,0,28,4,12,12,0,0,12,23,N/A,N/A
Jan Repas,28,858758400,1997/03/19,PrvaLiga,2025/2026,Midfielder,Maribor,1608,985,623,Slovenia,21,13,8,3,3,0,9,7,2,0,0,9,5,4,17,12,5,2,0,0.67,0.5,0.17,0.27,0,536,0.95,95,77,804,179,0.11,69,6,-1,7,96000,6.17,0.43,99,7.56,6.43,57,135,5.52,116,73,6.49,58,0.00,0.00,0.33,7,0.00,0.24,0.11,0.10,2,0.00,0.19,0.00,0.00,0.00,0.10,0.24,0.95,2.00,0.34,0.19,0.24,0.00,0.10,0.11,0.00,0.10,0.00,0.00,0,0,,6,0.29,73,2,0.11,70,4,0.22,74,4,2,19,78,0.00,99,0,2,0.11,39,5,91,0.28,66,0,0.00,99,0,0.00,0,0,0.00,0,0.39,90,5,0.28,57,5,0.28,100.00,0,0.00,0,0,0,0.00,0,20,0.00,86,1.12,17,N/A,N/A,N/A,N/A,0.00,0,0.00,0,2.33,0.00,0,85.93,33.33,70,99,0.00,0.00,0,63,99,1,0,0,0.00,0.00,0,60,129.49,0.19,0.22,4,0,0.00,0.00,99,0.00,0,1,0,0.00,0.00,0,0.00,0.00,0.06,0.05,1,0,50.00,77,75,72,72,86,4.35,95,0.21,0.24,1.63,66,0.08,0.09,46,3,0.14,0.17,0.22,0.19,46,4,0.13,71,92,60,91,0,84,45,0,0.00,99,2,0.00,0.11,2.35,2.00,42,13,38,43,0.73,0.62,30.95,4,0.22,26,0,60.00,0,0.00,99,3,0.14,0.17,76,81,48,85,0,0,0,0,0,90,70,57,78,0,97,95,85,29,2,10,36,-1,N/A,N/A
Jan Strcaj,56,N/A,N/A,PrvaLiga,2025/2026,Central Midfield,Koper,0,0,0,Slovakia,0,0,0,0,0,0,0,0,0,0,0,0,0,0,0,0,0,0,0,0,0,0,0,0,0,0,0,0,0,0,0,-1,-1,-1,-1,N/A,N/A,N/A,N/A,N/A,N/A,N/A,N/A,N/A,N/A,N/A,N/A,N/A,N/A,N/A,N/A,N/A,N/A,N/A,N/A,N/A,N/A,N/A,N/A,N/A,N/A,N/A,N/A,N/A,N/A,N/A,N/A,N/A,N/A,N/A,N/A,N/A,N/A,N/A,N/A,N/A,N/A,N/A,N/A,N/A,N/A,N/A,N/A,N/A,N/A,N/A,N/A,N/A,N/A,N/A,N/A,N/A,N/A,N/A,N/A,N/A,N/A,N/A,N/A,N/A,N/A,N/A,N/A,N/A,N/A,N/A,N/A,N/A,N/A,N/A,N/A,N/A,N/A,N/A,N/A,N/A,N/A,N/A,N/A,N/A,N/A,N/A,N/A,N/A,N/A,N/A,N/A,N/A,N/A,N/A,N/A,N/A,N/A,N/A,N/A,N/A,N/A,N/A,N/A,N/A,N/A,N/A,N/A,N/A,N/A,N/A,N/A,N/A,N/A,N/A,N/A,N/A,N/A,N/A,N/A,N/A,N/A,N/A,N/A,N/A,N/A,N/A,N/A,N/A,N/A,N/A,N/A,N/A,N/A,N/A,N/A,N/A,N/A,N/A,N/A,N/A,N/A,N/A,N/A,N/A,N/A,N/A,N/A,N/A,N/A,N/A,N/A,N/A,N/A,N/A,N/A,N/A,N/A,N/A,N/A,N/A,N/A,N/A,N/A,N/A,N/A,N/A,N/A,N/A,N/A,N/A,N/A,N/A,N/A,N/A,N/A,N/A,N/A,N/A,N/A,N/A,N/A,N/A,N/A,N/A,N/A,N/A,N/A,N/A,N/A,N/A,N/A,N/A,N/A,N/A,N/A,N/A,N/A,N/A,N/A,N/A,N/A,N/A,N/A,N/A,N/A,N/A,N/A,N/A,N/A,N/A,N/A,N/A,N/A,N/A,N/A,N/A,N/A,N/A,N/A,N/A,N/A,N/A,N/A
Jaša Jelen,19,1145084400,2006/04/15,PrvaLiga,2025/2026,Midfielder,Radomlje,861,462,399,Slovenia,20,11,9,0,0,0,0,0,0,0,0,2,1,1,16,8,8,2,0,0,0,0,0,0,0,1.67,54,43,431,0,0.21,149,147,-1,22,15000,3.31,0,49,1.38,0.52,20,13,0.28,7,17,0.74,20,0.00,0.00,0.00,0,0.00,0.00,0.00,0.00,0,0.00,0.04,0.00,0.00,0.00,0.00,0.00,0.76,0.00,0.00,0.00,0.00,0.00,0.00,0.00,0.00,0.00,0.00,0.00,0,0,,0,0.00,36,0,0.00,55,0,0.00,43,2,11,9,60,0.00,99,0,0,0.00,29,0,55,0.00,43,0,0.00,99,0,0.00,0,0,0.00,0,0.00,42,0,0.00,32,0,0.00,0.00,0,0.00,0,0,0,0.00,0,19,0.00,29,2.02,83,N/A,N/A,N/A,N/A,0.00,0,0.00,0,0.00,0.00,0,53.85,0.00,55,99,0.00,0.00,0,35,35,0,0,0,0.00,0.00,0,60,82.66,0.00,0.00,0,0,0.00,0.00,99,0.00,0,0,0,0.00,0.00,0,0.00,0.00,0.00,0.00,0,0,0.00,57,35,67,40,30,0.01,16,0.00,0.00,0.00,27,0.00,0.00,26,0,0.00,0.00,0.11,0.04,33,1,0.00,26,9,36,91,0,76,33,0,0.00,99,0,0.00,0.00,0.74,0.28,7,1,23,26,0.11,0.04,14.29,1,0.11,45,0,0.00,0,0.00,99,0,0.00,0.00,55,34,95,60,0,0,0,0,0,23,40,57,56,0,25,13,57,57,2,10,36,80,N/A,N/A
Jaša Martinčič,24,1005033600,2001/11/06,PrvaLiga,2025/2026,Forward,Radomlje,1150,619,531,Slovenia,22,12,10,10,8,2,0,0,0,0,0,2,1,1,21,13,8,0,0,0.78,0,0.78,1.16,0.34,115,1.64,55,52,0,0,0,8,143,-1,1,38000,5.38,0,49,4.83,2.62,40,63,2.12,51,53,3.91,41,0.00,0.00,0.12,3,0.00,0.29,0.00,0.00,0,0.00,0.17,0.00,0.00,0.00,0.12,0.29,0.88,0.50,0.38,0.12,0.29,0.00,0.08,0.25,0.00,0.08,0.00,0.00,0,0,,5,0.21,76,2,0.15,75,3,0.23,76,3,9,13,60,0.00,99,0,3,0.23,57,7,78,0.54,81,0,0.00,99,0,0.00,0,0,0.00,0,0.23,74,7,0.54,73,7,0.54,100.00,0,0.00,0,0,0,0.00,0,21,0.00,33,1.61,46,N/A,N/A,N/A,N/A,0.00,0,0.00,0,6.08,0.00,0,80.95,40.00,73,99,0.00,0.00,0,81,99,2,0,0,0.00,0.00,0,60,129.03,0.04,0.08,1,0,0.00,0.00,99,0.00,0,2,1,0.04,0.08,0,0.00,0.00,0.00,0.00,0,0,200.00,97,51,82,44,34,0.23,39,0.01,0.02,4.68,94,0.19,0.36,63,4,0.17,0.31,0.31,0.17,56,4,0.47,96,55,45,96,0,76,52,0,0.00,99,2,0.00,0.15,3.76,2.04,49,16,58,64,1.23,0.67,32.65,4,0.31,15,0,42.86,0,0.00,99,3,0.12,0.23,84,55,90,77,0,0,0,0,0,94,97,82,97,0,59,10,12,12,0,0,12,11,N/A,N/A
Jasmin Čeliković,27,915696000,1999/01/07,PrvaLiga,2025/2026,Midfielder,Koper,97,97,0,Bosnia and Herzegovina,2,2,0,0,0,0,0,0,0,0,0,1,1,0,1,1,0,0,0,0,0,0,0,0,0,0.93,97,49,0,0,0,-1,-1,-1,31,0,3.19,0,49,85.36,23.00,99,92,20.00,80,77,74.23,99,0.00,0.00,0.00,0,0.00,0.00,0.00,0.00,0,0.00,0.00,0.00,0.00,0.00,0.75,0.00,0.25,0.00,0.00,0.00,0.00,0.00,0.00,0.00,0.00,0.50,0.00,0.00,0,0,,0,0.00,36,0,0.00,55,0,0.00,43,0,1,1,60,0.00,99,0,3,2.78,99,0,55,0.00,43,0,0.00,99,0,0.00,0,0,0.00,0,0.00,42,0,0.00,32,0,0.00,0.00,0,0.00,0,0,0,0.00,0,1,0.00,87,0.93,9,N/A,N/A,N/A,N/A,0.00,0,0.00,0,0.00,0.00,0,86.96,0.00,55,99,0.00,0.00,0,35,35,0,0,0,0.00,0.00,0,60,12.76,0.50,1.86,2,0,0.00,0.00,99,0.00,0,0,0,0.00,0.00,0,0.00,0.00,0.00,0.00,0,0,0.00,57,0,0,40,87,0.17,90,0.04,0.16,0.00,27,0.00,0.00,92,1,0.25,0.93,0.93,0.25,94,1,0.00,26,7,99,91,0,76,99,0,0.00,99,2,0.00,1.86,9.28,2.50,10,3,91,95,2.78,0.75,30.00,0,0.00,99,0,0.00,0,0.00,99,0,0.00,0.00,55,0,38,13,0,0,0,0,0,23,40,57,56,0,22,97,12,12,0,0,12,22,0,0
Jasmin Kurtič,37,600422400,1989/01/10,PrvaLiga,2025/2026,Midfielder,Olimpija,213,25,188,Slovenia,9,3,6,0,0,0,0,0,0,0,0,3,1,2,2,0,2,1,0,0,0,0,0,0,0,0.85,107,24,213,0,0.42,-1,-1,-1,19,145000,3.04,0,49,0.00,0.00,16,0,0.00,0,16,0.00,16,0.00,0.00,0.00,0,0.00,0.00,0.00,0.00,0,0.00,0.00,0.00,0.00,0.00,0.00,0.00,0.00,0.00,0.00,0.00,0.00,0.00,0.00,0.03,0.00,0.00,0.00,0.00,0,0,,0,0.00,36,0,0.00,55,0,0.00,43,0,8,1,60,0.00,99,0,0,0.00,29,0,55,0.00,43,0,0.00,99,0,0.00,0,0,0.00,0,0.00,42,0,0.00,32,0,0.00,0.00,0,0.00,0,0,0,0.00,0,0,0.00,93,0.00,0,N/A,N/A,N/A,N/A,0.00,0,0.00,0,0.51,0.00,0,0.00,0.00,55,99,0.00,0.00,0,35,35,0,0,0,0.00,0.00,0,60,45.64,0.00,0.00,0,0,0.00,0.00,99,0.00,0,0,0,0.00,0.00,0,0.00,0.00,0.00,0.00,0,0,0.00,57,0,15,40,93,0.00,16,0.00,0.00,0.51,84,0.03,0.21,26,0,0.00,0.00,0.00,0.00,26,0,0.21,79,6,36,91,0,76,33,0,0.00,99,0,0.00,0.00,0.00,0.00,0,0,19,17,0.00,0.00,0.00,0,0.00,99,0,0.00,0,0.00,99,0,0.00,0.00,55,0,86,13,0,0,0,0,0,23,40,57,56,0,99,80,23,90,1,11,41,14,N/A,N/A
Jean Carlo Troha,56,N/A,N/A,PrvaLiga,2025/2026,Goalkeeper,Koper,0,0,0,Slovenia,0,0,0,0,0,0,0,0,0,0,0,0,0,0,0,0,0,0,0,0,0,0,0,0,0,0,0,0,0,0,0,-1,-1,-1,-1,N/A,N/A,N/A,N/A,N/A,N/A,N/A,N/A,N/A,N/A,N/A,N/A,N/A,N/A,N/A,N/A,N/A,N/A,N/A,N/A,N/A,N/A,N/A,N/A,N/A,N/A,N/A,N/A,N/A,N/A,N/A,N/A,N/A,N/A,N/A,N/A,N/A,N/A,N/A,N/A,N/A,N/A,N/A,N/A,N/A,N/A,N/A,N/A,N/A,N/A,N/A,N/A,N/A,N/A,N/A,N/A,N/A,N/A,N/A,N/A,N/A,N/A,N/A,N/A,N/A,N/A,N/A,N/A,N/A,N/A,N/A,N/A,N/A,N/A,N/A,N/A,N/A,N/A,N/A,N/A,N/A,N/A,N/A,N/A,N/A,N/A,N/A,N/A,N/A,N/A,N/A,N/A,N/A,N/A,N/A,N/A,N/A,N/A,N/A,N/A,N/A,N/A,N/A,N/A,N/A,N/A,N/A,N/A,N/A,N/A,N/A,N/A,N/A,N/A,N/A,N/A,N/A,N/A,N/A,N/A,N/A,N/A,N/A,N/A,N/A,N/A,N/A,N/A,N/A,N/A,N/A,N/A,N/A,N/A,N/A,N/A,N/A,N/A,N/A,N/A,N/A,N/A,N/A,N/A,N/A,N/A,N/A,N/A,N/A,N/A,N/A,N/A,N/A,N/A,N/A,N/A,N/A,N/A,N/A,N/A,N/A,N/A,N/A,N/A,N/A,N/A,N/A,N/A,N/A,N/A,N/A,N/A,N/A,N/A,N/A,N/A,N/A,N/A,N/A,N/A,N/A,N/A,N/A,N/A,N/A,N/A,N/A,N/A,N/A,N/A,N/A,N/A,N/A,N/A,N/A,N/A,N/A,N/A,N/A,N/A,N/A,N/A,N/A,N/A,N/A,N/A,N/A,N/A,N/A,N/A,N/A,N/A,N/A,N/A,N/A,N/A,N/A,N/A,N/A,N/A,N/A,N/A,N/A,N/A
Jean Michaël Seri,34,679906800,1991/07/19,PrvaLiga,2025/2026,Midfielder,Maribor,541,369,172,Ivory Coast,10,5,5,0,0,0,1,1,0,0,0,6,3,3,2,2,0,1,0,0.17,0.17,0,0,0,0,0.33,271,54,541,541,0.17,146,49,-1,29,350000,4.85,0.1,78,0.00,0.00,16,0,0.00,0,16,0.00,16,0.00,0.00,0.00,0,0.00,0.00,0.00,0.00,0,0.00,0.00,0.00,0.00,0.00,0.00,0.00,0.25,0.00,0.00,0.00,0.00,0.00,0.00,0.00,0.00,0.00,0.00,0.00,0,0,,0,0.00,36,0,0.00,55,0,0.00,43,1,3,7,60,0.00,99,0,0,0.00,29,0,55,0.00,43,0,0.00,99,0,0.00,0,0,0.00,0,0.00,42,0,0.00,32,0,0.00,0.00,0,0.00,0,0,0,0.00,0,3,0.00,99,0.50,2,N/A,N/A,N/A,N/A,0.00,0,0.00,0,0.00,0.00,0,0.00,0.00,55,99,0.00,0.00,0,35,35,0,0,0,0.00,0.00,0,60,58.16,0.00,0.00,0,0,0.00,0.00,99,0.00,0,0,0,0.00,0.00,0,0.00,0.00,0.00,0.00,0,0,0.00,57,17,18,40,99,0.55,74,0.05,0.09,0.00,27,0.00,0.00,26,0,0.00,0.00,0.00,0.00,26,0,0.00,26,35,36,91,0,76,33,0,0.00,99,0,0.00,0.00,0.00,0.00,0,0,19,17,0.00,0.00,0.00,0,0.00,99,0,0.00,0,0.00,99,0,0.00,0.00,55,28,59,38,0,0,0,0,0,54,40,57,56,0,99,99,70,45,1,10,36,14,N/A,N/A
Jean-Pierre Longonda Itamba Mboyo,24,1013241600,2002/02/09,PrvaLiga,2025/2026,Midfielder,Koper,1651,898,753,Belgium,23,12,11,3,1,2,0,0,0,0,0,3,3,0,23,8,15,7,0,0.16,0,0.16,0.1,0.24,550,1.25,72,72,236,0,0.38,72,203,-1,8,0,5.11,0,49,7.74,5.68,58,142,4.92,123,74,6.71,60,0.00,0.00,0.04,1,0.00,0.00,0.00,0.00,0,0.00,0.08,0.00,0.00,0.00,0.08,0.28,1.04,1.33,0.22,0.12,0.28,0.00,0.04,0.08,0.00,0.00,0.00,0.00,0,0,,4,0.16,65,1,0.05,59,3,0.16,66,5,4,19,60,0.00,99,0,2,0.11,39,0,55,0.00,43,0,0.00,99,0,0.00,0,0,0.00,0,0.05,45,7,0.38,64,7,0.38,100.00,0,0.00,0,0,0,0.00,0,26,0.00,67,1.42,35,N/A,N/A,N/A,N/A,0.00,0,0.00,0,2.04,0.00,0,86.62,25.00,64,99,0.00,0.00,0,71,99,0,0,0,0.08,0.11,2,81,127.80,0.00,0.00,0,0,0.00,0.00,99,0.00,0,0,0,0.00,0.00,0,0.00,0.00,0.00,0.00,0,0,75.00,84,80,90,74,67,0.29,39,0.01,0.02,2.04,70,0.08,0.11,35,2,0.08,0.11,0.16,0.12,40,3,0.11,66,45,36,91,0,76,33,0,0.00,99,0,0.00,0.00,2.18,1.60,40,15,44,40,0.82,0.60,37.50,2,0.11,45,0,0.00,0,0.00,99,0,0.00,0.00,55,81,68,92,0,0,0,0,0,52,67,76,60,0,22,30,27,86,7,30,90,-1,0,0
Job Brecelj,56,N/A,N/A,PrvaLiga,2025/2026,Midfielder,Bravo,2,0,2,,1,0,1,0,0,0,0,0,0,0,0,0,0,0,0,0,0,0,0,0,0,0,0,0,0,0,0,2,0,0,0,-1,-1,-1,18,0,0.00,0,49,0.00,0.00,16,0,0.00,0,16,0.00,16,0.00,0.00,0.00,0,0.00,0.00,0.00,0.00,0,0.00,0.00,0.00,0.00,0.00,0.00,0.00,0.00,0.00,0.00,0.00,0.00,0.00,0.00,0.00,0.00,0.00,0.00,0.00,0,0,,0,0.00,36,0,0.00,55,0,0.00,43,0,1,0,60,0.00,99,0,0,0.00,29,0,55,0.00,43,0,0.00,99,0,0.00,0,0,0.00,0,0.00,42,0,0.00,32,0,0.00,0.00,0,0.00,0,0,0,0.00,0,0,0.00,99,0.00,0,N/A,N/A,N/A,N/A,0.00,0,0.00,0,0.00,0.00,0,0.00,0.00,55,99,0.00,0.00,0,35,35,0,0,0,0.00,0.00,0,60,0.00,0.00,0.00,0,0,0.00,0.00,99,0.00,0,0,0,0.00,0.00,0,0.00,0.00,0.00,0.00,0,0,0.00,57,0,0,40,0,0.00,16,0.00,0.00,0.00,27,0.00,0.00,26,0,0.00,0.00,0.00,0.00,26,0,0.00,26,0,36,91,0,76,33,0,0.00,99,0,0.00,0.00,0.00,0.00,0,0,19,17,0.00,0.00,0.00,0,0.00,99,0,0.00,0,0.00,99,0,0.00,0.00,55,0,38,13,0,0,0,0,0,23,40,57,56,0,22,4,12,12,0,0,12,88,0,0
Jordi Jair Govea Merlín,27,920966400,1999/03/09,PrvaLiga,2025/2026,Defender,Olimpija,0,0,0,Ecuador,0,0,0,0,0,0,0,0,0,0,0,0,0,0,0,0,0,0,0,0,0,0,0,0,0,0,0,0,0,0,0,-1,-1,-1,-1,N/A,N/A,N/A,N/A,N/A,N/A,N/A,N/A,N/A,N/A,N/A,N/A,N/A,N/A,N/A,N/A,N/A,N/A,N/A,N/A,N/A,N/A,N/A,N/A,N/A,N/A,N/A,N/A,N/A,N/A,N/A,N/A,N/A,N/A,N/A,N/A,N/A,N/A,N/A,N/A,N/A,N/A,N/A,N/A,N/A,N/A,N/A,N/A,N/A,N/A,N/A,N/A,N/A,N/A,N/A,N/A,N/A,N/A,N/A,N/A,N/A,N/A,N/A,N/A,N/A,N/A,N/A,N/A,N/A,N/A,N/A,N/A,N/A,N/A,N/A,N/A,N/A,N/A,N/A,N/A,N/A,N/A,N/A,N/A,N/A,N/A,N/A,N/A,N/A,N/A,N/A,N/A,N/A,N/A,N/A,N/A,N/A,N/A,N/A,N/A,N/A,N/A,N/A,N/A,N/A,N/A,N/A,N/A,N/A,N/A,N/A,N/A,N/A,N/A,N/A,N/A,N/A,N/A,N/A,N/A,N/A,N/A,N/A,N/A,N/A,N/A,N/A,N/A,N/A,N/A,N/A,N/A,N/A,N/A,N/A,N/A,N/A,N/A,N/A,N/A,N/A,N/A,N/A,N/A,N/A,N/A,N/A,N/A,N/A,N/A,N/A,N/A,N/A,N/A,N/A,N/A,N/A,N/A,N/A,N/A,N/A,N/A,N/A,N/A,N/A,N/A,N/A,N/A,N/A,N/A,N/A,N/A,N/A,N/A,N/A,N/A,N/A,N/A,N/A,N/A,N/A,N/A,N/A,N/A,N/A,N/A,N/A,N/A,N/A,N/A,N/A,N/A,N/A,N/A,N/A,N/A,N/A,N/A,N/A,N/A,N/A,N/A,N/A,N/A,N/A,N/A,N/A,N/A,N/A,N/A,N/A,N/A,N/A,N/A,N/A,N/A,N/A,N/A,N/A,N/A,N/A,N/A,N/A,N/A
Josip Iličić,38,570441600,1988/01/29,PrvaLiga,2025/2026,Midfielder,Koper,1157,738,419,Slovenia,19,11,8,6,3,3,6,5,1,0,0,3,3,0,16,10,6,5,1,0.93,0.47,0.47,0.37,0.64,193,1.24,72,61,193,193,0.47,24,8,-1,2,90000,5.67,0.32,97,6.24,3.65,51,84,2.61,60,28,4.46,46,0.00,0.00,0.26,6,0.00,0.17,0.00,0.00,0,0.00,0.17,0.00,0.00,0.00,0.04,0.17,0.65,1.50,0.67,0.26,0.39,0.00,0.13,0.18,0.00,0.00,0.00,0.00,0,0,,9,0.39,88,3,0.22,84,6,0.45,90,4,7,12,60,0.00,99,0,1,0.07,31,4,64,0.30,67,0,0.00,99,0,0.00,0,0,0.00,0,0.45,92,9,0.67,78,4,0.30,44.44,0,0.00,0,0,0,0.00,0,15,0.00,68,1.11,17,N/A,N/A,N/A,N/A,0.00,0,0.00,0,4.15,0.00,0,71.43,33.33,70,99,0.00,0.00,0,64,39,2,1,0,0.04,0.07,1,70,130.34,0.00,0.00,0,0,0.00,0.00,99,0.00,0,3,0,0.00,0.00,0,0.00,0.00,0.00,0.00,0,0,66.67,82,52,62,52,67,4.12,99,0.18,0.31,2.05,78,0.09,0.15,93,13,0.57,0.97,0.15,0.09,38,2,0.31,91,70,36,91,0,76,33,0,0.00,99,0,0.00,0.00,3.19,1.87,43,20,70,55,1.49,0.87,46.51,4,0.30,17,0,25.00,0,0.00,99,1,0.04,0.07,61,48,82,85,0,1,0,5,0,96,90,95,84,0,96,43,20,93,4,21,73,72,N/A,N/A
Josip Pejic,24,995871600,2001/07/23,PrvaLiga,2025/2026,Midfielder,Aluminij,90,44,46,Croatia,2,1,1,0,0,0,0,0,0,0,0,0,0,0,1,0,1,0,0,0,0,0,0,0,0,1,90,45,0,0,0,-1,-1,-1,22,0,4.29,0,49,0.00,0.00,16,0,0.00,0,16,0.00,16,0.00,0.00,0.00,0,0.00,0.00,0.00,0.00,0,0.00,0.00,0.00,0.00,0.00,0.00,0.00,0.33,0.00,0.00,0.00,0.00,0.00,0.00,0.00,0.00,0.00,0.00,0.00,0,0,,0,0.00,36,0,0.00,55,0,0.00,43,1,1,1,60,0.00,99,0,0,0.00,29,0,55,0.00,43,0,0.00,99,0,0.00,0,0,0.00,0,0.00,42,0,0.00,32,0,0.00,0.00,0,0.00,0,0,0,0.00,0,1,0.00,81,1.00,11,N/A,N/A,N/A,N/A,0.00,0,0.00,0,0.00,0.00,0,0.00,0.00,55,99,0.00,0.00,0,35,35,0,0,0,0.00,0.00,0,60,12.87,0.00,0.00,0,0,0.00,0.00,99,0.00,0,0,0,0.00,0.00,0,0.00,0.00,0.00,0.00,0,0,0.00,57,0,0,40,81,0.00,16,0.00,0.00,0.00,27,0.00,0.00,26,0,0.00,0.00,0.00,0.00,26,0,0.00,26,23,36,91,0,76,33,0,0.00,99,0,0.00,0.00,0.00,0.00,0,0,19,17,0.00,0.00,0.00,0,0.00,99,0,0.00,0,0.00,99,0,0.00,0.00,55,0,38,38,0,0,0,0,0,23,40,57,56,0,22,4,12,12,0,0,12,77,0,0
Jošt Urbančič,24,987058800,2001/04/12,PrvaLiga,2025/2026,Midfielder,Olimpija,1504,790,714,Slovenia,19,9,10,1,1,0,2,0,2,0,0,6,3,3,16,8,8,5,0,0.18,0.12,0.06,0.11,0,1504,0.96,94,79,301,752,0.3,112,70,-1,10,48000,4.42,0.11,68,4.01,2.91,34,67,2.48,57,68,3.41,38,0.00,0.00,0.04,1,0.00,0.09,0.00,0.00,0,0.00,0.00,0.00,0.00,0.00,0.13,0.00,0.70,0.00,0.00,0.00,0.04,0.00,0.00,0.02,0.00,0.09,0.00,0.00,0,0,,0,0.00,36,0,0.00,55,0,0.00,43,8,3,16,60,0.00,99,0,3,0.18,51,2,90,0.12,55,0,0.00,99,0,0.00,0,0,0.00,0,0.06,48,1,0.06,37,0,0.00,0.00,0,0.00,0,0,0,0.00,0,16,0.00,85,0.96,10,N/A,N/A,N/A,N/A,0.00,0,0.00,0,0.56,0.00,0,85.07,0.00,55,99,0.00,0.00,0,35,35,0,0,0,0.00,0.00,0,60,101.64,0.17,0.24,4,0,0.00,0.00,99,0.00,0,0,0,0.00,0.00,0,0.00,0.00,0.00,0.00,0,0,0.00,57,70,62,93,85,1.36,70,0.06,0.08,0.56,46,0.02,0.03,54,4,0.17,0.24,0.18,0.13,43,3,0.03,43,27,64,91,0,76,47,0,0.00,99,2,0.00,0.12,1.08,0.78,18,8,31,28,0.48,0.35,44.44,0,0.00,99,0,50.00,0,0.00,99,1,0.04,0.06,59,66,59,99,0,0,0,0,0,57,49,57,61,0,80,77,40,72,5,26,83,3,N/A,N/A
Juan José Nieto Zarzoso,31,781167600,1994/10/03,PrvaLiga,2025/2026,Defender,Celje,1575,598,977,Spain,19,7,12,4,0,4,1,0,1,0,0,8,4,4,17,2,15,9,1,0.29,0.06,0.23,0,0.37,394,0.97,93,83,158,1575,0.57,53,93,11,6,72000,5.65,0.05,56,20.51,17.95,95,359,16.30,326,89,18.63,96,0.00,0.00,0.30,6,0.00,0.65,0.17,0.15,3,0.00,0.05,0.00,0.00,0.00,0.45,0.40,0.95,1.33,0.23,0.00,0.45,0.00,0.20,0.11,0.00,0.20,0.00,0.00,0,0,,4,0.20,66,4,0.23,85,0,0.00,43,2,0,19,86,0.00,99,0,9,0.51,80,13,74,0.74,91,0,0.00,99,0,0.00,0,0,0.00,0,0.34,86,9,0.51,71,8,0.46,88.89,0,0.00,0,0,0,0.00,0,19,0.00,84,1.09,16,N/A,N/A,N/A,N/A,0.00,0,0.00,0,2.29,0.00,0,90.81,100.00,99,99,0.00,0.00,0,76,72,0,0,0,0.05,0.06,1,67,113.10,0.55,0.63,11,0,0.00,0.00,99,0.00,0,0,0,0.00,0.00,0,0.00,0.00,0.00,0.00,0,0,75.00,84,73,62,65,84,1.46,70,0.07,0.08,2.29,74,0.11,0.13,95,19,0.95,1.09,0.40,0.35,69,7,0.13,71,69,88,91,0,76,65,0,0.00,99,4,0.00,0.23,3.94,3.45,69,36,83,65,2.06,1.80,52.17,1,0.06,54,0,38.46,0,0.00,99,5,0.25,0.29,90,81,21,60,0,0,0,0,0,66,77,85,56,0,92,93,16,97,8,42,96,2,N/A,N/A
Julij Jecelj,56,N/A,N/A,PrvaLiga,2025/2026,Goalkeeper,Mura,0,0,0,Slovenia,0,0,0,0,0,0,0,0,0,0,0,0,0,0,0,0,0,0,0,0,0,0,0,0,0,0,0,0,0,0,0,-1,-1,-1,-1,N/A,N/A,N/A,N/A,N/A,N/A,N/A,N/A,N/A,N/A,N/A,N/A,N/A,N/A,N/A,N/A,N/A,N/A,N/A,N/A,N/A,N/A,N/A,N/A,N/A,N/A,N/A,N/A,N/A,N/A,N/A,N/A,N/A,N/A,N/A,N/A,N/A,N/A,N/A,N/A,N/A,N/A,N/A,N/A,N/A,N/A,N/A,N/A,N/A,N/A,N/A,N/A,N/A,N/A,N/A,N/A,N/A,N/A,N/A,N/A,N/A,N/A,N/A,N/A,N/A,N/A,N/A,N/A,N/A,N/A,N/A,N/A,N/A,N/A,N/A,N/A,N/A,N/A,N/A,N/A,N/A,N/A,N/A,N/A,N/A,N/A,N/A,N/A,N/A,N/A,N/A,N/A,N/A,N/A,N/A,N/A,N/A,N/A,N/A,N/A,N/A,N/A,N/A,N/A,N/A,N/A,N/A,N/A,N/A,N/A,N/A,N/A,N/A,N/A,N/A,N/A,N/A,N/A,N/A,N/A,N/A,N/A,N/A,N/A,N/A,N/A,N/A,N/A,N/A,N/A,N/A,N/A,N/A,N/A,N/A,N/A,N/A,N/A,N/A,N/A,N/A,N/A,N/A,N/A,N/A,N/A,N/A,N/A,N/A,N/A,N/A,N/A,N/A,N/A,N/A,N/A,N/A,N/A,N/A,N/A,N/A,N/A,N/A,N/A,N/A,N/A,N/A,N/A,N/A,N/A,N/A,N/A,N/A,N/A,N/A,N/A,N/A,N/A,N/A,N/A,N/A,N/A,N/A,N/A,N/A,N/A,N/A,N/A,N/A,N/A,N/A,N/A,N/A,N/A,N/A,N/A,N/A,N/A,N/A,N/A,N/A,N/A,N/A,N/A,N/A,N/A,N/A,N/A,N/A,N/A,N/A,N/A,N/A,N/A,N/A,N/A,N/A,N/A,N/A,N/A,N/A,N/A,N/A,N/A
Jure Borsic,56,N/A,N/A,PrvaLiga,2025/2026,Forward,Aluminij,0,0,0,Slovenia,0,0,0,0,0,0,0,0,0,0,0,0,0,0,0,0,0,0,0,0,0,0,0,0,0,0,0,0,0,0,0,-1,-1,-1,-1,N/A,N/A,N/A,N/A,N/A,N/A,N/A,N/A,N/A,N/A,N/A,N/A,N/A,N/A,N/A,N/A,N/A,N/A,N/A,N/A,N/A,N/A,N/A,N/A,N/A,N/A,N/A,N/A,N/A,N/A,N/A,N/A,N/A,N/A,N/A,N/A,N/A,N/A,N/A,N/A,N/A,N/A,N/A,N/A,N/A,N/A,N/A,N/A,N/A,N/A,N/A,N/A,N/A,N/A,N/A,N/A,N/A,N/A,N/A,N/A,N/A,N/A,N/A,N/A,N/A,N/A,N/A,N/A,N/A,N/A,N/A,N/A,N/A,N/A,N/A,N/A,N/A,N/A,N/A,N/A,N/A,N/A,N/A,N/A,N/A,N/A,N/A,N/A,N/A,N/A,N/A,N/A,N/A,N/A,N/A,N/A,N/A,N/A,N/A,N/A,N/A,N/A,N/A,N/A,N/A,N/A,N/A,N/A,N/A,N/A,N/A,N/A,N/A,N/A,N/A,N/A,N/A,N/A,N/A,N/A,N/A,N/A,N/A,N/A,N/A,N/A,N/A,N/A,N/A,N/A,N/A,N/A,N/A,N/A,N/A,N/A,N/A,N/A,N/A,N/A,N/A,N/A,N/A,N/A,N/A,N/A,N/A,N/A,N/A,N/A,N/A,N/A,N/A,N/A,N/A,N/A,N/A,N/A,N/A,N/A,N/A,N/A,N/A,N/A,N/A,N/A,N/A,N/A,N/A,N/A,N/A,N/A,N/A,N/A,N/A,N/A,N/A,N/A,N/A,N/A,N/A,N/A,N/A,N/A,N/A,N/A,N/A,N/A,N/A,N/A,N/A,N/A,N/A,N/A,N/A,N/A,N/A,N/A,N/A,N/A,N/A,N/A,N/A,N/A,N/A,N/A,N/A,N/A,N/A,N/A,N/A,N/A,N/A,N/A,N/A,N/A,N/A,N/A,N/A,N/A,N/A,N/A,N/A,N/A
Jurgen Çelhaka,25,976089600,2000/12/06,PrvaLiga,2025/2026,Midfielder,Olimpija,1354,729,625,Albania,17,9,8,0,0,0,0,0,0,0,0,4,2,2,17,11,6,5,0,0,0,0,0,0,0,1.13,80,80,271,0,0.33,192,187,-1,21,54000,5.32,0,49,4.66,3.89,39,70,3.56,64,93,4.26,44,0.00,0.00,0.06,1,0.00,0.00,0.07,0.06,1,0.00,0.00,0.00,0.00,0.00,0.17,0.06,0.94,0.00,0.00,0.00,0.11,0.00,0.00,0.00,0.00,0.00,0.00,0.00,0,0,,0,0.00,36,0,0.00,55,0,0.00,43,1,1,16,70,0.00,99,0,3,0.20,54,0,55,0.00,43,0,0.00,99,0,0.00,0,0,0.00,0,0.07,49,2,0.13,45,1,0.07,50.00,0,0.00,0,0,0,0.00,0,17,0.00,77,1.13,19,N/A,N/A,N/A,N/A,0.00,0,0.00,0,0.00,0.00,0,91.43,0.00,55,99,0.00,0.00,0,42,44,0,0,0,0.00,0.00,0,60,95.73,0.06,0.07,1,0,0.00,0.00,99,0.00,0,0,0,0.00,0.00,0,0.00,0.00,0.00,0.00,0,0,0.00,57,64,49,40,77,0.15,26,0.01,0.01,0.00,27,0.00,0.00,39,2,0.11,0.13,0.07,0.06,30,1,0.00,26,52,42,91,0,76,33,0,0.00,99,0,0.00,0.00,1.20,1.00,18,5,27,30,0.33,0.28,27.78,0,0.00,99,0,0.00,0,0.00,99,0,0.00,0.00,55,66,38,38,0,0,0,0,0,23,40,57,56,0,84,69,33,80,5,29,88,16,N/A,N/A
Kamil Manseri,24,992329200,2001/06/12,PrvaLiga,2025/2026,Midfielder,Koper,934,476,458,France,14,7,7,3,1,2,2,0,2,0,0,3,3,0,10,2,8,4,0,0.48,0.19,0.29,0.19,0.39,311,0.96,93,67,234,467,0.39,46,43,-1,6,48000,6.00,0.14,81,3.75,2.79,33,39,2.07,29,34,2.79,31,0.00,0.00,0.00,0,0.00,0.07,0.00,0.00,0,0.00,0.07,0.00,0.00,0.00,0.07,0.43,0.79,0.67,0.19,0.00,1.00,0.00,0.14,0.15,0.00,0.00,0.00,0.00,0,0,,2,0.14,61,2,0.19,82,0,0.00,43,1,3,11,60,0.00,99,0,1,0.10,36,1,55,0.10,52,0,0.00,99,0,0.00,0,0,0.00,0,0.00,42,14,1.35,93,6,0.58,42.86,0,0.00,0,0,0,0.00,0,11,0.00,85,1.06,14,N/A,N/A,N/A,N/A,0.00,0,0.00,0,2.06,0.00,0,74.36,100.00,99,99,0.00,0.00,0,83,38,0,0,0,0.07,0.10,1,78,83.97,0.00,0.00,0,0,0.00,0.00,99,0.00,0,0,0,0.00,0.00,0,0.00,0.00,0.00,0.00,0,0,150.00,94,40,30,61,84,1.15,81,0.08,0.11,2.06,83,0.15,0.20,51,2,0.14,0.19,0.00,0.00,26,0,0.20,79,86,36,91,0,76,33,0,0.00,99,0,0.00,0.00,3.08,2.29,32,8,40,54,0.77,0.57,25.00,1,0.10,47,0,0.00,0,0.00,99,0,0.00,0.00,55,42,59,38,0,0,0,0,0,78,80,87,71,0,80,62,26,88,4,29,88,-1,N/A,N/A
Karol Borys,19,1159426800,2006/09/28,PrvaLiga,2025/2026,Midfielder,Maribor,189,113,76,Poland,7,4,3,2,2,0,0,0,0,0,0,2,1,1,4,3,1,2,0,0.95,0,0.95,1.59,0,95,1.9,47,27,95,0,0.95,-1,-1,-1,8,65000,2.24,0,49,1.37,0.13,20,3,0.09,2,22,0.91,20,0.00,0.00,0.00,0,0.00,0.00,0.00,0.00,0,0.00,0.00,0.00,0.00,0.00,0.00,0.00,0.30,0.50,0.46,0.00,0.04,0.00,0.04,0.05,0.00,0.04,0.00,0.00,0,0,,1,0.04,78,1,0.46,94,0,0.00,43,0,7,0,60,0.00,99,0,0,0.00,29,0,55,0.00,43,0,0.00,99,0,0.00,0,0,0.00,0,0.00,42,1,0.46,67,0,0.00,0.00,0,0.00,0,0,0,0.00,0,7,0.00,10,3.20,99,N/A,N/A,N/A,N/A,0.00,0,0.00,0,1.18,0.00,0,66.67,100.00,99,99,0.00,0.00,0,35,35,0,0,0,0.00,0.00,0,60,51.48,0.04,0.46,1,0,0.00,0.00,99,0.00,0,0,0,0.00,0.00,0,0.00,0.00,0.00,0.00,0,0,200.00,97,0,10,42,10,0.00,16,0.00,0.00,1.18,98,0.05,0.54,26,0,0.00,0.00,0.91,0.09,94,2,0.54,97,1,80,91,0,76,81,0,0.00,99,1,0.00,0.46,3.20,0.30,7,1,30,55,0.46,0.04,14.29,0,0.00,99,0,0.00,0,0.00,99,0,0.00,0.00,55,0,82,13,0,0,0,0,0,96,98,57,99,0,86,73,12,99,2,29,88,-1,N/A,N/A
Kelvin Ofori,24,996217200,2001/07/27,PrvaLiga,2025/2026,Midfielder,Olimpija,304,102,202,Ghana,7,4,3,0,0,0,0,0,0,0,0,3,2,1,2,0,2,0,0,0,0,0,0,0,0,0.59,152,43,0,0,0,142,137,-1,18,0,3.70,0,49,0.00,0.00,16,0,0.00,0,16,0.00,16,0.00,0.00,0.00,0,0.00,0.00,0.00,0.00,0,0.00,0.00,0.00,0.00,0.00,0.00,0.00,0.29,0.00,0.00,0.00,0.00,0.00,0.00,0.00,0.00,0.00,0.00,0.00,0,0,,0,0.00,36,0,0.00,55,0,0.00,43,8,3,4,60,0.00,99,0,0,0.00,29,0,55,0.00,43,0,0.00,99,0,0.00,0,0,0.00,0,0.00,42,0,0.00,32,0,0.00,0.00,0,0.00,0,0,0,0.00,0,2,0.00,98,0.59,2,N/A,N/A,N/A,N/A,0.00,0,0.00,0,0.00,0.00,0,0.00,0.00,55,99,0.00,0.00,0,35,35,0,0,0,0.00,0.00,0,60,25.87,0.00,0.00,0,0,0.00,0.00,99,0.00,0,0,0,0.00,0.00,0,0.00,0.00,0.00,0.00,0,0,0.00,57,0,10,40,98,0.00,16,0.00,0.00,0.00,27,0.00,0.00,26,0,0.00,0.00,0.00,0.00,26,0,0.00,26,15,36,91,0,76,33,0,0.00,99,0,0.00,0.00,0.00,0.00,0,0,19,17,0.00,0.00,0.00,0,0.00,99,0,0.00,0,0.00,99,0,0.00,0.00,55,7,59,99,0,0,0,0,0,23,40,57,56,0,22,95,12,12,0,0,12,97,0,0
Kenan Kurtovic,56,N/A,N/A,PrvaLiga,2025/2026,Midfielder,Mura,524,180,344,,9,2,7,3,1,2,0,0,0,0,0,1,0,1,12,4,8,0,0,0.52,0,0.52,0.5,0.52,175,2.06,44,58,0,0,0,19,148,-1,4,22000,3.02,0,49,0.00,0.00,16,0,0.00,0,16,0.00,16,0.00,0.00,0.00,0,0.00,0.00,0.00,0.00,0,0.00,0.00,0.00,0.00,0.00,0.00,0.00,1.18,0.00,0.00,0.00,0.00,0.00,0.00,0.15,0.00,0.00,0.00,0.00,0,0,,0,0.00,36,0,0.00,55,0,0.00,43,2,3,6,60,0.00,99,0,0,0.00,29,0,55,0.00,43,0,0.00,99,0,0.00,0,0,0.00,0,0.00,42,0,0.00,32,0,0.00,0.00,0,0.00,0,0,0,0.00,0,13,0.00,5,2.36,96,N/A,N/A,N/A,N/A,0.00,0,0.00,0,1.60,0.00,0,0.00,0.00,55,99,0.00,0.00,0,35,35,0,0,0,0.00,0.00,0,60,33.18,0.00,0.00,0,0,0.00,0.00,99,0.00,0,0,0,0.00,0.00,0,0.00,0.00,0.00,0.00,0,0,0.00,57,14,15,49,6,0.00,16,0.00,0.00,1.60,93,0.15,0.29,26,0,0.00,0.00,0.00,0.00,26,0,0.29,89,6,36,91,0,76,33,0,0.00,99,0,0.00,0.00,0.00,0.00,0,0,19,17,0.00,0.00,0.00,0,0.00,99,0,0.00,0,0.00,99,0,0.00,0.00,55,23,59,60,0,0,0,0,0,81,92,93,89,0,29,17,12,12,0,0,12,30,N/A,N/A
Klemen Pučko,30,822729600,1996/01/27,PrvaLiga,2025/2026,Defender,Mura,0,0,0,Slovenia,0,0,0,0,0,0,0,0,0,0,0,0,0,0,0,0,0,0,0,0,0,0,0,0,0,0,0,0,0,0,0,-1,-1,-1,-1,N/A,N/A,N/A,N/A,N/A,N/A,N/A,N/A,N/A,N/A,N/A,N/A,N/A,N/A,N/A,N/A,N/A,N/A,N/A,N/A,N/A,N/A,N/A,N/A,N/A,N/A,N/A,N/A,N/A,N/A,N/A,N/A,N/A,N/A,N/A,N/A,N/A,N/A,N/A,N/A,N/A,N/A,N/A,N/A,N/A,N/A,N/A,N/A,N/A,N/A,N/A,N/A,N/A,N/A,N/A,N/A,N/A,N/A,N/A,N/A,N/A,N/A,N/A,N/A,N/A,N/A,N/A,N/A,N/A,N/A,N/A,N/A,N/A,N/A,N/A,N/A,N/A,N/A,N/A,N/A,N/A,N/A,N/A,N/A,N/A,N/A,N/A,N/A,N/A,N/A,N/A,N/A,N/A,N/A,N/A,N/A,N/A,N/A,N/A,N/A,N/A,N/A,N/A,N/A,N/A,N/A,N/A,N/A,N/A,N/A,N/A,N/A,N/A,N/A,N/A,N/A,N/A,N/A,N/A,N/A,N/A,N/A,N/A,N/A,N/A,N/A,N/A,N/A,N/A,N/A,N/A,N/A,N/A,N/A,N/A,N/A,N/A,N/A,N/A,N/A,N/A,N/A,N/A,N/A,N/A,N/A,N/A,N/A,N/A,N/A,N/A,N/A,N/A,N/A,N/A,N/A,N/A,N/A,N/A,N/A,N/A,N/A,N/A,N/A,N/A,N/A,N/A,N/A,N/A,N/A,N/A,N/A,N/A,N/A,N/A,N/A,N/A,N/A,N/A,N/A,N/A,N/A,N/A,N/A,N/A,N/A,N/A,N/A,N/A,N/A,N/A,N/A,N/A,N/A,N/A,N/A,N/A,N/A,N/A,N/A,N/A,N/A,N/A,N/A,N/A,N/A,N/A,N/A,N/A,N/A,N/A,N/A,N/A,N/A,N/A,N/A,N/A,N/A,N/A,N/A,N/A,N/A,N/A,N/A
Kobi Bajc,18,1181199600,2007/06/07,PrvaLiga,2025/2026,Midfielder,Maribor,25,25,0,Slovenia,1,1,0,0,0,0,0,0,0,0,0,0,0,0,0,0,0,1,0,0,0,0,0,0,0,0,0,25,25,0,3.6,-1,-1,-1,28,0,1.61,0,49,0.00,0.00,16,0,0.00,0,16,0.00,16,0.00,0.00,0.00,0,0.00,0.00,0.00,0.00,0,0.00,0.00,0.00,0.00,0.00,0.00,0.00,0.00,0.00,0.00,0.00,0.00,0.00,0.00,0.00,0.00,0.00,0.00,0.00,0,0,,0,0.00,36,0,0.00,55,0,0.00,43,0,1,0,60,0.00,99,0,0,0.00,29,0,55,0.00,43,0,0.00,99,0,0.00,0,0,0.00,0,0.00,42,0,0.00,32,0,0.00,0.00,0,0.00,0,0,0,0.00,0,0,0.00,99,0.00,0,N/A,N/A,N/A,N/A,0.00,0,0.00,0,0.00,0.00,0,0.00,0.00,55,99,0.00,0.00,0,35,35,0,0,0,0.00,0.00,0,60,6.45,0.00,0.00,0,0,0.00,0.00,99,0.00,0,0,0,0.00,0.00,0,0.00,0.00,0.00,0.00,0,0,0.00,57,0,0,40,0,0.00,16,0.00,0.00,0.00,27,0.00,0.00,26,0,0.00,0.00,0.00,0.00,26,0,0.00,26,1,36,91,0,76,33,0,0.00,99,0,0.00,0.00,0.00,0.00,0,0,19,17,0.00,0.00,0.00,0,0.00,99,0,0.00,0,0.00,99,0,0.00,0.00,55,0,38,13,0,0,0,0,0,23,40,57,56,0,22,4,12,99,1,100,99,91,0,0
Konstantinos Tsogas,56,N/A,N/A,PrvaLiga,2025/2026,Goalkeeper,Domžale,180,90,90,Greece,2,1,1,0,0,0,0,0,0,0,0,0,0,0,2,1,1,1,0,0,0,0,0,0,0,1,90,90,180,0,0.5,-1,-1,-1,9,15000,4.08,0,49,0.00,0.00,16,0,0.00,0,16,0.00,16,0.00,0.00,0.00,0,0.00,0.00,0.00,0.00,0,0.00,0.00,0.00,0.00,0.00,0.00,0.00,0.67,0.00,0.00,0.00,0.00,0.00,0.00,0.00,0.00,0.00,0.00,0.00,0,0,,0,0.00,36,0,0.00,55,0,0.00,43,0,0,2,60,0.00,99,0,0,0.00,29,0,55,0.00,43,0,0.00,99,0,0.00,0,0,0.00,0,0.00,42,0,0.00,32,0,0.00,0.00,0,0.00,0,0,0,0.00,0,2,0.00,81,1.00,11,N/A,N/A,N/A,N/A,0.00,0,0.00,0,0.00,0.00,0,0.00,0.00,55,99,0.00,0.00,0,35,35,0,0,0,0.00,0.00,0,60,12.24,0.00,0.00,0,0,0.00,0.00,99,0.00,0,0,0,0.00,0.00,0,0.00,0.00,0.00,0.00,0,0,0.00,57,0,0,40,81,0.00,16,0.00,0.00,0.00,27,0.00,0.00,26,0,0.00,0.00,0.00,0.00,26,0,0.00,26,21,36,91,0,76,33,0,0.00,99,0,0.00,0.00,0.00,0.00,0,0,19,17,0.00,0.00,0.00,0,0.00,99,0,0.00,0,0.00,99,0,0.00,0.00,55,1,21,13,0,0,0,0,0,23,40,57,56,0,25,4,19,93,1,50,99,66,N/A,N/A
Kristjan Trdin,22,1078128000,2004/03/01,PrvaLiga,2025/2026,Midfielder,Mura,262,0,262,Slovenia,4,0,4,0,0,0,0,0,0,0,0,1,0,1,6,0,6,0,0,0,0,0,0,0,0,2.06,44,66,0,0,0,-1,-1,-1,16,28000,2.98,0,49,0.00,0.00,16,0,0.00,0,16,0.00,16,0.00,0.00,0.00,0,0.00,0.00,0.00,0.00,0,0.00,0.00,0.00,0.00,0.00,0.00,0.00,1.33,0.00,0.00,0.00,0.00,0.00,0.00,0.00,0.00,0.00,0.00,0.00,0,0,,0,0.00,36,0,0.00,55,0,0.00,43,0,2,2,60,0.00,99,0,0,0.00,29,0,55,0.00,43,0,0.00,99,0,0.00,0,0,0.00,0,0.00,42,0,0.00,32,0,0.00,0.00,0,0.00,0,0,0,0.00,0,8,0.00,5,2.89,97,N/A,N/A,N/A,N/A,0.00,0,0.00,0,0.00,0.00,0,0.00,0.00,55,99,0.00,0.00,0,35,35,0,0,0,0.00,0.00,0,60,17.89,0.00,0.00,0,0,0.00,0.00,99,0.00,0,0,0,0.00,0.00,0,0.00,0.00,0.00,0.00,0,0,0.00,57,0,0,40,6,0.00,16,0.00,0.00,0.00,27,0.00,0.00,26,0,0.00,0.00,0.00,0.00,26,0,0.00,26,5,36,91,0,76,33,0,0.00,99,0,0.00,0.00,0.00,0.00,0,0,19,17,0.00,0.00,0.00,0,0.00,99,0,0.00,0,0.00,99,0,0.00,0.00,55,1,48,13,0,0,0,0,0,23,40,57,56,0,36,71,12,12,0,0,12,90,N/A,N/A
Lan Jovanović,20,1142323200,2006/03/14,PrvaLiga,2025/2026,Midfielder,Aluminij,102,90,12,Slovenia,2,1,1,0,0,0,0,0,0,0,0,0,0,0,3,3,0,0,0,0,0,0,0,0,0,2.65,34,51,0,0,0,-1,-1,-1,32,9000,1.42,0,49,16.98,5.00,90,20,3.75,15,37,12.74,84,0.00,0.00,0.00,0,0.00,0.00,0.00,0.00,0,0.00,0.00,0.00,0.00,1.50,0.25,0.00,2.25,0.00,0.00,0.00,0.00,0.00,0.00,0.00,0.00,0.25,0.00,0.00,0,0,,0,0.00,36,0,0.00,55,0,0.00,43,0,1,1,60,0.00,99,0,1,0.85,95,0,55,0.00,43,0,0.00,99,0,0.00,0,0,0.00,0,0.00,42,0,0.00,32,0,0.00,0.00,0,0.00,0,6,90,5.09,99,9,0.00,1,7.64,99,N/A,N/A,N/A,N/A,66.67,0,0.00,0,0.00,0.00,0,75.00,0.00,55,99,0.00,0.00,0,35,35,0,0,3,0.00,0.00,0,60,5.68,0.25,0.85,1,0,0.00,0.00,99,0.00,0,0,0,0.00,0.00,0,0.00,0.00,0.00,0.00,0,0,0.00,57,0,0,40,1,0.03,47,0.01,0.03,0.00,27,0.00,0.00,91,1,0.25,0.85,0.00,0.00,26,0,0.00,26,1,92,91,0,76,96,0,0.00,99,1,0.00,0.85,2.55,0.75,3,1,45,45,0.85,0.25,33.33,0,0.00,99,0,0.00,0,0.00,99,0,0.00,0.00,55,0,38,13,0,0,0,0,0,23,40,57,56,0,22,4,12,12,0,0,12,1,N/A,N/A
Lan Štravs,26,952070400,2000/03/03,PrvaLiga,2025/2026,Midfielder,Bravo,0,0,0,Slovenia,0,0,0,0,0,0,0,0,0,0,0,0,0,0,0,0,0,0,0,0,0,0,0,0,0,0,0,0,0,0,0,-1,-1,-1,-1,N/A,N/A,N/A,N/A,N/A,N/A,N/A,N/A,N/A,N/A,N/A,N/A,N/A,N/A,N/A,N/A,N/A,N/A,N/A,N/A,N/A,N/A,N/A,N/A,N/A,N/A,N/A,N/A,N/A,N/A,N/A,N/A,N/A,N/A,N/A,N/A,N/A,N/A,N/A,N/A,N/A,N/A,N/A,N/A,N/A,N/A,N/A,N/A,N/A,N/A,N/A,N/A,N/A,N/A,N/A,N/A,N/A,N/A,N/A,N/A,N/A,N/A,N/A,N/A,N/A,N/A,N/A,N/A,N/A,N/A,N/A,N/A,N/A,N/A,N/A,N/A,N/A,N/A,N/A,N/A,N/A,N/A,N/A,N/A,N/A,N/A,N/A,N/A,N/A,N/A,N/A,N/A,N/A,N/A,N/A,N/A,N/A,N/A,N/A,N/A,N/A,N/A,N/A,N/A,N/A,N/A,N/A,N/A,N/A,N/A,N/A,N/A,N/A,N/A,N/A,N/A,N/A,N/A,N/A,N/A,N/A,N/A,N/A,N/A,N/A,N/A,N/A,N/A,N/A,N/A,N/A,N/A,N/A,N/A,N/A,N/A,N/A,N/A,N/A,N/A,N/A,N/A,N/A,N/A,N/A,N/A,N/A,N/A,N/A,N/A,N/A,N/A,N/A,N/A,N/A,N/A,N/A,N/A,N/A,N/A,N/A,N/A,N/A,N/A,N/A,N/A,N/A,N/A,N/A,N/A,N/A,N/A,N/A,N/A,N/A,N/A,N/A,N/A,N/A,N/A,N/A,N/A,N/A,N/A,N/A,N/A,N/A,N/A,N/A,N/A,N/A,N/A,N/A,N/A,N/A,N/A,N/A,N/A,N/A,N/A,N/A,N/A,N/A,N/A,N/A,N/A,N/A,N/A,N/A,N/A,N/A,N/A,N/A,N/A,N/A,N/A,N/A,N/A,N/A,N/A,N/A,N/A,N/A,N/A
Lan Vidmar,24,1000191600,2001/09/11,PrvaLiga,2025/2026,Defender,Maribor,6,0,6,Slovenia,1,0,1,0,0,0,0,0,0,0,0,0,0,0,0,0,0,0,0,0,0,0,0,0,0,0,0,6,0,0,0,-1,-1,-1,26,18000,1.04,0,49,0.00,0.00,16,0,0.00,0,16,0.00,16,0.00,0.00,0.00,0,0.00,0.00,0.00,0.00,0,0.00,0.00,0.00,0.00,0.00,0.00,0.00,0.17,0.00,0.00,0.00,0.00,0.00,0.00,0.00,0.00,0.00,0.00,0.00,0,0,,0,0.00,36,0,0.00,55,0,0.00,43,0,1,0,60,0.00,99,0,0,0.00,29,0,55,0.00,43,0,0.00,99,0,0.00,0,0,0.00,0,0.00,42,0,0.00,32,0,0.00,0.00,0,0.00,0,0,0,0.00,0,1,0.00,99,15.00,99,N/A,N/A,N/A,N/A,0.00,0,0.00,0,0.00,0.00,0,0.00,0.00,55,99,0.00,0.00,0,35,35,0,0,0,0.00,0.00,0,60,6.26,0.00,0.00,0,0,0.00,0.00,99,0.00,0,0,0,0.00,0.00,0,0.00,0.00,0.00,0.00,0,0,0.00,57,0,0,40,0,0.00,16,0.00,0.00,0.00,27,0.00,0.00,26,0,0.00,0.00,0.00,0.00,26,0,0.00,26,0,36,91,0,76,33,0,0.00,99,0,0.00,0.00,0.00,0.00,0,0,19,17,0.00,0.00,0.00,0,0.00,99,0,0.00,0,0.00,99,0,0.00,0.00,55,0,38,13,0,0,0,0,0,23,40,57,56,0,28,4,12,12,0,0,12,50,N/A,N/A
Leo Rimac,20,1142323200,2006/03/14,PrvaLiga,2025/2026,Midfielder,Koper,1626,899,727,Croatia,23,12,11,5,3,2,4,2,2,0,0,3,3,0,26,10,16,2,0,0.5,0.22,0.28,0.3,0.25,325,1.44,63,71,813,407,0.11,47,38,-1,4,24000,5.47,0.17,85,1.73,1.25,22,30,0.88,21,27,1.21,22,0.00,0.00,0.00,0,0.00,0.08,0.00,0.00,0,0.00,0.12,0.00,0.00,0.00,0.00,0.04,1.25,0.60,0.17,0.08,0.12,0.00,0.04,0.12,0.00,0.04,0.00,0.00,0,0,,3,0.12,57,1,0.06,61,2,0.12,58,3,3,20,60,0.00,99,0,0,0.00,29,2,99,0.12,55,0,0.00,99,0,0.00,0,0,0.00,0,0.00,42,3,0.17,49,1,0.06,33.33,0,0.00,0,0,0,0.00,0,30,0.00,57,1.73,60,N/A,N/A,N/A,N/A,0.00,0,0.00,0,3.00,0.00,0,70.00,33.33,70,99,0.00,0.00,0,40,36,0,0,0,0.00,0.00,0,60,131.22,0.04,0.06,1,0,0.00,0.00,99,0.00,0,0,0,0.00,0.00,0,0.00,0.00,0.06,0.04,1,0,166.67,95,79,90,62,58,2.49,88,0.10,0.14,3.00,82,0.12,0.17,46,3,0.12,0.17,0.06,0.04,29,1,0.17,77,60,41,91,0,84,38,0,0.00,99,1,0.00,0.06,1.38,1.00,24,8,30,31,0.46,0.33,33.33,3,0.17,32,0,100.00,0,0.00,99,2,0.08,0.12,69,85,59,77,0,1,0,4,0,80,79,77,80,0,35,30,87,29,2,9,32,19,N/A,N/A
Leon Milovic,56,N/A,N/A,PrvaLiga,2025/2026,Goalkeeper,Domžale,0,0,0,Slovenia,0,0,0,0,0,0,0,0,0,0,0,0,0,0,0,0,0,0,0,0,0,0,0,0,0,0,0,0,0,0,0,-1,-1,-1,-1,N/A,N/A,N/A,N/A,N/A,N/A,N/A,N/A,N/A,N/A,N/A,N/A,N/A,N/A,N/A,N/A,N/A,N/A,N/A,N/A,N/A,N/A,N/A,N/A,N/A,N/A,N/A,N/A,N/A,N/A,N/A,N/A,N/A,N/A,N/A,N/A,N/A,N/A,N/A,N/A,N/A,N/A,N/A,N/A,N/A,N/A,N/A,N/A,N/A,N/A,N/A,N/A,N/A,N/A,N/A,N/A,N/A,N/A,N/A,N/A,N/A,N/A,N/A,N/A,N/A,N/A,N/A,N/A,N/A,N/A,N/A,N/A,N/A,N/A,N/A,N/A,N/A,N/A,N/A,N/A,N/A,N/A,N/A,N/A,N/A,N/A,N/A,N/A,N/A,N/A,N/A,N/A,N/A,N/A,N/A,N/A,N/A,N/A,N/A,N/A,N/A,N/A,N/A,N/A,N/A,N/A,N/A,N/A,N/A,N/A,N/A,N/A,N/A,N/A,N/A,N/A,N/A,N/A,N/A,N/A,N/A,N/A,N/A,N/A,N/A,N/A,N/A,N/A,N/A,N/A,N/A,N/A,N/A,N/A,N/A,N/A,N/A,N/A,N/A,N/A,N/A,N/A,N/A,N/A,N/A,N/A,N/A,N/A,N/A,N/A,N/A,N/A,N/A,N/A,N/A,N/A,N/A,N/A,N/A,N/A,N/A,N/A,N/A,N/A,N/A,N/A,N/A,N/A,N/A,N/A,N/A,N/A,N/A,N/A,N/A,N/A,N/A,N/A,N/A,N/A,N/A,N/A,N/A,N/A,N/A,N/A,N/A,N/A,N/A,N/A,N/A,N/A,N/A,N/A,N/A,N/A,N/A,N/A,N/A,N/A,N/A,N/A,N/A,N/A,N/A,N/A,N/A,N/A,N/A,N/A,N/A,N/A,N/A,N/A,N/A,N/A,N/A,N/A,N/A,N/A,N/A,N/A,N/A,N/A
Lev Bohinc,56,N/A,N/A,PrvaLiga,2025/2026,Defender,Domžale,0,0,0,Slovenia,0,0,0,0,0,0,0,0,0,0,0,0,0,0,0,0,0,0,0,0,0,0,0,0,0,0,0,0,0,0,0,-1,-1,-1,-1,N/A,N/A,N/A,N/A,N/A,N/A,N/A,N/A,N/A,N/A,N/A,N/A,N/A,N/A,N/A,N/A,N/A,N/A,N/A,N/A,N/A,N/A,N/A,N/A,N/A,N/A,N/A,N/A,N/A,N/A,N/A,N/A,N/A,N/A,N/A,N/A,N/A,N/A,N/A,N/A,N/A,N/A,N/A,N/A,N/A,N/A,N/A,N/A,N/A,N/A,N/A,N/A,N/A,N/A,N/A,N/A,N/A,N/A,N/A,N/A,N/A,N/A,N/A,N/A,N/A,N/A,N/A,N/A,N/A,N/A,N/A,N/A,N/A,N/A,N/A,N/A,N/A,N/A,N/A,N/A,N/A,N/A,N/A,N/A,N/A,N/A,N/A,N/A,N/A,N/A,N/A,N/A,N/A,N/A,N/A,N/A,N/A,N/A,N/A,N/A,N/A,N/A,N/A,N/A,N/A,N/A,N/A,N/A,N/A,N/A,N/A,N/A,N/A,N/A,N/A,N/A,N/A,N/A,N/A,N/A,N/A,N/A,N/A,N/A,N/A,N/A,N/A,N/A,N/A,N/A,N/A,N/A,N/A,N/A,N/A,N/A,N/A,N/A,N/A,N/A,N/A,N/A,N/A,N/A,N/A,N/A,N/A,N/A,N/A,N/A,N/A,N/A,N/A,N/A,N/A,N/A,N/A,N/A,N/A,N/A,N/A,N/A,N/A,N/A,N/A,N/A,N/A,N/A,N/A,N/A,N/A,N/A,N/A,N/A,N/A,N/A,N/A,N/A,N/A,N/A,N/A,N/A,N/A,N/A,N/A,N/A,N/A,N/A,N/A,N/A,N/A,N/A,N/A,N/A,N/A,N/A,N/A,N/A,N/A,N/A,N/A,N/A,N/A,N/A,N/A,N/A,N/A,N/A,N/A,N/A,N/A,N/A,N/A,N/A,N/A,N/A,N/A,N/A,N/A,N/A,N/A,N/A,N/A,N/A
Lovre Kulušić,19,1163577600,2006/11/15,PrvaLiga,2025/2026,Midfielder,Bravo,239,98,141,Croatia,8,4,4,1,0,1,1,0,1,0,0,2,1,1,3,1,2,0,0,0.75,0.38,0.38,0,0.64,239,1.13,80,30,0,239,0,-1,-1,-1,14,0,4.16,0.12,94,3.45,0.91,29,10,0.73,8,48,2.76,30,0.00,0.00,0.00,0,0.00,0.00,0.00,0.00,0,0.00,0.00,0.00,0.00,0.00,0.18,0.00,0.27,1.00,0.34,0.00,0.00,0.00,0.09,0.07,0.00,0.18,0.00,0.00,0,0,,1,0.09,73,1,0.34,90,0,0.00,43,1,5,3,60,0.00,99,0,2,0.69,91,0,55,0.00,43,0,0.00,99,0,0.00,0,0,0.00,0,0.00,42,0,0.00,32,0,0.00,0.00,0,0.00,0,0,0,0.00,0,3,0.00,77,1.03,12,N/A,N/A,N/A,N/A,0.00,0,0.00,0,0.75,0.00,0,80.00,100.00,99,99,0.00,0.00,0,35,35,0,0,0,0.09,0.34,1,98,45.75,0.27,1.03,3,0,0.00,0.00,99,0.00,0,0,0,0.00,0.00,0,0.00,0.00,0.00,0.00,0,0,100.00,92,0,11,54,77,0.02,26,0.00,0.01,0.75,92,0.07,0.26,84,2,0.18,0.69,0.34,0.09,59,1,0.26,87,22,95,91,0,76,92,0,0.00,99,2,0.00,0.69,4.48,1.18,13,5,73,76,1.72,0.45,38.46,0,0.00,99,0,0.00,0,0.00,99,0,0.00,0.00,55,2,73,38,0,0,0,0,0,93,86,95,56,0,22,71,12,12,0,0,12,18,0,0
Luca Santor,56,N/A,N/A,PrvaLiga,2025/2026,Defender,NK Primorje,0,0,0,,0,0,0,0,0,0,0,0,0,0,0,0,0,0,0,0,0,0,0,0,0,0,0,0,0,0,0,0,0,0,0,-1,-1,-1,-1,N/A,N/A,N/A,N/A,N/A,N/A,N/A,N/A,N/A,N/A,N/A,N/A,N/A,N/A,N/A,N/A,N/A,N/A,N/A,N/A,N/A,N/A,N/A,N/A,N/A,N/A,N/A,N/A,N/A,N/A,N/A,N/A,N/A,N/A,N/A,N/A,N/A,N/A,N/A,N/A,N/A,N/A,N/A,N/A,N/A,N/A,N/A,N/A,N/A,N/A,N/A,N/A,N/A,N/A,N/A,N/A,N/A,N/A,N/A,N/A,N/A,N/A,N/A,N/A,N/A,N/A,N/A,N/A,N/A,N/A,N/A,N/A,N/A,N/A,N/A,N/A,N/A,N/A,N/A,N/A,N/A,N/A,N/A,N/A,N/A,N/A,N/A,N/A,N/A,N/A,N/A,N/A,N/A,N/A,N/A,N/A,N/A,N/A,N/A,N/A,N/A,N/A,N/A,N/A,N/A,N/A,N/A,N/A,N/A,N/A,N/A,N/A,N/A,N/A,N/A,N/A,N/A,N/A,N/A,N/A,N/A,N/A,N/A,N/A,N/A,N/A,N/A,N/A,N/A,N/A,N/A,N/A,N/A,N/A,N/A,N/A,N/A,N/A,N/A,N/A,N/A,N/A,N/A,N/A,N/A,N/A,N/A,N/A,N/A,N/A,N/A,N/A,N/A,N/A,N/A,N/A,N/A,N/A,N/A,N/A,N/A,N/A,N/A,N/A,N/A,N/A,N/A,N/A,N/A,N/A,N/A,N/A,N/A,N/A,N/A,N/A,N/A,N/A,N/A,N/A,N/A,N/A,N/A,N/A,N/A,N/A,N/A,N/A,N/A,N/A,N/A,N/A,N/A,N/A,N/A,N/A,N/A,N/A,N/A,N/A,N/A,N/A,N/A,N/A,N/A,N/A,N/A,N/A,N/A,N/A,N/A,N/A,N/A,N/A,N/A,N/A,N/A,N/A,N/A,N/A,N/A,N/A,N/A,N/A
Luis Felipe Rabelo Costa,24,1014019200,2002/02/18,PrvaLiga,2025/2026,Midfielder,NK Primorje,-25,46,-71,Brazil,3,3,0,0,0,0,0,0,0,0,0,1,1,0,2,2,0,0,0,0,0,0,0,0,0,0,-13,0,0,0,0,-1,-1,-1,-1,0,0.00,0,49,0.00,0.00,16,0,0.00,0,16,0.00,16,0.00,0.00,0.00,0,0.00,0.00,0.00,0.00,0,0.00,0.00,0.00,0.00,0.00,0.00,0.00,0.00,0.00,0.00,0.00,0.00,0.00,0.00,0.00,0.00,0.00,0.00,0.00,0,0,,0,0.00,36,0,0.00,55,0,0.00,43,2,3,0,60,0.00,99,0,0,0.00,29,0,55,0.00,43,0,0.00,99,0,0.00,0,0,0.00,0,0.00,42,0,0.00,32,0,0.00,0.00,0,0.00,0,0,0,0.00,0,0,0.00,99,0.00,0,N/A,N/A,N/A,N/A,0.00,0,0.00,0,0.00,0.00,0,0.00,0.00,55,99,0.00,0.00,0,35,35,0,0,0,0.00,0.00,0,60,0.00,0.00,0.00,0,0,0.00,0.00,99,0.00,0,0,0,0.00,0.00,0,0.00,0.00,0.00,0.00,0,0,0.00,57,0,0,40,0,0.00,16,0.00,0.00,0.00,27,0.00,0.00,26,0,0.00,0.00,0.00,0.00,26,0,0.00,26,0,36,91,0,76,33,0,0.00,99,0,0.00,0.00,0.00,0.00,0,0,19,17,0.00,0.00,0.00,0,0.00,99,0,0.00,0,0.00,99,0,0.00,0.00,55,0,59,60,0,0,0,0,0,23,40,57,56,0,22,80,12,12,0,0,12,26,0,0
Luka Baruca,23,1042099200,2003/01/09,PrvaLiga,2025/2026,Defender,Domžale,12,0,12,Slovenia,1,0,1,0,0,0,0,0,0,0,0,0,0,0,1,0,1,0,0,0,0,0,0,0,0,7.5,12,12,0,0,0,-1,-1,-1,18,0,2.09,0,49,75.00,3.33,99,10,3.00,9,87,67.50,99,0.00,0.00,0.33,1,0.00,0.00,15.00,0.67,2,0.00,0.00,0.00,0.00,0.00,0.00,0.00,0.67,0.00,0.00,0.00,0.00,0.00,0.00,0.00,0.00,0.33,0.00,0.00,0,0,,0,0.00,36,0,0.00,55,0,0.00,43,0,1,0,99,0.00,99,0,0,0.00,29,0,55,0.00,43,0,0.00,99,0,0.00,0,0,0.00,0,7.50,99,0,0.00,32,0,0.00,0.00,0,0.00,0,0,0,0.00,0,2,0.00,0,15.00,99,N/A,N/A,N/A,N/A,0.00,0,0.00,0,0.00,0.00,0,90.00,0.00,55,99,0.00,0.00,0,35,35,0,0,0,0.00,0.00,0,60,6.27,0.33,7.50,1,0,0.00,0.00,99,0.00,0,0,0,0.00,0.00,0,0.00,0.00,0.00,0.00,0,0,0.00,57,0,0,40,0,0.07,99,0.02,0.53,0.00,27,0.00,0.00,99,1,0.33,7.50,7.50,0.33,99,1,0.00,26,1,99,91,0,76,99,0,0.00,99,1,0.00,7.50,37.50,1.67,5,2,99,99,15.00,0.67,40.00,0,0.00,99,0,0.00,0,0.00,99,0,0.00,0.00,55,0,38,13,0,0,0,0,0,23,40,57,56,0,22,4,12,12,0,0,12,97,0,0
Luka Bobicanec,32,738140400,1993/05/23,PrvaLiga,2025/2026,Forward,Mura,1050,613,437,Croatia,12,7,5,4,2,2,4,2,2,0,0,2,2,0,16,7,9,4,0,0.69,0.34,0.34,0.29,0.41,263,1.37,66,88,263,263,0.34,37,15,-1,1,68000,5.90,0.33,93,4.97,4.83,41,58,3.00,36,19,3.08,34,0.00,0.00,0.50,6,0.00,0.58,0.00,0.00,0,0.00,0.00,0.00,0.00,0.00,0.00,0.08,1.42,0.50,0.17,0.08,0.08,0.00,0.08,0.22,0.00,0.17,0.00,0.00,0,0,,2,0.17,57,1,0.09,67,1,0.09,52,4,0,12,60,0.00,99,0,0,0.00,29,7,57,0.60,83,0,0.00,99,0,0.00,0,0,0.00,0,0.51,94,1,0.09,40,1,0.09,100.00,0,0.00,0,0,0,0.00,0,17,0.00,61,1.46,39,N/A,N/A,N/A,N/A,0.00,0,0.00,0,2.67,0.00,0,62.07,50.00,85,99,0.00,0.00,0,45,99,0,0,0,0.00,0.00,0,60,70.84,0.08,0.09,1,0,0.00,0.00,99,0.00,0,0,0,0.00,0.00,0,0.00,0.00,0.00,0.00,0,0,200.00,97,45,22,58,61,2.81,95,0.23,0.24,2.67,86,0.22,0.23,56,3,0.25,0.26,0.51,0.50,78,6,0.23,83,81,46,91,0,76,56,0,0.00,99,2,0.00,0.17,2.23,2.17,26,9,40,40,0.77,0.75,34.62,0,0.00,99,0,14.29,0,0.00,99,1,0.08,0.09,65,48,21,85,0,0,0,0,0,91,83,88,79,0,88,48,31,81,4,33,94,8,N/A,N/A
Luka Bozickovic,22,1062486000,2003/09/02,PrvaLiga,2025/2026,Midfielder,Aluminij,49,0,49,Bosnia and Herzegovina,2,0,2,0,0,0,0,0,0,0,0,0,0,0,2,0,2,0,0,0,0,0,0,0,0,3.67,25,25,0,0,0,-1,-1,-1,20,0,0.90,0,49,0.00,0.00,16,0,0.00,0,16,0.00,16,0.00,0.00,0.00,0,0.00,0.00,0.00,0.00,0,0.00,0.00,0.00,0.00,0.00,0.00,0.00,0.29,0.00,0.00,0.00,0.00,0.00,0.00,0.00,0.00,0.00,0.00,0.00,0,0,,0,0.00,36,0,0.00,55,0,0.00,43,1,1,1,60,0.00,99,0,0,0.00,29,0,55,0.00,43,0,0.00,99,0,0.00,0,0,0.00,0,0.00,42,0,0.00,32,0,0.00,0.00,0,0.00,0,0,0,0.00,0,2,0.00,0,3.67,99,N/A,N/A,N/A,N/A,0.00,0,0.00,0,0.00,0.00,0,0.00,0.00,55,99,0.00,0.00,0,35,35,0,0,0,0.00,0.00,0,60,6.27,0.00,0.00,0,0,0.00,0.00,99,0.00,0,0,0,0.00,0.00,0,0.00,0.00,0.00,0.00,0,0,0.00,57,0,0,40,0,0.00,16,0.00,0.00,0.00,27,0.00,0.00,26,0,0.00,0.00,0.00,0.00,26,0,0.00,26,0,36,91,0,76,33,0,0.00,99,0,0.00,0.00,0.00,0.00,0,0,19,17,0.00,0.00,0.00,0,0.00,99,0,0.00,0,0.00,99,0,0.00,0.00,55,0,38,38,0,0,0,0,0,23,40,57,56,0,22,4,12,12,0,0,12,13,0,0
Luka Dakić,21,1104566400,2005/01/01,PrvaLiga,2025/2026,Goalkeeper,Bravo,0,0,0,Slovenia,0,0,0,0,0,0,0,0,0,0,0,0,0,0,0,0,0,0,0,0,0,0,0,0,0,0,0,0,0,0,0,-1,-1,-1,-1,N/A,N/A,N/A,N/A,N/A,N/A,N/A,N/A,N/A,N/A,N/A,N/A,N/A,N/A,N/A,N/A,N/A,N/A,N/A,N/A,N/A,N/A,N/A,N/A,N/A,N/A,N/A,N/A,N/A,N/A,N/A,N/A,N/A,N/A,N/A,N/A,N/A,N/A,N/A,N/A,N/A,N/A,N/A,N/A,N/A,N/A,N/A,N/A,N/A,N/A,N/A,N/A,N/A,N/A,N/A,N/A,N/A,N/A,N/A,N/A,N/A,N/A,N/A,N/A,N/A,N/A,N/A,N/A,N/A,N/A,N/A,N/A,N/A,N/A,N/A,N/A,N/A,N/A,N/A,N/A,N/A,N/A,N/A,N/A,N/A,N/A,N/A,N/A,N/A,N/A,N/A,N/A,N/A,N/A,N/A,N/A,N/A,N/A,N/A,N/A,N/A,N/A,N/A,N/A,N/A,N/A,N/A,N/A,N/A,N/A,N/A,N/A,N/A,N/A,N/A,N/A,N/A,N/A,N/A,N/A,N/A,N/A,N/A,N/A,N/A,N/A,N/A,N/A,N/A,N/A,N/A,N/A,N/A,N/A,N/A,N/A,N/A,N/A,N/A,N/A,N/A,N/A,N/A,N/A,N/A,N/A,N/A,N/A,N/A,N/A,N/A,N/A,N/A,N/A,N/A,N/A,N/A,N/A,N/A,N/A,N/A,N/A,N/A,N/A,N/A,N/A,N/A,N/A,N/A,N/A,N/A,N/A,N/A,N/A,N/A,N/A,N/A,N/A,N/A,N/A,N/A,N/A,N/A,N/A,N/A,N/A,N/A,N/A,N/A,N/A,N/A,N/A,N/A,N/A,N/A,N/A,N/A,N/A,N/A,N/A,N/A,N/A,N/A,N/A,N/A,N/A,N/A,N/A,N/A,N/A,N/A,N/A,N/A,N/A,N/A,N/A,N/A,N/A,N/A,N/A,N/A,N/A,N/A,N/A
Luka Guček,27,917596800,1999/01/29,PrvaLiga,2025/2026,Defender,Maribor,165,90,75,Slovenia,2,1,1,0,0,0,0,0,0,0,0,0,0,0,2,1,1,1,0,0,0,0,0,0,0,1.09,83,83,165,0,0.55,-1,-1,-1,20,42000,1.56,0,49,49.64,11.38,99,91,10.00,80,81,43.64,99,0.00,0.00,0.00,0,0.00,0.00,0.00,0.00,0,0.00,0.12,0.00,0.00,0.00,0.25,0.00,0.25,0.00,0.55,0.12,0.00,0.00,0.00,0.01,0.00,0.12,0.00,0.00,0,0,,1,0.12,83,0,0.00,55,1,0.55,93,1,0,2,60,0.00,99,0,2,1.09,97,0,55,0.00,43,0,0.00,99,0,0.00,0,0,0.00,0,0.00,42,0,0.00,32,0,0.00,0.00,0,0.00,0,0,0,0.00,0,2,0.00,78,1.09,16,N/A,N/A,N/A,N/A,0.00,0,0.00,0,0.05,0.00,0,87.91,0.00,55,99,0.00,0.00,0,35,35,0,0,0,0.25,1.09,2,99,12.51,0.38,1.64,3,0,0.00,0.00,99,0.00,0,0,0,0.00,0.00,0,0.00,0.00,0.00,0.00,0,0,0.00,57,0,0,40,78,0.19,78,0.02,0.10,0.05,46,0.01,0.03,26,0,0.00,0.00,1.09,0.25,96,2,0.03,43,1,98,91,0,76,86,0,0.00,99,1,0.00,0.55,6.00,1.38,11,2,54,87,1.09,0.25,18.18,1,0.55,7,0,0.00,0,0.00,99,0,0.00,0.00,55,1,21,38,0,0,0,0,0,23,40,57,56,0,68,4,17,96,1,50,99,29,N/A,N/A
Luka Kambič,27,914140800,1998/12/20,PrvaLiga,2025/2026,Midfielder,Domžale,830,410,420,Slovenia,12,6,6,0,0,0,0,0,0,0,0,1,1,0,17,7,10,1,0,0,0,0,0,0,0,1.84,49,69,830,0,0.11,207,197,-1,23,36000,5.06,0,49,21.63,16.58,96,199,13.67,164,60,17.83,95,0.00,0.00,0.00,0,0.00,0.33,0.00,0.00,0,0.00,0.25,0.00,0.00,0.00,1.00,0.58,1.67,0.00,0.33,0.17,1.00,0.00,0.08,0.02,0.00,0.42,0.00,0.00,0,0,,3,0.25,72,1,0.11,70,2,0.22,74,2,3,9,60,0.00,99,0,12,1.30,99,4,64,0.43,76,0,0.00,99,0,0.00,0,0,0.00,0,0.00,42,12,1.30,92,7,0.76,58.33,0,0.00,0,0,0,0.00,0,20,0.00,12,2.17,90,N/A,N/A,N/A,N/A,0.00,0,0.00,0,0.21,0.00,0,82.41,33.33,70,99,0.00,0.00,0,88,47,0,0,0,0.17,0.22,2,95,60.67,0.83,1.09,10,0,0.00,0.00,99,0.00,0,0,0,0.00,0.00,0,0.00,0.00,0.00,0.00,0,0,0.00,57,34,22,40,14,0.33,53,0.03,0.04,0.21,40,0.02,0.02,94,9,0.75,0.98,0.54,0.42,80,5,0.02,39,43,96,91,0,76,86,0,0.00,99,5,0.00,0.54,8.48,6.50,78,21,86,95,2.28,1.75,26.92,3,0.33,12,0,25.00,0,0.00,99,1,0.08,0.11,66,34,59,60,0,0,0,0,0,23,40,57,56,0,58,8,88,29,1,8,28,66,N/A,N/A
Luka Kerin,26,922176000,1999/03/23,PrvaLiga,2025/2026,Forward,Bravo,0,0,0,Slovenia,0,0,0,0,0,0,0,0,0,0,0,0,0,0,0,0,0,0,0,0,0,0,0,0,0,0,0,0,0,0,0,-1,-1,-1,-1,N/A,N/A,N/A,N/A,N/A,N/A,N/A,N/A,N/A,N/A,N/A,N/A,N/A,N/A,N/A,N/A,N/A,N/A,N/A,N/A,N/A,N/A,N/A,N/A,N/A,N/A,N/A,N/A,N/A,N/A,N/A,N/A,N/A,N/A,N/A,N/A,N/A,N/A,N/A,N/A,N/A,N/A,N/A,N/A,N/A,N/A,N/A,N/A,N/A,N/A,N/A,N/A,N/A,N/A,N/A,N/A,N/A,N/A,N/A,N/A,N/A,N/A,N/A,N/A,N/A,N/A,N/A,N/A,N/A,N/A,N/A,N/A,N/A,N/A,N/A,N/A,N/A,N/A,N/A,N/A,N/A,N/A,N/A,N/A,N/A,N/A,N/A,N/A,N/A,N/A,N/A,N/A,N/A,N/A,N/A,N/A,N/A,N/A,N/A,N/A,N/A,N/A,N/A,N/A,N/A,N/A,N/A,N/A,N/A,N/A,N/A,N/A,N/A,N/A,N/A,N/A,N/A,N/A,N/A,N/A,N/A,N/A,N/A,N/A,N/A,N/A,N/A,N/A,N/A,N/A,N/A,N/A,N/A,N/A,N/A,N/A,N/A,N/A,N/A,N/A,N/A,N/A,N/A,N/A,N/A,N/A,N/A,N/A,N/A,N/A,N/A,N/A,N/A,N/A,N/A,N/A,N/A,N/A,N/A,N/A,N/A,N/A,N/A,N/A,N/A,N/A,N/A,N/A,N/A,N/A,N/A,N/A,N/A,N/A,N/A,N/A,N/A,N/A,N/A,N/A,N/A,N/A,N/A,N/A,N/A,N/A,N/A,N/A,N/A,N/A,N/A,N/A,N/A,N/A,N/A,N/A,N/A,N/A,N/A,N/A,N/A,N/A,N/A,N/A,N/A,N/A,N/A,N/A,N/A,N/A,N/A,N/A,N/A,N/A,N/A,N/A,N/A,N/A,N/A,N/A,N/A,N/A,N/A,N/A
Luka Kokol,56,N/A,N/A,PrvaLiga,2025/2026,Defender,Maribor,0,0,0,,0,0,0,0,0,0,0,0,0,0,0,0,0,0,0,0,0,0,0,0,0,0,0,0,0,0,0,0,0,0,0,-1,-1,-1,-1,N/A,N/A,N/A,N/A,N/A,N/A,N/A,N/A,N/A,N/A,N/A,N/A,N/A,N/A,N/A,N/A,N/A,N/A,N/A,N/A,N/A,N/A,N/A,N/A,N/A,N/A,N/A,N/A,N/A,N/A,N/A,N/A,N/A,N/A,N/A,N/A,N/A,N/A,N/A,N/A,N/A,N/A,N/A,N/A,N/A,N/A,N/A,N/A,N/A,N/A,N/A,N/A,N/A,N/A,N/A,N/A,N/A,N/A,N/A,N/A,N/A,N/A,N/A,N/A,N/A,N/A,N/A,N/A,N/A,N/A,N/A,N/A,N/A,N/A,N/A,N/A,N/A,N/A,N/A,N/A,N/A,N/A,N/A,N/A,N/A,N/A,N/A,N/A,N/A,N/A,N/A,N/A,N/A,N/A,N/A,N/A,N/A,N/A,N/A,N/A,N/A,N/A,N/A,N/A,N/A,N/A,N/A,N/A,N/A,N/A,N/A,N/A,N/A,N/A,N/A,N/A,N/A,N/A,N/A,N/A,N/A,N/A,N/A,N/A,N/A,N/A,N/A,N/A,N/A,N/A,N/A,N/A,N/A,N/A,N/A,N/A,N/A,N/A,N/A,N/A,N/A,N/A,N/A,N/A,N/A,N/A,N/A,N/A,N/A,N/A,N/A,N/A,N/A,N/A,N/A,N/A,N/A,N/A,N/A,N/A,N/A,N/A,N/A,N/A,N/A,N/A,N/A,N/A,N/A,N/A,N/A,N/A,N/A,N/A,N/A,N/A,N/A,N/A,N/A,N/A,N/A,N/A,N/A,N/A,N/A,N/A,N/A,N/A,N/A,N/A,N/A,N/A,N/A,N/A,N/A,N/A,N/A,N/A,N/A,N/A,N/A,N/A,N/A,N/A,N/A,N/A,N/A,N/A,N/A,N/A,N/A,N/A,N/A,N/A,N/A,N/A,N/A,N/A,N/A,N/A,N/A,N/A,N/A,N/A
Luka Kolar,20,1126249200,2005/09/09,PrvaLiga,2025/2026,Midfielder,Celje,4,1,3,Slovenia,3,1,2,0,0,0,0,0,0,0,0,1,0,1,0,0,0,0,0,0,0,0,0,0,0,0,0,1,0,0,0,-1,-1,-1,24,12000,0.78,0,49,0.00,0.00,16,0,0.00,0,16,0.00,16,0.00,0.00,0.00,0,0.00,0.00,0.00,0.00,0,0.00,0.00,0.00,0.00,0.00,0.00,0.00,0.00,0.00,0.00,0.00,0.00,0.00,0.00,0.00,0.00,0.00,0.00,0.00,0,0,,0,0.00,36,0,0.00,55,0,0.00,43,1,0,3,60,0.00,99,0,0,0.00,29,0,55,0.00,43,0,0.00,99,0,0.00,0,0,0.00,0,0.00,42,0,0.00,32,0,0.00,0.00,0,0.00,0,0,0,0.00,0,0,0.00,99,0.00,0,N/A,N/A,N/A,N/A,0.00,0,0.00,0,0.00,0.00,0,0.00,0.00,55,99,0.00,0.00,0,35,35,0,0,0,0.00,0.00,0,60,19.50,0.00,0.00,0,0,0.00,0.00,99,0.00,0,0,0,0.00,0.00,0,0.00,0.00,0.00,0.00,0,0,0.00,57,0,0,40,0,0.00,16,0.00,0.00,0.00,27,0.00,0.00,26,0,0.00,0.00,0.00,0.00,26,0,0.00,26,0,36,91,0,76,33,0,0.00,99,0,0.00,0.00,0.00,0.00,0,0,19,17,0.00,0.00,0.00,0,0.00,99,0,0.00,0,0.00,99,0,0.00,0.00,55,2,21,38,0,0,0,0,0,23,40,57,56,0,24,80,12,12,0,0,12,12,N/A,N/A
Luka Krajnc,31,779958000,1994/09/19,PrvaLiga,2025/2026,Defender,Maribor,581,370,211,Slovenia,9,5,4,0,0,0,0,0,0,0,0,7,4,3,3,3,0,1,0,0,0,0,0,0,0,0.46,194,65,581,0,0.15,160,105,1,31,84000,2.85,0,49,0.00,0.00,16,0,0.00,0,16,0.00,16,0.00,0.00,0.00,0,0.00,0.00,0.00,0.00,0,0.00,0.00,0.00,0.00,0.00,0.00,0.00,0.17,0.00,0.00,0.00,0.00,0.00,0.00,0.00,0.00,0.00,0.00,0.00,0,0,,0,0.00,36,0,0.00,55,0,0.00,43,0,3,6,60,0.00,99,0,0,0.00,29,0,55,0.00,43,0,0.00,99,0,0.00,0,0,0.00,0,0.00,42,0,0.00,32,0,0.00,0.00,0,0.00,0,0,0,0.00,0,3,0.00,99,0.46,1,N/A,N/A,N/A,N/A,0.00,0,0.00,0,0.00,0.00,0,0.00,0.00,55,99,0.00,0.00,0,35,35,0,0,0,0.00,0.00,0,60,51.36,0.00,0.00,0,0,0.00,0.00,99,0.00,0,0,0,0.00,0.00,0,0.00,0.00,0.00,0.00,0,0,0.00,57,20,15,40,99,0.00,16,0.00,0.00,0.00,27,0.00,0.00,26,0,0.00,0.00,0.00,0.00,26,0,0.00,26,4,36,91,0,76,33,0,0.00,99,0,0.00,0.00,0.00,0.00,0,0,19,17,0.00,0.00,0.00,0,0.00,99,0,0.00,0,0.00,99,0,0.00,0.00,55,23,59,13,0,0,0,0,0,23,40,57,56,0,95,99,75,38,1,11,41,32,N/A,N/A
Luka Lukanić,21,1083567600,2004/05/03,PrvaLiga,2025/2026,Midfielder,Bravo,799,413,386,Croatia,11,6,5,0,0,0,2,0,2,0,0,2,2,0,15,6,9,1,0,0.23,0.23,0,0,0,0,1.69,53,73,799,400,0.11,151,31,-1,17,30000,4.37,0.18,86,0.00,0.00,16,0,0.00,0,16,0.00,16,0.00,0.00,0.00,0,0.00,0.00,0.00,0.00,0,0.00,0.00,0.00,0.00,0.00,0.00,0.00,1.15,0.00,0.00,0.00,0.00,0.00,0.00,0.00,0.00,0.00,0.00,0.00,0,0,,0,0.00,36,0,0.00,55,0,0.00,43,3,2,9,60,0.00,99,0,0,0.00,29,0,55,0.00,43,0,0.00,99,0,0.00,0,0,0.00,0,0.00,42,0,0.00,32,0,0.00,0.00,0,0.00,0,0,0,0.00,0,15,0.00,26,1.69,55,N/A,N/A,N/A,N/A,0.00,0,0.00,0,0.00,0.00,0,0.00,0.00,55,99,0.00,0.00,0,35,35,0,0,0,0.00,0.00,0,60,56.85,0.00,0.00,0,0,0.00,0.00,99,0.00,0,0,0,0.00,0.00,0,0.00,0.00,0.00,0.00,0,0,0.00,57,32,21,40,27,0.51,62,0.04,0.06,0.00,27,0.00,0.00,26,0,0.00,0.00,0.00,0.00,26,0,0.00,26,25,36,91,0,76,33,0,0.00,99,0,0.00,0.00,0.00,0.00,0,0,19,17,0.00,0.00,0.00,0,0.00,99,0,0.00,0,0.00,99,0,0.00,0.00,55,34,48,77,0,0,0,0,0,62,40,57,56,0,44,53,84,29,1,9,32,42,N/A,N/A
Luka Mlakar,19,1146121200,2006/04/27,PrvaLiga,2025/2026,Midfielder,Domžale,1041,565,476,Slovenia,16,9,7,1,0,1,0,0,0,0,0,2,2,0,22,10,12,1,0,0.09,0,0.09,0,0.19,1041,1.9,47,65,1041,0,0.09,95,194,-1,6,24000,5.32,0,49,4.24,2.88,35,49,2.00,34,25,2.94,33,0.00,0.00,0.06,1,0.00,0.00,0.09,0.06,1,0.00,0.18,0.00,0.00,0.00,0.00,0.24,1.41,6.00,0.52,0.29,0.24,0.00,0.06,0.06,0.00,0.53,0.00,0.00,0,0,,6,0.35,81,1,0.09,67,5,0.43,89,6,3,13,76,0.00,99,0,0,0.00,29,0,55,0.00,43,0,0.00,99,0,0.00,0,0,0.00,0,0.09,52,4,0.35,61,4,0.35,100.00,0,0.00,0,0,0,0.00,0,24,0.00,10,2.07,87,N/A,N/A,N/A,N/A,0.00,0,0.00,0,0.95,0.00,0,69.39,16.67,57,99,0.00,0.00,0,68,99,0,0,0,0.00,0.00,0,60,90.48,0.00,0.00,0,0,0.00,0.00,99,0.00,0,0,0,0.00,0.00,0,0.00,0.00,0.00,0.00,0,0,16.67,59,44,44,86,10,0.68,62,0.04,0.06,0.95,61,0.06,0.08,92,11,0.65,0.95,0.09,0.06,32,1,0.08,58,52,36,91,0,76,94,0,0.00,99,9,0.00,0.78,4.41,3.00,51,21,76,75,1.82,1.24,41.18,3,0.26,20,0,0.00,0,0.00,99,0,0.00,0.00,55,55,59,95,0,0,0,0,0,34,56,73,56,0,35,30,93,21,1,6,22,11,N/A,N/A
Luka Štor,27,899622000,1998/07/05,PrvaLiga,2025/2026,Forward,NK Primorje,327,207,120,Slovenia,7,4,3,0,0,0,1,1,0,0,0,1,1,0,7,3,4,1,0,0.28,0.28,0,0,0,0,1.93,47,47,327,327,0.28,125,26,-1,28,21000,5.55,0.14,89,0.00,0.00,16,0,0.00,0,16,0.00,16,0.00,0.00,0.00,0,0.00,0.00,0.00,0.00,0,0.00,0.00,0.00,0.00,0.00,0.00,0.00,1.00,0.00,0.00,0.00,0.00,0.00,0.00,0.00,0.00,0.00,0.00,0.00,0,0,,0,0.00,36,0,0.00,55,0,0.00,43,4,3,4,60,0.00,99,0,0,0.00,29,0,55,0.00,43,0,0.00,99,0,0.00,0,0,0.00,0,0.00,42,0,0.00,32,0,0.00,0.00,0,0.00,0,0,0,0.00,0,7,0.00,9,1.93,79,N/A,N/A,N/A,N/A,0.00,0,0.00,0,0.00,0.00,0,0.00,0.00,55,99,0.00,0.00,0,35,35,0,0,0,0.00,0.00,0,60,38.83,0.00,0.00,0,0,0.00,0.00,99,0.00,0,0,0,0.00,0.00,0,0.00,0.00,0.00,0.00,0,0,0.00,57,0,10,40,10,0.64,92,0.09,0.18,0.00,27,0.00,0.00,26,0,0.00,0.00,0.00,0.00,26,0,0.00,26,65,36,91,0,76,33,0,0.00,99,0,0.00,0.00,0.00,0.00,0,0,19,17,0.00,0.00,0.00,0,0.00,99,0,0.00,0,0.00,99,0,0.00,0.00,55,7,59,85,0,0,0,0,0,65,40,57,56,0,28,38,43,69,1,14,56,70,N/A,N/A
Luka Turudija,21,1090652400,2004/07/24,PrvaLiga,2025/2026,Midfielder,Mura,759,365,394,Slovenia,17,8,9,1,1,0,0,0,0,0,0,3,2,1,13,3,10,0,0,0.12,0,0.12,0.25,0,759,1.54,58,45,0,0,0,86,164,-1,7,30000,4.04,0,49,9.41,4.32,66,82,3.68,70,70,8.04,69,0.00,0.00,0.16,3,0.00,0.16,0.46,0.21,4,0.00,0.26,0.00,0.00,0.00,0.26,0.21,0.79,7.00,0.80,0.32,0.37,0.00,0.05,0.05,0.00,0.37,0.00,0.00,0,0,,7,0.37,93,1,0.11,70,6,0.69,97,2,8,9,96,0.00,99,0,5,0.57,86,3,93,0.34,70,0,0.00,99,0,0.00,0,0,0.00,0,0.34,86,7,0.80,81,4,0.46,57.14,0,0.00,0,0,0,0.00,0,15,0.00,46,1.72,59,N/A,N/A,N/A,N/A,0.00,0,0.00,0,1.01,0.00,0,85.37,14.29,56,99,0.00,0.00,0,76,46,0,0,0,0.00,0.00,0,60,76.68,0.05,0.11,1,0,0.00,0.00,99,0.00,0,0,0,0.00,0.00,0,0.00,0.00,0.00,0.00,0,0,14.29,58,29,49,81,46,0.27,47,0.01,0.03,1.01,72,0.05,0.12,96,11,0.58,1.26,0.69,0.32,89,6,0.12,68,19,47,91,0,76,95,0,0.00,99,7,0.00,0.80,7.92,3.63,69,29,94,94,3.33,1.53,42.03,5,0.57,7,0,66.67,0,0.00,99,2,0.11,0.23,84,34,86,60,0,0,0,0,0,43,60,57,77,0,44,53,12,12,0,0,12,16,N/A,N/A
Lukas Čeh,56,N/A,N/A,PrvaLiga,2025/2026,Forward,Aluminij,12,0,12,,1,0,1,0,0,0,0,0,0,0,0,0,0,0,0,0,0,0,0,0,0,0,0,0,0,0,0,12,0,0,0,-1,-1,-1,21,0,0.00,0,49,0.00,0.00,16,0,0.00,0,16,0.00,16,0.00,0.00,0.00,0,0.00,0.00,0.00,0.00,0,0.00,0.00,0.00,0.00,0.00,0.00,0.00,0.00,0.00,0.00,0.00,0.00,0.00,0.00,0.00,0.00,0.00,0.00,0.00,0,0,,0,0.00,36,0,0.00,55,0,0.00,43,0,1,0,60,0.00,99,0,0,0.00,29,0,55,0.00,43,0,0.00,99,0,0.00,0,0,0.00,0,0.00,42,0,0.00,32,0,0.00,0.00,0,0.00,0,0,0,0.00,0,0,0.00,99,0.00,0,N/A,N/A,N/A,N/A,0.00,0,0.00,0,0.00,0.00,0,0.00,0.00,55,99,0.00,0.00,0,35,35,0,0,0,0.00,0.00,0,60,0.00,0.00,0.00,0,0,0.00,0.00,99,0.00,0,0,0,0.00,0.00,0,0.00,0.00,0.00,0.00,0,0,0.00,57,0,0,40,0,0.00,16,0.00,0.00,0.00,27,0.00,0.00,26,0,0.00,0.00,0.00,0.00,26,0,0.00,26,0,36,91,0,76,33,0,0.00,99,0,0.00,0.00,0.00,0.00,0,0,19,17,0.00,0.00,0.00,0,0.00,99,0,0.00,0,0.00,99,0,0.00,0.00,55,0,38,13,0,0,0,0,0,23,40,57,56,0,22,4,12,12,0,0,12,25,0,0
Lukas Ceh,56,N/A,N/A,PrvaLiga,2025/2026,Midfielder,Aluminij,0,0,0,Slovenia,0,0,0,0,0,0,0,0,0,0,0,0,0,0,0,0,0,0,0,0,0,0,0,0,0,0,0,0,0,0,0,-1,-1,-1,-1,N/A,N/A,N/A,N/A,N/A,N/A,N/A,N/A,N/A,N/A,N/A,N/A,N/A,N/A,N/A,N/A,N/A,N/A,N/A,N/A,N/A,N/A,N/A,N/A,N/A,N/A,N/A,N/A,N/A,N/A,N/A,N/A,N/A,N/A,N/A,N/A,N/A,N/A,N/A,N/A,N/A,N/A,N/A,N/A,N/A,N/A,N/A,N/A,N/A,N/A,N/A,N/A,N/A,N/A,N/A,N/A,N/A,N/A,N/A,N/A,N/A,N/A,N/A,N/A,N/A,N/A,N/A,N/A,N/A,N/A,N/A,N/A,N/A,N/A,N/A,N/A,N/A,N/A,N/A,N/A,N/A,N/A,N/A,N/A,N/A,N/A,N/A,N/A,N/A,N/A,N/A,N/A,N/A,N/A,N/A,N/A,N/A,N/A,N/A,N/A,N/A,N/A,N/A,N/A,N/A,N/A,N/A,N/A,N/A,N/A,N/A,N/A,N/A,N/A,N/A,N/A,N/A,N/A,N/A,N/A,N/A,N/A,N/A,N/A,N/A,N/A,N/A,N/A,N/A,N/A,N/A,N/A,N/A,N/A,N/A,N/A,N/A,N/A,N/A,N/A,N/A,N/A,N/A,N/A,N/A,N/A,N/A,N/A,N/A,N/A,N/A,N/A,N/A,N/A,N/A,N/A,N/A,N/A,N/A,N/A,N/A,N/A,N/A,N/A,N/A,N/A,N/A,N/A,N/A,N/A,N/A,N/A,N/A,N/A,N/A,N/A,N/A,N/A,N/A,N/A,N/A,N/A,N/A,N/A,N/A,N/A,N/A,N/A,N/A,N/A,N/A,N/A,N/A,N/A,N/A,N/A,N/A,N/A,N/A,N/A,N/A,N/A,N/A,N/A,N/A,N/A,N/A,N/A,N/A,N/A,N/A,N/A,N/A,N/A,N/A,N/A,N/A,N/A,N/A,N/A,N/A,N/A,N/A,N/A
Lukas Hempt,21,1104566400,2005/01/01,PrvaLiga,2025/2026,Midfielder,Domžale,0,0,0,Slovenia,0,0,0,0,0,0,0,0,0,0,0,0,0,0,0,0,0,0,0,0,0,0,0,0,0,0,0,0,0,0,0,-1,-1,-1,-1,N/A,N/A,N/A,N/A,N/A,N/A,N/A,N/A,N/A,N/A,N/A,N/A,N/A,N/A,N/A,N/A,N/A,N/A,N/A,N/A,N/A,N/A,N/A,N/A,N/A,N/A,N/A,N/A,N/A,N/A,N/A,N/A,N/A,N/A,N/A,N/A,N/A,N/A,N/A,N/A,N/A,N/A,N/A,N/A,N/A,N/A,N/A,N/A,N/A,N/A,N/A,N/A,N/A,N/A,N/A,N/A,N/A,N/A,N/A,N/A,N/A,N/A,N/A,N/A,N/A,N/A,N/A,N/A,N/A,N/A,N/A,N/A,N/A,N/A,N/A,N/A,N/A,N/A,N/A,N/A,N/A,N/A,N/A,N/A,N/A,N/A,N/A,N/A,N/A,N/A,N/A,N/A,N/A,N/A,N/A,N/A,N/A,N/A,N/A,N/A,N/A,N/A,N/A,N/A,N/A,N/A,N/A,N/A,N/A,N/A,N/A,N/A,N/A,N/A,N/A,N/A,N/A,N/A,N/A,N/A,N/A,N/A,N/A,N/A,N/A,N/A,N/A,N/A,N/A,N/A,N/A,N/A,N/A,N/A,N/A,N/A,N/A,N/A,N/A,N/A,N/A,N/A,N/A,N/A,N/A,N/A,N/A,N/A,N/A,N/A,N/A,N/A,N/A,N/A,N/A,N/A,N/A,N/A,N/A,N/A,N/A,N/A,N/A,N/A,N/A,N/A,N/A,N/A,N/A,N/A,N/A,N/A,N/A,N/A,N/A,N/A,N/A,N/A,N/A,N/A,N/A,N/A,N/A,N/A,N/A,N/A,N/A,N/A,N/A,N/A,N/A,N/A,N/A,N/A,N/A,N/A,N/A,N/A,N/A,N/A,N/A,N/A,N/A,N/A,N/A,N/A,N/A,N/A,N/A,N/A,N/A,N/A,N/A,N/A,N/A,N/A,N/A,N/A,N/A,N/A,N/A,N/A,N/A,N/A
Macky Bagnack,30,802508400,1995/06/07,PrvaLiga,2025/2026,Defender,NK Primorje,200,90,110,Cameroon,3,1,2,0,0,0,1,1,0,0,0,0,0,0,4,2,2,0,0,0.45,0.45,0,0,0,0,1.8,50,67,0,200,0,-1,-1,-1,16,65000,6.24,0.33,96,0.00,0.00,16,0,0.00,0,16,0.00,16,0.00,0.00,0.00,0,0.00,0.00,0.00,0.00,0,0.00,0.00,0.00,0.00,0.00,0.00,0.00,1.33,0.00,0.00,0.00,0.00,0.00,0.00,0.00,0.00,0.00,0.00,0.00,0,0,,0,0.00,36,0,0.00,55,0,0.00,43,1,0,3,60,0.00,99,0,0,0.00,29,0,55,0.00,43,0,0.00,99,0,0.00,0,0,0.00,0,0.00,42,0,0.00,32,0,0.00,0.00,0,0.00,0,0,0,0.00,0,4,0.00,16,1.80,68,N/A,N/A,N/A,N/A,0.00,0,0.00,0,0.00,0.00,0,0.00,0.00,55,99,0.00,0.00,0,35,35,0,0,0,0.00,0.00,0,60,18.71,0.00,0.00,0,0,0.00,0.00,99,0.00,0,0,0,0.00,0.00,0,0.00,0.00,0.00,0.00,0,0,0.00,57,0,0,40,17,0.54,95,0.18,0.24,0.00,27,0.00,0.00,26,0,0.00,0.00,0.00,0.00,26,0,0.00,26,93,36,91,0,76,33,0,0.00,99,0,0.00,0.00,0.00,0.00,0,0,19,17,0.00,0.00,0.00,0,0.00,99,0,0.00,0,0.00,99,0,0.00,0.00,55,2,21,38,0,0,0,0,0,77,40,57,56,0,86,4,12,12,0,0,12,88,N/A,N/A
Mai Kolbl,56,N/A,N/A,PrvaLiga,2025/2026,Forward,Mura,37,0,37,Slovenia,2,0,2,0,0,0,0,0,0,0,0,0,0,0,1,0,1,1,0,0,0,0,0,0,0,2.43,37,19,37,0,2.43,-1,-1,-1,12,18000,0.91,0,49,0.00,0.00,16,0,0.00,0,16,0.00,16,0.00,0.00,0.00,0,0.00,0.00,0.00,0.00,0,0.00,0.00,0.00,0.00,0.00,0.00,0.00,0.43,0.00,0.00,0.00,0.00,0.00,0.00,0.00,0.00,0.00,0.00,0.00,0,0,,0,0.00,36,0,0.00,55,0,0.00,43,0,2,0,60,0.00,99,0,0,0.00,29,0,55,0.00,43,0,0.00,99,0,0.00,0,0,0.00,0,0.00,42,0,0.00,32,0,0.00,0.00,0,0.00,0,0,0,0.00,0,3,0.00,3,7.30,99,N/A,N/A,N/A,N/A,0.00,0,0.00,0,0.00,0.00,0,0.00,0.00,55,99,0.00,0.00,0,35,35,0,0,0,0.00,0.00,0,60,6.39,0.00,0.00,0,0,0.00,0.00,99,0.00,0,0,0,0.00,0.00,0,0.00,0.00,0.00,0.00,0,0,0.00,57,0,0,40,3,0.00,16,0.00,0.00,0.00,27,0.00,0.00,26,0,0.00,0.00,0.00,0.00,26,0,0.00,26,0,36,91,0,76,33,0,0.00,99,0,0.00,0.00,0.00,0.00,0,0,19,17,0.00,0.00,0.00,0,0.00,99,0,0.00,0,0.00,99,0,0.00,0.00,55,0,48,13,0,0,0,0,0,23,40,57,56,0,28,4,12,99,1,50,99,27,N/A,N/A
Maj Fogec,23,1020927600,2002/05/09,PrvaLiga,2025/2026,Defender,NK Primorje,1169,720,449,Slovenia,15,8,7,0,0,0,2,1,1,0,0,0,0,0,27,15,12,2,0,0.15,0.15,0,0,0,0,2.08,43,78,585,585,0.15,189,57,58,14,32000,2.91,0.13,74,15.84,7.92,88,198,6.00,150,39,12.00,83,0.00,0.00,0.08,2,0.00,0.88,0.00,0.00,0,0.00,0.08,0.00,0.00,0.00,0.36,0.04,1.04,0.00,0.00,0.00,0.08,0.00,0.00,0.00,0.00,0.04,0.00,0.00,0,0,,0,0.00,36,0,0.00,55,0,0.00,43,1,2,13,60,0.00,99,0,9,0.72,93,22,79,1.76,99,0,0.00,99,0,0.00,0,0,0.00,0,0.16,62,2,0.16,48,1,0.08,50.00,0,0.00,0,0,0,0.00,0,26,0.00,4,2.08,88,N/A,N/A,N/A,N/A,0.00,0,0.00,0,0.00,0.00,0,75.76,0.00,55,99,0.00,0.00,0,43,44,0,0,0,0.12,0.24,3,96,72.67,0.40,0.80,10,0,0.00,0.00,99,0.00,0,0,0,0.00,0.00,0,0.00,0.00,0.08,0.04,1,0,0.00,57,53,35,40,4,0.97,70,0.04,0.08,0.00,27,0.00,0.00,43,2,0.08,0.16,0.40,0.20,69,5,0.00,26,5,92,91,0,87,42,0,0.00,99,1,0.00,0.08,4.40,2.20,55,11,47,74,0.88,0.44,20.00,2,0.16,35,0,45.45,0,0.00,99,10,0.40,0.80,99,55,48,38,0,0,0,0,0,50,40,57,56,0,47,4,76,38,2,13,49,3,N/A,N/A
Maj Mittendorfer,25,958028400,2000/05/11,PrvaLiga,2025/2026,Defender,Koper,1336,886,450,Slovenia,16,10,6,2,2,0,0,0,0,0,0,2,2,0,19,10,9,3,0,0.13,0,0.13,0.2,0,668,1.28,70,84,445,0,0.2,81,160,23,12,42000,4.52,0,49,12.17,10.06,77,181,8.78,158,78,10.62,79,0.00,0.00,0.00,0,0.00,0.00,0.07,0.06,1,0.00,0.00,0.00,0.00,0.00,0.39,0.06,1.11,0.00,0.00,0.00,0.06,0.00,0.00,0.06,0.00,0.67,0.00,0.00,0,0,,0,0.00,36,0,0.00,55,0,0.00,43,1,1,15,70,0.00,99,0,7,0.47,77,0,55,0.00,43,0,0.00,99,0,0.00,0,0,0.00,0,0.00,42,1,0.07,38,1,0.07,100.00,0,0.00,0,0,0,0.00,0,20,0.00,65,1.34,29,N/A,N/A,N/A,N/A,0.00,0,0.00,0,1.10,0.00,0,87.29,0.00,55,99,0.00,0.00,0,42,99,0,0,0,0.17,0.20,3,94,81.37,0.39,0.47,7,0,0.00,0.00,99,0.00,0,0,0,0.00,0.00,0,0.00,0.00,0.00,0.00,0,0,0.00,57,61,44,79,65,0.31,39,0.02,0.02,1.10,60,0.06,0.07,39,2,0.11,0.13,0.47,0.39,74,7,0.07,57,29,81,91,0,76,95,0,0.00,99,12,0.00,0.81,3.36,2.78,50,19,61,58,1.28,1.06,38.00,0,0.00,99,0,0.00,0,0.00,99,0,0.00,0.00,55,62,38,38,0,0,0,0,0,47,62,57,73,0,68,30,59,55,3,19,71,15,N/A,N/A
Marat Žlibanović,21,1105084800,2005/01/07,PrvaLiga,2025/2026,Midfielder,Olimpija,0,0,0,Croatia,0,0,0,0,0,0,0,0,0,0,0,0,0,0,0,0,0,0,0,0,0,0,0,0,0,0,0,0,0,0,0,-1,-1,-1,-1,N/A,N/A,N/A,N/A,N/A,N/A,N/A,N/A,N/A,N/A,N/A,N/A,N/A,N/A,N/A,N/A,N/A,N/A,N/A,N/A,N/A,N/A,N/A,N/A,N/A,N/A,N/A,N/A,N/A,N/A,N/A,N/A,N/A,N/A,N/A,N/A,N/A,N/A,N/A,N/A,N/A,N/A,N/A,N/A,N/A,N/A,N/A,N/A,N/A,N/A,N/A,N/A,N/A,N/A,N/A,N/A,N/A,N/A,N/A,N/A,N/A,N/A,N/A,N/A,N/A,N/A,N/A,N/A,N/A,N/A,N/A,N/A,N/A,N/A,N/A,N/A,N/A,N/A,N/A,N/A,N/A,N/A,N/A,N/A,N/A,N/A,N/A,N/A,N/A,N/A,N/A,N/A,N/A,N/A,N/A,N/A,N/A,N/A,N/A,N/A,N/A,N/A,N/A,N/A,N/A,N/A,N/A,N/A,N/A,N/A,N/A,N/A,N/A,N/A,N/A,N/A,N/A,N/A,N/A,N/A,N/A,N/A,N/A,N/A,N/A,N/A,N/A,N/A,N/A,N/A,N/A,N/A,N/A,N/A,N/A,N/A,N/A,N/A,N/A,N/A,N/A,N/A,N/A,N/A,N/A,N/A,N/A,N/A,N/A,N/A,N/A,N/A,N/A,N/A,N/A,N/A,N/A,N/A,N/A,N/A,N/A,N/A,N/A,N/A,N/A,N/A,N/A,N/A,N/A,N/A,N/A,N/A,N/A,N/A,N/A,N/A,N/A,N/A,N/A,N/A,N/A,N/A,N/A,N/A,N/A,N/A,N/A,N/A,N/A,N/A,N/A,N/A,N/A,N/A,N/A,N/A,N/A,N/A,N/A,N/A,N/A,N/A,N/A,N/A,N/A,N/A,N/A,N/A,N/A,N/A,N/A,N/A,N/A,N/A,N/A,N/A,N/A,N/A,N/A,N/A,N/A,N/A,N/A,N/A
Mario Kvesić,34,695203200,1992/01/12,PrvaLiga,2025/2026,Midfielder,Celje,1799,685,1114,Bosnia and Herzegovina,24,10,14,4,1,3,10,6,4,0,0,9,4,5,17,3,14,2,0,0.7,0.5,0.2,0.13,0.24,450,0.85,106,75,900,180,0.1,58,5,-1,8,54000,5.99,0.42,99,9.47,7.64,66,191,6.00,150,45,7.43,65,0.00,0.00,0.52,13,0.00,0.56,0.00,0.00,0,0.00,0.12,0.00,0.00,0.00,0.12,0.32,0.76,1.60,0.40,0.20,0.40,0.00,0.12,0.15,0.00,0.04,0.00,0.00,0,0,,8,0.32,77,3,0.15,75,5,0.25,79,8,4,20,60,0.00,99,0,3,0.15,46,14,73,0.69,88,0,0.00,99,0,0.00,0,0,0.00,0,0.64,97,10,0.50,71,8,0.40,80.00,0,0.00,0,0,0,0.00,0,19,0.00,93,0.94,10,N/A,N/A,N/A,N/A,0.00,0,0.00,0,3.77,0.00,0,78.53,37.50,70,99,0.00,0.00,0,74,67,0,0,0,0.00,0.00,0,60,149.63,0.04,0.05,1,0,0.00,0.00,99,0.00,0,0,0,0.00,0.00,0,0.00,0.00,0.05,0.04,1,0,62.50,80,85,95,67,93,6.13,98,0.25,0.30,3.77,83,0.15,0.19,72,8,0.32,0.40,0.25,0.20,49,5,0.19,79,86,39,91,0,81,36,0,0.00,99,1,0.00,0.05,1.88,1.52,38,17,45,36,0.84,0.68,44.74,3,0.15,36,0,35.71,0,0.00,99,5,0.20,0.25,88,85,68,99,0,0,0,0,0,92,74,76,67,0,84,85,91,23,2,8,28,8,N/A,N/A
Mark Gulič,28,871628400,1997/08/15,PrvaLiga,2025/2026,Forward,NK Primorje,181,120,61,Slovenia,15,9,6,0,0,0,0,0,0,0,0,2,2,0,6,4,2,0,0,0,0,0,0,0,0,2.98,30,12,0,0,0,-1,-1,-1,19,22500,3.24,0,49,6.54,0.54,52,13,0.54,13,99,6.54,58,0.00,0.00,0.00,0,0.00,0.00,0.00,0.00,0,0.00,0.08,0.00,0.00,0.00,0.00,0.00,0.25,0.00,1.01,0.08,0.00,0.00,0.00,0.00,0.00,0.04,0.00,0.00,0,0,,2,0.08,95,0,0.00,55,2,1.01,99,0,15,0,60,0.00,99,0,0,0.00,29,0,55,0.00,43,0,0.00,99,0,0.00,0,0,0.00,0,0.00,42,0,0.00,32,0,0.00,0.00,0,0.00,0,0,0,0.00,0,6,0.00,0,3.02,98,N/A,N/A,N/A,N/A,0.00,0,0.00,0,0.11,0.00,0,100.00,0.00,55,99,0.00,0.00,0,35,35,0,0,0,0.00,0.00,0,60,77.77,0.08,1.01,2,0,0.00,0.00,99,0.00,0,0,0,0.00,0.00,0,0.00,0.00,0.00,0.00,0,0,0.00,57,0,35,40,0,0.03,39,0.00,0.02,0.11,57,0.00,0.06,26,0,0.00,0.00,1.01,0.08,95,2,0.06,54,9,95,91,0,76,84,0,0.00,99,1,0.00,0.50,5.53,0.46,11,1,32,83,0.50,0.04,9.09,2,1.01,2,0,0.00,0,0.00,99,0,0.00,0.00,55,0,99,13,0,0,0,0,0,23,40,57,56,0,29,30,12,12,0,0,12,9,N/A,N/A
Mark Kerin,18,1181113200,2007/06/06,PrvaLiga,2025/2026,Midfielder,Bravo,19,0,19,Slovenia,1,0,1,0,0,0,0,0,0,0,0,1,0,1,0,0,0,0,0,0,0,0,0,0,0,0,0,19,0,0,0,-1,-1,-1,24,0,0.54,0,49,0.00,0.00,16,0,0.00,0,16,0.00,16,0.00,0.00,0.00,0,0.00,0.00,0.00,0.00,0,0.00,0.00,0.00,0.00,0.00,0.00,0.00,0.00,0.00,0.00,0.00,0.00,0.00,0.00,0.00,0.00,0.00,0.00,0.00,0,0,,0,0.00,36,0,0.00,55,0,0.00,43,0,1,0,60,0.00,99,0,0,0.00,29,0,55,0.00,43,0,0.00,99,0,0.00,0,0,0.00,0,0.00,42,0,0.00,32,0,0.00,0.00,0,0.00,0,0,0,0.00,0,0,0.00,99,0.00,0,N/A,N/A,N/A,N/A,0.00,0,0.00,0,0.00,0.00,0,0.00,0.00,55,99,0.00,0.00,0,35,35,0,0,0,0.00,0.00,0,60,6.50,0.00,0.00,0,0,0.00,0.00,99,0.00,0,0,0,0.00,0.00,0,0.00,0.00,0.00,0.00,0,0,0.00,57,0,0,40,0,0.00,16,0.00,0.00,0.00,27,0.00,0.00,26,0,0.00,0.00,0.00,0.00,26,0,0.00,26,0,36,91,0,76,33,0,0.00,99,0,0.00,0.00,0.00,0.00,0,0,19,17,0.00,0.00,0.00,0,0.00,99,0,0.00,0,0.00,99,0,0.00,0.00,55,0,38,13,0,0,0,0,0,23,40,57,56,0,22,99,12,12,0,0,12,44,0,0
Mark Pabai,25,970297200,2000/09/30,PrvaLiga,2025/2026,Defender,Koper,1406,714,692,Netherlands,17,8,9,0,0,0,2,2,0,0,0,3,3,0,20,7,13,4,0,0.13,0.13,0,0,0,0,1.28,70,83,352,703,0.26,164,64,24,22,48000,4.69,0.12,71,12.62,9.80,78,196,8.65,173,82,11.14,80,0.00,0.00,0.20,4,0.00,0.85,0.00,0.00,0,0.00,0.25,0.00,0.00,0.00,0.40,0.80,1.10,0.00,0.06,0.05,1.05,0.00,0.00,0.00,0.00,0.20,0.00,0.00,0,0,,1,0.05,40,0,0.00,55,1,0.06,48,1,1,16,60,0.00,99,0,8,0.52,81,17,66,1.09,95,0,0.00,99,0,0.00,0,0,0.00,0,0.26,77,21,1.35,93,16,1.03,76.19,0,0.00,0,0,0,0.00,0,22,0.00,65,1.42,35,N/A,N/A,N/A,N/A,0.00,0,0.00,0,0.04,0.00,0,88.27,0.00,55,99,0.00,0.00,0,92,62,0,0,0,0.10,0.13,2,85,93.79,0.20,0.26,4,0,0.00,0.00,99,0.00,0,0,1,0.05,0.06,0,0.00,0.00,0.06,0.05,1,0,0.00,57,66,49,40,65,1.69,81,0.08,0.11,0.04,27,0.00,0.00,75,7,0.35,0.45,0.39,0.30,67,6,0.00,26,32,66,94,0,84,68,0,0.00,99,4,0.00,0.26,5.09,3.95,79,28,76,79,1.80,1.40,35.44,5,0.32,15,0,29.41,0,0.00,99,5,0.25,0.32,91,66,38,38,0,0,0,0,0,47,40,57,56,0,80,53,46,67,4,24,79,2,N/A,N/A
Mark Španring,24,992415600,2001/06/13,PrvaLiga,2025/2026,Defender,Maribor,993,464,529,Slovenia,15,8,7,1,0,1,1,0,1,0,0,4,2,2,13,8,5,3,0,0.18,0.09,0.09,0,0.17,993,1.18,76,66,331,993,0.27,94,79,19,13,36000,3.76,0.07,61,11.81,5.20,76,130,4.20,105,52,9.54,75,0.00,0.00,0.12,3,0.00,0.32,0.09,0.04,1,0.00,0.00,0.00,0.00,0.00,0.32,0.08,0.64,4.00,0.36,0.16,0.08,0.00,0.00,0.03,0.00,0.16,0.00,0.00,0,0,,4,0.16,74,0,0.00,55,4,0.36,85,1,5,10,76,0.00,99,0,8,0.73,93,8,90,0.73,90,0,0.00,99,0,0.00,0,0,0.00,0,0.27,80,2,0.18,51,2,0.18,100.00,0,0.00,0,0,0,0.00,0,16,0.00,72,1.45,38,N/A,N/A,N/A,N/A,0.00,0,0.00,0,0.77,0.00,0,80.77,0.00,55,99,0.00,0.00,0,56,99,0,0,0,0.12,0.27,3,97,94.11,0.32,0.73,8,0,0.00,0.00,99,0.00,0,0,0,0.00,0.00,0,0.00,0.00,0.00,0.00,0,0,25.00,62,42,35,85,72,1.58,88,0.06,0.14,0.77,60,0.03,0.07,58,3,0.12,0.27,0.82,0.36,93,9,0.07,57,16,90,91,0,76,77,0,0.00,99,4,0.00,0.36,4.18,1.84,46,14,60,70,1.27,0.56,30.43,0,0.00,99,0,50.00,0,0.00,99,4,0.16,0.36,96,39,73,38,0,0,0,0,0,57,56,71,56,0,58,72,44,69,3,20,72,55,N/A,N/A
Mark Zabukovnik,25,977904000,2000/12/27,PrvaLiga,2025/2026,Midfielder,Celje,354,99,255,Slovenia,5,2,3,0,0,0,0,0,0,0,0,3,2,1,3,0,3,0,0,0,0,0,0,0,0,0.76,118,71,0,0,0,171,172,-1,30,48000,6.42,0,49,54.56,42.80,99,214,39.20,196,93,49.97,99,0.00,0.00,0.40,2,0.00,0.60,0.00,0.00,0,0.00,0.20,0.00,0.00,0.00,0.20,0.60,0.60,0.00,1.02,0.80,1.00,0.00,0.00,0.04,0.00,1.40,0.00,0.00,0,0,,4,0.80,95,0,0.00,55,4,1.02,99,3,1,4,60,0.00,99,0,1,0.25,58,3,99,0.76,91,0,0.00,99,0,0.00,0,0,0.00,0,0.51,94,5,1.27,91,3,0.76,60.00,0,0.00,0,0,0,0.00,0,3,0.00,94,0.76,5,N/A,N/A,N/A,N/A,0.00,0,0.00,0,0.22,0.00,0,91.59,0.00,55,99,0.00,0.00,0,88,50,0,0,0,0.00,0.00,0,60,32.09,0.40,0.51,2,0,0.00,0.00,99,0.00,0,0,0,0.00,0.00,0,0.00,0.00,0.00,0.00,0,0,0.00,57,0,1,40,94,0.42,81,0.08,0.11,0.22,57,0.04,0.06,55,1,0.20,0.25,2.04,1.60,98,8,0.06,54,96,85,91,0,76,99,0,0.00,99,7,0.00,1.78,11.73,9.20,46,17,97,97,4.33,3.40,36.96,1,0.25,21,0,100.00,0,0.00,99,3,0.60,0.76,98,7,38,77,0,0,0,0,0,23,40,57,56,0,80,99,12,12,0,0,12,19,N/A,N/A
Marko Brest,23,1021014000,2002/05/10,PrvaLiga,2025/2026,Defender,Olimpija,1125,447,678,Slovenia,22,10,12,2,0,2,3,2,1,0,0,8,4,4,15,7,8,5,0,0.4,0.24,0.16,0,0.27,563,1.2,75,51,225,375,0.4,75,29,20,9,42000,5.62,0.14,88,6.36,3.52,51,81,2.78,64,46,5.03,53,0.00,0.00,0.13,3,0.00,0.13,0.16,0.09,2,0.00,0.35,0.00,0.00,0.00,0.04,0.70,0.65,3.50,0.55,0.09,0.70,0.00,0.22,0.08,0.00,0.04,0.00,0.00,0,0,,7,0.30,83,5,0.39,92,2,0.16,66,2,10,12,85,0.00,99,0,1,0.08,34,3,71,0.24,64,0,0.00,99,0,0.00,0,0,0.00,0,0.24,76,16,1.26,90,16,1.26,100.00,0,0.00,0,0,0,0.00,0,15,0.00,71,1.18,21,N/A,N/A,N/A,N/A,0.00,0,0.00,0,1.91,0.00,0,79.01,71.43,93,99,0.00,0.00,0,96,99,0,0,0,0.04,0.08,1,72,129.36,0.17,0.31,4,0,0.00,0.00,99,0.00,0,0,0,0.00,0.00,0,0.00,0.00,0.00,0.00,0,0,28.57,64,48,82,75,71,1.86,89,0.08,0.15,1.91,78,0.08,0.15,89,10,0.43,0.79,0.55,0.30,81,7,0.15,74,67,69,91,0,76,42,0,0.00,99,1,0.00,0.08,6.52,3.61,83,43,95,90,3.38,1.87,51.81,8,0.63,5,0,33.33,0,0.00,99,1,0.04,0.08,61,48,93,60,0,0,0,0,0,73,67,78,56,0,68,82,24,89,5,23,76,18,N/A,N/A
Marko Ivanov,56,N/A,N/A,PrvaLiga,2025/2026,Centre Back,Koper,0,0,0,Macedonia,0,0,0,0,0,0,0,0,0,0,0,0,0,0,0,0,0,0,0,0,0,0,0,0,0,0,0,0,0,0,0,-1,-1,-1,-1,N/A,N/A,N/A,N/A,N/A,N/A,N/A,N/A,N/A,N/A,N/A,N/A,N/A,N/A,N/A,N/A,N/A,N/A,N/A,N/A,N/A,N/A,N/A,N/A,N/A,N/A,N/A,N/A,N/A,N/A,N/A,N/A,N/A,N/A,N/A,N/A,N/A,N/A,N/A,N/A,N/A,N/A,N/A,N/A,N/A,N/A,N/A,N/A,N/A,N/A,N/A,N/A,N/A,N/A,N/A,N/A,N/A,N/A,N/A,N/A,N/A,N/A,N/A,N/A,N/A,N/A,N/A,N/A,N/A,N/A,N/A,N/A,N/A,N/A,N/A,N/A,N/A,N/A,N/A,N/A,N/A,N/A,N/A,N/A,N/A,N/A,N/A,N/A,N/A,N/A,N/A,N/A,N/A,N/A,N/A,N/A,N/A,N/A,N/A,N/A,N/A,N/A,N/A,N/A,N/A,N/A,N/A,N/A,N/A,N/A,N/A,N/A,N/A,N/A,N/A,N/A,N/A,N/A,N/A,N/A,N/A,N/A,N/A,N/A,N/A,N/A,N/A,N/A,N/A,N/A,N/A,N/A,N/A,N/A,N/A,N/A,N/A,N/A,N/A,N/A,N/A,N/A,N/A,N/A,N/A,N/A,N/A,N/A,N/A,N/A,N/A,N/A,N/A,N/A,N/A,N/A,N/A,N/A,N/A,N/A,N/A,N/A,N/A,N/A,N/A,N/A,N/A,N/A,N/A,N/A,N/A,N/A,N/A,N/A,N/A,N/A,N/A,N/A,N/A,N/A,N/A,N/A,N/A,N/A,N/A,N/A,N/A,N/A,N/A,N/A,N/A,N/A,N/A,N/A,N/A,N/A,N/A,N/A,N/A,N/A,N/A,N/A,N/A,N/A,N/A,N/A,N/A,N/A,N/A,N/A,N/A,N/A,N/A,N/A,N/A,N/A,N/A,N/A,N/A,N/A,N/A,N/A,N/A,N/A
Marko Mrvaljević,24,991724400,2001/06/05,PrvaLiga,2025/2026,Forward,Mura,50,44,6,Montenegro,3,2,1,0,0,0,0,0,0,0,0,1,1,0,1,1,0,0,0,0,0,0,0,0,0,1.8,50,17,0,0,0,-1,-1,-1,11,0,2.78,0,49,0.00,0.00,16,0,0.00,0,16,0.00,16,0.00,0.00,0.00,0,0.00,0.00,0.00,0.00,0,0.00,0.00,0.00,0.00,0.00,0.00,0.00,0.14,0.00,0.00,0.00,0.00,0.00,0.00,0.00,0.00,0.00,0.00,0.00,0,0,,0,0.00,36,0,0.00,55,0,0.00,43,0,3,0,60,0.00,99,0,0,0.00,29,0,55,0.00,43,0,0.00,99,0,0.00,0,0,0.00,0,0.00,42,0,0.00,32,0,0.00,0.00,0,0.00,0,0,0,0.00,0,1,0.00,16,1.84,73,N/A,N/A,N/A,N/A,0.00,0,0.00,0,0.00,0.00,0,0.00,0.00,55,99,0.00,0.00,0,35,35,0,0,0,0.00,0.00,0,60,19.46,0.00,0.00,0,0,0.00,0.00,99,0.00,0,0,0,0.00,0.00,0,0.00,0.00,0.00,0.00,0,0,0.00,57,0,0,40,17,0.00,16,0.00,0.00,0.00,27,0.00,0.00,26,0,0.00,0.00,0.00,0.00,26,0,0.00,26,3,36,91,0,76,33,0,0.00,99,0,0.00,0.00,0.00,0.00,0,0,19,17,0.00,0.00,0.00,0,0.00,99,0,0.00,0,0.00,99,0,0.00,0.00,55,0,59,13,0,0,0,0,0,23,40,57,56,0,22,80,12,12,0,0,12,99,0,0
Marko Ristić,21,1099296000,2004/11/01,PrvaLiga,2025/2026,Defender,Olimpija,317,134,183,Slovenia,5,2,3,0,0,0,0,0,0,0,0,2,1,1,4,2,2,0,0,0,0,0,0,0,0,1.14,79,63,0,0,0,145,136,15,29,18000,1.82,0,49,0.00,0.00,16,0,0.00,0,16,0.00,16,0.00,0.00,0.00,0,0.00,0.00,0.00,0.00,0,0.00,0.00,0.00,0.00,0.00,0.00,0.00,0.57,0.00,0.00,0.00,0.00,0.00,0.00,0.00,0.00,0.00,0.00,0.00,0,0,,0,0.00,36,0,0.00,55,0,0.00,43,0,2,3,60,0.00,99,0,0,0.00,29,0,55,0.00,43,0,0.00,99,0,0.00,0,0,0.00,0,0.00,42,0,0.00,32,0,0.00,0.00,0,0.00,0,0,0,0.00,0,4,0.00,76,1.14,19,N/A,N/A,N/A,N/A,0.00,0,0.00,0,0.00,0.00,0,0.00,0.00,55,99,0.00,0.00,0,35,35,0,0,0,0.00,0.00,0,60,12.76,0.00,0.00,0,0,0.00,0.00,99,0.00,0,0,0,0.00,0.00,0,0.00,0.00,0.00,0.00,0,0,0.00,57,0,1,40,76,0.00,16,0.00,0.00,0.00,27,0.00,0.00,26,0,0.00,0.00,0.00,0.00,26,0,0.00,26,1,36,91,0,76,33,0,0.00,99,0,0.00,0.00,0.00,0.00,0,0,19,17,0.00,0.00,0.00,0,0.00,99,0,0.00,0,0.00,99,0,0.00,0.00,55,2,48,13,0,0,0,0,0,23,40,57,56,0,28,89,12,12,0,0,12,15,N/A,N/A
Martin Jose,22,1049529600,2003/04/05,PrvaLiga,2025/2026,Midfielder,Domžale,8,0,8,Ukraine,1,0,1,0,0,0,0,0,0,0,0,0,0,0,1,0,1,0,0,0,0,0,0,0,0,11.25,8,8,0,0,0,-1,-1,-1,15,0,2.12,0,49,0.00,0.00,16,0,0.00,0,16,0.00,16,0.00,0.00,0.00,0,0.00,0.00,0.00,0.00,0,0.00,0.00,0.00,0.00,0.00,0.00,0.00,0.33,0.00,0.00,0.00,0.00,0.00,0.00,0.00,0.00,0.00,0.00,0.00,0,0,,0,0.00,36,0,0.00,55,0,0.00,43,0,1,0,60,0.00,99,0,0,0.00,29,0,55,0.00,43,0,0.00,99,0,0.00,0,0,0.00,0,0.00,42,0,0.00,32,0,0.00,0.00,0,0.00,0,0,0,0.00,0,1,0.00,7,11.25,99,N/A,N/A,N/A,N/A,0.00,0,0.00,0,0.00,0.00,0,0.00,0.00,55,99,0.00,0.00,0,35,35,0,0,0,0.00,0.00,0,60,6.37,0.00,0.00,0,0,0.00,0.00,99,0.00,0,0,0,0.00,0.00,0,0.00,0.00,0.00,0.00,0,0,0.00,57,0,0,40,0,0.00,16,0.00,0.00,0.00,27,0.00,0.00,26,0,0.00,0.00,0.00,0.00,26,0,0.00,26,1,36,91,0,76,33,0,0.00,99,0,0.00,0.00,0.00,0.00,0,0,19,17,0.00,0.00,0.00,0,0.00,99,0,0.00,0,0.00,99,0,0.00,0.00,55,0,38,13,0,0,0,0,0,23,40,57,56,0,22,4,12,12,0,0,12,87,0,0
Martin Pečar,23,1025852400,2002/07/05,PrvaLiga,2025/2026,Forward,Bravo,1878,912,966,Slovenia,25,12,13,6,3,3,5,1,4,0,0,5,3,2,37,17,20,1,0,0.53,0.24,0.29,0.3,0.28,313,1.77,51,75,1878,376,0.05,44,28,-1,2,66000,6.57,0.2,88,5.83,4.92,47,118,3.62,87,33,4.30,45,0.00,0.00,0.29,7,0.00,0.46,0.00,0.00,0,0.00,0.25,0.00,0.00,0.00,0.04,0.71,1.42,2.67,0.79,0.38,0.79,0.00,0.29,0.20,0.00,0.08,0.00,0.00,0,0,,16,0.67,92,7,0.35,90,9,0.44,89,2,1,24,60,0.00,99,0,1,0.05,30,11,58,0.54,81,0,0.00,99,0,0.00,0,0,0.00,0,0.35,88,19,0.94,85,17,0.84,89.47,0,0.00,0,0,0,0.00,0,34,0.00,19,1.68,53,N/A,N/A,N/A,N/A,0.00,0,0.00,0,4.92,0.00,0,73.73,43.75,76,99,0.00,0.00,0,90,73,0,0,0,0.00,0.00,0,60,157.65,0.00,0.00,0,0,0.00,0.00,99,0.00,0,0,0,0.00,0.00,0,0.00,0.00,0.05,0.04,1,0,37.50,70,89,99,61,20,3.32,90,0.14,0.16,4.92,89,0.20,0.24,79,11,0.46,0.54,0.15,0.12,38,3,0.24,85,98,36,91,0,81,44,0,0.00,99,2,0.00,0.10,3.46,2.92,70,41,82,59,2.02,1.71,58.57,6,0.30,17,0,18.18,0,0.00,99,2,0.08,0.10,65,97,38,60,0,1,0,4,0,82,80,79,80,0,88,60,98,14,1,4,16,10,N/A,N/A
Marwann Nzuzi,21,1084690800,2004/05/16,PrvaLiga,2025/2026,Midfielder,Bravo,1627,901,726,France,20,11,9,0,0,0,1,0,1,0,0,4,2,2,35,19,16,6,0,0.06,0.06,0,0,0,0,1.94,46,81,271,1627,0.33,135,91,-1,22,36000,5.77,0.05,56,5.53,5.00,45,90,3.72,67,35,4.11,42,0.00,0.00,0.11,2,0.00,0.50,0.18,0.17,3,0.00,0.06,0.00,0.00,0.00,0.56,0.22,1.83,0.00,0.12,0.11,0.33,0.00,0.00,0.01,0.00,0.06,0.00,0.00,0,0,,2,0.11,51,0,0.00,55,2,0.12,58,2,1,19,88,0.00,99,0,10,0.61,88,9,71,0.55,82,0,0.00,99,0,0.00,0,0,0.00,0,0.12,57,6,0.37,63,4,0.25,66.67,0,0.00,0,0,0,0.00,0,33,0.00,9,2.03,84,N/A,N/A,N/A,N/A,0.00,0,0.00,0,0.09,0.00,0,74.44,0.00,55,99,0.00,0.00,0,61,56,0,0,0,0.06,0.06,1,67,103.92,0.44,0.49,8,1,0.00,0.06,3,0.06,0,0,0,0.00,0.00,0,0.00,0.00,0.00,0.00,0,0,0.00,57,79,67,40,9,0.21,26,0.01,0.01,0.09,36,0.01,0.01,48,3,0.17,0.18,0.49,0.44,78,8,0.01,35,76,83,91,0,76,38,0,0.00,99,1,0.00,0.06,2.89,2.61,47,13,41,50,0.80,0.72,27.66,1,0.06,54,0,33.33,0,0.00,99,3,0.17,0.18,76,81,38,60,0,0,0,0,0,30,40,57,56,0,58,60,33,80,6,30,90,68,N/A,N/A
Matej Dvoršak,56,N/A,N/A,PrvaLiga,2025/2026,Defender,Radomlje,0,0,0,Slovenia,0,0,0,0,0,0,0,0,0,0,0,0,0,0,0,0,0,0,0,0,0,0,0,0,0,0,0,0,0,0,0,-1,-1,-1,20,N/A,N/A,N/A,N/A,N/A,N/A,N/A,N/A,N/A,N/A,N/A,N/A,N/A,N/A,N/A,N/A,N/A,N/A,N/A,N/A,N/A,N/A,N/A,N/A,N/A,N/A,N/A,N/A,N/A,N/A,N/A,N/A,N/A,N/A,N/A,N/A,N/A,N/A,N/A,N/A,N/A,N/A,N/A,N/A,N/A,N/A,N/A,N/A,N/A,N/A,N/A,N/A,N/A,N/A,N/A,N/A,N/A,N/A,N/A,N/A,N/A,N/A,N/A,N/A,N/A,N/A,N/A,N/A,N/A,N/A,N/A,N/A,N/A,N/A,N/A,N/A,N/A,N/A,N/A,N/A,N/A,N/A,N/A,N/A,N/A,N/A,N/A,N/A,N/A,N/A,N/A,N/A,N/A,N/A,N/A,N/A,N/A,N/A,N/A,N/A,N/A,N/A,N/A,N/A,N/A,N/A,N/A,N/A,N/A,N/A,N/A,N/A,N/A,N/A,N/A,N/A,N/A,N/A,N/A,N/A,N/A,N/A,N/A,N/A,N/A,N/A,N/A,N/A,N/A,N/A,N/A,N/A,N/A,N/A,N/A,N/A,N/A,N/A,N/A,N/A,N/A,N/A,N/A,N/A,N/A,N/A,N/A,N/A,N/A,N/A,N/A,N/A,N/A,N/A,N/A,N/A,N/A,N/A,N/A,N/A,N/A,N/A,N/A,N/A,N/A,N/A,N/A,N/A,N/A,N/A,N/A,N/A,N/A,N/A,N/A,N/A,N/A,N/A,N/A,N/A,N/A,N/A,N/A,N/A,N/A,N/A,N/A,N/A,N/A,N/A,N/A,N/A,N/A,N/A,N/A,N/A,N/A,N/A,N/A,N/A,N/A,N/A,N/A,N/A,N/A,N/A,N/A,N/A,N/A,N/A,N/A,N/A,N/A,N/A,N/A,N/A,N/A,N/A,N/A,N/A,N/A,N/A,N/A,N/A
Matej Henjak,56,N/A,N/A,PrvaLiga,2025/2026,Defender,Olimpija,0,0,0,,0,0,0,0,0,0,0,0,0,0,0,0,0,0,0,0,0,0,0,0,0,0,0,0,0,0,0,0,0,0,0,-1,-1,-1,-1,N/A,N/A,N/A,N/A,N/A,N/A,N/A,N/A,N/A,N/A,N/A,N/A,N/A,N/A,N/A,N/A,N/A,N/A,N/A,N/A,N/A,N/A,N/A,N/A,N/A,N/A,N/A,N/A,N/A,N/A,N/A,N/A,N/A,N/A,N/A,N/A,N/A,N/A,N/A,N/A,N/A,N/A,N/A,N/A,N/A,N/A,N/A,N/A,N/A,N/A,N/A,N/A,N/A,N/A,N/A,N/A,N/A,N/A,N/A,N/A,N/A,N/A,N/A,N/A,N/A,N/A,N/A,N/A,N/A,N/A,N/A,N/A,N/A,N/A,N/A,N/A,N/A,N/A,N/A,N/A,N/A,N/A,N/A,N/A,N/A,N/A,N/A,N/A,N/A,N/A,N/A,N/A,N/A,N/A,N/A,N/A,N/A,N/A,N/A,N/A,N/A,N/A,N/A,N/A,N/A,N/A,N/A,N/A,N/A,N/A,N/A,N/A,N/A,N/A,N/A,N/A,N/A,N/A,N/A,N/A,N/A,N/A,N/A,N/A,N/A,N/A,N/A,N/A,N/A,N/A,N/A,N/A,N/A,N/A,N/A,N/A,N/A,N/A,N/A,N/A,N/A,N/A,N/A,N/A,N/A,N/A,N/A,N/A,N/A,N/A,N/A,N/A,N/A,N/A,N/A,N/A,N/A,N/A,N/A,N/A,N/A,N/A,N/A,N/A,N/A,N/A,N/A,N/A,N/A,N/A,N/A,N/A,N/A,N/A,N/A,N/A,N/A,N/A,N/A,N/A,N/A,N/A,N/A,N/A,N/A,N/A,N/A,N/A,N/A,N/A,N/A,N/A,N/A,N/A,N/A,N/A,N/A,N/A,N/A,N/A,N/A,N/A,N/A,N/A,N/A,N/A,N/A,N/A,N/A,N/A,N/A,N/A,N/A,N/A,N/A,N/A,N/A,N/A,N/A,N/A,N/A,N/A,N/A,N/A
Matej Malenšek,20,1117090800,2005/05/26,PrvaLiga,2025/2026,Forward,Radomlje,477,259,218,Slovenia,6,3,3,5,4,1,0,0,0,0,0,1,1,0,7,2,5,1,0,0.94,0,0.94,1.39,0.41,95,1.32,68,80,477,0,0.19,5,135,-1,4,0,6.60,0,49,22.73,20.17,96,121,16.00,96,47,18.04,96,0.00,0.00,0.33,2,0.00,1.00,0.19,0.17,1,0.00,1.17,0.00,0.00,0.00,0.83,1.50,1.17,2.40,2.25,1.17,1.67,0.00,0.83,0.63,0.00,0.83,0.00,0.00,0,0,,12,2.00,99,5,0.94,99,7,1.32,99,3,0,6,89,0.00,99,0,5,0.94,96,6,55,1.13,96,0,0.00,99,0,0.00,0,0,0.00,0,0.38,89,10,1.88,97,9,1.69,90.00,0,0.00,0,0,0,0.00,0,7,0.00,62,1.32,29,N/A,N/A,N/A,N/A,0.00,0,0.00,0,3.79,0.00,0,79.34,41.67,75,99,0.00,0.00,0,99,74,0,0,0,0.00,0.00,0,60,39.60,0.00,0.00,0,0,0.00,0.00,99,0.00,0,0,1,0.17,0.19,0,0.00,0.00,0.94,0.83,5,0,41.67,71,11,4,42,62,0.30,62,0.05,0.06,3.79,99,0.63,0.71,99,12,2.00,2.25,2.07,1.83,99,11,0.71,99,99,36,99,0,99,98,0,0.00,99,5,0.00,0.94,15.97,14.17,85,33,99,99,6.20,5.50,38.82,7,1.32,2,0,0.00,0,0.00,99,0,0.00,0.00,55,23,21,77,0,2,0,33,0,96,98,88,99,0,22,48,64,51,1,17,67,44,0,0
Matej Mamić,24,1010563200,2002/01/09,PrvaLiga,2025/2026,Defender,Radomlje,2117,1164,953,Croatia,24,13,11,1,0,1,5,3,2,0,0,3,1,2,38,23,15,2,0,0.26,0.21,0.04,0,0.09,2117,1.62,56,88,1059,423,0.09,121,39,41,12,42000,5.63,0.21,82,11.14,10.92,73,262,8.79,211,51,8.97,73,0.00,0.00,0.17,4,0.00,0.88,0.09,0.08,2,0.00,0.00,0.00,0.00,0.00,0.25,0.38,1.79,1.00,0.04,0.00,0.42,0.00,0.04,0.03,0.00,0.25,0.00,0.00,0,0,,1,0.04,37,1,0.04,56,0,0.00,43,1,0,24,76,0.00,99,0,6,0.26,58,21,71,0.89,93,0,0.00,99,0,0.00,0,0,0.00,0,0.17,63,10,0.43,66,9,0.38,90.00,0,0.00,0,0,0,0.00,0,43,0.00,35,1.83,71,N/A,N/A,N/A,N/A,0.00,0,0.00,0,0.75,0.00,0,80.53,100.00,99,99,0.00,0.00,0,71,74,0,0,0,0.12,0.13,3,85,135.00,0.21,0.21,5,0,0.00,0.00,99,0.00,0,0,0,0.00,0.00,0,0.00,0.00,0.00,0.00,0,0,100.00,92,97,95,99,39,3.54,89,0.15,0.15,0.75,46,0.03,0.03,29,1,0.04,0.04,0.04,0.04,27,1,0.03,43,68,60,91,0,76,68,0,0.00,99,6,0.00,0.26,1.79,1.75,42,19,42,35,0.81,0.79,45.24,0,0.00,99,0,33.33,0,0.00,99,7,0.29,0.30,91,97,21,38,0,0,0,0,0,64,41,60,56,0,68,30,93,21,2,8,28,12,N/A,N/A
Matej Mavrič,32,759312000,1994/01/23,PrvaLiga,2025/2026,Goalkeeper,NK Primorje,0,0,0,Slovenia,0,0,0,0,0,0,0,0,0,0,0,0,0,0,0,0,0,0,0,0,0,0,0,0,0,0,0,0,0,0,0,-1,-1,-1,-1,N/A,N/A,N/A,N/A,N/A,N/A,N/A,N/A,N/A,N/A,N/A,N/A,N/A,N/A,N/A,N/A,N/A,N/A,N/A,N/A,N/A,N/A,N/A,N/A,N/A,N/A,N/A,N/A,N/A,N/A,N/A,N/A,N/A,N/A,N/A,N/A,N/A,N/A,N/A,N/A,N/A,N/A,N/A,N/A,N/A,N/A,N/A,N/A,N/A,N/A,N/A,N/A,N/A,N/A,N/A,N/A,N/A,N/A,N/A,N/A,N/A,N/A,N/A,N/A,N/A,N/A,N/A,N/A,N/A,N/A,N/A,N/A,N/A,N/A,N/A,N/A,N/A,N/A,N/A,N/A,N/A,N/A,N/A,N/A,N/A,N/A,N/A,N/A,N/A,N/A,N/A,N/A,N/A,N/A,N/A,N/A,N/A,N/A,N/A,N/A,N/A,N/A,N/A,N/A,N/A,N/A,N/A,N/A,N/A,N/A,N/A,N/A,N/A,N/A,N/A,N/A,N/A,N/A,N/A,N/A,N/A,N/A,N/A,N/A,N/A,N/A,N/A,N/A,N/A,N/A,N/A,N/A,N/A,N/A,N/A,N/A,N/A,N/A,N/A,N/A,N/A,N/A,N/A,N/A,N/A,N/A,N/A,N/A,N/A,N/A,N/A,N/A,N/A,N/A,N/A,N/A,N/A,N/A,N/A,N/A,N/A,N/A,N/A,N/A,N/A,N/A,N/A,N/A,N/A,N/A,N/A,N/A,N/A,N/A,N/A,N/A,N/A,N/A,N/A,N/A,N/A,N/A,N/A,N/A,N/A,N/A,N/A,N/A,N/A,N/A,N/A,N/A,N/A,N/A,N/A,N/A,N/A,N/A,N/A,N/A,N/A,N/A,N/A,N/A,N/A,N/A,N/A,N/A,N/A,N/A,N/A,N/A,N/A,N/A,N/A,N/A,N/A,N/A,N/A,N/A,N/A,N/A,N/A,N/A
Matej Poplatnik,33,711183600,1992/07/15,PrvaLiga,2025/2026,Forward,Celje,619,232,387,Slovenia,19,8,11,5,3,2,0,0,0,0,0,6,3,3,6,2,4,0,0,0.73,0,0.73,1.16,0.47,124,0.87,103,33,0,0,0,10,186,-1,4,0,3.95,0,49,3.49,1.12,30,28,0.92,23,58,2.87,32,0.00,0.00,0.04,1,0.00,0.00,0.12,0.04,1,0.00,0.00,0.00,0.00,0.00,0.00,0.04,0.32,1.00,0.62,0.08,0.08,0.00,0.12,0.14,0.00,0.08,0.00,0.00,0,0,,5,0.20,87,3,0.37,92,2,0.25,79,2,13,6,79,0.00,99,0,0,0.00,29,0,55,0.00,43,0,0.00,99,0,0.00,0,0,0.00,0,0.12,57,2,0.25,56,1,0.12,50.00,0,0.00,0,0,0,0.00,0,8,0.00,90,1.00,11,N/A,N/A,N/A,N/A,0.00,0,0.00,0,3.39,0.00,0,82.14,60.00,89,99,0.00,0.00,0,49,44,0,0,0,0.04,0.12,1,84,98.63,0.00,0.00,0,0,0.00,0.00,99,0.00,0,0,0,0.00,0.00,0,0.00,0.00,0.00,0.00,0,0,100.00,92,21,62,45,90,0.08,26,0.00,0.01,3.39,96,0.14,0.42,38,1,0.04,0.12,0.00,0.00,26,0,0.42,95,18,36,91,0,76,66,0,0.00,99,2,0.00,0.25,2.74,0.88,22,7,46,48,0.87,0.28,31.82,0,0.00,99,0,0.00,0,0.00,99,0,0.00,0.00,55,23,98,60,0,0,0,0,0,93,96,91,97,0,22,77,12,12,0,0,12,-1,0,0
Matej Tadič,18,1185433200,2007/07/26,PrvaLiga,2025/2026,Midfielder,Maribor,9,9,0,Slovenia,1,1,0,0,0,0,0,0,0,0,0,1,1,0,0,0,0,0,0,0,0,0,0,0,0,0,0,9,0,0,0,-1,-1,-1,24,0,0.59,0,49,0.00,0.00,16,0,0.00,0,16,0.00,16,0.00,0.00,0.00,0,0.00,0.00,0.00,0.00,0,0.00,0.00,0.00,0.00,0.00,0.00,0.00,0.00,0.00,0.00,0.00,0.00,0.00,0.00,0.00,0.00,0.00,0.00,0.00,0,0,,0,0.00,36,0,0.00,55,0,0.00,43,0,1,0,60,0.00,99,0,0,0.00,29,0,55,0.00,43,0,0.00,99,0,0.00,0,0,0.00,0,0.00,42,0,0.00,32,0,0.00,0.00,0,0.00,0,0,0,0.00,0,0,0.00,99,0.00,0,N/A,N/A,N/A,N/A,0.00,0,0.00,0,0.00,0.00,0,0.00,0.00,55,99,0.00,0.00,0,35,35,0,0,0,0.00,0.00,0,60,6.50,0.00,0.00,0,0,0.00,0.00,99,0.00,0,0,0,0.00,0.00,0,0.00,0.00,0.00,0.00,0,0,0.00,57,0,0,40,0,0.00,16,0.00,0.00,0.00,27,0.00,0.00,26,0,0.00,0.00,0.00,0.00,26,0,0.00,26,0,36,91,0,76,33,0,0.00,99,0,0.00,0.00,0.00,0.00,0,0,19,17,0.00,0.00,0.00,0,0.00,99,0,0.00,0,0.00,99,0,0.00,0.00,55,0,38,13,0,0,0,0,0,23,40,57,56,0,22,99,12,12,0,0,12,36,0,0
Mateo Aćimović,18,1191567600,2007/10/05,PrvaLiga,2025/2026,Midfielder,Olimpija,387,155,232,Slovenia,7,3,4,0,0,0,0,0,0,0,0,2,1,1,3,1,2,1,0,0,0,0,0,0,0,0.7,129,55,387,0,0.23,172,183,-1,23,12000,1.61,0,49,12.33,2.21,78,53,1.83,44,60,10.23,77,0.00,0.00,0.04,1,0.00,0.04,0.00,0.00,0,0.00,0.25,0.00,0.00,0.00,0.08,0.38,0.12,0.00,1.40,0.17,0.38,0.00,0.08,0.02,0.00,0.04,0.00,0.00,0,0,,6,0.25,99,2,0.47,95,4,0.93,99,8,1,6,60,0.00,99,0,2,0.47,77,1,55,0.23,62,0,0.00,99,0,0.00,0,0,0.00,0,0.23,74,9,2.09,99,9,2.09,100.00,0,0.00,0,0,0,0.00,0,3,0.00,95,0.70,5,N/A,N/A,N/A,N/A,0.00,0,0.00,0,0.48,0.00,0,83.02,33.33,70,99,0.00,0.00,0,99,99,0,0,0,0.00,0.00,0,60,38.56,0.17,0.93,4,0,0.00,0.00,99,0.00,0,0,0,0.00,0.00,0,0.00,0.00,0.00,0.00,0,0,0.00,57,3,10,40,95,0.14,47,0.01,0.03,0.48,70,0.02,0.11,99,8,0.33,1.86,0.47,0.08,74,2,0.11,66,1,94,91,0,76,65,0,0.00,99,1,0.00,0.23,10.23,1.83,44,19,97,97,4.42,0.79,43.18,6,1.40,2,0,0.00,0,0.00,99,0,0.00,0.00,55,23,38,99,0,0,0,0,0,23,40,57,56,0,24,73,52,62,1,14,56,45,N/A,N/A
Matevz Dajcar,24,1012636800,2002/02/02,PrvaLiga,2025/2026,Goalkeeper,Olimpija,1620,810,810,Slovenia,18,9,9,0,0,0,0,0,0,0,0,6,3,3,22,13,9,3,0,0,0,0,0,0,0,1.22,74,90,540,0,0.17,167,210,21,26,36000,4.39,0,49,5.39,3.88,45,97,3.48,87,87,4.83,51,0.00,0.00,0.00,0,0.00,0.00,0.00,0.00,0,0.00,0.00,0.00,0.00,0.68,0.32,0.00,1.60,0.00,0.00,0.00,0.00,0.00,0.00,0.00,0.00,0.04,0.00,0.00,0,0,,0,0.00,36,0,0.00,55,0,0.00,43,0,0,18,60,0.00,99,0,8,0.44,74,0,55,0.00,43,0,0.00,99,0,0.00,0,0,0.00,0,0.00,42,0,0.00,32,0,0.00,0.00,0,0.00,0,17,90,0.94,80,40,0.00,70,2.22,91,N/A,N/A,N/A,N/A,42.50,0,0.00,0,0.00,0.00,0,89.69,0.00,55,99,0.00,0.00,0,35,35,0,0,12,0.00,0.00,0,60,109.83,0.04,0.06,1,0,0.00,0.00,99,0.00,0,0,0,0.00,0.00,0,0.00,0.00,0.00,0.00,0,0,0.00,57,78,56,40,70,0.17,26,0.01,0.01,0.00,27,0.00,0.00,26,0,0.00,0.00,0.00,0.00,26,0,0.00,26,26,41,91,0,76,38,0,0.00,99,1,0.00,0.06,0.06,0.04,1,1,20,19,0.06,0.04,100.00,0,0.00,99,0,0.00,0,0.00,99,0,0.00,0.00,55,77,21,13,0,0,0,0,0,23,40,57,56,0,58,80,69,45,3,17,67,52,N/A,N/A
Matevž Vidovšek,26,941266800,1999/10/30,PrvaLiga,2025/2026,Goalkeeper,Olimpija,630,360,270,Slovenia,7,4,3,0,0,0,0,0,0,0,0,3,2,1,6,4,2,1,0,0,0,0,0,0,0,0.86,105,90,630,0,0.14,138,138,6,16,84000,3.66,0,49,0.00,0.00,16,0,0.00,0,16,0.00,16,0.00,0.00,0.00,0,0.00,0.00,0.00,0.00,0,0.00,0.00,0.00,0.00,0.00,0.00,0.00,0.86,0.00,0.00,0.00,0.00,0.00,0.00,0.00,0.00,0.00,0.00,0.00,0,0,,0,0.00,36,0,0.00,55,0,0.00,43,0,0,7,60,0.00,99,0,0,0.00,29,0,55,0.00,43,0,0.00,99,0,0.00,0,0,0.00,0,0.00,42,0,0.00,32,0,0.00,0.00,0,0.00,0,0,0,0.00,0,6,0.00,91,0.86,7,N/A,N/A,N/A,N/A,0.00,0,0.00,0,0.00,0.00,0,0.00,0.00,55,99,0.00,0.00,0,35,35,0,0,0,0.00,0.00,0,60,25.62,0.00,0.00,0,0,0.00,0.00,99,0.00,0,0,0,0.00,0.00,0,0.00,0.00,0.00,0.00,0,0,0.00,57,23,10,40,91,0.00,16,0.00,0.00,0.00,27,0.00,0.00,26,0,0.00,0.00,0.00,0.00,26,0,0.00,26,15,36,91,0,76,33,0,0.00,99,0,0.00,0.00,0.00,0.00,0,0,19,17,0.00,0.00,0.00,0,0.00,99,0,0.00,0,0.00,99,0,0.00,0.00,55,28,21,13,0,0,0,0,0,23,40,57,56,0,95,95,78,36,1,14,56,26,N/A,N/A
Matic Vrbanec,29,846489600,1996/10/28,PrvaLiga,2025/2026,Midfielder,Aluminij,132,88,44,Slovenia,3,2,1,0,0,0,0,0,0,0,0,0,0,0,0,0,0,0,0,0,0,0,0,0,0,0,0,44,0,0,0,-1,-1,-1,23,0,6.46,0,49,0.00,0.00,16,0,0.00,0,16,0.00,16,0.00,0.00,0.00,0,0.00,0.00,0.00,0.00,0,0.00,0.00,0.00,0.00,0.00,0.00,0.00,0.33,0.00,0.00,0.00,0.00,0.00,0.00,0.00,0.00,0.00,0.00,0.00,0,0,,0,0.00,36,0,0.00,55,0,0.00,43,0,3,0,60,0.00,99,0,0,0.00,29,0,55,0.00,43,0,0.00,99,0,0.00,0,0,0.00,0,0.00,42,0,0.00,32,0,0.00,0.00,0,0.00,0,0,0,0.00,0,1,0.00,99,0.68,4,N/A,N/A,N/A,N/A,0.00,0,0.00,0,0.00,0.00,0,0.00,0.00,55,99,0.00,0.00,0,35,35,0,0,0,0.00,0.00,0,60,19.37,0.00,0.00,0,0,0.00,0.00,99,0.00,0,0,0,0.00,0.00,0,0.00,0.00,0.00,0.00,0,0,0.00,57,0,0,40,0,0.00,16,0.00,0.00,0.00,27,0.00,0.00,26,0,0.00,0.00,0.00,0.00,26,0,0.00,26,96,36,91,0,76,33,0,0.00,99,0,0.00,0.00,0.00,0.00,0,0,19,17,0.00,0.00,0.00,0,0.00,99,0,0.00,0,0.00,99,0,0.00,0.00,55,0,59,13,0,0,0,0,0,23,40,57,56,0,22,4,12,12,0,0,12,13,0,0
Matija Boben,32,762249600,1994/02/26,PrvaLiga,2025/2026,Defender,Mura,628,314,314,Slovenia,8,4,4,0,0,0,0,0,0,0,0,2,1,1,8,3,5,2,0,0,0,0,0,0,0,1.15,79,79,314,0,0.29,127,114,17,21,48000,3.33,0,49,17.63,8.20,91,123,7.53,113,94,16.19,94,0.00,0.00,0.07,1,0.00,0.00,0.00,0.00,0,0.00,0.00,0.00,0.00,0.00,0.27,0.00,0.60,0.00,0.00,0.00,0.00,0.00,0.00,0.00,0.00,0.27,0.00,0.00,0,0,,0,0.00,36,0,0.00,55,0,0.00,43,0,2,6,60,0.00,99,0,4,0.57,86,0,55,0.00,43,0,0.00,99,0,0.00,0,0,0.00,0,0.14,60,0,0.00,32,0,0.00,0.00,0,0.00,0,0,0,0.00,0,9,0.00,75,1.29,27,N/A,N/A,N/A,N/A,0.00,0,0.00,0,0.00,0.00,0,91.87,0.00,55,99,0.00,0.00,0,35,35,0,0,0,0.07,0.14,1,89,50.02,0.40,0.86,6,0,0.00,0.00,99,0.00,0,0,0,0.00,0.00,0,0.00,0.00,0.00,0.00,0,0,0.00,57,22,11,40,76,0.27,53,0.02,0.04,0.00,27,0.00,0.00,26,0,0.00,0.00,0.43,0.20,71,3,0.00,26,10,93,91,0,76,87,0,0.00,99,4,0.00,0.57,3.58,1.67,25,9,62,60,1.29,0.60,36.00,0,0.00,99,0,0.00,0,0.00,99,0,0.00,0.00,55,23,48,13,0,0,0,0,0,23,40,57,56,0,80,71,43,71,2,25,81,42,N/A,N/A
Matjaž Rožman,39,536659200,1987/01/03,PrvaLiga,2025/2026,Goalkeeper,Aluminij,1966,900,1066,Slovenia,22,10,12,0,0,0,0,0,0,0,0,4,2,2,34,16,18,3,1,0,0,0,0,0,0,1.56,58,89,492,0,0.18,123,129,36,35,30000,5.40,0,49,3.69,3.68,32,81,3.18,70,73,3.19,36,0.00,0.00,0.00,0,0.00,0.00,0.00,0.00,0,0.00,0.00,0.00,0.00,0.36,0.32,0.00,2.05,0.00,0.00,0.00,0.00,0.00,0.00,0.00,0.00,0.05,0.00,0.00,0,0,,0,0.00,36,0,0.00,55,0,0.00,43,0,0,22,60,0.00,99,0,7,0.32,62,0,55,0.00,43,0,0.00,99,0,0.00,0,0,0.00,0,0.00,42,0,0.00,32,0,0.00,0.00,0,0.00,0,8,10,0.36,10,45,0.00,44,2.05,85,N/A,N/A,N/A,N/A,17.78,0,0.00,0,0.00,0.00,0,86.42,0.00,55,99,0.00,0.00,0,35,35,0,0,6,0.00,0.00,0,60,118.80,0.18,0.18,4,0,0.00,0.00,99,0.00,0,0,0,0.00,0.00,0,0.00,0.00,0.00,0.00,0,0,0.00,57,92,82,40,46,0.12,26,0.01,0.01,0.00,27,0.00,0.00,30,1,0.05,0.05,0.05,0.05,28,1,0.00,26,56,56,91,0,76,36,0,0.00,99,1,0.00,0.05,0.05,0.05,1,1,20,18,0.05,0.05,100.00,0,0.00,99,0,0.00,0,0.00,99,0,0.00,0.00,55,92,21,13,0,0,0,0,0,23,40,57,56,0,44,53,65,48,2,9,32,22,N/A,N/A
Metod Jurhar,28,881481600,1997/12/07,PrvaLiga,2025/2026,Goalkeeper,Koper,2340,1260,1080,Slovenia,26,14,12,0,0,0,0,0,0,0,0,4,4,0,34,14,20,1,0,0,0,0,0,0,0,1.31,69,90,2340,0,0.04,200,171,25,30,42000,5.35,0,49,5.38,5.38,44,140,4.65,121,74,4.65,48,0.00,0.00,0.00,0,0.00,0.00,0.00,0.00,0,0.00,0.00,0.00,0.00,0.81,0.00,0.04,2.27,0.00,0.00,0.00,0.04,0.00,0.00,0.00,0.00,0.04,0.00,0.00,0,0,,0,0.00,36,0,0.00,55,0,0.00,43,0,0,26,60,0.00,99,0,0,0.00,29,0,55,0.00,43,0,0.00,99,0,0.00,0,0,0.00,0,0.00,42,1,0.04,34,1,0.04,100.00,0,0.00,0,21,50,0.81,60,59,0.00,63,2.27,92,N/A,N/A,N/A,N/A,35.59,0,0.00,0,0.00,0.00,0,86.43,0.00,55,99,0.00,0.00,0,36,99,0,0,7,0.00,0.00,0,60,139.22,0.00,0.00,0,0,0.00,0.00,99,0.00,0,0,0,0.00,0.00,0,0.00,0.00,0.00,0.00,0,0,0.00,57,99,99,40,64,0.25,26,0.01,0.01,0.00,27,0.00,0.00,26,0,0.00,0.00,0.00,0.00,26,0,0.00,26,54,36,91,0,76,34,0,0.00,99,1,0.00,0.04,0.12,0.12,3,3,24,21,0.12,0.12,100.00,0,0.00,99,0,0.00,0,0.00,99,0,0.00,0.00,55,99,21,13,0,0,0,0,0,23,40,57,56,0,68,41,99,13,1,4,16,31,N/A,N/A
Michal Kukučka,23,1018594800,2002/04/12,PrvaLiga,2025/2026,Goalkeeper,Koper,0,0,0,Slovakia,0,0,0,0,0,0,0,0,0,0,0,0,0,0,0,0,0,0,0,0,0,0,0,0,0,0,0,0,0,0,0,-1,-1,-1,-1,N/A,N/A,N/A,N/A,N/A,N/A,N/A,N/A,N/A,N/A,N/A,N/A,N/A,N/A,N/A,N/A,N/A,N/A,N/A,N/A,N/A,N/A,N/A,N/A,N/A,N/A,N/A,N/A,N/A,N/A,N/A,N/A,N/A,N/A,N/A,N/A,N/A,N/A,N/A,N/A,N/A,N/A,N/A,N/A,N/A,N/A,N/A,N/A,N/A,N/A,N/A,N/A,N/A,N/A,N/A,N/A,N/A,N/A,N/A,N/A,N/A,N/A,N/A,N/A,N/A,N/A,N/A,N/A,N/A,N/A,N/A,N/A,N/A,N/A,N/A,N/A,N/A,N/A,N/A,N/A,N/A,N/A,N/A,N/A,N/A,N/A,N/A,N/A,N/A,N/A,N/A,N/A,N/A,N/A,N/A,N/A,N/A,N/A,N/A,N/A,N/A,N/A,N/A,N/A,N/A,N/A,N/A,N/A,N/A,N/A,N/A,N/A,N/A,N/A,N/A,N/A,N/A,N/A,N/A,N/A,N/A,N/A,N/A,N/A,N/A,N/A,N/A,N/A,N/A,N/A,N/A,N/A,N/A,N/A,N/A,N/A,N/A,N/A,N/A,N/A,N/A,N/A,N/A,N/A,N/A,N/A,N/A,N/A,N/A,N/A,N/A,N/A,N/A,N/A,N/A,N/A,N/A,N/A,N/A,N/A,N/A,N/A,N/A,N/A,N/A,N/A,N/A,N/A,N/A,N/A,N/A,N/A,N/A,N/A,N/A,N/A,N/A,N/A,N/A,N/A,N/A,N/A,N/A,N/A,N/A,N/A,N/A,N/A,N/A,N/A,N/A,N/A,N/A,N/A,N/A,N/A,N/A,N/A,N/A,N/A,N/A,N/A,N/A,N/A,N/A,N/A,N/A,N/A,N/A,N/A,N/A,N/A,N/A,N/A,N/A,N/A,N/A,N/A,N/A,N/A,N/A,N/A,N/A,N/A
Miha Dobnikar,28,858758400,1997/03/19,PrvaLiga,2025/2026,Defender,NK Primorje,0,0,0,Slovenia,0,0,0,0,0,0,0,0,0,0,0,0,0,0,0,0,0,0,0,0,0,0,0,0,0,0,0,0,0,0,0,-1,-1,-1,-1,N/A,N/A,N/A,N/A,N/A,N/A,N/A,N/A,N/A,N/A,N/A,N/A,N/A,N/A,N/A,N/A,N/A,N/A,N/A,N/A,N/A,N/A,N/A,N/A,N/A,N/A,N/A,N/A,N/A,N/A,N/A,N/A,N/A,N/A,N/A,N/A,N/A,N/A,N/A,N/A,N/A,N/A,N/A,N/A,N/A,N/A,N/A,N/A,N/A,N/A,N/A,N/A,N/A,N/A,N/A,N/A,N/A,N/A,N/A,N/A,N/A,N/A,N/A,N/A,N/A,N/A,N/A,N/A,N/A,N/A,N/A,N/A,N/A,N/A,N/A,N/A,N/A,N/A,N/A,N/A,N/A,N/A,N/A,N/A,N/A,N/A,N/A,N/A,N/A,N/A,N/A,N/A,N/A,N/A,N/A,N/A,N/A,N/A,N/A,N/A,N/A,N/A,N/A,N/A,N/A,N/A,N/A,N/A,N/A,N/A,N/A,N/A,N/A,N/A,N/A,N/A,N/A,N/A,N/A,N/A,N/A,N/A,N/A,N/A,N/A,N/A,N/A,N/A,N/A,N/A,N/A,N/A,N/A,N/A,N/A,N/A,N/A,N/A,N/A,N/A,N/A,N/A,N/A,N/A,N/A,N/A,N/A,N/A,N/A,N/A,N/A,N/A,N/A,N/A,N/A,N/A,N/A,N/A,N/A,N/A,N/A,N/A,N/A,N/A,N/A,N/A,N/A,N/A,N/A,N/A,N/A,N/A,N/A,N/A,N/A,N/A,N/A,N/A,N/A,N/A,N/A,N/A,N/A,N/A,N/A,N/A,N/A,N/A,N/A,N/A,N/A,N/A,N/A,N/A,N/A,N/A,N/A,N/A,N/A,N/A,N/A,N/A,N/A,N/A,N/A,N/A,N/A,N/A,N/A,N/A,N/A,N/A,N/A,N/A,N/A,N/A,N/A,N/A,N/A,N/A,N/A,N/A,N/A,N/A
Mihael Žaper,27,902818800,1998/08/11,PrvaLiga,2025/2026,Defender,Radomlje,550,314,236,Croatia,7,4,3,1,0,1,0,0,0,0,0,0,0,0,9,5,4,1,0,0.16,0,0.16,0,0.38,550,1.47,61,79,550,0,0.16,71,141,33,6,0,4.52,0,49,0.00,0.00,16,0,0.00,0,16,0.00,16,0.00,0.00,0.00,0,0.00,0.00,0.00,0.00,0,0.00,0.00,0.00,0.00,0.00,0.00,0.00,1.43,0.00,0.00,0.00,0.00,0.00,0.00,0.09,0.00,0.00,0.00,0.00,0,0,,0,0.00,36,0,0.00,55,0,0.00,43,1,1,6,60,0.00,99,0,0,0.00,29,0,55,0.00,43,0,0.00,99,0,0.00,0,0,0.00,0,0.00,42,0,0.00,32,0,0.00,0.00,0,0.00,0,0,0,0.00,0,10,0.00,54,1.64,49,N/A,N/A,N/A,N/A,0.00,0,0.00,0,0.61,0.00,0,0.00,0.00,55,99,0.00,0.00,0,35,35,1,0,0,0.00,0.00,0,60,31.65,0.00,0.00,0,0,0.00,0.00,99,0.00,0,1,0,0.00,0.00,0,0.00,0.00,0.00,0.00,0,0,0.00,57,17,10,74,54,0.00,16,0.00,0.00,-0.09,2,-0.01,-0.01,26,0,0.00,0.00,0.00,0.00,26,0,0.10,64,29,36,91,0,76,33,0,0.00,99,0,0.00,0.00,0.00,0.00,0,0,19,17,0.00,0.00,0.00,0,0.00,99,0,0.00,0,0.00,99,0,0.00,0.00,55,23,38,38,0,0,0,0,0,52,67,86,56,0,22,4,71,42,1,14,56,25,0,0
Miklos Barnabas Tanyi,23,1043308800,2003/01/23,PrvaLiga,2025/2026,Midfielder,Aluminij,136,73,63,Hungary,7,3,4,2,0,2,0,0,0,0,0,0,0,0,4,3,1,0,0,1.32,0,1.32,0,2.86,68,2.65,34,19,0,0,0,-1,-1,-1,6,0,3.23,0,49,11.12,1.38,72,11,0.62,5,16,5.06,53,0.00,0.00,0.00,0,0.00,0.00,0.00,0.00,0,0.00,0.25,0.00,0.00,0.00,0.00,0.12,0.50,1.00,1.01,0.00,0.12,0.00,0.12,0.09,0.00,0.00,0.00,0.00,0,0,,1,0.12,95,1,1.01,99,0,0.00,43,2,6,1,60,0.00,99,0,0,0.00,29,0,55,0.00,43,0,0.00,99,0,0.00,0,0,0.00,0,0.00,42,1,1.01,87,1,1.01,100.00,0,0.00,0,0,0,0.00,0,4,0.00,1,4.04,99,N/A,N/A,N/A,N/A,0.00,0,0.00,0,0.69,0.00,0,45.45,100.00,99,99,0.00,0.00,0,92,99,0,0,0,0.00,0.00,0,60,25.83,0.25,2.02,2,0,0.00,0.00,99,0.00,0,0,0,0.00,0.00,0,0.00,0.00,0.00,0.00,0,0,100.00,92,0,10,40,1,0.01,26,0.00,0.01,0.69,99,0.09,0.70,26,0,0.00,0.00,0.00,0.00,26,0,0.70,98,9,99,91,0,76,33,0,0.00,99,0,0.00,0.00,9.10,1.12,9,3,92,95,3.03,0.38,33.33,2,2.02,0,0,0.00,0,0.00,99,0,0.00,0.00,55,0,79,60,0,0,0,0,0,99,99,99,56,0,22,4,12,12,0,0,12,7,0,0
Milan Šikanjić,26,946886400,2000/01/03,PrvaLiga,2025/2026,Forward,Koper,31,22,9,Bosnia and Herzegovina,3,1,2,0,0,0,0,0,0,0,0,0,0,0,2,2,0,0,0,0,0,0,0,0,0,5.81,16,10,0,0,0,-1,-1,-1,17,0,1.08,0,49,0.00,0.00,16,0,0.00,0,16,0.00,16,0.00,0.00,0.00,0,0.00,0.00,0.00,0.00,0,0.00,0.00,0.00,0.00,0.00,0.00,0.00,0.17,0.00,0.00,0.00,0.00,0.00,0.00,0.00,0.00,0.00,0.00,0.00,0,0,,0,0.00,36,0,0.00,55,0,0.00,43,0,3,0,60,0.00,99,0,0,0.00,29,0,55,0.00,43,0,0.00,99,0,0.00,0,0,0.00,0,0.00,42,0,0.00,32,0,0.00,0.00,0,0.00,0,0,0,0.00,0,1,0.00,0,9.00,99,N/A,N/A,N/A,N/A,0.00,0,0.00,0,0.00,0.00,0,0.00,0.00,55,99,0.00,0.00,0,35,35,0,0,0,0.00,0.00,0,60,6.46,0.00,0.00,0,0,0.00,0.00,99,0.00,0,0,0,0.00,0.00,0,0.00,0.00,0.00,0.00,0,0,0.00,57,0,0,40,0,0.00,16,0.00,0.00,0.00,27,0.00,0.00,26,0,0.00,0.00,0.00,0.00,26,0,0.00,26,0,36,91,0,76,33,0,0.00,99,0,0.00,0.00,0.00,0.00,0,0,19,17,0.00,0.00,0.00,0,0.00,99,0,0.00,0,0.00,99,0,0.00,0.00,55,0,59,13,0,0,0,0,0,23,40,57,56,0,22,4,12,12,0,0,12,8,0,0
Mile Parmać,56,N/A,N/A,PrvaLiga,2025/2026,Midfielder,NK Primorje,0,0,0,Croatia,0,0,0,0,0,0,0,0,0,0,0,0,0,0,0,0,0,0,0,0,0,0,0,0,0,0,0,0,0,0,0,-1,-1,-1,-1,N/A,N/A,N/A,N/A,N/A,N/A,N/A,N/A,N/A,N/A,N/A,N/A,N/A,N/A,N/A,N/A,N/A,N/A,N/A,N/A,N/A,N/A,N/A,N/A,N/A,N/A,N/A,N/A,N/A,N/A,N/A,N/A,N/A,N/A,N/A,N/A,N/A,N/A,N/A,N/A,N/A,N/A,N/A,N/A,N/A,N/A,N/A,N/A,N/A,N/A,N/A,N/A,N/A,N/A,N/A,N/A,N/A,N/A,N/A,N/A,N/A,N/A,N/A,N/A,N/A,N/A,N/A,N/A,N/A,N/A,N/A,N/A,N/A,N/A,N/A,N/A,N/A,N/A,N/A,N/A,N/A,N/A,N/A,N/A,N/A,N/A,N/A,N/A,N/A,N/A,N/A,N/A,N/A,N/A,N/A,N/A,N/A,N/A,N/A,N/A,N/A,N/A,N/A,N/A,N/A,N/A,N/A,N/A,N/A,N/A,N/A,N/A,N/A,N/A,N/A,N/A,N/A,N/A,N/A,N/A,N/A,N/A,N/A,N/A,N/A,N/A,N/A,N/A,N/A,N/A,N/A,N/A,N/A,N/A,N/A,N/A,N/A,N/A,N/A,N/A,N/A,N/A,N/A,N/A,N/A,N/A,N/A,N/A,N/A,N/A,N/A,N/A,N/A,N/A,N/A,N/A,N/A,N/A,N/A,N/A,N/A,N/A,N/A,N/A,N/A,N/A,N/A,N/A,N/A,N/A,N/A,N/A,N/A,N/A,N/A,N/A,N/A,N/A,N/A,N/A,N/A,N/A,N/A,N/A,N/A,N/A,N/A,N/A,N/A,N/A,N/A,N/A,N/A,N/A,N/A,N/A,N/A,N/A,N/A,N/A,N/A,N/A,N/A,N/A,N/A,N/A,N/A,N/A,N/A,N/A,N/A,N/A,N/A,N/A,N/A,N/A,N/A,N/A,N/A,N/A,N/A,N/A,N/A,N/A
Miljan Pantić,56,N/A,N/A,PrvaLiga,2025/2026,Defender,Olimpija,74,74,0,Bosnia and Herzegovina,1,1,0,0,0,0,0,0,0,0,0,0,0,0,0,0,0,1,0,0,0,0,0,0,0,0,0,74,74,0,1.22,-1,-1,-1,17,0,0.00,0,49,0.00,0.00,16,0,0.00,0,16,0.00,16,0.00,0.00,0.00,0,0.00,0.00,0.00,0.00,0,0.00,0.00,0.00,0.00,0.00,0.00,0.00,0.00,0.00,0.00,0.00,0.00,0.00,0.00,0.00,0.00,0.00,0.00,0.00,0,0,,0,0.00,36,0,0.00,55,0,0.00,43,6,0,1,60,0.00,99,0,0,0.00,29,0,55,0.00,43,0,0.00,99,0,0.00,0,0,0.00,0,0.00,42,0,0.00,32,0,0.00,0.00,0,0.00,0,0,0,0.00,0,0,0.00,99,0.00,0,N/A,N/A,N/A,N/A,0.00,0,0.00,0,0.00,0.00,0,0.00,0.00,55,99,0.00,0.00,0,35,35,0,0,0,0.00,0.00,0,60,0.00,0.00,0.00,0,0,0.00,0.00,99,0.00,0,0,0,0.00,0.00,0,0.00,0.00,0.00,0.00,0,0,0.00,57,0,0,40,0,0.00,16,0.00,0.00,0.00,27,0.00,0.00,26,0,0.00,0.00,0.00,0.00,26,0,0.00,26,0,36,91,0,76,33,0,0.00,99,0,0.00,0.00,0.00,0.00,0,0,19,17,0.00,0.00,0.00,0,0.00,99,0,0.00,0,0.00,99,0,0.00,0.00,55,0,21,95,0,0,0,0,0,23,40,57,56,0,22,4,12,99,1,100,99,53,0,0
Milot Avdyli,23,1027839600,2002/07/28,PrvaLiga,2025/2026,Midfielder,Celje,807,302,505,Kosovo,17,6,11,0,0,0,5,2,3,0,0,7,2,5,6,2,4,2,0,0.56,0.56,0,0,0,0,0.67,135,47,404,161,0.22,165,2,-1,25,36000,4.13,0.29,99,5.93,2.12,48,53,1.84,46,76,5.14,54,0.00,0.00,0.12,3,0.00,0.12,0.11,0.04,1,0.00,0.12,0.00,0.00,0.00,0.04,0.20,0.32,0.00,0.00,0.00,0.20,0.00,0.00,0.00,0.00,0.00,0.00,0.00,0,0,,0,0.00,36,0,0.00,55,0,0.00,43,5,8,9,78,0.00,99,0,1,0.11,39,3,93,0.34,70,0,0.00,99,0,0.00,0,0,0.00,0,0.34,86,5,0.56,76,5,0.56,100.00,0,0.00,0,0,0,0.00,0,8,0.00,97,0.89,8,N/A,N/A,N/A,N/A,0.00,0,0.00,0,0.00,0.00,0,86.79,0.00,55,99,0.00,0.00,0,82,99,0,0,0,0.00,0.00,0,60,103.22,0.00,0.00,0,0,0.00,0.00,99,0.00,0,0,0,0.00,0.00,0,0.00,0.00,0.11,0.04,1,1,0.00,57,33,49,40,97,1.80,92,0.07,0.20,0.00,27,0.00,0.00,81,5,0.20,0.56,0.56,0.20,82,5,0.00,26,22,36,91,0,90,33,0,0.00,99,0,0.00,0.00,4.02,1.44,36,12,65,66,1.34,0.48,33.33,3,0.34,12,0,66.67,0,0.00,99,2,0.08,0.22,81,34,86,92,0,0,0,0,0,86,40,57,56,0,58,91,54,59,2,12,47,11,N/A,N/A
Mirko Mutavčić,25,980755200,2001/01/29,PrvaLiga,2025/2026,Midfielder,NK Primorje,465,219,246,Slovenia,10,5,5,0,0,0,0,0,0,0,0,2,1,1,13,4,9,1,0,0,0,0,0,0,0,2.52,36,47,465,0,0.19,199,130,-1,20,24500,2.65,0,49,3.33,0.90,29,19,0.57,12,19,2.11,25,0.00,0.00,0.10,2,0.00,0.29,0.00,0.00,0,0.00,0.00,0.00,0.00,0.00,0.05,0.05,0.62,0.00,0.00,0.00,0.05,0.00,0.00,0.00,0.00,0.00,0.00,0.00,0,0,,0,0.00,36,0,0.00,55,0,0.00,43,2,5,5,60,0.00,99,0,1,0.18,51,6,71,1.05,94,0,0.00,99,0,0.00,0,0,0.00,0,0.35,88,1,0.18,51,1,0.18,100.00,0,0.00,0,0,0,0.00,0,13,0.00,2,2.28,93,N/A,N/A,N/A,N/A,0.00,0,0.00,0,0.00,0.00,0,63.16,0.00,55,99,0.00,0.00,0,56,99,0,0,0,0.05,0.18,1,92,55.67,0.10,0.35,2,0,0.00,0.00,99,0.00,0,0,0,0.00,0.00,0,0.00,0.00,0.00,0.00,0,0,0.00,57,10,18,40,2,0.09,39,0.00,0.02,0.00,27,0.00,0.00,48,1,0.05,0.18,0.00,0.00,26,0,0.00,26,2,73,91,0,76,33,0,0.00,99,0,0.00,0.00,0.88,0.24,5,2,27,27,0.35,0.10,40.00,0,0.00,99,0,33.33,0,0.00,99,2,0.10,0.35,94,13,73,60,0,0,0,0,0,23,40,57,56,0,35,60,61,51,1,10,36,80,N/A,N/A
Mohamed Bamba,23,1044777600,2003/02/09,PrvaLiga,2025/2026,Midfielder,Maribor,442,226,216,France,7,3,4,0,0,0,1,1,0,0,0,1,0,1,6,5,1,1,0,0.2,0.2,0,0,0,0,1.22,74,63,442,442,0.2,182,41,-1,19,48000,4.07,0.14,81,29.59,13.18,98,145,11.09,122,65,24.90,98,0.00,0.00,0.09,1,0.00,0.00,0.41,0.18,2,0.00,0.09,0.00,0.00,0.00,1.45,0.36,0.55,0.00,0.41,0.09,0.45,0.00,0.09,0.01,0.00,0.64,0.00,0.00,0,0,,2,0.18,78,1,0.20,83,1,0.20,71,2,2,5,96,0.00,99,0,16,3.27,99,0,55,0.00,43,0,0.00,99,0,0.00,0,0,0.00,0,0.20,69,5,1.02,88,4,0.82,80.00,0,0.00,0,0,0,0.00,0,6,0.00,70,1.22,24,N/A,N/A,N/A,N/A,0.00,0,0.00,0,0.16,0.00,0,84.14,50.00,85,99,0.00,0.00,0,89,67,0,0,0,0.00,0.00,0,60,44.74,0.82,1.84,9,0,0.00,0.00,99,0.00,0,0,0,0.00,0.00,0,0.00,0.00,0.00,0.00,0,0,0.00,57,7,10,40,70,0.88,92,0.08,0.18,0.16,46,0.01,0.03,91,4,0.36,0.82,2.04,0.91,98,10,0.03,43,21,99,91,0,76,99,0,0.00,99,7,0.00,1.43,11.84,5.27,58,18,95,98,3.67,1.64,31.03,1,0.20,27,0,0.00,0,0.00,99,0,0.00,0.00,55,13,48,60,0,0,0,0,0,59,40,57,56,0,80,38,58,55,1,14,56,41,N/A,N/A
Muhamed Šahinović,22,1064905200,2003/09/30,PrvaLiga,2025/2026,Midfielder,Koper,0,0,0,Bosnia and Herzegovina,0,0,0,0,0,0,0,0,0,0,0,0,0,0,0,0,0,0,0,0,0,0,0,0,0,0,0,0,0,0,0,-1,-1,-1,-1,N/A,N/A,N/A,N/A,N/A,N/A,N/A,N/A,N/A,N/A,N/A,N/A,N/A,N/A,N/A,N/A,N/A,N/A,N/A,N/A,N/A,N/A,N/A,N/A,N/A,N/A,N/A,N/A,N/A,N/A,N/A,N/A,N/A,N/A,N/A,N/A,N/A,N/A,N/A,N/A,N/A,N/A,N/A,N/A,N/A,N/A,N/A,N/A,N/A,N/A,N/A,N/A,N/A,N/A,N/A,N/A,N/A,N/A,N/A,N/A,N/A,N/A,N/A,N/A,N/A,N/A,N/A,N/A,N/A,N/A,N/A,N/A,N/A,N/A,N/A,N/A,N/A,N/A,N/A,N/A,N/A,N/A,N/A,N/A,N/A,N/A,N/A,N/A,N/A,N/A,N/A,N/A,N/A,N/A,N/A,N/A,N/A,N/A,N/A,N/A,N/A,N/A,N/A,N/A,N/A,N/A,N/A,N/A,N/A,N/A,N/A,N/A,N/A,N/A,N/A,N/A,N/A,N/A,N/A,N/A,N/A,N/A,N/A,N/A,N/A,N/A,N/A,N/A,N/A,N/A,N/A,N/A,N/A,N/A,N/A,N/A,N/A,N/A,N/A,N/A,N/A,N/A,N/A,N/A,N/A,N/A,N/A,N/A,N/A,N/A,N/A,N/A,N/A,N/A,N/A,N/A,N/A,N/A,N/A,N/A,N/A,N/A,N/A,N/A,N/A,N/A,N/A,N/A,N/A,N/A,N/A,N/A,N/A,N/A,N/A,N/A,N/A,N/A,N/A,N/A,N/A,N/A,N/A,N/A,N/A,N/A,N/A,N/A,N/A,N/A,N/A,N/A,N/A,N/A,N/A,N/A,N/A,N/A,N/A,N/A,N/A,N/A,N/A,N/A,N/A,N/A,N/A,N/A,N/A,N/A,N/A,N/A,N/A,N/A,N/A,N/A,N/A,N/A,N/A,N/A,N/A,N/A,N/A,N/A
Nal Lan Koren,19,1150873200,2006/06/21,PrvaLiga,2025/2026,Midfielder,Aluminij,297,54,243,Slovenia,9,3,6,0,0,0,0,0,0,0,0,1,0,1,5,2,3,1,0,0,0,0,0,0,0,1.52,59,33,297,0,0.3,126,128,-1,33,12000,1.85,0,49,5.11,0.76,42,16,0.43,9,17,2.87,32,0.00,0.00,0.05,1,0.00,0.00,0.64,0.10,2,0.00,0.10,0.00,0.00,0.00,0.00,0.05,0.14,0.00,0.32,0.05,0.10,0.00,0.00,0.00,0.00,0.00,0.00,0.00,0,0,,1,0.05,71,0,0.00,55,1,0.32,84,1,6,3,99,0.00,99,0,0,0.00,29,0,55,0.00,43,0,0.00,99,0,0.00,0,0,0.00,0,0.32,82,2,0.64,78,1,0.32,50.00,0,0.00,0,0,0,0.00,0,3,0.00,48,0.96,10,N/A,N/A,N/A,N/A,0.00,0,0.00,0,0.04,0.00,0,56.25,0.00,55,99,0.00,0.00,0,66,44,0,0,0,0.00,0.00,0,60,38.88,0.10,0.64,2,0,0.00,0.00,99,0.00,0,0,0,0.00,0.00,0,0.00,0.00,0.32,0.05,1,0,0.00,57,0,15,40,48,0.05,39,0.00,0.02,0.04,36,0.00,0.01,64,1,0.05,0.32,0.64,0.10,85,2,0.01,35,1,88,91,0,96,33,0,0.00,99,0,0.00,0.00,4.79,0.71,15,5,72,78,1.60,0.24,33.33,2,0.64,4,0,0.00,0,0.00,99,0,0.00,0.00,55,2,79,38,0,0,0,0,0,23,40,57,56,0,24,17,40,72,1,11,41,90,N/A,N/A
Nejc Ajhmajer,22,1050994800,2003/04/22,PrvaLiga,2025/2026,Midfielder,Mura,1192,427,765,Slovenia,22,10,12,0,0,0,0,0,0,0,0,3,2,1,24,7,17,2,1,0,0,0,0,0,0,1.81,50,54,397,0,0.23,181,176,-1,27,34000,4.89,0,49,5.23,2.91,42,67,2.30,53,46,4.14,43,0.00,0.00,0.04,1,0.00,0.26,0.47,0.26,6,0.00,0.09,0.00,0.00,0.00,0.00,0.13,1.09,0.00,0.16,0.09,0.13,0.00,0.00,0.00,0.00,0.13,0.00,0.00,0,0,,2,0.09,56,0,0.00,55,2,0.16,66,3,10,12,97,0.00,99,0,0,0.00,29,6,71,0.47,77,0,0.00,99,0,0.00,0,0,0.00,0,0.08,52,3,0.23,54,3,0.23,100.00,0,0.00,0,0,0,0.00,0,25,0.00,16,1.95,80,N/A,N/A,N/A,N/A,0.00,0,0.00,0,0.11,0.00,0,79.10,0.00,55,99,0.00,0.00,0,58,99,0,0,0,0.00,0.00,0,60,112.55,0.13,0.23,3,0,0.00,0.00,99,0.00,0,0,0,0.00,0.00,0,0.00,0.00,0.00,0.00,0,0,0.00,57,56,82,40,17,0.13,26,0.01,0.01,0.11,36,0.00,0.01,77,6,0.26,0.47,0.62,0.35,84,8,0.01,35,37,62,91,0,76,65,0,0.00,99,3,0.00,0.23,4.38,2.43,56,16,59,73,1.25,0.70,28.57,2,0.16,35,0,33.33,0,0.00,99,2,0.09,0.16,74,48,93,77,0,0,0,0,0,23,40,57,56,0,48,38,53,62,1,5,19,22,N/A,N/A
Nejc Antonič,56,N/A,N/A,PrvaLiga,2025/2026,Goalkeeper,Mura,0,0,0,Slovenia,0,0,0,0,0,0,0,0,0,0,0,0,0,0,0,0,0,0,0,0,0,0,0,0,0,0,0,0,0,0,0,-1,-1,-1,24,N/A,N/A,N/A,N/A,N/A,N/A,N/A,N/A,N/A,N/A,N/A,N/A,N/A,N/A,N/A,N/A,N/A,N/A,N/A,N/A,N/A,N/A,N/A,N/A,N/A,N/A,N/A,N/A,N/A,N/A,N/A,N/A,N/A,N/A,N/A,N/A,N/A,N/A,N/A,N/A,N/A,N/A,N/A,N/A,N/A,N/A,N/A,N/A,N/A,N/A,N/A,N/A,N/A,N/A,N/A,N/A,N/A,N/A,N/A,N/A,N/A,N/A,N/A,N/A,N/A,N/A,N/A,N/A,N/A,N/A,N/A,N/A,N/A,N/A,N/A,N/A,N/A,N/A,N/A,N/A,N/A,N/A,N/A,N/A,N/A,N/A,N/A,N/A,N/A,N/A,N/A,N/A,N/A,N/A,N/A,N/A,N/A,N/A,N/A,N/A,N/A,N/A,N/A,N/A,N/A,N/A,N/A,N/A,N/A,N/A,N/A,N/A,N/A,N/A,N/A,N/A,N/A,N/A,N/A,N/A,N/A,N/A,N/A,N/A,N/A,N/A,N/A,N/A,N/A,N/A,N/A,N/A,N/A,N/A,N/A,N/A,N/A,N/A,N/A,N/A,N/A,N/A,N/A,N/A,N/A,N/A,N/A,N/A,N/A,N/A,N/A,N/A,N/A,N/A,N/A,N/A,N/A,N/A,N/A,N/A,N/A,N/A,N/A,N/A,N/A,N/A,N/A,N/A,N/A,N/A,N/A,N/A,N/A,N/A,N/A,N/A,N/A,N/A,N/A,N/A,N/A,N/A,N/A,N/A,N/A,N/A,N/A,N/A,N/A,N/A,N/A,N/A,N/A,N/A,N/A,N/A,N/A,N/A,N/A,N/A,N/A,N/A,N/A,N/A,N/A,N/A,N/A,N/A,N/A,N/A,N/A,N/A,N/A,N/A,N/A,N/A,N/A,N/A,N/A,N/A,N/A,N/A,N/A,N/A
Nejc Dermastija,22,1077264000,2004/02/20,PrvaLiga,2025/2026,Goalkeeper,Mura,1620,720,900,Slovenia,18,8,10,0,0,0,0,0,0,0,0,2,1,1,30,10,20,2,0,0,0,0,0,0,0,1.67,54,90,810,0,0.11,180,175,47,28,32000,4.05,0,49,0.00,0.00,16,0,0.00,0,16,0.00,16,0.00,0.00,0.00,0,0.00,0.00,0.00,0.00,0,0.00,0.00,0.00,0.00,0.00,0.00,0.00,1.32,0.00,0.00,0.00,0.00,0.00,0.00,0.00,0.00,0.00,0.00,0.00,0,0,,0,0.00,36,0,0.00,55,0,0.00,43,0,0,18,60,0.00,99,0,0,0.00,29,0,55,0.00,43,0,0.00,99,0,0.00,0,0,0.00,0,0.00,42,0,0.00,32,0,0.00,0.00,0,0.00,0,0,0,0.00,0,33,0.00,29,1.83,71,N/A,N/A,N/A,N/A,0.00,0,0.00,0,0.00,0.00,0,0.00,0.00,55,99,0.00,0.00,0,35,35,0,0,0,0.00,0.00,0,60,101.31,0.00,0.00,0,0,0.00,0.00,99,0.00,0,0,0,0.00,0.00,0,0.00,0.00,0.00,0.00,0,0,0.00,57,78,56,40,30,0.00,16,0.00,0.00,0.00,27,0.00,0.00,26,0,0.00,0.00,0.00,0.00,26,0,0.00,26,20,36,91,0,76,33,0,0.00,99,0,0.00,0.00,0.00,0.00,0,0,19,17,0.00,0.00,0.00,0,0.00,99,0,0.00,0,0.00,99,0,0.00,0.00,55,77,21,13,0,0,0,0,0,23,40,57,56,0,47,17,86,29,2,11,41,1,N/A,N/A
Nejc Viher,56,N/A,N/A,PrvaLiga,2025/2026,Midfielder,Maribor,1657,920,737,Slovenia,24,14,10,2,2,0,0,0,0,0,0,9,6,3,21,12,9,3,0,0.11,0,0.11,0.2,0,829,1.14,79,69,552,0,0.16,88,180,-1,11,12000,5.88,0,49,6.68,4.92,52,123,4.44,111,88,6.03,56,0.00,0.00,0.12,3,0.00,0.04,0.00,0.00,0,0.00,0.04,0.00,0.00,0.00,0.20,0.04,0.92,1.00,0.11,0.08,0.04,0.00,0.00,0.05,0.00,0.24,0.00,0.00,0,0,,2,0.08,49,0,0.00,55,2,0.11,55,4,6,18,60,0.00,99,0,5,0.27,59,1,99,0.05,45,0,0.00,99,0,0.00,0,0,0.00,0,0.16,62,1,0.05,35,1,0.05,100.00,0,0.00,0,0,0,0.00,0,23,0.00,76,1.25,25,N/A,N/A,N/A,N/A,0.00,0,0.00,0,1.23,0.00,0,90.24,0.00,55,99,0.00,0.00,0,39,99,0,0,0,0.08,0.11,2,81,147.03,0.32,0.43,8,0,0.00,0.00,99,0.00,0,0,0,0.00,0.00,0,0.00,0.00,0.00,0.00,0,0,100.00,92,81,95,82,76,0.33,39,0.01,0.02,1.23,60,0.05,0.07,30,1,0.04,0.05,0.27,0.20,55,5,0.07,57,80,79,91,0,76,73,0,0.00,99,6,0.00,0.33,2.66,1.96,49,16,46,46,0.87,0.64,32.65,1,0.05,57,0,100.00,0,0.00,99,1,0.04,0.05,57,77,79,85,0,0,0,0,0,41,59,57,73,0,24,85,73,42,3,12,47,4,N/A,N/A
Nemanja Jakšić,30,805446000,1995/07/11,PrvaLiga,2025/2026,Defender,Bravo,90,90,0,Serbia,1,1,0,0,0,0,0,0,0,0,0,1,1,0,0,0,0,0,0,0,0,0,0,0,0,0,0,90,0,0,0,-1,-1,-1,23,0,6.50,0,49,43.00,43.00,99,43,32.00,32,34,32.00,99,0.00,0.00,0.00,0,0.00,1.00,0.00,0.00,0,0.00,0.00,0.00,0.00,0.00,2.00,1.00,0.00,0.00,1.00,0.00,3.00,0.00,1.00,0.14,0.00,1.00,0.00,0.00,0,0,,1,1.00,95,1,1.00,99,0,0.00,43,0,0,1,60,0.00,99,0,2,2.00,99,1,99,1.00,94,0,0.00,99,0,0.00,0,0,0.00,0,0.00,42,3,3.00,99,1,1.00,33.33,0,0.00,0,0,0,0.00,0,0,0.00,99,0.00,0,N/A,N/A,N/A,N/A,0.00,0,0.00,0,0.14,0.00,0,74.42,100.00,99,99,0.00,0.00,0,92,36,0,0,0,0.00,0.00,0,60,6.50,1.00,1.00,1,0,0.00,0.00,99,0.00,0,0,0,0.00,0.00,0,0.00,0.00,0.00,0.00,0,0,0.00,57,0,0,40,0,0.06,62,0.06,0.06,0.14,76,0.14,0.14,99,3,3.00,3.00,0.00,0.00,26,0,0.14,72,96,95,91,0,76,98,0,0.00,99,1,0.00,1.00,14.00,14.00,14,9,99,98,9.00,9.00,64.29,0,0.00,99,0,100.00,0,0.00,99,1,1.00,1.00,99,0,21,13,0,0,0,0,0,23,40,57,56,0,22,99,12,12,0,0,12,50,0,0
Nemanja Motika,22,1048147200,2003/03/20,PrvaLiga,2025/2026,Forward,Olimpija,508,264,244,Serbia,13,7,6,1,0,1,0,0,0,0,0,4,2,2,8,6,2,2,0,0.18,0,0.18,0,0.37,508,1.42,64,39,254,0,0.35,61,185,-1,14,72000,3.48,0,49,2.91,1.15,26,15,1.00,13,76,2.52,29,0.00,0.00,0.23,3,0.00,0.00,0.00,0.00,0,0.00,0.08,0.00,0.00,0.00,0.08,0.38,0.54,4.00,0.78,0.23,0.54,0.00,0.08,0.06,0.00,0.00,0.00,0.00,0,0,,4,0.31,92,1,0.19,82,3,0.58,96,7,9,4,60,0.00,99,0,1,0.19,53,0,55,0.00,43,0,0.00,99,0,0.00,0,0,0.00,0,0.58,96,7,1.36,94,5,0.97,71.43,0,0.00,0,0,0,0.00,0,7,0.00,59,1.36,31,N/A,N/A,N/A,N/A,0.00,0,0.00,0,0.83,0.00,0,86.67,25.00,64,99,0.00,0.00,0,91,58,0,1,0,0.00,0.00,0,60,45.18,0.08,0.19,1,0,0.00,0.00,99,0.00,0,1,0,0.00,0.00,0,0.00,0.00,0.00,0.00,0,0,25.00,62,13,26,70,60,0.13,47,0.01,0.03,0.13,46,0.01,0.03,51,1,0.08,0.19,0.39,0.15,67,2,0.16,76,12,58,91,0,76,33,0,0.00,99,0,0.00,0.00,4.07,1.62,21,7,67,67,1.36,0.54,33.33,1,0.19,29,0,0.00,0,0.00,99,0,0.00,0.00,55,7,90,97,0,0,0,0,0,57,72,85,56,0,92,75,31,82,2,15,58,20,N/A,N/A
Nick Perc,22,1054018800,2003/05/27,PrvaLiga,2025/2026,Forward,Domžale,352,153,199,Slovenia,5,2,3,0,0,0,0,0,0,0,0,0,0,0,9,4,5,0,0,0,0,0,0,0,0,2.3,39,70,0,0,0,204,195,-1,26,0,2.85,0,49,22.44,8.00,96,88,6.55,72,57,18.36,96,0.00,0.00,0.55,6,0.00,0.27,0.25,0.09,1,0.00,0.45,0.00,0.00,0.00,0.18,0.55,0.73,0.00,0.76,0.18,1.00,0.00,0.09,0.02,0.00,0.18,0.00,0.00,0,0,,3,0.27,91,1,0.25,86,2,0.51,92,1,1,4,92,0.00,99,0,2,0.51,80,3,55,0.76,91,0,0.00,99,0,0.00,0,0,0.00,0,1.53,99,11,2.80,99,6,1.53,54.55,0,0.00,0,0,0,0.00,0,8,0.00,3,2.04,84,N/A,N/A,N/A,N/A,0.00,0,0.00,0,0.21,0.00,0,81.82,33.33,70,99,0.00,0.00,0,97,45,0,0,0,0.00,0.00,0,60,31.35,0.09,0.25,1,0,0.00,0.00,99,0.00,0,0,0,0.00,0.00,0,0.00,0.00,1.27,0.45,5,0,0.00,57,0,1,40,3,0.41,78,0.04,0.10,0.21,54,0.02,0.05,98,7,0.64,1.78,1.27,0.45,97,5,0.05,51,4,65,91,0,99,85,0,0.00,99,2,0.00,0.51,13.77,4.91,54,16,96,98,4.08,1.45,29.63,5,1.27,2,0,0.00,0,0.00,99,0,0.00,0.00,55,7,38,38,0,0,0,0,0,23,40,57,56,0,22,4,12,12,0,0,12,28,0,0
Nik Belovič,17,1215586800,2008/07/09,PrvaLiga,2025/2026,Midfielder,Maribor,0,0,0,Slovenia,0,0,0,0,0,0,0,0,0,0,0,0,0,0,0,0,0,0,0,0,0,0,0,0,0,0,0,0,0,0,0,-1,-1,-1,-1,N/A,N/A,N/A,N/A,N/A,N/A,N/A,N/A,N/A,N/A,N/A,N/A,N/A,N/A,N/A,N/A,N/A,N/A,N/A,N/A,N/A,N/A,N/A,N/A,N/A,N/A,N/A,N/A,N/A,N/A,N/A,N/A,N/A,N/A,N/A,N/A,N/A,N/A,N/A,N/A,N/A,N/A,N/A,N/A,N/A,N/A,N/A,N/A,N/A,N/A,N/A,N/A,N/A,N/A,N/A,N/A,N/A,N/A,N/A,N/A,N/A,N/A,N/A,N/A,N/A,N/A,N/A,N/A,N/A,N/A,N/A,N/A,N/A,N/A,N/A,N/A,N/A,N/A,N/A,N/A,N/A,N/A,N/A,N/A,N/A,N/A,N/A,N/A,N/A,N/A,N/A,N/A,N/A,N/A,N/A,N/A,N/A,N/A,N/A,N/A,N/A,N/A,N/A,N/A,N/A,N/A,N/A,N/A,N/A,N/A,N/A,N/A,N/A,N/A,N/A,N/A,N/A,N/A,N/A,N/A,N/A,N/A,N/A,N/A,N/A,N/A,N/A,N/A,N/A,N/A,N/A,N/A,N/A,N/A,N/A,N/A,N/A,N/A,N/A,N/A,N/A,N/A,N/A,N/A,N/A,N/A,N/A,N/A,N/A,N/A,N/A,N/A,N/A,N/A,N/A,N/A,N/A,N/A,N/A,N/A,N/A,N/A,N/A,N/A,N/A,N/A,N/A,N/A,N/A,N/A,N/A,N/A,N/A,N/A,N/A,N/A,N/A,N/A,N/A,N/A,N/A,N/A,N/A,N/A,N/A,N/A,N/A,N/A,N/A,N/A,N/A,N/A,N/A,N/A,N/A,N/A,N/A,N/A,N/A,N/A,N/A,N/A,N/A,N/A,N/A,N/A,N/A,N/A,N/A,N/A,N/A,N/A,N/A,N/A,N/A,N/A,N/A,N/A,N/A,N/A,N/A,N/A,N/A,N/A
Nik Jermol,26,934873200,1999/08/17,PrvaLiga,2025/2026,Forward,NK Primorje,1177,651,526,Slovenia,20,11,9,0,0,0,1,1,0,0,0,3,2,1,27,12,15,2,0,0.08,0.08,0,0,0,0,2.06,44,59,589,1177,0.15,195,84,-1,26,28500,4.05,0.05,59,19.32,9.96,94,249,8.12,203,56,15.75,93,0.00,0.00,0.04,1,0.00,0.04,0.39,0.20,5,0.00,0.08,0.00,0.00,0.00,0.56,0.08,1.08,0.00,0.39,0.12,0.20,0.00,0.08,0.02,0.00,0.12,0.00,0.00,0,0,,5,0.20,77,2,0.16,77,3,0.23,76,6,7,13,95,0.00,99,0,14,1.09,97,1,55,0.08,49,0,0.00,99,0,0.00,0,0,0.00,0,0.08,52,5,0.39,65,2,0.16,40.00,0,0.00,0,0,0,0.00,0,27,0.00,5,2.09,89,N/A,N/A,N/A,N/A,0.00,0,0.00,0,0.43,0.00,0,81.53,40.00,73,99,0.00,0.00,0,54,36,0,0,0,0.04,0.08,1,72,101.16,0.32,0.62,8,0,0.00,0.00,99,0.00,0,0,0,0.00,0.00,0,0.00,0.00,0.00,0.00,0,0,0.00,57,54,67,40,6,1.04,70,0.04,0.08,0.43,46,0.02,0.03,63,4,0.16,0.31,0.39,0.20,67,5,0.03,43,20,87,91,0,76,65,0,0.00,99,3,0.00,0.23,5.12,2.64,66,24,78,80,1.86,0.96,36.36,2,0.16,35,0,0.00,0,0.00,99,0,0.00,0.00,55,55,82,95,0,0,0,0,0,33,40,57,56,0,37,41,76,38,2,10,36,21,N/A,N/A
Nik Lorbek,29,829724400,1996/04/17,PrvaLiga,2025/2026,Midfielder,Maribor,0,0,0,Slovenia,0,0,0,0,0,0,0,0,0,0,0,0,0,0,0,0,0,0,0,0,0,0,0,0,0,0,0,0,0,0,0,-1,-1,-1,-1,N/A,N/A,N/A,N/A,N/A,N/A,N/A,N/A,N/A,N/A,N/A,N/A,N/A,N/A,N/A,N/A,N/A,N/A,N/A,N/A,N/A,N/A,N/A,N/A,N/A,N/A,N/A,N/A,N/A,N/A,N/A,N/A,N/A,N/A,N/A,N/A,N/A,N/A,N/A,N/A,N/A,N/A,N/A,N/A,N/A,N/A,N/A,N/A,N/A,N/A,N/A,N/A,N/A,N/A,N/A,N/A,N/A,N/A,N/A,N/A,N/A,N/A,N/A,N/A,N/A,N/A,N/A,N/A,N/A,N/A,N/A,N/A,N/A,N/A,N/A,N/A,N/A,N/A,N/A,N/A,N/A,N/A,N/A,N/A,N/A,N/A,N/A,N/A,N/A,N/A,N/A,N/A,N/A,N/A,N/A,N/A,N/A,N/A,N/A,N/A,N/A,N/A,N/A,N/A,N/A,N/A,N/A,N/A,N/A,N/A,N/A,N/A,N/A,N/A,N/A,N/A,N/A,N/A,N/A,N/A,N/A,N/A,N/A,N/A,N/A,N/A,N/A,N/A,N/A,N/A,N/A,N/A,N/A,N/A,N/A,N/A,N/A,N/A,N/A,N/A,N/A,N/A,N/A,N/A,N/A,N/A,N/A,N/A,N/A,N/A,N/A,N/A,N/A,N/A,N/A,N/A,N/A,N/A,N/A,N/A,N/A,N/A,N/A,N/A,N/A,N/A,N/A,N/A,N/A,N/A,N/A,N/A,N/A,N/A,N/A,N/A,N/A,N/A,N/A,N/A,N/A,N/A,N/A,N/A,N/A,N/A,N/A,N/A,N/A,N/A,N/A,N/A,N/A,N/A,N/A,N/A,N/A,N/A,N/A,N/A,N/A,N/A,N/A,N/A,N/A,N/A,N/A,N/A,N/A,N/A,N/A,N/A,N/A,N/A,N/A,N/A,N/A,N/A,N/A,N/A,N/A,N/A,N/A,N/A
Nik Omladič,36,619686000,1989/08/21,PrvaLiga,2025/2026,Midfielder,Koper,493,214,279,Slovenia,15,8,7,2,2,0,1,1,0,0,0,2,2,0,8,3,5,2,0,0.55,0.18,0.37,0.84,0,247,1.46,62,33,247,493,0.37,31,46,-1,9,36000,3.23,0.07,80,12.24,3.08,77,74,2.62,63,68,10.42,78,0.00,0.00,0.00,0,0.00,0.08,0.50,0.12,3,0.00,0.04,0.00,0.00,0.00,0.21,0.29,0.42,3.00,0.99,0.12,0.33,0.00,0.12,0.07,0.00,0.08,0.00,0.00,0,0,,6,0.25,95,3,0.50,97,3,0.50,92,4,10,5,98,0.00,99,0,5,0.83,95,2,90,0.33,69,0,0.00,99,0,0.00,0,0,0.00,0,0.00,42,8,1.32,92,7,1.16,87.50,0,0.00,0,0,0,0.00,0,10,0.00,55,1.65,51,N/A,N/A,N/A,N/A,0.00,0,0.00,0,1.74,0.00,0,85.14,50.00,85,99,0.00,0.00,0,95,71,1,0,0,0.04,0.17,1,90,77.42,0.08,0.33,2,0,0.00,0.00,99,0.00,0,1,0,0.00,0.00,0,0.00,0.00,0.17,0.04,1,0,33.33,68,11,35,55,56,0.74,83,0.03,0.12,1.04,82,0.04,0.17,84,4,0.17,0.66,0.66,0.17,86,4,0.29,89,9,70,91,0,94,73,0,0.00,99,2,0.00,0.33,7.44,1.88,45,16,90,93,2.65,0.67,35.56,1,0.17,32,0,50.00,0,0.00,99,1,0.04,0.17,76,13,93,85,0,0,0,0,0,85,86,57,95,0,58,30,29,85,2,13,49,21,N/A,N/A
Nikita Iosifov,24,986972400,2001/04/11,PrvaLiga,2025/2026,Forward,Celje,1716,681,1035,Russia,24,10,14,6,1,5,6,0,6,0,0,10,5,5,19,3,16,2,0,0.63,0.31,0.31,0.13,0.43,286,1,90,72,858,286,0.1,40,21,-1,2,84000,6.20,0.25,91,5.90,4.74,47,109,3.87,89,57,4.81,51,0.00,0.00,0.35,8,0.00,0.52,0.00,0.00,0,0.00,0.13,0.00,0.00,0.00,0.09,1.22,0.91,2.83,0.92,0.39,1.26,0.00,0.35,0.21,0.00,0.00,0.00,0.00,0,0,,17,0.74,94,8,0.43,94,9,0.49,91,4,6,18,60,0.00,99,0,2,0.11,39,12,77,0.65,85,0,0.00,99,0,0.00,0,0,0.00,0,0.43,92,29,1.57,96,28,1.51,96.55,0,0.00,0,0,0,0.00,0,21,0.00,81,1.14,19,N/A,N/A,N/A,N/A,0.00,0,0.00,0,4.85,0.00,0,81.65,47.06,78,99,0.00,0.00,0,97,76,0,0,0,0.00,0.00,0,60,142.68,0.00,0.00,0,0,0.00,0.00,99,0.00,0,0,0,0.00,0.00,0,0.00,0.00,0.00,0.00,0,0,35.29,68,82,95,59,81,3.24,92,0.14,0.18,4.85,92,0.21,0.26,73,8,0.35,0.43,0.27,0.22,55,5,0.26,87,93,36,91,0,76,33,0,0.00,99,0,0.00,0.00,3.89,3.13,72,41,85,65,2.22,1.78,56.94,3,0.16,35,0,41.67,0,0.00,99,5,0.22,0.27,89,77,79,85,0,0,0,0,0,89,82,89,67,0,95,93,89,23,2,8,28,20,N/A,N/A
Niko Grlić,19,1155798000,2006/08/17,PrvaLiga,2025/2026,Midfielder,Bravo,99,32,67,Slovenia,4,1,3,1,0,1,0,0,0,0,0,1,0,1,1,1,0,1,0,0.91,0,0.91,0,1.34,99,0.91,99,25,99,0,0.91,-1,-1,-1,12,0,1.73,0,49,5.45,0.40,45,6,0.27,4,22,3.64,39,0.00,0.00,0.07,1,0.00,0.13,0.00,0.00,0,0.00,0.07,0.00,0.00,0.00,0.00,0.13,0.07,0.00,0.00,0.00,0.13,0.00,0.00,0.04,0.00,0.00,0.00,0.00,0,0,,0,0.00,36,0,0.00,55,0,0.00,43,0,4,0,60,0.00,99,0,0,0.00,29,2,55,1.82,99,0,0.00,99,0,0.00,0,0,0.00,0,0.91,99,2,1.82,96,2,1.82,100.00,0,0.00,0,0,0,0.00,0,1,0.00,89,0.91,9,N/A,N/A,N/A,N/A,0.00,0,0.00,0,0.58,0.00,0,66.67,0.00,55,99,0.00,0.00,0,99,99,0,0,0,0.00,0.00,0,60,26.02,0.00,0.00,0,0,0.00,0.00,99,0.00,0,0,0,0.00,0.00,0,0.00,0.00,0.00,0.00,0,0,0.00,57,0,0,42,89,0.04,53,0.00,0.04,0.58,98,0.04,0.53,98,2,0.13,1.82,0.00,0.00,26,0,0.53,97,1,36,91,0,76,33,0,0.00,99,0,0.00,0.00,5.45,0.40,6,3,90,83,2.73,0.20,50.00,1,0.91,2,0,0.00,0,0.00,99,0,0.00,0.00,55,0,68,13,0,0,0,0,0,95,98,99,56,0,22,71,12,99,1,25,81,-1,0,0
Niko Kasalo,20,1136016000,2005/12/31,PrvaLiga,2025/2026,Forward,Mura,742,343,399,Slovenia,18,8,10,3,0,3,0,0,0,0,0,1,0,1,13,5,8,3,0,0.36,0,0.36,0,0.68,247,1.58,57,41,247,0,0.36,33,189,-1,2,25000,4.30,0,49,1.57,0.54,21,13,0.38,9,24,1.08,21,0.00,0.00,0.00,0,0.00,0.08,0.00,0.00,0,0.00,0.04,0.00,0.00,0.00,0.04,0.08,0.58,0.67,0.24,0.04,0.12,0.00,0.04,0.08,0.00,0.00,0.00,0.00,0,0,,2,0.08,67,1,0.12,71,1,0.12,58,4,12,6,60,0.00,99,0,1,0.12,41,2,90,0.24,64,0,0.00,99,0,0.00,0,0,0.00,0,0.00,42,3,0.36,62,2,0.24,66.67,0,0.00,0,0,0,0.00,0,14,0.00,42,1.69,55,N/A,N/A,N/A,N/A,0.00,0,0.00,0,1.83,0.00,0,69.23,50.00,85,99,0.00,0.00,0,60,56,0,0,0,0.00,0.00,0,60,103.28,0.00,0.00,0,0,0.00,0.00,99,0.00,0,0,0,0.00,0.00,0,0.00,0.00,0.00,0.00,0,0,150.00,94,28,56,55,43,0.02,16,0.00,0.00,1.83,84,0.08,0.22,38,1,0.04,0.12,0.12,0.04,34,1,0.22,80,24,36,91,0,76,33,0,0.00,99,0,0.00,0.00,1.08,0.38,9,3,28,28,0.36,0.12,33.33,1,0.12,42,0,50.00,0,0.00,99,1,0.04,0.12,69,23,96,85,0,0,0,0,0,72,85,97,56,0,36,6,29,83,3,17,67,7,N/A,N/A
Niko Rak,22,1059202800,2003/07/26,PrvaLiga,2025/2026,Midfielder,NK Primorje,1121,518,603,Croatia,19,10,9,0,0,0,0,0,0,0,0,3,2,1,22,9,13,1,0,0,0,0,0,0,0,1.77,51,59,1121,0,0.08,188,156,-1,21,22000,4.32,0,49,1.83,0.92,23,23,0.72,18,44,1.43,22,0.00,0.00,0.00,0,0.00,0.04,0.08,0.04,1,0.00,0.04,0.00,0.00,0.00,0.00,0.00,0.96,0.00,0.00,0.00,0.00,0.00,0.00,0.00,0.00,0.04,0.00,0.00,0,0,,0,0.00,36,0,0.00,55,0,0.00,43,3,8,11,72,0.00,99,0,0,0.00,29,1,55,0.08,49,0,0.00,99,0,0.00,0,0,0.00,0,0.00,42,0,0.00,32,0,0.00,0.00,0,0.00,0,0,0,0.00,0,24,0.00,19,1.91,79,N/A,N/A,N/A,N/A,0.00,0,0.00,0,0.00,0.00,0,78.26,0.00,55,99,0.00,0.00,0,35,35,0,0,0,0.00,0.00,0,60,107.95,0.00,0.00,0,0,0.00,0.00,99,0.00,0,0,0,0.00,0.00,0,0.00,0.00,0.00,0.00,0,0,0.00,57,47,62,40,20,0.04,16,0.00,0.00,0.00,27,0.00,0.00,26,0,0.00,0.00,0.00,0.00,26,0,0.00,26,24,36,91,0,76,42,0,0.00,99,1,0.00,0.08,0.48,0.24,6,2,25,25,0.16,0.08,33.33,1,0.08,51,0,0.00,0,0.00,99,0,0.00,0.00,55,42,86,77,0,0,0,0,0,23,40,57,56,0,29,43,95,19,1,5,19,32,N/A,N/A
Nikola Burić,29,844153200,1996/10/01,PrvaLiga,2025/2026,Midfielder,Domžale,145,96,49,Croatia,4,2,2,1,0,1,1,1,0,0,0,0,0,0,4,2,2,0,0,1.24,0.62,0.62,0,1.84,145,2.48,36,36,0,145,0,-1,-1,-1,5,0,6.55,0.25,99,23.75,9.50,97,38,7.75,31,56,19.38,96,0.00,0.00,0.75,3,0.00,0.00,0.00,0.00,0,0.00,0.50,0.00,0.00,0.00,0.25,0.00,1.50,2.00,1.25,0.25,0.00,0.00,0.25,0.20,0.00,0.50,0.00,0.00,0,0,,2,0.50,98,1,0.62,98,1,0.62,96,7,3,1,60,0.00,99,0,1,0.62,89,0,55,0.00,43,0,0.00,99,0,0.00,0,0,0.00,0,1.88,99,0,0.00,32,0,0.00,0.00,0,0.00,0,0,0,0.00,0,6,0.00,2,3.75,99,N/A,N/A,N/A,N/A,0.00,0,0.00,0,0.80,0.00,0,81.58,50.00,85,99,0.00,0.00,0,35,35,0,0,0,0.25,0.62,1,99,26.21,0.25,0.62,1,0,0.00,0.00,99,0.00,0,0,0,0.00,0.00,0,0.00,0.00,0.00,0.00,0,0,50.00,77,0,0,46,2,0.73,99,0.18,0.46,0.80,97,0.20,0.50,26,0,0.00,0.00,0.62,0.25,84,1,0.50,96,97,87,91,0,76,98,0,0.00,99,2,0.00,1.25,12.50,5.00,20,3,78,98,1.88,0.75,15.00,2,1.25,2,0,0.00,0,0.00,99,0,0.00,0.00,55,0,59,97,0,0,0,0,0,99,94,99,56,0,22,4,12,12,0,0,12,29,0,0
Nikša Vujčić,27,906706800,1998/09/25,PrvaLiga,2025/2026,Midfielder,Domžale,885,450,435,Serbia,10,5,5,0,0,0,0,0,0,0,0,1,1,0,20,9,11,0,0,0,0,0,0,0,0,2.03,44,89,0,0,0,208,200,-1,22,30000,2.86,0,49,0.00,0.00,16,0,0.00,0,16,0.00,16,0.00,0.00,0.00,0,0.00,0.00,0.00,0.00,0,0.00,0.00,0.00,0.00,0.00,0.00,0.00,1.18,0.00,0.00,0.00,0.00,0.00,0.00,0.00,0.00,0.00,0.00,0.00,0,0,,0,0.00,36,0,0.00,55,0,0.00,43,1,0,10,60,0.00,99,0,0,0.00,29,0,55,0.00,43,0,0.00,99,0,0.00,0,0,0.00,0,0.00,42,0,0.00,32,0,0.00,0.00,0,0.00,0,0,0,0.00,0,20,0.00,6,2.03,84,N/A,N/A,N/A,N/A,0.00,0,0.00,0,0.00,0.00,0,0.00,0.00,55,99,0.00,0.00,0,35,35,0,0,0,0.00,0.00,0,60,48.67,0.00,0.00,0,0,0.00,0.00,99,0.00,0,0,0,0.00,0.00,0,0.00,0.00,0.00,0.00,0,0,0.00,57,36,18,40,6,0.00,16,0.00,0.00,0.00,27,0.00,0.00,26,0,0.00,0.00,0.00,0.00,26,0,0.00,26,5,36,91,0,76,33,0,0.00,99,0,0.00,0.00,0.00,0.00,0,0,19,17,0.00,0.00,0.00,0,0.00,99,0,0.00,0,0.00,99,0,0.00,0.00,55,39,21,38,0,0,0,0,0,23,40,57,56,0,44,13,12,12,0,0,12,4,N/A,N/A
Nino Kouter,32,756288000,1993/12/19,PrvaLiga,2025/2026,Midfielder,Mura,1857,824,1033,Slovenia,22,10,12,1,1,0,1,1,0,0,0,2,1,1,36,12,24,5,1,0.1,0.05,0.05,0.11,0,1857,1.74,52,84,310,1857,0.29,118,96,-1,6,65000,5.70,0.05,54,13.16,12.23,81,269,10.05,221,58,10.81,80,0.00,0.00,0.18,4,0.00,0.32,0.05,0.05,1,0.00,0.09,0.00,0.00,0.00,0.36,0.32,1.73,3.00,0.15,0.09,0.32,0.00,0.05,0.04,0.00,0.00,0.00,0.00,0,0,,3,0.14,55,1,0.05,59,2,0.10,54,1,0,22,65,0.00,99,0,8,0.39,71,7,78,0.34,70,0,0.00,99,0,0.00,0,0,0.00,0,0.20,69,7,0.34,60,7,0.34,100.00,0,0.00,0,0,0,0.00,0,38,0.00,23,1.86,75,N/A,N/A,N/A,N/A,0.00,0,0.00,0,0.78,0.00,0,82.16,33.33,70,99,0.00,0.00,0,67,99,0,0,0,0.05,0.05,1,65,125.37,0.05,0.05,1,0,0.00,0.00,99,0.00,0,0,0,0.00,0.00,0,0.00,0.00,0.00,0.00,0,0,33.33,68,87,82,98,24,1.19,62,0.05,0.06,0.78,53,0.04,0.04,41,3,0.14,0.15,0.54,0.50,80,11,0.04,49,72,39,91,0,76,33,0,0.00,99,0,0.00,0.00,3.62,3.36,74,22,54,61,1.08,1.00,29.73,2,0.10,47,0,42.86,0,0.00,99,3,0.14,0.15,73,92,21,38,0,0,0,0,0,37,44,57,61,0,86,10,42,71,4,18,68,10,N/A,N/A
Nino Kukovec,24,989132400,2001/05/06,PrvaLiga,2025/2026,Forward,Radomlje,1221,752,469,Slovenia,16,10,6,7,1,6,2,2,0,0,0,2,1,1,20,13,7,5,2,0.66,0.15,0.52,0.12,1.15,174,1.47,61,76,244,611,0.37,20,56,-1,2,0,6.52,0.12,74,3.95,3.12,33,50,1.88,30,18,2.37,27,0.00,0.00,0.12,2,0.00,0.31,0.00,0.00,0,0.00,0.00,0.00,0.00,0.00,0.06,0.19,1.31,0.57,0.32,0.19,0.25,0.00,0.06,0.24,0.00,0.06,0.00,0.00,0,0,,4,0.25,71,1,0.08,64,3,0.24,77,3,1,15,60,0.00,99,0,1,0.08,34,5,55,0.40,74,0,0.00,99,0,0.00,0,0,0.00,0,0.16,62,4,0.32,59,3,0.24,75.00,0,0.00,0,0,0,0.00,0,21,0.00,54,1.66,52,N/A,N/A,N/A,N/A,0.00,0,0.00,0,3.85,0.00,0,60.00,25.00,64,99,0.00,0.00,0,60,61,1,0,0,0.00,0.00,0,60,104.34,0.25,0.32,4,1,0.00,0.08,2,0.06,0,1,0,0.00,0.00,0,0.00,0.00,0.71,0.56,9,0,175.00,96,57,44,49,54,1.28,78,0.08,0.10,3.15,91,0.20,0.25,43,2,0.12,0.16,0.79,0.62,92,10,0.30,90,97,69,91,0,99,42,0,0.00,99,1,0.00,0.08,2.45,1.94,31,8,36,45,0.63,0.50,25.81,0,0.00,99,0,0.00,0,0.00,99,0,0.00,0.00,55,62,38,77,0,1,0,6,0,90,92,99,64,0,22,30,28,85,3,19,71,9,0,0
Nino Milić,21,1083394800,2004/05/01,PrvaLiga,2025/2026,Defender,Domžale,1424,810,614,Slovenia,16,9,7,1,1,0,1,1,0,0,0,2,2,0,26,13,13,5,0,0.13,0.06,0.06,0.11,0,1424,1.64,55,89,285,1424,0.32,111,92,44,7,42000,5.30,0.06,56,16.69,16.50,89,264,13.81,221,63,13.97,89,0.00,0.00,0.06,1,0.00,0.12,0.13,0.12,2,0.00,0.00,0.00,0.00,0.00,0.62,0.31,1.81,0.00,0.19,0.19,0.31,0.00,0.00,0.01,0.00,0.62,0.00,0.00,0,0,,3,0.19,61,0,0.00,55,3,0.19,70,3,0,16,81,0.00,99,0,10,0.63,89,2,90,0.13,56,0,0.00,99,0,0.00,0,0,0.00,0,0.06,48,5,0.32,59,5,0.32,100.00,0,0.00,0,0,0,0.00,0,29,0.00,33,1.83,71,N/A,N/A,N/A,N/A,0.00,0,0.00,0,0.15,0.00,0,83.71,0.00,55,99,0.00,0.00,0,66,99,0,0,0,0.31,0.32,5,98,84.88,0.88,0.88,14,0,0.00,0.00,99,0.00,0,0,0,0.00,0.00,0,0.00,0.00,0.00,0.00,0,0,0.00,57,67,44,92,34,0.48,47,0.03,0.03,0.15,36,0.01,0.01,78,8,0.50,0.51,0.32,0.31,58,5,0.01,35,50,93,91,0,76,91,0,0.00,99,10,0.00,0.63,3.73,3.69,59,28,74,62,1.77,1.75,47.46,0,0.00,99,0,50.00,0,0.00,99,1,0.06,0.06,59,66,21,77,0,0,0,0,0,47,49,57,61,0,68,30,37,78,5,31,91,19,N/A,N/A
Nino Vukasović,24,985334400,2001/03/23,PrvaLiga,2025/2026,Defender,Celje,910,427,483,Croatia,13,6,7,0,0,0,1,0,1,0,0,3,1,2,14,6,8,3,0,0.1,0.1,0,0,0,0,1.38,65,70,303,910,0.3,143,76,27,22,0,3.56,0.08,63,23.82,11.38,97,239,9.48,199,61,19.83,97,0.00,0.00,0.10,2,0.00,0.33,0.60,0.29,6,0.00,0.19,0.00,0.00,0.00,0.19,0.14,0.81,0.00,0.10,0.00,0.24,0.00,0.05,0.01,0.00,0.05,0.00,0.00,0,0,,1,0.05,48,1,0.10,67,0,0.00,43,1,3,10,99,0.00,99,0,4,0.40,72,7,91,0.70,88,0,0.00,99,0,0.00,0,0,0.00,0,0.20,69,5,0.50,71,3,0.30,60.00,0,0.00,0,0,0,0.00,0,17,0.00,61,1.69,55,N/A,N/A,N/A,N/A,0.00,0,0.00,0,0.12,0.00,0,83.26,100.00,99,99,0.00,0.00,0,64,50,0,0,0,0.05,0.10,1,78,74.73,0.24,0.50,5,0,0.00,0.00,99,0.00,0,0,0,0.00,0.00,0,0.00,0.00,0.00,0.00,0,0,0.00,57,38,26,40,61,1.09,81,0.05,0.11,0.12,36,0.01,0.01,90,8,0.38,0.80,0.30,0.14,56,3,0.01,35,14,84,91,0,76,44,0,0.00,99,1,0.00,0.10,7.28,3.48,73,26,89,92,2.59,1.24,35.62,4,0.40,11,0,57.14,0,0.00,99,4,0.19,0.40,96,39,59,38,0,0,0,0,0,37,40,57,56,0,22,68,41,72,3,23,76,23,0,0
Ognjen Gnjatić,34,687596400,1991/10/16,PrvaLiga,2025/2026,Midfielder,Radomlje,1570,867,703,Bosnia and Herzegovina,19,11,8,1,1,0,0,0,0,0,0,3,1,2,28,18,10,4,1,0.06,0,0.06,0.1,0,1570,1.61,56,83,314,0,0.29,108,132,-1,11,30000,5.41,0,49,15.98,13.29,88,279,11.71,246,82,14.09,89,0.00,0.00,0.00,0,0.00,0.00,0.23,0.19,4,0.00,0.10,0.00,0.00,0.00,0.38,0.00,1.43,1.00,0.06,0.00,0.00,0.00,0.05,0.03,0.00,0.48,0.00,0.00,0,0,,1,0.05,40,1,0.06,61,0,0.00,43,3,0,19,92,0.00,99,0,8,0.46,76,0,55,0.00,43,0,0.00,99,0,0.00,0,0,0.00,0,0.00,42,0,0.00,32,0,0.00,0.00,0,0.00,0,0,0,0.00,0,30,0.00,36,1.72,59,N/A,N/A,N/A,N/A,0.00,0,0.00,0,0.72,0.00,0,88.17,100.00,99,99,0.00,0.00,0,35,35,0,0,0,0.10,0.11,2,81,113.71,0.24,0.29,5,0,0.00,0.00,99,0.00,0,0,0,0.00,0.00,0,0.00,0.00,0.00,0.00,0,0,100.00,92,73,62,95,39,0.44,47,0.02,0.03,0.72,53,0.03,0.04,46,3,0.14,0.17,0.57,0.48,83,10,0.04,49,57,68,91,0,76,87,0,0.00,99,10,0.00,0.57,4.18,3.48,73,27,70,70,1.55,1.29,36.99,2,0.11,45,0,0.00,0,0.00,99,0,0.00,0.00,55,81,21,77,0,0,0,0,0,30,49,57,60,0,44,43,43,71,3,16,59,6,N/A,N/A
Omar El Manssouri,24,996130800,2001/07/26,PrvaLiga,2025/2026,Midfielder,Koper,59,59,0,France,2,2,0,0,0,0,0,0,0,0,0,0,0,0,1,1,0,0,0,0,0,0,0,0,0,1.53,59,30,0,0,0,-1,-1,-1,28,0,2.57,0,49,24.41,3.20,97,16,2.20,11,23,16.78,94,0.00,0.00,0.40,2,0.00,0.40,0.00,0.00,0,0.00,0.20,0.00,0.00,0.00,0.00,0.20,0.20,0.00,0.00,0.00,0.40,0.00,0.00,0.00,0.00,0.00,0.00,0.00,0,0,,0,0.00,36,0,0.00,55,0,0.00,43,0,2,0,60,0.00,99,0,0,0.00,29,2,55,3.05,99,0,0.00,99,0,0.00,0,0,0.00,0,3.05,99,2,3.05,99,1,1.53,50.00,0,0.00,0,0,0,0.00,0,1,0.00,46,1.53,43,N/A,N/A,N/A,N/A,0.00,0,0.00,0,0.00,0.00,0,68.75,0.00,55,99,0.00,0.00,0,97,44,0,0,0,0.00,0.00,0,60,12.87,0.00,0.00,0,0,0.00,0.00,99,0.00,0,0,0,0.00,0.00,0,0.00,0.00,0.00,0.00,0,0,0.00,57,0,0,40,48,0.11,90,0.02,0.17,0.00,27,0.00,0.00,97,1,0.20,1.53,0.00,0.00,26,0,0.00,26,2,36,91,0,76,33,0,0.00,99,0,0.00,0.00,13.73,1.80,9,2,92,98,3.05,0.40,22.22,1,1.53,1,0,0.00,0,0.00,99,0,0.00,0.00,55,0,48,13,0,0,0,0,0,23,40,57,56,0,22,4,12,12,0,0,12,10,0,0
Omar Kočar,24,991810800,2001/06/06,PrvaLiga,2025/2026,Midfielder,Aluminij,1198,619,579,Slovenia,19,10,9,0,0,0,0,0,0,0,0,3,2,1,21,9,12,5,0,0,0,0,0,0,0,1.58,57,63,240,0,0.38,162,108,-1,30,24000,4.76,0,49,4.27,2.33,36,56,1.88,45,50,3.43,38,0.00,0.00,0.04,1,0.00,0.00,0.08,0.04,1,0.00,0.04,0.00,0.00,0.00,0.08,0.08,0.96,0.00,0.00,0.00,0.08,0.00,0.00,0.00,0.00,0.04,0.00,0.00,0,0,,0,0.00,36,0,0.00,55,0,0.00,43,3,5,14,72,0.00,99,0,2,0.15,46,0,55,0.00,43,0,0.00,99,0,0.00,0,0,0.00,0,0.08,52,2,0.15,47,2,0.15,100.00,0,0.00,0,0,0,0.00,0,23,0.00,42,1.75,61,N/A,N/A,N/A,N/A,0.00,0,0.00,0,0.00,0.00,0,80.36,0.00,55,99,0.00,0.00,0,53,99,0,0,0,0.00,0.00,0,60,114.32,0.04,0.08,1,0,0.00,0.00,99,0.00,0,0,0,0.00,0.00,0,0.00,0.00,0.00,0.00,0,0,0.00,57,56,62,40,43,0.11,26,0.00,0.01,0.00,27,0.00,0.00,63,4,0.17,0.31,0.38,0.21,64,5,0.00,26,33,45,91,0,76,42,0,0.00,99,1,0.00,0.08,1.45,0.79,19,8,35,32,0.61,0.33,42.11,1,0.08,51,0,0.00,0,0.00,99,0,0.00,0.00,55,57,73,77,0,0,0,0,0,23,40,57,56,0,35,43,27,86,5,26,83,-1,N/A,N/A
Omar Rekik,24,1008835200,2001/12/20,PrvaLiga,2025/2026,Defender,Maribor,1746,904,842,Netherlands,22,11,11,1,1,0,1,1,0,0,0,9,5,4,19,11,8,8,1,0.1,0.05,0.05,0.1,0,1746,0.98,92,79,194,1746,0.46,119,100,12,18,96000,5.86,0.05,54,9.59,8.45,68,186,7.55,166,84,8.56,72,0.00,0.00,0.05,1,0.00,0.05,0.21,0.18,4,0.00,0.05,0.00,0.00,0.00,0.45,0.09,1.05,2.00,0.10,0.09,0.14,0.00,0.00,0.03,0.00,0.36,0.00,0.00,0,0,,2,0.09,48,0,0.00,55,2,0.10,54,0,3,19,90,0.00,99,0,10,0.52,81,1,55,0.05,45,0,0.00,99,0,0.00,0,0,0.00,0,0.05,45,3,0.15,47,2,0.10,66.67,0,0.00,0,0,0,0.00,0,23,0.00,83,1.19,23,N/A,N/A,N/A,N/A,0.00,0,0.00,0,0.71,0.00,0,89.25,0.00,55,99,0.00,0.00,0,47,56,0,0,0,0.05,0.05,1,65,128.85,0.45,0.52,10,1,0.00,0.05,3,0.05,0,0,0,0.00,0.00,0,0.00,0.00,0.00,0.00,0,0,50.00,77,84,82,96,83,0.41,39,0.02,0.02,0.71,53,0.03,0.04,34,2,0.09,0.10,0.21,0.18,45,4,0.04,49,79,85,91,0,76,79,0,0.00,99,8,0.00,0.41,1.70,1.50,33,15,40,34,0.77,0.68,45.45,1,0.05,57,0,0.00,0,0.00,99,0,0.00,0.00,55,81,59,13,0,0,0,0,0,37,44,57,60,0,97,91,21,92,7,32,92,44,N/A,N/A
Óscar Zambrano,21,1082444400,2004/04/20,PrvaLiga,2025/2026,Midfielder,Maribor,331,201,130,Ecuador,5,3,2,2,2,0,0,0,0,0,0,1,0,1,3,3,0,1,0,0.54,0,0.54,0.9,0,166,0.82,110,66,331,0,0.27,18,131,-1,9,120000,5.41,0,49,0.00,0.00,16,0,0.00,0,16,0.00,16,0.00,0.00,0.00,0,0.00,0.00,0.00,0.00,0,0.00,0.00,0.00,0.00,0.00,0.00,0.00,0.50,0.00,0.00,0.00,0.00,0.00,0.00,0.19,0.00,0.00,0.00,0.00,0,0,,0,0.00,36,0,0.00,55,0,0.00,43,5,0,5,60,0.00,99,0,0,0.00,29,0,55,0.00,43,0,0.00,99,0,0.00,0,0,0.00,0,0.00,42,0,0.00,32,0,0.00,0.00,0,0.00,0,0,0,0.00,0,3,0.00,93,0.82,5,N/A,N/A,N/A,N/A,0.00,0,0.00,0,1.15,0.00,0,0.00,0.00,55,99,0.00,0.00,0,35,35,0,0,0,0.00,0.00,0,60,32.48,0.00,0.00,0,0,0.00,0.00,99,0.00,0,0,0,0.00,0.00,0,0.00,0.00,0.00,0.00,0,0,0.00,57,0,1,48,93,0.00,16,0.00,0.00,1.15,93,0.19,0.31,26,0,0.00,0.00,0.00,0.00,26,0,0.31,91,57,36,91,0,76,33,0,0.00,99,0,0.00,0.00,0.00,0.00,0,0,19,17,0.00,0.00,0.00,0,0.00,99,0,0.00,0,0.00,99,0,0.00,0.00,55,13,21,92,0,0,0,0,0,83,92,57,95,0,98,60,44,69,1,20,72,18,N/A,N/A
Papa Mustapha Daniel,24,1009872000,2002/01/01,PrvaLiga,2025/2026,Midfielder,Celje,317,86,231,Nigeria,11,5,6,0,0,0,1,0,1,0,0,8,4,4,2,0,2,1,0,0.28,0.28,0,0,0,0,0.57,159,29,317,317,0.28,136,25,-1,19,0,2.68,0.09,89,33.31,6.12,99,104,5.82,99,97,31.71,99,0.00,0.00,0.00,0,0.00,0.00,0.00,0.00,0,0.00,0.00,0.00,0.00,0.00,0.06,0.00,0.00,0.00,0.32,0.06,0.00,0.00,0.00,0.00,0.00,0.12,0.00,0.00,0,0,,1,0.06,71,0,0.00,55,1,0.32,84,0,10,1,60,0.00,99,0,1,0.32,62,0,55,0.00,43,0,0.00,99,0,0.00,0,0,0.00,0,0.00,42,0,0.00,32,0,0.00,0.00,0,0.00,0,0,0,0.00,0,0,0.00,98,0.00,0,N/A,N/A,N/A,N/A,0.00,0,0.00,0,0.04,0.00,0,95.19,0.00,55,99,0.00,0.00,0,35,35,0,0,0,0.06,0.32,1,98,45.61,0.06,0.32,1,0,0.00,0.00,99,0.00,0,0,0,0.00,0.00,0,0.00,0.00,0.00,0.00,0,0,0.00,57,0,21,40,98,0.79,96,0.05,0.25,0.04,36,0.00,0.01,26,0,0.00,0.00,0.64,0.12,85,2,0.01,35,2,69,91,0,76,91,0,0.00,99,2,0.00,0.64,5.12,0.94,16,4,61,80,1.28,0.24,25.00,0,0.00,99,0,0.00,0,0.00,99,0,0.00,0.00,55,0,93,13,0,0,0,0,0,65,40,57,56,0,22,99,43,69,1,9,32,13,0,0
Patrik Klančir,21,1084086000,2004/05/09,PrvaLiga,2025/2026,Midfielder,Radomlje,555,223,332,Croatia,11,5,6,0,0,0,0,0,0,0,0,0,0,0,16,5,11,2,0,0,0,0,0,0,0,2.59,35,50,278,0,0.32,124,124,-1,18,0,2.84,0,49,16.91,5.65,90,96,4.06,69,30,12.15,83,0.00,0.00,0.06,1,0.00,1.06,0.00,0.00,0,0.00,0.12,0.00,0.00,0.00,0.12,0.53,1.00,0.00,0.18,0.06,0.65,0.00,0.00,0.00,0.00,0.12,0.00,0.00,0,0,,1,0.06,59,0,0.00,55,1,0.18,68,1,6,5,60,0.00,99,0,2,0.35,66,18,71,3.17,99,0,0.00,99,0,0.00,0,0,0.00,0,0.18,65,11,1.94,98,9,1.59,81.82,0,0.00,0,0,0,0.00,0,17,0.00,2,2.99,98,N/A,N/A,N/A,N/A,0.00,0,0.00,0,0.05,0.00,0,71.88,0.00,55,99,0.00,0.00,0,98,68,0,0,0,0.00,0.00,0,60,48.30,0.00,0.00,0,0,0.00,0.00,99,0.00,0,0,0,0.00,0.00,0,0.00,0.00,0.00,0.00,0,0,0.00,57,19,21,40,2,0.21,53,0.01,0.04,0.05,36,0.00,0.01,85,4,0.24,0.70,0.70,0.24,89,4,0.01,35,4,36,91,0,76,76,0,0.00,99,2,0.00,0.35,7.75,2.59,44,19,94,94,3.35,1.12,43.18,2,0.35,11,0,33.33,0,0.00,99,6,0.35,1.06,99,13,79,38,0,0,0,0,0,23,40,57,56,0,22,4,35,78,2,18,68,85,0,0
Patrik Mohorović,26,927529200,1999/05/24,PrvaLiga,2025/2026,Goalkeeper,NK Primorje,90,90,0,Croatia,1,1,0,0,0,0,0,0,0,0,0,1,1,0,0,0,0,0,0,0,0,0,0,0,0,0,0,90,0,0,0,-1,-1,-1,17,31000,0.93,0,49,0.00,0.00,16,0,0.00,0,16,0.00,16,0.00,0.00,0.00,0,0.00,0.00,0.00,0.00,0,0.00,0.00,0.00,0.00,0.00,0.00,0.00,0.00,0.00,0.00,0.00,0.00,0.00,0.00,0.00,0.00,0.00,0.00,0.00,0,0,,0,0.00,36,0,0.00,55,0,0.00,43,0,0,1,60,0.00,99,0,0,0.00,29,0,55,0.00,43,0,0.00,99,0,0.00,0,0,0.00,0,0.00,42,0,0.00,32,0,0.00,0.00,0,0.00,0,0,0,0.00,0,0,0.00,99,0.00,0,N/A,N/A,N/A,N/A,0.00,0,0.00,0,0.00,0.00,0,0.00,0.00,55,99,0.00,0.00,0,35,35,0,0,0,0.00,0.00,0,60,6.50,0.00,0.00,0,0,0.00,0.00,99,0.00,0,0,0,0.00,0.00,0,0.00,0.00,0.00,0.00,0,0,0.00,57,0,0,40,0,0.00,16,0.00,0.00,0.00,27,0.00,0.00,26,0,0.00,0.00,0.00,0.00,26,0,0.00,26,0,36,91,0,76,33,0,0.00,99,0,0.00,0.00,0.00,0.00,0,0,19,17,0.00,0.00,0.00,0,0.00,99,0,0.00,0,0.00,99,0,0.00,0.00,55,0,21,13,0,0,0,0,0,23,40,57,56,0,45,99,12,12,0,0,12,30,N/A,N/A
Patrik Roze,18,1181026800,2007/06/05,PrvaLiga,2025/2026,Midfielder,Mura,0,0,0,Slovenia,0,0,0,0,0,0,0,0,0,0,0,0,0,0,0,0,0,0,0,0,0,0,0,0,0,0,0,0,0,0,0,-1,-1,-1,-1,N/A,N/A,N/A,N/A,N/A,N/A,N/A,N/A,N/A,N/A,N/A,N/A,N/A,N/A,N/A,N/A,N/A,N/A,N/A,N/A,N/A,N/A,N/A,N/A,N/A,N/A,N/A,N/A,N/A,N/A,N/A,N/A,N/A,N/A,N/A,N/A,N/A,N/A,N/A,N/A,N/A,N/A,N/A,N/A,N/A,N/A,N/A,N/A,N/A,N/A,N/A,N/A,N/A,N/A,N/A,N/A,N/A,N/A,N/A,N/A,N/A,N/A,N/A,N/A,N/A,N/A,N/A,N/A,N/A,N/A,N/A,N/A,N/A,N/A,N/A,N/A,N/A,N/A,N/A,N/A,N/A,N/A,N/A,N/A,N/A,N/A,N/A,N/A,N/A,N/A,N/A,N/A,N/A,N/A,N/A,N/A,N/A,N/A,N/A,N/A,N/A,N/A,N/A,N/A,N/A,N/A,N/A,N/A,N/A,N/A,N/A,N/A,N/A,N/A,N/A,N/A,N/A,N/A,N/A,N/A,N/A,N/A,N/A,N/A,N/A,N/A,N/A,N/A,N/A,N/A,N/A,N/A,N/A,N/A,N/A,N/A,N/A,N/A,N/A,N/A,N/A,N/A,N/A,N/A,N/A,N/A,N/A,N/A,N/A,N/A,N/A,N/A,N/A,N/A,N/A,N/A,N/A,N/A,N/A,N/A,N/A,N/A,N/A,N/A,N/A,N/A,N/A,N/A,N/A,N/A,N/A,N/A,N/A,N/A,N/A,N/A,N/A,N/A,N/A,N/A,N/A,N/A,N/A,N/A,N/A,N/A,N/A,N/A,N/A,N/A,N/A,N/A,N/A,N/A,N/A,N/A,N/A,N/A,N/A,N/A,N/A,N/A,N/A,N/A,N/A,N/A,N/A,N/A,N/A,N/A,N/A,N/A,N/A,N/A,N/A,N/A,N/A,N/A,N/A,N/A,N/A,N/A,N/A,N/A
Pedro Lucas Schwaizer,27,904978800,1998/09/05,PrvaLiga,2025/2026,Forward,Olimpija,351,243,108,Brazil,12,7,5,2,2,0,1,1,0,0,0,5,3,2,2,1,1,4,0,0.77,0.26,0.51,0.74,0,176,0.51,176,29,88,351,1.03,21,27,-1,7,60000,5.51,0.08,88,0.00,0.00,16,0,0.00,0,16,0.00,16,0.00,0.00,0.00,0,0.00,0.00,0.00,0.00,0,0.00,0.00,0.00,0.00,0.00,0.00,0.00,0.15,0.00,0.00,0.00,0.00,0.00,0.00,0.10,0.00,0.00,0.00,0.00,0,0,,0,0.00,36,0,0.00,55,0,0.00,43,5,10,2,60,0.00,99,0,0,0.00,29,0,55,0.00,43,0,0.00,99,0,0.00,0,0,0.00,0,0.00,42,0,0.00,32,0,0.00,0.00,0,0.00,0,0,0,0.00,0,2,0.00,98,0.48,2,N/A,N/A,N/A,N/A,0.00,0,0.00,0,1.27,0.00,0,0.00,0.00,55,99,0.00,0.00,0,35,35,1,0,0,0.00,0.00,0,60,71.66,0.00,0.00,0,0,0.00,0.00,99,0.00,0,1,0,0.00,0.00,0,0.00,0.00,0.00,0.00,0,0,0.00,57,0,22,49,98,0.00,16,0.00,0.00,0.57,76,0.04,0.14,26,0,0.00,0.00,0.00,0.00,26,0,0.30,90,64,36,91,0,76,33,0,0.00,99,0,0.00,0.00,0.00,0.00,0,0,19,17,0.00,0.00,0.00,0,0.00,99,0,0.00,0,0.00,99,0,0.00,0.00,55,1,93,92,0,0,0,0,0,93,91,57,93,0,85,93,12,99,3,25,81,37,N/A,N/A
Peter Agba,23,1040371200,2002/12/20,PrvaLiga,2025/2026,Midfielder,Olimpija,414,234,180,Nigeria,6,4,2,0,0,0,1,0,1,0,0,2,2,0,7,5,2,1,0,0.22,0.22,0,0,0,0,1.52,59,69,414,414,0.22,174,34,-1,28,0,6.36,0.17,85,38.70,29.67,99,178,26.50,159,85,34.57,99,0.00,0.00,0.50,3,0.00,0.50,0.22,0.17,1,0.00,1.17,0.00,0.00,0.00,0.50,0.83,1.33,0.00,0.87,0.33,0.83,0.00,0.33,0.05,0.00,0.00,0.00,0.00,0,0,,4,0.67,94,2,0.43,94,2,0.43,89,0,2,4,92,0.00,99,0,3,0.65,91,3,71,0.65,85,0,0.00,99,0,0.00,0,0,0.00,0,0.65,98,5,1.09,88,5,1.09,100.00,0,0.00,0,0,0,0.00,0,8,0.00,48,1.74,61,N/A,N/A,N/A,N/A,0.00,0,0.00,0,0.32,0.00,0,89.33,50.00,85,99,0.00,0.00,0,93,99,0,0,0,0.17,0.22,1,95,38.17,0.33,0.43,2,0,0.00,0.00,99,0.00,0,0,0,0.00,0.00,0,0.00,0.00,0.00,0.00,0,0,0.00,57,6,4,40,48,1.03,94,0.17,0.22,0.32,60,0.05,0.07,99,14,2.33,3.04,1.74,1.33,98,8,0.07,57,96,79,91,0,76,33,0,0.00,99,0,0.00,0.00,16.96,13.00,78,33,99,99,7.17,5.50,42.31,7,1.52,1,0,33.33,0,0.00,99,1,0.17,0.22,81,7,48,13,0,0,0,0,0,60,40,57,56,0,22,80,55,59,1,17,67,6,0,0
Pijus Sirvys,27,891417600,1998/04/01,PrvaLiga,2025/2026,Midfielder,Maribor,1329,858,471,Lithuania,19,12,7,0,0,0,1,0,1,0,0,8,5,3,12,8,4,10,0,0.07,0.07,0,0,0,0,0.81,111,70,133,1329,0.68,161,86,-1,30,48000,5.71,0.05,58,8.12,6.00,60,120,5.15,103,72,6.97,60,0.00,0.00,0.00,0,0.00,0.30,0.07,0.05,1,0.00,0.10,0.00,0.00,0.00,0.60,0.05,0.65,0.00,0.00,0.00,0.10,0.00,0.00,0.00,0.00,0.10,0.00,0.00,0,0,,0,0.00,36,0,0.00,55,0,0.00,43,2,2,17,70,0.00,99,0,12,0.81,95,6,90,0.41,75,0,0.00,99,0,0.00,0,0,0.00,0,0.00,42,2,0.14,46,1,0.07,50.00,0,0.00,0,0,0,0.00,0,13,0.00,94,0.88,7,N/A,N/A,N/A,N/A,0.00,0,0.00,0,0.00,0.00,0,85.83,0.00,55,99,0.00,0.00,0,42,44,0,0,0,0.05,0.07,1,70,114.13,0.25,0.34,5,0,0.00,0.00,99,0.00,0,0,0,0.00,0.00,0,0.00,0.00,0.00,0.00,0,0,0.00,57,60,62,40,94,0.83,62,0.04,0.06,0.00,27,0.00,0.00,66,5,0.25,0.34,0.20,0.15,45,3,0.00,26,73,72,91,0,76,50,0,0.00,99,2,0.00,0.14,1.49,1.10,22,7,30,32,0.47,0.35,31.82,2,0.14,38,0,50.00,0,0.00,99,3,0.15,0.20,79,69,48,60,0,0,0,0,0,31,40,57,56,0,80,93,14,99,10,53,99,5,N/A,N/A
Raphael Hofer,23,1045209600,2003/02/14,PrvaLiga,2025/2026,Defender,Mura,1180,527,653,Austria,16,7,9,0,0,0,0,0,0,0,0,1,1,0,22,7,15,3,0,0,0,0,0,0,0,1.68,54,74,393,0,0.23,179,173,48,29,48000,5.23,0,49,17.47,11.72,91,211,10.28,185,80,15.32,92,0.00,0.00,0.00,0,0.00,0.00,0.41,0.28,5,0.00,0.00,0.00,0.00,0.00,0.44,0.06,1.28,0.00,0.08,0.06,0.06,0.00,0.00,0.00,0.00,0.11,0.00,0.00,0,0,,1,0.06,44,0,0.00,55,1,0.08,51,1,3,13,96,0.00,99,0,8,0.66,91,0,55,0.00,43,0,0.00,99,0,0.00,0,0,0.00,0,0.00,42,1,0.08,39,1,0.08,100.00,0,0.00,0,0,0,0.00,0,23,0.00,28,1.90,77,N/A,N/A,N/A,N/A,0.00,0,0.00,0,0.05,0.00,0,87.68,0.00,55,99,0.00,0.00,0,43,99,0,0,0,0.17,0.25,3,96,94.12,1.11,1.66,20,0,0.00,0.00,99,0.00,0,0,0,0.00,0.00,0,0.00,0.00,0.00,0.00,0,0,0.00,57,55,44,40,30,0.43,53,0.02,0.04,0.05,27,0.00,0.00,46,2,0.11,0.17,0.75,0.50,90,9,0.00,26,48,99,91,0,76,56,0,0.00,99,2,0.00,0.17,4.22,2.83,51,16,64,70,1.32,0.89,31.37,0,0.00,99,0,0.00,0,0.00,99,0,0.00,0.00,55,55,59,38,0,0,0,0,0,23,40,57,56,0,80,6,52,62,3,19,71,44,N/A,N/A
Rene Rantuša Lampreht,24,1014364800,2002/02/22,PrvaLiga,2025/2026,Defender,Domžale,1620,810,810,Slovenia,18,9,9,1,0,1,0,0,0,0,0,2,2,0,33,13,20,2,0,0.06,0,0.06,0,0.11,1620,1.83,49,90,810,0,0.11,109,190,53,4,30000,5.37,0,49,16.67,16.67,89,300,15.17,273,90,15.17,91,0.00,0.00,0.00,0,0.00,0.00,0.00,0.00,0,0.00,0.06,0.00,0.00,0.00,0.61,0.00,2.00,0.00,0.00,0.00,0.00,0.00,0.00,0.07,0.00,0.72,0.00,0.00,0,0,,0,0.00,36,0,0.00,55,0,0.00,43,0,0,18,60,0.00,99,0,11,0.61,88,0,55,0.00,43,0,0.00,99,0,0.00,0,0,0.00,0,0.00,42,0,0.00,32,0,0.00,0.00,0,0.00,0,0,0,0.00,0,36,0.00,14,2.00,81,N/A,N/A,N/A,N/A,0.00,0,0.00,0,1.19,0.00,0,91.00,0.00,55,99,0.00,0.00,0,35,35,0,1,0,0.39,0.39,7,99,96.70,1.28,1.28,23,0,0.00,0.00,99,0.00,0,1,0,0.00,0.00,0,0.00,0.00,0.00,0.00,0,0,0.00,57,78,56,96,14,0.57,47,0.03,0.03,0.49,46,0.03,0.03,60,5,0.28,0.28,0.11,0.11,33,2,0.07,57,55,97,91,0,76,93,0,0.00,99,13,0.00,0.72,3.06,3.06,55,19,53,53,1.06,1.06,34.55,1,0.06,54,0,0.00,0,0.00,99,0,0.00,0.00,55,77,21,13,0,0,0,0,0,30,49,64,56,0,44,17,86,29,2,11,41,5,N/A,N/A
Robert Murić,30,826617600,1996/03/12,PrvaLiga,2025/2026,Midfielder,Mura,787,413,374,Croatia,14,8,6,0,0,0,1,1,0,0,0,2,2,0,14,5,9,0,0,0.11,0.11,0,0,0,0,1.6,56,56,0,787,0,134,72,-1,22,0,5.96,0.07,66,7.34,4.40,56,66,2.67,40,18,4.45,46,0.00,0.00,0.07,1,0.00,0.73,0.00,0.00,0,0.00,0.00,0.00,0.00,0.00,0.20,0.53,0.93,0.00,0.22,0.13,0.53,0.00,0.00,0.01,0.00,0.00,0.00,0.00,0,0,,2,0.13,65,0,0.00,55,2,0.22,74,3,4,10,60,0.00,99,0,3,0.33,64,11,65,1.22,97,0,0.00,99,0,0.00,0,0,0.00,0,0.11,54,8,0.89,82,8,0.89,100.00,0,0.00,0,0,0,0.00,0,14,0.00,38,1.56,44,N/A,N/A,N/A,N/A,0.00,0,0.00,0,0.11,0.00,0,60.61,0.00,55,99,0.00,0.00,0,90,99,0,0,0,0.00,0.00,0,60,89.42,0.07,0.11,1,0,0.00,0.00,99,0.00,0,0,1,0.07,0.11,0,0.00,0.00,0.00,0.00,0,0,0.00,57,31,30,40,39,0.14,39,0.01,0.02,0.11,36,0.01,0.01,65,3,0.20,0.33,0.00,0.00,26,0,0.01,35,83,47,98,0,76,33,0,0.00,99,0,0.00,0.00,2.56,1.53,23,12,65,46,1.33,0.80,52.17,0,0.00,99,0,27.27,0,0.00,99,3,0.20,0.33,92,39,68,77,0,0,0,0,0,41,40,57,56,0,22,38,12,12,0,0,12,9,0,0
Roger Andretty Murillo Soto,23,1016352000,2002/03/17,PrvaLiga,2025/2026,Forward,NK Primorje,1339,727,612,Colombia,24,12,12,7,6,1,1,1,0,0,0,3,2,1,23,13,10,3,0,0.54,0.07,0.47,0.74,0.15,191,1.55,58,56,446,1339,0.2,25,88,-1,1,46000,6.03,0.04,58,4.62,2.83,39,68,2.38,57,64,3.87,40,0.00,0.00,0.12,3,0.00,0.04,0.07,0.04,1,0.00,0.25,0.00,0.00,0.00,0.29,0.04,0.88,1.57,0.75,0.25,0.04,0.00,0.21,0.20,0.00,0.29,0.00,0.00,0,0,,11,0.46,91,5,0.34,90,6,0.41,87,1,8,16,70,0.00,99,0,7,0.48,77,1,55,0.07,47,0,0.00,99,0,0.00,0,0,0.00,0,0.20,69,1,0.07,38,1,0.07,100.00,0,0.00,0,0,0,0.00,0,21,0.00,45,1.43,36,N/A,N/A,N/A,N/A,0.00,0,0.00,0,4.73,0.00,0,83.82,45.45,77,99,0.00,0.00,0,42,99,0,0,0,0.00,0.00,0,60,144.64,0.00,0.00,0,0,0.00,0.00,99,0.00,0,0,0,0.00,0.00,0,0.00,0.00,0.07,0.04,1,0,63.64,80,62,95,51,46,0.83,62,0.03,0.06,4.73,93,0.20,0.32,58,4,0.17,0.27,0.48,0.29,75,7,0.32,91,88,36,91,0,86,82,0,0.00,99,7,0.00,0.48,4.41,2.71,65,18,57,75,1.22,0.75,27.69,6,0.41,10,0,0.00,0,0.00,99,0,0.00,0.00,55,66,86,38,0,1,0,4,0,83,90,67,93,0,69,30,59,55,3,12,47,7,N/A,N/A
Rok Kopatin,56,N/A,N/A,PrvaLiga,2025/2026,Midfielder,Bravo,49,27,22,,7,2,5,1,0,1,0,0,0,0,0,0,0,0,2,2,0,0,0,1.84,0,1.84,0,4.09,49,3.67,25,7,0,0,0,-1,-1,-1,11,15000,1.38,0,49,25.47,0.79,98,15,0.58,11,32,18.68,96,0.00,0.00,0.05,1,0.00,0.00,0.00,0.00,0,0.00,0.00,0.00,0.00,0.00,0.11,0.00,0.16,1.00,1.70,0.00,0.05,0.00,0.05,0.03,0.00,0.00,0.00,0.00,0,0,,1,0.05,99,1,1.70,99,0,0.00,43,0,6,0,60,0.00,99,0,2,3.40,99,0,55,0.00,43,0,0.00,99,0,0.00,0,0,0.00,0,1.70,99,1,1.70,96,0,0.00,0.00,0,0.00,0,0,0,0.00,0,3,0.00,0,5.09,99,N/A,N/A,N/A,N/A,0.00,0,0.00,0,0.66,0.00,0,73.33,100.00,99,99,0.00,0.00,0,35,35,0,0,0,0.00,0.00,0,60,26.28,0.00,0.00,0,0,0.00,0.00,99,0.00,0,0,0,0.00,0.00,0,0.00,0.00,1.70,0.05,1,0,100.00,92,0,10,40,0,0.07,83,0.00,0.12,0.66,99,0.03,1.12,98,1,0.05,1.70,1.70,0.05,97,1,1.12,99,1,36,91,0,99,33,0,0.00,99,0,0.00,0.00,10.19,0.32,6,1,73,97,1.70,0.05,16.67,0,0.00,99,0,0.00,0,0.00,99,0,0.00,0.00,55,0,79,13,0,0,0,0,0,99,99,99,56,0,25,4,12,12,0,0,12,35,N/A,N/A
Rok Ljutić,22,1058684400,2003/07/20,PrvaLiga,2025/2026,Midfielder,Radomlje,6,0,6,Slovenia,1,0,1,0,0,0,0,0,0,0,0,0,0,0,0,0,0,0,0,0,0,0,0,0,0,0,0,6,0,0,0,-1,-1,-1,23,0,0.00,0,49,27.00,0.18,98,3,0.12,2,22,18.00,95,0.00,0.00,0.00,0,0.00,0.00,0.00,0.00,0,0.00,0.00,0.00,0.00,0.00,0.00,0.00,0.00,0.00,0.00,0.00,0.00,0.00,0.00,0.00,0.00,0.00,0.00,0.00,0,0,,0,0.00,36,0,0.00,55,0,0.00,43,0,1,0,60,0.00,99,0,0,0.00,29,0,55,0.00,43,0,0.00,99,0,0.00,0,0,0.00,0,0.00,42,0,0.00,32,0,0.00,0.00,0,0.00,0,0,0,0.00,0,0,0.00,99,0.00,0,N/A,N/A,N/A,N/A,0.00,0,0.00,0,0.00,0.00,0,66.67,0.00,55,99,0.00,0.00,0,35,35,0,0,0,0.00,0.00,0,60,0.00,0.00,0.00,0,0,0.00,0.00,99,0.00,0,0,0,0.00,0.00,0,0.00,0.00,0.00,0.00,0,0,0.00,57,0,0,40,0,0.00,16,0.00,0.00,0.00,27,0.00,0.00,26,0,0.00,0.00,0.00,0.00,26,0,0.00,26,0,36,91,0,76,33,0,0.00,99,0,0.00,0.00,0.00,0.00,0,0,19,17,0.00,0.00,0.00,0,0.00,99,0,0.00,0,0.00,99,0,0.00,0.00,55,0,38,13,0,0,0,0,0,23,40,57,56,0,22,4,12,12,0,0,12,33,0,0
Rok Maher,24,995612400,2001/07/20,PrvaLiga,2025/2026,Midfielder,Aluminij,108,13,95,Slovenia,5,1,4,0,0,0,0,0,0,0,0,1,0,1,1,0,1,0,0,0,0,0,0,0,0,0.83,108,22,0,0,0,-1,-1,-1,29,24000,1.99,0,49,9.17,0.85,64,11,0.69,9,57,7.50,65,0.00,0.00,0.00,0,0.00,0.00,0.00,0.00,0,0.00,0.00,0.00,0.00,0.00,0.08,0.00,0.08,0.00,0.83,0.08,0.00,0.00,0.00,0.00,0.00,0.15,0.00,0.00,0,0,,1,0.08,93,0,0.00,55,1,0.83,98,2,4,1,60,0.00,99,0,1,0.83,95,0,55,0.00,43,0,0.00,99,0,0.00,0,0,0.00,0,0.00,42,0,0.00,32,0,0.00,0.00,0,0.00,0,0,0,0.00,0,1,0.00,93,0.83,5,N/A,N/A,N/A,N/A,0.00,0,0.00,0,0.05,0.00,0,81.82,0.00,55,99,0.00,0.00,0,35,35,0,0,0,0.00,0.00,0,60,25.87,0.00,0.00,0,0,0.00,0.00,99,0.00,0,0,0,0.00,0.00,0,0.00,0.00,0.00,0.00,0,0,0.00,57,0,1,40,93,0.02,39,0.00,0.02,0.05,53,0.00,0.04,91,1,0.08,0.83,0.83,0.08,93,1,0.04,49,1,36,91,0,76,99,0,0.00,99,2,0.00,1.67,7.50,0.69,9,4,94,93,3.33,0.31,44.44,0,0.00,99,0,0.00,0,0.00,99,0,0.00,0.00,55,0,68,60,0,0,0,0,0,23,40,57,56,0,35,60,12,12,0,0,12,-1,N/A,N/A
Rok Vodišek,27,912844800,1998/12/05,PrvaLiga,2025/2026,Goalkeeper,Domžale,270,90,180,Slovenia,3,1,2,0,0,0,0,0,0,0,0,0,0,0,6,2,4,0,0,0,0,0,0,0,0,2,45,90,0,0,0,-1,-1,-1,17,30000,1.25,0,49,14.33,3.07,83,43,2.93,41,97,13.67,88,0.00,0.00,0.00,0,0.00,0.00,0.00,0.00,0,0.00,0.00,0.00,0.00,0.29,0.29,0.00,0.79,0.00,0.00,0.00,0.00,0.00,0.00,0.00,0.00,0.00,0.00,0.00,0,0,,0,0.00,36,0,0.00,55,0,0.00,43,0,0,3,60,0.00,99,0,4,1.33,99,0,55,0.00,43,0,0.00,99,0,0.00,0,0,0.00,0,0.00,42,0,0.00,32,0,0.00,0.00,0,0.00,0,4,60,1.33,80,11,0.00,7,3.67,99,N/A,N/A,N/A,N/A,36.36,0,0.00,0,0.00,0.00,0,95.35,0.00,55,99,0.00,0.00,0,35,35,0,0,3,0.00,0.00,0,60,17.44,0.00,0.00,0,1,0.00,0.33,0,0.07,0,0,0,0.00,0.00,0,0.00,0.00,0.00,0.00,0,0,0.00,57,0,0,40,7,0.10,47,0.01,0.03,0.00,27,0.00,0.00,84,2,0.14,0.67,0.33,0.07,58,1,0.00,26,1,36,91,0,76,33,0,0.00,99,0,0.00,0.00,1.00,0.21,3,2,37,27,0.67,0.14,66.67,0,0.00,99,0,0.00,0,0.00,99,0,0.00,0.00,55,2,21,13,0,0,0,0,0,23,40,57,56,0,44,4,12,12,0,0,12,25,N/A,N/A
Roman Pasevich,26,943776000,1999/11/28,PrvaLiga,2025/2026,Forward,Mura,164,131,33,Belarus,8,5,3,1,1,0,0,0,0,0,0,1,1,0,0,0,0,1,0,0.55,0,0.55,0.69,0,164,0,0,21,164,0,0.55,-1,-1,-1,8,0,3.25,0,49,0.00,0.00,16,0,0.00,0,16,0.00,16,0.00,0.00,0.00,0,0.00,0.00,0.00,0.00,0,0.00,0.00,0.00,0.00,0.00,0.00,0.00,0.00,0.00,0.00,0.00,0.00,0.00,0.00,0.00,0.00,0.00,0.00,0.00,0,0,,0,0.00,36,0,0.00,55,0,0.00,43,1,7,1,60,0.00,99,0,0,0.00,29,0,55,0.00,43,0,0.00,99,0,0.00,0,0,0.00,0,0.00,42,0,0.00,32,0,0.00,0.00,0,0.00,0,0,0,0.00,0,0,0.00,99,0.00,0,N/A,N/A,N/A,N/A,0.00,0,0.00,0,0.00,0.00,0,0.00,0.00,55,99,0.00,0.00,0,35,35,0,0,0,0.00,0.00,0,60,32.50,0.00,0.00,0,0,0.00,0.00,99,0.00,0,0,0,0.00,0.00,0,0.00,0.00,0.00,0.00,0,0,0.00,57,0,11,48,0,0.00,16,0.00,0.00,0.00,27,0.00,0.00,26,0,0.00,0.00,0.00,0.00,26,0,0.00,26,9,36,91,0,76,33,0,0.00,99,0,0.00,0.00,0.00,0.00,0,0,19,17,0.00,0.00,0.00,0,0.00,99,0,0.00,0,0.00,99,0,0.00,0.00,55,0,82,38,0,0,0,0,0,85,92,57,91,0,22,30,16,96,1,12,47,97,0,0
Rudi Vancaš Požeg,32,763718400,1994/03/15,PrvaLiga,2025/2026,Midfielder,Celje,372,126,246,Slovenia,10,5,5,2,1,1,2,2,0,0,0,3,1,2,1,1,0,1,0,0.97,0.48,0.48,0.71,0.37,186,0.24,372,37,372,186,0.24,23,7,-1,12,0,3.48,0.2,97,0.00,0.00,16,0,0.00,0,16,0.00,16,0.00,0.00,0.00,0,0.00,0.00,0.00,0.00,0,0.00,0.00,0.00,0.00,0.00,0.00,0.00,0.06,0.00,0.00,0.00,0.00,0.00,0.00,0.06,0.00,0.00,0.00,0.00,0,0,,0,0.00,36,0,0.00,55,0,0.00,43,3,7,3,60,0.00,99,0,0,0.00,29,0,55,0.00,43,0,0.00,99,0,0.00,0,0,0.00,0,0.00,42,0,0.00,32,0,0.00,0.00,0,0.00,0,0,0,0.00,0,1,0.00,99,0.24,1,N/A,N/A,N/A,N/A,0.00,0,0.00,0,1.02,0.00,0,0.00,0.00,55,99,0.00,0.00,0,35,35,0,0,0,0.00,0.00,0,60,59.19,0.00,0.00,0,0,0.00,0.00,99,0.00,0,0,0,0.00,0.00,0,0.00,0.00,0.00,0.00,0,0,0.00,57,2,18,51,99,1.23,98,0.07,0.30,1.02,91,0.06,0.25,26,0,0.00,0.00,0.00,0.00,26,0,0.25,86,12,36,91,0,76,33,0,0.00,99,0,0.00,0.00,0.00,0.00,0,0,19,17,0.00,0.00,0.00,0,0.00,99,0,0.00,0,0.00,99,0,0.00,0.00,55,2,82,77,0,0,0,0,0,97,90,85,92,0,22,74,49,65,1,10,36,28,0,0
Sacha Komljenovic,22,1052550000,2003/05/10,PrvaLiga,2025/2026,Midfielder,Mura,196,90,106,Netherlands,3,1,2,0,0,0,0,0,0,0,0,0,0,0,5,1,4,1,0,0,0,0,0,0,0,2.3,39,65,196,0,0.46,-1,-1,-1,18,0,6.29,0,49,0.00,0.00,16,0,0.00,0,16,0.00,16,0.00,0.00,0.00,0,0.00,0.00,0.00,0.00,0,0.00,0.00,0.00,0.00,0.00,0.00,0.00,1.67,0.00,0.00,0.00,0.00,0.00,0.00,0.00,0.00,0.00,0.00,0.00,0,0,,0,0.00,36,0,0.00,55,0,0.00,43,2,0,3,60,0.00,99,0,0,0.00,29,0,55,0.00,43,0,0.00,99,0,0.00,0,0,0.00,0,0.00,42,0,0.00,32,0,0.00,0.00,0,0.00,0,0,0,0.00,0,5,0.00,3,2.30,94,N/A,N/A,N/A,N/A,0.00,0,0.00,0,0.00,0.00,0,0.00,0.00,55,99,0.00,0.00,0,35,35,0,0,0,0.00,0.00,0,60,18.88,0.00,0.00,0,0,0.00,0.00,99,0.00,0,0,0,0.00,0.00,0,0.00,0.00,0.00,0.00,0,0,0.00,57,0,0,40,3,0.00,16,0.00,0.00,0.00,27,0.00,0.00,26,0,0.00,0.00,0.00,0.00,26,0,0.00,26,93,36,91,0,76,33,0,0.00,99,0,0.00,0.00,0.00,0.00,0,0,19,17,0.00,0.00,0.00,0,0.00,99,0,0.00,0,0.00,99,0,0.00,0.00,55,2,21,60,0,0,0,0,0,23,40,57,56,0,22,4,21,92,1,33,94,14,0,0
Samo Pridgar,23,1047283200,2003/03/10,PrvaLiga,2025/2026,Goalkeeper,Radomlje,2250,1170,1080,Slovenia,25,13,12,0,0,0,1,1,0,0,0,3,1,2,41,23,18,0,0,0.04,0.04,0,0,0,0,1.64,55,90,0,2250,0,211,102,43,29,31000,5.46,0.04,50,7.68,7.68,57,192,7.08,177,96,7.08,62,0.00,0.00,0.00,0,0.00,0.00,0.04,0.04,1,0.00,0.00,0.00,0.00,0.68,0.28,0.00,2.52,0.00,0.00,0.00,0.00,0.00,0.00,0.00,0.00,0.12,0.00,0.00,0,0,,0,0.00,36,0,0.00,55,0,0.00,43,0,0,25,62,0.00,99,0,7,0.28,59,0,55,0.00,43,0,0.00,99,0,0.00,0,0,0.00,0,0.00,42,0,0.00,32,0,0.00,0.00,0,0.00,0,17,30,0.68,40,63,0.00,33,2.52,96,N/A,N/A,N/A,N/A,26.98,0,0.00,0,0.00,0.00,0,92.19,0.00,55,99,0.00,0.00,0,35,35,0,0,7,0.00,0.00,0,60,136.56,0.12,0.12,3,1,0.00,0.04,5,0.04,0,0,0,0.00,0.00,0,0.00,0.00,0.00,0.00,0,0,0.00,57,99,99,40,34,0.96,53,0.04,0.04,0.00,27,0.00,0.00,26,0,0.00,0.00,0.04,0.04,27,1,0.00,26,59,50,91,0,76,47,0,0.00,99,3,0.00,0.12,0.24,0.24,6,5,26,23,0.20,0.20,83.33,0,0.00,99,0,0.00,0,0.00,99,0,0.00,0.00,55,99,21,13,0,0,0,0,0,23,40,57,56,0,45,19,12,12,0,0,12,1,N/A,N/A
Samo Seckar,56,N/A,N/A,PrvaLiga,2025/2026,Defender,Mura,0,0,0,Slovenia,0,0,0,0,0,0,0,0,0,0,0,0,0,0,0,0,0,0,0,0,0,0,0,0,0,0,0,0,0,0,0,-1,-1,-1,-1,N/A,N/A,N/A,N/A,N/A,N/A,N/A,N/A,N/A,N/A,N/A,N/A,N/A,N/A,N/A,N/A,N/A,N/A,N/A,N/A,N/A,N/A,N/A,N/A,N/A,N/A,N/A,N/A,N/A,N/A,N/A,N/A,N/A,N/A,N/A,N/A,N/A,N/A,N/A,N/A,N/A,N/A,N/A,N/A,N/A,N/A,N/A,N/A,N/A,N/A,N/A,N/A,N/A,N/A,N/A,N/A,N/A,N/A,N/A,N/A,N/A,N/A,N/A,N/A,N/A,N/A,N/A,N/A,N/A,N/A,N/A,N/A,N/A,N/A,N/A,N/A,N/A,N/A,N/A,N/A,N/A,N/A,N/A,N/A,N/A,N/A,N/A,N/A,N/A,N/A,N/A,N/A,N/A,N/A,N/A,N/A,N/A,N/A,N/A,N/A,N/A,N/A,N/A,N/A,N/A,N/A,N/A,N/A,N/A,N/A,N/A,N/A,N/A,N/A,N/A,N/A,N/A,N/A,N/A,N/A,N/A,N/A,N/A,N/A,N/A,N/A,N/A,N/A,N/A,N/A,N/A,N/A,N/A,N/A,N/A,N/A,N/A,N/A,N/A,N/A,N/A,N/A,N/A,N/A,N/A,N/A,N/A,N/A,N/A,N/A,N/A,N/A,N/A,N/A,N/A,N/A,N/A,N/A,N/A,N/A,N/A,N/A,N/A,N/A,N/A,N/A,N/A,N/A,N/A,N/A,N/A,N/A,N/A,N/A,N/A,N/A,N/A,N/A,N/A,N/A,N/A,N/A,N/A,N/A,N/A,N/A,N/A,N/A,N/A,N/A,N/A,N/A,N/A,N/A,N/A,N/A,N/A,N/A,N/A,N/A,N/A,N/A,N/A,N/A,N/A,N/A,N/A,N/A,N/A,N/A,N/A,N/A,N/A,N/A,N/A,N/A,N/A,N/A,N/A,N/A,N/A,N/A,N/A,N/A
Sandi Nuhanović,27,912844800,1998/12/05,PrvaLiga,2025/2026,Midfielder,Bravo,1490,682,808,Slovenia,25,12,13,5,1,4,2,1,1,0,0,5,3,2,29,12,17,1,0,0.42,0.12,0.3,0.13,0.45,298,1.75,51,60,1490,745,0.06,43,66,-1,4,48000,6.16,0.08,68,9.51,6.28,67,157,5.16,129,59,7.81,67,0.00,0.00,0.44,11,0.00,0.16,0.06,0.04,1,0.00,0.00,0.00,0.00,0.00,0.24,0.08,1.24,1.80,0.55,0.24,0.08,0.00,0.12,0.15,0.00,0.08,0.00,0.00,0,0,,9,0.36,83,3,0.18,80,6,0.36,85,1,11,14,67,0.00,99,0,6,0.36,67,4,99,0.24,64,0,0.00,99,0,0.00,0,0,0.00,0,0.67,99,2,0.12,43,2,0.12,100.00,0,0.00,0,0,0,0.00,0,31,0.00,20,1.88,77,N/A,N/A,N/A,N/A,0.00,0,0.00,0,3.74,0.00,0,82.17,33.33,70,99,0.00,0.00,0,49,99,0,0,0,0.08,0.12,2,84,153.95,0.32,0.48,8,0,0.00,0.00,99,0.00,0,0,0,0.00,0.00,0,0.00,0.00,0.06,0.04,1,0,55.56,78,69,99,59,20,1.83,81,0.07,0.11,3.74,86,0.15,0.23,54,4,0.16,0.24,0.36,0.24,62,6,0.23,83,91,82,91,0,84,47,0,0.00,99,2,0.00,0.12,2.79,1.84,46,14,45,49,0.85,0.56,30.43,0,0.00,99,0,100.00,0,0.00,99,4,0.16,0.24,85,57,95,38,0,0,0,0,0,75,81,90,67,0,80,60,98,15,1,4,16,8,N/A,N/A
Sandro Zukic,25,965199600,2000/08/02,PrvaLiga,2025/2026,Defender,Radomlje,101,6,95,Slovenia,3,1,2,0,0,0,0,0,0,0,0,1,0,1,2,0,2,0,0,0,0,0,0,0,0,1.78,51,34,0,0,0,-1,-1,-1,27,0,1.47,0,49,22.28,1.92,96,25,1.46,19,40,16.93,94,0.00,0.00,0.00,0,0.00,0.15,0.89,0.08,1,0.00,0.08,0.00,0.00,0.00,0.08,0.00,0.15,0.00,1.78,0.15,0.00,0.00,0.00,0.01,0.00,0.08,0.00,0.00,0,0,,2,0.15,99,0,0.00,55,2,1.78,99,0,2,1,99,0.00,99,0,1,0.89,96,2,90,1.78,99,0,0.00,99,0,0.00,0,0,0.00,0,0.00,42,0,0.00,32,0,0.00,0.00,0,0.00,0,0,0,0.00,0,2,0.00,18,1.78,67,N/A,N/A,N/A,N/A,0.00,0,0.00,0,0.09,0.00,0,76.00,0.00,55,99,0.00,0.00,0,35,35,0,0,0,0.00,0.00,0,60,19.05,0.23,2.67,3,0,0.00,0.00,99,0.00,0,0,0,0.00,0.00,0,0.00,0.00,0.00,0.00,0,0,0.00,57,0,0,40,20,0.05,53,0.00,0.04,0.09,61,0.01,0.08,26,0,0.00,0.00,1.78,0.15,98,2,0.08,58,1,99,91,0,76,96,0,0.00,99,1,0.00,0.89,6.24,0.54,7,2,74,87,1.78,0.15,28.57,1,0.89,2,0,50.00,0,0.00,99,1,0.08,0.89,99,0,48,13,0,0,0,0,0,23,40,57,56,0,22,80,12,12,0,0,12,7,0,0
Sheyi Ojo,28,866703600,1997/06/19,PrvaLiga,2025/2026,Midfielder,Maribor,1732,938,794,England,23,13,10,3,2,1,4,3,1,0,0,9,6,3,18,10,8,6,0,0.36,0.21,0.16,0.19,0.11,577,0.94,96,75,289,433,0.31,73,40,-1,6,145000,6.04,0.17,82,7.72,6.39,58,147,4.87,112,42,5.88,55,0.00,0.00,0.26,6,0.00,1.17,0.05,0.04,1,0.00,0.04,0.00,0.00,0.00,0.13,0.96,0.91,3.67,0.58,0.35,1.22,0.00,0.13,0.11,0.00,0.17,0.00,0.00,0,0,,11,0.48,84,3,0.16,77,8,0.42,88,2,3,20,65,0.00,99,0,3,0.16,48,27,76,1.42,98,0,0.00,99,0,0.00,0,0,0.00,0,0.32,82,28,1.47,95,22,1.16,78.57,0,0.00,0,0,0,0.00,0,21,0.00,87,1.10,16,N/A,N/A,N/A,N/A,0.00,0,0.00,0,2.53,0.00,0,76.19,27.27,65,99,0.00,0.00,0,95,64,1,0,0,0.00,0.00,0,60,138.92,0.13,0.16,3,0,0.00,0.00,99,0.00,0,1,0,0.00,0.00,0,0.00,0.00,0.00,0.00,0,0,27.27,63,83,90,77,87,2.57,85,0.11,0.13,1.83,68,0.08,0.10,79,10,0.43,0.53,0.16,0.13,40,3,0.13,71,88,55,91,0,76,61,0,0.00,99,4,0.00,0.21,4.10,3.39,78,37,81,67,1.94,1.61,47.44,1,0.05,57,0,40.74,0,0.00,99,11,0.48,0.58,98,85,59,60,0,0,0,0,0,72,67,64,71,0,99,86,39,75,6,26,83,17,N/A,N/A
Simon Rogina,24,985593600,2001/03/26,PrvaLiga,2025/2026,Midfielder,Aluminij,192,88,104,Slovenia,10,4,6,0,0,0,0,0,0,0,0,2,1,1,1,1,0,0,0,0,0,0,0,0,0,0.47,192,19,0,0,0,-1,-1,-1,25,15000,2.32,0,49,1.89,0.16,23,4,0.16,4,99,1.89,24,0.00,0.00,0.00,0,0.00,0.04,0.00,0.00,0,0.00,0.04,0.00,0.00,0.00,0.00,0.04,0.12,0.00,0.00,0.00,0.04,0.00,0.00,0.00,0.00,0.00,0.00,0.00,0,0,,0,0.00,36,0,0.00,55,0,0.00,43,4,9,1,60,0.00,99,0,0,0.00,29,1,99,0.47,77,0,0.00,99,0,0.00,0,0,0.00,0,0.00,42,1,0.47,68,1,0.47,100.00,0,0.00,0,0,0,0.00,0,3,0.00,98,1.42,35,N/A,N/A,N/A,N/A,0.00,0,0.00,0,0.00,0.00,0,100.00,0.00,55,99,0.00,0.00,0,77,99,0,0,0,0.00,0.00,0,60,58.11,0.04,0.47,1,0,0.00,0.00,99,0.00,0,0,0,0.00,0.00,0,0.00,0.00,0.00,0.00,0,0,0.00,57,0,18,40,98,0.01,16,0.00,0.00,0.00,27,0.00,0.00,26,0,0.00,0.00,0.47,0.04,74,1,0.00,26,1,81,91,0,76,33,0,0.00,99,0,0.00,0.00,3.79,0.32,8,1,30,64,0.47,0.04,12.50,1,0.47,9,0,100.00,0,0.00,99,1,0.04,0.47,96,0,90,85,0,0,0,0,0,23,40,57,56,0,25,60,12,12,0,0,12,18,N/A,N/A
Simon Sluga,32,732355200,1993/03/17,PrvaLiga,2025/2026,Goalkeeper,Celje,180,0,180,Croatia,2,0,2,0,0,0,0,0,0,0,0,0,0,0,2,0,2,1,0,0,0,0,0,0,0,1,90,90,180,0,0.5,-1,-1,-1,29,96000,1.75,0,49,7.50,2.14,56,15,1.57,11,32,5.50,54,0.00,0.00,0.00,0,0.00,0.00,0.00,0.00,0,0.00,0.00,0.00,0.00,0.14,0.29,0.00,0.43,0.00,0.00,0.00,0.00,0.00,0.00,0.00,0.00,0.00,0.00,0.00,0,0,,0,0.00,36,0,0.00,55,0,0.00,43,0,0,2,60,0.00,99,0,2,1.00,97,0,55,0.00,43,0,0.00,99,0,0.00,0,0,0.00,0,0.00,42,0,0.00,32,0,0.00,0.00,0,0.00,0,1,40,0.50,10,3,0.00,81,1.50,41,N/A,N/A,N/A,N/A,33.33,0,0.00,0,0.00,0.00,0,73.33,0.00,55,99,0.00,0.00,0,35,35,0,0,0,0.00,0.00,0,60,12.24,0.00,0.00,0,0,0.00,0.00,99,0.00,0,0,0,0.00,0.00,0,0.00,0.00,0.00,0.00,0,0,0.00,57,0,0,40,81,0.02,26,0.00,0.01,0.00,27,0.00,0.00,77,1,0.14,0.50,0.00,0.00,26,0,0.00,26,1,36,91,0,76,33,0,0.00,99,0,0.00,0.00,0.50,0.14,1,1,32,26,0.50,0.14,100.00,0,0.00,99,0,0.00,0,0.00,99,0,0.00,0.00,55,1,21,13,0,0,0,0,0,23,40,57,56,0,97,4,19,93,1,50,99,21,N/A,N/A
Som Kumar,56,N/A,N/A,PrvaLiga,2025/2026,Goalkeeper,Radomlje,0,0,0,India,0,0,0,0,0,0,0,0,0,0,0,0,0,0,0,0,0,0,0,0,0,0,0,0,0,0,0,0,0,0,0,-1,-1,-1,-1,N/A,N/A,N/A,N/A,N/A,N/A,N/A,N/A,N/A,N/A,N/A,N/A,N/A,N/A,N/A,N/A,N/A,N/A,N/A,N/A,N/A,N/A,N/A,N/A,N/A,N/A,N/A,N/A,N/A,N/A,N/A,N/A,N/A,N/A,N/A,N/A,N/A,N/A,N/A,N/A,N/A,N/A,N/A,N/A,N/A,N/A,N/A,N/A,N/A,N/A,N/A,N/A,N/A,N/A,N/A,N/A,N/A,N/A,N/A,N/A,N/A,N/A,N/A,N/A,N/A,N/A,N/A,N/A,N/A,N/A,N/A,N/A,N/A,N/A,N/A,N/A,N/A,N/A,N/A,N/A,N/A,N/A,N/A,N/A,N/A,N/A,N/A,N/A,N/A,N/A,N/A,N/A,N/A,N/A,N/A,N/A,N/A,N/A,N/A,N/A,N/A,N/A,N/A,N/A,N/A,N/A,N/A,N/A,N/A,N/A,N/A,N/A,N/A,N/A,N/A,N/A,N/A,N/A,N/A,N/A,N/A,N/A,N/A,N/A,N/A,N/A,N/A,N/A,N/A,N/A,N/A,N/A,N/A,N/A,N/A,N/A,N/A,N/A,N/A,N/A,N/A,N/A,N/A,N/A,N/A,N/A,N/A,N/A,N/A,N/A,N/A,N/A,N/A,N/A,N/A,N/A,N/A,N/A,N/A,N/A,N/A,N/A,N/A,N/A,N/A,N/A,N/A,N/A,N/A,N/A,N/A,N/A,N/A,N/A,N/A,N/A,N/A,N/A,N/A,N/A,N/A,N/A,N/A,N/A,N/A,N/A,N/A,N/A,N/A,N/A,N/A,N/A,N/A,N/A,N/A,N/A,N/A,N/A,N/A,N/A,N/A,N/A,N/A,N/A,N/A,N/A,N/A,N/A,N/A,N/A,N/A,N/A,N/A,N/A,N/A,N/A,N/A,N/A,N/A,N/A,N/A,N/A,N/A,N/A
Stanislav Krapukhin,27,891072000,1998/03/28,PrvaLiga,2025/2026,Forward,Radomlje,691,305,386,Russia,20,12,8,0,0,0,1,1,0,0,0,2,1,1,21,12,9,1,0,0.13,0.13,0,0,0,0,2.74,33,35,691,691,0.13,153,65,-1,19,35000,4.92,0.05,71,3.66,1.29,31,27,0.95,20,33,2.71,30,0.00,0.00,0.14,3,0.00,0.24,0.00,0.00,0,0.00,0.14,0.00,0.00,0.00,0.05,0.05,1.10,0.00,0.27,0.00,0.10,0.00,0.10,0.01,0.00,0.19,0.00,0.00,0,0,,2,0.10,69,2,0.27,87,0,0.00,43,2,14,6,60,0.00,99,0,1,0.14,45,5,60,0.68,86,0,0.00,99,0,0.00,0,0,0.00,0,0.41,91,2,0.27,56,1,0.14,50.00,0,0.00,0,0,0,0.00,0,23,0.00,1,3.12,99,N/A,N/A,N/A,N/A,0.00,0,0.00,0,0.29,0.00,0,74.07,100.00,99,99,0.00,0.00,0,52,44,0,0,0,0.00,0.00,0,60,103.29,0.05,0.14,1,0,0.00,0.00,99,0.00,0,0,0,0.00,0.00,0,0.00,0.00,0.14,0.05,1,0,0.00,57,25,67,40,1,0.75,78,0.04,0.10,0.29,53,0.01,0.04,72,3,0.14,0.41,0.81,0.29,92,6,0.04,49,39,52,91,0,93,86,0,0.00,99,4,0.00,0.54,5.29,1.86,39,10,67,81,1.36,0.48,25.64,3,0.41,10,0,20.00,0,0.00,99,1,0.05,0.14,73,23,99,60,0,0,0,0,0,47,40,57,56,0,49,13,80,32,1,5,19,98,N/A,N/A
Stefan Brankovski,56,N/A,N/A,PrvaLiga,2025/2026,Forward,Maribor,0,0,0,,0,0,0,0,0,0,0,0,0,0,0,0,0,0,0,0,0,0,0,0,0,0,0,0,0,0,0,0,0,0,0,-1,-1,-1,-1,N/A,N/A,N/A,N/A,N/A,N/A,N/A,N/A,N/A,N/A,N/A,N/A,N/A,N/A,N/A,N/A,N/A,N/A,N/A,N/A,N/A,N/A,N/A,N/A,N/A,N/A,N/A,N/A,N/A,N/A,N/A,N/A,N/A,N/A,N/A,N/A,N/A,N/A,N/A,N/A,N/A,N/A,N/A,N/A,N/A,N/A,N/A,N/A,N/A,N/A,N/A,N/A,N/A,N/A,N/A,N/A,N/A,N/A,N/A,N/A,N/A,N/A,N/A,N/A,N/A,N/A,N/A,N/A,N/A,N/A,N/A,N/A,N/A,N/A,N/A,N/A,N/A,N/A,N/A,N/A,N/A,N/A,N/A,N/A,N/A,N/A,N/A,N/A,N/A,N/A,N/A,N/A,N/A,N/A,N/A,N/A,N/A,N/A,N/A,N/A,N/A,N/A,N/A,N/A,N/A,N/A,N/A,N/A,N/A,N/A,N/A,N/A,N/A,N/A,N/A,N/A,N/A,N/A,N/A,N/A,N/A,N/A,N/A,N/A,N/A,N/A,N/A,N/A,N/A,N/A,N/A,N/A,N/A,N/A,N/A,N/A,N/A,N/A,N/A,N/A,N/A,N/A,N/A,N/A,N/A,N/A,N/A,N/A,N/A,N/A,N/A,N/A,N/A,N/A,N/A,N/A,N/A,N/A,N/A,N/A,N/A,N/A,N/A,N/A,N/A,N/A,N/A,N/A,N/A,N/A,N/A,N/A,N/A,N/A,N/A,N/A,N/A,N/A,N/A,N/A,N/A,N/A,N/A,N/A,N/A,N/A,N/A,N/A,N/A,N/A,N/A,N/A,N/A,N/A,N/A,N/A,N/A,N/A,N/A,N/A,N/A,N/A,N/A,N/A,N/A,N/A,N/A,N/A,N/A,N/A,N/A,N/A,N/A,N/A,N/A,N/A,N/A,N/A,N/A,N/A,N/A,N/A,N/A,N/A
Stefan Melentijević,21,1079769600,2004/03/20,PrvaLiga,2025/2026,Defender,NK Primorje,1582,818,764,Serbia,20,11,9,0,0,0,0,0,0,0,0,3,2,1,28,12,16,3,0,0,0,0,0,0,0,1.59,57,79,527,0,0.17,197,125,37,25,29000,4.18,0,49,8.07,5.68,59,142,4.96,124,79,7.05,61,0.00,0.00,0.00,0,0.00,0.00,0.00,0.00,0,0.00,0.04,0.00,0.00,0.00,0.08,0.04,1.20,0.00,0.00,0.00,0.04,0.00,0.00,0.00,0.00,0.20,0.00,0.00,0,0,,0,0.00,36,0,0.00,55,0,0.00,43,1,3,17,60,0.00,99,0,2,0.11,39,0,55,0.00,43,0,0.00,99,0,0.00,0,0,0.00,0,0.00,42,1,0.06,37,1,0.06,100.00,0,0.00,0,0,0,0.00,0,30,0.00,41,1.70,56,N/A,N/A,N/A,N/A,0.00,0,0.00,0,0.00,0.00,0,87.32,0.00,55,99,0.00,0.00,0,40,99,0,0,0,0.08,0.11,2,81,104.60,0.36,0.51,9,2,0.00,0.11,1,0.08,0,0,0,0.00,0.00,0,0.00,0.00,0.00,0.00,0,0,0.00,57,74,67,40,43,0.30,39,0.01,0.02,0.00,27,0.00,0.00,35,2,0.08,0.11,0.23,0.16,47,4,0.00,26,22,85,91,0,76,69,0,0.00,99,5,0.00,0.28,2.33,1.64,41,18,52,42,1.02,0.72,43.90,1,0.06,54,0,0.00,0,0.00,99,0,0.00,0.00,55,69,59,38,0,0,0,0,0,23,40,57,56,0,38,41,69,45,3,15,58,5,N/A,N/A
Stefanos Evangelou,27,894956400,1998/05/12,PrvaLiga,2025/2026,Defender,Aluminij,180,90,90,Greece,2,1,1,0,0,0,0,0,0,0,0,0,0,0,5,4,1,1,0,0,0,0,0,0,0,2.5,36,90,180,0,0.5,-1,-1,-1,37,0,5.87,0,49,0.00,0.00,16,0,0.00,0,16,0.00,16,0.00,0.00,0.00,0,0.00,0.00,0.00,0.00,0,0.00,0.00,0.00,0.00,0.00,0.00,0.00,3.00,0.00,0.00,0.00,0.00,0.00,0.00,0.00,0.00,0.00,0.00,0.00,0,0,,0,0.00,36,0,0.00,55,0,0.00,43,0,0,2,60,0.00,99,0,0,0.00,29,0,55,0.00,43,0,0.00,99,0,0.00,0,0,0.00,0,0.00,42,0,0.00,32,0,0.00,0.00,0,0.00,0,0,0,0.00,0,6,0.00,2,3.00,98,N/A,N/A,N/A,N/A,0.00,0,0.00,0,0.00,0.00,0,0.00,0.00,55,99,0.00,0.00,0,35,35,0,0,0,0.00,0.00,0,60,11.74,0.00,0.00,0,0,0.00,0.00,99,0.00,0,0,0,0.00,0.00,0,0.00,0.00,0.00,0.00,0,0,0.00,57,0,0,40,2,0.00,16,0.00,0.00,0.00,27,0.00,0.00,26,0,0.00,0.00,0.00,0.00,26,0,0.00,26,80,36,91,0,76,33,0,0.00,99,0,0.00,0.00,0.00,0.00,0,0,19,17,0.00,0.00,0.00,0,0.00,99,0,0.00,0,0.00,99,0,0.00,0.00,55,1,21,13,0,0,0,0,0,23,40,57,56,0,22,4,19,93,1,50,99,41,0,0
Sule Wisdom Aondowase,22,1071993600,2003/12/21,PrvaLiga,2025/2026,Forward,Aluminij,1122,534,588,Nigeria,15,7,8,4,2,2,0,0,0,0,0,2,1,1,16,7,9,7,0,0.32,0,0.32,0.34,0.31,281,1.28,70,75,160,0,0.56,39,144,-1,4,0,6.54,0,49,3.59,3.00,30,45,2.33,35,44,2.80,31,0.00,0.00,0.00,0,0.00,0.07,0.08,0.07,1,0.00,0.67,0.00,0.00,0.00,0.07,0.20,1.13,1.75,0.56,0.27,0.20,0.00,0.20,0.19,0.00,0.67,0.00,0.00,0,0,,7,0.47,83,3,0.24,86,4,0.32,84,1,1,14,72,0.00,99,0,1,0.08,34,1,55,0.08,49,0,0.00,99,0,0.00,0,0,0.00,0,0.00,42,3,0.24,55,3,0.24,100.00,0,0.00,0,0,0,0.00,0,17,0.00,65,1.36,31,N/A,N/A,N/A,N/A,0.00,0,0.00,0,2.87,0.00,0,77.78,42.86,76,99,0.00,0.00,0,60,99,0,0,0,0.07,0.08,1,72,98.06,0.07,0.08,1,0,0.00,0.00,99,0.00,0,0,0,0.00,0.00,0,0.00,0.00,0.08,0.07,1,0,57.14,78,48,35,58,65,0.08,26,0.01,0.01,2.87,86,0.19,0.23,90,10,0.67,0.80,1.04,0.87,96,13,0.23,83,97,45,91,0,87,95,0,0.00,99,10,0.00,0.80,6.39,5.33,80,21,73,88,1.68,1.40,26.25,10,0.80,3,0,0.00,0,0.00,99,0,0.00,0.00,55,57,38,38,0,0,0,0,0,69,82,80,83,0,22,30,16,96,7,47,98,-1,0,0
Svit Mlekuž,56,N/A,N/A,PrvaLiga,2025/2026,Defender,Bravo,0,0,0,,0,0,0,0,0,0,0,0,0,0,0,0,0,0,0,0,0,0,0,0,0,0,0,0,0,0,0,0,0,0,0,-1,-1,-1,-1,N/A,N/A,N/A,N/A,N/A,N/A,N/A,N/A,N/A,N/A,N/A,N/A,N/A,N/A,N/A,N/A,N/A,N/A,N/A,N/A,N/A,N/A,N/A,N/A,N/A,N/A,N/A,N/A,N/A,N/A,N/A,N/A,N/A,N/A,N/A,N/A,N/A,N/A,N/A,N/A,N/A,N/A,N/A,N/A,N/A,N/A,N/A,N/A,N/A,N/A,N/A,N/A,N/A,N/A,N/A,N/A,N/A,N/A,N/A,N/A,N/A,N/A,N/A,N/A,N/A,N/A,N/A,N/A,N/A,N/A,N/A,N/A,N/A,N/A,N/A,N/A,N/A,N/A,N/A,N/A,N/A,N/A,N/A,N/A,N/A,N/A,N/A,N/A,N/A,N/A,N/A,N/A,N/A,N/A,N/A,N/A,N/A,N/A,N/A,N/A,N/A,N/A,N/A,N/A,N/A,N/A,N/A,N/A,N/A,N/A,N/A,N/A,N/A,N/A,N/A,N/A,N/A,N/A,N/A,N/A,N/A,N/A,N/A,N/A,N/A,N/A,N/A,N/A,N/A,N/A,N/A,N/A,N/A,N/A,N/A,N/A,N/A,N/A,N/A,N/A,N/A,N/A,N/A,N/A,N/A,N/A,N/A,N/A,N/A,N/A,N/A,N/A,N/A,N/A,N/A,N/A,N/A,N/A,N/A,N/A,N/A,N/A,N/A,N/A,N/A,N/A,N/A,N/A,N/A,N/A,N/A,N/A,N/A,N/A,N/A,N/A,N/A,N/A,N/A,N/A,N/A,N/A,N/A,N/A,N/A,N/A,N/A,N/A,N/A,N/A,N/A,N/A,N/A,N/A,N/A,N/A,N/A,N/A,N/A,N/A,N/A,N/A,N/A,N/A,N/A,N/A,N/A,N/A,N/A,N/A,N/A,N/A,N/A,N/A,N/A,N/A,N/A,N/A,N/A,N/A,N/A,N/A,N/A,N/A
Svit Sešlar,24,1010563200,2002/01/09,PrvaLiga,2025/2026,Midfielder,Celje,552,180,372,Slovenia,7,2,5,4,2,2,1,0,1,0,0,1,0,1,8,2,6,1,0,0.82,0.16,0.65,1,0.48,138,1.3,69,79,552,552,0.16,11,52,-1,9,120000,5.47,0.14,76,0.00,0.00,16,0,0.00,0,16,0.00,16,0.00,0.00,0.00,0,0.00,0.00,0.00,0.00,0,0.00,0.00,0.00,0.00,0.00,0.00,0.00,1.43,0.00,0.00,0.00,0.00,0.00,0.00,0.30,0.00,0.00,0.00,0.00,0,0,,0,0.00,36,0,0.00,55,0,0.00,43,1,1,6,60,0.00,99,0,0,0.00,29,0,55,0.00,43,0,0.00,99,0,0.00,0,0,0.00,0,0.00,42,0,0.00,32,0,0.00,0.00,0,0.00,0,0,0,0.00,0,10,0.00,64,1.63,47,N/A,N/A,N/A,N/A,0.00,0,0.00,0,2.11,0.00,0,0.00,0.00,55,99,0.00,0.00,0,35,35,3,1,0,0.00,0.00,0,60,38.32,0.00,0.00,0,0,0.00,0.00,99,0.00,0,4,0,0.00,0.00,0,0.00,0.00,0.00,0.00,0,0,0.00,57,18,10,45,64,0.52,70,0.07,0.08,-0.69,1,-0.10,-0.11,26,0,0.00,0.00,0.00,0.00,26,0,0.34,92,60,36,91,0,76,33,0,0.00,99,0,0.00,0.00,0.00,0.00,0,0,19,17,0.00,0.00,0.00,0,0.00,99,0,0.00,0,0.00,99,0,0.00,0.00,55,23,38,38,0,0,0,0,0,94,95,91,96,0,98,38,73,42,1,14,56,10,N/A,N/A
Tais Šabotić,18,1188889200,2007/09/04,PrvaLiga,2025/2026,Defender,Bravo,24,0,24,Slovenia,3,1,2,0,0,0,0,0,0,0,0,0,0,0,1,0,1,0,0,0,0,0,0,0,0,3.75,24,8,0,0,0,-1,-1,-1,21,12000,0.65,0,49,36.56,1.30,99,13,0.80,8,18,22.50,98,0.00,0.00,0.00,0,0.00,0.00,0.00,0.00,0,0.00,0.00,0.00,0.00,0.00,0.10,0.00,0.10,0.00,0.00,0.00,0.00,0.00,0.00,0.00,0.00,0.00,0.00,0.00,0,0,,0,0.00,36,0,0.00,55,0,0.00,43,0,2,0,60,0.00,99,0,1,2.81,99,0,55,0.00,43,0,0.00,99,0,0.00,0,0,0.00,0,0.00,42,0,0.00,32,0,0.00,0.00,0,0.00,0,0,0,0.00,0,1,0.00,0,2.81,97,N/A,N/A,N/A,N/A,0.00,0,0.00,0,0.00,0.00,0,61.54,0.00,55,99,0.00,0.00,0,35,35,0,0,0,0.00,0.00,0,60,6.46,0.00,0.00,0,0,0.00,0.00,99,0.00,0,0,0,0.00,0.00,0,0.00,0.00,0.00,0.00,0,0,0.00,57,0,0,40,0,0.01,47,0.00,0.03,0.00,27,0.00,0.00,99,1,0.10,2.81,0.00,0.00,26,0,0.00,26,0,36,91,0,76,33,0,0.00,99,0,0.00,0.00,16.88,0.60,6,1,91,99,2.81,0.10,16.67,0,0.00,99,0,0.00,0,0.00,99,0,0.00,0.00,55,0,48,13,0,0,0,0,0,23,40,57,56,0,24,4,12,12,0,0,12,25,N/A,N/A
Tanej Handanović,56,N/A,N/A,PrvaLiga,2025/2026,Goalkeeper,Maribor,0,0,0,Slovenia,0,0,0,0,0,0,0,0,0,0,0,0,0,0,0,0,0,0,0,0,0,0,0,0,0,0,0,0,0,0,0,-1,-1,-1,-1,N/A,N/A,N/A,N/A,N/A,N/A,N/A,N/A,N/A,N/A,N/A,N/A,N/A,N/A,N/A,N/A,N/A,N/A,N/A,N/A,N/A,N/A,N/A,N/A,N/A,N/A,N/A,N/A,N/A,N/A,N/A,N/A,N/A,N/A,N/A,N/A,N/A,N/A,N/A,N/A,N/A,N/A,N/A,N/A,N/A,N/A,N/A,N/A,N/A,N/A,N/A,N/A,N/A,N/A,N/A,N/A,N/A,N/A,N/A,N/A,N/A,N/A,N/A,N/A,N/A,N/A,N/A,N/A,N/A,N/A,N/A,N/A,N/A,N/A,N/A,N/A,N/A,N/A,N/A,N/A,N/A,N/A,N/A,N/A,N/A,N/A,N/A,N/A,N/A,N/A,N/A,N/A,N/A,N/A,N/A,N/A,N/A,N/A,N/A,N/A,N/A,N/A,N/A,N/A,N/A,N/A,N/A,N/A,N/A,N/A,N/A,N/A,N/A,N/A,N/A,N/A,N/A,N/A,N/A,N/A,N/A,N/A,N/A,N/A,N/A,N/A,N/A,N/A,N/A,N/A,N/A,N/A,N/A,N/A,N/A,N/A,N/A,N/A,N/A,N/A,N/A,N/A,N/A,N/A,N/A,N/A,N/A,N/A,N/A,N/A,N/A,N/A,N/A,N/A,N/A,N/A,N/A,N/A,N/A,N/A,N/A,N/A,N/A,N/A,N/A,N/A,N/A,N/A,N/A,N/A,N/A,N/A,N/A,N/A,N/A,N/A,N/A,N/A,N/A,N/A,N/A,N/A,N/A,N/A,N/A,N/A,N/A,N/A,N/A,N/A,N/A,N/A,N/A,N/A,N/A,N/A,N/A,N/A,N/A,N/A,N/A,N/A,N/A,N/A,N/A,N/A,N/A,N/A,N/A,N/A,N/A,N/A,N/A,N/A,N/A,N/A,N/A,N/A,N/A,N/A,N/A,N/A,N/A,N/A
Thalisson Charles Alves Moreira,27,920361600,1999/03/02,PrvaLiga,2025/2026,Midfielder,Olimpija,364,128,236,Brazil,8,5,3,0,0,0,0,0,0,0,0,4,2,2,6,5,1,0,0,0,0,0,0,0,0,1.48,61,46,0,0,0,163,161,-1,22,0,3.44,0,49,25.08,7.85,98,102,6.46,84,59,20.66,98,0.00,0.00,0.08,1,0.00,0.08,0.49,0.15,2,0.00,0.08,0.00,0.00,0.00,0.31,0.31,0.54,0.00,0.25,0.08,0.46,0.00,0.00,0.00,0.00,0.15,0.00,0.00,0,0,,1,0.08,68,0,0.00,55,1,0.25,79,1,5,3,98,0.00,99,0,4,0.98,97,1,99,0.25,64,0,0.00,99,0,0.00,0,0,0.00,0,0.25,76,6,1.48,96,4,0.98,66.67,0,0.00,0,0,0,0.00,0,7,0.00,52,1.72,59,N/A,N/A,N/A,N/A,0.00,0,0.00,0,0.05,0.00,0,82.35,0.00,55,99,0.00,0.00,0,92,56,0,0,0,0.00,0.00,0,60,44.69,0.00,0.00,0,0,0.00,0.00,99,0.00,0,0,0,0.00,0.00,0,0.00,0.00,0.00,0.00,0,0,0.00,57,1,11,40,54,0.25,62,0.02,0.06,0.05,36,0.00,0.01,97,6,0.46,1.48,2.46,0.77,99,10,0.01,35,11,36,91,0,76,84,0,0.00,99,2,0.00,0.49,9.84,3.08,40,19,98,96,4.67,1.46,47.50,1,0.25,21,0,100.00,0,0.00,99,1,0.08,0.25,88,2,73,38,0,0,0,0,0,23,40,57,56,0,22,97,12,12,0,0,12,88,0,0
Tijan Vasić,56,N/A,N/A,PrvaLiga,2025/2026,Goalkeeper,Olimpija,0,0,0,,0,0,0,0,0,0,0,0,0,0,0,0,0,0,0,0,0,0,0,0,0,0,0,0,0,0,0,0,0,0,0,-1,-1,-1,-1,N/A,N/A,N/A,N/A,N/A,N/A,N/A,N/A,N/A,N/A,N/A,N/A,N/A,N/A,N/A,N/A,N/A,N/A,N/A,N/A,N/A,N/A,N/A,N/A,N/A,N/A,N/A,N/A,N/A,N/A,N/A,N/A,N/A,N/A,N/A,N/A,N/A,N/A,N/A,N/A,N/A,N/A,N/A,N/A,N/A,N/A,N/A,N/A,N/A,N/A,N/A,N/A,N/A,N/A,N/A,N/A,N/A,N/A,N/A,N/A,N/A,N/A,N/A,N/A,N/A,N/A,N/A,N/A,N/A,N/A,N/A,N/A,N/A,N/A,N/A,N/A,N/A,N/A,N/A,N/A,N/A,N/A,N/A,N/A,N/A,N/A,N/A,N/A,N/A,N/A,N/A,N/A,N/A,N/A,N/A,N/A,N/A,N/A,N/A,N/A,N/A,N/A,N/A,N/A,N/A,N/A,N/A,N/A,N/A,N/A,N/A,N/A,N/A,N/A,N/A,N/A,N/A,N/A,N/A,N/A,N/A,N/A,N/A,N/A,N/A,N/A,N/A,N/A,N/A,N/A,N/A,N/A,N/A,N/A,N/A,N/A,N/A,N/A,N/A,N/A,N/A,N/A,N/A,N/A,N/A,N/A,N/A,N/A,N/A,N/A,N/A,N/A,N/A,N/A,N/A,N/A,N/A,N/A,N/A,N/A,N/A,N/A,N/A,N/A,N/A,N/A,N/A,N/A,N/A,N/A,N/A,N/A,N/A,N/A,N/A,N/A,N/A,N/A,N/A,N/A,N/A,N/A,N/A,N/A,N/A,N/A,N/A,N/A,N/A,N/A,N/A,N/A,N/A,N/A,N/A,N/A,N/A,N/A,N/A,N/A,N/A,N/A,N/A,N/A,N/A,N/A,N/A,N/A,N/A,N/A,N/A,N/A,N/A,N/A,N/A,N/A,N/A,N/A,N/A,N/A,N/A,N/A,N/A,N/A
Tilen Golič,56,N/A,N/A,PrvaLiga,2025/2026,Goalkeeper,Maribor,0,0,0,Slovenia,0,0,0,0,0,0,0,0,0,0,0,0,0,0,0,0,0,0,0,0,0,0,0,0,0,0,0,0,0,0,0,-1,-1,-1,-1,N/A,N/A,N/A,N/A,N/A,N/A,N/A,N/A,N/A,N/A,N/A,N/A,N/A,N/A,N/A,N/A,N/A,N/A,N/A,N/A,N/A,N/A,N/A,N/A,N/A,N/A,N/A,N/A,N/A,N/A,N/A,N/A,N/A,N/A,N/A,N/A,N/A,N/A,N/A,N/A,N/A,N/A,N/A,N/A,N/A,N/A,N/A,N/A,N/A,N/A,N/A,N/A,N/A,N/A,N/A,N/A,N/A,N/A,N/A,N/A,N/A,N/A,N/A,N/A,N/A,N/A,N/A,N/A,N/A,N/A,N/A,N/A,N/A,N/A,N/A,N/A,N/A,N/A,N/A,N/A,N/A,N/A,N/A,N/A,N/A,N/A,N/A,N/A,N/A,N/A,N/A,N/A,N/A,N/A,N/A,N/A,N/A,N/A,N/A,N/A,N/A,N/A,N/A,N/A,N/A,N/A,N/A,N/A,N/A,N/A,N/A,N/A,N/A,N/A,N/A,N/A,N/A,N/A,N/A,N/A,N/A,N/A,N/A,N/A,N/A,N/A,N/A,N/A,N/A,N/A,N/A,N/A,N/A,N/A,N/A,N/A,N/A,N/A,N/A,N/A,N/A,N/A,N/A,N/A,N/A,N/A,N/A,N/A,N/A,N/A,N/A,N/A,N/A,N/A,N/A,N/A,N/A,N/A,N/A,N/A,N/A,N/A,N/A,N/A,N/A,N/A,N/A,N/A,N/A,N/A,N/A,N/A,N/A,N/A,N/A,N/A,N/A,N/A,N/A,N/A,N/A,N/A,N/A,N/A,N/A,N/A,N/A,N/A,N/A,N/A,N/A,N/A,N/A,N/A,N/A,N/A,N/A,N/A,N/A,N/A,N/A,N/A,N/A,N/A,N/A,N/A,N/A,N/A,N/A,N/A,N/A,N/A,N/A,N/A,N/A,N/A,N/A,N/A,N/A,N/A,N/A,N/A,N/A,N/A
Tilen Klemenčič,30,808988400,1995/08/21,PrvaLiga,2025/2026,Defender,NK Primorje,1774,1041,733,Slovenia,22,13,9,0,0,0,1,1,0,0,0,3,2,1,32,17,15,2,0,0.05,0.05,0,0,0,0,1.62,55,81,887,1774,0.1,191,94,40,24,31500,4.86,0.05,54,9.68,7.96,69,191,6.46,155,55,7.86,68,0.00,0.00,0.17,4,0.00,0.62,0.05,0.04,1,0.00,0.04,0.00,0.00,0.00,0.29,0.04,1.42,0.00,0.10,0.08,0.08,0.00,0.00,0.00,0.00,0.25,0.00,0.00,0,0,,2,0.08,48,0,0.00,55,2,0.10,54,3,1,21,65,0.00,99,0,7,0.35,66,15,64,0.76,91,0,0.00,99,0,0.00,0,0,0.00,0,0.20,69,2,0.10,42,1,0.05,50.00,0,0.00,0,0,0,0.00,0,34,0.00,35,1.72,59,N/A,N/A,N/A,N/A,0.00,0,0.00,0,0.11,0.00,0,81.15,0.00,55,99,0.00,0.00,0,39,44,0,0,0,0.04,0.05,1,65,116.73,0.62,0.76,15,0,0.00,0.00,99,0.00,0,0,0,0.00,0.00,0,0.00,0.00,0.05,0.04,1,0,0.00,57,84,82,40,34,1.05,55,0.04,0.05,0.11,36,0.00,0.01,76,9,0.38,0.46,0.15,0.12,38,3,0.01,35,36,91,91,0,81,70,0,0.00,99,6,0.00,0.30,2.54,2.08,50,22,56,45,1.12,0.92,44.00,1,0.05,57,0,26.67,0,0.00,99,4,0.17,0.20,79,89,38,77,0,0,0,0,0,26,40,57,56,0,45,38,90,23,2,9,32,4,N/A,N/A
Tim Štrasberger,20,1112428800,2005/04/02,PrvaLiga,2025/2026,Midfielder,Koper,0,0,0,Slovenia,0,0,0,0,0,0,0,0,0,0,0,0,0,0,0,0,0,0,0,0,0,0,0,0,0,0,0,0,0,0,0,-1,-1,-1,-1,N/A,N/A,N/A,N/A,N/A,N/A,N/A,N/A,N/A,N/A,N/A,N/A,N/A,N/A,N/A,N/A,N/A,N/A,N/A,N/A,N/A,N/A,N/A,N/A,N/A,N/A,N/A,N/A,N/A,N/A,N/A,N/A,N/A,N/A,N/A,N/A,N/A,N/A,N/A,N/A,N/A,N/A,N/A,N/A,N/A,N/A,N/A,N/A,N/A,N/A,N/A,N/A,N/A,N/A,N/A,N/A,N/A,N/A,N/A,N/A,N/A,N/A,N/A,N/A,N/A,N/A,N/A,N/A,N/A,N/A,N/A,N/A,N/A,N/A,N/A,N/A,N/A,N/A,N/A,N/A,N/A,N/A,N/A,N/A,N/A,N/A,N/A,N/A,N/A,N/A,N/A,N/A,N/A,N/A,N/A,N/A,N/A,N/A,N/A,N/A,N/A,N/A,N/A,N/A,N/A,N/A,N/A,N/A,N/A,N/A,N/A,N/A,N/A,N/A,N/A,N/A,N/A,N/A,N/A,N/A,N/A,N/A,N/A,N/A,N/A,N/A,N/A,N/A,N/A,N/A,N/A,N/A,N/A,N/A,N/A,N/A,N/A,N/A,N/A,N/A,N/A,N/A,N/A,N/A,N/A,N/A,N/A,N/A,N/A,N/A,N/A,N/A,N/A,N/A,N/A,N/A,N/A,N/A,N/A,N/A,N/A,N/A,N/A,N/A,N/A,N/A,N/A,N/A,N/A,N/A,N/A,N/A,N/A,N/A,N/A,N/A,N/A,N/A,N/A,N/A,N/A,N/A,N/A,N/A,N/A,N/A,N/A,N/A,N/A,N/A,N/A,N/A,N/A,N/A,N/A,N/A,N/A,N/A,N/A,N/A,N/A,N/A,N/A,N/A,N/A,N/A,N/A,N/A,N/A,N/A,N/A,N/A,N/A,N/A,N/A,N/A,N/A,N/A,N/A,N/A,N/A,N/A,N/A,N/A
Tine Čuk,21,1108454400,2005/02/15,PrvaLiga,2025/2026,Forward,Maribor,156,28,128,Slovenia,7,3,4,0,0,0,0,0,0,0,0,2,1,1,1,0,1,2,0,0,0,0,0,0,0,0.58,156,22,78,0,1.15,-1,-1,-1,22,0,2.16,0,49,4.86,0.53,41,8,0.40,6,37,3.65,39,0.00,0.00,0.00,0,0.00,0.00,0.00,0.00,0,0.00,0.00,0.00,0.00,0.00,0.00,0.07,0.07,0.00,0.61,0.07,0.13,0.00,0.00,0.00,0.00,0.07,0.00,0.00,0,0,,1,0.07,86,0,0.00,55,1,0.61,96,1,6,1,60,0.00,99,0,0,0.00,29,0,55,0.00,43,0,0.00,99,0,0.00,0,0,0.00,0,0.00,42,2,1.22,90,1,0.61,50.00,0,0.00,0,0,0,0.00,0,1,0.00,98,0.61,2,N/A,N/A,N/A,N/A,0.00,0,0.00,0,0.05,0.00,0,75.00,0.00,55,99,0.00,0.00,0,83,44,0,0,0,0.00,0.00,0,60,32.38,0.00,0.00,0,0,0.00,0.00,99,0.00,0,0,0,0.00,0.00,0,0.00,0.00,0.00,0.00,0,0,0.00,57,0,10,40,98,0.01,26,0.00,0.01,0.05,46,0.00,0.03,26,0,0.00,0.00,0.61,0.07,84,1,0.03,43,1,36,91,0,76,89,0,0.00,99,1,0.00,0.61,1.82,0.20,3,2,57,35,1.22,0.13,66.67,0,0.00,99,0,0.00,0,0.00,99,0,0.00,0.00,55,0,79,38,0,0,0,0,0,23,40,57,56,0,22,73,12,99,2,29,88,97,0,0
Tio Cipot,22,1050822000,2003/04/20,PrvaLiga,2025/2026,Forward,Maribor,530,353,177,Slovenia,7,5,2,1,0,1,1,1,0,0,0,5,3,2,4,4,0,2,0,0.34,0.17,0.17,0,0.51,530,0.68,133,76,265,530,0.34,70,50,-1,17,60000,5.60,0.14,78,0.00,0.00,16,0,0.00,0,16,0.00,16,0.00,0.00,0.00,0,0.00,0.00,0.00,0.00,0,0.00,0.00,0.00,0.00,0.00,0.00,0.00,0.57,0.00,0.00,0.00,0.00,0.00,0.00,0.09,0.00,0.00,0.00,0.00,0,0,,0,0.00,36,0,0.00,55,0,0.00,43,2,0,7,60,0.00,99,0,0,0.00,29,0,55,0.00,43,0,0.00,99,0,0.00,0,0,0.00,0,0.00,42,0,0.00,32,0,0.00,0.00,0,0.00,0,0,0,0.00,0,4,0.00,96,0.68,4,N/A,N/A,N/A,N/A,0.00,0,0.00,0,0.62,0.00,0,0.00,0.00,55,99,0.00,0.00,0,35,35,0,0,0,0.00,0.00,0,60,39.22,0.00,0.00,0,0,0.00,0.00,99,0.00,0,0,0,0.00,0.00,0,0.00,0.00,0.00,0.00,0,0,0.00,57,15,10,71,96,0.54,74,0.08,0.09,0.62,70,0.09,0.11,26,0,0.00,0.00,0.00,0.00,26,0,0.11,66,66,36,91,0,76,33,0,0.00,99,0,0.00,0.00,0.00,0.00,0,0,19,17,0.00,0.00,0.00,0,0.00,99,0,0.00,0,0.00,99,0,0.00,0.00,55,28,21,60,0,0,0,0,0,70,70,92,56,0,85,99,32,81,2,29,88,7,N/A,N/A
Tomas Puc,56,N/A,N/A,PrvaLiga,2025/2026,Midfielder,Radomlje,0,0,0,,0,0,0,0,0,0,0,0,0,0,0,0,0,0,0,0,0,0,0,0,0,0,0,0,0,0,0,0,0,0,0,-1,-1,-1,-1,N/A,N/A,N/A,N/A,N/A,N/A,N/A,N/A,N/A,N/A,N/A,N/A,N/A,N/A,N/A,N/A,N/A,N/A,N/A,N/A,N/A,N/A,N/A,N/A,N/A,N/A,N/A,N/A,N/A,N/A,N/A,N/A,N/A,N/A,N/A,N/A,N/A,N/A,N/A,N/A,N/A,N/A,N/A,N/A,N/A,N/A,N/A,N/A,N/A,N/A,N/A,N/A,N/A,N/A,N/A,N/A,N/A,N/A,N/A,N/A,N/A,N/A,N/A,N/A,N/A,N/A,N/A,N/A,N/A,N/A,N/A,N/A,N/A,N/A,N/A,N/A,N/A,N/A,N/A,N/A,N/A,N/A,N/A,N/A,N/A,N/A,N/A,N/A,N/A,N/A,N/A,N/A,N/A,N/A,N/A,N/A,N/A,N/A,N/A,N/A,N/A,N/A,N/A,N/A,N/A,N/A,N/A,N/A,N/A,N/A,N/A,N/A,N/A,N/A,N/A,N/A,N/A,N/A,N/A,N/A,N/A,N/A,N/A,N/A,N/A,N/A,N/A,N/A,N/A,N/A,N/A,N/A,N/A,N/A,N/A,N/A,N/A,N/A,N/A,N/A,N/A,N/A,N/A,N/A,N/A,N/A,N/A,N/A,N/A,N/A,N/A,N/A,N/A,N/A,N/A,N/A,N/A,N/A,N/A,N/A,N/A,N/A,N/A,N/A,N/A,N/A,N/A,N/A,N/A,N/A,N/A,N/A,N/A,N/A,N/A,N/A,N/A,N/A,N/A,N/A,N/A,N/A,N/A,N/A,N/A,N/A,N/A,N/A,N/A,N/A,N/A,N/A,N/A,N/A,N/A,N/A,N/A,N/A,N/A,N/A,N/A,N/A,N/A,N/A,N/A,N/A,N/A,N/A,N/A,N/A,N/A,N/A,N/A,N/A,N/A,N/A,N/A,N/A,N/A,N/A,N/A,N/A,N/A,N/A
Tomaž Brdik,20,1136102400,2006/01/01,PrvaLiga,2025/2026,Midfielder,Domžale,0,0,0,Slovenia,0,0,0,0,0,0,0,0,0,0,0,0,0,0,0,0,0,0,0,0,0,0,0,0,0,0,0,0,0,0,0,-1,-1,-1,-1,N/A,N/A,N/A,N/A,N/A,N/A,N/A,N/A,N/A,N/A,N/A,N/A,N/A,N/A,N/A,N/A,N/A,N/A,N/A,N/A,N/A,N/A,N/A,N/A,N/A,N/A,N/A,N/A,N/A,N/A,N/A,N/A,N/A,N/A,N/A,N/A,N/A,N/A,N/A,N/A,N/A,N/A,N/A,N/A,N/A,N/A,N/A,N/A,N/A,N/A,N/A,N/A,N/A,N/A,N/A,N/A,N/A,N/A,N/A,N/A,N/A,N/A,N/A,N/A,N/A,N/A,N/A,N/A,N/A,N/A,N/A,N/A,N/A,N/A,N/A,N/A,N/A,N/A,N/A,N/A,N/A,N/A,N/A,N/A,N/A,N/A,N/A,N/A,N/A,N/A,N/A,N/A,N/A,N/A,N/A,N/A,N/A,N/A,N/A,N/A,N/A,N/A,N/A,N/A,N/A,N/A,N/A,N/A,N/A,N/A,N/A,N/A,N/A,N/A,N/A,N/A,N/A,N/A,N/A,N/A,N/A,N/A,N/A,N/A,N/A,N/A,N/A,N/A,N/A,N/A,N/A,N/A,N/A,N/A,N/A,N/A,N/A,N/A,N/A,N/A,N/A,N/A,N/A,N/A,N/A,N/A,N/A,N/A,N/A,N/A,N/A,N/A,N/A,N/A,N/A,N/A,N/A,N/A,N/A,N/A,N/A,N/A,N/A,N/A,N/A,N/A,N/A,N/A,N/A,N/A,N/A,N/A,N/A,N/A,N/A,N/A,N/A,N/A,N/A,N/A,N/A,N/A,N/A,N/A,N/A,N/A,N/A,N/A,N/A,N/A,N/A,N/A,N/A,N/A,N/A,N/A,N/A,N/A,N/A,N/A,N/A,N/A,N/A,N/A,N/A,N/A,N/A,N/A,N/A,N/A,N/A,N/A,N/A,N/A,N/A,N/A,N/A,N/A,N/A,N/A,N/A,N/A,N/A,N/A
Tomi Jurić,34,680166000,1991/07/22,PrvaLiga,2025/2026,Forward,Koper,408,85,323,Australia,8,2,6,1,0,1,1,0,1,0,0,1,1,0,6,1,5,1,0,0.44,0.22,0.22,0,0.28,408,1.32,68,51,408,408,0.22,56,36,-1,13,0,3.87,0.12,85,0.22,0.10,19,1,0.10,1,99,0.22,19,0.00,0.00,0.00,0,0.00,0.10,0.00,0.00,0,0.00,0.00,0.00,0.00,0.00,0.00,0.00,0.70,0.00,0.00,0.00,0.00,0.00,0.00,0.05,0.00,0.00,0.00,0.00,0,0,,0,0.00,36,0,0.00,55,0,0.00,43,3,4,4,60,0.00,99,0,0,0.00,29,1,99,0.22,60,0,0.00,99,0,0.00,0,0,0.00,0,0.00,42,0,0.00,32,0,0.00,0.00,0,0.00,0,0,0,0.00,0,7,0.00,62,1.53,43,N/A,N/A,N/A,N/A,0.00,0,0.00,0,0.54,0.00,0,100.00,0.00,55,99,0.00,0.00,0,35,35,1,0,0,0.00,0.00,0,60,38.70,0.00,0.00,0,0,0.00,0.00,99,0.00,0,1,0,0.00,0.00,0,0.00,0.00,0.00,0.00,0,0,0.00,57,5,11,66,62,0.64,88,0.06,0.14,-0.16,1,-0.02,-0.03,26,0,0.00,0.00,0.00,0.00,26,0,0.12,68,17,36,91,0,76,33,0,0.00,99,0,0.00,0.00,0.00,0.00,0,0,19,17,0.00,0.00,0.00,0,0.00,99,0,100.00,0,0.00,99,1,0.10,0.22,81,7,68,77,0,0,0,0,0,76,75,79,56,0,22,30,54,59,1,12,47,9,0,0
Tomislav Glavan,56,N/A,N/A,PrvaLiga,2025/2026,Forward,Mura,295,88,207,Croatia,5,2,3,0,0,0,0,0,0,0,0,1,1,0,6,1,5,0,0,0,0,0,0,0,0,1.83,49,59,0,0,0,176,163,-1,34,0,3.88,0,49,12.08,8.00,76,40,5.40,27,22,8.15,70,0.00,0.00,0.40,2,0.00,0.80,0.60,0.40,2,0.00,1.00,0.00,0.00,0.00,0.20,0.80,1.20,0.00,1.21,0.60,1.20,0.00,0.20,0.06,0.00,2.40,0.00,0.00,0,0,,4,0.80,97,1,0.30,87,3,0.91,98,2,2,3,99,0.00,99,0,1,0.30,61,4,90,1.21,97,0,0.00,99,0,0.00,0,0,0.00,0,0.60,96,6,1.81,96,4,1.21,66.67,0,0.00,0,0,0,0.00,0,6,0.00,14,1.81,68,N/A,N/A,N/A,N/A,0.00,0,0.00,0,0.29,0.00,0,67.50,25.00,64,99,0.00,0.00,0,95,56,0,0,0,0.00,0.00,0,60,19.39,0.40,0.60,2,0,0.00,0.00,99,0.00,0,0,0,0.00,0.00,0,0.00,0.00,0.91,0.60,3,0,0.00,57,0,1,40,14,0.15,55,0.03,0.05,0.29,66,0.06,0.09,99,9,1.80,2.72,2.42,1.60,99,8,0.09,61,17,86,91,0,99,99,0,0.00,99,12,0.00,3.62,20.23,13.40,67,27,99,99,8.15,5.40,40.30,5,1.51,1,0,50.00,0,0.00,99,2,0.40,0.60,98,2,48,60,0,0,0,0,0,23,40,57,56,0,22,60,12,12,0,0,12,11,0,0
Tomislav Jagić,28,864889200,1997/05/29,PrvaLiga,2025/2026,Midfielder,Aluminij,1356,556,800,Croatia,17,7,10,0,0,0,2,1,1,0,0,3,1,2,22,11,11,4,0,0.13,0.13,0,0,0,0,1.46,62,80,339,678,0.27,158,61,-1,36,36000,5.59,0.12,71,11.60,10.24,75,174,8.29,141,54,9.40,74,0.00,0.00,0.06,1,0.00,0.06,0.27,0.24,4,0.00,0.12,0.00,0.00,0.00,0.47,0.29,1.29,0.00,0.07,0.00,0.41,0.00,0.06,0.01,0.00,0.29,0.00,0.00,0,0,,1,0.06,41,1,0.07,62,0,0.00,43,2,2,15,93,0.00,99,0,8,0.53,82,1,55,0.07,47,0,0.00,99,0,0.00,0,0,0.00,0,0.07,49,7,0.47,68,5,0.33,71.43,0,0.00,0,0,0,0.00,0,22,0.00,55,1.47,40,N/A,N/A,N/A,N/A,0.00,0,0.00,0,0.15,0.00,0,81.03,100.00,99,99,0.00,0.00,0,67,58,0,0,0,0.06,0.07,1,70,95.02,0.41,0.47,7,0,0.00,0.00,99,0.00,0,0,0,0.00,0.00,0,0.00,0.00,0.07,0.06,1,0,0.00,57,64,49,40,56,1.46,78,0.09,0.10,0.15,36,0.01,0.01,32,1,0.06,0.07,0.27,0.24,55,4,0.01,35,66,81,91,0,86,73,0,0.00,99,5,0.00,0.33,4.33,3.82,65,21,68,72,1.40,1.24,32.31,2,0.13,40,0,0.00,0,0.00,99,0,0.00,0.00,55,62,48,60,0,0,0,0,0,47,40,57,56,0,58,53,45,69,4,24,79,14,N/A,N/A
Toni Domgjoni,27,904892400,1998/09/04,PrvaLiga,2025/2026,Midfielder,Koper,266,251,15,Switzerland,4,3,1,0,0,0,0,0,0,0,0,1,1,0,4,3,1,0,0,0,0,0,0,0,0,1.35,67,67,0,0,0,-1,-1,-1,32,0,6.38,0,49,45.84,34.00,99,136,28.50,114,64,38.43,99,0.00,0.00,0.50,2,0.00,1.25,2.36,1.75,7,0.00,1.00,0.00,0.00,0.00,1.25,1.00,1.00,0.00,1.69,1.00,1.00,0.00,0.25,0.08,0.00,1.25,0.00,0.00,0,0,,5,1.25,99,1,0.34,90,4,1.35,99,1,1,3,99,0.00,99,0,5,1.69,99,5,75,1.69,99,0,0.00,99,0,0.00,0,0,0.00,0,0.67,99,4,1.35,93,4,1.35,100.00,0,0.00,0,0,0,0.00,0,4,0.00,61,1.35,29,N/A,N/A,N/A,N/A,0.00,0,0.00,0,0.31,0.00,0,83.82,20.00,58,99,0.00,0.00,0,96,99,0,0,0,0.50,0.67,2,99,25.51,0.75,1.01,3,0,0.00,0.00,99,0.00,0,0,0,0.00,0.00,0,0.00,0.00,0.67,0.50,2,0,0.00,57,0,0,40,61,0.37,83,0.09,0.12,0.31,68,0.08,0.10,84,2,0.50,0.67,1.01,0.75,95,3,0.10,64,96,95,91,0,99,99,0,0.00,99,5,0.00,1.69,18.20,13.50,54,17,98,99,5.73,4.25,31.48,4,1.35,2,0,40.00,0,0.00,99,2,0.50,0.67,98,2,38,38,0,0,0,0,0,23,40,57,56,0,22,71,12,12,0,0,12,8,0,0
Tony Macan,25,971247600,2000/10/11,PrvaLiga,2025/2026,Midfielder,NK Primorje,540,270,270,Croatia,6,3,3,0,0,0,0,0,0,0,0,0,0,0,12,6,6,0,0,0,0,0,0,0,0,2,45,90,0,0,0,198,126,-1,23,16000,1.22,0,49,0.00,0.00,16,0,0.00,0,16,0.00,16,0.00,0.00,0.00,0,0.00,0.00,0.00,0.00,0,0.00,0.00,0.00,0.00,0.00,0.00,0.00,0.54,0.00,0.00,0.00,0.00,0.00,0.00,0.00,0.00,0.00,0.00,0.00,0,0,,0,0.00,36,0,0.00,55,0,0.00,43,0,0,6,60,0.00,99,0,0,0.00,29,0,55,0.00,43,0,0.00,99,0,0.00,0,0,0.00,0,0.00,42,0,0.00,32,0,0.00,0.00,0,0.00,0,0,0,0.00,0,13,0.00,7,2.17,90,N/A,N/A,N/A,N/A,0.00,0,0.00,0,0.00,0.00,0,0.00,0.00,55,99,0.00,0.00,0,35,35,0,0,0,0.00,0.00,0,60,29.20,0.00,0.00,0,0,0.00,0.00,99,0.00,0,0,0,0.00,0.00,0,0.00,0.00,0.00,0.00,0,0,0.00,57,16,4,40,7,0.00,16,0.00,0.00,0.00,27,0.00,0.00,26,0,0.00,0.00,0.00,0.00,26,0,0.00,26,1,36,91,0,76,33,0,0.00,99,0,0.00,0.00,0.00,0.00,0,0,19,17,0.00,0.00,0.00,0,0.00,99,0,0.00,0,0.00,99,0,0.00,0.00,55,23,21,13,0,0,0,0,0,23,40,57,56,0,26,4,12,12,0,0,12,22,N/A,N/A
Tristan Kotar,56,N/A,N/A,PrvaLiga,2025/2026,Forward,Olimpija,0,0,0,,0,0,0,0,0,0,0,0,0,0,0,0,0,0,0,0,0,0,0,0,0,0,0,0,0,0,0,0,0,0,0,-1,-1,-1,-1,N/A,N/A,N/A,N/A,N/A,N/A,N/A,N/A,N/A,N/A,N/A,N/A,N/A,N/A,N/A,N/A,N/A,N/A,N/A,N/A,N/A,N/A,N/A,N/A,N/A,N/A,N/A,N/A,N/A,N/A,N/A,N/A,N/A,N/A,N/A,N/A,N/A,N/A,N/A,N/A,N/A,N/A,N/A,N/A,N/A,N/A,N/A,N/A,N/A,N/A,N/A,N/A,N/A,N/A,N/A,N/A,N/A,N/A,N/A,N/A,N/A,N/A,N/A,N/A,N/A,N/A,N/A,N/A,N/A,N/A,N/A,N/A,N/A,N/A,N/A,N/A,N/A,N/A,N/A,N/A,N/A,N/A,N/A,N/A,N/A,N/A,N/A,N/A,N/A,N/A,N/A,N/A,N/A,N/A,N/A,N/A,N/A,N/A,N/A,N/A,N/A,N/A,N/A,N/A,N/A,N/A,N/A,N/A,N/A,N/A,N/A,N/A,N/A,N/A,N/A,N/A,N/A,N/A,N/A,N/A,N/A,N/A,N/A,N/A,N/A,N/A,N/A,N/A,N/A,N/A,N/A,N/A,N/A,N/A,N/A,N/A,N/A,N/A,N/A,N/A,N/A,N/A,N/A,N/A,N/A,N/A,N/A,N/A,N/A,N/A,N/A,N/A,N/A,N/A,N/A,N/A,N/A,N/A,N/A,N/A,N/A,N/A,N/A,N/A,N/A,N/A,N/A,N/A,N/A,N/A,N/A,N/A,N/A,N/A,N/A,N/A,N/A,N/A,N/A,N/A,N/A,N/A,N/A,N/A,N/A,N/A,N/A,N/A,N/A,N/A,N/A,N/A,N/A,N/A,N/A,N/A,N/A,N/A,N/A,N/A,N/A,N/A,N/A,N/A,N/A,N/A,N/A,N/A,N/A,N/A,N/A,N/A,N/A,N/A,N/A,N/A,N/A,N/A,N/A,N/A,N/A,N/A,N/A,N/A
Uroš Korun,38,548924400,1987/05/25,PrvaLiga,2025/2026,Defender,Aluminij,496,226,270,Slovenia,6,3,3,1,1,0,0,0,0,0,0,1,0,1,10,7,3,3,0,0.18,0,0.18,0.4,0,496,1.81,50,83,165,0,0.54,62,140,52,14,24000,5.05,0,49,0.00,0.00,16,0,0.00,0,16,0.00,16,0.00,0.00,0.00,0,0.00,0.00,0.00,0.00,0,0.00,0.00,0.00,0.00,0.00,0.00,0.00,1.83,0.00,0.00,0.00,0.00,0.00,0.00,0.09,0.00,0.00,0.00,0.00,0,0,,0,0.00,36,0,0.00,55,0,0.00,43,1,0,6,60,0.00,99,0,0,0.00,29,0,55,0.00,43,0,0.00,99,0,0.00,0,0,0.00,0,0.00,42,0,0.00,32,0,0.00,0.00,0,0.00,0,0,0,0.00,0,11,0.00,16,2.00,81,N/A,N/A,N/A,N/A,0.00,0,0.00,0,0.56,0.00,0,0.00,0.00,55,99,0.00,0.00,0,35,35,0,0,0,0.00,0.00,0,60,30.28,0.00,0.00,0,0,0.00,0.00,99,0.00,0,0,0,0.00,0.00,0,0.00,0.00,0.00,0.00,0,0,0.00,57,12,4,69,17,0.00,16,0.00,0.00,0.56,68,0.09,0.10,26,0,0.00,0.00,0.00,0.00,26,0,0.10,64,41,36,91,0,76,33,0,0.00,99,0,0.00,0.00,0.00,0.00,0,0,19,17,0.00,0.00,0.00,0,0.00,99,0,0.00,0,0.00,99,0,0.00,0.00,55,23,21,38,0,0,0,0,0,57,72,57,85,0,35,48,17,95,3,50,99,88,N/A,N/A
Uroš Likar,26,938761200,1999/10/01,PrvaLiga,2025/2026,Goalkeeper,Bravo,2250,1080,1170,Slovenia,25,12,13,0,0,0,0,0,0,0,0,5,3,2,41,20,21,2,0,0,0,0,0,0,0,1.64,55,90,1125,0,0.08,201,198,45,27,30000,5.98,0,49,3.60,3.60,31,90,3.00,75,62,3.00,33,0.00,0.00,0.00,0,0.00,0.00,0.00,0.00,0,0.00,0.00,0.00,0.00,0.56,0.20,0.00,2.28,0.00,0.00,0.00,0.00,0.00,0.00,0.00,0.00,0.04,0.00,0.00,0,0,,0,0.00,36,0,0.00,55,0,0.00,43,0,0,25,60,0.00,99,0,5,0.20,54,0,55,0.00,43,0,0.00,99,0,0.00,0,0,0.00,0,0.00,42,0,0.00,32,0,0.00,0.00,0,0.00,0,14,20,0.56,20,57,0.00,33,2.28,93,N/A,N/A,N/A,N/A,24.56,0,0.00,0,0.00,0.00,0,83.33,0.00,55,99,0.00,0.00,0,35,35,0,0,9,0.00,0.00,0,60,149.50,0.04,0.04,1,0,0.00,0.00,99,0.00,0,0,0,0.00,0.00,0,0.00,0.00,0.00,0.00,0,0,0.00,57,99,99,40,34,0.15,26,0.01,0.01,0.00,27,0.00,0.00,26,0,0.00,0.00,0.00,0.00,26,0,0.00,26,85,38,91,0,76,34,0,0.00,99,1,0.00,0.04,0.04,0.04,1,1,19,18,0.04,0.04,100.00,0,0.00,99,0,0.00,0,0.00,99,0,0.00,0.00,55,99,21,13,0,0,0,0,0,23,40,57,56,0,44,60,95,19,2,8,28,13,N/A,N/A
Val Matija Zakrajsek,56,N/A,N/A,PrvaLiga,2025/2026,Goalkeeper,Olimpija,0,0,0,Slovenia,0,0,0,0,0,0,0,0,0,0,0,0,0,0,0,0,0,0,0,0,0,0,0,0,0,0,0,0,0,0,0,-1,-1,-1,-1,N/A,N/A,N/A,N/A,N/A,N/A,N/A,N/A,N/A,N/A,N/A,N/A,N/A,N/A,N/A,N/A,N/A,N/A,N/A,N/A,N/A,N/A,N/A,N/A,N/A,N/A,N/A,N/A,N/A,N/A,N/A,N/A,N/A,N/A,N/A,N/A,N/A,N/A,N/A,N/A,N/A,N/A,N/A,N/A,N/A,N/A,N/A,N/A,N/A,N/A,N/A,N/A,N/A,N/A,N/A,N/A,N/A,N/A,N/A,N/A,N/A,N/A,N/A,N/A,N/A,N/A,N/A,N/A,N/A,N/A,N/A,N/A,N/A,N/A,N/A,N/A,N/A,N/A,N/A,N/A,N/A,N/A,N/A,N/A,N/A,N/A,N/A,N/A,N/A,N/A,N/A,N/A,N/A,N/A,N/A,N/A,N/A,N/A,N/A,N/A,N/A,N/A,N/A,N/A,N/A,N/A,N/A,N/A,N/A,N/A,N/A,N/A,N/A,N/A,N/A,N/A,N/A,N/A,N/A,N/A,N/A,N/A,N/A,N/A,N/A,N/A,N/A,N/A,N/A,N/A,N/A,N/A,N/A,N/A,N/A,N/A,N/A,N/A,N/A,N/A,N/A,N/A,N/A,N/A,N/A,N/A,N/A,N/A,N/A,N/A,N/A,N/A,N/A,N/A,N/A,N/A,N/A,N/A,N/A,N/A,N/A,N/A,N/A,N/A,N/A,N/A,N/A,N/A,N/A,N/A,N/A,N/A,N/A,N/A,N/A,N/A,N/A,N/A,N/A,N/A,N/A,N/A,N/A,N/A,N/A,N/A,N/A,N/A,N/A,N/A,N/A,N/A,N/A,N/A,N/A,N/A,N/A,N/A,N/A,N/A,N/A,N/A,N/A,N/A,N/A,N/A,N/A,N/A,N/A,N/A,N/A,N/A,N/A,N/A,N/A,N/A,N/A,N/A,N/A,N/A,N/A,N/A,N/A,N/A
Vanja Kulenović,22,1056610800,2003/06/26,PrvaLiga,2025/2026,Midfielder,Mura,33,0,33,Croatia,3,1,2,0,0,0,0,0,0,0,0,0,0,0,1,0,1,0,0,0,0,0,0,0,0,2.73,33,11,0,0,0,-1,-1,-1,15,32000,1.85,0,49,0.00,0.00,16,0,0.00,0,16,0.00,16,0.00,0.00,0.00,0,0.00,0.00,0.00,0.00,0,0.00,0.00,0.00,0.00,0.00,0.00,0.00,0.29,0.00,0.00,0.00,0.00,0.00,0.00,0.00,0.00,0.00,0.00,0.00,0,0,,0,0.00,36,0,0.00,55,0,0.00,43,0,3,0,60,0.00,99,0,0,0.00,29,0,55,0.00,43,0,0.00,99,0,0.00,0,0,0.00,0,0.00,42,0,0.00,32,0,0.00,0.00,0,0.00,0,0,0,0.00,0,2,0.00,1,5.45,99,N/A,N/A,N/A,N/A,0.00,0,0.00,0,0.00,0.00,0,0.00,0.00,55,99,0.00,0.00,0,35,35,0,0,0,0.00,0.00,0,60,12.93,0.00,0.00,0,0,0.00,0.00,99,0.00,0,0,0,0.00,0.00,0,0.00,0.00,0.00,0.00,0,0,0.00,57,0,0,40,1,0.00,16,0.00,0.00,0.00,27,0.00,0.00,26,0,0.00,0.00,0.00,0.00,26,0,0.00,26,1,36,91,0,76,33,0,0.00,99,0,0.00,0.00,0.00,0.00,0,0,19,17,0.00,0.00,0.00,0,0.00,99,0,0.00,0,0.00,99,0,0.00,0.00,55,0,59,13,0,0,0,0,0,23,40,57,56,0,47,4,12,12,0,0,12,11,N/A,N/A
Vanja Pelko,23,1017043200,2002/03/25,PrvaLiga,2025/2026,Forward,Radomlje,203,130,73,Croatia,4,3,1,1,1,0,0,0,0,0,0,0,0,0,3,1,2,1,0,0.44,0,0.44,0.69,0,203,1.33,68,51,203,0,0.44,-1,-1,-1,5,37000,3.21,0,49,0.00,0.00,16,0,0.00,0,16,0.00,16,0.00,0.00,0.00,0,0.00,0.00,0.00,0.00,0,0.00,0.00,0.00,0.00,0.00,0.00,0.00,0.75,0.00,0.00,0.00,0.00,0.00,0.00,0.15,0.00,0.00,0.00,0.00,0,0,,0,0.00,36,0,0.00,55,0,0.00,43,1,2,2,60,0.00,99,0,0,0.00,29,0,55,0.00,43,0,0.00,99,0,0.00,0,0,0.00,0,0.00,42,0,0.00,32,0,0.00,0.00,0,0.00,0,0,0,0.00,0,3,0.00,61,1.33,29,N/A,N/A,N/A,N/A,0.00,0,0.00,0,0.61,0.00,0,0.00,0.00,55,99,0.00,0.00,0,35,35,0,0,0,0.00,0.00,0,60,12.85,0.00,0.00,0,0,0.00,0.00,99,0.00,0,0,0,0.00,0.00,0,0.00,0.00,0.00,0.00,0,0,0.00,57,0,0,52,62,0.00,16,0.00,0.00,0.61,92,0.15,0.27,26,0,0.00,0.00,0.00,0.00,26,0,0.27,87,8,36,91,0,76,33,0,0.00,99,0,0.00,0.00,0.00,0.00,0,0,19,17,0.00,0.00,0.00,0,0.00,99,0,0.00,0,0.00,99,0,0.00,0.00,55,1,48,38,0,0,0,0,0,76,89,57,91,0,58,4,22,91,1,25,81,9,N/A,N/A
Veljko Jelenkovic,22,1054796400,2003/06/05,PrvaLiga,2025/2026,Defender,Olimpija,1956,990,966,Serbia,22,11,11,0,0,0,0,0,0,0,0,9,5,4,25,15,10,7,0,0,0,0,0,0,0,1.15,78,89,279,0,0.32,186,205,16,25,42000,5.17,0,49,14.85,14.04,85,323,12.74,293,89,13.47,88,0.00,0.00,0.04,1,0.00,0.00,0.18,0.17,4,0.00,0.00,0.00,0.00,0.00,0.48,0.09,1.13,0.00,0.00,0.00,0.09,0.00,0.00,0.00,0.00,0.17,0.00,0.00,0,0,,0,0.00,36,0,0.00,55,0,0.00,43,1,0,22,88,0.00,99,0,11,0.51,80,0,55,0.00,43,0,0.00,99,0,0.00,0,0,0.00,0,0.05,45,2,0.09,40,2,0.09,100.00,0,0.00,0,0,0,0.00,0,26,0.00,75,1.20,24,N/A,N/A,N/A,N/A,0.00,0,0.00,0,0.00,0.00,0,90.71,0.00,55,99,0.00,0.00,0,45,99,0,0,0,0.17,0.18,4,92,118.89,0.70,0.74,16,0,0.00,0.00,99,0.00,0,0,0,0.00,0.00,0,0.00,0.00,0.00,0.00,0,0,0.00,57,91,82,40,74,0.59,47,0.03,0.03,0.00,27,0.00,0.00,40,3,0.13,0.14,0.18,0.17,43,4,0.00,26,47,91,91,0,76,58,0,0.00,99,4,0.00,0.18,2.39,2.26,52,14,37,43,0.64,0.61,26.92,0,0.00,99,0,0.00,0,0.00,99,0,0.00,0.00,55,92,21,38,0,0,0,0,0,23,40,57,56,0,68,91,36,78,7,32,92,4,N/A,N/A
Veljko Mijailović,25,978076800,2000/12/29,PrvaLiga,2025/2026,Defender,Koper,1862,1080,782,Serbia,22,12,10,2,1,1,1,1,0,0,0,2,2,0,30,14,16,4,0,0.15,0.05,0.1,0.08,0.12,931,1.45,62,85,466,1862,0.19,91,99,31,10,42000,5.35,0.05,54,10.78,10.14,72,223,7.64,168,38,8.12,70,0.00,0.00,0.18,4,0.00,1.59,0.05,0.05,1,0.00,0.09,0.00,0.00,0.00,0.50,0.59,1.55,2.00,0.19,0.18,0.64,0.00,0.00,0.07,0.00,0.45,0.00,0.00,0,0,,4,0.18,61,0,0.00,55,4,0.19,70,1,1,21,65,0.00,99,0,11,0.53,82,35,80,1.69,99,0,0.00,99,0,0.00,0,0,0.00,0,0.19,66,14,0.68,79,13,0.63,92.86,0,0.00,0,0,0,0.00,0,34,0.00,56,1.64,49,N/A,N/A,N/A,N/A,0.00,0,0.00,0,1.45,0.00,0,75.34,0.00,55,99,0.00,0.00,0,83,76,0,0,0,0.05,0.05,1,65,117.73,0.09,0.10,2,0,0.00,0.00,99,0.00,0,0,1,0.05,0.05,0,0.00,0.00,0.10,0.09,2,0,50.00,77,88,82,84,56,1.10,55,0.05,0.05,1.45,60,0.07,0.07,77,10,0.45,0.48,0.58,0.55,83,12,0.07,57,54,46,93,0,89,82,0,0.00,99,10,0.00,0.48,5.03,4.73,104,42,82,79,2.03,1.91,40.38,2,0.10,47,0,48.57,0,0.00,99,17,0.77,0.82,99,89,38,38,0,0,0,0,0,50,57,65,57,0,68,10,62,51,4,18,68,32,N/A,N/A
Vid Koderman,22,1050649200,2003/04/18,PrvaLiga,2025/2026,Defender,Aluminij,1823,872,951,Slovenia,24,12,12,1,0,1,2,1,1,0,0,4,2,2,35,19,16,5,0,0.15,0.1,0.05,0,0.09,1823,1.73,52,76,365,912,0.25,115,78,50,13,42000,5.67,0.08,63,5.92,4.92,48,118,3.33,80,22,4.01,42,0.00,0.00,0.29,7,0.00,0.67,0.20,0.17,4,0.00,0.25,0.00,0.00,0.00,0.21,0.33,1.50,4.00,0.20,0.12,0.58,0.00,0.04,0.04,0.00,0.29,0.00,0.00,0,0,,4,0.17,62,1,0.05,59,3,0.15,64,3,1,23,90,0.00,99,0,5,0.25,58,16,74,0.80,92,0,0.00,99,0,0.00,0,0,0.00,0,0.35,88,14,0.70,80,8,0.40,57.14,0,0.00,0,0,0,0.00,0,36,0.00,24,1.81,68,N/A,N/A,N/A,N/A,0.00,0,0.00,0,0.86,0.00,0,67.80,25.00,64,99,0.00,0.00,0,74,46,0,0,0,0.04,0.05,1,65,135.99,0.29,0.35,7,0,0.00,0.00,99,0.00,0,0,0,0.00,0.00,0,0.00,0.00,0.00,0.00,0,0,25.00,62,85,95,97,24,1.61,70,0.07,0.08,0.86,53,0.04,0.04,72,8,0.33,0.40,0.40,0.33,69,8,0.04,49,70,73,91,0,76,76,0,0.00,99,7,0.00,0.35,4.46,3.71,89,25,59,76,1.25,1.04,28.09,6,0.30,17,0,37.50,0,0.00,99,6,0.25,0.30,91,95,38,77,0,0,0,0,0,50,44,60,56,0,68,48,47,66,5,21,73,42,N/A,N/A
Vitali Lisakovich,28,886924800,1998/02/08,PrvaLiga,2025/2026,Forward,Celje,395,287,108,Belarus,9,6,3,0,0,0,2,1,1,0,0,3,3,0,4,2,2,3,0,0.46,0.46,0,0,0,0,0.91,99,44,132,198,0.68,159,9,-1,18,84000,4.13,0.22,96,0.00,0.00,16,0,0.00,0,16,0.00,16,0.00,0.00,0.00,0,0.00,0.00,0.00,0.00,0,0.00,0.00,0.00,0.00,0.00,0.00,0.00,0.27,0.00,0.00,0.00,0.00,0.00,0.00,0.00,0.00,0.00,0.00,0.00,0,0,,0,0.00,36,0,0.00,55,0,0.00,43,6,4,5,60,0.00,99,0,0,0.00,29,0,55,0.00,43,0,0.00,99,0,0.00,0,0,0.00,0,0.00,42,0,0.00,32,0,0.00,0.00,0,0.00,0,0,0,0.00,0,3,0.00,89,0.73,5,N/A,N/A,N/A,N/A,0.00,0,0.00,0,0.00,0.00,0,0.00,0.00,55,99,0.00,0.00,0,35,35,0,0,0,0.00,0.00,0,60,45.44,0.00,0.00,0,0,0.00,0.00,99,0.00,0,0,0,0.00,0.00,0,0.00,0.00,0.00,0.00,0,0,0.00,57,3,15,40,89,1.09,97,0.10,0.26,0.00,27,0.00,0.00,26,0,0.00,0.00,0.00,0.00,26,0,0.00,26,22,36,91,0,76,33,0,0.00,99,0,0.00,0.00,0.00,0.00,0,0,19,17,0.00,0.00,0.00,0,0.00,99,0,0.00,0,0.00,99,0,0.00,0.00,55,13,68,95,0,0,0,0,0,77,40,57,56,0,95,80,12,99,3,33,94,27,N/A,N/A
Žan Flis,28,870246000,1997/07/30,PrvaLiga,2025/2026,Defender,Mura,1192,527,665,Slovenia,14,6,8,0,0,0,0,0,0,0,0,3,2,1,19,6,13,7,0,0,0,0,0,0,0,1.43,63,85,170,0,0.53,128,112,29,19,34000,4.92,0,49,7.17,6.33,55,95,5.33,80,65,6.04,56,0.00,0.00,0.00,0,0.00,0.00,0.30,0.27,4,0.00,0.07,0.00,0.00,0.00,0.20,0.00,1.33,0.00,0.08,0.07,0.00,0.00,0.00,0.00,0.00,0.13,0.00,0.00,0,0,,1,0.07,44,0,0.00,55,1,0.08,51,2,0,14,94,0.00,99,0,3,0.23,57,0,55,0.00,43,0,0.00,99,0,0.00,0,0,0.00,0,0.00,42,0,0.00,32,0,0.00,0.00,0,0.00,0,0,0,0.00,0,20,0.00,58,1.51,41,N/A,N/A,N/A,N/A,0.00,0,0.00,0,0.04,0.00,0,84.21,0.00,55,99,0.00,0.00,0,35,35,0,0,0,0.00,0.00,0,60,73.81,0.13,0.15,2,1,0.00,0.08,2,0.07,0,0,0,0.00,0.00,0,0.00,0.00,0.00,0.00,0,0,0.00,57,56,30,40,58,0.18,26,0.01,0.01,0.04,27,0.00,0.00,41,2,0.13,0.15,0.38,0.33,64,5,0.00,26,39,53,91,0,76,52,0,0.00,99,2,0.00,0.15,2.11,1.87,28,12,49,38,0.91,0.80,42.86,1,0.08,51,0,0.00,0,0.00,99,0,0.00,0.00,55,57,21,60,0,0,0,0,0,23,40,57,56,0,48,62,19,94,7,50,99,4,N/A,N/A
Žan Karničnik,31,779871600,1994/09/18,PrvaLiga,2025/2026,Defender,Celje,1337,620,717,Slovenia,17,8,9,0,0,0,0,0,0,0,0,10,5,5,10,2,8,4,0,0,0,0,0,0,0,0.67,134,79,334,0,0.27,170,170,2,28,78000,5.70,0,49,23.12,17.74,97,337,15.79,300,84,20.58,97,0.00,0.00,0.26,5,0.00,0.21,0.14,0.11,2,0.00,0.11,0.00,0.00,0.00,0.42,0.37,0.53,0.00,0.14,0.11,0.42,0.00,0.00,0.00,0.00,0.05,0.00,0.00,0,0,,2,0.11,55,0,0.00,55,2,0.14,62,2,2,15,83,0.00,99,0,8,0.55,84,4,90,0.27,65,0,0.00,99,0,0.00,0,0,0.00,0,0.34,86,8,0.55,75,7,0.48,87.50,0,0.00,0,0,0,0.00,0,10,0.00,97,0.69,4,N/A,N/A,N/A,N/A,0.00,0,0.00,0,0.08,0.00,0,89.02,0.00,55,99,0.00,0.00,0,78,71,0,0,0,0.05,0.07,1,70,108.32,0.32,0.41,6,0,0.00,0.00,99,0.00,0,0,0,0.00,0.00,0,0.00,0.00,0.00,0.00,0,0,0.00,57,62,49,40,96,1.47,78,0.08,0.10,0.08,36,0.00,0.01,81,8,0.42,0.55,0.34,0.26,59,5,0.01,35,72,77,91,0,76,39,0,0.00,99,1,0.00,0.07,4.53,3.47,66,28,80,77,1.92,1.47,42.42,2,0.14,38,0,50.00,0,0.00,99,2,0.11,0.14,73,62,48,60,0,0,0,0,0,23,40,57,56,0,93,98,44,69,4,24,79,23,N/A,N/A
Žan Luk Leban,24,1009872000,2002/01/01,PrvaLiga,2025/2026,Goalkeeper,Celje,2065,988,1077,Slovenia,23,11,12,0,0,0,0,0,0,0,0,10,5,5,20,5,15,0,0,0,0,0,0,0,0,0.87,103,90,0,0,0,168,169,7,26,36000,5.42,0,49,3.23,2.96,28,71,2.46,59,61,2.69,30,0.00,0.00,0.00,0,0.00,0.00,0.00,0.00,0,0.00,0.00,0.00,0.00,0.54,0.12,0.00,1.50,0.00,0.00,0.00,0.00,0.00,0.00,0.00,0.00,0.00,0.00,0.00,0,0,,0,0.00,36,0,0.00,55,0,0.00,43,0,4,19,60,0.00,99,0,3,0.14,45,0,55,0.00,43,0,0.00,99,0,0.00,0,0,0.00,0,0.00,42,0,0.00,32,0,0.00,0.00,0,0.00,0,13,60,0.59,30,36,0.00,90,1.64,49,N/A,N/A,N/A,N/A,36.11,0,0.00,0,0.00,0.00,0,83.10,0.00,55,99,0.00,0.00,0,35,35,0,0,7,0.00,0.00,0,60,130.10,0.12,0.14,3,0,0.00,0.00,99,0.00,0,0,0,0.00,0.00,0,0.00,0.00,0.00,0.00,0,0,0.00,57,95,90,40,90,0.10,16,0.00,0.00,0.00,27,0.00,0.00,30,1,0.04,0.05,0.00,0.00,26,0,0.00,26,58,52,91,0,76,33,0,0.00,99,0,0.00,0.00,0.14,0.12,3,2,22,22,0.09,0.08,66.67,0,0.00,99,0,0.00,0,0.00,99,0,0.00,0.00,55,81,68,13,0,0,0,0,0,23,40,57,56,0,58,95,12,12,0,0,12,-1,N/A,N/A
Zan Luka Zuzek,19,1172044800,2007/02/21,PrvaLiga,2025/2026,Midfielder,Celje,0,0,0,Slovenia,0,0,0,0,0,0,0,0,0,0,0,0,0,0,0,0,0,0,0,0,0,0,0,0,0,0,0,0,0,0,0,-1,-1,-1,-1,N/A,N/A,N/A,N/A,N/A,N/A,N/A,N/A,N/A,N/A,N/A,N/A,N/A,N/A,N/A,N/A,N/A,N/A,N/A,N/A,N/A,N/A,N/A,N/A,N/A,N/A,N/A,N/A,N/A,N/A,N/A,N/A,N/A,N/A,N/A,N/A,N/A,N/A,N/A,N/A,N/A,N/A,N/A,N/A,N/A,N/A,N/A,N/A,N/A,N/A,N/A,N/A,N/A,N/A,N/A,N/A,N/A,N/A,N/A,N/A,N/A,N/A,N/A,N/A,N/A,N/A,N/A,N/A,N/A,N/A,N/A,N/A,N/A,N/A,N/A,N/A,N/A,N/A,N/A,N/A,N/A,N/A,N/A,N/A,N/A,N/A,N/A,N/A,N/A,N/A,N/A,N/A,N/A,N/A,N/A,N/A,N/A,N/A,N/A,N/A,N/A,N/A,N/A,N/A,N/A,N/A,N/A,N/A,N/A,N/A,N/A,N/A,N/A,N/A,N/A,N/A,N/A,N/A,N/A,N/A,N/A,N/A,N/A,N/A,N/A,N/A,N/A,N/A,N/A,N/A,N/A,N/A,N/A,N/A,N/A,N/A,N/A,N/A,N/A,N/A,N/A,N/A,N/A,N/A,N/A,N/A,N/A,N/A,N/A,N/A,N/A,N/A,N/A,N/A,N/A,N/A,N/A,N/A,N/A,N/A,N/A,N/A,N/A,N/A,N/A,N/A,N/A,N/A,N/A,N/A,N/A,N/A,N/A,N/A,N/A,N/A,N/A,N/A,N/A,N/A,N/A,N/A,N/A,N/A,N/A,N/A,N/A,N/A,N/A,N/A,N/A,N/A,N/A,N/A,N/A,N/A,N/A,N/A,N/A,N/A,N/A,N/A,N/A,N/A,N/A,N/A,N/A,N/A,N/A,N/A,N/A,N/A,N/A,N/A,N/A,N/A,N/A,N/A,N/A,N/A,N/A,N/A,N/A,N/A
Žan Meško,56,N/A,N/A,PrvaLiga,2025/2026,Defender,Maribor,0,0,0,Slovenia,0,0,0,0,0,0,0,0,0,0,0,0,0,0,0,0,0,0,0,0,0,0,0,0,0,0,0,0,0,0,0,-1,-1,-1,-1,N/A,N/A,N/A,N/A,N/A,N/A,N/A,N/A,N/A,N/A,N/A,N/A,N/A,N/A,N/A,N/A,N/A,N/A,N/A,N/A,N/A,N/A,N/A,N/A,N/A,N/A,N/A,N/A,N/A,N/A,N/A,N/A,N/A,N/A,N/A,N/A,N/A,N/A,N/A,N/A,N/A,N/A,N/A,N/A,N/A,N/A,N/A,N/A,N/A,N/A,N/A,N/A,N/A,N/A,N/A,N/A,N/A,N/A,N/A,N/A,N/A,N/A,N/A,N/A,N/A,N/A,N/A,N/A,N/A,N/A,N/A,N/A,N/A,N/A,N/A,N/A,N/A,N/A,N/A,N/A,N/A,N/A,N/A,N/A,N/A,N/A,N/A,N/A,N/A,N/A,N/A,N/A,N/A,N/A,N/A,N/A,N/A,N/A,N/A,N/A,N/A,N/A,N/A,N/A,N/A,N/A,N/A,N/A,N/A,N/A,N/A,N/A,N/A,N/A,N/A,N/A,N/A,N/A,N/A,N/A,N/A,N/A,N/A,N/A,N/A,N/A,N/A,N/A,N/A,N/A,N/A,N/A,N/A,N/A,N/A,N/A,N/A,N/A,N/A,N/A,N/A,N/A,N/A,N/A,N/A,N/A,N/A,N/A,N/A,N/A,N/A,N/A,N/A,N/A,N/A,N/A,N/A,N/A,N/A,N/A,N/A,N/A,N/A,N/A,N/A,N/A,N/A,N/A,N/A,N/A,N/A,N/A,N/A,N/A,N/A,N/A,N/A,N/A,N/A,N/A,N/A,N/A,N/A,N/A,N/A,N/A,N/A,N/A,N/A,N/A,N/A,N/A,N/A,N/A,N/A,N/A,N/A,N/A,N/A,N/A,N/A,N/A,N/A,N/A,N/A,N/A,N/A,N/A,N/A,N/A,N/A,N/A,N/A,N/A,N/A,N/A,N/A,N/A,N/A,N/A,N/A,N/A,N/A,N/A
Žan Petrovič,19,1172476800,2007/02/26,PrvaLiga,2025/2026,Midfielder,Mura,1611,869,742,Slovenia,21,10,11,0,0,0,1,0,1,0,0,3,2,1,27,11,16,5,0,0.06,0.06,0,0,0,0,1.51,60,77,322,1611,0.28,177,89,-1,32,24000,5.40,0.05,56,10.03,7.74,69,178,5.61,129,32,7.27,64,0.00,0.00,0.26,6,0.00,0.74,0.11,0.09,2,0.00,0.17,0.00,0.00,0.00,0.09,0.13,1.22,0.00,0.34,0.17,0.30,0.00,0.09,0.02,0.00,0.17,0.00,0.00,0,0,,6,0.26,73,2,0.11,70,4,0.23,76,2,3,18,78,0.00,99,0,2,0.11,39,17,72,0.96,93,0,0.00,99,0,0.00,0,0,0.00,0,0.34,86,7,0.39,65,3,0.17,42.86,0,0.00,0,0,0,0.00,0,28,0.00,50,1.58,45,N/A,N/A,N/A,N/A,0.00,0,0.00,0,0.48,0.00,0,72.47,33.33,70,99,0.00,0.00,0,55,38,0,0,0,0.09,0.11,2,81,124.21,0.17,0.23,4,0,0.00,0.00,99,0.00,0,0,0,0.00,0.00,0,0.00,0.00,0.00,0.00,0,0,0.00,57,76,72,40,51,1.07,62,0.05,0.06,0.48,46,0.02,0.03,78,9,0.39,0.51,0.39,0.30,67,7,0.03,43,56,62,91,0,76,65,0,0.00,99,4,0.00,0.23,4.45,3.43,79,28,71,76,1.58,1.22,35.44,4,0.23,24,0,35.29,0,0.00,99,6,0.26,0.34,93,77,59,60,0,0,0,0,0,30,40,57,56,0,35,38,43,69,5,24,79,21,N/A,N/A
Žan Žabkar,20,1112169600,2005/03/30,PrvaLiga,2025/2026,Midfielder,Koper,0,0,0,Slovenia,0,0,0,0,0,0,0,0,0,0,0,0,0,0,0,0,0,0,0,0,0,0,0,0,0,0,0,0,0,0,0,-1,-1,-1,-1,N/A,N/A,N/A,N/A,N/A,N/A,N/A,N/A,N/A,N/A,N/A,N/A,N/A,N/A,N/A,N/A,N/A,N/A,N/A,N/A,N/A,N/A,N/A,N/A,N/A,N/A,N/A,N/A,N/A,N/A,N/A,N/A,N/A,N/A,N/A,N/A,N/A,N/A,N/A,N/A,N/A,N/A,N/A,N/A,N/A,N/A,N/A,N/A,N/A,N/A,N/A,N/A,N/A,N/A,N/A,N/A,N/A,N/A,N/A,N/A,N/A,N/A,N/A,N/A,N/A,N/A,N/A,N/A,N/A,N/A,N/A,N/A,N/A,N/A,N/A,N/A,N/A,N/A,N/A,N/A,N/A,N/A,N/A,N/A,N/A,N/A,N/A,N/A,N/A,N/A,N/A,N/A,N/A,N/A,N/A,N/A,N/A,N/A,N/A,N/A,N/A,N/A,N/A,N/A,N/A,N/A,N/A,N/A,N/A,N/A,N/A,N/A,N/A,N/A,N/A,N/A,N/A,N/A,N/A,N/A,N/A,N/A,N/A,N/A,N/A,N/A,N/A,N/A,N/A,N/A,N/A,N/A,N/A,N/A,N/A,N/A,N/A,N/A,N/A,N/A,N/A,N/A,N/A,N/A,N/A,N/A,N/A,N/A,N/A,N/A,N/A,N/A,N/A,N/A,N/A,N/A,N/A,N/A,N/A,N/A,N/A,N/A,N/A,N/A,N/A,N/A,N/A,N/A,N/A,N/A,N/A,N/A,N/A,N/A,N/A,N/A,N/A,N/A,N/A,N/A,N/A,N/A,N/A,N/A,N/A,N/A,N/A,N/A,N/A,N/A,N/A,N/A,N/A,N/A,N/A,N/A,N/A,N/A,N/A,N/A,N/A,N/A,N/A,N/A,N/A,N/A,N/A,N/A,N/A,N/A,N/A,N/A,N/A,N/A,N/A,N/A,N/A,N/A,N/A,N/A,N/A,N/A,N/A,N/A
Žan Žaler,23,1030690800,2002/08/30,PrvaLiga,2025/2026,Midfielder,Radomlje,1149,598,551,Slovenia,18,9,9,0,0,0,0,0,0,0,0,2,0,2,20,11,9,8,0,0,0,0,0,0,0,1.57,57,64,144,0,0.63,148,139,-1,21,22000,4.42,0,49,4.47,2.71,38,57,2.43,51,86,4.00,41,0.00,0.00,0.00,0,0.00,0.00,0.00,0.00,0,0.00,0.00,0.00,0.00,0.00,0.00,0.00,1.10,0.00,0.00,0.00,0.00,0.00,0.00,0.00,0.00,0.05,0.00,0.00,0,0,,0,0.00,36,0,0.00,55,0,0.00,43,3,5,13,60,0.00,99,0,0,0.00,29,0,55,0.00,43,0,0.00,99,0,0.00,0,0,0.00,0,0.00,42,0,0.00,32,0,0.00,0.00,0,0.00,0,0,0,0.00,0,23,0.00,43,1.80,68,N/A,N/A,N/A,N/A,0.00,0,0.00,0,0.00,0.00,0,89.47,0.00,55,99,0.00,0.00,0,35,35,0,0,0,0.00,0.00,0,60,92.81,0.24,0.39,5,0,0.00,0.00,99,0.00,0,0,0,0.00,0.00,0,0.00,0.00,0.00,0.00,0,0,0.00,57,51,56,40,43,0.09,26,0.00,0.01,0.00,27,0.00,0.00,26,0,0.00,0.00,0.16,0.10,40,2,0.00,26,27,74,91,0,76,42,0,0.00,99,1,0.00,0.08,0.39,0.24,5,1,21,24,0.08,0.05,20.00,0,0.00,99,0,0.00,0,0.00,99,0,0.00,0.00,55,55,73,77,0,0,0,0,0,23,40,57,56,0,29,17,14,98,8,44,97,77,N/A,N/A
Žiga Pečjak,56,N/A,N/A,PrvaLiga,2025/2026,Forward,Olimpija,0,0,0,Slovenia,0,0,0,0,0,0,0,0,0,0,0,0,0,0,0,0,0,0,0,0,0,0,0,0,0,0,0,0,0,0,0,-1,-1,-1,-1,N/A,N/A,N/A,N/A,N/A,N/A,N/A,N/A,N/A,N/A,N/A,N/A,N/A,N/A,N/A,N/A,N/A,N/A,N/A,N/A,N/A,N/A,N/A,N/A,N/A,N/A,N/A,N/A,N/A,N/A,N/A,N/A,N/A,N/A,N/A,N/A,N/A,N/A,N/A,N/A,N/A,N/A,N/A,N/A,N/A,N/A,N/A,N/A,N/A,N/A,N/A,N/A,N/A,N/A,N/A,N/A,N/A,N/A,N/A,N/A,N/A,N/A,N/A,N/A,N/A,N/A,N/A,N/A,N/A,N/A,N/A,N/A,N/A,N/A,N/A,N/A,N/A,N/A,N/A,N/A,N/A,N/A,N/A,N/A,N/A,N/A,N/A,N/A,N/A,N/A,N/A,N/A,N/A,N/A,N/A,N/A,N/A,N/A,N/A,N/A,N/A,N/A,N/A,N/A,N/A,N/A,N/A,N/A,N/A,N/A,N/A,N/A,N/A,N/A,N/A,N/A,N/A,N/A,N/A,N/A,N/A,N/A,N/A,N/A,N/A,N/A,N/A,N/A,N/A,N/A,N/A,N/A,N/A,N/A,N/A,N/A,N/A,N/A,N/A,N/A,N/A,N/A,N/A,N/A,N/A,N/A,N/A,N/A,N/A,N/A,N/A,N/A,N/A,N/A,N/A,N/A,N/A,N/A,N/A,N/A,N/A,N/A,N/A,N/A,N/A,N/A,N/A,N/A,N/A,N/A,N/A,N/A,N/A,N/A,N/A,N/A,N/A,N/A,N/A,N/A,N/A,N/A,N/A,N/A,N/A,N/A,N/A,N/A,N/A,N/A,N/A,N/A,N/A,N/A,N/A,N/A,N/A,N/A,N/A,N/A,N/A,N/A,N/A,N/A,N/A,N/A,N/A,N/A,N/A,N/A,N/A,N/A,N/A,N/A,N/A,N/A,N/A,N/A,N/A,N/A,N/A,N/A,N/A,N/A
Žiga Repas,24,991119600,2001/05/29,PrvaLiga,2025/2026,Midfielder,Maribor,279,131,148,Slovenia,8,4,4,1,0,1,0,0,0,0,0,4,3,1,3,1,2,0,0,0.32,0,0.32,0,0.61,279,0.97,93,35,0,0,0,38,158,-1,16,42000,5.03,0,49,6.97,2.44,54,22,1.67,15,23,4.75,49,0.00,0.00,0.00,0,0.00,0.00,0.00,0.00,0,0.00,0.56,0.00,0.00,0.00,0.11,0.22,0.44,2.00,0.63,0.11,0.22,0.00,0.11,0.09,0.00,0.00,0.00,0.00,0,0,,2,0.22,87,1,0.32,88,1,0.32,84,2,4,4,60,0.00,99,0,1,0.32,62,0,55,0.00,43,0,0.00,99,0,0.00,0,0,0.00,0,0.00,42,2,0.63,77,2,0.63,100.00,0,0.00,0,0,0,0.00,0,4,0.00,84,1.27,26,N/A,N/A,N/A,N/A,0.00,0,0.00,0,0.77,0.00,0,68.18,50.00,85,99,0.00,0.00,0,83,99,0,0,0,0.00,0.00,0,60,45.31,0.11,0.32,1,0,0.00,0.00,99,0.00,0,0,0,0.00,0.00,0,0.00,0.00,0.00,0.00,0,0,50.00,77,0,11,58,84,0.03,26,0.00,0.01,0.77,89,0.09,0.24,64,1,0.11,0.32,0.95,0.33,95,3,0.24,85,41,69,91,0,76,33,0,0.00,99,0,0.00,0.00,7.92,2.78,25,7,85,94,2.22,0.78,28.00,5,1.58,1,0,0.00,0,0.00,99,0,0.00,0.00,55,7,68,60,0,0,0,0,0,69,82,95,56,0,68,97,12,12,0,0,12,-1,N/A,N/A
Łukasz Bejger,24,1010736000,2002/01/11,PrvaLiga,2025/2026,Defender,Celje,1421,687,734,Poland,19,10,9,0,0,0,0,0,0,0,0,7,5,2,15,3,12,2,0,0,0,0,0,0,0,0.95,95,75,711,0,0.13,169,159,9,27,48000,4.94,0,49,11.36,7.74,74,178,7.04,162,90,10.34,77,0.00,0.00,0.00,0,0.00,0.00,0.00,0.00,0,0.00,0.00,0.00,0.00,0.00,0.22,0.00,0.78,0.00,0.06,0.04,0.00,0.00,0.00,0.00,0.00,0.13,0.00,0.00,0,0,,1,0.04,40,0,0.00,55,1,0.06,48,4,2,17,60,0.00,99,0,5,0.32,62,0,55,0.00,43,0,0.00,99,0,0.00,0,0,0.00,0,0.00,42,0,0.00,32,0,0.00,0.00,0,0.00,0,0,0,0.00,0,18,0.00,86,1.15,20,N/A,N/A,N/A,N/A,0.00,0,0.00,0,0.04,0.00,0,91.01,0.00,55,99,0.00,0.00,0,35,35,0,0,0,0.13,0.19,3,93,113.57,0.17,0.26,4,0,0.00,0.00,99,0.00,0,0,0,0.00,0.00,0,0.00,0.00,0.00,0.00,0,0,0.00,57,67,62,40,86,0.38,39,0.02,0.02,0.04,27,0.00,0.00,31,1,0.04,0.06,0.26,0.17,52,4,0.00,26,40,66,91,0,76,60,0,0.00,99,3,0.00,0.19,1.34,0.91,21,9,33,31,0.57,0.39,42.86,0,0.00,99,0,0.00,0,0.00,99,0,0.00,0.00,55,69,48,85,0,0,0,0,0,23,40,57,56,0,80,82,81,32,2,11,41,-1,N/A,N/A
